ISO-10303-21;
HEADER;
FILE_DESCRIPTION (( 'STEP AP214' ),
    '1' );
FILE_NAME ('CDMC8D28NP-1R2MC.STEP',
    '2023-09-12T23:33:26',
    ( '' ),
    ( '' ),
    'SwSTEP 2.0',
    'SolidWorks 2021',
    '' );
FILE_SCHEMA (( 'AUTOMOTIVE_DESIGN' ));
ENDSEC;

DATA;
#1 = ORIENTED_EDGE ( 'NONE', *, *, #1017, .F. ) ;
#2 = VECTOR ( 'NONE', #1721, 1000.000000000000000 ) ;
#3 = ADVANCED_FACE ( 'NONE', ( #1632 ), #1497, .F. ) ;
#4 = DIRECTION ( 'NONE',  ( 1.000000000000000000, -0.000000000000000000, -0.000000000000000000 ) ) ;
#5 = VECTOR ( 'NONE', #509, 1000.000000000000000 ) ;
#6 = ORIENTED_EDGE ( 'NONE', *, *, #676, .F. ) ;
#7 = CYLINDRICAL_SURFACE ( 'NONE', #1338, 0.5000000000000000000 ) ;
#8 = EDGE_CURVE ( 'NONE', #880, #1445, #1034, .T. ) ;
#9 = AXIS2_PLACEMENT_3D ( 'NONE', #1608, #1443, #697 ) ;
#10 = ORIENTED_EDGE ( 'NONE', *, *, #94, .F. ) ;
#11 = DIRECTION ( 'NONE',  ( 0.000000000000000000, 0.000000000000000000, 1.000000000000000000 ) ) ;
#12 = DIRECTION ( 'NONE',  ( 9.874152546907017484E-30, -1.000000000000000000, 2.168404344971008868E-16 ) ) ;
#13 = FACE_OUTER_BOUND ( 'NONE', #1312, .T. ) ;
#14 = CARTESIAN_POINT ( 'NONE',  ( 4.150000000000000355, 0.5000000000000000000, 1.750000000000000000 ) ) ;
#15 = VERTEX_POINT ( 'NONE', #734 ) ;
#16 = EDGE_CURVE ( 'NONE', #1225, #1433, #1201, .T. ) ;
#17 = EDGE_LOOP ( 'NONE', ( #59, #586, #435, #1218, #245, #1541 ) ) ;
#18 = DIRECTION ( 'NONE',  ( 1.000000000000000000, -0.000000000000000000, -0.000000000000000000 ) ) ;
#19 = DIRECTION ( 'NONE',  ( -1.000000000000000000, -0.000000000000000000, -0.000000000000000000 ) ) ;
#20 = PLANE ( 'NONE',  #1393 ) ;
#21 = LINE ( 'NONE', #1499, #515 ) ;
#22 = ORIENTED_EDGE ( 'NONE', *, *, #363, .T. ) ;
#23 = ORIENTED_EDGE ( 'NONE', *, *, #789, .T. ) ;
#24 = DIRECTION ( 'NONE',  ( -1.000000000000000000, 0.000000000000000000, 0.000000000000000000 ) ) ;
#25 = EDGE_CURVE ( 'NONE', #1189, #1386, #748, .T. ) ;
#26 = DIRECTION ( 'NONE',  ( -1.000000000000000000, 6.195440985631454331E-16, 0.000000000000000000 ) ) ;
#27 = ADVANCED_FACE ( 'NONE', ( #453 ), #290, .F. ) ;
#28 = DIRECTION ( 'NONE',  ( -0.000000000000000000, -0.7071067811865500152, 0.7071067811865451302 ) ) ;
#29 = CARTESIAN_POINT ( 'NONE',  ( 4.150000000000000355, 0.6000000000000000888, 1.750000000000000000 ) ) ;
#30 = PLANE ( 'NONE',  #899 ) ;
#31 = VECTOR ( 'NONE', #1674, 1000.000000000000000 ) ;
#32 = ORIENTED_EDGE ( 'NONE', *, *, #428, .F. ) ;
#33 = CARTESIAN_POINT ( 'NONE',  ( 2.478176394252582620E-16, 1.299999999999994715, -2.818925648462299696E-16 ) ) ;
#34 = AXIS2_PLACEMENT_3D ( 'NONE', #1562, #1413, #24 ) ;
#35 = VERTEX_POINT ( 'NONE', #912 ) ;
#36 = DIRECTION ( 'NONE',  ( -6.195440985631455317E-16, -1.000000000000000000, 2.168404344971009115E-16 ) ) ;
#37 = VECTOR ( 'NONE', #1496, 1000.000000000000000 ) ;
#38 = AXIS2_PLACEMENT_3D ( 'NONE', #1950, #420, #1934 ) ;
#39 = FILL_AREA_STYLE_COLOUR ( '', #1398 ) ;
#40 = APPLICATION_CONTEXT ( 'automotive_design' ) ;
#41 = FACE_OUTER_BOUND ( 'NONE', #401, .T. ) ;
#42 = ADVANCED_FACE ( 'NONE', ( #462 ), #439, .T. ) ;
#43 = PLANE ( 'NONE',  #1178 ) ;
#44 = CYLINDRICAL_SURFACE ( 'NONE', #1808, 0.1000000000000002554 ) ;
#45 = ORIENTED_EDGE ( 'NONE', *, *, #1229, .F. ) ;
#46 = ORIENTED_EDGE ( 'NONE', *, *, #1699, .F. ) ;
#47 = CARTESIAN_POINT ( 'NONE',  ( 4.750000000000000000, 2.000000000000000000, 1.750000000000000000 ) ) ;
#48 = DIRECTION ( 'NONE',  ( 0.000000000000000000, 1.000000000000000000, 0.000000000000000000 ) ) ;
#49 = ORIENTED_EDGE ( 'NONE', *, *, #1169, .F. ) ;
#50 = CARTESIAN_POINT ( 'NONE',  ( 4.249999999999999112, 1.300000000000000266, -0.4999999999999963363 ) ) ;
#51 = DIRECTION ( 'NONE',  ( 1.000000000000000000, 0.000000000000000000, 0.000000000000000000 ) ) ;
#52 = ADVANCED_FACE ( 'NONE', ( #904 ), #445, .T. ) ;
#53 = DIRECTION ( 'NONE',  ( -9.856383386231860060E-17, 1.000000000000000000, 0.000000000000000000 ) ) ;
#54 = EDGE_LOOP ( 'NONE', ( #1043, #332, #1190, #1478 ) ) ;
#55 = ADVANCED_FACE ( 'NONE', ( #570 ), #283, .T. ) ;
#56 = ORIENTED_EDGE ( 'NONE', *, *, #1481, .T. ) ;
#57 = DIRECTION ( 'NONE',  ( 0.000000000000000000, 1.000000000000000000, 0.000000000000000000 ) ) ;
#58 = CARTESIAN_POINT ( 'NONE',  ( -3.050000000000000266, 0.5000000000000001110, -1.750000000000000000 ) ) ;
#59 = ORIENTED_EDGE ( 'NONE', *, *, #155, .T. ) ;
#60 = DIRECTION ( 'NONE',  ( 0.000000000000000000, -0.000000000000000000, -1.000000000000000000 ) ) ;
#61 = DIRECTION ( 'NONE',  ( 0.000000000000000000, -0.7071067811865451302, 0.7071067811865500152 ) ) ;
#62 = FILL_AREA_STYLE_COLOUR ( '', #803 ) ;
#63 = EDGE_LOOP ( 'NONE', ( #1801, #507, #625, #1440, #1122, #637, #518, #1906 ) ) ;
#64 = EDGE_CURVE ( 'NONE', #528, #1302, #594, .T. ) ;
#65 = AXIS2_PLACEMENT_3D ( 'NONE', #1061, #763, #1794 ) ;
#66 = VECTOR ( 'NONE', #240, 1000.000000000000000 ) ;
#67 = ORIENTED_EDGE ( 'NONE', *, *, #1699, .T. ) ;
#68 = EDGE_CURVE ( 'NONE', #321, #1386, #148, .T. ) ;
#69 = CARTESIAN_POINT ( 'NONE',  ( 4.150000000000000355, 0.4999999999999998890, -1.750000000000000000 ) ) ;
#70 = AXIS2_PLACEMENT_3D ( 'NONE', #1086, #455, #1379 ) ;
#71 = CARTESIAN_POINT ( 'NONE',  ( -4.750000000000000000, 2.000000000000000000, 1.750000000000000000 ) ) ;
#72 = VECTOR ( 'NONE', #48, 1000.000000000000000 ) ;
#73 = AXIS2_PLACEMENT_3D ( 'NONE', #615, #151, #633 ) ;
#74 = LINE ( 'NONE', #1573, #1585 ) ;
#75 =( GEOMETRIC_REPRESENTATION_CONTEXT ( 3 ) GLOBAL_UNCERTAINTY_ASSIGNED_CONTEXT ( ( #1839 ) ) GLOBAL_UNIT_ASSIGNED_CONTEXT ( ( #846, #716, #554 ) ) REPRESENTATION_CONTEXT ( 'NONE', 'WORKASPACE' ) );
#76 = PLANE ( 'NONE',  #1967 ) ;
#77 = PRESENTATION_STYLE_ASSIGNMENT (( #1428 ) ) ;
#78 = ORIENTED_EDGE ( 'NONE', *, *, #624, .F. ) ;
#79 = CARTESIAN_POINT ( 'NONE',  ( 4.250000000000000000, 1.999999999999999556, -3.749999999999997335 ) ) ;
#80 = ORIENTED_EDGE ( 'NONE', *, *, #701, .T. ) ;
#81 = ADVANCED_FACE ( 'NONE', ( #1778 ), #1349, .F. ) ;
#82 = CARTESIAN_POINT ( 'NONE',  ( 3.749999999999996891, -12.02081528017131085, -4.250000000000000000 ) ) ;
#83 = ORIENTED_EDGE ( 'NONE', *, *, #1564, .F. ) ;
#84 = CARTESIAN_POINT ( 'NONE',  ( -3.749999999999996891, 3.000000000000000000, 4.250000000000000000 ) ) ;
#85 = DIRECTION ( 'NONE',  ( 0.000000000000000000, -1.000000000000000000, 0.000000000000000000 ) ) ;
#86 = CARTESIAN_POINT ( 'NONE',  ( 3.050000000000000266, 1.084202172485504434E-16, 1.750000000000000000 ) ) ;
#87 = ORIENTED_EDGE ( 'NONE', *, *, #825, .F. ) ;
#88 =( NAMED_UNIT ( * ) PLANE_ANGLE_UNIT ( ) SI_UNIT ( $, .RADIAN. ) );
#89 = ORIENTED_EDGE ( 'NONE', *, *, #1469, .T. ) ;
#90 = DIRECTION ( 'NONE',  ( 1.000000000000000000, 0.000000000000000000, 0.000000000000000000 ) ) ;
#91 = ORIENTED_EDGE ( 'NONE', *, *, #1435, .T. ) ;
#92 = CARTESIAN_POINT ( 'NONE',  ( -4.750000000000000000, 2.000000000000000000, -3.749999999999997335 ) ) ;
#93 = LINE ( 'NONE', #1155, #479 ) ;
#94 = EDGE_CURVE ( 'NONE', #1445, #1473, #610, .T. ) ;
#95 = CARTESIAN_POINT ( 'NONE',  ( 4.250000000000000000, 0.009999999999999592548, 2.250000000000003553 ) ) ;
#96 = VERTEX_POINT ( 'NONE', #725 ) ;
#97 = CARTESIAN_POINT ( 'NONE',  ( 4.250000000000000888, 1.999999999999999556, -0.5000000000000000000 ) ) ;
#98 = ORIENTED_EDGE ( 'NONE', *, *, #889, .F. ) ;
#99 = CARTESIAN_POINT ( 'NONE',  ( -4.250000000000000888, 1.999999999999999556, -0.5000000000000000000 ) ) ;
#100 = CARTESIAN_POINT ( 'NONE',  ( 3.749999999999996891, 3.000000000000000000, -4.250000000000000000 ) ) ;
#101 = ORIENTED_EDGE ( 'NONE', *, *, #459, .T. ) ;
#102 = VECTOR ( 'NONE', #1079, 1000.000000000000000 ) ;
#103 = VECTOR ( 'NONE', #289, 1000.000000000000000 ) ;
#104 = DIRECTION ( 'NONE',  ( 1.000000000000000000, 9.856383386231860060E-17, -0.000000000000000000 ) ) ;
#105 = CARTESIAN_POINT ( 'NONE',  ( -4.750000000000000000, 2.000000000000000000, -0.5000000000000000000 ) ) ;
#106 = VECTOR ( 'NONE', #257, 1000.000000000000000 ) ;
#107 = PLANE ( 'NONE',  #835 ) ;
#108 = EDGE_CURVE ( 'NONE', #1325, #1592, #1322, .T. ) ;
#109 = VECTOR ( 'NONE', #1722, 1000.000000000000000 ) ;
#110 = ORIENTED_EDGE ( 'NONE', *, *, #932, .F. ) ;
#111 = FILL_AREA_STYLE ('',( #1946 ) ) ;
#112 = ORIENTED_EDGE ( 'NONE', *, *, #690, .F. ) ;
#113 = LINE ( 'NONE', #545, #273 ) ;
#114 = DIRECTION ( 'NONE',  ( 0.000000000000000000, -1.000000000000000000, 0.000000000000000000 ) ) ;
#115 = ORIENTED_EDGE ( 'NONE', *, *, #1953, .T. ) ;
#116 = LINE ( 'NONE', #1920, #206 ) ;
#117 = CARTESIAN_POINT ( 'NONE',  ( 4.250000000000000000, 1.999999999999999556, -3.749999999999997335 ) ) ;
#118 = DIRECTION ( 'NONE',  ( 9.856383386231860060E-17, 1.000000000000000000, 0.000000000000000000 ) ) ;
#119 = DIRECTION ( 'NONE',  ( 0.000000000000000000, -0.000000000000000000, -1.000000000000000000 ) ) ;
#120 = EDGE_CURVE ( 'NONE', #926, #1360, #1675, .T. ) ;
#121 = ORIENTED_EDGE ( 'NONE', *, *, #1503, .T. ) ;
#122 = DIRECTION ( 'NONE',  ( -1.000000000000000000, -0.000000000000000000, -0.000000000000000000 ) ) ;
#123 = EDGE_CURVE ( 'NONE', #1956, #440, #641, .T. ) ;
#124 = VERTEX_POINT ( 'NONE', #327 ) ;
#125 = DIRECTION ( 'NONE',  ( 0.000000000000000000, -0.000000000000000000, -1.000000000000000000 ) ) ;
#126 = LINE ( 'NONE', #117, #706 ) ;
#127 = DIRECTION ( 'NONE',  ( -0.000000000000000000, 1.000000000000000000, -0.000000000000000000 ) ) ;
#128 = ORIENTED_EDGE ( 'NONE', *, *, #1854, .F. ) ;
#129 = DIRECTION ( 'NONE',  ( 0.000000000000000000, 1.000000000000000000, 0.000000000000000000 ) ) ;
#130 = ORIENTED_EDGE ( 'NONE', *, *, #411, .F. ) ;
#131 = CARTESIAN_POINT ( 'NONE',  ( 0.000000000000000000, 0.5000000000000000000, 0.000000000000000000 ) ) ;
#132 = EDGE_CURVE ( 'NONE', #1917, #35, #1838, .T. ) ;
#133 = ORIENTED_EDGE ( 'NONE', *, *, #717, .T. ) ;
#134 = LINE ( 'NONE', #619, #171 ) ;
#135 = AXIS2_PLACEMENT_3D ( 'NONE', #228, #987, #1603 ) ;
#136 = AXIS2_PLACEMENT_3D ( 'NONE', #989, #1586, #1281 ) ;
#137 = LINE ( 'NONE', #1194, #548 ) ;
#138 = VECTOR ( 'NONE', #308, 1000.000000000000000 ) ;
#139 = ORIENTED_EDGE ( 'NONE', *, *, #1455, .F. ) ;
#140 = AXIS2_PLACEMENT_3D ( 'NONE', #33, #1283, #341 ) ;
#141 = ORIENTED_EDGE ( 'NONE', *, *, #1003, .F. ) ;
#142 = AXIS2_PLACEMENT_3D ( 'NONE', #726, #1291, #1323 ) ;
#143 = CARTESIAN_POINT ( 'NONE',  ( -4.250000000000000000, -3.005407640085612897, -5.265407640085638441 ) ) ;
#144 = DIRECTION ( 'NONE',  ( -6.195440985631456303E-16, 1.000000000000000000, -2.168404344971009361E-16 ) ) ;
#145 = EDGE_LOOP ( 'NONE', ( #1763, #839, #1021, #1872, #558, #549, #577, #121 ) ) ;
#146 = EDGE_CURVE ( 'NONE', #496, #1791, #670, .T. ) ;
#147 = DIRECTION ( 'NONE',  ( 1.000000000000000000, -9.856383386231860060E-17, -0.000000000000000000 ) ) ;
#148 = LINE ( 'NONE', #1655, #478 ) ;
#149 = DIRECTION ( 'NONE',  ( 0.000000000000000000, 0.000000000000000000, 1.000000000000000000 ) ) ;
#150 = ORIENTED_EDGE ( 'NONE', *, *, #593, .T. ) ;
#151 = DIRECTION ( 'NONE',  ( 0.000000000000000000, 1.000000000000000000, -0.000000000000000000 ) ) ;
#152 = ORIENTED_EDGE ( 'NONE', *, *, #1288, .T. ) ;
#153 = EDGE_CURVE ( 'NONE', #527, #1162, #1665, .T. ) ;
#154 = DIRECTION ( 'NONE',  ( 0.000000000000000000, -0.000000000000000000, -1.000000000000000000 ) ) ;
#155 = EDGE_CURVE ( 'NONE', #303, #1963, #179, .T. ) ;
#156 = DIRECTION ( 'NONE',  ( -1.000000000000000000, -6.195440985631455317E-16, 0.000000000000000000 ) ) ;
#157 = UNCERTAINTY_MEASURE_WITH_UNIT (LENGTH_MEASURE( 1.000000000000000082E-05 ), #1400, 'distance_accuracy_value', 'NONE');
#158 = DIRECTION ( 'NONE',  ( 1.000000000000000000, 6.195440985631456303E-16, -1.343422115225471938E-31 ) ) ;
#159 = VERTEX_POINT ( 'NONE', #1837 ) ;
#160 = CARTESIAN_POINT ( 'NONE',  ( 4.750000000000000000, 2.000000000000000000, -0.5000000000000000000 ) ) ;
#161 = CARTESIAN_POINT ( 'NONE',  ( -4.150000000000000355, 0.6000000000000000888, -1.750000000000000000 ) ) ;
#162 = ORIENTED_EDGE ( 'NONE', *, *, #16, .F. ) ;
#163 = LINE ( 'NONE', #782, #769 ) ;
#164 = CLOSED_SHELL ( 'NONE', ( #1626, #219, #1552, #521, #921, #897, #1243, #27, #1184, #270, #195, #446, #1851, #1938, #840, #81, #651, #1432 ) ) ;
#165 = AXIS2_PLACEMENT_3D ( 'NONE', #1708, #1421, #1392 ) ;
#166 = DIRECTION ( 'NONE',  ( 0.000000000000000000, 0.000000000000000000, 1.000000000000000000 ) ) ;
#167 = PRESENTATION_STYLE_ASSIGNMENT (( #502 ) ) ;
#168 = AXIS2_PLACEMENT_3D ( 'NONE', #1537, #158, #934 ) ;
#169 = ADVANCED_FACE ( 'NONE', ( #338 ), #43, .T. ) ;
#170 = DIRECTION ( 'NONE',  ( -0.000000000000000000, -1.000000000000000000, -0.000000000000000000 ) ) ;
#171 = VECTOR ( 'NONE', #1220, 1000.000000000000000 ) ;
#172 = ORIENTED_EDGE ( 'NONE', *, *, #1889, .T. ) ;
#173 = DIRECTION ( 'NONE',  ( 0.000000000000000000, 0.7071067811865451302, 0.7071067811865500152 ) ) ;
#174 = VECTOR ( 'NONE', #962, 1000.000000000000000 ) ;
#175 = ORIENTED_EDGE ( 'NONE', *, *, #306, .T. ) ;
#176 = CARTESIAN_POINT ( 'NONE',  ( -4.750000000000000000, 1.700000000000000178, -0.5000000000000000000 ) ) ;
#177 = DIRECTION ( 'NONE',  ( 2.686844230450943000E-31, 4.336808689942017243E-16, -1.000000000000000000 ) ) ;
#178 = LINE ( 'NONE', #629, #1149 ) ;
#179 = LINE ( 'NONE', #317, #31 ) ;
#180 = CARTESIAN_POINT ( 'NONE',  ( -4.250000000000000888, 1.299999999999994715, -0.4999999999999997780 ) ) ;
#181 = VERTEX_POINT ( 'NONE', #957 ) ;
#182 = EDGE_CURVE ( 'NONE', #1391, #388, #784, .T. ) ;
#183 = ORIENTED_EDGE ( 'NONE', *, *, #1786, .T. ) ;
#184 = EDGE_CURVE ( 'NONE', #1430, #1183, #1377, .T. ) ;
#185 = FACE_OUTER_BOUND ( 'NONE', #276, .T. ) ;
#186 =( NAMED_UNIT ( * ) PLANE_ANGLE_UNIT ( ) SI_UNIT ( $, .RADIAN. ) );
#187 = CARTESIAN_POINT ( 'NONE',  ( 4.249999999999999112, 1.300000000000000266, 0.5000000000000036637 ) ) ;
#188 = CARTESIAN_POINT ( 'NONE',  ( -2.799999999999999822, 0.2600000000000020073, -2.000000000000000000 ) ) ;
#189 = CARTESIAN_POINT ( 'NONE',  ( 3.750000000000000444, 0.009999999999999592548, -3.750000000000000444 ) ) ;
#190 = VERTEX_POINT ( 'NONE', #1558 ) ;
#191 = PLANE ( 'NONE',  #1619 ) ;
#192 = EDGE_CURVE ( 'NONE', #924, #1607, #212, .T. ) ;
#193 = ORIENTED_EDGE ( 'NONE', *, *, #944, .F. ) ;
#194 = FACE_OUTER_BOUND ( 'NONE', #1282, .T. ) ;
#195 = ADVANCED_FACE ( 'NONE', ( #1094 ), #20, .T. ) ;
#196 = LINE ( 'NONE', #809, #72 ) ;
#197 = ORIENTED_EDGE ( 'NONE', *, *, #64, .F. ) ;
#198 = LINE ( 'NONE', #492, #1615 ) ;
#199 = SURFACE_STYLE_FILL_AREA ( #229 ) ;
#200 = AXIS2_PLACEMENT_3D ( 'NONE', #271, #1174, #1164 ) ;
#201 = VERTEX_POINT ( 'NONE', #774 ) ;
#202 = MANIFOLD_SOLID_BREP ( 'Cut-Extrude4[2]', #164 ) ;
#203 = AXIS2_PLACEMENT_3D ( 'NONE', #1232, #1797, #1214 ) ;
#204 = ORIENTED_EDGE ( 'NONE', *, *, #1736, .F. ) ;
#205 = CYLINDRICAL_SURFACE ( 'NONE', #165, 0.6000000000000007550 ) ;
#206 = VECTOR ( 'NONE', #1744, 1000.000000000000000 ) ;
#207 = VECTOR ( 'NONE', #1077, 1000.000000000000000 ) ;
#208 =( LENGTH_UNIT ( ) NAMED_UNIT ( * ) SI_UNIT ( .MILLI., .METRE. ) );
#209 = EDGE_CURVE ( 'NONE', #534, #1590, #1407, .T. ) ;
#210 = VECTOR ( 'NONE', #400, 1000.000000000000000 ) ;
#211 = PLANE ( 'NONE',  #1241 ) ;
#212 = LINE ( 'NONE', #812, #1143 ) ;
#213 = DIRECTION ( 'NONE',  ( 0.000000000000000000, 0.7071067811865451302, -0.7071067811865500152 ) ) ;
#214 = ORIENTED_EDGE ( 'NONE', *, *, #1087, .F. ) ;
#215 = DIRECTION ( 'NONE',  ( -1.000000000000000000, 6.195440985631455317E-16, -0.000000000000000000 ) ) ;
#216 = ORIENTED_EDGE ( 'NONE', *, *, #780, .T. ) ;
#217 = DIRECTION ( 'NONE',  ( 0.000000000000000000, -1.000000000000000000, 0.000000000000000000 ) ) ;
#218 = DIRECTION ( 'NONE',  ( 0.000000000000000000, 1.000000000000000000, 0.000000000000000000 ) ) ;
#219 = ADVANCED_FACE ( 'NONE', ( #1142 ), #1891, .F. ) ;
#220 = CARTESIAN_POINT ( 'NONE',  ( -4.250000000000000000, -6.755407640085611121, 9.015407640085658869 ) ) ;
#221 = DIRECTION ( 'NONE',  ( 1.000000000000000000, 6.195440985631455317E-16, 0.000000000000000000 ) ) ;
#222 = ADVANCED_FACE ( 'NONE', ( #692 ), #702, .F. ) ;
#223 = ORIENTED_EDGE ( 'NONE', *, *, #617, .T. ) ;
#224 = DIRECTION ( 'NONE',  ( 0.000000000000000000, -0.000000000000000000, -1.000000000000000000 ) ) ;
#225 = EDGE_LOOP ( 'NONE', ( #1215, #632, #1318, #1749 ) ) ;
#226 = DIRECTION ( 'NONE',  ( 0.000000000000000000, 0.000000000000000000, -1.000000000000000000 ) ) ;
#227 = CARTESIAN_POINT ( 'NONE',  ( -4.750000000000000888, 0.6000000000000000888, 1.750000000000000000 ) ) ;
#228 = CARTESIAN_POINT ( 'NONE',  ( 4.150000000000000355, 0.6000000000000000888, -1.750000000000000000 ) ) ;
#229 = FILL_AREA_STYLE ('',( #62 ) ) ;
#230 = VERTEX_POINT ( 'NONE', #1297 ) ;
#231 = LINE ( 'NONE', #1894, #395 ) ;
#232 = EDGE_CURVE ( 'NONE', #1572, #388, #378, .T. ) ;
#233 = AXIS2_PLACEMENT_3D ( 'NONE', #280, #1833, #791 ) ;
#234 = ORIENTED_EDGE ( 'NONE', *, *, #1736, .T. ) ;
#235 = AXIS2_PLACEMENT_3D ( 'NONE', #693, #1943, #1449 ) ;
#236 = VECTOR ( 'NONE', #1827, 1000.000000000000000 ) ;
#237 = ORIENTED_EDGE ( 'NONE', *, *, #1662, .F. ) ;
#238 = VECTOR ( 'NONE', #1789, 1000.000000000000000 ) ;
#239 = CARTESIAN_POINT ( 'NONE',  ( -4.250000000000000888, 1.299999999999994937, 0.5000000000000002220 ) ) ;
#240 = DIRECTION ( 'NONE',  ( 1.000000000000000000, 0.000000000000000000, 0.000000000000000000 ) ) ;
#241 = DIRECTION ( 'NONE',  ( 0.000000000000000000, 1.000000000000000000, 0.000000000000000000 ) ) ;
#242 = ORIENTED_EDGE ( 'NONE', *, *, #1762, .T. ) ;
#243 = CARTESIAN_POINT ( 'NONE',  ( -4.350000000000001421, 1.299999999999994715, -0.4999999999999997780 ) ) ;
#244 = ADVANCED_FACE ( 'NONE', ( #1135 ), #1910, .T. ) ;
#245 = ORIENTED_EDGE ( 'NONE', *, *, #1370, .T. ) ;
#246 = EDGE_CURVE ( 'NONE', #857, #1791, #1734, .T. ) ;
#247 = ORIENTED_EDGE ( 'NONE', *, *, #529, .F. ) ;
#248 = CARTESIAN_POINT ( 'NONE',  ( -4.150000000000000355, 0.000000000000000000, 1.750000000000000000 ) ) ;
#249 = DIRECTION ( 'NONE',  ( -0.000000000000000000, 0.000000000000000000, -1.000000000000000000 ) ) ;
#250 = LINE ( 'NONE', #407, #1080 ) ;
#251 = EDGE_LOOP ( 'NONE', ( #1886, #1198, #278, #777 ) ) ;
#252 = ADVANCED_BREP_SHAPE_REPRESENTATION ( 'CDMC8D28NP-1R2MC', ( #1498, #874, #202, #142 ), #75 ) ;
#253 = ORIENTED_EDGE ( 'NONE', *, *, #1826, .F. ) ;
#254 = PLANE ( 'NONE',  #38 ) ;
#255 = ORIENTED_EDGE ( 'NONE', *, *, #811, .T. ) ;
#256 = EDGE_CURVE ( 'NONE', #1618, #1391, #1456, .T. ) ;
#257 = DIRECTION ( 'NONE',  ( 0.000000000000000000, -0.000000000000000000, -1.000000000000000000 ) ) ;
#258 = DIRECTION ( 'NONE',  ( 0.5773502691896270633, 0.5773502691896231775, 0.5773502691896270633 ) ) ;
#259 = CARTESIAN_POINT ( 'NONE',  ( -3.749999999999996891, 3.000000000000000000, -4.250000000000000000 ) ) ;
#260 = ORIENTED_EDGE ( 'NONE', *, *, #600, .F. ) ;
#261 =( LENGTH_UNIT ( ) NAMED_UNIT ( * ) SI_UNIT ( .MILLI., .METRE. ) );
#262 = VECTOR ( 'NONE', #1356, 1000.000000000000000 ) ;
#263 = VERTEX_POINT ( 'NONE', #859 ) ;
#264 = CARTESIAN_POINT ( 'NONE',  ( 4.150000000000000355, 0.000000000000000000, -1.750000000000000000 ) ) ;
#265 = VECTOR ( 'NONE', #524, 1000.000000000000000 ) ;
#266 = EDGE_LOOP ( 'NONE', ( #1402, #175, #1284, #1028 ) ) ;
#267 = AXIS2_PLACEMENT_3D ( 'NONE', #1104, #643, #972 ) ;
#268 = AXIS2_PLACEMENT_3D ( 'NONE', #764, #1819, #905 ) ;
#269 = DIRECTION ( 'NONE',  ( 0.000000000000000000, 0.000000000000000000, 1.000000000000000000 ) ) ;
#270 = ADVANCED_FACE ( 'NONE', ( #981 ), #76, .F. ) ;
#271 = CARTESIAN_POINT ( 'NONE',  ( -3.749999999999996891, -12.02081528017131085, 4.250000000000000000 ) ) ;
#272 = AXIS2_PLACEMENT_3D ( 'NONE', #1066, #166, #903 ) ;
#273 = VECTOR ( 'NONE', #122, 1000.000000000000000 ) ;
#274 = EDGE_CURVE ( 'NONE', #311, #1001, #1127, .T. ) ;
#275 = DIRECTION ( 'NONE',  ( 0.000000000000000000, -0.000000000000000000, -1.000000000000000000 ) ) ;
#276 = EDGE_LOOP ( 'NONE', ( #1530, #1016, #286, #1657 ) ) ;
#277 = DIRECTION ( 'NONE',  ( 0.000000000000000000, 0.000000000000000000, 1.000000000000000000 ) ) ;
#278 = ORIENTED_EDGE ( 'NONE', *, *, #342, .T. ) ;
#279 = LINE ( 'NONE', #731, #1556 ) ;
#280 = CARTESIAN_POINT ( 'NONE',  ( 4.250000000000000000, 1.000000000000000000, -1.749999999999999778 ) ) ;
#281 = EDGE_CURVE ( 'NONE', #597, #388, #1310, .T. ) ;
#282 = DIRECTION ( 'NONE',  ( -0.000000000000000000, 1.000000000000000000, -0.000000000000000000 ) ) ;
#283 = PLANE ( 'NONE',  #65 ) ;
#284 = DIRECTION ( 'NONE',  ( 6.195440985631456303E-16, -1.000000000000000000, 0.000000000000000000 ) ) ;
#285 = EDGE_CURVE ( 'NONE', #796, #978, #999, .T. ) ;
#286 = ORIENTED_EDGE ( 'NONE', *, *, #1912, .F. ) ;
#287 = CYLINDRICAL_SURFACE ( 'NONE', #1715, 0.1000000000000002554 ) ;
#288 = ORIENTED_EDGE ( 'NONE', *, *, #541, .T. ) ;
#289 = DIRECTION ( 'NONE',  ( 0.000000000000000000, -0.000000000000000000, 1.000000000000000000 ) ) ;
#290 = CYLINDRICAL_SURFACE ( 'NONE', #418, 0.1000000000000002554 ) ;
#291 = ORIENTED_EDGE ( 'NONE', *, *, #980, .F. ) ;
#292 = EDGE_CURVE ( 'NONE', #527, #681, #1270, .T. ) ;
#293 = LINE ( 'NONE', #759, #1027 ) ;
#294 = ORIENTED_EDGE ( 'NONE', *, *, #1455, .T. ) ;
#295 = LINE ( 'NONE', #1653, #1271 ) ;
#296 = PRESENTATION_LAYER_ASSIGNMENT (  '', '', ( #1742 ) ) ;
#297 = CIRCLE ( 'NONE', #742, 0.1000000000000002554 ) ;
#298 = LINE ( 'NONE', #1803, #1846 ) ;
#299 = VECTOR ( 'NONE', #147, 1000.000000000000000 ) ;
#300 = CARTESIAN_POINT ( 'NONE',  ( -3.749999999999996891, -12.02081528017131085, -4.250000000000000000 ) ) ;
#301 = VECTOR ( 'NONE', #215, 1000.000000000000000 ) ;
#302 = PLANE ( 'NONE',  #268 ) ;
#303 = VERTEX_POINT ( 'NONE', #1574 ) ;
#304 = EDGE_CURVE ( 'NONE', #1225, #1741, #606, .T. ) ;
#305 = ORIENTED_EDGE ( 'NONE', *, *, #209, .F. ) ;
#306 = EDGE_CURVE ( 'NONE', #1592, #1963, #852, .T. ) ;
#307 = CARTESIAN_POINT ( 'NONE',  ( 4.250000000000000000, 2.000000000000000000, -1.750000000000000000 ) ) ;
#308 = DIRECTION ( 'NONE',  ( 0.000000000000000000, 0.000000000000000000, -1.000000000000000000 ) ) ;
#309 = CARTESIAN_POINT ( 'NONE',  ( 4.250000000000000888, 1.699999999999999956, -0.5000000000000000000 ) ) ;
#310 = FACE_OUTER_BOUND ( 'NONE', #781, .T. ) ;
#311 = VERTEX_POINT ( 'NONE', #1565 ) ;
#312 = DIRECTION ( 'NONE',  ( 0.000000000000000000, 0.000000000000000000, 1.000000000000000000 ) ) ;
#313 = VERTEX_POINT ( 'NONE', #1438 ) ;
#314 = DIRECTION ( 'NONE',  ( 1.000000000000000000, -6.195440985631454331E-16, 0.000000000000000000 ) ) ;
#315 = EDGE_CURVE ( 'NONE', #201, #1430, #93, .T. ) ;
#316 = CARTESIAN_POINT ( 'NONE',  ( -2.799999999999999822, 0.5000000000000000000, 2.000000000000000000 ) ) ;
#317 = CARTESIAN_POINT ( 'NONE',  ( -4.750000000000000000, 2.000000000000000000, 0.5000000000000000000 ) ) ;
#318 = DIRECTION ( 'NONE',  ( -0.000000000000000000, -2.168404344971008868E-16, -1.000000000000000000 ) ) ;
#319 = EDGE_LOOP ( 'NONE', ( #1924, #984, #942, #657, #67, #1669, #973, #294 ) ) ;
#320 = LINE ( 'NONE', #160, #207 ) ;
#321 = VERTEX_POINT ( 'NONE', #105 ) ;
#322 = CARTESIAN_POINT ( 'NONE',  ( -2.799999999999999822, 0.5000000000000000000, -2.000000000000000000 ) ) ;
#323 = AXIS2_PLACEMENT_3D ( 'NONE', #309, #1505, #156 ) ;
#324 = VECTOR ( 'NONE', #1415, 1000.000000000000000 ) ;
#325 = DIRECTION ( 'NONE',  ( 0.000000000000000000, 0.000000000000000000, 1.000000000000000000 ) ) ;
#326 = EDGE_CURVE ( 'NONE', #1162, #201, #713, .T. ) ;
#327 = CARTESIAN_POINT ( 'NONE',  ( -4.250000000000000000, 1.000000000000000000, -1.750000000000000000 ) ) ;
#328 = AXIS2_PLACEMENT_3D ( 'NONE', #1807, #170, #1197 ) ;
#329 = DIRECTION ( 'NONE',  ( -0.000000000000000000, -0.000000000000000000, -1.000000000000000000 ) ) ;
#330 = EDGE_CURVE ( 'NONE', #1166, #1561, #970, .T. ) ;
#331 = AXIS2_PLACEMENT_3D ( 'NONE', #851, #1173, #1939 ) ;
#332 = ORIENTED_EDGE ( 'NONE', *, *, #754, .F. ) ;
#333 = LINE ( 'NONE', #1501, #1847 ) ;
#334 = AXIS2_PLACEMENT_3D ( 'NONE', #131, #866, #277 ) ;
#335 = ORIENTED_EDGE ( 'NONE', *, *, #494, .F. ) ;
#336 = CARTESIAN_POINT ( 'NONE',  ( 4.250000000000000888, 1.999999999999999556, -0.5000000000000000000 ) ) ;
#337 = CARTESIAN_POINT ( 'NONE',  ( -4.250000000000000000, 0.5999999999999998668, 2.000000000000000000 ) ) ;
#338 = FACE_OUTER_BOUND ( 'NONE', #573, .T. ) ;
#339 = CARTESIAN_POINT ( 'NONE',  ( 4.250000000000000888, 1.999999999999999556, -0.5000000000000000000 ) ) ;
#340 = ORIENTED_EDGE ( 'NONE', *, *, #326, .T. ) ;
#341 = DIRECTION ( 'NONE',  ( 0.000000000000000000, -2.168404344971008868E-16, -1.000000000000000000 ) ) ;
#342 = EDGE_CURVE ( 'NONE', #1276, #394, #669, .T. ) ;
#343 = VERTEX_POINT ( 'NONE', #176 ) ;
#344 = CARTESIAN_POINT ( 'NONE',  ( -4.750000000000000000, 2.000000000000000000, 1.750000000000000000 ) ) ;
#345 = VERTEX_POINT ( 'NONE', #582 ) ;
#346 = CARTESIAN_POINT ( 'NONE',  ( -4.250000000000000888, 1.700000000000000178, 0.5000000000000000000 ) ) ;
#347 = DIRECTION ( 'NONE',  ( -0.000000000000000000, 0.000000000000000000, 1.000000000000000000 ) ) ;
#348 = DIRECTION ( 'NONE',  ( 0.000000000000000000, -0.000000000000000000, 1.000000000000000000 ) ) ;
#349 = ORIENTED_EDGE ( 'NONE', *, *, #1195, .T. ) ;
#350 = EDGE_CURVE ( 'NONE', #767, #1760, #1038, .T. ) ;
#351 = ORIENTED_EDGE ( 'NONE', *, *, #209, .T. ) ;
#352 = LINE ( 'NONE', #47, #390 ) ;
#353 = CARTESIAN_POINT ( 'NONE',  ( 4.250000000000000000, 0.009999999999999592548, 3.749999999999996891 ) ) ;
#354 = CARTESIAN_POINT ( 'NONE',  ( -3.750000000000000444, 3.000000000000000000, -3.750000000000000444 ) ) ;
#355 = CARTESIAN_POINT ( 'NONE',  ( 4.150000000000000355, 0.000000000000000000, 1.750000000000000000 ) ) ;
#356 = VECTOR ( 'NONE', #940, 1000.000000000000000 ) ;
#357 = ORIENTED_EDGE ( 'NONE', *, *, #1591, .F. ) ;
#358 = DIRECTION ( 'NONE',  ( -1.000000000000000000, 0.000000000000000000, 0.000000000000000000 ) ) ;
#359 = CIRCLE ( 'NONE', #203, 0.1000000000000002554 ) ;
#360 = ORIENTED_EDGE ( 'NONE', *, *, #614, .F. ) ;
#361 = PLANE ( 'NONE',  #639 ) ;
#362 = CIRCLE ( 'NONE', #868, 0.1000000000000002554 ) ;
#363 = EDGE_CURVE ( 'NONE', #1618, #1070, #427, .T. ) ;
#364 = VECTOR ( 'NONE', #173, 1000.000000000000114 ) ;
#365 = ORIENTED_EDGE ( 'NONE', *, *, #1495, .T. ) ;
#366 = EDGE_CURVE ( 'NONE', #1798, #1690, #1661, .T. ) ;
#367 = DIRECTION ( 'NONE',  ( 0.5773502691896270633, 0.5773502691896231775, -0.5773502691896270633 ) ) ;
#368 = CARTESIAN_POINT ( 'NONE',  ( -3.283333333333334991, 0.7433333333333340676, -1.516666666666664609 ) ) ;
#369 = CARTESIAN_POINT ( 'NONE',  ( 4.350000000000001421, 1.300000000000000266, 0.4999999999999991673 ) ) ;
#370 = ORIENTED_EDGE ( 'NONE', *, *, #1324, .T. ) ;
#371 = CARTESIAN_POINT ( 'NONE',  ( -4.250000000000000000, 2.000000000000000000, 1.750000000000000000 ) ) ;
#372 = ORIENTED_EDGE ( 'NONE', *, *, #1217, .T. ) ;
#373 = CARTESIAN_POINT ( 'NONE',  ( -4.750000000000000000, 2.000000000000000000, 1.750000000000000000 ) ) ;
#374 = LINE ( 'NONE', #1543, #929 ) ;
#375 = ORIENTED_EDGE ( 'NONE', *, *, #1762, .F. ) ;
#376 = PLANE ( 'NONE',  #1057 ) ;
#377 = EDGE_CURVE ( 'NONE', #1868, #796, #126, .T. ) ;
#378 = LINE ( 'NONE', #368, #928 ) ;
#379 = DIRECTION ( 'NONE',  ( -1.000000000000000000, 0.000000000000000000, 0.000000000000000000 ) ) ;
#380 = ORIENTED_EDGE ( 'NONE', *, *, #1217, .F. ) ;
#381 = DIRECTION ( 'NONE',  ( -1.000000000000000000, 9.856383386231860060E-17, 0.000000000000000000 ) ) ;
#382 = ORIENTED_EDGE ( 'NONE', *, *, #663, .T. ) ;
#383 = ORIENTED_EDGE ( 'NONE', *, *, #1042, .F. ) ;
#384 = LINE ( 'NONE', #1764, #1812 ) ;
#385 = CARTESIAN_POINT ( 'NONE',  ( 4.250000000000000000, 0.9999999999999997780, -3.749999999999997780 ) ) ;
#386 = EDGE_CURVE ( 'NONE', #1204, #951, #1468, .T. ) ;
#387 = FACE_OUTER_BOUND ( 'NONE', #878, .T. ) ;
#388 = VERTEX_POINT ( 'NONE', #1682 ) ;
#389 = ADVANCED_FACE ( 'NONE', ( #723 ), #938, .T. ) ;
#390 = VECTOR ( 'NONE', #808, 1000.000000000000000 ) ;
#391 = VERTEX_POINT ( 'NONE', #626 ) ;
#392 = CIRCLE ( 'NONE', #607, 0.1000000000000002554 ) ;
#393 = VECTOR ( 'NONE', #1557, 1000.000000000000000 ) ;
#394 = VERTEX_POINT ( 'NONE', #732 ) ;
#395 = VECTOR ( 'NONE', #797, 1000.000000000000114 ) ;
#396 = CARTESIAN_POINT ( 'NONE',  ( -4.350000000000001421, 1.299999999999994937, 0.5000000000000002220 ) ) ;
#397 = CARTESIAN_POINT ( 'NONE',  ( 4.250000000000000000, 0.6000000000000000888, 1.750000000000000000 ) ) ;
#398 =( NAMED_UNIT ( * ) SI_UNIT ( $, .STERADIAN. ) SOLID_ANGLE_UNIT ( ) );
#399 = ORIENTED_EDGE ( 'NONE', *, *, #1003, .T. ) ;
#400 = DIRECTION ( 'NONE',  ( 0.000000000000000000, 1.084202172485505543E-16, 1.000000000000000000 ) ) ;
#401 = EDGE_LOOP ( 'NONE', ( #456, #711, #1404, #1577, #115, #139, #1064, #1261, #937, #433 ) ) ;
#402 = ADVANCED_FACE ( 'NONE', ( #1670 ), #917, .T. ) ;
#403 = DIRECTION ( 'NONE',  ( 0.000000000000000000, 0.000000000000000000, -1.000000000000000000 ) ) ;
#404 = ORIENTED_EDGE ( 'NONE', *, *, #1671, .F. ) ;
#405 = DIRECTION ( 'NONE',  ( 0.000000000000000000, 1.000000000000000000, 0.000000000000000000 ) ) ;
#406 = CARTESIAN_POINT ( 'NONE',  ( -4.750000000000000888, 0.5999999999999999778, 1.750000000000000000 ) ) ;
#407 = CARTESIAN_POINT ( 'NONE',  ( -4.250000000000000888, 1.699999999999999956, -0.5000000000000000000 ) ) ;
#408 = ORIENTED_EDGE ( 'NONE', *, *, #886, .T. ) ;
#409 = ORIENTED_EDGE ( 'NONE', *, *, #146, .F. ) ;
#410 = PLANE ( 'NONE',  #773 ) ;
#411 = EDGE_CURVE ( 'NONE', #1360, #391, #163, .T. ) ;
#412 = LINE ( 'NONE', #1434, #1182 ) ;
#413 = ORIENTED_EDGE ( 'NONE', *, *, #1796, .F. ) ;
#414 = FACE_OUTER_BOUND ( 'NONE', #17, .T. ) ;
#415 = LINE ( 'NONE', #322, #1805 ) ;
#416 = LINE ( 'NONE', #584, #103 ) ;
#417 = ORIENTED_EDGE ( 'NONE', *, *, #366, .T. ) ;
#418 = AXIS2_PLACEMENT_3D ( 'NONE', #1343, #119, #1333 ) ;
#419 = EDGE_LOOP ( 'NONE', ( #1255, #1436, #1579, #898 ) ) ;
#420 = DIRECTION ( 'NONE',  ( -0.000000000000000000, 0.000000000000000000, -1.000000000000000000 ) ) ;
#421 = AXIS2_PLACEMENT_3D ( 'NONE', #1828, #1528, #1085 ) ;
#422 = ORIENTED_EDGE ( 'NONE', *, *, #541, .F. ) ;
#423 = VECTOR ( 'NONE', #1165, 1000.000000000000000 ) ;
#424 = ADVANCED_FACE ( 'NONE', ( #1765 ), #1320, .T. ) ;
#425 = VECTOR ( 'NONE', #1792, 1000.000000000000000 ) ;
#426 = PLANE ( 'NONE',  #960 ) ;
#427 = LINE ( 'NONE', #436, #1709 ) ;
#428 = EDGE_CURVE ( 'NONE', #863, #534, #1784, .T. ) ;
#429 = CIRCLE ( 'NONE', #583, 0.6000000000000007550 ) ;
#430 = DIRECTION ( 'NONE',  ( 0.000000000000000000, 0.000000000000000000, -1.000000000000000000 ) ) ;
#431 = ORIENTED_EDGE ( 'NONE', *, *, #123, .F. ) ;
#432 = LINE ( 'NONE', #1035, #1060 ) ;
#433 = ORIENTED_EDGE ( 'NONE', *, *, #386, .F. ) ;
#434 = CARTESIAN_POINT ( 'NONE',  ( 2.799999999999999822, 0.5000000000000000000, -2.000000000000000000 ) ) ;
#435 = ORIENTED_EDGE ( 'NONE', *, *, #108, .F. ) ;
#436 = CARTESIAN_POINT ( 'NONE',  ( -4.250000000000000000, 0.5999999999999998668, 2.000000000000000000 ) ) ;
#437 = FACE_OUTER_BOUND ( 'NONE', #54, .T. ) ;
#438 = EDGE_CURVE ( 'NONE', #1001, #597, #415, .T. ) ;
#439 = PLANE ( 'NONE',  #1357 ) ;
#440 = VERTEX_POINT ( 'NONE', #1219 ) ;
#441 = DIRECTION ( 'NONE',  ( 0.000000000000000000, 1.000000000000000000, 0.000000000000000000 ) ) ;
#442 = ORIENTED_EDGE ( 'NONE', *, *, #16, .T. ) ;
#443 = LINE ( 'NONE', #307, #1524 ) ;
#444 = DIRECTION ( 'NONE',  ( -1.000000000000000000, 0.000000000000000000, 0.000000000000000000 ) ) ;
#445 = PLANE ( 'NONE',  #1514 ) ;
#446 = ADVANCED_FACE ( 'NONE', ( #568 ), #1775, .T. ) ;
#447 = CARTESIAN_POINT ( 'NONE',  ( 4.150000000000000355, 0.5999999999999998668, -1.999999999999999556 ) ) ;
#448 = ORIENTED_EDGE ( 'NONE', *, *, #108, .T. ) ;
#449 = PLANE ( 'NONE',  #1366 ) ;
#450 = ORIENTED_EDGE ( 'NONE', *, *, #1564, .T. ) ;
#451 = AXIS2_PLACEMENT_3D ( 'NONE', #832, #1009, #1280 ) ;
#452 = DIRECTION ( 'NONE',  ( 0.000000000000000000, -0.000000000000000000, -1.000000000000000000 ) ) ;
#453 = FACE_OUTER_BOUND ( 'NONE', #1560, .T. ) ;
#454 = VECTOR ( 'NONE', #751, 1000.000000000000000 ) ;
#455 = DIRECTION ( 'NONE',  ( -0.000000000000000000, -1.000000000000000000, -0.000000000000000000 ) ) ;
#456 = ORIENTED_EDGE ( 'NONE', *, *, #1253, .F. ) ;
#457 = CARTESIAN_POINT ( 'NONE',  ( -4.250000000000000000, 1.999999999999999556, -3.749999999999997335 ) ) ;
#458 = DIRECTION ( 'NONE',  ( 0.000000000000000000, 0.000000000000000000, 1.000000000000000000 ) ) ;
#459 = EDGE_CURVE ( 'NONE', #965, #704, #1941, .T. ) ;
#460 = ORIENTED_EDGE ( 'NONE', *, *, #968, .F. ) ;
#461 = CARTESIAN_POINT ( 'NONE',  ( -2.549999999999996270, 0.01000000000000000021, 2.250000000000003553 ) ) ;
#462 = FACE_OUTER_BOUND ( 'NONE', #850, .T. ) ;
#463 = CARTESIAN_POINT ( 'NONE',  ( 4.250000000000000000, 3.000000000000000000, -3.749999999999996891 ) ) ;
#464 = ORIENTED_EDGE ( 'NONE', *, *, #505, .F. ) ;
#465 = CARTESIAN_POINT ( 'NONE',  ( -4.250000000000000888, 1.299999999999994715, -0.4999999999999997780 ) ) ;
#466 = ORIENTED_EDGE ( 'NONE', *, *, #1042, .T. ) ;
#467 = LINE ( 'NONE', #1071, #102 ) ;
#468 = EDGE_CURVE ( 'NONE', #1815, #1937, #467, .T. ) ;
#469 = CARTESIAN_POINT ( 'NONE',  ( 4.250000000000000000, 1.000000000000000000, -1.749999999999999778 ) ) ;
#470 = DIRECTION ( 'NONE',  ( -0.000000000000000000, -0.000000000000000000, -1.000000000000000000 ) ) ;
#471 = CARTESIAN_POINT ( 'NONE',  ( -3.749999999999996891, 3.000000000000000000, 4.250000000000000000 ) ) ;
#472 = ORIENTED_EDGE ( 'NONE', *, *, #304, .T. ) ;
#473 = CARTESIAN_POINT ( 'NONE',  ( 4.750000000000000000, 2.000000000000000000, 1.750000000000000000 ) ) ;
#474 = EDGE_LOOP ( 'NONE', ( #1139, #935, #1901, #1698 ) ) ;
#475 = CARTESIAN_POINT ( 'NONE',  ( -4.250000000000000000, 1.000000000000000000, -1.749999999999999778 ) ) ;
#476 = CARTESIAN_POINT ( 'NONE',  ( -4.250000000000000000, -12.02081528017131085, 3.749999999999996891 ) ) ;
#477 = EDGE_CURVE ( 'NONE', #696, #1274, #1373, .T. ) ;
#478 = VECTOR ( 'NONE', #756, 1000.000000000000000 ) ;
#479 = VECTOR ( 'NONE', #258, 1000.000000000000114 ) ;
#480 = DIRECTION ( 'NONE',  ( -0.000000000000000000, -0.000000000000000000, -1.000000000000000000 ) ) ;
#481 = ADVANCED_FACE ( 'NONE', ( #185 ), #1921, .T. ) ;
#482 =( NAMED_UNIT ( * ) SI_UNIT ( $, .STERADIAN. ) SOLID_ANGLE_UNIT ( ) );
#483 = MECHANICAL_DESIGN_GEOMETRIC_PRESENTATION_REPRESENTATION (  '', ( #1056 ), #1301 ) ;
#484 = LINE ( 'NONE', #180, #1942 ) ;
#485 = AXIS2_PLACEMENT_3D ( 'NONE', #1048, #1836, #1793 ) ;
#486 = EDGE_LOOP ( 'NONE', ( #1737, #193, #1124, #204, #1339, #172 ) ) ;
#487 = DIRECTION ( 'NONE',  ( 0.000000000000000000, -1.000000000000000000, 0.000000000000000000 ) ) ;
#488 = VECTOR ( 'NONE', #1689, 1000.000000000000000 ) ;
#489 = EDGE_LOOP ( 'NONE', ( #150, #994, #1401, #1011 ) ) ;
#490 = CARTESIAN_POINT ( 'NONE',  ( 0.000000000000000000, 0.5000000000000000000, 0.000000000000000000 ) ) ;
#491 = ORIENTED_EDGE ( 'NONE', *, *, #1030, .F. ) ;
#492 = CARTESIAN_POINT ( 'NONE',  ( -3.749999999999996891, -12.02081528017131085, -4.250000000000000000 ) ) ;
#493 = DIRECTION ( 'NONE',  ( -0.000000000000000000, 1.000000000000000000, -0.000000000000000000 ) ) ;
#494 = EDGE_CURVE ( 'NONE', #949, #978, #1109, .T. ) ;
#495 = CARTESIAN_POINT ( 'NONE',  ( -4.150000000000000355, 0.5999999999999998668, 3.749999999999996891 ) ) ;
#496 = VERTEX_POINT ( 'NONE', #69 ) ;
#497 = LINE ( 'NONE', #646, #301 ) ;
#498 = ORIENTED_EDGE ( 'NONE', *, *, #909, .T. ) ;
#499 = DIRECTION ( 'NONE',  ( 0.000000000000000000, -1.000000000000000000, 0.000000000000000000 ) ) ;
#500 = EDGE_LOOP ( 'NONE', ( #914, #247, #1958, #1037, #1483, #854, #49, #1450, #1752, #1131 ) ) ;
#501 = DIRECTION ( 'NONE',  ( 1.000000000000000000, -0.000000000000000000, 0.000000000000000000 ) ) ;
#502 = SURFACE_STYLE_USAGE ( .BOTH. , #630 ) ;
#503 = PLANE ( 'NONE',  #136 ) ;
#504 = ORIENTED_EDGE ( 'NONE', *, *, #614, .T. ) ;
#505 = EDGE_CURVE ( 'NONE', #1001, #1627, #1858, .T. ) ;
#506 = LINE ( 'NONE', #1120, #775 ) ;
#507 = ORIENTED_EDGE ( 'NONE', *, *, #953, .F. ) ;
#508 = EDGE_CURVE ( 'NONE', #1274, #949, #352, .T. ) ;
#509 = DIRECTION ( 'NONE',  ( -0.000000000000000000, 1.000000000000000000, -0.000000000000000000 ) ) ;
#510 = ORIENTED_EDGE ( 'NONE', *, *, #1864, .T. ) ;
#511 = DIRECTION ( 'NONE',  ( 1.000000000000000000, 6.195440985631454331E-16, 0.000000000000000000 ) ) ;
#512 = CARTESIAN_POINT ( 'NONE',  ( 2.799999999999999822, 0.01000000000000000021, -2.250000000000003553 ) ) ;
#513 = VECTOR ( 'NONE', #1331, 1000.000000000000000 ) ;
#514 = CARTESIAN_POINT ( 'NONE',  ( 4.250000000000000000, 2.000000000000000000, 1.750000000000000000 ) ) ;
#515 = VECTOR ( 'NONE', #1350, 1000.000000000000000 ) ;
#516 = EDGE_LOOP ( 'NONE', ( #1931, #1678, #847, #1236 ) ) ;
#517 = AXIS2_PLACEMENT_3D ( 'NONE', #1850, #1387, #1251 ) ;
#518 = ORIENTED_EDGE ( 'NONE', *, *, #983, .F. ) ;
#519 = PLANE ( 'NONE',  #546 ) ;
#520 = VECTOR ( 'NONE', #1755, 1000.000000000000000 ) ;
#521 = ADVANCED_FACE ( 'NONE', ( #1123 ), #205, .T. ) ;
#522 = MECHANICAL_DESIGN_GEOMETRIC_PRESENTATION_REPRESENTATION (  '', ( #1650 ), #1914 ) ;
#523 = FACE_OUTER_BOUND ( 'NONE', #961, .T. ) ;
#524 = DIRECTION ( 'NONE',  ( 0.000000000000000000, -0.000000000000000000, -1.000000000000000000 ) ) ;
#525 = CARTESIAN_POINT ( 'NONE',  ( -4.250000000000000000, 0.009999999999999592548, 3.749999999999996891 ) ) ;
#526 = ORIENTED_EDGE ( 'NONE', *, *, #153, .F. ) ;
#527 = VERTEX_POINT ( 'NONE', #945 ) ;
#528 = VERTEX_POINT ( 'NONE', #1249 ) ;
#529 = EDGE_CURVE ( 'NONE', #321, #343, #1403, .T. ) ;
#530 = LINE ( 'NONE', #1563, #771 ) ;
#531 = DIRECTION ( 'NONE',  ( 0.000000000000000000, -0.7071067811865500152, -0.7071067811865451302 ) ) ;
#532 = ADVANCED_FACE ( 'NONE', ( #1542 ), #827, .F. ) ;
#533 = DIRECTION ( 'NONE',  ( 1.000000000000000000, 6.195440985631455317E-16, 0.000000000000000000 ) ) ;
#534 = VERTEX_POINT ( 'NONE', #1876 ) ;
#535 = EDGE_LOOP ( 'NONE', ( #869, #1475, #1723, #370, #1903, #1285, #1013, #1196 ) ) ;
#536 = ORIENTED_EDGE ( 'NONE', *, *, #740, .T. ) ;
#537 = CARTESIAN_POINT ( 'NONE',  ( -4.250000000000000000, 3.000000000000000000, -3.749999999999996891 ) ) ;
#538 = ADVANCED_FACE ( 'NONE', ( #1383 ), #361, .F. ) ;
#539 = DIRECTION ( 'NONE',  ( 1.000000000000000000, -6.195440985631454331E-16, 0.000000000000000000 ) ) ;
#540 = DIRECTION ( 'NONE',  ( -0.7071067811865451302, -0.7071067811865500152, -0.000000000000000000 ) ) ;
#541 = EDGE_CURVE ( 'NONE', #1547, #1502, #665, .T. ) ;
#542 = ORIENTED_EDGE ( 'NONE', *, *, #1107, .T. ) ;
#543 = DIRECTION ( 'NONE',  ( 0.000000000000000000, 0.000000000000000000, 1.000000000000000000 ) ) ;
#544 = EDGE_LOOP ( 'NONE', ( #1704, #667, #536, #1766 ) ) ;
#545 = CARTESIAN_POINT ( 'NONE',  ( -3.749999999999996891, 3.000000000000000000, -4.250000000000000000 ) ) ;
#546 = AXIS2_PLACEMENT_3D ( 'NONE', #490, #57, #952 ) ;
#547 = CARTESIAN_POINT ( 'NONE',  ( 2.799999999999999822, 0.5000000000000000000, 2.000000000000000000 ) ) ;
#548 = VECTOR ( 'NONE', #19, 1000.000000000000000 ) ;
#549 = ORIENTED_EDGE ( 'NONE', *, *, #132, .T. ) ;
#550 = VECTOR ( 'NONE', #1878, 1000.000000000000000 ) ;
#551 = LINE ( 'NONE', #1154, #520 ) ;
#552 = CARTESIAN_POINT ( 'NONE',  ( -4.249999999999999112, 0.2600000000000020073, 2.000000000000000000 ) ) ;
#553 = ORIENTED_EDGE ( 'NONE', *, *, #1772, .F. ) ;
#554 =( NAMED_UNIT ( * ) SI_UNIT ( $, .STERADIAN. ) SOLID_ANGLE_UNIT ( ) );
#555 = ADVANCED_FACE ( 'NONE', ( #966 ), #1237, .F. ) ;
#556 = ORIENTED_EDGE ( 'NONE', *, *, #627, .T. ) ;
#557 = LINE ( 'NONE', #1161, #238 ) ;
#558 = ORIENTED_EDGE ( 'NONE', *, *, #1671, .T. ) ;
#559 = CARTESIAN_POINT ( 'NONE',  ( -3.050000000000000266, 1.084202172485504434E-16, -1.750000000000000000 ) ) ;
#560 = CARTESIAN_POINT ( 'NONE',  ( -4.150000000000000355, 0.6000000000000000888, 1.750000000000000000 ) ) ;
#561 = ORIENTED_EDGE ( 'NONE', *, *, #281, .T. ) ;
#562 = ADVANCED_FACE ( 'NONE', ( #194 ), #519, .F. ) ;
#563 = EDGE_LOOP ( 'NONE', ( #1153, #1538, #498, #616 ) ) ;
#564 = LINE ( 'NONE', #1180, #611 ) ;
#565 = EDGE_CURVE ( 'NONE', #1445, #15, #1265, .T. ) ;
#566 = VERTEX_POINT ( 'NONE', #1091 ) ;
#567 = DIRECTION ( 'NONE',  ( -0.000000000000000000, -0.000000000000000000, -1.000000000000000000 ) ) ;
#568 = FACE_OUTER_BOUND ( 'NONE', #1351, .T. ) ;
#569 = LINE ( 'NONE', #1176, #1239 ) ;
#570 = FACE_OUTER_BOUND ( 'NONE', #1919, .T. ) ;
#571 = UNCERTAINTY_MEASURE_WITH_UNIT (LENGTH_MEASURE( 1.000000000000000082E-05 ), #261, 'distance_accuracy_value', 'NONE');
#572 = VECTOR ( 'NONE', #493, 1000.000000000000000 ) ;
#573 = EDGE_LOOP ( 'NONE', ( #1830, #1895, #1500, #1382 ) ) ;
#574 = DIRECTION ( 'NONE',  ( -0.000000000000000000, 0.000000000000000000, -1.000000000000000000 ) ) ;
#575 = AXIS2_PLACEMENT_3D ( 'NONE', #475, #882, #314 ) ;
#576 = CARTESIAN_POINT ( 'NONE',  ( 4.249999999999999112, 1.300000000000000266, -0.4999999999999963363 ) ) ;
#577 = ORIENTED_EDGE ( 'NONE', *, *, #932, .T. ) ;
#578 = AXIS2_PLACEMENT_3D ( 'NONE', #1260, #53, #1892 ) ;
#579 = EDGE_CURVE ( 'NONE', #566, #1963, #1691, .T. ) ;
#580 = VECTOR ( 'NONE', #1869, 1000.000000000000000 ) ;
#581 = LINE ( 'NONE', #1467, #1491 ) ;
#582 = CARTESIAN_POINT ( 'NONE',  ( -4.250000000000000000, 0.6000000000000000888, -1.750000000000000000 ) ) ;
#583 = AXIS2_PLACEMENT_3D ( 'NONE', #815, #824, #1130 ) ;
#584 = CARTESIAN_POINT ( 'NONE',  ( -2.799999999999999822, 0.2600000000000020073, 2.000000000000000000 ) ) ;
#585 = CARTESIAN_POINT ( 'NONE',  ( 4.249999999999999112, 0.5000000000000000000, -2.000000000000000000 ) ) ;
#586 = ORIENTED_EDGE ( 'NONE', *, *, #306, .F. ) ;
#587 = CARTESIAN_POINT ( 'NONE',  ( -4.750000000000000000, 2.000000000000000000, -3.749999999999997335 ) ) ;
#588 = LINE ( 'NONE', #1327, #1883 ) ;
#589 = VERTEX_POINT ( 'NONE', #649 ) ;
#590 = LINE ( 'NONE', #1193, #425 ) ;
#591 = EDGE_CURVE ( 'NONE', #1502, #528, #297, .T. ) ;
#592 = CARTESIAN_POINT ( 'NONE',  ( 3.050000000000000266, 0.5000000000000001110, 1.750000000000000000 ) ) ;
#593 = EDGE_CURVE ( 'NONE', #313, #345, #359, .T. ) ;
#594 = LINE ( 'NONE', #585, #1175 ) ;
#595 = ORIENTED_EDGE ( 'NONE', *, *, #1358, .T. ) ;
#596 = CARTESIAN_POINT ( 'NONE',  ( -4.249999999999999112, 0.5000000000000000000, 2.000000000000000000 ) ) ;
#597 = VERTEX_POINT ( 'NONE', #757 ) ;
#598 = DIRECTION ( 'NONE',  ( 0.000000000000000000, -0.000000000000000000, 1.000000000000000000 ) ) ;
#599 = ORIENTED_EDGE ( 'NONE', *, *, #438, .F. ) ;
#600 = EDGE_CURVE ( 'NONE', #1111, #623, #1840, .T. ) ;
#601 = DIRECTION ( 'NONE',  ( -0.000000000000000000, -1.000000000000000000, -0.000000000000000000 ) ) ;
#602 = ORIENTED_EDGE ( 'NONE', *, *, #680, .F. ) ;
#603 = DIRECTION ( 'NONE',  ( 0.000000000000000000, 0.000000000000000000, 1.000000000000000000 ) ) ;
#604 = DIRECTION ( 'NONE',  ( 0.000000000000000000, 1.000000000000000000, 0.000000000000000000 ) ) ;
#605 = ORIENTED_EDGE ( 'NONE', *, *, #428, .T. ) ;
#606 = CIRCLE ( 'NONE', #451, 0.6000000000000007550 ) ;
#607 = AXIS2_PLACEMENT_3D ( 'NONE', #1595, #1289, #1311 ) ;
#608 = DIRECTION ( 'NONE',  ( 0.7071067811865451302, -0.7071067811865500152, -0.000000000000000000 ) ) ;
#609 = VECTOR ( 'NONE', #125, 1000.000000000000000 ) ;
#610 = LINE ( 'NONE', #1213, #1580 ) ;
#611 = VECTOR ( 'NONE', #1025, 1000.000000000000000 ) ;
#612 = FACE_OUTER_BOUND ( 'NONE', #145, .T. ) ;
#613 = ORIENTED_EDGE ( 'NONE', *, *, #505, .T. ) ;
#614 = EDGE_CURVE ( 'NONE', #1362, #230, #913, .T. ) ;
#615 = CARTESIAN_POINT ( 'NONE',  ( 3.750000000000000444, 3.000000000000000000, -3.750000000000000444 ) ) ;
#616 = ORIENTED_EDGE ( 'NONE', *, *, #25, .T. ) ;
#617 = EDGE_CURVE ( 'NONE', #623, #857, #1268, .T. ) ;
#618 = DIRECTION ( 'NONE',  ( -0.000000000000000000, -0.000000000000000000, -1.000000000000000000 ) ) ;
#619 = CARTESIAN_POINT ( 'NONE',  ( -4.250000000000000000, 0.01000000000000000021, -2.250000000000003553 ) ) ;
#620 = CARTESIAN_POINT ( 'NONE',  ( 4.249999999999999112, 0.2600000000000020073, 2.000000000000000000 ) ) ;
#621 = DIRECTION ( 'NONE',  ( -0.000000000000000000, 0.000000000000000000, -1.000000000000000000 ) ) ;
#622 = CARTESIAN_POINT ( 'NONE',  ( -4.150000000000000355, 0.6000000000000000888, 1.750000000000000000 ) ) ;
#623 = VERTEX_POINT ( 'NONE', #1529 ) ;
#624 = EDGE_CURVE ( 'NONE', #1917, #313, #1222, .T. ) ;
#625 = ORIENTED_EDGE ( 'NONE', *, *, #593, .F. ) ;
#626 = CARTESIAN_POINT ( 'NONE',  ( -4.250000000000000000, 3.000000000000000000, 3.749999999999996891 ) ) ;
#627 = EDGE_CURVE ( 'NONE', #1660, #1933, #941, .T. ) ;
#628 = CARTESIAN_POINT ( 'NONE',  ( -3.050000000000000266, 1.084202172485504434E-16, 1.750000000000000000 ) ) ;
#629 = CARTESIAN_POINT ( 'NONE',  ( 4.249999999999999112, 0.5000000000000000000, -2.000000000000000000 ) ) ;
#630 = SURFACE_SIDE_STYLE ('',( #1252 ) ) ;
#631 = CARTESIAN_POINT ( 'NONE',  ( -4.150000000000000355, 0.5000000000000000000, -2.000000000000000000 ) ) ;
#632 = ORIENTED_EDGE ( 'NONE', *, *, #1160, .F. ) ;
#633 = DIRECTION ( 'NONE',  ( 0.000000000000000000, 0.000000000000000000, -1.000000000000000000 ) ) ;
#634 = VERTEX_POINT ( 'NONE', #1368 ) ;
#635 = DIRECTION ( 'NONE',  ( -0.000000000000000000, -1.000000000000000000, -4.336808689942017736E-16 ) ) ;
#636 = LINE ( 'NONE', #1848, #902 ) ;
#637 = ORIENTED_EDGE ( 'NONE', *, *, #1328, .F. ) ;
#638 = ADVANCED_FACE ( 'NONE', ( #612 ), #30, .T. ) ;
#639 = AXIS2_PLACEMENT_3D ( 'NONE', #976, #36, #817 ) ;
#640 = FACE_OUTER_BOUND ( 'NONE', #419, .T. ) ;
#641 = LINE ( 'NONE', #1685, #736 ) ;
#642 = VECTOR ( 'NONE', #733, 1000.000000000000000 ) ;
#643 = DIRECTION ( 'NONE',  ( -1.000000000000000000, 0.000000000000000000, 0.000000000000000000 ) ) ;
#644 = VECTOR ( 'NONE', #501, 1000.000000000000000 ) ;
#645 = ORIENTED_EDGE ( 'NONE', *, *, #1324, .F. ) ;
#646 = CARTESIAN_POINT ( 'NONE',  ( -4.250000000000000888, 1.999999999999999556, -0.5000000000000000000 ) ) ;
#647 = VECTOR ( 'NONE', #1228, 1000.000000000000000 ) ;
#648 = EDGE_LOOP ( 'NONE', ( #561, #1896, #464, #1380 ) ) ;
#649 = CARTESIAN_POINT ( 'NONE',  ( -4.750000000000000888, 0.6000000000000000888, -1.750000000000000000 ) ) ;
#650 = PLANE ( 'NONE',  #517 ) ;
#651 = ADVANCED_FACE ( 'NONE', ( #310 ), #1062, .F. ) ;
#652 = FILL_AREA_STYLE ('',( #1074 ) ) ;
#653 = ADVANCED_FACE ( 'NONE', ( #1829 ), #302, .F. ) ;
#654 = ORIENTED_EDGE ( 'NONE', *, *, #1195, .F. ) ;
#655 = EDGE_LOOP ( 'NONE', ( #1951, #946, #645, #1371 ) ) ;
#656 = CARTESIAN_POINT ( 'NONE',  ( -4.750000000000000000, 2.000000000000000000, -0.5000000000000000000 ) ) ;
#657 = ORIENTED_EDGE ( 'NONE', *, *, #1952, .T. ) ;
#658 = CARTESIAN_POINT ( 'NONE',  ( 4.350000000000001421, 1.700000000000000178, -0.5000000000000009992 ) ) ;
#659 = DIRECTION ( 'NONE',  ( 1.000000000000000000, 0.000000000000000000, -0.000000000000000000 ) ) ;
#660 = LINE ( 'NONE', #1871, #1614 ) ;
#661 = ORIENTED_EDGE ( 'NONE', *, *, #232, .F. ) ;
#662 = LINE ( 'NONE', #1256, #678 ) ;
#663 = EDGE_CURVE ( 'NONE', #1192, #527, #1644, .T. ) ;
#664 = ORIENTED_EDGE ( 'NONE', *, *, #1348, .T. ) ;
#665 = LINE ( 'NONE', #1099, #1267 ) ;
#666 = FILL_AREA_STYLE ('',( #39 ) ) ;
#667 = ORIENTED_EDGE ( 'NONE', *, *, #1517, .F. ) ;
#668 = DIRECTION ( 'NONE',  ( 0.000000000000000000, 2.168404344971008868E-16, 1.000000000000000000 ) ) ;
#669 = LINE ( 'NONE', #873, #513 ) ;
#670 = CIRCLE ( 'NONE', #421, 0.1000000000000002554 ) ;
#671 = LINE ( 'NONE', #684, #1877 ) ;
#672 = VECTOR ( 'NONE', #799, 1000.000000000000000 ) ;
#673 = ORIENTED_EDGE ( 'NONE', *, *, #591, .F. ) ;
#674 = FACE_OUTER_BOUND ( 'NONE', #836, .T. ) ;
#675 = VECTOR ( 'NONE', #1966, 1000.000000000000000 ) ;
#676 = EDGE_CURVE ( 'NONE', #1325, #634, #484, .T. ) ;
#677 = EDGE_LOOP ( 'NONE', ( #1596, #1257, #1549, #1605, #260, #1442, #1731, #1171 ) ) ;
#678 = VECTOR ( 'NONE', #1863, 1000.000000000000114 ) ;
#679 = CIRCLE ( 'NONE', #1780, 0.5000000000000000000 ) ;
#680 = EDGE_CURVE ( 'NONE', #1137, #908, #1145, .T. ) ;
#681 = VERTEX_POINT ( 'NONE', #463 ) ;
#682 = LINE ( 'NONE', #1714, #1911 ) ;
#683 = DIRECTION ( 'NONE',  ( 1.000000000000000000, 6.195440985631454331E-16, 0.000000000000000000 ) ) ;
#684 = CARTESIAN_POINT ( 'NONE',  ( 4.250000000000000000, -6.755407640085611121, 9.015407640085658869 ) ) ;
#685 = ORIENTED_EDGE ( 'NONE', *, *, #1206, .F. ) ;
#686 = DIRECTION ( 'NONE',  ( 0.000000000000000000, -1.000000000000000000, 0.000000000000000000 ) ) ;
#687 = ORIENTED_EDGE ( 'NONE', *, *, #94, .T. ) ;
#688 = CARTESIAN_POINT ( 'NONE',  ( 4.249999999999999112, 0.5999999999999998668, 2.000000000000000000 ) ) ;
#689 = ORIENTED_EDGE ( 'NONE', *, *, #1262, .T. ) ;
#690 = EDGE_CURVE ( 'NONE', #528, #230, #21, .T. ) ;
#691 = CYLINDRICAL_SURFACE ( 'NONE', #710, 0.5000000000000000000 ) ;
#692 = FACE_OUTER_BOUND ( 'NONE', #500, .T. ) ;
#693 = CARTESIAN_POINT ( 'NONE',  ( -3.750000000000000444, 0.009999999999999592548, -3.750000000000000444 ) ) ;
#694 = ORIENTED_EDGE ( 'NONE', *, *, #1097, .F. ) ;
#695 =( NAMED_UNIT ( * ) SI_UNIT ( $, .STERADIAN. ) SOLID_ANGLE_UNIT ( ) );
#696 = VERTEX_POINT ( 'NONE', #339 ) ;
#697 = DIRECTION ( 'NONE',  ( 1.000000000000000000, 9.856383386231860060E-17, 0.000000000000000000 ) ) ;
#698 = CARTESIAN_POINT ( 'NONE',  ( 4.750000000000000888, 0.5999999999999999778, 1.750000000000000000 ) ) ;
#699 = ORIENTED_EDGE ( 'NONE', *, *, #1172, .T. ) ;
#700 = LINE ( 'NONE', #1909, #106 ) ;
#701 = EDGE_CURVE ( 'NONE', #1276, #1159, #795, .T. ) ;
#702 = PLANE ( 'NONE',  #955 ) ;
#703 = CARTESIAN_POINT ( 'NONE',  ( 4.750000000000000000, 1.000000000000000000, -3.749999999999997780 ) ) ;
#704 = VERTEX_POINT ( 'NONE', #1203 ) ;
#705 = SURFACE_SIDE_STYLE ('',( #1138 ) ) ;
#706 = VECTOR ( 'NONE', #768, 1000.000000000000000 ) ;
#707 = ORIENTED_EDGE ( 'NONE', *, *, #1633, .T. ) ;
#708 = DIRECTION ( 'NONE',  ( -1.000000000000000000, -9.856383386231860060E-17, -0.000000000000000000 ) ) ;
#709 = VECTOR ( 'NONE', #1516, 1000.000000000000000 ) ;
#710 = AXIS2_PLACEMENT_3D ( 'NONE', #1897, #405, #722 ) ;
#711 = ORIENTED_EDGE ( 'NONE', *, *, #1864, .F. ) ;
#712 = DIRECTION ( 'NONE',  ( 1.000000000000000000, -0.000000000000000000, 0.000000000000000000 ) ) ;
#713 = LINE ( 'NONE', #512, #1054 ) ;
#714 = DIRECTION ( 'NONE',  ( 1.000000000000000000, 0.000000000000000000, -0.000000000000000000 ) ) ;
#715 = VERTEX_POINT ( 'NONE', #631 ) ;
#716 =( NAMED_UNIT ( * ) PLANE_ANGLE_UNIT ( ) SI_UNIT ( $, .RADIAN. ) );
#717 = EDGE_CURVE ( 'NONE', #1815, #924, #990, .T. ) ;
#718 = ORIENTED_EDGE ( 'NONE', *, *, #326, .F. ) ;
#719 = LINE ( 'NONE', #1753, #1881 ) ;
#720 = DIRECTION ( 'NONE',  ( 0.000000000000000000, 1.000000000000000000, 0.000000000000000000 ) ) ;
#721 = ORIENTED_EDGE ( 'NONE', *, *, #886, .F. ) ;
#722 = DIRECTION ( 'NONE',  ( 0.000000000000000000, 0.000000000000000000, 1.000000000000000000 ) ) ;
#723 = FACE_OUTER_BOUND ( 'NONE', #544, .T. ) ;
#724 = LINE ( 'NONE', #862, #1361 ) ;
#725 = CARTESIAN_POINT ( 'NONE',  ( 3.050000000000000266, 0.5000000000000001110, -1.750000000000000000 ) ) ;
#726 = CARTESIAN_POINT ( 'NONE',  ( 0.000000000000000000, 0.000000000000000000, 0.000000000000000000 ) ) ;
#727 = VERTEX_POINT ( 'NONE', #471 ) ;
#728 = ADVANCED_FACE ( 'NONE', ( #1075 ), #1676, .T. ) ;
#729 = LINE ( 'NONE', #587, #1429 ) ;
#730 = ORIENTED_EDGE ( 'NONE', *, *, #184, .F. ) ;
#731 = CARTESIAN_POINT ( 'NONE',  ( 2.799999999999999822, 0.5000000000000000000, -2.000000000000000000 ) ) ;
#732 = CARTESIAN_POINT ( 'NONE',  ( 4.750000000000000000, 1.700000000000000400, 0.5000000000000000000 ) ) ;
#733 = DIRECTION ( 'NONE',  ( -1.000000000000000000, 0.000000000000000000, 0.000000000000000000 ) ) ;
#734 = CARTESIAN_POINT ( 'NONE',  ( -3.050000000000000266, 0.5000000000000001110, 1.750000000000000000 ) ) ;
#735 = CARTESIAN_POINT ( 'NONE',  ( -4.750000000000000000, 2.000000000000000000, 0.5000000000000000000 ) ) ;
#736 = VECTOR ( 'NONE', #1513, 1000.000000000000000 ) ;
#737 = ORIENTED_EDGE ( 'NONE', *, *, #1125, .T. ) ;
#738 = CARTESIAN_POINT ( 'NONE',  ( 4.150000000000000355, 0.5999999999999998668, 3.749999999999996891 ) ) ;
#739 = VECTOR ( 'NONE', #1929, 1000.000000000000000 ) ;
#740 = EDGE_CURVE ( 'NONE', #263, #124, #1695, .T. ) ;
#741 = ORIENTED_EDGE ( 'NONE', *, *, #350, .T. ) ;
#742 = AXIS2_PLACEMENT_3D ( 'NONE', #447, #1359, #923 ) ;
#743 = ADVANCED_FACE ( 'NONE', ( #1566 ), #1272, .T. ) ;
#744 = AXIS2_PLACEMENT_3D ( 'NONE', #620, #1279, #802 ) ;
#745 = FACE_OUTER_BOUND ( 'NONE', #1295, .T. ) ;
#746 = CIRCLE ( 'NONE', #73, 0.5000000000000000000 ) ;
#747 = DIRECTION ( 'NONE',  ( 0.000000000000000000, 0.000000000000000000, 1.000000000000000000 ) ) ;
#748 = LINE ( 'NONE', #1804, #1235 ) ;
#749 = ORIENTED_EDGE ( 'NONE', *, *, #1030, .T. ) ;
#750 = DIRECTION ( 'NONE',  ( 6.195440985631453345E-16, -1.000000000000000000, -0.000000000000000000 ) ) ;
#751 = DIRECTION ( 'NONE',  ( 0.000000000000000000, 1.000000000000000000, 0.000000000000000000 ) ) ;
#752 = ORIENTED_EDGE ( 'NONE', *, *, #1384, .F. ) ;
#753 = CARTESIAN_POINT ( 'NONE',  ( -4.250000000000000888, 1.299999999999994937, 0.5000000000000002220 ) ) ;
#754 = EDGE_CURVE ( 'NONE', #1741, #1681, #1117, .T. ) ;
#755 = LINE ( 'NONE', #469, #1396 ) ;
#756 = DIRECTION ( 'NONE',  ( -0.000000000000000000, -0.000000000000000000, -1.000000000000000000 ) ) ;
#757 = CARTESIAN_POINT ( 'NONE',  ( -2.799999999999999822, 0.5000000000000000000, -2.000000000000000000 ) ) ;
#758 = ORIENTED_EDGE ( 'NONE', *, *, #1925, .T. ) ;
#759 = CARTESIAN_POINT ( 'NONE',  ( 4.750000000000000000, 1.700000000000000178, -0.5000000000000000000 ) ) ;
#760 = EDGE_LOOP ( 'NONE', ( #890, #1167, #787, #1782 ) ) ;
#761 = CARTESIAN_POINT ( 'NONE',  ( 2.799999999999999822, 0.2600000000000020073, -2.000000000000000000 ) ) ;
#762 = ADVANCED_FACE ( 'NONE', ( #387 ), #959, .F. ) ;
#763 = DIRECTION ( 'NONE',  ( 0.000000000000000000, 0.000000000000000000, 1.000000000000000000 ) ) ;
#764 = CARTESIAN_POINT ( 'NONE',  ( -4.250000000000000888, 1.999999999999999556, -0.5000000000000000000 ) ) ;
#765 = ORIENTED_EDGE ( 'NONE', *, *, #477, .F. ) ;
#766 = CARTESIAN_POINT ( 'NONE',  ( 4.350000000000001421, 1.300000000000000266, -0.5000000000000008882 ) ) ;
#767 = VERTEX_POINT ( 'NONE', #1853 ) ;
#768 = DIRECTION ( 'NONE',  ( -0.000000000000000000, -1.000000000000000000, -4.336808689942017736E-16 ) ) ;
#769 = VECTOR ( 'NONE', #1363, 1000.000000000000000 ) ;
#770 = CIRCLE ( 'NONE', #235, 0.5000000000000000000 ) ;
#771 = VECTOR ( 'NONE', #218, 1000.000000000000000 ) ;
#772 = CARTESIAN_POINT ( 'NONE',  ( -4.250000000000000000, 2.000000000000000000, 1.750000000000000000 ) ) ;
#773 = AXIS2_PLACEMENT_3D ( 'NONE', #1761, #1474, #574 ) ;
#774 = CARTESIAN_POINT ( 'NONE',  ( 2.549999999999996270, 0.01000000000000000021, -2.250000000000003553 ) ) ;
#775 = VECTOR ( 'NONE', #686, 1000.000000000000000 ) ;
#776 = DIRECTION ( 'NONE',  ( -0.000000000000000000, 0.000000000000000000, 1.000000000000000000 ) ) ;
#777 = ORIENTED_EDGE ( 'NONE', *, *, #1751, .F. ) ;
#778 = PRODUCT_DEFINITION_FORMATION_WITH_SPECIFIED_SOURCE ( 'ANY', '', #1374, .NOT_KNOWN. ) ;
#779 = CARTESIAN_POINT ( 'NONE',  ( -4.350000000000001421, 1.299999999999994715, -0.4999999999999997780 ) ) ;
#780 = EDGE_CURVE ( 'NONE', #1159, #1263, #660, .T. ) ;
#781 = EDGE_LOOP ( 'NONE', ( #80, #1480, #32, #1875 ) ) ;
#782 = CARTESIAN_POINT ( 'NONE',  ( -4.250000000000000000, 3.000000000000000000, 3.749999999999996891 ) ) ;
#783 = LINE ( 'NONE', #592, #1181 ) ;
#784 = LINE ( 'NONE', #188, #356 ) ;
#785 = PRODUCT_DEFINITION_SHAPE ( 'NONE', 'NONE',  #1039 ) ;
#786 = DIRECTION ( 'NONE',  ( -0.000000000000000000, -2.168404344971008868E-16, -1.000000000000000000 ) ) ;
#787 = ORIENTED_EDGE ( 'NONE', *, *, #1406, .F. ) ;
#788 = DIRECTION ( 'NONE',  ( 0.000000000000000000, 0.000000000000000000, -1.000000000000000000 ) ) ;
#789 = EDGE_CURVE ( 'NONE', #975, #1660, #671, .T. ) ;
#790 = EDGE_LOOP ( 'NONE', ( #46, #431, #699, #466 ) ) ;
#791 = DIRECTION ( 'NONE',  ( -1.000000000000000000, -6.195440985631454331E-16, 0.000000000000000000 ) ) ;
#792 = LINE ( 'NONE', #1385, #1748 ) ;
#793 = PLANE ( 'NONE',  #1462 ) ;
#794 = DIRECTION ( 'NONE',  ( 1.000000000000000000, 0.000000000000000000, 0.000000000000000000 ) ) ;
#795 = LINE ( 'NONE', #1389, #1023 ) ;
#796 = VERTEX_POINT ( 'NONE', #1861 ) ;
#797 = DIRECTION ( 'NONE',  ( 0.000000000000000000, -0.7071067811865451302, -0.7071067811865500152 ) ) ;
#798 = ORIENTED_EDGE ( 'NONE', *, *, #120, .F. ) ;
#799 = DIRECTION ( 'NONE',  ( -0.000000000000000000, -0.000000000000000000, -1.000000000000000000 ) ) ;
#800 = ORIENTED_EDGE ( 'NONE', *, *, #1125, .F. ) ;
#801 =( GEOMETRIC_REPRESENTATION_CONTEXT ( 3 ) GLOBAL_UNCERTAINTY_ASSIGNED_CONTEXT ( ( #1399 ) ) GLOBAL_UNIT_ASSIGNED_CONTEXT ( ( #1231, #1694, #482 ) ) REPRESENTATION_CONTEXT ( 'NONE', 'WORKASPACE' ) );
#802 = DIRECTION ( 'NONE',  ( 1.000000000000000000, 0.000000000000000000, 0.000000000000000000 ) ) ;
#803 = COLOUR_RGB ( '',0.7921568627450980005, 0.8196078431372548767, 0.9333333333333333481 ) ;
#804 = CIRCLE ( 'NONE', #485, 0.1000000000000002554 ) ;
#805 = ORIENTED_EDGE ( 'NONE', *, *, #825, .T. ) ;
#806 = VECTOR ( 'NONE', #441, 1000.000000000000000 ) ;
#807 = ORIENTED_EDGE ( 'NONE', *, *, #1495, .F. ) ;
#808 = DIRECTION ( 'NONE',  ( 0.000000000000000000, -0.000000000000000000, -1.000000000000000000 ) ) ;
#809 = CARTESIAN_POINT ( 'NONE',  ( -3.749999999999996891, -12.02081528017131085, 4.250000000000000000 ) ) ;
#810 = CARTESIAN_POINT ( 'NONE',  ( 4.150000000000000355, 0.5000000000000000000, 1.750000000000000000 ) ) ;
#811 = EDGE_CURVE ( 'NONE', #951, #1119, #1703, .T. ) ;
#812 = CARTESIAN_POINT ( 'NONE',  ( 3.749999999999996891, -12.02081528017131085, 4.250000000000000000 ) ) ;
#813 = DIRECTION ( 'NONE',  ( 0.000000000000000000, 1.000000000000000000, 0.000000000000000000 ) ) ;
#814 = ORIENTED_EDGE ( 'NONE', *, *, #909, .F. ) ;
#815 = CARTESIAN_POINT ( 'NONE',  ( -4.150000000000000355, 0.6000000000000000888, 1.750000000000000000 ) ) ;
#816 = ORIENTED_EDGE ( 'NONE', *, *, #256, .T. ) ;
#817 = DIRECTION ( 'NONE',  ( 1.000000000000000000, -6.195440985631455317E-16, 0.000000000000000000 ) ) ;
#818 = SURFACE_SIDE_STYLE ('',( #1100 ) ) ;
#819 = LINE ( 'NONE', #353, #1118 ) ;
#820 = CARTESIAN_POINT ( 'NONE',  ( 4.250000000000000000, -12.02081528017131085, -3.749999999999996891 ) ) ;
#821 = EDGE_CURVE ( 'NONE', #857, #767, #1885, .T. ) ;
#822 = DIRECTION ( 'NONE',  ( 0.000000000000000000, 0.000000000000000000, -1.000000000000000000 ) ) ;
#823 = ORIENTED_EDGE ( 'NONE', *, *, #1227, .T. ) ;
#824 = DIRECTION ( 'NONE',  ( 0.000000000000000000, 0.000000000000000000, 1.000000000000000000 ) ) ;
#825 = EDGE_CURVE ( 'NONE', #190, #1598, #1735, .T. ) ;
#826 = ORIENTED_EDGE ( 'NONE', *, *, #944, .T. ) ;
#827 = PLANE ( 'NONE',  #1487 ) ;
#828 = CARTESIAN_POINT ( 'NONE',  ( 4.250000000000000000, 0.5999999999999998668, -2.000000000000000000 ) ) ;
#829 = ORIENTED_EDGE ( 'NONE', *, *, #992, .F. ) ;
#830 = DIRECTION ( 'NONE',  ( -9.856383386231860060E-17, -1.000000000000000000, 0.000000000000000000 ) ) ;
#831 = AXIS2_PLACEMENT_3D ( 'NONE', #354, #1870, #1702 ) ;
#832 = CARTESIAN_POINT ( 'NONE',  ( 4.150000000000000355, 0.6000000000000000888, 1.750000000000000000 ) ) ;
#833 = VECTOR ( 'NONE', #85, 1000.000000000000000 ) ;
#834 = SURFACE_SIDE_STYLE ('',( #199 ) ) ;
#835 = AXIS2_PLACEMENT_3D ( 'NONE', #1470, #714, #1144 ) ;
#836 = EDGE_LOOP ( 'NONE', ( #1177, #234, #417, #89 ) ) ;
#837 = DIRECTION ( 'NONE',  ( 0.000000000000000000, 0.000000000000000000, 1.000000000000000000 ) ) ;
#838 = AXIS2_PLACEMENT_3D ( 'NONE', #881, #1296, #858 ) ;
#839 = ORIENTED_EDGE ( 'NONE', *, *, #1912, .T. ) ;
#840 = ADVANCED_FACE ( 'NONE', ( #948 ), #503, .F. ) ;
#841 = PRESENTATION_LAYER_ASSIGNMENT (  '', '', ( #1650 ) ) ;
#842 = EDGE_LOOP ( 'NONE', ( #1651, #1278, #1335, #687 ) ) ;
#843 = FACE_OUTER_BOUND ( 'NONE', #474, .T. ) ;
#844 = DIRECTION ( 'NONE',  ( 0.000000000000000000, 1.000000000000000000, 0.000000000000000000 ) ) ;
#845 = EDGE_LOOP ( 'NONE', ( #101, #967, #1046, #1509 ) ) ;
#846 =( LENGTH_UNIT ( ) NAMED_UNIT ( * ) SI_UNIT ( .MILLI., .METRE. ) );
#847 = ORIENTED_EDGE ( 'NONE', *, *, #1826, .T. ) ;
#848 = LINE ( 'NONE', #1326, #963 ) ;
#849 = ADVANCED_FACE ( 'NONE', ( #1728 ), #44, .T. ) ;
#850 = EDGE_LOOP ( 'NONE', ( #1712, #730, #1739, #718 ) ) ;
#851 = CARTESIAN_POINT ( 'NONE',  ( 4.150000000000000355, 0.6000000000000000888, -1.750000000000000000 ) ) ;
#852 = LINE ( 'NONE', #1594, #1677 ) ;
#853 = CARTESIAN_POINT ( 'NONE',  ( -4.250000000000000000, 2.000000000000000000, -1.750000000000000000 ) ) ;
#854 = ORIENTED_EDGE ( 'NONE', *, *, #1446, .T. ) ;
#855 = ORIENTED_EDGE ( 'NONE', *, *, #663, .F. ) ;
#856 = CARTESIAN_POINT ( 'NONE',  ( -2.799999999999999822, 0.2600000000000020073, 2.000000000000000000 ) ) ;
#857 = VERTEX_POINT ( 'NONE', #982 ) ;
#858 = DIRECTION ( 'NONE',  ( 0.000000000000000000, 0.000000000000000000, 1.000000000000000000 ) ) ;
#859 = CARTESIAN_POINT ( 'NONE',  ( -4.250000000000000000, 0.9999999999999997780, -3.749999999999997780 ) ) ;
#860 = ADVANCED_FACE ( 'NONE', ( #1095 ), #1576, .F. ) ;
#861 = VECTOR ( 'NONE', #1041, 1000.000000000000000 ) ;
#862 = CARTESIAN_POINT ( 'NONE',  ( -4.250000000000000000, 2.000000000000000000, 1.750000000000000000 ) ) ;
#863 = VERTEX_POINT ( 'NONE', #369 ) ;
#864 = AXIS2_PLACEMENT_3D ( 'NONE', #560, #1570, #1845 ) ;
#865 = ORIENTED_EDGE ( 'NONE', *, *, #1372, .T. ) ;
#866 = DIRECTION ( 'NONE',  ( 0.000000000000000000, 1.000000000000000000, -0.000000000000000000 ) ) ;
#867 = VECTOR ( 'NONE', #813, 1000.000000000000000 ) ;
#868 = AXIS2_PLACEMENT_3D ( 'NONE', #1485, #1367, #444 ) ;
#869 = ORIENTED_EDGE ( 'NONE', *, *, #120, .T. ) ;
#870 = VECTOR ( 'NONE', #895, 1000.000000000000000 ) ;
#871 = DIRECTION ( 'NONE',  ( 1.000000000000000000, 0.000000000000000000, -0.000000000000000000 ) ) ;
#872 = AXIS2_PLACEMENT_3D ( 'NONE', #243, #1147, #284 ) ;
#873 = CARTESIAN_POINT ( 'NONE',  ( 4.250000000000000888, 1.700000000000000178, 0.5000000000000000000 ) ) ;
#874 = MANIFOLD_SOLID_BREP ( 'Cut-Extrude4[1]', #1454 ) ;
#875 =( NAMED_UNIT ( * ) PLANE_ANGLE_UNIT ( ) SI_UNIT ( $, .RADIAN. ) );
#876 = EDGE_CURVE ( 'NONE', #1204, #863, #1332, .T. ) ;
#877 = CARTESIAN_POINT ( 'NONE',  ( -4.750000000000000000, 2.000000000000000000, 1.750000000000000000 ) ) ;
#878 = EDGE_LOOP ( 'NONE', ( #1305, #10, #1519, #1758 ) ) ;
#879 = DIRECTION ( 'NONE',  ( 0.000000000000000000, 0.000000000000000000, 1.000000000000000000 ) ) ;
#880 = VERTEX_POINT ( 'NONE', #1546 ) ;
#881 = CARTESIAN_POINT ( 'NONE',  ( -3.750000000000000444, -12.02081528017131085, 3.750000000000000444 ) ) ;
#882 = DIRECTION ( 'NONE',  ( -6.195440985631454331E-16, -1.000000000000000000, 1.084202172485505543E-16 ) ) ;
#883 = CARTESIAN_POINT ( 'NONE',  ( -4.249999999999999112, 0.2600000000000020073, 2.000000000000000000 ) ) ;
#884 = DIRECTION ( 'NONE',  ( 0.000000000000000000, 0.000000000000000000, -1.000000000000000000 ) ) ;
#885 = PLANE ( 'NONE',  #933 ) ;
#886 = EDGE_CURVE ( 'NONE', #1070, #1166, #569, .T. ) ;
#887 = ORIENTED_EDGE ( 'NONE', *, *, #754, .T. ) ;
#888 = FACE_OUTER_BOUND ( 'NONE', #1024, .T. ) ;
#889 = EDGE_CURVE ( 'NONE', #388, #1627, #416, .T. ) ;
#890 = ORIENTED_EDGE ( 'NONE', *, *, #508, .T. ) ;
#891 = CARTESIAN_POINT ( 'NONE',  ( -4.350000000000001421, 1.699999999999994627, -0.4999999999999998890 ) ) ;
#892 = CARTESIAN_POINT ( 'NONE',  ( -3.050000000000000266, 1.084202172485504434E-16, 1.750000000000000000 ) ) ;
#893 = ADVANCED_FACE ( 'NONE', ( #1747 ), #1900, .T. ) ;
#894 = EDGE_LOOP ( 'NONE', ( #1629, #460, #128, #1055 ) ) ;
#895 = DIRECTION ( 'NONE',  ( 0.000000000000000000, -1.000000000000000000, 0.000000000000000000 ) ) ;
#896 = AXIS2_PLACEMENT_3D ( 'NONE', #931, #470, #51 ) ;
#897 = ADVANCED_FACE ( 'NONE', ( #1020 ), #107, .F. ) ;
#898 = ORIENTED_EDGE ( 'NONE', *, *, #182, .F. ) ;
#899 = AXIS2_PLACEMENT_3D ( 'NONE', #622, #149, #1643 ) ;
#900 = CIRCLE ( 'NONE', #272, 0.6000000000000007550 ) ;
#901 = CARTESIAN_POINT ( 'NONE',  ( -3.050000000000000266, 0.5000000000000001110, -1.750000000000000000 ) ) ;
#902 = VECTOR ( 'NONE', #1170, 1000.000000000000000 ) ;
#903 = DIRECTION ( 'NONE',  ( -1.000000000000000000, 0.000000000000000000, 0.000000000000000000 ) ) ;
#904 = FACE_OUTER_BOUND ( 'NONE', #1451, .T. ) ;
#905 = DIRECTION ( 'NONE',  ( -1.000000000000000000, 0.000000000000000000, -0.000000000000000000 ) ) ;
#906 = ORIENTED_EDGE ( 'NONE', *, *, #377, .F. ) ;
#907 = CARTESIAN_POINT ( 'NONE',  ( -3.750000000000000444, -12.02081528017131085, -3.750000000000000444 ) ) ;
#908 = VERTEX_POINT ( 'NONE', #1156 ) ;
#909 = EDGE_CURVE ( 'NONE', #1630, #1189, #1032, .T. ) ;
#910 = DIRECTION ( 'NONE',  ( 0.000000000000000000, 1.000000000000000000, 0.000000000000000000 ) ) ;
#911 = PLANE ( 'NONE',  #1880 ) ;
#912 = CARTESIAN_POINT ( 'NONE',  ( -4.250000000000000000, 0.6000000000000000888, 1.750000000000000000 ) ) ;
#913 = LINE ( 'NONE', #1656, #1843 ) ;
#914 = ORIENTED_EDGE ( 'NONE', *, *, #1227, .F. ) ;
#915 = LINE ( 'NONE', #1520, #870 ) ;
#916 = ORIENTED_EDGE ( 'NONE', *, *, #292, .F. ) ;
#917 = PLANE ( 'NONE',  #200 ) ;
#918 = CARTESIAN_POINT ( 'NONE',  ( 4.750000000000000888, 0.6000000000000000888, -1.750000000000000000 ) ) ;
#919 = EDGE_CURVE ( 'NONE', #715, #1618, #392, .T. ) ;
#920 = DIRECTION ( 'NONE',  ( 0.000000000000000000, -1.000000000000000000, 0.000000000000000000 ) ) ;
#921 = ADVANCED_FACE ( 'NONE', ( #437 ), #1040, .F. ) ;
#922 = DIRECTION ( 'NONE',  ( 0.000000000000000000, 0.000000000000000000, 1.000000000000000000 ) ) ;
#923 = DIRECTION ( 'NONE',  ( 1.000000000000000000, 0.000000000000000000, 0.000000000000000000 ) ) ;
#924 = VERTEX_POINT ( 'NONE', #1631 ) ;
#925 = AXIS2_PLACEMENT_3D ( 'NONE', #877, #1641, #275 ) ;
#926 = VERTEX_POINT ( 'NONE', #259 ) ;
#927 = CARTESIAN_POINT ( 'NONE',  ( 3.750000000000000444, -12.02081528017131085, -3.750000000000000444 ) ) ;
#928 = VECTOR ( 'NONE', #1584, 1000.000000000000114 ) ;
#929 = VECTOR ( 'NONE', #954, 1000.000000000000000 ) ;
#930 = PLANE ( 'NONE',  #744 ) ;
#931 = CARTESIAN_POINT ( 'NONE',  ( -4.150000000000000355, 0.6000000000000000888, 1.750000000000000000 ) ) ;
#932 = EDGE_CURVE ( 'NONE', #35, #1292, #724, .T. ) ;
#933 = AXIS2_PLACEMENT_3D ( 'NONE', #97, #1606, #1738 ) ;
#934 = DIRECTION ( 'NONE',  ( -6.195440985631456303E-16, 1.000000000000000000, 0.000000000000000000 ) ) ;
#935 = ORIENTED_EDGE ( 'NONE', *, *, #468, .T. ) ;
#936 = LINE ( 'NONE', #465, #1211 ) ;
#937 = ORIENTED_EDGE ( 'NONE', *, *, #1898, .T. ) ;
#938 = PLANE ( 'NONE',  #575 ) ;
#939 = LINE ( 'NONE', #1093, #644 ) ;
#940 = DIRECTION ( 'NONE',  ( 1.000000000000000000, 0.000000000000000000, 0.000000000000000000 ) ) ;
#941 = LINE ( 'NONE', #1506, #1424 ) ;
#942 = ORIENTED_EDGE ( 'NONE', *, *, #1384, .T. ) ;
#943 = ORIENTED_EDGE ( 'NONE', *, *, #789, .F. ) ;
#944 = EDGE_CURVE ( 'NONE', #965, #343, #250, .T. ) ;
#945 = CARTESIAN_POINT ( 'NONE',  ( 4.250000000000000000, 0.009999999999999592548, -3.749999999999997780 ) ) ;
#946 = ORIENTED_EDGE ( 'NONE', *, *, #192, .T. ) ;
#947 = DIRECTION ( 'NONE',  ( -1.000000000000000000, 9.856383386231860060E-17, 0.000000000000000000 ) ) ;
#948 = FACE_OUTER_BOUND ( 'NONE', #1069, .T. ) ;
#949 = VERTEX_POINT ( 'NONE', #1930 ) ;
#950 = DIRECTION ( 'NONE',  ( 0.000000000000000000, 1.000000000000000000, 4.336808689942017243E-16 ) ) ;
#951 = VERTEX_POINT ( 'NONE', #1458 ) ;
#952 = DIRECTION ( 'NONE',  ( 0.000000000000000000, -0.000000000000000000, 1.000000000000000000 ) ) ;
#953 = EDGE_CURVE ( 'NONE', #345, #124, #1625, .T. ) ;
#954 = DIRECTION ( 'NONE',  ( 0.000000000000000000, 0.000000000000000000, -1.000000000000000000 ) ) ;
#955 = AXIS2_PLACEMENT_3D ( 'NONE', #406, #539, #1716 ) ;
#956 = LINE ( 'NONE', #1693, #393 ) ;
#957 = CARTESIAN_POINT ( 'NONE',  ( 4.250000000000000000, 1.000000000000000000, -1.750000000000000000 ) ) ;
#958 = AXIS2_PLACEMENT_3D ( 'NONE', #1559, #241, #348 ) ;
#959 = PLANE ( 'NONE',  #578 ) ;
#960 = AXIS2_PLACEMENT_3D ( 'NONE', #1611, #269, #871 ) ;
#961 = EDGE_LOOP ( 'NONE', ( #288, #1768, #758, #526, #1463, #237, #1569, #685, #23, #553 ) ) ;
#962 = DIRECTION ( 'NONE',  ( -1.000000000000000000, -9.856383386231860060E-17, -0.000000000000000000 ) ) ;
#963 = VECTOR ( 'NONE', #708, 1000.000000000000000 ) ;
#964 = PRESENTATION_LAYER_ASSIGNMENT (  '', '', ( #1949 ) ) ;
#965 = VERTEX_POINT ( 'NONE', #891 ) ;
#966 = FACE_OUTER_BOUND ( 'NONE', #489, .T. ) ;
#967 = ORIENTED_EDGE ( 'NONE', *, *, #1370, .F. ) ;
#968 = EDGE_CURVE ( 'NONE', #1627, #1166, #1922, .T. ) ;
#969 = DIRECTION ( 'NONE',  ( -0.000000000000000000, -0.000000000000000000, -1.000000000000000000 ) ) ;
#970 = LINE ( 'NONE', #220, #1940 ) ;
#971 = EDGE_CURVE ( 'NONE', #1598, #1865, #770, .T. ) ;
#972 = DIRECTION ( 'NONE',  ( 0.000000000000000000, 0.000000000000000000, 1.000000000000000000 ) ) ;
#973 = ORIENTED_EDGE ( 'NONE', *, *, #146, .T. ) ;
#974 = LINE ( 'NONE', #1568, #1273 ) ;
#975 = VERTEX_POINT ( 'NONE', #95 ) ;
#976 = CARTESIAN_POINT ( 'NONE',  ( -4.250000000000000888, 1.699999999999999956, -0.5000000000000000000 ) ) ;
#977 = LINE ( 'NONE', #58, #109 ) ;
#978 = VERTEX_POINT ( 'NONE', #703 ) ;
#979 = CARTESIAN_POINT ( 'NONE',  ( 4.250000000000000000, -12.02081528017131085, 3.749999999999996891 ) ) ;
#980 = EDGE_CURVE ( 'NONE', #908, #1561, #1299, .T. ) ;
#981 = FACE_OUTER_BOUND ( 'NONE', #1915, .T. ) ;
#982 = CARTESIAN_POINT ( 'NONE',  ( 4.250000000000000000, 0.6000000000000000888, 1.750000000000000000 ) ) ;
#983 = EDGE_CURVE ( 'NONE', #589, #1076, #900, .T. ) ;
#984 = ORIENTED_EDGE ( 'NONE', *, *, #992, .T. ) ;
#985 = ORIENTED_EDGE ( 'NONE', *, *, #811, .F. ) ;
#986 = LINE ( 'NONE', #396, #1683 ) ;
#987 = DIRECTION ( 'NONE',  ( 0.000000000000000000, 0.000000000000000000, 1.000000000000000000 ) ) ;
#988 = VECTOR ( 'NONE', #635, 1000.000000000000000 ) ;
#989 = CARTESIAN_POINT ( 'NONE',  ( 4.250000000000000888, 1.999999999999999556, 0.5000000000000000000 ) ) ;
#990 = CIRCLE ( 'NONE', #328, 0.5000000000000000000 ) ;
#991 = ORIENTED_EDGE ( 'NONE', *, *, #508, .F. ) ;
#992 = EDGE_CURVE ( 'NONE', #1927, #1433, #1817, .T. ) ;
#993 = VECTOR ( 'NONE', #747, 1000.000000000000000 ) ;
#994 = ORIENTED_EDGE ( 'NONE', *, *, #1288, .F. ) ;
#995 = VECTOR ( 'NONE', #381, 1000.000000000000000 ) ;
#996 = COLOUR_RGB ( '',0.7921568627450980005, 0.8196078431372548767, 0.9333333333333333481 ) ;
#997 = VERTEX_POINT ( 'NONE', #461 ) ;
#998 = DIRECTION ( 'NONE',  ( -1.000000000000000000, 0.000000000000000000, 0.000000000000000000 ) ) ;
#999 = LINE ( 'NONE', #385, #1907 ) ;
#1000 = CARTESIAN_POINT ( 'NONE',  ( -4.250000000000000000, 2.000000000000000000, 1.750000000000000000 ) ) ;
#1001 = VERTEX_POINT ( 'NONE', #316 ) ;
#1002 = CARTESIAN_POINT ( 'NONE',  ( 4.250000000000000000, 1.000000000000000000, -1.749999999999999778 ) ) ;
#1003 = EDGE_CURVE ( 'NONE', #978, #1927, #1527, .T. ) ;
#1004 = ORIENTED_EDGE ( 'NONE', *, *, #600, .T. ) ;
#1005 = DIRECTION ( 'NONE',  ( 1.000000000000000000, 0.000000000000000000, 0.000000000000000000 ) ) ;
#1006 = EDGE_CURVE ( 'NONE', #96, #496, #1504, .T. ) ;
#1007 = ORIENTED_EDGE ( 'NONE', *, *, #627, .F. ) ;
#1008 = LINE ( 'NONE', #559, #1944 ) ;
#1009 = DIRECTION ( 'NONE',  ( -0.000000000000000000, -0.000000000000000000, -1.000000000000000000 ) ) ;
#1010 = DIRECTION ( 'NONE',  ( -1.000000000000000000, 6.195440985631455317E-16, -0.000000000000000000 ) ) ;
#1011 = ORIENTED_EDGE ( 'NONE', *, *, #624, .T. ) ;
#1012 = LINE ( 'NONE', #1002, #210 ) ;
#1013 = ORIENTED_EDGE ( 'NONE', *, *, #1733, .T. ) ;
#1014 = PLANE ( 'NONE',  #9 ) ;
#1015 = LINE ( 'NONE', #82, #1814 ) ;
#1016 = ORIENTED_EDGE ( 'NONE', *, *, #1381, .F. ) ;
#1017 = EDGE_CURVE ( 'NONE', #1502, #1183, #178, .T. ) ;
#1018 = FACE_OUTER_BOUND ( 'NONE', #1460, .T. ) ;
#1019 = CARTESIAN_POINT ( 'NONE',  ( 4.350000000000001421, 1.300000000000000266, -0.5000000000000008882 ) ) ;
#1020 = FACE_OUTER_BOUND ( 'NONE', #790, .T. ) ;
#1021 = ORIENTED_EDGE ( 'NONE', *, *, #8, .T. ) ;
#1022 = VECTOR ( 'NONE', #217, 1000.000000000000000 ) ;
#1023 = VECTOR ( 'NONE', #318, 1000.000000000000000 ) ;
#1024 = EDGE_LOOP ( 'NONE', ( #1849, #556, #1809, #504, #1179 ) ) ;
#1025 = DIRECTION ( 'NONE',  ( 1.000000000000000000, 0.000000000000000000, 0.000000000000000000 ) ) ;
#1026 = AXIS2_PLACEMENT_3D ( 'NONE', #1484, #12, #1526 ) ;
#1027 = VECTOR ( 'NONE', #1352, 1000.000000000000000 ) ;
#1028 = ORIENTED_EDGE ( 'NONE', *, *, #1503, .F. ) ;
#1029 = DIRECTION ( 'NONE',  ( -0.000000000000000000, -0.000000000000000000, -1.000000000000000000 ) ) ;
#1030 = EDGE_CURVE ( 'NONE', #201, #1078, #1376, .T. ) ;
#1031 = CARTESIAN_POINT ( 'NONE',  ( 4.250000000000000888, 1.999999999999999556, 0.5000000000000000000 ) ) ;
#1032 = LINE ( 'NONE', #1000, #1459 ) ;
#1033 = EDGE_CURVE ( 'NONE', #15, #1466, #1347, .T. ) ;
#1034 = LINE ( 'NONE', #892, #861 ) ;
#1035 = CARTESIAN_POINT ( 'NONE',  ( 3.050000000000000266, 1.084202172485504434E-16, -1.750000000000000000 ) ) ;
#1036 = ORIENTED_EDGE ( 'NONE', *, *, #1348, .F. ) ;
#1037 = ORIENTED_EDGE ( 'NONE', *, *, #1663, .T. ) ;
#1038 = LINE ( 'NONE', #1477, #1298 ) ;
#1039 = PRODUCT_DEFINITION ( 'UNKNOWN', '', #778, #1515 ) ;
#1040 = PLANE ( 'NONE',  #1711 ) ;
#1041 = DIRECTION ( 'NONE',  ( 1.000000000000000000, 9.856383386231860060E-17, -0.000000000000000000 ) ) ;
#1042 = EDGE_CURVE ( 'NONE', #1111, #96, #783, .T. ) ;
#1043 = ORIENTED_EDGE ( 'NONE', *, *, #1952, .F. ) ;
#1044 = FACE_OUTER_BOUND ( 'NONE', #1051, .T. ) ;
#1045 = LINE ( 'NONE', #1637, #454 ) ;
#1046 = ORIENTED_EDGE ( 'NONE', *, *, #366, .F. ) ;
#1047 = PLANE ( 'NONE',  #1026 ) ;
#1048 = CARTESIAN_POINT ( 'NONE',  ( -4.150000000000000355, 0.5999999999999998668, 2.000000000000000000 ) ) ;
#1049 = DIRECTION ( 'NONE',  ( -1.000000000000000000, 0.000000000000000000, 0.000000000000000000 ) ) ;
#1050 = CARTESIAN_POINT ( 'NONE',  ( -4.150000000000000355, 0.4999999999999998890, 1.750000000000000000 ) ) ;
#1051 = EDGE_LOOP ( 'NONE', ( #1369, #78, #404, #1718 ) ) ;
#1052 = ADVANCED_FACE ( 'NONE', ( #1954 ), #1959, .T. ) ;
#1053 = CARTESIAN_POINT ( 'NONE',  ( -3.050000000000000266, 0.5000000000000001110, 1.750000000000000000 ) ) ;
#1054 = VECTOR ( 'NONE', #1115, 1000.000000000000000 ) ;
#1055 = ORIENTED_EDGE ( 'NONE', *, *, #1649, .F. ) ;
#1056 = STYLED_ITEM ( 'NONE', ( #77 ), #874 ) ;
#1057 = AXIS2_PLACEMENT_3D ( 'NONE', #979, #712, #1583 ) ;
#1058 = VECTOR ( 'NONE', #1823, 1000.000000000000000 ) ;
#1059 = CARTESIAN_POINT ( 'NONE',  ( 4.150000000000000355, 0.5000000000000000000, -1.750000000000000000 ) ) ;
#1060 = VECTOR ( 'NONE', #1759, 1000.000000000000000 ) ;
#1061 = CARTESIAN_POINT ( 'NONE',  ( 4.249999999999999112, 0.5000000000000000000, -2.000000000000000000 ) ) ;
#1062 = PLANE ( 'NONE',  #168 ) ;
#1063 = ORIENTED_EDGE ( 'NONE', *, *, #285, .F. ) ;
#1064 = ORIENTED_EDGE ( 'NONE', *, *, #246, .F. ) ;
#1065 = CARTESIAN_POINT ( 'NONE',  ( 2.799999999999999822, 0.2600000000000020073, -2.000000000000000000 ) ) ;
#1066 = CARTESIAN_POINT ( 'NONE',  ( -4.150000000000000355, 0.6000000000000000888, -1.750000000000000000 ) ) ;
#1067 = DIRECTION ( 'NONE',  ( -1.000000000000000000, 0.000000000000000000, 0.000000000000000000 ) ) ;
#1068 = CARTESIAN_POINT ( 'NONE',  ( 4.150000000000000355, 0.6000000000000000888, 1.750000000000000000 ) ) ;
#1069 = EDGE_LOOP ( 'NONE', ( #83, #1129, #1146, #1729, #1888, #255 ) ) ;
#1070 = VERTEX_POINT ( 'NONE', #337 ) ;
#1071 = CARTESIAN_POINT ( 'NONE',  ( 4.250000000000000000, -12.02081528017131085, 3.749999999999996891 ) ) ;
#1072 = EDGE_CURVE ( 'NONE', #181, #1927, #755, .T. ) ;
#1073 = CARTESIAN_POINT ( 'NONE',  ( 4.750000000000000000, 2.000000000000000000, 0.5000000000000000000 ) ) ;
#1074 = FILL_AREA_STYLE_COLOUR ( '', #1334 ) ;
#1075 = FACE_OUTER_BOUND ( 'NONE', #1246, .T. ) ;
#1076 = VERTEX_POINT ( 'NONE', #1672 ) ;
#1077 = DIRECTION ( 'NONE',  ( 0.000000000000000000, -1.000000000000000000, 0.000000000000000000 ) ) ;
#1078 = VERTEX_POINT ( 'NONE', #1230 ) ;
#1079 = DIRECTION ( 'NONE',  ( 0.000000000000000000, 1.000000000000000000, 0.000000000000000000 ) ) ;
#1080 = VECTOR ( 'NONE', #1010, 1000.000000000000000 ) ;
#1081 = CIRCLE ( 'NONE', #331, 0.6000000000000007550 ) ;
#1082 = CARTESIAN_POINT ( 'NONE',  ( 2.549999999999996270, 0.01000000000000000021, 2.000000000000000000 ) ) ;
#1083 = EDGE_CURVE ( 'NONE', #597, #715, #137, .T. ) ;
#1084 = VECTOR ( 'NONE', #1315, 1000.000000000000000 ) ;
#1085 = DIRECTION ( 'NONE',  ( -1.000000000000000000, 0.000000000000000000, 0.000000000000000000 ) ) ;
#1086 = CARTESIAN_POINT ( 'NONE',  ( -3.750000000000000444, 0.009999999999999592548, 3.750000000000000444 ) ) ;
#1087 = EDGE_CURVE ( 'NONE', #1292, #1592, #1200, .T. ) ;
#1088 = ORIENTED_EDGE ( 'NONE', *, *, #494, .T. ) ;
#1089 = CARTESIAN_POINT ( 'NONE',  ( 4.250000000000000000, 0.009999999999999592548, 3.749999999999996891 ) ) ;
#1090 = ORIENTED_EDGE ( 'NONE', *, *, #285, .T. ) ;
#1091 = CARTESIAN_POINT ( 'NONE',  ( -4.750000000000000000, 2.000000000000000000, 1.750000000000000000 ) ) ;
#1092 = ORIENTED_EDGE ( 'NONE', *, *, #953, .T. ) ;
#1093 = CARTESIAN_POINT ( 'NONE',  ( -3.749999999999996891, 0.009999999999999592548, -4.250000000000000000 ) ) ;
#1094 = FACE_OUTER_BOUND ( 'NONE', #677, .T. ) ;
#1095 = FACE_OUTER_BOUND ( 'NONE', #1923, .T. ) ;
#1096 = ORIENTED_EDGE ( 'NONE', *, *, #1589, .T. ) ;
#1097 = EDGE_CURVE ( 'NONE', #230, #1547, #362, .T. ) ;
#1098 = EDGE_LOOP ( 'NONE', ( #694, #112, #673, #422 ) ) ;
#1099 = CARTESIAN_POINT ( 'NONE',  ( 4.250000000000000000, 0.5999999999999998668, -1.999999999999999556 ) ) ;
#1100 = SURFACE_STYLE_FILL_AREA ( #666 ) ;
#1101 = EDGE_LOOP ( 'NONE', ( #375, #765, #510, #305, #1096, #216 ) ) ;
#1102 = LINE ( 'NONE', #1397, #1337 ) ;
#1103 = CARTESIAN_POINT ( 'NONE',  ( 4.249999999999999112, 1.300000000000000266, -0.4999999999999963363 ) ) ;
#1104 = CARTESIAN_POINT ( 'NONE',  ( -2.799999999999999822, 0.5000000000000000000, -2.000000000000000000 ) ) ;
#1105 = ORIENTED_EDGE ( 'NONE', *, *, #246, .T. ) ;
#1106 = CARTESIAN_POINT ( 'NONE',  ( 4.250000000000000000, 1.999999999999999556, -3.749999999999997335 ) ) ;
#1107 = EDGE_CURVE ( 'NONE', #1070, #311, #804, .T. ) ;
#1108 = ORIENTED_EDGE ( 'NONE', *, *, #1083, .F. ) ;
#1109 = LINE ( 'NONE', #1700, #988 ) ;
#1110 =( NAMED_UNIT ( * ) SI_UNIT ( $, .STERADIAN. ) SOLID_ANGLE_UNIT ( ) );
#1111 = VERTEX_POINT ( 'NONE', #1640 ) ;
#1112 = VECTOR ( 'NONE', #1534, 1000.000000000000000 ) ;
#1113 = VECTOR ( 'NONE', #794, 1000.000000000000000 ) ;
#1114 = CARTESIAN_POINT ( 'NONE',  ( 4.750000000000000000, 1.700000000000000178, -0.5000000000000000000 ) ) ;
#1115 = DIRECTION ( 'NONE',  ( -1.000000000000000000, 0.000000000000000000, 0.000000000000000000 ) ) ;
#1116 = VECTOR ( 'NONE', #221, 1000.000000000000000 ) ;
#1117 = LINE ( 'NONE', #355, #1908 ) ;
#1118 = VECTOR ( 'NONE', #1701, 1000.000000000000000 ) ;
#1119 = VERTEX_POINT ( 'NONE', #1073 ) ;
#1120 = CARTESIAN_POINT ( 'NONE',  ( 4.250000000000000888, 1.999999999999999556, -0.5000000000000000000 ) ) ;
#1121 = VECTOR ( 'NONE', #144, 1000.000000000000000 ) ;
#1122 = ORIENTED_EDGE ( 'NONE', *, *, #1492, .F. ) ;
#1123 = FACE_OUTER_BOUND ( 'NONE', #1788, .T. ) ;
#1124 = ORIENTED_EDGE ( 'NONE', *, *, #1409, .F. ) ;
#1125 = EDGE_CURVE ( 'NONE', #1760, #1119, #298, .T. ) ;
#1126 = LINE ( 'NONE', #227, #1365 ) ;
#1127 = LINE ( 'NONE', #1756, #66 ) ;
#1128 = DIRECTION ( 'NONE',  ( 0.000000000000000000, 0.000000000000000000, -1.000000000000000000 ) ) ;
#1129 = ORIENTED_EDGE ( 'NONE', *, *, #342, .F. ) ;
#1130 = DIRECTION ( 'NONE',  ( -1.000000000000000000, 0.000000000000000000, 0.000000000000000000 ) ) ;
#1131 = ORIENTED_EDGE ( 'NONE', *, *, #155, .F. ) ;
#1132 = ORIENTED_EDGE ( 'NONE', *, *, #281, .F. ) ;
#1133 = CARTESIAN_POINT ( 'NONE',  ( 4.249999999999999112, 0.2600000000000020073, -2.000000000000000000 ) ) ;
#1134 = ADVANCED_FACE ( 'NONE', ( #1654 ), #911, .T. ) ;
#1135 = FACE_OUTER_BOUND ( 'NONE', #894, .T. ) ;
#1136 = CARTESIAN_POINT ( 'NONE',  ( -4.249999999999999112, 0.5000000000000000000, -2.000000000000000000 ) ) ;
#1137 = VERTEX_POINT ( 'NONE', #1212 ) ;
#1138 = SURFACE_STYLE_FILL_AREA ( #111 ) ;
#1139 = ORIENTED_EDGE ( 'NONE', *, *, #717, .F. ) ;
#1140 = ORIENTED_EDGE ( 'NONE', *, *, #1472, .F. ) ;
#1141 = LINE ( 'NONE', #1593, #609 ) ;
#1142 = FACE_OUTER_BOUND ( 'NONE', #319, .T. ) ;
#1143 = VECTOR ( 'NONE', #1388, 1000.000000000000000 ) ;
#1144 = DIRECTION ( 'NONE',  ( 0.000000000000000000, 0.000000000000000000, 1.000000000000000000 ) ) ;
#1145 = CIRCLE ( 'NONE', #70, 0.5000000000000000000 ) ;
#1146 = ORIENTED_EDGE ( 'NONE', *, *, #1316, .F. ) ;
#1147 = DIRECTION ( 'NONE',  ( -1.000000000000000000, -6.195440985631456303E-16, 1.343422115225471938E-31 ) ) ;
#1148 = ADVANCED_FACE ( 'NONE', ( #13 ), #930, .T. ) ;
#1149 = VECTOR ( 'NONE', #920, 1000.000000000000000 ) ;
#1150 = ORIENTED_EDGE ( 'NONE', *, *, #1751, .T. ) ;
#1151 = CIRCLE ( 'NONE', #1464, 0.5000000000000000000 ) ;
#1152 = CARTESIAN_POINT ( 'NONE',  ( 4.249999999999999112, 0.2600000000000020073, 2.000000000000000000 ) ) ;
#1153 = ORIENTED_EDGE ( 'NONE', *, *, #68, .F. ) ;
#1154 = CARTESIAN_POINT ( 'NONE',  ( -4.350000000000001421, 1.299999999999994715, -0.4999999999999997780 ) ) ;
#1155 = CARTESIAN_POINT ( 'NONE',  ( 2.799999999999999822, 0.2600000000000020073, -2.000000000000000000 ) ) ;
#1156 = CARTESIAN_POINT ( 'NONE',  ( -4.250000000000000000, 0.009999999999999592548, 3.749999999999996891 ) ) ;
#1157 = ORIENTED_EDGE ( 'NONE', *, *, #591, .T. ) ;
#1158 = PRESENTATION_STYLE_ASSIGNMENT (( #1303 ) ) ;
#1159 = VERTEX_POINT ( 'NONE', #658 ) ;
#1160 = EDGE_CURVE ( 'NONE', #311, #715, #1102, .T. ) ;
#1161 = CARTESIAN_POINT ( 'NONE',  ( -4.750000000000000000, 1.000000000000000222, -1.749999999999999778 ) ) ;
#1162 = VERTEX_POINT ( 'NONE', #1405 ) ;
#1163 = DIRECTION ( 'NONE',  ( -6.195440985631456303E-16, 1.000000000000000000, -2.168404344971009361E-16 ) ) ;
#1164 = DIRECTION ( 'NONE',  ( 1.000000000000000000, 0.000000000000000000, -0.000000000000000000 ) ) ;
#1165 = DIRECTION ( 'NONE',  ( 1.000000000000000000, 0.000000000000000000, -4.553649124439027746E-14 ) ) ;
#1166 = VERTEX_POINT ( 'NONE', #1259 ) ;
#1167 = ORIENTED_EDGE ( 'NONE', *, *, #1262, .F. ) ;
#1168 = LINE ( 'NONE', #1769, #806 ) ;
#1169 = EDGE_CURVE ( 'NONE', #159, #589, #1126, .T. ) ;
#1170 = DIRECTION ( 'NONE',  ( -1.000000000000000000, 6.195440985631454331E-16, 0.000000000000000000 ) ) ;
#1171 = ORIENTED_EDGE ( 'NONE', *, *, #304, .F. ) ;
#1172 = EDGE_CURVE ( 'NONE', #1956, #1111, #530, .T. ) ;
#1173 = DIRECTION ( 'NONE',  ( -0.000000000000000000, -0.000000000000000000, -1.000000000000000000 ) ) ;
#1174 = DIRECTION ( 'NONE',  ( 0.000000000000000000, 0.000000000000000000, 1.000000000000000000 ) ) ;
#1175 = VECTOR ( 'NONE', #1049, 1000.000000000000000 ) ;
#1176 = CARTESIAN_POINT ( 'NONE',  ( -4.249999999999999112, 0.5000000000000000000, 2.000000000000000000 ) ) ;
#1177 = ORIENTED_EDGE ( 'NONE', *, *, #676, .T. ) ;
#1178 = AXIS2_PLACEMENT_3D ( 'NONE', #1536, #659, #621 ) ;
#1179 = ORIENTED_EDGE ( 'NONE', *, *, #1097, .T. ) ;
#1180 = CARTESIAN_POINT ( 'NONE',  ( 4.250000000000000000, 0.01000000000000000021, 2.250000000000003553 ) ) ;
#1181 = VECTOR ( 'NONE', #154, 1000.000000000000000 ) ;
#1182 = VECTOR ( 'NONE', #114, 1000.000000000000000 ) ;
#1183 = VERTEX_POINT ( 'NONE', #1133 ) ;
#1184 = ADVANCED_FACE ( 'NONE', ( #41 ), #650, .F. ) ;
#1185 = LINE ( 'NONE', #1453, #1777 ) ;
#1186 = DIRECTION ( 'NONE',  ( 0.000000000000000000, 2.168404344971008868E-16, 1.000000000000000000 ) ) ;
#1187 = ADVANCED_FACE ( 'NONE', ( #640 ), #793, .T. ) ;
#1188 = CARTESIAN_POINT ( 'NONE',  ( 4.249999999999999112, 1.300000000000000266, 0.5000000000000036637 ) ) ;
#1189 = VERTEX_POINT ( 'NONE', #1242 ) ;
#1190 = ORIENTED_EDGE ( 'NONE', *, *, #1916, .T. ) ;
#1191 = DIRECTION ( 'NONE',  ( 0.000000000000000000, -1.000000000000000000, -4.336808689942017736E-16 ) ) ;
#1192 = VERTEX_POINT ( 'NONE', #1732 ) ;
#1193 = CARTESIAN_POINT ( 'NONE',  ( -4.750000000000000888, 0.5999999999999999778, -1.750000000000000000 ) ) ;
#1194 = CARTESIAN_POINT ( 'NONE',  ( -4.249999999999999112, 0.5000000000000000000, -2.000000000000000000 ) ) ;
#1195 = EDGE_CURVE ( 'NONE', #1865, #926, #198, .T. ) ;
#1196 = ORIENTED_EDGE ( 'NONE', *, *, #1636, .T. ) ;
#1197 = DIRECTION ( 'NONE',  ( 1.561251128379126385E-14, 0.000000000000000000, 1.000000000000000000 ) ) ;
#1198 = ORIENTED_EDGE ( 'NONE', *, *, #701, .F. ) ;
#1199 = ORIENTED_EDGE ( 'NONE', *, *, #1264, .F. ) ;
#1200 = LINE ( 'NONE', #772, #1647 ) ;
#1201 = LINE ( 'NONE', #1787, #262 ) ;
#1202 = PRODUCT_RELATED_PRODUCT_CATEGORY ( 'part', '', ( #1374 ) ) ;
#1203 = CARTESIAN_POINT ( 'NONE',  ( -4.350000000000001421, 1.699999999999994849, 0.5000000000000001110 ) ) ;
#1204 = VERTEX_POINT ( 'NONE', #187 ) ;
#1205 = LINE ( 'NONE', #457, #488 ) ;
#1206 = EDGE_CURVE ( 'NONE', #975, #1815, #819, .T. ) ;
#1207 = PLANE ( 'NONE',  #1306 ) ;
#1208 = ORIENTED_EDGE ( 'NONE', *, *, #1673, .F. ) ;
#1209 = AXIS2_PLACEMENT_3D ( 'NONE', #1785, #540, #430 ) ;
#1210 = VECTOR ( 'NONE', #668, 1000.000000000000000 ) ;
#1211 = VECTOR ( 'NONE', #1668, 1000.000000000000000 ) ;
#1212 = CARTESIAN_POINT ( 'NONE',  ( -3.750000000000000444, 0.009999999999999592548, 4.250000000000000000 ) ) ;
#1213 = CARTESIAN_POINT ( 'NONE',  ( -3.050000000000000266, 1.084202172485504434E-16, 1.750000000000000000 ) ) ;
#1214 = DIRECTION ( 'NONE',  ( 1.000000000000000000, 0.000000000000000000, 0.000000000000000000 ) ) ;
#1215 = ORIENTED_EDGE ( 'NONE', *, *, #919, .F. ) ;
#1216 = DIRECTION ( 'NONE',  ( 0.000000000000000000, 1.000000000000000000, -0.000000000000000000 ) ) ;
#1217 = EDGE_CURVE ( 'NONE', #1865, #1192, #939, .T. ) ;
#1218 = ORIENTED_EDGE ( 'NONE', *, *, #1469, .F. ) ;
#1219 = CARTESIAN_POINT ( 'NONE',  ( 3.050000000000000266, 1.084202172485504434E-16, -1.750000000000000000 ) ) ;
#1220 = DIRECTION ( 'NONE',  ( -1.000000000000000000, 0.000000000000000000, 0.000000000000000000 ) ) ;
#1221 = CARTESIAN_POINT ( 'NONE',  ( 4.750000000000000000, 1.000000000000000222, -1.749999999999999778 ) ) ;
#1222 = LINE ( 'NONE', #1050, #1743 ) ;
#1223 = EDGE_LOOP ( 'NONE', ( #855, #1688, #1692, #916 ) ) ;
#1224 = DIRECTION ( 'NONE',  ( 0.000000000000000000, 0.000000000000000000, -1.000000000000000000 ) ) ;
#1225 = VERTEX_POINT ( 'NONE', #1725 ) ;
#1226 = CARTESIAN_POINT ( 'NONE',  ( -4.350000000000001421, 1.299999999999994715, -0.4999999999999997780 ) ) ;
#1227 = EDGE_CURVE ( 'NONE', #343, #303, #956, .T. ) ;
#1228 = DIRECTION ( 'NONE',  ( -1.000000000000000000, -0.000000000000000000, -0.000000000000000000 ) ) ;
#1229 = EDGE_CURVE ( 'NONE', #704, #303, #1535, .T. ) ;
#1230 = CARTESIAN_POINT ( 'NONE',  ( 2.549999999999996270, 0.01000000000000000021, 2.250000000000003553 ) ) ;
#1231 =( LENGTH_UNIT ( ) NAMED_UNIT ( * ) SI_UNIT ( .MILLI., .METRE. ) );
#1232 = CARTESIAN_POINT ( 'NONE',  ( -4.150000000000000355, 0.6000000000000000888, -1.750000000000000000 ) ) ;
#1233 = ORIENTED_EDGE ( 'NONE', *, *, #680, .T. ) ;
#1234 = CARTESIAN_POINT ( 'NONE',  ( -3.750000000000000444, 3.000000000000000000, 3.750000000000000444 ) ) ;
#1235 = VECTOR ( 'NONE', #1471, 1000.000000000000000 ) ;
#1236 = ORIENTED_EDGE ( 'NONE', *, *, #1517, .T. ) ;
#1237 = CYLINDRICAL_SURFACE ( 'NONE', #34, 0.1000000000000002554 ) ;
#1238 = VECTOR ( 'NONE', #844, 1000.000000000000000 ) ;
#1239 = VECTOR ( 'NONE', #1604, 1000.000000000000000 ) ;
#1240 = ORIENTED_EDGE ( 'NONE', *, *, #1649, .T. ) ;
#1241 = AXIS2_PLACEMENT_3D ( 'NONE', #810, #830, #947 ) ;
#1242 = CARTESIAN_POINT ( 'NONE',  ( -4.250000000000000000, 1.999999999999999556, -3.749999999999997335 ) ) ;
#1243 = ADVANCED_FACE ( 'NONE', ( #1890 ), #211, .F. ) ;
#1244 = AXIS2_PLACEMENT_3D ( 'NONE', #79, #1548, #950 ) ;
#1245 = CARTESIAN_POINT ( 'NONE',  ( -4.250000000000000000, 1.000000000000000000, -1.749999999999999778 ) ) ;
#1246 = EDGE_LOOP ( 'NONE', ( #816, #1855, #1132, #1844, #1522 ) ) ;
#1247 = CARTESIAN_POINT ( 'NONE',  ( -4.150000000000000355, 0.5000000000000000000, -1.750000000000000000 ) ) ;
#1248 = ORIENTED_EDGE ( 'NONE', *, *, #690, .T. ) ;
#1249 = CARTESIAN_POINT ( 'NONE',  ( 4.150000000000000355, 0.5000000000000000000, -2.000000000000000000 ) ) ;
#1250 = EDGE_LOOP ( 'NONE', ( #22, #408, #1634, #291, #365, #130, #357, #87, #1779, #1314 ) ) ;
#1251 = DIRECTION ( 'NONE',  ( 0.000000000000000000, 0.000000000000000000, 1.000000000000000000 ) ) ;
#1252 = SURFACE_STYLE_FILL_AREA ( #652 ) ;
#1253 = EDGE_CURVE ( 'NONE', #1590, #1204, #1544, .T. ) ;
#1254 = DIRECTION ( 'NONE',  ( -0.000000000000000000, 0.000000000000000000, 1.000000000000000000 ) ) ;
#1255 = ORIENTED_EDGE ( 'NONE', *, *, #1783, .F. ) ;
#1256 = CARTESIAN_POINT ( 'NONE',  ( -4.133333333333339965, 1.593333333333332158, 0.6666666666666604124 ) ) ;
#1257 = ORIENTED_EDGE ( 'NONE', *, *, #350, .F. ) ;
#1258 = DIRECTION ( 'NONE',  ( 0.000000000000000000, -0.000000000000000000, -1.000000000000000000 ) ) ;
#1259 = CARTESIAN_POINT ( 'NONE',  ( -4.249999999999999112, 0.2600000000000020073, 2.000000000000000000 ) ) ;
#1260 = CARTESIAN_POINT ( 'NONE',  ( -3.050000000000000266, 1.084202172485504434E-16, 1.750000000000000000 ) ) ;
#1261 = ORIENTED_EDGE ( 'NONE', *, *, #821, .T. ) ;
#1262 = EDGE_CURVE ( 'NONE', #1868, #949, #74, .T. ) ;
#1263 = VERTEX_POINT ( 'NONE', #1114 ) ;
#1264 = EDGE_CURVE ( 'NONE', #1078, #1933, #682, .T. ) ;
#1265 = LINE ( 'NONE', #1866, #5 ) ;
#1266 = ORIENTED_EDGE ( 'NONE', *, *, #274, .T. ) ;
#1267 = VECTOR ( 'NONE', #226, 1000.000000000000000 ) ;
#1268 = CIRCLE ( 'NONE', #1521, 0.1000000000000002554 ) ;
#1269 = CARTESIAN_POINT ( 'NONE',  ( 4.350000000000001421, 1.700000000000000400, 0.4999999999999990563 ) ) ;
#1270 = LINE ( 'NONE', #820, #1238 ) ;
#1271 = VECTOR ( 'NONE', #1375, 1000.000000000000000 ) ;
#1272 = PLANE ( 'NONE',  #267 ) ;
#1273 = VECTOR ( 'NONE', #224, 1000.000000000000000 ) ;
#1274 = VERTEX_POINT ( 'NONE', #1882 ) ;
#1275 = CARTESIAN_POINT ( 'NONE',  ( 3.050000000000000266, 1.084202172485504434E-16, 1.750000000000000000 ) ) ;
#1276 = VERTEX_POINT ( 'NONE', #1269 ) ;
#1277 = ADVANCED_FACE ( 'NONE', ( #523 ), #376, .T. ) ;
#1278 = ORIENTED_EDGE ( 'NONE', *, *, #1033, .F. ) ;
#1279 = DIRECTION ( 'NONE',  ( 0.000000000000000000, -0.7071067811865500152, -0.7071067811865451302 ) ) ;
#1280 = DIRECTION ( 'NONE',  ( 1.000000000000000000, 0.000000000000000000, 0.000000000000000000 ) ) ;
#1281 = DIRECTION ( 'NONE',  ( -1.000000000000000000, 0.000000000000000000, 0.000000000000000000 ) ) ;
#1282 = EDGE_LOOP ( 'NONE', ( #1645, #1720, #1108, #599 ) ) ;
#1283 = DIRECTION ( 'NONE',  ( 0.000000000000000000, -1.000000000000000000, 2.168404344971008868E-16 ) ) ;
#1284 = ORIENTED_EDGE ( 'NONE', *, *, #579, .F. ) ;
#1285 = ORIENTED_EDGE ( 'NONE', *, *, #1662, .T. ) ;
#1286 = DIRECTION ( 'NONE',  ( 0.000000000000000000, 0.000000000000000000, -1.000000000000000000 ) ) ;
#1287 = CARTESIAN_POINT ( 'NONE',  ( -2.799999999999999822, 0.5000000000000000000, -2.000000000000000000 ) ) ;
#1288 = EDGE_CURVE ( 'NONE', #35, #345, #1185, .T. ) ;
#1289 = DIRECTION ( 'NONE',  ( 0.000000000000000000, -0.000000000000000000, -1.000000000000000000 ) ) ;
#1290 = EDGE_LOOP ( 'NONE', ( #1832, #1588, #798, #654 ) ) ;
#1291 = DIRECTION ( 'NONE',  ( 0.000000000000000000, 0.000000000000000000, 1.000000000000000000 ) ) ;
#1292 = VERTEX_POINT ( 'NONE', #1623 ) ;
#1293 = FACE_OUTER_BOUND ( 'NONE', #1489, .T. ) ;
#1294 = DIRECTION ( 'NONE',  ( -1.000000000000000000, -6.195440985631454331E-16, 0.000000000000000000 ) ) ;
#1295 = EDGE_LOOP ( 'NONE', ( #351, #1452, #1507, #605 ) ) ;
#1296 = DIRECTION ( 'NONE',  ( 0.000000000000000000, 1.000000000000000000, 0.000000000000000000 ) ) ;
#1297 = CARTESIAN_POINT ( 'NONE',  ( 4.150000000000000355, 0.5000000000000000000, 2.000000000000000000 ) ) ;
#1298 = VECTOR ( 'NONE', #18, 1000.000000000000000 ) ;
#1299 = LINE ( 'NONE', #1913, #138 ) ;
#1300 = EDGE_CURVE ( 'NONE', #1933, #1430, #581, .T. ) ;
#1301 =( GEOMETRIC_REPRESENTATION_CONTEXT ( 3 ) GLOBAL_UNCERTAINTY_ASSIGNED_CONTEXT ( ( #157 ) ) GLOBAL_UNIT_ASSIGNED_CONTEXT ( ( #1400, #875, #398 ) ) REPRESENTATION_CONTEXT ( 'NONE', 'WORKASPACE' ) );
#1302 = VERTEX_POINT ( 'NONE', #1319 ) ;
#1303 = SURFACE_STYLE_USAGE ( .BOTH. , #705 ) ;
#1304 = VECTOR ( 'NONE', #1476, 1000.000000000000000 ) ;
#1305 = ORIENTED_EDGE ( 'NONE', *, *, #1328, .T. ) ;
#1306 = AXIS2_PLACEMENT_3D ( 'NONE', #161, #458, #1659 ) ;
#1307 = LINE ( 'NONE', #434, #1084 ) ;
#1308 = ORIENTED_EDGE ( 'NONE', *, *, #968, .T. ) ;
#1309 = CYLINDRICAL_SURFACE ( 'NONE', #838, 0.5000000000000000000 ) ;
#1310 = LINE ( 'NONE', #1287, #324 ) ;
#1311 = DIRECTION ( 'NONE',  ( 1.000000000000000000, 0.000000000000000000, 0.000000000000000000 ) ) ;
#1312 = EDGE_LOOP ( 'NONE', ( #943, #1390, #1707, #1007 ) ) ;
#1313 = ADVANCED_FACE ( 'NONE', ( #1018 ), #1309, .T. ) ;
#1314 = ORIENTED_EDGE ( 'NONE', *, *, #256, .F. ) ;
#1315 = DIRECTION ( 'NONE',  ( 0.000000000000000000, 0.000000000000000000, 1.000000000000000000 ) ) ;
#1316 = EDGE_CURVE ( 'NONE', #863, #1276, #116, .T. ) ;
#1317 = FACE_OUTER_BOUND ( 'NONE', #1961, .T. ) ;
#1318 = ORIENTED_EDGE ( 'NONE', *, *, #1107, .F. ) ;
#1319 = CARTESIAN_POINT ( 'NONE',  ( 2.799999999999999822, 0.5000000000000000000, -2.000000000000000000 ) ) ;
#1320 = CYLINDRICAL_SURFACE ( 'NONE', #1551, 0.5000000000000000000 ) ;
#1321 = DIRECTION ( 'NONE',  ( -0.000000000000000000, -0.000000000000000000, -1.000000000000000000 ) ) ;
#1322 = LINE ( 'NONE', #1860, #572 ) ;
#1323 = DIRECTION ( 'NONE',  ( 1.000000000000000000, 0.000000000000000000, 0.000000000000000000 ) ) ;
#1324 = EDGE_CURVE ( 'NONE', #727, #1607, #1437, .T. ) ;
#1325 = VERTEX_POINT ( 'NONE', #239 ) ;
#1326 = CARTESIAN_POINT ( 'NONE',  ( -4.150000000000000355, 0.5000000000000000000, 1.750000000000000000 ) ) ;
#1327 = CARTESIAN_POINT ( 'NONE',  ( 4.750000000000000000, 2.000000000000000000, 0.5000000000000000000 ) ) ;
#1328 = EDGE_CURVE ( 'NONE', #1076, #1473, #1008, .T. ) ;
#1329 = ORIENTED_EDGE ( 'NONE', *, *, #1072, .F. ) ;
#1330 = LINE ( 'NONE', #248, #1713 ) ;
#1331 = DIRECTION ( 'NONE',  ( 1.000000000000000000, 6.195440985631455317E-16, 0.000000000000000000 ) ) ;
#1332 = LINE ( 'NONE', #1188, #423 ) ;
#1333 = DIRECTION ( 'NONE',  ( 1.000000000000000000, 0.000000000000000000, 0.000000000000000000 ) ) ;
#1334 = COLOUR_RGB ( '',0.7921568627450980005, 0.8196078431372548767, 0.9333333333333333481 ) ;
#1335 = ORIENTED_EDGE ( 'NONE', *, *, #565, .F. ) ;
#1336 = FACE_OUTER_BOUND ( 'NONE', #1098, .T. ) ;
#1337 = VECTOR ( 'NONE', #60, 1000.000000000000000 ) ;
#1338 = AXIS2_PLACEMENT_3D ( 'NONE', #907, #1531, #312 ) ;
#1339 = ORIENTED_EDGE ( 'NONE', *, *, #1532, .F. ) ;
#1340 = ADVANCED_FACE ( 'NONE', ( #843 ), #691, .T. ) ;
#1341 = PLANE ( 'NONE',  #1617 ) ;
#1342 = CARTESIAN_POINT ( 'NONE',  ( -3.050000000000000266, 0.5000000000000001110, 1.750000000000000000 ) ) ;
#1343 = CARTESIAN_POINT ( 'NONE',  ( 4.150000000000000355, 0.6000000000000000888, 1.750000000000000000 ) ) ;
#1344 = EDGE_LOOP ( 'NONE', ( #1088, #1063, #906, #689 ) ) ;
#1345 = CARTESIAN_POINT ( 'NONE',  ( -4.250000000000000888, 1.999999999999999556, 0.5000000000000000000 ) ) ;
#1346 = ORIENTED_EDGE ( 'NONE', *, *, #1006, .F. ) ;
#1347 = LINE ( 'NONE', #1342, #1427 ) ;
#1348 = EDGE_CURVE ( 'NONE', #623, #496, #1141, .T. ) ;
#1349 = PLANE ( 'NONE',  #323 ) ;
#1350 = DIRECTION ( 'NONE',  ( -0.000000000000000000, -0.000000000000000000, 1.000000000000000000 ) ) ;
#1351 = EDGE_LOOP ( 'NONE', ( #399, #1329, #1601, #1090 ) ) ;
#1352 = DIRECTION ( 'NONE',  ( 0.000000000000000000, 2.168404344971008868E-16, 1.000000000000000000 ) ) ;
#1353 = VERTEX_POINT ( 'NONE', #1447 ) ;
#1354 = LINE ( 'NONE', #753, #675 ) ;
#1355 = DIRECTION ( 'NONE',  ( -1.000000000000000000, 0.000000000000000000, 0.000000000000000000 ) ) ;
#1356 = DIRECTION ( 'NONE',  ( 0.000000000000000000, -0.000000000000000000, -1.000000000000000000 ) ) ;
#1357 = AXIS2_PLACEMENT_3D ( 'NONE', #1486, #1945, #1616 ) ;
#1358 = EDGE_CURVE ( 'NONE', #1302, #1430, #279, .T. ) ;
#1359 = DIRECTION ( 'NONE',  ( -0.000000000000000000, -0.000000000000000000, -1.000000000000000000 ) ) ;
#1360 = VERTEX_POINT ( 'NONE', #537 ) ;
#1361 = VECTOR ( 'NONE', #127, 1000.000000000000000 ) ;
#1362 = VERTEX_POINT ( 'NONE', #1928 ) ;
#1363 = DIRECTION ( 'NONE',  ( -0.000000000000000000, -0.000000000000000000, 1.000000000000000000 ) ) ;
#1364 = VECTOR ( 'NONE', #1416, 1000.000000000000000 ) ;
#1365 = VECTOR ( 'NONE', #969, 1000.000000000000000 ) ;
#1366 = AXIS2_PLACEMENT_3D ( 'NONE', #1053, #1646, #603 ) ;
#1367 = DIRECTION ( 'NONE',  ( 0.000000000000000000, 0.000000000000000000, 1.000000000000000000 ) ) ;
#1368 = CARTESIAN_POINT ( 'NONE',  ( -4.250000000000000888, 1.299999999999994715, -0.4999999999999997780 ) ) ;
#1369 = ORIENTED_EDGE ( 'NONE', *, *, #1879, .T. ) ;
#1370 = EDGE_CURVE ( 'NONE', #1690, #704, #986, .T. ) ;
#1371 = ORIENTED_EDGE ( 'NONE', *, *, #1481, .F. ) ;
#1372 = EDGE_CURVE ( 'NONE', #924, #1137, #384, .T. ) ;
#1373 = LINE ( 'NONE', #336, #1112 ) ;
#1374 = PRODUCT ( 'CDMC8D28NP-1R2MC', 'CDMC8D28NP-1R2MC', '', ( #1932 ) ) ;
#1375 = DIRECTION ( 'NONE',  ( -6.195440985631453345E-16, -1.000000000000000000, -0.000000000000000000 ) ) ;
#1376 = LINE ( 'NONE', #1082, #993 ) ;
#1377 = LINE ( 'NONE', #1545, #1113 ) ;
#1378 = UNCERTAINTY_MEASURE_WITH_UNIT (LENGTH_MEASURE( 1.000000000000000082E-05 ), #208, 'distance_accuracy_value', 'NONE');
#1379 = DIRECTION ( 'NONE',  ( 0.000000000000000000, 0.000000000000000000, 1.000000000000000000 ) ) ;
#1380 = ORIENTED_EDGE ( 'NONE', *, *, #438, .T. ) ;
#1381 = EDGE_CURVE ( 'NONE', #880, #1076, #1330, .T. ) ;
#1382 = ORIENTED_EDGE ( 'NONE', *, *, #1673, .T. ) ;
#1383 = FACE_OUTER_BOUND ( 'NONE', #1965, .T. ) ;
#1384 = EDGE_CURVE ( 'NONE', #1433, #1681, #1081, .T. ) ;
#1385 = CARTESIAN_POINT ( 'NONE',  ( -4.250000000000000000, 1.000000000000000000, -1.749999999999999778 ) ) ;
#1386 = VERTEX_POINT ( 'NONE', #92 ) ;
#1387 = DIRECTION ( 'NONE',  ( 1.000000000000000000, 0.000000000000000000, -0.000000000000000000 ) ) ;
#1388 = DIRECTION ( 'NONE',  ( 0.000000000000000000, 1.000000000000000000, 0.000000000000000000 ) ) ;
#1389 = CARTESIAN_POINT ( 'NONE',  ( 4.350000000000001421, 1.700000000000000178, -0.5000000000000009992 ) ) ;
#1390 = ORIENTED_EDGE ( 'NONE', *, *, #1633, .F. ) ;
#1391 = VERTEX_POINT ( 'NONE', #1773 ) ;
#1392 = DIRECTION ( 'NONE',  ( 1.000000000000000000, 0.000000000000000000, 0.000000000000000000 ) ) ;
#1393 = AXIS2_PLACEMENT_3D ( 'NONE', #29, #922, #1067 ) ;
#1394 = AXIS2_PLACEMENT_3D ( 'NONE', #189, #601, #1687 ) ;
#1395 = ADVANCED_FACE ( 'NONE', ( #414 ), #426, .F. ) ;
#1396 = VECTOR ( 'NONE', #1511, 1000.000000000000000 ) ;
#1397 = CARTESIAN_POINT ( 'NONE',  ( -4.150000000000000355, 0.5000000000000000000, -1.999999999999999556 ) ) ;
#1398 = COLOUR_RGB ( '',0.5019607843137254832, 0.5019607843137254832, 0.5019607843137254832 ) ;
#1399 = UNCERTAINTY_MEASURE_WITH_UNIT (LENGTH_MEASURE( 1.000000000000000082E-05 ), #1231, 'distance_accuracy_value', 'NONE');
#1400 =( LENGTH_UNIT ( ) NAMED_UNIT ( * ) SI_UNIT ( .MILLI., .METRE. ) );
#1401 = ORIENTED_EDGE ( 'NONE', *, *, #132, .F. ) ;
#1402 = ORIENTED_EDGE ( 'NONE', *, *, #1087, .T. ) ;
#1403 = LINE ( 'NONE', #656, #2 ) ;
#1404 = ORIENTED_EDGE ( 'NONE', *, *, #1406, .T. ) ;
#1405 = CARTESIAN_POINT ( 'NONE',  ( 4.250000000000000000, 0.009999999999999592548, -2.250000000000003109 ) ) ;
#1406 = EDGE_CURVE ( 'NONE', #696, #1868, #700, .T. ) ;
#1407 = LINE ( 'NONE', #1103, #1642 ) ;
#1408 = DIRECTION ( 'NONE',  ( 1.000000000000000000, 0.000000000000000000, 0.000000000000000000 ) ) ;
#1409 = EDGE_CURVE ( 'NONE', #1798, #965, #551, .T. ) ;
#1410 = EDGE_LOOP ( 'NONE', ( #1948, #1417, #1199, #491 ) ) ;
#1411 = LINE ( 'NONE', #1275, #995 ) ;
#1412 = EDGE_LOOP ( 'NONE', ( #197, #1248, #360, #1208 ) ) ;
#1413 = DIRECTION ( 'NONE',  ( -0.000000000000000000, -0.000000000000000000, -1.000000000000000000 ) ) ;
#1414 = DIRECTION ( 'NONE',  ( -1.000000000000000000, 0.000000000000000000, -0.000000000000000000 ) ) ;
#1415 = DIRECTION ( 'NONE',  ( 0.000000000000000000, -1.000000000000000000, 0.000000000000000000 ) ) ;
#1416 = DIRECTION ( 'NONE',  ( -0.000000000000000000, 1.084202172485505543E-16, 1.000000000000000000 ) ) ;
#1417 = ORIENTED_EDGE ( 'NONE', *, *, #1300, .F. ) ;
#1418 = PLANE ( 'NONE',  #1244 ) ;
#1419 = ADVANCED_FACE ( 'NONE', ( #1816 ), #1341, .T. ) ;
#1420 = ORIENTED_EDGE ( 'NONE', *, *, #740, .F. ) ;
#1421 = DIRECTION ( 'NONE',  ( 0.000000000000000000, -0.000000000000000000, -1.000000000000000000 ) ) ;
#1422 = LINE ( 'NONE', #71, #647 ) ;
#1423 = VECTOR ( 'NONE', #1624, 1000.000000000000000 ) ;
#1424 = VECTOR ( 'NONE', #1666, 1000.000000000000000 ) ;
#1425 = CARTESIAN_POINT ( 'NONE',  ( -4.249999999999999112, 0.2600000000000020073, -2.000000000000000000 ) ) ;
#1426 = CARTESIAN_POINT ( 'NONE',  ( 4.750000000000000000, 2.000000000000000000, 1.750000000000000000 ) ) ;
#1427 = VECTOR ( 'NONE', #1968, 1000.000000000000000 ) ;
#1428 = SURFACE_STYLE_USAGE ( .BOTH. , #834 ) ;
#1429 = VECTOR ( 'NONE', #1191, 1000.000000000000000 ) ;
#1430 = VERTEX_POINT ( 'NONE', #1065 ) ;
#1431 = PLANE ( 'NONE',  #140 ) ;
#1432 = ADVANCED_FACE ( 'NONE', ( #745 ), #1047, .F. ) ;
#1433 = VERTEX_POINT ( 'NONE', #918 ) ;
#1434 = CARTESIAN_POINT ( 'NONE',  ( -4.250000000000000888, 1.999999999999999556, -0.5000000000000000000 ) ) ;
#1435 = EDGE_CURVE ( 'NONE', #1572, #190, #134, .T. ) ;
#1436 = ORIENTED_EDGE ( 'NONE', *, *, #1435, .F. ) ;
#1437 = LINE ( 'NONE', #84, #1304 ) ;
#1438 = CARTESIAN_POINT ( 'NONE',  ( -4.150000000000000355, 0.4999999999999998890, -1.750000000000000000 ) ) ;
#1439 = DIRECTION ( 'NONE',  ( 0.000000000000000000, -0.000000000000000000, -1.000000000000000000 ) ) ;
#1440 = ORIENTED_EDGE ( 'NONE', *, *, #1879, .F. ) ;
#1441 = CARTESIAN_POINT ( 'NONE',  ( 2.799999999999999822, 0.2600000000000020073, 2.000000000000000000 ) ) ;
#1442 = ORIENTED_EDGE ( 'NONE', *, *, #1172, .F. ) ;
#1443 = DIRECTION ( 'NONE',  ( 9.856383386231860060E-17, -1.000000000000000000, 0.000000000000000000 ) ) ;
#1444 = EDGE_CURVE ( 'NONE', #566, #159, #295, .T. ) ;
#1445 = VERTEX_POINT ( 'NONE', #628 ) ;
#1446 = EDGE_CURVE ( 'NONE', #1353, #589, #590, .T. ) ;
#1447 = CARTESIAN_POINT ( 'NONE',  ( -4.750000000000000000, 1.000000000000000222, -1.749999999999999778 ) ) ;
#1448 = DIRECTION ( 'NONE',  ( -1.000000000000000000, 6.195440985631455317E-16, -0.000000000000000000 ) ) ;
#1449 = DIRECTION ( 'NONE',  ( 0.000000000000000000, 0.000000000000000000, 1.000000000000000000 ) ) ;
#1450 = ORIENTED_EDGE ( 'NONE', *, *, #1444, .F. ) ;
#1451 = EDGE_LOOP ( 'NONE', ( #380, #349, #1638, #1824 ) ) ;
#1452 = ORIENTED_EDGE ( 'NONE', *, *, #1253, .T. ) ;
#1453 = CARTESIAN_POINT ( 'NONE',  ( -4.250000000000000000, 0.6000000000000000888, 1.750000000000000000 ) ) ;
#1454 = CLOSED_SHELL ( 'NONE', ( #532, #1575, #222, #481, #762, #1822, #1710, #555, #1835, #3, #638, #389, #1419, #653, #1395, #538, #1935, #1874 ) ) ;
#1455 = EDGE_CURVE ( 'NONE', #1791, #181, #443, .T. ) ;
#1456 = LINE ( 'NONE', #1726, #833 ) ;
#1457 = MECHANICAL_DESIGN_GEOMETRIC_PRESENTATION_REPRESENTATION (  '', ( #1742 ), #801 ) ;
#1458 = CARTESIAN_POINT ( 'NONE',  ( 4.250000000000000888, 1.999999999999999556, 0.5000000000000000000 ) ) ;
#1459 = VECTOR ( 'NONE', #1321, 1000.000000000000000 ) ;
#1460 = EDGE_LOOP ( 'NONE', ( #602, #56, #413, #807 ) ) ;
#1461 = FACE_OUTER_BOUND ( 'NONE', #845, .T. ) ;
#1462 = AXIS2_PLACEMENT_3D ( 'NONE', #1425, #28, #1414 ) ;
#1463 = ORIENTED_EDGE ( 'NONE', *, *, #292, .T. ) ;
#1464 = AXIS2_PLACEMENT_3D ( 'NONE', #1234, #1216, #788 ) ;
#1465 = FACE_OUTER_BOUND ( 'NONE', #1412, .T. ) ;
#1466 = VERTEX_POINT ( 'NONE', #901 ) ;
#1467 = CARTESIAN_POINT ( 'NONE',  ( 2.799999999999999822, 0.2600000000000020073, -2.000000000000000000 ) ) ;
#1468 = LINE ( 'NONE', #1031, #1423 ) ;
#1469 = EDGE_CURVE ( 'NONE', #1690, #1325, #1354, .T. ) ;
#1470 = CARTESIAN_POINT ( 'NONE',  ( 3.050000000000000266, 0.5000000000000001110, 1.750000000000000000 ) ) ;
#1471 = DIRECTION ( 'NONE',  ( -1.000000000000000000, 6.195440985631454331E-16, 0.000000000000000000 ) ) ;
#1472 = EDGE_CURVE ( 'NONE', #997, #1572, #374, .T. ) ;
#1473 = VERTEX_POINT ( 'NONE', #1867 ) ;
#1474 = DIRECTION ( 'NONE',  ( 0.000000000000000000, -1.000000000000000000, -0.000000000000000000 ) ) ;
#1475 = ORIENTED_EDGE ( 'NONE', *, *, #411, .T. ) ;
#1476 = DIRECTION ( 'NONE',  ( 1.000000000000000000, 0.000000000000000000, 0.000000000000000000 ) ) ;
#1477 = CARTESIAN_POINT ( 'NONE',  ( 4.750000000000000000, 2.000000000000000000, 1.750000000000000000 ) ) ;
#1478 = ORIENTED_EDGE ( 'NONE', *, *, #123, .T. ) ;
#1479 = PLANE ( 'NONE',  #872 ) ;
#1480 = ORIENTED_EDGE ( 'NONE', *, *, #1589, .F. ) ;
#1481 = EDGE_CURVE ( 'NONE', #1137, #727, #196, .T. ) ;
#1482 = PLANE ( 'NONE',  #334 ) ;
#1483 = ORIENTED_EDGE ( 'NONE', *, *, #1686, .T. ) ;
#1484 = CARTESIAN_POINT ( 'NONE',  ( 2.478176394252414494E-16, 1.300000000000000266, -2.818925648462312021E-16 ) ) ;
#1485 = CARTESIAN_POINT ( 'NONE',  ( 4.150000000000000355, 0.5999999999999998668, 2.000000000000000000 ) ) ;
#1486 = CARTESIAN_POINT ( 'NONE',  ( 4.249999999999999112, 0.2600000000000020073, -2.000000000000000000 ) ) ;
#1487 = AXIS2_PLACEMENT_3D ( 'NONE', #373, #499, #1258 ) ;
#1488 = VECTOR ( 'NONE', #282, 1000.000000000000000 ) ;
#1489 = EDGE_LOOP ( 'NONE', ( #613, #1308, #721, #542, #1266 ) ) ;
#1490 = LINE ( 'NONE', #143, #364 ) ;
#1491 = VECTOR ( 'NONE', #1286, 1000.000000000000000 ) ;
#1492 = EDGE_CURVE ( 'NONE', #1473, #1466, #977, .T. ) ;
#1493 = AXIS2_PLACEMENT_3D ( 'NONE', #596, #1224, #1831 ) ;
#1494 = ORIENTED_EDGE ( 'NONE', *, *, #64, .T. ) ;
#1495 = EDGE_CURVE ( 'NONE', #908, #391, #1834, .T. ) ;
#1496 = DIRECTION ( 'NONE',  ( 6.195440985631453345E-16, -1.000000000000000000, -0.000000000000000000 ) ) ;
#1497 = PLANE ( 'NONE',  #925 ) ;
#1498 = MANIFOLD_SOLID_BREP ( 'Fillet1', #1705 ) ;
#1499 = CARTESIAN_POINT ( 'NONE',  ( 4.150000000000000355, 0.5000000000000000000, 2.000000000000000000 ) ) ;
#1500 = ORIENTED_EDGE ( 'NONE', *, *, #1358, .F. ) ;
#1501 = CARTESIAN_POINT ( 'NONE',  ( 4.750000000000000888, 0.5999999999999999778, 1.750000000000000000 ) ) ;
#1502 = VERTEX_POINT ( 'NONE', #828 ) ;
#1503 = EDGE_CURVE ( 'NONE', #1292, #566, #1422, .T. ) ;
#1504 = LINE ( 'NONE', #1059, #299 ) ;
#1505 = DIRECTION ( 'NONE',  ( 6.195440985631455317E-16, -1.000000000000000000, 2.168404344971009115E-16 ) ) ;
#1506 = CARTESIAN_POINT ( 'NONE',  ( 2.799999999999999822, 0.2600000000000020073, 2.000000000000000000 ) ) ;
#1507 = ORIENTED_EDGE ( 'NONE', *, *, #876, .T. ) ;
#1508 = CARTESIAN_POINT ( 'NONE',  ( 4.250000000000000000, 0.6000000000000000888, -1.750000000000000000 ) ) ;
#1509 = ORIENTED_EDGE ( 'NONE', *, *, #1409, .T. ) ;
#1510 = DIRECTION ( 'NONE',  ( 0.000000000000000000, -0.000000000000000000, 1.000000000000000000 ) ) ;
#1511 = DIRECTION ( 'NONE',  ( 1.000000000000000000, 6.195440985631454331E-16, 0.000000000000000000 ) ) ;
#1512 = EDGE_CURVE ( 'NONE', #124, #1353, #792, .T. ) ;
#1513 = DIRECTION ( 'NONE',  ( 0.000000000000000000, -0.000000000000000000, -1.000000000000000000 ) ) ;
#1514 = AXIS2_PLACEMENT_3D ( 'NONE', #300, #884, #1955 ) ;
#1515 = PRODUCT_DEFINITION_CONTEXT ( 'detailed design', #40, 'design' ) ;
#1516 = DIRECTION ( 'NONE',  ( 1.000000000000000000, -9.856383386231860060E-17, -0.000000000000000000 ) ) ;
#1517 = EDGE_CURVE ( 'NONE', #263, #1893, #636, .T. ) ;
#1518 = AXIS2_PLACEMENT_3D ( 'NONE', #552, #531, #1899 ) ;
#1519 = ORIENTED_EDGE ( 'NONE', *, *, #8, .F. ) ;
#1520 = CARTESIAN_POINT ( 'NONE',  ( 4.249999999999999112, 0.5000000000000000000, 2.000000000000000000 ) ) ;
#1521 = AXIS2_PLACEMENT_3D ( 'NONE', #1068, #776, #1962 ) ;
#1522 = ORIENTED_EDGE ( 'NONE', *, *, #919, .T. ) ;
#1523 = DIRECTION ( 'NONE',  ( 0.000000000000000000, 1.000000000000000000, 0.000000000000000000 ) ) ;
#1524 = VECTOR ( 'NONE', #910, 1000.000000000000000 ) ;
#1525 = AXIS2_PLACEMENT_3D ( 'NONE', #1842, #487, #1964 ) ;
#1526 = DIRECTION ( 'NONE',  ( 0.000000000000000000, -2.168404344971008868E-16, -1.000000000000000000 ) ) ;
#1527 = LINE ( 'NONE', #1221, #236 ) ;
#1528 = DIRECTION ( 'NONE',  ( -0.000000000000000000, 0.000000000000000000, 1.000000000000000000 ) ) ;
#1529 = CARTESIAN_POINT ( 'NONE',  ( 4.150000000000000355, 0.4999999999999998890, 1.750000000000000000 ) ) ;
#1530 = ORIENTED_EDGE ( 'NONE', *, *, #983, .T. ) ;
#1531 = DIRECTION ( 'NONE',  ( 0.000000000000000000, 1.000000000000000000, 0.000000000000000000 ) ) ;
#1532 = EDGE_CURVE ( 'NONE', #1630, #634, #412, .T. ) ;
#1533 = VERTEX_POINT ( 'NONE', #100 ) ;
#1534 = DIRECTION ( 'NONE',  ( 1.000000000000000000, 6.195440985631455317E-16, 0.000000000000000000 ) ) ;
#1535 = LINE ( 'NONE', #346, #580 ) ;
#1536 = CARTESIAN_POINT ( 'NONE',  ( 2.799999999999999822, 0.5000000000000000000, -2.000000000000000000 ) ) ;
#1537 = CARTESIAN_POINT ( 'NONE',  ( 4.350000000000001421, 1.300000000000000266, -0.5000000000000008882 ) ) ;
#1538 = ORIENTED_EDGE ( 'NONE', *, *, #1889, .F. ) ;
#1539 = CARTESIAN_POINT ( 'NONE',  ( -4.750000000000000000, 1.000000000000000000, -3.749999999999997780 ) ) ;
#1540 = EDGE_CURVE ( 'NONE', #1192, #1533, #1015, .T. ) ;
#1541 = ORIENTED_EDGE ( 'NONE', *, *, #1229, .T. ) ;
#1542 = FACE_OUTER_BOUND ( 'NONE', #563, .T. ) ;
#1543 = CARTESIAN_POINT ( 'NONE',  ( -2.549999999999996270, 0.01000000000000000021, -2.000000000000000000 ) ) ;
#1544 = LINE ( 'NONE', #50, #1210 ) ;
#1545 = CARTESIAN_POINT ( 'NONE',  ( 4.249999999999999112, 0.2600000000000020073, -2.000000000000000000 ) ) ;
#1546 = CARTESIAN_POINT ( 'NONE',  ( -4.150000000000000355, 0.000000000000000000, 1.750000000000000000 ) ) ;
#1547 = VERTEX_POINT ( 'NONE', #688 ) ;
#1548 = DIRECTION ( 'NONE',  ( -2.686844230450943000E-31, 4.336808689942017243E-16, -1.000000000000000000 ) ) ;
#1549 = ORIENTED_EDGE ( 'NONE', *, *, #821, .F. ) ;
#1550 = CARTESIAN_POINT ( 'NONE',  ( -2.799999999999999822, 0.5000000000000000000, 2.000000000000000000 ) ) ;
#1551 = AXIS2_PLACEMENT_3D ( 'NONE', #927, #1523, #11 ) ;
#1552 = ADVANCED_FACE ( 'NONE', ( #1317 ), #1740, .F. ) ;
#1553 = SURFACE_STYLE_USAGE ( .BOTH. , #818 ) ;
#1554 = AXIS2_PLACEMENT_3D ( 'NONE', #1136, #1254, #1408 ) ;
#1555 = EDGE_CURVE ( 'NONE', #1362, #1933, #1770, .T. ) ;
#1556 = VECTOR ( 'NONE', #1602, 1000.000000000000000 ) ;
#1557 = DIRECTION ( 'NONE',  ( 0.000000000000000000, 2.168404344971008868E-16, 1.000000000000000000 ) ) ;
#1558 = CARTESIAN_POINT ( 'NONE',  ( -4.250000000000000000, 0.009999999999999592548, -2.250000000000003109 ) ) ;
#1559 = CARTESIAN_POINT ( 'NONE',  ( 0.000000000000000000, 0.01000000000000000021, 0.000000000000000000 ) ) ;
#1560 = EDGE_LOOP ( 'NONE', ( #409, #1036, #223, #1105 ) ) ;
#1561 = VERTEX_POINT ( 'NONE', #1648 ) ;
#1562 = CARTESIAN_POINT ( 'NONE',  ( -4.150000000000000355, 0.6000000000000000888, 1.750000000000000000 ) ) ;
#1563 = CARTESIAN_POINT ( 'NONE',  ( 3.050000000000000266, 0.5000000000000001110, 1.750000000000000000 ) ) ;
#1564 = EDGE_CURVE ( 'NONE', #394, #1119, #588, .T. ) ;
#1565 = CARTESIAN_POINT ( 'NONE',  ( -4.150000000000000355, 0.5000000000000000000, 2.000000000000000000 ) ) ;
#1566 = FACE_OUTER_BOUND ( 'NONE', #648, .T. ) ;
#1567 = ORIENTED_EDGE ( 'NONE', *, *, #1898, .F. ) ;
#1568 = CARTESIAN_POINT ( 'NONE',  ( 4.250000000000000000, 2.000000000000000000, 1.750000000000000000 ) ) ;
#1569 = ORIENTED_EDGE ( 'NONE', *, *, #468, .F. ) ;
#1570 = DIRECTION ( 'NONE',  ( -0.000000000000000000, -0.000000000000000000, -1.000000000000000000 ) ) ;
#1571 = PRESENTATION_STYLE_ASSIGNMENT (( #1553 ) ) ;
#1572 = VERTEX_POINT ( 'NONE', #1813 ) ;
#1573 = CARTESIAN_POINT ( 'NONE',  ( 4.250000000000000000, 1.999999999999999556, -3.749999999999997335 ) ) ;
#1574 = CARTESIAN_POINT ( 'NONE',  ( -4.750000000000000000, 1.700000000000000400, 0.5000000000000000000 ) ) ;
#1575 = ADVANCED_FACE ( 'NONE', ( #1936 ), #1207, .F. ) ;
#1576 = PLANE ( 'NONE',  #958 ) ;
#1577 = ORIENTED_EDGE ( 'NONE', *, *, #377, .T. ) ;
#1578 = CARTESIAN_POINT ( 'NONE',  ( -4.150000000000000355, 0.4999999999999998890, 1.750000000000000000 ) ) ;
#1579 = ORIENTED_EDGE ( 'NONE', *, *, #232, .T. ) ;
#1580 = VECTOR ( 'NONE', #1818, 1000.000000000000000 ) ;
#1581 = ORIENTED_EDGE ( 'NONE', *, *, #971, .T. ) ;
#1582 = VECTOR ( 'NONE', #1612, 1000.000000000000000 ) ;
#1583 = DIRECTION ( 'NONE',  ( 0.000000000000000000, 0.000000000000000000, -1.000000000000000000 ) ) ;
#1584 = DIRECTION ( 'NONE',  ( -0.5773502691896270633, 0.5773502691896231775, 0.5773502691896270633 ) ) ;
#1585 = VECTOR ( 'NONE', #511, 1000.000000000000000 ) ;
#1586 = DIRECTION ( 'NONE',  ( 0.000000000000000000, 0.000000000000000000, 1.000000000000000000 ) ) ;
#1587 = VECTOR ( 'NONE', #1005, 1000.000000000000000 ) ;
#1588 = ORIENTED_EDGE ( 'NONE', *, *, #1591, .T. ) ;
#1589 = EDGE_CURVE ( 'NONE', #534, #1159, #1790, .T. ) ;
#1590 = VERTEX_POINT ( 'NONE', #576 ) ;
#1591 = EDGE_CURVE ( 'NONE', #1598, #1360, #1045, .T. ) ;
#1592 = VERTEX_POINT ( 'NONE', #1345 ) ;
#1593 = CARTESIAN_POINT ( 'NONE',  ( 4.150000000000000355, 0.4999999999999998890, 1.750000000000000000 ) ) ;
#1594 = CARTESIAN_POINT ( 'NONE',  ( -4.250000000000000888, 1.999999999999999556, 0.5000000000000000000 ) ) ;
#1595 = CARTESIAN_POINT ( 'NONE',  ( -4.150000000000000355, 0.5999999999999998668, -1.999999999999999556 ) ) ;
#1596 = ORIENTED_EDGE ( 'NONE', *, *, #1786, .F. ) ;
#1597 = CARTESIAN_POINT ( 'NONE',  ( 3.050000000000000266, 1.084202172485504434E-16, 1.750000000000000000 ) ) ;
#1598 = VERTEX_POINT ( 'NONE', #1599 ) ;
#1599 = CARTESIAN_POINT ( 'NONE',  ( -4.250000000000000000, 0.009999999999999592548, -3.749999999999997780 ) ) ;
#1600 = ADVANCED_FACE ( 'NONE', ( #1336 ), #287, .T. ) ;
#1601 = ORIENTED_EDGE ( 'NONE', *, *, #1953, .F. ) ;
#1602 = DIRECTION ( 'NONE',  ( 0.000000000000000000, -1.000000000000000000, 0.000000000000000000 ) ) ;
#1603 = DIRECTION ( 'NONE',  ( -1.000000000000000000, 0.000000000000000000, 0.000000000000000000 ) ) ;
#1604 = DIRECTION ( 'NONE',  ( 0.000000000000000000, -1.000000000000000000, 0.000000000000000000 ) ) ;
#1605 = ORIENTED_EDGE ( 'NONE', *, *, #617, .F. ) ;
#1606 = DIRECTION ( 'NONE',  ( 0.000000000000000000, 0.000000000000000000, -1.000000000000000000 ) ) ;
#1607 = VERTEX_POINT ( 'NONE', #1620 ) ;
#1608 = CARTESIAN_POINT ( 'NONE',  ( -4.150000000000000355, 0.5000000000000000000, 1.750000000000000000 ) ) ;
#1609 = EDGE_LOOP ( 'NONE', ( #1887, #98, #661, #1140 ) ) ;
#1610 = ADVANCED_FACE ( 'NONE', ( #888 ), #254, .T. ) ;
#1611 = CARTESIAN_POINT ( 'NONE',  ( -4.250000000000000888, 1.999999999999999556, 0.5000000000000000000 ) ) ;
#1612 = DIRECTION ( 'NONE',  ( 0.000000000000000000, 2.168404344971008868E-16, 1.000000000000000000 ) ) ;
#1613 = ADVANCED_FACE ( 'NONE', ( #1465 ), #1482, .F. ) ;
#1614 = VECTOR ( 'NONE', #533, 1000.000000000000000 ) ;
#1615 = VECTOR ( 'NONE', #1859, 1000.000000000000000 ) ;
#1616 = DIRECTION ( 'NONE',  ( -1.000000000000000000, 0.000000000000000000, 0.000000000000000000 ) ) ;
#1617 = AXIS2_PLACEMENT_3D ( 'NONE', #1802, #177, #1639 ) ;
#1618 = VERTEX_POINT ( 'NONE', #1904 ) ;
#1619 = AXIS2_PLACEMENT_3D ( 'NONE', #371, #358, #837 ) ;
#1620 = CARTESIAN_POINT ( 'NONE',  ( 3.749999999999996891, 3.000000000000000000, 4.250000000000000000 ) ) ;
#1621 =( GEOMETRIC_REPRESENTATION_CONTEXT ( 3 ) GLOBAL_UNCERTAINTY_ASSIGNED_CONTEXT ( ( #571 ) ) GLOBAL_UNIT_ASSIGNED_CONTEXT ( ( #261, #88, #695 ) ) REPRESENTATION_CONTEXT ( 'NONE', 'WORKASPACE' ) );
#1622 = ORIENTED_EDGE ( 'NONE', *, *, #1206, .T. ) ;
#1623 = CARTESIAN_POINT ( 'NONE',  ( -4.250000000000000000, 2.000000000000000000, 1.750000000000000000 ) ) ;
#1624 = DIRECTION ( 'NONE',  ( 0.000000000000000000, 1.000000000000000000, 0.000000000000000000 ) ) ;
#1625 = LINE ( 'NONE', #853, #1488 ) ;
#1626 = ADVANCED_FACE ( 'NONE', ( #1918 ), #410, .F. ) ;
#1627 = VERTEX_POINT ( 'NONE', #856 ) ;
#1628 = FACE_OUTER_BOUND ( 'NONE', #1101, .T. ) ;
#1629 = ORIENTED_EDGE ( 'NONE', *, *, #330, .F. ) ;
#1630 = VERTEX_POINT ( 'NONE', #99 ) ;
#1631 = CARTESIAN_POINT ( 'NONE',  ( 3.749999999999997780, 0.009999999999999592548, 4.250000000000000000 ) ) ;
#1632 = FACE_OUTER_BOUND ( 'NONE', #266, .T. ) ;
#1633 = EDGE_CURVE ( 'NONE', #1078, #975, #564, .T. ) ;
#1634 = ORIENTED_EDGE ( 'NONE', *, *, #330, .T. ) ;
#1635 = CARTESIAN_POINT ( 'NONE',  ( -2.799999999999999822, 0.01000000000000000021, 2.250000000000003553 ) ) ;
#1636 = EDGE_CURVE ( 'NONE', #1533, #926, #113, .T. ) ;
#1637 = CARTESIAN_POINT ( 'NONE',  ( -4.250000000000000000, -12.02081528017131085, -3.749999999999996891 ) ) ;
#1638 = ORIENTED_EDGE ( 'NONE', *, *, #1636, .F. ) ;
#1639 = DIRECTION ( 'NONE',  ( 0.000000000000000000, 1.000000000000000000, 4.336808689942017243E-16 ) ) ;
#1640 = CARTESIAN_POINT ( 'NONE',  ( 3.050000000000000266, 0.5000000000000001110, 1.750000000000000000 ) ) ;
#1641 = DIRECTION ( 'NONE',  ( 0.000000000000000000, -1.000000000000000000, 0.000000000000000000 ) ) ;
#1642 = VECTOR ( 'NONE', #1884, 1000.000000000000000 ) ;
#1643 = DIRECTION ( 'NONE',  ( 1.000000000000000000, 0.000000000000000000, -0.000000000000000000 ) ) ;
#1644 = CIRCLE ( 'NONE', #1394, 0.5000000000000000000 ) ;
#1645 = ORIENTED_EDGE ( 'NONE', *, *, #274, .F. ) ;
#1646 = DIRECTION ( 'NONE',  ( -1.000000000000000000, 0.000000000000000000, 0.000000000000000000 ) ) ;
#1647 = VECTOR ( 'NONE', #480, 1000.000000000000000 ) ;
#1648 = CARTESIAN_POINT ( 'NONE',  ( -4.250000000000000000, 0.009999999999999592548, 2.250000000000003553 ) ) ;
#1649 = EDGE_CURVE ( 'NONE', #1561, #997, #1781, .T. ) ;
#1650 = STYLED_ITEM ( 'NONE', ( #1571 ), #1498 ) ;
#1651 = ORIENTED_EDGE ( 'NONE', *, *, #1492, .T. ) ;
#1652 = MECHANICAL_DESIGN_GEOMETRIC_PRESENTATION_REPRESENTATION (  '', ( #1949 ), #1621 ) ;
#1653 = CARTESIAN_POINT ( 'NONE',  ( -4.750000000000000888, 0.5999999999999999778, 1.750000000000000000 ) ) ;
#1654 = FACE_OUTER_BOUND ( 'NONE', #1250, .T. ) ;
#1655 = CARTESIAN_POINT ( 'NONE',  ( -4.750000000000000000, 2.000000000000000000, 1.750000000000000000 ) ) ;
#1656 = CARTESIAN_POINT ( 'NONE',  ( 4.249999999999999112, 0.5000000000000000000, 2.000000000000000000 ) ) ;
#1657 = ORIENTED_EDGE ( 'NONE', *, *, #1169, .T. ) ;
#1658 = CARTESIAN_POINT ( 'NONE',  ( 4.150000000000000355, 0.000000000000000000, 1.750000000000000000 ) ) ;
#1659 = DIRECTION ( 'NONE',  ( 1.000000000000000000, 0.000000000000000000, -0.000000000000000000 ) ) ;
#1660 = VERTEX_POINT ( 'NONE', #1152 ) ;
#1661 = LINE ( 'NONE', #1226, #1582 ) ;
#1662 = EDGE_CURVE ( 'NONE', #1937, #681, #719, .T. ) ;
#1663 = EDGE_CURVE ( 'NONE', #1386, #1893, #729, .T. ) ;
#1664 = CARTESIAN_POINT ( 'NONE',  ( 4.750000000000000888, 0.5999999999999999778, -1.750000000000000000 ) ) ;
#1665 = LINE ( 'NONE', #1852, #1774 ) ;
#1666 = DIRECTION ( 'NONE',  ( -1.000000000000000000, 0.000000000000000000, 0.000000000000000000 ) ) ;
#1667 = ORIENTED_EDGE ( 'NONE', *, *, #1532, .T. ) ;
#1668 = DIRECTION ( 'NONE',  ( -1.000000000000000000, 0.000000000000000000, 0.000000000000000000 ) ) ;
#1669 = ORIENTED_EDGE ( 'NONE', *, *, #1006, .T. ) ;
#1670 = FACE_OUTER_BOUND ( 'NONE', #655, .T. ) ;
#1671 = EDGE_CURVE ( 'NONE', #15, #1917, #848, .T. ) ;
#1672 = CARTESIAN_POINT ( 'NONE',  ( -4.150000000000000355, 0.000000000000000000, -1.750000000000000000 ) ) ;
#1673 = EDGE_CURVE ( 'NONE', #1302, #1362, #1307, .T. ) ;
#1674 = DIRECTION ( 'NONE',  ( -0.000000000000000000, 1.000000000000000000, -0.000000000000000000 ) ) ;
#1675 = CIRCLE ( 'NONE', #831, 0.5000000000000000000 ) ;
#1676 = PLANE ( 'NONE',  #1554 ) ;
#1677 = VECTOR ( 'NONE', #1448, 1000.000000000000000 ) ;
#1678 = ORIENTED_EDGE ( 'NONE', *, *, #25, .F. ) ;
#1679 = PLANE ( 'NONE',  #1525 ) ;
#1680 = VECTOR ( 'NONE', #822, 1000.000000000000000 ) ;
#1681 = VERTEX_POINT ( 'NONE', #264 ) ;
#1682 = CARTESIAN_POINT ( 'NONE',  ( -2.799999999999999822, 0.2600000000000020073, -2.000000000000000000 ) ) ;
#1683 = VECTOR ( 'NONE', #1163, 1000.000000000000000 ) ;
#1684 = CARTESIAN_POINT ( 'NONE',  ( -4.250000000000000000, -12.02081528017131085, 3.749999999999996891 ) ) ;
#1685 = CARTESIAN_POINT ( 'NONE',  ( 3.050000000000000266, 1.084202172485504434E-16, 1.750000000000000000 ) ) ;
#1686 = EDGE_CURVE ( 'NONE', #1893, #1353, #557, .T. ) ;
#1687 = DIRECTION ( 'NONE',  ( 0.000000000000000000, 0.000000000000000000, 1.000000000000000000 ) ) ;
#1688 = ORIENTED_EDGE ( 'NONE', *, *, #1540, .T. ) ;
#1689 = DIRECTION ( 'NONE',  ( 0.000000000000000000, -1.000000000000000000, -4.336808689942017736E-16 ) ) ;
#1690 = VERTEX_POINT ( 'NONE', #1926 ) ;
#1691 = LINE ( 'NONE', #344, #672 ) ;
#1692 = ORIENTED_EDGE ( 'NONE', *, *, #1733, .F. ) ;
#1693 = CARTESIAN_POINT ( 'NONE',  ( -4.750000000000000000, 1.700000000000000178, -0.5000000000000000000 ) ) ;
#1694 =( NAMED_UNIT ( * ) PLANE_ANGLE_UNIT ( ) SI_UNIT ( $, .RADIAN. ) );
#1695 = LINE ( 'NONE', #1245, #1364 ) ;
#1696 = ORIENTED_EDGE ( 'NONE', *, *, #459, .F. ) ;
#1697 = FACE_OUTER_BOUND ( 'NONE', #1841, .T. ) ;
#1698 = ORIENTED_EDGE ( 'NONE', *, *, #192, .F. ) ;
#1699 = EDGE_CURVE ( 'NONE', #440, #96, #1168, .T. ) ;
#1700 = CARTESIAN_POINT ( 'NONE',  ( 4.750000000000000000, 2.000000000000000000, -3.749999999999997335 ) ) ;
#1701 = DIRECTION ( 'NONE',  ( -0.000000000000000000, 0.000000000000000000, 1.000000000000000000 ) ) ;
#1702 = DIRECTION ( 'NONE',  ( 0.000000000000000000, 0.000000000000000000, -1.000000000000000000 ) ) ;
#1703 = LINE ( 'NONE', #1717, #1116 ) ;
#1704 = ORIENTED_EDGE ( 'NONE', *, *, #1686, .F. ) ;
#1705 = CLOSED_SHELL ( 'NONE', ( #1277, #1134, #860, #1727, #52, #424, #1340, #402, #1313, #1810, #55, #169, #1610, #1613, #1724, #743, #728, #562, #244, #893, #1187, #42, #1052, #1148, #1600, #849 ) ) ;
#1706 = LINE ( 'NONE', #1247, #174 ) ;
#1707 = ORIENTED_EDGE ( 'NONE', *, *, #1264, .T. ) ;
#1708 = CARTESIAN_POINT ( 'NONE',  ( 4.150000000000000355, 0.6000000000000000888, 1.750000000000000000 ) ) ;
#1709 = VECTOR ( 'NONE', #1510, 1000.000000000000000 ) ;
#1710 = ADVANCED_FACE ( 'NONE', ( #1044 ), #1014, .F. ) ;
#1711 = AXIS2_PLACEMENT_3D ( 'NONE', #86, #118, #1757 ) ;
#1712 = ORIENTED_EDGE ( 'NONE', *, *, #1925, .F. ) ;
#1713 = VECTOR ( 'NONE', #1029, 1000.000000000000000 ) ;
#1714 = CARTESIAN_POINT ( 'NONE',  ( 3.283333333333334991, 0.7433333333333340676, 1.516666666666664609 ) ) ;
#1715 = AXIS2_PLACEMENT_3D ( 'NONE', #738, #879, #90 ) ;
#1716 = DIRECTION ( 'NONE',  ( 6.195440985631454331E-16, 1.000000000000000000, 0.000000000000000000 ) ) ;
#1717 = CARTESIAN_POINT ( 'NONE',  ( 4.250000000000000888, 1.999999999999999556, 0.5000000000000000000 ) ) ;
#1718 = ORIENTED_EDGE ( 'NONE', *, *, #1033, .T. ) ;
#1719 = CARTESIAN_POINT ( 'NONE',  ( -3.749999999999996891, 0.009999999999999592548, -4.250000000000000000 ) ) ;
#1720 = ORIENTED_EDGE ( 'NONE', *, *, #1160, .T. ) ;
#1721 = DIRECTION ( 'NONE',  ( 0.000000000000000000, -1.000000000000000000, 0.000000000000000000 ) ) ;
#1722 = DIRECTION ( 'NONE',  ( -0.000000000000000000, 1.000000000000000000, -0.000000000000000000 ) ) ;
#1723 = ORIENTED_EDGE ( 'NONE', *, *, #1796, .T. ) ;
#1724 = ADVANCED_FACE ( 'NONE', ( #1293 ), #1799, .T. ) ;
#1725 = CARTESIAN_POINT ( 'NONE',  ( 4.750000000000000888, 0.6000000000000000888, 1.750000000000000000 ) ) ;
#1726 = CARTESIAN_POINT ( 'NONE',  ( -4.249999999999999112, 0.5000000000000000000, -2.000000000000000000 ) ) ;
#1727 = ADVANCED_FACE ( 'NONE', ( #1821 ), #7, .T. ) ;
#1728 = FACE_OUTER_BOUND ( 'NONE', #225, .T. ) ;
#1729 = ORIENTED_EDGE ( 'NONE', *, *, #876, .F. ) ;
#1730 = FACE_OUTER_BOUND ( 'NONE', #1344, .T. ) ;
#1731 = ORIENTED_EDGE ( 'NONE', *, *, #1916, .F. ) ;
#1732 = CARTESIAN_POINT ( 'NONE',  ( 3.749999999999996891, 0.009999999999999592548, -4.250000000000000000 ) ) ;
#1733 = EDGE_CURVE ( 'NONE', #681, #1533, #746, .T. ) ;
#1734 = LINE ( 'NONE', #397, #265 ) ;
#1735 = LINE ( 'NONE', #525, #1680 ) ;
#1736 = EDGE_CURVE ( 'NONE', #634, #1798, #936, .T. ) ;
#1737 = ORIENTED_EDGE ( 'NONE', *, *, #529, .T. ) ;
#1738 = DIRECTION ( 'NONE',  ( 1.000000000000000000, 0.000000000000000000, 0.000000000000000000 ) ) ;
#1739 = ORIENTED_EDGE ( 'NONE', *, *, #315, .F. ) ;
#1740 = PLANE ( 'NONE',  #1947 ) ;
#1741 = VERTEX_POINT ( 'NONE', #1658 ) ;
#1742 = STYLED_ITEM ( 'NONE', ( #167 ), #202 ) ;
#1743 = VECTOR ( 'NONE', #329, 1000.000000000000000 ) ;
#1744 = DIRECTION ( 'NONE',  ( -6.195440985631456303E-16, 1.000000000000000000, -2.168404344971009361E-16 ) ) ;
#1745 = DIRECTION ( 'NONE',  ( 0.000000000000000000, -1.000000000000000000, -0.000000000000000000 ) ) ;
#1746 = AXIS2_PLACEMENT_3D ( 'NONE', #761, #608, #598 ) ;
#1747 = FACE_OUTER_BOUND ( 'NONE', #1609, .T. ) ;
#1748 = VECTOR ( 'NONE', #26, 1000.000000000000000 ) ;
#1749 = ORIENTED_EDGE ( 'NONE', *, *, #363, .F. ) ;
#1750 = CARTESIAN_POINT ( 'NONE',  ( 3.750000000000000444, 3.000000000000000000, 3.750000000000000444 ) ) ;
#1751 = EDGE_CURVE ( 'NONE', #1263, #394, #293, .T. ) ;
#1752 = ORIENTED_EDGE ( 'NONE', *, *, #579, .T. ) ;
#1753 = CARTESIAN_POINT ( 'NONE',  ( 4.250000000000000000, 3.000000000000000000, 3.749999999999996891 ) ) ;
#1754 = ORIENTED_EDGE ( 'NONE', *, *, #1472, .T. ) ;
#1755 = DIRECTION ( 'NONE',  ( -6.195440985631456303E-16, 1.000000000000000000, -2.168404344971009361E-16 ) ) ;
#1756 = CARTESIAN_POINT ( 'NONE',  ( -4.249999999999999112, 0.5000000000000000000, 2.000000000000000000 ) ) ;
#1757 = DIRECTION ( 'NONE',  ( 1.000000000000000000, -9.856383386231860060E-17, 0.000000000000000000 ) ) ;
#1758 = ORIENTED_EDGE ( 'NONE', *, *, #1381, .T. ) ;
#1759 = DIRECTION ( 'NONE',  ( -1.000000000000000000, 9.856383386231860060E-17, 0.000000000000000000 ) ) ;
#1760 = VERTEX_POINT ( 'NONE', #473 ) ;
#1761 = CARTESIAN_POINT ( 'NONE',  ( 4.750000000000000000, 2.000000000000000000, 1.750000000000000000 ) ) ;
#1762 = EDGE_CURVE ( 'NONE', #1274, #1263, #320, .T. ) ;
#1763 = ORIENTED_EDGE ( 'NONE', *, *, #1444, .T. ) ;
#1764 = CARTESIAN_POINT ( 'NONE',  ( -3.749999999999996891, 0.009999999999999592548, 4.250000000000000000 ) ) ;
#1765 = FACE_OUTER_BOUND ( 'NONE', #1223, .T. ) ;
#1766 = ORIENTED_EDGE ( 'NONE', *, *, #1512, .T. ) ;
#1767 = APPLICATION_PROTOCOL_DEFINITION ( 'draft international standard', 'automotive_design', 1998, #1800 ) ;
#1768 = ORIENTED_EDGE ( 'NONE', *, *, #1017, .T. ) ;
#1769 = CARTESIAN_POINT ( 'NONE',  ( 3.050000000000000266, 0.5000000000000001110, -1.750000000000000000 ) ) ;
#1770 = LINE ( 'NONE', #547, #1058 ) ;
#1771 = ORIENTED_EDGE ( 'NONE', *, *, #153, .T. ) ;
#1772 = EDGE_CURVE ( 'NONE', #1547, #1660, #915, .T. ) ;
#1773 = CARTESIAN_POINT ( 'NONE',  ( -4.249999999999999112, 0.2600000000000020073, -2.000000000000000000 ) ) ;
#1774 = VECTOR ( 'NONE', #347, 1000.000000000000000 ) ;
#1775 = PLANE ( 'NONE',  #233 ) ;
#1776 = PRESENTATION_LAYER_ASSIGNMENT (  '', '', ( #1056 ) ) ;
#1777 = VECTOR ( 'NONE', #567, 1000.000000000000000 ) ;
#1778 = FACE_OUTER_BOUND ( 'NONE', #251, .T. ) ;
#1779 = ORIENTED_EDGE ( 'NONE', *, *, #1783, .T. ) ;
#1780 = AXIS2_PLACEMENT_3D ( 'NONE', #1750, #129, #543 ) ;
#1781 = LINE ( 'NONE', #1635, #1587 ) ;
#1782 = ORIENTED_EDGE ( 'NONE', *, *, #477, .T. ) ;
#1783 = EDGE_CURVE ( 'NONE', #190, #1391, #1490, .T. ) ;
#1784 = LINE ( 'NONE', #1019, #739 ) ;
#1785 = CARTESIAN_POINT ( 'NONE',  ( -2.799999999999999822, 0.2600000000000020073, -2.000000000000000000 ) ) ;
#1786 = EDGE_CURVE ( 'NONE', #1760, #1225, #333, .T. ) ;
#1787 = CARTESIAN_POINT ( 'NONE',  ( 4.750000000000000888, 0.6000000000000000888, 1.750000000000000000 ) ) ;
#1788 = EDGE_LOOP ( 'NONE', ( #752, #162, #472, #887 ) ) ;
#1789 = DIRECTION ( 'NONE',  ( -0.000000000000000000, 1.084202172485505543E-16, 1.000000000000000000 ) ) ;
#1790 = LINE ( 'NONE', #766, #1121 ) ;
#1791 = VERTEX_POINT ( 'NONE', #1508 ) ;
#1792 = DIRECTION ( 'NONE',  ( -6.195440985631453345E-16, -1.000000000000000000, -0.000000000000000000 ) ) ;
#1793 = DIRECTION ( 'NONE',  ( -1.000000000000000000, 0.000000000000000000, 0.000000000000000000 ) ) ;
#1794 = DIRECTION ( 'NONE',  ( 1.000000000000000000, 0.000000000000000000, -0.000000000000000000 ) ) ;
#1795 = SHAPE_DEFINITION_REPRESENTATION ( #785, #252 ) ;
#1796 = EDGE_CURVE ( 'NONE', #391, #727, #1151, .T. ) ;
#1797 = DIRECTION ( 'NONE',  ( -0.000000000000000000, -0.000000000000000000, -1.000000000000000000 ) ) ;
#1798 = VERTEX_POINT ( 'NONE', #779 ) ;
#1799 = PLANE ( 'NONE',  #1493 ) ;
#1800 = APPLICATION_CONTEXT ( 'automotive_design' ) ;
#1801 = ORIENTED_EDGE ( 'NONE', *, *, #1512, .F. ) ;
#1802 = CARTESIAN_POINT ( 'NONE',  ( -4.250000000000000000, 1.999999999999999556, -3.749999999999997335 ) ) ;
#1803 = CARTESIAN_POINT ( 'NONE',  ( 4.750000000000000000, 2.000000000000000000, 1.750000000000000000 ) ) ;
#1804 = CARTESIAN_POINT ( 'NONE',  ( -4.250000000000000000, 1.999999999999999556, -3.749999999999997335 ) ) ;
#1805 = VECTOR ( 'NONE', #618, 1000.000000000000000 ) ;
#1806 = APPLICATION_PROTOCOL_DEFINITION ( 'draft international standard', 'automotive_design', 1998, #40 ) ;
#1807 = CARTESIAN_POINT ( 'NONE',  ( 3.750000000000000444, 0.009999999999999592548, 3.750000000000000444 ) ) ;
#1808 = AXIS2_PLACEMENT_3D ( 'NONE', #495, #1128, #379 ) ;
#1809 = ORIENTED_EDGE ( 'NONE', *, *, #1555, .F. ) ;
#1810 = ADVANCED_FACE ( 'NONE', ( #1811 ), #1679, .F. ) ;
#1811 = FACE_OUTER_BOUND ( 'NONE', #535, .T. ) ;
#1812 = VECTOR ( 'NONE', #998, 1000.000000000000000 ) ;
#1813 = CARTESIAN_POINT ( 'NONE',  ( -2.549999999999996270, 0.01000000000000000021, -2.250000000000003553 ) ) ;
#1814 = VECTOR ( 'NONE', #720, 1000.000000000000000 ) ;
#1815 = VERTEX_POINT ( 'NONE', #1089 ) ;
#1816 = FACE_OUTER_BOUND ( 'NONE', #516, .T. ) ;
#1817 = LINE ( 'NONE', #1664, #37 ) ;
#1818 = DIRECTION ( 'NONE',  ( -0.000000000000000000, -0.000000000000000000, -1.000000000000000000 ) ) ;
#1819 = DIRECTION ( 'NONE',  ( 0.000000000000000000, 0.000000000000000000, -1.000000000000000000 ) ) ;
#1820 = ORIENTED_EDGE ( 'NONE', *, *, #980, .T. ) ;
#1821 = FACE_OUTER_BOUND ( 'NONE', #1290, .T. ) ;
#1822 = ADVANCED_FACE ( 'NONE', ( #1957 ), #449, .F. ) ;
#1823 = DIRECTION ( 'NONE',  ( 0.000000000000000000, -1.000000000000000000, 0.000000000000000000 ) ) ;
#1824 = ORIENTED_EDGE ( 'NONE', *, *, #1540, .F. ) ;
#1825 = CARTESIAN_POINT ( 'NONE',  ( -4.350000000000001421, 1.699999999999994627, -0.4999999999999998890 ) ) ;
#1826 = EDGE_CURVE ( 'NONE', #1189, #263, #1205, .T. ) ;
#1827 = DIRECTION ( 'NONE',  ( 0.000000000000000000, 1.084202172485505543E-16, 1.000000000000000000 ) ) ;
#1828 = CARTESIAN_POINT ( 'NONE',  ( 4.150000000000000355, 0.6000000000000000888, -1.750000000000000000 ) ) ;
#1829 = FACE_OUTER_BOUND ( 'NONE', #486, .T. ) ;
#1830 = ORIENTED_EDGE ( 'NONE', *, *, #1555, .T. ) ;
#1831 = DIRECTION ( 'NONE',  ( -1.000000000000000000, 0.000000000000000000, -0.000000000000000000 ) ) ;
#1832 = ORIENTED_EDGE ( 'NONE', *, *, #971, .F. ) ;
#1833 = DIRECTION ( 'NONE',  ( 6.195440985631454331E-16, -1.000000000000000000, 1.084202172485505543E-16 ) ) ;
#1834 = LINE ( 'NONE', #476, #550 ) ;
#1835 = ADVANCED_FACE ( 'NONE', ( #1697 ), #191, .F. ) ;
#1836 = DIRECTION ( 'NONE',  ( -0.000000000000000000, -0.000000000000000000, 1.000000000000000000 ) ) ;
#1837 = CARTESIAN_POINT ( 'NONE',  ( -4.750000000000000888, 0.6000000000000000888, 1.750000000000000000 ) ) ;
#1838 = CIRCLE ( 'NONE', #896, 0.1000000000000002554 ) ;
#1839 = UNCERTAINTY_MEASURE_WITH_UNIT (LENGTH_MEASURE( 1.000000000000000082E-05 ), #846, 'distance_accuracy_value', 'NONE');
#1840 = LINE ( 'NONE', #14, #709 ) ;
#1841 = EDGE_LOOP ( 'NONE', ( #6, #448, #214, #110, #152, #1092, #1420, #253, #814, #1667 ) ) ;
#1842 = CARTESIAN_POINT ( 'NONE',  ( -3.750000000000000444, 3.000000000000000000, -3.750000000000000444 ) ) ;
#1843 = VECTOR ( 'NONE', #4, 1000.000000000000000 ) ;
#1844 = ORIENTED_EDGE ( 'NONE', *, *, #1083, .T. ) ;
#1845 = DIRECTION ( 'NONE',  ( -1.000000000000000000, 0.000000000000000000, 0.000000000000000000 ) ) ;
#1846 = VECTOR ( 'NONE', #452, 1000.000000000000000 ) ;
#1847 = VECTOR ( 'NONE', #750, 1000.000000000000000 ) ;
#1848 = CARTESIAN_POINT ( 'NONE',  ( -4.250000000000000000, 0.9999999999999997780, -3.749999999999997780 ) ) ;
#1849 = ORIENTED_EDGE ( 'NONE', *, *, #1772, .T. ) ;
#1850 = CARTESIAN_POINT ( 'NONE',  ( 4.250000000000000000, 2.000000000000000000, 1.750000000000000000 ) ) ;
#1851 = ADVANCED_FACE ( 'NONE', ( #1730 ), #1418, .T. ) ;
#1852 = CARTESIAN_POINT ( 'NONE',  ( 4.250000000000000000, 0.009999999999999592548, 3.749999999999996891 ) ) ;
#1853 = CARTESIAN_POINT ( 'NONE',  ( 4.250000000000000000, 2.000000000000000000, 1.750000000000000000 ) ) ;
#1854 = EDGE_CURVE ( 'NONE', #997, #1627, #662, .T. ) ;
#1855 = ORIENTED_EDGE ( 'NONE', *, *, #182, .T. ) ;
#1856 = CARTESIAN_POINT ( 'NONE',  ( 4.750000000000000000, 1.000000000000000222, -1.749999999999999778 ) ) ;
#1857 = EDGE_LOOP ( 'NONE', ( #1346, #383, #1004, #664 ) ) ;
#1858 = LINE ( 'NONE', #1550, #1022 ) ;
#1859 = DIRECTION ( 'NONE',  ( 0.000000000000000000, 1.000000000000000000, 0.000000000000000000 ) ) ;
#1860 = CARTESIAN_POINT ( 'NONE',  ( -4.250000000000000888, 1.999999999999999556, 0.5000000000000000000 ) ) ;
#1861 = CARTESIAN_POINT ( 'NONE',  ( 4.250000000000000000, 0.9999999999999997780, -3.749999999999997780 ) ) ;
#1862 = ORIENTED_EDGE ( 'NONE', *, *, #184, .T. ) ;
#1863 = DIRECTION ( 'NONE',  ( -0.5773502691896270633, 0.5773502691896231775, -0.5773502691896270633 ) ) ;
#1864 = EDGE_CURVE ( 'NONE', #696, #1590, #506, .T. ) ;
#1865 = VERTEX_POINT ( 'NONE', #1719 ) ;
#1866 = CARTESIAN_POINT ( 'NONE',  ( -3.050000000000000266, 0.5000000000000001110, 1.750000000000000000 ) ) ;
#1867 = CARTESIAN_POINT ( 'NONE',  ( -3.050000000000000266, 1.084202172485504434E-16, -1.750000000000000000 ) ) ;
#1868 = VERTEX_POINT ( 'NONE', #1106 ) ;
#1869 = DIRECTION ( 'NONE',  ( -1.000000000000000000, 6.195440985631455317E-16, -0.000000000000000000 ) ) ;
#1870 = DIRECTION ( 'NONE',  ( 0.000000000000000000, 1.000000000000000000, -0.000000000000000000 ) ) ;
#1871 = CARTESIAN_POINT ( 'NONE',  ( 4.250000000000000888, 1.699999999999999956, -0.5000000000000000000 ) ) ;
#1872 = ORIENTED_EDGE ( 'NONE', *, *, #565, .T. ) ;
#1873 = VECTOR ( 'NONE', #1186, 1000.000000000000000 ) ;
#1874 = ADVANCED_FACE ( 'NONE', ( #674 ), #1431, .F. ) ;
#1875 = ORIENTED_EDGE ( 'NONE', *, *, #1316, .T. ) ;
#1876 = CARTESIAN_POINT ( 'NONE',  ( 4.350000000000001421, 1.300000000000000266, -0.5000000000000008882 ) ) ;
#1877 = VECTOR ( 'NONE', #213, 1000.000000000000114 ) ;
#1878 = DIRECTION ( 'NONE',  ( 0.000000000000000000, 1.000000000000000000, 0.000000000000000000 ) ) ;
#1879 = EDGE_CURVE ( 'NONE', #1466, #313, #1706, .T. ) ;
#1880 = AXIS2_PLACEMENT_3D ( 'NONE', #1684, #1355, #325 ) ;
#1881 = VECTOR ( 'NONE', #403, 1000.000000000000000 ) ;
#1882 = CARTESIAN_POINT ( 'NONE',  ( 4.750000000000000000, 2.000000000000000000, -0.5000000000000000000 ) ) ;
#1883 = VECTOR ( 'NONE', #604, 1000.000000000000000 ) ;
#1884 = DIRECTION ( 'NONE',  ( -1.000000000000000000, -0.000000000000000000, 4.553649124439027746E-14 ) ) ;
#1885 = LINE ( 'NONE', #514, #867 ) ;
#1886 = ORIENTED_EDGE ( 'NONE', *, *, #780, .F. ) ;
#1887 = ORIENTED_EDGE ( 'NONE', *, *, #1854, .T. ) ;
#1888 = ORIENTED_EDGE ( 'NONE', *, *, #386, .T. ) ;
#1889 = EDGE_CURVE ( 'NONE', #1630, #321, #497, .T. ) ;
#1890 = FACE_OUTER_BOUND ( 'NONE', #1857, .T. ) ;
#1891 = PLANE ( 'NONE',  #135 ) ;
#1892 = DIRECTION ( 'NONE',  ( -1.000000000000000000, -9.856383386231860060E-17, 0.000000000000000000 ) ) ;
#1893 = VERTEX_POINT ( 'NONE', #1539 ) ;
#1894 = CARTESIAN_POINT ( 'NONE',  ( 4.250000000000000000, -3.005407640085612897, -5.265407640085638441 ) ) ;
#1895 = ORIENTED_EDGE ( 'NONE', *, *, #1300, .T. ) ;
#1896 = ORIENTED_EDGE ( 'NONE', *, *, #889, .T. ) ;
#1897 = CARTESIAN_POINT ( 'NONE',  ( 3.750000000000000444, -12.02081528017131085, 3.750000000000000444 ) ) ;
#1898 = EDGE_CURVE ( 'NONE', #767, #951, #974, .T. ) ;
#1899 = DIRECTION ( 'NONE',  ( 1.000000000000000000, -0.000000000000000000, 0.000000000000000000 ) ) ;
#1900 = PLANE ( 'NONE',  #1209 ) ;
#1901 = ORIENTED_EDGE ( 'NONE', *, *, #1960, .F. ) ;
#1902 = CARTESIAN_POINT ( 'NONE',  ( 4.250000000000000000, 3.000000000000000000, 3.749999999999996891 ) ) ;
#1903 = ORIENTED_EDGE ( 'NONE', *, *, #1960, .T. ) ;
#1904 = CARTESIAN_POINT ( 'NONE',  ( -4.249999999999999112, 0.5999999999999998668, -2.000000000000000000 ) ) ;
#1905 = DIRECTION ( 'NONE',  ( -6.195440985631454331E-16, 1.000000000000000000, 0.000000000000000000 ) ) ;
#1906 = ORIENTED_EDGE ( 'NONE', *, *, #1446, .F. ) ;
#1907 = VECTOR ( 'NONE', #683, 1000.000000000000000 ) ;
#1908 = VECTOR ( 'NONE', #1439, 1000.000000000000000 ) ;
#1909 = CARTESIAN_POINT ( 'NONE',  ( 4.250000000000000000, 2.000000000000000000, 1.750000000000000000 ) ) ;
#1910 = PLANE ( 'NONE',  #1518 ) ;
#1911 = VECTOR ( 'NONE', #367, 1000.000000000000114 ) ;
#1912 = EDGE_CURVE ( 'NONE', #159, #880, #429, .T. ) ;
#1913 = CARTESIAN_POINT ( 'NONE',  ( -4.250000000000000000, 0.009999999999999592548, 3.749999999999996891 ) ) ;
#1914 =( GEOMETRIC_REPRESENTATION_CONTEXT ( 3 ) GLOBAL_UNCERTAINTY_ASSIGNED_CONTEXT ( ( #1378 ) ) GLOBAL_UNIT_ASSIGNED_CONTEXT ( ( #208, #186, #1110 ) ) REPRESENTATION_CONTEXT ( 'NONE', 'WORKASPACE' ) );
#1915 = EDGE_LOOP ( 'NONE', ( #1567, #741, #737, #985 ) ) ;
#1916 = EDGE_CURVE ( 'NONE', #1741, #1956, #1411, .T. ) ;
#1917 = VERTEX_POINT ( 'NONE', #1578 ) ;
#1918 = FACE_OUTER_BOUND ( 'NONE', #760, .T. ) ;
#1919 = EDGE_LOOP ( 'NONE', ( #595, #1862, #1, #1157, #1494 ) ) ;
#1920 = CARTESIAN_POINT ( 'NONE',  ( 4.350000000000001421, 1.300000000000000266, 0.4999999999999991673 ) ) ;
#1921 = CYLINDRICAL_SURFACE ( 'NONE', #864, 0.6000000000000007550 ) ;
#1922 = LINE ( 'NONE', #883, #642 ) ;
#1923 = EDGE_LOOP ( 'NONE', ( #1754, #91, #805, #1581, #372, #382, #1771, #340, #749, #707, #1622, #133, #865, #1233, #1820, #1240 ) ) ;
#1924 = ORIENTED_EDGE ( 'NONE', *, *, #1072, .T. ) ;
#1925 = EDGE_CURVE ( 'NONE', #1183, #1162, #231, .T. ) ;
#1926 = CARTESIAN_POINT ( 'NONE',  ( -4.350000000000001421, 1.299999999999994937, 0.5000000000000002220 ) ) ;
#1927 = VERTEX_POINT ( 'NONE', #1856 ) ;
#1928 = CARTESIAN_POINT ( 'NONE',  ( 2.799999999999999822, 0.5000000000000000000, 2.000000000000000000 ) ) ;
#1929 = DIRECTION ( 'NONE',  ( -0.000000000000000000, -2.168404344971008868E-16, -1.000000000000000000 ) ) ;
#1930 = CARTESIAN_POINT ( 'NONE',  ( 4.750000000000000000, 2.000000000000000000, -3.749999999999997335 ) ) ;
#1931 = ORIENTED_EDGE ( 'NONE', *, *, #1663, .F. ) ;
#1932 = PRODUCT_CONTEXT ( 'NONE', #1800, 'mechanical' ) ;
#1933 = VERTEX_POINT ( 'NONE', #1441 ) ;
#1934 = DIRECTION ( 'NONE',  ( -1.000000000000000000, 0.000000000000000000, 0.000000000000000000 ) ) ;
#1935 = ADVANCED_FACE ( 'NONE', ( #1461 ), #1479, .F. ) ;
#1936 = FACE_OUTER_BOUND ( 'NONE', #63, .T. ) ;
#1937 = VERTEX_POINT ( 'NONE', #1902 ) ;
#1938 = ADVANCED_FACE ( 'NONE', ( #1628 ), #885, .F. ) ;
#1939 = DIRECTION ( 'NONE',  ( 1.000000000000000000, 0.000000000000000000, 0.000000000000000000 ) ) ;
#1940 = VECTOR ( 'NONE', #61, 1000.000000000000114 ) ;
#1941 = LINE ( 'NONE', #1825, #1873 ) ;
#1942 = VECTOR ( 'NONE', #786, 1000.000000000000000 ) ;
#1943 = DIRECTION ( 'NONE',  ( -0.000000000000000000, -1.000000000000000000, -0.000000000000000000 ) ) ;
#1944 = VECTOR ( 'NONE', #104, 1000.000000000000000 ) ;
#1945 = DIRECTION ( 'NONE',  ( 0.000000000000000000, -0.7071067811865500152, 0.7071067811865451302 ) ) ;
#1946 = FILL_AREA_STYLE_COLOUR ( '', #996 ) ;
#1947 = AXIS2_PLACEMENT_3D ( 'NONE', #698, #1294, #1905 ) ;
#1948 = ORIENTED_EDGE ( 'NONE', *, *, #315, .T. ) ;
#1949 = STYLED_ITEM ( 'NONE', ( #1158 ), #252 ) ;
#1950 = CARTESIAN_POINT ( 'NONE',  ( 4.249999999999999112, 0.5000000000000000000, 2.000000000000000000 ) ) ;
#1951 = ORIENTED_EDGE ( 'NONE', *, *, #1372, .F. ) ;
#1952 = EDGE_CURVE ( 'NONE', #1681, #440, #432, .T. ) ;
#1953 = EDGE_CURVE ( 'NONE', #796, #181, #1012, .T. ) ;
#1954 = FACE_OUTER_BOUND ( 'NONE', #1410, .T. ) ;
#1955 = DIRECTION ( 'NONE',  ( -1.000000000000000000, 0.000000000000000000, -0.000000000000000000 ) ) ;
#1956 = VERTEX_POINT ( 'NONE', #1597 ) ;
#1957 = FACE_OUTER_BOUND ( 'NONE', #842, .T. ) ;
#1958 = ORIENTED_EDGE ( 'NONE', *, *, #68, .T. ) ;
#1959 = PLANE ( 'NONE',  #1746 ) ;
#1960 = EDGE_CURVE ( 'NONE', #1607, #1937, #679, .T. ) ;
#1961 = EDGE_LOOP ( 'NONE', ( #1150, #450, #800, #183, #442, #829, #141, #335, #991, #242 ) ) ;
#1962 = DIRECTION ( 'NONE',  ( -1.000000000000000000, 0.000000000000000000, 0.000000000000000000 ) ) ;
#1963 = VERTEX_POINT ( 'NONE', #735 ) ;
#1964 = DIRECTION ( 'NONE',  ( 0.000000000000000000, -0.000000000000000000, -1.000000000000000000 ) ) ;
#1965 = EDGE_LOOP ( 'NONE', ( #45, #1696, #826, #823 ) ) ;
#1966 = DIRECTION ( 'NONE',  ( 1.000000000000000000, -0.000000000000000000, -0.000000000000000000 ) ) ;
#1967 = AXIS2_PLACEMENT_3D ( 'NONE', #1426, #1745, #249 ) ;
#1968 = DIRECTION ( 'NONE',  ( -0.000000000000000000, -0.000000000000000000, -1.000000000000000000 ) ) ;
ENDSEC;
END-ISO-10303-21;
