ISO-10303-21;
HEADER;
FILE_DESCRIPTION (( 'STEP AP214' ),
    '1' );
FILE_NAME ('742C083103JP.STEP',
    '2024-06-13T14:00:04',
    ( 'LENOVO' ),
    ( '' ),
    'SwSTEP 2.0',
    'SolidWorks 2021',
    '' );
FILE_SCHEMA (( 'AUTOMOTIVE_DESIGN' ));
ENDSEC;

DATA;
#1 = ADVANCED_FACE ( 'NONE', ( #672 ), #2632, .F. ) ;
#2 = LINE ( 'NONE', #2077, #3848 ) ;
#3 = ORIENTED_EDGE ( 'NONE', *, *, #912, .T. ) ;
#4 = VERTEX_POINT ( 'NONE', #857 ) ;
#5 = DIRECTION ( 'NONE',  ( -0.000000000000000000, -0.000000000000000000, 1.000000000000000000 ) ) ;
#6 = CIRCLE ( 'NONE', #3887, 0.2299999999999999545 ) ;
#7 = CARTESIAN_POINT ( 'NONE',  ( -0.9500000000000002887, 0.5200000000000001288, -0.7200000000000000844 ) ) ;
#8 = VECTOR ( 'NONE', #3784, 1000.000000000000000 ) ;
#9 = DIRECTION ( 'NONE',  ( 0.000000000000000000, -1.003890900449541079E-16, -1.000000000000000000 ) ) ;
#10 = VERTEX_POINT ( 'NONE', #3597 ) ;
#11 = EDGE_CURVE ( 'NONE', #4014, #3387, #687, .T. ) ;
#12 = ORIENTED_EDGE ( 'NONE', *, *, #138, .F. ) ;
#13 = DIRECTION ( 'NONE',  ( 0.000000000000000000, 0.000000000000000000, 1.000000000000000000 ) ) ;
#14 = DIRECTION ( 'NONE',  ( -1.000000000000000000, -0.000000000000000000, 0.000000000000000000 ) ) ;
#15 = EDGE_CURVE ( 'NONE', #2685, #2930, #4759, .T. ) ;
#16 = DIRECTION ( 'NONE',  ( 0.000000000000000000, 0.000000000000000000, 1.000000000000000000 ) ) ;
#17 = LINE ( 'NONE', #191, #3950 ) ;
#18 = ORIENTED_EDGE ( 'NONE', *, *, #5595, .F. ) ;
#19 = ADVANCED_FACE ( 'NONE', ( #2743 ), #4684, .F. ) ;
#20 = DIRECTION ( 'NONE',  ( -0.000000000000000000, 1.000000000000000000, 1.807003620809172906E-16 ) ) ;
#21 = PLANE ( 'NONE',  #3756 ) ;
#22 = EDGE_CURVE ( 'NONE', #4975, #892, #4692, .T. ) ;
#23 = ORIENTED_EDGE ( 'NONE', *, *, #5463, .T. ) ;
#24 = CARTESIAN_POINT ( 'NONE',  ( -0.9843614134715219510, 0.000000000000000000, -0.7200000000000000844 ) ) ;
#25 = CARTESIAN_POINT ( 'NONE',  ( 0.6499999999999998002, 0.08000000000000014044, -0.8000000000000000444 ) ) ;
#26 = CARTESIAN_POINT ( 'NONE',  ( 0.1499999999999997446, 0.08000000000000001554, 0.4500000000000000666 ) ) ;
#27 = LINE ( 'NONE', #2301, #3981 ) ;
#28 = CARTESIAN_POINT ( 'NONE',  ( 1.600000000000000089, 0.5200000000000001288, -0.7200000000000000844 ) ) ;
#29 = DIRECTION ( 'NONE',  ( 0.000000000000000000, -7.228014483236692611E-16, -1.000000000000000000 ) ) ;
#30 = EDGE_CURVE ( 'NONE', #713, #873, #2686, .T. ) ;
#31 = VECTOR ( 'NONE', #3463, 1000.000000000000000 ) ;
#32 = ORIENTED_EDGE ( 'NONE', *, *, #5690, .T. ) ;
#33 = PLANE ( 'NONE',  #2493 ) ;
#34 = APPLICATION_CONTEXT ( 'automotive_design' ) ;
#35 = ORIENTED_EDGE ( 'NONE', *, *, #5706, .F. ) ;
#36 = ADVANCED_FACE ( 'NONE', ( #4593 ), #671, .F. ) ;
#37 = EDGE_CURVE ( 'NONE', #240, #2431, #785, .T. ) ;
#38 = CARTESIAN_POINT ( 'NONE',  ( 0.9843614134715217290, 0.07999999999999997391, -0.7200000000000000844 ) ) ;
#39 = AXIS2_PLACEMENT_3D ( 'NONE', #4737, #3878, #1988 ) ;
#40 = CARTESIAN_POINT ( 'NONE',  ( 0.6499999999999998002, 0.6000000000000004219, -0.8000000000000001554 ) ) ;
#41 = AXIS2_PLACEMENT_3D ( 'NONE', #4876, #3857, #4435 ) ;
#42 = CARTESIAN_POINT ( 'NONE',  ( 1.449999999999999956, 0.6000000000000004219, -0.8000000000000001554 ) ) ;
#43 = FACE_OUTER_BOUND ( 'NONE', #2192, .T. ) ;
#44 = ORIENTED_EDGE ( 'NONE', *, *, #279, .T. ) ;
#45 = UNCERTAINTY_MEASURE_WITH_UNIT (LENGTH_MEASURE( 1.000000000000000082E-05 ), #3533, 'distance_accuracy_value', 'NONE');
#46 = EDGE_CURVE ( 'NONE', #811, #1506, #4747, .T. ) ;
#47 = ORIENTED_EDGE ( 'NONE', *, *, #1582, .F. ) ;
#48 = VECTOR ( 'NONE', #93, 1000.000000000000000 ) ;
#49 = AXIS2_PLACEMENT_3D ( 'NONE', #3906, #5273, #2968 ) ;
#50 = AXIS2_PLACEMENT_3D ( 'NONE', #4281, #3881, #4194 ) ;
#51 = DIRECTION ( 'NONE',  ( -1.000000000000000000, -0.000000000000000000, -0.000000000000000000 ) ) ;
#52 = CARTESIAN_POINT ( 'NONE',  ( 1.050000000000000044, 0.000000000000000000, -0.8000000000000000444 ) ) ;
#53 = VERTEX_POINT ( 'NONE', #3763 ) ;
#54 = ORIENTED_EDGE ( 'NONE', *, *, #5728, .T. ) ;
#55 = DIRECTION ( 'NONE',  ( 0.000000000000000000, -1.000000000000000000, 0.000000000000000000 ) ) ;
#56 = CARTESIAN_POINT ( 'NONE',  ( 1.449999999999999956, -3.231750982573322946E-17, -0.8000000000000000444 ) ) ;
#57 = DIRECTION ( 'NONE',  ( -0.000000000000000000, 1.000000000000000000, -0.000000000000000000 ) ) ;
#58 = LINE ( 'NONE', #1636, #31 ) ;
#59 = VERTEX_POINT ( 'NONE', #2846 ) ;
#60 = EDGE_LOOP ( 'NONE', ( #2276, #3730, #83, #1957 ) ) ;
#61 = CARTESIAN_POINT ( 'NONE',  ( 0.4000000000000001887, -0.4342956348249514265, 0.8000000000000015987 ) ) ;
#62 = DIRECTION ( 'NONE',  ( -1.000000000000000000, -0.000000000000000000, -0.000000000000000000 ) ) ;
#63 = CYLINDRICAL_SURFACE ( 'NONE', #4765, 0.2299999999999998435 ) ;
#64 = CARTESIAN_POINT ( 'NONE',  ( 0.1499999999999997446, 0.5200000000000001288, -0.5000000000000002220 ) ) ;
#65 = CARTESIAN_POINT ( 'NONE',  ( -0.1843614134715217678, 0.08000000000000009881, 0.7200000000000001954 ) ) ;
#66 = LINE ( 'NONE', #2914, #2025 ) ;
#67 = ORIENTED_EDGE ( 'NONE', *, *, #1898, .F. ) ;
#68 = ADVANCED_FACE ( 'NONE', ( #4850 ), #4551, .F. ) ;
#69 = DIRECTION ( 'NONE',  ( 0.000000000000000000, -1.000000000000000000, -1.807003620809172906E-16 ) ) ;
#70 = ORIENTED_EDGE ( 'NONE', *, *, #3867, .T. ) ;
#71 = EDGE_CURVE ( 'NONE', #1716, #2498, #4718, .T. ) ;
#72 = CARTESIAN_POINT ( 'NONE',  ( -0.9500000000000002887, -3.231750982573322946E-17, 0.8000000000000000444 ) ) ;
#73 = LINE ( 'NONE', #4114, #2208 ) ;
#74 = ORIENTED_EDGE ( 'NONE', *, *, #5093, .F. ) ;
#75 = ORIENTED_EDGE ( 'NONE', *, *, #1377, .T. ) ;
#76 = MECHANICAL_DESIGN_GEOMETRIC_PRESENTATION_REPRESENTATION (  '', ( #4938 ), #3607 ) ;
#77 = ADVANCED_FACE ( 'NONE', ( #718 ), #3732, .F. ) ;
#78 = CARTESIAN_POINT ( 'NONE',  ( -1.200000000000000178, -0.4342956348249531473, -0.7999999999999989342 ) ) ;
#79 = FACE_OUTER_BOUND ( 'NONE', #5284, .T. ) ;
#80 = EDGE_CURVE ( 'NONE', #2516, #670, #773, .T. ) ;
#81 = DIRECTION ( 'NONE',  ( 0.000000000000000000, 1.000000000000000000, 0.000000000000000000 ) ) ;
#82 = CARTESIAN_POINT ( 'NONE',  ( -1.450000000000000400, 0.08000000000000004330, -0.7200000000000000844 ) ) ;
#83 = ORIENTED_EDGE ( 'NONE', *, *, #4164, .F. ) ;
#84 = ORIENTED_EDGE ( 'NONE', *, *, #1786, .F. ) ;
#85 = EDGE_CURVE ( 'NONE', #4444, #2458, #845, .T. ) ;
#86 = VECTOR ( 'NONE', #2053, 1000.000000000000000 ) ;
#87 = CARTESIAN_POINT ( 'NONE',  ( 0.9499999999999998446, -3.231750982573322946E-17, -0.4500000000000000666 ) ) ;
#88 = EDGE_CURVE ( 'NONE', #5526, #3081, #2658, .T. ) ;
#89 = DIRECTION ( 'NONE',  ( -1.000000000000000000, -0.000000000000000000, 0.000000000000000000 ) ) ;
#90 = DIRECTION ( 'NONE',  ( -1.000000000000000000, -0.000000000000000000, -0.000000000000000000 ) ) ;
#91 = LINE ( 'NONE', #2446, #4022 ) ;
#92 = ORIENTED_EDGE ( 'NONE', *, *, #548, .F. ) ;
#93 = DIRECTION ( 'NONE',  ( -0.000000000000000000, -0.000000000000000000, -1.000000000000000000 ) ) ;
#94 = CARTESIAN_POINT ( 'NONE',  ( 1.600000000000000089, 0.5200000000000001288, 0.7200000000000001954 ) ) ;
#95 = ORIENTED_EDGE ( 'NONE', *, *, #794, .T. ) ;
#96 = DIRECTION ( 'NONE',  ( 0.000000000000000000, 1.000000000000000000, -1.084202172485504237E-15 ) ) ;
#97 = LINE ( 'NONE', #3473, #2066 ) ;
#98 = EDGE_CURVE ( 'NONE', #4295, #280, #2770, .T. ) ;
#99 = DIRECTION ( 'NONE',  ( -0.000000000000000000, 0.000000000000000000, -1.000000000000000000 ) ) ;
#100 = VECTOR ( 'NONE', #1082, 1000.000000000000000 ) ;
#101 = ORIENTED_EDGE ( 'NONE', *, *, #4068, .F. ) ;
#102 = AXIS2_PLACEMENT_3D ( 'NONE', #2072, #1220, #787 ) ;
#103 = PRODUCT_CONTEXT ( 'NONE', #5559, 'mechanical' ) ;
#104 = ORIENTED_EDGE ( 'NONE', *, *, #2097, .F. ) ;
#105 = MECHANICAL_DESIGN_GEOMETRIC_PRESENTATION_REPRESENTATION (  '', ( #3073 ), #4895 ) ;
#106 = DIRECTION ( 'NONE',  ( -1.000000000000000000, 0.000000000000000000, 0.000000000000000000 ) ) ;
#107 = UNCERTAINTY_MEASURE_WITH_UNIT (LENGTH_MEASURE( 1.000000000000000082E-05 ), #704, 'distance_accuracy_value', 'NONE');
#108 = EDGE_CURVE ( 'NONE', #5054, #1558, #4609, .T. ) ;
#109 = DIRECTION ( 'NONE',  ( 0.000000000000000000, 0.000000000000000000, 1.000000000000000000 ) ) ;
#110 = LINE ( 'NONE', #28, #2221 ) ;
#111 = ORIENTED_EDGE ( 'NONE', *, *, #4731, .T. ) ;
#112 = ADVANCED_FACE ( 'NONE', ( #4729 ), #4630, .F. ) ;
#113 = AXIS2_PLACEMENT_3D ( 'NONE', #2887, #1644, #4846 ) ;
#114 = ORIENTED_EDGE ( 'NONE', *, *, #4826, .F. ) ;
#115 = AXIS2_PLACEMENT_3D ( 'NONE', #3689, #1819, #4047 ) ;
#116 = CARTESIAN_POINT ( 'NONE',  ( 0.6499999999999998002, 0.08000000000000004330, 0.7200000000000000844 ) ) ;
#117 = VECTOR ( 'NONE', #4607, 1000.000000000000000 ) ;
#118 = DIRECTION ( 'NONE',  ( 1.000000000000000000, 0.000000000000000000, -0.000000000000000000 ) ) ;
#119 = LINE ( 'NONE', #64, #4128 ) ;
#120 = CARTESIAN_POINT ( 'NONE',  ( 1.200000000000000178, 0.07999999999999998779, -0.7999999999999994893 ) ) ;
#121 = VERTEX_POINT ( 'NONE', #2919 ) ;
#122 = DIRECTION ( 'NONE',  ( 1.000000000000000000, 0.000000000000000000, -0.000000000000000000 ) ) ;
#123 = EDGE_LOOP ( 'NONE', ( #1915, #3691, #5579, #3826 ) ) ;
#124 = CIRCLE ( 'NONE', #113, 0.2299999999999999545 ) ;
#125 = CARTESIAN_POINT ( 'NONE',  ( -0.9500000000000002887, 0.5200000000000001288, 0.5000000000000002220 ) ) ;
#126 = PLANE ( 'NONE',  #4723 ) ;
#127 = CARTESIAN_POINT ( 'NONE',  ( 1.200000000000000178, 0.5200000000000001288, -0.8000000000000000444 ) ) ;
#128 = LINE ( 'NONE', #2309, #2068 ) ;
#129 = ORIENTED_EDGE ( 'NONE', *, *, #5850, .F. ) ;
#130 = DIRECTION ( 'NONE',  ( -0.000000000000000000, 1.000000000000000000, -0.000000000000000000 ) ) ;
#131 = ORIENTED_EDGE ( 'NONE', *, *, #4874, .T. ) ;
#132 = DIRECTION ( 'NONE',  ( 0.000000000000000000, 0.000000000000000000, -1.000000000000000000 ) ) ;
#133 = VECTOR ( 'NONE', #5316, 1000.000000000000000 ) ;
#134 = DIRECTION ( 'NONE',  ( 1.000000000000000000, 0.000000000000000000, -0.000000000000000000 ) ) ;
#135 = CARTESIAN_POINT ( 'NONE',  ( -0.9500000000000002887, 0.6000000000000004219, 0.8000000000000001554 ) ) ;
#136 = DIRECTION ( 'NONE',  ( -1.000000000000000000, 0.000000000000000000, -0.000000000000000000 ) ) ;
#137 = ORIENTED_EDGE ( 'NONE', *, *, #3978, .F. ) ;
#138 = EDGE_CURVE ( 'NONE', #1045, #792, #4739, .T. ) ;
#139 = CARTESIAN_POINT ( 'NONE',  ( -1.600000000000000089, 0.5200000000000001288, 0.5000000000000002220 ) ) ;
#140 = EDGE_LOOP ( 'NONE', ( #2279, #4674, #2288, #4334 ) ) ;
#141 = CARTESIAN_POINT ( 'NONE',  ( -0.6156385865284785819, -0.4342956348249531473, -0.7200000000000000844 ) ) ;
#142 = LINE ( 'NONE', #551, #2075 ) ;
#143 = CARTESIAN_POINT ( 'NONE',  ( 1.200000000000000178, 0.5200000000000001288, -0.5700000000000000622 ) ) ;
#144 = LINE ( 'NONE', #4699, #2234 ) ;
#145 = EDGE_LOOP ( 'NONE', ( #476, #4962, #1139, #1124 ) ) ;
#146 = EDGE_CURVE ( 'NONE', #5266, #4663, #2819, .T. ) ;
#147 = ORIENTED_EDGE ( 'NONE', *, *, #219, .T. ) ;
#148 = LINE ( 'NONE', #1612, #48 ) ;
#149 = CARTESIAN_POINT ( 'NONE',  ( -0.9500000000000002887, 0.5200000000000001288, 0.8000000000000001554 ) ) ;
#150 = EDGE_CURVE ( 'NONE', #990, #2665, #2611, .T. ) ;
#151 = DIRECTION ( 'NONE',  ( 0.000000000000000000, 1.000000000000000000, 0.000000000000000000 ) ) ;
#152 = VERTEX_POINT ( 'NONE', #1067 ) ;
#153 = ADVANCED_FACE ( 'NONE', ( #637 ), #2806, .T. ) ;
#154 = CARTESIAN_POINT ( 'NONE',  ( -1.415638586528478182, 0.08000000000000004330, -0.7200000000000000844 ) ) ;
#155 = CARTESIAN_POINT ( 'NONE',  ( 1.600000000000000089, 0.08000000000000004330, -0.7200000000000000844 ) ) ;
#156 = ORIENTED_EDGE ( 'NONE', *, *, #2021, .F. ) ;
#157 = EDGE_CURVE ( 'NONE', #4715, #424, #2511, .T. ) ;
#158 = DIRECTION ( 'NONE',  ( 0.000000000000000000, -1.000000000000000000, 0.000000000000000000 ) ) ;
#159 = CYLINDRICAL_SURFACE ( 'NONE', #3384, 0.2299999999999999545 ) ;
#160 = DIRECTION ( 'NONE',  ( 0.000000000000000000, 0.000000000000000000, -1.000000000000000000 ) ) ;
#161 = DIRECTION ( 'NONE',  ( -0.000000000000000000, 1.000000000000000000, -0.000000000000000000 ) ) ;
#162 = CARTESIAN_POINT ( 'NONE',  ( 0.9499999999999998446, 0.08000000000000004330, 0.7200000000000000844 ) ) ;
#163 = CARTESIAN_POINT ( 'NONE',  ( -1.200000000000000178, -0.4342956348249531473, -0.7999999999999989342 ) ) ;
#164 = CIRCLE ( 'NONE', #3497, 0.2299999999999999545 ) ;
#165 = VERTEX_POINT ( 'NONE', #2722 ) ;
#166 = CARTESIAN_POINT ( 'NONE',  ( 1.600000000000000089, 0.08000000000000004330, 0.7200000000000001954 ) ) ;
#167 = CARTESIAN_POINT ( 'NONE',  ( -0.5499999999999998224, 9.795786256852390061E-32, 0.8000000000000000444 ) ) ;
#168 = ORIENTED_EDGE ( 'NONE', *, *, #1358, .F. ) ;
#169 = VECTOR ( 'NONE', #3362, 1000.000000000000000 ) ;
#170 = PLANE ( 'NONE',  #3757 ) ;
#171 = AXIS2_PLACEMENT_3D ( 'NONE', #2425, #5702, #1634 ) ;
#172 = FACE_OUTER_BOUND ( 'NONE', #2326, .T. ) ;
#173 = ORIENTED_EDGE ( 'NONE', *, *, #3219, .F. ) ;
#174 = ORIENTED_EDGE ( 'NONE', *, *, #1302, .T. ) ;
#175 = EDGE_CURVE ( 'NONE', #4663, #1495, #2794, .T. ) ;
#176 = DIRECTION ( 'NONE',  ( 0.000000000000000000, -1.003890900449541079E-16, 1.000000000000000000 ) ) ;
#177 = VECTOR ( 'NONE', #5596, 1000.000000000000000 ) ;
#178 = AXIS2_PLACEMENT_3D ( 'NONE', #4283, #648, #1515 ) ;
#179 = LINE ( 'NONE', #3117, #4015 ) ;
#180 = ORIENTED_EDGE ( 'NONE', *, *, #4597, .T. ) ;
#181 = ORIENTED_EDGE ( 'NONE', *, *, #536, .F. ) ;
#182 = LINE ( 'NONE', #1398, #4301 ) ;
#183 = CARTESIAN_POINT ( 'NONE',  ( -0.1500000000000002720, 0.08000000000000001554, 0.4500000000000000666 ) ) ;
#184 = CARTESIAN_POINT ( 'NONE',  ( -0.5500000000000000444, 0.000000000000000000, -0.8000000000000000444 ) ) ;
#185 = CARTESIAN_POINT ( 'NONE',  ( 1.050000000000000266, 0.6000000000000004219, 0.8000000000000001554 ) ) ;
#186 = VECTOR ( 'NONE', #359, 1000.000000000000000 ) ;
#187 = DIRECTION ( 'NONE',  ( 0.000000000000000000, 0.000000000000000000, -1.000000000000000000 ) ) ;
#188 = VERTEX_POINT ( 'NONE', #3273 ) ;
#189 = DIRECTION ( 'NONE',  ( -0.000000000000000000, 1.000000000000000000, 1.003890900449541202E-16 ) ) ;
#190 = VERTEX_POINT ( 'NONE', #1497 ) ;
#191 = CARTESIAN_POINT ( 'NONE',  ( -0.9500000000000002887, 0.6000000000000004219, -0.8000000000000001554 ) ) ;
#192 = EDGE_CURVE ( 'NONE', #5033, #1945, #4554, .T. ) ;
#193 = FACE_OUTER_BOUND ( 'NONE', #3196, .T. ) ;
#194 = CARTESIAN_POINT ( 'NONE',  ( -0.6500000000000002442, 0.5200000000000001288, -0.5000000000000002220 ) ) ;
#195 = DIRECTION ( 'NONE',  ( 0.000000000000000000, 0.000000000000000000, -1.000000000000000000 ) ) ;
#196 = CARTESIAN_POINT ( 'NONE',  ( 1.200000000000000178, 0.5200000000000001288, -0.8000000000000000444 ) ) ;
#197 = VECTOR ( 'NONE', #4565, 1000.000000000000000 ) ;
#198 = ORIENTED_EDGE ( 'NONE', *, *, #2681, .F. ) ;
#199 = ADVANCED_FACE ( 'NONE', ( #4738 ), #939, .F. ) ;
#200 = CARTESIAN_POINT ( 'NONE',  ( -0.9500000000000002887, 0.08000000000000004330, -0.7200000000000000844 ) ) ;
#201 = FILL_AREA_STYLE ('',( #552 ) ) ;
#202 = ORIENTED_EDGE ( 'NONE', *, *, #1773, .T. ) ;
#203 = DIRECTION ( 'NONE',  ( -1.000000000000000000, -0.000000000000000000, 0.000000000000000000 ) ) ;
#204 = DIRECTION ( 'NONE',  ( 0.000000000000000000, 0.000000000000000000, 1.000000000000000000 ) ) ;
#205 = LINE ( 'NONE', #3975, #4251 ) ;
#206 = EDGE_CURVE ( 'NONE', #4934, #2603, #2503, .T. ) ;
#207 = VECTOR ( 'NONE', #2359, 1000.000000000000000 ) ;
#208 = ORIENTED_EDGE ( 'NONE', *, *, #900, .F. ) ;
#209 = DIRECTION ( 'NONE',  ( -0.000000000000000000, 1.000000000000000000, 0.000000000000000000 ) ) ;
#210 = VERTEX_POINT ( 'NONE', #4946 ) ;
#211 = CARTESIAN_POINT ( 'NONE',  ( -0.9500000000000002887, 0.08000000000000004330, 1.332541078227774012 ) ) ;
#212 = EDGE_CURVE ( 'NONE', #1975, #2554, #4691, .T. ) ;
#213 = VECTOR ( 'NONE', #4159, 1000.000000000000000 ) ;
#214 = ORIENTED_EDGE ( 'NONE', *, *, #4335, .T. ) ;
#215 = PLANE ( 'NONE',  #5466 ) ;
#216 = ORIENTED_EDGE ( 'NONE', *, *, #5634, .T. ) ;
#217 = ORIENTED_EDGE ( 'NONE', *, *, #2528, .T. ) ;
#218 = FACE_OUTER_BOUND ( 'NONE', #2098, .T. ) ;
#219 = EDGE_CURVE ( 'NONE', #165, #383, #2741, .T. ) ;
#220 = ORIENTED_EDGE ( 'NONE', *, *, #3198, .T. ) ;
#221 = CARTESIAN_POINT ( 'NONE',  ( 1.449999999999999956, 0.08000000000000004330, -0.7200000000000000844 ) ) ;
#222 = DIRECTION ( 'NONE',  ( 0.000000000000000000, 0.000000000000000000, 1.000000000000000000 ) ) ;
#223 = EDGE_CURVE ( 'NONE', #4914, #2965, #806, .T. ) ;
#224 = DIRECTION ( 'NONE',  ( 9.427844978134823652E-16, 1.178480622266852956E-16, -1.000000000000000000 ) ) ;
#225 = ORIENTED_EDGE ( 'NONE', *, *, #5103, .T. ) ;
#226 = DIRECTION ( 'NONE',  ( -1.000000000000000000, -0.000000000000000000, -0.000000000000000000 ) ) ;
#227 = VERTEX_POINT ( 'NONE', #2635 ) ;
#228 =( GEOMETRIC_REPRESENTATION_CONTEXT ( 3 ) GLOBAL_UNCERTAINTY_ASSIGNED_CONTEXT ( ( #3899 ) ) GLOBAL_UNIT_ASSIGNED_CONTEXT ( ( #4984, #5432, #935 ) ) REPRESENTATION_CONTEXT ( 'NONE', 'WORKASPACE' ) );
#229 = CIRCLE ( 'NONE', #5269, 0.2299999999999999545 ) ;
#230 = ORIENTED_EDGE ( 'NONE', *, *, #175, .F. ) ;
#231 = EDGE_CURVE ( 'NONE', #749, #2990, #567, .T. ) ;
#232 = CARTESIAN_POINT ( 'NONE',  ( -0.9500000000000002887, 0.08000000000000004330, 0.7200000000000000844 ) ) ;
#233 = CARTESIAN_POINT ( 'NONE',  ( 0.6499999999999998002, 0.5200000000000001288, 0.5000000000000002220 ) ) ;
#234 = CARTESIAN_POINT ( 'NONE',  ( -0.1500000000000002720, 0.08000000000000004330, -0.7200000000000000844 ) ) ;
#235 = DIRECTION ( 'NONE',  ( 0.000000000000000000, -0.000000000000000000, 1.000000000000000000 ) ) ;
#236 = CIRCLE ( 'NONE', #658, 0.1500000000000000777 ) ;
#237 = ORIENTED_EDGE ( 'NONE', *, *, #724, .F. ) ;
#238 = DIRECTION ( 'NONE',  ( 0.000000000000000000, 0.000000000000000000, 1.000000000000000000 ) ) ;
#239 = CARTESIAN_POINT ( 'NONE',  ( -0.4000000000000000777, 0.08000000000000009881, -0.8000000000000001554 ) ) ;
#240 = VERTEX_POINT ( 'NONE', #3107 ) ;
#241 = DIRECTION ( 'NONE',  ( -0.000000000000000000, 1.000000000000000000, 1.003890900449541202E-16 ) ) ;
#242 = PLANE ( 'NONE',  #3697 ) ;
#243 = AXIS2_PLACEMENT_3D ( 'NONE', #2646, #1227, #3118 ) ;
#244 = VECTOR ( 'NONE', #1741, 1000.000000000000000 ) ;
#245 = VERTEX_POINT ( 'NONE', #5508 ) ;
#246 = DIRECTION ( 'NONE',  ( 0.000000000000000000, 1.000000000000000000, -1.084202172485504237E-15 ) ) ;
#247 = FACE_OUTER_BOUND ( 'NONE', #1301, .T. ) ;
#248 = ORIENTED_EDGE ( 'NONE', *, *, #2447, .T. ) ;
#249 = ADVANCED_FACE ( 'NONE', ( #4463 ), #556, .F. ) ;
#250 = CARTESIAN_POINT ( 'NONE',  ( 0.2500000000000000000, 0.000000000000000000, -0.8000000000000000444 ) ) ;
#251 = PLANE ( 'NONE',  #5641 ) ;
#252 = CLOSED_SHELL ( 'NONE', ( #112, #5415, #5687, #1652, #2683, #5292, #502, #525, #2160, #68, #5308, #4662, #4710, #1809, #2787, #3894, #3228, #539, #2418, #3922, #1836, #1854, #5342, #4955, #3481, #5191, #1403, #5515, #3609, #2259, #1183, #249, #2773, #2223, #4236, #5591, #1282, #1861, #355, #4036, #4049, #5003, #4008, #4419, #3126, #1695, #3966, #4825, #5242, #1437, #481, #1667, #5056, #3507, #1822, #3417, #2277, #2115 ) ) ;
#253 = CARTESIAN_POINT ( 'NONE',  ( -0.9500000000000000666, 0.08000000000000004330, 0.7200000000000001954 ) ) ;
#254 = LINE ( 'NONE', #1129, #177 ) ;
#255 = VERTEX_POINT ( 'NONE', #3598 ) ;
#256 = ORIENTED_EDGE ( 'NONE', *, *, #4814, .F. ) ;
#257 = VERTEX_POINT ( 'NONE', #5403 ) ;
#258 = LINE ( 'NONE', #2116, #4234 ) ;
#259 = ORIENTED_EDGE ( 'NONE', *, *, #30, .F. ) ;
#260 = ADVANCED_FACE ( 'NONE', ( #4538 ), #5435, .F. ) ;
#261 = CARTESIAN_POINT ( 'NONE',  ( 0.4000000000000001887, 0.000000000000000000, 0.8000000000000005995 ) ) ;
#262 = LINE ( 'NONE', #2019, #207 ) ;
#263 = CARTESIAN_POINT ( 'NONE',  ( -1.199999999999999956, 0.07999999999999989064, 0.8000000000000010436 ) ) ;
#264 = ORIENTED_EDGE ( 'NONE', *, *, #1203, .T. ) ;
#265 = EDGE_CURVE ( 'NONE', #5067, #2673, #2599, .T. ) ;
#266 = DIRECTION ( 'NONE',  ( 0.000000000000000000, 1.178480622266852956E-16, -1.000000000000000000 ) ) ;
#267 = DIRECTION ( 'NONE',  ( -1.000000000000000000, -0.000000000000000000, -0.000000000000000000 ) ) ;
#268 = ORIENTED_EDGE ( 'NONE', *, *, #3930, .F. ) ;
#269 = LINE ( 'NONE', #471, #4310 ) ;
#270 = ORIENTED_EDGE ( 'NONE', *, *, #497, .F. ) ;
#271 = DIRECTION ( 'NONE',  ( 0.000000000000000000, -1.000000000000000000, 0.000000000000000000 ) ) ;
#272 = PLANE ( 'NONE',  #5226 ) ;
#273 = DIRECTION ( 'NONE',  ( -0.000000000000000000, 1.807003620809172906E-16, 1.000000000000000000 ) ) ;
#274 = LINE ( 'NONE', #2808, #4316 ) ;
#275 = ORIENTED_EDGE ( 'NONE', *, *, #314, .T. ) ;
#276 = DIRECTION ( 'NONE',  ( -1.000000000000000000, -0.000000000000000000, 0.000000000000000000 ) ) ;
#277 = CARTESIAN_POINT ( 'NONE',  ( 0.6499999999999998002, 0.5200000000000001288, 0.7200000000000000844 ) ) ;
#278 = VECTOR ( 'NONE', #1354, 1000.000000000000000 ) ;
#279 = EDGE_CURVE ( 'NONE', #2428, #3849, #4717, .T. ) ;
#280 = VERTEX_POINT ( 'NONE', #1461 ) ;
#281 = PLANE ( 'NONE',  #4683 ) ;
#282 = LINE ( 'NONE', #141, #4126 ) ;
#283 = VERTEX_POINT ( 'NONE', #398 ) ;
#284 = CARTESIAN_POINT ( 'NONE',  ( -0.1500000000000002720, 0.08000000000000004330, 0.7200000000000000844 ) ) ;
#285 = EDGE_CURVE ( 'NONE', #3554, #4908, #2558, .T. ) ;
#286 = VECTOR ( 'NONE', #2393, 1000.000000000000000 ) ;
#287 = ORIENTED_EDGE ( 'NONE', *, *, #536, .T. ) ;
#288 = DIRECTION ( 'NONE',  ( -1.000000000000000000, -0.000000000000000000, 0.000000000000000000 ) ) ;
#289 = LINE ( 'NONE', #2386, #2450 ) ;
#290 = ORIENTED_EDGE ( 'NONE', *, *, #3802, .T. ) ;
#291 = CARTESIAN_POINT ( 'NONE',  ( 0.2500000000000002220, 0.6000000000000004219, 0.8000000000000001554 ) ) ;
#292 = EDGE_CURVE ( 'NONE', #5275, #5309, #4502, .T. ) ;
#293 = DIRECTION ( 'NONE',  ( 0.000000000000000000, -1.000000000000000000, 1.807003620809172906E-16 ) ) ;
#294 = LINE ( 'NONE', #2738, #4290 ) ;
#295 = ORIENTED_EDGE ( 'NONE', *, *, #3562, .F. ) ;
#296 = LINE ( 'NONE', #596, #390 ) ;
#297 = ORIENTED_EDGE ( 'NONE', *, *, #4325, .T. ) ;
#298 = ADVANCED_FACE ( 'NONE', ( #669 ), #2921, .F. ) ;
#299 = EDGE_CURVE ( 'NONE', #777, #4205, #4672, .T. ) ;
#300 = CYLINDRICAL_SURFACE ( 'NONE', #2568, 0.2299999999999999545 ) ;
#301 = VERTEX_POINT ( 'NONE', #720 ) ;
#302 = LINE ( 'NONE', #516, #4106 ) ;
#303 = DIRECTION ( 'NONE',  ( 0.000000000000000000, -1.000000000000000000, 0.000000000000000000 ) ) ;
#304 = ORIENTED_EDGE ( 'NONE', *, *, #3859, .F. ) ;
#305 = AXIS2_PLACEMENT_3D ( 'NONE', #2123, #4280, #5203 ) ;
#306 = CARTESIAN_POINT ( 'NONE',  ( 0.1499999999999997446, 0.08000000000000001554, -0.4500000000000000666 ) ) ;
#307 = AXIS2_PLACEMENT_3D ( 'NONE', #4417, #1564, #2339 ) ;
#308 = CARTESIAN_POINT ( 'NONE',  ( 1.449999999999999956, -3.231750982573322946E-17, -0.8000000000000000444 ) ) ;
#309 = COLOUR_RGB ( '',0.7921568627450980005, 0.8196078431372548767, 0.9333333333333333481 ) ;
#310 = DIRECTION ( 'NONE',  ( 0.000000000000000000, -1.000000000000000000, 0.000000000000000000 ) ) ;
#311 = ORIENTED_EDGE ( 'NONE', *, *, #3257, .T. ) ;
#312 = FACE_OUTER_BOUND ( 'NONE', #770, .T. ) ;
#313 = ORIENTED_EDGE ( 'NONE', *, *, #4115, .F. ) ;
#314 = EDGE_CURVE ( 'NONE', #5712, #828, #4680, .T. ) ;
#315 = CARTESIAN_POINT ( 'NONE',  ( -1.450000000000000622, 0.08000000000000004330, -0.7200000000000000844 ) ) ;
#316 = CIRCLE ( 'NONE', #178, 0.2299999999999999545 ) ;
#317 = ORIENTED_EDGE ( 'NONE', *, *, #710, .F. ) ;
#318 = ADVANCED_FACE ( 'NONE', ( #659 ), #2964, .F. ) ;
#319 = DIRECTION ( 'NONE',  ( -1.000000000000000000, 0.000000000000000000, 0.000000000000000000 ) ) ;
#320 = DIRECTION ( 'NONE',  ( 1.000000000000000000, 0.000000000000000000, 0.000000000000000000 ) ) ;
#321 = AXIS2_PLACEMENT_3D ( 'NONE', #861, #3237, #4557 ) ;
#322 = FACE_OUTER_BOUND ( 'NONE', #740, .T. ) ;
#323 = ORIENTED_EDGE ( 'NONE', *, *, #157, .T. ) ;
#324 = AXIS2_PLACEMENT_3D ( 'NONE', #2347, #2849, #5578 ) ;
#325 = DIRECTION ( 'NONE',  ( 0.000000000000000000, -1.000000000000000000, 0.000000000000000000 ) ) ;
#326 = CARTESIAN_POINT ( 'NONE',  ( 0.6499999999999998002, 0.5200000000000001288, -0.8000000000000001554 ) ) ;
#327 = LINE ( 'NONE', #2437, #2484 ) ;
#328 = ORIENTED_EDGE ( 'NONE', *, *, #1720, .F. ) ;
#329 = DIRECTION ( 'NONE',  ( 0.000000000000000000, -1.000000000000000000, 0.000000000000000000 ) ) ;
#330 = UNCERTAINTY_MEASURE_WITH_UNIT (LENGTH_MEASURE( 1.000000000000000082E-05 ), #3552, 'distance_accuracy_value', 'NONE');
#331 = LINE ( 'NONE', #4666, #348 ) ;
#332 = ORIENTED_EDGE ( 'NONE', *, *, #5037, .T. ) ;
#333 = DIRECTION ( 'NONE',  ( 0.000000000000000000, 0.000000000000000000, 1.000000000000000000 ) ) ;
#334 = SURFACE_STYLE_FILL_AREA ( #3905 ) ;
#335 = ORIENTED_EDGE ( 'NONE', *, *, #3131, .T. ) ;
#336 = PLANE ( 'NONE',  #863 ) ;
#337 = LINE ( 'NONE', #2146, #2278 ) ;
#338 = ORIENTED_EDGE ( 'NONE', *, *, #5850, .T. ) ;
#339 = CARTESIAN_POINT ( 'NONE',  ( -0.1843614134715217678, 0.08000000000000009881, 0.7200000000000001954 ) ) ;
#340 = FACE_OUTER_BOUND ( 'NONE', #2890, .T. ) ;
#341 = VERTEX_POINT ( 'NONE', #2344 ) ;
#342 = VECTOR ( 'NONE', #1071, 1000.000000000000000 ) ;
#343 = VERTEX_POINT ( 'NONE', #5111 ) ;
#344 = LINE ( 'NONE', #5805, #4383 ) ;
#345 = EDGE_LOOP ( 'NONE', ( #479, #2586, #4574, #4337 ) ) ;
#346 = ORIENTED_EDGE ( 'NONE', *, *, #4344, .F. ) ;
#347 = DIRECTION ( 'NONE',  ( -1.000000000000000000, -0.000000000000000000, -0.000000000000000000 ) ) ;
#348 = VECTOR ( 'NONE', #176, 1000.000000000000000 ) ;
#349 = VERTEX_POINT ( 'NONE', #4722 ) ;
#350 = EDGE_CURVE ( 'NONE', #602, #2881, #778, .T. ) ;
#351 =( NAMED_UNIT ( * ) PLANE_ANGLE_UNIT ( ) SI_UNIT ( $, .RADIAN. ) );
#352 = LINE ( 'NONE', #5069, #286 ) ;
#353 = CARTESIAN_POINT ( 'NONE',  ( 0.3999999999999999667, 0.5200000000000001288, -0.8000000000000000444 ) ) ;
#354 = EDGE_LOOP ( 'NONE', ( #1255, #437, #3221, #460 ) ) ;
#355 = ADVANCED_FACE ( 'NONE', ( #2617 ), #3764, .T. ) ;
#356 = DIRECTION ( 'NONE',  ( 0.000000000000000000, -1.000000000000000000, 1.003890900449541202E-16 ) ) ;
#357 = ORIENTED_EDGE ( 'NONE', *, *, #2152, .T. ) ;
#358 = VERTEX_POINT ( 'NONE', #4221 ) ;
#359 = DIRECTION ( 'NONE',  ( -0.000000000000000000, -0.000000000000000000, -1.000000000000000000 ) ) ;
#360 = AXIS2_PLACEMENT_3D ( 'NONE', #4441, #3904, #5377 ) ;
#361 = VECTOR ( 'NONE', #3377, 1000.000000000000000 ) ;
#362 = ORIENTED_EDGE ( 'NONE', *, *, #3988, .F. ) ;
#363 = EDGE_CURVE ( 'NONE', #774, #4483, #578, .T. ) ;
#364 = DIRECTION ( 'NONE',  ( -1.000000000000000000, -0.000000000000000000, -0.000000000000000000 ) ) ;
#365 = CARTESIAN_POINT ( 'NONE',  ( -0.9500000000000002887, -3.231750982573322946E-17, 0.8000000000000000444 ) ) ;
#366 = VECTOR ( 'NONE', #5149, 1000.000000000000000 ) ;
#367 = ORIENTED_EDGE ( 'NONE', *, *, #3751, .T. ) ;
#368 = CARTESIAN_POINT ( 'NONE',  ( -0.6500000000000001332, 0.08000000000000004330, -0.7200000000000000844 ) ) ;
#369 = DIRECTION ( 'NONE',  ( -0.000000000000000000, 1.000000000000000000, -0.000000000000000000 ) ) ;
#370 = LINE ( 'NONE', #4932, #2313 ) ;
#371 = ORIENTED_EDGE ( 'NONE', *, *, #4131, .F. ) ;
#372 = ORIENTED_EDGE ( 'NONE', *, *, #4802, .F. ) ;
#373 = FACE_OUTER_BOUND ( 'NONE', #1676, .T. ) ;
#374 = EDGE_CURVE ( 'NONE', #3030, #892, #4568, .T. ) ;
#375 = ORIENTED_EDGE ( 'NONE', *, *, #2397, .F. ) ;
#376 = ADVANCED_FACE ( 'NONE', ( #618 ), #2884, .F. ) ;
#377 = EDGE_CURVE ( 'NONE', #2768, #3528, #2536, .T. ) ;
#378 = LINE ( 'NONE', #3323, #454 ) ;
#379 = CARTESIAN_POINT ( 'NONE',  ( -0.1500000000000002720, 0.5200000000000001288, -0.7200000000000000844 ) ) ;
#380 = ORIENTED_EDGE ( 'NONE', *, *, #5263, .T. ) ;
#381 = CARTESIAN_POINT ( 'NONE',  ( 0.9499999999999997335, 0.08000000000000004330, 0.7200000000000001954 ) ) ;
#382 = LINE ( 'NONE', #2083, #493 ) ;
#383 = VERTEX_POINT ( 'NONE', #1231 ) ;
#384 = ORIENTED_EDGE ( 'NONE', *, *, #1092, .F. ) ;
#385 = VECTOR ( 'NONE', #4039, 1000.000000000000000 ) ;
#386 = ORIENTED_EDGE ( 'NONE', *, *, #4799, .T. ) ;
#387 = DIRECTION ( 'NONE',  ( 0.000000000000000000, 3.614007241618349264E-16, 1.000000000000000000 ) ) ;
#388 = EDGE_CURVE ( 'NONE', #2965, #783, #4704, .T. ) ;
#389 = PLANE ( 'NONE',  #5700 ) ;
#390 = VECTOR ( 'NONE', #3635, 1000.000000000000000 ) ;
#391 = ORIENTED_EDGE ( 'NONE', *, *, #2410, .T. ) ;
#392 = FACE_OUTER_BOUND ( 'NONE', #3943, .T. ) ;
#393 = AXIS2_PLACEMENT_3D ( 'NONE', #2107, #4387, #2597 ) ;
#394 = ORIENTED_EDGE ( 'NONE', *, *, #3110, .T. ) ;
#395 = ORIENTED_EDGE ( 'NONE', *, *, #1972, .T. ) ;
#396 = AXIS2_PLACEMENT_3D ( 'NONE', #3476, #3796, #2015 ) ;
#397 = CARTESIAN_POINT ( 'NONE',  ( -0.6500000000000001332, 0.08000000000000004330, -0.7200000000000000844 ) ) ;
#398 = CARTESIAN_POINT ( 'NONE',  ( 0.6499999999999998002, -3.231750982573322946E-17, -0.4500000000000000666 ) ) ;
#399 = VECTOR ( 'NONE', #5285, 1000.000000000000000 ) ;
#400 = ORIENTED_EDGE ( 'NONE', *, *, #279, .F. ) ;
#401 = DIRECTION ( 'NONE',  ( 0.000000000000000000, 0.000000000000000000, 1.000000000000000000 ) ) ;
#402 = CARTESIAN_POINT ( 'NONE',  ( 1.600000000000000089, 0.5200000000000001288, 0.5000000000000002220 ) ) ;
#403 = EDGE_CURVE ( 'NONE', #650, #1322, #795, .T. ) ;
#404 = CARTESIAN_POINT ( 'NONE',  ( 0.9499999999999998446, 0.6000000000000004219, 0.8000000000000001554 ) ) ;
#405 = LINE ( 'NONE', #799, #2322 ) ;
#406 = PLANE ( 'NONE',  #5258 ) ;
#407 = ORIENTED_EDGE ( 'NONE', *, *, #1947, .F. ) ;
#408 = CARTESIAN_POINT ( 'NONE',  ( -1.200000000000000178, 0.5200000000000001288, -0.8000000000000000444 ) ) ;
#409 = LINE ( 'NONE', #2184, #4373 ) ;
#410 = VERTEX_POINT ( 'NONE', #162 ) ;
#411 = ORIENTED_EDGE ( 'NONE', *, *, #4492, .F. ) ;
#412 = DIRECTION ( 'NONE',  ( 0.000000000000000000, 0.000000000000000000, 1.000000000000000000 ) ) ;
#413 = DIRECTION ( 'NONE',  ( -1.000000000000000000, 0.000000000000000000, -0.000000000000000000 ) ) ;
#414 = MECHANICAL_DESIGN_GEOMETRIC_PRESENTATION_REPRESENTATION (  '', ( #2795 ), #1472 ) ;
#415 = CIRCLE ( 'NONE', #5457, 0.1500000000000000777 ) ;
#416 = ORIENTED_EDGE ( 'NONE', *, *, #1009, .F. ) ;
#417 = AXIS2_PLACEMENT_3D ( 'NONE', #1499, #1906, #3361 ) ;
#418 = CARTESIAN_POINT ( 'NONE',  ( -1.199999999999999956, 0.08000000000000004330, 0.8000000000000003775 ) ) ;
#419 = LINE ( 'NONE', #5112, #2265 ) ;
#420 = ORIENTED_EDGE ( 'NONE', *, *, #5219, .F. ) ;
#421 = CARTESIAN_POINT ( 'NONE',  ( 0.1499999999999997446, -3.231750982573322946E-17, 0.4500000000000000666 ) ) ;
#422 = DIRECTION ( 'NONE',  ( 0.000000000000000000, -1.000000000000000000, 0.000000000000000000 ) ) ;
#423 = FACE_OUTER_BOUND ( 'NONE', #4189, .T. ) ;
#424 = VERTEX_POINT ( 'NONE', #5148 ) ;
#425 = CARTESIAN_POINT ( 'NONE',  ( -1.450000000000000400, 0.5200000000000001288, -0.5000000000000002220 ) ) ;
#426 = ORIENTED_EDGE ( 'NONE', *, *, #1894, .F. ) ;
#427 = LINE ( 'NONE', #253, #2491 ) ;
#428 = ORIENTED_EDGE ( 'NONE', *, *, #1563, .T. ) ;
#429 = CARTESIAN_POINT ( 'NONE',  ( -1.600000000000000089, 0.6999999999999999556, 0.5000000000000003331 ) ) ;
#430 = VECTOR ( 'NONE', #1538, 1000.000000000000000 ) ;
#431 = ORIENTED_EDGE ( 'NONE', *, *, #1931, .T. ) ;
#432 = EDGE_CURVE ( 'NONE', #4166, #4660, #2758, .T. ) ;
#433 = CARTESIAN_POINT ( 'NONE',  ( 0.6499999999999998002, 0.5200000000000001288, 0.7200000000000000844 ) ) ;
#434 = LINE ( 'NONE', #3940, #4318 ) ;
#435 = ORIENTED_EDGE ( 'NONE', *, *, #71, .T. ) ;
#436 = CARTESIAN_POINT ( 'NONE',  ( 1.449999999999999956, 0.08000000000000004330, -0.7200000000000000844 ) ) ;
#437 = ORIENTED_EDGE ( 'NONE', *, *, #5103, .F. ) ;
#438 = LINE ( 'NONE', #1893, #4343 ) ;
#439 = VERTEX_POINT ( 'NONE', #4803 ) ;
#440 = ADVANCED_FACE ( 'NONE', ( #2769 ), #126, .F. ) ;
#441 = CYLINDRICAL_SURFACE ( 'NONE', #4077, 0.1500000000000000777 ) ;
#442 = ORIENTED_EDGE ( 'NONE', *, *, #2063, .T. ) ;
#443 = FACE_OUTER_BOUND ( 'NONE', #5136, .T. ) ;
#444 = EDGE_CURVE ( 'NONE', #5539, #4975, #815, .T. ) ;
#445 = ORIENTED_EDGE ( 'NONE', *, *, #1910, .T. ) ;
#446 = VERTEX_POINT ( 'NONE', #1974 ) ;
#447 = DIRECTION ( 'NONE',  ( -0.000000000000000000, 1.000000000000000000, 0.000000000000000000 ) ) ;
#448 = LINE ( 'NONE', #5498, #2454 ) ;
#449 = VERTEX_POINT ( 'NONE', #3432 ) ;
#450 = SURFACE_STYLE_USAGE ( .BOTH. , #2723 ) ;
#451 =( LENGTH_UNIT ( ) NAMED_UNIT ( * ) SI_UNIT ( .MILLI., .METRE. ) );
#452 = DIRECTION ( 'NONE',  ( -0.000000000000000000, 1.000000000000000000, 1.003890900449541202E-16 ) ) ;
#453 = AXIS2_PLACEMENT_3D ( 'NONE', #1605, #4721, #4353 ) ;
#454 = VECTOR ( 'NONE', #4645, 1000.000000000000000 ) ;
#455 = CARTESIAN_POINT ( 'NONE',  ( -0.1500000000000002720, -3.231750982573322946E-17, -0.8000000000000000444 ) ) ;
#456 = ORIENTED_EDGE ( 'NONE', *, *, #4408, .T. ) ;
#457 = DIRECTION ( 'NONE',  ( 0.000000000000000000, 1.000000000000000000, 1.807003620809172906E-16 ) ) ;
#458 = LINE ( 'NONE', #3170, #278 ) ;
#459 = ORIENTED_EDGE ( 'NONE', *, *, #846, .F. ) ;
#460 = ORIENTED_EDGE ( 'NONE', *, *, #5487, .T. ) ;
#461 = DIRECTION ( 'NONE',  ( 0.000000000000000000, 1.807003620809172906E-16, -1.000000000000000000 ) ) ;
#462 = EDGE_CURVE ( 'NONE', #3483, #4682, #4728, .T. ) ;
#463 = VECTOR ( 'NONE', #4860, 1000.000000000000000 ) ;
#464 = ORIENTED_EDGE ( 'NONE', *, *, #714, .F. ) ;
#465 = DIRECTION ( 'NONE',  ( 0.000000000000000000, 0.000000000000000000, 1.000000000000000000 ) ) ;
#466 = ADVANCED_FACE ( 'NONE', ( #820 ), #2048, .F. ) ;
#467 = CARTESIAN_POINT ( 'NONE',  ( -0.9500000000000002887, 0.5200000000000001288, -0.8000000000000001554 ) ) ;
#468 = FACE_OUTER_BOUND ( 'NONE', #2501, .T. ) ;
#469 = DIRECTION ( 'NONE',  ( -0.000000000000000000, -0.000000000000000000, -1.000000000000000000 ) ) ;
#470 = ORIENTED_EDGE ( 'NONE', *, *, #1203, .F. ) ;
#471 = CARTESIAN_POINT ( 'NONE',  ( 0.1499999999999997446, 0.08000000000000004330, 1.332541078227774012 ) ) ;
#472 = EDGE_CURVE ( 'NONE', #3327, #511, #831, .T. ) ;
#473 = PLANE ( 'NONE',  #5521 ) ;
#474 = CIRCLE ( 'NONE', #2168, 0.2300000000000000655 ) ;
#475 = VERTEX_POINT ( 'NONE', #3046 ) ;
#476 = ORIENTED_EDGE ( 'NONE', *, *, #5007, .F. ) ;
#477 = EDGE_CURVE ( 'NONE', #2665, #4058, #2580, .T. ) ;
#478 = LINE ( 'NONE', #1963, #605 ) ;
#479 = ORIENTED_EDGE ( 'NONE', *, *, #1076, .F. ) ;
#480 = ORIENTED_EDGE ( 'NONE', *, *, #1526, .T. ) ;
#481 = ADVANCED_FACE ( 'NONE', ( #4525 ), #3123, .F. ) ;
#482 = CARTESIAN_POINT ( 'NONE',  ( 0.4000000000000001887, 0.07999999999999989064, 0.8000000000000010436 ) ) ;
#483 = ORIENTED_EDGE ( 'NONE', *, *, #3551, .T. ) ;
#484 = EDGE_CURVE ( 'NONE', #777, #257, #627, .T. ) ;
#485 = ORIENTED_EDGE ( 'NONE', *, *, #299, .F. ) ;
#486 = LINE ( 'NONE', #4634, #4322 ) ;
#487 = ORIENTED_EDGE ( 'NONE', *, *, #5373, .T. ) ;
#488 = DIRECTION ( 'NONE',  ( 0.000000000000000000, 1.807003620809172906E-16, -1.000000000000000000 ) ) ;
#489 = DIRECTION ( 'NONE',  ( 0.000000000000000000, -1.000000000000000000, -1.003890900449541202E-16 ) ) ;
#490 = ORIENTED_EDGE ( 'NONE', *, *, #737, .T. ) ;
#491 = AXIS2_PLACEMENT_3D ( 'NONE', #3390, #3783, #2510 ) ;
#492 = DIRECTION ( 'NONE',  ( -1.000000000000000000, -0.000000000000000000, 0.000000000000000000 ) ) ;
#493 = VECTOR ( 'NONE', #5187, 1000.000000000000000 ) ;
#494 = ORIENTED_EDGE ( 'NONE', *, *, #5684, .T. ) ;
#495 = ORIENTED_EDGE ( 'NONE', *, *, #4288, .T. ) ;
#496 = DIRECTION ( 'NONE',  ( 0.000000000000000000, -1.000000000000000000, 1.807003620809172906E-16 ) ) ;
#497 = EDGE_CURVE ( 'NONE', #5410, #4444, #4437, .T. ) ;
#498 = DIRECTION ( 'NONE',  ( 0.000000000000000000, -0.000000000000000000, 1.000000000000000000 ) ) ;
#499 = FACE_OUTER_BOUND ( 'NONE', #5681, .T. ) ;
#500 = ORIENTED_EDGE ( 'NONE', *, *, #3480, .F. ) ;
#501 = DIRECTION ( 'NONE',  ( 0.000000000000000000, -1.003890900449541079E-16, 1.000000000000000000 ) ) ;
#502 = ADVANCED_FACE ( 'NONE', ( #4936 ), #272, .F. ) ;
#503 = DIRECTION ( 'NONE',  ( 0.000000000000000000, 1.003890900449541202E-16, 1.000000000000000000 ) ) ;
#504 = CARTESIAN_POINT ( 'NONE',  ( -0.9843614134715221731, -0.4342956348249514265, 0.7200000000000000844 ) ) ;
#505 = AXIS2_PLACEMENT_3D ( 'NONE', #3142, #4054, #3264 ) ;
#506 = DIRECTION ( 'NONE',  ( 0.000000000000000000, 0.000000000000000000, 1.000000000000000000 ) ) ;
#507 = ORIENTED_EDGE ( 'NONE', *, *, #2670, .F. ) ;
#508 = CARTESIAN_POINT ( 'NONE',  ( 0.6499999999999998002, -3.231750982573322946E-17, 0.8000000000000000444 ) ) ;
#509 = VECTOR ( 'NONE', #3574, 1000.000000000000000 ) ;
#510 = ORIENTED_EDGE ( 'NONE', *, *, #566, .T. ) ;
#511 = VERTEX_POINT ( 'NONE', #3577 ) ;
#512 = VECTOR ( 'NONE', #3074, 1000.000000000000000 ) ;
#513 = VERTEX_POINT ( 'NONE', #5769 ) ;
#514 = DIRECTION ( 'NONE',  ( 1.000000000000000000, 0.000000000000000000, -0.000000000000000000 ) ) ;
#515 = ORIENTED_EDGE ( 'NONE', *, *, #3780, .F. ) ;
#516 = CARTESIAN_POINT ( 'NONE',  ( -1.600000000000000089, 0.6999999999999999556, -0.5000000000000003331 ) ) ;
#517 = VECTOR ( 'NONE', #3204, 1000.000000000000000 ) ;
#518 = VERTEX_POINT ( 'NONE', #798 ) ;
#519 = CARTESIAN_POINT ( 'NONE',  ( 0.1499999999999997446, 0.5200000000000001288, 0.7200000000000000844 ) ) ;
#520 = ORIENTED_EDGE ( 'NONE', *, *, #1221, .T. ) ;
#521 = FACE_OUTER_BOUND ( 'NONE', #354, .T. ) ;
#522 = ORIENTED_EDGE ( 'NONE', *, *, #2078, .T. ) ;
#523 = EDGE_CURVE ( 'NONE', #2975, #2630, #887, .T. ) ;
#524 = CARTESIAN_POINT ( 'NONE',  ( -0.9500000000000002887, -3.231750982573322946E-17, -0.8000000000000000444 ) ) ;
#525 = ADVANCED_FACE ( 'NONE', ( #1005 ), #1709, .F. ) ;
#526 = ORIENTED_EDGE ( 'NONE', *, *, #3855, .T. ) ;
#527 = CARTESIAN_POINT ( 'NONE',  ( -0.1500000000000002720, 0.6000000000000004219, 0.8000000000000001554 ) ) ;
#528 = VECTOR ( 'NONE', #5416, 1000.000000000000000 ) ;
#529 = ORIENTED_EDGE ( 'NONE', *, *, #46, .F. ) ;
#530 = CARTESIAN_POINT ( 'NONE',  ( 0.9499999999999998446, 0.6000000000000004219, 0.8000000000000001554 ) ) ;
#531 = ORIENTED_EDGE ( 'NONE', *, *, #3838, .F. ) ;
#532 = LINE ( 'NONE', #3854, #2585 ) ;
#533 = EDGE_LOOP ( 'NONE', ( #3660, #3977, #18, #3629, #5786, #2005, #1853, #74 ) ) ;
#534 = DIRECTION ( 'NONE',  ( 0.000000000000000000, -1.000000000000000000, 3.614007241618349264E-16 ) ) ;
#535 = CARTESIAN_POINT ( 'NONE',  ( -0.1500000000000002720, -3.231750982573322946E-17, 0.4500000000000000666 ) ) ;
#536 = EDGE_CURVE ( 'NONE', #4166, #2374, #969, .T. ) ;
#537 = CARTESIAN_POINT ( 'NONE',  ( 0.3999999999999999667, 0.000000000000000000, -0.8000000000000001554 ) ) ;
#538 = EDGE_LOOP ( 'NONE', ( #5097, #2420, #3099, #3451 ) ) ;
#539 = ADVANCED_FACE ( 'NONE', ( #2818 ), #3541, .F. ) ;
#540 = DIRECTION ( 'NONE',  ( -0.000000000000000000, -1.000000000000000000, 1.084202172485504237E-15 ) ) ;
#541 = CARTESIAN_POINT ( 'NONE',  ( 1.600000000000000089, 0.08000000000000004330, 0.8000000000000000444 ) ) ;
#542 = VECTOR ( 'NONE', #89, 1000.000000000000000 ) ;
#543 = ORIENTED_EDGE ( 'NONE', *, *, #3637, .F. ) ;
#544 = ORIENTED_EDGE ( 'NONE', *, *, #4582, .T. ) ;
#545 = DIRECTION ( 'NONE',  ( -0.000000000000000000, 1.000000000000000000, 0.000000000000000000 ) ) ;
#546 = CARTESIAN_POINT ( 'NONE',  ( 0.1499999999999997446, 0.5200000000000001288, 1.332541078227774012 ) ) ;
#547 = FACE_OUTER_BOUND ( 'NONE', #60, .T. ) ;
#548 = EDGE_CURVE ( 'NONE', #1707, #860, #2858, .T. ) ;
#549 = ORIENTED_EDGE ( 'NONE', *, *, #1021, .F. ) ;
#550 = CARTESIAN_POINT ( 'NONE',  ( -0.5500000000000000444, 0.6000000000000004219, -0.8000000000000001554 ) ) ;
#551 = CARTESIAN_POINT ( 'NONE',  ( 1.600000000000000089, 0.08000000000000004330, 0.7200000000000001954 ) ) ;
#552 = FILL_AREA_STYLE_COLOUR ( '', #5019 ) ;
#553 = VERTEX_POINT ( 'NONE', #2517 ) ;
#554 = CARTESIAN_POINT ( 'NONE',  ( -0.1500000000000002720, 0.6000000000000004219, -0.8000000000000001554 ) ) ;
#555 = PLANE ( 'NONE',  #4282 ) ;
#556 = CYLINDRICAL_SURFACE ( 'NONE', #1821, 0.2299999999999999545 ) ;
#557 = ORIENTED_EDGE ( 'NONE', *, *, #5697, .T. ) ;
#558 = ORIENTED_EDGE ( 'NONE', *, *, #2410, .F. ) ;
#559 = DIRECTION ( 'NONE',  ( 0.000000000000000000, 0.000000000000000000, 1.000000000000000000 ) ) ;
#560 = DIRECTION ( 'NONE',  ( 0.000000000000000000, -1.000000000000000000, 0.000000000000000000 ) ) ;
#561 = VECTOR ( 'NONE', #5248, 1000.000000000000000 ) ;
#562 = ORIENTED_EDGE ( 'NONE', *, *, #1536, .F. ) ;
#563 = EDGE_CURVE ( 'NONE', #4701, #5221, #2962, .T. ) ;
#564 = CARTESIAN_POINT ( 'NONE',  ( -0.1500000000000002720, 0.08000000000000004330, -0.8000000000000000444 ) ) ;
#565 = ORIENTED_EDGE ( 'NONE', *, *, #3380, .T. ) ;
#566 = EDGE_CURVE ( 'NONE', #341, #3891, #4866, .T. ) ;
#567 = CIRCLE ( 'NONE', #2009, 0.2299999999999999545 ) ;
#568 = ORIENTED_EDGE ( 'NONE', *, *, #3930, .T. ) ;
#569 = CARTESIAN_POINT ( 'NONE',  ( 0.1499999999999997446, 0.6000000000000003109, -0.5000000000000002220 ) ) ;
#570 = VERTEX_POINT ( 'NONE', #5615 ) ;
#571 = AXIS2_PLACEMENT_3D ( 'NONE', #3825, #1565, #2429 ) ;
#572 = FACE_OUTER_BOUND ( 'NONE', #2721, .T. ) ;
#573 = ORIENTED_EDGE ( 'NONE', *, *, #5296, .T. ) ;
#574 = DIRECTION ( 'NONE',  ( 0.000000000000000000, -1.000000000000000000, -3.614007241618349264E-16 ) ) ;
#575 = EDGE_CURVE ( 'NONE', #410, #4682, #931, .T. ) ;
#576 = ORIENTED_EDGE ( 'NONE', *, *, #3786, .T. ) ;
#577 = DIRECTION ( 'NONE',  ( 0.000000000000000000, 1.000000000000000000, -1.084202172485504237E-15 ) ) ;
#578 = LINE ( 'NONE', #3468, #4450 ) ;
#579 = ORIENTED_EDGE ( 'NONE', *, *, #3743, .F. ) ;
#580 = SURFACE_SIDE_STYLE ('',( #5084 ) ) ;
#581 = EDGE_LOOP ( 'NONE', ( #4805, #3177, #2675, #696 ) ) ;
#582 = AXIS2_PLACEMENT_3D ( 'NONE', #5511, #1837, #2852 ) ;
#583 = LINE ( 'NONE', #4900, #2500 ) ;
#584 = ORIENTED_EDGE ( 'NONE', *, *, #1146, .F. ) ;
#585 = AXIS2_PLACEMENT_3D ( 'NONE', #4566, #5039, #29 ) ;
#586 = DIRECTION ( 'NONE',  ( 0.000000000000000000, 0.000000000000000000, 1.000000000000000000 ) ) ;
#587 = CARTESIAN_POINT ( 'NONE',  ( -1.450000000000000400, 0.6000000000000003109, 0.5000000000000002220 ) ) ;
#588 = ORIENTED_EDGE ( 'NONE', *, *, #1650, .T. ) ;
#589 = CARTESIAN_POINT ( 'NONE',  ( -0.1500000000000002720, 0.6000000000000004219, -0.8000000000000001554 ) ) ;
#590 = ORIENTED_EDGE ( 'NONE', *, *, #700, .T. ) ;
#591 = ORIENTED_EDGE ( 'NONE', *, *, #388, .T. ) ;
#592 = DIRECTION ( 'NONE',  ( -0.000000000000000000, 1.000000000000000000, -0.000000000000000000 ) ) ;
#593 = DIRECTION ( 'NONE',  ( -1.000000000000000000, -0.000000000000000000, 0.000000000000000000 ) ) ;
#594 = CYLINDRICAL_SURFACE ( 'NONE', #5398, 0.1500000000000000777 ) ;
#595 = EDGE_LOOP ( 'NONE', ( #2319, #2419, #4567, #2460 ) ) ;
#596 = CARTESIAN_POINT ( 'NONE',  ( -0.6500000000000002442, -3.231750982573322946E-17, 0.4500000000000000666 ) ) ;
#597 = CARTESIAN_POINT ( 'NONE',  ( -0.3999999999999998557, -0.4342956348249514265, 0.8000000000000015987 ) ) ;
#598 = DIRECTION ( 'NONE',  ( 0.000000000000000000, 1.000000000000000000, 1.807003620809172906E-16 ) ) ;
#599 = CLOSED_SHELL ( 'NONE', ( #4606, #5824, #2090, #1351, #2926, #466, #4563, #2832, #2470, #260, #1896, #1422, #2724, #2202, #3338, #1049 ) ) ;
#600 = DIRECTION ( 'NONE',  ( 0.000000000000000000, 1.000000000000000000, -1.807003620809172906E-16 ) ) ;
#601 = CARTESIAN_POINT ( 'NONE',  ( -0.1500000000000002720, 0.6000000000000003109, -0.5000000000000002220 ) ) ;
#602 = VERTEX_POINT ( 'NONE', #1708 ) ;
#603 = CARTESIAN_POINT ( 'NONE',  ( -1.050000000000000044, 0.000000000000000000, -0.8000000000000000444 ) ) ;
#604 = DIRECTION ( 'NONE',  ( -0.000000000000000000, 1.000000000000000000, -0.000000000000000000 ) ) ;
#605 = VECTOR ( 'NONE', #2840, 1000.000000000000000 ) ;
#606 = EDGE_LOOP ( 'NONE', ( #1298, #4308, #1068, #1449 ) ) ;
#607 = DIRECTION ( 'NONE',  ( 0.000000000000000000, 1.000000000000000000, -1.084202172485504237E-15 ) ) ;
#608 = CARTESIAN_POINT ( 'NONE',  ( 0.9499999999999997335, 0.5200000000000001288, 1.332541078227774012 ) ) ;
#609 = ORIENTED_EDGE ( 'NONE', *, *, #2961, .T. ) ;
#610 = DIRECTION ( 'NONE',  ( -0.000000000000000000, 1.000000000000000000, 0.000000000000000000 ) ) ;
#611 = VECTOR ( 'NONE', #5616, 1000.000000000000000 ) ;
#612 = EDGE_CURVE ( 'NONE', #5374, #4384, #2866, .T. ) ;
#613 = VERTEX_POINT ( 'NONE', #2111 ) ;
#614 = CARTESIAN_POINT ( 'NONE',  ( -1.200000000000000178, 0.5200000000000001288, -0.5700000000000000622 ) ) ;
#615 = VECTOR ( 'NONE', #665, 1000.000000000000000 ) ;
#616 = ORIENTED_EDGE ( 'NONE', *, *, #192, .F. ) ;
#617 = ORIENTED_EDGE ( 'NONE', *, *, #2786, .T. ) ;
#618 = FACE_OUTER_BOUND ( 'NONE', #970, .T. ) ;
#619 = ORIENTED_EDGE ( 'NONE', *, *, #4947, .T. ) ;
#620 = EDGE_CURVE ( 'NONE', #255, #816, #1015, .T. ) ;
#621 = VECTOR ( 'NONE', #3313, 1000.000000000000000 ) ;
#622 = VERTEX_POINT ( 'NONE', #2480 ) ;
#623 = DIRECTION ( 'NONE',  ( 0.000000000000000000, 3.614007241618349264E-16, 1.000000000000000000 ) ) ;
#624 = CARTESIAN_POINT ( 'NONE',  ( -0.6500000000000002442, 0.08000000000000014044, 0.8000000000000000444 ) ) ;
#625 = ORIENTED_EDGE ( 'NONE', *, *, #4426, .T. ) ;
#626 = EDGE_CURVE ( 'NONE', #4827, #2331, #942, .T. ) ;
#627 = LINE ( 'NONE', #5348, #2496 ) ;
#628 = ORIENTED_EDGE ( 'NONE', *, *, #2698, .F. ) ;
#629 = CARTESIAN_POINT ( 'NONE',  ( 1.600000000000000089, 0.08000000000000004330, -0.7200000000000000844 ) ) ;
#630 = DIRECTION ( 'NONE',  ( 1.000000000000000000, 0.000000000000000000, 0.000000000000000000 ) ) ;
#631 = EDGE_LOOP ( 'NONE', ( #4368, #380, #4233, #2677, #4103, #819, #2176 ) ) ;
#632 = CARTESIAN_POINT ( 'NONE',  ( 1.600000000000000089, 0.08000000000000004330, 0.7200000000000001954 ) ) ;
#633 = ADVANCED_FACE ( 'NONE', ( #864 ), #3828, .F. ) ;
#634 = DIRECTION ( 'NONE',  ( -1.000000000000000000, -0.000000000000000000, -0.000000000000000000 ) ) ;
#635 = DIRECTION ( 'NONE',  ( 0.000000000000000000, -1.000000000000000000, 3.614007241618349264E-16 ) ) ;
#636 = ORIENTED_EDGE ( 'NONE', *, *, #1953, .T. ) ;
#637 = FACE_OUTER_BOUND ( 'NONE', #4673, .T. ) ;
#638 = ORIENTED_EDGE ( 'NONE', *, *, #1451, .F. ) ;
#639 = EDGE_CURVE ( 'NONE', #4768, #1201, #4758, .T. ) ;
#640 = LINE ( 'NONE', #2509, #2377 ) ;
#641 = ORIENTED_EDGE ( 'NONE', *, *, #4422, .T. ) ;
#642 = CARTESIAN_POINT ( 'NONE',  ( 0.1499999999999997446, 0.08000000000000004330, 1.332541078227774012 ) ) ;
#643 = AXIS2_PLACEMENT_3D ( 'NONE', #3545, #3944, #4403 ) ;
#644 = DIRECTION ( 'NONE',  ( 0.000000000000000000, 0.000000000000000000, -1.000000000000000000 ) ) ;
#645 = CARTESIAN_POINT ( 'NONE',  ( -0.1500000000000002720, -3.231750982573322946E-17, 0.8000000000000000444 ) ) ;
#646 = ORIENTED_EDGE ( 'NONE', *, *, #1526, .F. ) ;
#647 = AXIS2_PLACEMENT_3D ( 'NONE', #4479, #2812, #5408 ) ;
#648 = DIRECTION ( 'NONE',  ( -0.000000000000000000, 1.000000000000000000, 0.000000000000000000 ) ) ;
#649 = VECTOR ( 'NONE', #4988, 1000.000000000000000 ) ;
#650 = VERTEX_POINT ( 'NONE', #5310 ) ;
#651 = CARTESIAN_POINT ( 'NONE',  ( 0.6499999999999998002, 0.08000000000000001554, -0.4500000000000000666 ) ) ;
#652 = EDGE_CURVE ( 'NONE', #3272, #694, #854, .T. ) ;
#653 = ORIENTED_EDGE ( 'NONE', *, *, #5358, .T. ) ;
#654 = VECTOR ( 'NONE', #598, 1000.000000000000000 ) ;
#655 = EDGE_LOOP ( 'NONE', ( #4897, #5040, #4776, #2654 ) ) ;
#656 = AXIS2_PLACEMENT_3D ( 'NONE', #78, #577, #1524 ) ;
#657 = ORIENTED_EDGE ( 'NONE', *, *, #3354, .T. ) ;
#658 = AXIS2_PLACEMENT_3D ( 'NONE', #4319, #2577, #3911 ) ;
#659 = FACE_OUTER_BOUND ( 'NONE', #1320, .T. ) ;
#660 = ORIENTED_EDGE ( 'NONE', *, *, #2546, .F. ) ;
#661 = VECTOR ( 'NONE', #1934, 1000.000000000000000 ) ;
#662 = LINE ( 'NONE', #5299, #752 ) ;
#663 = DIRECTION ( 'NONE',  ( 0.000000000000000000, -1.000000000000000000, -1.807003620809172906E-16 ) ) ;
#664 = ORIENTED_EDGE ( 'NONE', *, *, #5638, .T. ) ;
#665 = DIRECTION ( 'NONE',  ( 1.000000000000000000, 0.000000000000000000, 0.000000000000000000 ) ) ;
#666 = FILL_AREA_STYLE_COLOUR ( '', #3527 ) ;
#667 = PLANE ( 'NONE',  #4062 ) ;
#668 = ORIENTED_EDGE ( 'NONE', *, *, #1773, .F. ) ;
#669 = FACE_OUTER_BOUND ( 'NONE', #4371, .T. ) ;
#670 = VERTEX_POINT ( 'NONE', #194 ) ;
#671 = PLANE ( 'NONE',  #3672 ) ;
#672 = FACE_OUTER_BOUND ( 'NONE', #2922, .T. ) ;
#673 = CARTESIAN_POINT ( 'NONE',  ( -0.9843614134715219510, 0.5200000000000001288, -0.7200000000000000844 ) ) ;
#674 = CARTESIAN_POINT ( 'NONE',  ( -0.9500000000000002887, 0.6000000000000004219, 0.8000000000000001554 ) ) ;
#675 = LINE ( 'NONE', #1502, #880 ) ;
#676 = ORIENTED_EDGE ( 'NONE', *, *, #2839, .T. ) ;
#677 = DIRECTION ( 'NONE',  ( 0.000000000000000000, 1.000000000000000000, -1.084202172485504237E-15 ) ) ;
#678 = DIRECTION ( 'NONE',  ( -1.000000000000000000, -0.000000000000000000, -0.000000000000000000 ) ) ;
#679 = DIRECTION ( 'NONE',  ( 0.000000000000000000, 1.178480622266853400E-15, 1.000000000000000000 ) ) ;
#680 = DIRECTION ( 'NONE',  ( -0.000000000000000000, 1.000000000000000000, -0.000000000000000000 ) ) ;
#681 = EDGE_LOOP ( 'NONE', ( #653, #1434, #1096, #5333 ) ) ;
#682 = PLANE ( 'NONE',  #1979 ) ;
#683 = PLANE ( 'NONE',  #3946 ) ;
#684 = EDGE_LOOP ( 'NONE', ( #4354, #966, #1517, #5127 ) ) ;
#685 = CARTESIAN_POINT ( 'NONE',  ( -1.450000000000000400, 0.5200000000000001288, -1.264865571966778734 ) ) ;
#686 = PLANE ( 'NONE',  #1792 ) ;
#687 = LINE ( 'NONE', #4831, #832 ) ;
#688 = VECTOR ( 'NONE', #2352, 1000.000000000000000 ) ;
#689 = ORIENTED_EDGE ( 'NONE', *, *, #432, .T. ) ;
#690 = EDGE_CURVE ( 'NONE', #4474, #2133, #956, .T. ) ;
#691 = ORIENTED_EDGE ( 'NONE', *, *, #1720, .T. ) ;
#692 = CARTESIAN_POINT ( 'NONE',  ( -0.9500000000000002887, -3.231750982573322946E-17, 0.8000000000000000444 ) ) ;
#693 = ORIENTED_EDGE ( 'NONE', *, *, #575, .T. ) ;
#694 = VERTEX_POINT ( 'NONE', #5678 ) ;
#695 = DIRECTION ( 'NONE',  ( -0.000000000000000000, -0.000000000000000000, -1.000000000000000000 ) ) ;
#696 = ORIENTED_EDGE ( 'NONE', *, *, #2828, .F. ) ;
#697 = LINE ( 'NONE', #2177, #889 ) ;
#698 = AXIS2_PLACEMENT_3D ( 'NONE', #233, #3790, #195 ) ;
#699 = ORIENTED_EDGE ( 'NONE', *, *, #5017, .T. ) ;
#700 = EDGE_CURVE ( 'NONE', #5423, #5162, #4859, .T. ) ;
#701 = ORIENTED_EDGE ( 'NONE', *, *, #5017, .F. ) ;
#702 = VERTEX_POINT ( 'NONE', #5185 ) ;
#703 = ORIENTED_EDGE ( 'NONE', *, *, #377, .T. ) ;
#704 =( LENGTH_UNIT ( ) NAMED_UNIT ( * ) SI_UNIT ( .MILLI., .METRE. ) );
#705 = VECTOR ( 'NONE', #14, 1000.000000000000000 ) ;
#706 = VECTOR ( 'NONE', #1701, 1000.000000000000000 ) ;
#707 = PLANE ( 'NONE',  #4694 ) ;
#708 = VERTEX_POINT ( 'NONE', #673 ) ;
#709 = CARTESIAN_POINT ( 'NONE',  ( -0.9500000000000002887, -3.231750982573322946E-17, -0.4500000000000000666 ) ) ;
#710 = EDGE_CURVE ( 'NONE', #53, #2312, #922, .T. ) ;
#711 = PLANE ( 'NONE',  #3568 ) ;
#712 = DIRECTION ( 'NONE',  ( 0.000000000000000000, 1.178480622266852809E-15, 1.000000000000000000 ) ) ;
#713 = VERTEX_POINT ( 'NONE', #4395 ) ;
#714 = EDGE_CURVE ( 'NONE', #776, #1368, #2901, .T. ) ;
#715 = VERTEX_POINT ( 'NONE', #4260 ) ;
#716 = ORIENTED_EDGE ( 'NONE', *, *, #1138, .T. ) ;
#717 = ADVANCED_BREP_SHAPE_REPRESENTATION ( '742C083103JP', ( #1519, #5601, #1886, #1475, #2336, #2893, #4505, #3104, #2576, #730, #1241 ), #5255 ) ;
#718 = FACE_OUTER_BOUND ( 'NONE', #5456, .T. ) ;
#719 = FILL_AREA_STYLE ('',( #4763 ) ) ;
#720 = CARTESIAN_POINT ( 'NONE',  ( -0.9500000000000002887, -3.231750982573322946E-17, 0.8000000000000000444 ) ) ;
#721 = LINE ( 'NONE', #3364, #2676 ) ;
#722 = ORIENTED_EDGE ( 'NONE', *, *, #3802, .F. ) ;
#723 = CARTESIAN_POINT ( 'NONE',  ( 0.9843614134715221731, 0.08000000000000009881, 0.7200000000000001954 ) ) ;
#724 = EDGE_CURVE ( 'NONE', #622, #4177, #2933, .T. ) ;
#725 = SURFACE_STYLE_USAGE ( .BOTH. , #5317 ) ;
#726 = ORIENTED_EDGE ( 'NONE', *, *, #146, .F. ) ;
#727 = CARTESIAN_POINT ( 'NONE',  ( -0.1500000000000002720, 0.08000000000000004330, -0.7200000000000000844 ) ) ;
#728 = ORIENTED_EDGE ( 'NONE', *, *, #1163, .T. ) ;
#729 = ORIENTED_EDGE ( 'NONE', *, *, #1390, .F. ) ;
#730 = MANIFOLD_SOLID_BREP ( 'Boss-Extrude7', #252 ) ;
#731 = ORIENTED_EDGE ( 'NONE', *, *, #4793, .F. ) ;
#732 = LINE ( 'NONE', #4610, #2690 ) ;
#733 = EDGE_LOOP ( 'NONE', ( #1132, #5570, #1933, #2409 ) ) ;
#734 = AXIS2_PLACEMENT_3D ( 'NONE', #4916, #1304, #3603 ) ;
#735 = CARTESIAN_POINT ( 'NONE',  ( -0.9500000000000002887, 0.08000000000000004330, -0.7200000000000000844 ) ) ;
#736 = CARTESIAN_POINT ( 'NONE',  ( 1.350000000000000311, 9.795786256852390061E-32, 0.8000000000000000444 ) ) ;
#737 = EDGE_CURVE ( 'NONE', #4660, #1444, #4819, .T. ) ;
#738 = CARTESIAN_POINT ( 'NONE',  ( 0.1499999999999997446, -3.231750982573322946E-17, -0.4500000000000000666 ) ) ;
#739 = ORIENTED_EDGE ( 'NONE', *, *, #1690, .F. ) ;
#740 = EDGE_LOOP ( 'NONE', ( #3634, #3557, #1827, #3576 ) ) ;
#741 = VERTEX_POINT ( 'NONE', #2920 ) ;
#742 = LINE ( 'NONE', #3402, #2712 ) ;
#743 = DIRECTION ( 'NONE',  ( -0.000000000000000000, 1.807003620809172906E-16, 1.000000000000000000 ) ) ;
#744 = AXIS2_PLACEMENT_3D ( 'NONE', #926, #1448, #1408 ) ;
#745 = ORIENTED_EDGE ( 'NONE', *, *, #3551, .F. ) ;
#746 =( GEOMETRIC_REPRESENTATION_CONTEXT ( 3 ) GLOBAL_UNCERTAINTY_ASSIGNED_CONTEXT ( ( #2714 ) ) GLOBAL_UNIT_ASSIGNED_CONTEXT ( ( #1751, #2666, #3140 ) ) REPRESENTATION_CONTEXT ( 'NONE', 'WORKASPACE' ) );
#747 = ADVANCED_FACE ( 'NONE', ( #4907 ), #3520, .T. ) ;
#748 = ORIENTED_EDGE ( 'NONE', *, *, #4784, .F. ) ;
#749 = VERTEX_POINT ( 'NONE', #2748 ) ;
#750 = VERTEX_POINT ( 'NONE', #3139 ) ;
#751 = CARTESIAN_POINT ( 'NONE',  ( -0.1500000000000002720, -3.231750982573322946E-17, 0.8000000000000000444 ) ) ;
#752 = VECTOR ( 'NONE', #1341, 1000.000000000000000 ) ;
#753 = VERTEX_POINT ( 'NONE', #1856 ) ;
#754 = CARTESIAN_POINT ( 'NONE',  ( 1.449999999999999956, -3.231750982573322946E-17, -0.8000000000000000444 ) ) ;
#755 = DIRECTION ( 'NONE',  ( -0.000000000000000000, 1.000000000000000000, -0.000000000000000000 ) ) ;
#756 = ORIENTED_EDGE ( 'NONE', *, *, #2294, .T. ) ;
#757 = EDGE_CURVE ( 'NONE', #358, #188, #2976, .T. ) ;
#758 = ORIENTED_EDGE ( 'NONE', *, *, #1001, .F. ) ;
#759 = ADVANCED_FACE ( 'NONE', ( #4926 ), #891, .F. ) ;
#760 = VERTEX_POINT ( 'NONE', #1877 ) ;
#761 = CARTESIAN_POINT ( 'NONE',  ( -0.1500000000000002720, 0.6000000000000004219, 0.8000000000000001554 ) ) ;
#762 = ORIENTED_EDGE ( 'NONE', *, *, #944, .F. ) ;
#763 = DIRECTION ( 'NONE',  ( 0.000000000000000000, 0.000000000000000000, -1.000000000000000000 ) ) ;
#764 = DIRECTION ( 'NONE',  ( 0.000000000000000000, -1.000000000000000000, -1.003890900449541202E-16 ) ) ;
#765 = CARTESIAN_POINT ( 'NONE',  ( 1.449999999999999956, 0.5200000000000001288, -0.5000000000000002220 ) ) ;
#766 = CARTESIAN_POINT ( 'NONE',  ( 1.600000000000000089, 0.08000000000000004330, 0.7200000000000001954 ) ) ;
#767 = CARTESIAN_POINT ( 'NONE',  ( 1.600000000000000089, 0.5200000000000001288, 0.7200000000000001954 ) ) ;
#768 = CARTESIAN_POINT ( 'NONE',  ( 0.6499999999999998002, 0.6000000000000003109, 0.5000000000000002220 ) ) ;
#769 = ORIENTED_EDGE ( 'NONE', *, *, #5573, .T. ) ;
#770 = EDGE_LOOP ( 'NONE', ( #5171, #3558, #5076, #4429, #4396, #1629, #3969 ) ) ;
#771 = EDGE_CURVE ( 'NONE', #5206, #4014, #2882, .T. ) ;
#772 = VECTOR ( 'NONE', #3234, 1000.000000000000000 ) ;
#773 = LINE ( 'NONE', #1029, #796 ) ;
#774 = VERTEX_POINT ( 'NONE', #3291 ) ;
#775 = AXIS2_PLACEMENT_3D ( 'NONE', #4720, #1459, #3788 ) ;
#776 = VERTEX_POINT ( 'NONE', #3610 ) ;
#777 = VERTEX_POINT ( 'NONE', #4621 ) ;
#778 = LINE ( 'NONE', #674, #542 ) ;
#779 = ORIENTED_EDGE ( 'NONE', *, *, #98, .T. ) ;
#780 = EDGE_LOOP ( 'NONE', ( #3024, #3383, #3496, #395 ) ) ;
#781 = DIRECTION ( 'NONE',  ( 0.000000000000000000, 0.000000000000000000, 1.000000000000000000 ) ) ;
#782 = ORIENTED_EDGE ( 'NONE', *, *, #1764, .F. ) ;
#783 = VERTEX_POINT ( 'NONE', #5086 ) ;
#784 = VECTOR ( 'NONE', #5068, 1000.000000000000000 ) ;
#785 = CIRCLE ( 'NONE', #775, 0.1500000000000000777 ) ;
#786 = VERTEX_POINT ( 'NONE', #3876 ) ;
#787 = DIRECTION ( 'NONE',  ( -1.000000000000000000, 0.000000000000000000, -0.000000000000000000 ) ) ;
#788 = EDGE_CURVE ( 'NONE', #1293, #909, #2993, .T. ) ;
#789 = CARTESIAN_POINT ( 'NONE',  ( 0.6499999999999998002, 0.6000000000000004219, 0.8000000000000001554 ) ) ;
#790 = ADVANCED_FACE ( 'NONE', ( #4944 ), #5058, .T. ) ;
#791 = DIRECTION ( 'NONE',  ( 0.000000000000000000, 1.000000000000000000, 0.000000000000000000 ) ) ;
#792 = VERTEX_POINT ( 'NONE', #2792 ) ;
#793 = ORIENTED_EDGE ( 'NONE', *, *, #612, .F. ) ;
#794 = EDGE_CURVE ( 'NONE', #1522, #1166, #3153, .T. ) ;
#795 = LINE ( 'NONE', #3009, #611 ) ;
#796 = VECTOR ( 'NONE', #987, 1000.000000000000000 ) ;
#797 = SURFACE_STYLE_USAGE ( .BOTH. , #3503 ) ;
#798 = CARTESIAN_POINT ( 'NONE',  ( -0.1500000000000002720, 0.5200000000000001288, 0.5000000000000002220 ) ) ;
#799 = CARTESIAN_POINT ( 'NONE',  ( -1.450000000000000400, 0.08000000000000001554, 0.4500000000000000666 ) ) ;
#800 = DIRECTION ( 'NONE',  ( -0.000000000000000000, 1.000000000000000000, 0.000000000000000000 ) ) ;
#801 = DIRECTION ( 'NONE',  ( 1.000000000000000000, -0.000000000000000000, 0.000000000000000000 ) ) ;
#802 = MECHANICAL_DESIGN_GEOMETRIC_PRESENTATION_REPRESENTATION (  '', ( #3227 ), #746 ) ;
#803 = EDGE_LOOP ( 'NONE', ( #400, #428, #332, #579 ) ) ;
#804 = ORIENTED_EDGE ( 'NONE', *, *, #350, .T. ) ;
#805 = ADVANCED_FACE ( 'NONE', ( #1125 ), #1164, .F. ) ;
#806 = LINE ( 'NONE', #4025, #649 ) ;
#807 = ORIENTED_EDGE ( 'NONE', *, *, #1465, .T. ) ;
#808 = EDGE_CURVE ( 'NONE', #1271, #4901, #5166, .T. ) ;
#809 = CARTESIAN_POINT ( 'NONE',  ( -1.450000000000000400, 0.08000000000000004330, 0.7200000000000000844 ) ) ;
#810 = DIRECTION ( 'NONE',  ( 1.000000000000000000, 0.000000000000000000, 0.000000000000000000 ) ) ;
#811 = VERTEX_POINT ( 'NONE', #614 ) ;
#812 = ORIENTED_EDGE ( 'NONE', *, *, #1516, .F. ) ;
#813 = ORIENTED_EDGE ( 'NONE', *, *, #1221, .F. ) ;
#814 = CARTESIAN_POINT ( 'NONE',  ( -0.9500000000000002887, 0.6000000000000003109, -0.5000000000000002220 ) ) ;
#815 = LINE ( 'NONE', #2435, #2782 ) ;
#816 = VERTEX_POINT ( 'NONE', #5488 ) ;
#817 = ORIENTED_EDGE ( 'NONE', *, *, #4784, .T. ) ;
#818 = VERTEX_POINT ( 'NONE', #569 ) ;
#819 = ORIENTED_EDGE ( 'NONE', *, *, #1815, .T. ) ;
#820 = FACE_OUTER_BOUND ( 'NONE', #1892, .T. ) ;
#821 = ORIENTED_EDGE ( 'NONE', *, *, #2348, .F. ) ;
#822 = CARTESIAN_POINT ( 'NONE',  ( 1.449999999999999956, -3.231750982573322946E-17, 0.8000000000000000444 ) ) ;
#823 = CARTESIAN_POINT ( 'NONE',  ( 1.600000000000000089, 0.5200000000000001288, 0.8000000000000000444 ) ) ;
#824 = CARTESIAN_POINT ( 'NONE',  ( 0.1499999999999997446, 0.5200000000000001288, -0.8000000000000001554 ) ) ;
#825 = EDGE_CURVE ( 'NONE', #4142, #4311, #3109, .T. ) ;
#826 = DIRECTION ( 'NONE',  ( 0.000000000000000000, 0.000000000000000000, 1.000000000000000000 ) ) ;
#827 = DIRECTION ( 'NONE',  ( 1.000000000000000000, 0.000000000000000000, 0.000000000000000000 ) ) ;
#828 = VERTEX_POINT ( 'NONE', #1851 ) ;
#829 = VERTEX_POINT ( 'NONE', #4199 ) ;
#830 = ORIENTED_EDGE ( 'NONE', *, *, #1959, .F. ) ;
#831 = LINE ( 'NONE', #2182, #2804 ) ;
#832 = VECTOR ( 'NONE', #1336, 1000.000000000000000 ) ;
#833 = DIRECTION ( 'NONE',  ( -1.000000000000000000, 0.000000000000000000, -0.000000000000000000 ) ) ;
#834 = CIRCLE ( 'NONE', #4136, 0.2299999999999999545 ) ;
#835 = ADVANCED_FACE ( 'NONE', ( #5005 ), #2414, .F. ) ;
#836 = DIRECTION ( 'NONE',  ( -1.000000000000000000, -0.000000000000000000, 0.000000000000000000 ) ) ;
#837 = DIRECTION ( 'NONE',  ( -0.000000000000000000, 6.023345402697252882E-16, 1.000000000000000000 ) ) ;
#838 = EDGE_CURVE ( 'NONE', #1600, #2665, #3043, .T. ) ;
#839 = ORIENTED_EDGE ( 'NONE', *, *, #2207, .T. ) ;
#840 = ORIENTED_EDGE ( 'NONE', *, *, #4536, .T. ) ;
#841 = ORIENTED_EDGE ( 'NONE', *, *, #5116, .T. ) ;
#842 = DIRECTION ( 'NONE',  ( 0.000000000000000000, 0.000000000000000000, 1.000000000000000000 ) ) ;
#843 = CARTESIAN_POINT ( 'NONE',  ( -1.415638586528478182, 0.5200000000000001288, -0.7200000000000000844 ) ) ;
#844 = COLOUR_RGB ( '',1.000000000000000000, 1.000000000000000000, 1.000000000000000000 ) ;
#845 = LINE ( 'NONE', #1902, #4622 ) ;
#846 = EDGE_CURVE ( 'NONE', #5266, #2779, #5120, .T. ) ;
#847 = LINE ( 'NONE', #1262, #914 ) ;
#848 = SURFACE_STYLE_USAGE ( .BOTH. , #3098 ) ;
#849 = EDGE_CURVE ( 'NONE', #1901, #3344, #3223, .T. ) ;
#850 = CARTESIAN_POINT ( 'NONE',  ( 0.6499999999999998002, 0.5200000000000001288, 1.332541078227774012 ) ) ;
#851 = VERTEX_POINT ( 'NONE', #5131 ) ;
#852 = EDGE_LOOP ( 'NONE', ( #1400, #1031, #728, #928, #3453, #3155, #5236, #693 ) ) ;
#853 = ORIENTED_EDGE ( 'NONE', *, *, #2002, .T. ) ;
#854 = LINE ( 'NONE', #232, #902 ) ;
#855 = ORIENTED_EDGE ( 'NONE', *, *, #4175, .F. ) ;
#856 = FACE_OUTER_BOUND ( 'NONE', #5388, .T. ) ;
#857 = CARTESIAN_POINT ( 'NONE',  ( 0.1499999999999997446, 0.5200000000000001288, 0.5000000000000002220 ) ) ;
#858 = EDGE_LOOP ( 'NONE', ( #3934, #1363, #3990, #3844 ) ) ;
#859 = EDGE_CURVE ( 'NONE', #5837, #4485, #5091, .T. ) ;
#860 = VERTEX_POINT ( 'NONE', #519 ) ;
#861 = CARTESIAN_POINT ( 'NONE',  ( -1.200000000000000178, 0.000000000000000000, -0.8000000000000001554 ) ) ;
#862 = ORIENTED_EDGE ( 'NONE', *, *, #5646, .T. ) ;
#863 = AXIS2_PLACEMENT_3D ( 'NONE', #1324, #5780, #972 ) ;
#864 = FACE_OUTER_BOUND ( 'NONE', #959, .T. ) ;
#865 = AXIS2_PLACEMENT_3D ( 'NONE', #2248, #1796, #3148 ) ;
#866 = CARTESIAN_POINT ( 'NONE',  ( 0.3999999999999999667, 0.000000000000000000, -0.8000000000000001554 ) ) ;
#867 = DIRECTION ( 'NONE',  ( -0.000000000000000000, 1.000000000000000000, 0.000000000000000000 ) ) ;
#868 = VECTOR ( 'NONE', #1767, 1000.000000000000000 ) ;
#869 = CARTESIAN_POINT ( 'NONE',  ( 0.9499999999999998446, -3.231750982573322946E-17, -0.4500000000000000666 ) ) ;
#870 = EDGE_CURVE ( 'NONE', #3466, #3880, #3200, .T. ) ;
#871 = DIRECTION ( 'NONE',  ( -0.000000000000000000, 1.807003620809172906E-16, 1.000000000000000000 ) ) ;
#872 = ORIENTED_EDGE ( 'NONE', *, *, #3813, .T. ) ;
#873 = VERTEX_POINT ( 'NONE', #5849 ) ;
#874 = EDGE_LOOP ( 'NONE', ( #1492, #3951, #1421, #3785 ) ) ;
#875 = CARTESIAN_POINT ( 'NONE',  ( 0.9499999999999997335, 0.08000000000000014044, 0.8000000000000000444 ) ) ;
#876 = AXIS2_PLACEMENT_3D ( 'NONE', #3590, #2584, #5722 ) ;
#877 = DIRECTION ( 'NONE',  ( 0.000000000000000000, 1.000000000000000000, 1.807003620809172906E-16 ) ) ;
#878 = PLANE ( 'NONE',  #3312 ) ;
#879 =( GEOMETRIC_REPRESENTATION_CONTEXT ( 3 ) GLOBAL_UNCERTAINTY_ASSIGNED_CONTEXT ( ( #2925 ) ) GLOBAL_UNIT_ASSIGNED_CONTEXT ( ( #1799, #2210, #3190 ) ) REPRESENTATION_CONTEXT ( 'NONE', 'WORKASPACE' ) );
#880 = VECTOR ( 'NONE', #5117, 1000.000000000000000 ) ;
#881 = CARTESIAN_POINT ( 'NONE',  ( -1.600000000000000089, 0.08000000000000004330, 0.8000000000000000444 ) ) ;
#882 = DIRECTION ( 'NONE',  ( -1.000000000000000000, -0.000000000000000000, -0.000000000000000000 ) ) ;
#883 = DIRECTION ( 'NONE',  ( -1.000000000000000000, 0.000000000000000000, 0.000000000000000000 ) ) ;
#884 = ORIENTED_EDGE ( 'NONE', *, *, #849, .F. ) ;
#885 = ORIENTED_EDGE ( 'NONE', *, *, #1345, .F. ) ;
#886 = PLANE ( 'NONE',  #115 ) ;
#887 = LINE ( 'NONE', #2144, #4847 ) ;
#888 = DIRECTION ( 'NONE',  ( -1.000000000000000000, -0.000000000000000000, -0.000000000000000000 ) ) ;
#889 = VECTOR ( 'NONE', #4029, 1000.000000000000000 ) ;
#890 = ADVANCED_FACE ( 'NONE', ( #3175 ), #2944, .T. ) ;
#891 = PLANE ( 'NONE',  #3918 ) ;
#892 = VERTEX_POINT ( 'NONE', #1923 ) ;
#893 = ORIENTED_EDGE ( 'NONE', *, *, #363, .F. ) ;
#894 = CARTESIAN_POINT ( 'NONE',  ( 1.600000000000000089, 0.5200000000000001288, -0.7200000000000000844 ) ) ;
#895 = DIRECTION ( 'NONE',  ( 0.000000000000000000, 0.000000000000000000, 1.000000000000000000 ) ) ;
#896 = FACE_OUTER_BOUND ( 'NONE', #3700, .T. ) ;
#897 = ORIENTED_EDGE ( 'NONE', *, *, #4037, .F. ) ;
#898 = CARTESIAN_POINT ( 'NONE',  ( 1.449999999999999956, 0.6000000000000004219, 0.8000000000000001554 ) ) ;
#899 = ORIENTED_EDGE ( 'NONE', *, *, #5503, .F. ) ;
#900 = EDGE_CURVE ( 'NONE', #245, #4733, #3083, .T. ) ;
#901 = ADVANCED_FACE ( 'NONE', ( #5098 ), #3717, .F. ) ;
#902 = VECTOR ( 'NONE', #1677, 1000.000000000000000 ) ;
#903 = DIRECTION ( 'NONE',  ( 0.000000000000000000, 0.000000000000000000, 1.000000000000000000 ) ) ;
#904 = DIRECTION ( 'NONE',  ( -1.000000000000000000, -0.000000000000000000, 0.000000000000000000 ) ) ;
#905 = FACE_OUTER_BOUND ( 'NONE', #2814, .T. ) ;
#906 = CARTESIAN_POINT ( 'NONE',  ( -1.050000000000000044, 0.6000000000000004219, -0.8000000000000001554 ) ) ;
#907 = CARTESIAN_POINT ( 'NONE',  ( 0.1499999999999997446, 0.6000000000000003109, 0.5000000000000002220 ) ) ;
#908 = ORIENTED_EDGE ( 'NONE', *, *, #37, .T. ) ;
#909 = VERTEX_POINT ( 'NONE', #143 ) ;
#910 = VECTOR ( 'NONE', #2434, 1000.000000000000000 ) ;
#911 = PLANE ( 'NONE',  #3452 ) ;
#912 = EDGE_CURVE ( 'NONE', #227, #283, #1181, .T. ) ;
#913 = PLANE ( 'NONE',  #3581 ) ;
#914 = VECTOR ( 'NONE', #2136, 1000.000000000000000 ) ;
#915 = CARTESIAN_POINT ( 'NONE',  ( -0.9843614134715219510, 0.08000000000000004330, -0.7200000000000000844 ) ) ;
#916 = DIRECTION ( 'NONE',  ( 0.000000000000000000, 0.000000000000000000, 1.000000000000000000 ) ) ;
#917 = DIRECTION ( 'NONE',  ( -1.000000000000000000, 0.000000000000000000, 0.000000000000000000 ) ) ;
#918 = CARTESIAN_POINT ( 'NONE',  ( 0.1499999999999997446, 0.08000000000000004330, -0.7200000000000000844 ) ) ;
#919 = ORIENTED_EDGE ( 'NONE', *, *, #3902, .T. ) ;
#920 = VERTEX_POINT ( 'NONE', #3654 ) ;
#921 = DIRECTION ( 'NONE',  ( 0.000000000000000000, -1.000000000000000000, 0.000000000000000000 ) ) ;
#922 = LINE ( 'NONE', #761, #2918 ) ;
#923 = ADVANCED_FACE ( 'NONE', ( #1193 ), #1725, .F. ) ;
#924 = EDGE_CURVE ( 'NONE', #4978, #5018, #5026, .T. ) ;
#925 = VECTOR ( 'NONE', #2764, 1000.000000000000000 ) ;
#926 = CARTESIAN_POINT ( 'NONE',  ( -0.9500000000000002887, 0.6000000000000004219, 0.8000000000000001554 ) ) ;
#927 = CARTESIAN_POINT ( 'NONE',  ( -0.4000000000000000777, 0.000000000000000000, -0.8000000000000001554 ) ) ;
#928 = ORIENTED_EDGE ( 'NONE', *, *, #3437, .T. ) ;
#929 = VERTEX_POINT ( 'NONE', #4372 ) ;
#930 = EDGE_CURVE ( 'NONE', #3081, #3047, #1202, .T. ) ;
#931 = LINE ( 'NONE', #2080, #4746 ) ;
#932 = CARTESIAN_POINT ( 'NONE',  ( 1.415638586528478404, 0.07999999999999997391, -0.7200000000000000844 ) ) ;
#933 = LINE ( 'NONE', #3964, #2601 ) ;
#934 = ADVANCED_FACE ( 'NONE', ( #5065 ), #5752, .F. ) ;
#935 =( NAMED_UNIT ( * ) SI_UNIT ( $, .STERADIAN. ) SOLID_ANGLE_UNIT ( ) );
#936 = AXIS2_PLACEMENT_3D ( 'NONE', #2875, #5139, #118 ) ;
#937 = STYLED_ITEM ( 'NONE', ( #3612 ), #1475 ) ;
#938 = ORIENTED_EDGE ( 'NONE', *, *, #1009, .T. ) ;
#939 = PLANE ( 'NONE',  #3119 ) ;
#940 = ORIENTED_EDGE ( 'NONE', *, *, #4369, .T. ) ;
#941 = CARTESIAN_POINT ( 'NONE',  ( 1.449999999999999956, 0.08000000000000004330, -0.7200000000000000844 ) ) ;
#942 = LINE ( 'NONE', #2604, #4790 ) ;
#943 =( NAMED_UNIT ( * ) SI_UNIT ( $, .STERADIAN. ) SOLID_ANGLE_UNIT ( ) );
#944 = EDGE_CURVE ( 'NONE', #4627, #5423, #1105, .T. ) ;
#945 = CARTESIAN_POINT ( 'NONE',  ( -0.9500000000000002887, 0.08000000000000001554, 0.4500000000000000666 ) ) ;
#946 = ORIENTED_EDGE ( 'NONE', *, *, #5165, .T. ) ;
#947 = CARTESIAN_POINT ( 'NONE',  ( -0.6500000000000002442, 0.08000000000000014044, -0.8000000000000000444 ) ) ;
#948 = FACE_OUTER_BOUND ( 'NONE', #2908, .T. ) ;
#949 = DIRECTION ( 'NONE',  ( 0.000000000000000000, 1.000000000000000000, -0.000000000000000000 ) ) ;
#950 = CARTESIAN_POINT ( 'NONE',  ( 0.3999999999999999667, 0.07999999999999998779, -0.7999999999999994893 ) ) ;
#951 = AXIS2_PLACEMENT_3D ( 'NONE', #2355, #5443, #4150 ) ;
#952 = ORIENTED_EDGE ( 'NONE', *, *, #4037, .T. ) ;
#953 = ORIENTED_EDGE ( 'NONE', *, *, #1627, .T. ) ;
#954 = AXIS2_PLACEMENT_3D ( 'NONE', #2820, #3286, #3710 ) ;
#955 = ADVANCED_FACE ( 'NONE', ( #4996 ), #4285, .F. ) ;
#956 = LINE ( 'NONE', #3395, #2907 ) ;
#957 = DIRECTION ( 'NONE',  ( 0.000000000000000000, 1.000000000000000000, -1.807003620809172906E-16 ) ) ;
#958 = CARTESIAN_POINT ( 'NONE',  ( 1.600000000000000089, 0.08000000000000004330, -0.7200000000000000844 ) ) ;
#959 = EDGE_LOOP ( 'NONE', ( #4569, #2857, #2960, #4855 ) ) ;
#960 = LINE ( 'NONE', #2970, #4869 ) ;
#961 = CARTESIAN_POINT ( 'NONE',  ( 1.449999999999999956, 0.5200000000000001288, 0.7200000000000000844 ) ) ;
#962 = CARTESIAN_POINT ( 'NONE',  ( -0.1500000000000002720, -3.231750982573322946E-17, 0.4500000000000000666 ) ) ;
#963 = CARTESIAN_POINT ( 'NONE',  ( 0.3999999999999999667, -0.4342956348249528697, -0.5699999999999989519 ) ) ;
#964 = CIRCLE ( 'NONE', #3089, 0.2299999999999999545 ) ;
#965 = DIRECTION ( 'NONE',  ( -1.000000000000000000, -0.000000000000000000, -0.000000000000000000 ) ) ;
#966 = ORIENTED_EDGE ( 'NONE', *, *, #4068, .T. ) ;
#967 = ORIENTED_EDGE ( 'NONE', *, *, #5422, .F. ) ;
#968 = DIRECTION ( 'NONE',  ( -0.000000000000000000, 1.807003620809172906E-16, 1.000000000000000000 ) ) ;
#969 = LINE ( 'NONE', #1353, #2829 ) ;
#970 = EDGE_LOOP ( 'NONE', ( #676, #2575, #562, #2445, #5516, #2082, #4259 ) ) ;
#971 = VECTOR ( 'NONE', #801, 1000.000000000000000 ) ;
#972 = DIRECTION ( 'NONE',  ( 0.000000000000000000, 0.000000000000000000, 1.000000000000000000 ) ) ;
#973 = CARTESIAN_POINT ( 'NONE',  ( -1.600000000000000089, 0.5200000000000001288, 0.7200000000000001954 ) ) ;
#974 = VECTOR ( 'NONE', #604, 1000.000000000000000 ) ;
#975 = PLANE ( 'NONE',  #4154 ) ;
#976 = VERTEX_POINT ( 'NONE', #5288 ) ;
#977 = EDGE_LOOP ( 'NONE', ( #4091, #5719, #2110, #3620, #2127, #237, #1610, #1359 ) ) ;
#978 = DIRECTION ( 'NONE',  ( 0.000000000000000000, 0.000000000000000000, 1.000000000000000000 ) ) ;
#979 = PRESENTATION_STYLE_ASSIGNMENT (( #797 ) ) ;
#980 = DIRECTION ( 'NONE',  ( 0.000000000000000000, 0.000000000000000000, -1.000000000000000000 ) ) ;
#981 = ADVANCED_FACE ( 'NONE', ( #3165 ), #2624, .F. ) ;
#982 = EDGE_LOOP ( 'NONE', ( #2375, #5204, #3105, #2353 ) ) ;
#983 = LINE ( 'NONE', #765, #4930 ) ;
#984 = DIRECTION ( 'NONE',  ( 0.000000000000000000, 0.000000000000000000, -1.000000000000000000 ) ) ;
#985 = EDGE_CURVE ( 'NONE', #255, #4712, #3063, .T. ) ;
#986 = LINE ( 'NONE', #1655, #1159 ) ;
#987 = DIRECTION ( 'NONE',  ( -1.000000000000000000, -0.000000000000000000, -0.000000000000000000 ) ) ;
#988 = VERTEX_POINT ( 'NONE', #5608 ) ;
#989 = CARTESIAN_POINT ( 'NONE',  ( 0.9499999999999998446, 0.5200000000000001288, -0.7200000000000000844 ) ) ;
#990 = VERTEX_POINT ( 'NONE', #4213 ) ;
#991 = CARTESIAN_POINT ( 'NONE',  ( 0.6499999999999998002, 0.5200000000000001288, -0.7200000000000000844 ) ) ;
#992 = CARTESIAN_POINT ( 'NONE',  ( 1.449999999999999956, 0.6000000000000004219, -0.8000000000000001554 ) ) ;
#993 = CARTESIAN_POINT ( 'NONE',  ( 1.449999999999999956, 0.6000000000000003109, -0.5000000000000002220 ) ) ;
#994 = VERTEX_POINT ( 'NONE', #154 ) ;
#995 = AXIS2_PLACEMENT_3D ( 'NONE', #629, #3320, #2389 ) ;
#996 = VECTOR ( 'NONE', #5836, 1000.000000000000000 ) ;
#997 = ADVANCED_FACE ( 'NONE', ( #1115 ), #667, .F. ) ;
#998 = DIRECTION ( 'NONE',  ( -0.000000000000000000, 1.000000000000000000, -0.000000000000000000 ) ) ;
#999 = VECTOR ( 'NONE', #3580, 1000.000000000000000 ) ;
#1000 = DIRECTION ( 'NONE',  ( -1.000000000000000000, -0.000000000000000000, -0.000000000000000000 ) ) ;
#1001 = EDGE_CURVE ( 'NONE', #2728, #3891, #3101, .T. ) ;
#1002 = DIRECTION ( 'NONE',  ( 9.427844978134823652E-16, 1.178480622266852956E-16, -1.000000000000000000 ) ) ;
#1003 = ORIENTED_EDGE ( 'NONE', *, *, #5392, .T. ) ;
#1004 = ORIENTED_EDGE ( 'NONE', *, *, #1138, .F. ) ;
#1005 = FACE_OUTER_BOUND ( 'NONE', #2747, .T. ) ;
#1006 = EDGE_LOOP ( 'NONE', ( #4378, #131, #2361, #2392 ) ) ;
#1007 = VECTOR ( 'NONE', #680, 1000.000000000000000 ) ;
#1008 = CARTESIAN_POINT ( 'NONE',  ( -0.9500000000000002887, 0.08000000000000001554, -0.4500000000000000666 ) ) ;
#1009 = EDGE_CURVE ( 'NONE', #1027, #708, #5079, .T. ) ;
#1010 = LINE ( 'NONE', #5228, #999 ) ;
#1011 = CARTESIAN_POINT ( 'NONE',  ( 0.6156385865284784709, -0.4342956348249531473, -0.7200000000000000844 ) ) ;
#1012 = ORIENTED_EDGE ( 'NONE', *, *, #5051, .T. ) ;
#1013 = EDGE_CURVE ( 'NONE', #2975, #257, #3069, .T. ) ;
#1014 = ORIENTED_EDGE ( 'NONE', *, *, #2014, .T. ) ;
#1015 = LINE ( 'NONE', #1973, #2892 ) ;
#1016 = ORIENTED_EDGE ( 'NONE', *, *, #5184, .F. ) ;
#1017 = PLANE ( 'NONE',  #5387 ) ;
#1018 = PLANE ( 'NONE',  #1727 ) ;
#1019 = FACE_OUTER_BOUND ( 'NONE', #4453, .T. ) ;
#1020 = DIRECTION ( 'NONE',  ( 0.000000000000000000, -3.614007241618349264E-16, -1.000000000000000000 ) ) ;
#1021 = EDGE_CURVE ( 'NONE', #1522, #3924, #3034, .T. ) ;
#1022 = ORIENTED_EDGE ( 'NONE', *, *, #4657, .F. ) ;
#1023 = VERTEX_POINT ( 'NONE', #5302 ) ;
#1024 = CARTESIAN_POINT ( 'NONE',  ( -1.450000000000000400, 0.6000000000000004219, 0.8000000000000001554 ) ) ;
#1025 = VECTOR ( 'NONE', #271, 1000.000000000000000 ) ;
#1026 = DIRECTION ( 'NONE',  ( 0.000000000000000000, 1.000000000000000000, 0.000000000000000000 ) ) ;
#1027 = VERTEX_POINT ( 'NONE', #3535 ) ;
#1028 = AXIS2_PLACEMENT_3D ( 'NONE', #3195, #5409, #1840 ) ;
#1029 = CARTESIAN_POINT ( 'NONE',  ( -0.1500000000000002720, 0.5200000000000001288, -0.5000000000000002220 ) ) ;
#1030 = EDGE_CURVE ( 'NONE', #5159, #4230, #3027, .T. ) ;
#1031 = ORIENTED_EDGE ( 'NONE', *, *, #1591, .T. ) ;
#1032 = EDGE_LOOP ( 'NONE', ( #4129, #5826, #5444, #54 ) ) ;
#1033 = PLANE ( 'NONE',  #417 ) ;
#1034 = VECTOR ( 'NONE', #2823, 1000.000000000000000 ) ;
#1035 = ADVANCED_FACE ( 'NONE', ( #4985 ), #2956, .F. ) ;
#1036 = DIRECTION ( 'NONE',  ( -0.000000000000000000, 1.000000000000000000, 0.000000000000000000 ) ) ;
#1037 = DIRECTION ( 'NONE',  ( -1.000000000000000000, -0.000000000000000000, 0.000000000000000000 ) ) ;
#1038 = AXIS2_PLACEMENT_3D ( 'NONE', #5445, #1412, #1828 ) ;
#1039 = ORIENTED_EDGE ( 'NONE', *, *, #4369, .F. ) ;
#1040 = CYLINDRICAL_SURFACE ( 'NONE', #2552, 0.2299999999999999545 ) ;
#1041 = CARTESIAN_POINT ( 'NONE',  ( 1.449999999999999956, -3.231750982573322946E-17, 0.4500000000000000666 ) ) ;
#1042 = CIRCLE ( 'NONE', #585, 0.1500000000000000777 ) ;
#1043 = DIRECTION ( 'NONE',  ( 0.000000000000000000, 1.000000000000000000, -1.807003620809172906E-16 ) ) ;
#1044 = DIRECTION ( 'NONE',  ( -0.000000000000000000, 1.000000000000000000, -0.000000000000000000 ) ) ;
#1045 = VERTEX_POINT ( 'NONE', #869 ) ;
#1046 = ORIENTED_EDGE ( 'NONE', *, *, #4888, .F. ) ;
#1047 = VECTOR ( 'NONE', #4842, 1000.000000000000000 ) ;
#1048 = ORIENTED_EDGE ( 'NONE', *, *, #2363, .T. ) ;
#1049 = ADVANCED_FACE ( 'NONE', ( #5108 ), #1233, .T. ) ;
#1050 = PLANE ( 'NONE',  #2870 ) ;
#1051 = DIRECTION ( 'NONE',  ( 0.000000000000000000, -1.000000000000000000, -1.807003620809172906E-16 ) ) ;
#1052 = ORIENTED_EDGE ( 'NONE', *, *, #4591, .T. ) ;
#1053 = VERTEX_POINT ( 'NONE', #5261 ) ;
#1054 = EDGE_CURVE ( 'NONE', #622, #3047, #1244, .T. ) ;
#1055 = DIRECTION ( 'NONE',  ( 0.000000000000000000, 7.228014483236692611E-16, -1.000000000000000000 ) ) ;
#1056 = EDGE_LOOP ( 'NONE', ( #338, #526, #230, #4632 ) ) ;
#1057 = LINE ( 'NONE', #2303, #4862 ) ;
#1058 = COLOUR_RGB ( '',0.7921568627450980005, 0.8196078431372548767, 0.9333333333333333481 ) ;
#1059 = EDGE_LOOP ( 'NONE', ( #4611, #4284, #4240, #2456 ) ) ;
#1060 = VERTEX_POINT ( 'NONE', #3823 ) ;
#1061 = VECTOR ( 'NONE', #1883, 1000.000000000000000 ) ;
#1062 = DIRECTION ( 'NONE',  ( -1.000000000000000000, -0.000000000000000000, -0.000000000000000000 ) ) ;
#1063 = EDGE_CURVE ( 'NONE', #2757, #2879, #1072, .T. ) ;
#1064 = EDGE_LOOP ( 'NONE', ( #32, #3456, #5421, #1698, #5530, #3595, #3915 ) ) ;
#1065 = LINE ( 'NONE', #3052, #2910 ) ;
#1066 = VECTOR ( 'NONE', #3741, 1000.000000000000000 ) ;
#1067 = CARTESIAN_POINT ( 'NONE',  ( -0.6500000000000002442, -3.231750982573322946E-17, -0.8000000000000000444 ) ) ;
#1068 = ORIENTED_EDGE ( 'NONE', *, *, #472, .F. ) ;
#1069 = DIRECTION ( 'NONE',  ( 0.000000000000000000, -1.000000000000000000, 0.000000000000000000 ) ) ;
#1070 = EDGE_CURVE ( 'NONE', #4381, #511, #3144, .T. ) ;
#1071 = DIRECTION ( 'NONE',  ( -1.000000000000000000, -0.000000000000000000, -0.000000000000000000 ) ) ;
#1072 = LINE ( 'NONE', #3932, #1097 ) ;
#1073 = DIRECTION ( 'NONE',  ( -1.000000000000000000, -0.000000000000000000, -0.000000000000000000 ) ) ;
#1074 = PLANE ( 'NONE',  #2488 ) ;
#1075 = CARTESIAN_POINT ( 'NONE',  ( -0.5499999999999998224, 0.000000000000000000, 0.8000000000000000444 ) ) ;
#1076 = EDGE_CURVE ( 'NONE', #613, #5414, #4965, .T. ) ;
#1077 = VERTEX_POINT ( 'NONE', #3571 ) ;
#1078 = PLANE ( 'NONE',  #2475 ) ;
#1079 = DIRECTION ( 'NONE',  ( 0.000000000000000000, -0.000000000000000000, -1.000000000000000000 ) ) ;
#1080 = DIRECTION ( 'NONE',  ( 0.000000000000000000, 0.000000000000000000, 1.000000000000000000 ) ) ;
#1081 = VECTOR ( 'NONE', #4017, 1000.000000000000000 ) ;
#1082 = DIRECTION ( 'NONE',  ( -1.000000000000000000, 0.000000000000000000, 0.000000000000000000 ) ) ;
#1083 = DIRECTION ( 'NONE',  ( -0.000000000000000000, -1.000000000000000000, 1.084202172485504237E-15 ) ) ;
#1084 = ORIENTED_EDGE ( 'NONE', *, *, #2237, .F. ) ;
#1085 = EDGE_CURVE ( 'NONE', #4796, #1707, #3056, .T. ) ;
#1086 = VECTOR ( 'NONE', #695, 1000.000000000000000 ) ;
#1087 = CARTESIAN_POINT ( 'NONE',  ( 1.200000000000000178, -0.4342956348249531473, -0.7999999999999989342 ) ) ;
#1088 = ADVANCED_FACE ( 'NONE', ( #3132 ), #3115, .F. ) ;
#1089 = VERTEX_POINT ( 'NONE', #4917 ) ;
#1090 = DIRECTION ( 'NONE',  ( -0.000000000000000000, -0.000000000000000000, -1.000000000000000000 ) ) ;
#1091 = LINE ( 'NONE', #2055, #3075 ) ;
#1092 = EDGE_CURVE ( 'NONE', #283, #1704, #1212, .T. ) ;
#1093 = DIRECTION ( 'NONE',  ( 0.000000000000000000, -1.000000000000000000, 0.000000000000000000 ) ) ;
#1094 = LINE ( 'NONE', #1549, #5030 ) ;
#1095 = AXIS2_PLACEMENT_3D ( 'NONE', #1548, #1985, #4155 ) ;
#1096 = ORIENTED_EDGE ( 'NONE', *, *, #4657, .T. ) ;
#1097 = VECTOR ( 'NONE', #1346, 1000.000000000000000 ) ;
#1098 = EDGE_CURVE ( 'NONE', #2779, #2685, #3182, .T. ) ;
#1099 = VERTEX_POINT ( 'NONE', #5480 ) ;
#1100 = FACE_OUTER_BOUND ( 'NONE', #595, .T. ) ;
#1101 = VECTOR ( 'NONE', #5355, 1000.000000000000000 ) ;
#1102 = PRESENTATION_LAYER_ASSIGNMENT (  '', '', ( #1530 ) ) ;
#1103 = ORIENTED_EDGE ( 'NONE', *, *, #4731, .F. ) ;
#1104 = AXIS2_PLACEMENT_3D ( 'NONE', #5711, #273, #2114 ) ;
#1105 = LINE ( 'NONE', #814, #1172 ) ;
#1106 = DIRECTION ( 'NONE',  ( -0.000000000000000000, 1.000000000000000000, -0.000000000000000000 ) ) ;
#1107 = ORIENTED_EDGE ( 'NONE', *, *, #377, .F. ) ;
#1108 = EDGE_CURVE ( 'NONE', #5162, #4291, #1292, .T. ) ;
#1109 = LINE ( 'NONE', #4889, #3058 ) ;
#1110 = FACE_OUTER_BOUND ( 'NONE', #3418, .T. ) ;
#1111 = CARTESIAN_POINT ( 'NONE',  ( 0.9499999999999997335, 0.08000000000000004330, 1.332541078227774012 ) ) ;
#1112 = ORIENTED_EDGE ( 'NONE', *, *, #3465, .F. ) ;
#1113 = DIRECTION ( 'NONE',  ( 0.000000000000000000, 0.000000000000000000, -1.000000000000000000 ) ) ;
#1114 = DIRECTION ( 'NONE',  ( 0.000000000000000000, 0.000000000000000000, -1.000000000000000000 ) ) ;
#1115 = FACE_OUTER_BOUND ( 'NONE', #4278, .T. ) ;
#1116 = DIRECTION ( 'NONE',  ( -1.000000000000000000, -0.000000000000000000, 0.000000000000000000 ) ) ;
#1117 = DIRECTION ( 'NONE',  ( 0.000000000000000000, 1.000000000000000000, -1.084202172485504237E-15 ) ) ;
#1118 = CARTESIAN_POINT ( 'NONE',  ( 1.200000000000000400, 0.08000000000000009881, 0.8000000000000003775 ) ) ;
#1119 = EDGE_LOOP ( 'NONE', ( #953, #1048, #4514, #4789, #4986, #2582, #2559, #4082 ) ) ;
#1120 = VECTOR ( 'NONE', #1645, 1000.000000000000000 ) ;
#1121 = VECTOR ( 'NONE', #3643, 1000.000000000000000 ) ;
#1122 = CARTESIAN_POINT ( 'NONE',  ( 0.6499999999999998002, 0.000000000000000000, 0.000000000000000000 ) ) ;
#1123 = DIRECTION ( 'NONE',  ( -1.000000000000000000, -0.000000000000000000, 0.000000000000000000 ) ) ;
#1124 = ORIENTED_EDGE ( 'NONE', *, *, #212, .F. ) ;
#1125 = FACE_OUTER_BOUND ( 'NONE', #4998, .T. ) ;
#1126 = DIRECTION ( 'NONE',  ( 0.000000000000000000, 0.000000000000000000, 1.000000000000000000 ) ) ;
#1127 = ORIENTED_EDGE ( 'NONE', *, *, #1690, .T. ) ;
#1128 = PRESENTATION_STYLE_ASSIGNMENT (( #725 ) ) ;
#1129 = CARTESIAN_POINT ( 'NONE',  ( 1.449999999999999956, -3.231750982573322946E-17, -0.4500000000000000666 ) ) ;
#1130 = EDGE_CURVE ( 'NONE', #2817, #1099, #5210, .T. ) ;
#1131 = LINE ( 'NONE', #2147, #2969 ) ;
#1132 = ORIENTED_EDGE ( 'NONE', *, *, #1833, .F. ) ;
#1133 = VECTOR ( 'NONE', #3461, 1000.000000000000000 ) ;
#1134 = ADVANCED_FACE ( 'NONE', ( #5199 ), #5839, .F. ) ;
#1135 = VERTEX_POINT ( 'NONE', #1872 ) ;
#1136 = LINE ( 'NONE', #1807, #4948 ) ;
#1137 = FILL_AREA_STYLE ('',( #5211 ) ) ;
#1138 = EDGE_CURVE ( 'NONE', #4440, #2590, #5344, .T. ) ;
#1139 = ORIENTED_EDGE ( 'NONE', *, *, #1947, .T. ) ;
#1140 = DIRECTION ( 'NONE',  ( -0.000000000000000000, 0.000000000000000000, -1.000000000000000000 ) ) ;
#1141 = DIRECTION ( 'NONE',  ( -1.000000000000000000, -0.000000000000000000, -0.000000000000000000 ) ) ;
#1142 = VECTOR ( 'NONE', #4304, 1000.000000000000000 ) ;
#1143 = CARTESIAN_POINT ( 'NONE',  ( 1.449999999999999956, 0.6000000000000004219, 0.8000000000000001554 ) ) ;
#1144 = CLOSED_SHELL ( 'NONE', ( #4292, #3640, #981, #440, #2581, #5106, #1333, #298, #5672, #5356, #2174, #3553, #1611, #1793 ) ) ;
#1145 = CARTESIAN_POINT ( 'NONE',  ( 0.9499999999999998446, 0.6000000000000003109, -0.5000000000000002220 ) ) ;
#1146 = EDGE_CURVE ( 'NONE', #3393, #3436, #1396, .T. ) ;
#1147 = LINE ( 'NONE', #3018, #5053 ) ;
#1148 = DIRECTION ( 'NONE',  ( 0.000000000000000000, 0.000000000000000000, 1.000000000000000000 ) ) ;
#1149 = CARTESIAN_POINT ( 'NONE',  ( 1.050000000000000044, 1.959157251370477903E-32, -0.8000000000000000444 ) ) ;
#1150 = ORIENTED_EDGE ( 'NONE', *, *, #4536, .F. ) ;
#1151 = EDGE_CURVE ( 'NONE', #4726, #2789, #1454, .T. ) ;
#1152 = DIRECTION ( 'NONE',  ( 0.000000000000000000, -1.000000000000000000, 0.000000000000000000 ) ) ;
#1153 = DIRECTION ( 'NONE',  ( 0.000000000000000000, 1.178480622266852809E-15, 1.000000000000000000 ) ) ;
#1154 = VECTOR ( 'NONE', #4123, 1000.000000000000000 ) ;
#1155 = CARTESIAN_POINT ( 'NONE',  ( 0.1499999999999997446, 0.6000000000000003109, -0.5000000000000002220 ) ) ;
#1156 = VERTEX_POINT ( 'NONE', #3160 ) ;
#1157 = DIRECTION ( 'NONE',  ( 0.000000000000000000, 1.000000000000000000, 1.807003620809172906E-16 ) ) ;
#1158 = CARTESIAN_POINT ( 'NONE',  ( 0.1499999999999997446, 0.6000000000000004219, -0.8000000000000001554 ) ) ;
#1159 = VECTOR ( 'NONE', #1248, 1000.000000000000000 ) ;
#1160 = EDGE_CURVE ( 'NONE', #1077, #4216, #5182, .T. ) ;
#1161 = DIRECTION ( 'NONE',  ( 0.000000000000000000, -1.000000000000000000, 0.000000000000000000 ) ) ;
#1162 = VERTEX_POINT ( 'NONE', #4481 ) ;
#1163 = EDGE_CURVE ( 'NONE', #4872, #5309, #5307, .T. ) ;
#1164 = CYLINDRICAL_SURFACE ( 'NONE', #1571, 0.1500000000000000777 ) ;
#1165 = AXIS2_PLACEMENT_3D ( 'NONE', #1215, #2101, #781 ) ;
#1166 = VERTEX_POINT ( 'NONE', #3604 ) ;
#1167 = AXIS2_PLACEMENT_3D ( 'NONE', #2640, #3113, #506 ) ;
#1168 = DIRECTION ( 'NONE',  ( 0.000000000000000000, 1.000000000000000000, -6.023345402697252882E-16 ) ) ;
#1169 = FACE_OUTER_BOUND ( 'NONE', #1059, .T. ) ;
#1170 = EDGE_CURVE ( 'NONE', #873, #5462, #3256, .T. ) ;
#1171 = EDGE_LOOP ( 'NONE', ( #67, #2096, #5759, #1561 ) ) ;
#1172 = VECTOR ( 'NONE', #3956, 1000.000000000000000 ) ;
#1173 = AXIS2_PLACEMENT_3D ( 'NONE', #1587, #1480, #3776 ) ;
#1174 = ORIENTED_EDGE ( 'NONE', *, *, #4241, .T. ) ;
#1175 = MECHANICAL_DESIGN_GEOMETRIC_PRESENTATION_REPRESENTATION (  '', ( #1397 ), #879 ) ;
#1176 = VECTOR ( 'NONE', #4818, 1000.000000000000000 ) ;
#1177 = FACE_OUTER_BOUND ( 'NONE', #2791, .T. ) ;
#1178 = ORIENTED_EDGE ( 'NONE', *, *, #4974, .T. ) ;
#1179 = CARTESIAN_POINT ( 'NONE',  ( 0.9499999999999998446, 0.5200000000000001288, 0.5000000000000002220 ) ) ;
#1180 = CARTESIAN_POINT ( 'NONE',  ( -0.1500000000000002720, 0.6000000000000004219, 0.8000000000000001554 ) ) ;
#1181 = LINE ( 'NONE', #651, #3094 ) ;
#1182 = CARTESIAN_POINT ( 'NONE',  ( -0.1500000000000002720, 0.5200000000000001288, 0.7200000000000000844 ) ) ;
#1183 = ADVANCED_FACE ( 'NONE', ( #5354 ), #1479, .F. ) ;
#1184 = DIRECTION ( 'NONE',  ( 0.000000000000000000, 0.000000000000000000, 1.000000000000000000 ) ) ;
#1185 = EDGE_LOOP ( 'NONE', ( #699, #841, #362, #4252 ) ) ;
#1186 = DIRECTION ( 'NONE',  ( -1.000000000000000000, -0.000000000000000000, -0.000000000000000000 ) ) ;
#1187 = DIRECTION ( 'NONE',  ( 0.000000000000000000, 0.000000000000000000, -1.000000000000000000 ) ) ;
#1188 = VECTOR ( 'NONE', #3399, 1000.000000000000000 ) ;
#1189 =( NAMED_UNIT ( * ) PLANE_ANGLE_UNIT ( ) SI_UNIT ( $, .RADIAN. ) );
#1190 = ORIENTED_EDGE ( 'NONE', *, *, #2381, .F. ) ;
#1191 = DIRECTION ( 'NONE',  ( 0.000000000000000000, 1.000000000000000000, 0.000000000000000000 ) ) ;
#1192 = CARTESIAN_POINT ( 'NONE',  ( 1.600000000000000089, 0.6999999999999999556, -0.5000000000000003331 ) ) ;
#1193 = FACE_OUTER_BOUND ( 'NONE', #858, .T. ) ;
#1194 = CARTESIAN_POINT ( 'NONE',  ( -0.9500000000000002887, -3.231750982573322946E-17, -0.8000000000000000444 ) ) ;
#1195 = ORIENTED_EDGE ( 'NONE', *, *, #5339, .F. ) ;
#1196 = DIRECTION ( 'NONE',  ( -1.000000000000000000, -0.000000000000000000, -0.000000000000000000 ) ) ;
#1197 = DIRECTION ( 'NONE',  ( 0.000000000000000000, 0.000000000000000000, -1.000000000000000000 ) ) ;
#1198 = VECTOR ( 'NONE', #1849, 1000.000000000000000 ) ;
#1199 = LINE ( 'NONE', #608, #3307 ) ;
#1200 = DIRECTION ( 'NONE',  ( 0.000000000000000000, 0.000000000000000000, -1.000000000000000000 ) ) ;
#1201 = VERTEX_POINT ( 'NONE', #5799 ) ;
#1202 = CIRCLE ( 'NONE', #1968, 0.1500000000000000777 ) ;
#1203 = EDGE_CURVE ( 'NONE', #3436, #760, #3397, .T. ) ;
#1204 = DIRECTION ( 'NONE',  ( 0.000000000000000000, -1.003890900449541079E-16, 1.000000000000000000 ) ) ;
#1205 = CARTESIAN_POINT ( 'NONE',  ( 0.6499999999999998002, 0.6000000000000003109, -0.5000000000000002220 ) ) ;
#1206 = ORIENTED_EDGE ( 'NONE', *, *, #4685, .T. ) ;
#1207 = DIRECTION ( 'NONE',  ( 0.000000000000000000, 0.000000000000000000, -1.000000000000000000 ) ) ;
#1208 = LINE ( 'NONE', #2780, #1349 ) ;
#1209 = CYLINDRICAL_SURFACE ( 'NONE', #1165, 0.1500000000000000777 ) ;
#1210 = VERTEX_POINT ( 'NONE', #26 ) ;
#1211 = AXIS2_PLACEMENT_3D ( 'NONE', #3097, #3949, #1126 ) ;
#1212 = LINE ( 'NONE', #1769, #1263 ) ;
#1213 = EDGE_CURVE ( 'NONE', #2346, #811, #3416, .T. ) ;
#1214 = ORIENTED_EDGE ( 'NONE', *, *, #2122, .T. ) ;
#1215 = CARTESIAN_POINT ( 'NONE',  ( -0.4000000000000000777, 0.000000000000000000, -0.8000000000000001554 ) ) ;
#1216 = VECTOR ( 'NONE', #422, 1000.000000000000000 ) ;
#1217 = LINE ( 'NONE', #1748, #5125 ) ;
#1218 = VERTEX_POINT ( 'NONE', #906 ) ;
#1219 = CARTESIAN_POINT ( 'NONE',  ( 1.200000000000000178, 0.6000000000000004219, -0.8000000000000001554 ) ) ;
#1220 = DIRECTION ( 'NONE',  ( 0.000000000000000000, 0.000000000000000000, -1.000000000000000000 ) ) ;
#1221 = EDGE_CURVE ( 'NONE', #3407, #1626, #5334, .T. ) ;
#1222 = VECTOR ( 'NONE', #1482, 1000.000000000000000 ) ;
#1223 = DIRECTION ( 'NONE',  ( 0.000000000000000000, 1.178480622266852956E-16, -1.000000000000000000 ) ) ;
#1224 = DIRECTION ( 'NONE',  ( -0.000000000000000000, 1.000000000000000000, -0.000000000000000000 ) ) ;
#1225 = EDGE_LOOP ( 'NONE', ( #3917, #4219, #4507, #573 ) ) ;
#1226 = CARTESIAN_POINT ( 'NONE',  ( -0.9843614134715217290, 0.000000000000000000, 0.7200000000000001954 ) ) ;
#1227 = DIRECTION ( 'NONE',  ( 0.000000000000000000, 1.000000000000000000, 0.000000000000000000 ) ) ;
#1228 = LINE ( 'NONE', #2616, #1259 ) ;
#1229 = DIRECTION ( 'NONE',  ( -1.000000000000000000, -0.000000000000000000, 0.000000000000000000 ) ) ;
#1230 = ORIENTED_EDGE ( 'NONE', *, *, #1786, .T. ) ;
#1231 = CARTESIAN_POINT ( 'NONE',  ( 1.449999999999999956, -3.231750982573322946E-17, -0.8000000000000000444 ) ) ;
#1232 = CARTESIAN_POINT ( 'NONE',  ( 0.9843614134715223951, 0.07999999999999990452, 0.7200000000000000844 ) ) ;
#1233 = CYLINDRICAL_SURFACE ( 'NONE', #3445, 0.2299999999999999545 ) ;
#1234 = ADVANCED_FACE ( 'NONE', ( #1323 ), #555, .F. ) ;
#1235 = CARTESIAN_POINT ( 'NONE',  ( -1.200000000000000178, 0.07999999999999996003, -0.5699999999999995071 ) ) ;
#1236 = DIRECTION ( 'NONE',  ( 0.000000000000000000, -1.000000000000000000, 0.000000000000000000 ) ) ;
#1237 = VERTEX_POINT ( 'NONE', #2357 ) ;
#1238 = CARTESIAN_POINT ( 'NONE',  ( -0.9500000000000002887, 0.5200000000000001288, -0.8000000000000001554 ) ) ;
#1239 = SHAPE_DEFINITION_REPRESENTATION ( #5126, #717 ) ;
#1240 = FACE_OUTER_BOUND ( 'NONE', #1891, .T. ) ;
#1241 = AXIS2_PLACEMENT_3D ( 'NONE', #1666, #4792, #2366 ) ;
#1242 = ORIENTED_EDGE ( 'NONE', *, *, #5684, .F. ) ;
#1243 = AXIS2_PLACEMENT_3D ( 'NONE', #766, #3092, #2742 ) ;
#1244 = LINE ( 'NONE', #2076, #1133 ) ;
#1245 = DIRECTION ( 'NONE',  ( 0.000000000000000000, 1.807003620809172906E-16, -1.000000000000000000 ) ) ;
#1246 = ORIENTED_EDGE ( 'NONE', *, *, #3882, .F. ) ;
#1247 = EDGE_CURVE ( 'NONE', #1368, #1522, #1445, .T. ) ;
#1248 = DIRECTION ( 'NONE',  ( 0.000000000000000000, -1.000000000000000000, 0.000000000000000000 ) ) ;
#1249 = LINE ( 'NONE', #4730, #1369 ) ;
#1250 = CARTESIAN_POINT ( 'NONE',  ( 1.200000000000000178, 0.08000000000000009881, -0.5700000000000001732 ) ) ;
#1251 = LINE ( 'NONE', #5652, #5189 ) ;
#1252 = ADVANCED_FACE ( 'NONE', ( #1406 ), #3322, .T. ) ;
#1253 = ORIENTED_EDGE ( 'NONE', *, *, #2385, .T. ) ;
#1254 = AXIS2_PLACEMENT_3D ( 'NONE', #2984, #106, #3448 ) ;
#1255 = ORIENTED_EDGE ( 'NONE', *, *, #3855, .F. ) ;
#1256 = VECTOR ( 'NONE', #5541, 1000.000000000000000 ) ;
#1257 =( GEOMETRIC_REPRESENTATION_CONTEXT ( 3 ) GLOBAL_UNCERTAINTY_ASSIGNED_CONTEXT ( ( #3088 ) ) GLOBAL_UNIT_ASSIGNED_CONTEXT ( ( #1875, #2310, #2264 ) ) REPRESENTATION_CONTEXT ( 'NONE', 'WORKASPACE' ) );
#1258 = ORIENTED_EDGE ( 'NONE', *, *, #4685, .F. ) ;
#1259 = VECTOR ( 'NONE', #2332, 1000.000000000000000 ) ;
#1260 = ORIENTED_EDGE ( 'NONE', *, *, #5358, .F. ) ;
#1261 = DIRECTION ( 'NONE',  ( 0.000000000000000000, -1.000000000000000000, 0.000000000000000000 ) ) ;
#1262 = CARTESIAN_POINT ( 'NONE',  ( -0.9500000000000002887, -3.231750982573322946E-17, 0.8000000000000000444 ) ) ;
#1263 = VECTOR ( 'NONE', #226, 1000.000000000000000 ) ;
#1264 = SURFACE_SIDE_STYLE ('',( #1654 ) ) ;
#1265 = CARTESIAN_POINT ( 'NONE',  ( -0.4000000000000000777, -0.4342956348249531473, -0.7999999999999989342 ) ) ;
#1266 = ORIENTED_EDGE ( 'NONE', *, *, #1841, .T. ) ;
#1267 = CARTESIAN_POINT ( 'NONE',  ( -0.1500000000000002720, 0.5200000000000001288, 1.332541078227774012 ) ) ;
#1268 = VECTOR ( 'NONE', #3806, 1000.000000000000000 ) ;
#1269 = ORIENTED_EDGE ( 'NONE', *, *, #5595, .T. ) ;
#1270 = PLANE ( 'NONE',  #1474 ) ;
#1271 = VERTEX_POINT ( 'NONE', #3514 ) ;
#1272 = VECTOR ( 'NONE', #1791, 1000.000000000000000 ) ;
#1273 = DIRECTION ( 'NONE',  ( 1.000000000000000000, 0.000000000000000000, 0.000000000000000000 ) ) ;
#1274 = DIRECTION ( 'NONE',  ( -0.000000000000000000, 1.000000000000000000, -0.000000000000000000 ) ) ;
#1275 = EDGE_LOOP ( 'NONE', ( #1266, #2835, #821, #2759 ) ) ;
#1276 = VECTOR ( 'NONE', #3199, 1000.000000000000000 ) ;
#1277 = VECTOR ( 'NONE', #3293, 1000.000000000000000 ) ;
#1278 = EDGE_CURVE ( 'NONE', #4490, #2379, #5205, .T. ) ;
#1279 = ORIENTED_EDGE ( 'NONE', *, *, #4498, .T. ) ;
#1280 = ORIENTED_EDGE ( 'NONE', *, *, #5830, .T. ) ;
#1281 = CYLINDRICAL_SURFACE ( 'NONE', #1846, 0.2299999999999999545 ) ;
#1282 = ADVANCED_FACE ( 'NONE', ( #1303 ), #683, .T. ) ;
#1283 = CARTESIAN_POINT ( 'NONE',  ( 1.449999999999999956, -3.231750982573322946E-17, 0.4500000000000000666 ) ) ;
#1284 = ORIENTED_EDGE ( 'NONE', *, *, #2397, .T. ) ;
#1285 = CIRCLE ( 'NONE', #5332, 0.1500000000000000777 ) ;
#1286 = DIRECTION ( 'NONE',  ( -0.000000000000000000, -0.000000000000000000, -1.000000000000000000 ) ) ;
#1287 = AXIS2_PLACEMENT_3D ( 'NONE', #1864, #5792, #1834 ) ;
#1288 = CYLINDRICAL_SURFACE ( 'NONE', #4059, 0.1500000000000000777 ) ;
#1289 = FACE_OUTER_BOUND ( 'NONE', #2118, .T. ) ;
#1290 = VERTEX_POINT ( 'NONE', #3406 ) ;
#1291 = ORIENTED_EDGE ( 'NONE', *, *, #2106, .T. ) ;
#1292 = LINE ( 'NONE', #3244, #3247 ) ;
#1293 = VERTEX_POINT ( 'NONE', #5659 ) ;
#1294 = FACE_OUTER_BOUND ( 'NONE', #4677, .T. ) ;
#1295 = VECTOR ( 'NONE', #882, 1000.000000000000000 ) ;
#1296 = FACE_OUTER_BOUND ( 'NONE', #4550, .T. ) ;
#1297 = EDGE_CURVE ( 'NONE', #4311, #818, #3263, .T. ) ;
#1298 = ORIENTED_EDGE ( 'NONE', *, *, #4716, .F. ) ;
#1299 = CARTESIAN_POINT ( 'NONE',  ( -1.450000000000000400, 0.5200000000000001288, -1.264865571966778734 ) ) ;
#1300 = DIRECTION ( 'NONE',  ( -1.000000000000000000, -0.000000000000000000, 0.000000000000000000 ) ) ;
#1301 = EDGE_LOOP ( 'NONE', ( #507, #256, #2222, #84 ) ) ;
#1302 = EDGE_CURVE ( 'NONE', #4958, #2891, #3433, .T. ) ;
#1303 = FACE_OUTER_BOUND ( 'NONE', #1006, .T. ) ;
#1304 = DIRECTION ( 'NONE',  ( -0.000000000000000000, 1.000000000000000000, 0.000000000000000000 ) ) ;
#1305 = DIRECTION ( 'NONE',  ( 0.000000000000000000, 1.000000000000000000, -1.084202172485504237E-15 ) ) ;
#1306 = ORIENTED_EDGE ( 'NONE', *, *, #2215, .T. ) ;
#1307 = ORIENTED_EDGE ( 'NONE', *, *, #808, .F. ) ;
#1308 = DIRECTION ( 'NONE',  ( 0.000000000000000000, 0.000000000000000000, -1.000000000000000000 ) ) ;
#1309 = CARTESIAN_POINT ( 'NONE',  ( 0.9499999999999997335, 0.5200000000000001288, 0.7200000000000001954 ) ) ;
#1310 = ORIENTED_EDGE ( 'NONE', *, *, #462, .F. ) ;
#1311 = CARTESIAN_POINT ( 'NONE',  ( -0.9500000000000002887, 0.6000000000000004219, -0.8000000000000001554 ) ) ;
#1312 = VECTOR ( 'NONE', #3314, 1000.000000000000000 ) ;
#1313 = CARTESIAN_POINT ( 'NONE',  ( -1.200000000000000178, 0.08000000000000004330, -0.8000000000000001554 ) ) ;
#1314 = CARTESIAN_POINT ( 'NONE',  ( 1.200000000000000400, 0.000000000000000000, 0.8000000000000005995 ) ) ;
#1315 = PRESENTATION_LAYER_ASSIGNMENT (  '', '', ( #3695 ) ) ;
#1316 = ORIENTED_EDGE ( 'NONE', *, *, #3122, .F. ) ;
#1317 = AXIS2_PLACEMENT_3D ( 'NONE', #120, #5218, #224 ) ;
#1318 = VECTOR ( 'NONE', #2124, 1000.000000000000000 ) ;
#1319 = CARTESIAN_POINT ( 'NONE',  ( -0.9500000000000002887, 0.5200000000000001288, 1.332541078227774012 ) ) ;
#1320 = EDGE_LOOP ( 'NONE', ( #2612, #2060, #4448, #4478, #4004, #616, #47, #12 ) ) ;
#1321 = EDGE_CURVE ( 'NONE', #602, #774, #3444, .T. ) ;
#1322 = VERTEX_POINT ( 'NONE', #5279 ) ;
#1323 = FACE_OUTER_BOUND ( 'NONE', #2815, .T. ) ;
#1324 = CARTESIAN_POINT ( 'NONE',  ( 0.1499999999999997446, 0.000000000000000000, 0.000000000000000000 ) ) ;
#1325 = EDGE_LOOP ( 'NONE', ( #2266, #5494, #2416, #442 ) ) ;
#1326 = CARTESIAN_POINT ( 'NONE',  ( 1.449999999999999956, 0.6000000000000003109, -0.5000000000000002220 ) ) ;
#1327 = CARTESIAN_POINT ( 'NONE',  ( -0.6500000000000001332, 0.08000000000000004330, 0.7200000000000001954 ) ) ;
#1328 = AXIS2_PLACEMENT_3D ( 'NONE', #5808, #2230, #916 ) ;
#1329 = LINE ( 'NONE', #4382, #3179 ) ;
#1330 = VERTEX_POINT ( 'NONE', #4315 ) ;
#1331 = ORIENTED_EDGE ( 'NONE', *, *, #3937, .F. ) ;
#1332 = LINE ( 'NONE', #3224, #3235 ) ;
#1333 = ADVANCED_FACE ( 'NONE', ( #3360 ), #242, .F. ) ;
#1334 = DIRECTION ( 'NONE',  ( 0.000000000000000000, 0.000000000000000000, -1.000000000000000000 ) ) ;
#1335 = EDGE_LOOP ( 'NONE', ( #3901, #1643, #2064, #2089 ) ) ;
#1336 = DIRECTION ( 'NONE',  ( 0.000000000000000000, 0.000000000000000000, -1.000000000000000000 ) ) ;
#1337 = CARTESIAN_POINT ( 'NONE',  ( 0.6499999999999998002, 0.08000000000000001554, -0.4500000000000000666 ) ) ;
#1338 = FACE_OUTER_BOUND ( 'NONE', #4671, .T. ) ;
#1339 = LINE ( 'NONE', #5550, #1188 ) ;
#1340 = ORIENTED_EDGE ( 'NONE', *, *, #2755, .F. ) ;
#1341 = DIRECTION ( 'NONE',  ( 0.000000000000000000, -1.000000000000000000, 0.000000000000000000 ) ) ;
#1342 = ORIENTED_EDGE ( 'NONE', *, *, #5573, .F. ) ;
#1343 = FACE_OUTER_BOUND ( 'NONE', #4629, .T. ) ;
#1344 = DIRECTION ( 'NONE',  ( 0.000000000000000000, 0.000000000000000000, 1.000000000000000000 ) ) ;
#1345 = EDGE_CURVE ( 'NONE', #4483, #4440, #1375, .T. ) ;
#1346 = DIRECTION ( 'NONE',  ( -1.000000000000000000, -0.000000000000000000, -0.000000000000000000 ) ) ;
#1347 = VERTEX_POINT ( 'NONE', #4056 ) ;
#1348 = DIRECTION ( 'NONE',  ( 0.000000000000000000, 0.000000000000000000, -1.000000000000000000 ) ) ;
#1349 = VECTOR ( 'NONE', #3254, 1000.000000000000000 ) ;
#1350 = LINE ( 'NONE', #2775, #3159 ) ;
#1351 = ADVANCED_FACE ( 'NONE', ( #3303 ), #4096, .F. ) ;
#1352 = ORIENTED_EDGE ( 'NONE', *, *, #299, .T. ) ;
#1353 = CARTESIAN_POINT ( 'NONE',  ( 1.449999999999999956, 0.5200000000000001288, -0.7200000000000000844 ) ) ;
#1354 = DIRECTION ( 'NONE',  ( -1.000000000000000000, -0.000000000000000000, 0.000000000000000000 ) ) ;
#1355 = ORIENTED_EDGE ( 'NONE', *, *, #1898, .T. ) ;
#1356 = VECTOR ( 'NONE', #2974, 1000.000000000000000 ) ;
#1357 = DIRECTION ( 'NONE',  ( 0.000000000000000000, 1.000000000000000000, -1.084202172485504237E-15 ) ) ;
#1358 = EDGE_CURVE ( 'NONE', #3277, #5414, #3275, .T. ) ;
#1359 = ORIENTED_EDGE ( 'NONE', *, *, #620, .F. ) ;
#1360 = CIRCLE ( 'NONE', #1662, 0.2300000000000000655 ) ;
#1361 = LINE ( 'NONE', #1283, #1318 ) ;
#1362 = CARTESIAN_POINT ( 'NONE',  ( 0.9499999999999998446, 0.5200000000000001288, 0.7200000000000000844 ) ) ;
#1363 = ORIENTED_EDGE ( 'NONE', *, *, #3778, .T. ) ;
#1364 = ORIENTED_EDGE ( 'NONE', *, *, #1867, .F. ) ;
#1365 = EDGE_CURVE ( 'NONE', #4578, #811, #3382, .T. ) ;
#1366 = FACE_OUTER_BOUND ( 'NONE', #2988, .T. ) ;
#1367 = CARTESIAN_POINT ( 'NONE',  ( -0.9500000000000002887, 0.5200000000000001288, -0.5000000000000002220 ) ) ;
#1368 = VERTEX_POINT ( 'NONE', #52 ) ;
#1369 = VECTOR ( 'NONE', #2151, 1000.000000000000000 ) ;
#1370 = EDGE_CURVE ( 'NONE', #4712, #1534, #1436, .T. ) ;
#1371 = LINE ( 'NONE', #4225, #5135 ) ;
#1372 = DIRECTION ( 'NONE',  ( 0.000000000000000000, -3.614007241618349264E-16, 1.000000000000000000 ) ) ;
#1373 = VERTEX_POINT ( 'NONE', #4939 ) ;
#1374 = EDGE_LOOP ( 'NONE', ( #2252, #5465, #2173, #3647 ) ) ;
#1375 = LINE ( 'NONE', #587, #1312 ) ;
#1376 = CARTESIAN_POINT ( 'NONE',  ( 1.449999999999999956, -3.231750982573322946E-17, 0.4500000000000000666 ) ) ;
#1377 = EDGE_CURVE ( 'NONE', #1166, #4742, #1486, .T. ) ;
#1378 = ORIENTED_EDGE ( 'NONE', *, *, #1591, .F. ) ;
#1379 = EDGE_CURVE ( 'NONE', #4305, #152, #3289, .T. ) ;
#1380 = DIRECTION ( 'NONE',  ( -0.000000000000000000, -0.000000000000000000, -1.000000000000000000 ) ) ;
#1381 = EDGE_LOOP ( 'NONE', ( #2527, #4496, #5510, #1639 ) ) ;
#1382 = DIRECTION ( 'NONE',  ( 0.000000000000000000, -3.614007241618349264E-16, 1.000000000000000000 ) ) ;
#1383 = AXIS2_PLACEMENT_3D ( 'NONE', #1862, #1334, #3698 ) ;
#1384 = DIRECTION ( 'NONE',  ( 0.000000000000000000, 0.000000000000000000, 1.000000000000000000 ) ) ;
#1385 = ORIENTED_EDGE ( 'NONE', *, *, #1163, .F. ) ;
#1386 = VECTOR ( 'NONE', #1197, 1000.000000000000000 ) ;
#1387 = DIRECTION ( 'NONE',  ( -0.000000000000000000, 1.000000000000000000, -0.000000000000000000 ) ) ;
#1388 = ADVANCED_FACE ( 'NONE', ( #5223 ), #5062, .F. ) ;
#1389 = CLOSED_SHELL ( 'NONE', ( #901, #633, #5802, #1, #1734, #3682, #4088, #77, #1562, #1035, #747, #759, #1477, #4346 ) ) ;
#1390 = EDGE_CURVE ( 'NONE', #2506, #4715, #1332, .T. ) ;
#1391 = DIRECTION ( 'NONE',  ( 0.000000000000000000, 1.000000000000000000, 1.807003620809172906E-16 ) ) ;
#1392 = LINE ( 'NONE', #4613, #1490 ) ;
#1393 = ORIENTED_EDGE ( 'NONE', *, *, #3751, .F. ) ;
#1394 = DIRECTION ( 'NONE',  ( -0.000000000000000000, 1.000000000000000000, 0.000000000000000000 ) ) ;
#1395 = ORIENTED_EDGE ( 'NONE', *, *, #3719, .T. ) ;
#1396 = LINE ( 'NONE', #3675, #3423 ) ;
#1397 = STYLED_ITEM ( 'NONE', ( #4099 ), #2336 ) ;
#1398 = CARTESIAN_POINT ( 'NONE',  ( 0.5500000000000001554, 9.795786256852390061E-32, 0.8000000000000000444 ) ) ;
#1399 = CARTESIAN_POINT ( 'NONE',  ( 1.600000000000000089, 0.5200000000000001288, -0.7200000000000000844 ) ) ;
#1400 = ORIENTED_EDGE ( 'NONE', *, *, #3465, .T. ) ;
#1401 = CARTESIAN_POINT ( 'NONE',  ( 1.600000000000000089, 0.08000000000000004330, 0.7200000000000001954 ) ) ;
#1402 = FACE_OUTER_BOUND ( 'NONE', #1961, .T. ) ;
#1403 = ADVANCED_FACE ( 'NONE', ( #1343 ), #1281, .F. ) ;
#1404 = VERTEX_POINT ( 'NONE', #5397 ) ;
#1405 = ORIENTED_EDGE ( 'NONE', *, *, #2087, .T. ) ;
#1406 = FACE_OUTER_BOUND ( 'NONE', #1381, .T. ) ;
#1407 = DIRECTION ( 'NONE',  ( 0.000000000000000000, -1.000000000000000000, -1.807003620809172906E-16 ) ) ;
#1408 = DIRECTION ( 'NONE',  ( 0.000000000000000000, 3.614007241618349264E-16, 1.000000000000000000 ) ) ;
#1409 = ORIENTED_EDGE ( 'NONE', *, *, #1420, .T. ) ;
#1410 = DIRECTION ( 'NONE',  ( 0.000000000000000000, 0.000000000000000000, 1.000000000000000000 ) ) ;
#1411 = CIRCLE ( 'NONE', #305, 0.1500000000000000777 ) ;
#1412 = DIRECTION ( 'NONE',  ( 0.000000000000000000, 0.000000000000000000, 1.000000000000000000 ) ) ;
#1413 = DIRECTION ( 'NONE',  ( 0.000000000000000000, -1.000000000000000000, 0.000000000000000000 ) ) ;
#1414 = EDGE_LOOP ( 'NONE', ( #3491, #3861, #5671, #5725, #1651, #1949 ) ) ;
#1415 = ORIENTED_EDGE ( 'NONE', *, *, #575, .F. ) ;
#1416 = ORIENTED_EDGE ( 'NONE', *, *, #5581, .F. ) ;
#1417 = CARTESIAN_POINT ( 'NONE',  ( 0.6499999999999998002, 0.08000000000000004330, 1.332541078227774012 ) ) ;
#1418 = VECTOR ( 'NONE', #4169, 1000.000000000000000 ) ;
#1419 = DIRECTION ( 'NONE',  ( -0.000000000000000000, 1.000000000000000000, -0.000000000000000000 ) ) ;
#1420 = EDGE_CURVE ( 'NONE', #5768, #4216, #5249, .T. ) ;
#1421 = ORIENTED_EDGE ( 'NONE', *, *, #2512, .F. ) ;
#1422 = ADVANCED_FACE ( 'NONE', ( #1366 ), #389, .F. ) ;
#1423 = DIRECTION ( 'NONE',  ( 0.000000000000000000, -1.000000000000000000, -1.807003620809172906E-16 ) ) ;
#1424 = CARTESIAN_POINT ( 'NONE',  ( -0.1843614134715221842, -0.4342956348249514265, 0.7200000000000000844 ) ) ;
#1425 = VECTOR ( 'NONE', #5036, 1000.000000000000000 ) ;
#1426 = CARTESIAN_POINT ( 'NONE',  ( -1.450000000000000400, 0.5200000000000001288, 0.7200000000000000844 ) ) ;
#1427 = DIRECTION ( 'NONE',  ( 0.000000000000000000, 0.000000000000000000, -1.000000000000000000 ) ) ;
#1428 = EDGE_LOOP ( 'NONE', ( #372, #3161, #2365, #3116 ) ) ;
#1429 = CARTESIAN_POINT ( 'NONE',  ( -0.1500000000000002720, -3.231750982573322946E-17, 0.8000000000000000444 ) ) ;
#1430 = CARTESIAN_POINT ( 'NONE',  ( -0.4000000000000000777, 0.000000000000000000, -0.6500000000000001332 ) ) ;
#1431 = FACE_OUTER_BOUND ( 'NONE', #3873, .T. ) ;
#1432 = ORIENTED_EDGE ( 'NONE', *, *, #5241, .T. ) ;
#1433 = EDGE_CURVE ( 'NONE', #702, #613, #1628, .T. ) ;
#1434 = ORIENTED_EDGE ( 'NONE', *, *, #1379, .T. ) ;
#1435 = DIRECTION ( 'NONE',  ( 1.000000000000000000, 0.000000000000000000, -0.000000000000000000 ) ) ;
#1436 = LINE ( 'NONE', #2199, #3350 ) ;
#1437 = ADVANCED_FACE ( 'NONE', ( #5545 ), #4637, .F. ) ;
#1438 = DIRECTION ( 'NONE',  ( 0.000000000000000000, 0.000000000000000000, 1.000000000000000000 ) ) ;
#1439 = CARTESIAN_POINT ( 'NONE',  ( 0.1843614134715218511, 0.08000000000000009881, -0.7200000000000000844 ) ) ;
#1440 = EDGE_LOOP ( 'NONE', ( #2384, #3665, #485, #3093 ) ) ;
#1441 = VECTOR ( 'NONE', #4527, 1000.000000000000000 ) ;
#1442 = EDGE_CURVE ( 'NONE', #3064, #2996, #1514, .T. ) ;
#1443 = ORIENTED_EDGE ( 'NONE', *, *, #3080, .T. ) ;
#1444 = VERTEX_POINT ( 'NONE', #932 ) ;
#1445 = CIRCLE ( 'NONE', #4449, 0.1500000000000000777 ) ;
#1446 = DIRECTION ( 'NONE',  ( 0.000000000000000000, -3.614007241618349264E-16, -1.000000000000000000 ) ) ;
#1447 = DIRECTION ( 'NONE',  ( -0.000000000000000000, 1.000000000000000000, 1.003890900449541202E-16 ) ) ;
#1448 = DIRECTION ( 'NONE',  ( 0.000000000000000000, -1.000000000000000000, 3.614007241618349264E-16 ) ) ;
#1449 = ORIENTED_EDGE ( 'NONE', *, *, #4480, .F. ) ;
#1450 = LINE ( 'NONE', #4050, #5300 ) ;
#1451 = EDGE_CURVE ( 'NONE', #3891, #5823, #5447, .T. ) ;
#1452 = DIRECTION ( 'NONE',  ( -1.000000000000000000, -0.000000000000000000, -0.000000000000000000 ) ) ;
#1453 = ORIENTED_EDGE ( 'NONE', *, *, #859, .T. ) ;
#1454 = LINE ( 'NONE', #3284, #3409 ) ;
#1455 = PLANE ( 'NONE',  #1383 ) ;
#1456 = EDGE_CURVE ( 'NONE', #5304, #4620, #3628, .T. ) ;
#1457 = AXIS2_PLACEMENT_3D ( 'NONE', #2438, #1642, #1907 ) ;
#1458 = ORIENTED_EDGE ( 'NONE', *, *, #2535, .T. ) ;
#1459 = DIRECTION ( 'NONE',  ( 0.000000000000000000, -1.000000000000000000, -3.614007241618349264E-16 ) ) ;
#1460 = PRESENTATION_LAYER_ASSIGNMENT (  '', '', ( #3073 ) ) ;
#1461 = CARTESIAN_POINT ( 'NONE',  ( 1.449999999999999956, 0.6000000000000004219, 0.8000000000000001554 ) ) ;
#1462 = VECTOR ( 'NONE', #1871, 1000.000000000000000 ) ;
#1463 = ORIENTED_EDGE ( 'NONE', *, *, #4335, .F. ) ;
#1464 = CARTESIAN_POINT ( 'NONE',  ( -0.4000000000000000777, 0.5200000000000001288, -0.8000000000000000444 ) ) ;
#1465 = EDGE_CURVE ( 'NONE', #4, #860, #3469, .T. ) ;
#1466 = CARTESIAN_POINT ( 'NONE',  ( 0.000000000000000000, 0.000000000000000000, 0.8000000000000000444 ) ) ;
#1467 = CARTESIAN_POINT ( 'NONE',  ( 0.9499999999999997335, 0.08000000000000004330, 0.7200000000000001954 ) ) ;
#1468 = DIRECTION ( 'NONE',  ( -0.000000000000000000, 1.000000000000000000, 0.000000000000000000 ) ) ;
#1469 = ORIENTED_EDGE ( 'NONE', *, *, #3867, .F. ) ;
#1470 = DIRECTION ( 'NONE',  ( -0.000000000000000000, 1.000000000000000000, -0.000000000000000000 ) ) ;
#1471 = CARTESIAN_POINT ( 'NONE',  ( -0.6500000000000002442, -3.231750982573322946E-17, 0.8000000000000000444 ) ) ;
#1472 =( GEOMETRIC_REPRESENTATION_CONTEXT ( 3 ) GLOBAL_UNCERTAINTY_ASSIGNED_CONTEXT ( ( #4659 ) ) GLOBAL_UNIT_ASSIGNED_CONTEXT ( ( #451, #351, #943 ) ) REPRESENTATION_CONTEXT ( 'NONE', 'WORKASPACE' ) );
#1473 = LINE ( 'NONE', #1367, #5399 ) ;
#1474 = AXIS2_PLACEMENT_3D ( 'NONE', #5349, #4804, #5227 ) ;
#1475 = MANIFOLD_SOLID_BREP ( 'LPattern2[1]', #599 ) ;
#1476 = ORIENTED_EDGE ( 'NONE', *, *, #1021, .T. ) ;
#1477 = ADVANCED_FACE ( 'NONE', ( #5489 ), #3567, .F. ) ;
#1478 = DIRECTION ( 'NONE',  ( 0.000000000000000000, 0.000000000000000000, 1.000000000000000000 ) ) ;
#1479 = CYLINDRICAL_SURFACE ( 'NONE', #3808, 0.2299999999999999545 ) ;
#1480 = DIRECTION ( 'NONE',  ( 1.000000000000000000, 0.000000000000000000, 0.000000000000000000 ) ) ;
#1481 = ORIENTED_EDGE ( 'NONE', *, *, #2385, .F. ) ;
#1482 = DIRECTION ( 'NONE',  ( 0.000000000000000000, 1.000000000000000000, -1.807003620809172906E-16 ) ) ;
#1483 = VECTOR ( 'NONE', #1446, 1000.000000000000000 ) ;
#1484 = PLANE ( 'NONE',  #5827 ) ;
#1485 = ORIENTED_EDGE ( 'NONE', *, *, #825, .T. ) ;
#1486 = LINE ( 'NONE', #1528, #5286 ) ;
#1487 = ADVANCED_FACE ( 'NONE', ( #1543 ), #711, .F. ) ;
#1488 = DIRECTION ( 'NONE',  ( 0.000000000000000000, -1.000000000000000000, 0.000000000000000000 ) ) ;
#1489 = ORIENTED_EDGE ( 'NONE', *, *, #4591, .F. ) ;
#1490 = VECTOR ( 'NONE', #2766, 1000.000000000000000 ) ;
#1491 = CARTESIAN_POINT ( 'NONE',  ( -0.9500000000000002887, 0.5200000000000001288, -0.7200000000000000844 ) ) ;
#1492 = ORIENTED_EDGE ( 'NONE', *, *, #523, .F. ) ;
#1493 = VECTOR ( 'NONE', #2001, 1000.000000000000000 ) ;
#1494 = EDGE_CURVE ( 'NONE', #3081, #4405, #5497, .T. ) ;
#1495 = VERTEX_POINT ( 'NONE', #3822 ) ;
#1496 = CARTESIAN_POINT ( 'NONE',  ( 1.450000000000000400, 0.08000000000000004330, 0.7200000000000001954 ) ) ;
#1497 = CARTESIAN_POINT ( 'NONE',  ( 1.450000000000000400, 0.5200000000000001288, -0.8000000000000001554 ) ) ;
#1498 = CYLINDRICAL_SURFACE ( 'NONE', #4279, 0.2299999999999999545 ) ;
#1499 = CARTESIAN_POINT ( 'NONE',  ( -0.1500000000000002720, 0.6000000000000003109, -0.5000000000000002220 ) ) ;
#1500 = ORIENTED_EDGE ( 'NONE', *, *, #4046, .T. ) ;
#1501 = CARTESIAN_POINT ( 'NONE',  ( 0.6499999999999998002, 0.5200000000000001288, -0.5000000000000002220 ) ) ;
#1502 = CARTESIAN_POINT ( 'NONE',  ( 1.600000000000000089, 0.08000000000000004330, -0.7200000000000000844 ) ) ;
#1503 = AXIS2_PLACEMENT_3D ( 'NONE', #5831, #447, #498 ) ;
#1504 = CARTESIAN_POINT ( 'NONE',  ( -0.9500000000000002887, 0.08000000000000001554, -0.4500000000000000666 ) ) ;
#1505 = DIRECTION ( 'NONE',  ( 0.000000000000000000, 1.000000000000000000, 0.000000000000000000 ) ) ;
#1506 = VERTEX_POINT ( 'NONE', #5301 ) ;
#1507 = LINE ( 'NONE', #2085, #5347 ) ;
#1508 = DIRECTION ( 'NONE',  ( 0.000000000000000000, 0.000000000000000000, 1.000000000000000000 ) ) ;
#1509 = EDGE_CURVE ( 'NONE', #3042, #4485, #5537, .T. ) ;
#1510 = CARTESIAN_POINT ( 'NONE',  ( -0.6500000000000002442, 0.6000000000000003109, 0.5000000000000002220 ) ) ;
#1511 = LINE ( 'NONE', #5536, #5372 ) ;
#1512 = CARTESIAN_POINT ( 'NONE',  ( 1.200000000000000178, -0.4342956348249528697, -0.5699999999999989519 ) ) ;
#1513 = ORIENTED_EDGE ( 'NONE', *, *, #1456, .T. ) ;
#1514 = LINE ( 'NONE', #5822, #1602 ) ;
#1515 = DIRECTION ( 'NONE',  ( 0.000000000000000000, 0.000000000000000000, 1.000000000000000000 ) ) ;
#1516 = EDGE_CURVE ( 'NONE', #694, #5325, #1523, .T. ) ;
#1517 = ORIENTED_EDGE ( 'NONE', *, *, #4439, .T. ) ;
#1518 = DIRECTION ( 'NONE',  ( 0.000000000000000000, 0.000000000000000000, -1.000000000000000000 ) ) ;
#1519 = MANIFOLD_SOLID_BREP ( 'Boss-Extrude3', #5233 ) ;
#1520 = EDGE_CURVE ( 'NONE', #3381, #3064, #5413, .T. ) ;
#1521 = LINE ( 'NONE', #3180, #3478 ) ;
#1522 = VERTEX_POINT ( 'NONE', #5607 ) ;
#1523 = CIRCLE ( 'NONE', #4137, 0.2299999999999999545 ) ;
#1524 = DIRECTION ( 'NONE',  ( 0.000000000000000000, 1.178480622266852809E-15, 1.000000000000000000 ) ) ;
#1525 = EDGE_LOOP ( 'NONE', ( #4580, #2641, #2629, #2718 ) ) ;
#1526 = EDGE_CURVE ( 'NONE', #929, #4978, #5467, .T. ) ;
#1527 = FACE_OUTER_BOUND ( 'NONE', #5244, .T. ) ;
#1528 = CARTESIAN_POINT ( 'NONE',  ( 1.350000000000000089, 1.959157251370477903E-32, -0.8000000000000000444 ) ) ;
#1529 = VERTEX_POINT ( 'NONE', #4303 ) ;
#1530 = STYLED_ITEM ( 'NONE', ( #1128 ), #5601 ) ;
#1531 = VECTOR ( 'NONE', #1452, 1000.000000000000000 ) ;
#1532 = AXIS2_PLACEMENT_3D ( 'NONE', #537, #4798, #5674 ) ;
#1533 = DIRECTION ( 'NONE',  ( 0.000000000000000000, 3.614007241618349264E-16, -1.000000000000000000 ) ) ;
#1534 = VERTEX_POINT ( 'NONE', #4679 ) ;
#1535 = CARTESIAN_POINT ( 'NONE',  ( -0.9500000000000002887, 0.000000000000000000, 0.000000000000000000 ) ) ;
#1536 = EDGE_CURVE ( 'NONE', #4827, #1293, #5402, .T. ) ;
#1537 = LINE ( 'NONE', #508, #1462 ) ;
#1538 = DIRECTION ( 'NONE',  ( -1.000000000000000000, -0.000000000000000000, -0.000000000000000000 ) ) ;
#1539 = ORIENTED_EDGE ( 'NONE', *, *, #4455, .T. ) ;
#1540 = DIRECTION ( 'NONE',  ( -0.000000000000000000, 1.000000000000000000, -0.000000000000000000 ) ) ;
#1541 = DIRECTION ( 'NONE',  ( 0.000000000000000000, 1.178480622266852809E-15, 1.000000000000000000 ) ) ;
#1542 = AXIS2_PLACEMENT_3D ( 'NONE', #4626, #610, #2453 ) ;
#1543 = FACE_OUTER_BOUND ( 'NONE', #4132, .T. ) ;
#1544 = DIRECTION ( 'NONE',  ( 0.000000000000000000, 1.000000000000000000, -1.084202172485504237E-15 ) ) ;
#1545 = DIRECTION ( 'NONE',  ( -1.000000000000000000, -0.000000000000000000, -0.000000000000000000 ) ) ;
#1546 = AXIS2_PLACEMENT_3D ( 'NONE', #3236, #3668, #4064 ) ;
#1547 = ORIENTED_EDGE ( 'NONE', *, *, #5634, .F. ) ;
#1548 = CARTESIAN_POINT ( 'NONE',  ( 1.600000000000000089, 0.08000000000000004330, -0.7200000000000000844 ) ) ;
#1549 = CARTESIAN_POINT ( 'NONE',  ( 0.1843614134715224895, -0.4342956348249514265, 0.7200000000000000844 ) ) ;
#1550 = LINE ( 'NONE', #4664, #5417 ) ;
#1551 = DIRECTION ( 'NONE',  ( 0.000000000000000000, 1.000000000000000000, -1.084202172485504237E-15 ) ) ;
#1552 = ORIENTED_EDGE ( 'NONE', *, *, #1494, .F. ) ;
#1553 = VECTOR ( 'NONE', #151, 1000.000000000000000 ) ;
#1554 = CARTESIAN_POINT ( 'NONE',  ( 1.415638586528478404, 0.08000000000000009881, 0.7200000000000001954 ) ) ;
#1555 = VERTEX_POINT ( 'NONE', #2469 ) ;
#1556 = ORIENTED_EDGE ( 'NONE', *, *, #3110, .F. ) ;
#1557 = VECTOR ( 'NONE', #4838, 1000.000000000000000 ) ;
#1558 = VERTEX_POINT ( 'NONE', #1964 ) ;
#1559 = CARTESIAN_POINT ( 'NONE',  ( 0.6499999999999998002, -3.231750982573322946E-17, -0.4500000000000000666 ) ) ;
#1560 =( NAMED_UNIT ( * ) SI_UNIT ( $, .STERADIAN. ) SOLID_ANGLE_UNIT ( ) );
#1561 = ORIENTED_EDGE ( 'NONE', *, *, #2681, .T. ) ;
#1562 = ADVANCED_FACE ( 'NONE', ( #5556 ), #4756, .F. ) ;
#1563 = EDGE_CURVE ( 'NONE', #2428, #4881, #3482, .T. ) ;
#1564 = DIRECTION ( 'NONE',  ( 0.000000000000000000, 0.000000000000000000, 1.000000000000000000 ) ) ;
#1565 = DIRECTION ( 'NONE',  ( 1.000000000000000000, 0.000000000000000000, -0.000000000000000000 ) ) ;
#1566 = ORIENTED_EDGE ( 'NONE', *, *, #292, .F. ) ;
#1567 = DIRECTION ( 'NONE',  ( 0.000000000000000000, 1.000000000000000000, 0.000000000000000000 ) ) ;
#1568 = CARTESIAN_POINT ( 'NONE',  ( 1.415638586528478626, -0.4342956348249531473, -0.7200000000000000844 ) ) ;
#1569 = DIRECTION ( 'NONE',  ( 0.000000000000000000, 1.000000000000000000, -1.807003620809172906E-16 ) ) ;
#1570 = LINE ( 'NONE', #3096, #5291 ) ;
#1571 = AXIS2_PLACEMENT_3D ( 'NONE', #4856, #2369, #5008 ) ;
#1572 = CARTESIAN_POINT ( 'NONE',  ( -0.9500000000000002887, 0.5200000000000001288, 0.8000000000000001554 ) ) ;
#1573 = CARTESIAN_POINT ( 'NONE',  ( 1.449999999999999956, -3.231750982573322946E-17, -0.8000000000000000444 ) ) ;
#1574 = ORIENTED_EDGE ( 'NONE', *, *, #788, .T. ) ;
#1575 = CARTESIAN_POINT ( 'NONE',  ( -1.200000000000000178, 0.000000000000000000, -0.6500000000000001332 ) ) ;
#1576 = DIRECTION ( 'NONE',  ( -1.000000000000000000, -0.000000000000000000, 0.000000000000000000 ) ) ;
#1577 = CARTESIAN_POINT ( 'NONE',  ( 2.616070863670443725, 0.5200000000000001288, 0.5000000000000002220 ) ) ;
#1578 = DIRECTION ( 'NONE',  ( 0.000000000000000000, 1.000000000000000000, 0.000000000000000000 ) ) ;
#1579 = ORIENTED_EDGE ( 'NONE', *, *, #4760, .T. ) ;
#1580 = CARTESIAN_POINT ( 'NONE',  ( -0.6500000000000002442, 0.000000000000000000, 0.000000000000000000 ) ) ;
#1581 = LINE ( 'NONE', #4697, #3405 ) ;
#1582 = EDGE_CURVE ( 'NONE', #792, #5033, #5506, .T. ) ;
#1583 = ORIENTED_EDGE ( 'NONE', *, *, #3290, .F. ) ;
#1584 = CARTESIAN_POINT ( 'NONE',  ( -1.415638586528477516, 0.5200000000000001288, 0.7199999999999989742 ) ) ;
#1585 = CARTESIAN_POINT ( 'NONE',  ( -0.1500000000000002720, 0.5200000000000001288, 0.7200000000000000844 ) ) ;
#1586 = EDGE_CURVE ( 'NONE', #2256, #5794, #5434, .T. ) ;
#1587 = CARTESIAN_POINT ( 'NONE',  ( -0.1500000000000002720, 0.08000000000000004330, 1.332541078227774012 ) ) ;
#1588 = EDGE_LOOP ( 'NONE', ( #3936, #3539, #168, #2623 ) ) ;
#1589 = FACE_OUTER_BOUND ( 'NONE', #4864, .T. ) ;
#1590 = ORIENTED_EDGE ( 'NONE', *, *, #4325, .F. ) ;
#1591 = EDGE_CURVE ( 'NONE', #5118, #4872, #5519, .T. ) ;
#1592 = EDGE_LOOP ( 'NONE', ( #4640, #323, #4595, #4317 ) ) ;
#1593 = DIRECTION ( 'NONE',  ( -0.000000000000000000, -0.000000000000000000, -1.000000000000000000 ) ) ;
#1594 =( GEOMETRIC_REPRESENTATION_CONTEXT ( 3 ) GLOBAL_UNCERTAINTY_ASSIGNED_CONTEXT ( ( #5245 ) ) GLOBAL_UNIT_ASSIGNED_CONTEXT ( ( #5742, #3510, #3908 ) ) REPRESENTATION_CONTEXT ( 'NONE', 'WORKASPACE' ) );
#1595 = CARTESIAN_POINT ( 'NONE',  ( 1.600000000000000089, 0.5200000000000001288, 0.7200000000000001954 ) ) ;
#1596 = CIRCLE ( 'NONE', #1608, 0.2299999999999999545 ) ;
#1597 = AXIS2_PLACEMENT_3D ( 'NONE', #4956, #949, #1427 ) ;
#1598 = DIRECTION ( 'NONE',  ( 0.000000000000000000, -0.000000000000000000, 1.000000000000000000 ) ) ;
#1599 = DIRECTION ( 'NONE',  ( -0.000000000000000000, 1.000000000000000000, 1.003890900449541202E-16 ) ) ;
#1600 = VERTEX_POINT ( 'NONE', #5764 ) ;
#1601 = EDGE_CURVE ( 'NONE', #990, #2571, #5459, .T. ) ;
#1602 = VECTOR ( 'NONE', #9, 1000.000000000000000 ) ;
#1603 = ORIENTED_EDGE ( 'NONE', *, *, #2455, .F. ) ;
#1604 = DIRECTION ( 'NONE',  ( 0.000000000000000000, 1.000000000000000000, 1.807003620809172906E-16 ) ) ;
#1605 = CARTESIAN_POINT ( 'NONE',  ( -0.9500000000000002887, 0.5200000000000001288, 0.7200000000000000844 ) ) ;
#1606 = DIRECTION ( 'NONE',  ( -1.000000000000000000, 0.000000000000000000, 0.000000000000000000 ) ) ;
#1607 = LINE ( 'NONE', #727, #5655 ) ;
#1608 = AXIS2_PLACEMENT_3D ( 'NONE', #5235, #5658, #204 ) ;
#1609 = CARTESIAN_POINT ( 'NONE',  ( 0.3999999999999999667, 0.6000000000000003109, -0.6500000000000001332 ) ) ;
#1610 = ORIENTED_EDGE ( 'NONE', *, *, #3745, .F. ) ;
#1611 = ADVANCED_FACE ( 'NONE', ( #5529 ), #5588, .F. ) ;
#1612 = CARTESIAN_POINT ( 'NONE',  ( -0.9500000000000002887, 0.08000000000000004330, 1.332541078227774012 ) ) ;
#1613 = DIRECTION ( 'NONE',  ( 0.000000000000000000, -1.000000000000000000, 0.000000000000000000 ) ) ;
#1614 = COLOUR_RGB ( '',0.7921568627450980005, 0.8196078431372548767, 0.9333333333333333481 ) ;
#1615 = CARTESIAN_POINT ( 'NONE',  ( 1.200000000000000178, 0.6000000000000003109, -0.6500000000000001332 ) ) ;
#1616 = ORIENTED_EDGE ( 'NONE', *, *, #4241, .F. ) ;
#1617 = DIRECTION ( 'NONE',  ( 1.000000000000000000, 0.000000000000000000, -0.000000000000000000 ) ) ;
#1618 = VECTOR ( 'NONE', #62, 1000.000000000000000 ) ;
#1619 = CARTESIAN_POINT ( 'NONE',  ( 0.3999999999999999667, 0.5200000000000001288, -0.5700000000000000622 ) ) ;
#1620 = VERTEX_POINT ( 'NONE', #1467 ) ;
#1621 = CARTESIAN_POINT ( 'NONE',  ( 1.600000000000000089, 0.5200000000000001288, 0.7200000000000001954 ) ) ;
#1622 = DIRECTION ( 'NONE',  ( -1.000000000000000000, -0.000000000000000000, 0.000000000000000000 ) ) ;
#1623 = EDGE_CURVE ( 'NONE', #3960, #227, #5603, .T. ) ;
#1624 = ORIENTED_EDGE ( 'NONE', *, *, #80, .T. ) ;
#1625 = FACE_OUTER_BOUND ( 'NONE', #3005, .T. ) ;
#1626 = VERTEX_POINT ( 'NONE', #824 ) ;
#1627 = EDGE_CURVE ( 'NONE', #4600, #4457, #1858, .T. ) ;
#1628 = LINE ( 'NONE', #3727, #1531 ) ;
#1629 = ORIENTED_EDGE ( 'NONE', *, *, #1092, .T. ) ;
#1630 = EDGE_CURVE ( 'NONE', #2845, #2881, #1805, .T. ) ;
#1631 = CARTESIAN_POINT ( 'NONE',  ( 0.3999999999999999667, 0.6000000000000004219, -0.8000000000000001554 ) ) ;
#1632 = CIRCLE ( 'NONE', #951, 0.2299999999999999545 ) ;
#1633 = CARTESIAN_POINT ( 'NONE',  ( 0.6499999999999998002, 0.5200000000000001288, -0.5000000000000002220 ) ) ;
#1634 = DIRECTION ( 'NONE',  ( 0.000000000000000000, 1.178480622266852956E-16, -1.000000000000000000 ) ) ;
#1635 = ORIENTED_EDGE ( 'NONE', *, *, #1054, .F. ) ;
#1636 = CARTESIAN_POINT ( 'NONE',  ( -1.450000000000000400, -3.231750982573322946E-17, -0.4500000000000000666 ) ) ;
#1637 = DIRECTION ( 'NONE',  ( 0.000000000000000000, 0.000000000000000000, -1.000000000000000000 ) ) ;
#1638 = EDGE_CURVE ( 'NONE', #786, #2256, #1782, .T. ) ;
#1639 = ORIENTED_EDGE ( 'NONE', *, *, #223, .F. ) ;
#1640 = VECTOR ( 'NONE', #2016, 1000.000000000000000 ) ;
#1641 = DIRECTION ( 'NONE',  ( 0.000000000000000000, -1.000000000000000000, 0.000000000000000000 ) ) ;
#1642 = DIRECTION ( 'NONE',  ( 0.000000000000000000, 0.000000000000000000, -1.000000000000000000 ) ) ;
#1643 = ORIENTED_EDGE ( 'NONE', *, *, #108, .T. ) ;
#1644 = DIRECTION ( 'NONE',  ( 0.000000000000000000, -1.000000000000000000, 0.000000000000000000 ) ) ;
#1645 = DIRECTION ( 'NONE',  ( 0.000000000000000000, -1.003890900449541079E-16, -1.000000000000000000 ) ) ;
#1646 = CARTESIAN_POINT ( 'NONE',  ( 0.6499999999999998002, 0.08000000000000004330, -0.7200000000000000844 ) ) ;
#1647 = ORIENTED_EDGE ( 'NONE', *, *, #1696, .T. ) ;
#1648 = EDGE_CURVE ( 'NONE', #5325, #5484, #3720, .T. ) ;
#1649 = VECTOR ( 'NONE', #1813, 1000.000000000000000 ) ;
#1650 = EDGE_CURVE ( 'NONE', #4725, #708, #1750, .T. ) ;
#1651 = ORIENTED_EDGE ( 'NONE', *, *, #985, .F. ) ;
#1652 = ADVANCED_FACE ( 'NONE', ( #5614 ), #5568, .F. ) ;
#1653 = DIRECTION ( 'NONE',  ( 0.000000000000000000, 0.000000000000000000, 1.000000000000000000 ) ) ;
#1654 = SURFACE_STYLE_FILL_AREA ( #1670 ) ;
#1655 = CARTESIAN_POINT ( 'NONE',  ( 0.6499999999999998002, 0.5200000000000001288, -0.7200000000000000844 ) ) ;
#1656 = AXIS2_PLACEMENT_3D ( 'NONE', #3594, #2169, #13 ) ;
#1657 = PLANE ( 'NONE',  #876 ) ;
#1658 = ORIENTED_EDGE ( 'NONE', *, *, #5037, .F. ) ;
#1659 = EDGE_CURVE ( 'NONE', #3387, #4249, #5665, .T. ) ;
#1660 = LINE ( 'NONE', #1577, #1618 ) ;
#1661 = EDGE_LOOP ( 'NONE', ( #2856, #5238, #4604, #5250 ) ) ;
#1662 = AXIS2_PLACEMENT_3D ( 'NONE', #3173, #5420, #5810 ) ;
#1663 =( GEOMETRIC_REPRESENTATION_CONTEXT ( 3 ) GLOBAL_UNCERTAINTY_ASSIGNED_CONTEXT ( ( #3454 ) ) GLOBAL_UNIT_ASSIGNED_CONTEXT ( ( #2607, #3048, #3506 ) ) REPRESENTATION_CONTEXT ( 'NONE', 'WORKASPACE' ) );
#1664 = CARTESIAN_POINT ( 'NONE',  ( -1.450000000000000400, 0.08000000000000004330, -1.264865571966778734 ) ) ;
#1665 = ORIENTED_EDGE ( 'NONE', *, *, #2063, .F. ) ;
#1666 = CARTESIAN_POINT ( 'NONE',  ( 0.000000000000000000, 0.000000000000000000, 0.000000000000000000 ) ) ;
#1667 = ADVANCED_FACE ( 'NONE', ( #3696 ), #406, .F. ) ;
#1668 = DIRECTION ( 'NONE',  ( -1.000000000000000000, -0.000000000000000000, -0.000000000000000000 ) ) ;
#1669 = PLANE ( 'NONE',  #102 ) ;
#1670 = FILL_AREA_STYLE ('',( #3459 ) ) ;
#1671 = EDGE_LOOP ( 'NONE', ( #3379, #2181, #3884, #2198 ) ) ;
#1672 = CARTESIAN_POINT ( 'NONE',  ( -1.450000000000000622, 0.08000000000000004330, 0.7200000000000001954 ) ) ;
#1673 = PLANE ( 'NONE',  #4376 ) ;
#1674 = VECTOR ( 'NONE', #1829, 1000.000000000000000 ) ;
#1675 = DIRECTION ( 'NONE',  ( 0.000000000000000000, 1.000000000000000000, -1.807003620809172906E-16 ) ) ;
#1676 = EDGE_LOOP ( 'NONE', ( #4584, #4499, #470, #584 ) ) ;
#1677 = DIRECTION ( 'NONE',  ( -1.000000000000000000, -0.000000000000000000, 0.000000000000000000 ) ) ;
#1678 = DIRECTION ( 'NONE',  ( 0.000000000000000000, -1.000000000000000000, 0.000000000000000000 ) ) ;
#1679 = LINE ( 'NONE', #2994, #5633 ) ;
#1680 = PLANE ( 'NONE',  #4905 ) ;
#1681 = ORIENTED_EDGE ( 'NONE', *, *, #5296, .F. ) ;
#1682 = DIRECTION ( 'NONE',  ( -0.000000000000000000, 1.807003620809172906E-16, 1.000000000000000000 ) ) ;
#1683 = DIRECTION ( 'NONE',  ( 0.000000000000000000, -1.000000000000000000, 1.807003620809172906E-16 ) ) ;
#1684 = DIRECTION ( 'NONE',  ( -0.000000000000000000, -0.000000000000000000, -1.000000000000000000 ) ) ;
#1685 = LINE ( 'NONE', #4030, #5668 ) ;
#1686 = DIRECTION ( 'NONE',  ( 9.427844978134823652E-16, 1.178480622266852956E-16, -1.000000000000000000 ) ) ;
#1687 = ORIENTED_EDGE ( 'NONE', *, *, #3410, .T. ) ;
#1688 = VECTOR ( 'NONE', #2855, 1000.000000000000000 ) ;
#1689 = ORIENTED_EDGE ( 'NONE', *, *, #1456, .F. ) ;
#1690 = EDGE_CURVE ( 'NONE', #3344, #2845, #1685, .T. ) ;
#1691 = LINE ( 'NONE', #4696, #1816 ) ;
#1692 = ORIENTED_EDGE ( 'NONE', *, *, #1063, .T. ) ;
#1693 = VECTOR ( 'NONE', #3440, 1000.000000000000000 ) ;
#1694 = EDGE_LOOP ( 'NONE', ( #5846, #5566, #2105, #3979 ) ) ;
#1695 = ADVANCED_FACE ( 'NONE', ( #3705 ), #2138, .F. ) ;
#1696 = EDGE_CURVE ( 'NONE', #2965, #5834, #5695, .T. ) ;
#1697 = VECTOR ( 'NONE', #2765, 1000.000000000000000 ) ;
#1698 = ORIENTED_EDGE ( 'NONE', *, *, #2868, .T. ) ;
#1699 = DIRECTION ( 'NONE',  ( 0.000000000000000000, 0.000000000000000000, -1.000000000000000000 ) ) ;
#1700 = LINE ( 'NONE', #947, #1688 ) ;
#1701 = DIRECTION ( 'NONE',  ( 0.000000000000000000, -1.000000000000000000, 0.000000000000000000 ) ) ;
#1702 = EDGE_CURVE ( 'NONE', #1373, #3233, #3744, .T. ) ;
#1703 = DIRECTION ( 'NONE',  ( 0.000000000000000000, 0.000000000000000000, 1.000000000000000000 ) ) ;
#1704 = VERTEX_POINT ( 'NONE', #3403 ) ;
#1705 = VECTOR ( 'NONE', #904, 1000.000000000000000 ) ;
#1706 = EDGE_CURVE ( 'NONE', #4695, #990, #5661, .T. ) ;
#1707 = VERTEX_POINT ( 'NONE', #5077 ) ;
#1708 = CARTESIAN_POINT ( 'NONE',  ( -0.9500000000000002887, 0.6000000000000004219, 0.8000000000000001554 ) ) ;
#1709 = PLANE ( 'NONE',  #360 ) ;
#1710 = LINE ( 'NONE', #4228, #5523 ) ;
#1711 = DIRECTION ( 'NONE',  ( -0.000000000000000000, 1.000000000000000000, 0.000000000000000000 ) ) ;
#1712 = EDGE_CURVE ( 'NONE', #5797, #1027, #5729, .T. ) ;
#1713 = PLANE ( 'NONE',  #3070 ) ;
#1714 = VECTOR ( 'NONE', #4013, 1000.000000000000000 ) ;
#1715 = CARTESIAN_POINT ( 'NONE',  ( 0.1499999999999997446, 0.08000000000000004330, -0.8000000000000000444 ) ) ;
#1716 = VERTEX_POINT ( 'NONE', #2489 ) ;
#1717 = CIRCLE ( 'NONE', #4149, 0.1500000000000000777 ) ;
#1718 = MECHANICAL_DESIGN_GEOMETRIC_PRESENTATION_REPRESENTATION (  '', ( #937 ), #3152 ) ;
#1719 = PLANE ( 'NONE',  #2471 ) ;
#1720 = EDGE_CURVE ( 'NONE', #1772, #5209, #5677, .T. ) ;
#1721 = LINE ( 'NONE', #5384, #3690 ) ;
#1722 = FILL_AREA_STYLE_COLOUR ( '', #1058 ) ;
#1723 = CARTESIAN_POINT ( 'NONE',  ( -0.6500000000000002442, 0.08000000000000004330, 0.8000000000000000444 ) ) ;
#1724 = EDGE_LOOP ( 'NONE', ( #3572, #1603, #544, #3255 ) ) ;
#1725 = PLANE ( 'NONE',  #5046 ) ;
#1726 = FACE_OUTER_BOUND ( 'NONE', #3267, .T. ) ;
#1727 = AXIS2_PLACEMENT_3D ( 'NONE', #3723, #5535, #3754 ) ;
#1728 = AXIS2_PLACEMENT_3D ( 'NONE', #418, #2694, #2185 ) ;
#1729 = CYLINDRICAL_SURFACE ( 'NONE', #4601, 0.2299999999999998435 ) ;
#1730 = ORIENTED_EDGE ( 'NONE', *, *, #4899, .F. ) ;
#1731 = DIRECTION ( 'NONE',  ( 0.000000000000000000, 7.228014483236692611E-16, -1.000000000000000000 ) ) ;
#1732 = FACE_OUTER_BOUND ( 'NONE', #1962, .T. ) ;
#1733 = CARTESIAN_POINT ( 'NONE',  ( -0.9500000000000002887, 0.5200000000000001288, 0.5000000000000002220 ) ) ;
#1734 = ADVANCED_FACE ( 'NONE', ( #3752 ), #1078, .F. ) ;
#1735 = CARTESIAN_POINT ( 'NONE',  ( -0.4000000000000000777, 0.07999999999999998779, -0.7999999999999994893 ) ) ;
#1736 = LINE ( 'NONE', #918, #1744 ) ;
#1737 = DIRECTION ( 'NONE',  ( -1.000000000000000000, -0.000000000000000000, -0.000000000000000000 ) ) ;
#1738 = ORIENTED_EDGE ( 'NONE', *, *, #4597, .F. ) ;
#1739 = DIRECTION ( 'NONE',  ( 0.000000000000000000, -1.000000000000000000, -1.807003620809172906E-16 ) ) ;
#1740 = VECTOR ( 'NONE', #4534, 1000.000000000000000 ) ;
#1741 = DIRECTION ( 'NONE',  ( 0.000000000000000000, 1.000000000000000000, -1.084202172485504237E-15 ) ) ;
#1742 = DIRECTION ( 'NONE',  ( 0.000000000000000000, 0.000000000000000000, -1.000000000000000000 ) ) ;
#1743 = DIRECTION ( 'NONE',  ( 0.000000000000000000, 0.000000000000000000, 1.000000000000000000 ) ) ;
#1744 = VECTOR ( 'NONE', #329, 1000.000000000000000 ) ;
#1745 = ORIENTED_EDGE ( 'NONE', *, *, #1638, .T. ) ;
#1746 = EDGE_CURVE ( 'NONE', #227, #1347, #1797, .T. ) ;
#1747 = LINE ( 'NONE', #554, #5572 ) ;
#1748 = CARTESIAN_POINT ( 'NONE',  ( 0.9499999999999998446, 0.08000000000000001554, 0.4500000000000000666 ) ) ;
#1749 = DIRECTION ( 'NONE',  ( -1.000000000000000000, -0.000000000000000000, -0.000000000000000000 ) ) ;
#1750 = LINE ( 'NONE', #24, #1697 ) ;
#1751 =( LENGTH_UNIT ( ) NAMED_UNIT ( * ) SI_UNIT ( .MILLI., .METRE. ) );
#1752 = CARTESIAN_POINT ( 'NONE',  ( -1.450000000000000400, 0.08000000000000001554, 0.4500000000000000666 ) ) ;
#1753 = AXIS2_PLACEMENT_3D ( 'NONE', #2007, #2518, #3359 ) ;
#1754 = PLANE ( 'NONE',  #1789 ) ;
#1755 = ORIENTED_EDGE ( 'NONE', *, *, #5070, .T. ) ;
#1756 = EDGE_CURVE ( 'NONE', #343, #2323, #1691, .T. ) ;
#1757 = LINE ( 'NONE', #2305, #3644 ) ;
#1758 = CARTESIAN_POINT ( 'NONE',  ( 0.1499999999999997446, 0.6000000000000003109, 0.5000000000000002220 ) ) ;
#1759 = FACE_OUTER_BOUND ( 'NONE', #1335, .T. ) ;
#1760 = CARTESIAN_POINT ( 'NONE',  ( 1.600000000000000089, 0.08000000000000004330, 0.7200000000000001954 ) ) ;
#1761 = DIRECTION ( 'NONE',  ( 0.000000000000000000, 1.003890900449541202E-16, 1.000000000000000000 ) ) ;
#1762 = CARTESIAN_POINT ( 'NONE',  ( 0.3999999999999999667, 0.5200000000000001288, -0.8000000000000001554 ) ) ;
#1763 = ORIENTED_EDGE ( 'NONE', *, *, #3948, .T. ) ;
#1764 = EDGE_CURVE ( 'NONE', #5345, #1023, #3768, .T. ) ;
#1765 = CARTESIAN_POINT ( 'NONE',  ( 0.1499999999999997446, 0.6000000000000004219, 0.8000000000000001554 ) ) ;
#1766 = VECTOR ( 'NONE', #3487, 1000.000000000000000 ) ;
#1767 = DIRECTION ( 'NONE',  ( 0.000000000000000000, -1.003890900449541079E-16, -1.000000000000000000 ) ) ;
#1768 = EDGE_CURVE ( 'NONE', #3064, #2502, #5576, .T. ) ;
#1769 = CARTESIAN_POINT ( 'NONE',  ( 0.6499999999999998002, -3.231750982573322946E-17, -0.4500000000000000666 ) ) ;
#1770 = VECTOR ( 'NONE', #5623, 1000.000000000000000 ) ;
#1771 = PLANE ( 'NONE',  #5577 ) ;
#1772 = VERTEX_POINT ( 'NONE', #5119 ) ;
#1773 = EDGE_CURVE ( 'NONE', #1135, #2917, #3658, .T. ) ;
#1774 = CARTESIAN_POINT ( 'NONE',  ( -0.9500000000000002887, -3.231750982573322946E-17, -0.8000000000000000444 ) ) ;
#1775 = CARTESIAN_POINT ( 'NONE',  ( -0.1500000000000002720, -3.231750982573322946E-17, -0.4500000000000000666 ) ) ;
#1776 = FACE_OUTER_BOUND ( 'NONE', #2549, .T. ) ;
#1777 = CARTESIAN_POINT ( 'NONE',  ( 0.6499999999999998002, 0.08000000000000014044, 0.8000000000000000444 ) ) ;
#1778 = ADVANCED_FACE ( 'NONE', ( #3664 ), #1729, .T. ) ;
#1779 = CARTESIAN_POINT ( 'NONE',  ( 0.1499999999999997446, 0.000000000000000000, 0.000000000000000000 ) ) ;
#1780 = DIRECTION ( 'NONE',  ( 0.000000000000000000, 0.000000000000000000, -1.000000000000000000 ) ) ;
#1781 =( GEOMETRIC_REPRESENTATION_CONTEXT ( 3 ) GLOBAL_UNCERTAINTY_ASSIGNED_CONTEXT ( ( #107 ) ) GLOBAL_UNIT_ASSIGNED_CONTEXT ( ( #704, #4297, #3818 ) ) REPRESENTATION_CONTEXT ( 'NONE', 'WORKASPACE' ) );
#1782 = LINE ( 'NONE', #5442, #5647 ) ;
#1783 = AXIS2_PLACEMENT_3D ( 'NONE', #4561, #1387, #3280 ) ;
#1784 = ORIENTED_EDGE ( 'NONE', *, *, #724, .T. ) ;
#1785 = LINE ( 'NONE', #1857, #1940 ) ;
#1786 = EDGE_CURVE ( 'NONE', #2990, #3375, #5708, .T. ) ;
#1787 = DIRECTION ( 'NONE',  ( -0.000000000000000000, 1.000000000000000000, 0.000000000000000000 ) ) ;
#1788 = CARTESIAN_POINT ( 'NONE',  ( -0.3999999999999998557, 0.08000000000000009881, 0.8000000000000003775 ) ) ;
#1789 = AXIS2_PLACEMENT_3D ( 'NONE', #5427, #3143, #2902 ) ;
#1790 = ORIENTED_EDGE ( 'NONE', *, *, #3626, .T. ) ;
#1791 = DIRECTION ( 'NONE',  ( -1.000000000000000000, -0.000000000000000000, -0.000000000000000000 ) ) ;
#1792 = AXIS2_PLACEMENT_3D ( 'NONE', #4409, #1200, #2119 ) ;
#1793 = ADVANCED_FACE ( 'NONE', ( #3729 ), #3714, .T. ) ;
#1794 = DIRECTION ( 'NONE',  ( -1.000000000000000000, -0.000000000000000000, -0.000000000000000000 ) ) ;
#1795 = CIRCLE ( 'NONE', #4075, 0.1500000000000000777 ) ;
#1796 = DIRECTION ( 'NONE',  ( -0.000000000000000000, 1.000000000000000000, 0.000000000000000000 ) ) ;
#1797 = LINE ( 'NONE', #2971, #5688 ) ;
#1798 = ORIENTED_EDGE ( 'NONE', *, *, #3187, .T. ) ;
#1799 =( LENGTH_UNIT ( ) NAMED_UNIT ( * ) SI_UNIT ( .MILLI., .METRE. ) );
#1800 = CARTESIAN_POINT ( 'NONE',  ( 1.450000000000000400, 0.08000000000000004330, -1.264865571966778734 ) ) ;
#1801 = VECTOR ( 'NONE', #303, 1000.000000000000000 ) ;
#1802 = CARTESIAN_POINT ( 'NONE',  ( -0.9500000000000002887, 0.08000000000000001554, 0.4500000000000000666 ) ) ;
#1803 = CARTESIAN_POINT ( 'NONE',  ( 0.6499999999999998002, 0.08000000000000004330, -0.7200000000000000844 ) ) ;
#1804 = EDGE_CURVE ( 'NONE', #1330, #2165, #5718, .T. ) ;
#1805 = CIRCLE ( 'NONE', #5335, 0.1500000000000000777 ) ;
#1806 = PLANE ( 'NONE',  #4515 ) ;
#1807 = CARTESIAN_POINT ( 'NONE',  ( -1.600000000000000089, 0.5200000000000001288, -0.8000000000000001554 ) ) ;
#1808 = ORIENTED_EDGE ( 'NONE', *, *, #206, .T. ) ;
#1809 = ADVANCED_FACE ( 'NONE', ( #5599 ), #4849, .F. ) ;
#1810 = VECTOR ( 'NONE', #1382, 1000.000000000000000 ) ;
#1811 = CARTESIAN_POINT ( 'NONE',  ( -0.9500000000000002887, -3.231750982573322946E-17, -0.4500000000000000666 ) ) ;
#1812 = CARTESIAN_POINT ( 'NONE',  ( 1.415638586528478182, 0.08000000000000004330, -0.7200000000000000844 ) ) ;
#1813 = DIRECTION ( 'NONE',  ( 0.000000000000000000, 1.000000000000000000, -1.807003620809172906E-16 ) ) ;
#1814 = DIRECTION ( 'NONE',  ( -0.000000000000000000, 1.000000000000000000, -0.000000000000000000 ) ) ;
#1815 = EDGE_CURVE ( 'NONE', #5209, #449, #1850, .T. ) ;
#1816 = VECTOR ( 'NONE', #4267, 1000.000000000000000 ) ;
#1817 = DIRECTION ( 'NONE',  ( 0.000000000000000000, 0.000000000000000000, -1.000000000000000000 ) ) ;
#1818 = ORIENTED_EDGE ( 'NONE', *, *, #4816, .F. ) ;
#1819 = DIRECTION ( 'NONE',  ( 1.000000000000000000, 0.000000000000000000, 0.000000000000000000 ) ) ;
#1820 = VECTOR ( 'NONE', #2134, 1000.000000000000000 ) ;
#1821 = AXIS2_PLACEMENT_3D ( 'NONE', #3563, #57, #2171 ) ;
#1822 = ADVANCED_FACE ( 'NONE', ( #3670 ), #4404, .F. ) ;
#1823 = DIRECTION ( 'NONE',  ( 0.000000000000000000, 1.178480622266852956E-16, -1.000000000000000000 ) ) ;
#1824 = VECTOR ( 'NONE', #3013, 1000.000000000000000 ) ;
#1825 = CARTESIAN_POINT ( 'NONE',  ( -0.3999999999999998557, 0.07999999999999989064, 0.8000000000000010436 ) ) ;
#1826 = EDGE_CURVE ( 'NONE', #570, #2685, #1721, .T. ) ;
#1827 = ORIENTED_EDGE ( 'NONE', *, *, #1063, .F. ) ;
#1828 = DIRECTION ( 'NONE',  ( -1.000000000000000000, 0.000000000000000000, 0.000000000000000000 ) ) ;
#1829 = DIRECTION ( 'NONE',  ( 0.000000000000000000, -1.003890900449541079E-16, 1.000000000000000000 ) ) ;
#1830 = VECTOR ( 'NONE', #5099, 1000.000000000000000 ) ;
#1831 = EDGE_CURVE ( 'NONE', #4230, #2728, #3681, .T. ) ;
#1832 = DIRECTION ( 'NONE',  ( -1.000000000000000000, -0.000000000000000000, -0.000000000000000000 ) ) ;
#1833 = EDGE_CURVE ( 'NONE', #3407, #188, #1736, .T. ) ;
#1834 = DIRECTION ( 'NONE',  ( 0.000000000000000000, 0.000000000000000000, 1.000000000000000000 ) ) ;
#1835 = VERTEX_POINT ( 'NONE', #1715 ) ;
#1836 = ADVANCED_FACE ( 'NONE', ( #1759 ), #281, .F. ) ;
#1837 = DIRECTION ( 'NONE',  ( 0.000000000000000000, 0.000000000000000000, 1.000000000000000000 ) ) ;
#1838 = VECTOR ( 'NONE', #5636, 1000.000000000000000 ) ;
#1839 = DIRECTION ( 'NONE',  ( -1.000000000000000000, -0.000000000000000000, -0.000000000000000000 ) ) ;
#1840 = DIRECTION ( 'NONE',  ( 0.000000000000000000, -1.000000000000000000, 1.807003620809172906E-16 ) ) ;
#1841 = EDGE_CURVE ( 'NONE', #2842, #4381, #5635, .T. ) ;
#1842 = CARTESIAN_POINT ( 'NONE',  ( 2.616070863670443725, 0.5200000000000001288, 0.5000000000000002220 ) ) ;
#1843 = EDGE_LOOP ( 'NONE', ( #5088, #5651, #588, #416 ) ) ;
#1844 = VECTOR ( 'NONE', #3035, 1000.000000000000000 ) ;
#1845 = AXIS2_PLACEMENT_3D ( 'NONE', #277, #2013, #3870 ) ;
#1846 = AXIS2_PLACEMENT_3D ( 'NONE', #5022, #1895, #5785 ) ;
#1847 = CARTESIAN_POINT ( 'NONE',  ( 1.449999999999999956, 0.5200000000000001288, 0.7200000000000000844 ) ) ;
#1848 = CARTESIAN_POINT ( 'NONE',  ( -1.450000000000000400, -3.231750982573322946E-17, -0.8000000000000000444 ) ) ;
#1849 = DIRECTION ( 'NONE',  ( 0.000000000000000000, -1.000000000000000000, 0.000000000000000000 ) ) ;
#1850 = LINE ( 'NONE', #5319, #1714 ) ;
#1851 = CARTESIAN_POINT ( 'NONE',  ( 0.9499999999999998446, 0.5200000000000001288, -0.5000000000000002220 ) ) ;
#1852 = EDGE_CURVE ( 'NONE', #190, #2487, #2004, .T. ) ;
#1853 = ORIENTED_EDGE ( 'NONE', *, *, #4143, .F. ) ;
#1854 = ADVANCED_FACE ( 'NONE', ( #43 ), #4641, .F. ) ;
#1855 = CIRCLE ( 'NONE', #5767, 0.1500000000000000777 ) ;
#1856 = CARTESIAN_POINT ( 'NONE',  ( 0.6156385865284780268, 0.07999999999999997391, 0.7200000000000000844 ) ) ;
#1857 = CARTESIAN_POINT ( 'NONE',  ( 1.449999999999999956, 0.08000000000000001554, -0.4500000000000000666 ) ) ;
#1858 = LINE ( 'NONE', #4519, #3775 ) ;
#1859 = ORIENTED_EDGE ( 'NONE', *, *, #5173, .T. ) ;
#1860 = CIRCLE ( 'NONE', #4616, 0.1500000000000000777 ) ;
#1861 = ADVANCED_FACE ( 'NONE', ( #3879 ), #4596, .T. ) ;
#1862 = CARTESIAN_POINT ( 'NONE',  ( -0.1500000000000002720, 0.5200000000000001288, -0.7200000000000000844 ) ) ;
#1863 = VECTOR ( 'NONE', #5305, 1000.000000000000000 ) ;
#1864 = CARTESIAN_POINT ( 'NONE',  ( 0.3999999999999999667, 0.08000000000000004330, -0.8000000000000001554 ) ) ;
#1865 = EDGE_LOOP ( 'NONE', ( #4093, #317, #2283, #4352, #2401, #202 ) ) ;
#1866 = CARTESIAN_POINT ( 'NONE',  ( 0.1499999999999997446, 0.08000000000000004330, -0.7200000000000000844 ) ) ;
#1867 = EDGE_CURVE ( 'NONE', #343, #2504, #1954, .T. ) ;
#1868 = DIRECTION ( 'NONE',  ( 0.000000000000000000, 0.000000000000000000, 1.000000000000000000 ) ) ;
#1869 = VECTOR ( 'NONE', #20, 1000.000000000000000 ) ;
#1870 = DIRECTION ( 'NONE',  ( -0.000000000000000000, 0.000000000000000000, 1.000000000000000000 ) ) ;
#1871 = DIRECTION ( 'NONE',  ( 0.000000000000000000, 1.000000000000000000, 1.807003620809172906E-16 ) ) ;
#1872 = CARTESIAN_POINT ( 'NONE',  ( -0.1500000000000002720, 0.6000000000000003109, 0.5000000000000002220 ) ) ;
#1873 = PRESENTATION_STYLE_ASSIGNMENT (( #4021 ) ) ;
#1874 = PLANE ( 'NONE',  #954 ) ;
#1875 =( LENGTH_UNIT ( ) NAMED_UNIT ( * ) SI_UNIT ( .MILLI., .METRE. ) );
#1876 = ORIENTED_EDGE ( 'NONE', *, *, #4858, .T. ) ;
#1877 = CARTESIAN_POINT ( 'NONE',  ( -1.600000000000000089, 0.08000000000000004330, -0.8000000000000000444 ) ) ;
#1878 = EDGE_CURVE ( 'NONE', #1156, #5118, #3839, .T. ) ;
#1879 = FACE_OUTER_BOUND ( 'NONE', #3401, .T. ) ;
#1880 = DIRECTION ( 'NONE',  ( 0.000000000000000000, 1.807003620809172906E-16, -1.000000000000000000 ) ) ;
#1881 = CARTESIAN_POINT ( 'NONE',  ( 1.600000000000000089, 0.6999999999999999556, 0.5000000000000002220 ) ) ;
#1882 = CARTESIAN_POINT ( 'NONE',  ( 0.9499999999999998446, -3.231750982573322946E-17, 0.8000000000000000444 ) ) ;
#1883 = DIRECTION ( 'NONE',  ( 0.000000000000000000, -1.000000000000000000, 0.000000000000000000 ) ) ;
#1884 = VERTEX_POINT ( 'NONE', #3987 ) ;
#1885 = EDGE_CURVE ( 'NONE', #5209, #1330, #3984, .T. ) ;
#1886 = MANIFOLD_SOLID_BREP ( 'Boss-Extrude4[2]', #1389 ) ;
#1887 = VECTOR ( 'NONE', #663, 1000.000000000000000 ) ;
#1888 = CARTESIAN_POINT ( 'NONE',  ( 0.6499999999999998002, 0.5200000000000001288, 0.7200000000000000844 ) ) ;
#1889 = CARTESIAN_POINT ( 'NONE',  ( 0.1499999999999997446, -3.231750982573322946E-17, -0.8000000000000000444 ) ) ;
#1890 = DIRECTION ( 'NONE',  ( 0.000000000000000000, -1.000000000000000000, 0.000000000000000000 ) ) ;
#1891 = EDGE_LOOP ( 'NONE', ( #4462, #173, #407, #1556 ) ) ;
#1892 = EDGE_LOOP ( 'NONE', ( #3222, #5264, #3521, #4854, #5396, #2957, #5123 ) ) ;
#1893 = CARTESIAN_POINT ( 'NONE',  ( 1.449999999999999956, 0.5200000000000001288, -0.7200000000000000844 ) ) ;
#1894 = EDGE_CURVE ( 'NONE', #1053, #4589, #3933, .T. ) ;
#1895 = DIRECTION ( 'NONE',  ( -0.000000000000000000, 1.000000000000000000, -0.000000000000000000 ) ) ;
#1896 = ADVANCED_FACE ( 'NONE', ( #5784 ), #1455, .F. ) ;
#1897 = PLANE ( 'NONE',  #5817 ) ;
#1898 = EDGE_CURVE ( 'NONE', #3033, #4, #5833, .T. ) ;
#1899 = AXIS2_PLACEMENT_3D ( 'NONE', #5073, #3807, #3337 ) ;
#1900 = LINE ( 'NONE', #4003, #3958 ) ;
#1901 = VERTEX_POINT ( 'NONE', #5502 ) ;
#1902 = CARTESIAN_POINT ( 'NONE',  ( 0.6499999999999998002, 0.08000000000000004330, 0.8000000000000000444 ) ) ;
#1903 = AXIS2_PLACEMENT_3D ( 'NONE', #3523, #3811, #2026 ) ;
#1904 = CARTESIAN_POINT ( 'NONE',  ( 0.6499999999999998002, 0.5200000000000001288, -0.7200000000000000844 ) ) ;
#1905 = ORIENTED_EDGE ( 'NONE', *, *, #4131, .T. ) ;
#1906 = DIRECTION ( 'NONE',  ( 0.000000000000000000, 0.000000000000000000, -1.000000000000000000 ) ) ;
#1907 = DIRECTION ( 'NONE',  ( -1.000000000000000000, 0.000000000000000000, -0.000000000000000000 ) ) ;
#1908 = SURFACE_SIDE_STYLE ('',( #3920 ) ) ;
#1909 = LINE ( 'NONE', #2131, #5704 ) ;
#1910 = EDGE_CURVE ( 'NONE', #829, #1529, #1990, .T. ) ;
#1911 = CARTESIAN_POINT ( 'NONE',  ( 0.6499999999999998002, 0.08000000000000004330, -0.8000000000000000444 ) ) ;
#1912 = CARTESIAN_POINT ( 'NONE',  ( 2.616070863670443725, 0.6999999999999999556, -0.5000000000000003331 ) ) ;
#1913 = ADVANCED_FACE ( 'NONE', ( #5815 ), #1897, .F. ) ;
#1914 = DIRECTION ( 'NONE',  ( 0.000000000000000000, 0.000000000000000000, -1.000000000000000000 ) ) ;
#1915 = ORIENTED_EDGE ( 'NONE', *, *, #4608, .T. ) ;
#1916 = DIRECTION ( 'NONE',  ( 1.000000000000000000, 0.000000000000000000, 0.000000000000000000 ) ) ;
#1917 = PRESENTATION_LAYER_ASSIGNMENT (  '', '', ( #2795 ) ) ;
#1918 = ORIENTED_EDGE ( 'NONE', *, *, #3993, .F. ) ;
#1919 = AXIS2_PLACEMENT_3D ( 'NONE', #5386, #574, #1055 ) ;
#1920 = LINE ( 'NONE', #306, #1838 ) ;
#1921 = CARTESIAN_POINT ( 'NONE',  ( 0.6499999999999998002, 0.5200000000000001288, -0.7200000000000001954 ) ) ;
#1922 = VECTOR ( 'NONE', #540, 1000.000000000000000 ) ;
#1923 = CARTESIAN_POINT ( 'NONE',  ( 0.9499999999999997335, 0.08000000000000004330, -0.8000000000000000444 ) ) ;
#1924 = ORIENTED_EDGE ( 'NONE', *, *, #548, .T. ) ;
#1925 = ORIENTED_EDGE ( 'NONE', *, *, #3219, .T. ) ;
#1926 = VECTOR ( 'NONE', #1699, 1000.000000000000000 ) ;
#1927 = VECTOR ( 'NONE', #3268, 1000.000000000000000 ) ;
#1928 = EDGE_LOOP ( 'NONE', ( #111, #5600, #3332, #3840 ) ) ;
#1929 = ORIENTED_EDGE ( 'NONE', *, *, #192, .T. ) ;
#1930 = LINE ( 'NONE', #2551, #5675 ) ;
#1931 = EDGE_CURVE ( 'NONE', #2165, #1218, #1960, .T. ) ;
#1932 = COLOUR_RGB ( '',0.7921568627450980005, 0.8196078431372548767, 0.9333333333333333481 ) ;
#1933 = ORIENTED_EDGE ( 'NONE', *, *, #5779, .T. ) ;
#1934 = DIRECTION ( 'NONE',  ( -0.000000000000000000, 1.000000000000000000, -0.000000000000000000 ) ) ;
#1935 = DIRECTION ( 'NONE',  ( 0.000000000000000000, 0.000000000000000000, 1.000000000000000000 ) ) ;
#1936 = ORIENTED_EDGE ( 'NONE', *, *, #4511, .F. ) ;
#1937 = PLANE ( 'NONE',  #1546 ) ;
#1938 = ADVANCED_FACE ( 'NONE', ( #3968 ), #2958, .F. ) ;
#1939 = CARTESIAN_POINT ( 'NONE',  ( -0.6500000000000002442, 0.08000000000000004330, -0.7200000000000000844 ) ) ;
#1940 = VECTOR ( 'NONE', #2284, 1000.000000000000000 ) ;
#1941 = DIRECTION ( 'NONE',  ( 0.000000000000000000, 0.000000000000000000, 1.000000000000000000 ) ) ;
#1942 = DIRECTION ( 'NONE',  ( 0.000000000000000000, 1.178480622266853400E-15, 1.000000000000000000 ) ) ;
#1943 = CARTESIAN_POINT ( 'NONE',  ( -0.9500000000000002887, 0.08000000000000014044, 0.8000000000000000444 ) ) ;
#1944 = CARTESIAN_POINT ( 'NONE',  ( 0.9499999999999998446, -3.231750982573322946E-17, 0.8000000000000000444 ) ) ;
#1945 = VERTEX_POINT ( 'NONE', #1145 ) ;
#1946 = CARTESIAN_POINT ( 'NONE',  ( -0.9500000000000002887, 0.08000000000000004330, 0.8000000000000000444 ) ) ;
#1947 = EDGE_CURVE ( 'NONE', #4619, #2554, #3889, .T. ) ;
#1948 = DIRECTION ( 'NONE',  ( -0.000000000000000000, 1.000000000000000000, 1.003890900449541202E-16 ) ) ;
#1949 = ORIENTED_EDGE ( 'NONE', *, *, #620, .T. ) ;
#1950 = VECTOR ( 'NONE', #2032, 1000.000000000000000 ) ;
#1951 = DIRECTION ( 'NONE',  ( -1.000000000000000000, 0.000000000000000000, 0.000000000000000000 ) ) ;
#1952 = CARTESIAN_POINT ( 'NONE',  ( 0.6156385865284780268, 0.08000000000000004330, -0.7200000000000000844 ) ) ;
#1953 = EDGE_CURVE ( 'NONE', #1330, #5597, #66, .T. ) ;
#1954 = LINE ( 'NONE', #5024, #5753 ) ;
#1955 = ORIENTED_EDGE ( 'NONE', *, *, #1278, .T. ) ;
#1956 = EDGE_CURVE ( 'NONE', #2891, #4620, #2045, .T. ) ;
#1957 = ORIENTED_EDGE ( 'NONE', *, *, #5247, .T. ) ;
#1958 = LINE ( 'NONE', #4690, #5840 ) ;
#1959 = EDGE_CURVE ( 'NONE', #1772, #5823, #1969, .T. ) ;
#1960 = LINE ( 'NONE', #2880, #5843 ) ;
#1961 = EDGE_LOOP ( 'NONE', ( #4559, #2672, #919, #5147, #1355, #807, #4815, #4646 ) ) ;
#1962 = EDGE_LOOP ( 'NONE', ( #5574, #4546, #1284, #4702, #2746, #3249, #2767, #2776, #793, #5132, #2788, #3258, #1306, #840, #1279, #4289, #4421, #1242, #1658, #1253, #5369, #1230, #3544, #520, #5520, #5163, #1395, #5337, #5253, #5174, #1012, #3335, #5438, #938, #2461, #3716, #1692, #4385, #3616, #1984, #1665, #1190, #3623, #394, #4510, #2308, #946, #2614, #4501, #2189, #4469, #459, #4307, #2262, #2452, #1513 ) ) ;
#1963 = CARTESIAN_POINT ( 'NONE',  ( -0.9500000000000002887, -3.231750982573322946E-17, 0.4500000000000000666 ) ) ;
#1964 = CARTESIAN_POINT ( 'NONE',  ( 1.450000000000000400, 0.5200000000000001288, 0.7200000000000001954 ) ) ;
#1965 = VECTOR ( 'NONE', #5074, 1000.000000000000000 ) ;
#1966 = AXIS2_PLACEMENT_3D ( 'NONE', #2424, #534, #623 ) ;
#1967 = PLANE ( 'NONE',  #1038 ) ;
#1968 = AXIS2_PLACEMENT_3D ( 'NONE', #3556, #3028, #3845 ) ;
#1969 = LINE ( 'NONE', #5645, #3897 ) ;
#1970 = ORIENTED_EDGE ( 'NONE', *, *, #1494, .T. ) ;
#1971 = DIRECTION ( 'NONE',  ( -0.000000000000000000, 1.000000000000000000, -0.000000000000000000 ) ) ;
#1972 = EDGE_CURVE ( 'NONE', #4695, #4708, #2, .T. ) ;
#1973 = CARTESIAN_POINT ( 'NONE',  ( 0.6499999999999998002, -3.231750982573322946E-17, 0.4500000000000000666 ) ) ;
#1974 = CARTESIAN_POINT ( 'NONE',  ( 0.1843614134715221009, 0.08000000000000004330, 0.7200000000000001954 ) ) ;
#1975 = VERTEX_POINT ( 'NONE', #4255 ) ;
#1976 = DIRECTION ( 'NONE',  ( 0.000000000000000000, 1.003890900449541202E-16, -1.000000000000000000 ) ) ;
#1977 = LINE ( 'NONE', #3866, #1994 ) ;
#1978 = CARTESIAN_POINT ( 'NONE',  ( 1.415638586528477960, -0.4342956348249514265, 0.7200000000000000844 ) ) ;
#1979 = AXIS2_PLACEMENT_3D ( 'NONE', #4360, #2086, #4813 ) ;
#1980 = DIRECTION ( 'NONE',  ( 0.000000000000000000, -1.000000000000000000, 0.000000000000000000 ) ) ;
#1981 = DIRECTION ( 'NONE',  ( 0.000000000000000000, -3.614007241618349264E-16, 1.000000000000000000 ) ) ;
#1982 = AXIS2_PLACEMENT_3D ( 'NONE', #927, #5782, #1410 ) ;
#1983 = VECTOR ( 'NONE', #984, 1000.000000000000000 ) ;
#1984 = ORIENTED_EDGE ( 'NONE', *, *, #3678, .T. ) ;
#1985 = DIRECTION ( 'NONE',  ( 0.000000000000000000, 0.000000000000000000, 1.000000000000000000 ) ) ;
#1986 = ORIENTED_EDGE ( 'NONE', *, *, #219, .F. ) ;
#1987 = VECTOR ( 'NONE', #4147, 1000.000000000000000 ) ;
#1988 = DIRECTION ( 'NONE',  ( 0.000000000000000000, 0.000000000000000000, -1.000000000000000000 ) ) ;
#1989 = CARTESIAN_POINT ( 'NONE',  ( 2.616070863670443725, 0.6999999999999999556, 0.5000000000000002220 ) ) ;
#1990 = LINE ( 'NONE', #5064, #1922 ) ;
#1991 = DIRECTION ( 'NONE',  ( 0.000000000000000000, -1.000000000000000000, 0.000000000000000000 ) ) ;
#1992 = ORIENTED_EDGE ( 'NONE', *, *, #4431, .F. ) ;
#1993 = ORIENTED_EDGE ( 'NONE', *, *, #4952, .F. ) ;
#1994 = VECTOR ( 'NONE', #2395, 1000.000000000000000 ) ;
#1995 = SURFACE_STYLE_USAGE ( .BOTH. , #580 ) ;
#1996 = SURFACE_STYLE_FILL_AREA ( #4943 ) ;
#1997 = ORIENTED_EDGE ( 'NONE', *, *, #3080, .F. ) ;
#1998 = DIRECTION ( 'NONE',  ( 0.000000000000000000, 0.000000000000000000, -1.000000000000000000 ) ) ;
#1999 = ORIENTED_EDGE ( 'NONE', *, *, #4879, .F. ) ;
#2000 = DIRECTION ( 'NONE',  ( -0.000000000000000000, 1.000000000000000000, -0.000000000000000000 ) ) ;
#2001 = DIRECTION ( 'NONE',  ( 0.000000000000000000, -1.000000000000000000, 0.000000000000000000 ) ) ;
#2002 = EDGE_CURVE ( 'NONE', #3381, #4413, #3976, .T. ) ;
#2003 = LINE ( 'NONE', #1800, #117 ) ;
#2004 = LINE ( 'NONE', #5789, #1927 ) ;
#2005 = ORIENTED_EDGE ( 'NONE', *, *, #1297, .F. ) ;
#2006 = DIRECTION ( 'NONE',  ( 0.000000000000000000, 0.000000000000000000, -1.000000000000000000 ) ) ;
#2007 = CARTESIAN_POINT ( 'NONE',  ( 1.449999999999999956, 0.08000000000000004330, -0.7200000000000000844 ) ) ;
#2008 = EDGE_LOOP ( 'NONE', ( #371, #4410, #4531, #4117 ) ) ;
#2009 = AXIS2_PLACEMENT_3D ( 'NONE', #1762, #2760, #3633 ) ;
#2010 = CARTESIAN_POINT ( 'NONE',  ( -1.350000000000000089, 0.6000000000000004219, -0.8000000000000001554 ) ) ;
#2011 = DIRECTION ( 'NONE',  ( 0.000000000000000000, 1.000000000000000000, -1.807003620809172906E-16 ) ) ;
#2012 = PRESENTATION_STYLE_ASSIGNMENT (( #5835 ) ) ;
#2013 = DIRECTION ( 'NONE',  ( 0.000000000000000000, 0.000000000000000000, 1.000000000000000000 ) ) ;
#2014 = EDGE_CURVE ( 'NONE', #2046, #3536, #3868, .T. ) ;
#2015 = DIRECTION ( 'NONE',  ( 0.000000000000000000, 0.000000000000000000, 1.000000000000000000 ) ) ;
#2016 = DIRECTION ( 'NONE',  ( -0.000000000000000000, 1.000000000000000000, -0.000000000000000000 ) ) ;
#2017 = DIRECTION ( 'NONE',  ( 0.000000000000000000, -3.614007241618349264E-16, 1.000000000000000000 ) ) ;
#2018 = ORIENTED_EDGE ( 'NONE', *, *, #1536, .T. ) ;
#2019 = CARTESIAN_POINT ( 'NONE',  ( -0.1500000000000002720, 0.5200000000000001288, 0.5000000000000002220 ) ) ;
#2020 = ORIENTED_EDGE ( 'NONE', *, *, #924, .F. ) ;
#2021 = EDGE_CURVE ( 'NONE', #5597, #1218, #17, .T. ) ;
#2022 = FACE_OUTER_BOUND ( 'NONE', #681, .T. ) ;
#2023 = EDGE_CURVE ( 'NONE', #449, #424, #58, .T. ) ;
#2024 = DIRECTION ( 'NONE',  ( -1.000000000000000000, -0.000000000000000000, 0.000000000000000000 ) ) ;
#2025 = VECTOR ( 'NONE', #1675, 1000.000000000000000 ) ;
#2026 = DIRECTION ( 'NONE',  ( 0.000000000000000000, -0.000000000000000000, 1.000000000000000000 ) ) ;
#2027 = ORIENTED_EDGE ( 'NONE', *, *, #1085, .T. ) ;
#2028 = EDGE_LOOP ( 'NONE', ( #1730, #1583, #1993, #2154, #4085, #4113 ) ) ;
#2029 = ADVANCED_FACE ( 'NONE', ( #2033 ), #1806, .F. ) ;
#2030 = LINE ( 'NONE', #3601, #1965 ) ;
#2031 = EDGE_CURVE ( 'NONE', #2143, #1210, #1900, .T. ) ;
#2032 = DIRECTION ( 'NONE',  ( 0.000000000000000000, -1.000000000000000000, 0.000000000000000000 ) ) ;
#2033 = FACE_OUTER_BOUND ( 'NONE', #2358, .T. ) ;
#2034 = ORIENTED_EDGE ( 'NONE', *, *, #88, .T. ) ;
#2035 = AXIS2_PLACEMENT_3D ( 'NONE', #3617, #4083, #1780 ) ;
#2036 = DIRECTION ( 'NONE',  ( 0.000000000000000000, -1.000000000000000000, 0.000000000000000000 ) ) ;
#2037 = DIRECTION ( 'NONE',  ( 0.000000000000000000, 1.178480622266853400E-15, 1.000000000000000000 ) ) ;
#2038 = ORIENTED_EDGE ( 'NONE', *, *, #1377, .F. ) ;
#2039 = AXIS2_PLACEMENT_3D ( 'NONE', #4187, #2444, #4269 ) ;
#2040 = CARTESIAN_POINT ( 'NONE',  ( 0.1843614134715222952, 0.07999999999999990452, 0.7200000000000000844 ) ) ;
#2041 = FILL_AREA_STYLE ('',( #666 ) ) ;
#2042 = LINE ( 'NONE', #4265, #133 ) ;
#2043 = EDGE_CURVE ( 'NONE', #2817, #4486, #3989, .T. ) ;
#2044 = CARTESIAN_POINT ( 'NONE',  ( -1.450000000000000622, 0.5200000000000001288, -0.7200000000000000844 ) ) ;
#2045 = LINE ( 'NONE', #5610, #8 ) ;
#2046 = VERTEX_POINT ( 'NONE', #4482 ) ;
#2047 = DIRECTION ( 'NONE',  ( 0.000000000000000000, 1.000000000000000000, -1.084202172485504237E-15 ) ) ;
#2048 = PLANE ( 'NONE',  #2280 ) ;
#2049 = AXIS2_PLACEMENT_3D ( 'NONE', #2188, #4964, #4040 ) ;
#2050 = EDGE_LOOP ( 'NONE', ( #2680, #494, #4968, #2396 ) ) ;
#2051 = CARTESIAN_POINT ( 'NONE',  ( -0.9843614134715217290, 0.08000000000000004330, 0.7200000000000001954 ) ) ;
#2052 = DIRECTION ( 'NONE',  ( 0.000000000000000000, -1.000000000000000000, 0.000000000000000000 ) ) ;
#2053 = DIRECTION ( 'NONE',  ( 0.000000000000000000, -1.003890900449541079E-16, 1.000000000000000000 ) ) ;
#2054 = VECTOR ( 'NONE', #5551, 1000.000000000000000 ) ;
#2055 = CARTESIAN_POINT ( 'NONE',  ( 0.6499999999999998002, 0.08000000000000004330, -0.7200000000000000844 ) ) ;
#2056 = CARTESIAN_POINT ( 'NONE',  ( 0.1499999999999997446, -3.231750982573322946E-17, 0.8000000000000000444 ) ) ;
#2057 = DIRECTION ( 'NONE',  ( 0.000000000000000000, -3.614007241618349264E-16, -1.000000000000000000 ) ) ;
#2058 = FACE_OUTER_BOUND ( 'NONE', #803, .T. ) ;
#2059 = EDGE_LOOP ( 'NONE', ( #1246, #5448, #5329, #2731 ) ) ;
#2060 = ORIENTED_EDGE ( 'NONE', *, *, #5673, .F. ) ;
#2061 = LINE ( 'NONE', #2679, #1987 ) ;
#2062 = CARTESIAN_POINT ( 'NONE',  ( 1.450000000000000400, 0.08000000000000004330, 0.7200000000000001954 ) ) ;
#2063 = EDGE_CURVE ( 'NONE', #3233, #3393, #5736, .T. ) ;
#2064 = ORIENTED_EDGE ( 'NONE', *, *, #2911, .T. ) ;
#2065 = ORIENTED_EDGE ( 'NONE', *, *, #1601, .T. ) ;
#2066 = VECTOR ( 'NONE', #634, 1000.000000000000000 ) ;
#2067 = DIRECTION ( 'NONE',  ( 0.000000000000000000, 0.000000000000000000, 1.000000000000000000 ) ) ;
#2068 = VECTOR ( 'NONE', #2494, 1000.000000000000000 ) ;
#2069 = ORIENTED_EDGE ( 'NONE', *, *, #3279, .T. ) ;
#2070 = CARTESIAN_POINT ( 'NONE',  ( 0.6499999999999998002, -3.231750982573322946E-17, 0.8000000000000000444 ) ) ;
#2071 = ORIENTED_EDGE ( 'NONE', *, *, #314, .F. ) ;
#2072 = CARTESIAN_POINT ( 'NONE',  ( 1.600000000000000089, 0.08000000000000004330, 0.7200000000000001954 ) ) ;
#2073 =( NAMED_UNIT ( * ) PLANE_ANGLE_UNIT ( ) SI_UNIT ( $, .RADIAN. ) );
#2074 = ADVANCED_FACE ( 'NONE', ( #3814 ), #5793, .T. ) ;
#2075 = VECTOR ( 'NONE', #3996, 1000.000000000000000 ) ;
#2076 = CARTESIAN_POINT ( 'NONE',  ( 0.6499999999999998002, 0.6000000000000004219, 0.8000000000000001554 ) ) ;
#2077 = CARTESIAN_POINT ( 'NONE',  ( 1.600000000000000089, 0.08000000000000004330, -0.7200000000000000844 ) ) ;
#2078 = EDGE_CURVE ( 'NONE', #4124, #5816, #5803, .T. ) ;
#2079 = ORIENTED_EDGE ( 'NONE', *, *, #1358, .T. ) ;
#2080 = CARTESIAN_POINT ( 'NONE',  ( 0.9499999999999998446, 0.08000000000000004330, 0.7200000000000000844 ) ) ;
#2081 = DIRECTION ( 'NONE',  ( 0.000000000000000000, 0.000000000000000000, -1.000000000000000000 ) ) ;
#2082 = ORIENTED_EDGE ( 'NONE', *, *, #5247, .F. ) ;
#2083 = CARTESIAN_POINT ( 'NONE',  ( 2.616070863670443725, 0.6999999999999999556, 0.5000000000000002220 ) ) ;
#2084 = DIRECTION ( 'NONE',  ( -0.000000000000000000, 1.000000000000000000, -0.000000000000000000 ) ) ;
#2085 = CARTESIAN_POINT ( 'NONE',  ( -1.450000000000000400, 0.5200000000000001288, -1.264865571966778734 ) ) ;
#2086 = DIRECTION ( 'NONE',  ( 0.000000000000000000, 0.000000000000000000, 1.000000000000000000 ) ) ;
#2087 = EDGE_CURVE ( 'NONE', #1023, #2405, #2164, .T. ) ;
#2088 = LINE ( 'NONE', #1319, #2191 ) ;
#2089 = ORIENTED_EDGE ( 'NONE', *, *, #2097, .T. ) ;
#2090 = ADVANCED_FACE ( 'NONE', ( #4081 ), #1771, .F. ) ;
#2091 = ORIENTED_EDGE ( 'NONE', *, *, #3367, .F. ) ;
#2092 = EDGE_CURVE ( 'NONE', #828, #4934, #4121, .T. ) ;
#2093 = PLANE ( 'NONE',  #4599 ) ;
#2094 = AXIS2_PLACEMENT_3D ( 'NONE', #1122, #134, #1508 ) ;
#2095 = LINE ( 'NONE', #1946, #2180 ) ;
#2096 = ORIENTED_EDGE ( 'NONE', *, *, #3187, .F. ) ;
#2097 = EDGE_CURVE ( 'NONE', #5476, #4837, #4160, .T. ) ;
#2098 = EDGE_LOOP ( 'NONE', ( #4929, #4754, #4845, #703 ) ) ;
#2099 = FACE_OUTER_BOUND ( 'NONE', #5023, .T. ) ;
#2100 = PRESENTATION_LAYER_ASSIGNMENT (  '', '', ( #4980 ) ) ;
#2101 = DIRECTION ( 'NONE',  ( -0.000000000000000000, 1.000000000000000000, -0.000000000000000000 ) ) ;
#2102 = FACE_OUTER_BOUND ( 'NONE', #977, .T. ) ;
#2103 = ORIENTED_EDGE ( 'NONE', *, *, #2150, .T. ) ;
#2104 = CARTESIAN_POINT ( 'NONE',  ( -1.450000000000000400, 0.5200000000000001288, -0.5000000000000002220 ) ) ;
#2105 = ORIENTED_EDGE ( 'NONE', *, *, #5820, .F. ) ;
#2106 = EDGE_CURVE ( 'NONE', #4295, #1237, #4010, .T. ) ;
#2107 = CARTESIAN_POINT ( 'NONE',  ( 0.6499999999999998002, 0.08000000000000004330, 0.7200000000000000844 ) ) ;
#2108 = DIRECTION ( 'NONE',  ( 0.000000000000000000, 1.178480622266852809E-15, 1.000000000000000000 ) ) ;
#2109 = FILL_AREA_STYLE_COLOUR ( '', #4273 ) ;
#2110 = ORIENTED_EDGE ( 'NONE', *, *, #5173, .F. ) ;
#2111 = CARTESIAN_POINT ( 'NONE',  ( -1.450000000000000400, 0.5200000000000001288, 0.7200000000000001954 ) ) ;
#2112 = DIRECTION ( 'NONE',  ( 0.000000000000000000, -1.000000000000000000, 0.000000000000000000 ) ) ;
#2113 = ORIENTED_EDGE ( 'NONE', *, *, #2761, .F. ) ;
#2114 = DIRECTION ( 'NONE',  ( 0.000000000000000000, -1.000000000000000000, 1.807003620809172906E-16 ) ) ;
#2115 = ADVANCED_FACE ( 'NONE', ( #4041 ), #3537, .F. ) ;
#2116 = CARTESIAN_POINT ( 'NONE',  ( 1.050000000000000266, 9.795786256852390061E-32, 0.8000000000000000444 ) ) ;
#2117 = VECTOR ( 'NONE', #238, 1000.000000000000000 ) ;
#2118 = EDGE_LOOP ( 'NONE', ( #2091, #4168, #95, #4042, #1986, #1876, #3301 ) ) ;
#2119 = DIRECTION ( 'NONE',  ( -1.000000000000000000, 0.000000000000000000, -0.000000000000000000 ) ) ;
#2120 = EDGE_LOOP ( 'NONE', ( #2338, #4624, #617, #609, #2239, #2596, #4424 ) ) ;
#2121 = DIRECTION ( 'NONE',  ( 0.000000000000000000, 1.178480622266852956E-16, -1.000000000000000000 ) ) ;
#2122 = EDGE_CURVE ( 'NONE', #3605, #2504, #164, .T. ) ;
#2123 = CARTESIAN_POINT ( 'NONE',  ( 1.200000000000000178, 0.6000000000000004219, -0.8000000000000001554 ) ) ;
#2124 = DIRECTION ( 'NONE',  ( 0.000000000000000000, 0.000000000000000000, 1.000000000000000000 ) ) ;
#2125 = CIRCLE ( 'NONE', #2406, 0.2299999999999999545 ) ;
#2126 = VERTEX_POINT ( 'NONE', #315 ) ;
#2127 = ORIENTED_EDGE ( 'NONE', *, *, #5809, .F. ) ;
#2128 = LINE ( 'NONE', #1155, #169 ) ;
#2129 = EDGE_CURVE ( 'NONE', #4327, #2323, #179, .T. ) ;
#2130 = CARTESIAN_POINT ( 'NONE',  ( -0.9500000000000002887, -3.231750982573322946E-17, -0.8000000000000000444 ) ) ;
#2131 = CARTESIAN_POINT ( 'NONE',  ( -0.9500000000000002887, 0.08000000000000004330, -0.8000000000000000444 ) ) ;
#2132 = VECTOR ( 'NONE', #3197, 1000.000000000000000 ) ;
#2133 = VERTEX_POINT ( 'NONE', #5555 ) ;
#2134 = DIRECTION ( 'NONE',  ( -1.000000000000000000, -0.000000000000000000, 0.000000000000000000 ) ) ;
#2135 = ORIENTED_EDGE ( 'NONE', *, *, #5463, .F. ) ;
#2136 = DIRECTION ( 'NONE',  ( -1.000000000000000000, -0.000000000000000000, 0.000000000000000000 ) ) ;
#2137 = EDGE_CURVE ( 'NONE', #2600, #570, #4090, .T. ) ;
#2138 = PLANE ( 'NONE',  #2862 ) ;
#2139 = FACE_OUTER_BOUND ( 'NONE', #581, .T. ) ;
#2140 = UNCERTAINTY_MEASURE_WITH_UNIT (LENGTH_MEASURE( 1.000000000000000082E-05 ), #5737, 'distance_accuracy_value', 'NONE');
#2141 = CARTESIAN_POINT ( 'NONE',  ( 1.200000000000000178, 0.5200000000000001288, -0.5700000000000001732 ) ) ;
#2142 = SURFACE_STYLE_FILL_AREA ( #3734 ) ;
#2143 = VERTEX_POINT ( 'NONE', #4190 ) ;
#2144 = CARTESIAN_POINT ( 'NONE',  ( 0.3999999999999999667, 0.000000000000000000, -0.6500000000000001332 ) ) ;
#2145 = ORIENTED_EDGE ( 'NONE', *, *, #5025, .T. ) ;
#2146 = CARTESIAN_POINT ( 'NONE',  ( -0.1500000000000002720, -3.231750982573322946E-17, 0.8000000000000000444 ) ) ;
#2147 = CARTESIAN_POINT ( 'NONE',  ( -1.415638586528477516, -0.4342956348249514265, 0.7200000000000000844 ) ) ;
#2148 = DIRECTION ( 'NONE',  ( 0.000000000000000000, -1.000000000000000000, 0.000000000000000000 ) ) ;
#2149 = LINE ( 'NONE', #692, #2342 ) ;
#2150 = EDGE_CURVE ( 'NONE', #2649, #4742, #91, .T. ) ;
#2151 = DIRECTION ( 'NONE',  ( -0.000000000000000000, 1.000000000000000000, -0.000000000000000000 ) ) ;
#2152 = EDGE_CURVE ( 'NONE', #5172, #5816, #144, .T. ) ;
#2153 = LINE ( 'NONE', #3800, #197 ) ;
#2154 = ORIENTED_EDGE ( 'NONE', *, *, #3703, .T. ) ;
#2155 = CARTESIAN_POINT ( 'NONE',  ( -0.1500000000000001887, 0.5200000000000001288, 0.7200000000000001954 ) ) ;
#2156 = AXIS2_PLACEMENT_3D ( 'NONE', #5243, #209, #1653 ) ;
#2157 = ORIENTED_EDGE ( 'NONE', *, *, #3490, .F. ) ;
#2158 = AXIS2_PLACEMENT_3D ( 'NONE', #4612, #5514, #132 ) ;
#2159 = DIRECTION ( 'NONE',  ( -0.000000000000000000, 1.000000000000000000, 1.003890900449541202E-16 ) ) ;
#2160 = ADVANCED_FACE ( 'NONE', ( #4139 ), #2402, .F. ) ;
#2161 = LINE ( 'NONE', #5004, #385 ) ;
#2162 = EDGE_CURVE ( 'NONE', #3740, #783, #119, .T. ) ;
#2163 = DIRECTION ( 'NONE',  ( 0.000000000000000000, -1.000000000000000000, 0.000000000000000000 ) ) ;
#2164 = LINE ( 'NONE', #3082, #4031 ) ;
#2165 = VERTEX_POINT ( 'NONE', #603 ) ;
#2166 = AXIS2_PLACEMENT_3D ( 'NONE', #4119, #3297, #2864 ) ;
#2167 = VERTEX_POINT ( 'NONE', #5156 ) ;
#2168 = AXIS2_PLACEMENT_3D ( 'NONE', #3980, #3214, #3657 ) ;
#2169 = DIRECTION ( 'NONE',  ( -1.000000000000000000, 0.000000000000000000, 0.000000000000000000 ) ) ;
#2170 = CIRCLE ( 'NONE', #3645, 0.2299999999999999545 ) ;
#2171 = DIRECTION ( 'NONE',  ( 0.000000000000000000, 0.000000000000000000, 1.000000000000000000 ) ) ;
#2172 = VECTOR ( 'NONE', #5121, 1000.000000000000000 ) ;
#2173 = ORIENTED_EDGE ( 'NONE', *, *, #1638, .F. ) ;
#2174 = ADVANCED_FACE ( 'NONE', ( #2102 ), #4656, .T. ) ;
#2175 = CARTESIAN_POINT ( 'NONE',  ( -0.6500000000000002442, 0.08000000000000004330, 1.332541078227774012 ) ) ;
#2176 = ORIENTED_EDGE ( 'NONE', *, *, #2023, .T. ) ;
#2177 = CARTESIAN_POINT ( 'NONE',  ( -0.1500000000000002720, 0.6000000000000004219, -0.8000000000000001554 ) ) ;
#2178 = PLANE ( 'NONE',  #4461 ) ;
#2179 = LINE ( 'NONE', #4706, #4134 ) ;
#2180 = VECTOR ( 'NONE', #2894, 1000.000000000000000 ) ;
#2181 = ORIENTED_EDGE ( 'NONE', *, *, #5087, .F. ) ;
#2182 = CARTESIAN_POINT ( 'NONE',  ( -0.1843614134715215180, -0.4342956348249531473, -0.7200000000000000844 ) ) ;
#2183 = ORIENTED_EDGE ( 'NONE', *, *, #566, .F. ) ;
#2184 = CARTESIAN_POINT ( 'NONE',  ( -1.450000000000000622, 0.08000000000000004330, -0.7200000000000000844 ) ) ;
#2185 = DIRECTION ( 'NONE',  ( 0.000000000000000000, 0.000000000000000000, 1.000000000000000000 ) ) ;
#2186 = CARTESIAN_POINT ( 'NONE',  ( -1.350000000000000089, 0.000000000000000000, -0.8000000000000000444 ) ) ;
#2187 = VECTOR ( 'NONE', #1273, 1000.000000000000000 ) ;
#2188 = CARTESIAN_POINT ( 'NONE',  ( 1.200000000000000400, 0.5200000000000001288, 0.8000000000000003775 ) ) ;
#2189 = ORIENTED_EDGE ( 'NONE', *, *, #5820, .T. ) ;
#2190 = CARTESIAN_POINT ( 'NONE',  ( -0.9500000000000000666, 0.08000000000000004330, -0.7200000000000000844 ) ) ;
#2191 = VECTOR ( 'NONE', #4451, 1000.000000000000000 ) ;
#2192 = EDGE_LOOP ( 'NONE', ( #1340, #44, #5262, #5391, #3608, #4072, #3753, #208, #1936, #5662, #2235, #1918, #1992, #1539, #4023, #5481, #35, #3810, #4140, #180, #3835, #225, #129, #3486, #4001, #5433, #5689, #216, #2020, #3368, #5739, #3722, #1925, #2079, #3524, #1818, #264, #1681, #5401, #3798, #3985, #2209, #137, #1905, #3959, #3549, #3954, #5486, #2065, #101, #5554, #3587, #5293, #5732, #3431, #3421 ) ) ;
#2193 = EDGE_CURVE ( 'NONE', #2757, #994, #73, .T. ) ;
#2194 = ORIENTED_EDGE ( 'NONE', *, *, #5517, .F. ) ;
#2195 = VECTOR ( 'NONE', #2621, 1000.000000000000000 ) ;
#2196 = DIRECTION ( 'NONE',  ( 0.000000000000000000, 0.000000000000000000, 1.000000000000000000 ) ) ;
#2197 = ORIENTED_EDGE ( 'NONE', *, *, #3637, .T. ) ;
#2198 = ORIENTED_EDGE ( 'NONE', *, *, #985, .T. ) ;
#2199 = CARTESIAN_POINT ( 'NONE',  ( 0.1499999999999997446, -3.231750982573322946E-17, 0.4500000000000000666 ) ) ;
#2200 = EDGE_CURVE ( 'NONE', #4978, #2327, #2095, .T. ) ;
#2201 = ORIENTED_EDGE ( 'NONE', *, *, #3354, .F. ) ;
#2202 = ADVANCED_FACE ( 'NONE', ( #172 ), #3836, .F. ) ;
#2203 = SURFACE_SIDE_STYLE ('',( #1996 ) ) ;
#2204 = LINE ( 'NONE', #2797, #2195 ) ;
#2205 = VERTEX_POINT ( 'NONE', #3369 ) ;
#2206 = DIRECTION ( 'NONE',  ( -1.000000000000000000, -0.000000000000000000, 0.000000000000000000 ) ) ;
#2207 = EDGE_CURVE ( 'NONE', #5221, #4483, #2153, .T. ) ;
#2208 = VECTOR ( 'NONE', #1161, 1000.000000000000000 ) ;
#2209 = ORIENTED_EDGE ( 'NONE', *, *, #4802, .T. ) ;
#2210 =( NAMED_UNIT ( * ) PLANE_ANGLE_UNIT ( ) SI_UNIT ( $, .RADIAN. ) );
#2211 = PRODUCT ( '742C083103JP', '742C083103JP', '', ( #103 ) ) ;
#2212 = DIRECTION ( 'NONE',  ( -1.000000000000000000, -0.000000000000000000, -0.000000000000000000 ) ) ;
#2213 = ORIENTED_EDGE ( 'NONE', *, *, #2698, .T. ) ;
#2214 = CARTESIAN_POINT ( 'NONE',  ( -1.450000000000000400, 0.08000000000000004330, 0.7200000000000001954 ) ) ;
#2215 = EDGE_CURVE ( 'NONE', #3151, #1060, #4167, .T. ) ;
#2216 = LINE ( 'NONE', #4887, #4157 ) ;
#2217 = CARTESIAN_POINT ( 'NONE',  ( 2.616070863670443725, 0.5200000000000001288, -0.5000000000000002220 ) ) ;
#2218 = EDGE_LOOP ( 'NONE', ( #4330, #2579, #2713, #4323, #2201, #2865, #2900, #5009 ) ) ;
#2219 = CARTESIAN_POINT ( 'NONE',  ( -0.1500000000000002720, -3.231750982573322946E-17, -0.8000000000000000444 ) ) ;
#2220 = CARTESIAN_POINT ( 'NONE',  ( -1.200000000000000178, 0.6000000000000003109, -0.6500000000000001332 ) ) ;
#2221 = VECTOR ( 'NONE', #5482, 1000.000000000000000 ) ;
#2222 = ORIENTED_EDGE ( 'NONE', *, *, #5779, .F. ) ;
#2223 = ADVANCED_FACE ( 'NONE', ( #4057 ), #170, .T. ) ;
#2224 = EDGE_CURVE ( 'NONE', #518, #2642, #262, .T. ) ;
#2225 = CARTESIAN_POINT ( 'NONE',  ( -0.1500000000000002720, 0.08000000000000001554, -0.4500000000000000666 ) ) ;
#2226 = ORIENTED_EDGE ( 'NONE', *, *, #2137, .F. ) ;
#2227 = DIRECTION ( 'NONE',  ( -0.000000000000000000, 1.000000000000000000, 0.000000000000000000 ) ) ;
#2228 = CARTESIAN_POINT ( 'NONE',  ( -1.200000000000000178, 0.08000000000000004330, -0.5700000000000001732 ) ) ;
#2229 = FACE_OUTER_BOUND ( 'NONE', #4436, .T. ) ;
#2230 = DIRECTION ( 'NONE',  ( -1.000000000000000000, 0.000000000000000000, 0.000000000000000000 ) ) ;
#2231 = EDGE_LOOP ( 'NONE', ( #5012, #4581, #3055, #5357, #4923, #1415 ) ) ;
#2232 = DIRECTION ( 'NONE',  ( 0.000000000000000000, 0.000000000000000000, 1.000000000000000000 ) ) ;
#2233 = AXIS2_PLACEMENT_3D ( 'NONE', #535, #1026, #2290 ) ;
#2234 = VECTOR ( 'NONE', #1043, 1000.000000000000000 ) ;
#2235 = ORIENTED_EDGE ( 'NONE', *, *, #2615, .F. ) ;
#2236 = VERTEX_POINT ( 'NONE', #2859 ) ;
#2237 = EDGE_CURVE ( 'NONE', #1023, #4327, #128, .T. ) ;
#2238 = FACE_OUTER_BOUND ( 'NONE', #4665, .T. ) ;
#2239 = ORIENTED_EDGE ( 'NONE', *, *, #3348, .T. ) ;
#2240 = CARTESIAN_POINT ( 'NONE',  ( -0.9500000000000002887, 0.5200000000000001288, 0.5000000000000002220 ) ) ;
#2241 = DIRECTION ( 'NONE',  ( -0.000000000000000000, -0.000000000000000000, -1.000000000000000000 ) ) ;
#2242 = AXIS2_PLACEMENT_3D ( 'NONE', #3071, #2595, #2037 ) ;
#2243 = LINE ( 'NONE', #5029, #4239 ) ;
#2244 = ORIENTED_EDGE ( 'NONE', *, *, #2674, .F. ) ;
#2245 = PRESENTATION_LAYER_ASSIGNMENT (  '', '', ( #3227 ) ) ;
#2246 = CARTESIAN_POINT ( 'NONE',  ( 0.4000000000000001887, 0.5200000000000001288, 0.8000000000000003775 ) ) ;
#2247 = EDGE_LOOP ( 'NONE', ( #4526, #2543, #522, #2633 ) ) ;
#2248 = CARTESIAN_POINT ( 'NONE',  ( 1.600000000000000089, 0.08000000000000004330, 0.7200000000000001954 ) ) ;
#2249 = FACE_OUTER_BOUND ( 'NONE', #2463, .T. ) ;
#2250 = ORIENTED_EDGE ( 'NONE', *, *, #2625, .T. ) ;
#2251 = LINE ( 'NONE', #5649, #4204 ) ;
#2252 = ORIENTED_EDGE ( 'NONE', *, *, #4974, .F. ) ;
#2253 = CARTESIAN_POINT ( 'NONE',  ( -1.415638586528478182, 0.5200000000000001288, -0.7200000000000000844 ) ) ;
#2254 = FACE_OUTER_BOUND ( 'NONE', #3869, .T. ) ;
#2255 = CARTESIAN_POINT ( 'NONE',  ( 1.449999999999999956, -3.231750982573322946E-17, 0.8000000000000000444 ) ) ;
#2256 = VERTEX_POINT ( 'NONE', #3443 ) ;
#2257 = DIRECTION ( 'NONE',  ( -1.000000000000000000, 0.000000000000000000, 0.000000000000000000 ) ) ;
#2258 = CARTESIAN_POINT ( 'NONE',  ( 0.9499999999999998446, -3.231750982573322946E-17, 0.4500000000000000666 ) ) ;
#2259 = ADVANCED_FACE ( 'NONE', ( #247 ), #4051, .F. ) ;
#2260 = FACE_OUTER_BOUND ( 'NONE', #533, .T. ) ;
#2261 = DIRECTION ( 'NONE',  ( 0.000000000000000000, 0.000000000000000000, 1.000000000000000000 ) ) ;
#2262 = ORIENTED_EDGE ( 'NONE', *, *, #175, .T. ) ;
#2263 = DIRECTION ( 'NONE',  ( 0.000000000000000000, -1.000000000000000000, 1.807003620809172906E-16 ) ) ;
#2264 =( NAMED_UNIT ( * ) SI_UNIT ( $, .STERADIAN. ) SOLID_ANGLE_UNIT ( ) );
#2265 = VECTOR ( 'NONE', #401, 1000.000000000000000 ) ;
#2266 = ORIENTED_EDGE ( 'NONE', *, *, #1146, .T. ) ;
#2267 = LINE ( 'NONE', #5676, #4217 ) ;
#2268 = ORIENTED_EDGE ( 'NONE', *, *, #5528, .F. ) ;
#2269 = CARTESIAN_POINT ( 'NONE',  ( 0.6499999999999998002, 0.5200000000000001288, 0.5000000000000002220 ) ) ;
#2270 = LINE ( 'NONE', #3793, #4182 ) ;
#2271 = ORIENTED_EDGE ( 'NONE', *, *, #700, .F. ) ;
#2272 = CARTESIAN_POINT ( 'NONE',  ( 1.449999999999999956, 0.08000000000000004330, 0.7200000000000000844 ) ) ;
#2273 = EDGE_CURVE ( 'NONE', #3375, #3407, #110, .T. ) ;
#2274 = DIRECTION ( 'NONE',  ( 0.000000000000000000, -1.000000000000000000, -3.614007241618349264E-16 ) ) ;
#2275 = LINE ( 'NONE', #2299, #342 ) ;
#2276 = ORIENTED_EDGE ( 'NONE', *, *, #2613, .T. ) ;
#2277 = ADVANCED_FACE ( 'NONE', ( #2058 ), #1874, .F. ) ;
#2278 = VECTOR ( 'NONE', #4487, 1000.000000000000000 ) ;
#2279 = ORIENTED_EDGE ( 'NONE', *, *, #5706, .T. ) ;
#2280 = AXIS2_PLACEMENT_3D ( 'NONE', #1775, #2651, #3504 ) ;
#2281 = LINE ( 'NONE', #2942, #361 ) ;
#2282 = CARTESIAN_POINT ( 'NONE',  ( 1.415638586528478182, 0.07999999999999997391, 0.7200000000000000844 ) ) ;
#2283 = ORIENTED_EDGE ( 'NONE', *, *, #2999, .T. ) ;
#2284 = DIRECTION ( 'NONE',  ( 0.000000000000000000, -1.000000000000000000, 0.000000000000000000 ) ) ;
#2285 =( NAMED_UNIT ( * ) PLANE_ANGLE_UNIT ( ) SI_UNIT ( $, .RADIAN. ) );
#2286 = CARTESIAN_POINT ( 'NONE',  ( -1.199999999999999956, 0.5200000000000001288, 0.8000000000000003775 ) ) ;
#2287 = LINE ( 'NONE', #4603, #2391 ) ;
#2288 = ORIENTED_EDGE ( 'NONE', *, *, #5080, .F. ) ;
#2289 = DIRECTION ( 'NONE',  ( 0.000000000000000000, -1.000000000000000000, -1.807003620809172906E-16 ) ) ;
#2290 = DIRECTION ( 'NONE',  ( 0.000000000000000000, 0.000000000000000000, -1.000000000000000000 ) ) ;
#2291 = CIRCLE ( 'NONE', #4832, 0.2299999999999999545 ) ;
#2292 = ORIENTED_EDGE ( 'NONE', *, *, #4164, .T. ) ;
#2293 = FACE_OUTER_BOUND ( 'NONE', #4052, .T. ) ;
#2294 = EDGE_CURVE ( 'NONE', #5275, #5818, #236, .T. ) ;
#2295 = ORIENTED_EDGE ( 'NONE', *, *, #4745, .T. ) ;
#2296 = CARTESIAN_POINT ( 'NONE',  ( 0.2500000000000002220, 9.795786256852390061E-32, 0.8000000000000000444 ) ) ;
#2297 = LINE ( 'NONE', #3704, #430 ) ;
#2298 = ORIENTED_EDGE ( 'NONE', *, *, #5638, .F. ) ;
#2299 = CARTESIAN_POINT ( 'NONE',  ( 1.449999999999999956, 0.6000000000000004219, -0.8000000000000001554 ) ) ;
#2300 = LINE ( 'NONE', #365, #4231 ) ;
#2301 = CARTESIAN_POINT ( 'NONE',  ( 1.600000000000000089, 0.5200000000000001288, -0.7200000000000000844 ) ) ;
#2302 = ORIENTED_EDGE ( 'NONE', *, *, #4192, .F. ) ;
#2303 = CARTESIAN_POINT ( 'NONE',  ( 0.1499999999999997446, 0.5200000000000001288, -0.7200000000000000844 ) ) ;
#2304 = DIRECTION ( 'NONE',  ( 0.000000000000000000, 1.807003620809172906E-16, -1.000000000000000000 ) ) ;
#2305 = CARTESIAN_POINT ( 'NONE',  ( -0.1500000000000002720, 0.5200000000000001288, -0.7200000000000000844 ) ) ;
#2306 = FACE_OUTER_BOUND ( 'NONE', #5561, .T. ) ;
#2307 = DIRECTION ( 'NONE',  ( 0.000000000000000000, 0.000000000000000000, 1.000000000000000000 ) ) ;
#2308 = ORIENTED_EDGE ( 'NONE', *, *, #3274, .F. ) ;
#2309 = CARTESIAN_POINT ( 'NONE',  ( 1.449999999999999956, 0.5200000000000001288, 0.5000000000000002220 ) ) ;
#2310 =( NAMED_UNIT ( * ) PLANE_ANGLE_UNIT ( ) SI_UNIT ( $, .RADIAN. ) );
#2311 = PRESENTATION_STYLE_ASSIGNMENT (( #4724 ) ) ;
#2312 = VERTEX_POINT ( 'NONE', #4852 ) ;
#2313 = VECTOR ( 'NONE', #5094, 1000.000000000000000 ) ;
#2314 = ORIENTED_EDGE ( 'NONE', *, *, #846, .T. ) ;
#2315 = AXIS2_PLACEMENT_3D ( 'NONE', #72, #5527, #1051 ) ;
#2316 = ADVANCED_FACE ( 'NONE', ( #4176 ), #3550, .T. ) ;
#2317 = CARTESIAN_POINT ( 'NONE',  ( -0.6156385865284779157, 0.08000000000000004330, 0.7200000000000001954 ) ) ;
#2318 = LINE ( 'NONE', #961, #4095 ) ;
#2319 = ORIENTED_EDGE ( 'NONE', *, *, #5697, .F. ) ;
#2320 = DIRECTION ( 'NONE',  ( -1.000000000000000000, 0.000000000000000000, 0.000000000000000000 ) ) ;
#2321 = EDGE_CURVE ( 'NONE', #1027, #3880, #2088, .T. ) ;
#2322 = VECTOR ( 'NONE', #1641, 1000.000000000000000 ) ;
#2323 = VERTEX_POINT ( 'NONE', #1362 ) ;
#2324 = CARTESIAN_POINT ( 'NONE',  ( -1.200000000000000178, 0.5200000000000001288, -0.8000000000000001554 ) ) ;
#2325 = CIRCLE ( 'NONE', #243, 0.1500000000000000777 ) ;
#2326 = EDGE_LOOP ( 'NONE', ( #1307, #5606, #426, #3411, #5804, #5141, #1022, #346 ) ) ;
#2327 = VERTEX_POINT ( 'NONE', #2704 ) ;
#2328 = AXIS2_PLACEMENT_3D ( 'NONE', #1194, #5741, #1683 ) ;
#2329 = LINE ( 'NONE', #5807, #4211 ) ;
#2330 = DIRECTION ( 'NONE',  ( 0.000000000000000000, 0.000000000000000000, 1.000000000000000000 ) ) ;
#2331 = VERTEX_POINT ( 'NONE', #5832 ) ;
#2332 = DIRECTION ( 'NONE',  ( 0.000000000000000000, 0.000000000000000000, 1.000000000000000000 ) ) ;
#2333 = ORIENTED_EDGE ( 'NONE', *, *, #3212, .F. ) ;
#2334 = CARTESIAN_POINT ( 'NONE',  ( 0.6499999999999998002, 0.5200000000000001288, 0.7200000000000000844 ) ) ;
#2335 = CARTESIAN_POINT ( 'NONE',  ( -0.6500000000000002442, 0.6000000000000004219, -0.8000000000000001554 ) ) ;
#2336 = MANIFOLD_SOLID_BREP ( 'LPattern2[2]', #3014 ) ;
#2337 = LINE ( 'NONE', #1777, #517 ) ;
#2338 = ORIENTED_EDGE ( 'NONE', *, *, #2021, .T. ) ;
#2339 = DIRECTION ( 'NONE',  ( -1.000000000000000000, 0.000000000000000000, 0.000000000000000000 ) ) ;
#2340 = ORIENTED_EDGE ( 'NONE', *, *, #4272, .T. ) ;
#2341 = CARTESIAN_POINT ( 'NONE',  ( 0.6499999999999998002, 0.5200000000000001288, -0.5000000000000002220 ) ) ;
#2342 = VECTOR ( 'NONE', #1622, 1000.000000000000000 ) ;
#2343 = ORIENTED_EDGE ( 'NONE', *, *, #788, .F. ) ;
#2344 = CARTESIAN_POINT ( 'NONE',  ( -1.415638586528478404, 0.07999999999999997391, -0.7200000000000000844 ) ) ;
#2345 = FACE_OUTER_BOUND ( 'NONE', #4340, .T. ) ;
#2346 = VERTEX_POINT ( 'NONE', #2253 ) ;
#2347 = CARTESIAN_POINT ( 'NONE',  ( -1.200000000000000178, 0.000000000000000000, -0.8000000000000001554 ) ) ;
#2348 = EDGE_CURVE ( 'NONE', #3858, #2205, #2125, .T. ) ;
#2349 = FACE_OUTER_BOUND ( 'NONE', #780, .T. ) ;
#2350 = PLANE ( 'NONE',  #5710 ) ;
#2351 = ORIENTED_EDGE ( 'NONE', *, *, #2710, .T. ) ;
#2352 = DIRECTION ( 'NONE',  ( 0.000000000000000000, 0.000000000000000000, 1.000000000000000000 ) ) ;
#2353 = ORIENTED_EDGE ( 'NONE', *, *, #1160, .T. ) ;
#2354 = DIRECTION ( 'NONE',  ( -0.000000000000000000, 1.000000000000000000, -0.000000000000000000 ) ) ;
#2355 = CARTESIAN_POINT ( 'NONE',  ( -0.3999999999999998557, 0.08000000000000004330, 0.8000000000000003775 ) ) ;
#2356 = FACE_OUTER_BOUND ( 'NONE', #2739, .T. ) ;
#2357 = CARTESIAN_POINT ( 'NONE',  ( 1.350000000000000311, 0.000000000000000000, 0.8000000000000000444 ) ) ;
#2358 = EDGE_LOOP ( 'NONE', ( #214, #259, #4193, #4744 ) ) ;
#2359 = DIRECTION ( 'NONE',  ( -1.000000000000000000, -0.000000000000000000, 0.000000000000000000 ) ) ;
#2360 = CARTESIAN_POINT ( 'NONE',  ( 0.6499999999999998002, 0.5200000000000001288, -0.7200000000000000844 ) ) ;
#2361 = ORIENTED_EDGE ( 'NONE', *, *, #3993, .T. ) ;
#2362 = FACE_OUTER_BOUND ( 'NONE', #4287, .T. ) ;
#2363 = EDGE_CURVE ( 'NONE', #4457, #715, #296, .T. ) ;
#2364 = ORIENTED_EDGE ( 'NONE', *, *, #1959, .T. ) ;
#2365 = ORIENTED_EDGE ( 'NONE', *, *, #2745, .F. ) ;
#2366 = DIRECTION ( 'NONE',  ( 1.000000000000000000, 0.000000000000000000, 0.000000000000000000 ) ) ;
#2367 = LINE ( 'NONE', #1250, #4165 ) ;
#2368 = ORIENTED_EDGE ( 'NONE', *, *, #2215, .F. ) ;
#2369 = DIRECTION ( 'NONE',  ( -0.000000000000000000, 1.000000000000000000, -0.000000000000000000 ) ) ;
#2370 = EDGE_CURVE ( 'NONE', #280, #5345, #378, .T. ) ;
#2371 = LINE ( 'NONE', #3765, #366 ) ;
#2372 = ORIENTED_EDGE ( 'NONE', *, *, #4055, .T. ) ;
#2373 = LINE ( 'NONE', #467, #2382 ) ;
#2374 = VERTEX_POINT ( 'NONE', #941 ) ;
#2375 = ORIENTED_EDGE ( 'NONE', *, *, #3600, .T. ) ;
#2376 = ADVANCED_FACE ( 'NONE', ( #468 ), #441, .F. ) ;
#2377 = VECTOR ( 'NONE', #3821, 1000.000000000000000 ) ;
#2378 = ORIENTED_EDGE ( 'NONE', *, *, #2224, .F. ) ;
#2379 = VERTEX_POINT ( 'NONE', #991 ) ;
#2380 = PLANE ( 'NONE',  #936 ) ;
#2381 = EDGE_CURVE ( 'NONE', #613, #3233, #419, .T. ) ;
#2382 = VECTOR ( 'NONE', #5461, 1000.000000000000000 ) ;
#2383 = ORIENTED_EDGE ( 'NONE', *, *, #2002, .F. ) ;
#2384 = ORIENTED_EDGE ( 'NONE', *, *, #3926, .T. ) ;
#2385 = EDGE_CURVE ( 'NONE', #4881, #749, #2287, .T. ) ;
#2386 = CARTESIAN_POINT ( 'NONE',  ( 1.449999999999999956, 0.08000000000000004330, -0.7200000000000000844 ) ) ;
#2387 = VECTOR ( 'NONE', #5020, 1000.000000000000000 ) ;
#2388 = ORIENTED_EDGE ( 'NONE', *, *, #1213, .T. ) ;
#2389 = DIRECTION ( 'NONE',  ( 1.000000000000000000, 0.000000000000000000, -0.000000000000000000 ) ) ;
#2390 = AXIS2_PLACEMENT_3D ( 'NONE', #4347, #4761, #5222 ) ;
#2391 = VECTOR ( 'NONE', #4687, 1000.000000000000000 ) ;
#2392 = ORIENTED_EDGE ( 'NONE', *, *, #5528, .T. ) ;
#2393 = DIRECTION ( 'NONE',  ( 0.000000000000000000, -1.000000000000000000, 0.000000000000000000 ) ) ;
#2394 = LINE ( 'NONE', #632, #4406 ) ;
#2395 = DIRECTION ( 'NONE',  ( 0.000000000000000000, 0.000000000000000000, -1.000000000000000000 ) ) ;
#2396 = ORIENTED_EDGE ( 'NONE', *, *, #5449, .T. ) ;
#2397 = EDGE_CURVE ( 'NONE', #4958, #5410, #2371, .T. ) ;
#2398 = CARTESIAN_POINT ( 'NONE',  ( -1.200000000000000178, 0.07999999999999998779, -0.7999999999999994893 ) ) ;
#2399 = ORIENTED_EDGE ( 'NONE', *, *, #3156, .T. ) ;
#2400 = LINE ( 'NONE', #738, #2531 ) ;
#2401 = ORIENTED_EDGE ( 'NONE', *, *, #3573, .T. ) ;
#2402 = PLANE ( 'NONE',  #1095 ) ;
#2403 = CARTESIAN_POINT ( 'NONE',  ( 1.600000000000000089, 0.5200000000000001288, 0.7200000000000001954 ) ) ;
#2404 = PRODUCT_RELATED_PRODUCT_CATEGORY ( 'part', '', ( #2211 ) ) ;
#2405 = VERTEX_POINT ( 'NONE', #5547 ) ;
#2406 = AXIS2_PLACEMENT_3D ( 'NONE', #4513, #4144, #5437 ) ;
#2407 = CIRCLE ( 'NONE', #4532, 0.2299999999999999545 ) ;
#2408 = ORIENTED_EDGE ( 'NONE', *, *, #4799, .F. ) ;
#2409 = ORIENTED_EDGE ( 'NONE', *, *, #757, .T. ) ;
#2410 = EDGE_CURVE ( 'NONE', #2891, #210, #2243, .T. ) ;
#2411 = PLANE ( 'NONE',  #1173 ) ;
#2412 = CYLINDRICAL_SURFACE ( 'NONE', #2716, 0.2299999999999999545 ) ;
#2413 = EDGE_LOOP ( 'NONE', ( #5343, #5763, #5747, #3355 ) ) ;
#2414 = PLANE ( 'NONE',  #5013 ) ;
#2415 = CIRCLE ( 'NONE', #324, 0.1500000000000000777 ) ;
#2416 = ORIENTED_EDGE ( 'NONE', *, *, #1702, .T. ) ;
#2417 = FACE_OUTER_BOUND ( 'NONE', #5224, .T. ) ;
#2418 = ADVANCED_FACE ( 'NONE', ( #322 ), #1937, .F. ) ;
#2419 = ORIENTED_EDGE ( 'NONE', *, *, #5320, .T. ) ;
#2420 = ORIENTED_EDGE ( 'NONE', *, *, #472, .T. ) ;
#2421 = LINE ( 'NONE', #3062, #2515 ) ;
#2422 = ORIENTED_EDGE ( 'NONE', *, *, #2200, .F. ) ;
#2423 = ORIENTED_EDGE ( 'NONE', *, *, #5157, .F. ) ;
#2424 = CARTESIAN_POINT ( 'NONE',  ( 0.6499999999999998002, 0.6000000000000004219, 0.8000000000000001554 ) ) ;
#2425 = CARTESIAN_POINT ( 'NONE',  ( 0.3999999999999999667, 0.07999999999999998779, -0.7999999999999994893 ) ) ;
#2426 = PRESENTATION_STYLE_ASSIGNMENT (( #4615 ) ) ;
#2427 = ORIENTED_EDGE ( 'NONE', *, *, #1831, .F. ) ;
#2428 = VERTEX_POINT ( 'NONE', #5475 ) ;
#2429 = DIRECTION ( 'NONE',  ( 0.000000000000000000, 0.000000000000000000, 1.000000000000000000 ) ) ;
#2430 = VECTOR ( 'NONE', #4676, 1000.000000000000000 ) ;
#2431 = VERTEX_POINT ( 'NONE', #550 ) ;
#2432 = EDGE_CURVE ( 'NONE', #2834, #1347, #4336, .T. ) ;
#2433 = DIRECTION ( 'NONE',  ( 0.000000000000000000, 0.000000000000000000, 1.000000000000000000 ) ) ;
#2434 = DIRECTION ( 'NONE',  ( -0.000000000000000000, -1.000000000000000000, 1.084202172485504237E-15 ) ) ;
#2435 = CARTESIAN_POINT ( 'NONE',  ( 0.9499999999999997335, 0.08000000000000004330, -0.7200000000000000844 ) ) ;
#2436 = ORIENTED_EDGE ( 'NONE', *, *, #4002, .F. ) ;
#2437 = CARTESIAN_POINT ( 'NONE',  ( -0.9500000000000002887, 0.6000000000000003109, -0.5000000000000002220 ) ) ;
#2438 = CARTESIAN_POINT ( 'NONE',  ( -0.9500000000000002887, 0.6000000000000003109, -0.5000000000000002220 ) ) ;
#2439 = CARTESIAN_POINT ( 'NONE',  ( -1.415638586528477960, 0.000000000000000000, 0.7200000000000001954 ) ) ;
#2440 = ORIENTED_EDGE ( 'NONE', *, *, #3146, .F. ) ;
#2441 = CARTESIAN_POINT ( 'NONE',  ( 1.200000000000000178, -0.4342956348249531473, -0.7999999999999989342 ) ) ;
#2442 = ORIENTED_EDGE ( 'NONE', *, *, #4509, .T. ) ;
#2443 = LINE ( 'NONE', #149, #615 ) ;
#2444 = DIRECTION ( 'NONE',  ( 0.000000000000000000, 1.000000000000000000, -1.084202172485504237E-15 ) ) ;
#2445 = ORIENTED_EDGE ( 'NONE', *, *, #4276, .T. ) ;
#2446 = CARTESIAN_POINT ( 'NONE',  ( 1.449999999999999956, 0.6000000000000004219, -0.8000000000000001554 ) ) ;
#2447 = EDGE_CURVE ( 'NONE', #776, #5033, #2275, .T. ) ;
#2448 = CARTESIAN_POINT ( 'NONE',  ( 0.3999999999999999667, 0.07999999999999996003, -0.5699999999999995071 ) ) ;
#2449 = ORIENTED_EDGE ( 'NONE', *, *, #1247, .F. ) ;
#2450 = VECTOR ( 'NONE', #1737, 1000.000000000000000 ) ;
#2451 = ORIENTED_EDGE ( 'NONE', *, *, #5145, .T. ) ;
#2452 = ORIENTED_EDGE ( 'NONE', *, *, #5487, .F. ) ;
#2453 = DIRECTION ( 'NONE',  ( 0.000000000000000000, 0.000000000000000000, 1.000000000000000000 ) ) ;
#2454 = VECTOR ( 'NONE', #4171, 1000.000000000000000 ) ;
#2455 = EDGE_CURVE ( 'NONE', #1162, #1620, #274, .T. ) ;
#2456 = ORIENTED_EDGE ( 'NONE', *, *, #3780, .T. ) ;
#2457 = CARTESIAN_POINT ( 'NONE',  ( -0.1500000000000002720, 0.5200000000000001288, 1.332541078227774012 ) ) ;
#2458 = VERTEX_POINT ( 'NONE', #3276 ) ;
#2459 = LINE ( 'NONE', #5412, #509 ) ;
#2460 = ORIENTED_EDGE ( 'NONE', *, *, #4888, .T. ) ;
#2461 = ORIENTED_EDGE ( 'NONE', *, *, #2745, .T. ) ;
#2462 = LINE ( 'NONE', #4713, #4497 ) ;
#2463 = EDGE_LOOP ( 'NONE', ( #2314, #2734, #4202, #641 ) ) ;
#2464 = EDGE_CURVE ( 'NONE', #4014, #4901, #2297, .T. ) ;
#2465 = CARTESIAN_POINT ( 'NONE',  ( -0.2499999999999998890, 9.795786256852390061E-32, 0.8000000000000000444 ) ) ;
#2466 = VERTEX_POINT ( 'NONE', #4105 ) ;
#2467 = CARTESIAN_POINT ( 'NONE',  ( 0.6499999999999998002, 0.5200000000000001288, -0.8000000000000001554 ) ) ;
#2468 = EDGE_CURVE ( 'NONE', #3483, #1156, #352, .T. ) ;
#2469 = CARTESIAN_POINT ( 'NONE',  ( -0.4000000000000000777, 0.000000000000000000, -0.6500000000000001332 ) ) ;
#2470 = ADVANCED_FACE ( 'NONE', ( #4270 ), #1033, .F. ) ;
#2471 = AXIS2_PLACEMENT_3D ( 'NONE', #3136, #1787, #5324 ) ;
#2472 = ORIENTED_EDGE ( 'NONE', *, *, #4426, .F. ) ;
#2473 = DIRECTION ( 'NONE',  ( 0.000000000000000000, -1.000000000000000000, 3.614007241618349264E-16 ) ) ;
#2474 = ORIENTED_EDGE ( 'NONE', *, *, #285, .F. ) ;
#2475 = AXIS2_PLACEMENT_3D ( 'NONE', #2529, #4653, #3770 ) ;
#2476 = LINE ( 'NONE', #2334, #621 ) ;
#2477 = ORIENTED_EDGE ( 'NONE', *, *, #3859, .T. ) ;
#2478 = DIRECTION ( 'NONE',  ( 1.000000000000000000, 0.000000000000000000, 0.000000000000000000 ) ) ;
#2479 = EDGE_CURVE ( 'NONE', #4635, #2165, #2415, .T. ) ;
#2480 = CARTESIAN_POINT ( 'NONE',  ( 0.6499999999999998002, 0.6000000000000004219, 0.8000000000000001554 ) ) ;
#2481 = CARTESIAN_POINT ( 'NONE',  ( 0.6499999999999998002, -3.231750982573322946E-17, 0.4500000000000000666 ) ) ;
#2482 = ORIENTED_EDGE ( 'NONE', *, *, #1831, .T. ) ;
#2483 = CARTESIAN_POINT ( 'NONE',  ( -0.1843614134715219621, 0.07999999999999997391, 0.7200000000000000844 ) ) ;
#2484 = VECTOR ( 'NONE', #5617, 1000.000000000000000 ) ;
#2485 = VERTEX_POINT ( 'NONE', #4181 ) ;
#2486 = CARTESIAN_POINT ( 'NONE',  ( -0.9500000000000002887, 0.6000000000000003109, 0.5000000000000002220 ) ) ;
#2487 = VERTEX_POINT ( 'NONE', #4262 ) ;
#2488 = AXIS2_PLACEMENT_3D ( 'NONE', #5653, #1682, #4312 ) ;
#2489 = CARTESIAN_POINT ( 'NONE',  ( 1.600000000000000089, 0.6999999999999999556, 0.5000000000000003331 ) ) ;
#2490 = CARTESIAN_POINT ( 'NONE',  ( 1.450000000000000400, 0.08000000000000004330, -0.7200000000000000844 ) ) ;
#2491 = VECTOR ( 'NONE', #2163, 1000.000000000000000 ) ;
#2492 = ORIENTED_EDGE ( 'NONE', *, *, #2839, .F. ) ;
#2493 = AXIS2_PLACEMENT_3D ( 'NONE', #5089, #1880, #69 ) ;
#2494 = DIRECTION ( 'NONE',  ( -1.000000000000000000, -0.000000000000000000, 0.000000000000000000 ) ) ;
#2495 = ORIENTED_EDGE ( 'NONE', *, *, #4521, .T. ) ;
#2496 = VECTOR ( 'NONE', #364, 1000.000000000000000 ) ;
#2497 = ORIENTED_EDGE ( 'NONE', *, *, #1627, .F. ) ;
#2498 = VERTEX_POINT ( 'NONE', #1192 ) ;
#2499 = PLANE ( 'NONE',  #5272 ) ;
#2500 = VECTOR ( 'NONE', #5694, 1000.000000000000000 ) ;
#2501 = EDGE_LOOP ( 'NONE', ( #4807, #3019, #729, #2935 ) ) ;
#2502 = VERTEX_POINT ( 'NONE', #2483 ) ;
#2503 = LINE ( 'NONE', #989, #2589 ) ;
#2504 = VERTEX_POINT ( 'NONE', #1232 ) ;
#2505 = ORIENTED_EDGE ( 'NONE', *, *, #3838, .T. ) ;
#2506 = VERTEX_POINT ( 'NONE', #2010 ) ;
#2507 = DIRECTION ( 'NONE',  ( 0.000000000000000000, -1.000000000000000000, -3.614007241618349264E-16 ) ) ;
#2508 = ORIENTED_EDGE ( 'NONE', *, *, #2703, .T. ) ;
#2509 = CARTESIAN_POINT ( 'NONE',  ( -0.6156385865284779157, 0.08000000000000009881, 0.7200000000000001954 ) ) ;
#2510 = DIRECTION ( 'NONE',  ( -1.000000000000000000, 0.000000000000000000, 0.000000000000000000 ) ) ;
#2511 = LINE ( 'NONE', #2130, #4512 ) ;
#2512 = EDGE_CURVE ( 'NONE', #4142, #3509, #2251, .T. ) ;
#2513 = ORIENTED_EDGE ( 'NONE', *, *, #2224, .T. ) ;
#2514 = ORIENTED_EDGE ( 'NONE', *, *, #771, .T. ) ;
#2515 = VECTOR ( 'NONE', #1286, 1000.000000000000000 ) ;
#2516 = VERTEX_POINT ( 'NONE', #5680 ) ;
#2517 = CARTESIAN_POINT ( 'NONE',  ( -0.6500000000000002442, 0.5200000000000001288, -0.8000000000000001554 ) ) ;
#2518 = DIRECTION ( 'NONE',  ( 0.000000000000000000, -1.000000000000000000, -1.003890900449541202E-16 ) ) ;
#2519 = PRESENTATION_LAYER_ASSIGNMENT (  '', '', ( #4938 ) ) ;
#2520 = EDGE_LOOP ( 'NONE', ( #4400, #2113, #3656, #420 ) ) ;
#2521 = CARTESIAN_POINT ( 'NONE',  ( 0.1843614134715218511, 0.5200000000000001288, -0.7200000000000000844 ) ) ;
#2522 = VECTOR ( 'NONE', #4063, 1000.000000000000000 ) ;
#2523 = ADVANCED_FACE ( 'NONE', ( #2345 ), #4843, .F. ) ;
#2524 = CARTESIAN_POINT ( 'NONE',  ( -0.1500000000000002720, 0.08000000000000004330, -0.7200000000000000844 ) ) ;
#2525 = ORIENTED_EDGE ( 'NONE', *, *, #2528, .F. ) ;
#2526 = CARTESIAN_POINT ( 'NONE',  ( 2.616070863670443725, 0.6999999999999999556, -0.5000000000000003331 ) ) ;
#2527 = ORIENTED_EDGE ( 'NONE', *, *, #2978, .T. ) ;
#2528 = EDGE_CURVE ( 'NONE', #909, #4660, #4229, .T. ) ;
#2529 = CARTESIAN_POINT ( 'NONE',  ( -0.9500000000000002887, -3.231750982573322946E-17, 0.8000000000000000444 ) ) ;
#2530 = CARTESIAN_POINT ( 'NONE',  ( -0.9500000000000002887, 0.5200000000000001288, -0.7200000000000000844 ) ) ;
#2531 = VECTOR ( 'NONE', #1207, 1000.000000000000000 ) ;
#2532 = CARTESIAN_POINT ( 'NONE',  ( -0.9500000000000002887, 0.6000000000000004219, 0.8000000000000001554 ) ) ;
#2533 = ORIENTED_EDGE ( 'NONE', *, *, #477, .F. ) ;
#2534 = ORIENTED_EDGE ( 'NONE', *, *, #4511, .T. ) ;
#2535 = EDGE_CURVE ( 'NONE', #988, #511, #4294, .T. ) ;
#2536 = LINE ( 'NONE', #5648, #4484 ) ;
#2537 = ORIENTED_EDGE ( 'NONE', *, *, #2674, .T. ) ;
#2538 = VERTEX_POINT ( 'NONE', #5313 ) ;
#2539 = DIRECTION ( 'NONE',  ( 0.000000000000000000, 0.000000000000000000, -1.000000000000000000 ) ) ;
#2540 = FACE_OUTER_BOUND ( 'NONE', #3371, .T. ) ;
#2541 = EDGE_LOOP ( 'NONE', ( #304, #2388, #4243, #701, #2271, #4271, #2482 ) ) ;
#2542 = CARTESIAN_POINT ( 'NONE',  ( -0.9500000000000002887, -3.231750982573322946E-17, -0.8000000000000000444 ) ) ;
#2543 = ORIENTED_EDGE ( 'NONE', *, *, #4195, .T. ) ;
#2544 = VECTOR ( 'NONE', #1569, 1000.000000000000000 ) ;
#2545 = ORIENTED_EDGE ( 'NONE', *, *, #1885, .T. ) ;
#2546 = EDGE_CURVE ( 'NONE', #4994, #3991, #405, .T. ) ;
#2547 = ORIENTED_EDGE ( 'NONE', *, *, #1563, .F. ) ;
#2548 = LINE ( 'NONE', #7, #399 ) ;
#2549 = EDGE_LOOP ( 'NONE', ( #2034, #1970, #5778, #3761 ) ) ;
#2550 = PLANE ( 'NONE',  #4894 ) ;
#2551 = CARTESIAN_POINT ( 'NONE',  ( 0.6499999999999998002, 0.08000000000000004330, 1.332541078227774012 ) ) ;
#2552 = AXIS2_PLACEMENT_3D ( 'NONE', #239, #1274, #3834 ) ;
#2553 = DIRECTION ( 'NONE',  ( 0.000000000000000000, 7.228014483236692611E-16, -1.000000000000000000 ) ) ;
#2554 = VERTEX_POINT ( 'NONE', #2051 ) ;
#2555 = AXIS2_PLACEMENT_3D ( 'NONE', #408, #1468, #2307 ) ;
#2556 = DIRECTION ( 'NONE',  ( -1.000000000000000000, -0.000000000000000000, -0.000000000000000000 ) ) ;
#2557 = SURFACE_STYLE_USAGE ( .BOTH. , #1264 ) ;
#2558 = CIRCLE ( 'NONE', #1287, 0.2299999999999999545 ) ;
#2559 = ORIENTED_EDGE ( 'NONE', *, *, #690, .T. ) ;
#2560 = CARTESIAN_POINT ( 'NONE',  ( -0.1500000000000001887, 0.08000000000000004330, 0.7200000000000001954 ) ) ;
#2561 = EDGE_CURVE ( 'NONE', #2331, #909, #4246, .T. ) ;
#2562 = LINE ( 'NONE', #4094, #561 ) ;
#2563 = VERTEX_POINT ( 'NONE', #1572 ) ;
#2564 = DIRECTION ( 'NONE',  ( 0.000000000000000000, -3.614007241618349264E-16, -1.000000000000000000 ) ) ;
#2565 = DIRECTION ( 'NONE',  ( -0.000000000000000000, 1.000000000000000000, -0.000000000000000000 ) ) ;
#2566 = AXIS2_PLACEMENT_3D ( 'NONE', #3191, #3636, #503 ) ;
#2567 = ORIENTED_EDGE ( 'NONE', *, *, #1931, .F. ) ;
#2568 = AXIS2_PLACEMENT_3D ( 'NONE', #163, #677, #1153 ) ;
#2569 = VECTOR ( 'NONE', #3829, 1000.000000000000000 ) ;
#2570 = DIRECTION ( 'NONE',  ( -0.000000000000000000, 1.000000000000000000, -0.000000000000000000 ) ) ;
#2571 = VERTEX_POINT ( 'NONE', #4222 ) ;
#2572 = DIRECTION ( 'NONE',  ( 0.000000000000000000, -1.000000000000000000, 0.000000000000000000 ) ) ;
#2573 = DIRECTION ( 'NONE',  ( -1.000000000000000000, -0.000000000000000000, -0.000000000000000000 ) ) ;
#2574 = LINE ( 'NONE', #1633, #4517 ) ;
#2575 = ORIENTED_EDGE ( 'NONE', *, *, #3688, .F. ) ;
#2576 = MANIFOLD_SOLID_BREP ( 'LPattern2[6]', #4198 ) ;
#2577 = DIRECTION ( 'NONE',  ( 0.000000000000000000, -1.000000000000000000, 3.614007241618349264E-16 ) ) ;
#2578 = DIRECTION ( 'NONE',  ( 1.000000000000000000, -0.000000000000000000, 0.000000000000000000 ) ) ;
#2579 = ORIENTED_EDGE ( 'NONE', *, *, #1442, .F. ) ;
#2580 = CIRCLE ( 'NONE', #2903, 0.2299999999999999545 ) ;
#2581 = ADVANCED_FACE ( 'NONE', ( #4380 ), #1270, .F. ) ;
#2582 = ORIENTED_EDGE ( 'NONE', *, *, #3059, .T. ) ;
#2583 = DIRECTION ( 'NONE',  ( 0.000000000000000000, 0.000000000000000000, -1.000000000000000000 ) ) ;
#2584 = DIRECTION ( 'NONE',  ( 1.000000000000000000, 0.000000000000000000, -0.000000000000000000 ) ) ;
#2585 = VECTOR ( 'NONE', #1598, 1000.000000000000000 ) ;
#2586 = ORIENTED_EDGE ( 'NONE', *, *, #2381, .T. ) ;
#2587 = CARTESIAN_POINT ( 'NONE',  ( -1.200000000000000178, 0.6000000000000004219, -0.8000000000000001554 ) ) ;
#2588 = ORIENTED_EDGE ( 'NONE', *, *, #2593, .F. ) ;
#2589 = VECTOR ( 'NONE', #4104, 1000.000000000000000 ) ;
#2590 = VERTEX_POINT ( 'NONE', #5270 ) ;
#2591 = ORIENTED_EDGE ( 'NONE', *, *, #3053, .T. ) ;
#2592 = DIRECTION ( 'NONE',  ( 0.000000000000000000, -1.000000000000000000, 0.000000000000000000 ) ) ;
#2593 = EDGE_CURVE ( 'NONE', #1716, #2768, #382, .T. ) ;
#2594 = ADVANCED_FACE ( 'NONE', ( #423 ), #4355, .F. ) ;
#2595 = DIRECTION ( 'NONE',  ( 0.000000000000000000, 1.000000000000000000, -1.084202172485504237E-15 ) ) ;
#2596 = ORIENTED_EDGE ( 'NONE', *, *, #2625, .F. ) ;
#2597 = DIRECTION ( 'NONE',  ( 0.000000000000000000, 1.003890900449541202E-16, 1.000000000000000000 ) ) ;
#2598 = DIRECTION ( 'NONE',  ( 0.000000000000000000, -1.000000000000000000, -1.807003620809172906E-16 ) ) ;
#2599 = LINE ( 'NONE', #4553, #2522 ) ;
#2600 = VERTEX_POINT ( 'NONE', #3087 ) ;
#2601 = VECTOR ( 'NONE', #3532, 1000.000000000000000 ) ;
#2602 = AXIS2_PLACEMENT_3D ( 'NONE', #5505, #5146, #2963 ) ;
#2603 = VERTEX_POINT ( 'NONE', #3542 ) ;
#2604 = CARTESIAN_POINT ( 'NONE',  ( 0.9843614134715216180, -0.4342956348249531473, -0.7200000000000000844 ) ) ;
#2605 = CARTESIAN_POINT ( 'NONE',  ( 1.600000000000000089, 0.08000000000000004330, 0.7200000000000001954 ) ) ;
#2606 = ORIENTED_EDGE ( 'NONE', *, *, #3988, .T. ) ;
#2607 =( LENGTH_UNIT ( ) NAMED_UNIT ( * ) SI_UNIT ( .MILLI., .METRE. ) );
#2608 = VECTOR ( 'NONE', #2206, 1000.000000000000000 ) ;
#2609 = DIRECTION ( 'NONE',  ( -0.000000000000000000, 1.000000000000000000, -0.000000000000000000 ) ) ;
#2610 = EDGE_LOOP ( 'NONE', ( #862, #4495, #4302, #4245 ) ) ;
#2611 = LINE ( 'NONE', #4218, #661 ) ;
#2612 = ORIENTED_EDGE ( 'NONE', *, *, #2613, .F. ) ;
#2613 = EDGE_CURVE ( 'NONE', #2538, #1045, #434, .T. ) ;
#2614 = ORIENTED_EDGE ( 'NONE', *, *, #4214, .T. ) ;
#2615 = EDGE_CURVE ( 'NONE', #2825, #2167, #2394, .T. ) ;
#2616 = CARTESIAN_POINT ( 'NONE',  ( 1.450000000000000400, 0.5200000000000001288, -1.264865571966778734 ) ) ;
#2617 = FACE_OUTER_BOUND ( 'NONE', #2951, .T. ) ;
#2618 = EDGE_LOOP ( 'NONE', ( #2803, #4617, #2145, #722 ) ) ;
#2619 = FILL_AREA_STYLE ('',( #1722 ) ) ;
#2620 = EDGE_LOOP ( 'NONE', ( #1195, #748, #731, #1316, #5167, #4788, #5109, #2863 ) ) ;
#2621 = DIRECTION ( 'NONE',  ( 0.000000000000000000, 0.000000000000000000, 1.000000000000000000 ) ) ;
#2622 = LINE ( 'NONE', #754, #4573 ) ;
#2623 = ORIENTED_EDGE ( 'NONE', *, *, #4579, .T. ) ;
#2624 = PLANE ( 'NONE',  #307 ) ;
#2625 = EDGE_CURVE ( 'NONE', #4627, #5159, #327, .T. ) ;
#2626 = ORIENTED_EDGE ( 'NONE', *, *, #1170, .T. ) ;
#2627 = VECTOR ( 'NONE', #347, 1000.000000000000000 ) ;
#2628 = ADVANCED_FACE ( 'NONE', ( #2362 ), #300, .T. ) ;
#2629 = ORIENTED_EDGE ( 'NONE', *, *, #3209, .F. ) ;
#2630 = VERTEX_POINT ( 'NONE', #1609 ) ;
#2631 = LINE ( 'NONE', #1424, #4583 ) ;
#2632 = PLANE ( 'NONE',  #5563 ) ;
#2633 = ORIENTED_EDGE ( 'NONE', *, *, #2152, .F. ) ;
#2634 = CARTESIAN_POINT ( 'NONE',  ( 1.449999999999999956, 0.08000000000000004330, 0.7200000000000000844 ) ) ;
#2635 = CARTESIAN_POINT ( 'NONE',  ( 0.6499999999999998002, 0.08000000000000001554, -0.4500000000000000666 ) ) ;
#2636 = CARTESIAN_POINT ( 'NONE',  ( -0.1500000000000002720, 0.08000000000000001554, -0.4500000000000000666 ) ) ;
#2637 = EDGE_CURVE ( 'NONE', #5462, #715, #337, .T. ) ;
#2638 = EDGE_LOOP ( 'NONE', ( #1500, #5383, #3342, #1485, #5787, #3898, #3923 ) ) ;
#2639 = CARTESIAN_POINT ( 'NONE',  ( -0.9500000000000002887, 0.5200000000000001288, 0.7200000000000000844 ) ) ;
#2640 = CARTESIAN_POINT ( 'NONE',  ( -1.200000000000000178, 0.000000000000000000, -0.8000000000000001554 ) ) ;
#2641 = ORIENTED_EDGE ( 'NONE', *, *, #1516, .T. ) ;
#2642 = VERTEX_POINT ( 'NONE', #4961 ) ;
#2643 = CARTESIAN_POINT ( 'NONE',  ( 0.4000000000000001887, 0.5200000000000001288, 0.8000000000000004885 ) ) ;
#2644 = VECTOR ( 'NONE', #3702, 1000.000000000000000 ) ;
#2645 = DIRECTION ( 'NONE',  ( -1.000000000000000000, -0.000000000000000000, 0.000000000000000000 ) ) ;
#2646 = CARTESIAN_POINT ( 'NONE',  ( -0.4000000000000000777, 0.000000000000000000, -0.8000000000000001554 ) ) ;
#2647 = FACE_OUTER_BOUND ( 'NONE', #4011, .T. ) ;
#2648 = AXIS2_PLACEMENT_3D ( 'NONE', #4028, #3326, #4992 ) ;
#2649 = VERTEX_POINT ( 'NONE', #2735 ) ;
#2650 = ADVANCED_FACE ( 'NONE', ( #4306 ), #2653, .F. ) ;
#2651 = DIRECTION ( 'NONE',  ( -0.000000000000000000, 1.000000000000000000, 0.000000000000000000 ) ) ;
#2652 = ORIENTED_EDGE ( 'NONE', *, *, #3358, .F. ) ;
#2653 = PLANE ( 'NONE',  #5533 ) ;
#2654 = ORIENTED_EDGE ( 'NONE', *, *, #3813, .F. ) ;
#2655 = CARTESIAN_POINT ( 'NONE',  ( -0.1500000000000002720, -3.231750982573322946E-17, 0.4500000000000000666 ) ) ;
#2656 = ORIENTED_EDGE ( 'NONE', *, *, #3447, .T. ) ;
#2657 = CARTESIAN_POINT ( 'NONE',  ( 0.9499999999999998446, 0.6000000000000003109, 0.5000000000000002220 ) ) ;
#2658 = LINE ( 'NONE', #2296, #2805 ) ;
#2659 = LINE ( 'NONE', #1911, #2850 ) ;
#2660 = ORIENTED_EDGE ( 'NONE', *, *, #5571, .T. ) ;
#2661 = DIRECTION ( 'NONE',  ( 0.000000000000000000, -0.000000000000000000, 1.000000000000000000 ) ) ;
#2662 = EDGE_LOOP ( 'NONE', ( #1127, #5027, #2932, #4689 ) ) ;
#2663 = VERTEX_POINT ( 'NONE', #1309 ) ;
#2664 = EDGE_CURVE ( 'NONE', #2126, #2879, #409, .T. ) ;
#2665 = VERTEX_POINT ( 'NONE', #3613 ) ;
#2666 =( NAMED_UNIT ( * ) PLANE_ANGLE_UNIT ( ) SI_UNIT ( $, .RADIAN. ) );
#2667 = PLANE ( 'NONE',  #505 ) ;
#2668 = LINE ( 'NONE', #94, #2809 ) ;
#2669 = ORIENTED_EDGE ( 'NONE', *, *, #4214, .F. ) ;
#2670 = EDGE_CURVE ( 'NONE', #3554, #2990, #344, .T. ) ;
#2671 = ORIENTED_EDGE ( 'NONE', *, *, #3517, .F. ) ;
#2672 = ORIENTED_EDGE ( 'NONE', *, *, #1370, .T. ) ;
#2673 = VERTEX_POINT ( 'NONE', #3650 ) ;
#2674 = EDGE_CURVE ( 'NONE', #3202, #190, #4418, .T. ) ;
#2675 = ORIENTED_EDGE ( 'NONE', *, *, #5630, .T. ) ;
#2676 = VECTOR ( 'NONE', #5582, 1000.000000000000000 ) ;
#2677 = ORIENTED_EDGE ( 'NONE', *, *, #1804, .F. ) ;
#2678 = DIRECTION ( 'NONE',  ( 0.000000000000000000, -3.614007241618349264E-16, 1.000000000000000000 ) ) ;
#2679 = CARTESIAN_POINT ( 'NONE',  ( 0.1499999999999997446, 0.6000000000000004219, 0.8000000000000001554 ) ) ;
#2680 = ORIENTED_EDGE ( 'NONE', *, *, #3743, .T. ) ;
#2681 = EDGE_CURVE ( 'NONE', #4726, #4, #4329, .T. ) ;
#2682 = CARTESIAN_POINT ( 'NONE',  ( -1.450000000000000400, 0.5200000000000001288, 0.8000000000000000444 ) ) ;
#2683 = ADVANCED_FACE ( 'NONE', ( #392 ), #3579, .F. ) ;
#2684 = ORIENTED_EDGE ( 'NONE', *, *, #1630, .F. ) ;
#2685 = VERTEX_POINT ( 'NONE', #5770 ) ;
#2686 = LINE ( 'NONE', #5474, #705 ) ;
#2687 = CARTESIAN_POINT ( 'NONE',  ( 1.415638586528478404, 0.08000000000000009881, 0.7200000000000001954 ) ) ;
#2688 = EDGE_CURVE ( 'NONE', #301, #602, #2300, .T. ) ;
#2689 = CARTESIAN_POINT ( 'NONE',  ( 0.6499999999999998002, 0.000000000000000000, 0.000000000000000000 ) ) ;
#2690 = VECTOR ( 'NONE', #1576, 1000.000000000000000 ) ;
#2691 = ORIENTED_EDGE ( 'NONE', *, *, #737, .F. ) ;
#2692 = CARTESIAN_POINT ( 'NONE',  ( -1.450000000000000400, 0.000000000000000000, 0.000000000000000000 ) ) ;
#2693 = CARTESIAN_POINT ( 'NONE',  ( 1.600000000000000089, 0.08000000000000004330, -0.7200000000000000844 ) ) ;
#2694 = DIRECTION ( 'NONE',  ( -0.000000000000000000, 1.000000000000000000, 0.000000000000000000 ) ) ;
#2695 = EDGE_LOOP ( 'NONE', ( #4560, #3971, #4416, #500 ) ) ;
#2696 = DIRECTION ( 'NONE',  ( -0.000000000000000000, -0.000000000000000000, -1.000000000000000000 ) ) ;
#2697 = ORIENTED_EDGE ( 'NONE', *, *, #1321, .T. ) ;
#2698 = EDGE_CURVE ( 'NONE', #1529, #2133, #458, .T. ) ;
#2699 = DIRECTION ( 'NONE',  ( 0.000000000000000000, 0.000000000000000000, 1.000000000000000000 ) ) ;
#2700 = ORIENTED_EDGE ( 'NONE', *, *, #4570, .T. ) ;
#2701 = LINE ( 'NONE', #1978, #2953 ) ;
#2702 = EDGE_LOOP ( 'NONE', ( #3188, #3262, #4299, #3181, #5626, #1624, #2442 ) ) ;
#2703 = EDGE_CURVE ( 'NONE', #2458, #4958, #2337, .T. ) ;
#2704 = CARTESIAN_POINT ( 'NONE',  ( -0.9500000000000002887, 0.08000000000000004330, 0.8000000000000000444 ) ) ;
#2705 = ADVANCED_FACE ( 'NONE', ( #4286 ), #913, .F. ) ;
#2706 = MECHANICAL_DESIGN_GEOMETRIC_PRESENTATION_REPRESENTATION (  '', ( #3749 ), #228 ) ;
#2707 = ORIENTED_EDGE ( 'NONE', *, *, #2468, .T. ) ;
#2708 = VERTEX_POINT ( 'NONE', #4529 ) ;
#2709 = DIRECTION ( 'NONE',  ( 0.000000000000000000, -1.003890900449541079E-16, -1.000000000000000000 ) ) ;
#2710 = EDGE_CURVE ( 'NONE', #3880, #553, #2373, .T. ) ;
#2711 = VECTOR ( 'NONE', #1567, 1000.000000000000000 ) ;
#2712 = VECTOR ( 'NONE', #4516, 1000.000000000000000 ) ;
#2713 = ORIENTED_EDGE ( 'NONE', *, *, #1520, .F. ) ;
#2714 = UNCERTAINTY_MEASURE_WITH_UNIT (LENGTH_MEASURE( 1.000000000000000082E-05 ), #1751, 'distance_accuracy_value', 'NONE');
#2715 = CARTESIAN_POINT ( 'NONE',  ( -0.1500000000000002720, 0.08000000000000004330, -0.7200000000000000844 ) ) ;
#2716 = AXIS2_PLACEMENT_3D ( 'NONE', #2909, #2000, #5101 ) ;
#2717 = AXIS2_PLACEMENT_3D ( 'NONE', #2693, #5001, #4442 ) ;
#2718 = ORIENTED_EDGE ( 'NONE', *, *, #2014, .F. ) ;
#2719 = ORIENTED_EDGE ( 'NONE', *, *, #2479, .F. ) ;
#2720 = ORIENTED_EDGE ( 'NONE', *, *, #98, .F. ) ;
#2721 = EDGE_LOOP ( 'NONE', ( #4727, #270, #375, #4208 ) ) ;
#2722 = CARTESIAN_POINT ( 'NONE',  ( 1.449999999999999956, -3.231750982573322946E-17, -0.4500000000000000666 ) ) ;
#2723 = SURFACE_SIDE_STYLE ('',( #2142 ) ) ;
#2724 = ADVANCED_FACE ( 'NONE', ( #2254 ), #886, .T. ) ;
#2725 = CARTESIAN_POINT ( 'NONE',  ( -0.1500000000000002720, 0.08000000000000014044, 0.8000000000000000444 ) ) ;
#2726 = CARTESIAN_POINT ( 'NONE',  ( 0.3999999999999999667, 0.08000000000000009881, -0.8000000000000001554 ) ) ;
#2727 = DIRECTION ( 'NONE',  ( 0.000000000000000000, -1.003890900449541079E-16, 1.000000000000000000 ) ) ;
#2728 = VERTEX_POINT ( 'NONE', #3133 ) ;
#2729 = ORIENTED_EDGE ( 'NONE', *, *, #1213, .F. ) ;
#2730 = VECTOR ( 'NONE', #1380, 1000.000000000000000 ) ;
#2731 = ORIENTED_EDGE ( 'NONE', *, *, #1085, .F. ) ;
#2732 = CARTESIAN_POINT ( 'NONE',  ( 0.9499999999999998446, 0.5200000000000001288, -0.5000000000000002220 ) ) ;
#2733 = DIRECTION ( 'NONE',  ( -0.000000000000000000, 1.000000000000000000, 0.000000000000000000 ) ) ;
#2734 = ORIENTED_EDGE ( 'NONE', *, *, #1098, .T. ) ;
#2735 = CARTESIAN_POINT ( 'NONE',  ( 1.449999999999999956, 0.6000000000000004219, -0.8000000000000001554 ) ) ;
#2736 = ADVANCED_FACE ( 'NONE', ( #312 ), #4971, .F. ) ;
#2737 = ORIENTED_EDGE ( 'NONE', *, *, #930, .F. ) ;
#2738 = CARTESIAN_POINT ( 'NONE',  ( 0.6156385865284780268, 0.08000000000000009881, -0.7200000000000000844 ) ) ;
#2739 = EDGE_LOOP ( 'NONE', ( #3333, #3396, #3067, #3462, #782, #3304, #2720, #5246 ) ) ;
#2740 = DIRECTION ( 'NONE',  ( -1.000000000000000000, -0.000000000000000000, 0.000000000000000000 ) ) ;
#2741 = LINE ( 'NONE', #4602, #784 ) ;
#2742 = DIRECTION ( 'NONE',  ( -1.000000000000000000, 0.000000000000000000, -0.000000000000000000 ) ) ;
#2743 = FACE_OUTER_BOUND ( 'NONE', #5092, .T. ) ;
#2744 = ORIENTED_EDGE ( 'NONE', *, *, #1768, .F. ) ;
#2745 = EDGE_CURVE ( 'NONE', #708, #1201, #2291, .T. ) ;
#2746 = ORIENTED_EDGE ( 'NONE', *, *, #3733, .F. ) ;
#2747 = EDGE_LOOP ( 'NONE', ( #558, #3270, #2399, #1738 ) ) ;
#2748 = CARTESIAN_POINT ( 'NONE',  ( 0.6156385865284780268, 0.5200000000000001288, -0.7200000000000000844 ) ) ;
#2749 = DIRECTION ( 'NONE',  ( -0.000000000000000000, 1.000000000000000000, 1.003890900449541202E-16 ) ) ;
#2750 = VECTOR ( 'NONE', #4764, 1000.000000000000000 ) ;
#2751 = VECTOR ( 'NONE', #1832, 1000.000000000000000 ) ;
#2752 = CARTESIAN_POINT ( 'NONE',  ( 0.6499999999999998002, 0.6000000000000003109, 0.5000000000000002220 ) ) ;
#2753 = ADVANCED_FACE ( 'NONE', ( #4338 ), #4452, .F. ) ;
#2754 = DIRECTION ( 'NONE',  ( 0.000000000000000000, -1.000000000000000000, 0.000000000000000000 ) ) ;
#2755 = EDGE_CURVE ( 'NONE', #2428, #4908, #370, .T. ) ;
#2756 = EDGE_LOOP ( 'NONE', ( #2368, #568, #4320, #70 ) ) ;
#2757 = VERTEX_POINT ( 'NONE', #843 ) ;
#2758 = LINE ( 'NONE', #5268, #4711 ) ;
#2759 = ORIENTED_EDGE ( 'NONE', *, *, #4867, .F. ) ;
#2760 = DIRECTION ( 'NONE',  ( 0.000000000000000000, -1.000000000000000000, 0.000000000000000000 ) ) ;
#2761 = EDGE_CURVE ( 'NONE', #994, #4768, #2407, .T. ) ;
#2762 = DIRECTION ( 'NONE',  ( 0.000000000000000000, -1.000000000000000000, 0.000000000000000000 ) ) ;
#2763 = CARTESIAN_POINT ( 'NONE',  ( -0.1500000000000002720, -3.231750982573322946E-17, 0.4500000000000000666 ) ) ;
#2764 = DIRECTION ( 'NONE',  ( 0.000000000000000000, 1.000000000000000000, -1.084202172485504237E-15 ) ) ;
#2765 = DIRECTION ( 'NONE',  ( -0.000000000000000000, 1.000000000000000000, -0.000000000000000000 ) ) ;
#2766 = DIRECTION ( 'NONE',  ( -1.000000000000000000, -0.000000000000000000, -0.000000000000000000 ) ) ;
#2767 = ORIENTED_EDGE ( 'NONE', *, *, #2911, .F. ) ;
#2768 = VERTEX_POINT ( 'NONE', #429 ) ;
#2769 = FACE_OUTER_BOUND ( 'NONE', #1414, .T. ) ;
#2770 = LINE ( 'NONE', #4643, #2784 ) ;
#2771 = CARTESIAN_POINT ( 'NONE',  ( 0.1499999999999997446, -3.231750982573322946E-17, -0.8000000000000000444 ) ) ;
#2772 = EDGE_CURVE ( 'NONE', #4413, #829, #474, .T. ) ;
#2773 = ADVANCED_FACE ( 'NONE', ( #4351 ), #1484, .F. ) ;
#2774 = CARTESIAN_POINT ( 'NONE',  ( 1.050000000000000266, 0.000000000000000000, 0.8000000000000000444 ) ) ;
#2775 = CARTESIAN_POINT ( 'NONE',  ( -0.1500000000000002720, 0.08000000000000004330, 1.332541078227774012 ) ) ;
#2776 = ORIENTED_EDGE ( 'NONE', *, *, #3480, .T. ) ;
#2777 = DIRECTION ( 'NONE',  ( 0.000000000000000000, 0.000000000000000000, -1.000000000000000000 ) ) ;
#2778 = ORIENTED_EDGE ( 'NONE', *, *, #1630, .T. ) ;
#2779 = VERTEX_POINT ( 'NONE', #2155 ) ;
#2780 = CARTESIAN_POINT ( 'NONE',  ( -0.9500000000000002887, 0.5200000000000001288, 0.5000000000000002220 ) ) ;
#2781 = AXIS2_PLACEMENT_3D ( 'NONE', #5775, #369, #2699 ) ;
#2782 = VECTOR ( 'NONE', #1152, 1000.000000000000000 ) ;
#2783 = CARTESIAN_POINT ( 'NONE',  ( -0.4000000000000000777, 0.5200000000000001288, -0.8000000000000001554 ) ) ;
#2784 = VECTOR ( 'NONE', #1604, 1000.000000000000000 ) ;
#2785 = AXIS2_PLACEMENT_3D ( 'NONE', #5598, #2320, #2830 ) ;
#2786 = EDGE_CURVE ( 'NONE', #2985, #2506, #4206, .T. ) ;
#2787 = ADVANCED_FACE ( 'NONE', ( #2349 ), #4670, .F. ) ;
#2788 = ORIENTED_EDGE ( 'NONE', *, *, #1852, .F. ) ;
#2789 = VERTEX_POINT ( 'NONE', #2801 ) ;
#2790 = DIRECTION ( 'NONE',  ( 0.000000000000000000, 1.000000000000000000, 0.000000000000000000 ) ) ;
#2791 = EDGE_LOOP ( 'NONE', ( #2973, #5063, #1260, #5363 ) ) ;
#2792 = CARTESIAN_POINT ( 'NONE',  ( 0.9499999999999998446, -3.231750982573322946E-17, -0.8000000000000000444 ) ) ;
#2793 = CARTESIAN_POINT ( 'NONE',  ( 0.6156385865284782488, 0.08000000000000009881, 0.7200000000000001954 ) ) ;
#2794 = LINE ( 'NONE', #546, #772 ) ;
#2795 = STYLED_ITEM ( 'NONE', ( #2012 ), #4505 ) ;
#2796 = AXIS2_PLACEMENT_3D ( 'NONE', #589, #4598, #1533 ) ;
#2797 = CARTESIAN_POINT ( 'NONE',  ( 1.450000000000000400, 0.5200000000000001288, -1.264865571966778734 ) ) ;
#2798 = DIRECTION ( 'NONE',  ( 0.000000000000000000, 0.000000000000000000, 1.000000000000000000 ) ) ;
#2799 = VERTEX_POINT ( 'NONE', #4719 ) ;
#2800 = DIRECTION ( 'NONE',  ( 0.000000000000000000, -1.000000000000000000, 0.000000000000000000 ) ) ;
#2801 = CARTESIAN_POINT ( 'NONE',  ( 0.6499999999999998002, 0.5200000000000001288, 0.7200000000000000844 ) ) ;
#2802 = VERTEX_POINT ( 'NONE', #3699 ) ;
#2803 = ORIENTED_EDGE ( 'NONE', *, *, #5051, .F. ) ;
#2804 = VECTOR ( 'NONE', #3939, 1000.000000000000000 ) ;
#2805 = VECTOR ( 'NONE', #592, 1000.000000000000000 ) ;
#2806 = PLANE ( 'NONE',  #2833 ) ;
#2807 = DIRECTION ( 'NONE',  ( 0.000000000000000000, -3.614007241618349264E-16, 1.000000000000000000 ) ) ;
#2808 = CARTESIAN_POINT ( 'NONE',  ( 1.600000000000000089, 0.08000000000000004330, 0.7200000000000001954 ) ) ;
#2809 = VECTOR ( 'NONE', #1839, 1000.000000000000000 ) ;
#2810 = PLANE ( 'NONE',  #5195 ) ;
#2811 = DIRECTION ( 'NONE',  ( 0.000000000000000000, -1.000000000000000000, 0.000000000000000000 ) ) ;
#2812 = DIRECTION ( 'NONE',  ( -0.000000000000000000, 1.000000000000000000, 0.000000000000000000 ) ) ;
#2813 = DIRECTION ( 'NONE',  ( -1.000000000000000000, -0.000000000000000000, -0.000000000000000000 ) ) ;
#2814 = EDGE_LOOP ( 'NONE', ( #4633, #668, #657, #2513 ) ) ;
#2815 = EDGE_LOOP ( 'NONE', ( #1291, #952, #2700, #1378, #3446, #3311 ) ) ;
#2816 = CARTESIAN_POINT ( 'NONE',  ( 0.1499999999999997446, 0.5200000000000001288, 1.332541078227774012 ) ) ;
#2817 = VERTEX_POINT ( 'NONE', #4098 ) ;
#2818 = FACE_OUTER_BOUND ( 'NONE', #1588, .T. ) ;
#2819 = LINE ( 'NONE', #4060, #4548 ) ;
#2820 = CARTESIAN_POINT ( 'NONE',  ( 0.6499999999999998002, 0.08000000000000004330, 1.332541078227774012 ) ) ;
#2821 = PLANE ( 'NONE',  #3515 ) ;
#2822 = LINE ( 'NONE', #308, #4631 ) ;
#2823 = DIRECTION ( 'NONE',  ( 0.000000000000000000, -1.000000000000000000, 0.000000000000000000 ) ) ;
#2824 = DIRECTION ( 'NONE',  ( 0.000000000000000000, 1.000000000000000000, 0.000000000000000000 ) ) ;
#2825 = VERTEX_POINT ( 'NONE', #541 ) ;
#2826 = ORIENTED_EDGE ( 'NONE', *, *, #5503, .T. ) ;
#2827 = ORIENTED_EDGE ( 'NONE', *, *, #3059, .F. ) ;
#2828 = EDGE_CURVE ( 'NONE', #2323, #410, #4258, .T. ) ;
#2829 = VECTOR ( 'NONE', #2112, 1000.000000000000000 ) ;
#2830 = DIRECTION ( 'NONE',  ( 0.000000000000000000, 0.000000000000000000, 1.000000000000000000 ) ) ;
#2831 = ORIENTED_EDGE ( 'NONE', *, *, #88, .F. ) ;
#2832 = ADVANCED_FACE ( 'NONE', ( #4242 ), #5143, .F. ) ;
#2833 = AXIS2_PLACEMENT_3D ( 'NONE', #1535, #5613, #160 ) ;
#2834 = VERTEX_POINT ( 'NONE', #2959 ) ;
#2835 = ORIENTED_EDGE ( 'NONE', *, *, #4716, .T. ) ;
#2836 = ORIENTED_EDGE ( 'NONE', *, *, #350, .F. ) ;
#2837 = CARTESIAN_POINT ( 'NONE',  ( -1.199999999999999956, 0.000000000000000000, 0.8000000000000003775 ) ) ;
#2838 = VECTOR ( 'NONE', #161, 1000.000000000000000 ) ;
#2839 = EDGE_CURVE ( 'NONE', #2374, #1444, #289, .T. ) ;
#2840 = DIRECTION ( 'NONE',  ( 0.000000000000000000, 0.000000000000000000, 1.000000000000000000 ) ) ;
#2841 = ADVANCED_FACE ( 'NONE', ( #443 ), #4880, .T. ) ;
#2842 = VERTEX_POINT ( 'NONE', #3163 ) ;
#2843 = DIRECTION ( 'NONE',  ( -0.000000000000000000, 1.000000000000000000, 0.000000000000000000 ) ) ;
#2844 = VERTEX_POINT ( 'NONE', #2141 ) ;
#2845 = VERTEX_POINT ( 'NONE', #4391 ) ;
#2846 = CARTESIAN_POINT ( 'NONE',  ( 0.5499999999999999334, 0.6000000000000004219, -0.8000000000000001554 ) ) ;
#2847 = EDGE_CURVE ( 'NONE', #4305, #1555, #2325, .T. ) ;
#2848 = CARTESIAN_POINT ( 'NONE',  ( 1.449999999999999956, 0.5200000000000001288, -0.5000000000000002220 ) ) ;
#2849 = DIRECTION ( 'NONE',  ( 0.000000000000000000, 1.000000000000000000, 0.000000000000000000 ) ) ;
#2850 = VECTOR ( 'NONE', #2257, 1000.000000000000000 ) ;
#2851 = CARTESIAN_POINT ( 'NONE',  ( -0.1500000000000002720, 0.5200000000000001288, 0.7200000000000000844 ) ) ;
#2852 = DIRECTION ( 'NONE',  ( -1.000000000000000000, 0.000000000000000000, 0.000000000000000000 ) ) ;
#2853 = DIRECTION ( 'NONE',  ( 0.000000000000000000, -1.000000000000000000, 0.000000000000000000 ) ) ;
#2854 = CARTESIAN_POINT ( 'NONE',  ( 1.449999999999999956, 0.6000000000000003109, 0.5000000000000002220 ) ) ;
#2855 = DIRECTION ( 'NONE',  ( 0.000000000000000000, -1.000000000000000000, 1.807003620809172906E-16 ) ) ;
#2856 = ORIENTED_EDGE ( 'NONE', *, *, #3135, .F. ) ;
#2857 = ORIENTED_EDGE ( 'NONE', *, *, #5507, .T. ) ;
#2858 = LINE ( 'NONE', #4801, #4829 ) ;
#2859 = CARTESIAN_POINT ( 'NONE',  ( 0.5500000000000001554, 0.000000000000000000, 0.8000000000000000444 ) ) ;
#2860 = LINE ( 'NONE', #993, #4800 ) ;
#2861 = AXIS2_PLACEMENT_3D ( 'NONE', #4795, #4430, #903 ) ;
#2862 = AXIS2_PLACEMENT_3D ( 'NONE', #3570, #2304, #3965 ) ;
#2863 = ORIENTED_EDGE ( 'NONE', *, *, #5145, .F. ) ;
#2864 = DIRECTION ( 'NONE',  ( 0.000000000000000000, 0.000000000000000000, -1.000000000000000000 ) ) ;
#2865 = ORIENTED_EDGE ( 'NONE', *, *, #3573, .F. ) ;
#2866 = LINE ( 'NONE', #5225, #4810 ) ;
#2867 = CARTESIAN_POINT ( 'NONE',  ( -0.6500000000000002442, 0.08000000000000001554, -0.4500000000000000666 ) ) ;
#2868 = EDGE_CURVE ( 'NONE', #4914, #2834, #2459, .T. ) ;
#2869 = LINE ( 'NONE', #4108, #654 ) ;
#2870 = AXIS2_PLACEMENT_3D ( 'NONE', #1989, #5164, #4196 ) ;
#2871 = EDGE_LOOP ( 'NONE', ( #2606, #2157, #2194, #510, #4552, #830, #745 ) ) ;
#2872 = EDGE_LOOP ( 'NONE', ( #813, #4361, #2295, #543 ) ) ;
#2873 = AXIS2_PLACEMENT_3D ( 'NONE', #4407, #4891, #842 ) ;
#2874 = PLANE ( 'NONE',  #744 ) ;
#2875 = CARTESIAN_POINT ( 'NONE',  ( 1.600000000000000089, 0.08000000000000004330, -0.7200000000000000844 ) ) ;
#2876 = FACE_OUTER_BOUND ( 'NONE', #3851, .T. ) ;
#2877 = CARTESIAN_POINT ( 'NONE',  ( 1.600000000000000089, 0.08000000000000004330, 0.7200000000000001954 ) ) ;
#2878 = ADVANCED_FACE ( 'NONE', ( #2417 ), #4840, .T. ) ;
#2879 = VERTEX_POINT ( 'NONE', #2044 ) ;
#2880 = CARTESIAN_POINT ( 'NONE',  ( -1.050000000000000044, 1.959157251370477903E-32, -0.8000000000000000444 ) ) ;
#2881 = VERTEX_POINT ( 'NONE', #3860 ) ;
#2882 = LINE ( 'NONE', #2225, #1034 ) ;
#2883 = CARTESIAN_POINT ( 'NONE',  ( -1.200000000000000178, 0.5200000000000001288, -0.8000000000000000444 ) ) ;
#2884 = PLANE ( 'NONE',  #1753 ) ;
#2885 = LINE ( 'NONE', #3240, #688 ) ;
#2886 = EDGE_CURVE ( 'NONE', #2312, #2917, #2267, .T. ) ;
#2887 = CARTESIAN_POINT ( 'NONE',  ( 1.200000000000000178, 0.5200000000000001288, -0.8000000000000001554 ) ) ;
#2888 = DIRECTION ( 'NONE',  ( 9.427844978134823652E-16, 1.178480622266852956E-16, -1.000000000000000000 ) ) ;
#2889 = DIRECTION ( 'NONE',  ( 0.000000000000000000, 1.000000000000000000, 0.000000000000000000 ) ) ;
#2890 = EDGE_LOOP ( 'NONE', ( #2983, #1547, #5557, #4465 ) ) ;
#2891 = VERTEX_POINT ( 'NONE', #5707 ) ;
#2892 = VECTOR ( 'NONE', #3540, 1000.000000000000000 ) ;
#2893 = MANIFOLD_SOLID_BREP ( 'LPattern2[3]', #3238 ) ;
#2894 = DIRECTION ( 'NONE',  ( -1.000000000000000000, 0.000000000000000000, 0.000000000000000000 ) ) ;
#2895 = CARTESIAN_POINT ( 'NONE',  ( 0.9499999999999998446, 0.6000000000000003109, -0.5000000000000002220 ) ) ;
#2896 = LINE ( 'NONE', #3193, #868 ) ;
#2897 = CARTESIAN_POINT ( 'NONE',  ( -0.9500000000000002887, 0.5200000000000001288, -0.7200000000000000844 ) ) ;
#2898 = EDGE_CURVE ( 'NONE', #920, #988, #5168, .T. ) ;
#2899 = EDGE_LOOP ( 'NONE', ( #2906, #4797, #3111, #804 ) ) ;
#2900 = ORIENTED_EDGE ( 'NONE', *, *, #5496, .F. ) ;
#2901 = LINE ( 'NONE', #1149, #1025 ) ;
#2902 = DIRECTION ( 'NONE',  ( -1.000000000000000000, 0.000000000000000000, 0.000000000000000000 ) ) ;
#2903 = AXIS2_PLACEMENT_3D ( 'NONE', #5312, #1678, #1308 ) ;
#2904 = LINE ( 'NONE', #945, #4783 ) ;
#2905 = ORIENTED_EDGE ( 'NONE', *, *, #1764, .T. ) ;
#2906 = ORIENTED_EDGE ( 'NONE', *, *, #4736, .T. ) ;
#2907 = VECTOR ( 'NONE', #3938, 1000.000000000000000 ) ;
#2908 = EDGE_LOOP ( 'NONE', ( #3026, #4886, #4647, #3057 ) ) ;
#2909 = CARTESIAN_POINT ( 'NONE',  ( -1.200000000000000178, 0.000000000000000000, -0.8000000000000001554 ) ) ;
#2910 = VECTOR ( 'NONE', #4359, 1000.000000000000000 ) ;
#2911 = EDGE_CURVE ( 'NONE', #1558, #5476, #3169, .T. ) ;
#2912 = VECTOR ( 'NONE', #1123, 1000.000000000000000 ) ;
#2913 = VERTEX_POINT ( 'NONE', #5122 ) ;
#2914 = CARTESIAN_POINT ( 'NONE',  ( -0.9500000000000002887, -3.231750982573322946E-17, -0.8000000000000000444 ) ) ;
#2915 = EDGE_CURVE ( 'NONE', #446, #5304, #2928, .T. ) ;
#2916 = DIRECTION ( 'NONE',  ( 1.000000000000000000, 0.000000000000000000, -0.000000000000000000 ) ) ;
#2917 = VERTEX_POINT ( 'NONE', #1510 ) ;
#2918 = VECTOR ( 'NONE', #1229, 1000.000000000000000 ) ;
#2919 = CARTESIAN_POINT ( 'NONE',  ( -0.9500000000000002887, -3.231750982573322946E-17, 0.4500000000000000666 ) ) ;
#2920 = CARTESIAN_POINT ( 'NONE',  ( -0.6156385865284779157, 0.5200000000000001288, 0.7200000000000001954 ) ) ;
#2921 = PLANE ( 'NONE',  #698 ) ;
#2922 = EDGE_LOOP ( 'NONE', ( #3095, #4605, #619, #899, #1039, #2451 ) ) ;
#2923 = DIRECTION ( 'NONE',  ( 0.000000000000000000, 1.000000000000000000, 0.000000000000000000 ) ) ;
#2924 = LINE ( 'NONE', #4848, #2937 ) ;
#2925 = UNCERTAINTY_MEASURE_WITH_UNIT (LENGTH_MEASURE( 1.000000000000000082E-05 ), #1799, 'distance_accuracy_value', 'NONE');
#2926 = ADVANCED_FACE ( 'NONE', ( #3127 ), #2821, .F. ) ;
#2927 = CARTESIAN_POINT ( 'NONE',  ( -0.4000000000000000777, -0.4342956348249531473, -0.7999999999999989342 ) ) ;
#2928 = LINE ( 'NONE', #5518, #2982 ) ;
#2929 = CARTESIAN_POINT ( 'NONE',  ( -0.9500000000000002887, 0.5200000000000001288, 0.7200000000000000844 ) ) ;
#2930 = VERTEX_POINT ( 'NONE', #65 ) ;
#2931 = CARTESIAN_POINT ( 'NONE',  ( 0.000000000000000000, 0.000000000000000000, 0.8000000000000000444 ) ) ;
#2932 = ORIENTED_EDGE ( 'NONE', *, *, #563, .F. ) ;
#2933 = LINE ( 'NONE', #5346, #4957 ) ;
#2934 = DIRECTION ( 'NONE',  ( 0.000000000000000000, 0.000000000000000000, -1.000000000000000000 ) ) ;
#2935 = ORIENTED_EDGE ( 'NONE', *, *, #2786, .F. ) ;
#2936 = AXIS2_PLACEMENT_3D ( 'NONE', #2643, #791, #1184 ) ;
#2937 = VECTOR ( 'NONE', #5683, 1000.000000000000000 ) ;
#2938 = LINE ( 'NONE', #1471, #5061 ) ;
#2939 = CARTESIAN_POINT ( 'NONE',  ( 1.449999999999999956, 0.5200000000000001288, -0.7200000000000000844 ) ) ;
#2940 = EDGE_CURVE ( 'NONE', #1555, #240, #4870, .T. ) ;
#2941 = ORIENTED_EDGE ( 'NONE', *, *, #1160, .F. ) ;
#2942 = CARTESIAN_POINT ( 'NONE',  ( 0.6499999999999998002, 0.08000000000000004330, 0.7200000000000000844 ) ) ;
#2943 = ORIENTED_EDGE ( 'NONE', *, *, #3534, .T. ) ;
#2944 = PLANE ( 'NONE',  #2785 ) ;
#2945 = AXIS2_PLACEMENT_3D ( 'NONE', #211, #810, #2539 ) ;
#2946 = ORIENTED_EDGE ( 'NONE', *, *, #3053, .F. ) ;
#2947 = LINE ( 'NONE', #4266, #5010 ) ;
#2948 = VECTOR ( 'NONE', #3261, 1000.000000000000000 ) ;
#2949 = EDGE_LOOP ( 'NONE', ( #1342, #1214, #1364, #4896 ) ) ;
#2950 = VERTEX_POINT ( 'NONE', #2771 ) ;
#2951 = EDGE_LOOP ( 'NONE', ( #268, #3986, #2244, #2534 ) ) ;
#2952 = CARTESIAN_POINT ( 'NONE',  ( -1.200000000000000178, 0.5200000000000001288, -0.8000000000000001554 ) ) ;
#2953 = VECTOR ( 'NONE', #4693, 1000.000000000000000 ) ;
#2954 =( NAMED_UNIT ( * ) PLANE_ANGLE_UNIT ( ) SI_UNIT ( $, .RADIAN. ) );
#2955 = VECTOR ( 'NONE', #3974, 1000.000000000000000 ) ;
#2956 = PLANE ( 'NONE',  #4751 ) ;
#2957 = ORIENTED_EDGE ( 'NONE', *, *, #2464, .T. ) ;
#2958 = PLANE ( 'NONE',  #571 ) ;
#2959 = CARTESIAN_POINT ( 'NONE',  ( 0.1499999999999997446, 0.08000000000000004330, -0.7200000000000000844 ) ) ;
#2960 = ORIENTED_EDGE ( 'NONE', *, *, #5367, .F. ) ;
#2961 = EDGE_CURVE ( 'NONE', #2506, #2708, #5041, .T. ) ;
#2962 = LINE ( 'NONE', #3804, #4877 ) ;
#2963 = DIRECTION ( 'NONE',  ( -1.000000000000000000, 0.000000000000000000, -0.000000000000000000 ) ) ;
#2964 = PLANE ( 'NONE',  #4109 ) ;
#2965 = VERTEX_POINT ( 'NONE', #3370 ) ;
#2966 = DIRECTION ( 'NONE',  ( 0.000000000000000000, -1.000000000000000000, 0.000000000000000000 ) ) ;
#2967 = FACE_OUTER_BOUND ( 'NONE', #5100, .T. ) ;
#2968 = DIRECTION ( 'NONE',  ( -1.000000000000000000, 0.000000000000000000, 0.000000000000000000 ) ) ;
#2969 = VECTOR ( 'NONE', #5771, 1000.000000000000000 ) ;
#2970 = CARTESIAN_POINT ( 'NONE',  ( 0.9499999999999998446, 0.08000000000000004330, -0.7200000000000000844 ) ) ;
#2971 = CARTESIAN_POINT ( 'NONE',  ( 0.6499999999999998002, 0.08000000000000001554, -0.4500000000000000666 ) ) ;
#2972 = CARTESIAN_POINT ( 'NONE',  ( 0.5499999999999999334, 1.959157251370477903E-32, -0.8000000000000000444 ) ) ;
#2973 = ORIENTED_EDGE ( 'NONE', *, *, #2940, .F. ) ;
#2974 = DIRECTION ( 'NONE',  ( -0.000000000000000000, -0.000000000000000000, -1.000000000000000000 ) ) ;
#2975 = VERTEX_POINT ( 'NONE', #4033 ) ;
#2976 = LINE ( 'NONE', #5057, #4918 ) ;
#2977 = DIRECTION ( 'NONE',  ( 0.000000000000000000, 0.000000000000000000, -1.000000000000000000 ) ) ;
#2978 = EDGE_CURVE ( 'NONE', #4914, #3042, #4981, .T. ) ;
#2979 = ORIENTED_EDGE ( 'NONE', *, *, #1365, .T. ) ;
#2980 = LINE ( 'NONE', #167, #1007 ) ;
#2981 = ADVANCED_FACE ( 'NONE', ( #1110 ), #5446, .F. ) ;
#2982 = VECTOR ( 'NONE', #1044, 1000.000000000000000 ) ;
#2983 = ORIENTED_EDGE ( 'NONE', *, *, #4055, .F. ) ;
#2984 = CARTESIAN_POINT ( 'NONE',  ( -1.600000000000000089, 0.000000000000000000, 0.000000000000000000 ) ) ;
#2985 = VERTEX_POINT ( 'NONE', #2220 ) ;
#2986 = EDGE_CURVE ( 'NONE', #1707, #5212, #1094, .T. ) ;
#2987 = CARTESIAN_POINT ( 'NONE',  ( 0.6499999999999998002, -3.231750982573322946E-17, -0.8000000000000000444 ) ) ;
#2988 = EDGE_LOOP ( 'NONE', ( #1458, #5632, #5428, #1763, #5208, #1616, #1489 ) ) ;
#2989 = VECTOR ( 'NONE', #5654, 1000.000000000000000 ) ;
#2990 = VERTEX_POINT ( 'NONE', #4116 ) ;
#2991 = ORIENTED_EDGE ( 'NONE', *, *, #1108, .T. ) ;
#2992 = EDGE_CURVE ( 'NONE', #1945, #828, #3103, .T. ) ;
#2993 = LINE ( 'NONE', #1512, #3006 ) ;
#2994 = CARTESIAN_POINT ( 'NONE',  ( 1.600000000000000089, 0.08000000000000004330, -0.7200000000000000844 ) ) ;
#2995 = DIRECTION ( 'NONE',  ( 0.000000000000000000, 1.000000000000000000, -0.000000000000000000 ) ) ;
#2996 = VERTEX_POINT ( 'NONE', #4074 ) ;
#2997 = CARTESIAN_POINT ( 'NONE',  ( 0.9499999999999998446, -3.231750982573322946E-17, 0.4500000000000000666 ) ) ;
#2998 = LINE ( 'NONE', #3795, #996 ) ;
#2999 = EDGE_CURVE ( 'NONE', #53, #4032, #1042, .T. ) ;
#3000 = CARTESIAN_POINT ( 'NONE',  ( 1.449999999999999956, 0.5200000000000001288, -0.7200000000000000844 ) ) ;
#3001 = AXIS2_PLACEMENT_3D ( 'NONE', #3622, #4976, #3260 ) ;
#3002 = AXIS2_PLACEMENT_3D ( 'NONE', #1580, #1916, #2977 ) ;
#3003 = VERTEX_POINT ( 'NONE', #3773 ) ;
#3004 = DIRECTION ( 'NONE',  ( 0.000000000000000000, -1.000000000000000000, 0.000000000000000000 ) ) ;
#3005 = EDGE_LOOP ( 'NONE', ( #2719, #2495, #2302, #2567 ) ) ;
#3006 = VECTOR ( 'NONE', #607, 1000.000000000000000 ) ;
#3007 = EDGE_CURVE ( 'NONE', #715, #2312, #2938, .T. ) ;
#3008 =( NAMED_UNIT ( * ) SI_UNIT ( $, .STERADIAN. ) SOLID_ANGLE_UNIT ( ) );
#3009 = CARTESIAN_POINT ( 'NONE',  ( -0.1500000000000002720, 0.6000000000000004219, -0.8000000000000001554 ) ) ;
#3010 = ORIENTED_EDGE ( 'NONE', *, *, #5339, .T. ) ;
#3011 = DIRECTION ( 'NONE',  ( 0.000000000000000000, 1.178480622266852809E-15, 1.000000000000000000 ) ) ;
#3012 = AXIS2_PLACEMENT_3D ( 'NONE', #5000, #5450, #465 ) ;
#3013 = DIRECTION ( 'NONE',  ( -1.000000000000000000, -0.000000000000000000, 0.000000000000000000 ) ) ;
#3014 = CLOSED_SHELL ( 'NONE', ( #1252, #5748, #1134, #3044, #199, #2736, #923, #835, #2650, #1913, #3031, #3877, #2841, #4757, #3721, #2074 ) ) ;
#3015 = DIRECTION ( 'NONE',  ( 0.000000000000000000, 0.000000000000000000, 1.000000000000000000 ) ) ;
#3016 = ORIENTED_EDGE ( 'NONE', *, *, #3534, .F. ) ;
#3017 = PRESENTATION_LAYER_ASSIGNMENT (  '', '', ( #5200 ) ) ;
#3018 = CARTESIAN_POINT ( 'NONE',  ( -1.415638586528478626, -0.4342956348249531473, -0.7200000000000000844 ) ) ;
#3019 = ORIENTED_EDGE ( 'NONE', *, *, #5263, .F. ) ;
#3020 = FACE_OUTER_BOUND ( 'NONE', #1325, .T. ) ;
#3021 = CIRCLE ( 'NONE', #5660, 0.2299999999999999545 ) ;
#3022 = DIRECTION ( 'NONE',  ( 0.000000000000000000, -1.003890900449541079E-16, -1.000000000000000000 ) ) ;
#3023 = DIRECTION ( 'NONE',  ( -1.000000000000000000, -0.000000000000000000, -0.000000000000000000 ) ) ;
#3024 = ORIENTED_EDGE ( 'NONE', *, *, #3340, .F. ) ;
#3025 = DIRECTION ( 'NONE',  ( -0.000000000000000000, -0.000000000000000000, -1.000000000000000000 ) ) ;
#3026 = ORIENTED_EDGE ( 'NONE', *, *, #2043, .F. ) ;
#3027 = LINE ( 'NONE', #4254, #5048 ) ;
#3028 = DIRECTION ( 'NONE',  ( 0.000000000000000000, -1.000000000000000000, 3.614007241618349264E-16 ) ) ;
#3029 = DIRECTION ( 'NONE',  ( 0.000000000000000000, -1.000000000000000000, 1.807003620809172906E-16 ) ) ;
#3030 = VERTEX_POINT ( 'NONE', #5587 ) ;
#3031 = ADVANCED_FACE ( 'NONE', ( #3032 ), #5158, .F. ) ;
#3032 = FACE_OUTER_BOUND ( 'NONE', #4464, .T. ) ;
#3033 = VERTEX_POINT ( 'NONE', #907 ) ;
#3034 = LINE ( 'NONE', #5642, #3213 ) ;
#3035 = DIRECTION ( 'NONE',  ( 0.000000000000000000, 1.000000000000000000, 0.000000000000000000 ) ) ;
#3036 = ORIENTED_EDGE ( 'NONE', *, *, #3066, .F. ) ;
#3037 = LINE ( 'NONE', #326, #971 ) ;
#3038 = CARTESIAN_POINT ( 'NONE',  ( 0.6499999999999998002, 0.08000000000000004330, -0.7200000000000000844 ) ) ;
#3039 = EDGE_CURVE ( 'NONE', #4235, #5067, #1136, .T. ) ;
#3040 = LINE ( 'NONE', #436, #4863 ) ;
#3041 = DIRECTION ( 'NONE',  ( 0.000000000000000000, -1.000000000000000000, 0.000000000000000000 ) ) ;
#3042 = VERTEX_POINT ( 'NONE', #2448 ) ;
#3043 = CIRCLE ( 'NONE', #4209, 0.2299999999999999545 ) ;
#3044 = ADVANCED_FACE ( 'NONE', ( #1019 ), #686, .F. ) ;
#3045 = DIRECTION ( 'NONE',  ( 0.000000000000000000, -1.003890900449541079E-16, -1.000000000000000000 ) ) ;
#3046 = CARTESIAN_POINT ( 'NONE',  ( -0.9500000000000002887, 0.08000000000000001554, 0.4500000000000000666 ) ) ;
#3047 = VERTEX_POINT ( 'NONE', #4892 ) ;
#3048 =( NAMED_UNIT ( * ) PLANE_ANGLE_UNIT ( ) SI_UNIT ( $, .RADIAN. ) );
#3049 = LINE ( 'NONE', #4772, #4987 ) ;
#3050 = DIRECTION ( 'NONE',  ( 0.000000000000000000, -3.614007241618349264E-16, 1.000000000000000000 ) ) ;
#3051 = VECTOR ( 'NONE', #560, 1000.000000000000000 ) ;
#3052 = CARTESIAN_POINT ( 'NONE',  ( 0.6499999999999998002, 0.6000000000000003109, -0.5000000000000002220 ) ) ;
#3053 = EDGE_CURVE ( 'NONE', #341, #2346, #1147, .T. ) ;
#3054 = CARTESIAN_POINT ( 'NONE',  ( 0.6499999999999998002, 0.08000000000000004330, -0.7200000000000000844 ) ) ;
#3055 = ORIENTED_EDGE ( 'NONE', *, *, #5790, .F. ) ;
#3056 = CIRCLE ( 'NONE', #2936, 0.2300000000000000655 ) ;
#3057 = ORIENTED_EDGE ( 'NONE', *, *, #3429, .F. ) ;
#3058 = VECTOR ( 'NONE', #5716, 1000.000000000000000 ) ;
#3059 = EDGE_CURVE ( 'NONE', #2642, #4474, #4990, .T. ) ;
#3060 = DIRECTION ( 'NONE',  ( 0.000000000000000000, 0.000000000000000000, 1.000000000000000000 ) ) ;
#3061 = ORIENTED_EDGE ( 'NONE', *, *, #771, .F. ) ;
#3062 = CARTESIAN_POINT ( 'NONE',  ( 0.9499999999999997335, 0.5200000000000001288, 1.332541078227774012 ) ) ;
#3063 = LINE ( 'NONE', #5783, #1256 ) ;
#3064 = VERTEX_POINT ( 'NONE', #284 ) ;
#3065 = LINE ( 'NONE', #2240, #1081 ) ;
#3066 = EDGE_CURVE ( 'NONE', #2845, #5221, #4893, .T. ) ;
#3067 = ORIENTED_EDGE ( 'NONE', *, *, #4101, .F. ) ;
#3068 = CARTESIAN_POINT ( 'NONE',  ( -1.349999999999999867, 0.000000000000000000, 0.8000000000000000444 ) ) ;
#3069 = CIRCLE ( 'NONE', #1532, 0.1500000000000000777 ) ;
#3070 = AXIS2_PLACEMENT_3D ( 'NONE', #5352, #837, #4313 ) ;
#3071 = CARTESIAN_POINT ( 'NONE',  ( -1.199999999999999956, -0.4342956348249514265, 0.8000000000000015987 ) ) ;
#3072 = ORIENTED_EDGE ( 'NONE', *, *, #5631, .T. ) ;
#3073 = STYLED_ITEM ( 'NONE', ( #5483 ), #1519 ) ;
#3074 = DIRECTION ( 'NONE',  ( -1.000000000000000000, 0.000000000000000000, 0.000000000000000000 ) ) ;
#3075 = VECTOR ( 'NONE', #4227, 1000.000000000000000 ) ;
#3076 = DIRECTION ( 'NONE',  ( -1.000000000000000000, 0.000000000000000000, -0.000000000000000000 ) ) ;
#3077 = ADVANCED_FACE ( 'NONE', ( #4920 ), #2499, .F. ) ;
#3078 = LINE ( 'NONE', #2793, #2948 ) ;
#3079 = DIRECTION ( 'NONE',  ( 0.000000000000000000, 1.003890900449541202E-16, 1.000000000000000000 ) ) ;
#3080 = EDGE_CURVE ( 'NONE', #2379, #3960, #986, .T. ) ;
#3081 = VERTEX_POINT ( 'NONE', #291 ) ;
#3082 = CARTESIAN_POINT ( 'NONE',  ( 1.449999999999999956, 0.5200000000000001288, 0.5000000000000002220 ) ) ;
#3083 = LINE ( 'NONE', #4162, #5130 ) ;
#3084 = CARTESIAN_POINT ( 'NONE',  ( -1.200000000000000178, 0.000000000000000000, -0.5700000000000001732 ) ) ;
#3085 = AXIS2_PLACEMENT_3D ( 'NONE', #1585, #4571, #1951 ) ;
#3086 = ORIENTED_EDGE ( 'NONE', *, *, #363, .T. ) ;
#3087 = CARTESIAN_POINT ( 'NONE',  ( 0.1499999999999997446, 0.08000000000000004330, 0.8000000000000000444 ) ) ;
#3088 = UNCERTAINTY_MEASURE_WITH_UNIT (LENGTH_MEASURE( 1.000000000000000082E-05 ), #1875, 'distance_accuracy_value', 'NONE');
#3089 = AXIS2_PLACEMENT_3D ( 'NONE', #1825, #2749, #5016 ) ;
#3090 = VECTOR ( 'NONE', #2052, 1000.000000000000000 ) ;
#3091 = PLANE ( 'NONE',  #643 ) ;
#3092 = DIRECTION ( 'NONE',  ( 0.000000000000000000, 0.000000000000000000, -1.000000000000000000 ) ) ;
#3093 = ORIENTED_EDGE ( 'NONE', *, *, #484, .T. ) ;
#3094 = VECTOR ( 'NONE', #5458, 1000.000000000000000 ) ;
#3095 = ORIENTED_EDGE ( 'NONE', *, *, #5322, .T. ) ;
#3096 = CARTESIAN_POINT ( 'NONE',  ( 0.6499999999999998002, -3.231750982573322946E-17, 0.8000000000000000444 ) ) ;
#3097 = CARTESIAN_POINT ( 'NONE',  ( -0.9500000000000002887, 0.000000000000000000, 0.000000000000000000 ) ) ;
#3098 = SURFACE_SIDE_STYLE ('',( #4933 ) ) ;
#3099 = ORIENTED_EDGE ( 'NONE', *, *, #2535, .F. ) ;
#3100 = DIRECTION ( 'NONE',  ( -0.000000000000000000, 1.000000000000000000, -0.000000000000000000 ) ) ;
#3101 = LINE ( 'NONE', #3145, #5015 ) ;
#3102 = ORIENTED_EDGE ( 'NONE', *, *, #1030, .F. ) ;
#3103 = LINE ( 'NONE', #2895, #3051 ) ;
#3104 = MANIFOLD_SOLID_BREP ( 'LPattern2[5]', #1144 ) ;
#3105 = ORIENTED_EDGE ( 'NONE', *, *, #4288, .F. ) ;
#3106 = CARTESIAN_POINT ( 'NONE',  ( -0.9500000000000002887, -3.231750982573322946E-17, 0.4500000000000000666 ) ) ;
#3107 = CARTESIAN_POINT ( 'NONE',  ( -0.4000000000000000777, 0.6000000000000003109, -0.6500000000000001332 ) ) ;
#3108 = DIRECTION ( 'NONE',  ( -1.000000000000000000, 0.000000000000000000, 0.000000000000000000 ) ) ;
#3109 = LINE ( 'NONE', #40, #5144 ) ;
#3110 = EDGE_CURVE ( 'NONE', #702, #4619, #3021, .T. ) ;
#3111 = ORIENTED_EDGE ( 'NONE', *, *, #2688, .T. ) ;
#3112 = PLANE ( 'NONE',  #4749 ) ;
#3113 = DIRECTION ( 'NONE',  ( -0.000000000000000000, 1.000000000000000000, -0.000000000000000000 ) ) ;
#3114 = PRESENTATION_STYLE_ASSIGNMENT (( #848 ) ) ;
#3115 = PLANE ( 'NONE',  #41 ) ;
#3116 = ORIENTED_EDGE ( 'NONE', *, *, #1650, .F. ) ;
#3117 = CARTESIAN_POINT ( 'NONE',  ( 0.9499999999999998446, 0.5200000000000001288, 0.5000000000000002220 ) ) ;
#3118 = DIRECTION ( 'NONE',  ( 0.000000000000000000, 0.000000000000000000, 1.000000000000000000 ) ) ;
#3119 = AXIS2_PLACEMENT_3D ( 'NONE', #1337, #3962, #4470 ) ;
#3120 = VECTOR ( 'NONE', #4577, 1000.000000000000000 ) ;
#3121 = DIRECTION ( 'NONE',  ( 0.000000000000000000, -1.000000000000000000, 1.807003620809172906E-16 ) ) ;
#3122 = EDGE_CURVE ( 'NONE', #5376, #2485, #3065, .T. ) ;
#3123 = PLANE ( 'NONE',  #5493 ) ;
#3124 = ORIENTED_EDGE ( 'NONE', *, *, #2370, .T. ) ;
#3125 = DIRECTION ( 'NONE',  ( -1.000000000000000000, 0.000000000000000000, -0.000000000000000000 ) ) ;
#3126 = ADVANCED_FACE ( 'NONE', ( #1169 ), #975, .F. ) ;
#3127 = FACE_OUTER_BOUND ( 'NONE', #4661, .T. ) ;
#3128 = CARTESIAN_POINT ( 'NONE',  ( 0.3999999999999999667, 0.6000000000000004219, -0.8000000000000001554 ) ) ;
#3129 = DIRECTION ( 'NONE',  ( -1.000000000000000000, -0.000000000000000000, -0.000000000000000000 ) ) ;
#3130 = ORIENTED_EDGE ( 'NONE', *, *, #4675, .F. ) ;
#3131 = EDGE_CURVE ( 'NONE', #2374, #3003, #3040, .T. ) ;
#3132 = FACE_OUTER_BOUND ( 'NONE', #3245, .T. ) ;
#3133 = CARTESIAN_POINT ( 'NONE',  ( -1.450000000000000400, 0.5200000000000001288, -0.7200000000000000844 ) ) ;
#3134 = ORIENTED_EDGE ( 'NONE', *, *, #1345, .T. ) ;
#3135 = EDGE_CURVE ( 'NONE', #1555, #4249, #5011, .T. ) ;
#3136 = CARTESIAN_POINT ( 'NONE',  ( -0.9500000000000002887, 0.5200000000000001288, -0.5000000000000002220 ) ) ;
#3137 = COLOUR_RGB ( '',0.7921568627450980005, 0.8196078431372548767, 0.9333333333333333481 ) ;
#3138 = LINE ( 'NONE', #1205, #5150 ) ;
#3139 = CARTESIAN_POINT ( 'NONE',  ( 0.6499999999999998002, 0.6000000000000003109, -0.5000000000000002220 ) ) ;
#3140 =( NAMED_UNIT ( * ) SI_UNIT ( $, .STERADIAN. ) SOLID_ANGLE_UNIT ( ) );
#3141 = ORIENTED_EDGE ( 'NONE', *, *, #150, .T. ) ;
#3142 = CARTESIAN_POINT ( 'NONE',  ( 1.449999999999999956, 0.08000000000000001554, -0.4500000000000000666 ) ) ;
#3143 = DIRECTION ( 'NONE',  ( 0.000000000000000000, 0.000000000000000000, 1.000000000000000000 ) ) ;
#3144 = CIRCLE ( 'NONE', #3376, 0.2299999999999999545 ) ;
#3145 = CARTESIAN_POINT ( 'NONE',  ( -1.450000000000000400, 0.5200000000000001288, -0.7200000000000000844 ) ) ;
#3146 = EDGE_CURVE ( 'NONE', #2502, #1529, #964, .T. ) ;
#3147 = CLOSED_SHELL ( 'NONE', ( #3282, #4135, #1088, #1388, #2029, #5472, #5395, #3525, #4458, #4472, #2316, #4066, #5788, #4547 ) ) ;
#3148 = DIRECTION ( 'NONE',  ( 0.000000000000000000, -0.000000000000000000, 1.000000000000000000 ) ) ;
#3149 = FACE_OUTER_BOUND ( 'NONE', #2756, .T. ) ;
#3150 = AXIS2_PLACEMENT_3D ( 'NONE', #3737, #635, #4148 ) ;
#3151 = VERTEX_POINT ( 'NONE', #3220 ) ;
#3152 =( GEOMETRIC_REPRESENTATION_CONTEXT ( 3 ) GLOBAL_UNCERTAINTY_ASSIGNED_CONTEXT ( ( #45 ) ) GLOBAL_UNIT_ASSIGNED_CONTEXT ( ( #3533, #2954, #3426 ) ) REPRESENTATION_CONTEXT ( 'NONE', 'WORKASPACE' ) );
#3153 = CIRCLE ( 'NONE', #3194, 0.1500000000000000777 ) ;
#3154 = CARTESIAN_POINT ( 'NONE',  ( 0.9499999999999997335, 0.08000000000000004330, 0.8000000000000000444 ) ) ;
#3155 = ORIENTED_EDGE ( 'NONE', *, *, #2129, .T. ) ;
#3156 = EDGE_CURVE ( 'NONE', #4620, #2799, #3078, .T. ) ;
#3157 = PLANE ( 'NONE',  #3874 ) ;
#3158 = FACE_OUTER_BOUND ( 'NONE', #1185, .T. ) ;
#3159 = VECTOR ( 'NONE', #1090, 1000.000000000000000 ) ;
#3160 = CARTESIAN_POINT ( 'NONE',  ( 1.449999999999999956, -3.231750982573322946E-17, 0.4500000000000000666 ) ) ;
#3161 = ORIENTED_EDGE ( 'NONE', *, *, #639, .T. ) ;
#3162 = DIRECTION ( 'NONE',  ( 0.000000000000000000, -1.000000000000000000, -1.807003620809172906E-16 ) ) ;
#3163 = CARTESIAN_POINT ( 'NONE',  ( -0.6156385865284783598, 0.07999999999999997391, -0.7200000000000000844 ) ) ;
#3164 = AXIS2_PLACEMENT_3D ( 'NONE', #5740, #4963, #3543 ) ;
#3165 = FACE_OUTER_BOUND ( 'NONE', #1671, .T. ) ;
#3166 = AXIS2_PLACEMENT_3D ( 'NONE', #950, #1948, #1002 ) ;
#3167 = DIRECTION ( 'NONE',  ( 0.000000000000000000, 0.000000000000000000, 1.000000000000000000 ) ) ;
#3168 = ORIENTED_EDGE ( 'NONE', *, *, #1878, .T. ) ;
#3169 = LINE ( 'NONE', #2403, #1066 ) ;
#3170 = CARTESIAN_POINT ( 'NONE',  ( -0.1500000000000002720, 0.08000000000000004330, 0.7200000000000000844 ) ) ;
#3171 = CARTESIAN_POINT ( 'NONE',  ( 0.6156385865284782488, 0.5200000000000001288, 0.7200000000000000844 ) ) ;
#3172 = VECTOR ( 'NONE', #888, 1000.000000000000000 ) ;
#3173 = CARTESIAN_POINT ( 'NONE',  ( 1.200000000000000400, 0.5200000000000001288, 0.8000000000000004885 ) ) ;
#3174 = EDGE_LOOP ( 'NONE', ( #853, #4539, #386, #2827, #2378, #565 ) ) ;
#3175 = FACE_OUTER_BOUND ( 'NONE', #4350, .T. ) ;
#3176 = CARTESIAN_POINT ( 'NONE',  ( 0.6499999999999998002, -3.231750982573322946E-17, -0.4500000000000000666 ) ) ;
#3177 = ORIENTED_EDGE ( 'NONE', *, *, #1867, .T. ) ;
#3178 = EDGE_CURVE ( 'NONE', #2167, #3202, #1010, .T. ) ;
#3179 = VECTOR ( 'NONE', #2678, 1000.000000000000000 ) ;
#3180 = CARTESIAN_POINT ( 'NONE',  ( -0.6500000000000002442, 0.6000000000000003109, -0.5000000000000002220 ) ) ;
#3181 = ORIENTED_EDGE ( 'NONE', *, *, #3799, .F. ) ;
#3182 = LINE ( 'NONE', #2560, #3189 ) ;
#3183 = DIRECTION ( 'NONE',  ( 0.000000000000000000, 1.003890900449541202E-16, -1.000000000000000000 ) ) ;
#3184 = ORIENTED_EDGE ( 'NONE', *, *, #1648, .F. ) ;
#3185 = LINE ( 'NONE', #1439, #1216 ) ;
#3186 = CIRCLE ( 'NONE', #1728, 0.2299999999999999545 ) ;
#3187 = EDGE_CURVE ( 'NONE', #4177, #3033, #5021, .T. ) ;
#3188 = ORIENTED_EDGE ( 'NONE', *, *, #3447, .F. ) ;
#3189 = VECTOR ( 'NONE', #3041, 1000.000000000000000 ) ;
#3190 =( NAMED_UNIT ( * ) SI_UNIT ( $, .STERADIAN. ) SOLID_ANGLE_UNIT ( ) );
#3191 = CARTESIAN_POINT ( 'NONE',  ( -0.1500000000000002720, 0.08000000000000004330, 0.7200000000000000844 ) ) ;
#3192 = ORIENTED_EDGE ( 'NONE', *, *, #4867, .T. ) ;
#3193 = CARTESIAN_POINT ( 'NONE',  ( 1.449999999999999956, 0.08000000000000004330, 0.7200000000000000844 ) ) ;
#3194 = AXIS2_PLACEMENT_3D ( 'NONE', #5495, #4585, #3060 ) ;
#3195 = CARTESIAN_POINT ( 'NONE',  ( 0.6499999999999998002, -3.231750982573322946E-17, -0.8000000000000000444 ) ) ;
#3196 = EDGE_LOOP ( 'NONE', ( #3475, #4365, #4321, #5470 ) ) ;
#3197 = DIRECTION ( 'NONE',  ( 0.000000000000000000, -1.000000000000000000, 0.000000000000000000 ) ) ;
#3198 = EDGE_CURVE ( 'NONE', #5597, #4627, #4959, .T. ) ;
#3199 = DIRECTION ( 'NONE',  ( 0.000000000000000000, -1.000000000000000000, 0.000000000000000000 ) ) ;
#3200 = LINE ( 'NONE', #5049, #1222 ) ;
#3201 = DIRECTION ( 'NONE',  ( -0.000000000000000000, 1.807003620809172906E-16, 1.000000000000000000 ) ) ;
#3202 = VERTEX_POINT ( 'NONE', #5650 ) ;
#3203 = CARTESIAN_POINT ( 'NONE',  ( 0.2500000000000000000, 0.6000000000000004219, -0.8000000000000001554 ) ) ;
#3204 = DIRECTION ( 'NONE',  ( -0.000000000000000000, 1.000000000000000000, 1.807003620809172906E-16 ) ) ;
#3205 = FACE_OUTER_BOUND ( 'NONE', #4572, .T. ) ;
#3206 = CARTESIAN_POINT ( 'NONE',  ( -0.6500000000000001332, 0.5200000000000001288, -0.7200000000000000844 ) ) ;
#3207 = VECTOR ( 'NONE', #678, 1000.000000000000000 ) ;
#3208 = CARTESIAN_POINT ( 'NONE',  ( -0.1500000000000002720, -3.231750982573322946E-17, -0.4500000000000000666 ) ) ;
#3209 = EDGE_CURVE ( 'NONE', #3536, #5325, #1131, .T. ) ;
#3210 = DIRECTION ( 'NONE',  ( 0.000000000000000000, 0.000000000000000000, 1.000000000000000000 ) ) ;
#3211 = ORIENTED_EDGE ( 'NONE', *, *, #5746, .F. ) ;
#3212 = EDGE_CURVE ( 'NONE', #4058, #4695, #4911, .T. ) ;
#3213 = VECTOR ( 'NONE', #1224, 1000.000000000000000 ) ;
#3214 = DIRECTION ( 'NONE',  ( 0.000000000000000000, 1.000000000000000000, 0.000000000000000000 ) ) ;
#3215 = ADVANCED_FACE ( 'NONE', ( #1289 ), #1680, .F. ) ;
#3216 = EDGE_LOOP ( 'NONE', ( #174, #391, #313, #2508 ) ) ;
#3217 = CYLINDRICAL_SURFACE ( 'NONE', #3565, 0.2299999999999999545 ) ;
#3218 = DIRECTION ( 'NONE',  ( -1.000000000000000000, -0.000000000000000000, 0.000000000000000000 ) ) ;
#3219 = EDGE_CURVE ( 'NONE', #2554, #3277, #3186, .T. ) ;
#3220 = CARTESIAN_POINT ( 'NONE',  ( 1.450000000000000400, 0.5200000000000001288, -0.7200000000000001954 ) ) ;
#3221 = ORIENTED_EDGE ( 'NONE', *, *, #2915, .T. ) ;
#3222 = ORIENTED_EDGE ( 'NONE', *, *, #1379, .F. ) ;
#3223 = CIRCLE ( 'NONE', #5389, 0.1500000000000000777 ) ;
#3224 = CARTESIAN_POINT ( 'NONE',  ( -1.350000000000000089, 1.959157251370477903E-32, -0.8000000000000000444 ) ) ;
#3225 = PRODUCT_DEFINITION_FORMATION_WITH_SPECIFIED_SOURCE ( 'ANY', '', #2211, .NOT_KNOWN. ) ;
#3226 = ORIENTED_EDGE ( 'NONE', *, *, #403, .F. ) ;
#3227 = STYLED_ITEM ( 'NONE', ( #3114 ), #3104 ) ;
#3228 = ADVANCED_FACE ( 'NONE', ( #3149 ), #878, .F. ) ;
#3229 = LINE ( 'NONE', #4012, #1198 ) ;
#3230 = FACE_OUTER_BOUND ( 'NONE', #2610, .T. ) ;
#3231 = VERTEX_POINT ( 'NONE', #2774 ) ;
#3232 = EDGE_CURVE ( 'NONE', #3387, #650, #5095, .T. ) ;
#3233 = VERTEX_POINT ( 'NONE', #4488 ) ;
#3234 = DIRECTION ( 'NONE',  ( -0.000000000000000000, -0.000000000000000000, -1.000000000000000000 ) ) ;
#3235 = VECTOR ( 'NONE', #1413, 1000.000000000000000 ) ;
#3236 = CARTESIAN_POINT ( 'NONE',  ( 1.600000000000000089, 0.08000000000000004330, -0.7200000000000000844 ) ) ;
#3237 = DIRECTION ( 'NONE',  ( -0.000000000000000000, 1.000000000000000000, -0.000000000000000000 ) ) ;
#3238 = CLOSED_SHELL ( 'NONE', ( #790, #3265, #36, #955, #5042, #3215, #2594, #2753, #3077, #934, #1487, #376, #2878, #318, #805, #5500 ) ) ;
#3239 = LINE ( 'NONE', #2657, #3336 ) ;
#3240 = CARTESIAN_POINT ( 'NONE',  ( -1.450000000000000400, -3.231750982573322946E-17, 0.4500000000000000666 ) ) ;
#3241 = CARTESIAN_POINT ( 'NONE',  ( -0.9500000000000002887, 0.08000000000000004330, 0.7200000000000000844 ) ) ;
#3242 = CARTESIAN_POINT ( 'NONE',  ( 0.1499999999999997446, 0.08000000000000004330, 0.7200000000000001954 ) ) ;
#3243 = VECTOR ( 'NONE', #4781, 1000.000000000000000 ) ;
#3244 = CARTESIAN_POINT ( 'NONE',  ( -0.9500000000000002887, 0.5200000000000001288, -0.7200000000000000844 ) ) ;
#3245 = EDGE_LOOP ( 'NONE', ( #2497, #2652, #4212, #625 ) ) ;
#3246 = DIRECTION ( 'NONE',  ( 0.000000000000000000, -0.000000000000000000, 1.000000000000000000 ) ) ;
#3247 = VECTOR ( 'NONE', #3708, 1000.000000000000000 ) ;
#3248 = ADVANCED_FACE ( 'NONE', ( #5251 ), #33, .F. ) ;
#3249 = ORIENTED_EDGE ( 'NONE', *, *, #4002, .T. ) ;
#3250 = CARTESIAN_POINT ( 'NONE',  ( -0.1500000000000002720, -3.231750982573322946E-17, -0.8000000000000000444 ) ) ;
#3251 = LINE ( 'NONE', #5006, #3329 ) ;
#3252 = DIRECTION ( 'NONE',  ( 0.000000000000000000, -1.000000000000000000, 0.000000000000000000 ) ) ;
#3253 = LINE ( 'NONE', #1621, #5207 ) ;
#3254 = DIRECTION ( 'NONE',  ( -1.000000000000000000, -0.000000000000000000, 0.000000000000000000 ) ) ;
#3255 = ORIENTED_EDGE ( 'NONE', *, *, #3733, .T. ) ;
#3256 = CIRCLE ( 'NONE', #1597, 0.1500000000000000777 ) ;
#3257 = EDGE_CURVE ( 'NONE', #1835, #5172, #3345, .T. ) ;
#3258 = ORIENTED_EDGE ( 'NONE', *, *, #4960, .T. ) ;
#3259 = VECTOR ( 'NONE', #2824, 1000.000000000000000 ) ;
#3260 = DIRECTION ( 'NONE',  ( 0.000000000000000000, 7.228014483236692611E-16, -1.000000000000000000 ) ) ;
#3261 = DIRECTION ( 'NONE',  ( 0.000000000000000000, -1.000000000000000000, 0.000000000000000000 ) ) ;
#3262 = ORIENTED_EDGE ( 'NONE', *, *, #2348, .T. ) ;
#3263 = LINE ( 'NONE', #1158, #3334 ) ;
#3264 = DIRECTION ( 'NONE',  ( -1.000000000000000000, 0.000000000000000000, -0.000000000000000000 ) ) ;
#3265 = ADVANCED_FACE ( 'NONE', ( #3269 ), #5281, .F. ) ;
#3266 = EDGE_CURVE ( 'NONE', #750, #818, #3138, .T. ) ;
#3267 = EDGE_LOOP ( 'NONE', ( #4163, #2351, #290, #4257 ) ) ;
#3268 = DIRECTION ( 'NONE',  ( 1.000000000000000000, 0.000000000000000000, 0.000000000000000000 ) ) ;
#3269 = FACE_OUTER_BOUND ( 'NONE', #3442, .T. ) ;
#3270 = ORIENTED_EDGE ( 'NONE', *, *, #1956, .T. ) ;
#3271 = DIRECTION ( 'NONE',  ( -0.000000000000000000, 1.807003620809172906E-16, 1.000000000000000000 ) ) ;
#3272 = VERTEX_POINT ( 'NONE', #4237 ) ;
#3273 = CARTESIAN_POINT ( 'NONE',  ( 0.1499999999999997446, 0.08000000000000004330, -0.7200000000000000844 ) ) ;
#3274 = EDGE_CURVE ( 'NONE', #2563, #349, #3318, .T. ) ;
#3275 = LINE ( 'NONE', #2877, #5368 ) ;
#3276 = CARTESIAN_POINT ( 'NONE',  ( 0.6499999999999998002, 0.08000000000000004330, 0.8000000000000000444 ) ) ;
#3277 = VERTEX_POINT ( 'NONE', #4326 ) ;
#3278 = CARTESIAN_POINT ( 'NONE',  ( -0.9500000000000002887, 0.6000000000000004219, -0.8000000000000001554 ) ) ;
#3279 = EDGE_CURVE ( 'NONE', #2487, #5374, #3253, .T. ) ;
#3280 = DIRECTION ( 'NONE',  ( 0.000000000000000000, 0.000000000000000000, 1.000000000000000000 ) ) ;
#3281 = DIRECTION ( 'NONE',  ( 0.000000000000000000, -1.000000000000000000, 0.000000000000000000 ) ) ;
#3282 = ADVANCED_FACE ( 'NONE', ( #3230 ), #251, .F. ) ;
#3283 = VECTOR ( 'NONE', #2067, 1000.000000000000000 ) ;
#3284 = CARTESIAN_POINT ( 'NONE',  ( 0.6499999999999998002, 0.5200000000000001288, 0.5000000000000002220 ) ) ;
#3285 = ORIENTED_EDGE ( 'NONE', *, *, #4642, .T. ) ;
#3286 = DIRECTION ( 'NONE',  ( 1.000000000000000000, 0.000000000000000000, 0.000000000000000000 ) ) ;
#3287 = CARTESIAN_POINT ( 'NONE',  ( -0.1500000000000002720, 0.08000000000000001554, -0.4500000000000000666 ) ) ;
#3288 = ORIENTED_EDGE ( 'NONE', *, *, #5744, .F. ) ;
#3289 = LINE ( 'NONE', #4592, #5237 ) ;
#3290 = EDGE_CURVE ( 'NONE', #753, #5212, #5202, .T. ) ;
#3291 = CARTESIAN_POINT ( 'NONE',  ( -0.9500000000000002887, 0.6000000000000003109, 0.5000000000000002220 ) ) ;
#3292 = ORIENTED_EDGE ( 'NONE', *, *, #5548, .F. ) ;
#3293 = DIRECTION ( 'NONE',  ( 0.000000000000000000, 1.000000000000000000, -1.807003620809172906E-16 ) ) ;
#3294 = CARTESIAN_POINT ( 'NONE',  ( -1.600000000000000089, 0.08000000000000004330, 0.8000000000000000444 ) ) ;
#3295 = EDGE_CURVE ( 'NONE', #1156, #4295, #1361, .T. ) ;
#3296 = LINE ( 'NONE', #2272, #3306 ) ;
#3297 = DIRECTION ( 'NONE',  ( 1.000000000000000000, 0.000000000000000000, 0.000000000000000000 ) ) ;
#3298 = LINE ( 'NONE', #5336, #3330 ) ;
#3299 = AXIS2_PLACEMENT_3D ( 'NONE', #3588, #2159, #2121 ) ;
#3300 = DIRECTION ( 'NONE',  ( -1.000000000000000000, -0.000000000000000000, -0.000000000000000000 ) ) ;
#3301 = ORIENTED_EDGE ( 'NONE', *, *, #138, .T. ) ;
#3302 = AXIS2_PLACEMENT_3D ( 'NONE', #5276, #241, #1686 ) ;
#3303 = FACE_OUTER_BOUND ( 'NONE', #4389, .T. ) ;
#3304 = ORIENTED_EDGE ( 'NONE', *, *, #2370, .F. ) ;
#3305 = EDGE_CURVE ( 'NONE', #2673, #2126, #5170, .T. ) ;
#3306 = VECTOR ( 'NONE', #2740, 1000.000000000000000 ) ;
#3307 = VECTOR ( 'NONE', #469, 1000.000000000000000 ) ;
#3308 = DIRECTION ( 'NONE',  ( -0.000000000000000000, 1.000000000000000000, -0.000000000000000000 ) ) ;
#3309 = EDGE_LOOP ( 'NONE', ( #5806, #2071, #2135, #367 ) ) ;
#3310 = AXIS2_PLACEMENT_3D ( 'NONE', #1779, #4402, #2777 ) ;
#3311 = ORIENTED_EDGE ( 'NONE', *, *, #3295, .T. ) ;
#3312 = AXIS2_PLACEMENT_3D ( 'NONE', #958, #1478, #1435 ) ;
#3313 = DIRECTION ( 'NONE',  ( 0.000000000000000000, -1.000000000000000000, 0.000000000000000000 ) ) ;
#3314 = DIRECTION ( 'NONE',  ( 0.000000000000000000, -1.000000000000000000, 0.000000000000000000 ) ) ;
#3315 = EDGE_LOOP ( 'NONE', ( #4153, #3777, #4100, #1808 ) ) ;
#3316 = DIRECTION ( 'NONE',  ( 0.000000000000000000, -0.000000000000000000, 1.000000000000000000 ) ) ;
#3317 = CIRCLE ( 'NONE', #2035, 0.2299999999999999545 ) ;
#3318 = LINE ( 'NONE', #3841, #3243 ) ;
#3319 = ORIENTED_EDGE ( 'NONE', *, *, #4500, .F. ) ;
#3320 = DIRECTION ( 'NONE',  ( 0.000000000000000000, 0.000000000000000000, 1.000000000000000000 ) ) ;
#3321 = DIRECTION ( 'NONE',  ( -1.000000000000000000, -0.000000000000000000, -0.000000000000000000 ) ) ;
#3322 = CYLINDRICAL_SURFACE ( 'NONE', #2039, 0.2299999999999999545 ) ;
#3323 = CARTESIAN_POINT ( 'NONE',  ( 1.449999999999999956, 0.6000000000000004219, 0.8000000000000001554 ) ) ;
#3324 = CARTESIAN_POINT ( 'NONE',  ( -0.1500000000000002720, -3.231750982573322946E-17, -0.8000000000000000444 ) ) ;
#3325 = ADVANCED_FACE ( 'NONE', ( #5217 ), #2550, .F. ) ;
#3326 = DIRECTION ( 'NONE',  ( 0.000000000000000000, -1.000000000000000000, 0.000000000000000000 ) ) ;
#3327 = VERTEX_POINT ( 'NONE', #3992 ) ;
#3328 = CARTESIAN_POINT ( 'NONE',  ( -0.9500000000000002887, 0.5200000000000001288, -0.5000000000000002220 ) ) ;
#3329 = VECTOR ( 'NONE', #5455, 1000.000000000000000 ) ;
#3330 = VECTOR ( 'NONE', #5727, 1000.000000000000000 ) ;
#3331 = CARTESIAN_POINT ( 'NONE',  ( 1.200000000000000178, 0.000000000000000000, -0.8000000000000001554 ) ) ;
#3332 = ORIENTED_EDGE ( 'NONE', *, *, #3745, .T. ) ;
#3333 = ORIENTED_EDGE ( 'NONE', *, *, #2468, .F. ) ;
#3334 = VECTOR ( 'NONE', #2017, 1000.000000000000000 ) ;
#3335 = ORIENTED_EDGE ( 'NONE', *, *, #2710, .F. ) ;
#3336 = VECTOR ( 'NONE', #2572, 1000.000000000000000 ) ;
#3337 = DIRECTION ( 'NONE',  ( 0.000000000000000000, 0.000000000000000000, 1.000000000000000000 ) ) ;
#3338 = ADVANCED_FACE ( 'NONE', ( #1177 ), #1209, .F. ) ;
#3339 = DIRECTION ( 'NONE',  ( -1.000000000000000000, 0.000000000000000000, -0.000000000000000000 ) ) ;
#3340 = EDGE_CURVE ( 'NONE', #4777, #4708, #5085, .T. ) ;
#3341 = DIRECTION ( 'NONE',  ( 0.000000000000000000, 1.000000000000000000, -0.000000000000000000 ) ) ;
#3342 = ORIENTED_EDGE ( 'NONE', *, *, #4348, .T. ) ;
#3343 = VECTOR ( 'NONE', #457, 1000.000000000000000 ) ;
#3344 = VERTEX_POINT ( 'NONE', #3068 ) ;
#3345 = LINE ( 'NONE', #564, #1268 ) ;
#3346 = CARTESIAN_POINT ( 'NONE',  ( -1.600000000000000089, 0.5200000000000002398, -0.8000000000000001554 ) ) ;
#3347 = ORIENTED_EDGE ( 'NONE', *, *, #3517, .T. ) ;
#3348 = EDGE_CURVE ( 'NONE', #2708, #5159, #1329, .T. ) ;
#3349 = EDGE_LOOP ( 'NONE', ( #4753, #3226, #4556, #4787 ) ) ;
#3350 = VECTOR ( 'NONE', #895, 1000.000000000000000 ) ;
#3351 = CARTESIAN_POINT ( 'NONE',  ( -1.450000000000000400, 0.6000000000000003109, -0.5000000000000002220 ) ) ;
#3352 = ORIENTED_EDGE ( 'NONE', *, *, #912, .F. ) ;
#3353 = VECTOR ( 'NONE', #3218, 1000.000000000000000 ) ;
#3354 = EDGE_CURVE ( 'NONE', #1135, #518, #3298, .T. ) ;
#3355 = ORIENTED_EDGE ( 'NONE', *, *, #2772, .F. ) ;
#3356 = CARTESIAN_POINT ( 'NONE',  ( 1.600000000000000089, 0.6999999999999999556, -0.5000000000000003331 ) ) ;
#3357 = ORIENTED_EDGE ( 'NONE', *, *, #292, .T. ) ;
#3358 = EDGE_CURVE ( 'NONE', #2996, #4600, #1251, .T. ) ;
#3359 = DIRECTION ( 'NONE',  ( 0.000000000000000000, 1.003890900449541202E-16, -1.000000000000000000 ) ) ;
#3360 = FACE_OUTER_BOUND ( 'NONE', #1171, .T. ) ;
#3361 = DIRECTION ( 'NONE',  ( -1.000000000000000000, 0.000000000000000000, -0.000000000000000000 ) ) ;
#3362 = DIRECTION ( 'NONE',  ( 0.000000000000000000, -1.000000000000000000, 0.000000000000000000 ) ) ;
#3363 = EDGE_LOOP ( 'NONE', ( #4587, #2626, #4224, #4173, #2472, #4503 ) ) ;
#3364 = CARTESIAN_POINT ( 'NONE',  ( 1.600000000000000089, 0.5200000000000001288, 0.8000000000000000444 ) ) ;
#3365 = LINE ( 'NONE', #527, #1483 ) ;
#3366 = CARTESIAN_POINT ( 'NONE',  ( 0.6499999999999998002, 0.5200000000000001288, -0.5000000000000002220 ) ) ;
#3367 = EDGE_CURVE ( 'NONE', #1368, #792, #5230, .T. ) ;
#3368 = ORIENTED_EDGE ( 'NONE', *, *, #2200, .T. ) ;
#3369 = CARTESIAN_POINT ( 'NONE',  ( -0.4000000000000000777, 0.5200000000000001288, -0.5700000000000000622 ) ) ;
#3370 = CARTESIAN_POINT ( 'NONE',  ( 0.1843614134715218511, 0.5200000000000001288, -0.7200000000000000844 ) ) ;
#3371 = EDGE_LOOP ( 'NONE', ( #3319, #1552, #5777, #1635, #1784, #1798 ) ) ;
#3372 = VECTOR ( 'NONE', #4564, 1000.000000000000000 ) ;
#3373 = ADVANCED_FACE ( 'NONE', ( #1296 ), #5190, .F. ) ;
#3374 = AXIS2_PLACEMENT_3D ( 'NONE', #2952, #3782, #3424 ) ;
#3375 = VERTEX_POINT ( 'NONE', #2521 ) ;
#3376 = AXIS2_PLACEMENT_3D ( 'NONE', #1735, #189, #266 ) ;
#3377 = DIRECTION ( 'NONE',  ( -1.000000000000000000, -0.000000000000000000, 0.000000000000000000 ) ) ;
#3378 = LINE ( 'NONE', #3346, #1418 ) ;
#3379 = ORIENTED_EDGE ( 'NONE', *, *, #5693, .F. ) ;
#3380 = EDGE_CURVE ( 'NONE', #518, #3381, #1339, .T. ) ;
#3381 = VERTEX_POINT ( 'NONE', #2851 ) ;
#3382 = LINE ( 'NONE', #4504, #5328 ) ;
#3383 = ORIENTED_EDGE ( 'NONE', *, *, #5761, .F. ) ;
#3384 = AXIS2_PLACEMENT_3D ( 'NONE', #2927, #1117, #3011 ) ;
#3385 = LINE ( 'NONE', #973, #5431 ) ;
#3386 = AXIS2_PLACEMENT_3D ( 'NONE', #5081, #1470, #5038 ) ;
#3387 = VERTEX_POINT ( 'NONE', #3324 ) ;
#3388 = VECTOR ( 'NONE', #4614, 1000.000000000000000 ) ;
#3389 = CARTESIAN_POINT ( 'NONE',  ( -0.1500000000000002720, 0.08000000000000001554, -0.4500000000000000666 ) ) ;
#3390 = CARTESIAN_POINT ( 'NONE',  ( -0.9500000000000002887, 0.5200000000000001288, 0.7200000000000000844 ) ) ;
#3391 = ORIENTED_EDGE ( 'NONE', *, *, #2129, .F. ) ;
#3392 = CIRCLE ( 'NONE', #2156, 0.2299999999999999545 ) ;
#3393 = VERTEX_POINT ( 'NONE', #5619 ) ;
#3394 = DIRECTION ( 'NONE',  ( 0.000000000000000000, 0.000000000000000000, -1.000000000000000000 ) ) ;
#3395 = CARTESIAN_POINT ( 'NONE',  ( -0.6500000000000002442, 0.5200000000000001288, 0.7200000000000000844 ) ) ;
#3396 = ORIENTED_EDGE ( 'NONE', *, *, #5385, .F. ) ;
#3397 = LINE ( 'NONE', #4071, #1425 ) ;
#3398 = DIRECTION ( 'NONE',  ( 0.000000000000000000, 0.000000000000000000, 1.000000000000000000 ) ) ;
#3399 = DIRECTION ( 'NONE',  ( 0.000000000000000000, 0.000000000000000000, 1.000000000000000000 ) ) ;
#3400 = CARTESIAN_POINT ( 'NONE',  ( -0.9843614134715217290, 0.5200000000000001288, 0.7200000000000001954 ) ) ;
#3401 = EDGE_LOOP ( 'NONE', ( #3288, #1416, #2905, #5280 ) ) ;
#3402 = CARTESIAN_POINT ( 'NONE',  ( 1.600000000000000089, 0.5200000000000002398, -0.8000000000000001554 ) ) ;
#3403 = CARTESIAN_POINT ( 'NONE',  ( 0.1499999999999997446, -3.231750982573322946E-17, -0.4500000000000000666 ) ) ;
#3404 = CARTESIAN_POINT ( 'NONE',  ( -0.6156385865284781378, 0.5200000000000001288, -0.7200000000000000844 ) ) ;
#3405 = VECTOR ( 'NONE', #4111, 1000.000000000000000 ) ;
#3406 = CARTESIAN_POINT ( 'NONE',  ( 0.1499999999999997446, 0.08000000000000004330, 0.7200000000000001954 ) ) ;
#3407 = VERTEX_POINT ( 'NONE', #3792 ) ;
#3408 = CARTESIAN_POINT ( 'NONE',  ( -0.1500000000000002720, 0.08000000000000004330, 0.8000000000000000444 ) ) ;
#3409 = VECTOR ( 'NONE', #3739, 1000.000000000000000 ) ;
#3410 = EDGE_CURVE ( 'NONE', #2379, #5837, #1371, .T. ) ;
#3411 = ORIENTED_EDGE ( 'NONE', *, *, #4509, .F. ) ;
#3412 = CARTESIAN_POINT ( 'NONE',  ( -0.6500000000000002442, -3.231750982573322946E-17, -0.4500000000000000666 ) ) ;
#3413 = VECTOR ( 'NONE', #2790, 1000.000000000000000 ) ;
#3414 = ORIENTED_EDGE ( 'NONE', *, *, #2162, .T. ) ;
#3415 = AXIS2_PLACEMENT_3D ( 'NONE', #125, #5575, #5066 ) ;
#3416 = CIRCLE ( 'NONE', #2555, 0.2299999999999999545 ) ;
#3417 = ADVANCED_FACE ( 'NONE', ( #5260 ), #3472, .F. ) ;
#3418 = EDGE_LOOP ( 'NONE', ( #4374, #4828, #576, #2943 ) ) ;
#3419 = EDGE_CURVE ( 'NONE', #5539, #3030, #1199, .T. ) ;
#3420 = CIRCLE ( 'NONE', #3001, 0.1500000000000000777 ) ;
#3421 = ORIENTED_EDGE ( 'NONE', *, *, #285, .T. ) ;
#3422 = CARTESIAN_POINT ( 'NONE',  ( -0.1500000000000001887, 0.08000000000000004330, -0.7200000000000000844 ) ) ;
#3423 = VECTOR ( 'NONE', #3999, 1000.000000000000000 ) ;
#3424 = DIRECTION ( 'NONE',  ( 0.000000000000000000, 0.000000000000000000, -1.000000000000000000 ) ) ;
#3425 = EDGE_CURVE ( 'NONE', #2802, #5172, #1350, .T. ) ;
#3426 =( NAMED_UNIT ( * ) SI_UNIT ( $, .STERADIAN. ) SOLID_ANGLE_UNIT ( ) );
#3427 = ORIENTED_EDGE ( 'NONE', *, *, #2294, .F. ) ;
#3428 = DIRECTION ( 'NONE',  ( -1.000000000000000000, -0.000000000000000000, -0.000000000000000000 ) ) ;
#3429 = EDGE_CURVE ( 'NONE', #4486, #1716, #5240, .T. ) ;
#3430 = VECTOR ( 'NONE', #1204, 1000.000000000000000 ) ;
#3431 = ORIENTED_EDGE ( 'NONE', *, *, #4814, .T. ) ;
#3432 = CARTESIAN_POINT ( 'NONE',  ( -1.450000000000000400, -3.231750982573322946E-17, -0.4500000000000000666 ) ) ;
#3433 = LINE ( 'NONE', #3872, #1356 ) ;
#3434 = DIRECTION ( 'NONE',  ( -1.000000000000000000, -0.000000000000000000, -0.000000000000000000 ) ) ;
#3435 = DIRECTION ( 'NONE',  ( 0.000000000000000000, 0.000000000000000000, -1.000000000000000000 ) ) ;
#3436 = VERTEX_POINT ( 'NONE', #3294 ) ;
#3437 = EDGE_CURVE ( 'NONE', #5309, #1884, #5271, .T. ) ;
#3438 = DIRECTION ( 'NONE',  ( 0.000000000000000000, -1.003890900449541079E-16, 1.000000000000000000 ) ) ;
#3439 = DIRECTION ( 'NONE',  ( -1.000000000000000000, -0.000000000000000000, -0.000000000000000000 ) ) ;
#3440 = DIRECTION ( 'NONE',  ( 0.000000000000000000, -1.000000000000000000, 0.000000000000000000 ) ) ;
#3441 = LINE ( 'NONE', #5627, #5441 ) ;
#3442 = EDGE_LOOP ( 'NONE', ( #3501, #1476, #1590, #2038 ) ) ;
#3443 = CARTESIAN_POINT ( 'NONE',  ( 0.9843614134715219510, 0.08000000000000009881, -0.7200000000000000844 ) ) ;
#3444 = LINE ( 'NONE', #2532, #5295 ) ;
#3445 = AXIS2_PLACEMENT_3D ( 'NONE', #1265, #1305, #712 ) ;
#3446 = ORIENTED_EDGE ( 'NONE', *, *, #1878, .F. ) ;
#3447 = EDGE_CURVE ( 'NONE', #3858, #1053, #5102, .T. ) ;
#3448 = DIRECTION ( 'NONE',  ( 0.000000000000000000, 0.000000000000000000, 1.000000000000000000 ) ) ;
#3449 = CIRCLE ( 'NONE', #3299, 0.2299999999999999545 ) ;
#3450 = CARTESIAN_POINT ( 'NONE',  ( -0.6500000000000002442, 0.08000000000000004330, 1.332541078227774012 ) ) ;
#3451 = ORIENTED_EDGE ( 'NONE', *, *, #2898, .F. ) ;
#3452 = AXIS2_PLACEMENT_3D ( 'NONE', #1774, #3201, #3121 ) ;
#3453 = ORIENTED_EDGE ( 'NONE', *, *, #5744, .T. ) ;
#3454 = UNCERTAINTY_MEASURE_WITH_UNIT (LENGTH_MEASURE( 1.000000000000000082E-05 ), #2607, 'distance_accuracy_value', 'NONE');
#3455 = LINE ( 'NONE', #25, #5340 ) ;
#3456 = ORIENTED_EDGE ( 'NONE', *, *, #1509, .F. ) ;
#3457 = DIRECTION ( 'NONE',  ( -1.000000000000000000, -0.000000000000000000, -0.000000000000000000 ) ) ;
#3458 = CARTESIAN_POINT ( 'NONE',  ( -0.1500000000000002720, 0.5200000000000001288, 0.8000000000000001554 ) ) ;
#3459 = FILL_AREA_STYLE_COLOUR ( '', #1614 ) ;
#3460 = ADVANCED_FACE ( 'NONE', ( #5114 ), #1719, .F. ) ;
#3461 = DIRECTION ( 'NONE',  ( -1.000000000000000000, -0.000000000000000000, 0.000000000000000000 ) ) ;
#3462 = ORIENTED_EDGE ( 'NONE', *, *, #2087, .F. ) ;
#3463 = DIRECTION ( 'NONE',  ( 0.000000000000000000, 0.000000000000000000, -1.000000000000000000 ) ) ;
#3464 = VECTOR ( 'NONE', #3022, 1000.000000000000000 ) ;
#3465 = EDGE_CURVE ( 'NONE', #4682, #5118, #1217, .T. ) ;
#3466 = VERTEX_POINT ( 'NONE', #5720 ) ;
#3467 = CARTESIAN_POINT ( 'NONE',  ( 1.600000000000000089, 0.08000000000000004330, 0.7200000000000001954 ) ) ;
#3468 = CARTESIAN_POINT ( 'NONE',  ( -0.9500000000000002887, 0.6000000000000003109, 0.5000000000000002220 ) ) ;
#3469 = LINE ( 'NONE', #5640, #1557 ) ;
#3470 = SURFACE_SIDE_STYLE ('',( #334 ) ) ;
#3471 = CARTESIAN_POINT ( 'NONE',  ( 1.449999999999999956, -3.231750982573322946E-17, -0.4500000000000000666 ) ) ;
#3472 = PLANE ( 'NONE',  #1899 ) ;
#3473 = CARTESIAN_POINT ( 'NONE',  ( 1.600000000000000089, 0.08000000000000004330, 0.7200000000000001954 ) ) ;
#3474 = PLANE ( 'NONE',  #2328 ) ;
#3475 = ORIENTED_EDGE ( 'NONE', *, *, #1098, .F. ) ;
#3476 = CARTESIAN_POINT ( 'NONE',  ( -0.4000000000000000777, 0.08000000000000004330, -0.8000000000000001554 ) ) ;
#3477 = PLANE ( 'NONE',  #4293 ) ;
#3478 = VECTOR ( 'NONE', #1488, 1000.000000000000000 ) ;
#3479 = ORIENTED_EDGE ( 'NONE', *, *, #1170, .F. ) ;
#3480 = EDGE_CURVE ( 'NONE', #1558, #4384, #1228, .T. ) ;
#3481 = ADVANCED_FACE ( 'NONE', ( #1240 ), #3217, .F. ) ;
#3482 = LINE ( 'NONE', #3038, #1553 ) ;
#3483 = VERTEX_POINT ( 'NONE', #4130 ) ;
#3484 = CIRCLE ( 'NONE', #3706, 0.2299999999999999545 ) ;
#3485 = EDGE_CURVE ( 'NONE', #741, #5425, #1511, .T. ) ;
#3486 = ORIENTED_EDGE ( 'NONE', *, *, #2137, .T. ) ;
#3487 = DIRECTION ( 'NONE',  ( 0.000000000000000000, 1.000000000000000000, 0.000000000000000000 ) ) ;
#3488 = ORIENTED_EDGE ( 'NONE', *, *, #1746, .T. ) ;
#3489 = LINE ( 'NONE', #5154, #5628 ) ;
#3490 = EDGE_CURVE ( 'NONE', #4578, #1089, #3449, .T. ) ;
#3491 = ORIENTED_EDGE ( 'NONE', *, *, #4358, .T. ) ;
#3492 = CARTESIAN_POINT ( 'NONE',  ( -0.1500000000000002720, 0.6000000000000003109, -0.5000000000000002220 ) ) ;
#3493 = VECTOR ( 'NONE', #4253, 1000.000000000000000 ) ;
#3494 = EDGE_CURVE ( 'NONE', #5526, #1534, #1570, .T. ) ;
#3495 = CARTESIAN_POINT ( 'NONE',  ( -1.199999999999999956, 0.000000000000000000, 0.8000000000000005995 ) ) ;
#3496 = ORIENTED_EDGE ( 'NONE', *, *, #3212, .T. ) ;
#3497 = AXIS2_PLACEMENT_3D ( 'NONE', #3935, #4878, #5734 ) ;
#3498 = CARTESIAN_POINT ( 'NONE',  ( -0.1500000000000002720, 0.5200000000000001288, 0.7200000000000000844 ) ) ;
#3499 = CARTESIAN_POINT ( 'NONE',  ( 1.449999999999999956, 0.000000000000000000, 0.000000000000000000 ) ) ;
#3500 = FACE_OUTER_BOUND ( 'NONE', #3216, .T. ) ;
#3501 = ORIENTED_EDGE ( 'NONE', *, *, #794, .F. ) ;
#3502 = EDGE_CURVE ( 'NONE', #5484, #4994, #3513, .T. ) ;
#3503 = SURFACE_SIDE_STYLE ('',( #4771 ) ) ;
#3504 = DIRECTION ( 'NONE',  ( 0.000000000000000000, -0.000000000000000000, 1.000000000000000000 ) ) ;
#3505 = VECTOR ( 'NONE', #4875, 1000.000000000000000 ) ;
#3506 =( NAMED_UNIT ( * ) SI_UNIT ( $, .STERADIAN. ) SOLID_ANGLE_UNIT ( ) );
#3507 = ADVANCED_FACE ( 'NONE', ( #3500 ), #5691, .F. ) ;
#3508 = PLANE ( 'NONE',  #49 ) ;
#3509 = VERTEX_POINT ( 'NONE', #250 ) ;
#3510 =( NAMED_UNIT ( * ) PLANE_ANGLE_UNIT ( ) SI_UNIT ( $, .RADIAN. ) );
#3511 = AXIS2_PLACEMENT_3D ( 'NONE', #2441, #5075, #1541 ) ;
#3512 = DIRECTION ( 'NONE',  ( 0.000000000000000000, 1.000000000000000000, -1.084202172485504237E-15 ) ) ;
#3513 = LINE ( 'NONE', #809, #3464 ) ;
#3514 = CARTESIAN_POINT ( 'NONE',  ( -0.6500000000000002442, 0.08000000000000001554, -0.4500000000000000666 ) ) ;
#3515 = AXIS2_PLACEMENT_3D ( 'NONE', #3287, #3711, #5082 ) ;
#3516 = ORIENTED_EDGE ( 'NONE', *, *, #714, .T. ) ;
#3517 = EDGE_CURVE ( 'NONE', #3924, #776, #1411, .T. ) ;
#3518 = VECTOR ( 'NONE', #4390, 1000.000000000000000 ) ;
#3519 = DIRECTION ( 'NONE',  ( -1.000000000000000000, -0.000000000000000000, -0.000000000000000000 ) ) ;
#3520 = PLANE ( 'NONE',  #1211 ) ;
#3521 = ORIENTED_EDGE ( 'NONE', *, *, #3135, .T. ) ;
#3522 = FACE_OUTER_BOUND ( 'NONE', #4861, .T. ) ;
#3523 = CARTESIAN_POINT ( 'NONE',  ( 1.449999999999999956, 0.5200000000000001288, -0.5000000000000002220 ) ) ;
#3524 = ORIENTED_EDGE ( 'NONE', *, *, #5287, .T. ) ;
#3525 = ADVANCED_FACE ( 'NONE', ( #3529 ), #2093, .F. ) ;
#3526 = CARTESIAN_POINT ( 'NONE',  ( -0.6500000000000001332, 0.08000000000000004330, 0.7200000000000001954 ) ) ;
#3527 = COLOUR_RGB ( '',0.2509803921568627416, 0.2509803921568627416, 0.2509803921568627416 ) ;
#3528 = VERTEX_POINT ( 'NONE', #139 ) ;
#3529 = FACE_OUTER_BOUND ( 'NONE', #3174, .T. ) ;
#3530 = ORIENTED_EDGE ( 'NONE', *, *, #2561, .F. ) ;
#3531 = CARTESIAN_POINT ( 'NONE',  ( -0.6500000000000002442, 0.5200000000000001288, 1.332541078227774012 ) ) ;
#3532 = DIRECTION ( 'NONE',  ( 0.000000000000000000, -1.000000000000000000, 6.023345402697252882E-16 ) ) ;
#3533 =( LENGTH_UNIT ( ) NAMED_UNIT ( * ) SI_UNIT ( .MILLI., .METRE. ) );
#3534 = EDGE_CURVE ( 'NONE', #3528, #1099, #3441, .T. ) ;
#3535 = CARTESIAN_POINT ( 'NONE',  ( -0.9500000000000002887, 0.5200000000000001288, -0.7200000000000001954 ) ) ;
#3536 = VERTEX_POINT ( 'NONE', #1584 ) ;
#3537 = PLANE ( 'NONE',  #4821 ) ;
#3538 = LINE ( 'NONE', #381, #3413 ) ;
#3539 = ORIENTED_EDGE ( 'NONE', *, *, #1076, .T. ) ;
#3540 = DIRECTION ( 'NONE',  ( 0.000000000000000000, 0.000000000000000000, 1.000000000000000000 ) ) ;
#3541 = PLANE ( 'NONE',  #3847 ) ;
#3542 = CARTESIAN_POINT ( 'NONE',  ( 0.9499999999999998446, 0.08000000000000004330, -0.7200000000000000844 ) ) ;
#3543 = DIRECTION ( 'NONE',  ( -1.000000000000000000, 0.000000000000000000, -0.000000000000000000 ) ) ;
#3544 = ORIENTED_EDGE ( 'NONE', *, *, #2273, .T. ) ;
#3545 = CARTESIAN_POINT ( 'NONE',  ( 1.600000000000000089, 0.000000000000000000, 0.000000000000000000 ) ) ;
#3546 = EDGE_CURVE ( 'NONE', #5834, #5837, #3392, .T. ) ;
#3547 = DIRECTION ( 'NONE',  ( 0.000000000000000000, 0.000000000000000000, -1.000000000000000000 ) ) ;
#3548 = VECTOR ( 'NONE', #3771, 1000.000000000000000 ) ;
#3549 = ORIENTED_EDGE ( 'NONE', *, *, #5025, .F. ) ;
#3550 = PLANE ( 'NONE',  #2873 ) ;
#3551 = EDGE_CURVE ( 'NONE', #4291, #1772, #5330, .T. ) ;
#3552 =( LENGTH_UNIT ( ) NAMED_UNIT ( * ) SI_UNIT ( .MILLI., .METRE. ) );
#3553 = ADVANCED_FACE ( 'NONE', ( #1402 ), #336, .F. ) ;
#3554 = VERTEX_POINT ( 'NONE', #5014 ) ;
#3555 = VECTOR ( 'NONE', #3921, 1000.000000000000000 ) ;
#3556 = CARTESIAN_POINT ( 'NONE',  ( 0.4000000000000001887, 0.6000000000000004219, 0.8000000000000005995 ) ) ;
#3557 = ORIENTED_EDGE ( 'NONE', *, *, #2664, .T. ) ;
#3558 = ORIENTED_EDGE ( 'NONE', *, *, #5381, .T. ) ;
#3559 = EDGE_CURVE ( 'NONE', #1620, #2663, #3538, .T. ) ;
#3560 = LINE ( 'NONE', #155, #5492 ) ;
#3561 = DIRECTION ( 'NONE',  ( 0.000000000000000000, 1.000000000000000000, 0.000000000000000000 ) ) ;
#3562 = EDGE_CURVE ( 'NONE', #5423, #4230, #1473, .T. ) ;
#3563 = CARTESIAN_POINT ( 'NONE',  ( 1.200000000000000178, 0.08000000000000009881, -0.8000000000000001554 ) ) ;
#3564 = EDGE_LOOP ( 'NONE', ( #4473, #2372, #2669, #480 ) ) ;
#3565 = AXIS2_PLACEMENT_3D ( 'NONE', #2837, #3308, #3724 ) ;
#3566 = DIRECTION ( 'NONE',  ( 0.000000000000000000, -1.000000000000000000, -1.807003620809172906E-16 ) ) ;
#3567 = CYLINDRICAL_SURFACE ( 'NONE', #5460, 0.1500000000000000777 ) ;
#3568 = AXIS2_PLACEMENT_3D ( 'NONE', #3000, #187, #3076 ) ;
#3569 = CARTESIAN_POINT ( 'NONE',  ( -1.600000000000000089, 0.08000000000000004330, -0.8000000000000000444 ) ) ;
#3570 = CARTESIAN_POINT ( 'NONE',  ( -0.1500000000000002720, -3.231750982573322946E-17, 0.8000000000000000444 ) ) ;
#3571 = CARTESIAN_POINT ( 'NONE',  ( -0.1500000000000002720, 0.6000000000000003109, -0.5000000000000002220 ) ) ;
#3572 = ORIENTED_EDGE ( 'NONE', *, *, #3559, .F. ) ;
#3573 = EDGE_CURVE ( 'NONE', #10, #1135, #3365, .T. ) ;
#3574 = DIRECTION ( 'NONE',  ( -1.000000000000000000, -0.000000000000000000, -0.000000000000000000 ) ) ;
#3575 = LINE ( 'NONE', #962, #1740 ) ;
#3576 = ORIENTED_EDGE ( 'NONE', *, *, #2193, .T. ) ;
#3577 = CARTESIAN_POINT ( 'NONE',  ( -0.1843614134715217401, 0.07999999999999997391, -0.7200000000000000844 ) ) ;
#3578 = AXIS2_PLACEMENT_3D ( 'NONE', #1847, #3683, #4575 ) ;
#3579 = PLANE ( 'NONE',  #2717 ) ;
#3580 = DIRECTION ( 'NONE',  ( -1.000000000000000000, 0.000000000000000000, 0.000000000000000000 ) ) ;
#3581 = AXIS2_PLACEMENT_3D ( 'NONE', #1811, #2227, #4038 ) ;
#3582 = CARTESIAN_POINT ( 'NONE',  ( 0.3999999999999999667, 0.08000000000000004330, -0.8000000000000001554 ) ) ;
#3583 = CARTESIAN_POINT ( 'NONE',  ( 1.600000000000000089, 0.08000000000000004330, 0.8000000000000000444 ) ) ;
#3584 = ORIENTED_EDGE ( 'NONE', *, *, #5801, .F. ) ;
#3585 = DIRECTION ( 'NONE',  ( 0.000000000000000000, 0.000000000000000000, -1.000000000000000000 ) ) ;
#3586 = LINE ( 'NONE', #5686, #5565 ) ;
#3587 = ORIENTED_EDGE ( 'NONE', *, *, #3257, .F. ) ;
#3588 = CARTESIAN_POINT ( 'NONE',  ( -1.200000000000000178, 0.07999999999999998779, -0.7999999999999994893 ) ) ;
#3589 = VERTEX_POINT ( 'NONE', #3659 ) ;
#3590 = CARTESIAN_POINT ( 'NONE',  ( 1.449999999999999956, 0.000000000000000000, 0.000000000000000000 ) ) ;
#3591 = FACE_OUTER_BOUND ( 'NONE', #1843, .T. ) ;
#3592 = DIRECTION ( 'NONE',  ( 0.000000000000000000, -1.000000000000000000, 0.000000000000000000 ) ) ;
#3593 = ORIENTED_EDGE ( 'NONE', *, *, #2999, .F. ) ;
#3594 = CARTESIAN_POINT ( 'NONE',  ( 1.450000000000000400, 0.5200000000000001288, -1.264865571966778734 ) ) ;
#3595 = ORIENTED_EDGE ( 'NONE', *, *, #1746, .F. ) ;
#3596 = VECTOR ( 'NONE', #5035, 1000.000000000000000 ) ;
#3597 = CARTESIAN_POINT ( 'NONE',  ( -0.1500000000000002720, 0.6000000000000004219, 0.8000000000000001554 ) ) ;
#3598 = CARTESIAN_POINT ( 'NONE',  ( 0.6499999999999998002, -3.231750982573322946E-17, 0.4500000000000000666 ) ) ;
#3599 = ORIENTED_EDGE ( 'NONE', *, *, #5311, .T. ) ;
#3600 = EDGE_CURVE ( 'NONE', #4216, #670, #1521, .T. ) ;
#3601 = CARTESIAN_POINT ( 'NONE',  ( -0.1843614134715219621, 0.08000000000000009881, -0.7200000000000000844 ) ) ;
#3602 = CARTESIAN_POINT ( 'NONE',  ( -0.1500000000000002720, 0.6000000000000003109, 0.5000000000000002220 ) ) ;
#3603 = DIRECTION ( 'NONE',  ( 0.000000000000000000, 0.000000000000000000, 1.000000000000000000 ) ) ;
#3604 = CARTESIAN_POINT ( 'NONE',  ( 1.350000000000000089, 0.000000000000000000, -0.8000000000000000444 ) ) ;
#3605 = VERTEX_POINT ( 'NONE', #2282 ) ;
#3606 = LINE ( 'NONE', #3615, #5602 ) ;
#3607 =( GEOMETRIC_REPRESENTATION_CONTEXT ( 3 ) GLOBAL_UNCERTAINTY_ASSIGNED_CONTEXT ( ( #2140 ) ) GLOBAL_UNIT_ASSIGNED_CONTEXT ( ( #5737, #1189, #3008 ) ) REPRESENTATION_CONTEXT ( 'NONE', 'WORKASPACE' ) );
#3608 = ORIENTED_EDGE ( 'NONE', *, *, #5070, .F. ) ;
#3609 = ADVANCED_FACE ( 'NONE', ( #5390 ), #1498, .F. ) ;
#3610 = CARTESIAN_POINT ( 'NONE',  ( 1.050000000000000044, 0.6000000000000004219, -0.8000000000000001554 ) ) ;
#3611 = EDGE_CURVE ( 'NONE', #1322, #240, #3420, .T. ) ;
#3612 = PRESENTATION_STYLE_ASSIGNMENT (( #2557 ) ) ;
#3613 = CARTESIAN_POINT ( 'NONE',  ( -0.4000000000000000777, 0.5200000000000001288, -0.5700000000000001732 ) ) ;
#3614 = CARTESIAN_POINT ( 'NONE',  ( -1.450000000000000400, -3.231750982573322946E-17, 0.8000000000000000444 ) ) ;
#3615 = CARTESIAN_POINT ( 'NONE',  ( -0.9500000000000002887, 0.08000000000000004330, -0.7200000000000000844 ) ) ;
#3616 = ORIENTED_EDGE ( 'NONE', *, *, #3039, .F. ) ;
#3617 = CARTESIAN_POINT ( 'NONE',  ( -0.3999999999999998557, 0.5200000000000001288, 0.8000000000000003775 ) ) ;
#3618 = DIRECTION ( 'NONE',  ( 0.000000000000000000, 0.000000000000000000, 1.000000000000000000 ) ) ;
#3619 = FACE_OUTER_BOUND ( 'NONE', #4649, .T. ) ;
#3620 = ORIENTED_EDGE ( 'NONE', *, *, #1151, .F. ) ;
#3621 = DIRECTION ( 'NONE',  ( -0.000000000000000000, 1.000000000000000000, 0.000000000000000000 ) ) ;
#3622 = CARTESIAN_POINT ( 'NONE',  ( -0.4000000000000000777, 0.6000000000000004219, -0.8000000000000001554 ) ) ;
#3623 = ORIENTED_EDGE ( 'NONE', *, *, #1433, .F. ) ;
#3624 = LINE ( 'NONE', #1943, #3548 ) ;
#3625 = ORIENTED_EDGE ( 'NONE', *, *, #626, .F. ) ;
#3626 = EDGE_CURVE ( 'NONE', #2789, #4796, #5407, .T. ) ;
#3627 = CARTESIAN_POINT ( 'NONE',  ( 0.1499999999999997446, 0.08000000000000004330, 1.332541078227774012 ) ) ;
#3628 = CIRCLE ( 'NONE', #3875, 0.2299999999999999545 ) ;
#3629 = ORIENTED_EDGE ( 'NONE', *, *, #2162, .F. ) ;
#3630 = MECHANICAL_DESIGN_GEOMETRIC_PRESENTATION_REPRESENTATION (  '', ( #3695 ), #1781 ) ;
#3631 = FACE_OUTER_BOUND ( 'NONE', #1064, .T. ) ;
#3632 = AXIS2_PLACEMENT_3D ( 'NONE', #61, #1544, #1942 ) ;
#3633 = DIRECTION ( 'NONE',  ( 0.000000000000000000, 0.000000000000000000, -1.000000000000000000 ) ) ;
#3634 = ORIENTED_EDGE ( 'NONE', *, *, #5430, .T. ) ;
#3635 = DIRECTION ( 'NONE',  ( 0.000000000000000000, 0.000000000000000000, 1.000000000000000000 ) ) ;
#3636 = DIRECTION ( 'NONE',  ( 0.000000000000000000, -1.000000000000000000, 1.003890900449541202E-16 ) ) ;
#3637 = EDGE_CURVE ( 'NONE', #1626, #1835, #1450, .T. ) ;
#3638 = VECTOR ( 'NONE', #2889, 1000.000000000000000 ) ;
#3639 = DIRECTION ( 'NONE',  ( 0.000000000000000000, -1.000000000000000000, 3.614007241618349264E-16 ) ) ;
#3640 = ADVANCED_FACE ( 'NONE', ( #3522 ), #1017, .F. ) ;
#3641 = ORIENTED_EDGE ( 'NONE', *, *, #1623, .T. ) ;
#3642 = CARTESIAN_POINT ( 'NONE',  ( 1.449999999999999956, -3.231750982573322946E-17, 0.8000000000000000444 ) ) ;
#3643 = DIRECTION ( 'NONE',  ( -1.000000000000000000, -0.000000000000000000, -0.000000000000000000 ) ) ;
#3644 = VECTOR ( 'NONE', #2813, 1000.000000000000000 ) ;
#3645 = AXIS2_PLACEMENT_3D ( 'NONE', #3582, #800, #5773 ) ;
#3646 = MECHANICAL_DESIGN_GEOMETRIC_PRESENTATION_REPRESENTATION (  '', ( #5200 ), #1257 ) ;
#3647 = ORIENTED_EDGE ( 'NONE', *, *, #4498, .F. ) ;
#3648 = CARTESIAN_POINT ( 'NONE',  ( 1.600000000000000089, 0.5200000000000001288, -0.7200000000000000844 ) ) ;
#3649 = VECTOR ( 'NONE', #1980, 1000.000000000000000 ) ;
#3650 = CARTESIAN_POINT ( 'NONE',  ( -1.450000000000000400, 0.08000000000000004330, -0.8000000000000000444 ) ) ;
#3651 = DIRECTION ( 'NONE',  ( -0.000000000000000000, 1.000000000000000000, -0.000000000000000000 ) ) ;
#3652 = ORIENTED_EDGE ( 'NONE', *, *, #388, .F. ) ;
#3653 = CARTESIAN_POINT ( 'NONE',  ( -0.3999999999999998557, 0.000000000000000000, 0.8000000000000005995 ) ) ;
#3654 = CARTESIAN_POINT ( 'NONE',  ( -0.1500000000000002720, 0.5200000000000001288, -0.7200000000000000844 ) ) ;
#3655 = VECTOR ( 'NONE', #2036, 1000.000000000000000 ) ;
#3656 = ORIENTED_EDGE ( 'NONE', *, *, #2193, .F. ) ;
#3657 = DIRECTION ( 'NONE',  ( 0.000000000000000000, 0.000000000000000000, 1.000000000000000000 ) ) ;
#3658 = LINE ( 'NONE', #5657, #1824 ) ;
#3659 = CARTESIAN_POINT ( 'NONE',  ( -0.1843614134715217678, 0.5200000000000002398, 0.7200000000000001954 ) ) ;
#3660 = ORIENTED_EDGE ( 'NONE', *, *, #4272, .F. ) ;
#3661 = DIRECTION ( 'NONE',  ( 0.000000000000000000, 0.000000000000000000, -1.000000000000000000 ) ) ;
#3662 = VECTOR ( 'NONE', #5454, 1000.000000000000000 ) ;
#3663 = EDGE_LOOP ( 'NONE', ( #357, #4652, #2197, #311 ) ) ;
#3664 = FACE_OUTER_BOUND ( 'NONE', #2949, .T. ) ;
#3665 = ORIENTED_EDGE ( 'NONE', *, *, #4046, .F. ) ;
#3666 = EDGE_CURVE ( 'NONE', #5816, #1626, #1550, .T. ) ;
#3667 = VECTOR ( 'NONE', #1157, 1000.000000000000000 ) ;
#3668 = DIRECTION ( 'NONE',  ( 0.000000000000000000, 0.000000000000000000, 1.000000000000000000 ) ) ;
#3669 = ADVANCED_FACE ( 'NONE', ( #5315 ), #1018, .F. ) ;
#3670 = FACE_OUTER_BOUND ( 'NONE', #140, .T. ) ;
#3671 = DIRECTION ( 'NONE',  ( 0.000000000000000000, 1.000000000000000000, -1.084202172485504237E-15 ) ) ;
#3672 = AXIS2_PLACEMENT_3D ( 'NONE', #56, #3271, #496 ) ;
#3673 = DIRECTION ( 'NONE',  ( -1.000000000000000000, -0.000000000000000000, -0.000000000000000000 ) ) ;
#3674 = DIRECTION ( 'NONE',  ( 0.000000000000000000, -1.000000000000000000, 0.000000000000000000 ) ) ;
#3675 = CARTESIAN_POINT ( 'NONE',  ( -1.600000000000000089, 0.5200000000000001288, 0.8000000000000000444 ) ) ;
#3676 = ORIENTED_EDGE ( 'NONE', *, *, #2868, .F. ) ;
#3677 = DIRECTION ( 'NONE',  ( 0.000000000000000000, -1.003890900449541079E-16, -1.000000000000000000 ) ) ;
#3678 = EDGE_CURVE ( 'NONE', #4235, #3393, #3385, .T. ) ;
#3679 = SURFACE_SIDE_STYLE ('',( #4362 ) ) ;
#3680 = LINE ( 'NONE', #4786, #3555 ) ;
#3681 = LINE ( 'NONE', #425, #5625 ) ;
#3682 = ADVANCED_FACE ( 'NONE', ( #1527 ), #2874, .F. ) ;
#3683 = DIRECTION ( 'NONE',  ( 0.000000000000000000, 0.000000000000000000, 1.000000000000000000 ) ) ;
#3684 = ORIENTED_EDGE ( 'NONE', *, *, #5690, .F. ) ;
#3685 = EDGE_CURVE ( 'NONE', #760, #4235, #3378, .T. ) ;
#3686 = CARTESIAN_POINT ( 'NONE',  ( -0.9500000000000002887, 0.08000000000000001554, 0.4500000000000000666 ) ) ;
#3687 = LINE ( 'NONE', #2490, #1693 ) ;
#3688 = EDGE_CURVE ( 'NONE', #1293, #1444, #3484, .T. ) ;
#3689 = CARTESIAN_POINT ( 'NONE',  ( -0.1500000000000002720, 0.000000000000000000, 0.000000000000000000 ) ) ;
#3690 = VECTOR ( 'NONE', #5812, 1000.000000000000000 ) ;
#3691 = ORIENTED_EDGE ( 'NONE', *, *, #5169, .F. ) ;
#3692 = LINE ( 'NONE', #3526, #1766 ) ;
#3693 = CARTESIAN_POINT ( 'NONE',  ( -1.450000000000000400, 0.5200000000000001288, -0.8000000000000001554 ) ) ;
#3694 = CARTESIAN_POINT ( 'NONE',  ( -0.1500000000000002720, 0.5200000000000001288, -0.7200000000000000844 ) ) ;
#3695 = STYLED_ITEM ( 'NONE', ( #5216 ), #717 ) ;
#3696 = FACE_OUTER_BOUND ( 'NONE', #3663, .T. ) ;
#3697 = AXIS2_PLACEMENT_3D ( 'NONE', #768, #2798, #4982 ) ;
#3698 = DIRECTION ( 'NONE',  ( -1.000000000000000000, 0.000000000000000000, -0.000000000000000000 ) ) ;
#3699 = CARTESIAN_POINT ( 'NONE',  ( -0.1500000000000001887, 0.08000000000000004330, -0.7200000000000000844 ) ) ;
#3700 = EDGE_LOOP ( 'NONE', ( #2474, #5499, #5564, #3130 ) ) ;
#3701 = VECTOR ( 'NONE', #4268, 1000.000000000000000 ) ;
#3702 = DIRECTION ( 'NONE',  ( -0.000000000000000000, -0.000000000000000000, -1.000000000000000000 ) ) ;
#3703 = EDGE_CURVE ( 'NONE', #4873, #439, #5350, .T. ) ;
#3704 = CARTESIAN_POINT ( 'NONE',  ( -0.1500000000000002720, -3.231750982573322946E-17, -0.4500000000000000666 ) ) ;
#3705 = FACE_OUTER_BOUND ( 'NONE', #5059, .T. ) ;
#3706 = AXIS2_PLACEMENT_3D ( 'NONE', #5137, #5567, #1823 ) ;
#3707 = DIRECTION ( 'NONE',  ( -0.000000000000000000, 1.807003620809172906E-16, 1.000000000000000000 ) ) ;
#3708 = DIRECTION ( 'NONE',  ( 0.000000000000000000, -1.000000000000000000, 0.000000000000000000 ) ) ;
#3709 = ORIENTED_EDGE ( 'NONE', *, *, #2898, .T. ) ;
#3710 = DIRECTION ( 'NONE',  ( 0.000000000000000000, 0.000000000000000000, -1.000000000000000000 ) ) ;
#3711 = DIRECTION ( 'NONE',  ( 0.000000000000000000, 0.000000000000000000, -1.000000000000000000 ) ) ;
#3712 = LINE ( 'NONE', #2056, #3667 ) ;
#3713 = ADVANCED_FACE ( 'NONE', ( #1431 ), #911, .F. ) ;
#3714 = CYLINDRICAL_SURFACE ( 'NONE', #3632, 0.2299999999999998435 ) ;
#3715 = PLANE ( 'NONE',  #4977 ) ;
#3716 = ORIENTED_EDGE ( 'NONE', *, *, #5219, .T. ) ;
#3717 = PLANE ( 'NONE',  #2315 ) ;
#3718 = VECTOR ( 'NONE', #2573, 1000.000000000000000 ) ;
#3719 = EDGE_CURVE ( 'NONE', #4124, #1600, #5452, .T. ) ;
#3720 = LINE ( 'NONE', #3241, #1705 ) ;
#3721 = ADVANCED_FACE ( 'NONE', ( #5464 ), #5424, .F. ) ;
#3722 = ORIENTED_EDGE ( 'NONE', *, *, #212, .T. ) ;
#3723 = CARTESIAN_POINT ( 'NONE',  ( -0.9500000000000002887, 0.6000000000000004219, -0.8000000000000001554 ) ) ;
#3724 = DIRECTION ( 'NONE',  ( 0.000000000000000000, 0.000000000000000000, 1.000000000000000000 ) ) ;
#3725 = FACE_OUTER_BOUND ( 'NONE', #1119, .T. ) ;
#3726 = DIRECTION ( 'NONE',  ( 0.000000000000000000, 0.000000000000000000, -1.000000000000000000 ) ) ;
#3727 = CARTESIAN_POINT ( 'NONE',  ( 1.600000000000000089, 0.5200000000000001288, 0.7200000000000001954 ) ) ;
#3728 = EDGE_CURVE ( 'NONE', #5823, #449, #1581, .T. ) ;
#3729 = FACE_OUTER_BOUND ( 'NONE', #2059, .T. ) ;
#3730 = ORIENTED_EDGE ( 'NONE', *, *, #4858, .F. ) ;
#3731 = VECTOR ( 'NONE', #5214, 1000.000000000000000 ) ;
#3732 = PLANE ( 'NONE',  #3415 ) ;
#3733 = EDGE_CURVE ( 'NONE', #2466, #2663, #5364, .T. ) ;
#3734 = FILL_AREA_STYLE ('',( #5509 ) ) ;
#3735 = FILL_AREA_STYLE ('',( #5439 ) ) ;
#3736 = VECTOR ( 'NONE', #3673, 1000.000000000000000 ) ;
#3737 = CARTESIAN_POINT ( 'NONE',  ( -0.1500000000000002720, 0.6000000000000004219, 0.8000000000000001554 ) ) ;
#3738 = CARTESIAN_POINT ( 'NONE',  ( 1.600000000000000089, 0.5200000000000001288, 0.7200000000000001954 ) ) ;
#3739 = DIRECTION ( 'NONE',  ( 0.000000000000000000, 0.000000000000000000, 1.000000000000000000 ) ) ;
#3740 = VERTEX_POINT ( 'NONE', #4654 ) ;
#3741 = DIRECTION ( 'NONE',  ( -1.000000000000000000, -0.000000000000000000, -0.000000000000000000 ) ) ;
#3742 = LINE ( 'NONE', #736, #5819 ) ;
#3743 = EDGE_CURVE ( 'NONE', #3849, #5201, #3455, .T. ) ;
#3744 = LINE ( 'NONE', #2682, #3794 ) ;
#3745 = EDGE_CURVE ( 'NONE', #816, #622, #1537, .T. ) ;
#3746 = DIRECTION ( 'NONE',  ( 0.000000000000000000, 0.000000000000000000, -1.000000000000000000 ) ) ;
#3747 = EDGE_LOOP ( 'NONE', ( #75, #4016, #4018, #3599 ) ) ;
#3748 = LINE ( 'NONE', #3492, #5791 ) ;
#3749 = STYLED_ITEM ( 'NONE', ( #1873 ), #1886 ) ;
#3750 = ADVANCED_FACE ( 'NONE', ( #1589 ), #5078, .F. ) ;
#3751 = EDGE_CURVE ( 'NONE', #851, #1945, #1392, .T. ) ;
#3752 = FACE_OUTER_BOUND ( 'NONE', #2899, .T. ) ;
#3753 = ORIENTED_EDGE ( 'NONE', *, *, #3937, .T. ) ;
#3754 = DIRECTION ( 'NONE',  ( 0.000000000000000000, 3.614007241618349264E-16, -1.000000000000000000 ) ) ;
#3755 = VECTOR ( 'NONE', #4386, 1000.000000000000000 ) ;
#3756 = AXIS2_PLACEMENT_3D ( 'NONE', #1466, #1870, #5512 ) ;
#3757 = AXIS2_PLACEMENT_3D ( 'NONE', #685, #1617, #99 ) ;
#3758 = CARTESIAN_POINT ( 'NONE',  ( -0.1500000000000002720, 0.08000000000000004330, -0.8000000000000000444 ) ) ;
#3759 = DIRECTION ( 'NONE',  ( 0.000000000000000000, 1.000000000000000000, -1.084202172485504237E-15 ) ) ;
#3760 = VECTOR ( 'NONE', #2727, 1000.000000000000000 ) ;
#3761 = ORIENTED_EDGE ( 'NONE', *, *, #3494, .F. ) ;
#3762 = LINE ( 'NONE', #5031, #1950 ) ;
#3763 = CARTESIAN_POINT ( 'NONE',  ( -0.5499999999999998224, 0.6000000000000004219, 0.8000000000000001554 ) ) ;
#3764 = PLANE ( 'NONE',  #5735 ) ;
#3765 = CARTESIAN_POINT ( 'NONE',  ( 0.6499999999999998002, 0.5200000000000001288, 0.8000000000000001554 ) ) ;
#3766 = UNCERTAINTY_MEASURE_WITH_UNIT (LENGTH_MEASURE( 1.000000000000000082E-05 ), #3856, 'distance_accuracy_value', 'NONE');
#3767 = CARTESIAN_POINT ( 'NONE',  ( 0.6156385865284782488, 0.5200000000000002398, 0.7200000000000001954 ) ) ;
#3768 = LINE ( 'NONE', #2854, #3649 ) ;
#3769 = CARTESIAN_POINT ( 'NONE',  ( 0.9499999999999997335, 0.5200000000000001288, -0.7200000000000000844 ) ) ;
#3770 = DIRECTION ( 'NONE',  ( 0.000000000000000000, -1.000000000000000000, -1.807003620809172906E-16 ) ) ;
#3771 = DIRECTION ( 'NONE',  ( -0.000000000000000000, 1.000000000000000000, 1.807003620809172906E-16 ) ) ;
#3772 = ORIENTED_EDGE ( 'NONE', *, *, #1465, .F. ) ;
#3773 = CARTESIAN_POINT ( 'NONE',  ( 1.449999999999999956, 0.08000000000000001554, -0.4500000000000000666 ) ) ;
#3774 = LINE ( 'NONE', #992, #1810 ) ;
#3775 = VECTOR ( 'NONE', #4995, 1000.000000000000000 ) ;
#3776 = DIRECTION ( 'NONE',  ( 0.000000000000000000, 0.000000000000000000, -1.000000000000000000 ) ) ;
#3777 = ORIENTED_EDGE ( 'NONE', *, *, #626, .T. ) ;
#3778 = EDGE_CURVE ( 'NONE', #3509, #2950, #3489, .T. ) ;
#3779 = ORIENTED_EDGE ( 'NONE', *, *, #5624, .T. ) ;
#3780 = EDGE_CURVE ( 'NONE', #2327, #2563, #3624, .T. ) ;
#3781 = LINE ( 'NONE', #3963, #1820 ) ;
#3782 = DIRECTION ( 'NONE',  ( 0.000000000000000000, -1.000000000000000000, 0.000000000000000000 ) ) ;
#3783 = DIRECTION ( 'NONE',  ( 0.000000000000000000, 0.000000000000000000, 1.000000000000000000 ) ) ;
#3784 = DIRECTION ( 'NONE',  ( -1.000000000000000000, -0.000000000000000000, -0.000000000000000000 ) ) ;
#3785 = ORIENTED_EDGE ( 'NONE', *, *, #4348, .F. ) ;
#3786 = EDGE_CURVE ( 'NONE', #4486, #3528, #1660, .T. ) ;
#3787 = CYLINDRICAL_SURFACE ( 'NONE', #2242, 0.2299999999999998435 ) ;
#3788 = DIRECTION ( 'NONE',  ( 0.000000000000000000, 7.228014483236692611E-16, -1.000000000000000000 ) ) ;
#3789 = DIRECTION ( 'NONE',  ( 0.000000000000000000, 1.000000000000000000, 1.807003620809172906E-16 ) ) ;
#3790 = DIRECTION ( 'NONE',  ( 0.000000000000000000, 1.000000000000000000, 0.000000000000000000 ) ) ;
#3791 = CARTESIAN_POINT ( 'NONE',  ( 1.449999999999999956, 0.5200000000000001288, 0.5000000000000002220 ) ) ;
#3792 = CARTESIAN_POINT ( 'NONE',  ( 0.1499999999999997446, 0.5200000000000001288, -0.7200000000000000844 ) ) ;
#3793 = CARTESIAN_POINT ( 'NONE',  ( -0.6500000000000002442, -3.231750982573322946E-17, -0.8000000000000000444 ) ) ;
#3794 = VECTOR ( 'NONE', #2354, 1000.000000000000000 ) ;
#3795 = CARTESIAN_POINT ( 'NONE',  ( 1.449999999999999956, 0.6000000000000003109, 0.5000000000000002220 ) ) ;
#3796 = DIRECTION ( 'NONE',  ( -0.000000000000000000, 1.000000000000000000, 0.000000000000000000 ) ) ;
#3797 = DIRECTION ( 'NONE',  ( 0.000000000000000000, 1.003890900449541202E-16, -1.000000000000000000 ) ) ;
#3798 = ORIENTED_EDGE ( 'NONE', *, *, #5430, .F. ) ;
#3799 = EDGE_CURVE ( 'NONE', #920, #3327, #1757, .T. ) ;
#3800 = CARTESIAN_POINT ( 'NONE',  ( -1.450000000000000400, 0.6000000000000004219, 0.8000000000000001554 ) ) ;
#3801 = LINE ( 'NONE', #1889, #1830 ) ;
#3802 = EDGE_CURVE ( 'NONE', #553, #1404, #1700, .T. ) ;
#3803 = AXIS2_PLACEMENT_3D ( 'NONE', #482, #1447, #4092 ) ;
#3804 = CARTESIAN_POINT ( 'NONE',  ( -1.450000000000000400, -3.231750982573322946E-17, 0.8000000000000000444 ) ) ;
#3805 = VECTOR ( 'NONE', #826, 1000.000000000000000 ) ;
#3806 = DIRECTION ( 'NONE',  ( -1.000000000000000000, 0.000000000000000000, 0.000000000000000000 ) ) ;
#3807 = DIRECTION ( 'NONE',  ( -1.000000000000000000, 0.000000000000000000, 0.000000000000000000 ) ) ;
#3808 = AXIS2_PLACEMENT_3D ( 'NONE', #4152, #998, #2261 ) ;
#3809 = CARTESIAN_POINT ( 'NONE',  ( 0.6499999999999998002, 0.08000000000000004330, 0.7200000000000000844 ) ) ;
#3810 = ORIENTED_EDGE ( 'NONE', *, *, #85, .T. ) ;
#3811 = DIRECTION ( 'NONE',  ( -0.000000000000000000, 1.000000000000000000, 0.000000000000000000 ) ) ;
#3812 = LINE ( 'NONE', #2465, #3731 ) ;
#3813 = EDGE_CURVE ( 'NONE', #2590, #5484, #5485, .T. ) ;
#3814 = FACE_OUTER_BOUND ( 'NONE', #4034, .T. ) ;
#3815 = AXIS2_PLACEMENT_3D ( 'NONE', #261, #2995, #1998 ) ;
#3816 = ORIENTED_EDGE ( 'NONE', *, *, #3882, .T. ) ;
#3817 = PRESENTATION_LAYER_ASSIGNMENT (  '', '', ( #1397 ) ) ;
#3818 =( NAMED_UNIT ( * ) SI_UNIT ( $, .STERADIAN. ) SOLID_ANGLE_UNIT ( ) );
#3819 = LINE ( 'NONE', #3895, #1926 ) ;
#3820 = PLANE ( 'NONE',  #5656 ) ;
#3821 = DIRECTION ( 'NONE',  ( -0.000000000000000000, 1.000000000000000000, -0.000000000000000000 ) ) ;
#3822 = CARTESIAN_POINT ( 'NONE',  ( 0.1499999999999997446, 0.5200000000000001288, 0.7200000000000001954 ) ) ;
#3823 = CARTESIAN_POINT ( 'NONE',  ( 1.415638586528478182, 0.5200000000000001288, -0.7200000000000000844 ) ) ;
#3824 = VECTOR ( 'NONE', #492, 1000.000000000000000 ) ;
#3825 = CARTESIAN_POINT ( 'NONE',  ( 0.9499999999999998446, 0.000000000000000000, 0.000000000000000000 ) ) ;
#3826 = ORIENTED_EDGE ( 'NONE', *, *, #3266, .T. ) ;
#3827 = LINE ( 'NONE', #4871, #1887 ) ;
#3828 = PLANE ( 'NONE',  #453 ) ;
#3829 = DIRECTION ( 'NONE',  ( -1.000000000000000000, -0.000000000000000000, 0.000000000000000000 ) ) ;
#3830 = DIRECTION ( 'NONE',  ( 0.000000000000000000, 0.000000000000000000, 1.000000000000000000 ) ) ;
#3831 = DIRECTION ( 'NONE',  ( -1.000000000000000000, 0.000000000000000000, -0.000000000000000000 ) ) ;
#3832 = DIRECTION ( 'NONE',  ( 0.000000000000000000, 1.000000000000000000, -0.000000000000000000 ) ) ;
#3833 = VECTOR ( 'NONE', #3004, 1000.000000000000000 ) ;
#3834 = DIRECTION ( 'NONE',  ( 0.000000000000000000, 0.000000000000000000, 1.000000000000000000 ) ) ;
#3835 = ORIENTED_EDGE ( 'NONE', *, *, #4826, .T. ) ;
#3836 = PLANE ( 'NONE',  #3002 ) ;
#3837 = LINE ( 'NONE', #5282, #5756 ) ;
#3838 = EDGE_CURVE ( 'NONE', #650, #1077, #1747, .T. ) ;
#3839 = LINE ( 'NONE', #1376, #3824 ) ;
#3840 = ORIENTED_EDGE ( 'NONE', *, *, #1054, .T. ) ;
#3841 = CARTESIAN_POINT ( 'NONE',  ( -0.9500000000000002887, 0.5200000000000001288, 1.332541078227774012 ) ) ;
#3842 = DIRECTION ( 'NONE',  ( 0.000000000000000000, 0.000000000000000000, -1.000000000000000000 ) ) ;
#3843 = PLANE ( 'NONE',  #1254 ) ;
#3844 = ORIENTED_EDGE ( 'NONE', *, *, #825, .F. ) ;
#3845 = DIRECTION ( 'NONE',  ( 0.000000000000000000, -7.228014483236692611E-16, -1.000000000000000000 ) ) ;
#3846 = VECTOR ( 'NONE', #1668, 1000.000000000000000 ) ;
#3847 = AXIS2_PLACEMENT_3D ( 'NONE', #3467, #2006, #3863 ) ;
#3848 = VECTOR ( 'NONE', #3428, 1000.000000000000000 ) ;
#3849 = VERTEX_POINT ( 'NONE', #4562 ) ;
#3850 = EDGE_CURVE ( 'NONE', #2930, #4885, #1632, .T. ) ;
#3851 = EDGE_LOOP ( 'NONE', ( #2343, #4146, #2691, #2525 ) ) ;
#3852 = FACE_OUTER_BOUND ( 'NONE', #5256, .T. ) ;
#3853 = CARTESIAN_POINT ( 'NONE',  ( -0.4000000000000000777, 0.07999999999999996003, -0.5699999999999995071 ) ) ;
#3854 = CARTESIAN_POINT ( 'NONE',  ( -1.600000000000000089, 0.6999999999999999556, -0.5000000000000003331 ) ) ;
#3855 = EDGE_CURVE ( 'NONE', #1290, #1495, #5560, .T. ) ;
#3856 =( LENGTH_UNIT ( ) NAMED_UNIT ( * ) SI_UNIT ( .MILLI., .METRE. ) );
#3857 = DIRECTION ( 'NONE',  ( 0.000000000000000000, 0.000000000000000000, 1.000000000000000000 ) ) ;
#3858 = VERTEX_POINT ( 'NONE', #3404 ) ;
#3859 = EDGE_CURVE ( 'NONE', #2346, #2728, #5479, .T. ) ;
#3860 = CARTESIAN_POINT ( 'NONE',  ( -1.050000000000000044, 0.6000000000000004219, 0.8000000000000001554 ) ) ;
#3861 = ORIENTED_EDGE ( 'NONE', *, *, #4256, .T. ) ;
#3862 = VECTOR ( 'NONE', #5338, 1000.000000000000000 ) ;
#3863 = DIRECTION ( 'NONE',  ( -1.000000000000000000, 0.000000000000000000, -0.000000000000000000 ) ) ;
#3864 = CARTESIAN_POINT ( 'NONE',  ( 0.6499999999999998002, -3.231750982573322946E-17, -0.8000000000000000444 ) ) ;
#3865 = DIRECTION ( 'NONE',  ( -0.000000000000000000, 1.000000000000000000, 0.000000000000000000 ) ) ;
#3866 = CARTESIAN_POINT ( 'NONE',  ( -0.6500000000000002442, 0.5200000000000001288, -0.5000000000000002220 ) ) ;
#3867 = EDGE_CURVE ( 'NONE', #4733, #1060, #5594, .T. ) ;
#3868 = CIRCLE ( 'NONE', #2390, 0.2300000000000000655 ) ;
#3869 = EDGE_LOOP ( 'NONE', ( #2514, #4941, #4261, #2505, #495, #3285, #3709, #1052 ) ) ;
#3870 = DIRECTION ( 'NONE',  ( -1.000000000000000000, 0.000000000000000000, 0.000000000000000000 ) ) ;
#3871 = CARTESIAN_POINT ( 'NONE',  ( 1.415638586528478182, 0.08000000000000009881, -0.7200000000000000844 ) ) ;
#3872 = CARTESIAN_POINT ( 'NONE',  ( 0.6499999999999998002, 0.5200000000000001288, 1.332541078227774012 ) ) ;
#3873 = EDGE_LOOP ( 'NONE', ( #431, #156, #4170, #4247 ) ) ;
#3874 = AXIS2_PLACEMENT_3D ( 'NONE', #3602, #3998, #4476 ) ;
#3875 = AXIS2_PLACEMENT_3D ( 'NONE', #2246, #2754, #980 ) ;
#3876 = CARTESIAN_POINT ( 'NONE',  ( 0.9843614134715219510, 0.5200000000000001288, -0.7200000000000000844 ) ) ;
#3877 = ADVANCED_FACE ( 'NONE', ( #3631 ), #3477, .F. ) ;
#3878 = DIRECTION ( 'NONE',  ( 1.000000000000000000, 0.000000000000000000, 0.000000000000000000 ) ) ;
#3879 = FACE_OUTER_BOUND ( 'NONE', #2695, .T. ) ;
#3880 = VERTEX_POINT ( 'NONE', #1238 ) ;
#3881 = DIRECTION ( 'NONE',  ( -0.000000000000000000, 1.000000000000000000, -0.000000000000000000 ) ) ;
#3882 = EDGE_CURVE ( 'NONE', #753, #4796, #3586, .T. ) ;
#3883 = CARTESIAN_POINT ( 'NONE',  ( -0.9500000000000002887, -3.231750982573322946E-17, -0.8000000000000000444 ) ) ;
#3884 = ORIENTED_EDGE ( 'NONE', *, *, #4120, .T. ) ;
#3885 = DIRECTION ( 'NONE',  ( 0.000000000000000000, 0.000000000000000000, -1.000000000000000000 ) ) ;
#3886 = LINE ( 'NONE', #3422, #1844 ) ;
#3887 = AXIS2_PLACEMENT_3D ( 'NONE', #1464, #1036, #1868 ) ;
#3888 = AXIS2_PLACEMENT_3D ( 'NONE', #127, #4766, #3830 ) ;
#3889 = LINE ( 'NONE', #1226, #3833 ) ;
#3890 = ORIENTED_EDGE ( 'NONE', *, *, #1509, .T. ) ;
#3891 = VERTEX_POINT ( 'NONE', #3909 ) ;
#3892 = CARTESIAN_POINT ( 'NONE',  ( 0.6499999999999998002, 0.08000000000000001554, 0.4500000000000000666 ) ) ;
#3893 = LINE ( 'NONE', #2636, #3846 ) ;
#3894 = ADVANCED_FACE ( 'NONE', ( #3591 ), #682, .F. ) ;
#3895 = CARTESIAN_POINT ( 'NONE',  ( -0.6500000000000002442, -3.231750982573322946E-17, -0.4500000000000000666 ) ) ;
#3896 = CARTESIAN_POINT ( 'NONE',  ( 1.449999999999999956, 0.6000000000000003109, 0.5000000000000002220 ) ) ;
#3897 = VECTOR ( 'NONE', #5181, 1000.000000000000000 ) ;
#3898 = ORIENTED_EDGE ( 'NONE', *, *, #3266, .F. ) ;
#3899 = UNCERTAINTY_MEASURE_WITH_UNIT (LENGTH_MEASURE( 1.000000000000000082E-05 ), #4984, 'distance_accuracy_value', 'NONE');
#3900 = DIRECTION ( 'NONE',  ( -1.000000000000000000, -0.000000000000000000, 0.000000000000000000 ) ) ;
#3901 = ORIENTED_EDGE ( 'NONE', *, *, #4455, .F. ) ;
#3902 = EDGE_CURVE ( 'NONE', #1534, #4405, #3712, .T. ) ;
#3903 = CARTESIAN_POINT ( 'NONE',  ( -0.9500000000000002887, 0.08000000000000004330, -0.7200000000000000844 ) ) ;
#3904 = DIRECTION ( 'NONE',  ( 0.000000000000000000, 0.000000000000000000, -1.000000000000000000 ) ) ;
#3905 = FILL_AREA_STYLE ('',( #4398 ) ) ;
#3906 = CARTESIAN_POINT ( 'NONE',  ( 1.449999999999999956, 0.5200000000000001288, 0.7200000000000000844 ) ) ;
#3907 = ORIENTED_EDGE ( 'NONE', *, *, #859, .F. ) ;
#3908 =( NAMED_UNIT ( * ) SI_UNIT ( $, .STERADIAN. ) SOLID_ANGLE_UNIT ( ) );
#3909 = CARTESIAN_POINT ( 'NONE',  ( -1.450000000000000400, 0.08000000000000004330, -0.7200000000000000844 ) ) ;
#3910 = ORIENTED_EDGE ( 'NONE', *, *, #432, .F. ) ;
#3911 = DIRECTION ( 'NONE',  ( 0.000000000000000000, -7.228014483236692611E-16, -1.000000000000000000 ) ) ;
#3912 = EDGE_CURVE ( 'NONE', #349, #4619, #1710, .T. ) ;
#3913 = LINE ( 'NONE', #723, #4078 ) ;
#3914 = VECTOR ( 'NONE', #2800, 1000.000000000000000 ) ;
#3915 = ORIENTED_EDGE ( 'NONE', *, *, #1623, .F. ) ;
#3916 = DIRECTION ( 'NONE',  ( 0.000000000000000000, -1.000000000000000000, 0.000000000000000000 ) ) ;
#3917 = ORIENTED_EDGE ( 'NONE', *, *, #3685, .T. ) ;
#3918 = AXIS2_PLACEMENT_3D ( 'NONE', #2692, #514, #3167 ) ;
#3919 = DIRECTION ( 'NONE',  ( 0.000000000000000000, -1.000000000000000000, 1.807003620809172906E-16 ) ) ;
#3920 = SURFACE_STYLE_FILL_AREA ( #3735 ) ;
#3921 = DIRECTION ( 'NONE',  ( -1.000000000000000000, -0.000000000000000000, -0.000000000000000000 ) ) ;
#3922 = ADVANCED_FACE ( 'NONE', ( #1732 ), #4773, .F. ) ;
#3923 = ORIENTED_EDGE ( 'NONE', *, *, #5798, .F. ) ;
#3924 = VERTEX_POINT ( 'NONE', #1615 ) ;
#3925 = CARTESIAN_POINT ( 'NONE',  ( -0.1500000000000002720, 0.5200000000000001288, -0.7200000000000001954 ) ) ;
#3926 = EDGE_CURVE ( 'NONE', #257, #59, #5531, .T. ) ;
#3927 = LINE ( 'NONE', #5231, #2117 ) ;
#3928 = CARTESIAN_POINT ( 'NONE',  ( 0.6499999999999998002, -3.231750982573322946E-17, 0.8000000000000000444 ) ) ;
#3929 = PLANE ( 'NONE',  #393 ) ;
#3930 = EDGE_CURVE ( 'NONE', #3151, #245, #3687, .T. ) ;
#3931 = SURFACE_SIDE_STYLE ('',( #5562 ) ) ;
#3932 = CARTESIAN_POINT ( 'NONE',  ( 1.600000000000000089, 0.5200000000000001288, -0.7200000000000000844 ) ) ;
#3933 = LINE ( 'NONE', #5365, #3914 ) ;
#3934 = ORIENTED_EDGE ( 'NONE', *, *, #2512, .T. ) ;
#3935 = CARTESIAN_POINT ( 'NONE',  ( 1.200000000000000400, 0.07999999999999989064, 0.8000000000000010436 ) ) ;
#3936 = ORIENTED_EDGE ( 'NONE', *, *, #1433, .T. ) ;
#3937 = EDGE_CURVE ( 'NONE', #5794, #4733, #1596, .T. ) ;
#3938 = DIRECTION ( 'NONE',  ( 0.000000000000000000, -1.000000000000000000, 0.000000000000000000 ) ) ;
#3939 = DIRECTION ( 'NONE',  ( -0.000000000000000000, -1.000000000000000000, 1.084202172485504237E-15 ) ) ;
#3940 = CARTESIAN_POINT ( 'NONE',  ( 0.9499999999999998446, 0.08000000000000001554, -0.4500000000000000666 ) ) ;
#3941 = PLANE ( 'NONE',  #3310 ) ;
#3942 = VECTOR ( 'NONE', #3900, 1000.000000000000000 ) ;
#3943 = EDGE_LOOP ( 'NONE', ( #4375, #411, #1745, #1755 ) ) ;
#3944 = DIRECTION ( 'NONE',  ( -1.000000000000000000, 0.000000000000000000, 0.000000000000000000 ) ) ;
#3945 = ORIENTED_EDGE ( 'NONE', *, *, #2915, .F. ) ;
#3946 = AXIS2_PLACEMENT_3D ( 'NONE', #2931, #4774, #5585 ) ;
#3947 = LINE ( 'NONE', #2763, #2054 ) ;
#3948 = EDGE_CURVE ( 'NONE', #2842, #4589, #1607, .T. ) ;
#3949 = DIRECTION ( 'NONE',  ( 1.000000000000000000, 0.000000000000000000, -0.000000000000000000 ) ) ;
#3950 = VECTOR ( 'NONE', #1186, 1000.000000000000000 ) ;
#3951 = ORIENTED_EDGE ( 'NONE', *, *, #5381, .F. ) ;
#3952 = PLANE ( 'NONE',  #2945 ) ;
#3953 = AXIS2_PLACEMENT_3D ( 'NONE', #4588, #488, #2289 ) ;
#3954 = ORIENTED_EDGE ( 'NONE', *, *, #1972, .F. ) ;
#3955 = DIRECTION ( 'NONE',  ( 0.000000000000000000, -1.000000000000000000, 0.000000000000000000 ) ) ;
#3956 = DIRECTION ( 'NONE',  ( 0.000000000000000000, -1.000000000000000000, 0.000000000000000000 ) ) ;
#3957 = CIRCLE ( 'NONE', #2648, 0.2299999999999999545 ) ;
#3958 = VECTOR ( 'NONE', #3677, 1000.000000000000000 ) ;
#3959 = ORIENTED_EDGE ( 'NONE', *, *, #4125, .F. ) ;
#3960 = VERTEX_POINT ( 'NONE', #1646 ) ;
#3961 = DIRECTION ( 'NONE',  ( 0.000000000000000000, -1.000000000000000000, 1.003890900449541202E-16 ) ) ;
#3962 = DIRECTION ( 'NONE',  ( 0.000000000000000000, 0.000000000000000000, -1.000000000000000000 ) ) ;
#3963 = CARTESIAN_POINT ( 'NONE',  ( -0.9500000000000002887, -3.231750982573322946E-17, 0.4500000000000000666 ) ) ;
#3964 = CARTESIAN_POINT ( 'NONE',  ( 1.600000000000000089, 0.6999999999999999556, -0.5000000000000003331 ) ) ;
#3965 = DIRECTION ( 'NONE',  ( 0.000000000000000000, -1.000000000000000000, -1.807003620809172906E-16 ) ) ;
#3966 = ADVANCED_FACE ( 'NONE', ( #5609 ), #2178, .F. ) ;
#3967 = EDGE_CURVE ( 'NONE', #2996, #4743, #5553, .T. ) ;
#3968 = FACE_OUTER_BOUND ( 'NONE', #852, .T. ) ;
#3969 = ORIENTED_EDGE ( 'NONE', *, *, #5093, .T. ) ;
#3970 = DIRECTION ( 'NONE',  ( 1.000000000000000000, 0.000000000000000000, 0.000000000000000000 ) ) ;
#3971 = ORIENTED_EDGE ( 'NONE', *, *, #4431, .T. ) ;
#3972 = FACE_OUTER_BOUND ( 'NONE', #2871, .T. ) ;
#3973 = DIRECTION ( 'NONE',  ( -0.000000000000000000, 1.000000000000000000, -0.000000000000000000 ) ) ;
#3974 = DIRECTION ( 'NONE',  ( -1.000000000000000000, -0.000000000000000000, 0.000000000000000000 ) ) ;
#3975 = CARTESIAN_POINT ( 'NONE',  ( -1.050000000000000044, 9.795786256852390061E-32, 0.8000000000000000444 ) ) ;
#3976 = LINE ( 'NONE', #3498, #3942 ) ;
#3977 = ORIENTED_EDGE ( 'NONE', *, *, #2432, .F. ) ;
#3978 = EDGE_CURVE ( 'NONE', #5797, #4725, #1679, .T. ) ;
#3979 = ORIENTED_EDGE ( 'NONE', *, *, #5234, .F. ) ;
#3980 = CARTESIAN_POINT ( 'NONE',  ( -0.3999999999999998557, 0.5200000000000001288, 0.8000000000000004885 ) ) ;
#3981 = VECTOR ( 'NONE', #2212, 1000.000000000000000 ) ;
#3982 = EDGE_CURVE ( 'NONE', #424, #2708, #5583, .T. ) ;
#3983 = DIRECTION ( 'NONE',  ( 0.000000000000000000, 1.178480622266852809E-15, 1.000000000000000000 ) ) ;
#3984 = LINE ( 'NONE', #4138, #1983 ) ;
#3985 = ORIENTED_EDGE ( 'NONE', *, *, #2761, .T. ) ;
#3986 = ORIENTED_EDGE ( 'NONE', *, *, #4960, .F. ) ;
#3987 = CARTESIAN_POINT ( 'NONE',  ( 0.9499999999999998446, 0.6000000000000003109, 0.5000000000000002220 ) ) ;
#3988 = EDGE_CURVE ( 'NONE', #4291, #1089, #3606, .T. ) ;
#3989 = LINE ( 'NONE', #5375, #3805 ) ;
#3990 = ORIENTED_EDGE ( 'NONE', *, *, #4143, .T. ) ;
#3991 = VERTEX_POINT ( 'NONE', #5380 ) ;
#3992 = CARTESIAN_POINT ( 'NONE',  ( -0.1843614134715215180, 0.5200000000000001288, -0.7200000000000010836 ) ) ;
#3993 = EDGE_CURVE ( 'NONE', #513, #2825, #5542, .T. ) ;
#3994 = DIRECTION ( 'NONE',  ( -1.000000000000000000, -0.000000000000000000, -0.000000000000000000 ) ) ;
#3995 = LINE ( 'NONE', #2524, #86 ) ;
#3996 = DIRECTION ( 'NONE',  ( -1.000000000000000000, -0.000000000000000000, -0.000000000000000000 ) ) ;
#3997 = AXIS2_PLACEMENT_3D ( 'NONE', #5766, #5411, #2108 ) ;
#3998 = DIRECTION ( 'NONE',  ( 0.000000000000000000, 0.000000000000000000, 1.000000000000000000 ) ) ;
#3999 = DIRECTION ( 'NONE',  ( 0.000000000000000000, -1.000000000000000000, 0.000000000000000000 ) ) ;
#4000 = COLOUR_RGB ( '',0.7921568627450980005, 0.8196078431372548767, 0.9333333333333333481 ) ;
#4001 = ORIENTED_EDGE ( 'NONE', *, *, #1826, .T. ) ;
#4002 = EDGE_CURVE ( 'NONE', #2466, #5476, #5622, .T. ) ;
#4003 = CARTESIAN_POINT ( 'NONE',  ( 0.1499999999999997446, 0.08000000000000004330, 0.7200000000000000844 ) ) ;
#4004 = ORIENTED_EDGE ( 'NONE', *, *, #2992, .F. ) ;
#4005 = LINE ( 'NONE', #2439, #4087 ) ;
#4006 = AXIS2_PLACEMENT_3D ( 'NONE', #767, #4732, #5197 ) ;
#4007 = AXIS2_PLACEMENT_3D ( 'NONE', #1842, #2733, #3246 ) ;
#4008 = ADVANCED_FACE ( 'NONE', ( #5513 ), #5419, .F. ) ;
#4009 = DIRECTION ( 'NONE',  ( -1.000000000000000000, -0.000000000000000000, -0.000000000000000000 ) ) ;
#4010 = LINE ( 'NONE', #3642, #4112 ) ;
#4011 = EDGE_LOOP ( 'NONE', ( #1999, #104, #2436, #4433 ) ) ;
#4012 = CARTESIAN_POINT ( 'NONE',  ( 0.6499999999999998002, 0.6000000000000003109, 0.5000000000000002220 ) ) ;
#4013 = DIRECTION ( 'NONE',  ( -1.000000000000000000, -0.000000000000000000, -0.000000000000000000 ) ) ;
#4014 = VERTEX_POINT ( 'NONE', #3208 ) ;
#4015 = VECTOR ( 'NONE', #559, 1000.000000000000000 ) ;
#4016 = ORIENTED_EDGE ( 'NONE', *, *, #2150, .F. ) ;
#4017 = DIRECTION ( 'NONE',  ( 0.000000000000000000, 0.000000000000000000, 1.000000000000000000 ) ) ;
#4018 = ORIENTED_EDGE ( 'NONE', *, *, #5373, .F. ) ;
#4019 = FACE_OUTER_BOUND ( 'NONE', #1275, .T. ) ;
#4020 = DIRECTION ( 'NONE',  ( -1.000000000000000000, 0.000000000000000000, 0.000000000000000000 ) ) ;
#4021 = SURFACE_STYLE_USAGE ( .BOTH. , #2203 ) ;
#4022 = VECTOR ( 'NONE', #1000, 1000.000000000000000 ) ;
#4023 = ORIENTED_EDGE ( 'NONE', *, *, #4879, .T. ) ;
#4024 = ORIENTED_EDGE ( 'NONE', *, *, #3156, .F. ) ;
#4025 = CARTESIAN_POINT ( 'NONE',  ( 0.1843614134715214070, -0.4342956348249531473, -0.7200000000000000844 ) ) ;
#4026 = EDGE_CURVE ( 'NONE', #4743, #713, #3575, .T. ) ;
#4027 = LINE ( 'NONE', #4770, #4065 ) ;
#4028 = CARTESIAN_POINT ( 'NONE',  ( 1.200000000000000178, 0.5200000000000001288, -0.8000000000000001554 ) ) ;
#4029 = DIRECTION ( 'NONE',  ( -1.000000000000000000, -0.000000000000000000, -0.000000000000000000 ) ) ;
#4030 = CARTESIAN_POINT ( 'NONE',  ( -1.349999999999999867, 9.795786256852390061E-32, 0.8000000000000000444 ) ) ;
#4031 = VECTOR ( 'NONE', #412, 1000.000000000000000 ) ;
#4032 = VERTEX_POINT ( 'NONE', #5848 ) ;
#4033 = CARTESIAN_POINT ( 'NONE',  ( 0.3999999999999999667, 0.000000000000000000, -0.6500000000000001332 ) ) ;
#4034 = EDGE_LOOP ( 'NONE', ( #3584, #3890, #3907, #5353 ) ) ;
#4035 = COLOUR_RGB ( '',0.7921568627450980005, 0.8196078431372548767, 0.9333333333333333481 ) ;
#4036 = ADVANCED_FACE ( 'NONE', ( #3619 ), #3474, .F. ) ;
#4037 = EDGE_CURVE ( 'NONE', #1237, #3231, #1717, .T. ) ;
#4038 = DIRECTION ( 'NONE',  ( 0.000000000000000000, -0.000000000000000000, 1.000000000000000000 ) ) ;
#4039 = DIRECTION ( 'NONE',  ( 0.000000000000000000, -1.003890900449541079E-16, -1.000000000000000000 ) ) ;
#4040 = DIRECTION ( 'NONE',  ( 0.000000000000000000, 0.000000000000000000, -1.000000000000000000 ) ) ;
#4041 = FACE_OUTER_BOUND ( 'NONE', #2050, .T. ) ;
#4042 = ORIENTED_EDGE ( 'NONE', *, *, #5311, .F. ) ;
#4043 = CARTESIAN_POINT ( 'NONE',  ( 1.200000000000000178, 0.08000000000000004330, -0.5700000000000001732 ) ) ;
#4044 = CARTESIAN_POINT ( 'NONE',  ( -1.199999999999999956, 0.000000000000000000, 0.8000000000000005995 ) ) ;
#4045 = ORIENTED_EDGE ( 'NONE', *, *, #1706, .F. ) ;
#4046 = EDGE_CURVE ( 'NONE', #4205, #59, #3680, .T. ) ;
#4047 = DIRECTION ( 'NONE',  ( 0.000000000000000000, 0.000000000000000000, -1.000000000000000000 ) ) ;
#4048 = FACE_OUTER_BOUND ( 'NONE', #2413, .T. ) ;
#4049 = ADVANCED_FACE ( 'NONE', ( #1726 ), #215, .F. ) ;
#4050 = CARTESIAN_POINT ( 'NONE',  ( 0.1499999999999997446, 0.08000000000000014044, -0.8000000000000000444 ) ) ;
#4051 = CYLINDRICAL_SURFACE ( 'NONE', #3386, 0.2299999999999999545 ) ;
#4052 = EDGE_LOOP ( 'NONE', ( #4178, #638, #758, #2427, #3102, #5050, #4817, #4865 ) ) ;
#4053 = ORIENTED_EDGE ( 'NONE', *, *, #2561, .T. ) ;
#4054 = DIRECTION ( 'NONE',  ( 0.000000000000000000, 0.000000000000000000, -1.000000000000000000 ) ) ;
#4055 = EDGE_CURVE ( 'NONE', #5018, #5425, #3692, .T. ) ;
#4056 = CARTESIAN_POINT ( 'NONE',  ( 0.1499999999999997446, 0.08000000000000001554, -0.4500000000000000666 ) ) ;
#4057 = FACE_OUTER_BOUND ( 'NONE', #1032, .T. ) ;
#4058 = VERTEX_POINT ( 'NONE', #4332 ) ;
#4059 = AXIS2_PLACEMENT_3D ( 'NONE', #4491, #1814, #3210 ) ;
#4060 = CARTESIAN_POINT ( 'NONE',  ( -0.1500000000000002720, 0.5200000000000001288, 0.8000000000000001554 ) ) ;
#4061 = EDGE_LOOP ( 'NONE', ( #4628, #2826, #4767, #839, #3134, #716, #872, #4681 ) ) ;
#4062 = AXIS2_PLACEMENT_3D ( 'NONE', #1143, #2473, #387 ) ;
#4063 = DIRECTION ( 'NONE',  ( 0.000000000000000000, -1.000000000000000000, 1.807003620809172906E-16 ) ) ;
#4064 = DIRECTION ( 'NONE',  ( 1.000000000000000000, 0.000000000000000000, -0.000000000000000000 ) ) ;
#4065 = VECTOR ( 'NONE', #2570, 1000.000000000000000 ) ;
#4066 = ADVANCED_FACE ( 'NONE', ( #3725 ), #1673, .F. ) ;
#4067 = PLANE ( 'NONE',  #582 ) ;
#4068 = EDGE_CURVE ( 'NONE', #2802, #2571, #3560, .T. ) ;
#4069 = CARTESIAN_POINT ( 'NONE',  ( 0.2500000000000002220, 0.000000000000000000, 0.8000000000000000444 ) ) ;
#4070 = DIRECTION ( 'NONE',  ( 0.000000000000000000, -1.000000000000000000, 1.807003620809172906E-16 ) ) ;
#4071 = CARTESIAN_POINT ( 'NONE',  ( -1.600000000000000089, 0.08000000000000004330, 0.7200000000000001954 ) ) ;
#4072 = ORIENTED_EDGE ( 'NONE', *, *, #1586, .T. ) ;
#4073 = CARTESIAN_POINT ( 'NONE',  ( -1.600000000000000089, 0.5200000000000001288, 0.8000000000000000444 ) ) ;
#4074 = CARTESIAN_POINT ( 'NONE',  ( -0.1500000000000002720, 0.08000000000000001554, 0.4500000000000000666 ) ) ;
#4075 = AXIS2_PLACEMENT_3D ( 'NONE', #1631, #2507, #1731 ) ;
#4076 = ORIENTED_EDGE ( 'NONE', *, *, #150, .F. ) ;
#4077 = AXIS2_PLACEMENT_3D ( 'NONE', #4989, #1419, #16 ) ;
#4078 = VECTOR ( 'NONE', #2084, 1000.000000000000000 ) ;
#4079 = APPLICATION_PROTOCOL_DEFINITION ( 'draft international standard', 'automotive_design', 1998, #34 ) ;
#4080 = DIRECTION ( 'NONE',  ( 0.000000000000000000, -1.000000000000000000, 0.000000000000000000 ) ) ;
#4081 = FACE_OUTER_BOUND ( 'NONE', #3349, .T. ) ;
#4082 = ORIENTED_EDGE ( 'NONE', *, *, #5612, .T. ) ;
#4083 = DIRECTION ( 'NONE',  ( 0.000000000000000000, -1.000000000000000000, 0.000000000000000000 ) ) ;
#4084 = DIRECTION ( 'NONE',  ( 0.000000000000000000, 3.614007241618349264E-16, -1.000000000000000000 ) ) ;
#4085 = ORIENTED_EDGE ( 'NONE', *, *, #5087, .T. ) ;
#4086 = DIRECTION ( 'NONE',  ( 0.000000000000000000, 0.000000000000000000, -1.000000000000000000 ) ) ;
#4087 = VECTOR ( 'NONE', #1540, 1000.000000000000000 ) ;
#4088 = ADVANCED_FACE ( 'NONE', ( #5501 ), #1967, .F. ) ;
#4089 = DIRECTION ( 'NONE',  ( 0.000000000000000000, -1.000000000000000000, 1.807003620809172906E-16 ) ) ;
#4090 = LINE ( 'NONE', #3408, #100 ) ;
#4091 = ORIENTED_EDGE ( 'NONE', *, *, #4120, .F. ) ;
#4092 = DIRECTION ( 'NONE',  ( 0.000000000000000000, 1.178480622266852956E-16, -1.000000000000000000 ) ) ;
#4093 = ORIENTED_EDGE ( 'NONE', *, *, #2886, .F. ) ;
#4094 = CARTESIAN_POINT ( 'NONE',  ( 1.600000000000000089, 0.08000000000000004330, -0.7200000000000000844 ) ) ;
#4095 = VECTOR ( 'NONE', #836, 1000.000000000000000 ) ;
#4096 = PLANE ( 'NONE',  #5179 ) ;
#4097 = ADVANCED_FACE ( 'NONE', ( #1625 ), #5750, .F. ) ;
#4098 = CARTESIAN_POINT ( 'NONE',  ( 1.600000000000000089, 0.5200000000000001288, -0.5000000000000002220 ) ) ;
#4099 = PRESENTATION_STYLE_ASSIGNMENT (( #450 ) ) ;
#4100 = ORIENTED_EDGE ( 'NONE', *, *, #5157, .T. ) ;
#4101 = EDGE_CURVE ( 'NONE', #2405, #5504, #3762, .T. ) ;
#4102 = DIRECTION ( 'NONE',  ( -1.000000000000000000, 0.000000000000000000, 0.000000000000000000 ) ) ;
#4103 = ORIENTED_EDGE ( 'NONE', *, *, #1885, .F. ) ;
#4104 = DIRECTION ( 'NONE',  ( 0.000000000000000000, -1.000000000000000000, 0.000000000000000000 ) ) ;
#4105 = CARTESIAN_POINT ( 'NONE',  ( 0.9843614134715221731, 0.5200000000000001288, 0.7200000000000001954 ) ) ;
#4106 = VECTOR ( 'NONE', #1168, 1000.000000000000000 ) ;
#4107 = CARTESIAN_POINT ( 'NONE',  ( -0.6500000000000002442, -3.231750982573322946E-17, 0.4500000000000000666 ) ) ;
#4108 = CARTESIAN_POINT ( 'NONE',  ( -0.1500000000000002720, -3.231750982573322946E-17, 0.8000000000000000444 ) ) ;
#4109 = AXIS2_PLACEMENT_3D ( 'NONE', #4644, #630, #4179 ) ;
#4110 = CARTESIAN_POINT ( 'NONE',  ( 1.200000000000000400, -0.4342956348249514265, 0.8000000000000015987 ) ) ;
#4111 = DIRECTION ( 'NONE',  ( 0.000000000000000000, -1.000000000000000000, 0.000000000000000000 ) ) ;
#4112 = VECTOR ( 'NONE', #2645, 1000.000000000000000 ) ;
#4113 = ORIENTED_EDGE ( 'NONE', *, *, #2031, .F. ) ;
#4114 = CARTESIAN_POINT ( 'NONE',  ( -1.415638586528478182, 0.000000000000000000, -0.7200000000000000844 ) ) ;
#4115 = EDGE_CURVE ( 'NONE', #2458, #210, #1930, .T. ) ;
#4116 = CARTESIAN_POINT ( 'NONE',  ( 0.3999999999999999667, 0.5200000000000001288, -0.5700000000000001732 ) ) ;
#4117 = ORIENTED_EDGE ( 'NONE', *, *, #870, .F. ) ;
#4118 = LINE ( 'NONE', #5715, #244 ) ;
#4119 = CARTESIAN_POINT ( 'NONE',  ( -1.450000000000000400, 0.000000000000000000, 0.000000000000000000 ) ) ;
#4120 = EDGE_CURVE ( 'NONE', #439, #255, #5800, .T. ) ;
#4121 = LINE ( 'NONE', #2732, #4188 ) ;
#4122 = EDGE_LOOP ( 'NONE', ( #4904, #4953, #4945, #529 ) ) ;
#4123 = DIRECTION ( 'NONE',  ( -0.000000000000000000, -1.000000000000000000, 1.084202172485504237E-15 ) ) ;
#4124 = VERTEX_POINT ( 'NONE', #3925 ) ;
#4125 = EDGE_CURVE ( 'NONE', #1404, #3466, #1909, .T. ) ;
#4126 = VECTOR ( 'NONE', #5525, 1000.000000000000000 ) ;
#4127 = PRODUCT_DEFINITION_CONTEXT ( 'detailed design', #34, 'design' ) ;
#4128 = VECTOR ( 'NONE', #2934, 1000.000000000000000 ) ;
#4129 = ORIENTED_EDGE ( 'NONE', *, *, #2664, .F. ) ;
#4130 = CARTESIAN_POINT ( 'NONE',  ( 1.449999999999999956, 0.08000000000000001554, 0.4500000000000000666 ) ) ;
#4131 = EDGE_CURVE ( 'NONE', #5797, #3466, #3837, .T. ) ;
#4132 = EDGE_LOOP ( 'NONE', ( #689, #490, #2492, #181 ) ) ;
#4133 = DIRECTION ( 'NONE',  ( -1.000000000000000000, -0.000000000000000000, -0.000000000000000000 ) ) ;
#4134 = VECTOR ( 'NONE', #1093, 1000.000000000000000 ) ;
#4135 = ADVANCED_FACE ( 'NONE', ( #3852 ), #5522, .F. ) ;
#4136 = AXIS2_PLACEMENT_3D ( 'NONE', #2398, #452, #2888 ) ;
#4137 = AXIS2_PLACEMENT_3D ( 'NONE', #263, #1599, #1223 ) ;
#4138 = CARTESIAN_POINT ( 'NONE',  ( -0.9500000000000002887, -3.231750982573322946E-17, -0.4500000000000000666 ) ) ;
#4139 = FACE_OUTER_BOUND ( 'NONE', #733, .T. ) ;
#4140 = ORIENTED_EDGE ( 'NONE', *, *, #4115, .T. ) ;
#4141 = DIRECTION ( 'NONE',  ( 0.000000000000000000, 0.000000000000000000, -1.000000000000000000 ) ) ;
#4142 = VERTEX_POINT ( 'NONE', #3203 ) ;
#4143 = EDGE_CURVE ( 'NONE', #2950, #4311, #3801, .T. ) ;
#4144 = DIRECTION ( 'NONE',  ( -0.000000000000000000, 1.000000000000000000, 0.000000000000000000 ) ) ;
#4145 = LINE ( 'NONE', #5129, #4201 ) ;
#4146 = ORIENTED_EDGE ( 'NONE', *, *, #3688, .T. ) ;
#4147 = DIRECTION ( 'NONE',  ( 0.000000000000000000, -3.614007241618349264E-16, -1.000000000000000000 ) ) ;
#4148 = DIRECTION ( 'NONE',  ( 0.000000000000000000, 3.614007241618349264E-16, 1.000000000000000000 ) ) ;
#4149 = AXIS2_PLACEMENT_3D ( 'NONE', #1314, #3832, #1742 ) ;
#4150 = DIRECTION ( 'NONE',  ( 0.000000000000000000, 0.000000000000000000, 1.000000000000000000 ) ) ;
#4151 = ADVANCED_FACE ( 'NONE', ( #5726 ), #5781, .T. ) ;
#4152 = CARTESIAN_POINT ( 'NONE',  ( 0.4000000000000001887, 0.08000000000000009881, 0.8000000000000003775 ) ) ;
#4153 = ORIENTED_EDGE ( 'NONE', *, *, #4276, .F. ) ;
#4154 = AXIS2_PLACEMENT_3D ( 'NONE', #4586, #5393, #4542 ) ;
#4155 = DIRECTION ( 'NONE',  ( 1.000000000000000000, 0.000000000000000000, -0.000000000000000000 ) ) ;
#4156 = ORIENTED_EDGE ( 'NONE', *, *, #4203, .F. ) ;
#4157 = VECTOR ( 'NONE', #3252, 1000.000000000000000 ) ;
#4158 = ORIENTED_EDGE ( 'NONE', *, *, #22, .T. ) ;
#4159 = DIRECTION ( 'NONE',  ( 0.000000000000000000, -1.000000000000000000, 0.000000000000000000 ) ) ;
#4160 = LINE ( 'NONE', #2687, #2132 ) ;
#4161 = ORIENTED_EDGE ( 'NONE', *, *, #4899, .T. ) ;
#4162 = CARTESIAN_POINT ( 'NONE',  ( 1.600000000000000089, 0.08000000000000004330, -0.7200000000000000844 ) ) ;
#4163 = ORIENTED_EDGE ( 'NONE', *, *, #870, .T. ) ;
#4164 = EDGE_CURVE ( 'NONE', #3003, #165, #1785, .T. ) ;
#4165 = VECTOR ( 'NONE', #3100, 1000.000000000000000 ) ;
#4166 = VERTEX_POINT ( 'NONE', #2939 ) ;
#4167 = LINE ( 'NONE', #4232, #2172 ) ;
#4168 = ORIENTED_EDGE ( 'NONE', *, *, #1247, .T. ) ;
#4169 = DIRECTION ( 'NONE',  ( 0.000000000000000000, 1.000000000000000000, -1.807003620809172906E-16 ) ) ;
#4170 = ORIENTED_EDGE ( 'NONE', *, *, #1953, .F. ) ;
#4171 = DIRECTION ( 'NONE',  ( 0.000000000000000000, 0.000000000000000000, 1.000000000000000000 ) ) ;
#4172 = LINE ( 'NONE', #4533, #4277 ) ;
#4173 = ORIENTED_EDGE ( 'NONE', *, *, #2363, .F. ) ;
#4174 = DIRECTION ( 'NONE',  ( -0.000000000000000000, 1.000000000000000000, -0.000000000000000000 ) ) ;
#4175 = EDGE_CURVE ( 'NONE', #5818, #1237, #3742, .T. ) ;
#4176 = FACE_OUTER_BOUND ( 'NONE', #2218, .T. ) ;
#4177 = VERTEX_POINT ( 'NONE', #2752 ) ;
#4178 = ORIENTED_EDGE ( 'NONE', *, *, #3728, .F. ) ;
#4179 = DIRECTION ( 'NONE',  ( 0.000000000000000000, 0.000000000000000000, -1.000000000000000000 ) ) ;
#4180 = AXIS2_PLACEMENT_3D ( 'NONE', #2883, #545, #1148 ) ;
#4181 = CARTESIAN_POINT ( 'NONE',  ( -0.9500000000000002887, 0.5200000000000001288, 0.7200000000000000844 ) ) ;
#4182 = VECTOR ( 'NONE', #2011, 1000.000000000000000 ) ;
#4183 = ORIENTED_EDGE ( 'NONE', *, *, #690, .F. ) ;
#4184 = ADVANCED_FACE ( 'NONE', ( #1879 ), #1754, .F. ) ;
#4185 = DIRECTION ( 'NONE',  ( -1.000000000000000000, -0.000000000000000000, 0.000000000000000000 ) ) ;
#4186 = DIRECTION ( 'NONE',  ( -1.000000000000000000, -0.000000000000000000, -0.000000000000000000 ) ) ;
#4187 = CARTESIAN_POINT ( 'NONE',  ( 0.3999999999999999667, -0.4342956348249531473, -0.7999999999999989342 ) ) ;
#4188 = VECTOR ( 'NONE', #1348, 1000.000000000000000 ) ;
#4189 = EDGE_LOOP ( 'NONE', ( #3516, #5701, #5366, #5586 ) ) ;
#4190 = CARTESIAN_POINT ( 'NONE',  ( 0.1499999999999997446, 0.08000000000000004330, 0.7200000000000000844 ) ) ;
#4191 = ORIENTED_EDGE ( 'NONE', *, *, #1852, .T. ) ;
#4192 = EDGE_CURVE ( 'NONE', #1218, #2985, #1860, .T. ) ;
#4193 = ORIENTED_EDGE ( 'NONE', *, *, #5496, .T. ) ;
#4194 = DIRECTION ( 'NONE',  ( 0.000000000000000000, 0.000000000000000000, 1.000000000000000000 ) ) ;
#4195 = EDGE_CURVE ( 'NONE', #2802, #4124, #3886, .T. ) ;
#4196 = DIRECTION ( 'NONE',  ( -1.000000000000000000, 0.000000000000000000, -0.000000000000000000 ) ) ;
#4197 = VECTOR ( 'NONE', #501, 1000.000000000000000 ) ;
#4198 = CLOSED_SHELL ( 'NONE', ( #3248, #4808, #5379, #1234, #4401, #997, #4184, #2523, #4625, #3325, #4973, #1938, #4991, #1778 ) ) ;
#4199 = CARTESIAN_POINT ( 'NONE',  ( -0.6156385865284775827, 0.5200000000000001288, 0.7199999999999989742 ) ) ;
#4200 = ORIENTED_EDGE ( 'NONE', *, *, #1815, .F. ) ;
#4201 = VECTOR ( 'NONE', #2024, 1000.000000000000000 ) ;
#4202 = ORIENTED_EDGE ( 'NONE', *, *, #1826, .F. ) ;
#4203 = EDGE_CURVE ( 'NONE', #4663, #2600, #3827, .T. ) ;
#4204 = VECTOR ( 'NONE', #2966, 1000.000000000000000 ) ;
#4205 = VERTEX_POINT ( 'NONE', #4912 ) ;
#4206 = CIRCLE ( 'NONE', #1919, 0.1500000000000000777 ) ;
#4207 = AXIS2_PLACEMENT_3D ( 'NONE', #3883, #5327, #293 ) ;
#4208 = ORIENTED_EDGE ( 'NONE', *, *, #2703, .F. ) ;
#4209 = AXIS2_PLACEMENT_3D ( 'NONE', #2783, #1991, #4668 ) ;
#4210 = PLANE ( 'NONE',  #1966 ) ;
#4211 = VECTOR ( 'NONE', #325, 1000.000000000000000 ) ;
#4212 = ORIENTED_EDGE ( 'NONE', *, *, #3967, .T. ) ;
#4213 = CARTESIAN_POINT ( 'NONE',  ( -0.4000000000000000777, 0.08000000000000004330, -0.5700000000000001732 ) ) ;
#4214 = EDGE_CURVE ( 'NONE', #929, #5425, #5765, .T. ) ;
#4215 = VECTOR ( 'NONE', #3434, 1000.000000000000000 ) ;
#4216 = VERTEX_POINT ( 'NONE', #4794 ) ;
#4217 = VECTOR ( 'NONE', #4349, 1000.000000000000000 ) ;
#4218 = CARTESIAN_POINT ( 'NONE',  ( -0.4000000000000000777, 0.08000000000000009881, -0.5700000000000001732 ) ) ;
#4219 = ORIENTED_EDGE ( 'NONE', *, *, #3039, .T. ) ;
#4220 = DIRECTION ( 'NONE',  ( -1.000000000000000000, -0.000000000000000000, 0.000000000000000000 ) ) ;
#4221 = CARTESIAN_POINT ( 'NONE',  ( 0.1843614134715218233, 0.08000000000000009881, -0.7200000000000000844 ) ) ;
#4222 = CARTESIAN_POINT ( 'NONE',  ( -0.1843614134715219621, 0.08000000000000004330, -0.7200000000000000844 ) ) ;
#4223 = LINE ( 'NONE', #881, #2187 ) ;
#4224 = ORIENTED_EDGE ( 'NONE', *, *, #2637, .T. ) ;
#4225 = CARTESIAN_POINT ( 'NONE',  ( 0.6499999999999998002, 0.5200000000000001288, -0.7200000000000000844 ) ) ;
#4226 = CARTESIAN_POINT ( 'NONE',  ( 1.415638586528478626, 0.5200000000000001288, -0.7200000000000010836 ) ) ;
#4227 = DIRECTION ( 'NONE',  ( -1.000000000000000000, -0.000000000000000000, -0.000000000000000000 ) ) ;
#4228 = CARTESIAN_POINT ( 'NONE',  ( 1.600000000000000089, 0.5200000000000001288, 0.7200000000000001954 ) ) ;
#4229 = CIRCLE ( 'NONE', #5124, 0.2299999999999999545 ) ;
#4230 = VERTEX_POINT ( 'NONE', #2104 ) ;
#4231 = VECTOR ( 'NONE', #877, 1000.000000000000000 ) ;
#4232 = CARTESIAN_POINT ( 'NONE',  ( 1.600000000000000089, 0.5200000000000001288, -0.7200000000000000844 ) ) ;
#4233 = ORIENTED_EDGE ( 'NONE', *, *, #2479, .T. ) ;
#4234 = VECTOR ( 'NONE', #2609, 1000.000000000000000 ) ;
#4235 = VERTEX_POINT ( 'NONE', #5257 ) ;
#4236 = ADVANCED_FACE ( 'NONE', ( #5717 ), #707, .T. ) ;
#4237 = CARTESIAN_POINT ( 'NONE',  ( -0.9500000000000002887, 0.08000000000000004330, 0.7200000000000000844 ) ) ;
#4238 = PLANE ( 'NONE',  #2166 ) ;
#4239 = VECTOR ( 'NONE', #2762, 1000.000000000000000 ) ;
#4240 = ORIENTED_EDGE ( 'NONE', *, *, #4555, .F. ) ;
#4241 = EDGE_CURVE ( 'NONE', #5206, #1271, #3893, .T. ) ;
#4242 = FACE_OUTER_BOUND ( 'NONE', #4392, .T. ) ;
#4243 = ORIENTED_EDGE ( 'NONE', *, *, #46, .T. ) ;
#4244 = LINE ( 'NONE', #5090, #213 ) ;
#4245 = ORIENTED_EDGE ( 'NONE', *, *, #2637, .F. ) ;
#4246 = CIRCLE ( 'NONE', #3888, 0.2299999999999999545 ) ;
#4247 = ORIENTED_EDGE ( 'NONE', *, *, #1804, .T. ) ;
#4248 = EDGE_CURVE ( 'NONE', #2779, #3589, #5776, .T. ) ;
#4249 = VERTEX_POINT ( 'NONE', #5298 ) ;
#4250 = DIRECTION ( 'NONE',  ( 0.000000000000000000, 1.807003620809172906E-16, -1.000000000000000000 ) ) ;
#4251 = VECTOR ( 'NONE', #2148, 1000.000000000000000 ) ;
#4252 = ORIENTED_EDGE ( 'NONE', *, *, #1108, .F. ) ;
#4253 = DIRECTION ( 'NONE',  ( -1.000000000000000000, -0.000000000000000000, 0.000000000000000000 ) ) ;
#4254 = CARTESIAN_POINT ( 'NONE',  ( -1.450000000000000400, 0.6000000000000003109, -0.5000000000000002220 ) ) ;
#4255 = CARTESIAN_POINT ( 'NONE',  ( -0.9500000000000002887, 0.08000000000000004330, 0.7200000000000001954 ) ) ;
#4256 = EDGE_CURVE ( 'NONE', #2236, #5526, #5828, .T. ) ;
#4257 = ORIENTED_EDGE ( 'NONE', *, *, #4125, .T. ) ;
#4258 = LINE ( 'NONE', #5611, #4393 ) ;
#4259 = ORIENTED_EDGE ( 'NONE', *, *, #3131, .F. ) ;
#4260 = CARTESIAN_POINT ( 'NONE',  ( -0.6500000000000002442, -3.231750982573322946E-17, 0.8000000000000000444 ) ) ;
#4261 = ORIENTED_EDGE ( 'NONE', *, *, #3232, .T. ) ;
#4262 = CARTESIAN_POINT ( 'NONE',  ( 1.600000000000000089, 0.5200000000000001288, -0.8000000000000001554 ) ) ;
#4263 = CIRCLE ( 'NONE', #1542, 0.2299999999999999545 ) ;
#4264 = EDGE_LOOP ( 'NONE', ( #2340, #384, #3352, #3488 ) ) ;
#4265 = CARTESIAN_POINT ( 'NONE',  ( 1.449999999999999956, -3.231750982573322946E-17, 0.8000000000000000444 ) ) ;
#4266 = CARTESIAN_POINT ( 'NONE',  ( 0.1499999999999997446, 0.08000000000000001554, 0.4500000000000000666 ) ) ;
#4267 = DIRECTION ( 'NONE',  ( -1.000000000000000000, -0.000000000000000000, 0.000000000000000000 ) ) ;
#4268 = DIRECTION ( 'NONE',  ( -0.000000000000000000, 1.000000000000000000, -0.000000000000000000 ) ) ;
#4269 = DIRECTION ( 'NONE',  ( 0.000000000000000000, 1.178480622266852809E-15, 1.000000000000000000 ) ) ;
#4270 = FACE_OUTER_BOUND ( 'NONE', #982, .T. ) ;
#4271 = ORIENTED_EDGE ( 'NONE', *, *, #3562, .T. ) ;
#4272 = EDGE_CURVE ( 'NONE', #1347, #1704, #1920, .T. ) ;
#4273 = COLOUR_RGB ( '',0.7921568627450980005, 0.8196078431372548767, 0.9333333333333333481 ) ;
#4274 = ORIENTED_EDGE ( 'NONE', *, *, #3178, .T. ) ;
#4275 = EDGE_LOOP ( 'NONE', ( #885, #893, #3072, #4709 ) ) ;
#4276 = EDGE_CURVE ( 'NONE', #4827, #2603, #5663, .T. ) ;
#4277 = VECTOR ( 'NONE', #276, 1000.000000000000000 ) ;
#4278 = EDGE_LOOP ( 'NONE', ( #4844, #1566, #756, #3292, #3124, #4836 ) ) ;
#4279 = AXIS2_PLACEMENT_3D ( 'NONE', #1788, #4459, #2196 ) ;
#4280 = DIRECTION ( 'NONE',  ( 0.000000000000000000, -1.000000000000000000, -3.614007241618349264E-16 ) ) ;
#4281 = CARTESIAN_POINT ( 'NONE',  ( 1.200000000000000178, 0.000000000000000000, -0.8000000000000001554 ) ) ;
#4282 = AXIS2_PLACEMENT_3D ( 'NONE', #1041, #1505, #1914 ) ;
#4283 = CARTESIAN_POINT ( 'NONE',  ( 0.4000000000000001887, 0.08000000000000004330, 0.8000000000000003775 ) ) ;
#4284 = ORIENTED_EDGE ( 'NONE', *, *, #5007, .T. ) ;
#4285 = PLANE ( 'NONE',  #5757 ) ;
#4286 = FACE_OUTER_BOUND ( 'NONE', #631, .T. ) ;
#4287 = EDGE_LOOP ( 'NONE', ( #4428, #2979, #2729, #2946 ) ) ;
#4288 = EDGE_CURVE ( 'NONE', #1077, #2516, #3748, .T. ) ;
#4289 = ORIENTED_EDGE ( 'NONE', *, *, #4492, .T. ) ;
#4290 = VECTOR ( 'NONE', #3651, 1000.000000000000000 ) ;
#4291 = VERTEX_POINT ( 'NONE', #5669 ) ;
#4292 = ADVANCED_FACE ( 'NONE', ( #1776 ), #3820, .F. ) ;
#4293 = AXIS2_PLACEMENT_3D ( 'NONE', #3054, #4314, #3797 ) ;
#4294 = LINE ( 'NONE', #234, #4215 ) ;
#4295 = VERTEX_POINT ( 'NONE', #822 ) ;
#4296 = MECHANICAL_DESIGN_GEOMETRIC_PRESENTATION_REPRESENTATION (  '', ( #4980 ), #1663 ) ;
#4297 =( NAMED_UNIT ( * ) PLANE_ANGLE_UNIT ( ) SI_UNIT ( $, .RADIAN. ) );
#4298 = ORIENTED_EDGE ( 'NONE', *, *, #1001, .T. ) ;
#4299 = ORIENTED_EDGE ( 'NONE', *, *, #4480, .T. ) ;
#4300 = CARTESIAN_POINT ( 'NONE',  ( 1.450000000000000400, 0.5200000000000001288, 0.8000000000000000444 ) ) ;
#4301 = VECTOR ( 'NONE', #4080, 1000.000000000000000 ) ;
#4302 = ORIENTED_EDGE ( 'NONE', *, *, #3007, .F. ) ;
#4303 = CARTESIAN_POINT ( 'NONE',  ( -0.6156385865284778047, 0.07999999999999990452, 0.7200000000000000844 ) ) ;
#4304 = DIRECTION ( 'NONE',  ( 0.000000000000000000, -1.000000000000000000, 0.000000000000000000 ) ) ;
#4305 = VERTEX_POINT ( 'NONE', #184 ) ;
#4306 = FACE_OUTER_BOUND ( 'NONE', #123, .T. ) ;
#4307 = ORIENTED_EDGE ( 'NONE', *, *, #146, .T. ) ;
#4308 = ORIENTED_EDGE ( 'NONE', *, *, #1070, .T. ) ;
#4309 = DIRECTION ( 'NONE',  ( -1.000000000000000000, -0.000000000000000000, -0.000000000000000000 ) ) ;
#4310 = VECTOR ( 'NONE', #2696, 1000.000000000000000 ) ;
#4311 = VERTEX_POINT ( 'NONE', #4750 ) ;
#4312 = DIRECTION ( 'NONE',  ( 0.000000000000000000, -1.000000000000000000, 1.807003620809172906E-16 ) ) ;
#4313 = DIRECTION ( 'NONE',  ( 0.000000000000000000, -1.000000000000000000, 6.023345402697252882E-16 ) ) ;
#4314 = DIRECTION ( 'NONE',  ( 0.000000000000000000, -1.000000000000000000, -1.003890900449541202E-16 ) ) ;
#4315 = CARTESIAN_POINT ( 'NONE',  ( -0.9500000000000002887, -3.231750982573322946E-17, -0.8000000000000000444 ) ) ;
#4316 = VECTOR ( 'NONE', #90, 1000.000000000000000 ) ;
#4317 = ORIENTED_EDGE ( 'NONE', *, *, #2961, .F. ) ;
#4318 = VECTOR ( 'NONE', #4884, 1000.000000000000000 ) ;
#4319 = CARTESIAN_POINT ( 'NONE',  ( 1.200000000000000400, 0.6000000000000004219, 0.8000000000000005995 ) ) ;
#4320 = ORIENTED_EDGE ( 'NONE', *, *, #900, .T. ) ;
#4321 = ORIENTED_EDGE ( 'NONE', *, *, #5028, .T. ) ;
#4322 = VECTOR ( 'NONE', #5637, 1000.000000000000000 ) ;
#4323 = ORIENTED_EDGE ( 'NONE', *, *, #3380, .F. ) ;
#4324 = PLANE ( 'NONE',  #4528 ) ;
#4325 = EDGE_CURVE ( 'NONE', #4742, #3924, #1855, .T. ) ;
#4326 = CARTESIAN_POINT ( 'NONE',  ( -1.415638586528477960, 0.08000000000000004330, 0.7200000000000001954 ) ) ;
#4327 = VERTEX_POINT ( 'NONE', #1179 ) ;
#4328 = DIRECTION ( 'NONE',  ( -0.000000000000000000, 1.807003620809172906E-16, 1.000000000000000000 ) ) ;
#4329 = LINE ( 'NONE', #5845, #528 ) ;
#4330 = ORIENTED_EDGE ( 'NONE', *, *, #3967, .F. ) ;
#4331 = ORIENTED_EDGE ( 'NONE', *, *, #1013, .F. ) ;
#4332 = CARTESIAN_POINT ( 'NONE',  ( -0.6156385865284781378, 0.5200000000000001288, -0.7200000000000000844 ) ) ;
#4333 = LINE ( 'NONE', #850, #4432 ) ;
#4334 = ORIENTED_EDGE ( 'NONE', *, *, #497, .T. ) ;
#4335 = EDGE_CURVE ( 'NONE', #4032, #873, #3812, .T. ) ;
#4336 = LINE ( 'NONE', #1866, #4197 ) ;
#4337 = ORIENTED_EDGE ( 'NONE', *, *, #5287, .F. ) ;
#4338 = FACE_OUTER_BOUND ( 'NONE', #4493, .T. ) ;
#4339 = ORIENTED_EDGE ( 'NONE', *, *, #1520, .T. ) ;
#4340 = EDGE_LOOP ( 'NONE', ( #1579, #1280, #5404, #3391, #1084, #1405 ) ) ;
#4341 = DIRECTION ( 'NONE',  ( 0.000000000000000000, 7.228014483236692611E-16, -1.000000000000000000 ) ) ;
#4342 = DIRECTION ( 'NONE',  ( 0.000000000000000000, 1.000000000000000000, -1.807003620809172906E-16 ) ) ;
#4343 = VECTOR ( 'NONE', #4133, 1000.000000000000000 ) ;
#4344 = EDGE_CURVE ( 'NONE', #4901, #152, #3819, .T. ) ;
#4345 = ORIENTED_EDGE ( 'NONE', *, *, #374, .F. ) ;
#4346 = ADVANCED_FACE ( 'NONE', ( #5667 ), #3787, .T. ) ;
#4347 = CARTESIAN_POINT ( 'NONE',  ( -1.199999999999999956, 0.5200000000000001288, 0.8000000000000004885 ) ) ;
#4348 = EDGE_CURVE ( 'NONE', #2630, #4142, #1795, .T. ) ;
#4349 = DIRECTION ( 'NONE',  ( 0.000000000000000000, -3.614007241618349264E-16, -1.000000000000000000 ) ) ;
#4350 = EDGE_LOOP ( 'NONE', ( #1107, #1016, #1046, #3016 ) ) ;
#4351 = FACE_OUTER_BOUND ( 'NONE', #1225, .T. ) ;
#4352 = ORIENTED_EDGE ( 'NONE', *, *, #5107, .F. ) ;
#4353 = DIRECTION ( 'NONE',  ( -1.000000000000000000, 0.000000000000000000, 0.000000000000000000 ) ) ;
#4354 = ORIENTED_EDGE ( 'NONE', *, *, #4195, .F. ) ;
#4355 = PLANE ( 'NONE',  #1104 ) ;
#4356 = FACE_OUTER_BOUND ( 'NONE', #1056, .T. ) ;
#4357 = ORIENTED_EDGE ( 'NONE', *, *, #444, .T. ) ;
#4358 = EDGE_CURVE ( 'NONE', #816, #2236, #5685, .T. ) ;
#4359 = DIRECTION ( 'NONE',  ( 0.000000000000000000, -1.000000000000000000, 0.000000000000000000 ) ) ;
#4360 = CARTESIAN_POINT ( 'NONE',  ( 1.600000000000000089, 0.08000000000000004330, -0.7200000000000000844 ) ) ;
#4361 = ORIENTED_EDGE ( 'NONE', *, *, #1833, .T. ) ;
#4362 = SURFACE_STYLE_FILL_AREA ( #4658 ) ;
#4363 = AXIS2_PLACEMENT_3D ( 'NONE', #1118, #130, #1941 ) ;
#4364 = ORIENTED_EDGE ( 'NONE', *, *, #944, .T. ) ;
#4365 = ORIENTED_EDGE ( 'NONE', *, *, #4248, .T. ) ;
#4366 = PRESENTATION_LAYER_ASSIGNMENT (  '', '', ( #937 ) ) ;
#4367 = LINE ( 'NONE', #5175, #4506 ) ;
#4368 = ORIENTED_EDGE ( 'NONE', *, *, #157, .F. ) ;
#4369 = EDGE_CURVE ( 'NONE', #121, #3991, #3781, .T. ) ;
#4370 = PLANE ( 'NONE',  #4207 ) ;
#4371 = EDGE_LOOP ( 'NONE', ( #1790, #2027, #1924, #3772, #198, #5772 ) ) ;
#4372 = CARTESIAN_POINT ( 'NONE',  ( -0.6500000000000002442, 0.5200000000000001288, 0.8000000000000001554 ) ) ;
#4373 = VECTOR ( 'NONE', #1394, 1000.000000000000000 ) ;
#4374 = ORIENTED_EDGE ( 'NONE', *, *, #1130, .F. ) ;
#4375 = ORIENTED_EDGE ( 'NONE', *, *, #444, .F. ) ;
#4376 = AXIS2_PLACEMENT_3D ( 'NONE', #5142, #122, #5705 ) ;
#4377 = VECTOR ( 'NONE', #3916, 1000.000000000000000 ) ;
#4378 = ORIENTED_EDGE ( 'NONE', *, *, #612, .T. ) ;
#4379 = AXIS2_PLACEMENT_3D ( 'NONE', #5133, #109, #2916 ) ;
#4380 = FACE_OUTER_BOUND ( 'NONE', #1928, .T. ) ;
#4381 = VERTEX_POINT ( 'NONE', #3853 ) ;
#4382 = CARTESIAN_POINT ( 'NONE',  ( -1.450000000000000400, 0.6000000000000004219, -0.8000000000000001554 ) ) ;
#4383 = VECTOR ( 'NONE', #3973, 1000.000000000000000 ) ;
#4384 = VERTEX_POINT ( 'NONE', #4300 ) ;
#4385 = ORIENTED_EDGE ( 'NONE', *, *, #5728, .F. ) ;
#4386 = DIRECTION ( 'NONE',  ( -1.000000000000000000, -0.000000000000000000, 0.000000000000000000 ) ) ;
#4387 = DIRECTION ( 'NONE',  ( 0.000000000000000000, -1.000000000000000000, 1.003890900449541202E-16 ) ) ;
#4388 = LINE ( 'NONE', #1559, #4423 ) ;
#4389 = EDGE_LOOP ( 'NONE', ( #5183, #3192, #2656, #5138 ) ) ;
#4390 = DIRECTION ( 'NONE',  ( 0.000000000000000000, 0.000000000000000000, 1.000000000000000000 ) ) ;
#4391 = CARTESIAN_POINT ( 'NONE',  ( -1.349999999999999867, 0.6000000000000004219, 0.8000000000000001554 ) ) ;
#4392 = EDGE_LOOP ( 'NONE', ( #5289, #5326, #908, #1003, #1409, #2941, #531 ) ) ;
#4393 = VECTOR ( 'NONE', #158, 1000.000000000000000 ) ;
#4394 = ORIENTED_EDGE ( 'NONE', *, *, #1030, .T. ) ;
#4395 = CARTESIAN_POINT ( 'NONE',  ( -0.1500000000000002720, -3.231750982573322946E-17, 0.8000000000000000444 ) ) ;
#4396 = ORIENTED_EDGE ( 'NONE', *, *, #5241, .F. ) ;
#4397 = DIRECTION ( 'NONE',  ( 0.000000000000000000, 0.000000000000000000, -1.000000000000000000 ) ) ;
#4398 = FILL_AREA_STYLE_COLOUR ( '', #309 ) ;
#4399 = LINE ( 'NONE', #339, #4377 ) ;
#4400 = ORIENTED_EDGE ( 'NONE', *, *, #639, .F. ) ;
#4401 = ADVANCED_FACE ( 'NONE', ( #5692 ), #2810, .F. ) ;
#4402 = DIRECTION ( 'NONE',  ( 1.000000000000000000, 0.000000000000000000, 0.000000000000000000 ) ) ;
#4403 = DIRECTION ( 'NONE',  ( 0.000000000000000000, 0.000000000000000000, 1.000000000000000000 ) ) ;
#4404 = PLANE ( 'NONE',  #5644 ) ;
#4405 = VERTEX_POINT ( 'NONE', #1765 ) ;
#4406 = VECTOR ( 'NONE', #1114, 1000.000000000000000 ) ;
#4407 = CARTESIAN_POINT ( 'NONE',  ( -0.1500000000000002720, 0.000000000000000000, 0.000000000000000000 ) ) ;
#4408 = EDGE_CURVE ( 'NONE', #2649, #851, #3774, .T. ) ;
#4409 = CARTESIAN_POINT ( 'NONE',  ( 0.6499999999999998002, 0.5200000000000001288, -0.7200000000000000844 ) ) ;
#4410 = ORIENTED_EDGE ( 'NONE', *, *, #1712, .T. ) ;
#4411 = ORIENTED_EDGE ( 'NONE', *, *, #4439, .F. ) ;
#4412 = LINE ( 'NONE', #3569, #512 ) ;
#4413 = VERTEX_POINT ( 'NONE', #5477 ) ;
#4414 = CARTESIAN_POINT ( 'NONE',  ( 1.200000000000000400, 0.000000000000000000, 0.8000000000000005995 ) ) ;
#4415 = AXIS2_PLACEMENT_3D ( 'NONE', #5544, #1971, #2433 ) ;
#4416 = ORIENTED_EDGE ( 'NONE', *, *, #4874, .F. ) ;
#4417 = CARTESIAN_POINT ( 'NONE',  ( 0.6499999999999998002, 0.08000000000000001554, 0.4500000000000000666 ) ) ;
#4418 = LINE ( 'NONE', #5378, #4427 ) ;
#4419 = ADVANCED_FACE ( 'NONE', ( #5721 ), #2350, .F. ) ;
#4420 = ORIENTED_EDGE ( 'NONE', *, *, #3358, .T. ) ;
#4421 = ORIENTED_EDGE ( 'NONE', *, *, #3419, .T. ) ;
#4422 = EDGE_CURVE ( 'NONE', #570, #5266, #5743, .T. ) ;
#4423 = VECTOR ( 'NONE', #3726, 1000.000000000000000 ) ;
#4424 = ORIENTED_EDGE ( 'NONE', *, *, #3198, .F. ) ;
#4425 = ORIENTED_EDGE ( 'NONE', *, *, #3728, .T. ) ;
#4426 = EDGE_CURVE ( 'NONE', #4743, #4457, #3947, .T. ) ;
#4427 = VECTOR ( 'NONE', #957, 1000.000000000000000 ) ;
#4428 = ORIENTED_EDGE ( 'NONE', *, *, #5517, .T. ) ;
#4429 = ORIENTED_EDGE ( 'NONE', *, *, #484, .F. ) ;
#4430 = DIRECTION ( 'NONE',  ( -1.000000000000000000, 0.000000000000000000, 0.000000000000000000 ) ) ;
#4431 = EDGE_CURVE ( 'NONE', #5054, #513, #2003, .T. ) ;
#4432 = VECTOR ( 'NONE', #3025, 1000.000000000000000 ) ;
#4433 = ORIENTED_EDGE ( 'NONE', *, *, #4582, .F. ) ;
#4434 = CARTESIAN_POINT ( 'NONE',  ( -0.9500000000000002887, -3.231750982573322946E-17, -0.8000000000000000444 ) ) ;
#4435 = DIRECTION ( 'NONE',  ( -1.000000000000000000, 0.000000000000000000, 0.000000000000000000 ) ) ;
#4436 = EDGE_LOOP ( 'NONE', ( #4425, #4200, #328, #2364 ) ) ;
#4437 = LINE ( 'NONE', #875, #4839 ) ;
#4438 = ORIENTED_EDGE ( 'NONE', *, *, #1768, .T. ) ;
#4439 = EDGE_CURVE ( 'NONE', #2571, #1600, #2030, .T. ) ;
#4440 = VERTEX_POINT ( 'NONE', #5032 ) ;
#4441 = CARTESIAN_POINT ( 'NONE',  ( 1.600000000000000089, 0.08000000000000004330, 0.7200000000000001954 ) ) ;
#4442 = DIRECTION ( 'NONE',  ( 1.000000000000000000, 0.000000000000000000, -0.000000000000000000 ) ) ;
#4443 = FACE_OUTER_BOUND ( 'NONE', #2008, .T. ) ;
#4444 = VERTEX_POINT ( 'NONE', #3154 ) ;
#4445 = CARTESIAN_POINT ( 'NONE',  ( 0.9499999999999998446, 0.08000000000000001554, 0.4500000000000000666 ) ) ;
#4446 = DIRECTION ( 'NONE',  ( 0.000000000000000000, 0.000000000000000000, 1.000000000000000000 ) ) ;
#4447 = CARTESIAN_POINT ( 'NONE',  ( -0.9500000000000002887, -3.231750982573322946E-17, -0.8000000000000000444 ) ) ;
#4448 = ORIENTED_EDGE ( 'NONE', *, *, #206, .F. ) ;
#4449 = AXIS2_PLACEMENT_3D ( 'NONE', #3331, #1578, #3015 ) ;
#4450 = VECTOR ( 'NONE', #593, 1000.000000000000000 ) ;
#4451 = DIRECTION ( 'NONE',  ( -0.000000000000000000, -0.000000000000000000, -1.000000000000000000 ) ) ;
#4452 = PLANE ( 'NONE',  #5468 ) ;
#4453 = EDGE_LOOP ( 'NONE', ( #3676, #5290, #591, #1269 ) ) ;
#4454 = ORIENTED_EDGE ( 'NONE', *, *, #1601, .F. ) ;
#4455 = EDGE_CURVE ( 'NONE', #5054, #4837, #142, .T. ) ;
#4456 = LINE ( 'NONE', #4545, #2387 ) ;
#4457 = VERTEX_POINT ( 'NONE', #4107 ) ;
#4458 = ADVANCED_FACE ( 'NONE', ( #79 ), #4067, .F. ) ;
#4459 = DIRECTION ( 'NONE',  ( -0.000000000000000000, 1.000000000000000000, -0.000000000000000000 ) ) ;
#4460 = DIRECTION ( 'NONE',  ( 0.000000000000000000, -1.000000000000000000, 0.000000000000000000 ) ) ;
#4461 = AXIS2_PLACEMENT_3D ( 'NONE', #751, #5604, #5213 ) ;
#4462 = ORIENTED_EDGE ( 'NONE', *, *, #4579, .F. ) ;
#4463 = FACE_OUTER_BOUND ( 'NONE', #1374, .T. ) ;
#4464 = EDGE_LOOP ( 'NONE', ( #1687, #1453, #3684, #1997 ) ) ;
#4465 = ORIENTED_EDGE ( 'NONE', *, *, #3485, .T. ) ;
#4466 = LINE ( 'NONE', #5664, #463 ) ;
#4467 = EDGE_LOOP ( 'NONE', ( #2018, #1574, #3530, #3625 ) ) ;
#4468 = FILL_AREA_STYLE_COLOUR ( '', #1932 ) ;
#4469 = ORIENTED_EDGE ( 'NONE', *, *, #4248, .F. ) ;
#4470 = DIRECTION ( 'NONE',  ( -1.000000000000000000, 0.000000000000000000, -0.000000000000000000 ) ) ;
#4471 = VECTOR ( 'NONE', #5546, 1000.000000000000000 ) ;
#4472 = ADVANCED_FACE ( 'NONE', ( #2099 ), #5405, .F. ) ;
#4473 = ORIENTED_EDGE ( 'NONE', *, *, #924, .T. ) ;
#4474 = VERTEX_POINT ( 'NONE', #5115 ) ;
#4475 = DIRECTION ( 'NONE',  ( -1.000000000000000000, 0.000000000000000000, 0.000000000000000000 ) ) ;
#4476 = DIRECTION ( 'NONE',  ( -1.000000000000000000, 0.000000000000000000, 0.000000000000000000 ) ) ;
#4477 = FACE_OUTER_BOUND ( 'NONE', #1592, .T. ) ;
#4478 = ORIENTED_EDGE ( 'NONE', *, *, #2092, .F. ) ;
#4479 = CARTESIAN_POINT ( 'NONE',  ( -0.4000000000000000777, 0.08000000000000004330, -0.8000000000000001554 ) ) ;
#4480 = EDGE_CURVE ( 'NONE', #2205, #3327, #6, .T. ) ;
#4481 = CARTESIAN_POINT ( 'NONE',  ( 0.9843614134715221731, 0.08000000000000004330, 0.7200000000000001954 ) ) ;
#4482 = CARTESIAN_POINT ( 'NONE',  ( -0.9843614134715217290, 0.5200000000000001288, 0.7200000000000000844 ) ) ;
#4483 = VERTEX_POINT ( 'NONE', #4949 ) ;
#4484 = VECTOR ( 'NONE', #1069, 1000.000000000000000 ) ;
#4485 = VERTEX_POINT ( 'NONE', #5795 ) ;
#4486 = VERTEX_POINT ( 'NONE', #402 ) ;
#4487 = DIRECTION ( 'NONE',  ( -1.000000000000000000, -0.000000000000000000, 0.000000000000000000 ) ) ;
#4488 = CARTESIAN_POINT ( 'NONE',  ( -1.450000000000000400, 0.5200000000000001288, 0.8000000000000000444 ) ) ;
#4489 = LINE ( 'NONE', #1180, #2430 ) ;
#4490 = VERTEX_POINT ( 'NONE', #1501 ) ;
#4491 = CARTESIAN_POINT ( 'NONE',  ( 0.3999999999999999667, 0.000000000000000000, -0.8000000000000001554 ) ) ;
#4492 = EDGE_CURVE ( 'NONE', #786, #5539, #27, .T. ) ;
#4493 = EDGE_LOOP ( 'NONE', ( #2103, #297, #3347, #248, #1929, #1393, #5534 ) ) ;
#4494 = VECTOR ( 'NONE', #4309, 1000.000000000000000 ) ;
#4495 = ORIENTED_EDGE ( 'NONE', *, *, #710, .T. ) ;
#4496 = ORIENTED_EDGE ( 'NONE', *, *, #5801, .T. ) ;
#4497 = VECTOR ( 'NONE', #51, 1000.000000000000000 ) ;
#4498 = EDGE_CURVE ( 'NONE', #2844, #786, #3957, .T. ) ;
#4499 = ORIENTED_EDGE ( 'NONE', *, *, #3685, .F. ) ;
#4500 = EDGE_CURVE ( 'NONE', #4405, #3033, #2061, .T. ) ;
#4501 = ORIENTED_EDGE ( 'NONE', *, *, #3485, .F. ) ;
#4502 = LINE ( 'NONE', #898, #2608 ) ;
#4503 = ORIENTED_EDGE ( 'NONE', *, *, #4026, .T. ) ;
#4504 = CARTESIAN_POINT ( 'NONE',  ( -1.200000000000000178, -0.4342956348249528697, -0.5699999999999989519 ) ) ;
#4505 = MANIFOLD_SOLID_BREP ( 'LPattern2[4]', #3147 ) ;
#4506 = VECTOR ( 'NONE', #5605, 1000.000000000000000 ) ;
#4507 = ORIENTED_EDGE ( 'NONE', *, *, #265, .T. ) ;
#4508 = ADVANCED_FACE ( 'NONE', ( #3972 ), #5580, .F. ) ;
#4509 = EDGE_CURVE ( 'NONE', #670, #1053, #1977, .T. ) ;
#4510 = ORIENTED_EDGE ( 'NONE', *, *, #3912, .F. ) ;
#4511 = EDGE_CURVE ( 'NONE', #3202, #245, #3927, .T. ) ;
#4512 = VECTOR ( 'NONE', #3994, 1000.000000000000000 ) ;
#4513 = CARTESIAN_POINT ( 'NONE',  ( -0.4000000000000000777, 0.5200000000000001288, -0.8000000000000000444 ) ) ;
#4514 = ORIENTED_EDGE ( 'NONE', *, *, #3007, .T. ) ;
#4515 = AXIS2_PLACEMENT_3D ( 'NONE', #1429, #461, #3162 ) ;
#4516 = DIRECTION ( 'NONE',  ( 0.000000000000000000, -1.000000000000000000, 1.807003620809172906E-16 ) ) ;
#4517 = VECTOR ( 'NONE', #1141, 1000.000000000000000 ) ;
#4518 = ORIENTED_EDGE ( 'NONE', *, *, #2092, .T. ) ;
#4519 = CARTESIAN_POINT ( 'NONE',  ( -0.6500000000000002442, 0.08000000000000001554, 0.4500000000000000666 ) ) ;
#4520 = DIRECTION ( 'NONE',  ( -1.000000000000000000, -0.000000000000000000, -0.000000000000000000 ) ) ;
#4521 = EDGE_CURVE ( 'NONE', #4635, #2985, #4027, .T. ) ;
#4522 = CARTESIAN_POINT ( 'NONE',  ( -0.9500000000000002887, -3.231750982573322946E-17, -0.8000000000000000444 ) ) ;
#4523 = CARTESIAN_POINT ( 'NONE',  ( -0.9500000000000002887, 0.6000000000000004219, -0.8000000000000001554 ) ) ;
#4524 = EDGE_LOOP ( 'NONE', ( #3184, #812, #4678, #817, #4734, #4890 ) ) ;
#4525 = FACE_OUTER_BOUND ( 'NONE', #2247, .T. ) ;
#4526 = ORIENTED_EDGE ( 'NONE', *, *, #3425, .F. ) ;
#4527 = DIRECTION ( 'NONE',  ( -1.000000000000000000, -0.000000000000000000, -0.000000000000000000 ) ) ;
#4528 = AXIS2_PLACEMENT_3D ( 'NONE', #2897, #4703, #136 ) ;
#4529 = CARTESIAN_POINT ( 'NONE',  ( -1.450000000000000400, 0.6000000000000004219, -0.8000000000000001554 ) ) ;
#4530 = FACE_OUTER_BOUND ( 'NONE', #2520, .T. ) ;
#4531 = ORIENTED_EDGE ( 'NONE', *, *, #2321, .T. ) ;
#4532 = AXIS2_PLACEMENT_3D ( 'NONE', #5745, #5851, #333 ) ;
#4533 = CARTESIAN_POINT ( 'NONE',  ( -0.1500000000000002720, 0.5200000000000001288, 0.7200000000000000844 ) ) ;
#4534 = DIRECTION ( 'NONE',  ( 0.000000000000000000, 0.000000000000000000, 1.000000000000000000 ) ) ;
#4535 = CARTESIAN_POINT ( 'NONE',  ( -0.6500000000000002442, 0.6000000000000004219, -0.8000000000000001554 ) ) ;
#4536 = EDGE_CURVE ( 'NONE', #1060, #2844, #124, .T. ) ;
#4537 = ORIENTED_EDGE ( 'NONE', *, *, #1442, .T. ) ;
#4538 = FACE_OUTER_BOUND ( 'NONE', #2702, .T. ) ;
#4539 = ORIENTED_EDGE ( 'NONE', *, *, #2772, .T. ) ;
#4540 = CIRCLE ( 'NONE', #3374, 0.2299999999999999545 ) ;
#4541 = ORIENTED_EDGE ( 'NONE', *, *, #4422, .F. ) ;
#4542 = DIRECTION ( 'NONE',  ( 0.000000000000000000, 0.000000000000000000, -1.000000000000000000 ) ) ;
#4543 = ORIENTED_EDGE ( 'NONE', *, *, #5612, .F. ) ;
#4544 = VECTOR ( 'NONE', #2807, 1000.000000000000000 ) ;
#4545 = CARTESIAN_POINT ( 'NONE',  ( -0.6500000000000002442, 0.5200000000000001288, 1.332541078227774012 ) ) ;
#4546 = ORIENTED_EDGE ( 'NONE', *, *, #1302, .F. ) ;
#4547 = ADVANCED_FACE ( 'NONE', ( #4048 ), #63, .T. ) ;
#4548 = VECTOR ( 'NONE', #2478, 1000.000000000000000 ) ;
#4549 = LINE ( 'NONE', #1802, #706 ) ;
#4550 = EDGE_LOOP ( 'NONE', ( #4394, #295, #762, #2250 ) ) ;
#4551 = PLANE ( 'NONE',  #995 ) ;
#4552 = ORIENTED_EDGE ( 'NONE', *, *, #1451, .T. ) ;
#4553 = CARTESIAN_POINT ( 'NONE',  ( -1.450000000000000400, 0.5200000000000002398, -0.8000000000000001554 ) ) ;
#4554 = LINE ( 'NONE', #4910, #4544 ) ;
#4555 = EDGE_CURVE ( 'NONE', #2327, #1975, #148, .T. ) ;
#4556 = ORIENTED_EDGE ( 'NONE', *, *, #3232, .F. ) ;
#4557 = DIRECTION ( 'NONE',  ( 0.000000000000000000, 0.000000000000000000, 1.000000000000000000 ) ) ;
#4558 = DIRECTION ( 'NONE',  ( 0.000000000000000000, 1.807003620809172906E-16, -1.000000000000000000 ) ) ;
#4559 = ORIENTED_EDGE ( 'NONE', *, *, #5693, .T. ) ;
#4560 = ORIENTED_EDGE ( 'NONE', *, *, #108, .F. ) ;
#4561 = CARTESIAN_POINT ( 'NONE',  ( 0.4000000000000001887, 0.000000000000000000, 0.8000000000000005995 ) ) ;
#4562 = CARTESIAN_POINT ( 'NONE',  ( 0.6499999999999998002, 0.08000000000000004330, -0.8000000000000000444 ) ) ;
#4563 = ADVANCED_FACE ( 'NONE', ( #2022 ), #1074, .F. ) ;
#4564 = DIRECTION ( 'NONE',  ( -1.000000000000000000, -0.000000000000000000, -0.000000000000000000 ) ) ;
#4565 = DIRECTION ( 'NONE',  ( 0.000000000000000000, -3.614007241618349264E-16, -1.000000000000000000 ) ) ;
#4566 = CARTESIAN_POINT ( 'NONE',  ( -0.3999999999999998557, 0.6000000000000004219, 0.8000000000000005995 ) ) ;
#4567 = ORIENTED_EDGE ( 'NONE', *, *, #1130, .T. ) ;
#4568 = LINE ( 'NONE', #5186, #2750 ) ;
#4569 = ORIENTED_EDGE ( 'NONE', *, *, #652, .T. ) ;
#4570 = EDGE_CURVE ( 'NONE', #3231, #4872, #2042, .T. ) ;
#4571 = DIRECTION ( 'NONE',  ( 0.000000000000000000, 0.000000000000000000, 1.000000000000000000 ) ) ;
#4572 = EDGE_LOOP ( 'NONE', ( #3593, #5252, #3479, #1463 ) ) ;
#4573 = VECTOR ( 'NONE', #2556, 1000.000000000000000 ) ;
#4574 = ORIENTED_EDGE ( 'NONE', *, *, #1702, .F. ) ;
#4575 = DIRECTION ( 'NONE',  ( -1.000000000000000000, 0.000000000000000000, 0.000000000000000000 ) ) ;
#4576 = CARTESIAN_POINT ( 'NONE',  ( -0.1500000000000002720, 0.5200000000000001288, -0.8000000000000001554 ) ) ;
#4577 = DIRECTION ( 'NONE',  ( -0.000000000000000000, -0.000000000000000000, -1.000000000000000000 ) ) ;
#4578 = VERTEX_POINT ( 'NONE', #1235 ) ;
#4579 = EDGE_CURVE ( 'NONE', #3277, #702, #4005, .T. ) ;
#4580 = ORIENTED_EDGE ( 'NONE', *, *, #5507, .F. ) ;
#4581 = ORIENTED_EDGE ( 'NONE', *, *, #2122, .F. ) ;
#4582 = EDGE_CURVE ( 'NONE', #1162, #2466, #3913, .T. ) ;
#4583 = VECTOR ( 'NONE', #3671, 1000.000000000000000 ) ;
#4584 = ORIENTED_EDGE ( 'NONE', *, *, #3678, .F. ) ;
#4585 = DIRECTION ( 'NONE',  ( 0.000000000000000000, 1.000000000000000000, 0.000000000000000000 ) ) ;
#4586 = CARTESIAN_POINT ( 'NONE',  ( -0.9500000000000002887, 0.08000000000000004330, 1.332541078227774012 ) ) ;
#4587 = ORIENTED_EDGE ( 'NONE', *, *, #30, .T. ) ;
#4588 = CARTESIAN_POINT ( 'NONE',  ( -0.1500000000000002720, -3.231750982573322946E-17, 0.8000000000000000444 ) ) ;
#4589 = VERTEX_POINT ( 'NONE', #1939 ) ;
#4590 = ORIENTED_EDGE ( 'NONE', *, *, #5558, .T. ) ;
#4591 = EDGE_CURVE ( 'NONE', #988, #5206, #3995, .T. ) ;
#4592 = CARTESIAN_POINT ( 'NONE',  ( -0.1500000000000002720, -3.231750982573322946E-17, -0.8000000000000000444 ) ) ;
#4593 = FACE_OUTER_BOUND ( 'NONE', #3747, .T. ) ;
#4594 = VECTOR ( 'NONE', #1300, 1000.000000000000000 ) ;
#4595 = ORIENTED_EDGE ( 'NONE', *, *, #3982, .T. ) ;
#4596 = PLANE ( 'NONE',  #1656 ) ;
#4597 = EDGE_CURVE ( 'NONE', #210, #2799, #97, .T. ) ;
#4598 = DIRECTION ( 'NONE',  ( 0.000000000000000000, -1.000000000000000000, -3.614007241618349264E-16 ) ) ;
#4599 = AXIS2_PLACEMENT_3D ( 'NONE', #5161, #5592, #2583 ) ;
#4600 = VERTEX_POINT ( 'NONE', #5192 ) ;
#4601 = AXIS2_PLACEMENT_3D ( 'NONE', #4110, #96, #5584 ) ;
#4602 = CARTESIAN_POINT ( 'NONE',  ( 1.449999999999999956, -3.231750982573322946E-17, -0.4500000000000000666 ) ) ;
#4603 = CARTESIAN_POINT ( 'NONE',  ( 1.600000000000000089, 0.5200000000000001288, -0.7200000000000000844 ) ) ;
#4604 = ORIENTED_EDGE ( 'NONE', *, *, #3611, .F. ) ;
#4605 = ORIENTED_EDGE ( 'NONE', *, *, #849, .T. ) ;
#4606 = ADVANCED_FACE ( 'NONE', ( #4019 ), #159, .T. ) ;
#4607 = DIRECTION ( 'NONE',  ( 0.000000000000000000, 0.000000000000000000, 1.000000000000000000 ) ) ;
#4608 = EDGE_CURVE ( 'NONE', #818, #3740, #2128, .T. ) ;
#4609 = LINE ( 'NONE', #1496, #2711 ) ;
#4610 = CARTESIAN_POINT ( 'NONE',  ( 1.449999999999999956, 0.6000000000000004219, 0.8000000000000001554 ) ) ;
#4611 = ORIENTED_EDGE ( 'NONE', *, *, #3274, .T. ) ;
#4612 = CARTESIAN_POINT ( 'NONE',  ( 0.3999999999999999667, 0.5200000000000001288, -0.8000000000000001554 ) ) ;
#4613 = CARTESIAN_POINT ( 'NONE',  ( 1.449999999999999956, 0.6000000000000003109, -0.5000000000000002220 ) ) ;
#4614 = DIRECTION ( 'NONE',  ( -0.000000000000000000, -0.000000000000000000, -1.000000000000000000 ) ) ;
#4615 = SURFACE_STYLE_USAGE ( .BOTH. , #3679 ) ;
#4616 = AXIS2_PLACEMENT_3D ( 'NONE', #2587, #5370, #4341 ) ;
#4617 = ORIENTED_EDGE ( 'NONE', *, *, #3340, .T. ) ;
#4618 = AXIS2_PLACEMENT_3D ( 'NONE', #2360, #4700, #413 ) ;
#4619 = VERTEX_POINT ( 'NONE', #3400 ) ;
#4620 = VERTEX_POINT ( 'NONE', #3767 ) ;
#4621 = CARTESIAN_POINT ( 'NONE',  ( 0.6499999999999998002, -3.231750982573322946E-17, -0.8000000000000000444 ) ) ;
#4622 = VECTOR ( 'NONE', #4102, 1000.000000000000000 ) ;
#4623 = CYLINDRICAL_SURFACE ( 'NONE', #4363, 0.2299999999999999545 ) ;
#4624 = ORIENTED_EDGE ( 'NONE', *, *, #4192, .T. ) ;
#4625 = ADVANCED_FACE ( 'NONE', ( #2139 ), #3508, .F. ) ;
#4626 = CARTESIAN_POINT ( 'NONE',  ( 1.200000000000000400, 0.08000000000000004330, 0.8000000000000003775 ) ) ;
#4627 = VERTEX_POINT ( 'NONE', #5682 ) ;
#4628 = ORIENTED_EDGE ( 'NONE', *, *, #2546, .T. ) ;
#4629 = EDGE_LOOP ( 'NONE', ( #4076, #4045, #2333, #2533 ) ) ;
#4630 = CYLINDRICAL_SURFACE ( 'NONE', #4415, 0.2299999999999999545 ) ;
#4631 = VECTOR ( 'NONE', #4342, 1000.000000000000000 ) ;
#4632 = ORIENTED_EDGE ( 'NONE', *, *, #4203, .T. ) ;
#4633 = ORIENTED_EDGE ( 'NONE', *, *, #4931, .F. ) ;
#4634 = CARTESIAN_POINT ( 'NONE',  ( 1.449999999999999956, 0.08000000000000001554, -0.4500000000000000666 ) ) ;
#4635 = VERTEX_POINT ( 'NONE', #1575 ) ;
#4636 = ORIENTED_EDGE ( 'NONE', *, *, #808, .T. ) ;
#4637 = PLANE ( 'NONE',  #5524 ) ;
#4638 = VECTOR ( 'NONE', #3394, 1000.000000000000000 ) ;
#4639 = VECTOR ( 'NONE', #4185, 1000.000000000000000 ) ;
#4640 = ORIENTED_EDGE ( 'NONE', *, *, #1390, .T. ) ;
#4641 = PLANE ( 'NONE',  #865 ) ;
#4642 = EDGE_CURVE ( 'NONE', #2516, #920, #1958, .T. ) ;
#4643 = CARTESIAN_POINT ( 'NONE',  ( 1.449999999999999956, -3.231750982573322946E-17, 0.8000000000000000444 ) ) ;
#4644 = CARTESIAN_POINT ( 'NONE',  ( 0.9499999999999998446, 0.000000000000000000, 0.000000000000000000 ) ) ;
#4645 = DIRECTION ( 'NONE',  ( 0.000000000000000000, -3.614007241618349264E-16, -1.000000000000000000 ) ) ;
#4646 = ORIENTED_EDGE ( 'NONE', *, *, #2031, .T. ) ;
#4647 = ORIENTED_EDGE ( 'NONE', *, *, #71, .F. ) ;
#4648 = DIRECTION ( 'NONE',  ( 0.000000000000000000, 0.000000000000000000, 1.000000000000000000 ) ) ;
#4649 = EDGE_LOOP ( 'NONE', ( #4191, #2660, #4274, #2537 ) ) ;
#4650 = CARTESIAN_POINT ( 'NONE',  ( -1.450000000000000400, 0.08000000000000004330, 0.7200000000000000844 ) ) ;
#4651 = LINE ( 'NONE', #504, #925 ) ;
#4652 = ORIENTED_EDGE ( 'NONE', *, *, #3666, .T. ) ;
#4653 = DIRECTION ( 'NONE',  ( 0.000000000000000000, 1.807003620809172906E-16, -1.000000000000000000 ) ) ;
#4654 = CARTESIAN_POINT ( 'NONE',  ( 0.1499999999999997446, 0.5200000000000001288, -0.5000000000000002220 ) ) ;
#4655 = CARTESIAN_POINT ( 'NONE',  ( -1.450000000000000400, 0.5200000000000001288, 0.5000000000000002220 ) ) ;
#4656 = PLANE ( 'NONE',  #2094 ) ;
#4657 = EDGE_CURVE ( 'NONE', #152, #5768, #2270, .T. ) ;
#4658 = FILL_AREA_STYLE ('',( #2109 ) ) ;
#4659 = UNCERTAINTY_MEASURE_WITH_UNIT (LENGTH_MEASURE( 1.000000000000000082E-05 ), #451, 'distance_accuracy_value', 'NONE');
#4660 = VERTEX_POINT ( 'NONE', #4226 ) ;
#4661 = EDGE_LOOP ( 'NONE', ( #4636, #5294, #3061, #1174 ) ) ;
#4662 = ADVANCED_FACE ( 'NONE', ( #193 ), #5620, .F. ) ;
#4663 = VERTEX_POINT ( 'NONE', #5351 ) ;
#4664 = CARTESIAN_POINT ( 'NONE',  ( -0.1500000000000002720, 0.5200000000000001288, -0.8000000000000001554 ) ) ;
#4665 = EDGE_LOOP ( 'NONE', ( #3427, #1258, #897, #855 ) ) ;
#4666 = CARTESIAN_POINT ( 'NONE',  ( -0.6500000000000002442, 0.08000000000000004330, -0.7200000000000000844 ) ) ;
#4667 = EDGE_CURVE ( 'NONE', #860, #2143, #2329, .T. ) ;
#4668 = DIRECTION ( 'NONE',  ( 0.000000000000000000, 0.000000000000000000, -1.000000000000000000 ) ) ;
#4669 = ORIENTED_EDGE ( 'NONE', *, *, #4736, .F. ) ;
#4670 = PLANE ( 'NONE',  #4379 ) ;
#4671 = EDGE_LOOP ( 'NONE', ( #660, #967, #3010, #940 ) ) ;
#4672 = LINE ( 'NONE', #3864, #2544 ) ;
#4673 = EDGE_LOOP ( 'NONE', ( #691, #2545, #636, #220, #4364, #590, #2991, #483 ) ) ;
#4674 = ORIENTED_EDGE ( 'NONE', *, *, #3559, .T. ) ;
#4675 = EDGE_CURVE ( 'NONE', #4908, #749, #294, .T. ) ;
#4676 = DIRECTION ( 'NONE',  ( -1.000000000000000000, -0.000000000000000000, 0.000000000000000000 ) ) ;
#4677 = EDGE_LOOP ( 'NONE', ( #4331, #5105, #3211, #5194 ) ) ;
#4678 = ORIENTED_EDGE ( 'NONE', *, *, #652, .F. ) ;
#4679 = CARTESIAN_POINT ( 'NONE',  ( 0.1499999999999997446, -3.231750982573322946E-17, 0.8000000000000000444 ) ) ;
#4680 = LINE ( 'NONE', #2848, #4471 ) ;
#4681 = ORIENTED_EDGE ( 'NONE', *, *, #3502, .T. ) ;
#4682 = VERTEX_POINT ( 'NONE', #4445 ) ;
#4683 = AXIS2_PLACEMENT_3D ( 'NONE', #1401, #1817, #4812 ) ;
#4684 = PLANE ( 'NONE',  #2602 ) ;
#4685 = EDGE_CURVE ( 'NONE', #3231, #5275, #258, .T. ) ;
#4686 = CARTESIAN_POINT ( 'NONE',  ( 1.450000000000000400, 0.5200000000000001288, -1.264865571966778734 ) ) ;
#4687 = DIRECTION ( 'NONE',  ( -1.000000000000000000, -0.000000000000000000, -0.000000000000000000 ) ) ;
#4688 = ORIENTED_EDGE ( 'NONE', *, *, #5548, .T. ) ;
#4689 = ORIENTED_EDGE ( 'NONE', *, *, #4947, .F. ) ;
#4690 = CARTESIAN_POINT ( 'NONE',  ( -0.1500000000000002720, 0.5200000000000001288, -0.5000000000000002220 ) ) ;
#4691 = LINE ( 'NONE', #5758, #2627 ) ;
#4692 = LINE ( 'NONE', #1111, #2644 ) ;
#4693 = DIRECTION ( 'NONE',  ( 0.000000000000000000, 1.000000000000000000, -1.084202172485504237E-15 ) ) ;
#4694 = AXIS2_PLACEMENT_3D ( 'NONE', #1299, #5760, #1140 ) ;
#4695 = VERTEX_POINT ( 'NONE', #5047 ) ;
#4696 = CARTESIAN_POINT ( 'NONE',  ( 1.449999999999999956, 0.5200000000000001288, 0.7200000000000000844 ) ) ;
#4697 = CARTESIAN_POINT ( 'NONE',  ( -1.450000000000000400, 0.08000000000000001554, -0.4500000000000000666 ) ) ;
#4698 = AXIS2_PLACEMENT_3D ( 'NONE', #3791, #2923, #763 ) ;
#4699 = CARTESIAN_POINT ( 'NONE',  ( -0.1500000000000002720, 0.08000000000000014044, -0.8000000000000000444 ) ) ;
#4700 = DIRECTION ( 'NONE',  ( 0.000000000000000000, 0.000000000000000000, -1.000000000000000000 ) ) ;
#4701 = VERTEX_POINT ( 'NONE', #3614 ) ;
#4702 = ORIENTED_EDGE ( 'NONE', *, *, #5080, .T. ) ;
#4703 = DIRECTION ( 'NONE',  ( 0.000000000000000000, 0.000000000000000000, -1.000000000000000000 ) ) ;
#4704 = LINE ( 'NONE', #1904, #4494 ) ;
#4705 = VECTOR ( 'NONE', #4141, 1000.000000000000000 ) ;
#4706 = CARTESIAN_POINT ( 'NONE',  ( 1.450000000000000400, 0.5200000000000001288, 0.8000000000000000444 ) ) ;
#4707 = CARTESIAN_POINT ( 'NONE',  ( 0.6499999999999998002, 0.6000000000000004219, -0.8000000000000001554 ) ) ;
#4708 = VERTEX_POINT ( 'NONE', #368 ) ;
#4709 = ORIENTED_EDGE ( 'NONE', *, *, #5813, .T. ) ;
#4710 = ADVANCED_FACE ( 'NONE', ( #340 ), #5418, .F. ) ;
#4711 = VECTOR ( 'NONE', #3321, 1000.000000000000000 ) ;
#4712 = VERTEX_POINT ( 'NONE', #421 ) ;
#4713 = CARTESIAN_POINT ( 'NONE',  ( 1.600000000000000089, 0.08000000000000004330, 0.7200000000000001954 ) ) ;
#4714 = EDGE_LOOP ( 'NONE', ( #2226, #4156, #726, #4541 ) ) ;
#4715 = VERTEX_POINT ( 'NONE', #2186 ) ;
#4716 = EDGE_CURVE ( 'NONE', #4381, #2205, #4118, .T. ) ;
#4717 = LINE ( 'NONE', #1417, #2730 ) ;
#4718 = LINE ( 'NONE', #3356, #4705 ) ;
#4719 = CARTESIAN_POINT ( 'NONE',  ( 0.6156385865284782488, 0.08000000000000009881, 0.7200000000000001954 ) ) ;
#4720 = CARTESIAN_POINT ( 'NONE',  ( -0.4000000000000000777, 0.6000000000000004219, -0.8000000000000001554 ) ) ;
#4721 = DIRECTION ( 'NONE',  ( 0.000000000000000000, 0.000000000000000000, 1.000000000000000000 ) ) ;
#4722 = CARTESIAN_POINT ( 'NONE',  ( -0.9500000000000000666, 0.5200000000000001288, 0.7200000000000001954 ) ) ;
#4723 = AXIS2_PLACEMENT_3D ( 'NONE', #2481, #1191, #1113 ) ;
#4724 = SURFACE_STYLE_USAGE ( .BOTH. , #3470 ) ;
#4725 = VERTEX_POINT ( 'NONE', #915 ) ;
#4726 = VERTEX_POINT ( 'NONE', #2269 ) ;
#4727 = ORIENTED_EDGE ( 'NONE', *, *, #85, .F. ) ;
#4728 = LINE ( 'NONE', #5679, #2569 ) ;
#4729 = FACE_OUTER_BOUND ( 'NONE', #4937, .T. ) ;
#4730 = CARTESIAN_POINT ( 'NONE',  ( -0.2500000000000001110, 1.959157251370477903E-32, -0.8000000000000000444 ) ) ;
#4731 = EDGE_CURVE ( 'NONE', #3047, #2236, #182, .T. ) ;
#4732 = DIRECTION ( 'NONE',  ( 0.000000000000000000, -1.000000000000000000, 0.000000000000000000 ) ) ;
#4733 = VERTEX_POINT ( 'NONE', #1812 ) ;
#4734 = ORIENTED_EDGE ( 'NONE', *, *, #5422, .T. ) ;
#4735 = ORIENTED_EDGE ( 'NONE', *, *, #5165, .F. ) ;
#4736 = EDGE_CURVE ( 'NONE', #2881, #1901, #205, .T. ) ;
#4737 = CARTESIAN_POINT ( 'NONE',  ( 0.6499999999999998002, 0.08000000000000004330, 1.332541078227774012 ) ) ;
#4738 = FACE_OUTER_BOUND ( 'NONE', #4264, .T. ) ;
#4739 = LINE ( 'NONE', #87, #4638 ) ;
#4740 = CARTESIAN_POINT ( 'NONE',  ( 0.1843614134715216291, 0.07999999999999997391, -0.7200000000000000844 ) ) ;
#4741 = FACE_OUTER_BOUND ( 'NONE', #1865, .T. ) ;
#4742 = VERTEX_POINT ( 'NONE', #4925 ) ;
#4743 = VERTEX_POINT ( 'NONE', #2655 ) ;
#4744 = ORIENTED_EDGE ( 'NONE', *, *, #5107, .T. ) ;
#4745 = EDGE_CURVE ( 'NONE', #188, #1835, #269, .T. ) ;
#4746 = VECTOR ( 'NONE', #3045, 1000.000000000000000 ) ;
#4747 = CIRCLE ( 'NONE', #4180, 0.2299999999999999545 ) ;
#4748 = LINE ( 'NONE', #2929, #4639 ) ;
#4749 = AXIS2_PLACEMENT_3D ( 'NONE', #4913, #1384, #5371 ) ;
#4750 = CARTESIAN_POINT ( 'NONE',  ( 0.1499999999999997446, 0.6000000000000004219, -0.8000000000000001554 ) ) ;
#4751 = AXIS2_PLACEMENT_3D ( 'NONE', #5220, #356, #3079 ) ;
#4752 = PLANE ( 'NONE',  #5825 ) ;
#4753 = ORIENTED_EDGE ( 'NONE', *, *, #5738, .T. ) ;
#4754 = ORIENTED_EDGE ( 'NONE', *, *, #3429, .T. ) ;
#4755 = EDGE_LOOP ( 'NONE', ( #4951, #5198, #779, #4688 ) ) ;
#4756 = PLANE ( 'NONE',  #491 ) ;
#4757 = ADVANCED_FACE ( 'NONE', ( #2260 ), #3941, .F. ) ;
#4758 = LINE ( 'NONE', #3084, #2838 ) ;
#4759 = LINE ( 'NONE', #1760, #2751 ) ;
#4760 = EDGE_CURVE ( 'NONE', #2405, #2913, #2318, .T. ) ;
#4761 = DIRECTION ( 'NONE',  ( 0.000000000000000000, 1.000000000000000000, 0.000000000000000000 ) ) ;
#4762 = FACE_OUTER_BOUND ( 'NONE', #5083, .T. ) ;
#4763 = FILL_AREA_STYLE_COLOUR ( '', #844 ) ;
#4764 = DIRECTION ( 'NONE',  ( 0.000000000000000000, -1.000000000000000000, 1.807003620809172906E-16 ) ) ;
#4765 = AXIS2_PLACEMENT_3D ( 'NONE', #597, #4809, #679 ) ;
#4766 = DIRECTION ( 'NONE',  ( -0.000000000000000000, 1.000000000000000000, 0.000000000000000000 ) ) ;
#4767 = ORIENTED_EDGE ( 'NONE', *, *, #563, .T. ) ;
#4768 = VERTEX_POINT ( 'NONE', #2228 ) ;
#4769 = ORIENTED_EDGE ( 'NONE', *, *, #5436, .T. ) ;
#4770 = CARTESIAN_POINT ( 'NONE',  ( -1.200000000000000178, 0.000000000000000000, -0.6500000000000001332 ) ) ;
#4771 = SURFACE_STYLE_FILL_AREA ( #719 ) ;
#4772 = CARTESIAN_POINT ( 'NONE',  ( 0.9499999999999997335, 0.08000000000000004330, 1.332541078227774012 ) ) ;
#4773 = PLANE ( 'NONE',  #4006 ) ;
#4774 = DIRECTION ( 'NONE',  ( 0.000000000000000000, 0.000000000000000000, 1.000000000000000000 ) ) ;
#4775 = CYLINDRICAL_SURFACE ( 'NONE', #5698, 0.2299999999999999545 ) ;
#4776 = ORIENTED_EDGE ( 'NONE', *, *, #1648, .T. ) ;
#4777 = VERTEX_POINT ( 'NONE', #3206 ) ;
#4778 = ORIENTED_EDGE ( 'NONE', *, *, #5184, .T. ) ;
#4779 = CARTESIAN_POINT ( 'NONE',  ( 0.6156385865284784709, 0.5200000000000001288, -0.7200000000000010836 ) ) ;
#4780 = VECTOR ( 'NONE', #5267, 1000.000000000000000 ) ;
#4781 = DIRECTION ( 'NONE',  ( -0.000000000000000000, -0.000000000000000000, -1.000000000000000000 ) ) ;
#4782 = CARTESIAN_POINT ( 'NONE',  ( 0.6499999999999998002, 0.5200000000000001288, 0.8000000000000001554 ) ) ;
#4783 = VECTOR ( 'NONE', #1037, 1000.000000000000000 ) ;
#4784 = EDGE_CURVE ( 'NONE', #3272, #475, #2161, .T. ) ;
#4785 = CARTESIAN_POINT ( 'NONE',  ( 1.449999999999999956, 0.5200000000000001288, -0.7200000000000000844 ) ) ;
#4786 = CARTESIAN_POINT ( 'NONE',  ( 0.6499999999999998002, 0.6000000000000004219, -0.8000000000000001554 ) ) ;
#4787 = ORIENTED_EDGE ( 'NONE', *, *, #1659, .T. ) ;
#4788 = ORIENTED_EDGE ( 'NONE', *, *, #1321, .F. ) ;
#4789 = ORIENTED_EDGE ( 'NONE', *, *, #2886, .T. ) ;
#4790 = VECTOR ( 'NONE', #2047, 1000.000000000000000 ) ;
#4791 = LINE ( 'NONE', #2639, #4594 ) ;
#4792 = DIRECTION ( 'NONE',  ( 0.000000000000000000, 0.000000000000000000, 1.000000000000000000 ) ) ;
#4793 = EDGE_CURVE ( 'NONE', #2485, #3272, #2216, .T. ) ;
#4794 = CARTESIAN_POINT ( 'NONE',  ( -0.6500000000000002442, 0.6000000000000003109, -0.5000000000000002220 ) ) ;
#4795 = CARTESIAN_POINT ( 'NONE',  ( 1.600000000000000089, 0.000000000000000000, 0.000000000000000000 ) ) ;
#4796 = VERTEX_POINT ( 'NONE', #3171 ) ;
#4797 = ORIENTED_EDGE ( 'NONE', *, *, #5322, .F. ) ;
#4798 = DIRECTION ( 'NONE',  ( 0.000000000000000000, 1.000000000000000000, 0.000000000000000000 ) ) ;
#4799 = EDGE_CURVE ( 'NONE', #829, #4474, #4172, .T. ) ;
#4800 = VECTOR ( 'NONE', #2853, 1000.000000000000000 ) ;
#4801 = CARTESIAN_POINT ( 'NONE',  ( 0.6499999999999998002, 0.5200000000000001288, 0.7200000000000000844 ) ) ;
#4802 = EDGE_CURVE ( 'NONE', #4768, #4725, #229, .T. ) ;
#4803 = CARTESIAN_POINT ( 'NONE',  ( 0.6499999999999998002, 0.08000000000000001554, 0.4500000000000000666 ) ) ;
#4804 = DIRECTION ( 'NONE',  ( 0.000000000000000000, 1.807003620809172906E-16, -1.000000000000000000 ) ) ;
#4805 = ORIENTED_EDGE ( 'NONE', *, *, #1756, .F. ) ;
#4806 = CARTESIAN_POINT ( 'NONE',  ( -0.6156385865284781378, 0.08000000000000009881, -0.7200000000000000844 ) ) ;
#4807 = ORIENTED_EDGE ( 'NONE', *, *, #4521, .F. ) ;
#4808 = ADVANCED_FACE ( 'NONE', ( #2306 ), #5847, .F. ) ;
#4809 = DIRECTION ( 'NONE',  ( 0.000000000000000000, 1.000000000000000000, -1.084202172485504237E-15 ) ) ;
#4810 = VECTOR ( 'NONE', #319, 1000.000000000000000 ) ;
#4811 = CARTESIAN_POINT ( 'NONE',  ( -0.6500000000000002442, 0.08000000000000004330, 0.7200000000000000844 ) ) ;
#4812 = DIRECTION ( 'NONE',  ( -1.000000000000000000, 0.000000000000000000, -0.000000000000000000 ) ) ;
#4813 = DIRECTION ( 'NONE',  ( 1.000000000000000000, 0.000000000000000000, -0.000000000000000000 ) ) ;
#4814 = EDGE_CURVE ( 'NONE', #358, #3554, #2170, .T. ) ;
#4815 = ORIENTED_EDGE ( 'NONE', *, *, #4667, .T. ) ;
#4816 = EDGE_CURVE ( 'NONE', #3436, #1373, #4223, .T. ) ;
#4817 = ORIENTED_EDGE ( 'NONE', *, *, #3982, .F. ) ;
#4818 = DIRECTION ( 'NONE',  ( -0.000000000000000000, -0.000000000000000000, -1.000000000000000000 ) ) ;
#4819 = LINE ( 'NONE', #1568, #910 ) ;
#4820 = DIRECTION ( 'NONE',  ( -0.000000000000000000, -0.000000000000000000, 1.000000000000000000 ) ) ;
#4821 = AXIS2_PLACEMENT_3D ( 'NONE', #4522, #4997, #5841 ) ;
#4822 = DIRECTION ( 'NONE',  ( -0.000000000000000000, 1.000000000000000000, -0.000000000000000000 ) ) ;
#4823 = CYLINDRICAL_SURFACE ( 'NONE', #3511, 0.2299999999999999545 ) ;
#4824 = DIRECTION ( 'NONE',  ( -1.000000000000000000, 0.000000000000000000, -0.000000000000000000 ) ) ;
#4825 = ADVANCED_FACE ( 'NONE', ( #2249 ), #2411, .F. ) ;
#4826 = EDGE_CURVE ( 'NONE', #2799, #446, #316, .T. ) ;
#4827 = VERTEX_POINT ( 'NONE', #38 ) ;
#4828 = ORIENTED_EDGE ( 'NONE', *, *, #2043, .T. ) ;
#4829 = VECTOR ( 'NONE', #4220, 1000.000000000000000 ) ;
#4830 = AXIS2_PLACEMENT_3D ( 'NONE', #866, #5796, #4950 ) ;
#4831 = CARTESIAN_POINT ( 'NONE',  ( -0.1500000000000002720, -3.231750982573322946E-17, -0.4500000000000000666 ) ) ;
#4832 = AXIS2_PLACEMENT_3D ( 'NONE', #2324, #921, #4086 ) ;
#4833 = CIRCLE ( 'NONE', #4830, 0.1500000000000000777 ) ;
#4834 = DIRECTION ( 'NONE',  ( -0.000000000000000000, -0.000000000000000000, -1.000000000000000000 ) ) ;
#4835 = CARTESIAN_POINT ( 'NONE',  ( 0.1843614134715221009, 0.5200000000000001288, 0.7200000000000001954 ) ) ;
#4836 = ORIENTED_EDGE ( 'NONE', *, *, #5581, .T. ) ;
#4837 = VERTEX_POINT ( 'NONE', #1554 ) ;
#4838 = DIRECTION ( 'NONE',  ( 0.000000000000000000, 0.000000000000000000, 1.000000000000000000 ) ) ;
#4839 = VECTOR ( 'NONE', #1739, 1000.000000000000000 ) ;
#4840 = PLANE ( 'NONE',  #5400 ) ;
#4841 = FACE_OUTER_BOUND ( 'NONE', #2028, .T. ) ;
#4842 = DIRECTION ( 'NONE',  ( -1.000000000000000000, -0.000000000000000000, -0.000000000000000000 ) ) ;
#4843 = PLANE ( 'NONE',  #4698 ) ;
#4844 = ORIENTED_EDGE ( 'NONE', *, *, #3437, .F. ) ;
#4845 = ORIENTED_EDGE ( 'NONE', *, *, #2593, .T. ) ;
#4846 = DIRECTION ( 'NONE',  ( 0.000000000000000000, 0.000000000000000000, -1.000000000000000000 ) ) ;
#4847 = VECTOR ( 'NONE', #2565, 1000.000000000000000 ) ;
#4848 = CARTESIAN_POINT ( 'NONE',  ( 1.449999999999999956, 0.08000000000000004330, 0.7200000000000000844 ) ) ;
#4849 = PLANE ( 'NONE',  #1243 ) ;
#4850 = FACE_OUTER_BOUND ( 'NONE', #684, .T. ) ;
#4851 = LINE ( 'NONE', #2526, #2989 ) ;
#4852 = CARTESIAN_POINT ( 'NONE',  ( -0.6500000000000002442, 0.6000000000000004219, 0.8000000000000001554 ) ) ;
#4853 = CARTESIAN_POINT ( 'NONE',  ( -0.6500000000000002442, 0.5200000000000001288, 0.5000000000000002220 ) ) ;
#4854 = ORIENTED_EDGE ( 'NONE', *, *, #1659, .F. ) ;
#4855 = ORIENTED_EDGE ( 'NONE', *, *, #4793, .T. ) ;
#4856 = CARTESIAN_POINT ( 'NONE',  ( 1.200000000000000178, 0.000000000000000000, -0.8000000000000001554 ) ) ;
#4857 = ADVANCED_FACE ( 'NONE', ( #218 ), #1050, .F. ) ;
#4858 = EDGE_CURVE ( 'NONE', #165, #1045, #254, .T. ) ;
#4859 = LINE ( 'NONE', #5709, #4780 ) ;
#4860 = DIRECTION ( 'NONE',  ( -1.000000000000000000, -0.000000000000000000, 0.000000000000000000 ) ) ;
#4861 = EDGE_LOOP ( 'NONE', ( #5283, #3816, #5590, #1859 ) ) ;
#4862 = VECTOR ( 'NONE', #2811, 1000.000000000000000 ) ;
#4863 = VECTOR ( 'NONE', #5426, 1000.000000000000000 ) ;
#4864 = EDGE_LOOP ( 'NONE', ( #2588, #435, #557, #4778 ) ) ;
#4865 = ORIENTED_EDGE ( 'NONE', *, *, #2023, .F. ) ;
#4866 = LINE ( 'NONE', #3903, #1047 ) ;
#4867 = EDGE_CURVE ( 'NONE', #2842, #3858, #282, .T. ) ;
#4868 = ORIENTED_EDGE ( 'NONE', *, *, #2207, .F. ) ;
#4869 = VECTOR ( 'NONE', #3438, 1000.000000000000000 ) ;
#4870 = LINE ( 'NONE', #1430, #974 ) ;
#4871 = CARTESIAN_POINT ( 'NONE',  ( 0.1499999999999997446, 0.08000000000000014044, 0.8000000000000000444 ) ) ;
#4872 = VERTEX_POINT ( 'NONE', #1882 ) ;
#4873 = VERTEX_POINT ( 'NONE', #3809 ) ;
#4874 = EDGE_CURVE ( 'NONE', #4384, #513, #2179, .T. ) ;
#4875 = DIRECTION ( 'NONE',  ( 0.000000000000000000, 1.000000000000000000, -1.807003620809172906E-16 ) ) ;
#4876 = CARTESIAN_POINT ( 'NONE',  ( -0.1500000000000002720, 0.08000000000000001554, 0.4500000000000000666 ) ) ;
#4877 = VECTOR ( 'NONE', #3789, 1000.000000000000000 ) ;
#4878 = DIRECTION ( 'NONE',  ( -0.000000000000000000, 1.000000000000000000, 1.003890900449541202E-16 ) ) ;
#4879 = EDGE_CURVE ( 'NONE', #4837, #1162, #4263, .T. ) ;
#4880 = PLANE ( 'NONE',  #5589 ) ;
#4881 = VERTEX_POINT ( 'NONE', #1921 ) ;
#4882 = LINE ( 'NONE', #4811, #1120 ) ;
#4883 = CARTESIAN_POINT ( 'NONE',  ( -0.1500000000000002720, 0.08000000000000004330, 1.332541078227774012 ) ) ;
#4884 = DIRECTION ( 'NONE',  ( 0.000000000000000000, -1.000000000000000000, 0.000000000000000000 ) ) ;
#4885 = VERTEX_POINT ( 'NONE', #2317 ) ;
#4886 = ORIENTED_EDGE ( 'NONE', *, *, #5320, .F. ) ;
#4887 = CARTESIAN_POINT ( 'NONE',  ( -0.9500000000000002887, 0.5200000000000001288, 0.7200000000000000844 ) ) ;
#4888 = EDGE_CURVE ( 'NONE', #1099, #976, #302, .T. ) ;
#4889 = CARTESIAN_POINT ( 'NONE',  ( 1.600000000000000089, 0.08000000000000004330, 0.7200000000000001954 ) ) ;
#4890 = ORIENTED_EDGE ( 'NONE', *, *, #3502, .F. ) ;
#4891 = DIRECTION ( 'NONE',  ( 1.000000000000000000, 0.000000000000000000, -0.000000000000000000 ) ) ;
#4892 = CARTESIAN_POINT ( 'NONE',  ( 0.5500000000000001554, 0.6000000000000004219, 0.8000000000000001554 ) ) ;
#4893 = LINE ( 'NONE', #135, #2912 ) ;
#4894 = AXIS2_PLACEMENT_3D ( 'NONE', #2634, #3961, #1761 ) ;
#4895 =( GEOMETRIC_REPRESENTATION_CONTEXT ( 3 ) GLOBAL_UNCERTAINTY_ASSIGNED_CONTEXT ( ( #3766 ) ) GLOBAL_UNIT_ASSIGNED_CONTEXT ( ( #3856, #2073, #1560 ) ) REPRESENTATION_CONTEXT ( 'NONE', 'WORKASPACE' ) );
#4896 = ORIENTED_EDGE ( 'NONE', *, *, #5830, .F. ) ;
#4897 = ORIENTED_EDGE ( 'NONE', *, *, #5558, .F. ) ;
#4898 =( NAMED_UNIT ( * ) SI_UNIT ( $, .STERADIAN. ) SOLID_ANGLE_UNIT ( ) );
#4899 = EDGE_CURVE ( 'NONE', #5212, #2143, #2281, .T. ) ;
#4900 = CARTESIAN_POINT ( 'NONE',  ( -0.6500000000000002442, 0.08000000000000004330, 1.332541078227774012 ) ) ;
#4901 = VERTEX_POINT ( 'NONE', #3412 ) ;
#4902 = AXIS2_PLACEMENT_3D ( 'NONE', #200, #764, #1976 ) ;
#4903 = EDGE_LOOP ( 'NONE', ( #4935, #4357, #4158, #4345 ) ) ;
#4904 = ORIENTED_EDGE ( 'NONE', *, *, #1365, .F. ) ;
#4905 = AXIS2_PLACEMENT_3D ( 'NONE', #3471, #3865, #235 ) ;
#4906 = ADVANCED_FACE ( 'NONE', ( #2293 ), #4238, .F. ) ;
#4907 = FACE_OUTER_BOUND ( 'NONE', #2620, .T. ) ;
#4908 = VERTEX_POINT ( 'NONE', #1952 ) ;
#4909 = SURFACE_STYLE_FILL_AREA ( #201 ) ;
#4910 = CARTESIAN_POINT ( 'NONE',  ( 0.9499999999999998446, 0.6000000000000004219, -0.8000000000000001554 ) ) ;
#4911 = LINE ( 'NONE', #4806, #3090 ) ;
#4912 = CARTESIAN_POINT ( 'NONE',  ( 0.6499999999999998002, 0.6000000000000004219, -0.8000000000000001554 ) ) ;
#4913 = CARTESIAN_POINT ( 'NONE',  ( 1.449999999999999956, 0.08000000000000001554, 0.4500000000000000666 ) ) ;
#4914 = VERTEX_POINT ( 'NONE', #4740 ) ;
#4915 = ORIENTED_EDGE ( 'NONE', *, *, #5813, .F. ) ;
#4916 = CARTESIAN_POINT ( 'NONE',  ( 1.200000000000000178, 0.08000000000000004330, -0.8000000000000001554 ) ) ;
#4917 = CARTESIAN_POINT ( 'NONE',  ( -0.9843614134715217290, 0.07999999999999997391, -0.7200000000000000844 ) ) ;
#4918 = VECTOR ( 'NONE', #5749, 1000.000000000000000 ) ;
#4919 = ORIENTED_EDGE ( 'NONE', *, *, #5367, .T. ) ;
#4920 = FACE_OUTER_BOUND ( 'NONE', #3309, .T. ) ;
#4921 = ADVANCED_FACE ( 'NONE', ( #2229 ), #3715, .F. ) ;
#4922 = DIRECTION ( 'NONE',  ( 0.000000000000000000, 0.000000000000000000, -1.000000000000000000 ) ) ;
#4923 = ORIENTED_EDGE ( 'NONE', *, *, #462, .T. ) ;
#4924 = ORIENTED_EDGE ( 'NONE', *, *, #3122, .T. ) ;
#4925 = CARTESIAN_POINT ( 'NONE',  ( 1.350000000000000089, 0.6000000000000004219, -0.8000000000000001554 ) ) ;
#4926 = FACE_OUTER_BOUND ( 'NONE', #4061, .T. ) ;
#4927 = CARTESIAN_POINT ( 'NONE',  ( 1.350000000000000311, 0.6000000000000004219, 0.8000000000000001554 ) ) ;
#4928 = CARTESIAN_POINT ( 'NONE',  ( 0.9499999999999997335, 0.08000000000000004330, 1.332541078227774012 ) ) ;
#4929 = ORIENTED_EDGE ( 'NONE', *, *, #3786, .F. ) ;
#4930 = VECTOR ( 'NONE', #3585, 1000.000000000000000 ) ;
#4931 = EDGE_CURVE ( 'NONE', #2917, #2642, #4244, .T. ) ;
#4932 = CARTESIAN_POINT ( 'NONE',  ( 1.600000000000000089, 0.08000000000000004330, -0.7200000000000000844 ) ) ;
#4933 = SURFACE_STYLE_FILL_AREA ( #2619 ) ;
#4934 = VERTEX_POINT ( 'NONE', #5629 ) ;
#4935 = ORIENTED_EDGE ( 'NONE', *, *, #3419, .F. ) ;
#4936 = FACE_OUTER_BOUND ( 'NONE', #1724, .T. ) ;
#4937 = EDGE_LOOP ( 'NONE', ( #1331, #1178, #1150, #1469 ) ) ;
#4938 = STYLED_ITEM ( 'NONE', ( #979 ), #730 ) ;
#4939 = CARTESIAN_POINT ( 'NONE',  ( -1.450000000000000400, 0.08000000000000004330, 0.8000000000000000444 ) ) ;
#4940 = EDGE_CURVE ( 'NONE', #4589, #1271, #331, .T. ) ;
#4941 = ORIENTED_EDGE ( 'NONE', *, *, #11, .T. ) ;
#4942 = CLOSED_SHELL ( 'NONE', ( #2628, #4097, #3713, #19, #4921, #2705, #5096, #3669, #3373, #3460, #5838, #4508, #153, #4906, #2376, #4151 ) ) ;
#4943 = FILL_AREA_STYLE ('',( #4468 ) ) ;
#4944 = FACE_OUTER_BOUND ( 'NONE', #4467, .T. ) ;
#4945 = ORIENTED_EDGE ( 'NONE', *, *, #5116, .F. ) ;
#4946 = CARTESIAN_POINT ( 'NONE',  ( 0.6499999999999998002, 0.08000000000000004330, 0.7200000000000001954 ) ) ;
#4947 = EDGE_CURVE ( 'NONE', #3344, #4701, #2149, .T. ) ;
#4948 = VECTOR ( 'NONE', #2578, 1000.000000000000000 ) ;
#4949 = CARTESIAN_POINT ( 'NONE',  ( -1.450000000000000400, 0.6000000000000003109, 0.5000000000000002220 ) ) ;
#4950 = DIRECTION ( 'NONE',  ( 0.000000000000000000, 0.000000000000000000, 1.000000000000000000 ) ) ;
#4951 = ORIENTED_EDGE ( 'NONE', *, *, #4175, .T. ) ;
#4952 = EDGE_CURVE ( 'NONE', #4873, #753, #4145, .T. ) ;
#4953 = ORIENTED_EDGE ( 'NONE', *, *, #3490, .T. ) ;
#4954 = CARTESIAN_POINT ( 'NONE',  ( -1.199999999999999956, 0.6000000000000004219, 0.8000000000000005995 ) ) ;
#4955 = ADVANCED_FACE ( 'NONE', ( #373 ), #3843, .T. ) ;
#4956 = CARTESIAN_POINT ( 'NONE',  ( -0.3999999999999998557, 0.000000000000000000, 0.8000000000000005995 ) ) ;
#4957 = VECTOR ( 'NONE', #2564, 1000.000000000000000 ) ;
#4958 = VERTEX_POINT ( 'NONE', #4782 ) ;
#4959 = LINE ( 'NONE', #1311, #4972 ) ;
#4960 = EDGE_CURVE ( 'NONE', #190, #3151, #2204, .T. ) ;
#4961 = CARTESIAN_POINT ( 'NONE',  ( -0.6500000000000002442, 0.5200000000000001288, 0.5000000000000002220 ) ) ;
#4962 = ORIENTED_EDGE ( 'NONE', *, *, #3912, .T. ) ;
#4963 = DIRECTION ( 'NONE',  ( 0.000000000000000000, 0.000000000000000000, -1.000000000000000000 ) ) ;
#4964 = DIRECTION ( 'NONE',  ( 0.000000000000000000, -1.000000000000000000, 0.000000000000000000 ) ) ;
#4965 = LINE ( 'NONE', #1672, #1142 ) ;
#4966 = DIRECTION ( 'NONE',  ( -0.000000000000000000, 1.000000000000000000, -0.000000000000000000 ) ) ;
#4967 = MECHANICAL_DESIGN_GEOMETRIC_PRESENTATION_REPRESENTATION (  '', ( #1530 ), #1594 ) ;
#4968 = ORIENTED_EDGE ( 'NONE', *, *, #374, .T. ) ;
#4969 = AXIS2_PLACEMENT_3D ( 'NONE', #353, #867, #1344 ) ;
#4970 = FACE_OUTER_BOUND ( 'NONE', #5321, .T. ) ;
#4971 = PLANE ( 'NONE',  #5713 ) ;
#4972 = VECTOR ( 'NONE', #3050, 1000.000000000000000 ) ;
#4973 = ADVANCED_FACE ( 'NONE', ( #2356 ), #1657, .T. ) ;
#4974 = EDGE_CURVE ( 'NONE', #5794, #2844, #2367, .T. ) ;
#4975 = VERTEX_POINT ( 'NONE', #5751 ) ;
#4976 = DIRECTION ( 'NONE',  ( 0.000000000000000000, -1.000000000000000000, -3.614007241618349264E-16 ) ) ;
#4977 = AXIS2_PLACEMENT_3D ( 'NONE', #1008, #3746, #3339 ) ;
#4978 = VERTEX_POINT ( 'NONE', #1723 ) ;
#4979 = VECTOR ( 'NONE', #1613, 1000.000000000000000 ) ;
#4980 = STYLED_ITEM ( 'NONE', ( #2311 ), #2576 ) ;
#4981 = CIRCLE ( 'NONE', #3166, 0.2299999999999999545 ) ;
#4982 = DIRECTION ( 'NONE',  ( -1.000000000000000000, 0.000000000000000000, 0.000000000000000000 ) ) ;
#4983 = ORIENTED_EDGE ( 'NONE', *, *, #4570, .F. ) ;
#4984 =( LENGTH_UNIT ( ) NAMED_UNIT ( * ) SI_UNIT ( .MILLI., .METRE. ) );
#4985 = FACE_OUTER_BOUND ( 'NONE', #4524, .T. ) ;
#4986 = ORIENTED_EDGE ( 'NONE', *, *, #4931, .T. ) ;
#4987 = VECTOR ( 'NONE', #1684, 1000.000000000000000 ) ;
#4988 = DIRECTION ( 'NONE',  ( 0.000000000000000000, 1.000000000000000000, -1.084202172485504237E-15 ) ) ;
#4989 = CARTESIAN_POINT ( 'NONE',  ( -1.200000000000000178, 0.000000000000000000, -0.8000000000000001554 ) ) ;
#4990 = LINE ( 'NONE', #4853, #1101 ) ;
#4991 = ADVANCED_FACE ( 'NONE', ( #2238 ), #594, .F. ) ;
#4992 = DIRECTION ( 'NONE',  ( 0.000000000000000000, 0.000000000000000000, -1.000000000000000000 ) ) ;
#4993 = PLANE ( 'NONE',  #3150 ) ;
#4994 = VERTEX_POINT ( 'NONE', #1752 ) ;
#4995 = DIRECTION ( 'NONE',  ( 0.000000000000000000, -1.000000000000000000, 0.000000000000000000 ) ) ;
#4996 = FACE_OUTER_BOUND ( 'NONE', #3315, .T. ) ;
#4997 = DIRECTION ( 'NONE',  ( -0.000000000000000000, 1.807003620809172906E-16, 1.000000000000000000 ) ) ;
#4998 = EDGE_LOOP ( 'NONE', ( #549, #2449, #464, #2671 ) ) ;
#4999 = LINE ( 'NONE', #2486, #4979 ) ;
#5000 = CARTESIAN_POINT ( 'NONE',  ( 0.3999999999999999667, 0.000000000000000000, -0.8000000000000001554 ) ) ;
#5001 = DIRECTION ( 'NONE',  ( 0.000000000000000000, 0.000000000000000000, 1.000000000000000000 ) ) ;
#5002 = ORIENTED_EDGE ( 'NONE', *, *, #4101, .T. ) ;
#5003 = ADVANCED_FACE ( 'NONE', ( #4443 ), #3952, .F. ) ;
#5004 = CARTESIAN_POINT ( 'NONE',  ( -0.9500000000000002887, 0.08000000000000004330, 0.7200000000000000844 ) ) ;
#5005 = FACE_OUTER_BOUND ( 'NONE', #2638, .T. ) ;
#5006 = CARTESIAN_POINT ( 'NONE',  ( 0.6499999999999998002, 0.6000000000000004219, -0.8000000000000001554 ) ) ;
#5007 = EDGE_CURVE ( 'NONE', #349, #1975, #427, .T. ) ;
#5008 = DIRECTION ( 'NONE',  ( 0.000000000000000000, 0.000000000000000000, 1.000000000000000000 ) ) ;
#5009 = ORIENTED_EDGE ( 'NONE', *, *, #4026, .F. ) ;
#5010 = VECTOR ( 'NONE', #1236, 1000.000000000000000 ) ;
#5011 = CIRCLE ( 'NONE', #1982, 0.1500000000000000777 ) ;
#5012 = ORIENTED_EDGE ( 'NONE', *, *, #5630, .F. ) ;
#5013 = AXIS2_PLACEMENT_3D ( 'NONE', #4707, #2274, #4084 ) ;
#5014 = CARTESIAN_POINT ( 'NONE',  ( 0.3999999999999999667, 0.08000000000000004330, -0.5700000000000001732 ) ) ;
#5015 = VECTOR ( 'NONE', #3592, 1000.000000000000000 ) ;
#5016 = DIRECTION ( 'NONE',  ( 0.000000000000000000, 1.178480622266852956E-16, -1.000000000000000000 ) ) ;
#5017 = EDGE_CURVE ( 'NONE', #5162, #1506, #2548, .T. ) ;
#5018 = VERTEX_POINT ( 'NONE', #1327 ) ;
#5019 = COLOUR_RGB ( '',0.7921568627450980005, 0.8196078431372548767, 0.9333333333333333481 ) ;
#5020 = DIRECTION ( 'NONE',  ( -0.000000000000000000, -0.000000000000000000, -1.000000000000000000 ) ) ;
#5021 = LINE ( 'NONE', #5314, #2955 ) ;
#5022 = CARTESIAN_POINT ( 'NONE',  ( -0.4000000000000000777, 0.08000000000000009881, -0.8000000000000001554 ) ) ;
#5023 = EDGE_LOOP ( 'NONE', ( #628, #2440, #2744, #4537, #4420, #4543 ) ) ;
#5024 = CARTESIAN_POINT ( 'NONE',  ( 0.9843614134715226172, -0.4342956348249514265, 0.7200000000000000844 ) ) ;
#5025 = EDGE_CURVE ( 'NONE', #4708, #1404, #583, .T. ) ;
#5026 = LINE ( 'NONE', #3450, #1086 ) ;
#5027 = ORIENTED_EDGE ( 'NONE', *, *, #3066, .T. ) ;
#5028 = EDGE_CURVE ( 'NONE', #3589, #2930, #4399, .T. ) ;
#5029 = CARTESIAN_POINT ( 'NONE',  ( 0.6499999999999998002, 0.08000000000000004330, 0.7200000000000001954 ) ) ;
#5030 = VECTOR ( 'NONE', #1083, 1000.000000000000000 ) ;
#5031 = CARTESIAN_POINT ( 'NONE',  ( 1.449999999999999956, 0.5200000000000001288, 0.7200000000000000844 ) ) ;
#5032 = CARTESIAN_POINT ( 'NONE',  ( -1.450000000000000400, 0.5200000000000001288, 0.5000000000000002220 ) ) ;
#5033 = VERTEX_POINT ( 'NONE', #5361 ) ;
#5034 = DIRECTION ( 'NONE',  ( -0.000000000000000000, 1.000000000000000000, -0.000000000000000000 ) ) ;
#5035 = DIRECTION ( 'NONE',  ( 0.000000000000000000, 1.000000000000000000, 0.000000000000000000 ) ) ;
#5036 = DIRECTION ( 'NONE',  ( 0.000000000000000000, 0.000000000000000000, -1.000000000000000000 ) ) ;
#5037 = EDGE_CURVE ( 'NONE', #4881, #5201, #4333, .T. ) ;
#5038 = DIRECTION ( 'NONE',  ( 0.000000000000000000, 0.000000000000000000, 1.000000000000000000 ) ) ;
#5039 = DIRECTION ( 'NONE',  ( 0.000000000000000000, -1.000000000000000000, 3.614007241618349264E-16 ) ) ;
#5040 = ORIENTED_EDGE ( 'NONE', *, *, #3209, .T. ) ;
#5041 = LINE ( 'NONE', #4523, #1121 ) ;
#5042 = ADVANCED_FACE ( 'NONE', ( #547 ), #2667, .F. ) ;
#5043 = PRODUCT_DEFINITION ( 'UNKNOWN', '', #3225, #4127 ) ;
#5044 = EDGE_LOOP ( 'NONE', ( #1206, #3357, #1385, #4983 ) ) ;
#5045 = DIRECTION ( 'NONE',  ( -1.000000000000000000, 0.000000000000000000, 0.000000000000000000 ) ) ;
#5046 = AXIS2_PLACEMENT_3D ( 'NONE', #2987, #4328, #3919 ) ;
#5047 = CARTESIAN_POINT ( 'NONE',  ( -0.6156385865284781378, 0.08000000000000009881, -0.7200000000000000844 ) ) ;
#5048 = VECTOR ( 'NONE', #5703, 1000.000000000000000 ) ;
#5049 = CARTESIAN_POINT ( 'NONE',  ( -0.9500000000000002887, 0.08000000000000014044, -0.8000000000000000444 ) ) ;
#5050 = ORIENTED_EDGE ( 'NONE', *, *, #3348, .F. ) ;
#5051 = EDGE_CURVE ( 'NONE', #4777, #553, #4456, .T. ) ;
#5052 = DIRECTION ( 'NONE',  ( 0.000000000000000000, 3.614007241618349264E-16, -1.000000000000000000 ) ) ;
#5053 = VECTOR ( 'NONE', #246, 1000.000000000000000 ) ;
#5054 = VERTEX_POINT ( 'NONE', #2062 ) ;
#5055 = AXIS2_PLACEMENT_3D ( 'NONE', #1912, #3674, #1079 ) ;
#5056 = ADVANCED_FACE ( 'NONE', ( #572 ), #5469, .F. ) ;
#5057 = CARTESIAN_POINT ( 'NONE',  ( 1.600000000000000089, 0.08000000000000004330, -0.7200000000000000844 ) ) ;
#5058 = CYLINDRICAL_SURFACE ( 'NONE', #5306, 0.2299999999999999545 ) ;
#5059 = EDGE_LOOP ( 'NONE', ( #2422, #646, #4735, #515 ) ) ;
#5060 = DIRECTION ( 'NONE',  ( 0.000000000000000000, 0.000000000000000000, 1.000000000000000000 ) ) ;
#5061 = VECTOR ( 'NONE', #1391, 1000.000000000000000 ) ;
#5062 = PLANE ( 'NONE',  #2233 ) ;
#5063 = ORIENTED_EDGE ( 'NONE', *, *, #2847, .F. ) ;
#5064 = CARTESIAN_POINT ( 'NONE',  ( -0.6156385865284775827, -0.4342956348249514265, 0.7200000000000000844 ) ) ;
#5065 = FACE_OUTER_BOUND ( 'NONE', #5473, .T. ) ;
#5066 = DIRECTION ( 'NONE',  ( 0.000000000000000000, 0.000000000000000000, -1.000000000000000000 ) ) ;
#5067 = VERTEX_POINT ( 'NONE', #3693 ) ;
#5068 = DIRECTION ( 'NONE',  ( 0.000000000000000000, 0.000000000000000000, -1.000000000000000000 ) ) ;
#5069 = CARTESIAN_POINT ( 'NONE',  ( 1.449999999999999956, 0.08000000000000001554, 0.4500000000000000666 ) ) ;
#5070 = EDGE_CURVE ( 'NONE', #2256, #4975, #2562, .T. ) ;
#5071 = FACE_OUTER_BOUND ( 'NONE', #1661, .T. ) ;
#5072 = VECTOR ( 'NONE', #1020, 1000.000000000000000 ) ;
#5073 = CARTESIAN_POINT ( 'NONE',  ( 0.9499999999999997335, 0.08000000000000004330, 1.332541078227774012 ) ) ;
#5074 = DIRECTION ( 'NONE',  ( -0.000000000000000000, 1.000000000000000000, -0.000000000000000000 ) ) ;
#5075 = DIRECTION ( 'NONE',  ( 0.000000000000000000, 1.000000000000000000, -1.084202172485504237E-15 ) ) ;
#5076 = ORIENTED_EDGE ( 'NONE', *, *, #1013, .T. ) ;
#5077 = CARTESIAN_POINT ( 'NONE',  ( 0.1843614134715224895, 0.5200000000000001288, 0.7199999999999989742 ) ) ;
#5078 = PLANE ( 'NONE',  #5055 ) ;
#5079 = LINE ( 'NONE', #894, #1272 ) ;
#5080 = EDGE_CURVE ( 'NONE', #5410, #2663, #2421, .T. ) ;
#5081 = CARTESIAN_POINT ( 'NONE',  ( 0.3999999999999999667, 0.08000000000000009881, -0.8000000000000001554 ) ) ;
#5082 = DIRECTION ( 'NONE',  ( -1.000000000000000000, 0.000000000000000000, -0.000000000000000000 ) ) ;
#5083 = EDGE_LOOP ( 'NONE', ( #5754, #5696, #2069, #2268 ) ) ;
#5084 = SURFACE_STYLE_FILL_AREA ( #1137 ) ;
#5085 = LINE ( 'NONE', #397, #5160 ) ;
#5086 = CARTESIAN_POINT ( 'NONE',  ( 0.1499999999999997446, 0.5200000000000001288, -0.7200000000000000844 ) ) ;
#5087 = EDGE_CURVE ( 'NONE', #439, #1210, #4466, .T. ) ;
#5088 = ORIENTED_EDGE ( 'NONE', *, *, #1712, .F. ) ;
#5089 = CARTESIAN_POINT ( 'NONE',  ( 1.449999999999999956, -3.231750982573322946E-17, 0.8000000000000000444 ) ) ;
#5090 = CARTESIAN_POINT ( 'NONE',  ( -0.6500000000000002442, 0.6000000000000003109, 0.5000000000000002220 ) ) ;
#5091 = LINE ( 'NONE', #1011, #1154 ) ;
#5092 = EDGE_LOOP ( 'NONE', ( #2183, #2591, #2477, #4298 ) ) ;
#5093 = EDGE_CURVE ( 'NONE', #1704, #2950, #2400, .T. ) ;
#5094 = DIRECTION ( 'NONE',  ( -1.000000000000000000, -0.000000000000000000, -0.000000000000000000 ) ) ;
#5095 = LINE ( 'NONE', #3250, #1277 ) ;
#5096 = ADVANCED_FACE ( 'NONE', ( #4477 ), #4370, .F. ) ;
#5097 = ORIENTED_EDGE ( 'NONE', *, *, #3799, .T. ) ;
#5098 = FACE_OUTER_BOUND ( 'NONE', #2662, .T. ) ;
#5099 = DIRECTION ( 'NONE',  ( 0.000000000000000000, 1.000000000000000000, -1.807003620809172906E-16 ) ) ;
#5100 = EDGE_LOOP ( 'NONE', ( #92, #5359, #4161, #5543 ) ) ;
#5101 = DIRECTION ( 'NONE',  ( 0.000000000000000000, 0.000000000000000000, 1.000000000000000000 ) ) ;
#5102 = LINE ( 'NONE', #379, #3172 ) ;
#5103 = EDGE_CURVE ( 'NONE', #446, #1290, #2462, .T. ) ;
#5104 = DIRECTION ( 'NONE',  ( 0.000000000000000000, 0.000000000000000000, 1.000000000000000000 ) ) ;
#5105 = ORIENTED_EDGE ( 'NONE', *, *, #523, .T. ) ;
#5106 = ADVANCED_FACE ( 'NONE', ( #2540 ), #4210, .F. ) ;
#5107 = EDGE_CURVE ( 'NONE', #10, #4032, #4489, .T. ) ;
#5108 = FACE_OUTER_BOUND ( 'NONE', #606, .T. ) ;
#5109 = ORIENTED_EDGE ( 'NONE', *, *, #2688, .F. ) ;
#5110 = PRESENTATION_LAYER_ASSIGNMENT (  '', '', ( #3749 ) ) ;
#5111 = CARTESIAN_POINT ( 'NONE',  ( 0.9843614134715226172, 0.5200000000000001288, 0.7199999999999989742 ) ) ;
#5112 = CARTESIAN_POINT ( 'NONE',  ( -1.450000000000000400, 0.5200000000000001288, -1.264865571966778734 ) ) ;
#5113 = LINE ( 'NONE', #642, #1176 ) ;
#5114 = FACE_OUTER_BOUND ( 'NONE', #2541, .T. ) ;
#5115 = CARTESIAN_POINT ( 'NONE',  ( -0.6500000000000002442, 0.5200000000000001288, 0.7200000000000000844 ) ) ;
#5116 = EDGE_CURVE ( 'NONE', #1506, #1089, #4367, .T. ) ;
#5117 = DIRECTION ( 'NONE',  ( -1.000000000000000000, -0.000000000000000000, -0.000000000000000000 ) ) ;
#5118 = VERTEX_POINT ( 'NONE', #2997 ) ;
#5119 = CARTESIAN_POINT ( 'NONE',  ( -0.9500000000000002887, 0.08000000000000001554, -0.4500000000000000666 ) ) ;
#5120 = LINE ( 'NONE', #2457, #3120 ) ;
#5121 = DIRECTION ( 'NONE',  ( -1.000000000000000000, -0.000000000000000000, -0.000000000000000000 ) ) ;
#5122 = CARTESIAN_POINT ( 'NONE',  ( 1.415638586528478404, 0.5200000000000001288, 0.7200000000000000844 ) ) ;
#5123 = ORIENTED_EDGE ( 'NONE', *, *, #4344, .T. ) ;
#5124 = AXIS2_PLACEMENT_3D ( 'NONE', #196, #1711, #3398 ) ;
#5125 = VECTOR ( 'NONE', #1890, 1000.000000000000000 ) ;
#5126 = PRODUCT_DEFINITION_SHAPE ( 'NONE', 'NONE',  #5043 ) ;
#5127 = ORIENTED_EDGE ( 'NONE', *, *, #3719, .F. ) ;
#5128 = DIRECTION ( 'NONE',  ( 1.000000000000000000, -0.000000000000000000, 0.000000000000000000 ) ) ;
#5129 = CARTESIAN_POINT ( 'NONE',  ( 0.6499999999999998002, 0.08000000000000004330, 0.7200000000000000844 ) ) ;
#5130 = VECTOR ( 'NONE', #3300, 1000.000000000000000 ) ;
#5131 = CARTESIAN_POINT ( 'NONE',  ( 1.449999999999999956, 0.6000000000000003109, -0.5000000000000002220 ) ) ;
#5132 = ORIENTED_EDGE ( 'NONE', *, *, #3279, .F. ) ;
#5133 = CARTESIAN_POINT ( 'NONE',  ( 1.600000000000000089, 0.08000000000000004330, -0.7200000000000000844 ) ) ;
#5134 = VECTOR ( 'NONE', #1357, 1000.000000000000000 ) ;
#5135 = VECTOR ( 'NONE', #1073, 1000.000000000000000 ) ;
#5136 = EDGE_LOOP ( 'NONE', ( #3, #1432, #1352, #5318, #3779, #1955, #1443, #3641 ) ) ;
#5137 = CARTESIAN_POINT ( 'NONE',  ( 1.200000000000000178, 0.07999999999999998779, -0.7999999999999994893 ) ) ;
#5138 = ORIENTED_EDGE ( 'NONE', *, *, #1894, .T. ) ;
#5139 = DIRECTION ( 'NONE',  ( 0.000000000000000000, 0.000000000000000000, 1.000000000000000000 ) ) ;
#5140 = SURFACE_STYLE_USAGE ( .BOTH. , #3931 ) ;
#5141 = ORIENTED_EDGE ( 'NONE', *, *, #1420, .F. ) ;
#5142 = CARTESIAN_POINT ( 'NONE',  ( -0.6500000000000002442, 0.000000000000000000, 0.000000000000000000 ) ) ;
#5143 = PLANE ( 'NONE',  #2796 ) ;
#5144 = VECTOR ( 'NONE', #965, 1000.000000000000000 ) ;
#5145 = EDGE_CURVE ( 'NONE', #121, #301, #478, .T. ) ;
#5146 = DIRECTION ( 'NONE',  ( 0.000000000000000000, 0.000000000000000000, -1.000000000000000000 ) ) ;
#5147 = ORIENTED_EDGE ( 'NONE', *, *, #4500, .T. ) ;
#5148 = CARTESIAN_POINT ( 'NONE',  ( -1.450000000000000400, -3.231750982573322946E-17, -0.8000000000000000444 ) ) ;
#5149 = DIRECTION ( 'NONE',  ( 1.000000000000000000, 0.000000000000000000, 0.000000000000000000 ) ) ;
#5150 = VECTOR ( 'NONE', #3023, 1000.000000000000000 ) ;
#5151 = DIRECTION ( 'NONE',  ( 0.000000000000000000, 0.000000000000000000, -1.000000000000000000 ) ) ;
#5152 = ORIENTED_EDGE ( 'NONE', *, *, #4675, .T. ) ;
#5153 = CARTESIAN_POINT ( 'NONE',  ( -0.1500000000000002720, 0.08000000000000004330, 0.7200000000000000844 ) ) ;
#5154 = CARTESIAN_POINT ( 'NONE',  ( 0.6499999999999998002, -3.231750982573322946E-17, -0.8000000000000000444 ) ) ;
#5155 = ORIENTED_EDGE ( 'NONE', *, *, #4256, .F. ) ;
#5156 = CARTESIAN_POINT ( 'NONE',  ( 1.600000000000000089, 0.08000000000000004330, -0.8000000000000000444 ) ) ;
#5157 = EDGE_CURVE ( 'NONE', #2331, #4934, #438, .T. ) ;
#5158 = PLANE ( 'NONE',  #4618 ) ;
#5159 = VERTEX_POINT ( 'NONE', #3351 ) ;
#5160 = VECTOR ( 'NONE', #2592, 1000.000000000000000 ) ;
#5161 = CARTESIAN_POINT ( 'NONE',  ( -0.1500000000000002720, 0.5200000000000001288, 0.5000000000000002220 ) ) ;
#5162 = VERTEX_POINT ( 'NONE', #1491 ) ;
#5163 = ORIENTED_EDGE ( 'NONE', *, *, #2078, .F. ) ;
#5164 = DIRECTION ( 'NONE',  ( 0.000000000000000000, 0.000000000000000000, -1.000000000000000000 ) ) ;
#5165 = EDGE_CURVE ( 'NONE', #2563, #929, #2443, .T. ) ;
#5166 = LINE ( 'NONE', #2867, #1061 ) ;
#5167 = ORIENTED_EDGE ( 'NONE', *, *, #5631, .F. ) ;
#5168 = LINE ( 'NONE', #5842, #1276 ) ;
#5169 = EDGE_CURVE ( 'NONE', #4490, #3740, #2574, .T. ) ;
#5170 = LINE ( 'NONE', #1664, #3283 ) ;
#5171 = ORIENTED_EDGE ( 'NONE', *, *, #3778, .F. ) ;
#5172 = VERTEX_POINT ( 'NONE', #3758 ) ;
#5173 = EDGE_CURVE ( 'NONE', #2789, #4873, #2476, .T. ) ;
#5174 = ORIENTED_EDGE ( 'NONE', *, *, #5761, .T. ) ;
#5175 = CARTESIAN_POINT ( 'NONE',  ( -0.9843614134715216180, -0.4342956348249531473, -0.7200000000000000844 ) ) ;
#5176 = CARTESIAN_POINT ( 'NONE',  ( 0.9499999999999998446, -3.231750982573322946E-17, -0.8000000000000000444 ) ) ;
#5177 = AXIS2_PLACEMENT_3D ( 'NONE', #3653, #4966, #2232 ) ;
#5178 = ORIENTED_EDGE ( 'NONE', *, *, #2755, .T. ) ;
#5179 = AXIS2_PLACEMENT_3D ( 'NONE', #3694, #5429, #5540 ) ;
#5180 = ORIENTED_EDGE ( 'NONE', *, *, #5790, .T. ) ;
#5181 = DIRECTION ( 'NONE',  ( -1.000000000000000000, -0.000000000000000000, -0.000000000000000000 ) ) ;
#5182 = LINE ( 'NONE', #601, #5362 ) ;
#5183 = ORIENTED_EDGE ( 'NONE', *, *, #3948, .F. ) ;
#5184 = EDGE_CURVE ( 'NONE', #976, #2768, #532, .T. ) ;
#5185 = CARTESIAN_POINT ( 'NONE',  ( -1.415638586528477960, 0.5200000000000001288, 0.7200000000000001954 ) ) ;
#5186 = CARTESIAN_POINT ( 'NONE',  ( 0.9499999999999997335, 0.08000000000000014044, -0.8000000000000000444 ) ) ;
#5187 = DIRECTION ( 'NONE',  ( -1.000000000000000000, -0.000000000000000000, -0.000000000000000000 ) ) ;
#5188 = LINE ( 'NONE', #963, #5134 ) ;
#5189 = VECTOR ( 'NONE', #1116, 1000.000000000000000 ) ;
#5190 = PLANE ( 'NONE',  #1457 ) ;
#5191 = ADVANCED_FACE ( 'NONE', ( #4530 ), #2412, .F. ) ;
#5192 = CARTESIAN_POINT ( 'NONE',  ( -0.6500000000000002442, 0.08000000000000001554, 0.4500000000000000666 ) ) ;
#5193 = DIRECTION ( 'NONE',  ( 0.000000000000000000, -1.000000000000000000, -3.614007241618349264E-16 ) ) ;
#5194 = ORIENTED_EDGE ( 'NONE', *, *, #3926, .F. ) ;
#5195 = AXIS2_PLACEMENT_3D ( 'NONE', #2255, #4558, #1423 ) ;
#5196 = CARTESIAN_POINT ( 'NONE',  ( -0.9500000000000000666, 0.08000000000000004330, -0.7200000000000000844 ) ) ;
#5197 = DIRECTION ( 'NONE',  ( 0.000000000000000000, -0.000000000000000000, -1.000000000000000000 ) ) ;
#5198 = ORIENTED_EDGE ( 'NONE', *, *, #2106, .F. ) ;
#5199 = FACE_OUTER_BOUND ( 'NONE', #1440, .T. ) ;
#5200 = STYLED_ITEM ( 'NONE', ( #2426 ), #2893 ) ;
#5201 = VERTEX_POINT ( 'NONE', #2467 ) ;
#5202 = CIRCLE ( 'NONE', #3803, 0.2299999999999999545 ) ;
#5203 = DIRECTION ( 'NONE',  ( 0.000000000000000000, 7.228014483236692611E-16, -1.000000000000000000 ) ) ;
#5204 = ORIENTED_EDGE ( 'NONE', *, *, #80, .F. ) ;
#5205 = LINE ( 'NONE', #3366, #1386 ) ;
#5206 = VERTEX_POINT ( 'NONE', #3389 ) ;
#5207 = VECTOR ( 'NONE', #4820, 1000.000000000000000 ) ;
#5208 = ORIENTED_EDGE ( 'NONE', *, *, #4940, .T. ) ;
#5209 = VERTEX_POINT ( 'NONE', #709 ) ;
#5210 = LINE ( 'NONE', #2217, #3372 ) ;
#5211 = FILL_AREA_STYLE_COLOUR ( '', #3137 ) ;
#5212 = VERTEX_POINT ( 'NONE', #2040 ) ;
#5213 = DIRECTION ( 'NONE',  ( 0.000000000000000000, -1.000000000000000000, -1.807003620809172906E-16 ) ) ;
#5214 = DIRECTION ( 'NONE',  ( 0.000000000000000000, -1.000000000000000000, 0.000000000000000000 ) ) ;
#5215 = DIRECTION ( 'NONE',  ( -1.000000000000000000, 0.000000000000000000, 0.000000000000000000 ) ) ;
#5216 = PRESENTATION_STYLE_ASSIGNMENT (( #1995 ) ) ;
#5217 = FACE_OUTER_BOUND ( 'NONE', #2231, .T. ) ;
#5218 = DIRECTION ( 'NONE',  ( -0.000000000000000000, 1.000000000000000000, 1.003890900449541202E-16 ) ) ;
#5219 = EDGE_CURVE ( 'NONE', #1201, #2757, #4540, .T. ) ;
#5220 = CARTESIAN_POINT ( 'NONE',  ( -0.9500000000000002887, 0.08000000000000004330, 0.7200000000000000844 ) ) ;
#5221 = VERTEX_POINT ( 'NONE', #1024 ) ;
#5222 = DIRECTION ( 'NONE',  ( 0.000000000000000000, 0.000000000000000000, 1.000000000000000000 ) ) ;
#5223 = FACE_OUTER_BOUND ( 'NONE', #3363, .T. ) ;
#5224 = EDGE_LOOP ( 'NONE', ( #2292, #147, #487, #456, #23, #664, #287, #335 ) ) ;
#5225 = CARTESIAN_POINT ( 'NONE',  ( 1.600000000000000089, 0.5200000000000001288, 0.8000000000000000444 ) ) ;
#5226 = AXIS2_PLACEMENT_3D ( 'NONE', #2605, #2081, #833 ) ;
#5227 = DIRECTION ( 'NONE',  ( 0.000000000000000000, -1.000000000000000000, -1.807003620809172906E-16 ) ) ;
#5228 = CARTESIAN_POINT ( 'NONE',  ( 1.600000000000000089, 0.08000000000000004330, -0.8000000000000000444 ) ) ;
#5229 = CYLINDRICAL_SURFACE ( 'NONE', #5177, 0.1500000000000000777 ) ;
#5230 = LINE ( 'NONE', #1573, #3207 ) ;
#5231 = CARTESIAN_POINT ( 'NONE',  ( 1.450000000000000400, 0.08000000000000004330, -1.264865571966778734 ) ) ;
#5232 = CARTESIAN_POINT ( 'NONE',  ( 1.449999999999999956, 0.5200000000000001288, -0.5000000000000002220 ) ) ;
#5233 = CLOSED_SHELL ( 'NONE', ( #3750, #5714, #2981, #4857, #5723, #890 ) ) ;
#5234 = EDGE_CURVE ( 'NONE', #4885, #741, #640, .T. ) ;
#5235 = CARTESIAN_POINT ( 'NONE',  ( 1.200000000000000178, 0.08000000000000004330, -0.8000000000000001554 ) ) ;
#5236 = ORIENTED_EDGE ( 'NONE', *, *, #2828, .T. ) ;
#5237 = VECTOR ( 'NONE', #1794, 1000.000000000000000 ) ;
#5238 = ORIENTED_EDGE ( 'NONE', *, *, #2940, .T. ) ;
#5239 = LINE ( 'NONE', #1399, #1295 ) ;
#5240 = LINE ( 'NONE', #1881, #3259 ) ;
#5241 = EDGE_CURVE ( 'NONE', #283, #777, #4388, .T. ) ;
#5242 = ADVANCED_FACE ( 'NONE', ( #4356 ), #4752, .F. ) ;
#5243 = CARTESIAN_POINT ( 'NONE',  ( 0.3999999999999999667, 0.5200000000000001288, -0.8000000000000000444 ) ) ;
#5244 = EDGE_LOOP ( 'NONE', ( #4868, #3036, #2778, #2836, #2697, #3086 ) ) ;
#5245 = UNCERTAINTY_MEASURE_WITH_UNIT (LENGTH_MEASURE( 1.000000000000000082E-05 ), #5742, 'distance_accuracy_value', 'NONE');
#5246 = ORIENTED_EDGE ( 'NONE', *, *, #3295, .F. ) ;
#5247 = EDGE_CURVE ( 'NONE', #3003, #2538, #486, .T. ) ;
#5248 = DIRECTION ( 'NONE',  ( -1.000000000000000000, -0.000000000000000000, -0.000000000000000000 ) ) ;
#5249 = LINE ( 'NONE', #2335, #5254 ) ;
#5250 = ORIENTED_EDGE ( 'NONE', *, *, #5738, .F. ) ;
#5251 = FACE_OUTER_BOUND ( 'NONE', #5044, .T. ) ;
#5252 = ORIENTED_EDGE ( 'NONE', *, *, #5646, .F. ) ;
#5253 = ORIENTED_EDGE ( 'NONE', *, *, #477, .T. ) ;
#5254 = VECTOR ( 'NONE', #1372, 1000.000000000000000 ) ;
#5255 =( GEOMETRIC_REPRESENTATION_CONTEXT ( 3 ) GLOBAL_UNCERTAINTY_ASSIGNED_CONTEXT ( ( #330 ) ) GLOBAL_UNIT_ASSIGNED_CONTEXT ( ( #3552, #2285, #4898 ) ) REPRESENTATION_CONTEXT ( 'NONE', 'WORKASPACE' ) );
#5256 = EDGE_LOOP ( 'NONE', ( #4438, #4769, #2383, #4339 ) ) ;
#5257 = CARTESIAN_POINT ( 'NONE',  ( -1.600000000000000089, 0.5200000000000001288, -0.8000000000000001554 ) ) ;
#5258 = AXIS2_PLACEMENT_3D ( 'NONE', #4434, #3707, #4070 ) ;
#5259 = CYLINDRICAL_SURFACE ( 'NONE', #2781, 0.1500000000000000777 ) ;
#5260 = FACE_OUTER_BOUND ( 'NONE', #4903, .T. ) ;
#5261 = CARTESIAN_POINT ( 'NONE',  ( -0.6500000000000002442, 0.5200000000000001288, -0.7200000000000000844 ) ) ;
#5262 = ORIENTED_EDGE ( 'NONE', *, *, #5449, .F. ) ;
#5263 = EDGE_CURVE ( 'NONE', #4715, #4635, #415, .T. ) ;
#5264 = ORIENTED_EDGE ( 'NONE', *, *, #2847, .T. ) ;
#5265 = VECTOR ( 'NONE', #1080, 1000.000000000000000 ) ;
#5266 = VERTEX_POINT ( 'NONE', #3458 ) ;
#5267 = DIRECTION ( 'NONE',  ( 0.000000000000000000, 0.000000000000000000, -1.000000000000000000 ) ) ;
#5268 = CARTESIAN_POINT ( 'NONE',  ( 1.449999999999999956, 0.5200000000000001288, -0.7200000000000000844 ) ) ;
#5269 = AXIS2_PLACEMENT_3D ( 'NONE', #1313, #5453, #1438 ) ;
#5270 = CARTESIAN_POINT ( 'NONE',  ( -1.450000000000000400, 0.5200000000000001288, 0.7200000000000000844 ) ) ;
#5271 = LINE ( 'NONE', #530, #5072 ) ;
#5272 = AXIS2_PLACEMENT_3D ( 'NONE', #1326, #3842, #5360 ) ;
#5273 = DIRECTION ( 'NONE',  ( 0.000000000000000000, 0.000000000000000000, 1.000000000000000000 ) ) ;
#5274 = PLANE ( 'NONE',  #1845 ) ;
#5275 = VERTEX_POINT ( 'NONE', #185 ) ;
#5276 = CARTESIAN_POINT ( 'NONE',  ( -0.4000000000000000777, 0.07999999999999998779, -0.7999999999999994893 ) ) ;
#5277 = DIRECTION ( 'NONE',  ( -1.000000000000000000, -0.000000000000000000, -0.000000000000000000 ) ) ;
#5278 = ORIENTED_EDGE ( 'NONE', *, *, #4760, .F. ) ;
#5279 = CARTESIAN_POINT ( 'NONE',  ( -0.2500000000000001110, 0.6000000000000004219, -0.8000000000000001554 ) ) ;
#5280 = ORIENTED_EDGE ( 'NONE', *, *, #2237, .T. ) ;
#5281 = CYLINDRICAL_SURFACE ( 'NONE', #50, 0.1500000000000000777 ) ;
#5282 = CARTESIAN_POINT ( 'NONE',  ( -0.9500000000000002887, 0.08000000000000004330, 1.332541078227774012 ) ) ;
#5283 = ORIENTED_EDGE ( 'NONE', *, *, #4952, .T. ) ;
#5284 = EDGE_LOOP ( 'NONE', ( #2408, #445, #2213, #4183 ) ) ;
#5285 = DIRECTION ( 'NONE',  ( -1.000000000000000000, -0.000000000000000000, -0.000000000000000000 ) ) ;
#5286 = VECTOR ( 'NONE', #4174, 1000.000000000000000 ) ;
#5287 = EDGE_CURVE ( 'NONE', #5414, #1373, #448, .T. ) ;
#5288 = CARTESIAN_POINT ( 'NONE',  ( -1.600000000000000089, 0.6999999999999999556, -0.5000000000000003331 ) ) ;
#5289 = ORIENTED_EDGE ( 'NONE', *, *, #403, .T. ) ;
#5290 = ORIENTED_EDGE ( 'NONE', *, *, #223, .T. ) ;
#5291 = VECTOR ( 'NONE', #288, 1000.000000000000000 ) ;
#5292 = ADVANCED_FACE ( 'NONE', ( #499 ), #2380, .F. ) ;
#5293 = ORIENTED_EDGE ( 'NONE', *, *, #4745, .F. ) ;
#5294 = ORIENTED_EDGE ( 'NONE', *, *, #2464, .F. ) ;
#5295 = VECTOR ( 'NONE', #2057, 1000.000000000000000 ) ;
#5296 = EDGE_CURVE ( 'NONE', #2673, #760, #4412, .T. ) ;
#5297 = EDGE_LOOP ( 'NONE', ( #2684, #739, #884, #4669 ) ) ;
#5298 = CARTESIAN_POINT ( 'NONE',  ( -0.2500000000000001110, 0.000000000000000000, -0.8000000000000000444 ) ) ;
#5299 = CARTESIAN_POINT ( 'NONE',  ( -0.5500000000000000444, 1.959157251370477903E-32, -0.8000000000000000444 ) ) ;
#5300 = VECTOR ( 'NONE', #4089, 1000.000000000000000 ) ;
#5301 = CARTESIAN_POINT ( 'NONE',  ( -0.9843614134715216180, 0.5200000000000001288, -0.7200000000000010836 ) ) ;
#5302 = CARTESIAN_POINT ( 'NONE',  ( 1.449999999999999956, 0.5200000000000001288, 0.5000000000000002220 ) ) ;
#5303 = ORIENTED_EDGE ( 'NONE', *, *, #3546, .T. ) ;
#5304 = VERTEX_POINT ( 'NONE', #4835 ) ;
#5305 = DIRECTION ( 'NONE',  ( -1.000000000000000000, -0.000000000000000000, -0.000000000000000000 ) ) ;
#5306 = AXIS2_PLACEMENT_3D ( 'NONE', #1087, #1551, #3983 ) ;
#5307 = LINE ( 'NONE', #1944, #3343 ) ;
#5308 = ADVANCED_FACE ( 'NONE', ( #521 ), #1669, .F. ) ;
#5309 = VERTEX_POINT ( 'NONE', #404 ) ;
#5310 = CARTESIAN_POINT ( 'NONE',  ( -0.1500000000000002720, 0.6000000000000004219, -0.8000000000000001554 ) ) ;
#5311 = EDGE_CURVE ( 'NONE', #383, #1166, #2622, .T. ) ;
#5312 = CARTESIAN_POINT ( 'NONE',  ( -0.4000000000000000777, 0.5200000000000001288, -0.8000000000000001554 ) ) ;
#5313 = CARTESIAN_POINT ( 'NONE',  ( 0.9499999999999998446, 0.08000000000000001554, -0.4500000000000000666 ) ) ;
#5314 = CARTESIAN_POINT ( 'NONE',  ( 0.6499999999999998002, 0.6000000000000003109, 0.5000000000000002220 ) ) ;
#5315 = FACE_OUTER_BOUND ( 'NONE', #2120, .T. ) ;
#5316 = DIRECTION ( 'NONE',  ( -1.000000000000000000, -0.000000000000000000, 0.000000000000000000 ) ) ;
#5317 = SURFACE_SIDE_STYLE ('',( #4909 ) ) ;
#5318 = ORIENTED_EDGE ( 'NONE', *, *, #5798, .T. ) ;
#5319 = CARTESIAN_POINT ( 'NONE',  ( -0.9500000000000002887, -3.231750982573322946E-17, -0.4500000000000000666 ) ) ;
#5320 = EDGE_CURVE ( 'NONE', #2498, #2817, #933, .T. ) ;
#5321 = EDGE_LOOP ( 'NONE', ( #4454, #3141, #5639, #4411 ) ) ;
#5322 = EDGE_CURVE ( 'NONE', #301, #1901, #847, .T. ) ;
#5323 = VECTOR ( 'NONE', #2709, 1000.000000000000000 ) ;
#5324 = DIRECTION ( 'NONE',  ( 0.000000000000000000, -0.000000000000000000, 1.000000000000000000 ) ) ;
#5325 = VERTEX_POINT ( 'NONE', #5731 ) ;
#5326 = ORIENTED_EDGE ( 'NONE', *, *, #3611, .T. ) ;
#5327 = DIRECTION ( 'NONE',  ( -0.000000000000000000, 1.807003620809172906E-16, 1.000000000000000000 ) ) ;
#5328 = VECTOR ( 'NONE', #3759, 1000.000000000000000 ) ;
#5329 = ORIENTED_EDGE ( 'NONE', *, *, #2986, .F. ) ;
#5330 = LINE ( 'NONE', #735, #3430 ) ;
#5331 = EDGE_LOOP ( 'NONE', ( #3652, #1647, #5303, #5666, #5844, #5549, #3414 ) ) ;
#5332 = AXIS2_PLACEMENT_3D ( 'NONE', #3128, #5193, #5621 ) ;
#5333 = ORIENTED_EDGE ( 'NONE', *, *, #5392, .F. ) ;
#5334 = LINE ( 'NONE', #2816, #3388 ) ;
#5335 = AXIS2_PLACEMENT_3D ( 'NONE', #4954, #3639, #5341 ) ;
#5336 = CARTESIAN_POINT ( 'NONE',  ( -0.1500000000000002720, 0.6000000000000003109, 0.5000000000000002220 ) ) ;
#5337 = ORIENTED_EDGE ( 'NONE', *, *, #838, .T. ) ;
#5338 = DIRECTION ( 'NONE',  ( -1.000000000000000000, -0.000000000000000000, -0.000000000000000000 ) ) ;
#5339 = EDGE_CURVE ( 'NONE', #475, #121, #4549, .T. ) ;
#5340 = VECTOR ( 'NONE', #600, 1000.000000000000000 ) ;
#5341 = DIRECTION ( 'NONE',  ( 0.000000000000000000, -7.228014483236692611E-16, -1.000000000000000000 ) ) ;
#5342 = ADVANCED_FACE ( 'NONE', ( #4762 ), #5762, .F. ) ;
#5343 = ORIENTED_EDGE ( 'NONE', *, *, #5436, .F. ) ;
#5344 = LINE ( 'NONE', #4655, #5265 ) ;
#5345 = VERTEX_POINT ( 'NONE', #3896 ) ;
#5346 = CARTESIAN_POINT ( 'NONE',  ( 0.6499999999999998002, 0.6000000000000004219, 0.8000000000000001554 ) ) ;
#5347 = VECTOR ( 'NONE', #1743, 1000.000000000000000 ) ;
#5348 = CARTESIAN_POINT ( 'NONE',  ( 0.6499999999999998002, -3.231750982573322946E-17, -0.8000000000000000444 ) ) ;
#5349 = CARTESIAN_POINT ( 'NONE',  ( 0.6499999999999998002, -3.231750982573322946E-17, 0.8000000000000000444 ) ) ;
#5350 = LINE ( 'NONE', #116, #5323 ) ;
#5351 = CARTESIAN_POINT ( 'NONE',  ( 0.1499999999999997446, 0.5200000000000001288, 0.8000000000000001554 ) ) ;
#5352 = CARTESIAN_POINT ( 'NONE',  ( 2.616070863670443725, 0.6999999999999999556, -0.5000000000000003331 ) ) ;
#5353 = ORIENTED_EDGE ( 'NONE', *, *, #3546, .F. ) ;
#5354 = FACE_OUTER_BOUND ( 'NONE', #5491, .T. ) ;
#5355 = DIRECTION ( 'NONE',  ( 0.000000000000000000, 0.000000000000000000, 1.000000000000000000 ) ) ;
#5356 = ADVANCED_FACE ( 'NONE', ( #4841 ), #3929, .F. ) ;
#5357 = ORIENTED_EDGE ( 'NONE', *, *, #5385, .T. ) ;
#5358 = EDGE_CURVE ( 'NONE', #2431, #4305, #662, .T. ) ;
#5359 = ORIENTED_EDGE ( 'NONE', *, *, #2986, .T. ) ;
#5360 = DIRECTION ( 'NONE',  ( -1.000000000000000000, 0.000000000000000000, -0.000000000000000000 ) ) ;
#5361 = CARTESIAN_POINT ( 'NONE',  ( 0.9499999999999998446, 0.6000000000000004219, -0.8000000000000001554 ) ) ;
#5362 = VECTOR ( 'NONE', #1545, 1000.000000000000000 ) ;
#5363 = ORIENTED_EDGE ( 'NONE', *, *, #37, .F. ) ;
#5364 = LINE ( 'NONE', #3738, #5471 ) ;
#5365 = CARTESIAN_POINT ( 'NONE',  ( -0.6500000000000002442, 0.5200000000000001288, -0.7200000000000000844 ) ) ;
#5366 = ORIENTED_EDGE ( 'NONE', *, *, #1582, .T. ) ;
#5367 = EDGE_CURVE ( 'NONE', #2485, #2046, #4791, .T. ) ;
#5368 = VECTOR ( 'NONE', #1062, 1000.000000000000000 ) ;
#5369 = ORIENTED_EDGE ( 'NONE', *, *, #231, .T. ) ;
#5370 = DIRECTION ( 'NONE',  ( 0.000000000000000000, -1.000000000000000000, -3.614007241618349264E-16 ) ) ;
#5371 = DIRECTION ( 'NONE',  ( -1.000000000000000000, 0.000000000000000000, 0.000000000000000000 ) ) ;
#5372 = VECTOR ( 'NONE', #3519, 1000.000000000000000 ) ;
#5373 = EDGE_CURVE ( 'NONE', #383, #2649, #2822, .T. ) ;
#5374 = VERTEX_POINT ( 'NONE', #823 ) ;
#5375 = CARTESIAN_POINT ( 'NONE',  ( 1.600000000000000089, 0.5200000000000001288, 0.5000000000000002220 ) ) ;
#5376 = VERTEX_POINT ( 'NONE', #1733 ) ;
#5377 = DIRECTION ( 'NONE',  ( -1.000000000000000000, 0.000000000000000000, -0.000000000000000000 ) ) ;
#5378 = CARTESIAN_POINT ( 'NONE',  ( 1.450000000000000400, 0.5200000000000002398, -0.8000000000000001554 ) ) ;
#5379 = ADVANCED_FACE ( 'NONE', ( #856 ), #3112, .F. ) ;
#5380 = CARTESIAN_POINT ( 'NONE',  ( -1.450000000000000400, -3.231750982573322946E-17, 0.4500000000000000666 ) ) ;
#5381 = EDGE_CURVE ( 'NONE', #3509, #2975, #4833, .T. ) ;
#5382 = CARTESIAN_POINT ( 'NONE',  ( -1.450000000000000400, 0.08000000000000001554, -0.4500000000000000666 ) ) ;
#5383 = ORIENTED_EDGE ( 'NONE', *, *, #5746, .T. ) ;
#5384 = CARTESIAN_POINT ( 'NONE',  ( -0.1500000000000002720, 0.08000000000000004330, 1.332541078227774012 ) ) ;
#5385 = EDGE_CURVE ( 'NONE', #5504, #3483, #2896, .T. ) ;
#5386 = CARTESIAN_POINT ( 'NONE',  ( -1.200000000000000178, 0.6000000000000004219, -0.8000000000000001554 ) ) ;
#5387 = AXIS2_PLACEMENT_3D ( 'NONE', #1888, #2330, #5045 ) ;
#5388 = EDGE_LOOP ( 'NONE', ( #1112, #1310, #2707, #3168 ) ) ;
#5389 = AXIS2_PLACEMENT_3D ( 'NONE', #4044, #3341, #1518 ) ;
#5390 = FACE_OUTER_BOUND ( 'NONE', #1694, .T. ) ;
#5391 = ORIENTED_EDGE ( 'NONE', *, *, #22, .F. ) ;
#5392 = EDGE_CURVE ( 'NONE', #2431, #5768, #697, .T. ) ;
#5393 = DIRECTION ( 'NONE',  ( 1.000000000000000000, 0.000000000000000000, 0.000000000000000000 ) ) ;
#5394 = VECTOR ( 'NONE', #2598, 1000.000000000000000 ) ;
#5395 = ADVANCED_FACE ( 'NONE', ( #905 ), #3157, .F. ) ;
#5396 = ORIENTED_EDGE ( 'NONE', *, *, #11, .F. ) ;
#5397 = CARTESIAN_POINT ( 'NONE',  ( -0.6500000000000002442, 0.08000000000000004330, -0.8000000000000000444 ) ) ;
#5398 = AXIS2_PLACEMENT_3D ( 'NONE', #4414, #4822, #978 ) ;
#5399 = VECTOR ( 'NONE', #1749, 1000.000000000000000 ) ;
#5400 = AXIS2_PLACEMENT_3D ( 'NONE', #3499, #3970, #1637 ) ;
#5401 = ORIENTED_EDGE ( 'NONE', *, *, #3305, .T. ) ;
#5402 = CIRCLE ( 'NONE', #1317, 0.2299999999999999545 ) ;
#5403 = CARTESIAN_POINT ( 'NONE',  ( 0.5499999999999999334, 0.000000000000000000, -0.8000000000000000444 ) ) ;
#5404 = ORIENTED_EDGE ( 'NONE', *, *, #1756, .T. ) ;
#5405 = PLANE ( 'NONE',  #2566 ) ;
#5406 = CARTESIAN_POINT ( 'NONE',  ( 0.9499999999999997335, 0.5200000000000001288, 0.8000000000000001554 ) ) ;
#5407 = LINE ( 'NONE', #433, #3353 ) ;
#5408 = DIRECTION ( 'NONE',  ( 0.000000000000000000, 0.000000000000000000, 1.000000000000000000 ) ) ;
#5409 = DIRECTION ( 'NONE',  ( -0.000000000000000000, 1.807003620809172906E-16, 1.000000000000000000 ) ) ;
#5410 = VERTEX_POINT ( 'NONE', #5406 ) ;
#5411 = DIRECTION ( 'NONE',  ( 0.000000000000000000, 1.000000000000000000, -1.084202172485504237E-15 ) ) ;
#5412 = CARTESIAN_POINT ( 'NONE',  ( 0.6499999999999998002, 0.08000000000000004330, -0.7200000000000000844 ) ) ;
#5413 = LINE ( 'NONE', #1182, #1493 ) ;
#5414 = VERTEX_POINT ( 'NONE', #2214 ) ;
#5415 = ADVANCED_FACE ( 'NONE', ( #896 ), #4775, .F. ) ;
#5416 = DIRECTION ( 'NONE',  ( -1.000000000000000000, -0.000000000000000000, 0.000000000000000000 ) ) ;
#5417 = VECTOR ( 'NONE', #5128, 1000.000000000000000 ) ;
#5418 = PLANE ( 'NONE',  #3164 ) ;
#5419 = PLANE ( 'NONE',  #1328 ) ;
#5420 = DIRECTION ( 'NONE',  ( 0.000000000000000000, 1.000000000000000000, 0.000000000000000000 ) ) ;
#5421 = ORIENTED_EDGE ( 'NONE', *, *, #2978, .F. ) ;
#5422 = EDGE_CURVE ( 'NONE', #475, #4994, #2904, .T. ) ;
#5423 = VERTEX_POINT ( 'NONE', #3328 ) ;
#5424 = CYLINDRICAL_SURFACE ( 'NONE', #3012, 0.1500000000000000777 ) ;
#5425 = VERTEX_POINT ( 'NONE', #5478 ) ;
#5426 = DIRECTION ( 'NONE',  ( 0.000000000000000000, -1.003890900449541079E-16, 1.000000000000000000 ) ) ;
#5427 = CARTESIAN_POINT ( 'NONE',  ( 1.449999999999999956, 0.6000000000000003109, 0.5000000000000002220 ) ) ;
#5428 = ORIENTED_EDGE ( 'NONE', *, *, #1841, .F. ) ;
#5429 = DIRECTION ( 'NONE',  ( 0.000000000000000000, 0.000000000000000000, -1.000000000000000000 ) ) ;
#5430 = EDGE_CURVE ( 'NONE', #994, #2126, #675, .T. ) ;
#5431 = VECTOR ( 'NONE', #5, 1000.000000000000000 ) ;
#5432 =( NAMED_UNIT ( * ) PLANE_ANGLE_UNIT ( ) SI_UNIT ( $, .RADIAN. ) );
#5433 = ORIENTED_EDGE ( 'NONE', *, *, #15, .T. ) ;
#5434 = CIRCLE ( 'NONE', #734, 0.2299999999999999545 ) ;
#5435 = PLANE ( 'NONE',  #1503 ) ;
#5436 = EDGE_CURVE ( 'NONE', #2502, #4413, #2631, .T. ) ;
#5437 = DIRECTION ( 'NONE',  ( 0.000000000000000000, 0.000000000000000000, 1.000000000000000000 ) ) ;
#5438 = ORIENTED_EDGE ( 'NONE', *, *, #2321, .F. ) ;
#5439 = FILL_AREA_STYLE_COLOUR ( '', #4035 ) ;
#5440 = CARTESIAN_POINT ( 'NONE',  ( 1.449999999999999956, 0.08000000000000004330, 0.7200000000000000844 ) ) ;
#5441 = VECTOR ( 'NONE', #644, 1000.000000000000000 ) ;
#5442 = CARTESIAN_POINT ( 'NONE',  ( 0.9843614134715219510, 0.08000000000000009881, -0.7200000000000000844 ) ) ;
#5443 = DIRECTION ( 'NONE',  ( -0.000000000000000000, 1.000000000000000000, 0.000000000000000000 ) ) ;
#5444 = ORIENTED_EDGE ( 'NONE', *, *, #265, .F. ) ;
#5445 = CARTESIAN_POINT ( 'NONE',  ( -0.9500000000000002887, 0.6000000000000003109, 0.5000000000000002220 ) ) ;
#5446 = PLANE ( 'NONE',  #4007 ) ;
#5447 = LINE ( 'NONE', #82, #1674 ) ;
#5448 = ORIENTED_EDGE ( 'NONE', *, *, #3290, .T. ) ;
#5449 = EDGE_CURVE ( 'NONE', #892, #3849, #2659, .T. ) ;
#5450 = DIRECTION ( 'NONE',  ( -0.000000000000000000, 1.000000000000000000, -0.000000000000000000 ) ) ;
#5451 = CARTESIAN_POINT ( 'NONE',  ( 0.6499999999999998002, 0.6000000000000003109, -0.5000000000000002220 ) ) ;
#5452 = LINE ( 'NONE', #3648, #1441 ) ;
#5453 = DIRECTION ( 'NONE',  ( -0.000000000000000000, 1.000000000000000000, 0.000000000000000000 ) ) ;
#5454 = DIRECTION ( 'NONE',  ( 1.000000000000000000, -0.000000000000000000, -0.000000000000000000 ) ) ;
#5455 = DIRECTION ( 'NONE',  ( 0.000000000000000000, -3.614007241618349264E-16, 1.000000000000000000 ) ) ;
#5456 = EDGE_LOOP ( 'NONE', ( #4919, #1014, #4590, #1004, #4915, #4924 ) ) ;
#5457 = AXIS2_PLACEMENT_3D ( 'NONE', #5569, #81, #586 ) ;
#5458 = DIRECTION ( 'NONE',  ( 0.000000000000000000, -1.000000000000000000, 0.000000000000000000 ) ) ;
#5459 = CIRCLE ( 'NONE', #647, 0.2299999999999999545 ) ;
#5460 = AXIS2_PLACEMENT_3D ( 'NONE', #3495, #1106, #1703 ) ;
#5461 = DIRECTION ( 'NONE',  ( 1.000000000000000000, -0.000000000000000000, 0.000000000000000000 ) ) ;
#5462 = VERTEX_POINT ( 'NONE', #1075 ) ;
#5463 = EDGE_CURVE ( 'NONE', #851, #5712, #2860, .T. ) ;
#5464 = FACE_OUTER_BOUND ( 'NONE', #874, .T. ) ;
#5465 = ORIENTED_EDGE ( 'NONE', *, *, #1586, .F. ) ;
#5466 = AXIS2_PLACEMENT_3D ( 'NONE', #2542, #743, #3029 ) ;
#5467 = LINE ( 'NONE', #624, #5394 ) ;
#5468 = AXIS2_PLACEMENT_3D ( 'NONE', #42, #5814, #5052 ) ;
#5469 = PLANE ( 'NONE',  #3953 ) ;
#5470 = ORIENTED_EDGE ( 'NONE', *, *, #15, .F. ) ;
#5471 = VECTOR ( 'NONE', #4520, 1000.000000000000000 ) ;
#5472 = ADVANCED_FACE ( 'NONE', ( #4741 ), #4993, .F. ) ;
#5473 = EDGE_LOOP ( 'NONE', ( #2423, #4053, #217, #3910, #2298, #275, #4518 ) ) ;
#5474 = CARTESIAN_POINT ( 'NONE',  ( -0.1500000000000002720, -3.231750982573322946E-17, 0.8000000000000000444 ) ) ;
#5475 = CARTESIAN_POINT ( 'NONE',  ( 0.6499999999999998002, 0.08000000000000004330, -0.7200000000000000844 ) ) ;
#5476 = VERTEX_POINT ( 'NONE', #5552 ) ;
#5477 = CARTESIAN_POINT ( 'NONE',  ( -0.1843614134715217401, 0.5200000000000001288, 0.7200000000000000844 ) ) ;
#5478 = CARTESIAN_POINT ( 'NONE',  ( -0.6500000000000001332, 0.5200000000000001288, 0.7200000000000001954 ) ) ;
#5479 = LINE ( 'NONE', #2530, #3718 ) ;
#5480 = CARTESIAN_POINT ( 'NONE',  ( -1.600000000000000089, 0.5200000000000001288, -0.5000000000000002220 ) ) ;
#5481 = ORIENTED_EDGE ( 'NONE', *, *, #2455, .T. ) ;
#5482 = DIRECTION ( 'NONE',  ( -1.000000000000000000, -0.000000000000000000, -0.000000000000000000 ) ) ;
#5483 = PRESENTATION_STYLE_ASSIGNMENT (( #5140 ) ) ;
#5484 = VERTEX_POINT ( 'NONE', #4650 ) ;
#5485 = LINE ( 'NONE', #1426, #5643 ) ;
#5486 = ORIENTED_EDGE ( 'NONE', *, *, #1706, .T. ) ;
#5487 = EDGE_CURVE ( 'NONE', #5304, #1495, #2668, .T. ) ;
#5488 = CARTESIAN_POINT ( 'NONE',  ( 0.6499999999999998002, -3.231750982573322946E-17, 0.8000000000000000444 ) ) ;
#5489 = FACE_OUTER_BOUND ( 'NONE', #5297, .T. ) ;
#5490 = DIRECTION ( 'NONE',  ( 0.000000000000000000, -1.000000000000000000, 1.807003620809172906E-16 ) ) ;
#5491 = EDGE_LOOP ( 'NONE', ( #114, #4024, #1689, #3945 ) ) ;
#5492 = VECTOR ( 'NONE', #267, 1000.000000000000000 ) ;
#5493 = AXIS2_PLACEMENT_3D ( 'NONE', #4883, #320, #4397 ) ;
#5494 = ORIENTED_EDGE ( 'NONE', *, *, #4816, .T. ) ;
#5495 = CARTESIAN_POINT ( 'NONE',  ( 1.200000000000000178, 0.000000000000000000, -0.8000000000000001554 ) ) ;
#5496 = EDGE_CURVE ( 'NONE', #713, #10, #2869, .T. ) ;
#5497 = LINE ( 'NONE', #789, #3493 ) ;
#5498 = CARTESIAN_POINT ( 'NONE',  ( -1.450000000000000400, 0.08000000000000004330, -1.264865571966778734 ) ) ;
#5499 = ORIENTED_EDGE ( 'NONE', *, *, #2670, .T. ) ;
#5500 = ADVANCED_FACE ( 'NONE', ( #2876 ), #4823, .T. ) ;
#5501 = FACE_OUTER_BOUND ( 'NONE', #4275, .T. ) ;
#5502 = CARTESIAN_POINT ( 'NONE',  ( -1.050000000000000044, 0.000000000000000000, 0.8000000000000000444 ) ) ;
#5503 = EDGE_CURVE ( 'NONE', #3991, #4701, #2885, .T. ) ;
#5504 = VERTEX_POINT ( 'NONE', #5440 ) ;
#5505 = CARTESIAN_POINT ( 'NONE',  ( -0.9500000000000002887, 0.5200000000000001288, -0.7200000000000000844 ) ) ;
#5506 = LINE ( 'NONE', #5176, #3505 ) ;
#5507 = EDGE_CURVE ( 'NONE', #694, #2046, #4651, .T. ) ;
#5508 = CARTESIAN_POINT ( 'NONE',  ( 1.450000000000000400, 0.08000000000000004330, -0.7200000000000000844 ) ) ;
#5509 = FILL_AREA_STYLE_COLOUR ( '', #4000 ) ;
#5510 = ORIENTED_EDGE ( 'NONE', *, *, #1696, .F. ) ;
#5511 = CARTESIAN_POINT ( 'NONE',  ( -0.1500000000000002720, 0.5200000000000001288, 0.7200000000000000844 ) ) ;
#5512 = DIRECTION ( 'NONE',  ( 1.000000000000000000, 0.000000000000000000, 0.000000000000000000 ) ) ;
#5513 = FACE_OUTER_BOUND ( 'NONE', #2618, .T. ) ;
#5514 = DIRECTION ( 'NONE',  ( 0.000000000000000000, -1.000000000000000000, 0.000000000000000000 ) ) ;
#5515 = ADVANCED_FACE ( 'NONE', ( #2647 ), #4623, .F. ) ;
#5516 = ORIENTED_EDGE ( 'NONE', *, *, #5673, .T. ) ;
#5517 = EDGE_CURVE ( 'NONE', #341, #4578, #834, .T. ) ;
#5518 = CARTESIAN_POINT ( 'NONE',  ( 0.1843614134715221009, 0.08000000000000009881, 0.7200000000000001954 ) ) ;
#5519 = LINE ( 'NONE', #2258, #3518 ) ;
#5520 = ORIENTED_EDGE ( 'NONE', *, *, #3666, .F. ) ;
#5521 = AXIS2_PLACEMENT_3D ( 'NONE', #3686, #4446, #917 ) ;
#5522 = PLANE ( 'NONE',  #3085 ) ;
#5523 = VECTOR ( 'NONE', #5277, 1000.000000000000000 ) ;
#5524 = AXIS2_PLACEMENT_3D ( 'NONE', #3627, #4020, #5104 ) ;
#5525 = DIRECTION ( 'NONE',  ( 0.000000000000000000, 1.000000000000000000, -1.084202172485504237E-15 ) ) ;
#5526 = VERTEX_POINT ( 'NONE', #4069 ) ;
#5527 = DIRECTION ( 'NONE',  ( 0.000000000000000000, 1.807003620809172906E-16, -1.000000000000000000 ) ) ;
#5528 = EDGE_CURVE ( 'NONE', #2825, #5374, #721, .T. ) ;
#5529 = FACE_OUTER_BOUND ( 'NONE', #5618, .T. ) ;
#5530 = ORIENTED_EDGE ( 'NONE', *, *, #2432, .T. ) ;
#5531 = LINE ( 'NONE', #2972, #1640 ) ;
#5532 = AXIS2_PLACEMENT_3D ( 'NONE', #166, #3435, #3831 ) ;
#5533 = AXIS2_PLACEMENT_3D ( 'NONE', #5451, #4922, #3125 ) ;
#5534 = ORIENTED_EDGE ( 'NONE', *, *, #4408, .F. ) ;
#5535 = DIRECTION ( 'NONE',  ( 0.000000000000000000, -1.000000000000000000, -3.614007241618349264E-16 ) ) ;
#5536 = CARTESIAN_POINT ( 'NONE',  ( 1.600000000000000089, 0.5200000000000001288, 0.7200000000000001954 ) ) ;
#5537 = CIRCLE ( 'NONE', #171, 0.2299999999999999545 ) ;
#5538 = CARTESIAN_POINT ( 'NONE',  ( 0.1499999999999997446, 0.08000000000000004330, 1.332541078227774012 ) ) ;
#5539 = VERTEX_POINT ( 'NONE', #3769 ) ;
#5540 = DIRECTION ( 'NONE',  ( -1.000000000000000000, 0.000000000000000000, -0.000000000000000000 ) ) ;
#5541 = DIRECTION ( 'NONE',  ( -1.000000000000000000, -0.000000000000000000, 0.000000000000000000 ) ) ;
#5542 = LINE ( 'NONE', #3583, #3662 ) ;
#5543 = ORIENTED_EDGE ( 'NONE', *, *, #4667, .F. ) ;
#5544 = CARTESIAN_POINT ( 'NONE',  ( 1.200000000000000178, 0.08000000000000009881, -0.8000000000000001554 ) ) ;
#5545 = FACE_OUTER_BOUND ( 'NONE', #2872, .T. ) ;
#5546 = DIRECTION ( 'NONE',  ( -1.000000000000000000, -0.000000000000000000, -0.000000000000000000 ) ) ;
#5547 = CARTESIAN_POINT ( 'NONE',  ( 1.449999999999999956, 0.5200000000000001288, 0.7200000000000000844 ) ) ;
#5548 = EDGE_CURVE ( 'NONE', #280, #5818, #732, .T. ) ;
#5549 = ORIENTED_EDGE ( 'NONE', *, *, #5169, .T. ) ;
#5550 = CARTESIAN_POINT ( 'NONE',  ( -0.1500000000000002720, 0.5200000000000001288, 0.5000000000000002220 ) ) ;
#5551 = DIRECTION ( 'NONE',  ( -1.000000000000000000, -0.000000000000000000, 0.000000000000000000 ) ) ;
#5552 = CARTESIAN_POINT ( 'NONE',  ( 1.415638586528478404, 0.5200000000000002398, 0.7200000000000001954 ) ) ;
#5553 = LINE ( 'NONE', #183, #3655 ) ;
#5554 = ORIENTED_EDGE ( 'NONE', *, *, #3425, .T. ) ;
#5555 = CARTESIAN_POINT ( 'NONE',  ( -0.6500000000000002442, 0.08000000000000004330, 0.7200000000000000844 ) ) ;
#5556 = FACE_OUTER_BOUND ( 'NONE', #655, .T. ) ;
#5557 = ORIENTED_EDGE ( 'NONE', *, *, #5234, .T. ) ;
#5558 = EDGE_CURVE ( 'NONE', #3536, #2590, #4748, .T. ) ;
#5559 = APPLICATION_CONTEXT ( 'automotive_design' ) ;
#5560 = LINE ( 'NONE', #3242, #3596 ) ;
#5561 = EDGE_LOOP ( 'NONE', ( #5180, #769, #5278, #5002 ) ) ;
#5562 = SURFACE_STYLE_FILL_AREA ( #2041 ) ;
#5563 = AXIS2_PLACEMENT_3D ( 'NONE', #3106, #3561, #5829 ) ;
#5564 = ORIENTED_EDGE ( 'NONE', *, *, #231, .F. ) ;
#5565 = VECTOR ( 'NONE', #3512, 1000.000000000000000 ) ;
#5566 = ORIENTED_EDGE ( 'NONE', *, *, #5028, .F. ) ;
#5567 = DIRECTION ( 'NONE',  ( -0.000000000000000000, 1.000000000000000000, 1.003890900449541202E-16 ) ) ;
#5568 = CYLINDRICAL_SURFACE ( 'NONE', #1167, 0.2299999999999999545 ) ;
#5569 = CARTESIAN_POINT ( 'NONE',  ( -1.200000000000000178, 0.000000000000000000, -0.8000000000000001554 ) ) ;
#5570 = ORIENTED_EDGE ( 'NONE', *, *, #2273, .F. ) ;
#5571 = EDGE_CURVE ( 'NONE', #2487, #2167, #742, .T. ) ;
#5572 = VECTOR ( 'NONE', #1981, 1000.000000000000000 ) ;
#5573 = EDGE_CURVE ( 'NONE', #3605, #2913, #2701, .T. ) ;
#5574 = ORIENTED_EDGE ( 'NONE', *, *, #1956, .F. ) ;
#5575 = DIRECTION ( 'NONE',  ( 0.000000000000000000, 1.000000000000000000, 0.000000000000000000 ) ) ;
#5576 = LINE ( 'NONE', #5153, #5699 ) ;
#5577 = AXIS2_PLACEMENT_3D ( 'NONE', #2219, #871, #2263 ) ;
#5578 = DIRECTION ( 'NONE',  ( 0.000000000000000000, 0.000000000000000000, 1.000000000000000000 ) ) ;
#5579 = ORIENTED_EDGE ( 'NONE', *, *, #5624, .F. ) ;
#5580 = PLANE ( 'NONE',  #4902 ) ;
#5581 = EDGE_CURVE ( 'NONE', #5345, #1884, #2998, .T. ) ;
#5582 = DIRECTION ( 'NONE',  ( -0.000000000000000000, 1.000000000000000000, -0.000000000000000000 ) ) ;
#5583 = LINE ( 'NONE', #1848, #1649 ) ;
#5584 = DIRECTION ( 'NONE',  ( 0.000000000000000000, 1.178480622266853400E-15, 1.000000000000000000 ) ) ;
#5585 = DIRECTION ( 'NONE',  ( 1.000000000000000000, 0.000000000000000000, -0.000000000000000000 ) ) ;
#5586 = ORIENTED_EDGE ( 'NONE', *, *, #2447, .F. ) ;
#5587 = CARTESIAN_POINT ( 'NONE',  ( 0.9499999999999997335, 0.5200000000000001288, -0.8000000000000001554 ) ) ;
#5588 = CYLINDRICAL_SURFACE ( 'NONE', #1783, 0.1500000000000000777 ) ;
#5589 = AXIS2_PLACEMENT_3D ( 'NONE', #2689, #827, #1187 ) ;
#5590 = ORIENTED_EDGE ( 'NONE', *, *, #3626, .F. ) ;
#5591 = ADVANCED_FACE ( 'NONE', ( #3020 ), #21, .T. ) ;
#5592 = DIRECTION ( 'NONE',  ( 0.000000000000000000, 1.000000000000000000, 0.000000000000000000 ) ) ;
#5593 = APPLICATION_PROTOCOL_DEFINITION ( 'draft international standard', 'automotive_design', 1998, #5559 ) ;
#5594 = LINE ( 'NONE', #3871, #3701 ) ;
#5595 = EDGE_CURVE ( 'NONE', #783, #2834, #1057, .T. ) ;
#5596 = DIRECTION ( 'NONE',  ( -1.000000000000000000, -0.000000000000000000, -0.000000000000000000 ) ) ;
#5597 = VERTEX_POINT ( 'NONE', #3278 ) ;
#5598 = CARTESIAN_POINT ( 'NONE',  ( -1.600000000000000089, 0.000000000000000000, 0.000000000000000000 ) ) ;
#5599 = FACE_OUTER_BOUND ( 'NONE', #145, .T. ) ;
#5600 = ORIENTED_EDGE ( 'NONE', *, *, #4358, .F. ) ;
#5601 = MANIFOLD_SOLID_BREP ( 'Boss-Extrude4[1]', #4942 ) ;
#5602 = VECTOR ( 'NONE', #4009, 1000.000000000000000 ) ;
#5603 = LINE ( 'NONE', #1803, #3760 ) ;
#5604 = DIRECTION ( 'NONE',  ( 0.000000000000000000, 1.807003620809172906E-16, -1.000000000000000000 ) ) ;
#5605 = DIRECTION ( 'NONE',  ( -0.000000000000000000, -1.000000000000000000, 1.084202172485504237E-15 ) ) ;
#5606 = ORIENTED_EDGE ( 'NONE', *, *, #4940, .F. ) ;
#5607 = CARTESIAN_POINT ( 'NONE',  ( 1.200000000000000178, 0.000000000000000000, -0.6500000000000001332 ) ) ;
#5608 = CARTESIAN_POINT ( 'NONE',  ( -0.1500000000000002720, 0.08000000000000004330, -0.7200000000000000844 ) ) ;
#5609 = FACE_OUTER_BOUND ( 'NONE', #4714, .T. ) ;
#5610 = CARTESIAN_POINT ( 'NONE',  ( 1.600000000000000089, 0.5200000000000001288, 0.7200000000000001954 ) ) ;
#5611 = CARTESIAN_POINT ( 'NONE',  ( 0.9499999999999998446, 0.5200000000000001288, 0.7200000000000000844 ) ) ;
#5612 = EDGE_CURVE ( 'NONE', #2133, #4600, #4882, .T. ) ;
#5613 = DIRECTION ( 'NONE',  ( 1.000000000000000000, 0.000000000000000000, 0.000000000000000000 ) ) ;
#5614 = FACE_OUTER_BOUND ( 'NONE', #1428, .T. ) ;
#5615 = CARTESIAN_POINT ( 'NONE',  ( -0.1500000000000002720, 0.08000000000000004330, 0.8000000000000000444 ) ) ;
#5616 = DIRECTION ( 'NONE',  ( -1.000000000000000000, -0.000000000000000000, -0.000000000000000000 ) ) ;
#5617 = DIRECTION ( 'NONE',  ( -1.000000000000000000, -0.000000000000000000, -0.000000000000000000 ) ) ;
#5618 = EDGE_LOOP ( 'NONE', ( #2737, #2831, #5155, #1103 ) ) ;
#5619 = CARTESIAN_POINT ( 'NONE',  ( -1.600000000000000089, 0.5200000000000001288, 0.8000000000000000444 ) ) ;
#5620 = PLANE ( 'NONE',  #5532 ) ;
#5621 = DIRECTION ( 'NONE',  ( 0.000000000000000000, 7.228014483236692611E-16, -1.000000000000000000 ) ) ;
#5622 = CIRCLE ( 'NONE', #2049, 0.2299999999999999545 ) ;
#5623 = DIRECTION ( 'NONE',  ( 0.000000000000000000, -1.000000000000000000, 0.000000000000000000 ) ) ;
#5624 = EDGE_CURVE ( 'NONE', #750, #4490, #1065, .T. ) ;
#5625 = VECTOR ( 'NONE', #3547, 1000.000000000000000 ) ;
#5626 = ORIENTED_EDGE ( 'NONE', *, *, #4642, .F. ) ;
#5627 = CARTESIAN_POINT ( 'NONE',  ( -1.600000000000000089, 0.5200000000000001288, 0.5000000000000002220 ) ) ;
#5628 = VECTOR ( 'NONE', #4186, 1000.000000000000000 ) ;
#5629 = CARTESIAN_POINT ( 'NONE',  ( 0.9499999999999998446, 0.5200000000000001288, -0.7200000000000000844 ) ) ;
#5630 = EDGE_CURVE ( 'NONE', #2504, #410, #2924, .T. ) ;
#5631 = EDGE_CURVE ( 'NONE', #774, #5376, #4999, .T. ) ;
#5632 = ORIENTED_EDGE ( 'NONE', *, *, #1070, .F. ) ;
#5633 = VECTOR ( 'NONE', #5774, 1000.000000000000000 ) ;
#5634 = EDGE_CURVE ( 'NONE', #4885, #5018, #1109, .T. ) ;
#5635 = CIRCLE ( 'NONE', #3302, 0.2299999999999999545 ) ;
#5636 = DIRECTION ( 'NONE',  ( 0.000000000000000000, -1.000000000000000000, 0.000000000000000000 ) ) ;
#5637 = DIRECTION ( 'NONE',  ( -1.000000000000000000, -0.000000000000000000, -0.000000000000000000 ) ) ;
#5638 = EDGE_CURVE ( 'NONE', #5712, #4166, #983, .T. ) ;
#5639 = ORIENTED_EDGE ( 'NONE', *, *, #838, .F. ) ;
#5640 = CARTESIAN_POINT ( 'NONE',  ( 0.1499999999999997446, 0.5200000000000001288, 0.5000000000000002220 ) ) ;
#5641 = AXIS2_PLACEMENT_3D ( 'NONE', #645, #1245, #1407 ) ;
#5642 = CARTESIAN_POINT ( 'NONE',  ( 1.200000000000000178, 0.000000000000000000, -0.6500000000000001332 ) ) ;
#5643 = VECTOR ( 'NONE', #3281, 1000.000000000000000 ) ;
#5644 = AXIS2_PLACEMENT_3D ( 'NONE', #4928, #883, #3618 ) ;
#5645 = CARTESIAN_POINT ( 'NONE',  ( -0.9500000000000002887, 0.08000000000000001554, -0.4500000000000000666 ) ) ;
#5646 = EDGE_CURVE ( 'NONE', #5462, #53, #2980, .T. ) ;
#5647 = VECTOR ( 'NONE', #310, 1000.000000000000000 ) ;
#5648 = CARTESIAN_POINT ( 'NONE',  ( -1.600000000000000089, 0.6999999999999999556, 0.5000000000000002220 ) ) ;
#5649 = CARTESIAN_POINT ( 'NONE',  ( 0.2500000000000000000, 1.959157251370477903E-32, -0.8000000000000000444 ) ) ;
#5650 = CARTESIAN_POINT ( 'NONE',  ( 1.450000000000000400, 0.08000000000000004330, -0.8000000000000001554 ) ) ;
#5651 = ORIENTED_EDGE ( 'NONE', *, *, #3978, .T. ) ;
#5652 = CARTESIAN_POINT ( 'NONE',  ( -0.1500000000000002720, 0.08000000000000001554, 0.4500000000000000666 ) ) ;
#5653 = CARTESIAN_POINT ( 'NONE',  ( -0.1500000000000002720, -3.231750982573322946E-17, -0.8000000000000000444 ) ) ;
#5654 = DIRECTION ( 'NONE',  ( -1.000000000000000000, -0.000000000000000000, -0.000000000000000000 ) ) ;
#5655 = VECTOR ( 'NONE', #1196, 1000.000000000000000 ) ;
#5656 = AXIS2_PLACEMENT_3D ( 'NONE', #2070, #4250, #3566 ) ;
#5657 = CARTESIAN_POINT ( 'NONE',  ( -0.1500000000000002720, 0.6000000000000003109, 0.5000000000000002220 ) ) ;
#5658 = DIRECTION ( 'NONE',  ( -0.000000000000000000, 1.000000000000000000, 0.000000000000000000 ) ) ;
#5659 = CARTESIAN_POINT ( 'NONE',  ( 1.200000000000000178, 0.07999999999999996003, -0.5699999999999995071 ) ) ;
#5660 = AXIS2_PLACEMENT_3D ( 'NONE', #2286, #4460, #3661 ) ;
#5661 = CIRCLE ( 'NONE', #396, 0.2299999999999999545 ) ;
#5662 = ORIENTED_EDGE ( 'NONE', *, *, #3178, .F. ) ;
#5663 = LINE ( 'NONE', #221, #3862 ) ;
#5664 = CARTESIAN_POINT ( 'NONE',  ( 0.6499999999999998002, 0.08000000000000001554, 0.4500000000000000666 ) ) ;
#5665 = LINE ( 'NONE', #455, #3736 ) ;
#5666 = ORIENTED_EDGE ( 'NONE', *, *, #3410, .F. ) ;
#5667 = FACE_OUTER_BOUND ( 'NONE', #1525, .T. ) ;
#5668 = VECTOR ( 'NONE', #5034, 1000.000000000000000 ) ;
#5669 = CARTESIAN_POINT ( 'NONE',  ( -0.9500000000000002887, 0.08000000000000004330, -0.7200000000000000844 ) ) ;
#5670 = DIRECTION ( 'NONE',  ( -0.000000000000000000, 1.000000000000000000, -0.000000000000000000 ) ) ;
#5671 = ORIENTED_EDGE ( 'NONE', *, *, #3494, .T. ) ;
#5672 = ADVANCED_FACE ( 'NONE', ( #2967 ), #5274, .F. ) ;
#5673 = EDGE_CURVE ( 'NONE', #2603, #2538, #960, .T. ) ;
#5674 = DIRECTION ( 'NONE',  ( 0.000000000000000000, 0.000000000000000000, 1.000000000000000000 ) ) ;
#5675 = VECTOR ( 'NONE', #1593, 1000.000000000000000 ) ;
#5676 = CARTESIAN_POINT ( 'NONE',  ( -0.6500000000000002442, 0.6000000000000004219, 0.8000000000000001554 ) ) ;
#5677 = LINE ( 'NONE', #1504, #1770 ) ;
#5678 = CARTESIAN_POINT ( 'NONE',  ( -0.9843614134715219510, 0.07999999999999997391, 0.7200000000000000844 ) ) ;
#5679 = CARTESIAN_POINT ( 'NONE',  ( 1.449999999999999956, 0.08000000000000001554, 0.4500000000000000666 ) ) ;
#5680 = CARTESIAN_POINT ( 'NONE',  ( -0.1500000000000002720, 0.5200000000000001288, -0.5000000000000002220 ) ) ;
#5681 = EDGE_LOOP ( 'NONE', ( #2547, #5178, #5152, #1481 ) ) ;
#5682 = CARTESIAN_POINT ( 'NONE',  ( -0.9500000000000002887, 0.6000000000000003109, -0.5000000000000002220 ) ) ;
#5683 = DIRECTION ( 'NONE',  ( -1.000000000000000000, -0.000000000000000000, 0.000000000000000000 ) ) ;
#5684 = EDGE_CURVE ( 'NONE', #5201, #3030, #3037, .T. ) ;
#5685 = LINE ( 'NONE', #3928, #3755 ) ;
#5686 = CARTESIAN_POINT ( 'NONE',  ( 0.6156385865284779157, -0.4342956348249514265, 0.7200000000000000844 ) ) ;
#5687 = ADVANCED_FACE ( 'NONE', ( #4970 ), #1040, .F. ) ;
#5688 = VECTOR ( 'NONE', #3439, 1000.000000000000000 ) ;
#5689 = ORIENTED_EDGE ( 'NONE', *, *, #3850, .T. ) ;
#5690 = EDGE_CURVE ( 'NONE', #3960, #4485, #1091, .T. ) ;
#5691 = PLANE ( 'NONE',  #39 ) ;
#5692 = FACE_OUTER_BOUND ( 'NONE', #4755, .T. ) ;
#5693 = EDGE_CURVE ( 'NONE', #1210, #4712, #2947, .T. ) ;
#5694 = DIRECTION ( 'NONE',  ( -0.000000000000000000, -0.000000000000000000, -1.000000000000000000 ) ) ;
#5695 = CIRCLE ( 'NONE', #4969, 0.2299999999999999545 ) ;
#5696 = ORIENTED_EDGE ( 'NONE', *, *, #5571, .F. ) ;
#5697 = EDGE_CURVE ( 'NONE', #2498, #976, #4851, .T. ) ;
#5698 = AXIS2_PLACEMENT_3D ( 'NONE', #2726, #5670, #222 ) ;
#5699 = VECTOR ( 'NONE', #203, 1000.000000000000000 ) ;
#5700 = AXIS2_PLACEMENT_3D ( 'NONE', #2715, #489, #3183 ) ;
#5701 = ORIENTED_EDGE ( 'NONE', *, *, #3367, .T. ) ;
#5702 = DIRECTION ( 'NONE',  ( -0.000000000000000000, 1.000000000000000000, 1.003890900449541202E-16 ) ) ;
#5703 = DIRECTION ( 'NONE',  ( 0.000000000000000000, -1.000000000000000000, 0.000000000000000000 ) ) ;
#5704 = VECTOR ( 'NONE', #3108, 1000.000000000000000 ) ;
#5705 = DIRECTION ( 'NONE',  ( 0.000000000000000000, 0.000000000000000000, 1.000000000000000000 ) ) ;
#5706 = EDGE_CURVE ( 'NONE', #4444, #1620, #3049, .T. ) ;
#5707 = CARTESIAN_POINT ( 'NONE',  ( 0.6499999999999998002, 0.5200000000000001288, 0.7200000000000001954 ) ) ;
#5708 = CIRCLE ( 'NONE', #2158, 0.2299999999999999545 ) ;
#5709 = CARTESIAN_POINT ( 'NONE',  ( -0.9500000000000002887, 0.5200000000000001288, -0.5000000000000002220 ) ) ;
#5710 = AXIS2_PLACEMENT_3D ( 'NONE', #2175, #4475, #4648 ) ;
#5711 = CARTESIAN_POINT ( 'NONE',  ( 1.449999999999999956, -3.231750982573322946E-17, -0.8000000000000000444 ) ) ;
#5712 = VERTEX_POINT ( 'NONE', #5232 ) ;
#5713 = AXIS2_PLACEMENT_3D ( 'NONE', #3176, #3621, #2661 ) ;
#5714 = ADVANCED_FACE ( 'NONE', ( #1100 ), #1713, .F. ) ;
#5715 = CARTESIAN_POINT ( 'NONE',  ( -0.4000000000000000777, -0.4342956348249528697, -0.5699999999999989519 ) ) ;
#5716 = DIRECTION ( 'NONE',  ( -1.000000000000000000, -0.000000000000000000, -0.000000000000000000 ) ) ;
#5717 = FACE_OUTER_BOUND ( 'NONE', #345, .T. ) ;
#5718 = LINE ( 'NONE', #4447, #5724 ) ;
#5719 = ORIENTED_EDGE ( 'NONE', *, *, #3703, .F. ) ;
#5720 = CARTESIAN_POINT ( 'NONE',  ( -0.9500000000000002887, 0.08000000000000004330, -0.8000000000000000444 ) ) ;
#5721 = FACE_OUTER_BOUND ( 'NONE', #3564, .T. ) ;
#5722 = DIRECTION ( 'NONE',  ( 0.000000000000000000, 0.000000000000000000, 1.000000000000000000 ) ) ;
#5723 = ADVANCED_FACE ( 'NONE', ( #948 ), #3091, .F. ) ;
#5724 = VECTOR ( 'NONE', #3129, 1000.000000000000000 ) ;
#5725 = ORIENTED_EDGE ( 'NONE', *, *, #1370, .F. ) ;
#5726 = FACE_OUTER_BOUND ( 'NONE', #4122, .T. ) ;
#5727 = DIRECTION ( 'NONE',  ( 0.000000000000000000, -1.000000000000000000, 0.000000000000000000 ) ) ;
#5728 = EDGE_CURVE ( 'NONE', #5067, #2879, #1507, .T. ) ;
#5729 = LINE ( 'NONE', #5196, #3638 ) ;
#5730 = DIRECTION ( 'NONE',  ( 0.000000000000000000, -1.000000000000000000, -3.614007241618349264E-16 ) ) ;
#5731 = CARTESIAN_POINT ( 'NONE',  ( -1.415638586528477738, 0.07999999999999990452, 0.7200000000000000844 ) ) ;
#5732 = ORIENTED_EDGE ( 'NONE', *, *, #757, .F. ) ;
#5733 = VECTOR ( 'NONE', #3457, 1000.000000000000000 ) ;
#5734 = DIRECTION ( 'NONE',  ( 0.000000000000000000, 1.178480622266852956E-16, -1.000000000000000000 ) ) ;
#5735 = AXIS2_PLACEMENT_3D ( 'NONE', #4686, #1606, #1935 ) ;
#5736 = LINE ( 'NONE', #4073, #1863 ) ;
#5737 =( LENGTH_UNIT ( ) NAMED_UNIT ( * ) SI_UNIT ( .MILLI., .METRE. ) );
#5738 = EDGE_CURVE ( 'NONE', #4249, #1322, #1249, .T. ) ;
#5739 = ORIENTED_EDGE ( 'NONE', *, *, #4555, .T. ) ;
#5740 = CARTESIAN_POINT ( 'NONE',  ( 1.600000000000000089, 0.08000000000000004330, 0.7200000000000001954 ) ) ;
#5741 = DIRECTION ( 'NONE',  ( -0.000000000000000000, 1.807003620809172906E-16, 1.000000000000000000 ) ) ;
#5742 =( LENGTH_UNIT ( ) NAMED_UNIT ( * ) SI_UNIT ( .MILLI., .METRE. ) );
#5743 = LINE ( 'NONE', #2725, #1869 ) ;
#5744 = EDGE_CURVE ( 'NONE', #1884, #4327, #3239, .T. ) ;
#5745 = CARTESIAN_POINT ( 'NONE',  ( -1.200000000000000178, 0.08000000000000004330, -0.8000000000000001554 ) ) ;
#5746 = EDGE_CURVE ( 'NONE', #59, #2630, #1285, .T. ) ;
#5747 = ORIENTED_EDGE ( 'NONE', *, *, #1910, .F. ) ;
#5748 = ADVANCED_FACE ( 'NONE', ( #1294 ), #1288, .F. ) ;
#5749 = DIRECTION ( 'NONE',  ( -1.000000000000000000, -0.000000000000000000, -0.000000000000000000 ) ) ;
#5750 = CYLINDRICAL_SURFACE ( 'NONE', #321, 0.1500000000000000777 ) ;
#5751 = CARTESIAN_POINT ( 'NONE',  ( 0.9499999999999997335, 0.08000000000000004330, -0.7200000000000000844 ) ) ;
#5752 = PLANE ( 'NONE',  #1903 ) ;
#5753 = VECTOR ( 'NONE', #5755, 1000.000000000000000 ) ;
#5754 = ORIENTED_EDGE ( 'NONE', *, *, #2615, .T. ) ;
#5755 = DIRECTION ( 'NONE',  ( -0.000000000000000000, -1.000000000000000000, 1.084202172485504237E-15 ) ) ;
#5756 = VECTOR ( 'NONE', #2241, 1000.000000000000000 ) ;
#5757 = AXIS2_PLACEMENT_3D ( 'NONE', #4785, #3885, #4824 ) ;
#5758 = CARTESIAN_POINT ( 'NONE',  ( 1.600000000000000089, 0.08000000000000004330, 0.7200000000000001954 ) ) ;
#5759 = ORIENTED_EDGE ( 'NONE', *, *, #5809, .T. ) ;
#5760 = DIRECTION ( 'NONE',  ( 1.000000000000000000, 0.000000000000000000, -0.000000000000000000 ) ) ;
#5761 = EDGE_CURVE ( 'NONE', #4058, #4777, #5239, .T. ) ;
#5762 = PLANE ( 'NONE',  #2861 ) ;
#5763 = ORIENTED_EDGE ( 'NONE', *, *, #3146, .T. ) ;
#5764 = CARTESIAN_POINT ( 'NONE',  ( -0.1843614134715219621, 0.5200000000000001288, -0.7200000000000000844 ) ) ;
#5765 = LINE ( 'NONE', #3531, #5811 ) ;
#5766 = CARTESIAN_POINT ( 'NONE',  ( 0.3999999999999999667, -0.4342956348249531473, -0.7999999999999989342 ) ) ;
#5767 = AXIS2_PLACEMENT_3D ( 'NONE', #1219, #5730, #2553 ) ;
#5768 = VERTEX_POINT ( 'NONE', #4535 ) ;
#5769 = CARTESIAN_POINT ( 'NONE',  ( 1.450000000000000400, 0.08000000000000004330, 0.8000000000000000444 ) ) ;
#5770 = CARTESIAN_POINT ( 'NONE',  ( -0.1500000000000002720, 0.08000000000000004330, 0.7200000000000001954 ) ) ;
#5771 = DIRECTION ( 'NONE',  ( -0.000000000000000000, -1.000000000000000000, 1.084202172485504237E-15 ) ) ;
#5772 = ORIENTED_EDGE ( 'NONE', *, *, #1151, .T. ) ;
#5773 = DIRECTION ( 'NONE',  ( 0.000000000000000000, 0.000000000000000000, 1.000000000000000000 ) ) ;
#5774 = DIRECTION ( 'NONE',  ( -1.000000000000000000, -0.000000000000000000, -0.000000000000000000 ) ) ;
#5775 = CARTESIAN_POINT ( 'NONE',  ( -0.4000000000000000777, 0.000000000000000000, -0.8000000000000001554 ) ) ;
#5776 = LINE ( 'NONE', #1595, #5733 ) ;
#5777 = ORIENTED_EDGE ( 'NONE', *, *, #930, .T. ) ;
#5778 = ORIENTED_EDGE ( 'NONE', *, *, #3902, .F. ) ;
#5779 = EDGE_CURVE ( 'NONE', #3375, #358, #3185, .T. ) ;
#5780 = DIRECTION ( 'NONE',  ( 1.000000000000000000, 0.000000000000000000, -0.000000000000000000 ) ) ;
#5781 = CYLINDRICAL_SURFACE ( 'NONE', #656, 0.2299999999999999545 ) ;
#5782 = DIRECTION ( 'NONE',  ( 0.000000000000000000, 1.000000000000000000, 0.000000000000000000 ) ) ;
#5783 = CARTESIAN_POINT ( 'NONE',  ( 0.6499999999999998002, -3.231750982573322946E-17, 0.4500000000000000666 ) ) ;
#5784 = FACE_OUTER_BOUND ( 'NONE', #538, .T. ) ;
#5785 = DIRECTION ( 'NONE',  ( 0.000000000000000000, 0.000000000000000000, 1.000000000000000000 ) ) ;
#5786 = ORIENTED_EDGE ( 'NONE', *, *, #4608, .F. ) ;
#5787 = ORIENTED_EDGE ( 'NONE', *, *, #1297, .T. ) ;
#5788 = ADVANCED_FACE ( 'NONE', ( #3205 ), #5229, .F. ) ;
#5789 = CARTESIAN_POINT ( 'NONE',  ( 1.600000000000000089, 0.5200000000000001288, -0.8000000000000001554 ) ) ;
#5790 = EDGE_CURVE ( 'NONE', #5504, #3605, #3296, .T. ) ;
#5791 = VECTOR ( 'NONE', #1261, 1000.000000000000000 ) ;
#5792 = DIRECTION ( 'NONE',  ( -0.000000000000000000, 1.000000000000000000, 0.000000000000000000 ) ) ;
#5793 = CYLINDRICAL_SURFACE ( 'NONE', #3997, 0.2299999999999999545 ) ;
#5794 = VERTEX_POINT ( 'NONE', #4043 ) ;
#5795 = CARTESIAN_POINT ( 'NONE',  ( 0.6156385865284782488, 0.07999999999999997391, -0.7200000000000000844 ) ) ;
#5796 = DIRECTION ( 'NONE',  ( 0.000000000000000000, 1.000000000000000000, 0.000000000000000000 ) ) ;
#5797 = VERTEX_POINT ( 'NONE', #2190 ) ;
#5798 = EDGE_CURVE ( 'NONE', #4205, #750, #3251, .T. ) ;
#5799 = CARTESIAN_POINT ( 'NONE',  ( -1.200000000000000178, 0.5200000000000001288, -0.5700000000000001732 ) ) ;
#5800 = LINE ( 'NONE', #3892, #1801 ) ;
#5801 = EDGE_CURVE ( 'NONE', #3042, #5834, #5188, .T. ) ;
#5802 = ADVANCED_FACE ( 'NONE', ( #1338 ), #473, .F. ) ;
#5803 = LINE ( 'NONE', #1267, #186 ) ;
#5804 = ORIENTED_EDGE ( 'NONE', *, *, #3600, .F. ) ;
#5805 = CARTESIAN_POINT ( 'NONE',  ( 0.3999999999999999667, 0.08000000000000009881, -0.5700000000000001732 ) ) ;
#5806 = ORIENTED_EDGE ( 'NONE', *, *, #2992, .T. ) ;
#5807 = CARTESIAN_POINT ( 'NONE',  ( 0.1499999999999997446, 0.5200000000000001288, 0.7200000000000000844 ) ) ;
#5808 = CARTESIAN_POINT ( 'NONE',  ( -0.6500000000000002442, 0.08000000000000004330, 1.332541078227774012 ) ) ;
#5809 = EDGE_CURVE ( 'NONE', #4177, #4726, #3229, .T. ) ;
#5810 = DIRECTION ( 'NONE',  ( 0.000000000000000000, 0.000000000000000000, 1.000000000000000000 ) ) ;
#5811 = VECTOR ( 'NONE', #4834, 1000.000000000000000 ) ;
#5812 = DIRECTION ( 'NONE',  ( -0.000000000000000000, -0.000000000000000000, -1.000000000000000000 ) ) ;
#5813 = EDGE_CURVE ( 'NONE', #5376, #4440, #1208, .T. ) ;
#5814 = DIRECTION ( 'NONE',  ( 0.000000000000000000, -1.000000000000000000, -3.614007241618349264E-16 ) ) ;
#5815 = FACE_OUTER_BOUND ( 'NONE', #5331, .T. ) ;
#5816 = VERTEX_POINT ( 'NONE', #4576 ) ;
#5817 = AXIS2_PLACEMENT_3D ( 'NONE', #2341, #2843, #3316 ) ;
#5818 = VERTEX_POINT ( 'NONE', #4927 ) ;
#5819 = VECTOR ( 'NONE', #3955, 1000.000000000000000 ) ;
#5820 = EDGE_CURVE ( 'NONE', #741, #3589, #3317, .T. ) ;
#5821 = VECTOR ( 'NONE', #55, 1000.000000000000000 ) ;
#5822 = CARTESIAN_POINT ( 'NONE',  ( -0.1500000000000002720, 0.08000000000000004330, 0.7200000000000000844 ) ) ;
#5823 = VERTEX_POINT ( 'NONE', #5382 ) ;
#5824 = ADVANCED_FACE ( 'NONE', ( #5071 ), #5259, .F. ) ;
#5825 = AXIS2_PLACEMENT_3D ( 'NONE', #5538, #5215, #5060 ) ;
#5826 = ORIENTED_EDGE ( 'NONE', *, *, #3305, .F. ) ;
#5827 = AXIS2_PLACEMENT_3D ( 'NONE', #524, #968, #5490 ) ;
#5828 = CIRCLE ( 'NONE', #3815, 0.1500000000000000777 ) ;
#5829 = DIRECTION ( 'NONE',  ( 0.000000000000000000, 0.000000000000000000, -1.000000000000000000 ) ) ;
#5830 = EDGE_CURVE ( 'NONE', #2913, #343, #1360, .T. ) ;
#5831 = CARTESIAN_POINT ( 'NONE',  ( -0.1500000000000002720, 0.5200000000000001288, -0.5000000000000002220 ) ) ;
#5832 = CARTESIAN_POINT ( 'NONE',  ( 0.9843614134715219510, 0.5200000000000001288, -0.7200000000000000844 ) ) ;
#5833 = LINE ( 'NONE', #1758, #5821 ) ;
#5834 = VERTEX_POINT ( 'NONE', #1619 ) ;
#5835 = SURFACE_STYLE_USAGE ( .BOTH. , #1908 ) ;
#5836 = DIRECTION ( 'NONE',  ( -1.000000000000000000, -0.000000000000000000, 0.000000000000000000 ) ) ;
#5837 = VERTEX_POINT ( 'NONE', #4779 ) ;
#5838 = ADVANCED_FACE ( 'NONE', ( #3158 ), #4324, .F. ) ;
#5839 = PLANE ( 'NONE',  #1028 ) ;
#5840 = VECTOR ( 'NONE', #5151, 1000.000000000000000 ) ;
#5841 = DIRECTION ( 'NONE',  ( 0.000000000000000000, -1.000000000000000000, 1.807003620809172906E-16 ) ) ;
#5842 = CARTESIAN_POINT ( 'NONE',  ( -0.1500000000000002720, 0.5200000000000001288, -0.7200000000000000844 ) ) ;
#5843 = VECTOR ( 'NONE', #755, 1000.000000000000000 ) ;
#5844 = ORIENTED_EDGE ( 'NONE', *, *, #1278, .F. ) ;
#5845 = CARTESIAN_POINT ( 'NONE',  ( 0.6499999999999998002, 0.5200000000000001288, 0.5000000000000002220 ) ) ;
#5846 = ORIENTED_EDGE ( 'NONE', *, *, #3850, .F. ) ;
#5847 = PLANE ( 'NONE',  #3578 ) ;
#5848 = CARTESIAN_POINT ( 'NONE',  ( -0.2499999999999998890, 0.6000000000000004219, 0.8000000000000001554 ) ) ;
#5849 = CARTESIAN_POINT ( 'NONE',  ( -0.2499999999999998890, 0.000000000000000000, 0.8000000000000000444 ) ) ;
#5850 = EDGE_CURVE ( 'NONE', #2600, #1290, #5113, .T. ) ;
#5851 = DIRECTION ( 'NONE',  ( -0.000000000000000000, 1.000000000000000000, 0.000000000000000000 ) ) ;
ENDSEC;
END-ISO-10303-21;
