ISO-10303-21;
HEADER;
FILE_DESCRIPTION (( 'STEP AP214' ),
    '1' );
FILE_NAME ('DYY16.STEP',
    '2024-05-14T08:17:23',
    ( '' ),
    ( '' ),
    'SwSTEP 2.0',
    'SolidWorks 2021',
    '' );
FILE_SCHEMA (( 'AUTOMOTIVE_DESIGN' ));
ENDSEC;

DATA;
#1 = FACE_OUTER_BOUND ( 'NONE', #2734, .T. ) ;
#2 = LINE ( 'NONE', #5805, #1803 ) ;
#3 = CARTESIAN_POINT ( 'NONE',  ( 1.326476844167053359, 0.1608833736747886656, 1.645000000000000018 ) ) ;
#4 = LINE ( 'NONE', #2616, #29 ) ;
#5 = ORIENTED_EDGE ( 'NONE', *, *, #8432, .F. ) ;
#6 = DIRECTION ( 'NONE',  ( -0.000000000000000000, -0.000000000000000000, -1.000000000000000000 ) ) ;
#7 = VERTEX_POINT ( 'NONE', #132 ) ;
#8 = CARTESIAN_POINT ( 'NONE',  ( 1.326476844167053137, 0.1608833736747886656, -0.3550000000000000377 ) ) ;
#9 = VERTEX_POINT ( 'NONE', #5333 ) ;
#10 = VERTEX_POINT ( 'NONE', #2146 ) ;
#11 = CARTESIAN_POINT ( 'NONE',  ( -1.150000000000000133, 0.2000000000000000111, 1.855000000000000204 ) ) ;
#12 = DIRECTION ( 'NONE',  ( -1.000000000000000000, 0.000000000000000000, 0.000000000000000000 ) ) ;
#13 = CARTESIAN_POINT ( 'NONE',  ( -0.8489040373074709933, 1.100000000000000089, -1.948904037307471526 ) ) ;
#14 = CARTESIAN_POINT ( 'NONE',  ( 1.150000000000000133, 0.2000000000000000111, -0.8550000000000000933 ) ) ;
#15 = ORIENTED_EDGE ( 'NONE', *, *, #2384, .F. ) ;
#16 = CARTESIAN_POINT ( 'NONE',  ( -0.9188766864283703928, 0.1413643236975562489, -2.041214128597720556 ) ) ;
#17 = VERTEX_POINT ( 'NONE', #2018 ) ;
#18 = CARTESIAN_POINT ( 'NONE',  ( -0.9999999999999995559, 0.4600000000000072919, 1.354999999999999760 ) ) ;
#19 = CARTESIAN_POINT ( 'NONE',  ( 1.620234093675824161, -1.496544593801257044E-15, -0.1450000000000001565 ) ) ;
#20 = EDGE_LOOP ( 'NONE', ( #3307, #6168, #7420, #3992, #6654, #7307, #8079, #426 ) ) ;
#21 = CARTESIAN_POINT ( 'NONE',  ( 0.000000000000000000, 1.038023613325019578, -2.022764618783387647 ) ) ;
#22 = AXIS2_PLACEMENT_3D ( 'NONE', #3063, #8133, #5615 ) ;
#23 = VECTOR ( 'NONE', #2385, 1000.000000000000000 ) ;
#24 = EDGE_LOOP ( 'NONE', ( #7176, #8296, #7608, #8263 ) ) ;
#25 = SURFACE_STYLE_FILL_AREA ( #2123 ) ;
#26 = DIRECTION ( 'NONE',  ( -0.000000000000000000, -0.000000000000000000, -1.000000000000000000 ) ) ;
#27 = DIRECTION ( 'NONE',  ( 0.06975647374411923785, 0.9975640502598246417, -0.000000000000000000 ) ) ;
#28 = CARTESIAN_POINT ( 'NONE',  ( 1.000000000000000000, 0.4600000000000065148, 1.354999999999999760 ) ) ;
#29 = VECTOR ( 'NONE', #2540, 1000.000000000000114 ) ;
#30 = DIRECTION ( 'NONE',  ( 0.9975640502598245307, 0.06975647374412038970, 0.000000000000000000 ) ) ;
#31 = EDGE_CURVE ( 'NONE', #1356, #7, #7202, .T. ) ;
#32 = EDGE_CURVE ( 'NONE', #345, #5505, #4057, .T. ) ;
#33 = CARTESIAN_POINT ( 'NONE',  ( 0.000000000000000000, 1.025000000000000133, -1.948904037307471526 ) ) ;
#34 = VERTEX_POINT ( 'NONE', #6857 ) ;
#35 = DIRECTION ( 'NONE',  ( 0.000000000000000000, 0.000000000000000000, 1.000000000000000000 ) ) ;
#36 = MECHANICAL_DESIGN_GEOMETRIC_PRESENTATION_REPRESENTATION (  '', ( #6469 ), #4825 ) ;
#37 = VECTOR ( 'NONE', #7296, 1000.000000000000000 ) ;
#38 = ORIENTED_EDGE ( 'NONE', *, *, #7674, .F. ) ;
#39 = ORIENTED_EDGE ( 'NONE', *, *, #1593, .F. ) ;
#40 = CARTESIAN_POINT ( 'NONE',  ( 1.110787854860023183, 0.5999999999999907629, -1.354999999999999982 ) ) ;
#41 = AXIS2_PLACEMENT_3D ( 'NONE', #1738, #2733, #2179 ) ;
#42 = VECTOR ( 'NONE', #7762, 1000.000000000000000 ) ;
#43 = COLOUR_RGB ( '',0.7921568627450980005, 0.8196078431372548767, 0.9333333333333333481 ) ;
#44 = CARTESIAN_POINT ( 'NONE',  ( -1.110787854860023183, 0.5999999999999912070, 0.3549999999999999267 ) ) ;
#45 = CARTESIAN_POINT ( 'NONE',  ( -1.316710937842878071, 0.02122440663842927941, -0.8550000000000000933 ) ) ;
#46 = EDGE_CURVE ( 'NONE', #8490, #2199, #4582, .T. ) ;
#47 = DIRECTION ( 'NONE',  ( 0.000000000000000000, 1.000000000000000000, 0.000000000000000000 ) ) ;
#48 = FILL_AREA_STYLE_COLOUR ( '', #6747 ) ;
#49 = EDGE_CURVE ( 'NONE', #3706, #839, #3581, .T. ) ;
#50 = ORIENTED_EDGE ( 'NONE', *, *, #6789, .F. ) ;
#51 = CLOSED_SHELL ( 'NONE', ( #3544, #4813, #1177, #2852, #1428, #5084, #4980, #3709, #3356, #6027, #6744, #1297, #6023, #702 ) ) ;
#52 = AXIS2_PLACEMENT_3D ( 'NONE', #5049, #7024, #5097 ) ;
#53 = VERTEX_POINT ( 'NONE', #7287 ) ;
#54 = EDGE_LOOP ( 'NONE', ( #3211, #979, #1405, #64 ) ) ;
#55 = EDGE_LOOP ( 'NONE', ( #4329, #1831, #4301, #5492 ) ) ;
#56 = DIRECTION ( 'NONE',  ( -0.000000000000000000, -1.000000000000000000, -0.000000000000000000 ) ) ;
#57 = CYLINDRICAL_SURFACE ( 'NONE', #1067, 0.03921214513997670070 ) ;
#58 = DIRECTION ( 'NONE',  ( -0.000000000000000000, -0.000000000000000000, -1.000000000000000000 ) ) ;
#59 = CARTESIAN_POINT ( 'NONE',  ( -1.329212145139960777, 0.2000000000000000111, 0.6449999999999999067 ) ) ;
#60 = ORIENTED_EDGE ( 'NONE', *, *, #7421, .F. ) ;
#61 = FILL_AREA_STYLE ('',( #4592 ) ) ;
#62 = ORIENTED_EDGE ( 'NONE', *, *, #8195, .F. ) ;
#63 = AXIS2_PLACEMENT_3D ( 'NONE', #3732, #6918, #1071 ) ;
#64 = ORIENTED_EDGE ( 'NONE', *, *, #6272, .F. ) ;
#65 = DIRECTION ( 'NONE',  ( 0.000000000000000000, 0.000000000000000000, 1.000000000000000000 ) ) ;
#66 = CARTESIAN_POINT ( 'NONE',  ( 1.000000000000000000, 0.5999999999999903189, 1.354999999999999760 ) ) ;
#67 = ORIENTED_EDGE ( 'NONE', *, *, #7270, .T. ) ;
#68 = EDGE_CURVE ( 'NONE', #4437, #2289, #6214, .T. ) ;
#69 = CARTESIAN_POINT ( 'NONE',  ( -0.9999914734049458742, 0.6000483567235028737, -2.026130891929030842 ) ) ;
#70 = CARTESIAN_POINT ( 'NONE',  ( -0.9227646187833864477, 1.038023613325019578, 0.000000000000000000 ) ) ;
#71 = CARTESIAN_POINT ( 'NONE',  ( 1.110787854860023183, 0.4600000000000072919, 1.354999999999999760 ) ) ;
#72 = FACE_OUTER_BOUND ( 'NONE', #670, .T. ) ;
#73 = CARTESIAN_POINT ( 'NONE',  ( 1.329212145139960777, 0.2000000000000000111, 0.6449999999999999067 ) ) ;
#74 = ORIENTED_EDGE ( 'NONE', *, *, #3698, .F. ) ;
#75 = ORIENTED_EDGE ( 'NONE', *, *, #7048, .T. ) ;
#76 = PLANE ( 'NONE',  #5472 ) ;
#77 = EDGE_CURVE ( 'NONE', #5628, #3201, #450, .T. ) ;
#78 = EDGE_CURVE ( 'NONE', #7483, #8252, #1323, .T. ) ;
#79 = CARTESIAN_POINT ( 'NONE',  ( 1.000000000000000000, 0.5999999999999903189, 1.645000000000000018 ) ) ;
#80 = CYLINDRICAL_SURFACE ( 'NONE', #4285, 0.1499999999999999667 ) ;
#81 = CARTESIAN_POINT ( 'NONE',  ( -1.329212145139960777, 0.2000000000000000111, -0.8550000000000000933 ) ) ;
#82 = CYLINDRICAL_SURFACE ( 'NONE', #6608, 0.1792121451399605880 ) ;
#83 = EDGE_LOOP ( 'NONE', ( #2392, #1663, #6869, #3919 ) ) ;
#84 = VECTOR ( 'NONE', #690, 1000.000000000000000 ) ;
#85 = ORIENTED_EDGE ( 'NONE', *, *, #7888, .F. ) ;
#86 = ORIENTED_EDGE ( 'NONE', *, *, #3013, .F. ) ;
#87 = ADVANCED_FACE ( 'NONE', ( #6903 ), #5630, .F. ) ;
#88 = ORIENTED_EDGE ( 'NONE', *, *, #4448, .F. ) ;
#89 = ADVANCED_FACE ( 'NONE', ( #6306 ), #4927, .T. ) ;
#90 = ADVANCED_FACE ( 'NONE', ( #494 ), #7534, .F. ) ;
#91 = DIRECTION ( 'NONE',  ( 0.000000000000000000, -0.1736481776669271671, -0.9848077530122086864 ) ) ;
#92 = EDGE_CURVE ( 'NONE', #8078, #1265, #1079, .T. ) ;
#93 = LINE ( 'NONE', #2669, #2175 ) ;
#94 = CARTESIAN_POINT ( 'NONE',  ( -0.5999999999999996447, 1.050000000000000044, -1.700000000000000178 ) ) ;
#95 = DIRECTION ( 'NONE',  ( -0.000000000000000000, -0.000000000000000000, -1.000000000000000000 ) ) ;
#96 = VERTEX_POINT ( 'NONE', #4313 ) ;
#97 = ORIENTED_EDGE ( 'NONE', *, *, #6010, .F. ) ;
#98 =( NAMED_UNIT ( * ) PLANE_ANGLE_UNIT ( ) SI_UNIT ( $, .RADIAN. ) );
#99 = ORIENTED_EDGE ( 'NONE', *, *, #8327, .T. ) ;
#100 = ORIENTED_EDGE ( 'NONE', *, *, #1552, .F. ) ;
#101 = ADVANCED_FACE ( 'NONE', ( #2359 ), #8283, .T. ) ;
#102 = UNCERTAINTY_MEASURE_WITH_UNIT (LENGTH_MEASURE( 1.000000000000000082E-05 ), #4780, 'distance_accuracy_value', 'NONE');
#103 = LINE ( 'NONE', #2034, #7549 ) ;
#104 = CIRCLE ( 'NONE', #2980, 0.1792121451399605880 ) ;
#105 = CARTESIAN_POINT ( 'NONE',  ( -1.316710937842878071, 0.02122440663842932104, -1.145000000000000240 ) ) ;
#106 = AXIS2_PLACEMENT_3D ( 'NONE', #2443, #1873, #8362 ) ;
#107 = ORIENTED_EDGE ( 'NONE', *, *, #2468, .F. ) ;
#108 = CARTESIAN_POINT ( 'NONE',  ( -1.110787854860023183, 0.4600000000000071809, 1.145000000000000018 ) ) ;
#109 = ORIENTED_EDGE ( 'NONE', *, *, #4775, .T. ) ;
#110 = SURFACE_STYLE_USAGE ( .BOTH. , #3360 ) ;
#111 = FACE_OUTER_BOUND ( 'NONE', #3485, .T. ) ;
#112 = CARTESIAN_POINT ( 'NONE',  ( -1.110787854860023183, 0.4600000000000071254, -0.6450000000000001288 ) ) ;
#113 = STYLED_ITEM ( 'NONE', ( #2935 ), #7653 ) ;
#114 = ADVANCED_FACE ( 'NONE', ( #3110 ), #2407, .F. ) ;
#115 = VECTOR ( 'NONE', #3126, 1000.000000000000114 ) ;
#116 = SURFACE_STYLE_USAGE ( .BOTH. , #4694 ) ;
#117 = ORIENTED_EDGE ( 'NONE', *, *, #2259, .T. ) ;
#118 = AXIS2_PLACEMENT_3D ( 'NONE', #7487, #3580, #2947 ) ;
#119 = LINE ( 'NONE', #2093, #2229 ) ;
#120 = ORIENTED_EDGE ( 'NONE', *, *, #3393, .T. ) ;
#121 = CARTESIAN_POINT ( 'NONE',  ( -0.5999999999999996447, 1.100000000000000089, -1.700000000000000178 ) ) ;
#122 = VECTOR ( 'NONE', #8256, 1000.000000000000000 ) ;
#123 = AXIS2_PLACEMENT_3D ( 'NONE', #124, #3497, #5364 ) ;
#124 = CARTESIAN_POINT ( 'NONE',  ( -1.110787854860023183, 0.4600000000000072919, 0.8549999999999998712 ) ) ;
#125 = CARTESIAN_POINT ( 'NONE',  ( -1.150000000000000133, 0.2000000000000000111, 1.145000000000000018 ) ) ;
#126 = DIRECTION ( 'NONE',  ( -0.1710878697460323783, -0.9702875252478150303, 0.1710878697460323783 ) ) ;
#127 = PLANE ( 'NONE',  #829 ) ;
#128 = ADVANCED_FACE ( 'NONE', ( #4446 ), #1012, .F. ) ;
#129 = VECTOR ( 'NONE', #2982, 1000.000000000000000 ) ;
#130 = VECTOR ( 'NONE', #8219, 999.9999999999998863 ) ;
#131 = EDGE_LOOP ( 'NONE', ( #4292, #4146, #1617, #5041 ) ) ;
#132 = CARTESIAN_POINT ( 'NONE',  ( -1.620234093675824161, -2.139947889130694096E-16, 0.3549999999999999267 ) ) ;
#133 = ORIENTED_EDGE ( 'NONE', *, *, #915, .F. ) ;
#134 = FACE_OUTER_BOUND ( 'NONE', #2231, .T. ) ;
#135 = PLANE ( 'NONE',  #7648 ) ;
#136 = EDGE_CURVE ( 'NONE', #7827, #3286, #3865, .T. ) ;
#137 = EDGE_CURVE ( 'NONE', #2329, #6181, #5670, .T. ) ;
#138 = CARTESIAN_POINT ( 'NONE',  ( 1.316710937842877627, 0.02122440663842930716, -0.6450000000000001288 ) ) ;
#139 = DIRECTION ( 'NONE',  ( -1.000000000000000000, -0.000000000000000000, -0.000000000000000000 ) ) ;
#140 = ORIENTED_EDGE ( 'NONE', *, *, #5721, .T. ) ;
#141 = VERTEX_POINT ( 'NONE', #7579 ) ;
#142 = DIRECTION ( 'NONE',  ( 0.000000000000000000, 0.1736481776669261123, -0.9848077530122089085 ) ) ;
#143 = ORIENTED_EDGE ( 'NONE', *, *, #4415, .F. ) ;
#144 = ORIENTED_EDGE ( 'NONE', *, *, #137, .T. ) ;
#145 = PLANE ( 'NONE',  #2622 ) ;
#146 = CARTESIAN_POINT ( 'NONE',  ( -0.5999999999999996447, 1.050000000000000044, -1.700000000000000178 ) ) ;
#147 = EDGE_CURVE ( 'NONE', #4472, #7138, #1704, .T. ) ;
#148 = EDGE_CURVE ( 'NONE', #2313, #6579, #7618, .T. ) ;
#149 = EDGE_CURVE ( 'NONE', #3606, #1893, #3034, .T. ) ;
#150 = PRESENTATION_STYLE_ASSIGNMENT (( #1992 ) ) ;
#151 = DIRECTION ( 'NONE',  ( 0.000000000000000000, 1.000000000000000000, 0.000000000000000000 ) ) ;
#152 = ORIENTED_EDGE ( 'NONE', *, *, #4273, .F. ) ;
#153 = DIRECTION ( 'NONE',  ( -1.000000000000000000, -4.147447819859882894E-15, 0.000000000000000000 ) ) ;
#154 = LINE ( 'NONE', #112, #3538 ) ;
#155 = DIRECTION ( 'NONE',  ( 1.000000000000000000, -0.000000000000000000, 0.000000000000000000 ) ) ;
#156 = ORIENTED_EDGE ( 'NONE', *, *, #1277, .T. ) ;
#157 = DIRECTION ( 'NONE',  ( -1.000000000000000000, -4.147447819859882894E-15, 0.000000000000000000 ) ) ;
#158 = ORIENTED_EDGE ( 'NONE', *, *, #1237, .F. ) ;
#159 = VECTOR ( 'NONE', #6127, 1000.000000000000114 ) ;
#160 = DIRECTION ( 'NONE',  ( -1.000000000000000000, -0.000000000000000000, 0.000000000000000000 ) ) ;
#161 = VECTOR ( 'NONE', #5420, 1000.000000000000000 ) ;
#162 = CARTESIAN_POINT ( 'NONE',  ( 1.289999999999983826, 0.2000000000000000111, 1.354999999999999760 ) ) ;
#163 = LINE ( 'NONE', #2777, #3450 ) ;
#164 = LINE ( 'NONE', #6004, #5819 ) ;
#165 = PRESENTATION_LAYER_ASSIGNMENT (  '', '', ( #7419 ) ) ;
#166 = DIRECTION ( 'NONE',  ( -0.06975647374411941826, 0.9975640502598246417, 0.000000000000000000 ) ) ;
#167 = AXIS2_PLACEMENT_3D ( 'NONE', #7011, #2475, #515 ) ;
#168 = CIRCLE ( 'NONE', #5674, 0.03921214513997670070 ) ;
#169 = FACE_OUTER_BOUND ( 'NONE', #5815, .T. ) ;
#170 = VERTEX_POINT ( 'NONE', #6990 ) ;
#171 = VERTEX_POINT ( 'NONE', #3719 ) ;
#172 = ORIENTED_EDGE ( 'NONE', *, *, #913, .F. ) ;
#173 = AXIS2_PLACEMENT_3D ( 'NONE', #2060, #1447, #7846 ) ;
#174 =( GEOMETRIC_REPRESENTATION_CONTEXT ( 3 ) GLOBAL_UNCERTAINTY_ASSIGNED_CONTEXT ( ( #4030 ) ) GLOBAL_UNIT_ASSIGNED_CONTEXT ( ( #6034, #7345, #7948 ) ) REPRESENTATION_CONTEXT ( 'NONE', 'WORKASPACE' ) );
#175 = CARTESIAN_POINT ( 'NONE',  ( 1.110787854860023183, 0.4600000000000072919, -0.6450000000000001288 ) ) ;
#176 = CARTESIAN_POINT ( 'NONE',  ( 1.289999999999983604, 0.4207878548600304525, 0.8549999999999998712 ) ) ;
#177 = VECTOR ( 'NONE', #3380, 1000.000000000000000 ) ;
#178 = CYLINDRICAL_SURFACE ( 'NONE', #8202, 0.1792121451399605880 ) ;
#179 = ORIENTED_EDGE ( 'NONE', *, *, #4747, .F. ) ;
#180 = AXIS2_PLACEMENT_3D ( 'NONE', #5618, #1176, #4469 ) ;
#181 = DIRECTION ( 'NONE',  ( -0.000000000000000000, -0.000000000000000000, -1.000000000000000000 ) ) ;
#182 = ORIENTED_EDGE ( 'NONE', *, *, #7454, .F. ) ;
#183 = ORIENTED_EDGE ( 'NONE', *, *, #3518, .T. ) ;
#184 = ORIENTED_EDGE ( 'NONE', *, *, #5457, .T. ) ;
#185 = EDGE_CURVE ( 'NONE', #7138, #4646, #3075, .T. ) ;
#186 = ADVANCED_FACE ( 'NONE', ( #2444 ), #5749, .F. ) ;
#187 = CARTESIAN_POINT ( 'NONE',  ( -0.9999971578016485507, 0.4599838810921712540, 2.025753949382039121 ) ) ;
#188 = LINE ( 'NONE', #4817, #2386 ) ;
#189 = CARTESIAN_POINT ( 'NONE',  ( 1.110787854860023183, 0.4600000000000072919, 1.145000000000000018 ) ) ;
#190 = CARTESIAN_POINT ( 'NONE',  ( 1.329212145139960777, 0.2000000000000000111, 1.855000000000000204 ) ) ;
#191 = EDGE_CURVE ( 'NONE', #8248, #498, #1838, .T. ) ;
#192 = DIRECTION ( 'NONE',  ( -0.000000000000000000, -0.000000000000000000, -1.000000000000000000 ) ) ;
#193 = VERTEX_POINT ( 'NONE', #4479 ) ;
#194 = EDGE_LOOP ( 'NONE', ( #6771, #7438, #3420, #1215 ) ) ;
#195 = CARTESIAN_POINT ( 'NONE',  ( 0.9253769854056940192, 0.4600000000000072919, -2.100000000000000089 ) ) ;
#196 = CARTESIAN_POINT ( 'NONE',  ( -1.110787854860023183, 0.4600000000000070699, -1.145000000000000240 ) ) ;
#197 = ADVANCED_FACE ( 'NONE', ( #1229 ), #7748, .F. ) ;
#198 = DIRECTION ( 'NONE',  ( 0.000000000000000000, 0.000000000000000000, -1.000000000000000000 ) ) ;
#199 = EDGE_CURVE ( 'NONE', #5203, #2055, #3999, .T. ) ;
#200 = EDGE_CURVE ( 'NONE', #634, #7681, #2603, .T. ) ;
#201 = DIRECTION ( 'NONE',  ( -0.000000000000000000, -0.000000000000000000, -1.000000000000000000 ) ) ;
#202 = PLANE ( 'NONE',  #3615 ) ;
#203 = DIRECTION ( 'NONE',  ( 0.000000000000000000, 0.000000000000000000, 1.000000000000000000 ) ) ;
#204 = ORIENTED_EDGE ( 'NONE', *, *, #1658, .T. ) ;
#205 = DIRECTION ( 'NONE',  ( -0.000000000000000000, -0.000000000000000000, -1.000000000000000000 ) ) ;
#206 = CARTESIAN_POINT ( 'NONE',  ( -0.9999999999999995559, 0.4600000000000072919, -0.8550000000000002043 ) ) ;
#207 = EDGE_CURVE ( 'NONE', #5744, #7182, #1442, .T. ) ;
#208 = CARTESIAN_POINT ( 'NONE',  ( 1.329212145139960777, 0.2000000000000000111, 0.8549999999999998712 ) ) ;
#209 = CARTESIAN_POINT ( 'NONE',  ( 1.289999999999983604, 0.4207878548600303970, -1.354999999999999982 ) ) ;
#210 = ORIENTED_EDGE ( 'NONE', *, *, #6684, .F. ) ;
#211 = EDGE_LOOP ( 'NONE', ( #6416, #4923, #6950, #6693, #1308, #3944, #7790, #3981, #7647, #6816, #5707, #7560 ) ) ;
#212 = ORIENTED_EDGE ( 'NONE', *, *, #2232, .F. ) ;
#213 = DIRECTION ( 'NONE',  ( 0.000000000000000000, -0.000000000000000000, 1.000000000000000000 ) ) ;
#214 = DIRECTION ( 'NONE',  ( 0.000000000000000000, 0.000000000000000000, 1.000000000000000000 ) ) ;
#215 = CARTESIAN_POINT ( 'NONE',  ( 1.000000000000000444, 6.851881339845204089, -2.024999999999999911 ) ) ;
#216 = ORIENTED_EDGE ( 'NONE', *, *, #2453, .F. ) ;
#217 = ORIENTED_EDGE ( 'NONE', *, *, #1341, .T. ) ;
#218 = ORIENTED_EDGE ( 'NONE', *, *, #4471, .F. ) ;
#219 = CARTESIAN_POINT ( 'NONE',  ( 1.000000000000000444, 0.4600000000000072919, -2.025000000000000799 ) ) ;
#220 = DIRECTION ( 'NONE',  ( -1.000000000000000000, -0.000000000000000000, 0.000000000000000000 ) ) ;
#221 = EDGE_CURVE ( 'NONE', #4709, #5081, #7267, .T. ) ;
#222 = LINE ( 'NONE', #2840, #3982 ) ;
#223 = PLANE ( 'NONE',  #6981 ) ;
#224 = DIRECTION ( 'NONE',  ( -0.06975647374411922397, 0.9975640502598246417, 0.000000000000000000 ) ) ;
#225 = LINE ( 'NONE', #859, #7349 ) ;
#226 = ORIENTED_EDGE ( 'NONE', *, *, #8170, .T. ) ;
#227 = ORIENTED_EDGE ( 'NONE', *, *, #221, .F. ) ;
#228 = CARTESIAN_POINT ( 'NONE',  ( -0.9249999999999998224, 0.5999999999999912070, -2.100000000000000089 ) ) ;
#229 = VECTOR ( 'NONE', #5477, 1000.000000000000000 ) ;
#230 = DIRECTION ( 'NONE',  ( 0.000000000000000000, -1.000000000000000000, 0.000000000000000000 ) ) ;
#231 = AXIS2_PLACEMENT_3D ( 'NONE', #7266, #3446, #4602 ) ;
#232 = LINE ( 'NONE', #4089, #8397 ) ;
#233 = FACE_OUTER_BOUND ( 'NONE', #2134, .T. ) ;
#234 = AXIS2_PLACEMENT_3D ( 'NONE', #2240, #4851, #6230 ) ;
#235 =( BOUNDED_SURFACE ( )  B_SPLINE_SURFACE ( 3, 3, ( 
 ( #2820, #2319, #4931, #6859 ),
 ( #1708, #2863, #4975, #4794 ),
 ( #876, #2223, #5454, #1608 ),
 ( #6907, #1524, #6170, #3585 ) ),
 .UNSPECIFIED., .F., .F., .F. ) 
 B_SPLINE_SURFACE_WITH_KNOTS ( ( 4, 4 ),
 ( 4, 4 ),
 ( 0.000000000000000000, 1.000000000000000000 ),
 ( 0.000000000000000000, 1.000000000000000000 ),
 .UNSPECIFIED. ) 
 GEOMETRIC_REPRESENTATION_ITEM ( )  RATIONAL_B_SPLINE_SURFACE ( (
 ( 1.000000000000000000, 0.8422301520436672462, 0.8422301520436672462, 1.000000000000000000),
 ( 0.8422301520436528133, 0.7093516290114867395, 0.7093516290114867395, 0.8422301520436528133),
 ( 0.8422301520436528133, 0.7093516290114867395, 0.7093516290114867395, 0.8422301520436528133),
 ( 1.000000000000000000, 0.8422301520436672462, 0.8422301520436672462, 1.000000000000000000) ) ) 
 REPRESENTATION_ITEM ( '' )  SURFACE ( )  );
#236 = ORIENTED_EDGE ( 'NONE', *, *, #7123, .F. ) ;
#237 = ADVANCED_FACE ( 'NONE', ( #1310 ), #7186, .F. ) ;
#238 = CARTESIAN_POINT ( 'NONE',  ( 1.629999999999999671, 0.1396589670363575786, 0.1449999999999999067 ) ) ;
#239 = EDGE_CURVE ( 'NONE', #2568, #8312, #7877, .T. ) ;
#240 = ORIENTED_EDGE ( 'NONE', *, *, #4415, .T. ) ;
#241 = ADVANCED_FACE ( 'NONE', ( #3198 ), #3234, .T. ) ;
#242 = CARTESIAN_POINT ( 'NONE',  ( -1.110787854860023183, 0.4207878548600303970, -1.645000000000000240 ) ) ;
#243 = CARTESIAN_POINT ( 'NONE',  ( -1.316710937842878071, 0.02122440663842927941, -1.354999999999999982 ) ) ;
#244 = CARTESIAN_POINT ( 'NONE',  ( -1.150000000000000133, 0.4207878548600303970, -1.145000000000000240 ) ) ;
#245 = LINE ( 'NONE', #5491, #4252 ) ;
#246 = AXIS2_PLACEMENT_3D ( 'NONE', #121, #2735, #7319 ) ;
#247 = VERTEX_POINT ( 'NONE', #5962 ) ;
#248 = EDGE_CURVE ( 'NONE', #7288, #7681, #6393, .T. ) ;
#249 = VECTOR ( 'NONE', #4777, 1000.000000000000000 ) ;
#250 = EDGE_CURVE ( 'NONE', #546, #688, #5842, .T. ) ;
#251 = VECTOR ( 'NONE', #6834, 1000.000000000000000 ) ;
#252 = CARTESIAN_POINT ( 'NONE',  ( -1.110787854860023183, 0.4207878548600303970, -1.645000000000000240 ) ) ;
#253 = EDGE_LOOP ( 'NONE', ( #74, #6995, #6845, #4058 ) ) ;
#254 = VECTOR ( 'NONE', #7489, 1000.000000000000000 ) ;
#255 = ORIENTED_EDGE ( 'NONE', *, *, #1086, .T. ) ;
#256 = VECTOR ( 'NONE', #2357, 999.9999999999998863 ) ;
#257 = CYLINDRICAL_SURFACE ( 'NONE', #4083, 0.03921214513997670070 ) ;
#258 = VECTOR ( 'NONE', #7441, 1000.000000000000000 ) ;
#259 = CIRCLE ( 'NONE', #525, 0.07499999999999974742 ) ;
#260 = FACE_OUTER_BOUND ( 'NONE', #4762, .T. ) ;
#261 = CARTESIAN_POINT ( 'NONE',  ( -1.110787854860023183, 0.5999999999999910960, 0.8549999999999998712 ) ) ;
#262 = EDGE_LOOP ( 'NONE', ( #5769, #275, #4483, #3468 ) ) ;
#263 = ORIENTED_EDGE ( 'NONE', *, *, #1874, .F. ) ;
#264 = ORIENTED_EDGE ( 'NONE', *, *, #5911, .T. ) ;
#265 = CARTESIAN_POINT ( 'NONE',  ( -1.289999999999983826, 0.2000000000000000111, -1.645000000000000240 ) ) ;
#266 = DIRECTION ( 'NONE',  ( -1.000000000000000000, 0.000000000000000000, 0.000000000000000000 ) ) ;
#267 = CARTESIAN_POINT ( 'NONE',  ( 1.000000000000000000, 0.4207878548600303970, 0.6449999999999999067 ) ) ;
#268 = CARTESIAN_POINT ( 'NONE',  ( -1.316710937842878071, 0.02122440663842932104, -0.6450000000000001288 ) ) ;
#269 = DIRECTION ( 'NONE',  ( 0.9975640502598245307, 0.06975647374412038970, 0.000000000000000000 ) ) ;
#270 = LINE ( 'NONE', #4299, #8260 ) ;
#271 = SURFACE_SIDE_STYLE ('',( #894 ) ) ;
#272 = ORIENTED_EDGE ( 'NONE', *, *, #6963, .T. ) ;
#273 = CARTESIAN_POINT ( 'NONE',  ( -1.329212145139960777, 0.2000000000000000111, -0.3550000000000000377 ) ) ;
#274 = VERTEX_POINT ( 'NONE', #4647 ) ;
#275 = ORIENTED_EDGE ( 'NONE', *, *, #250, .F. ) ;
#276 = CARTESIAN_POINT ( 'NONE',  ( 1.329212145139960777, 0.2000000000000000111, -1.354999999999999982 ) ) ;
#277 = CARTESIAN_POINT ( 'NONE',  ( 0.8735898146066560788, 0.1000000000000000472, 2.011939828497726346 ) ) ;
#278 = CARTESIAN_POINT ( 'NONE',  ( 0.000000000000000000, 0.1000000000000000056, -1.973589814606655946 ) ) ;
#279 = LINE ( 'NONE', #1558, #6501 ) ;
#280 = VERTEX_POINT ( 'NONE', #2045 ) ;
#281 = DIRECTION ( 'NONE',  ( 1.000000000000000000, 1.964242413918717925E-15, -0.000000000000000000 ) ) ;
#282 = DIRECTION ( 'NONE',  ( 0.000000000000000000, 0.000000000000000000, 1.000000000000000000 ) ) ;
#283 = ORIENTED_EDGE ( 'NONE', *, *, #5240, .T. ) ;
#284 = CARTESIAN_POINT ( 'NONE',  ( -0.9999999999999995559, 0.4600000000000072919, -1.855000000000000204 ) ) ;
#285 = EDGE_CURVE ( 'NONE', #6098, #5209, #3277, .T. ) ;
#286 = EDGE_CURVE ( 'NONE', #6604, #1179, #3957, .T. ) ;
#287 = CARTESIAN_POINT ( 'NONE',  ( 1.000000000000000000, 0.4600000000000070144, 1.645000000000000018 ) ) ;
#288 = CARTESIAN_POINT ( 'NONE',  ( -0.9249999999999998224, 0.5999999999999912070, 2.100000000000000089 ) ) ;
#289 = AXIS2_PLACEMENT_3D ( 'NONE', #5584, #1609, #5676 ) ;
#290 = ORIENTED_EDGE ( 'NONE', *, *, #3155, .T. ) ;
#291 = VECTOR ( 'NONE', #8212, 1000.000000000000000 ) ;
#292 = DIRECTION ( 'NONE',  ( 0.000000000000000000, 0.000000000000000000, 1.000000000000000000 ) ) ;
#293 = ORIENTED_EDGE ( 'NONE', *, *, #7951, .F. ) ;
#294 = ORIENTED_EDGE ( 'NONE', *, *, #2307, .T. ) ;
#295 = CARTESIAN_POINT ( 'NONE',  ( -1.326476844167053359, 0.1608833736747886656, -1.855000000000000204 ) ) ;
#296 = CIRCLE ( 'NONE', #2898, 0.1792121451399605880 ) ;
#297 = EDGE_CURVE ( 'NONE', #789, #2976, #6588, .T. ) ;
#298 = AXIS2_PLACEMENT_3D ( 'NONE', #553, #5039, #3136 ) ;
#299 = EDGE_CURVE ( 'NONE', #7483, #6082, #4520, .T. ) ;
#300 = CARTESIAN_POINT ( 'NONE',  ( 0.8735898146066566339, 0.1000000000000000056, 1.973589814606656390 ) ) ;
#301 = EDGE_LOOP ( 'NONE', ( #4284, #3787, #7843, #6545, #1986, #1725, #2601, #4571, #2353, #4343, #6371, #7502 ) ) ;
#302 = CARTESIAN_POINT ( 'NONE',  ( -1.326476844167053359, 0.1608833736747886656, 1.644999999999999796 ) ) ;
#303 = EDGE_CURVE ( 'NONE', #688, #2039, #2644, .T. ) ;
#304 = ORIENTED_EDGE ( 'NONE', *, *, #6269, .T. ) ;
#305 = VECTOR ( 'NONE', #2856, 1000.000000000000000 ) ;
#306 = ORIENTED_EDGE ( 'NONE', *, *, #5565, .T. ) ;
#307 = ORIENTED_EDGE ( 'NONE', *, *, #7789, .F. ) ;
#308 = CARTESIAN_POINT ( 'NONE',  ( 1.289999999999983604, 0.4207878548600305080, 1.855000000000000204 ) ) ;
#309 = CARTESIAN_POINT ( 'NONE',  ( -0.8799325952881577040, 0.1625956094184517198, 2.047556909279222292 ) ) ;
#310 = AXIS2_PLACEMENT_3D ( 'NONE', #5442, #8179, #3452 ) ;
#311 = AXIS2_PLACEMENT_3D ( 'NONE', #2681, #6627, #5309 ) ;
#312 = LINE ( 'NONE', #773, #3741 ) ;
#313 = CARTESIAN_POINT ( 'NONE',  ( -1.326476844167053359, 0.1608833736747886656, 0.3549999999999999267 ) ) ;
#314 = FACE_OUTER_BOUND ( 'NONE', #2532, .T. ) ;
#315 = ORIENTED_EDGE ( 'NONE', *, *, #1481, .F. ) ;
#316 = ORIENTED_EDGE ( 'NONE', *, *, #6580, .T. ) ;
#317 = VECTOR ( 'NONE', #220, 1000.000000000000000 ) ;
#318 = CARTESIAN_POINT ( 'NONE',  ( 1.000000000000000000, 0.4600000000000065703, 1.855000000000000204 ) ) ;
#319 = DIRECTION ( 'NONE',  ( 1.000000000000000000, 0.000000000000000000, -0.000000000000000000 ) ) ;
#320 = CARTESIAN_POINT ( 'NONE',  ( 0.8489040373074719925, 1.100000000000000089, -1.948904037307471748 ) ) ;
#321 = LINE ( 'NONE', #2942, #6914 ) ;
#322 = VECTOR ( 'NONE', #5405, 1000.000000000000000 ) ;
#323 = EDGE_LOOP ( 'NONE', ( #742, #1710, #38, #5895 ) ) ;
#324 = DIRECTION ( 'NONE',  ( 0.1710878697460323783, -0.9702875252478150303, -0.1710878697460323783 ) ) ;
#325 = CARTESIAN_POINT ( 'NONE',  ( -0.8489040373074708823, 1.037404390581548652, 2.022871131980038317 ) ) ;
#326 = ORIENTED_EDGE ( 'NONE', *, *, #4815, .T. ) ;
#327 = CARTESIAN_POINT ( 'NONE',  ( 1.110787854860023183, 0.4207878548600303970, 1.354999999999999760 ) ) ;
#328 = DIRECTION ( 'NONE',  ( -0.9975640502598243087, 0.06975647374412463630, -0.000000000000000000 ) ) ;
#329 = VECTOR ( 'NONE', #6088, 1000.000000000000000 ) ;
#330 = CARTESIAN_POINT ( 'NONE',  ( 1.329212145139960777, 0.2000000000000000111, -0.6450000000000001288 ) ) ;
#331 = FACE_OUTER_BOUND ( 'NONE', #2207, .T. ) ;
#332 = VERTEX_POINT ( 'NONE', #7904 ) ;
#333 = EDGE_CURVE ( 'NONE', #2832, #1628, #1388, .T. ) ;
#334 = FACE_BOUND ( 'NONE', #3553, .T. ) ;
#335 = ORIENTED_EDGE ( 'NONE', *, *, #3490, .T. ) ;
#336 = EDGE_CURVE ( 'NONE', #4231, #2365, #2559, .T. ) ;
#337 = CARTESIAN_POINT ( 'NONE',  ( 1.150000000000000133, 0.2000000000000000111, -1.145000000000000240 ) ) ;
#338 = ORIENTED_EDGE ( 'NONE', *, *, #5390, .T. ) ;
#339 = DIRECTION ( 'NONE',  ( -0.000000000000000000, -0.000000000000000000, -1.000000000000000000 ) ) ;
#340 = CARTESIAN_POINT ( 'NONE',  ( -0.8489040373074708823, 1.075226245357215893, -2.016528351298535693 ) ) ;
#341 = CARTESIAN_POINT ( 'NONE',  ( -1.110787854860023183, 0.4207878548600303970, 0.3549999999999999267 ) ) ;
#342 = VERTEX_POINT ( 'NONE', #1875 ) ;
#343 = ORIENTED_EDGE ( 'NONE', *, *, #6789, .T. ) ;
#344 = ADVANCED_FACE ( 'NONE', ( #6038 ), #823, .T. ) ;
#345 = VERTEX_POINT ( 'NONE', #736 ) ;
#346 = EDGE_CURVE ( 'NONE', #193, #3607, #3361, .T. ) ;
#347 = ORIENTED_EDGE ( 'NONE', *, *, #8451, .T. ) ;
#348 = ADVANCED_FACE ( 'NONE', ( #111 ), #4166, .F. ) ;
#349 = FACE_OUTER_BOUND ( 'NONE', #6103, .T. ) ;
#350 = CARTESIAN_POINT ( 'NONE',  ( -1.110787854860023183, 0.4207878548600303970, 0.1449999999999999345 ) ) ;
#351 = FACE_OUTER_BOUND ( 'NONE', #6710, .T. ) ;
#352 = LINE ( 'NONE', #6927, #377 ) ;
#353 = EDGE_CURVE ( 'NONE', #1824, #5737, #6674, .T. ) ;
#354 = CARTESIAN_POINT ( 'NONE',  ( 0.9999914734049480947, 0.6000483567234959903, 2.026130891929032618 ) ) ;
#355 = DIRECTION ( 'NONE',  ( 0.1736481776669271393, 0.9848077530122086864, 0.000000000000000000 ) ) ;
#356 = ADVANCED_FACE ( 'NONE', ( #6801 ), #8088, .F. ) ;
#357 = LINE ( 'NONE', #858, #7496 ) ;
#358 = DIRECTION ( 'NONE',  ( -0.000000000000000000, -0.000000000000000000, -1.000000000000000000 ) ) ;
#359 = AXIS2_PLACEMENT_3D ( 'NONE', #6547, #8481, #651 ) ;
#360 = EDGE_LOOP ( 'NONE', ( #1174, #457, #6262, #8119, #4400, #6264, #3511, #6787, #5870, #1493, #4805, #1233 ) ) ;
#361 = CARTESIAN_POINT ( 'NONE',  ( 1.110787854860023183, 0.4207878548600303970, -0.1450000000000001565 ) ) ;
#362 = DIRECTION ( 'NONE',  ( 0.000000000000000000, 0.000000000000000000, 1.000000000000000000 ) ) ;
#363 = PLANE ( 'NONE',  #4281 ) ;
#364 = CARTESIAN_POINT ( 'NONE',  ( 1.150000000000000133, 0.2000000000000000111, -0.6450000000000001288 ) ) ;
#365 = FACE_OUTER_BOUND ( 'NONE', #1588, .T. ) ;
#366 = CARTESIAN_POINT ( 'NONE',  ( 1.326476844167053137, 0.1608833736747886656, -1.145000000000000240 ) ) ;
#367 = CARTESIAN_POINT ( 'NONE',  ( 1.629999999999999671, 0.1396589670363576063, -0.1450000000000001565 ) ) ;
#368 = DIRECTION ( 'NONE',  ( 1.000000000000000000, -9.821212069593589627E-16, 0.000000000000000000 ) ) ;
#369 = EDGE_CURVE ( 'NONE', #1652, #2703, #5095, .T. ) ;
#370 = VECTOR ( 'NONE', #6745, 1000.000000000000000 ) ;
#371 = LINE ( 'NONE', #2274, #3439 ) ;
#372 = DIRECTION ( 'NONE',  ( 0.000000000000000000, 0.000000000000000000, 1.000000000000000000 ) ) ;
#373 = DIRECTION ( 'NONE',  ( -0.1710878697460326836, -0.9702875252478149193, 0.1710878697460326836 ) ) ;
#374 = ORIENTED_EDGE ( 'NONE', *, *, #346, .T. ) ;
#375 = DIRECTION ( 'NONE',  ( -0.000000000000000000, -0.000000000000000000, -1.000000000000000000 ) ) ;
#376 = ORIENTED_EDGE ( 'NONE', *, *, #7198, .F. ) ;
#377 = VECTOR ( 'NONE', #2930, 999.9999999999998863 ) ;
#378 = CARTESIAN_POINT ( 'NONE',  ( -1.629999999999999671, 0.1396589670363589109, -1.855000000000000204 ) ) ;
#379 = VECTOR ( 'NONE', #4632, 1000.000000000000000 ) ;
#380 = EDGE_CURVE ( 'NONE', #5613, #2420, #3228, .T. ) ;
#381 = ORIENTED_EDGE ( 'NONE', *, *, #5171, .F. ) ;
#382 = DIRECTION ( 'NONE',  ( -0.1710878697460322395, 0.9702875252478151413, -0.1710878697460318787 ) ) ;
#383 = VECTOR ( 'NONE', #5410, 1000.000000000000000 ) ;
#384 = CARTESIAN_POINT ( 'NONE',  ( -0.9999999999999995559, 0.4600000000000072919, 1.145000000000000018 ) ) ;
#385 = ORIENTED_EDGE ( 'NONE', *, *, #5669, .F. ) ;
#386 = ORIENTED_EDGE ( 'NONE', *, *, #4578, .T. ) ;
#387 = MECHANICAL_DESIGN_GEOMETRIC_PRESENTATION_REPRESENTATION (  '', ( #3260 ), #6695 ) ;
#388 = ORIENTED_EDGE ( 'NONE', *, *, #3950, .T. ) ;
#389 = ORIENTED_EDGE ( 'NONE', *, *, #286, .T. ) ;
#390 = CIRCLE ( 'NONE', #2851, 0.07499999999999998335 ) ;
#391 = CARTESIAN_POINT ( 'NONE',  ( 1.326476844167053359, 0.1608833736747886656, 1.354999999999999760 ) ) ;
#392 = AXIS2_PLACEMENT_3D ( 'NONE', #4703, #4143, #6776 ) ;
#393 = ADVANCED_FACE ( 'NONE', ( #8042 ), #2169, .F. ) ;
#394 = PLANE ( 'NONE',  #2213 ) ;
#395 = EDGE_CURVE ( 'NONE', #274, #1165, #4690, .T. ) ;
#396 = LINE ( 'NONE', #1775, #3187 ) ;
#397 = DIRECTION ( 'NONE',  ( -0.000000000000000000, -0.000000000000000000, -1.000000000000000000 ) ) ;
#398 = DIRECTION ( 'NONE',  ( 0.000000000000000000, 0.000000000000000000, 1.000000000000000000 ) ) ;
#399 = DIRECTION ( 'NONE',  ( -1.000000000000000000, -6.912413033099766695E-16, 0.000000000000000000 ) ) ;
#400 = ORIENTED_EDGE ( 'NONE', *, *, #4981, .F. ) ;
#401 = SURFACE_SIDE_STYLE ('',( #4908 ) ) ;
#402 = DIRECTION ( 'NONE',  ( -1.000000000000000000, -6.850403608759735123E-15, 0.000000000000000000 ) ) ;
#403 = ORIENTED_EDGE ( 'NONE', *, *, #4040, .F. ) ;
#404 = DIRECTION ( 'NONE',  ( -1.000000000000000000, 0.000000000000000000, 0.000000000000000000 ) ) ;
#405 = DIRECTION ( 'NONE',  ( 0.000000000000000000, 0.000000000000000000, 1.000000000000000000 ) ) ;
#406 = EDGE_CURVE ( 'NONE', #1373, #3766, #5521, .T. ) ;
#407 = ADVANCED_FACE ( 'NONE', ( #864 ), #4729, .T. ) ;
#408 = CARTESIAN_POINT ( 'NONE',  ( 0.8872540511985428369, 1.099999999999999645, -1.987254051198542593 ) ) ;
#409 = CARTESIAN_POINT ( 'NONE',  ( 1.110787854860023183, 0.4600000000000072919, -0.3550000000000000377 ) ) ;
#410 = ADVANCED_FACE ( 'NONE', ( #7348 ), #3447, .T. ) ;
#411 = FACE_OUTER_BOUND ( 'NONE', #7393, .T. ) ;
#412 = ORIENTED_EDGE ( 'NONE', *, *, #1437, .F. ) ;
#413 = CARTESIAN_POINT ( 'NONE',  ( 1.110787854860023183, 0.5999999999999907629, -1.855000000000000204 ) ) ;
#414 = CARTESIAN_POINT ( 'NONE',  ( -0.8872540511985421707, 1.100000000000000755, 1.948904037307471082 ) ) ;
#415 = ORIENTED_EDGE ( 'NONE', *, *, #3712, .T. ) ;
#416 = FACE_OUTER_BOUND ( 'NONE', #2714, .T. ) ;
#417 = DIRECTION ( 'NONE',  ( 1.000000000000000000, -9.786290869656726145E-16, 0.000000000000000000 ) ) ;
#418 = CARTESIAN_POINT ( 'NONE',  ( 1.000000000000000000, 0.5999999999999903189, -0.1450000000000001565 ) ) ;
#419 = ORIENTED_EDGE ( 'NONE', *, *, #2659, .F. ) ;
#420 = LINE ( 'NONE', #6263, #6565 ) ;
#421 = ORIENTED_EDGE ( 'NONE', *, *, #5388, .F. ) ;
#422 =( NAMED_UNIT ( * ) SI_UNIT ( $, .STERADIAN. ) SOLID_ANGLE_UNIT ( ) );
#423 = CARTESIAN_POINT ( 'NONE',  ( -0.9228711319800371182, 1.037404390581548208, -1.955246817988973929 ) ) ;
#424 = ORIENTED_EDGE ( 'NONE', *, *, #3488, .F. ) ;
#425 = CYLINDRICAL_SURFACE ( 'NONE', #5275, 0.03921214513997691581 ) ;
#426 = ORIENTED_EDGE ( 'NONE', *, *, #962, .F. ) ;
#427 = EDGE_LOOP ( 'NONE', ( #1929, #8425, #6111, #5831 ) ) ;
#428 = ORIENTED_EDGE ( 'NONE', *, *, #7636, .T. ) ;
#429 = VECTOR ( 'NONE', #4767, 1000.000000000000000 ) ;
#430 = VECTOR ( 'NONE', #5027, 1000.000000000000000 ) ;
#431 = CYLINDRICAL_SURFACE ( 'NONE', #519, 0.1792121451399605880 ) ;
#432 = CARTESIAN_POINT ( 'NONE',  ( 1.620234093675824161, -1.496544593801257044E-15, 0.8549999999999998712 ) ) ;
#433 = PLANE ( 'NONE',  #712 ) ;
#434 = CARTESIAN_POINT ( 'NONE',  ( 1.150000000000000133, 0.1999999999999998168, -1.645000000000000240 ) ) ;
#435 = VECTOR ( 'NONE', #3008, 1000.000000000000000 ) ;
#436 = CARTESIAN_POINT ( 'NONE',  ( 1.329212145139960777, 0.2000000000000000111, 0.8549999999999998712 ) ) ;
#437 = CARTESIAN_POINT ( 'NONE',  ( -1.329212145139960777, 0.2000000000000000111, -1.855000000000000204 ) ) ;
#438 = ORIENTED_EDGE ( 'NONE', *, *, #1327, .F. ) ;
#439 = DIRECTION ( 'NONE',  ( -0.000000000000000000, 0.000000000000000000, 1.000000000000000000 ) ) ;
#440 = EDGE_CURVE ( 'NONE', #1455, #9, #8132, .T. ) ;
#441 = VERTEX_POINT ( 'NONE', #7477 ) ;
#442 = AXIS2_PLACEMENT_3D ( 'NONE', #2991, #6383, #5706 ) ;
#443 = EDGE_CURVE ( 'NONE', #4942, #441, #2143, .T. ) ;
#444 = CYLINDRICAL_SURFACE ( 'NONE', #616, 0.03921214513997670070 ) ;
#445 = AXIS2_PLACEMENT_3D ( 'NONE', #3409, #1273, #7147 ) ;
#446 = CARTESIAN_POINT ( 'NONE',  ( 0.9119398284977271452, 0.09999999999999968636, 1.973589814606656390 ) ) ;
#447 = AXIS2_PLACEMENT_3D ( 'NONE', #1561, #5531, #2945 ) ;
#448 = CARTESIAN_POINT ( 'NONE',  ( 1.316710937842877627, 0.02122440663842930716, 0.3549999999999999267 ) ) ;
#449 = CARTESIAN_POINT ( 'NONE',  ( 0.8872540511985427258, 1.037404390581548652, 2.022871131980038317 ) ) ;
#450 = CIRCLE ( 'NONE', #4684, 0.1792121451399605880 ) ;
#451 = EDGE_CURVE ( 'NONE', #1931, #1019, #763, .T. ) ;
#452 = LINE ( 'NONE', #1698, #7449 ) ;
#453 = EDGE_LOOP ( 'NONE', ( #6356, #7076, #7356, #2430 ) ) ;
#454 = VECTOR ( 'NONE', #8008, 1000.000000000000000 ) ;
#455 = DIRECTION ( 'NONE',  ( -0.000000000000000000, -1.000000000000000000, -0.000000000000000000 ) ) ;
#456 = CARTESIAN_POINT ( 'NONE',  ( -0.9228711319800371182, 1.027051585409328283, 1.961137593740816421 ) ) ;
#457 = ORIENTED_EDGE ( 'NONE', *, *, #7825, .T. ) ;
#459 = EDGE_CURVE ( 'NONE', #3803, #7675, #8175, .T. ) ;
#458 = DIRECTION ( 'NONE',  ( 0.000000000000000000, 0.000000000000000000, -1.000000000000000000 ) ) ;
#460 = DIRECTION ( 'NONE',  ( 0.000000000000000000, -0.000000000000000000, -1.000000000000000000 ) ) ;
#461 = EDGE_CURVE ( 'NONE', #7621, #1115, #1094, .T. ) ;
#462 = ADVANCED_FACE ( 'NONE', ( #5698 ), #1692, .F. ) ;
#463 = ORIENTED_EDGE ( 'NONE', *, *, #5822, .T. ) ;
#464 = VECTOR ( 'NONE', #5076, 1000.000000000000000 ) ;
#465 = CARTESIAN_POINT ( 'NONE',  ( 1.620234093675824161, -1.485875369962032561E-15, 0.3549999999999999267 ) ) ;
#466 = ORIENTED_EDGE ( 'NONE', *, *, #6788, .F. ) ;
#467 = SURFACE_STYLE_FILL_AREA ( #3432 ) ;
#468 = PLANE ( 'NONE',  #4834 ) ;
#469 = LINE ( 'NONE', #7672, #5242 ) ;
#470 = LINE ( 'NONE', #8329, #7965 ) ;
#471 = CARTESIAN_POINT ( 'NONE',  ( -1.316710937842878071, 0.02122440663842936268, -0.1450000000000001565 ) ) ;
#472 = VERTEX_POINT ( 'NONE', #3707 ) ;
#473 = EDGE_LOOP ( 'NONE', ( #4990, #6493, #2721 ) ) ;
#474 = ORIENTED_EDGE ( 'NONE', *, *, #4528, .F. ) ;
#475 = CARTESIAN_POINT ( 'NONE',  ( -1.289999999999983826, 0.4207878548600303970, 0.8549999999999998712 ) ) ;
#476 = ADVANCED_FACE ( 'NONE', ( #8176 ), #4304, .F. ) ;
#477 = LINE ( 'NONE', #4296, #7842 ) ;
#478 = DIRECTION ( 'NONE',  ( 0.000000000000000000, 0.000000000000000000, 1.000000000000000000 ) ) ;
#479 = DIRECTION ( 'NONE',  ( -0.000000000000000000, -1.000000000000000000, -0.000000000000000000 ) ) ;
#480 = PRESENTATION_STYLE_ASSIGNMENT (( #1734 ) ) ;
#481 =( NAMED_UNIT ( * ) PLANE_ANGLE_UNIT ( ) SI_UNIT ( $, .RADIAN. ) );
#482 = DIRECTION ( 'NONE',  ( -1.000000000000000000, 0.000000000000000000, -0.000000000000000000 ) ) ;
#483 = ORIENTED_EDGE ( 'NONE', *, *, #6683, .F. ) ;
#484 = CARTESIAN_POINT ( 'NONE',  ( 1.000000000000000000, 0.4207878548600303970, -0.3550000000000000377 ) ) ;
#485 = DIRECTION ( 'NONE',  ( 0.9975640502598245307, 0.06975647374412038970, 0.000000000000000000 ) ) ;
#486 = ADVANCED_FACE ( 'NONE', ( #8269 ), #444, .F. ) ;
#487 = CARTESIAN_POINT ( 'NONE',  ( 1.110787854860023183, 0.4207878548600303970, 1.145000000000000018 ) ) ;
#488 = AXIS2_PLACEMENT_3D ( 'NONE', #2685, #7144, #7821 ) ;
#489 = VERTEX_POINT ( 'NONE', #946 ) ;
#490 = DIRECTION ( 'NONE',  ( 1.000000000000000000, 0.000000000000000000, -0.000000000000000000 ) ) ;
#491 = FACE_OUTER_BOUND ( 'NONE', #7666, .T. ) ;
#492 = VERTEX_POINT ( 'NONE', #4913 ) ;
#493 = DIRECTION ( 'NONE',  ( -0.000000000000000000, -0.000000000000000000, -1.000000000000000000 ) ) ;
#494 = FACE_OUTER_BOUND ( 'NONE', #507, .T. ) ;
#495 = EDGE_CURVE ( 'NONE', #838, #7811, #6933, .T. ) ;
#496 = EDGE_CURVE ( 'NONE', #996, #3502, #3567, .T. ) ;
#497 = DIRECTION ( 'NONE',  ( 0.06975647374412365098, 0.9975640502598244197, -0.000000000000000000 ) ) ;
#498 = VERTEX_POINT ( 'NONE', #6203 ) ;
#499 = DIRECTION ( 'NONE',  ( -1.000000000000000000, -0.000000000000000000, 0.000000000000000000 ) ) ;
#500 = AXIS2_PLACEMENT_3D ( 'NONE', #5043, #3747, #1783 ) ;
#501 = LINE ( 'NONE', #3159, #8103 ) ;
#502 = CARTESIAN_POINT ( 'NONE',  ( 1.329212145139960777, 0.2000000000000000111, -0.1450000000000001565 ) ) ;
#503 = CIRCLE ( 'NONE', #5734, 0.1792121451399605880 ) ;
#504 = EDGE_CURVE ( 'NONE', #5108, #1007, #3023, .T. ) ;
#505 = CARTESIAN_POINT ( 'NONE',  ( -1.620234093675824161, -2.083034977450064059E-16, 1.354999999999999760 ) ) ;
#506 = PLANE ( 'NONE',  #4151 ) ;
#507 = EDGE_LOOP ( 'NONE', ( #2032, #6888, #2948, #7870 ) ) ;
#508 = ORIENTED_EDGE ( 'NONE', *, *, #8004, .F. ) ;
#509 = ORIENTED_EDGE ( 'NONE', *, *, #913, .T. ) ;
#510 = COLOUR_RGB ( '',0.7921568627450980005, 0.8196078431372548767, 0.9333333333333333481 ) ;
#511 = CYLINDRICAL_SURFACE ( 'NONE', #3936, 0.07500000000000020539 ) ;
#512 = AXIS2_PLACEMENT_3D ( 'NONE', #5256, #7851, #8459 ) ;
#513 = CARTESIAN_POINT ( 'NONE',  ( -0.9999999999999995559, 0.4600000000000072919, -1.354999999999999982 ) ) ;
#514 = AXIS2_PLACEMENT_3D ( 'NONE', #6045, #1480, #6811 ) ;
#515 = DIRECTION ( 'NONE',  ( 0.000000000000000000, 0.1736481776669261123, -0.9848077530122089085 ) ) ;
#516 = LINE ( 'NONE', #7175, #3269 ) ;
#517 = DIRECTION ( 'NONE',  ( -0.1710878697460327114, -0.9702875252478150303, 0.1710878697460327114 ) ) ;
#518 = EDGE_LOOP ( 'NONE', ( #6781, #3220, #668, #3051 ) ) ;
#519 = AXIS2_PLACEMENT_3D ( 'NONE', #5470, #2877, #1544 ) ;
#520 = AXIS2_PLACEMENT_3D ( 'NONE', #1686, #7012, #7514 ) ;
#521 = CARTESIAN_POINT ( 'NONE',  ( 1.316710937842877627, 0.02122440663842930716, 1.354999999999999760 ) ) ;
#522 = LINE ( 'NONE', #3141, #6210 ) ;
#523 = CARTESIAN_POINT ( 'NONE',  ( 0.8872540511985427258, 1.100000000000000977, 1.948904037307471082 ) ) ;
#524 = AXIS2_PLACEMENT_3D ( 'NONE', #1512, #4130, #7351 ) ;
#525 = AXIS2_PLACEMENT_3D ( 'NONE', #6130, #373, #5493 ) ;
#526 = ORIENTED_EDGE ( 'NONE', *, *, #727, .F. ) ;
#527 = CARTESIAN_POINT ( 'NONE',  ( 1.329212145139960777, 0.2000000000000000111, -1.354999999999999982 ) ) ;
#528 = LINE ( 'NONE', #2600, #5647 ) ;
#529 = ORIENTED_EDGE ( 'NONE', *, *, #8326, .F. ) ;
#530 = DIRECTION ( 'NONE',  ( -1.000000000000000000, 0.000000000000000000, 0.000000000000000000 ) ) ;
#531 = DIRECTION ( 'NONE',  ( 9.821212069593589627E-16, 1.000000000000000000, 0.000000000000000000 ) ) ;
#532 = LINE ( 'NONE', #3152, #3036 ) ;
#533 = VERTEX_POINT ( 'NONE', #5656 ) ;
#534 = ORIENTED_EDGE ( 'NONE', *, *, #1230, .F. ) ;
#535 = EDGE_LOOP ( 'NONE', ( #1922, #5478, #5650, #2997 ) ) ;
#536 = DIRECTION ( 'NONE',  ( 0.000000000000000000, 0.000000000000000000, 1.000000000000000000 ) ) ;
#537 = DIRECTION ( 'NONE',  ( 0.000000000000000000, -0.000000000000000000, 1.000000000000000000 ) ) ;
#538 = ADVANCED_FACE ( 'NONE', ( #4250 ), #3062, .T. ) ;
#539 = EDGE_CURVE ( 'NONE', #6672, #4737, #8224, .T. ) ;
#540 = DIRECTION ( 'NONE',  ( -9.821212069593589627E-16, 1.000000000000000000, -0.000000000000000000 ) ) ;
#541 = DIRECTION ( 'NONE',  ( 0.000000000000000000, 0.000000000000000000, 1.000000000000000000 ) ) ;
#542 = VERTEX_POINT ( 'NONE', #6294 ) ;
#543 = LINE ( 'NONE', #4496, #6835 ) ;
#544 = VERTEX_POINT ( 'NONE', #318 ) ;
#545 = EDGE_LOOP ( 'NONE', ( #4651, #5936, #4915 ) ) ;
#546 = VERTEX_POINT ( 'NONE', #6847 ) ;
#547 = EDGE_CURVE ( 'NONE', #4324, #5539, #4958, .T. ) ;
#548 = EDGE_CURVE ( 'NONE', #3317, #6082, #5045, .T. ) ;
#549 = DIRECTION ( 'NONE',  ( 3.540705920434613265E-31, -1.224646799147353207E-16, 1.000000000000000000 ) ) ;
#550 = DIRECTION ( 'NONE',  ( -0.06975647374411922397, 0.9975640502598246417, 0.000000000000000000 ) ) ;
#551 = LINE ( 'NONE', #4462, #6551 ) ;
#552 = EDGE_CURVE ( 'NONE', #2887, #6603, #978, .T. ) ;
#553 = CARTESIAN_POINT ( 'NONE',  ( 1.329212145139960777, 0.2000000000000000111, 0.3549999999999999267 ) ) ;
#554 = ORIENTED_EDGE ( 'NONE', *, *, #7692, .F. ) ;
#555 = VECTOR ( 'NONE', #3076, 1000.000000000000000 ) ;
#556 = CARTESIAN_POINT ( 'NONE',  ( -0.9119398284977264790, 0.09999999999999992228, -2.011939828497727678 ) ) ;
#557 = VECTOR ( 'NONE', #4743, 999.9999999999998863 ) ;
#558 = DIRECTION ( 'NONE',  ( -1.000000000000000000, 0.000000000000000000, 0.000000000000000000 ) ) ;
#559 = VERTEX_POINT ( 'NONE', #2979 ) ;
#560 = DIRECTION ( 'NONE',  ( -1.000000000000000000, -4.147447819859882894E-15, 0.000000000000000000 ) ) ;
#561 = VECTOR ( 'NONE', #5200, 1000.000000000000000 ) ;
#562 = CIRCLE ( 'NONE', #8388, 0.1792121451399605880 ) ;
#563 = VECTOR ( 'NONE', #8215, 1000.000000000000000 ) ;
#564 = FACE_OUTER_BOUND ( 'NONE', #3978, .T. ) ;
#565 = CARTESIAN_POINT ( 'NONE',  ( 0.8489040373074715484, 1.100000000000001199, 1.987254051198542371 ) ) ;
#566 = VECTOR ( 'NONE', #608, 1000.000000000000000 ) ;
#567 = ORIENTED_EDGE ( 'NONE', *, *, #6435, .T. ) ;
#568 = LINE ( 'NONE', #5873, #6353 ) ;
#569 = LINE ( 'NONE', #4600, #2702 ) ;
#570 = ORIENTED_EDGE ( 'NONE', *, *, #46, .F. ) ;
#571 = VECTOR ( 'NONE', #2556, 1000.000000000000000 ) ;
#572 = FACE_OUTER_BOUND ( 'NONE', #301, .T. ) ;
#573 = CARTESIAN_POINT ( 'NONE',  ( 0.9250000000000004885, 6.851881339845204089, 2.100000000000000089 ) ) ;
#574 = AXIS2_PLACEMENT_3D ( 'NONE', #7881, #6605, #2783 ) ;
#575 = PRODUCT_DEFINITION ( 'UNKNOWN', '', #635, #6029 ) ;
#576 = AXIS2_PLACEMENT_3D ( 'NONE', #66, #4680, #3908 ) ;
#577 = ORIENTED_EDGE ( 'NONE', *, *, #1579, .T. ) ;
#578 = CARTESIAN_POINT ( 'NONE',  ( 1.149999999999999911, 0.4207878548600304525, -0.8550000000000000933 ) ) ;
#579 = ORIENTED_EDGE ( 'NONE', *, *, #3427, .F. ) ;
#580 = FACE_OUTER_BOUND ( 'NONE', #5308, .T. ) ;
#581 = AXIS2_PLACEMENT_3D ( 'NONE', #7195, #1317, #1401 ) ;
#582 = LINE ( 'NONE', #7161, #6599 ) ;
#583 = CARTESIAN_POINT ( 'NONE',  ( -0.9999914734049463183, 0.4599516432764970686, -2.026130891929032618 ) ) ;
#584 = EDGE_CURVE ( 'NONE', #4028, #1334, #5944, .T. ) ;
#585 = VECTOR ( 'NONE', #1163, 1000.000000000000000 ) ;
#586 = CARTESIAN_POINT ( 'NONE',  ( 1.326476844167053359, 0.1608833736747886656, 0.8549999999999998712 ) ) ;
#587 = EDGE_CURVE ( 'NONE', #1179, #5108, #168, .T. ) ;
#588 = ORIENTED_EDGE ( 'NONE', *, *, #6008, .F. ) ;
#589 = ORIENTED_EDGE ( 'NONE', *, *, #802, .F. ) ;
#590 = ORIENTED_EDGE ( 'NONE', *, *, #7114, .T. ) ;
#591 = CIRCLE ( 'NONE', #7312, 0.03921214513997691581 ) ;
#592 = DIRECTION ( 'NONE',  ( -0.000000000000000000, 0.000000000000000000, 1.000000000000000000 ) ) ;
#593 = DIRECTION ( 'NONE',  ( -0.000000000000000000, 0.000000000000000000, 1.000000000000000000 ) ) ;
#594 = ADVANCED_FACE ( 'NONE', ( #7446 ), #6727, .F. ) ;
#595 = PLANE ( 'NONE',  #6958 ) ;
#596 = FACE_OUTER_BOUND ( 'NONE', #846, .T. ) ;
#597 = EDGE_LOOP ( 'NONE', ( #766, #2503, #5632, #8290 ) ) ;
#598 = EDGE_CURVE ( 'NONE', #6362, #8131, #1264, .T. ) ;
#599 = ORIENTED_EDGE ( 'NONE', *, *, #2348, .F. ) ;
#600 = CARTESIAN_POINT ( 'NONE',  ( -1.289999999999983826, 0.2000000000000000111, -1.645000000000000240 ) ) ;
#601 = DIRECTION ( 'NONE',  ( 0.9975640502598245307, 0.06975647374412038970, 0.000000000000000000 ) ) ;
#602 = VERTEX_POINT ( 'NONE', #6640 ) ;
#603 = EDGE_CURVE ( 'NONE', #3218, #4811, #4738, .T. ) ;
#604 = CYLINDRICAL_SURFACE ( 'NONE', #7710, 0.03921214513997691581 ) ;
#605 = EDGE_CURVE ( 'NONE', #2233, #2333, #1478, .T. ) ;
#606 = ORIENTED_EDGE ( 'NONE', *, *, #2509, .T. ) ;
#607 = DIRECTION ( 'NONE',  ( 0.000000000000000000, 0.000000000000000000, 1.000000000000000000 ) ) ;
#608 = DIRECTION ( 'NONE',  ( 1.000000000000000000, -9.786290869656726145E-16, 0.000000000000000000 ) ) ;
#609 = VERTEX_POINT ( 'NONE', #5361 ) ;
#610 = DIRECTION ( 'NONE',  ( -0.000000000000000000, -0.000000000000000000, -1.000000000000000000 ) ) ;
#611 = CARTESIAN_POINT ( 'NONE',  ( -1.620234093675824161, -2.168404344971008868E-16, -0.1450000000000001565 ) ) ;
#612 = ORIENTED_EDGE ( 'NONE', *, *, #2701, .F. ) ;
#613 = ORIENTED_EDGE ( 'NONE', *, *, #2086, .T. ) ;
#614 = LINE ( 'NONE', #5281, #8070 ) ;
#615 = ADVANCED_FACE ( 'NONE', ( #1431 ), #6809, .F. ) ;
#616 = AXIS2_PLACEMENT_3D ( 'NONE', #5570, #6333, #404 ) ;
#617 = DIRECTION ( 'NONE',  ( 0.9975640502598243087, -0.06975647374412471957, 0.000000000000000000 ) ) ;
#618 = DIRECTION ( 'NONE',  ( 0.1710878697460326836, 0.9702875252478149193, -0.1710878697460326836 ) ) ;
#619 = CARTESIAN_POINT ( 'NONE',  ( -1.329212145139960777, 0.2000000000000000111, 0.6449999999999999067 ) ) ;
#620 = DIRECTION ( 'NONE',  ( -0.000000000000000000, -0.000000000000000000, -1.000000000000000000 ) ) ;
#621 = ORIENTED_EDGE ( 'NONE', *, *, #1661, .T. ) ;
#622 = CARTESIAN_POINT ( 'NONE',  ( 0.9257539493820176046, 0.6000161189078272450, -2.099997157801649639 ) ) ;
#623 = VECTOR ( 'NONE', #1634, 1000.000000000000000 ) ;
#624 = EDGE_LOOP ( 'NONE', ( #7776, #4055, #3817, #5788, #715, #6113 ) ) ;
#625 = EDGE_LOOP ( 'NONE', ( #2795, #1224, #4148, #3240 ) ) ;
#626 = DIRECTION ( 'NONE',  ( -1.000000000000000000, 0.000000000000000000, 0.000000000000000000 ) ) ;
#627 = DIRECTION ( 'NONE',  ( 0.000000000000000000, 0.000000000000000000, -1.000000000000000000 ) ) ;
#628 = FACE_OUTER_BOUND ( 'NONE', #3445, .T. ) ;
#629 = VECTOR ( 'NONE', #181, 1000.000000000000000 ) ;
#630 = CARTESIAN_POINT ( 'NONE',  ( 1.620234093675824161, -1.484648254424143662E-15, -0.3550000000000000933 ) ) ;
#631 = CARTESIAN_POINT ( 'NONE',  ( 0.9250000000000007105, 0.5999999999999912070, -2.100000000000000089 ) ) ;
#632 = EDGE_LOOP ( 'NONE', ( #2524, #7174, #3813, #7737 ) ) ;
#633 = DIRECTION ( 'NONE',  ( 0.9975640502598243087, -0.06975647374412363710, -0.000000000000000000 ) ) ;
#634 = VERTEX_POINT ( 'NONE', #2815 ) ;
#635 = PRODUCT_DEFINITION_FORMATION_WITH_SPECIFIED_SOURCE ( 'ANY', '', #1191, .NOT_KNOWN. ) ;
#636 = LINE ( 'NONE', #6663, #1471 ) ;
#637 = DIRECTION ( 'NONE',  ( -6.850403608759735123E-15, 1.000000000000000000, 0.000000000000000000 ) ) ;
#638 = ORIENTED_EDGE ( 'NONE', *, *, #4101, .T. ) ;
#639 = EDGE_CURVE ( 'NONE', #5912, #7971, #3366, .T. ) ;
#640 = EDGE_CURVE ( 'NONE', #1423, #4799, #910, .T. ) ;
#641 = CIRCLE ( 'NONE', #6137, 0.1792121451399605880 ) ;
#642 = LINE ( 'NONE', #7813, #571 ) ;
#643 = AXIS2_PLACEMENT_3D ( 'NONE', #3182, #4508, #142 ) ;
#644 = VECTOR ( 'NONE', #852, 1000.000000000000000 ) ;
#645 = EDGE_LOOP ( 'NONE', ( #6460, #2517, #5961, #3618 ) ) ;
#646 = CARTESIAN_POINT ( 'NONE',  ( -1.110787854860023183, 0.4207878548600303970, 0.6449999999999999067 ) ) ;
#647 = AXIS2_PLACEMENT_3D ( 'NONE', #2841, #7434, #355 ) ;
#648 = DIRECTION ( 'NONE',  ( 0.06975647374412365098, 0.9975640502598244197, -0.000000000000000000 ) ) ;
#649 = VERTEX_POINT ( 'NONE', #2896 ) ;
#650 = CARTESIAN_POINT ( 'NONE',  ( 1.110787854860023183, 0.4207878548600303970, 1.855000000000000204 ) ) ;
#651 = DIRECTION ( 'NONE',  ( -1.000000000000000000, 0.000000000000000000, 0.000000000000000000 ) ) ;
#652 = VECTOR ( 'NONE', #4791, 1000.000000000000000 ) ;
#653 = EDGE_CURVE ( 'NONE', #1114, #3552, #5532, .T. ) ;
#654 = ADVANCED_FACE ( 'NONE', ( #7958 ), #2269, .F. ) ;
#655 = AXIS2_PLACEMENT_3D ( 'NONE', #6086, #4826, #2767 ) ;
#656 = DIRECTION ( 'NONE',  ( -1.000000000000000000, 0.000000000000000000, 0.000000000000000000 ) ) ;
#657 = VECTOR ( 'NONE', #2587, 1000.000000000000114 ) ;
#658 = DIRECTION ( 'NONE',  ( -1.000000000000000000, 0.000000000000000000, 0.000000000000000000 ) ) ;
#659 = DIRECTION ( 'NONE',  ( 0.000000000000000000, 0.000000000000000000, 1.000000000000000000 ) ) ;
#660 = ORIENTED_EDGE ( 'NONE', *, *, #4803, .F. ) ;
#661 = CARTESIAN_POINT ( 'NONE',  ( 1.620234093675824161, -1.485875369962032561E-15, -0.6450000000000001288 ) ) ;
#662 = AXIS2_PLACEMENT_3D ( 'NONE', #6909, #1018, #3142 ) ;
#663 = DIRECTION ( 'NONE',  ( 0.000000000000000000, 0.000000000000000000, 1.000000000000000000 ) ) ;
#664 = FACE_OUTER_BOUND ( 'NONE', #1853, .T. ) ;
#665 = DIRECTION ( 'NONE',  ( -1.000000000000000000, -8.807661782691089029E-15, -0.000000000000000000 ) ) ;
#666 = DIRECTION ( 'NONE',  ( 0.000000000000000000, 1.000000000000000000, 0.000000000000000000 ) ) ;
#667 = EDGE_LOOP ( 'NONE', ( #722, #5906, #3000, #7013 ) ) ;
#668 = ORIENTED_EDGE ( 'NONE', *, *, #2883, .F. ) ;
#669 = ORIENTED_EDGE ( 'NONE', *, *, #6031, .F. ) ;
#670 = EDGE_LOOP ( 'NONE', ( #4778, #2966, #7152, #5033 ) ) ;
#671 = CARTESIAN_POINT ( 'NONE',  ( 1.110787854860023183, 0.5999999999999903189, 1.145000000000000018 ) ) ;
#672 = DIRECTION ( 'NONE',  ( 0.9975640502598243087, -0.06975647374412463630, 0.000000000000000000 ) ) ;
#673 = CARTESIAN_POINT ( 'NONE',  ( -1.150000000000000133, 0.2000000000000000111, 1.645000000000000018 ) ) ;
#674 = DIRECTION ( 'NONE',  ( -0.000000000000000000, 0.000000000000000000, 1.000000000000000000 ) ) ;
#675 = DIRECTION ( 'NONE',  ( -1.000000000000000000, -0.000000000000000000, 0.000000000000000000 ) ) ;
#676 = CARTESIAN_POINT ( 'NONE',  ( -0.8799325952881578150, 0.1625956094184517753, -2.047556909279222737 ) ) ;
#677 = ORIENTED_EDGE ( 'NONE', *, *, #898, .F. ) ;
#678 = CARTESIAN_POINT ( 'NONE',  ( -0.9999999999999995559, 0.4600000000000072919, -2.025000000000000799 ) ) ;
#679 = EDGE_LOOP ( 'NONE', ( #120, #4506, #5074, #6786, #2961, #7913, #1891, #1232 ) ) ;
#680 = ORIENTED_EDGE ( 'NONE', *, *, #3790, .F. ) ;
#681 = DIRECTION ( 'NONE',  ( 9.821212069593589627E-16, 1.000000000000000000, 0.000000000000000000 ) ) ;
#682 = VECTOR ( 'NONE', #8020, 1000.000000000000000 ) ;
#683 = VECTOR ( 'NONE', #8239, 1000.000000000000114 ) ;
#684 = EDGE_CURVE ( 'NONE', #6131, #2313, #119, .T. ) ;
#685 = VERTEX_POINT ( 'NONE', #4044 ) ;
#686 = EDGE_CURVE ( 'NONE', #1007, #8139, #6350, .T. ) ;
#687 = CARTESIAN_POINT ( 'NONE',  ( 1.620234093675824161, -1.484648254424143662E-15, -1.855000000000000204 ) ) ;
#688 = VERTEX_POINT ( 'NONE', #828 ) ;
#689 = CARTESIAN_POINT ( 'NONE',  ( 0.8134474851898075842, 1.239107712736259526, 1.987308066665723461 ) ) ;
#690 = DIRECTION ( 'NONE',  ( 0.000000000000000000, 0.000000000000000000, -1.000000000000000000 ) ) ;
#691 = VECTOR ( 'NONE', #5117, 1000.000000000000227 ) ;
#692 = CYLINDRICAL_SURFACE ( 'NONE', #524, 0.03921214513997691581 ) ;
#693 = VECTOR ( 'NONE', #5563, 1000.000000000000000 ) ;
#694 =( LENGTH_UNIT ( ) NAMED_UNIT ( * ) SI_UNIT ( .MILLI., .METRE. ) );
#695 = DIRECTION ( 'NONE',  ( 0.000000000000000000, 0.000000000000000000, 1.000000000000000000 ) ) ;
#696 = EDGE_LOOP ( 'NONE', ( #5716, #734, #971, #3889 ) ) ;
#697 = AXIS2_PLACEMENT_3D ( 'NONE', #8231, #7572, #4396 ) ;
#698 = EDGE_CURVE ( 'NONE', #6275, #2676, #2772, .T. ) ;
#699 = VECTOR ( 'NONE', #6461, 1000.000000000000000 ) ;
#700 = EDGE_CURVE ( 'NONE', #609, #1284, #5448, .T. ) ;
#701 = ORIENTED_EDGE ( 'NONE', *, *, #5848, .F. ) ;
#702 = ADVANCED_FACE ( 'NONE', ( #6773 ), #1600, .F. ) ;
#703 = LINE ( 'NONE', #6002, #2855 ) ;
#704 = AXIS2_PLACEMENT_3D ( 'NONE', #6207, #2309, #4783 ) ;
#705 = AXIS2_PLACEMENT_3D ( 'NONE', #4726, #1463, #7263 ) ;
#706 = DIRECTION ( 'NONE',  ( 0.1710878697460327114, 0.9702875252478150303, 0.1710878697460327114 ) ) ;
#707 = DIRECTION ( 'NONE',  ( 1.000000000000000000, -9.786290869656726145E-16, 0.000000000000000000 ) ) ;
#708 = CARTESIAN_POINT ( 'NONE',  ( -1.289999999999983826, 0.1999999999999999833, 0.1449999999999999345 ) ) ;
#709 = DIRECTION ( 'NONE',  ( -0.000000000000000000, -0.000000000000000000, -1.000000000000000000 ) ) ;
#710 = ORIENTED_EDGE ( 'NONE', *, *, #1864, .F. ) ;
#711 = CARTESIAN_POINT ( 'NONE',  ( -1.150000000000000133, 0.2000000000000000111, -0.1450000000000001565 ) ) ;
#712 = AXIS2_PLACEMENT_3D ( 'NONE', #6512, #991, #8341 ) ;
#713 = ORIENTED_EDGE ( 'NONE', *, *, #2715, .F. ) ;
#714 = ORIENTED_EDGE ( 'NONE', *, *, #2135, .T. ) ;
#715 = ORIENTED_EDGE ( 'NONE', *, *, #4674, .T. ) ;
#716 = CARTESIAN_POINT ( 'NONE',  ( 1.110787854860023183, 0.5999999999999907629, 1.145000000000000018 ) ) ;
#717 = CARTESIAN_POINT ( 'NONE',  ( -1.110787854860023183, 0.4207878548600303970, 1.354999999999999760 ) ) ;
#718 = AXIS2_PLACEMENT_3D ( 'NONE', #7084, #8249, #3815 ) ;
#719 = CYLINDRICAL_SURFACE ( 'NONE', #5509, 0.1792121451399605880 ) ;
#720 = PLANE ( 'NONE',  #2221 ) ;
#721 = ORIENTED_EDGE ( 'NONE', *, *, #2518, .F. ) ;
#722 = ORIENTED_EDGE ( 'NONE', *, *, #5328, .F. ) ;
#723 = DIRECTION ( 'NONE',  ( 0.9975640502598245307, 0.06975647374412038970, 0.000000000000000000 ) ) ;
#724 = EDGE_LOOP ( 'NONE', ( #5881, #2802, #184, #881, #851, #8396 ) ) ;
#725 = VECTOR ( 'NONE', #30, 1000.000000000000114 ) ;
#726 = ORIENTED_EDGE ( 'NONE', *, *, #3654, .T. ) ;
#727 = EDGE_CURVE ( 'NONE', #3308, #2703, #5577, .T. ) ;
#728 = LINE ( 'NONE', #7860, #4529 ) ;
#729 = DIRECTION ( 'NONE',  ( -0.000000000000000000, -0.000000000000000000, -1.000000000000000000 ) ) ;
#730 = CARTESIAN_POINT ( 'NONE',  ( 1.000000000000000000, 0.4600000000000065148, 0.8549999999999998712 ) ) ;
#731 = ORIENTED_EDGE ( 'NONE', *, *, #7847, .F. ) ;
#732 = FILL_AREA_STYLE_COLOUR ( '', #6613 ) ;
#733 = CARTESIAN_POINT ( 'NONE',  ( 0.9250000000000004885, 6.851881339845204089, -2.100000000000000089 ) ) ;
#734 = ORIENTED_EDGE ( 'NONE', *, *, #1377, .F. ) ;
#735 = DIRECTION ( 'NONE',  ( -0.000000000000000000, 0.000000000000000000, 1.000000000000000000 ) ) ;
#736 = CARTESIAN_POINT ( 'NONE',  ( -1.110787854860023183, 0.5999999999999912070, -1.354999999999999982 ) ) ;
#737 = LINE ( 'NONE', #3449, #2182 ) ;
#738 = ADVANCED_FACE ( 'NONE', ( #491 ), #1745, .F. ) ;
#739 = LINE ( 'NONE', #1999, #3329 ) ;
#740 =( NAMED_UNIT ( * ) PLANE_ANGLE_UNIT ( ) SI_UNIT ( $, .RADIAN. ) );
#741 = DIRECTION ( 'NONE',  ( 0.06975647374411925172, -0.9975640502598247528, 0.000000000000000000 ) ) ;
#742 = ORIENTED_EDGE ( 'NONE', *, *, #4241, .T. ) ;
#743 = FACE_OUTER_BOUND ( 'NONE', #7387, .T. ) ;
#744 = CARTESIAN_POINT ( 'NONE',  ( -1.289999999999983826, 0.2000000000000000111, -0.1450000000000001565 ) ) ;
#745 = EDGE_CURVE ( 'NONE', #4876, #2805, #1792, .T. ) ;
#746 = ADVANCED_FACE ( 'NONE', ( #5665 ), #3576, .T. ) ;
#747 = CARTESIAN_POINT ( 'NONE',  ( 1.110787854860023183, 0.4207878548600303970, 0.3549999999999999267 ) ) ;
#748 = CARTESIAN_POINT ( 'NONE',  ( 0.8489040373074718815, 1.100000000000000089, -1.948904037307471748 ) ) ;
#749 = CARTESIAN_POINT ( 'NONE',  ( -0.8489040373074708823, 1.025000000000000133, 1.948904037307471526 ) ) ;
#750 = CARTESIAN_POINT ( 'NONE',  ( -1.110787854860023183, 0.4600000000000070699, -0.1450000000000001565 ) ) ;
#751 = ORIENTED_EDGE ( 'NONE', *, *, #1445, .F. ) ;
#752 = VECTOR ( 'NONE', #5184, 1000.000000000000000 ) ;
#753 = CARTESIAN_POINT ( 'NONE',  ( 0.9261308919290324182, 0.6000483567234962123, 2.099991473404947850 ) ) ;
#754 = ORIENTED_EDGE ( 'NONE', *, *, #3276, .T. ) ;
#755 = CARTESIAN_POINT ( 'NONE',  ( 0.9250000000000007105, 0.5999999999999912070, -2.100000000000000089 ) ) ;
#756 = ORIENTED_EDGE ( 'NONE', *, *, #2272, .T. ) ;
#757 = ORIENTED_EDGE ( 'NONE', *, *, #5827, .T. ) ;
#758 = PLANE ( 'NONE',  #5675 ) ;
#759 = ADVANCED_FACE ( 'NONE', ( #6987 ), #1146, .T. ) ;
#760 = CARTESIAN_POINT ( 'NONE',  ( -0.9261308919290304198, 0.4599516432764970686, 2.099991473404946518 ) ) ;
#761 = EDGE_CURVE ( 'NONE', #1028, #1368, #3044, .T. ) ;
#762 = CARTESIAN_POINT ( 'NONE',  ( -1.289999999999983604, 0.4207878548600303970, -0.1450000000000001565 ) ) ;
#763 = B_SPLINE_CURVE_WITH_KNOTS ( 'NONE', 3,
 ( #228, #5479, #6158, #2262 ),
 .UNSPECIFIED., .F., .F.,
 ( 4, 4 ),
 ( 0.000000000000000000, 1.000000000000000000 ),
 .UNSPECIFIED. ) ;
#764 = LINE ( 'NONE', #7251, #1750 ) ;
#765 = ORIENTED_EDGE ( 'NONE', *, *, #2358, .F. ) ;
#766 = ORIENTED_EDGE ( 'NONE', *, *, #3650, .F. ) ;
#767 = DIRECTION ( 'NONE',  ( 0.000000000000000000, -0.000000000000000000, -1.000000000000000000 ) ) ;
#768 = ORIENTED_EDGE ( 'NONE', *, *, #5283, .T. ) ;
#769 = VERTEX_POINT ( 'NONE', #1701 ) ;
#770 = UNCERTAINTY_MEASURE_WITH_UNIT (LENGTH_MEASURE( 1.000000000000000082E-05 ), #1689, 'distance_accuracy_value', 'NONE');
#771 = CARTESIAN_POINT ( 'NONE',  ( 1.110787854860022517, 0.5999999999999913181, -0.1450000000000001565 ) ) ;
#772 = CIRCLE ( 'NONE', #2850, 0.1792121451399605880 ) ;
#773 = CARTESIAN_POINT ( 'NONE',  ( -1.620234093675824161, -2.083034977450064059E-16, 0.8549999999999998712 ) ) ;
#774 = CARTESIAN_POINT ( 'NONE',  ( 0.9250000000000007105, 0.5999999999999912070, 2.100000000000000089 ) ) ;
#775 = CIRCLE ( 'NONE', #5456, 0.1792121451399605880 ) ;
#776 = SURFACE_STYLE_FILL_AREA ( #2077 ) ;
#777 = LINE ( 'NONE', #6156, #6404 ) ;
#778 = CARTESIAN_POINT ( 'NONE',  ( -1.110787854860023183, 0.4600000000000071809, 0.6449999999999999067 ) ) ;
#779 = CARTESIAN_POINT ( 'NONE',  ( 1.326476844167053359, 0.1608833736747886656, 0.8549999999999998712 ) ) ;
#780 = PLANE ( 'NONE',  #3268 ) ;
#781 = VECTOR ( 'NONE', #7893, 1000.000000000000000 ) ;
#782 = FILL_AREA_STYLE_COLOUR ( '', #7998 ) ;
#783 = PLANE ( 'NONE',  #4119 ) ;
#784 = CIRCLE ( 'NONE', #4488, 0.1792121451399605880 ) ;
#785 = SURFACE_SIDE_STYLE ('',( #870 ) ) ;
#786 = ORIENTED_EDGE ( 'NONE', *, *, #5231, .T. ) ;
#787 = AXIS2_PLACEMENT_3D ( 'NONE', #1279, #6092, #3496 ) ;
#788 = CARTESIAN_POINT ( 'NONE',  ( -1.110787854860023183, 0.4207878548600303970, 1.145000000000000018 ) ) ;
#789 = VERTEX_POINT ( 'NONE', #8280 ) ;
#790 = CARTESIAN_POINT ( 'NONE',  ( 0.9690165548572241550, 0.6037161307847270786, -2.099344745878809260 ) ) ;
#791 = AXIS2_PLACEMENT_3D ( 'NONE', #5602, #8210, #4427 ) ;
#792 = AXIS2_PLACEMENT_3D ( 'NONE', #1805, #620, #4419 ) ;
#793 = CARTESIAN_POINT ( 'NONE',  ( -0.9999999999999995559, 0.5999999999999912070, -1.145000000000000240 ) ) ;
#794 = DIRECTION ( 'NONE',  ( -0.9975640502598243087, 0.06975647374412463630, -0.000000000000000000 ) ) ;
#795 = LINE ( 'NONE', #4656, #7302 ) ;
#796 = CARTESIAN_POINT ( 'NONE',  ( 1.149999999999999911, 0.4207878548600304525, 1.645000000000000018 ) ) ;
#797 = ORIENTED_EDGE ( 'NONE', *, *, #3278, .F. ) ;
#798 = AXIS2_PLACEMENT_3D ( 'NONE', #7210, #5215, #6452 ) ;
#799 = EDGE_CURVE ( 'NONE', #7288, #3210, #1651, .T. ) ;
#800 = DIRECTION ( 'NONE',  ( -1.000000000000000000, 0.000000000000000000, 0.000000000000000000 ) ) ;
#801 = ORIENTED_EDGE ( 'NONE', *, *, #3748, .T. ) ;
#802 = EDGE_CURVE ( 'NONE', #4028, #7621, #7031, .T. ) ;
#803 = ORIENTED_EDGE ( 'NONE', *, *, #5066, .F. ) ;
#804 = ORIENTED_EDGE ( 'NONE', *, *, #6059, .T. ) ;
#805 = DIRECTION ( 'NONE',  ( 0.000000000000000000, 0.000000000000000000, 1.000000000000000000 ) ) ;
#806 = CARTESIAN_POINT ( 'NONE',  ( -1.110787854860023183, 0.4207878548600303970, 0.1449999999999999345 ) ) ;
#807 = FACE_OUTER_BOUND ( 'NONE', #5865, .T. ) ;
#808 = ORIENTED_EDGE ( 'NONE', *, *, #6077, .T. ) ;
#809 = DIRECTION ( 'NONE',  ( -0.9975640502598243087, 0.06975647374412363710, 0.000000000000000000 ) ) ;
#810 = ORIENTED_EDGE ( 'NONE', *, *, #5557, .F. ) ;
#811 = ORIENTED_EDGE ( 'NONE', *, *, #2608, .T. ) ;
#812 = EDGE_CURVE ( 'NONE', #472, #4472, #8234, .T. ) ;
#813 = EDGE_LOOP ( 'NONE', ( #7167, #7301, #7230, #3501 ) ) ;
#814 = EDGE_LOOP ( 'NONE', ( #385, #1068, #2553, #85 ) ) ;
#815 = ADVANCED_FACE ( 'NONE', ( #6212 ), #3196, .T. ) ;
#816 = CARTESIAN_POINT ( 'NONE',  ( 1.000000000000000444, 0.4600000000000072919, -2.025376985405695773 ) ) ;
#817 = CYLINDRICAL_SURFACE ( 'NONE', #847, 0.03921214513997670070 ) ;
#818 = SURFACE_SIDE_STYLE ('',( #6717 ) ) ;
#819 = CARTESIAN_POINT ( 'NONE',  ( -1.326476844167053359, 0.1608833736747886378, 0.8549999999999998712 ) ) ;
#820 = ORIENTED_EDGE ( 'NONE', *, *, #1023, .T. ) ;
#821 = ORIENTED_EDGE ( 'NONE', *, *, #299, .F. ) ;
#822 = LINE ( 'NONE', #1424, #5601 ) ;
#823 = PLANE ( 'NONE',  #4323 ) ;
#824 = DIRECTION ( 'NONE',  ( 1.000000000000000000, -0.000000000000000000, 0.000000000000000000 ) ) ;
#825 = CARTESIAN_POINT ( 'NONE',  ( 1.620234093675824161, -1.485875369962032561E-15, -1.645000000000000240 ) ) ;
#826 = CARTESIAN_POINT ( 'NONE',  ( 1.149999999999999911, 0.4207878548600304525, 1.855000000000000204 ) ) ;
#827 = ORIENTED_EDGE ( 'NONE', *, *, #3532, .T. ) ;
#828 = CARTESIAN_POINT ( 'NONE',  ( 1.000000000000000000, 0.4600000000000065703, 1.354999999999999760 ) ) ;
#829 = AXIS2_PLACEMENT_3D ( 'NONE', #7404, #166, #1402 ) ;
#830 = CARTESIAN_POINT ( 'NONE',  ( -1.289999999999983604, 0.4207878548600304525, 1.145000000000000018 ) ) ;
#831 = VECTOR ( 'NONE', #1886, 1000.000000000000000 ) ;
#832 = LINE ( 'NONE', #7451, #383 ) ;
#833 = CARTESIAN_POINT ( 'NONE',  ( 1.326476844167053359, 0.1608833736747886656, -0.1450000000000001565 ) ) ;
#834 = CIRCLE ( 'NONE', #7555, 0.1792121451399605880 ) ;
#835 = DIRECTION ( 'NONE',  ( -1.000000000000000000, 0.000000000000000000, 0.000000000000000000 ) ) ;
#836 = VECTOR ( 'NONE', #5608, 1000.000000000000000 ) ;
#837 = CIRCLE ( 'NONE', #2639, 0.1792121451399605880 ) ;
#838 = VERTEX_POINT ( 'NONE', #6255 ) ;
#839 = VERTEX_POINT ( 'NONE', #366 ) ;
#840 = VECTOR ( 'NONE', #7249, 1000.000000000000000 ) ;
#841 = VECTOR ( 'NONE', #3629, 1000.000000000000000 ) ;
#842 = EDGE_CURVE ( 'NONE', #3458, #6604, #837, .T. ) ;
#843 = VECTOR ( 'NONE', #4221, 1000.000000000000000 ) ;
#844 = ADVANCED_FACE ( 'NONE', ( #1054 ), #3031, .F. ) ;
#845 = DIRECTION ( 'NONE',  ( -1.964242413918717925E-15, -1.000000000000000000, 0.000000000000000000 ) ) ;
#846 = EDGE_LOOP ( 'NONE', ( #1243, #4410, #3340, #172 ) ) ;
#847 = AXIS2_PLACEMENT_3D ( 'NONE', #7997, #2120, #2294 ) ;
#848 = PLANE ( 'NONE',  #5046 ) ;
#849 = ORIENTED_EDGE ( 'NONE', *, *, #6589, .T. ) ;
#850 = ORIENTED_EDGE ( 'NONE', *, *, #1878, .T. ) ;
#851 = ORIENTED_EDGE ( 'NONE', *, *, #5421, .T. ) ;
#852 = DIRECTION ( 'NONE',  ( -0.000000000000000000, -0.000000000000000000, -1.000000000000000000 ) ) ;
#853 = EDGE_CURVE ( 'NONE', #492, #5999, #5915, .T. ) ;
#854 = DIRECTION ( 'NONE',  ( -1.000000000000000000, 0.000000000000000000, 0.000000000000000000 ) ) ;
#855 = EDGE_CURVE ( 'NONE', #7407, #7457, #7703, .T. ) ;
#856 = VECTOR ( 'NONE', #7957, 1000.000000000000000 ) ;
#857 = FACE_OUTER_BOUND ( 'NONE', #5083, .T. ) ;
#858 = CARTESIAN_POINT ( 'NONE',  ( -0.9999999999999995559, 0.5999999999999912070, -0.1450000000000001565 ) ) ;
#859 = CARTESIAN_POINT ( 'NONE',  ( 1.150000000000000133, 0.2000000000000000111, 0.3549999999999999267 ) ) ;
#860 = ORIENTED_EDGE ( 'NONE', *, *, #4009, .T. ) ;
#861 = EDGE_CURVE ( 'NONE', #2003, #1253, #1226, .T. ) ;
#862 = VERTEX_POINT ( 'NONE', #7745 ) ;
#863 = APPLICATION_PROTOCOL_DEFINITION ( 'draft international standard', 'automotive_design', 1998, #2427 ) ;
#864 = FACE_OUTER_BOUND ( 'NONE', #5663, .T. ) ;
#865 = DIRECTION ( 'NONE',  ( -0.000000000000000000, -0.000000000000000000, -1.000000000000000000 ) ) ;
#866 = EDGE_CURVE ( 'NONE', #871, #4944, #6505, .T. ) ;
#867 = DIRECTION ( 'NONE',  ( 0.000000000000000000, 0.000000000000000000, 1.000000000000000000 ) ) ;
#868 = DIRECTION ( 'NONE',  ( 0.000000000000000000, 0.000000000000000000, 1.000000000000000000 ) ) ;
#869 = ADVANCED_FACE ( 'NONE', ( #5787 ), #7067, .F. ) ;
#870 = SURFACE_STYLE_FILL_AREA ( #3364 ) ;
#871 = VERTEX_POINT ( 'NONE', #6544 ) ;
#872 = DIRECTION ( 'NONE',  ( -1.964242413918717925E-15, 1.000000000000000000, 0.000000000000000000 ) ) ;
#873 = DIRECTION ( 'NONE',  ( 0.000000000000000000, 0.000000000000000000, 1.000000000000000000 ) ) ;
#874 = CYLINDRICAL_SURFACE ( 'NONE', #514, 0.03921214513997670070 ) ;
#875 = DIRECTION ( 'NONE',  ( -0.000000000000000000, -0.000000000000000000, -1.000000000000000000 ) ) ;
#876 = CARTESIAN_POINT ( 'NONE',  ( 0.9475569092792215375, 0.1625956094184440315, -2.011939828497726346 ) ) ;
#877 = CARTESIAN_POINT ( 'NONE',  ( -1.329212145139960777, 0.2000000000000000111, 1.855000000000000204 ) ) ;
#878 = ORIENTED_EDGE ( 'NONE', *, *, #4482, .F. ) ;
#879 = DIRECTION ( 'NONE',  ( -1.000000000000000000, 0.000000000000000000, 0.000000000000000000 ) ) ;
#880 = ORIENTED_EDGE ( 'NONE', *, *, #4029, .F. ) ;
#881 = ORIENTED_EDGE ( 'NONE', *, *, #8433, .T. ) ;
#882 = VECTOR ( 'NONE', #5918, 1000.000000000000000 ) ;
#883 = ORIENTED_EDGE ( 'NONE', *, *, #6286, .T. ) ;
#884 = EDGE_LOOP ( 'NONE', ( #6420, #4082, #7993, #5286 ) ) ;
#885 = VERTEX_POINT ( 'NONE', #5144 ) ;
#886 = VERTEX_POINT ( 'NONE', #8437 ) ;
#887 = VERTEX_POINT ( 'NONE', #3316 ) ;
#888 = CARTESIAN_POINT ( 'NONE',  ( -1.329212145139960777, 0.2000000000000000111, -0.6450000000000001288 ) ) ;
#889 = DIRECTION ( 'NONE',  ( -0.000000000000000000, -0.000000000000000000, -1.000000000000000000 ) ) ;
#890 = CARTESIAN_POINT ( 'NONE',  ( -1.326476844167053359, 0.1608833736747886378, -1.145000000000000240 ) ) ;
#891 = FILL_AREA_STYLE ('',( #3005 ) ) ;
#892 = DIRECTION ( 'NONE',  ( 0.06975647374412040358, -0.9975640502598246417, 0.000000000000000000 ) ) ;
#893 = LINE ( 'NONE', #5924, #8068 ) ;
#894 = SURFACE_STYLE_FILL_AREA ( #1687 ) ;
#895 =( NAMED_UNIT ( * ) SI_UNIT ( $, .STERADIAN. ) SOLID_ANGLE_UNIT ( ) );
#896 = DIRECTION ( 'NONE',  ( 0.000000000000000000, 0.000000000000000000, 1.000000000000000000 ) ) ;
#897 = ORIENTED_EDGE ( 'NONE', *, *, #698, .F. ) ;
#898 = EDGE_CURVE ( 'NONE', #3639, #6581, #528, .T. ) ;
#899 = EDGE_LOOP ( 'NONE', ( #2742, #1674, #5417, #5145 ) ) ;
#901 = EDGE_CURVE ( 'NONE', #5111, #2243, #4444, .T. ) ;
#900 =( LENGTH_UNIT ( ) NAMED_UNIT ( * ) SI_UNIT ( .MILLI., .METRE. ) );
#902 = CARTESIAN_POINT ( 'NONE',  ( 1.620234093675824161, -1.485875369962032561E-15, 0.3549999999999999267 ) ) ;
#903 = CIRCLE ( 'NONE', #7646, 0.03921214513997670070 ) ;
#904 = CARTESIAN_POINT ( 'NONE',  ( 1.000000000000000444, 0.5999999999999910960, -2.025376985405675789 ) ) ;
#905 = PLANE ( 'NONE',  #1416 ) ;
#906 = AXIS2_PLACEMENT_3D ( 'NONE', #941, #5562, #1208 ) ;
#907 = CARTESIAN_POINT ( 'NONE',  ( 1.620234093675824161, -1.496544593801257044E-15, -1.145000000000000240 ) ) ;
#908 = VERTEX_POINT ( 'NONE', #2641 ) ;
#909 = LINE ( 'NONE', #3534, #1675 ) ;
#910 = LINE ( 'NONE', #6167, #1951 ) ;
#911 = ORIENTED_EDGE ( 'NONE', *, *, #5240, .F. ) ;
#913 = EDGE_CURVE ( 'NONE', #3734, #4526, #6584, .T. ) ;
#912 = LINE ( 'NONE', #6213, #4629 ) ;
#914 = AXIS2_PLACEMENT_3D ( 'NONE', #3704, #1860, #4465 ) ;
#915 = EDGE_CURVE ( 'NONE', #1245, #4324, #5960, .T. ) ;
#916 = VECTOR ( 'NONE', #1123, 1000.000000000000114 ) ;
#917 = DIRECTION ( 'NONE',  ( -0.06975647374411923785, -0.9975640502598246417, 0.000000000000000000 ) ) ;
#918 = CARTESIAN_POINT ( 'NONE',  ( -1.329212145139960777, 0.2000000000000000111, -0.1450000000000001565 ) ) ;
#919 = CARTESIAN_POINT ( 'NONE',  ( -0.8735898146066559677, 0.1750000000000000167, -1.973589814606656834 ) ) ;
#920 = VECTOR ( 'NONE', #1924, 1000.000000000000227 ) ;
#921 = ORIENTED_EDGE ( 'NONE', *, *, #2537, .F. ) ;
#922 = AXIS2_PLACEMENT_3D ( 'NONE', #888, #4294, #3513 ) ;
#923 = DIRECTION ( 'NONE',  ( -0.000000000000000000, -0.000000000000000000, -1.000000000000000000 ) ) ;
#924 = EDGE_LOOP ( 'NONE', ( #2067, #3818, #1250, #3920, #3283, #3168, #3472, #7895, #8417, #8415, #6665, #1492 ) ) ;
#925 = AXIS2_PLACEMENT_3D ( 'NONE', #3541, #3634, #5583 ) ;
#926 = ORIENTED_EDGE ( 'NONE', *, *, #7413, .F. ) ;
#927 = AXIS2_PLACEMENT_3D ( 'NONE', #6205, #362, #319 ) ;
#928 = AXIS2_PLACEMENT_3D ( 'NONE', #8241, #2867, #5020 ) ;
#929 = ORIENTED_EDGE ( 'NONE', *, *, #7623, .T. ) ;
#930 = DIRECTION ( 'NONE',  ( 0.000000000000000000, -1.000000000000000000, 0.000000000000000000 ) ) ;
#931 = CARTESIAN_POINT ( 'NONE',  ( 1.000000000000000000, 0.4600000000000065148, 0.3549999999999999267 ) ) ;
#932 = ORIENTED_EDGE ( 'NONE', *, *, #4536, .F. ) ;
#933 = EDGE_LOOP ( 'NONE', ( #6530, #7545, #7841, #1976 ) ) ;
#934 = ORIENTED_EDGE ( 'NONE', *, *, #7955, .T. ) ;
#935 = ORIENTED_EDGE ( 'NONE', *, *, #3906, .F. ) ;
#936 = CARTESIAN_POINT ( 'NONE',  ( -1.110787854860023183, 0.5999999999999909850, 0.8549999999999998712 ) ) ;
#937 = ADVANCED_FACE ( 'NONE', ( #4476 ), #5225, .T. ) ;
#938 = DIRECTION ( 'NONE',  ( 1.000000000000000000, -0.000000000000000000, 0.000000000000000000 ) ) ;
#939 = CARTESIAN_POINT ( 'NONE',  ( -0.9283013959751088562, 0.4852847967374482874, -2.028301395975109500 ) ) ;
#940 = CARTESIAN_POINT ( 'NONE',  ( 1.110787854860023183, 0.4207878548600303970, -1.645000000000000240 ) ) ;
#941 = CARTESIAN_POINT ( 'NONE',  ( 1.110787854860023183, 0.4207878548600303970, -1.855000000000000204 ) ) ;
#942 = CARTESIAN_POINT ( 'NONE',  ( 1.629999999999999671, 0.1396589670363576063, 0.3549999999999999267 ) ) ;
#943 = DIRECTION ( 'NONE',  ( -0.000000000000000000, 0.000000000000000000, 1.000000000000000000 ) ) ;
#944 = SURFACE_STYLE_FILL_AREA ( #7561 ) ;
#945 = CARTESIAN_POINT ( 'NONE',  ( -0.8735898146066560788, 0.1749999999999999889, 1.973589814606655946 ) ) ;
#946 = CARTESIAN_POINT ( 'NONE',  ( 1.326476844167053137, 0.1608833736747886656, -0.8550000000000000933 ) ) ;
#947 = CARTESIAN_POINT ( 'NONE',  ( -0.9999999999999995559, 0.4600000000000072919, -1.145000000000000240 ) ) ;
#948 = PLANE ( 'NONE',  #704 ) ;
#949 = DIRECTION ( 'NONE',  ( 0.000000000000000000, 0.000000000000000000, 1.000000000000000000 ) ) ;
#950 = ADVANCED_FACE ( 'NONE', ( #7818 ), #3833, .F. ) ;
#951 = EDGE_CURVE ( 'NONE', #8040, #5613, #569, .T. ) ;
#952 = SURFACE_STYLE_USAGE ( .BOTH. , #6851 ) ;
#953 = DIRECTION ( 'NONE',  ( -0.9975640502598243087, 0.06975647374412370649, 0.000000000000000000 ) ) ;
#954 = ORIENTED_EDGE ( 'NONE', *, *, #4482, .T. ) ;
#955 = DIRECTION ( 'NONE',  ( 0.000000000000000000, -0.1736481776669271671, 0.9848077530122086864 ) ) ;
#956 = DIRECTION ( 'NONE',  ( -0.000000000000000000, 1.000000000000000000, -0.000000000000000000 ) ) ;
#957 = ORIENTED_EDGE ( 'NONE', *, *, #8327, .F. ) ;
#958 = DIRECTION ( 'NONE',  ( -1.000000000000000000, 0.000000000000000000, 0.000000000000000000 ) ) ;
#959 = CARTESIAN_POINT ( 'NONE',  ( 1.110787854860023183, 0.4600000000000072919, -0.1450000000000001565 ) ) ;
#960 = FACE_OUTER_BOUND ( 'NONE', #427, .T. ) ;
#961 = CARTESIAN_POINT ( 'NONE',  ( 1.110787854860022517, 0.5999999999999913181, 1.855000000000000204 ) ) ;
#962 = EDGE_CURVE ( 'NONE', #4695, #1432, #8473, .T. ) ;
#963 = CARTESIAN_POINT ( 'NONE',  ( 1.329212145139960777, 0.2000000000000000111, -1.855000000000000204 ) ) ;
#964 = ADVANCED_FACE ( 'NONE', ( #1915 ), #4517, .T. ) ;
#965 = AXIS2_PLACEMENT_3D ( 'NONE', #81, #3334, #4795 ) ;
#966 = ORIENTED_EDGE ( 'NONE', *, *, #6272, .T. ) ;
#967 = EDGE_CURVE ( 'NONE', #5233, #4579, #7184, .T. ) ;
#968 = AXIS2_PLACEMENT_3D ( 'NONE', #747, #6094, #6047 ) ;
#969 = FACE_OUTER_BOUND ( 'NONE', #2299, .T. ) ;
#970 = ORIENTED_EDGE ( 'NONE', *, *, #1135, .F. ) ;
#971 = ORIENTED_EDGE ( 'NONE', *, *, #3342, .T. ) ;
#972 = VECTOR ( 'NONE', #6479, 1000.000000000000227 ) ;
#973 = VECTOR ( 'NONE', #2448, 1000.000000000000000 ) ;
#974 = CARTESIAN_POINT ( 'NONE',  ( -0.9999999999999995559, 0.4600000000000072919, 2.024999999999999911 ) ) ;
#975 = AXIS2_PLACEMENT_3D ( 'NONE', #6406, #4550, #5087 ) ;
#976 = DIRECTION ( 'NONE',  ( -0.06975647374411927948, -0.9975640502598247528, 0.000000000000000000 ) ) ;
#977 = CARTESIAN_POINT ( 'NONE',  ( -1.629999999999999671, 0.1396589670363589109, -0.6450000000000001288 ) ) ;
#978 = CIRCLE ( 'NONE', #3856, 0.1792121451399605880 ) ;
#979 = ORIENTED_EDGE ( 'NONE', *, *, #6960, .F. ) ;
#980 = CYLINDRICAL_SURFACE ( 'NONE', #5738, 0.03921214513997691581 ) ;
#981 = VERTEX_POINT ( 'NONE', #687 ) ;
#982 = VECTOR ( 'NONE', #5910, 1000.000000000000000 ) ;
#983 = ORIENTED_EDGE ( 'NONE', *, *, #2537, .T. ) ;
#984 = VECTOR ( 'NONE', #6302, 1000.000000000000000 ) ;
#985 = ORIENTED_EDGE ( 'NONE', *, *, #7528, .T. ) ;
#986 = ORIENTED_EDGE ( 'NONE', *, *, #7880, .T. ) ;
#987 = AXIS2_PLACEMENT_3D ( 'NONE', #8363, #7664, #3762 ) ;
#988 = CARTESIAN_POINT ( 'NONE',  ( 0.8735898146066569669, 0.1619763866749781567, -2.047450396082571622 ) ) ;
#989 = LINE ( 'NONE', #6239, #7411 ) ;
#990 = VECTOR ( 'NONE', #2971, 1000.000000000000114 ) ;
#991 = DIRECTION ( 'NONE',  ( -0.9975640502598246417, 0.06975647374411923785, 0.000000000000000000 ) ) ;
#992 = DIRECTION ( 'NONE',  ( 0.000000000000000000, 1.000000000000000000, 0.000000000000000000 ) ) ;
#993 = DIRECTION ( 'NONE',  ( -0.9975640502598246417, -0.06975647374411941826, 0.000000000000000000 ) ) ;
#994 = CARTESIAN_POINT ( 'NONE',  ( -1.289999999999983826, 0.2000000000000000111, -0.6450000000000001288 ) ) ;
#995 = DIRECTION ( 'NONE',  ( 0.000000000000000000, 0.000000000000000000, 1.000000000000000000 ) ) ;
#996 = VERTEX_POINT ( 'NONE', #7346 ) ;
#997 = EDGE_CURVE ( 'NONE', #6201, #1952, #225, .T. ) ;
#998 = DIRECTION ( 'NONE',  ( 0.06975647374412365098, 0.9975640502598244197, -0.000000000000000000 ) ) ;
#999 = PLANE ( 'NONE',  #4892 ) ;
#1000 = ORIENTED_EDGE ( 'NONE', *, *, #8326, .T. ) ;
#1001 = DIRECTION ( 'NONE',  ( -1.000000000000000000, 1.964242413918717925E-15, 0.000000000000000000 ) ) ;
#1002 = DIRECTION ( 'NONE',  ( -1.000000000000000000, -6.912413033099766695E-16, 0.000000000000000000 ) ) ;
#1003 = CARTESIAN_POINT ( 'NONE',  ( -0.8489040373074708823, 1.038023613325019578, 2.022764618783387203 ) ) ;
#1004 = DIRECTION ( 'NONE',  ( -1.000000000000000000, 0.000000000000000000, 0.000000000000000000 ) ) ;
#1005 = VECTOR ( 'NONE', #3087, 1000.000000000000000 ) ;
#1006 = LINE ( 'NONE', #3574, #3067 ) ;
#1007 = VERTEX_POINT ( 'NONE', #108 ) ;
#1008 = DIRECTION ( 'NONE',  ( 1.000000000000000000, -0.000000000000000000, 0.000000000000000000 ) ) ;
#1009 = CARTESIAN_POINT ( 'NONE',  ( -0.8489040373074708823, 1.100000000000001199, 1.987254051198542371 ) ) ;
#1010 = EDGE_LOOP ( 'NONE', ( #1974, #7662, #3543, #534 ) ) ;
#1011 = DIRECTION ( 'NONE',  ( -0.000000000000000000, 0.000000000000000000, 1.000000000000000000 ) ) ;
#1012 = PLANE ( 'NONE',  #987 ) ;
#1013 = EDGE_CURVE ( 'NONE', #3365, #3899, #3404, .T. ) ;
#1014 = VECTOR ( 'NONE', #8046, 1000.000000000000000 ) ;
#1015 = DIRECTION ( 'NONE',  ( -1.000000000000000000, 0.000000000000000000, 0.000000000000000000 ) ) ;
#1016 = DIRECTION ( 'NONE',  ( -9.821212069593589627E-16, 1.000000000000000000, -0.000000000000000000 ) ) ;
#1017 = VERTEX_POINT ( 'NONE', #6628 ) ;
#1018 = DIRECTION ( 'NONE',  ( -0.000000000000000000, -0.000000000000000000, -1.000000000000000000 ) ) ;
#1019 = VERTEX_POINT ( 'NONE', #8000 ) ;
#1020 =( NAMED_UNIT ( * ) PLANE_ANGLE_UNIT ( ) SI_UNIT ( $, .RADIAN. ) );
#1021 = ADVANCED_FACE ( 'NONE', ( #4124 ), #2042, .F. ) ;
#1022 = ORIENTED_EDGE ( 'NONE', *, *, #395, .T. ) ;
#1023 = EDGE_CURVE ( 'NONE', #8205, #1017, #4727, .T. ) ;
#1024 = ADVANCED_FACE ( 'NONE', ( #7392 ), #5310, .F. ) ;
#1025 = LINE ( 'NONE', #6315, #7410 ) ;
#1026 = VERTEX_POINT ( 'NONE', #819 ) ;
#1027 = CYLINDRICAL_SURFACE ( 'NONE', #1839, 0.07499999999999998335 ) ;
#1028 = VERTEX_POINT ( 'NONE', #8038 ) ;
#1029 = EDGE_LOOP ( 'NONE', ( #2076, #3444, #880, #731 ) ) ;
#1030 = ORIENTED_EDGE ( 'NONE', *, *, #3975, .T. ) ;
#1031 = VERTEX_POINT ( 'NONE', #4686 ) ;
#1032 = ADVANCED_FACE ( 'NONE', ( #2124 ), #7309, .F. ) ;
#1033 = EDGE_CURVE ( 'NONE', #8252, #3317, #4035, .T. ) ;
#1034 = LINE ( 'NONE', #2927, #5469 ) ;
#1035 = CARTESIAN_POINT ( 'NONE',  ( -0.9119398284977255909, 0.09999999999999971412, 1.973589814606655501 ) ) ;
#1036 = DIRECTION ( 'NONE',  ( 1.000000000000000000, -0.000000000000000000, 0.000000000000000000 ) ) ;
#1037 = CARTESIAN_POINT ( 'NONE',  ( -1.110787854860023183, 0.4600000000000072919, -1.354999999999999982 ) ) ;
#1038 = PLANE ( 'NONE',  #8458 ) ;
#1039 = CARTESIAN_POINT ( 'NONE',  ( -1.629999999999999671, 0.1396589670363589109, -1.145000000000000240 ) ) ;
#1040 = LINE ( 'NONE', #3662, #6557 ) ;
#1041 = ORIENTED_EDGE ( 'NONE', *, *, #2132, .T. ) ;
#1042 = CARTESIAN_POINT ( 'NONE',  ( 1.000000000000000000, 0.5999999999999903189, -1.645000000000000018 ) ) ;
#1043 = DIRECTION ( 'NONE',  ( -1.000000000000000000, 1.964242413918717925E-15, 0.000000000000000000 ) ) ;
#1044 = AXIS2_PLACEMENT_3D ( 'NONE', #2888, #3486, #1589 ) ;
#1045 = EDGE_LOOP ( 'NONE', ( #1975, #5, #6430, #1454 ) ) ;
#1046 = DIRECTION ( 'NONE',  ( 1.000000000000000000, 0.000000000000000000, 0.000000000000000000 ) ) ;
#1047 = DIRECTION ( 'NONE',  ( -0.000000000000000000, -0.000000000000000000, -1.000000000000000000 ) ) ;
#1048 = CARTESIAN_POINT ( 'NONE',  ( 0.8858233710400041927, 0.1729484145906711179, 2.047556909279222737 ) ) ;
#1049 = DIRECTION ( 'NONE',  ( 0.000000000000000000, 0.000000000000000000, 1.000000000000000000 ) ) ;
#1050 = DIRECTION ( 'NONE',  ( -0.9975640502598246417, -0.06975647374411941826, 0.000000000000000000 ) ) ;
#1051 = ORIENTED_EDGE ( 'NONE', *, *, #8439, .F. ) ;
#1052 = AXIS2_PLACEMENT_3D ( 'NONE', #8348, #1903, #4435 ) ;
#1053 = PLANE ( 'NONE',  #3178 ) ;
#1054 = FACE_OUTER_BOUND ( 'NONE', #3890, .T. ) ;
#1055 = ORIENTED_EDGE ( 'NONE', *, *, #8432, .T. ) ;
#1056 = LINE ( 'NONE', #367, #6141 ) ;
#1057 = DIRECTION ( 'NONE',  ( 0.000000000000000000, 0.000000000000000000, 1.000000000000000000 ) ) ;
#1058 = AXIS2_PLACEMENT_3D ( 'NONE', #94, #7934, #2025 ) ;
#1059 = LINE ( 'NONE', #244, #254 ) ;
#1060 = VERTEX_POINT ( 'NONE', #6035 ) ;
#1061 = CARTESIAN_POINT ( 'NONE',  ( 0.000000000000000000, 1.038023613325019578, 2.022764618783387647 ) ) ;
#1062 = VERTEX_POINT ( 'NONE', #6671 ) ;
#1063 = AXIS2_PLACEMENT_3D ( 'NONE', #6061, #6659, #3387 ) ;
#1064 = MECHANICAL_DESIGN_GEOMETRIC_PRESENTATION_REPRESENTATION (  '', ( #1827 ), #2712 ) ;
#1065 = DIRECTION ( 'NONE',  ( 1.964242413918717925E-15, -1.000000000000000000, -0.000000000000000000 ) ) ;
#1066 = EDGE_CURVE ( 'NONE', #4896, #5279, #777, .T. ) ;
#1067 = AXIS2_PLACEMENT_3D ( 'NONE', #717, #1370, #4623 ) ;
#1068 = ORIENTED_EDGE ( 'NONE', *, *, #7026, .F. ) ;
#1069 = DIRECTION ( 'NONE',  ( -0.06975647374411941826, 0.9975640502598246417, 0.000000000000000000 ) ) ;
#1070 = ADVANCED_FACE ( 'NONE', ( #6080 ), #1422, .F. ) ;
#1071 = DIRECTION ( 'NONE',  ( 0.000000000000000000, -0.000000000000000000, 1.000000000000000000 ) ) ;
#1072 = CIRCLE ( 'NONE', #4361, 0.1792121451399605880 ) ;
#1073 = ORIENTED_EDGE ( 'NONE', *, *, #31, .T. ) ;
#1074 = COLOUR_RGB ( '',0.7921568627450980005, 0.8196078431372548767, 0.9333333333333333481 ) ;
#1075 = EDGE_LOOP ( 'NONE', ( #7808, #2381, #4711, #808 ) ) ;
#1076 = ORIENTED_EDGE ( 'NONE', *, *, #8209, .T. ) ;
#1077 = EDGE_CURVE ( 'NONE', #3562, #6972, #6718, .T. ) ;
#1078 = DIRECTION ( 'NONE',  ( 0.06975647374412365098, 0.9975640502598244197, -0.000000000000000000 ) ) ;
#1079 = B_SPLINE_CURVE_WITH_KNOTS ( 'NONE', 3,
 ( #7034, #8237, #6258, #5015 ),
 .UNSPECIFIED., .F., .F.,
 ( 4, 4 ),
 ( 0.000000000000000000, 1.000000000000000000 ),
 .UNSPECIFIED. ) ;
#1080 = DIRECTION ( 'NONE',  ( -1.000000000000000000, -9.074737973021588507E-16, 0.000000000000000000 ) ) ;
#1081 = CARTESIAN_POINT ( 'NONE',  ( 1.620234093675824161, -1.485875369962032561E-15, -1.645000000000000240 ) ) ;
#1082 = DIRECTION ( 'NONE',  ( -1.000000000000000000, 0.000000000000000000, 0.000000000000000000 ) ) ;
#1083 = EDGE_CURVE ( 'NONE', #2796, #4809, #2165, .T. ) ;
#1084 = LINE ( 'NONE', #6287, #1117 ) ;
#1085 = CARTESIAN_POINT ( 'NONE',  ( -1.620234093675824161, -2.083034977450064059E-16, 0.3549999999999999267 ) ) ;
#1086 = EDGE_CURVE ( 'NONE', #3868, #4231, #5397, .T. ) ;
#1087 = VERTEX_POINT ( 'NONE', #2804 ) ;
#1088 = CARTESIAN_POINT ( 'NONE',  ( 1.629999999999999671, 0.1396589670363575786, 0.6449999999999999067 ) ) ;
#1089 = CARTESIAN_POINT ( 'NONE',  ( -0.9261308919290304198, 0.4599516432764970686, 2.099991473404946518 ) ) ;
#1090 = DIRECTION ( 'NONE',  ( 0.000000000000000000, -1.000000000000000000, 0.000000000000000000 ) ) ;
#1091 = AXIS2_PLACEMENT_3D ( 'NONE', #7092, #2474, #7685 ) ;
#1092 = LINE ( 'NONE', #4342, #5596 ) ;
#1093 = ORIENTED_EDGE ( 'NONE', *, *, #4578, .F. ) ;
#1094 = LINE ( 'NONE', #6980, #6799 ) ;
#1095 = CARTESIAN_POINT ( 'NONE',  ( -1.329212145139960777, 0.2000000000000000111, -1.354999999999999982 ) ) ;
#1096 = CARTESIAN_POINT ( 'NONE',  ( 0.9228711319800381174, 1.037404390581548430, -1.955246817988973929 ) ) ;
#1097 = LINE ( 'NONE', #5007, #7697 ) ;
#1098 = DIRECTION ( 'NONE',  ( 0.000000000000000000, 0.000000000000000000, 1.000000000000000000 ) ) ;
#1099 = ORIENTED_EDGE ( 'NONE', *, *, #812, .T. ) ;
#1100 = DIRECTION ( 'NONE',  ( -1.000000000000000000, -9.821212069593589627E-16, 0.000000000000000000 ) ) ;
#1101 = CARTESIAN_POINT ( 'NONE',  ( -1.110787854860023183, 0.4207878548600303970, -0.6450000000000001288 ) ) ;
#1102 = LINE ( 'NONE', #5629, #5754 ) ;
#1103 = DIRECTION ( 'NONE',  ( 1.000000000000000000, -2.891205793294679411E-15, -0.000000000000000000 ) ) ;
#1104 = DIRECTION ( 'NONE',  ( -0.000000000000000000, -0.000000000000000000, -1.000000000000000000 ) ) ;
#1105 = ORIENTED_EDGE ( 'NONE', *, *, #4064, .T. ) ;
#1106 = EDGE_CURVE ( 'NONE', #1893, #6824, #772, .T. ) ;
#1107 = DIRECTION ( 'NONE',  ( -1.000000000000000000, 0.000000000000000000, 0.000000000000000000 ) ) ;
#1108 = VECTOR ( 'NONE', #6947, 1000.000000000000000 ) ;
#1109 = CYLINDRICAL_SURFACE ( 'NONE', #3723, 0.07499999999999998335 ) ;
#1110 = AXIS2_PLACEMENT_3D ( 'NONE', #350, #6191, #1080 ) ;
#1111 = VERTEX_POINT ( 'NONE', #4164 ) ;
#1112 = FACE_OUTER_BOUND ( 'NONE', #6921, .T. ) ;
#1113 = ORIENTED_EDGE ( 'NONE', *, *, #5146, .F. ) ;
#1114 = VERTEX_POINT ( 'NONE', #6797 ) ;
#1115 = VERTEX_POINT ( 'NONE', #3520 ) ;
#1116 = VECTOR ( 'NONE', #1318, 999.9999999999998863 ) ;
#1117 = VECTOR ( 'NONE', #7601, 1000.000000000000114 ) ;
#1118 = EDGE_CURVE ( 'NONE', #6099, #6920, #104, .T. ) ;
#1119 = PLANE ( 'NONE',  #2643 ) ;
#1120 = DIRECTION ( 'NONE',  ( -0.000000000000000000, -0.000000000000000000, -1.000000000000000000 ) ) ;
#1121 = CARTESIAN_POINT ( 'NONE',  ( 1.326476844167053359, 0.1608833736747886656, 0.3549999999999999267 ) ) ;
#1122 = DIRECTION ( 'NONE',  ( -1.000000000000000000, 0.000000000000000000, 0.000000000000000000 ) ) ;
#1123 = DIRECTION ( 'NONE',  ( -0.1710878697460325448, -0.9702875252478150303, 0.1710878697460318787 ) ) ;
#1124 = AXIS2_PLACEMENT_3D ( 'NONE', #1363, #6647, #8449 ) ;
#1125 = AXIS2_PLACEMENT_3D ( 'NONE', #7055, #478, #1249 ) ;
#1126 = CARTESIAN_POINT ( 'NONE',  ( 1.000000000000000000, 0.5999999999999903189, -0.8550000000000002043 ) ) ;
#1127 = LINE ( 'NONE', #3744, #6426 ) ;
#1128 = VERTEX_POINT ( 'NONE', #1385 ) ;
#1129 = CARTESIAN_POINT ( 'NONE',  ( -0.9999999999999995559, 0.4600000000000072919, -1.645000000000000240 ) ) ;
#1130 = LINE ( 'NONE', #4203, #7765 ) ;
#1131 = ORIENTED_EDGE ( 'NONE', *, *, #7946, .F. ) ;
#1132 = VECTOR ( 'NONE', #8138, 1000.000000000000000 ) ;
#1133 = CARTESIAN_POINT ( 'NONE',  ( -1.326476844167053359, 0.1608833736747886656, -0.8550000000000002043 ) ) ;
#1134 = AXIS2_PLACEMENT_3D ( 'NONE', #2770, #3875, #656 ) ;
#1135 = EDGE_CURVE ( 'NONE', #7811, #4552, #5696, .T. ) ;
#1136 = LINE ( 'NONE', #6534, #982 ) ;
#1137 = AXIS2_PLACEMENT_3D ( 'NONE', #8323, #7671, #3768 ) ;
#1138 = EDGE_CURVE ( 'NONE', #498, #2832, #1092, .T. ) ;
#1139 = EDGE_CURVE ( 'NONE', #1796, #5636, #7017, .T. ) ;
#1140 = FACE_OUTER_BOUND ( 'NONE', #5176, .T. ) ;
#1141 = CARTESIAN_POINT ( 'NONE',  ( -0.9999999999999995559, 0.4600000000000072919, 0.1449999999999999345 ) ) ;
#1142 = CLOSED_SHELL ( 'NONE', ( #7581, #2764, #1495, #1301, #869, #186, #6174, #1635, #4425, #356, #1836, #3227, #7812, #615 ) ) ;
#1143 = ORIENTED_EDGE ( 'NONE', *, *, #700, .T. ) ;
#1144 = VECTOR ( 'NONE', #1729, 1000.000000000000000 ) ;
#1145 = FACE_OUTER_BOUND ( 'NONE', #4500, .T. ) ;
#1146 = PLANE ( 'NONE',  #4418 ) ;
#1147 = VERTEX_POINT ( 'NONE', #3705 ) ;
#1148 = DIRECTION ( 'NONE',  ( -1.000000000000000000, 0.000000000000000000, -0.000000000000000000 ) ) ;
#1149 = CARTESIAN_POINT ( 'NONE',  ( 0.000000000000000000, 1.025000000000000133, 1.948904037307471526 ) ) ;
#1150 = EDGE_CURVE ( 'NONE', #1368, #6829, #7562, .T. ) ;
#1151 = PRESENTATION_LAYER_ASSIGNMENT (  '', '', ( #4293 ) ) ;
#1152 = EDGE_CURVE ( 'NONE', #1062, #7086, #1130, .T. ) ;
#1153 = ORIENTED_EDGE ( 'NONE', *, *, #6906, .T. ) ;
#1154 = AXIS2_PLACEMENT_3D ( 'NONE', #6089, #203, #7573 ) ;
#1155 = ORIENTED_EDGE ( 'NONE', *, *, #2036, .F. ) ;
#1156 = LINE ( 'NONE', #3241, #6983 ) ;
#1157 = DIRECTION ( 'NONE',  ( 1.000000000000000000, 1.964242413918717925E-15, -0.000000000000000000 ) ) ;
#1158 = PLANE ( 'NONE',  #445 ) ;
#1159 = DIRECTION ( 'NONE',  ( -0.000000000000000000, -0.000000000000000000, -1.000000000000000000 ) ) ;
#1160 = DIRECTION ( 'NONE',  ( 0.000000000000000000, 0.000000000000000000, -1.000000000000000000 ) ) ;
#1161 = EDGE_LOOP ( 'NONE', ( #1113, #255, #3050, #6278 ) ) ;
#1162 = CARTESIAN_POINT ( 'NONE',  ( 1.289999999999983604, 0.4207878548600304525, -1.645000000000000240 ) ) ;
#1163 = DIRECTION ( 'NONE',  ( 1.964242413918717925E-15, -1.000000000000000000, -0.000000000000000000 ) ) ;
#1164 = ORIENTED_EDGE ( 'NONE', *, *, #3604, .F. ) ;
#1165 = VERTEX_POINT ( 'NONE', #3564 ) ;
#1166 = VERTEX_POINT ( 'NONE', #6975 ) ;
#1167 = DIRECTION ( 'NONE',  ( -0.000000000000000000, -1.000000000000000000, -0.000000000000000000 ) ) ;
#1168 = CARTESIAN_POINT ( 'NONE',  ( -1.326476844167053359, 0.1608833736747886656, 1.855000000000000204 ) ) ;
#1169 = CARTESIAN_POINT ( 'NONE',  ( -1.289999999999983604, 0.4207878548600304525, -1.855000000000000204 ) ) ;
#1170 = ORIENTED_EDGE ( 'NONE', *, *, #4861, .F. ) ;
#1171 = CARTESIAN_POINT ( 'NONE',  ( -0.8735898146066555237, 0.1000000000000002137, -2.011939828497727234 ) ) ;
#1172 = FACE_OUTER_BOUND ( 'NONE', #2784, .T. ) ;
#1173 = CARTESIAN_POINT ( 'NONE',  ( -0.9227646187833864477, 1.038023613325019578, -1.948904037307471526 ) ) ;
#1174 = ORIENTED_EDGE ( 'NONE', *, *, #4580, .T. ) ;
#1175 = CARTESIAN_POINT ( 'NONE',  ( -1.110787854860023183, 0.5999999999999912070, 0.6449999999999999067 ) ) ;
#1176 = DIRECTION ( 'NONE',  ( -0.9975640502598246417, 0.06975647374411923785, 0.000000000000000000 ) ) ;
#1177 = ADVANCED_FACE ( 'NONE', ( #1639 ), #999, .F. ) ;
#1178 = VECTOR ( 'NONE', #7649, 1000.000000000000000 ) ;
#1179 = VERTEX_POINT ( 'NONE', #4247 ) ;
#1180 = ADVANCED_FACE ( 'NONE', ( #2977 ), #2345, .F. ) ;
#1181 = LINE ( 'NONE', #2561, #6075 ) ;
#1182 = DIRECTION ( 'NONE',  ( -0.000000000000000000, -1.000000000000000000, 0.000000000000000000 ) ) ;
#1183 = ORIENTED_EDGE ( 'NONE', *, *, #1135, .T. ) ;
#1184 = FACE_OUTER_BOUND ( 'NONE', #3717, .T. ) ;
#1185 = CARTESIAN_POINT ( 'NONE',  ( 1.150000000000000133, 0.2000000000000000111, 1.354999999999999760 ) ) ;
#1186 = ORIENTED_EDGE ( 'NONE', *, *, #7163, .F. ) ;
#1187 = EDGE_CURVE ( 'NONE', #6764, #7603, #8306, .T. ) ;
#1188 = EDGE_CURVE ( 'NONE', #4608, #2490, #1193, .T. ) ;
#1189 = ORIENTED_EDGE ( 'NONE', *, *, #3750, .T. ) ;
#1190 = LINE ( 'NONE', #3157, #3526 ) ;
#1192 = CARTESIAN_POINT ( 'NONE',  ( -1.289999999999983826, 0.4207878548600303970, 1.354999999999999760 ) ) ;
#1191 = PRODUCT ( 'DYY16', 'DYY16', '', ( #3022 ) ) ;
#1193 = CIRCLE ( 'NONE', #5998, 0.07499999999999998335 ) ;
#1194 = ADVANCED_FACE ( 'NONE', ( #2302 ), #6331, .F. ) ;
#1195 = CARTESIAN_POINT ( 'NONE',  ( -0.9249999999999996003, 6.851881339845204089, 2.025000000000000355 ) ) ;
#1196 = CARTESIAN_POINT ( 'NONE',  ( 1.326476844167053359, 0.1608833736747886656, 1.354999999999999760 ) ) ;
#1197 = ORIENTED_EDGE ( 'NONE', *, *, #7605, .F. ) ;
#1198 = CARTESIAN_POINT ( 'NONE',  ( -1.326476844167053359, 0.1608833736747886656, 0.6449999999999997957 ) ) ;
#1199 = FACE_OUTER_BOUND ( 'NONE', #6689, .T. ) ;
#1200 = ORIENTED_EDGE ( 'NONE', *, *, #2797, .T. ) ;
#1201 = VERTEX_POINT ( 'NONE', #6200 ) ;
#1202 = ORIENTED_EDGE ( 'NONE', *, *, #7824, .T. ) ;
#1203 = DIRECTION ( 'NONE',  ( -0.000000000000000000, -0.000000000000000000, -1.000000000000000000 ) ) ;
#1204 = DIRECTION ( 'NONE',  ( -1.000000000000000000, 0.000000000000000000, -0.000000000000000000 ) ) ;
#1205 = VECTOR ( 'NONE', #3647, 1000.000000000000000 ) ;
#1207 = ADVANCED_FACE ( 'NONE', ( #4390 ), #3020, .F. ) ;
#1206 = CARTESIAN_POINT ( 'NONE',  ( -1.110787854860023183, 0.4600000000000071809, -0.8550000000000000933 ) ) ;
#1208 = DIRECTION ( 'NONE',  ( -1.000000000000000000, 0.000000000000000000, 0.000000000000000000 ) ) ;
#1209 = AXIS2_PLACEMENT_3D ( 'NONE', #5534, #6902, #8185 ) ;
#1210 = CYLINDRICAL_SURFACE ( 'NONE', #2637, 0.03921214513997691581 ) ;
#1211 = ORIENTED_EDGE ( 'NONE', *, *, #1013, .F. ) ;
#1212 = CARTESIAN_POINT ( 'NONE',  ( -0.9231243405451186046, 0.1666929871352584858, -2.041214128597720556 ) ) ;
#1213 = CYLINDRICAL_SURFACE ( 'NONE', #643, 0.07500000000000017764 ) ;
#1214 = DIRECTION ( 'NONE',  ( -1.000000000000000000, -6.850403608759735123E-15, 0.000000000000000000 ) ) ;
#1215 = ORIENTED_EDGE ( 'NONE', *, *, #4005, .F. ) ;
#1216 = VECTOR ( 'NONE', #1290, 1000.000000000000000 ) ;
#1217 = ADVANCED_FACE ( 'NONE', ( #314 ), #2885, .F. ) ;
#1218 = VECTOR ( 'NONE', #4864, 1000.000000000000000 ) ;
#1219 = DIRECTION ( 'NONE',  ( -0.000000000000000000, -0.000000000000000000, -1.000000000000000000 ) ) ;
#1220 = DIRECTION ( 'NONE',  ( -1.000000000000000000, 0.000000000000000000, 0.000000000000000000 ) ) ;
#1221 = PLANE ( 'NONE',  #7591 ) ;
#1222 = ADVANCED_FACE ( 'NONE', ( #1690 ), #2936, .T. ) ;
#1223 = EDGE_LOOP ( 'NONE', ( #5458, #4387, #6831, #3048 ) ) ;
#1224 = ORIENTED_EDGE ( 'NONE', *, *, #1341, .F. ) ;
#1225 = FACE_OUTER_BOUND ( 'NONE', #813, .T. ) ;
#1226 = LINE ( 'NONE', #8478, #8121 ) ;
#1227 = ORIENTED_EDGE ( 'NONE', *, *, #5877, .T. ) ;
#1228 = DIRECTION ( 'NONE',  ( -0.000000000000000000, 1.000000000000000000, 0.000000000000000000 ) ) ;
#1229 = FACE_OUTER_BOUND ( 'NONE', #6506, .T. ) ;
#1230 = EDGE_CURVE ( 'NONE', #4555, #2967, #903, .T. ) ;
#1231 = EDGE_CURVE ( 'NONE', #3849, #5624, #6931, .T. ) ;
#1232 = ORIENTED_EDGE ( 'NONE', *, *, #369, .F. ) ;
#1233 = ORIENTED_EDGE ( 'NONE', *, *, #1239, .T. ) ;
#1234 = CARTESIAN_POINT ( 'NONE',  ( 1.000000000000000444, 0.5999999999999912070, -2.025000000000000355 ) ) ;
#1235 = ORIENTED_EDGE ( 'NONE', *, *, #3712, .F. ) ;
#1236 = DIRECTION ( 'NONE',  ( 1.000000000000000000, 0.000000000000000000, -0.000000000000000000 ) ) ;
#1237 = EDGE_CURVE ( 'NONE', #4526, #3351, #5652, .T. ) ;
#1238 = EDGE_CURVE ( 'NONE', #6105, #6579, #5780, .T. ) ;
#1239 = EDGE_CURVE ( 'NONE', #2141, #7829, #5864, .T. ) ;
#1240 = LINE ( 'NONE', #3843, #972 ) ;
#1241 = CARTESIAN_POINT ( 'NONE',  ( 1.329212145139960777, 0.2000000000000000111, -1.145000000000000240 ) ) ;
#1242 = ORIENTED_EDGE ( 'NONE', *, *, #8012, .F. ) ;
#1243 = ORIENTED_EDGE ( 'NONE', *, *, #2975, .F. ) ;
#1244 = ORIENTED_EDGE ( 'NONE', *, *, #2122, .T. ) ;
#1245 = VERTEX_POINT ( 'NONE', #6532 ) ;
#1246 = ADVANCED_FACE ( 'NONE', ( #5829 ), #8384, .F. ) ;
#1247 = CARTESIAN_POINT ( 'NONE',  ( 1.289999999999983826, 0.2000000000000000111, -1.855000000000000204 ) ) ;
#1248 = CARTESIAN_POINT ( 'NONE',  ( 1.110787854860023183, 0.4207878548600303970, -0.6450000000000001288 ) ) ;
#1249 = DIRECTION ( 'NONE',  ( 1.000000000000000000, 0.000000000000000000, -0.000000000000000000 ) ) ;
#1250 = ORIENTED_EDGE ( 'NONE', *, *, #7198, .T. ) ;
#1251 = AXIS2_PLACEMENT_3D ( 'NONE', #919, #3684, #2363 ) ;
#1252 = CARTESIAN_POINT ( 'NONE',  ( 1.149999999999999911, 0.4207878548600304525, -1.145000000000000240 ) ) ;
#1253 = VERTEX_POINT ( 'NONE', #19 ) ;
#1254 = AXIS2_PLACEMENT_3D ( 'NONE', #918, #8188, #6260 ) ;
#1255 = DIRECTION ( 'NONE',  ( 0.000000000000000000, 0.000000000000000000, 1.000000000000000000 ) ) ;
#1256 = DIRECTION ( 'NONE',  ( 0.000000000000000000, 0.000000000000000000, 1.000000000000000000 ) ) ;
#1257 = ORIENTED_EDGE ( 'NONE', *, *, #2361, .T. ) ;
#1258 = CYLINDRICAL_SURFACE ( 'NONE', #7429, 0.03921214513997691581 ) ;
#1259 = AXIS2_PLACEMENT_3D ( 'NONE', #341, #7417, #1672 ) ;
#1260 = LINE ( 'NONE', #4079, #7639 ) ;
#1261 = CARTESIAN_POINT ( 'NONE',  ( -1.110787854860023183, 0.5999999999999910960, -0.1450000000000001565 ) ) ;
#1262 = ORIENTED_EDGE ( 'NONE', *, *, #997, .T. ) ;
#1263 = ADVANCED_FACE ( 'NONE', ( #4554 ), #2516, .F. ) ;
#1264 = CIRCLE ( 'NONE', #1933, 0.1792121451399605880 ) ;
#1265 = VERTEX_POINT ( 'NONE', #2589 ) ;
#1266 = DIRECTION ( 'NONE',  ( -0.06975647374411927948, -0.9975640502598247528, 0.000000000000000000 ) ) ;
#1267 = CARTESIAN_POINT ( 'NONE',  ( -1.629999999999999671, 0.1396589670363589109, 0.1449999999999998512 ) ) ;
#1268 = ORIENTED_EDGE ( 'NONE', *, *, #4282, .T. ) ;
#1269 = VECTOR ( 'NONE', #4167, 1000.000000000000000 ) ;
#1270 = DIRECTION ( 'NONE',  ( 0.000000000000000000, 0.1736481776669273891, -0.9848077530122085754 ) ) ;
#1271 = DIRECTION ( 'NONE',  ( -0.000000000000000000, -0.000000000000000000, -1.000000000000000000 ) ) ;
#1272 = VECTOR ( 'NONE', #6986, 1000.000000000000000 ) ;
#1273 = DIRECTION ( 'NONE',  ( -6.850403608759735123E-15, 1.000000000000000000, 0.000000000000000000 ) ) ;
#1274 = CIRCLE ( 'NONE', #1535, 0.1499999999999999667 ) ;
#1275 = DIRECTION ( 'NONE',  ( -0.06975647374411922397, 0.9975640502598246417, 0.000000000000000000 ) ) ;
#1276 = ORIENTED_EDGE ( 'NONE', *, *, #1445, .T. ) ;
#1277 = EDGE_CURVE ( 'NONE', #171, #2377, #5170, .T. ) ;
#1278 = ORIENTED_EDGE ( 'NONE', *, *, #6853, .T. ) ;
#1279 = CARTESIAN_POINT ( 'NONE',  ( 1.110787854860023183, 0.4207878548600303970, 0.3549999999999999267 ) ) ;
#1280 = CARTESIAN_POINT ( 'NONE',  ( 1.629999999999999671, 0.1396589670363575786, -0.3550000000000000933 ) ) ;
#1281 = LINE ( 'NONE', #6561, #1116 ) ;
#1282 = DIRECTION ( 'NONE',  ( -0.000000000000000000, -0.000000000000000000, -1.000000000000000000 ) ) ;
#1283 = AXIS2_PLACEMENT_3D ( 'NONE', #6678, #2731, #6592 ) ;
#1284 = VERTEX_POINT ( 'NONE', #4593 ) ;
#1285 = EDGE_CURVE ( 'NONE', #2464, #8031, #7771, .T. ) ;
#1286 = VERTEX_POINT ( 'NONE', #5736 ) ;
#1287 = EDGE_CURVE ( 'NONE', #1702, #7772, #1590, .T. ) ;
#1288 = ORIENTED_EDGE ( 'NONE', *, *, #2757, .F. ) ;
#1289 = VERTEX_POINT ( 'NONE', #2478 ) ;
#1290 = DIRECTION ( 'NONE',  ( 0.9975640502598246417, 0.06975647374411944601, 0.000000000000000000 ) ) ;
#1291 = DIRECTION ( 'NONE',  ( -1.000000000000000000, 0.000000000000000000, 0.000000000000000000 ) ) ;
#1292 = DIRECTION ( 'NONE',  ( -1.000000000000000000, 1.964242413918717925E-15, 0.000000000000000000 ) ) ;
#1293 = CARTESIAN_POINT ( 'NONE',  ( -1.329212145139960777, 0.2000000000000000111, -1.145000000000000240 ) ) ;
#1294 = VERTEX_POINT ( 'NONE', #3904 ) ;
#1295 = CARTESIAN_POINT ( 'NONE',  ( 1.620234093675824161, -1.485875369962032561E-15, 1.354999999999999760 ) ) ;
#1296 = VERTEX_POINT ( 'NONE', #7133 ) ;
#1297 = ADVANCED_FACE ( 'NONE', ( #3946 ), #5092, .F. ) ;
#1298 = DIRECTION ( 'NONE',  ( -0.9975640502598246417, -0.06975647374411941826, 0.000000000000000000 ) ) ;
#1299 = DIRECTION ( 'NONE',  ( -1.000000000000000000, 0.000000000000000000, 0.000000000000000000 ) ) ;
#1300 = ORIENTED_EDGE ( 'NONE', *, *, #3656, .T. ) ;
#1301 = ADVANCED_FACE ( 'NONE', ( #1823 ), #7694, .F. ) ;
#1302 = DIRECTION ( 'NONE',  ( -1.000000000000000000, 0.000000000000000000, 0.000000000000000000 ) ) ;
#1303 = LINE ( 'NONE', #4639, #6765 ) ;
#1304 = ORIENTED_EDGE ( 'NONE', *, *, #7972, .T. ) ;
#1305 = ORIENTED_EDGE ( 'NONE', *, *, #1896, .T. ) ;
#1306 = SURFACE_SIDE_STYLE ('',( #25 ) ) ;
#1307 = CARTESIAN_POINT ( 'NONE',  ( 1.620234093675824161, -1.485875369962032561E-15, -1.645000000000000240 ) ) ;
#1308 = ORIENTED_EDGE ( 'NONE', *, *, #2083, .T. ) ;
#1309 = DIRECTION ( 'NONE',  ( 0.000000000000000000, 0.000000000000000000, -1.000000000000000000 ) ) ;
#1310 = FACE_OUTER_BOUND ( 'NONE', #8171, .T. ) ;
#1311 = EDGE_LOOP ( 'NONE', ( #2019, #5519, #2920, #8335 ) ) ;
#1312 = CARTESIAN_POINT ( 'NONE',  ( -0.9999999999999995559, 6.851881339845204089, -2.100000000000000089 ) ) ;
#1313 = ORIENTED_EDGE ( 'NONE', *, *, #3811, .F. ) ;
#1314 = EDGE_LOOP ( 'NONE', ( #39, #8114, #4564, #7094 ) ) ;
#1315 = CARTESIAN_POINT ( 'NONE',  ( -1.150000000000000133, 0.2000000000000000111, -1.354999999999999982 ) ) ;
#1316 = FACE_OUTER_BOUND ( 'NONE', #5414, .T. ) ;
#1317 = DIRECTION ( 'NONE',  ( -0.000000000000000000, -0.000000000000000000, -1.000000000000000000 ) ) ;
#1318 = DIRECTION ( 'NONE',  ( -0.1710878697460327114, 0.9702875252478150303, 0.1710878697460327114 ) ) ;
#1319 = DIRECTION ( 'NONE',  ( -1.000000000000000000, 0.000000000000000000, 0.000000000000000000 ) ) ;
#1320 = ORIENTED_EDGE ( 'NONE', *, *, #4916, .F. ) ;
#1321 = ORIENTED_EDGE ( 'NONE', *, *, #2806, .F. ) ;
#1322 = VECTOR ( 'NONE', #1348, 1000.000000000000114 ) ;
#1323 = LINE ( 'NONE', #1444, #5266 ) ;
#1324 = VERTEX_POINT ( 'NONE', #1173 ) ;
#1325 = CARTESIAN_POINT ( 'NONE',  ( -1.110787854860023183, 0.4600000000000072919, 0.1449999999999999345 ) ) ;
#1326 = CARTESIAN_POINT ( 'NONE',  ( 1.326476844167053359, 0.1608833736747886656, -1.645000000000000240 ) ) ;
#1327 = EDGE_CURVE ( 'NONE', #5123, #1114, #3265, .T. ) ;
#1328 = EDGE_CURVE ( 'NONE', #1510, #7126, #7810, .T. ) ;
#1329 = AXIS2_PLACEMENT_3D ( 'NONE', #5982, #8029, #2918 ) ;
#1330 = CARTESIAN_POINT ( 'NONE',  ( -1.150000000000000133, 0.2000000000000000111, 0.3549999999999999267 ) ) ;
#1331 = CARTESIAN_POINT ( 'NONE',  ( -0.9999999999999995559, 0.4600000000000072919, 1.645000000000000018 ) ) ;
#1332 = ORIENTED_EDGE ( 'NONE', *, *, #3120, .T. ) ;
#1333 = LINE ( 'NONE', #1252, #3689 ) ;
#1334 = VERTEX_POINT ( 'NONE', #5908 ) ;
#1335 = PRESENTATION_LAYER_ASSIGNMENT (  '', '', ( #113 ) ) ;
#1336 = CARTESIAN_POINT ( 'NONE',  ( -1.149999999999999911, 0.4207878548600303970, -1.145000000000000240 ) ) ;
#1337 = DIRECTION ( 'NONE',  ( 0.000000000000000000, 1.000000000000000000, 0.000000000000000000 ) ) ;
#1338 = VERTEX_POINT ( 'NONE', #3222 ) ;
#1339 = VECTOR ( 'NONE', #3399, 1000.000000000000000 ) ;
#1340 = FACE_OUTER_BOUND ( 'NONE', #6923, .T. ) ;
#1341 = EDGE_CURVE ( 'NONE', #4809, #2285, #6953, .T. ) ;
#1342 = EDGE_CURVE ( 'NONE', #8025, #7616, #7098, .T. ) ;
#1343 =( GEOMETRIC_REPRESENTATION_CONTEXT ( 3 ) GLOBAL_UNCERTAINTY_ASSIGNED_CONTEXT ( ( #4897 ) ) GLOBAL_UNIT_ASSIGNED_CONTEXT ( ( #8322, #1020, #6068 ) ) REPRESENTATION_CONTEXT ( 'NONE', 'WORKASPACE' ) );
#1344 = EDGE_CURVE ( 'NONE', #4188, #6585, #7857, .T. ) ;
#1345 = DIRECTION ( 'NONE',  ( -1.000000000000000000, 0.000000000000000000, 0.000000000000000000 ) ) ;
#1346 = AXIS2_PLACEMENT_3D ( 'NONE', #8427, #8467, #482 ) ;
#1347 = ORIENTED_EDGE ( 'NONE', *, *, #5024, .F. ) ;
#1348 = DIRECTION ( 'NONE',  ( -0.9975640502598245307, -0.06975647374412029256, 0.000000000000000000 ) ) ;
#1349 = LINE ( 'NONE', #70, #4063 ) ;
#1350 = DIRECTION ( 'NONE',  ( -0.000000000000000000, -1.000000000000000000, -0.000000000000000000 ) ) ;
#1351 = AXIS2_PLACEMENT_3D ( 'NONE', #3074, #458, #6856 ) ;
#1352 = AXIS2_PLACEMENT_3D ( 'NONE', #2686, #824, #5314 ) ;
#1353 = CIRCLE ( 'NONE', #798, 0.1792121451399605880 ) ;
#1354 =( NAMED_UNIT ( * ) PLANE_ANGLE_UNIT ( ) SI_UNIT ( $, .RADIAN. ) );
#1355 = LINE ( 'NONE', #7355, #856 ) ;
#1356 = VERTEX_POINT ( 'NONE', #3138 ) ;
#1357 = ORIENTED_EDGE ( 'NONE', *, *, #5712, .F. ) ;
#1358 = DIRECTION ( 'NONE',  ( 1.000000000000000000, -0.000000000000000000, 0.000000000000000000 ) ) ;
#1359 = CARTESIAN_POINT ( 'NONE',  ( -1.110787854860023183, 0.4600000000000072919, 0.3549999999999999267 ) ) ;
#1360 = LINE ( 'NONE', #3964, #4961 ) ;
#1361 = CARTESIAN_POINT ( 'NONE',  ( 1.629999999999999671, 0.1396589670363576063, 0.3549999999999999267 ) ) ;
#1362 = LINE ( 'NONE', #5455, #6593 ) ;
#1363 = CARTESIAN_POINT ( 'NONE',  ( -1.110787854860023183, 0.4207878548600303970, -1.145000000000000240 ) ) ;
#1364 = ORIENTED_EDGE ( 'NONE', *, *, #598, .F. ) ;
#1365 = EDGE_CURVE ( 'NONE', #7927, #5624, #3105, .T. ) ;
#1366 = ORIENTED_EDGE ( 'NONE', *, *, #2183, .F. ) ;
#1367 = CARTESIAN_POINT ( 'NONE',  ( 1.000000000000000000, 0.4600000000000065148, 0.8549999999999998712 ) ) ;
#1368 = VERTEX_POINT ( 'NONE', #5307 ) ;
#1369 = CARTESIAN_POINT ( 'NONE',  ( 1.620234093675824161, -1.484648254424143662E-15, 1.644999999999999796 ) ) ;
#1370 = DIRECTION ( 'NONE',  ( -0.000000000000000000, -0.000000000000000000, -1.000000000000000000 ) ) ;
#1371 = FACE_OUTER_BOUND ( 'NONE', #1029, .T. ) ;
#1372 = CARTESIAN_POINT ( 'NONE',  ( -1.110787854860023183, 0.5999999999999912070, -1.645000000000000240 ) ) ;
#1373 = VERTEX_POINT ( 'NONE', #3953 ) ;
#1374 = ORIENTED_EDGE ( 'NONE', *, *, #2469, .T. ) ;
#1375 = SURFACE_STYLE_USAGE ( .BOTH. , #7254 ) ;
#1376 = ORIENTED_EDGE ( 'NONE', *, *, #1534, .F. ) ;
#1377 = EDGE_CURVE ( 'NONE', #3210, #4437, #4642, .T. ) ;
#1378 = ORIENTED_EDGE ( 'NONE', *, *, #6915, .T. ) ;
#1379 = CARTESIAN_POINT ( 'NONE',  ( -1.110787854860023183, 0.4207878548600303970, -0.1450000000000001565 ) ) ;
#1380 = DIRECTION ( 'NONE',  ( 0.000000000000000000, 1.000000000000000000, 0.000000000000000000 ) ) ;
#1381 = CIRCLE ( 'NONE', #3300, 0.03921214513997670070 ) ;
#1382 = AXIS2_PLACEMENT_3D ( 'NONE', #3290, #5932, #4704 ) ;
#1383 = VERTEX_POINT ( 'NONE', #2162 ) ;
#1384 = FACE_OUTER_BOUND ( 'NONE', #4599, .T. ) ;
#1385 = CARTESIAN_POINT ( 'NONE',  ( 1.289999999999983604, 0.4207878548600304525, -0.3550000000000000377 ) ) ;
#1386 = VERTEX_POINT ( 'NONE', #6242 ) ;
#1387 = EDGE_CURVE ( 'NONE', #5249, #6054, #2254, .T. ) ;
#1388 = LINE ( 'NONE', #6631, #3779 ) ;
#1389 = AXIS2_PLACEMENT_3D ( 'NONE', #4080, #3644, #7497 ) ;
#1390 = DIRECTION ( 'NONE',  ( -1.000000000000000000, 0.000000000000000000, 0.000000000000000000 ) ) ;
#1391 = AXIS2_PLACEMENT_3D ( 'NONE', #4505, #3859, #5860 ) ;
#1392 = CARTESIAN_POINT ( 'NONE',  ( 1.316710937842877627, 0.02122440663842930716, -0.1450000000000001565 ) ) ;
#1393 = ORIENTED_EDGE ( 'NONE', *, *, #6862, .T. ) ;
#1394 = AXIS2_PLACEMENT_3D ( 'NONE', #5220, #8387, #560 ) ;
#1395 = AXIS2_PLACEMENT_3D ( 'NONE', #2314, #4924, #1700 ) ;
#1397 = EDGE_CURVE ( 'NONE', #3458, #5744, #4120, .T. ) ;
#1396 = CARTESIAN_POINT ( 'NONE',  ( -0.9999999999999995559, 0.5999999999999912070, -0.3550000000000000377 ) ) ;
#1398 = EDGE_CURVE ( 'NONE', #7253, #4073, #5473, .T. ) ;
#1399 = VECTOR ( 'NONE', #5525, 1000.000000000000227 ) ;
#1400 = DIRECTION ( 'NONE',  ( -1.000000000000000000, -0.000000000000000000, 0.000000000000000000 ) ) ;
#1401 = DIRECTION ( 'NONE',  ( -1.000000000000000000, 0.000000000000000000, 0.000000000000000000 ) ) ;
#1402 = DIRECTION ( 'NONE',  ( -0.9975640502598246417, -0.06975647374411941826, 0.000000000000000000 ) ) ;
#1403 = CARTESIAN_POINT ( 'NONE',  ( -0.9999999999999995559, 0.4600000000000072919, -2.025376985405695773 ) ) ;
#1404 = VECTOR ( 'NONE', #201, 1000.000000000000000 ) ;
#1405 = ORIENTED_EDGE ( 'NONE', *, *, #346, .F. ) ;
#1406 = VERTEX_POINT ( 'NONE', #1548 ) ;
#1407 = EDGE_LOOP ( 'NONE', ( #3229, #2677, #3535, #6784 ) ) ;
#1408 = DIRECTION ( 'NONE',  ( -0.1710878697460323783, -0.9702875252478150303, 0.1710878697460323783 ) ) ;
#1409 = CARTESIAN_POINT ( 'NONE',  ( -0.9249999999999996003, 0.4600000000000079026, 2.100000000000000089 ) ) ;
#1410 = LINE ( 'NONE', #4022, #5332 ) ;
#1411 = DIRECTION ( 'NONE',  ( -9.786290869656726145E-16, -1.000000000000000000, 0.000000000000000000 ) ) ;
#1412 = ORIENTED_EDGE ( 'NONE', *, *, #6077, .F. ) ;
#1413 = ORIENTED_EDGE ( 'NONE', *, *, #1920, .F. ) ;
#1414 = DIRECTION ( 'NONE',  ( -1.000000000000000000, 0.000000000000000000, 0.000000000000000000 ) ) ;
#1415 = ORIENTED_EDGE ( 'NONE', *, *, #5543, .F. ) ;
#1416 = AXIS2_PLACEMENT_3D ( 'NONE', #4255, #1515, #1050 ) ;
#1417 = EDGE_LOOP ( 'NONE', ( #588, #4328, #5589, #4952 ) ) ;
#1418 = CARTESIAN_POINT ( 'NONE',  ( -1.316710937842878071, 0.02122440663842927941, 0.6449999999999999067 ) ) ;
#1419 = DIRECTION ( 'NONE',  ( -0.000000000000000000, -0.000000000000000000, -1.000000000000000000 ) ) ;
#1420 = ORIENTED_EDGE ( 'NONE', *, *, #1534, .T. ) ;
#1421 = SURFACE_STYLE_USAGE ( .BOTH. , #818 ) ;
#1422 = CYLINDRICAL_SURFACE ( 'NONE', #3918, 0.1499999999999999667 ) ;
#1423 = VERTEX_POINT ( 'NONE', #7512 ) ;
#1424 = CARTESIAN_POINT ( 'NONE',  ( 1.629999999999999671, 0.1396589670363576063, 1.855000000000000204 ) ) ;
#1425 = CARTESIAN_POINT ( 'NONE',  ( -0.9261308919290301978, 0.6000483567235030957, 2.099991473404946962 ) ) ;
#1426 = CARTESIAN_POINT ( 'NONE',  ( 1.629999999999999671, 0.1396589670363576063, 1.855000000000000204 ) ) ;
#1427 = EDGE_CURVE ( 'NONE', #2417, #5704, #4346, .T. ) ;
#1428 = ADVANCED_FACE ( 'NONE', ( #2296 ), #7556, .F. ) ;
#1429 =( NAMED_UNIT ( * ) SI_UNIT ( $, .STERADIAN. ) SOLID_ANGLE_UNIT ( ) );
#1430 = EDGE_LOOP ( 'NONE', ( #1699, #5449, #6026, #4155 ) ) ;
#1431 = FACE_OUTER_BOUND ( 'NONE', #4594, .T. ) ;
#1432 = VERTEX_POINT ( 'NONE', #2931 ) ;
#1433 = DIRECTION ( 'NONE',  ( 0.06975647374412040358, -0.9975640502598246417, 0.000000000000000000 ) ) ;
#1434 = DIRECTION ( 'NONE',  ( 0.000000000000000000, 0.000000000000000000, 1.000000000000000000 ) ) ;
#1435 = CARTESIAN_POINT ( 'NONE',  ( 1.629999999999999671, 0.1396589670363575786, -0.3550000000000000377 ) ) ;
#1436 = PLANE ( 'NONE',  #2103 ) ;
#1437 = EDGE_CURVE ( 'NONE', #7975, #1338, #1506, .T. ) ;
#1438 = DIRECTION ( 'NONE',  ( -1.000000000000000000, 0.000000000000000000, 0.000000000000000000 ) ) ;
#1439 = FACE_OUTER_BOUND ( 'NONE', #5958, .T. ) ;
#1440 = ADVANCED_FACE ( 'NONE', ( #6928 ), #1038, .F. ) ;
#1441 = VERTEX_POINT ( 'NONE', #7472 ) ;
#1442 = CIRCLE ( 'NONE', #2688, 0.1792121451399605880 ) ;
#1443 = VERTEX_POINT ( 'NONE', #1584 ) ;
#1444 = CARTESIAN_POINT ( 'NONE',  ( -1.150000000000000133, 0.2000000000000000111, 0.6449999999999999067 ) ) ;
#1445 = EDGE_CURVE ( 'NONE', #171, #2192, #2881, .T. ) ;
#1446 = ORIENTED_EDGE ( 'NONE', *, *, #5557, .T. ) ;
#1447 = DIRECTION ( 'NONE',  ( -0.000000000000000000, -0.000000000000000000, -1.000000000000000000 ) ) ;
#1448 = CARTESIAN_POINT ( 'NONE',  ( -0.9253769854056927979, 0.4600000000000072919, 2.100000000000000089 ) ) ;
#1449 = DIRECTION ( 'NONE',  ( 9.821212069593589627E-16, -1.000000000000000000, 0.000000000000000000 ) ) ;
#1450 = LINE ( 'NONE', #6063, #5384 ) ;
#1451 = ORIENTED_EDGE ( 'NONE', *, *, #6162, .F. ) ;
#1452 = VERTEX_POINT ( 'NONE', #4198 ) ;
#1453 = CARTESIAN_POINT ( 'NONE',  ( -1.149999999999999911, 0.4207878548600303970, -0.1450000000000001565 ) ) ;
#1454 = ORIENTED_EDGE ( 'NONE', *, *, #5450, .F. ) ;
#1455 = VERTEX_POINT ( 'NONE', #6109 ) ;
#1456 = DIRECTION ( 'NONE',  ( 0.06975647374412040358, -0.9975640502598246417, 0.000000000000000000 ) ) ;
#1457 = VECTOR ( 'NONE', #382, 1000.000000000000000 ) ;
#1458 = DIRECTION ( 'NONE',  ( -0.000000000000000000, -0.000000000000000000, -1.000000000000000000 ) ) ;
#1459 = CARTESIAN_POINT ( 'NONE',  ( 0.8735898146066566339, 0.1749999999999999889, 0.000000000000000000 ) ) ;
#1460 = VECTOR ( 'NONE', #5789, 1000.000000000000000 ) ;
#1461 = DIRECTION ( 'NONE',  ( 1.000000000000000000, 0.000000000000000000, -0.000000000000000000 ) ) ;
#1462 = ORIENTED_EDGE ( 'NONE', *, *, #3225, .F. ) ;
#1463 = DIRECTION ( 'NONE',  ( 0.000000000000000000, 0.000000000000000000, -1.000000000000000000 ) ) ;
#1464 = CARTESIAN_POINT ( 'NONE',  ( -1.110787854860023183, 0.4207878548600303970, 1.145000000000000018 ) ) ;
#1465 = VERTEX_POINT ( 'NONE', #5515 ) ;
#1466 = ORIENTED_EDGE ( 'NONE', *, *, #5094, .T. ) ;
#1467 = CARTESIAN_POINT ( 'NONE',  ( -1.289999999999983604, 0.4207878548600304525, 1.645000000000000018 ) ) ;
#1468 = DIRECTION ( 'NONE',  ( 0.9975640502598243087, -0.06975647374412463630, 0.000000000000000000 ) ) ;
#1469 = AXIS2_PLACEMENT_3D ( 'NONE', #7766, #2548, #5902 ) ;
#1470 = CARTESIAN_POINT ( 'NONE',  ( -1.110787854860023183, 0.4600000000000071254, -0.1450000000000001565 ) ) ;
#1471 = VECTOR ( 'NONE', #767, 1000.000000000000000 ) ;
#1472 = CARTESIAN_POINT ( 'NONE',  ( 0.9999971578016494389, 0.6000161189078271340, -2.025753949382019581 ) ) ;
#1473 = CYLINDRICAL_SURFACE ( 'NONE', #3878, 0.03921214513997691581 ) ;
#1474 = VECTOR ( 'NONE', #8057, 1000.000000000000114 ) ;
#1475 =( LENGTH_UNIT ( ) NAMED_UNIT ( * ) SI_UNIT ( .MILLI., .METRE. ) );
#1476 = ORIENTED_EDGE ( 'NONE', *, *, #1594, .T. ) ;
#1477 = STYLED_ITEM ( 'NONE', ( #3726 ), #7886 ) ;
#1478 = LINE ( 'NONE', #5485, #8268 ) ;
#1479 = VERTEX_POINT ( 'NONE', #7433 ) ;
#1480 = DIRECTION ( 'NONE',  ( -0.000000000000000000, -0.000000000000000000, -1.000000000000000000 ) ) ;
#1481 = EDGE_CURVE ( 'NONE', #1128, #5380, #8168, .T. ) ;
#1482 = VECTOR ( 'NONE', #8338, 1000.000000000000000 ) ;
#1483 = EDGE_CURVE ( 'NONE', #7384, #170, #6132, .T. ) ;
#1484 = PRESENTATION_LAYER_ASSIGNMENT (  '', '', ( #5211 ) ) ;
#1485 = PLANE ( 'NONE',  #3728 ) ;
#1486 =( BOUNDED_CURVE ( )  B_SPLINE_CURVE ( 3, ( #4060, #4664, #7373, #5418 ),
 .UNSPECIFIED., .F., .T. ) 
 B_SPLINE_CURVE_WITH_KNOTS ( ( 4, 4 ),
 ( 2.371273620688819861, 3.911911686490766815 ),
 .UNSPECIFIED. ) 
 CURVE ( )  GEOMETRIC_REPRESENTATION_ITEM ( )  RATIONAL_B_SPLINE_CURVE ( ( 1.000000000000000000, 0.8117923620232485593, 0.8117923620232485593, 1.000000000000000000 ) ) 
 REPRESENTATION_ITEM ( '' )  );
#1487 = CARTESIAN_POINT ( 'NONE',  ( -1.150000000000000133, 0.2000000000000000111, 0.3549999999999999267 ) ) ;
#1488 = CARTESIAN_POINT ( 'NONE',  ( 1.110787854860023183, 0.4207878548600303970, 1.354999999999999760 ) ) ;
#1489 = EDGE_LOOP ( 'NONE', ( #7596, #5949, #1529, #1676 ) ) ;
#1490 = AXIS2_PLACEMENT_3D ( 'NONE', #8104, #5541, #7455 ) ;
#1491 = CARTESIAN_POINT ( 'NONE',  ( 1.329212145139960777, 0.2000000000000000111, 1.354999999999999760 ) ) ;
#1492 = ORIENTED_EDGE ( 'NONE', *, *, #2913, .T. ) ;
#1493 = ORIENTED_EDGE ( 'NONE', *, *, #2358, .T. ) ;
#1494 = EDGE_CURVE ( 'NONE', #5430, #2828, #2390, .T. ) ;
#1495 = ADVANCED_FACE ( 'NONE', ( #5295 ), #8460, .F. ) ;
#1496 = EDGE_CURVE ( 'NONE', #8450, #5329, #764, .T. ) ;
#1497 = DIRECTION ( 'NONE',  ( -0.000000000000000000, -0.000000000000000000, -1.000000000000000000 ) ) ;
#1498 = DIRECTION ( 'NONE',  ( 0.000000000000000000, -0.000000000000000000, -1.000000000000000000 ) ) ;
#1499 = ORIENTED_EDGE ( 'NONE', *, *, #6694, .F. ) ;
#1500 = VERTEX_POINT ( 'NONE', #7986 ) ;
#1501 = CARTESIAN_POINT ( 'NONE',  ( -1.110787854860023183, 0.4207878548600303970, 1.645000000000000018 ) ) ;
#1502 = ORIENTED_EDGE ( 'NONE', *, *, #5090, .F. ) ;
#1503 = ORIENTED_EDGE ( 'NONE', *, *, #3637, .F. ) ;
#1504 = EDGE_CURVE ( 'NONE', #7085, #5430, #3514, .T. ) ;
#1505 = CARTESIAN_POINT ( 'NONE',  ( -1.329212145139960777, 0.2000000000000000111, 1.354999999999999760 ) ) ;
#1506 = LINE ( 'NONE', #1684, #2571 ) ;
#1507 = DIRECTION ( 'NONE',  ( -1.000000000000000000, 0.000000000000000000, 0.000000000000000000 ) ) ;
#1508 = DIRECTION ( 'NONE',  ( -0.000000000000000000, -0.000000000000000000, -1.000000000000000000 ) ) ;
#1509 = DIRECTION ( 'NONE',  ( -0.000000000000000000, 1.000000000000000000, -0.000000000000000000 ) ) ;
#1510 = VERTEX_POINT ( 'NONE', #6019 ) ;
#1511 = CARTESIAN_POINT ( 'NONE',  ( 1.150000000000000133, 0.2000000000000000111, -0.6450000000000001288 ) ) ;
#1512 = CARTESIAN_POINT ( 'NONE',  ( 1.329212145139960777, 0.2000000000000000111, -0.6450000000000001288 ) ) ;
#1513 = AXIS2_PLACEMENT_3D ( 'NONE', #1990, #1456, #4075 ) ;
#1514 = CARTESIAN_POINT ( 'NONE',  ( -1.110787854860023183, 0.4600000000000070699, 1.855000000000000204 ) ) ;
#1515 = DIRECTION ( 'NONE',  ( -0.06975647374411941826, 0.9975640502598246417, 0.000000000000000000 ) ) ;
#1516 =( NAMED_UNIT ( * ) PLANE_ANGLE_UNIT ( ) SI_UNIT ( $, .RADIAN. ) );
#1517 = ORIENTED_EDGE ( 'NONE', *, *, #3276, .F. ) ;
#1518 = DIRECTION ( 'NONE',  ( -0.000000000000000000, 1.000000000000000000, 0.000000000000000000 ) ) ;
#1519 = ORIENTED_EDGE ( 'NONE', *, *, #5661, .T. ) ;
#1520 = AXIS2_PLACEMENT_3D ( 'NONE', #4746, #2660, #7968 ) ;
#1521 = DIRECTION ( 'NONE',  ( 0.9975640502598245307, 0.06975647374412038970, 0.000000000000000000 ) ) ;
#1522 = AXIS2_PLACEMENT_3D ( 'NONE', #1195, #6997, #5199 ) ;
#1523 = FACE_OUTER_BOUND ( 'NONE', #4721, .T. ) ;
#1524 = CARTESIAN_POINT ( 'NONE',  ( 0.9412141285977165817, 0.1247737546427803573, -1.973589814606655723 ) ) ;
#1525 = STYLED_ITEM ( 'NONE', ( #7612 ), #4802 ) ;
#1526 = CARTESIAN_POINT ( 'NONE',  ( -1.150000000000000133, 0.4207878548600303970, 1.855000000000000204 ) ) ;
#1527 = VECTOR ( 'NONE', #4138, 1000.000000000000000 ) ;
#1528 = LINE ( 'NONE', #1567, #8486 ) ;
#1529 = ORIENTED_EDGE ( 'NONE', *, *, #6379, .F. ) ;
#1530 = ORIENTED_EDGE ( 'NONE', *, *, #8337, .T. ) ;
#1531 = CIRCLE ( 'NONE', #1134, 0.1792121451399605880 ) ;
#1532 = CIRCLE ( 'NONE', #7979, 0.1792121451399605880 ) ;
#1533 = CLOSED_SHELL ( 'NONE', ( #7932, #3226, #462, #937, #4748, #7070, #8152, #2865, #3482, #3078, #5433, #4489, #1978, #1021 ) ) ;
#1534 = EDGE_CURVE ( 'NONE', #8312, #4538, #7852, .T. ) ;
#1535 = AXIS2_PLACEMENT_3D ( 'NONE', #7064, #8391, #2398 ) ;
#1536 = ADVANCED_FACE ( 'NONE', ( #2112 ), #595, .F. ) ;
#1537 = CARTESIAN_POINT ( 'NONE',  ( -1.110787854860023183, 0.5999999999999909850, -0.1450000000000001565 ) ) ;
#1538 = DIRECTION ( 'NONE',  ( -0.9975640502598246417, -0.06975647374411941826, 0.000000000000000000 ) ) ;
#1539 = VERTEX_POINT ( 'NONE', #4628 ) ;
#1540 = ORIENTED_EDGE ( 'NONE', *, *, #7674, .T. ) ;
#1541 = ORIENTED_EDGE ( 'NONE', *, *, #4016, .F. ) ;
#1542 = ORIENTED_EDGE ( 'NONE', *, *, #2981, .T. ) ;
#1543 = UNCERTAINTY_MEASURE_WITH_UNIT (LENGTH_MEASURE( 1.000000000000000082E-05 ), #3128, 'distance_accuracy_value', 'NONE');
#1544 = DIRECTION ( 'NONE',  ( -1.000000000000000000, 0.000000000000000000, 0.000000000000000000 ) ) ;
#1545 = CARTESIAN_POINT ( 'NONE',  ( 1.316710937842878071, 0.02122440663842936268, 0.3549999999999999267 ) ) ;
#1546 = PRESENTATION_STYLE_ASSIGNMENT (( #7432 ) ) ;
#1547 = EDGE_CURVE ( 'NONE', #5003, #7844, #5213, .T. ) ;
#1548 = CARTESIAN_POINT ( 'NONE',  ( 1.000000000000000000, 0.5999999999999903189, -1.145000000000000240 ) ) ;
#1549 = CARTESIAN_POINT ( 'NONE',  ( 0.9227646187833873359, 1.038023613325019578, -1.948904037307472192 ) ) ;
#1550 = MECHANICAL_DESIGN_GEOMETRIC_PRESENTATION_REPRESENTATION (  '', ( #4994 ), #4701 ) ;
#1551 = LINE ( 'NONE', #1637, #3753 ) ;
#1552 = EDGE_CURVE ( 'NONE', #8025, #3930, #7805, .T. ) ;
#1553 = DIRECTION ( 'NONE',  ( -1.000000000000000000, -9.074737973021588507E-16, 0.000000000000000000 ) ) ;
#1554 = VERTEX_POINT ( 'NONE', #138 ) ;
#1555 = ORIENTED_EDGE ( 'NONE', *, *, #4898, .F. ) ;
#1556 = DIRECTION ( 'NONE',  ( 1.000000000000000000, 0.000000000000000000, -0.000000000000000000 ) ) ;
#1557 = CYLINDRICAL_SURFACE ( 'NONE', #6153, 0.1792121451399605880 ) ;
#1558 = CARTESIAN_POINT ( 'NONE',  ( 1.289999999999983826, 0.2000000000000000111, -1.145000000000000240 ) ) ;
#1559 = DIRECTION ( 'NONE',  ( -0.000000000000000000, -1.000000000000000000, 0.000000000000000000 ) ) ;
#1560 = ORIENTED_EDGE ( 'NONE', *, *, #2718, .T. ) ;
#1561 = CARTESIAN_POINT ( 'NONE',  ( -0.9999999999999995559, 0.4600000000000072919, -1.145000000000000240 ) ) ;
#1562 = VERTEX_POINT ( 'NONE', #1937 ) ;
#1563 = CARTESIAN_POINT ( 'NONE',  ( 1.329212145139960777, 0.2000000000000000111, -1.645000000000000240 ) ) ;
#1564 = DIRECTION ( 'NONE',  ( -0.9975640502598246417, 0.06975647374411923785, 0.000000000000000000 ) ) ;
#1565 = FACE_OUTER_BOUND ( 'NONE', #1640, .T. ) ;
#1566 = DIRECTION ( 'NONE',  ( 0.000000000000000000, 0.000000000000000000, 1.000000000000000000 ) ) ;
#1567 = CARTESIAN_POINT ( 'NONE',  ( 1.629999999999999671, 0.1396589670363576063, 1.354999999999999760 ) ) ;
#1568 = VERTEX_POINT ( 'NONE', #6526 ) ;
#1569 = ORIENTED_EDGE ( 'NONE', *, *, #5340, .F. ) ;
#1570 = AXIS2_PLACEMENT_3D ( 'NONE', #7866, #6465, #7110 ) ;
#1571 = ORIENTED_EDGE ( 'NONE', *, *, #5762, .T. ) ;
#1572 = PLANE ( 'NONE',  #7500 ) ;
#1573 = CARTESIAN_POINT ( 'NONE',  ( 0.000000000000000000, 0.1619763866749804326, -2.047450396082571178 ) ) ;
#1574 = ORIENTED_EDGE ( 'NONE', *, *, #4207, .T. ) ;
#1575 = ORIENTED_EDGE ( 'NONE', *, *, #1077, .T. ) ;
#1576 = ORIENTED_EDGE ( 'NONE', *, *, #6684, .T. ) ;
#1577 = VERTEX_POINT ( 'NONE', #630 ) ;
#1578 = ADVANCED_FACE ( 'NONE', ( #1371 ), #3976, .F. ) ;
#1579 = EDGE_CURVE ( 'NONE', #542, #6866, #2872, .T. ) ;
#1580 = DIRECTION ( 'NONE',  ( -1.000000000000000000, 0.000000000000000000, 0.000000000000000000 ) ) ;
#1581 = CARTESIAN_POINT ( 'NONE',  ( -0.9475569092792218706, 0.1625956094184489442, 2.011939828497726790 ) ) ;
#1582 = LINE ( 'NONE', #4859, #317 ) ;
#1583 = DIRECTION ( 'NONE',  ( -1.000000000000000000, 0.000000000000000000, 0.000000000000000000 ) ) ;
#1584 = CARTESIAN_POINT ( 'NONE',  ( -0.9999999999999995559, 0.4600000000000071254, 0.8549999999999998712 ) ) ;
#1585 = CARTESIAN_POINT ( 'NONE',  ( 1.316710937842877627, 0.02122440663842934186, -0.8550000000000000933 ) ) ;
#1586 = LINE ( 'NONE', #5610, #3517 ) ;
#1587 = CARTESIAN_POINT ( 'NONE',  ( -1.326476844167053359, 0.1608833736747886656, -0.6450000000000001288 ) ) ;
#1588 = EDGE_LOOP ( 'NONE', ( #4230, #6583, #4893, #2854 ) ) ;
#1589 = DIRECTION ( 'NONE',  ( -1.000000000000000000, 0.000000000000000000, 0.000000000000000000 ) ) ;
#1590 = CIRCLE ( 'NONE', #1052, 0.03921214513997691581 ) ;
#1591 = EDGE_CURVE ( 'NONE', #4673, #1611, #5550, .T. ) ;
#1592 = LINE ( 'NONE', #6250, #1771 ) ;
#1593 = EDGE_CURVE ( 'NONE', #1952, #1368, #7415, .T. ) ;
#1594 = EDGE_CURVE ( 'NONE', #1465, #5398, #2445, .T. ) ;
#1595 = AXIS2_PLACEMENT_3D ( 'NONE', #6546, #1309, #1148 ) ;
#1596 = CARTESIAN_POINT ( 'NONE',  ( -1.326476844167053359, 0.1608833736747886101, -1.645000000000000240 ) ) ;
#1597 = CARTESIAN_POINT ( 'NONE',  ( -0.9249999999999998224, 0.5999999999999912070, -2.100000000000000089 ) ) ;
#1598 = ORIENTED_EDGE ( 'NONE', *, *, #3584, .F. ) ;
#1599 = DIRECTION ( 'NONE',  ( -0.000000000000000000, -0.000000000000000000, -1.000000000000000000 ) ) ;
#1600 = PLANE ( 'NONE',  #7563 ) ;
#1601 = EDGE_LOOP ( 'NONE', ( #6471, #6487, #970, #4601 ) ) ;
#1602 = CYLINDRICAL_SURFACE ( 'NONE', #7237, 0.07499999999999998335 ) ;
#1603 = ORIENTED_EDGE ( 'NONE', *, *, #4386, .F. ) ;
#1604 = STYLED_ITEM ( 'NONE', ( #2477 ), #7667 ) ;
#1605 = ADVANCED_FACE ( 'NONE', ( #4759 ), #2286, .T. ) ;
#1606 = CIRCLE ( 'NONE', #8081, 0.03921214513997670070 ) ;
#1607 = LINE ( 'NONE', #6046, #3682 ) ;
#1608 = CARTESIAN_POINT ( 'NONE',  ( 0.8735898146066565229, 0.09999999999999993616, -2.011939828497725458 ) ) ;
#1609 = DIRECTION ( 'NONE',  ( -0.000000000000000000, -0.000000000000000000, -1.000000000000000000 ) ) ;
#1610 = AXIS2_PLACEMENT_3D ( 'NONE', #7871, #7831, #5847 ) ;
#1611 = VERTEX_POINT ( 'NONE', #3603 ) ;
#1612 = CIRCLE ( 'NONE', #6833, 0.1792121451399605880 ) ;
#1614 = B_SPLINE_CURVE_WITH_KNOTS ( 'NONE', 3,
 ( #3435, #6714, #816, #219 ),
 .UNSPECIFIED., .F., .F.,
 ( 4, 4 ),
 ( 0.000000000000000000, 1.000000000000000000 ),
 .UNSPECIFIED. ) ;
#1613 = CARTESIAN_POINT ( 'NONE',  ( 1.289999999999983826, 0.1999999999999999833, -1.645000000000000240 ) ) ;
#1615 = VERTEX_POINT ( 'NONE', #5595 ) ;
#1616 = VECTOR ( 'NONE', #3772, 1000.000000000000000 ) ;
#1617 = ORIENTED_EDGE ( 'NONE', *, *, #3289, .F. ) ;
#1618 = LINE ( 'NONE', #8197, #1956 ) ;
#1619 = AXIS2_PLACEMENT_3D ( 'NONE', #2726, #6116, #5357 ) ;
#1620 = CARTESIAN_POINT ( 'NONE',  ( 1.000000000000000000, 0.4600000000000070144, 0.6449999999999999067 ) ) ;
#1621 = EDGE_CURVE ( 'NONE', #8139, #1179, #5463, .T. ) ;
#1622 = VECTOR ( 'NONE', #8192, 1000.000000000000000 ) ;
#1623 = ORIENTED_EDGE ( 'NONE', *, *, #7951, .T. ) ;
#1624 = DIRECTION ( 'NONE',  ( 0.000000000000000000, 0.000000000000000000, 1.000000000000000000 ) ) ;
#1625 = DIRECTION ( 'NONE',  ( -0.000000000000000000, -0.000000000000000000, -1.000000000000000000 ) ) ;
#1626 = LINE ( 'NONE', #384, #435 ) ;
#1627 = ORIENTED_EDGE ( 'NONE', *, *, #239, .T. ) ;
#1628 = VERTEX_POINT ( 'NONE', #6704 ) ;
#1629 = EDGE_LOOP ( 'NONE', ( #5725, #7298, #6309, #5987 ) ) ;
#1630 = ORIENTED_EDGE ( 'NONE', *, *, #2736, .T. ) ;
#1631 = DIRECTION ( 'NONE',  ( 0.000000000000000000, 0.000000000000000000, 1.000000000000000000 ) ) ;
#1632 = CARTESIAN_POINT ( 'NONE',  ( -0.8735898146066553016, 0.09999999999999978351, 2.011939828497726790 ) ) ;
#1633 = LINE ( 'NONE', #1730, #7228 ) ;
#1634 = DIRECTION ( 'NONE',  ( -0.000000000000000000, -0.000000000000000000, -1.000000000000000000 ) ) ;
#1635 = ADVANCED_FACE ( 'NONE', ( #260 ), #8076, .F. ) ;
#1636 = CARTESIAN_POINT ( 'NONE',  ( -1.329212145139960777, 0.2000000000000000111, 0.8549999999999998712 ) ) ;
#1637 = CARTESIAN_POINT ( 'NONE',  ( -1.326476844167053359, 0.1608833736747886656, -1.645000000000000240 ) ) ;
#1638 = CARTESIAN_POINT ( 'NONE',  ( 1.620234093675824161, -1.496544593801257044E-15, 1.855000000000000204 ) ) ;
#1639 = FACE_OUTER_BOUND ( 'NONE', #8080, .T. ) ;
#1640 = EDGE_LOOP ( 'NONE', ( #4278, #7713, #8349, #5226, #1571, #6380, #4097, #2723, #7727, #8334, #8267, #4184 ) ) ;
#1641 = EDGE_LOOP ( 'NONE', ( #5331, #3467, #6691, #5799, #183, #2002, #117, #3837, #7494, #5486, #5368, #8174 ) ) ;
#1642 = DIRECTION ( 'NONE',  ( 1.000000000000000000, 8.807661782691089029E-15, 0.000000000000000000 ) ) ;
#1643 = DIRECTION ( 'NONE',  ( 0.000000000000000000, 0.000000000000000000, 1.000000000000000000 ) ) ;
#1644 = CARTESIAN_POINT ( 'NONE',  ( -1.629999999999999671, 0.1396589670363588831, 1.855000000000000204 ) ) ;
#1645 = CARTESIAN_POINT ( 'NONE',  ( 0.9257539493820376997, 0.4599838810921712540, 2.099997157801649195 ) ) ;
#1646 =( LENGTH_UNIT ( ) NAMED_UNIT ( * ) SI_UNIT ( .MILLI., .METRE. ) );
#1647 = EDGE_CURVE ( 'NONE', #2629, #8190, #6783, .T. ) ;
#1648 = ADVANCED_FACE ( 'NONE', ( #5502 ), #2151, .T. ) ;
#1649 = CARTESIAN_POINT ( 'NONE',  ( 1.149999999999999911, 0.4207878548600304525, 1.354999999999999760 ) ) ;
#1650 = EDGE_CURVE ( 'NONE', #5466, #7029, #3923, .T. ) ;
#1651 = LINE ( 'NONE', #5627, #4544 ) ;
#1652 = VERTEX_POINT ( 'NONE', #8156 ) ;
#1653 = CARTESIAN_POINT ( 'NONE',  ( 1.629999999999999671, 0.1396589670363575786, -1.354999999999999982 ) ) ;
#1654 = DIRECTION ( 'NONE',  ( -1.964242413918717925E-15, -1.000000000000000000, 0.000000000000000000 ) ) ;
#1655 = DIRECTION ( 'NONE',  ( -0.9975640502598243087, 0.06975647374412363710, 0.000000000000000000 ) ) ;
#1656 = AXIS2_PLACEMENT_3D ( 'NONE', #5232, #7711, #5794 ) ;
#1657 = ORIENTED_EDGE ( 'NONE', *, *, #1650, .F. ) ;
#1658 = EDGE_CURVE ( 'NONE', #441, #3073, #7460, .T. ) ;
#1659 = VECTOR ( 'NONE', #1846, 1000.000000000000114 ) ;
#1660 = ADVANCED_FACE ( 'NONE', ( #4186 ), #848, .F. ) ;
#1661 = EDGE_CURVE ( 'NONE', #4646, #472, #3470, .T. ) ;
#1662 = CARTESIAN_POINT ( 'NONE',  ( 1.000000000000000000, 0.5999999999999903189, 0.1449999999999999345 ) ) ;
#1663 = ORIENTED_EDGE ( 'NONE', *, *, #8084, .F. ) ;
#1664 = CARTESIAN_POINT ( 'NONE',  ( 1.000000000000000444, 0.5999999999999910960, 2.025376985405676233 ) ) ;
#1665 = VERTEX_POINT ( 'NONE', #3551 ) ;
#1666 = PRESENTATION_LAYER_ASSIGNMENT (  '', '', ( #1525 ) ) ;
#1667 = AXIS2_PLACEMENT_3D ( 'NONE', #2113, #4717, #3429 ) ;
#1668 = CARTESIAN_POINT ( 'NONE',  ( 1.150000000000000133, 0.4207878548600303970, -1.354999999999999982 ) ) ;
#1669 = AXIS2_PLACEMENT_3D ( 'NONE', #7400, #7357, #6000 ) ;
#1670 = VERTEX_POINT ( 'NONE', #6182 ) ;
#1671 = FACE_OUTER_BOUND ( 'NONE', #7757, .T. ) ;
#1672 = DIRECTION ( 'NONE',  ( -1.000000000000000000, 0.000000000000000000, 0.000000000000000000 ) ) ;
#1673 = AXIS2_PLACEMENT_3D ( 'NONE', #5979, #3933, #4584 ) ;
#1674 = ORIENTED_EDGE ( 'NONE', *, *, #286, .F. ) ;
#1675 = VECTOR ( 'NONE', #7484, 1000.000000000000000 ) ;
#1676 = ORIENTED_EDGE ( 'NONE', *, *, #6225, .F. ) ;
#1677 = EDGE_LOOP ( 'NONE', ( #1155, #86, #4621, #4991 ) ) ;
#1678 = VECTOR ( 'NONE', #460, 1000.000000000000000 ) ;
#1679 = DIRECTION ( 'NONE',  ( -0.000000000000000000, -0.000000000000000000, -1.000000000000000000 ) ) ;
#1680 = CARTESIAN_POINT ( 'NONE',  ( -0.8735898146066555237, 0.1247737546427837713, 2.041214128597720556 ) ) ;
#1681 = AXIS2_PLACEMENT_3D ( 'NONE', #8354, #7699, #6415 ) ;
#1682 = CARTESIAN_POINT ( 'NONE',  ( 1.000000000000000000, 0.4600000000000065148, 1.855000000000000204 ) ) ;
#1683 = DIRECTION ( 'NONE',  ( -1.000000000000000000, 0.000000000000000000, 0.000000000000000000 ) ) ;
#1684 = CARTESIAN_POINT ( 'NONE',  ( -1.629999999999999671, 0.1396589670363589109, 1.644999999999999796 ) ) ;
#1685 = LINE ( 'NONE', #3661, #7557 ) ;
#1686 = CARTESIAN_POINT ( 'NONE',  ( -1.329212145139960777, 0.2000000000000000111, 0.1449999999999999345 ) ) ;
#1687 = FILL_AREA_STYLE ('',( #8217 ) ) ;
#1688 = ORIENTED_EDGE ( 'NONE', *, *, #6097, .T. ) ;
#1689 =( LENGTH_UNIT ( ) NAMED_UNIT ( * ) SI_UNIT ( .MILLI., .METRE. ) );
#1690 = FACE_OUTER_BOUND ( 'NONE', #3347, .T. ) ;
#1691 = ORIENTED_EDGE ( 'NONE', *, *, #2135, .F. ) ;
#1692 = PLANE ( 'NONE',  #6666 ) ;
#1693 = CARTESIAN_POINT ( 'NONE',  ( 1.110787854860022517, 0.5999999999999913181, 0.3549999999999999267 ) ) ;
#1694 = CARTESIAN_POINT ( 'NONE',  ( 0.9165283512985360481, 1.075226245357216115, -1.974586400069412440 ) ) ;
#1695 = FACE_OUTER_BOUND ( 'NONE', #5234, .T. ) ;
#1696 = PRESENTATION_LAYER_ASSIGNMENT (  '', '', ( #5134 ) ) ;
#1697 = CARTESIAN_POINT ( 'NONE',  ( 1.620234093675824161, -1.485875369962032561E-15, -1.145000000000000240 ) ) ;
#1698 = CARTESIAN_POINT ( 'NONE',  ( -0.9999999999999995559, 0.4600000000000072919, -0.3550000000000000377 ) ) ;
#1699 = ORIENTED_EDGE ( 'NONE', *, *, #552, .T. ) ;
#1700 = DIRECTION ( 'NONE',  ( -1.000000000000000000, 0.000000000000000000, 0.000000000000000000 ) ) ;
#1701 = CARTESIAN_POINT ( 'NONE',  ( -1.629999999999999671, 0.1396589670363588831, -0.1450000000000001565 ) ) ;
#1702 = VERTEX_POINT ( 'NONE', #302 ) ;
#1703 = DIRECTION ( 'NONE',  ( -0.000000000000000000, -0.000000000000000000, -1.000000000000000000 ) ) ;
#1704 = LINE ( 'NONE', #5104, #5395 ) ;
#1705 = CIRCLE ( 'NONE', #2117, 0.07499999999999998335 ) ;
#1706 = EDGE_CURVE ( 'NONE', #2285, #5380, #7499, .T. ) ;
#1707 = ADVANCED_FACE ( 'NONE', ( #4235 ), #980, .F. ) ;
#1708 = CARTESIAN_POINT ( 'NONE',  ( 0.9231243405451199369, 0.1666929871352533232, -2.041214128597719224 ) ) ;
#1709 = DIRECTION ( 'NONE',  ( -1.000000000000000000, 0.000000000000000000, 0.000000000000000000 ) ) ;
#1710 = ORIENTED_EDGE ( 'NONE', *, *, #3853, .F. ) ;
#1711 = LINE ( 'NONE', #7914, #7422 ) ;
#1712 = DIRECTION ( 'NONE',  ( -0.06975647374411922397, 0.9975640502598246417, 0.000000000000000000 ) ) ;
#1713 = ORIENTED_EDGE ( 'NONE', *, *, #8209, .F. ) ;
#1714 = DIRECTION ( 'NONE',  ( 0.000000000000000000, 0.000000000000000000, 1.000000000000000000 ) ) ;
#1715 = EDGE_CURVE ( 'NONE', #441, #8078, #7630, .T. ) ;
#1716 = ADVANCED_FACE ( 'NONE', ( #3046 ), #1027, .T. ) ;
#1717 = ADVANCED_FACE ( 'NONE', ( #1199 ), #3127, .F. ) ;
#1718 = EDGE_CURVE ( 'NONE', #2535, #7029, #6441, .T. ) ;
#1719 = CARTESIAN_POINT ( 'NONE',  ( -0.9165283512985351599, 1.075226245357216115, -1.948904037307471748 ) ) ;
#1720 = ORIENTED_EDGE ( 'NONE', *, *, #5499, .F. ) ;
#1721 = CARTESIAN_POINT ( 'NONE',  ( 1.149999999999999911, 0.4207878548600304525, -0.3550000000000000377 ) ) ;
#1722 = CARTESIAN_POINT ( 'NONE',  ( -1.110787854860023183, 0.4600000000000070699, -1.145000000000000240 ) ) ;
#1723 = ORIENTED_EDGE ( 'NONE', *, *, #2414, .F. ) ;
#1724 = ORIENTED_EDGE ( 'NONE', *, *, #5340, .T. ) ;
#1725 = ORIENTED_EDGE ( 'NONE', *, *, #3951, .F. ) ;
#1726 = DIRECTION ( 'NONE',  ( -0.000000000000000000, -0.000000000000000000, -1.000000000000000000 ) ) ;
#1727 = CARTESIAN_POINT ( 'NONE',  ( -1.110787854860023183, 0.4600000000000070699, 1.354999999999999760 ) ) ;
#1728 = CARTESIAN_POINT ( 'NONE',  ( -0.8858233710400005290, 0.1729484145906712844, 2.047556909279222737 ) ) ;
#1729 = DIRECTION ( 'NONE',  ( 0.9975640502598246417, 0.06975647374411944601, 0.000000000000000000 ) ) ;
#1730 = CARTESIAN_POINT ( 'NONE',  ( 1.150000000000000133, 0.4207878548600303970, -0.8550000000000000933 ) ) ;
#1731 = CARTESIAN_POINT ( 'NONE',  ( 1.629999999999999671, 0.1396589670363576063, -0.6450000000000001288 ) ) ;
#1732 = DIRECTION ( 'NONE',  ( 0.000000000000000000, 0.000000000000000000, 1.000000000000000000 ) ) ;
#1733 = ORIENTED_EDGE ( 'NONE', *, *, #686, .F. ) ;
#1734 = SURFACE_STYLE_USAGE ( .BOTH. , #401 ) ;
#1735 = LINE ( 'NONE', #1781, #6006 ) ;
#1736 = DIRECTION ( 'NONE',  ( 0.000000000000000000, 1.000000000000000000, 0.000000000000000000 ) ) ;
#1737 = ORIENTED_EDGE ( 'NONE', *, *, #3476, .F. ) ;
#1738 = CARTESIAN_POINT ( 'NONE',  ( 1.110787854860023183, 0.4207878548600303970, -1.645000000000000240 ) ) ;
#1739 = CARTESIAN_POINT ( 'NONE',  ( 1.329212145139960777, 0.2000000000000000111, 0.8549999999999998712 ) ) ;
#1740 = CARTESIAN_POINT ( 'NONE',  ( 0.8489040373074722146, 1.075226245357215893, -2.016528351298535693 ) ) ;
#1741 = CARTESIAN_POINT ( 'NONE',  ( 1.000000000000000000, 0.5999999999999903189, -1.354999999999999982 ) ) ;
#1742 = ORIENTED_EDGE ( 'NONE', *, *, #2656, .F. ) ;
#1743 = VECTOR ( 'NONE', #1736, 1000.000000000000000 ) ;
#1744 = DIRECTION ( 'NONE',  ( 0.000000000000000000, 0.1736481776669261123, 0.9848077530122089085 ) ) ;
#1745 = PLANE ( 'NONE',  #442 ) ;
#1746 = VERTEX_POINT ( 'NONE', #2375 ) ;
#1747 = CARTESIAN_POINT ( 'NONE',  ( -0.9999999999999995559, 0.4600000000000071254, -1.645000000000000018 ) ) ;
#1748 = DIRECTION ( 'NONE',  ( -0.000000000000000000, -0.000000000000000000, -1.000000000000000000 ) ) ;
#1749 = AXIS2_PLACEMENT_3D ( 'NONE', #5312, #7903, #5917 ) ;
#1750 = VECTOR ( 'NONE', #674, 1000.000000000000000 ) ;
#1751 = DIRECTION ( 'NONE',  ( -0.9975640502598246417, -0.06975647374411941826, 0.000000000000000000 ) ) ;
#1752 = EDGE_LOOP ( 'NONE', ( #2794, #3247, #7369 ) ) ;
#1753 = VECTOR ( 'NONE', #1943, 1000.000000000000000 ) ;
#1754 = ADVANCED_FACE ( 'NONE', ( #8293 ), #3282, .F. ) ;
#1755 = ORIENTED_EDGE ( 'NONE', *, *, #2070, .T. ) ;
#1756 = LINE ( 'NONE', #2954, #8204 ) ;
#1757 = VECTOR ( 'NONE', #5775, 1000.000000000000000 ) ;
#1758 = FACE_OUTER_BOUND ( 'NONE', #2640, .T. ) ;
#1759 = DIRECTION ( 'NONE',  ( 1.000000000000000000, 6.850403608759735123E-15, -0.000000000000000000 ) ) ;
#1760 = DIRECTION ( 'NONE',  ( 0.000000000000000000, -1.000000000000000000, -0.000000000000000000 ) ) ;
#1761 = AXIS2_PLACEMENT_3D ( 'NONE', #8457, #7005, #5857 ) ;
#1762 = DIRECTION ( 'NONE',  ( -1.000000000000000000, 0.000000000000000000, 0.000000000000000000 ) ) ;
#1763 = DIRECTION ( 'NONE',  ( 0.000000000000000000, -0.000000000000000000, -1.000000000000000000 ) ) ;
#1764 = VECTOR ( 'NONE', #7412, 1000.000000000000114 ) ;
#1765 = ORIENTED_EDGE ( 'NONE', *, *, #7022, .F. ) ;
#1766 = ADVANCED_FACE ( 'NONE', ( #1112 ), #3773, .F. ) ;
#1767 = CIRCLE ( 'NONE', #7111, 0.07499999999999998335 ) ;
#1768 = ORIENTED_EDGE ( 'NONE', *, *, #2132, .F. ) ;
#1769 = ORIENTED_EDGE ( 'NONE', *, *, #4382, .F. ) ;
#1770 = ADVANCED_FACE ( 'NONE', ( #1671 ), #1806, .F. ) ;
#1771 = VECTOR ( 'NONE', #5047, 1000.000000000000000 ) ;
#1772 = CARTESIAN_POINT ( 'NONE',  ( -1.110787854860023183, 0.4600000000000070699, -1.645000000000000240 ) ) ;
#1773 = VECTOR ( 'NONE', #2476, 1000.000000000000000 ) ;
#1774 = DIRECTION ( 'NONE',  ( -0.000000000000000000, -0.000000000000000000, -1.000000000000000000 ) ) ;
#1775 = CARTESIAN_POINT ( 'NONE',  ( -1.149999999999999911, 0.4207878548600303970, -1.645000000000000240 ) ) ;
#1776 = LINE ( 'NONE', #4197, #8492 ) ;
#1777 = FACE_OUTER_BOUND ( 'NONE', #2058, .T. ) ;
#1778 = DIRECTION ( 'NONE',  ( -0.06975647374411923785, -0.9975640502598246417, 0.000000000000000000 ) ) ;
#1779 = ORIENTED_EDGE ( 'NONE', *, *, #6198, .F. ) ;
#1780 = EDGE_CURVE ( 'NONE', #2490, #4942, #2418, .T. ) ;
#1781 = CARTESIAN_POINT ( 'NONE',  ( -0.9249999999999996003, 6.851881339845204089, -2.100000000000000089 ) ) ;
#1782 = AXIS2_PLACEMENT_3D ( 'NONE', #3990, #729, #3354 ) ;
#1783 = DIRECTION ( 'NONE',  ( 9.821212069593589627E-16, -1.000000000000000000, 0.000000000000000000 ) ) ;
#1784 = ORIENTED_EDGE ( 'NONE', *, *, #2070, .F. ) ;
#1785 = EDGE_CURVE ( 'NONE', #5081, #6099, #4420, .T. ) ;
#1786 = CARTESIAN_POINT ( 'NONE',  ( -1.150000000000000133, 0.4207878548600303970, 0.8549999999999998712 ) ) ;
#1787 = DIRECTION ( 'NONE',  ( 0.000000000000000000, -0.000000000000000000, -1.000000000000000000 ) ) ;
#1788 = DIRECTION ( 'NONE',  ( -1.000000000000000000, 0.000000000000000000, 0.000000000000000000 ) ) ;
#1789 = CARTESIAN_POINT ( 'NONE',  ( 1.629999999999999671, 0.1396589670363575786, -1.855000000000000204 ) ) ;
#1790 = ORIENTED_EDGE ( 'NONE', *, *, #6522, .F. ) ;
#1791 = CARTESIAN_POINT ( 'NONE',  ( -1.326476844167053359, 0.1608833736747886656, 0.1449999999999998512 ) ) ;
#1792 = LINE ( 'NONE', #6303, #2089 ) ;
#1793 = ORIENTED_EDGE ( 'NONE', *, *, #4687, .F. ) ;
#1794 = CARTESIAN_POINT ( 'NONE',  ( -1.110787854860023183, 0.4207878548600303970, -1.354999999999999982 ) ) ;
#1795 = CARTESIAN_POINT ( 'NONE',  ( -1.620234093675824161, -2.168404344971008868E-16, 0.8549999999999998712 ) ) ;
#1796 = VERTEX_POINT ( 'NONE', #7047 ) ;
#1797 = LINE ( 'NONE', #3080, #973 ) ;
#1798 = ORIENTED_EDGE ( 'NONE', *, *, #1896, .F. ) ;
#1799 = SURFACE_SIDE_STYLE ('',( #7670 ) ) ;
#1800 = LINE ( 'NONE', #2456, #430 ) ;
#1801 = AXIS2_PLACEMENT_3D ( 'NONE', #7121, #1160, #7755 ) ;
#1802 = CARTESIAN_POINT ( 'NONE',  ( 1.150000000000000133, 0.2000000000000000111, 0.6449999999999999067 ) ) ;
#1803 = VECTOR ( 'NONE', #8328, 1000.000000000000000 ) ;
#1804 = ORIENTED_EDGE ( 'NONE', *, *, #1083, .T. ) ;
#1805 = CARTESIAN_POINT ( 'NONE',  ( 1.329212145139960777, 0.2000000000000000111, 1.354999999999999760 ) ) ;
#1806 = PLANE ( 'NONE',  #63 ) ;
#1807 = SURFACE_STYLE_USAGE ( .BOTH. , #5205 ) ;
#1808 = ORIENTED_EDGE ( 'NONE', *, *, #496, .T. ) ;
#1809 = VERTEX_POINT ( 'NONE', #6398 ) ;
#1810 = ORIENTED_EDGE ( 'NONE', *, *, #2566, .T. ) ;
#1811 = VECTOR ( 'NONE', #3095, 1000.000000000000000 ) ;
#1812 = DIRECTION ( 'NONE',  ( -1.000000000000000000, 0.000000000000000000, 0.000000000000000000 ) ) ;
#1813 = ADVANCED_FACE ( 'NONE', ( #5768 ), #506, .F. ) ;
#1814 = EDGE_CURVE ( 'NONE', #3108, #769, #8372, .T. ) ;
#1815 = CARTESIAN_POINT ( 'NONE',  ( 1.110787854860023183, 0.4207878548600303970, 0.3549999999999999267 ) ) ;
#1816 = CARTESIAN_POINT ( 'NONE',  ( 1.000000000000000000, 0.4207878548600303970, 0.1449999999999999345 ) ) ;
#1817 = STYLED_ITEM ( 'NONE', ( #3573 ), #4846 ) ;
#1818 = VECTOR ( 'NONE', #7030, 1000.000000000000000 ) ;
#1819 = CARTESIAN_POINT ( 'NONE',  ( 1.149999999999999911, 0.4207878548600304525, 0.1449999999999999345 ) ) ;
#1820 = ORIENTED_EDGE ( 'NONE', *, *, #4850, .F. ) ;
#1821 = CARTESIAN_POINT ( 'NONE',  ( -1.149999999999999911, 0.4207878548600303970, -0.1450000000000001565 ) ) ;
#1822 = PLANE ( 'NONE',  #6553 ) ;
#1823 = FACE_OUTER_BOUND ( 'NONE', #55, .T. ) ;
#1824 = VERTEX_POINT ( 'NONE', #1722 ) ;
#1825 = CIRCLE ( 'NONE', #6073, 0.1792121451399605880 ) ;
#1826 = DIRECTION ( 'NONE',  ( -1.000000000000000000, 0.000000000000000000, 0.000000000000000000 ) ) ;
#1827 = STYLED_ITEM ( 'NONE', ( #4034 ), #7584 ) ;
#1828 = EDGE_CURVE ( 'NONE', #53, #8373, #7306, .T. ) ;
#1829 = DIRECTION ( 'NONE',  ( 1.000000000000000000, 0.000000000000000000, -0.000000000000000000 ) ) ;
#1830 = EDGE_CURVE ( 'NONE', #2243, #2676, #6317, .T. ) ;
#1831 = ORIENTED_EDGE ( 'NONE', *, *, #3322, .F. ) ;
#1832 = VECTOR ( 'NONE', #7684, 1000.000000000000000 ) ;
#1833 = PLANE ( 'NONE',  #5258 ) ;
#1834 = DIRECTION ( 'NONE',  ( 1.000000000000000000, 6.850403608759735123E-15, -0.000000000000000000 ) ) ;
#1835 = ORIENTED_EDGE ( 'NONE', *, *, #855, .F. ) ;
#1836 = ADVANCED_FACE ( 'NONE', ( #1850 ), #425, .F. ) ;
#1837 = DIRECTION ( 'NONE',  ( -1.000000000000000000, 0.000000000000000000, 0.000000000000000000 ) ) ;
#1838 = LINE ( 'NONE', #1795, #3829 ) ;
#1839 = AXIS2_PLACEMENT_3D ( 'NONE', #33, #658, #2650 ) ;
#1840 = ORIENTED_EDGE ( 'NONE', *, *, #1494, .F. ) ;
#1841 =( GEOMETRIC_REPRESENTATION_CONTEXT ( 3 ) GLOBAL_UNCERTAINTY_ASSIGNED_CONTEXT ( ( #8401 ) ) GLOBAL_UNIT_ASSIGNED_CONTEXT ( ( #4732, #1354, #2605 ) ) REPRESENTATION_CONTEXT ( 'NONE', 'WORKASPACE' ) );
#1842 = CARTESIAN_POINT ( 'NONE',  ( -1.629999999999999671, 0.1396589670363589109, 0.6449999999999997957 ) ) ;
#1843 = ORIENTED_EDGE ( 'NONE', *, *, #6171, .T. ) ;
#1844 = CARTESIAN_POINT ( 'NONE',  ( -1.110787854860023183, 0.4207878548600303970, 1.354999999999999760 ) ) ;
#1845 = DIRECTION ( 'NONE',  ( 1.000000000000000000, 0.000000000000000000, -0.000000000000000000 ) ) ;
#1846 = DIRECTION ( 'NONE',  ( -0.9975640502598246417, -0.06975647374411941826, 0.000000000000000000 ) ) ;
#1847 = MANIFOLD_SOLID_BREP ( 'Cut-Extrude1', #4426 ) ;
#1848 = LINE ( 'NONE', #8448, #7279 ) ;
#1849 = DIRECTION ( 'NONE',  ( -0.000000000000000000, -1.000000000000000000, -0.000000000000000000 ) ) ;
#1850 = FACE_OUTER_BOUND ( 'NONE', #4870, .T. ) ;
#1851 = CARTESIAN_POINT ( 'NONE',  ( -0.9999999999999995559, 0.4600000000000072919, -0.1450000000000001565 ) ) ;
#1852 = ORIENTED_EDGE ( 'NONE', *, *, #2866, .T. ) ;
#1853 = EDGE_LOOP ( 'NONE', ( #6518, #4114, #3764, #2916 ) ) ;
#1854 = ORIENTED_EDGE ( 'NONE', *, *, #6059, .F. ) ;
#1855 = FACE_OUTER_BOUND ( 'NONE', #632, .T. ) ;
#1856 = LINE ( 'NONE', #6368, #6967 ) ;
#1857 = LINE ( 'NONE', #7173, #3852 ) ;
#1858 = ORIENTED_EDGE ( 'NONE', *, *, #5078, .F. ) ;
#1859 = CARTESIAN_POINT ( 'NONE',  ( 1.110787854860023183, 0.4600000000000072919, -1.145000000000000240 ) ) ;
#1860 = DIRECTION ( 'NONE',  ( -0.000000000000000000, -0.000000000000000000, -1.000000000000000000 ) ) ;
#1861 = CARTESIAN_POINT ( 'NONE',  ( 1.150000000000000133, 0.4207878548600303970, 0.6449999999999999067 ) ) ;
#1862 = ADVANCED_FACE ( 'NONE', ( #5445 ), #2689, .T. ) ;
#1863 = ORIENTED_EDGE ( 'NONE', *, *, #78, .F. ) ;
#1864 = EDGE_CURVE ( 'NONE', #887, #5208, #4736, .T. ) ;
#1865 = CARTESIAN_POINT ( 'NONE',  ( -0.9474503960825715332, 0.1619763866749804326, 1.973589814606656834 ) ) ;
#1866 = DIRECTION ( 'NONE',  ( 0.000000000000000000, 0.000000000000000000, 1.000000000000000000 ) ) ;
#1867 = FACE_OUTER_BOUND ( 'NONE', #3771, .T. ) ;
#1868 = ORIENTED_EDGE ( 'NONE', *, *, #4964, .T. ) ;
#1869 = VECTOR ( 'NONE', #1917, 1000.000000000000000 ) ;
#1870 = EDGE_LOOP ( 'NONE', ( #4259, #3646, #7166, #2479 ) ) ;
#1871 = DIRECTION ( 'NONE',  ( 0.9975640502598246417, 0.06975647374411944601, 0.000000000000000000 ) ) ;
#1872 = DIRECTION ( 'NONE',  ( -0.000000000000000000, -1.000000000000000000, -0.000000000000000000 ) ) ;
#1874 = EDGE_CURVE ( 'NONE', #1479, #2745, #2925, .T. ) ;
#1873 = DIRECTION ( 'NONE',  ( -0.000000000000000000, -0.000000000000000000, -1.000000000000000000 ) ) ;
#1875 = CARTESIAN_POINT ( 'NONE',  ( -1.289999999999983604, 0.4207878548600304525, 0.6449999999999999067 ) ) ;
#1876 = EDGE_CURVE ( 'NONE', #7975, #1087, #5359, .T. ) ;
#1877 = MANIFOLD_SOLID_BREP ( 'LPattern1[13]', #1533 ) ;
#1878 = EDGE_CURVE ( 'NONE', #6070, #7384, #1355, .T. ) ;
#1879 = DIRECTION ( 'NONE',  ( -0.06975647374411927948, -0.9975640502598247528, 0.000000000000000000 ) ) ;
#1880 = ORIENTED_EDGE ( 'NONE', *, *, #3640, .F. ) ;
#1881 = EDGE_LOOP ( 'NONE', ( #7380, #5278, #1164, #606 ) ) ;
#1883 = ADVANCED_FACE ( 'NONE', ( #4091 ), #3960, .F. ) ;
#1882 = DIRECTION ( 'NONE',  ( 1.000000000000000000, 1.964242413918717925E-15, -0.000000000000000000 ) ) ;
#1884 = LINE ( 'NONE', #8291, #3049 ) ;
#1885 = VECTOR ( 'NONE', #192, 1000.000000000000000 ) ;
#1886 = DIRECTION ( 'NONE',  ( 0.000000000000000000, 0.000000000000000000, 1.000000000000000000 ) ) ;
#1887 = FACE_OUTER_BOUND ( 'NONE', #4485, .T. ) ;
#1888 = VECTOR ( 'NONE', #735, 1000.000000000000000 ) ;
#1889 = SURFACE_STYLE_USAGE ( .BOTH. , #4015 ) ;
#1890 = ORIENTED_EDGE ( 'NONE', *, *, #3491, .F. ) ;
#1891 = ORIENTED_EDGE ( 'NONE', *, *, #727, .T. ) ;
#1892 = ORIENTED_EDGE ( 'NONE', *, *, #2486, .T. ) ;
#1893 = VERTEX_POINT ( 'NONE', #2129 ) ;
#1894 = AXIS2_PLACEMENT_3D ( 'NONE', #5907, #3221, #1414 ) ;
#1895 = LINE ( 'NONE', #7053, #6299 ) ;
#1896 = EDGE_CURVE ( 'NONE', #7127, #5329, #5830, .T. ) ;
#1897 = CARTESIAN_POINT ( 'NONE',  ( -0.9999914734049465403, 0.4599516432764993445, -2.026130891929034394 ) ) ;
#1898 = CARTESIAN_POINT ( 'NONE',  ( -1.110787854860023183, 0.4600000000000071254, 0.3549999999999999267 ) ) ;
#1899 = EDGE_LOOP ( 'NONE', ( #62, #6157, #304, #5578 ) ) ;
#1900 = DIRECTION ( 'NONE',  ( -1.000000000000000000, 0.000000000000000000, 0.000000000000000000 ) ) ;
#1901 = ORIENTED_EDGE ( 'NONE', *, *, #1980, .T. ) ;
#1902 = DIRECTION ( 'NONE',  ( 0.000000000000000000, -0.000000000000000000, 1.000000000000000000 ) ) ;
#1903 = DIRECTION ( 'NONE',  ( 0.000000000000000000, 0.000000000000000000, 1.000000000000000000 ) ) ;
#1904 = ORIENTED_EDGE ( 'NONE', *, *, #1238, .F. ) ;
#1905 = VECTOR ( 'NONE', #1120, 1000.000000000000000 ) ;
#1906 = CIRCLE ( 'NONE', #6702, 0.03921214513997691581 ) ;
#1907 = DIRECTION ( 'NONE',  ( -0.000000000000000000, -0.000000000000000000, -1.000000000000000000 ) ) ;
#1908 = CARTESIAN_POINT ( 'NONE',  ( -0.9999999999999995559, 0.4600000000000072919, 0.8549999999999998712 ) ) ;
#1909 = CARTESIAN_POINT ( 'NONE',  ( -1.150000000000000133, 0.4207878548600303970, 0.3549999999999999267 ) ) ;
#1910 = EDGE_CURVE ( 'NONE', #5628, #345, #1006, .T. ) ;
#1911 = ORIENTED_EDGE ( 'NONE', *, *, #853, .T. ) ;
#1912 =( GEOMETRIC_REPRESENTATION_CONTEXT ( 3 ) GLOBAL_UNCERTAINTY_ASSIGNED_CONTEXT ( ( #5751 ) ) GLOBAL_UNIT_ASSIGNED_CONTEXT ( ( #5733, #8264, #4340 ) ) REPRESENTATION_CONTEXT ( 'NONE', 'WORKASPACE' ) );
#1913 = VERTEX_POINT ( 'NONE', #3713 ) ;
#1914 = CARTESIAN_POINT ( 'NONE',  ( 0.8735898146066567449, 0.1749999999999999611, 1.973589814606656834 ) ) ;
#1915 = FACE_OUTER_BOUND ( 'NONE', #4454, .T. ) ;
#1916 = CARTESIAN_POINT ( 'NONE',  ( 1.110787854860023183, 0.5999999999999907629, 1.645000000000000018 ) ) ;
#1917 = DIRECTION ( 'NONE',  ( 0.000000000000000000, -1.000000000000000000, -0.000000000000000000 ) ) ;
#1918 = CARTESIAN_POINT ( 'NONE',  ( -0.9999999999999995559, 0.5999999999999910960, 2.025376985405675789 ) ) ;
#1919 = EDGE_CURVE ( 'NONE', #4799, #6275, #7045, .T. ) ;
#1920 = EDGE_CURVE ( 'NONE', #1611, #7989, #4436, .T. ) ;
#1921 = EDGE_CURVE ( 'NONE', #1338, #1702, #2267, .T. ) ;
#1922 = ORIENTED_EDGE ( 'NONE', *, *, #6963, .F. ) ;
#1923 = ORIENTED_EDGE ( 'NONE', *, *, #1188, .F. ) ;
#1924 = DIRECTION ( 'NONE',  ( -0.9975640502598243087, 0.06975647374412370649, 0.000000000000000000 ) ) ;
#1925 = EDGE_CURVE ( 'NONE', #8030, #6354, #452, .T. ) ;
#1926 = PLANE ( 'NONE',  #5381 ) ;
#1927 = CARTESIAN_POINT ( 'NONE',  ( -0.9999914734049458742, 0.6000483567235028737, -2.026130891929030842 ) ) ;
#1928 = ADVANCED_FACE ( 'NONE', ( #411 ), #4215, .F. ) ;
#1929 = ORIENTED_EDGE ( 'NONE', *, *, #5185, .T. ) ;
#1930 = DIRECTION ( 'NONE',  ( 1.000000000000000000, -0.000000000000000000, 0.000000000000000000 ) ) ;
#1931 = VERTEX_POINT ( 'NONE', #1597 ) ;
#1932 = ORIENTED_EDGE ( 'NONE', *, *, #3596, .T. ) ;
#1933 = AXIS2_PLACEMENT_3D ( 'NONE', #3457, #873, #6122 ) ;
#1934 = ORIENTED_EDGE ( 'NONE', *, *, #6788, .T. ) ;
#1935 = FACE_OUTER_BOUND ( 'NONE', #3471, .T. ) ;
#1936 = FACE_OUTER_BOUND ( 'NONE', #1314, .T. ) ;
#1937 = CARTESIAN_POINT ( 'NONE',  ( 1.289999999999983604, 0.4207878548600304525, 1.145000000000000018 ) ) ;
#1938 = DIRECTION ( 'NONE',  ( 1.964242413918717925E-15, -1.000000000000000000, -0.000000000000000000 ) ) ;
#1939 = ORIENTED_EDGE ( 'NONE', *, *, #7163, .T. ) ;
#1940 = CARTESIAN_POINT ( 'NONE',  ( -1.326476844167053359, 0.1608833736747886378, 1.354999999999999760 ) ) ;
#1941 = ORIENTED_EDGE ( 'NONE', *, *, #3851, .F. ) ;
#1942 = AXIS2_PLACEMENT_3D ( 'NONE', #2539, #4369, #1107 ) ;
#1943 = DIRECTION ( 'NONE',  ( 0.000000000000000000, 0.000000000000000000, 1.000000000000000000 ) ) ;
#1944 = CARTESIAN_POINT ( 'NONE',  ( 1.110787854860023183, 0.4600000000000072919, -1.354999999999999982 ) ) ;
#1945 = VERTEX_POINT ( 'NONE', #907 ) ;
#1946 = DIRECTION ( 'NONE',  ( -1.000000000000000000, 0.000000000000000000, 0.000000000000000000 ) ) ;
#1947 = CIRCLE ( 'NONE', #6883, 0.03921214513997691581 ) ;
#1948 = CARTESIAN_POINT ( 'NONE',  ( 1.110787854860023183, 0.4207878548600303970, 1.645000000000000018 ) ) ;
#1949 = ORIENTED_EDGE ( 'NONE', *, *, #3112, .F. ) ;
#1950 =( LENGTH_UNIT ( ) NAMED_UNIT ( * ) SI_UNIT ( .MILLI., .METRE. ) );
#1951 = VECTOR ( 'NONE', #282, 1000.000000000000000 ) ;
#1952 = VERTEX_POINT ( 'NONE', #3530 ) ;
#1953 = CARTESIAN_POINT ( 'NONE',  ( -0.9999999999999995559, 0.4600000000000071254, 1.855000000000000204 ) ) ;
#1954 = DIRECTION ( 'NONE',  ( -0.1710878697460323783, 0.9702875252478150303, 0.1710878697460323783 ) ) ;
#1955 = ORIENTED_EDGE ( 'NONE', *, *, #3266, .F. ) ;
#1956 = VECTOR ( 'NONE', #8243, 999.9999999999998863 ) ;
#1957 = DIRECTION ( 'NONE',  ( -1.000000000000000000, 1.964242413918717925E-15, 0.000000000000000000 ) ) ;
#1958 = DIRECTION ( 'NONE',  ( 0.000000000000000000, -1.000000000000000000, 0.000000000000000000 ) ) ;
#1959 = AXIS2_PLACEMENT_3D ( 'NONE', #6854, #4877, #5484 ) ;
#1960 = CARTESIAN_POINT ( 'NONE',  ( -0.9999914734049458742, 0.6000483567235029847, 2.026130891929031286 ) ) ;
#1961 = CARTESIAN_POINT ( 'NONE',  ( 1.329212145139960777, 0.2000000000000000111, 0.3549999999999999267 ) ) ;
#1962 = CIRCLE ( 'NONE', #7719, 0.03921214513997670070 ) ;
#1963 = EDGE_LOOP ( 'NONE', ( #7491, #4092, #5354, #8428 ) ) ;
#1964 = ORIENTED_EDGE ( 'NONE', *, *, #2634, .T. ) ;
#1965 = DIRECTION ( 'NONE',  ( 0.000000000000000000, -0.000000000000000000, -1.000000000000000000 ) ) ;
#1966 = EDGE_CURVE ( 'NONE', #2617, #4069, #2893, .T. ) ;
#1967 = EDGE_CURVE ( 'NONE', #3899, #7370, #1551, .T. ) ;
#1968 = PLANE ( 'NONE',  #7963 ) ;
#1969 = MANIFOLD_SOLID_BREP ( 'LPattern1[12]', #51 ) ;
#1970 = DIRECTION ( 'NONE',  ( -1.000000000000000000, -0.000000000000000000, -0.000000000000000000 ) ) ;
#1971 = DIRECTION ( 'NONE',  ( 0.000000000000000000, 0.1736481776669261123, 0.9848077530122089085 ) ) ;
#1972 = ORIENTED_EDGE ( 'NONE', *, *, #1647, .T. ) ;
#1973 = EDGE_CURVE ( 'NONE', #2535, #2558, #2341, .T. ) ;
#1974 = ORIENTED_EDGE ( 'NONE', *, *, #3477, .F. ) ;
#1975 = ORIENTED_EDGE ( 'NONE', *, *, #4440, .T. ) ;
#1976 = ORIENTED_EDGE ( 'NONE', *, *, #653, .T. ) ;
#1977 = EDGE_CURVE ( 'NONE', #7182, #6604, #739, .T. ) ;
#1978 = ADVANCED_FACE ( 'NONE', ( #6591 ), #5229, .F. ) ;
#1979 = CARTESIAN_POINT ( 'NONE',  ( -1.110787854860023183, 0.5999999999999910960, -0.6450000000000001288 ) ) ;
#1980 = EDGE_CURVE ( 'NONE', #4218, #1500, #3453, .T. ) ;
#1981 = CARTESIAN_POINT ( 'NONE',  ( -0.9249999999999996003, 0.4600000000000079026, 2.100000000000000089 ) ) ;
#1982 = CARTESIAN_POINT ( 'NONE',  ( 1.150000000000000133, 0.2000000000000000111, 0.3549999999999999267 ) ) ;
#1983 = LINE ( 'NONE', #5903, #4820 ) ;
#1984 = ORIENTED_EDGE ( 'NONE', *, *, #3654, .F. ) ;
#1985 = CARTESIAN_POINT ( 'NONE',  ( 1.329212145139960777, 0.2000000000000000111, 1.354999999999999760 ) ) ;
#1986 = ORIENTED_EDGE ( 'NONE', *, *, #2293, .T. ) ;
#1987 = CARTESIAN_POINT ( 'NONE',  ( -1.629999999999999671, 0.1396589670363589109, 1.354999999999999760 ) ) ;
#1988 = CARTESIAN_POINT ( 'NONE',  ( -0.9999999999999995559, 0.4600000000000072919, 0.8549999999999998712 ) ) ;
#1989 = ORIENTED_EDGE ( 'NONE', *, *, #4536, .T. ) ;
#1990 = CARTESIAN_POINT ( 'NONE',  ( -1.326476844167053359, 0.1608833736747886656, -0.1450000000000001565 ) ) ;
#1991 = ORIENTED_EDGE ( 'NONE', *, *, #5655, .F. ) ;
#1992 = SURFACE_STYLE_USAGE ( .BOTH. , #5991 ) ;
#1993 = DIRECTION ( 'NONE',  ( -1.000000000000000000, 0.000000000000000000, 0.000000000000000000 ) ) ;
#1994 = ORIENTED_EDGE ( 'NONE', *, *, #1427, .T. ) ;
#1995 = DIRECTION ( 'NONE',  ( -0.000000000000000000, -0.000000000000000000, -1.000000000000000000 ) ) ;
#1996 = DIRECTION ( 'NONE',  ( -9.821212069593589627E-16, 1.000000000000000000, -0.000000000000000000 ) ) ;
#1997 = MANIFOLD_SOLID_BREP ( 'LPattern1[1]', #4276 ) ;
#1998 = EDGE_CURVE ( 'NONE', #3271, #7337, #7271, .T. ) ;
#1999 = CARTESIAN_POINT ( 'NONE',  ( -1.150000000000000133, 0.2000000000000000111, 1.354999999999999760 ) ) ;
#2000 = AXIS2_PLACEMENT_3D ( 'NONE', #7310, #7395, #6115 ) ;
#2001 = PRESENTATION_STYLE_ASSIGNMENT (( #3494 ) ) ;
#2002 = ORIENTED_EDGE ( 'NONE', *, *, #8420, .T. ) ;
#2003 = VERTEX_POINT ( 'NONE', #1392 ) ;
#2004 = LINE ( 'NONE', #2610, #7023 ) ;
#2005 = VERTEX_POINT ( 'NONE', #4001 ) ;
#2006 = DIRECTION ( 'NONE',  ( -0.000000000000000000, 1.000000000000000000, -0.000000000000000000 ) ) ;
#2007 = DIRECTION ( 'NONE',  ( -1.000000000000000000, 0.000000000000000000, 0.000000000000000000 ) ) ;
#2008 = LINE ( 'NONE', #8018, #7277 ) ;
#2009 = CARTESIAN_POINT ( 'NONE',  ( 0.9474503960825724214, 0.1619763866749804049, 1.973589814606656834 ) ) ;
#2010 = CARTESIAN_POINT ( 'NONE',  ( -1.110787854860023183, 0.4207878548600303970, -1.145000000000000240 ) ) ;
#2011 = CARTESIAN_POINT ( 'NONE',  ( -1.326476844167053359, 0.1608833736747886101, 0.8549999999999998712 ) ) ;
#2012 = ADVANCED_FACE ( 'NONE', ( #6635 ), #3363, .T. ) ;
#2013 = ORIENTED_EDGE ( 'NONE', *, *, #32, .F. ) ;
#2014 = PLANE ( 'NONE',  #3949 ) ;
#2015 = ORIENTED_EDGE ( 'NONE', *, *, #5669, .T. ) ;
#2016 = CARTESIAN_POINT ( 'NONE',  ( -1.289999999999983826, 0.1999999999999999833, -1.855000000000000204 ) ) ;
#2017 = VECTOR ( 'NONE', #3183, 1000.000000000000000 ) ;
#2018 = CARTESIAN_POINT ( 'NONE',  ( -0.9999999999999995559, 0.5999999999999912070, 0.3549999999999999267 ) ) ;
#2019 = ORIENTED_EDGE ( 'NONE', *, *, #3911, .F. ) ;
#2020 = CARTESIAN_POINT ( 'NONE',  ( -1.629999999999999671, 0.1396589670363588831, 0.8549999999999998712 ) ) ;
#2021 = CARTESIAN_POINT ( 'NONE',  ( -1.150000000000000133, 0.2000000000000000111, 1.855000000000000204 ) ) ;
#2022 = FACE_OUTER_BOUND ( 'NONE', #4808, .T. ) ;
#2023 = AXIS2_PLACEMENT_3D ( 'NONE', #7391, #4244, #993 ) ;
#2024 = ADVANCED_FACE ( 'NONE', ( #3411 ), #1473, .F. ) ;
#2025 = DIRECTION ( 'NONE',  ( 0.000000000000000000, 0.000000000000000000, 1.000000000000000000 ) ) ;
#2026 = DIRECTION ( 'NONE',  ( -1.000000000000000000, -6.912413033099766695E-16, 0.000000000000000000 ) ) ;
#2027 = EDGE_CURVE ( 'NONE', #2978, #5681, #4568, .T. ) ;
#2028 = ORIENTED_EDGE ( 'NONE', *, *, #2499, .F. ) ;
#2029 = VECTOR ( 'NONE', #6842, 1000.000000000000000 ) ;
#2030 = CARTESIAN_POINT ( 'NONE',  ( -1.326476844167053359, 0.1608833736747886656, -0.8550000000000002043 ) ) ;
#2031 = EDGE_LOOP ( 'NONE', ( #1313, #849, #5862, #804 ) ) ;
#2032 = ORIENTED_EDGE ( 'NONE', *, *, #1552, .T. ) ;
#2033 = VECTOR ( 'NONE', #3659, 1000.000000000000000 ) ;
#2034 = CARTESIAN_POINT ( 'NONE',  ( -1.150000000000000133, 0.2000000000000000111, -1.145000000000000240 ) ) ;
#2035 = VECTOR ( 'NONE', #499, 1000.000000000000000 ) ;
#2036 = EDGE_CURVE ( 'NONE', #5298, #649, #7525, .T. ) ;
#2037 = ADVANCED_FACE ( 'NONE', ( #233 ), #905, .F. ) ;
#2038 = AXIS2_PLACEMENT_3D ( 'NONE', #3697, #1078, #6790 ) ;
#2039 = VERTEX_POINT ( 'NONE', #5573 ) ;
#2040 = DIRECTION ( 'NONE',  ( -0.000000000000000000, -0.000000000000000000, -1.000000000000000000 ) ) ;
#2041 = VECTOR ( 'NONE', #4245, 1000.000000000000000 ) ;
#2042 = PLANE ( 'NONE',  #5317 ) ;
#2043 = ORIENTED_EDGE ( 'NONE', *, *, #5603, .T. ) ;
#2044 = FACE_OUTER_BOUND ( 'NONE', #7386, .T. ) ;
#2045 = CARTESIAN_POINT ( 'NONE',  ( 1.000000000000000000, 0.4600000000000070144, -0.8550000000000002043 ) ) ;
#2046 = PLANE ( 'NONE',  #4223 ) ;
#2047 = AXIS2_PLACEMENT_3D ( 'NONE', #7375, #1497, #7205 ) ;
#2048 = VERTEX_POINT ( 'NONE', #2352 ) ;
#2049 = PLANE ( 'NONE',  #6830 ) ;
#2050 = CARTESIAN_POINT ( 'NONE',  ( -0.9999914734049463183, 0.4599516432764970131, 2.026130891929031730 ) ) ;
#2051 = CARTESIAN_POINT ( 'NONE',  ( -0.5999999999999996447, 1.050000000000000044, -1.850000000000000089 ) ) ;
#2052 = FACE_OUTER_BOUND ( 'NONE', #4290, .T. ) ;
#2053 = LINE ( 'NONE', #4612, #682 ) ;
#2054 = LINE ( 'NONE', #7756, #5940 ) ;
#2055 = VERTEX_POINT ( 'NONE', #8135 ) ;
#2056 = CARTESIAN_POINT ( 'NONE',  ( 1.289999999999983826, 0.2000000000000000111, 0.1449999999999999345 ) ) ;
#2057 = ORIENTED_EDGE ( 'NONE', *, *, #4330, .F. ) ;
#2058 = EDGE_LOOP ( 'NONE', ( #3714, #6976, #3695, #4849, #8295, #5150, #1476, #5468, #1413, #6932, #5684, #3566 ) ) ;
#2059 = VERTEX_POINT ( 'NONE', #4133 ) ;
#2060 = CARTESIAN_POINT ( 'NONE',  ( -1.329212145139960777, 0.2000000000000000111, 1.855000000000000204 ) ) ;
#2061 = PLANE ( 'NONE',  #5884 ) ;
#2062 = CARTESIAN_POINT ( 'NONE',  ( -1.150000000000000133, 0.4207878548600303970, -0.1450000000000001565 ) ) ;
#2063 = CARTESIAN_POINT ( 'NONE',  ( -0.9261308919290303088, 0.4599516432764957918, -2.099991473404946962 ) ) ;
#2064 = ORIENTED_EDGE ( 'NONE', *, *, #7519, .T. ) ;
#2065 = ORIENTED_EDGE ( 'NONE', *, *, #4687, .T. ) ;
#2066 = CARTESIAN_POINT ( 'NONE',  ( 1.000000000000000000, 0.4600000000000070144, -1.354999999999999982 ) ) ;
#2067 = ORIENTED_EDGE ( 'NONE', *, *, #6960, .T. ) ;
#2068 = ORIENTED_EDGE ( 'NONE', *, *, #7103, .F. ) ;
#2069 = UNCERTAINTY_MEASURE_WITH_UNIT (LENGTH_MEASURE( 1.000000000000000082E-05 ), #1646, 'distance_accuracy_value', 'NONE');
#2070 = EDGE_CURVE ( 'NONE', #7811, #6566, #591, .T. ) ;
#2071 = EDGE_CURVE ( 'NONE', #5507, #8294, #6633, .T. ) ;
#2072 = CARTESIAN_POINT ( 'NONE',  ( 1.289999999999983826, 0.1999999999999999833, 0.3549999999999999267 ) ) ;
#2073 = CARTESIAN_POINT ( 'NONE',  ( 1.629999999999999671, 0.1396589670363576063, -1.645000000000000240 ) ) ;
#2074 = AXIS2_PLACEMENT_3D ( 'NONE', #877, #2779, #1438 ) ;
#2075 = VECTOR ( 'NONE', #5323, 1000.000000000000000 ) ;
#2076 = ORIENTED_EDGE ( 'NONE', *, *, #6694, .T. ) ;
#2077 = FILL_AREA_STYLE ('',( #7864 ) ) ;
#2078 = DIRECTION ( 'NONE',  ( 0.000000000000000000, 0.000000000000000000, 1.000000000000000000 ) ) ;
#2079 = DIRECTION ( 'NONE',  ( 0.000000000000000000, 0.000000000000000000, 1.000000000000000000 ) ) ;
#2080 = CARTESIAN_POINT ( 'NONE',  ( -0.9257539493820168275, 0.6000161189078272450, 2.099997157801649639 ) ) ;
#2081 = VECTOR ( 'NONE', #8274, 1000.000000000000000 ) ;
#2082 = COLOUR_RGB ( '',0.7921568627450980005, 0.8196078431372548767, 0.9333333333333333481 ) ;
#2083 = EDGE_CURVE ( 'NONE', #2377, #489, #8418, .T. ) ;
#2084 = LINE ( 'NONE', #4088, #5067 ) ;
#2085 = AXIS2_PLACEMENT_3D ( 'NONE', #7806, #2585, #7732 ) ;
#2086 = EDGE_CURVE ( 'NONE', #4073, #1087, #6252, .T. ) ;
#2087 = EDGE_CURVE ( 'NONE', #2417, #2055, #6624, .T. ) ;
#2088 = DIRECTION ( 'NONE',  ( -0.000000000000000000, -0.000000000000000000, -1.000000000000000000 ) ) ;
#2089 = VECTOR ( 'NONE', #3677, 1000.000000000000000 ) ;
#2090 = EDGE_CURVE ( 'NONE', #7772, #7256, #2892, .T. ) ;
#2091 = VECTOR ( 'NONE', #4468, 1000.000000000000114 ) ;
#2092 = AXIS2_PLACEMENT_3D ( 'NONE', #8149, #2279, #3593 ) ;
#2093 = CARTESIAN_POINT ( 'NONE',  ( 1.000000000000000000, 0.5999999999999903189, 1.855000000000000204 ) ) ;
#2094 = ORIENTED_EDGE ( 'NONE', *, *, #4649, .F. ) ;
#2095 = DIRECTION ( 'NONE',  ( -0.9975640502598246417, 0.06975647374411923785, 0.000000000000000000 ) ) ;
#2096 = AXIS2_PLACEMENT_3D ( 'NONE', #4265, #1103, #3633 ) ;
#2097 = AXIS2_PLACEMENT_3D ( 'NONE', #2521, #6298, #1866 ) ;
#2098 = CYLINDRICAL_SURFACE ( 'NONE', #392, 0.1792121451399605880 ) ;
#2099 = CARTESIAN_POINT ( 'NONE',  ( -1.629999999999999671, 0.1396589670363589109, -1.145000000000000240 ) ) ;
#2100 = CARTESIAN_POINT ( 'NONE',  ( -0.9999999999999995559, 0.4600000000000072919, 1.354999999999999760 ) ) ;
#2101 = DIRECTION ( 'NONE',  ( -1.000000000000000000, 0.000000000000000000, 0.000000000000000000 ) ) ;
#2102 = CYLINDRICAL_SURFACE ( 'NONE', #6433, 0.1792121451399605880 ) ;
#2103 = AXIS2_PLACEMENT_3D ( 'NONE', #5933, #4050, #3415 ) ;
#2104 = ORIENTED_EDGE ( 'NONE', *, *, #2923, .F. ) ;
#2105 = CARTESIAN_POINT ( 'NONE',  ( -1.629999999999999671, 0.1396589670363588831, 0.3549999999999999267 ) ) ;
#2106 = ORIENTED_EDGE ( 'NONE', *, *, #49, .T. ) ;
#2107 = DIRECTION ( 'NONE',  ( 0.000000000000000000, 1.000000000000000000, 0.000000000000000000 ) ) ;
#2108 = LINE ( 'NONE', #6570, #7235 ) ;
#2109 = VECTOR ( 'NONE', #953, 1000.000000000000227 ) ;
#2110 = CARTESIAN_POINT ( 'NONE',  ( 1.289999999999983604, 0.4207878548600304525, -1.145000000000000240 ) ) ;
#2111 = ORIENTED_EDGE ( 'NONE', *, *, #7888, .T. ) ;
#2112 = FACE_OUTER_BOUND ( 'NONE', #6360, .T. ) ;
#2113 = CARTESIAN_POINT ( 'NONE',  ( -1.629999999999999671, 0.1396589670363589109, 1.354999999999999760 ) ) ;
#2114 = ORIENTED_EDGE ( 'NONE', *, *, #2090, .F. ) ;
#2115 = LINE ( 'NONE', #6708, #379 ) ;
#2116 = EDGE_LOOP ( 'NONE', ( #1569, #6277, #3081, #5840 ) ) ;
#2117 = AXIS2_PLACEMENT_3D ( 'NONE', #5526, #5619, #2174 ) ;
#2118 = ORIENTED_EDGE ( 'NONE', *, *, #5763, .F. ) ;
#2119 = DIRECTION ( 'NONE',  ( -0.000000000000000000, -0.000000000000000000, -1.000000000000000000 ) ) ;
#2120 = DIRECTION ( 'NONE',  ( -0.000000000000000000, -0.000000000000000000, -1.000000000000000000 ) ) ;
#2121 = ADVANCED_FACE ( 'NONE', ( #1695 ), #202, .F. ) ;
#2122 = EDGE_CURVE ( 'NONE', #342, #3163, #6161, .T. ) ;
#2123 = FILL_AREA_STYLE ('',( #3402 ) ) ;
#2124 = FACE_OUTER_BOUND ( 'NONE', #7401, .T. ) ;
#2125 = ORIENTED_EDGE ( 'NONE', *, *, #2817, .F. ) ;
#2126 = LINE ( 'NONE', #7225, #7359 ) ;
#2127 = DIRECTION ( 'NONE',  ( -0.06975647374412463630, -0.9975640502598243087, 0.000000000000000000 ) ) ;
#2128 = FACE_OUTER_BOUND ( 'NONE', #7723, .T. ) ;
#2129 = CARTESIAN_POINT ( 'NONE',  ( -1.110787854860023183, 0.5999999999999912070, -1.855000000000000204 ) ) ;
#2130 = VERTEX_POINT ( 'NONE', #7443 ) ;
#2131 = EDGE_CURVE ( 'NONE', #7682, #7002, #5443, .T. ) ;
#2132 = EDGE_CURVE ( 'NONE', #7330, #2329, #2813, .T. ) ;
#2133 = CARTESIAN_POINT ( 'NONE',  ( -1.110787854860023183, 0.4207878548600303970, 1.354999999999999760 ) ) ;
#2134 = EDGE_LOOP ( 'NONE', ( #5093, #6245, #4588, #6618 ) ) ;
#2135 = EDGE_CURVE ( 'NONE', #2130, #4569, #1705, .T. ) ;
#2136 = CARTESIAN_POINT ( 'NONE',  ( 0.000000000000000000, 1.100000000000000089, 2.011836509645768434 ) ) ;
#2137 = DIRECTION ( 'NONE',  ( -0.000000000000000000, -0.000000000000000000, -1.000000000000000000 ) ) ;
#2138 = CYLINDRICAL_SURFACE ( 'NONE', #968, 0.1792121451399605880 ) ;
#2139 = DIRECTION ( 'NONE',  ( -9.821212069593589627E-16, 1.000000000000000000, -0.000000000000000000 ) ) ;
#2140 = CYLINDRICAL_SURFACE ( 'NONE', #7275, 0.1792121451399605880 ) ;
#2141 = VERTEX_POINT ( 'NONE', #6208 ) ;
#2142 = EDGE_CURVE ( 'NONE', #7326, #3803, #279, .T. ) ;
#2143 = CIRCLE ( 'NONE', #2000, 0.07499999999999998335 ) ;
#2144 = DIRECTION ( 'NONE',  ( 0.06975647374412040358, -0.9975640502598246417, 0.000000000000000000 ) ) ;
#2145 = VERTEX_POINT ( 'NONE', #4875 ) ;
#2146 = CARTESIAN_POINT ( 'NONE',  ( -0.5999999999999996447, 1.050000000000000044, -1.850000000000000089 ) ) ;
#2147 = ORIENTED_EDGE ( 'NONE', *, *, #406, .T. ) ;
#2148 = DIRECTION ( 'NONE',  ( 0.000000000000000000, 0.9848077530122086864, -0.1736481776669271393 ) ) ;
#2149 = LINE ( 'NONE', #5253, #2458 ) ;
#2150 = EDGE_LOOP ( 'NONE', ( #4249, #1200, #4856, #1055, #8455, #6100, #4943, #5640, #4718, #6463, #3021, #306 ) ) ;
#2151 = PLANE ( 'NONE',  #2836 ) ;
#2152 = AXIS2_PLACEMENT_3D ( 'NONE', #8266, #2394, #402 ) ;
#2153 = ORIENTED_EDGE ( 'NONE', *, *, #698, .T. ) ;
#2154 = ORIENTED_EDGE ( 'NONE', *, *, #3854, .T. ) ;
#2155 = DIRECTION ( 'NONE',  ( 0.9975640502598243087, -0.06975647374412471957, 0.000000000000000000 ) ) ;
#2156 = ORIENTED_EDGE ( 'NONE', *, *, #2545, .T. ) ;
#2157 = ORIENTED_EDGE ( 'NONE', *, *, #3901, .F. ) ;
#2158 = EDGE_CURVE ( 'NONE', #7370, #3639, #7479, .T. ) ;
#2159 = CARTESIAN_POINT ( 'NONE',  ( 1.000000000000000000, 0.4207878548600303970, -1.855000000000000204 ) ) ;
#2160 = AXIS2_PLACEMENT_3D ( 'NONE', #7334, #5341, #7887 ) ;
#2161 = CARTESIAN_POINT ( 'NONE',  ( -1.329212145139960777, 0.2000000000000000111, 1.855000000000000204 ) ) ;
#2162 = CARTESIAN_POINT ( 'NONE',  ( -0.9999999999999995559, 0.4600000000000071254, 1.354999999999999760 ) ) ;
#2163 = VECTOR ( 'NONE', #6673, 999.9999999999998863 ) ;
#2164 = CARTESIAN_POINT ( 'NONE',  ( -0.9999999999999995559, 0.5999999999999912070, -0.1450000000000001565 ) ) ;
#2165 = LINE ( 'NONE', #2763, #3793 ) ;
#2166 = ORIENTED_EDGE ( 'NONE', *, *, #7536, .T. ) ;
#2167 = ORIENTED_EDGE ( 'NONE', *, *, #2611, .T. ) ;
#2168 = DIRECTION ( 'NONE',  ( -1.000000000000000000, -9.074737973021588507E-16, 0.000000000000000000 ) ) ;
#2169 = PLANE ( 'NONE',  #4177 ) ;
#2170 = CIRCLE ( 'NONE', #3929, 0.03921214513997670070 ) ;
#2171 = CARTESIAN_POINT ( 'NONE',  ( -0.9999914734049458742, 0.6000483567235029847, 2.026130891929031286 ) ) ;
#2172 = AXIS2_PLACEMENT_3D ( 'NONE', #2260, #1508, #4867 ) ;
#2173 = DIRECTION ( 'NONE',  ( -0.000000000000000000, -0.000000000000000000, -1.000000000000000000 ) ) ;
#2174 = DIRECTION ( 'NONE',  ( -2.891205793294679017E-15, -1.000000000000000000, 0.000000000000000000 ) ) ;
#2175 = VECTOR ( 'NONE', #6057, 1000.000000000000000 ) ;
#2176 = VECTOR ( 'NONE', #2460, 1000.000000000000000 ) ;
#2177 = VERTEX_POINT ( 'NONE', #6850 ) ;
#2178 = PRESENTATION_LAYER_ASSIGNMENT (  '', '', ( #3260 ) ) ;
#2179 = DIRECTION ( 'NONE',  ( -1.000000000000000000, 0.000000000000000000, 0.000000000000000000 ) ) ;
#2180 = ORIENTED_EDGE ( 'NONE', *, *, #2818, .T. ) ;
#2181 = LINE ( 'NONE', #3459, #7652 ) ;
#2182 = VECTOR ( 'NONE', #4782, 1000.000000000000000 ) ;
#2183 = EDGE_CURVE ( 'NONE', #602, #7233, #321, .T. ) ;
#2184 = ADVANCED_FACE ( 'NONE', ( #2985 ), #8230, .F. ) ;
#2185 = CARTESIAN_POINT ( 'NONE',  ( 1.316710937842878071, 0.02122440663842936268, -0.6450000000000001288 ) ) ;
#2186 = CARTESIAN_POINT ( 'NONE',  ( -1.149999999999999911, 0.4207878548600303970, 0.8549999999999998712 ) ) ;
#2187 = FACE_OUTER_BOUND ( 'NONE', #2666, .T. ) ;
#2188 = LINE ( 'NONE', #2943, #5382 ) ;
#2189 = ORIENTED_EDGE ( 'NONE', *, *, #5702, .T. ) ;
#2190 = VECTOR ( 'NONE', #1380, 1000.000000000000000 ) ;
#2191 = DIRECTION ( 'NONE',  ( -0.000000000000000000, -0.000000000000000000, -1.000000000000000000 ) ) ;
#2192 = VERTEX_POINT ( 'NONE', #3028 ) ;
#2193 = ORIENTED_EDGE ( 'NONE', *, *, #3155, .F. ) ;
#2194 = ADVANCED_FACE ( 'NONE', ( #5742 ), #5236, .T. ) ;
#2195 = ADVANCED_FACE ( 'NONE', ( #1867 ), #1221, .F. ) ;
#2196 = CARTESIAN_POINT ( 'NONE',  ( 1.329212145139960777, 0.2000000000000000111, 1.645000000000000018 ) ) ;
#2197 = CARTESIAN_POINT ( 'NONE',  ( -0.9474503960825716442, 0.1619763866749804326, 0.000000000000000000 ) ) ;
#2198 = ORIENTED_EDGE ( 'NONE', *, *, #6215, .F. ) ;
#2199 = VERTEX_POINT ( 'NONE', #409 ) ;
#2200 = ORIENTED_EDGE ( 'NONE', *, *, #8286, .T. ) ;
#2201 = CARTESIAN_POINT ( 'NONE',  ( 1.110787854860023183, 0.4207878548600303970, 1.145000000000000018 ) ) ;
#2202 = DIRECTION ( 'NONE',  ( -0.9975640502598246417, -0.06975647374411941826, 0.000000000000000000 ) ) ;
#2203 = DIRECTION ( 'NONE',  ( 0.000000000000000000, 1.000000000000000000, 0.000000000000000000 ) ) ;
#2204 = B_SPLINE_CURVE_WITH_KNOTS ( 'NONE', 3,
 ( #2515, #5169, #8347, #5091 ),
 .UNSPECIFIED., .F., .F.,
 ( 4, 4 ),
 ( 0.000000000000000000, 1.000000000000000000 ),
 .UNSPECIFIED. ) ;
#2205 = PLANE ( 'NONE',  #3391 ) ;
#2206 = DIRECTION ( 'NONE',  ( -0.9975640502598243087, 0.06975647374412463630, -0.000000000000000000 ) ) ;
#2207 = EDGE_LOOP ( 'NONE', ( #7262, #1320, #3696, #6985 ) ) ;
#2208 = ORIENTED_EDGE ( 'NONE', *, *, #1397, .T. ) ;
#2209 = CARTESIAN_POINT ( 'NONE',  ( 0.000000000000000000, 0.000000000000000000, 0.000000000000000000 ) ) ;
#2210 = DIRECTION ( 'NONE',  ( 0.000000000000000000, 0.000000000000000000, 1.000000000000000000 ) ) ;
#2211 = CARTESIAN_POINT ( 'NONE',  ( 1.150000000000000133, 0.1999999999999998168, -0.1450000000000001565 ) ) ;
#2212 = VECTOR ( 'NONE', #2821, 1000.000000000000000 ) ;
#2213 = AXIS2_PLACEMENT_3D ( 'NONE', #3699, #4858, #3015 ) ;
#2214 = LINE ( 'NONE', #4920, #1399 ) ;
#2215 = DIRECTION ( 'NONE',  ( -0.000000000000000000, 0.000000000000000000, 1.000000000000000000 ) ) ;
#2216 = LINE ( 'NONE', #5626, #305 ) ;
#2217 = CARTESIAN_POINT ( 'NONE',  ( 1.110787854860023183, 0.4207878548600303970, 0.8549999999999998712 ) ) ;
#2218 = ORIENTED_EDGE ( 'NONE', *, *, #915, .T. ) ;
#2219 = VECTOR ( 'NONE', #3600, 1000.000000000000000 ) ;
#2220 = CYLINDRICAL_SURFACE ( 'NONE', #3940, 0.07499999999999998335 ) ;
#2221 = AXIS2_PLACEMENT_3D ( 'NONE', #7935, #1411, #4024 ) ;
#2222 = CARTESIAN_POINT ( 'NONE',  ( 1.629999999999999671, 0.1396589670363576063, -1.645000000000000240 ) ) ;
#2223 = CARTESIAN_POINT ( 'NONE',  ( 0.9412141285977164706, 0.1247737546427802879, -2.011939828497725458 ) ) ;
#2224 = VECTOR ( 'NONE', #5622, 1000.000000000000000 ) ;
#2225 = CARTESIAN_POINT ( 'NONE',  ( 0.8489040373074717705, 1.024999999999999689, 1.948904037307471304 ) ) ;
#2226 = AXIS2_PLACEMENT_3D ( 'NONE', #3205, #2413, #537 ) ;
#2227 = ORIENTED_EDGE ( 'NONE', *, *, #2499, .T. ) ;
#2228 = ADVANCED_FACE ( 'NONE', ( #3711 ), #2557, .T. ) ;
#2229 = VECTOR ( 'NONE', #4696, 1000.000000000000000 ) ;
#2230 = CARTESIAN_POINT ( 'NONE',  ( 1.150000000000000133, 0.2000000000000000111, -0.1450000000000001565 ) ) ;
#2231 = EDGE_LOOP ( 'NONE', ( #1840, #4125, #283, #2830 ) ) ;
#2232 = EDGE_CURVE ( 'NONE', #2543, #4799, #7775, .T. ) ;
#2233 = VERTEX_POINT ( 'NONE', #4513 ) ;
#2234 = AXIS2_PLACEMENT_3D ( 'NONE', #3279, #5920, #4604 ) ;
#2235 = FACE_OUTER_BOUND ( 'NONE', #4912, .T. ) ;
#2236 = AXIS2_PLACEMENT_3D ( 'NONE', #5580, #6386, #417 ) ;
#2237 = EDGE_CURVE ( 'NONE', #5329, #7256, #7655, .T. ) ;
#2238 = ORIENTED_EDGE ( 'NONE', *, *, #3408, .T. ) ;
#2239 = VECTOR ( 'NONE', #6367, 1000.000000000000000 ) ;
#2240 = CARTESIAN_POINT ( 'NONE',  ( 1.329212145139960777, 0.2000000000000000111, 1.855000000000000204 ) ) ;
#2241 = EDGE_CURVE ( 'NONE', #862, #2828, #5107, .T. ) ;
#2242 = ORIENTED_EDGE ( 'NONE', *, *, #8247, .F. ) ;
#2243 = VERTEX_POINT ( 'NONE', #1141 ) ;
#2244 = EDGE_CURVE ( 'NONE', #7546, #908, #1097, .T. ) ;
#2245 = VERTEX_POINT ( 'NONE', #1741 ) ;
#2246 = ADVANCED_FACE ( 'NONE', ( #5050 ), #1109, .T. ) ;
#2247 = ORIENTED_EDGE ( 'NONE', *, *, #7834, .F. ) ;
#2248 = EDGE_CURVE ( 'NONE', #2606, #1452, #1025, .T. ) ;
#2249 = AXIS2_PLACEMENT_3D ( 'NONE', #73, #7399, #8010 ) ;
#2250 = DIRECTION ( 'NONE',  ( -0.06975647374411923785, -0.9975640502598246417, 0.000000000000000000 ) ) ;
#2251 = CARTESIAN_POINT ( 'NONE',  ( 1.000000000000000000, 0.4600000000000065148, -1.645000000000000240 ) ) ;
#2252 = CARTESIAN_POINT ( 'NONE',  ( -1.329212145139960777, 0.2000000000000000111, -1.645000000000000240 ) ) ;
#2253 = FACE_OUTER_BOUND ( 'NONE', #1161, .T. ) ;
#2254 = LINE ( 'NONE', #3516, #623 ) ;
#2255 = FACE_OUTER_BOUND ( 'NONE', #5825, .T. ) ;
#2256 = STYLED_ITEM ( 'NONE', ( #5316 ), #1997 ) ;
#2257 = DIRECTION ( 'NONE',  ( -6.850403608759735123E-15, 1.000000000000000000, 0.000000000000000000 ) ) ;
#2258 = EDGE_LOOP ( 'NONE', ( #2752, #2303, #8153, #8281 ) ) ;
#2259 = EDGE_CURVE ( 'NONE', #3163, #6332, #6998, .T. ) ;
#2260 = CARTESIAN_POINT ( 'NONE',  ( 1.329212145139960777, 0.2000000000000000111, 1.354999999999999760 ) ) ;
#2261 = DIRECTION ( 'NONE',  ( 9.821212069593589627E-16, -1.000000000000000000, 0.000000000000000000 ) ) ;
#2262 = CARTESIAN_POINT ( 'NONE',  ( -0.9261308919290301978, 0.6000483567235042059, -2.099991473404946518 ) ) ;
#2263 = FACE_OUTER_BOUND ( 'NONE', #1752, .T. ) ;
#2264 = CARTESIAN_POINT ( 'NONE',  ( 1.316710937842877627, 0.02122440663842934186, 1.145000000000000018 ) ) ;
#2265 = DIRECTION ( 'NONE',  ( -0.000000000000000000, -0.000000000000000000, -1.000000000000000000 ) ) ;
#2266 = FILL_AREA_STYLE_COLOUR ( '', #5522 ) ;
#2267 = LINE ( 'NONE', #2987, #4011 ) ;
#2268 = CARTESIAN_POINT ( 'NONE',  ( 1.110787854860023183, 0.4600000000000072919, 1.645000000000000018 ) ) ;
#2269 = PLANE ( 'NONE',  #1669 ) ;
#2270 = ORIENTED_EDGE ( 'NONE', *, *, #7533, .F. ) ;
#2271 = CARTESIAN_POINT ( 'NONE',  ( -1.150000000000000133, 0.1999999999999998168, 0.6449999999999999067 ) ) ;
#2272 = EDGE_CURVE ( 'NONE', #1062, #2192, #2627, .T. ) ;
#2273 = LINE ( 'NONE', #2185, #4076 ) ;
#2274 = CARTESIAN_POINT ( 'NONE',  ( 1.629999999999999671, 0.1396589670363576063, 0.8549999999999998712 ) ) ;
#2275 = CARTESIAN_POINT ( 'NONE',  ( 1.620234093675824161, -1.485875369962032561E-15, 1.354999999999999760 ) ) ;
#2276 = LINE ( 'NONE', #7970, #5667 ) ;
#2277 = DIRECTION ( 'NONE',  ( -1.000000000000000000, 0.000000000000000000, 0.000000000000000000 ) ) ;
#2278 = ORIENTED_EDGE ( 'NONE', *, *, #2757, .T. ) ;
#2279 = DIRECTION ( 'NONE',  ( 0.06975647374412365098, 0.9975640502598244197, -0.000000000000000000 ) ) ;
#2280 = ORIENTED_EDGE ( 'NONE', *, *, #3266, .T. ) ;
#2281 = CYLINDRICAL_SURFACE ( 'NONE', #7243, 0.03921214513997670070 ) ;
#2282 = EDGE_CURVE ( 'NONE', #6202, #247, #3004, .T. ) ;
#2283 = CYLINDRICAL_SURFACE ( 'NONE', #3303, 0.03921214513997691581 ) ;
#2284 = VECTOR ( 'NONE', #3406, 1000.000000000000000 ) ;
#2285 = VERTEX_POINT ( 'NONE', #4322 ) ;
#2286 = PLANE ( 'NONE',  #6819 ) ;
#2287 = ORIENTED_EDGE ( 'NONE', *, *, #4047, .F. ) ;
#2288 = ORIENTED_EDGE ( 'NONE', *, *, #4257, .F. ) ;
#2289 = VERTEX_POINT ( 'NONE', #1620 ) ;
#2290 = ORIENTED_EDGE ( 'NONE', *, *, #4006, .F. ) ;
#2291 = CARTESIAN_POINT ( 'NONE',  ( 1.629999999999999671, 0.1396589670363576063, 1.354999999999999760 ) ) ;
#2292 = PLANE ( 'NONE',  #5931 ) ;
#2293 = EDGE_CURVE ( 'NONE', #2233, #5387, #470, .T. ) ;
#2294 = DIRECTION ( 'NONE',  ( -1.000000000000000000, 0.000000000000000000, 0.000000000000000000 ) ) ;
#2295 = CARTESIAN_POINT ( 'NONE',  ( 1.289999999999983826, 0.2000000000000000111, -0.3550000000000000377 ) ) ;
#2296 = FACE_OUTER_BOUND ( 'NONE', #1629, .T. ) ;
#2297 = DIRECTION ( 'NONE',  ( -0.06975647374411927948, -0.9975640502598247528, 0.000000000000000000 ) ) ;
#2298 = DIRECTION ( 'NONE',  ( -0.9975640502598246417, 0.06975647374411923785, 0.000000000000000000 ) ) ;
#2299 = EDGE_LOOP ( 'NONE', ( #6681, #2438, #2342, #7950 ) ) ;
#2300 = FACE_OUTER_BOUND ( 'NONE', #2741, .T. ) ;
#2301 = SURFACE_STYLE_FILL_AREA ( #6199 ) ;
#2302 = FACE_OUTER_BOUND ( 'NONE', #3419, .T. ) ;
#2303 = ORIENTED_EDGE ( 'NONE', *, *, #3504, .T. ) ;
#2304 = DIRECTION ( 'NONE',  ( 8.807661782691089029E-15, -1.000000000000000000, 0.000000000000000000 ) ) ;
#2305 = VECTOR ( 'NONE', #7059, 1000.000000000000000 ) ;
#2306 = CARTESIAN_POINT ( 'NONE',  ( 0.9412141285977208005, 0.1247737546427835631, 2.011939828497725902 ) ) ;
#2307 = EDGE_CURVE ( 'NONE', #885, #8373, #3690, .T. ) ;
#2308 = AXIS2_PLACEMENT_3D ( 'NONE', #3956, #2808, #5273 ) ;
#2309 = DIRECTION ( 'NONE',  ( 0.000000000000000000, 0.000000000000000000, -1.000000000000000000 ) ) ;
#2310 = DIRECTION ( 'NONE',  ( -1.000000000000000000, -2.891205793294679411E-15, 0.000000000000000000 ) ) ;
#2311 = ADVANCED_FACE ( 'NONE', ( #7344 ), #7350, .T. ) ;
#2312 =( NAMED_UNIT ( * ) PLANE_ANGLE_UNIT ( ) SI_UNIT ( $, .RADIAN. ) );
#2313 = VERTEX_POINT ( 'NONE', #7593 ) ;
#2314 = CARTESIAN_POINT ( 'NONE',  ( 1.110787854860023183, 0.4207878548600303970, -0.8550000000000000933 ) ) ;
#2315 = DIRECTION ( 'NONE',  ( 0.000000000000000000, 0.000000000000000000, 1.000000000000000000 ) ) ;
#2316 = VERTEX_POINT ( 'NONE', #300 ) ;
#2317 = DIRECTION ( 'NONE',  ( 0.06975647374411925172, -0.9975640502598247528, 0.000000000000000000 ) ) ;
#2318 = CARTESIAN_POINT ( 'NONE',  ( -1.289999999999983604, 0.4207878548600304525, -1.145000000000000240 ) ) ;
#2319 = CARTESIAN_POINT ( 'NONE',  ( 0.8847743266540500917, 0.1666929871352565706, -2.047556909279221848 ) ) ;
#2320 = MECHANICAL_DESIGN_GEOMETRIC_PRESENTATION_REPRESENTATION (  '', ( #1477 ), #1343 ) ;
#2321 = DIRECTION ( 'NONE',  ( 0.06975647374411923785, 0.9975640502598246417, -0.000000000000000000 ) ) ;
#2322 = ORIENTED_EDGE ( 'NONE', *, *, #2748, .T. ) ;
#2323 = LINE ( 'NONE', #3473, #5335 ) ;
#2324 = AXIS2_PLACEMENT_3D ( 'NONE', #7488, #2776, #2819 ) ;
#2325 = ORIENTED_EDGE ( 'NONE', *, *, #2142, .T. ) ;
#2326 = CARTESIAN_POINT ( 'NONE',  ( 1.316710937842877627, 0.02122440663842930716, 0.8549999999999998712 ) ) ;
#2327 = LINE ( 'NONE', #977, #5795 ) ;
#2328 = AXIS2_PLACEMENT_3D ( 'NONE', #6529, #3219, #5948 ) ;
#2329 = VERTEX_POINT ( 'NONE', #8151 ) ;
#2330 = LINE ( 'NONE', #6825, #3806 ) ;
#2331 = DIRECTION ( 'NONE',  ( 0.000000000000000000, 0.000000000000000000, 1.000000000000000000 ) ) ;
#2332 = VERTEX_POINT ( 'NONE', #8199 ) ;
#2333 = VERTEX_POINT ( 'NONE', #2915 ) ;
#2334 = ORIENTED_EDGE ( 'NONE', *, *, #7060, .T. ) ;
#2335 = DIRECTION ( 'NONE',  ( -1.000000000000000000, 0.000000000000000000, 0.000000000000000000 ) ) ;
#2336 = CARTESIAN_POINT ( 'NONE',  ( -1.110787854860023183, 0.4600000000000070699, 0.3549999999999999267 ) ) ;
#2337 = CARTESIAN_POINT ( 'NONE',  ( 1.329212145139960777, 0.2000000000000000111, 0.6449999999999999067 ) ) ;
#2338 = CARTESIAN_POINT ( 'NONE',  ( -1.110787854860023183, 0.4600000000000071254, 0.8549999999999998712 ) ) ;
#2339 = CARTESIAN_POINT ( 'NONE',  ( 1.000000000000000000, 0.4600000000000065148, -0.6450000000000001288 ) ) ;
#2340 = CARTESIAN_POINT ( 'NONE',  ( -1.326476844167053359, 0.1608833736747886656, 1.354999999999999760 ) ) ;
#2341 = LINE ( 'NONE', #826, #2531 ) ;
#2342 = ORIENTED_EDGE ( 'NONE', *, *, #4473, .F. ) ;
#2343 = FILL_AREA_STYLE_COLOUR ( '', #4502 ) ;
#2344 =( NAMED_UNIT ( * ) PLANE_ANGLE_UNIT ( ) SI_UNIT ( $, .RADIAN. ) );
#2345 = PLANE ( 'NONE',  #2152 ) ;
#2346 = ADVANCED_FACE ( 'NONE', ( #5548 ), #2283, .F. ) ;
#2347 = ORIENTED_EDGE ( 'NONE', *, *, #7207, .F. ) ;
#2348 = EDGE_CURVE ( 'NONE', #838, #3218, #2327, .T. ) ;
#2349 = DIRECTION ( 'NONE',  ( -0.000000000000000000, -1.000000000000000000, -0.000000000000000000 ) ) ;
#2350 = CARTESIAN_POINT ( 'NONE',  ( 0.9475569092792230919, 0.1625956094184516365, 1.973589814606656834 ) ) ;
#2351 = CARTESIAN_POINT ( 'NONE',  ( 0.8872540511985428369, 1.100000000000000089, -1.948904037307471970 ) ) ;
#2352 = CARTESIAN_POINT ( 'NONE',  ( 1.629999999999999671, 0.1396589670363575786, 1.644999999999999796 ) ) ;
#2353 = ORIENTED_EDGE ( 'NONE', *, *, #8055, .T. ) ;
#2354 = CARTESIAN_POINT ( 'NONE',  ( -0.9999999999999995559, 0.4207878548600303970, -1.645000000000000240 ) ) ;
#2355 = CARTESIAN_POINT ( 'NONE',  ( -0.8872540511985418377, 1.075226245357216337, 2.016528351298536137 ) ) ;
#2356 = EDGE_LOOP ( 'NONE', ( #3185, #1724, #878, #7409 ) ) ;
#2358 = EDGE_CURVE ( 'NONE', #4798, #6135, #7543, .T. ) ;
#2357 = DIRECTION ( 'NONE',  ( -0.06975647374411927948, -0.9975640502598247528, 0.000000000000000000 ) ) ;
#2359 = FACE_OUTER_BOUND ( 'NONE', #5642, .T. ) ;
#2360 = EDGE_CURVE ( 'NONE', #7233, #3868, #5765, .T. ) ;
#2361 = EDGE_CURVE ( 'NONE', #1166, #5951, #8410, .T. ) ;
#2362 = CARTESIAN_POINT ( 'NONE',  ( -1.316710937842878071, 0.02122440663842927941, -0.3550000000000000377 ) ) ;
#2363 = DIRECTION ( 'NONE',  ( 0.000000000000000000, 0.1736481776669271671, 0.9848077530122086864 ) ) ;
#2364 = AXIS2_PLACEMENT_3D ( 'NONE', #963, #2996, #7453 ) ;
#2365 = VERTEX_POINT ( 'NONE', #8370 ) ;
#2366 = VECTOR ( 'NONE', #4545, 1000.000000000000000 ) ;
#2367 = DIRECTION ( 'NONE',  ( 1.000000000000000000, -9.786290869656726145E-16, 0.000000000000000000 ) ) ;
#2368 = EDGE_LOOP ( 'NONE', ( #7124, #3003, #1955, #7855 ) ) ;
#2369 = AXIS2_PLACEMENT_3D ( 'NONE', #8411, #3967, #5807 ) ;
#2370 = LINE ( 'NONE', #5590, #7923 ) ;
#2371 = CIRCLE ( 'NONE', #6196, 0.1792121451399605880 ) ;
#2372 = CARTESIAN_POINT ( 'NONE',  ( -0.8489040373074708823, 1.099999999999999867, -1.987254051198542815 ) ) ;
#2373 = VECTOR ( 'NONE', #6343, 1000.000000000000000 ) ;
#2374 = ORIENTED_EDGE ( 'NONE', *, *, #3958, .T. ) ;
#2375 = CARTESIAN_POINT ( 'NONE',  ( -1.289999999999983826, 0.4207878548600303970, 0.3549999999999999267 ) ) ;
#2376 = PLANE ( 'NONE',  #5251 ) ;
#2377 = VERTEX_POINT ( 'NONE', #5073 ) ;
#2378 = VECTOR ( 'NONE', #3788, 1000.000000000000000 ) ;
#2379 = ORIENTED_EDGE ( 'NONE', *, *, #1591, .F. ) ;
#2380 = COLOUR_RGB ( '',0.7921568627450980005, 0.8196078431372548767, 0.9333333333333333481 ) ;
#2381 = ORIENTED_EDGE ( 'NONE', *, *, #4256, .T. ) ;
#2382 = ORIENTED_EDGE ( 'NONE', *, *, #6171, .F. ) ;
#2383 = DIRECTION ( 'NONE',  ( -0.9975640502598246417, 0.06975647374411923785, 0.000000000000000000 ) ) ;
#2384 = EDGE_CURVE ( 'NONE', #2003, #3475, #296, .T. ) ;
#2385 = DIRECTION ( 'NONE',  ( 9.821212069593589627E-16, 1.000000000000000000, 0.000000000000000000 ) ) ;
#2386 = VECTOR ( 'NONE', #6715, 1000.000000000000227 ) ;
#2387 = LINE ( 'NONE', #5727, #1144 ) ;
#2388 = CARTESIAN_POINT ( 'NONE',  ( -1.110787854860023183, 0.4207878548600303970, -1.645000000000000240 ) ) ;
#2389 =( BOUNDED_SURFACE ( )  B_SPLINE_SURFACE ( 3, 3, ( 
 ( #4464, #676, #7807, #8463 ),
 ( #5905, #7095, #16, #1212 ),
 ( #1171, #556, #2628, #5261 ),
 ( #5089, #4551, #7878, #6736 ) ),
 .UNSPECIFIED., .F., .F., .F. ) 
 B_SPLINE_SURFACE_WITH_KNOTS ( ( 4, 4 ),
 ( 4, 4 ),
 ( 0.000000000000000000, 1.000000000000000000 ),
 ( 0.000000000000000000, 1.000000000000000000 ),
 .UNSPECIFIED. ) 
 GEOMETRIC_REPRESENTATION_ITEM ( )  RATIONAL_B_SPLINE_SURFACE ( (
 ( 1.000000000000000000, 0.8422301520436441535, 0.8422301520436441535, 1.000000000000000000),
 ( 0.8422301520436468181, 0.7093516290114622036, 0.7093516290114622036, 0.8422301520436468181),
 ( 0.8422301520436468181, 0.7093516290114622036, 0.7093516290114622036, 0.8422301520436468181),
 ( 1.000000000000000000, 0.8422301520436441535, 0.8422301520436441535, 1.000000000000000000) ) ) 
 REPRESENTATION_ITEM ( '' )  SURFACE ( )  );
#2390 = LINE ( 'NONE', #4998, #4752 ) ;
#2391 = DIRECTION ( 'NONE',  ( -0.9975640502598243087, 0.06975647374412463630, -0.000000000000000000 ) ) ;
#2392 = ORIENTED_EDGE ( 'NONE', *, *, #3012, .F. ) ;
#2393 = PLANE ( 'NONE',  #3113 ) ;
#2394 = DIRECTION ( 'NONE',  ( -6.850403608759735123E-15, 1.000000000000000000, 0.000000000000000000 ) ) ;
#2395 = EDGE_LOOP ( 'NONE', ( #5569, #2907, #2153, #5986, #3032, #4191, #4559, #6874, #5528, #1073, #4992, #7715 ) ) ;
#2396 = CARTESIAN_POINT ( 'NONE',  ( 1.000000000000000000, 0.4600000000000065148, -0.1450000000000001565 ) ) ;
#2397 = CARTESIAN_POINT ( 'NONE',  ( 0.9188766864283723912, 0.1413643236975552220, 2.041214128597719668 ) ) ;
#2398 = DIRECTION ( 'NONE',  ( 0.000000000000000000, 0.000000000000000000, 1.000000000000000000 ) ) ;
#2399 = DIRECTION ( 'NONE',  ( 0.000000000000000000, 0.000000000000000000, 1.000000000000000000 ) ) ;
#2400 = EDGE_CURVE ( 'NONE', #1577, #6451, #5851, .T. ) ;
#2401 = COLOUR_RGB ( '',0.7921568627450980005, 0.8196078431372548767, 0.9333333333333333481 ) ;
#2402 = ADVANCED_FACE ( 'NONE', ( #1887 ), #2495, .T. ) ;
#2403 = EDGE_LOOP ( 'NONE', ( #4183, #6142, #386, #4318 ) ) ;
#2404 = CARTESIAN_POINT ( 'NONE',  ( 1.150000000000000133, 0.2000000000000000111, -0.6450000000000001288 ) ) ;
#2405 = CARTESIAN_POINT ( 'NONE',  ( -0.9228711319800371182, 1.033307012864741248, 1.960088549354863652 ) ) ;
#2406 = DIRECTION ( 'NONE',  ( 0.06975647374411923785, 0.9975640502598246417, -0.000000000000000000 ) ) ;
#2407 = PLANE ( 'NONE',  #7039 ) ;
#2408 = EDGE_CURVE ( 'NONE', #5466, #7597, #582, .T. ) ;
#2409 = FACE_OUTER_BOUND ( 'NONE', #2799, .T. ) ;
#2410 = EDGE_CURVE ( 'NONE', #1324, #5507, #3979, .T. ) ;
#2411 = LINE ( 'NONE', #4147, #7119 ) ;
#2412 = ORIENTED_EDGE ( 'NONE', *, *, #4511, .F. ) ;
#2413 = DIRECTION ( 'NONE',  ( 0.000000000000000000, 1.000000000000000000, 0.000000000000000000 ) ) ;
#2414 = EDGE_CURVE ( 'NONE', #96, #2558, #1848, .T. ) ;
#2415 = DIRECTION ( 'NONE',  ( 1.000000000000000000, 0.000000000000000000, 0.000000000000000000 ) ) ;
#2416 = ADVANCED_FACE ( 'NONE', ( #5889 ), #1926, .F. ) ;
#2417 = VERTEX_POINT ( 'NONE', #7082 ) ;
#2418 = LINE ( 'NONE', #6361, #8287 ) ;
#2419 = ORIENTED_EDGE ( 'NONE', *, *, #4412, .T. ) ;
#2420 = VERTEX_POINT ( 'NONE', #7673 ) ;
#2421 = ORIENTED_EDGE ( 'NONE', *, *, #7471, .F. ) ;
#2422 = CARTESIAN_POINT ( 'NONE',  ( -1.620234093675824161, -2.168404344971008868E-16, -1.645000000000000240 ) ) ;
#2423 = DIRECTION ( 'NONE',  ( 1.000000000000000000, 0.000000000000000000, -0.000000000000000000 ) ) ;
#2424 = DIRECTION ( 'NONE',  ( -0.000000000000000000, -0.000000000000000000, -1.000000000000000000 ) ) ;
#2425 = DIRECTION ( 'NONE',  ( -1.000000000000000000, 0.000000000000000000, 0.000000000000000000 ) ) ;
#2426 = DIRECTION ( 'NONE',  ( -0.000000000000000000, -0.000000000000000000, -1.000000000000000000 ) ) ;
#2427 = APPLICATION_CONTEXT ( 'automotive_design' ) ;
#2428 = DIRECTION ( 'NONE',  ( -1.000000000000000000, 0.000000000000000000, 0.000000000000000000 ) ) ;
#2429 = CARTESIAN_POINT ( 'NONE',  ( 1.326476844167053137, 0.1608833736747886656, -1.645000000000000240 ) ) ;
#2430 = ORIENTED_EDGE ( 'NONE', *, *, #1328, .F. ) ;
#2431 = CARTESIAN_POINT ( 'NONE',  ( -0.9690165548572222676, 0.4562838692152604292, 2.099344745878808816 ) ) ;
#2432 = DIRECTION ( 'NONE',  ( -0.000000000000000000, 1.000000000000000000, 0.000000000000000000 ) ) ;
#2433 = ORIENTED_EDGE ( 'NONE', *, *, #7022, .T. ) ;
#2434 = DIRECTION ( 'NONE',  ( -0.000000000000000000, -0.000000000000000000, -1.000000000000000000 ) ) ;
#2435 = PLANE ( 'NONE',  #22 ) ;
#2436 = FACE_OUTER_BOUND ( 'NONE', #3298, .T. ) ;
#2437 = CARTESIAN_POINT ( 'NONE',  ( 0.9165283512985362702, 1.033307012864741248, 1.998438563245935384 ) ) ;
#2438 = ORIENTED_EDGE ( 'NONE', *, *, #5404, .F. ) ;
#2439 = AXIS2_PLACEMENT_3D ( 'NONE', #3484, #7949, #5992 ) ;
#2440 = FACE_OUTER_BOUND ( 'NONE', #3090, .T. ) ;
#2441 = CARTESIAN_POINT ( 'NONE',  ( -1.110787854860023183, 0.4207878548600303970, 0.6449999999999999067 ) ) ;
#2442 = EDGE_LOOP ( 'NONE', ( #6177, #3389, #2944, #4779 ) ) ;
#2443 = CARTESIAN_POINT ( 'NONE',  ( -1.110787854860023183, 0.4207878548600303970, -1.645000000000000240 ) ) ;
#2444 = FACE_OUTER_BOUND ( 'NONE', #2116, .T. ) ;
#2445 = CIRCLE ( 'NONE', #5872, 0.03921214513997691581 ) ;
#2446 = VERTEX_POINT ( 'NONE', #7196 ) ;
#2447 = MECHANICAL_DESIGN_GEOMETRIC_PRESENTATION_REPRESENTATION (  '', ( #1604 ), #4199 ) ;
#2448 = DIRECTION ( 'NONE',  ( 0.000000000000000000, 0.000000000000000000, 1.000000000000000000 ) ) ;
#2449 = VERTEX_POINT ( 'NONE', #4531 ) ;
#2450 = SURFACE_STYLE_USAGE ( .BOTH. , #3039 ) ;
#2451 = DIRECTION ( 'NONE',  ( -1.964242413918717925E-15, 1.000000000000000000, 0.000000000000000000 ) ) ;
#2452 = EDGE_CURVE ( 'NONE', #3502, #7407, #4, .T. ) ;
#2453 = EDGE_CURVE ( 'NONE', #332, #1406, #5155, .T. ) ;
#2454 = VECTOR ( 'NONE', #7470, 1000.000000000000000 ) ;
#2455 = CIRCLE ( 'NONE', #118, 0.1499999999999999667 ) ;
#2456 = CARTESIAN_POINT ( 'NONE',  ( -1.289999999999983826, 0.2000000000000000111, 0.8549999999999998712 ) ) ;
#2457 = VECTOR ( 'NONE', #3827, 1000.000000000000000 ) ;
#2458 = VECTOR ( 'NONE', #4755, 1000.000000000000000 ) ;
#2459 = ORIENTED_EDGE ( 'NONE', *, *, #5714, .T. ) ;
#2460 = DIRECTION ( 'NONE',  ( -0.000000000000000000, -0.000000000000000000, -1.000000000000000000 ) ) ;
#2461 = DIRECTION ( 'NONE',  ( -1.000000000000000000, 0.000000000000000000, 0.000000000000000000 ) ) ;
#2462 = LINE ( 'NONE', #1851, #5071 ) ;
#2463 = CIRCLE ( 'NONE', #1254, 0.1792121451399605880 ) ;
#2464 = VERTEX_POINT ( 'NONE', #1802 ) ;
#2465 = CIRCLE ( 'NONE', #6149, 0.03921214513997691581 ) ;
#2466 = ORIENTED_EDGE ( 'NONE', *, *, #8484, .F. ) ;
#2467 = EDGE_LOOP ( 'NONE', ( #4165, #5288, #669, #2270 ) ) ;
#2468 = EDGE_CURVE ( 'NONE', #996, #2543, #3578, .T. ) ;
#2469 = EDGE_CURVE ( 'NONE', #141, #2130, #1281, .T. ) ;
#2470 = VECTOR ( 'NONE', #405, 1000.000000000000000 ) ;
#2471 = CARTESIAN_POINT ( 'NONE',  ( -1.620234093675824161, -2.083034977450064059E-16, -1.145000000000000240 ) ) ;
#2472 = AXIS2_PLACEMENT_3D ( 'NONE', #3304, #6576, #2513 ) ;
#2473 = DIRECTION ( 'NONE',  ( -9.821212069593589627E-16, 1.000000000000000000, -0.000000000000000000 ) ) ;
#2474 = DIRECTION ( 'NONE',  ( -9.786290869656726145E-16, -1.000000000000000000, 0.000000000000000000 ) ) ;
#2475 = DIRECTION ( 'NONE',  ( 0.1710878697460326836, -0.9702875252478149193, -0.1710878697460326836 ) ) ;
#2476 = DIRECTION ( 'NONE',  ( 0.000000000000000000, 0.000000000000000000, 1.000000000000000000 ) ) ;
#2477 = PRESENTATION_STYLE_ASSIGNMENT (( #4389 ) ) ;
#2478 = CARTESIAN_POINT ( 'NONE',  ( -1.620234093675824161, -2.292191795371296565E-16, -1.855000000000000204 ) ) ;
#2479 = ORIENTED_EDGE ( 'NONE', *, *, #1921, .F. ) ;
#2480 = CARTESIAN_POINT ( 'NONE',  ( 1.629999999999999671, 0.1396589670363576063, -1.145000000000000240 ) ) ;
#2481 = PLANE ( 'NONE',  #180 ) ;
#2482 = DIRECTION ( 'NONE',  ( 0.000000000000000000, 0.000000000000000000, 1.000000000000000000 ) ) ;
#2483 = CARTESIAN_POINT ( 'NONE',  ( -0.8872540511985420597, 1.037404390581548652, 2.022871131980038317 ) ) ;
#2484 = FACE_OUTER_BOUND ( 'NONE', #2403, .T. ) ;
#2485 = CARTESIAN_POINT ( 'NONE',  ( -1.110787854860023183, 0.5999999999999909850, -1.645000000000000240 ) ) ;
#2486 = EDGE_CURVE ( 'NONE', #1441, #8131, #4417, .T. ) ;
#2487 = CARTESIAN_POINT ( 'NONE',  ( 1.326476844167053137, 0.1608833736747886656, 0.6449999999999999067 ) ) ;
#2488 = ORIENTED_EDGE ( 'NONE', *, *, #6904, .F. ) ;
#2489 = CARTESIAN_POINT ( 'NONE',  ( 1.289999999999983604, 0.4207878548600304525, 1.645000000000000018 ) ) ;
#2490 = VERTEX_POINT ( 'NONE', #7044 ) ;
#2491 = CYLINDRICAL_SURFACE ( 'NONE', #6297, 0.03921214513997670070 ) ;
#2492 = CARTESIAN_POINT ( 'NONE',  ( -1.110787854860023183, 0.4600000000000070699, -0.6450000000000001288 ) ) ;
#2493 = FACE_OUTER_BOUND ( 'NONE', #6400, .T. ) ;
#2494 = VECTOR ( 'NONE', #1016, 1000.000000000000000 ) ;
#2495 = CYLINDRICAL_SURFACE ( 'NONE', #2504, 0.07500000000000017764 ) ;
#2496 = VECTOR ( 'NONE', #1400, 1000.000000000000000 ) ;
#2497 = ADVANCED_FACE ( 'NONE', ( #6395 ), #3161, .T. ) ;
#2498 = VERTEX_POINT ( 'NONE', #3770 ) ;
#2499 = EDGE_CURVE ( 'NONE', #3879, #5265, #1240, .T. ) ;
#2500 = CARTESIAN_POINT ( 'NONE',  ( 1.110787854860023183, 0.4207878548600303970, 1.354999999999999760 ) ) ;
#2501 = ORIENTED_EDGE ( 'NONE', *, *, #46, .T. ) ;
#2502 = ORIENTED_EDGE ( 'NONE', *, *, #5710, .T. ) ;
#2503 = ORIENTED_EDGE ( 'NONE', *, *, #5835, .F. ) ;
#2504 = AXIS2_PLACEMENT_3D ( 'NONE', #6513, #618, #1971 ) ;
#2505 = CIRCLE ( 'NONE', #167, 0.07500000000000017764 ) ;
#2506 = DIRECTION ( 'NONE',  ( 0.000000000000000000, 0.1736481776669275001, -0.9848077530122085754 ) ) ;
#2507 = LINE ( 'NONE', #6490, #6282 ) ;
#2508 = VECTOR ( 'NONE', #7397, 1000.000000000000000 ) ;
#2509 = EDGE_CURVE ( 'NONE', #4569, #7827, #6601, .T. ) ;
#2510 = AXIS2_PLACEMENT_3D ( 'NONE', #6392, #3839, #8368 ) ;
#2511 = ADVANCED_FACE ( 'NONE', ( #2187 ), #4014, .F. ) ;
#2512 = DIRECTION ( 'NONE',  ( -0.000000000000000000, -0.000000000000000000, -1.000000000000000000 ) ) ;
#2513 = DIRECTION ( 'NONE',  ( -1.000000000000000000, 0.000000000000000000, 0.000000000000000000 ) ) ;
#2514 = ADVANCED_FACE ( 'NONE', ( #3498 ), #3416, .F. ) ;
#2515 = CARTESIAN_POINT ( 'NONE',  ( 1.000000000000000444, 0.4600000000000079026, 2.024999999999999911 ) ) ;
#2516 = CYLINDRICAL_SURFACE ( 'NONE', #6812, 0.03921214513997691581 ) ;
#2517 = ORIENTED_EDGE ( 'NONE', *, *, #4150, .F. ) ;
#2518 = EDGE_CURVE ( 'NONE', #5624, #3803, #7241, .T. ) ;
#2519 = AXIS2_PLACEMENT_3D ( 'NONE', #5006, #3710, #1829 ) ;
#2520 = DIRECTION ( 'NONE',  ( -0.000000000000000000, -0.000000000000000000, -1.000000000000000000 ) ) ;
#2521 = CARTESIAN_POINT ( 'NONE',  ( -0.9999999999999995559, 0.4600000000000072919, 1.855000000000000204 ) ) ;
#2522 = CARTESIAN_POINT ( 'NONE',  ( 0.8489040373074715484, 1.037404390581548652, 2.022871131980038317 ) ) ;
#2523 = EDGE_CURVE ( 'NONE', #559, #8023, #1362, .T. ) ;
#2524 = ORIENTED_EDGE ( 'NONE', *, *, #7408, .F. ) ;
#2525 = VECTOR ( 'NONE', #6087, 1000.000000000000000 ) ;
#2526 = CARTESIAN_POINT ( 'NONE',  ( -1.149999999999999911, 0.4207878548600304525, 0.6449999999999999067 ) ) ;
#2527 = CARTESIAN_POINT ( 'NONE',  ( 1.000000000000000000, 0.4600000000000065148, -0.1450000000000001565 ) ) ;
#2528 = ORIENTED_EDGE ( 'NONE', *, *, #5581, .T. ) ;
#2529 = LINE ( 'NONE', #4478, #6279 ) ;
#2530 = CARTESIAN_POINT ( 'NONE',  ( -1.149999999999999911, 0.4207878548600303970, 0.8549999999999998712 ) ) ;
#2531 = VECTOR ( 'NONE', #8487, 1000.000000000000000 ) ;
#2532 = EDGE_LOOP ( 'NONE', ( #5465, #8120, #272, #4615 ) ) ;
#2533 = ORIENTED_EDGE ( 'NONE', *, *, #3186, .T. ) ;
#2534 = AXIS2_PLACEMENT_3D ( 'NONE', #4170, #2310, #6770 ) ;
#2535 = VERTEX_POINT ( 'NONE', #7921 ) ;
#2536 = CARTESIAN_POINT ( 'NONE',  ( -1.110787854860023183, 0.4207878548600303970, -0.8550000000000000933 ) ) ;
#2537 = EDGE_CURVE ( 'NONE', #4507, #193, #3842, .T. ) ;
#2538 = FACE_OUTER_BOUND ( 'NONE', #3947, .T. ) ;
#2539 = CARTESIAN_POINT ( 'NONE',  ( 1.329212145139960777, 0.2000000000000000111, -0.6450000000000001288 ) ) ;
#2540 = DIRECTION ( 'NONE',  ( -0.9975640502598246417, -0.06975647374411941826, 0.000000000000000000 ) ) ;
#2541 = DIRECTION ( 'NONE',  ( -0.000000000000000000, -0.000000000000000000, -1.000000000000000000 ) ) ;
#2542 = EDGE_LOOP ( 'NONE', ( #4518, #589, #7179, #7003 ) ) ;
#2543 = VERTEX_POINT ( 'NONE', #1487 ) ;
#2544 = EDGE_LOOP ( 'NONE', ( #5599, #1366, #701, #7495 ) ) ;
#2545 = EDGE_CURVE ( 'NONE', #2333, #8205, #1381, .T. ) ;
#2546 = CARTESIAN_POINT ( 'NONE',  ( -0.8489040373074707713, 1.024999999999999689, 1.948904037307471304 ) ) ;
#2547 = DIRECTION ( 'NONE',  ( 0.9975640502598246417, 0.06975647374411922397, -0.000000000000000000 ) ) ;
#2548 = DIRECTION ( 'NONE',  ( -0.000000000000000000, -0.000000000000000000, -1.000000000000000000 ) ) ;
#2549 = FACE_OUTER_BOUND ( 'NONE', #1430, .T. ) ;
#2550 = ORIENTED_EDGE ( 'NONE', *, *, #2646, .F. ) ;
#2551 = CARTESIAN_POINT ( 'NONE',  ( -0.9999999999999995559, 0.5999999999999912070, -0.6450000000000001288 ) ) ;
#2552 = CARTESIAN_POINT ( 'NONE',  ( -1.329212145139960777, 0.2000000000000000111, -0.1450000000000001565 ) ) ;
#2553 = ORIENTED_EDGE ( 'NONE', *, *, #745, .T. ) ;
#2554 = EDGE_CURVE ( 'NONE', #7330, #8223, #2053, .T. ) ;
#2555 = ADVANCED_FACE ( 'NONE', ( #6732 ), #127, .F. ) ;
#2556 = DIRECTION ( 'NONE',  ( -0.000000000000000000, -0.000000000000000000, -1.000000000000000000 ) ) ;
#2557 = CYLINDRICAL_SURFACE ( 'NONE', #3336, 0.1792121451399605880 ) ;
#2558 = VERTEX_POINT ( 'NONE', #796 ) ;
#2559 = CIRCLE ( 'NONE', #5164, 0.1792121451399605880 ) ;
#2560 = ORIENTED_EDGE ( 'NONE', *, *, #4279, .F. ) ;
#2561 = CARTESIAN_POINT ( 'NONE',  ( -1.620234093675824161, -2.168404344971008868E-16, 1.855000000000000204 ) ) ;
#2562 = DIRECTION ( 'NONE',  ( -0.9975640502598243087, 0.06975647374412363710, 0.000000000000000000 ) ) ;
#2563 = LINE ( 'NONE', #3760, #4480 ) ;
#2564 = DIRECTION ( 'NONE',  ( 0.9975640502598246417, 0.06975647374411944601, 0.000000000000000000 ) ) ;
#2565 = EDGE_CURVE ( 'NONE', #3263, #7819, #7324, .T. ) ;
#2566 = EDGE_CURVE ( 'NONE', #7256, #7253, #3437, .T. ) ;
#2567 = ORIENTED_EDGE ( 'NONE', *, *, #4899, .T. ) ;
#2568 = VERTEX_POINT ( 'NONE', #2695 ) ;
#2569 = CARTESIAN_POINT ( 'NONE',  ( -0.9999999999999995559, 6.851881339845204089, -2.024999999999999911 ) ) ;
#2570 = CARTESIAN_POINT ( 'NONE',  ( -0.9999999999999995559, 0.5999999999999912070, 1.145000000000000018 ) ) ;
#2571 = VECTOR ( 'NONE', #4298, 1000.000000000000114 ) ;
#2572 = DIRECTION ( 'NONE',  ( 0.000000000000000000, 1.000000000000000000, 0.000000000000000000 ) ) ;
#2573 = CIRCLE ( 'NONE', #2308, 0.1792121451399605880 ) ;
#2574 = CARTESIAN_POINT ( 'NONE',  ( -1.289999999999983826, 0.2000000000000000111, 1.354999999999999760 ) ) ;
#2575 = ORIENTED_EDGE ( 'NONE', *, *, #5436, .F. ) ;
#2576 = PLANE ( 'NONE',  #6011 ) ;
#2577 = EDGE_LOOP ( 'NONE', ( #6013, #6304 ) ) ;
#2578 = VECTOR ( 'NONE', #4277, 1000.000000000000114 ) ;
#2579 = ORIENTED_EDGE ( 'NONE', *, *, #185, .F. ) ;
#2580 = ORIENTED_EDGE ( 'NONE', *, *, #32, .T. ) ;
#2581 = FACE_OUTER_BOUND ( 'NONE', #360, .T. ) ;
#2582 = DIRECTION ( 'NONE',  ( 1.000000000000000000, 0.000000000000000000, 0.000000000000000000 ) ) ;
#2583 = VECTOR ( 'NONE', #6730, 1000.000000000000000 ) ;
#2584 = AXIS2_PLACEMENT_3D ( 'NONE', #1844, #536, #1236 ) ;
#2585 = DIRECTION ( 'NONE',  ( -0.000000000000000000, -0.000000000000000000, -1.000000000000000000 ) ) ;
#2586 = ORIENTED_EDGE ( 'NONE', *, *, #5350, .F. ) ;
#2587 = DIRECTION ( 'NONE',  ( 0.9975640502598243087, -0.06975647374412471957, 0.000000000000000000 ) ) ;
#2588 = VERTEX_POINT ( 'NONE', #4706 ) ;
#2589 = CARTESIAN_POINT ( 'NONE',  ( -0.9249999999999996003, 0.4600000000000059597, -2.100000000000000089 ) ) ;
#2590 = ORIENTED_EDGE ( 'NONE', *, *, #2469, .F. ) ;
#2591 = AXIS2_PLACEMENT_3D ( 'NONE', #7171, #3052, #8298 ) ;
#2592 = CIRCLE ( 'NONE', #7658, 0.03921214513997691581 ) ;
#2593 = CARTESIAN_POINT ( 'NONE',  ( -0.9999999999999995559, 0.4600000000000072919, 2.100000000000000089 ) ) ;
#2594 = LINE ( 'NONE', #7861, #3579 ) ;
#2595 = AXIS2_PLACEMENT_3D ( 'NONE', #4065, #3424, #6572 ) ;
#2596 = EDGE_CURVE ( 'NONE', #4070, #4397, #6336, .T. ) ;
#2597 = VERTEX_POINT ( 'NONE', #5325 ) ;
#2598 = EDGE_CURVE ( 'NONE', #7971, #4810, #2740, .T. ) ;
#2599 = LINE ( 'NONE', #5705, #8118 ) ;
#2600 = CARTESIAN_POINT ( 'NONE',  ( -1.629999999999999671, 0.1396589670363588831, -1.645000000000000240 ) ) ;
#2601 = ORIENTED_EDGE ( 'NONE', *, *, #4448, .T. ) ;
#2602 = DIRECTION ( 'NONE',  ( -0.06975647374412463630, -0.9975640502598243087, 0.000000000000000000 ) ) ;
#2603 = LINE ( 'NONE', #3873, #4460 ) ;
#2604 = EDGE_CURVE ( 'NONE', #6866, #4942, #4960, .T. ) ;
#2605 =( NAMED_UNIT ( * ) SI_UNIT ( $, .STERADIAN. ) SOLID_ANGLE_UNIT ( ) );
#2606 = VERTEX_POINT ( 'NONE', #708 ) ;
#2607 = ADVANCED_FACE ( 'NONE', ( #5367 ), #2140, .T. ) ;
#2608 = EDGE_CURVE ( 'NONE', #1253, #1577, #3464, .T. ) ;
#2609 = ORIENTED_EDGE ( 'NONE', *, *, #7728, .F. ) ;
#2610 = CARTESIAN_POINT ( 'NONE',  ( 0.9999914734049474285, 0.4599516432764992335, 2.026130891929031730 ) ) ;
#2611 = EDGE_CURVE ( 'NONE', #2145, #2825, #6187, .T. ) ;
#2612 = ORIENTED_EDGE ( 'NONE', *, *, #1398, .T. ) ;
#2613 = DIRECTION ( 'NONE',  ( -1.964242413918717925E-15, 1.000000000000000000, 0.000000000000000000 ) ) ;
#2614 = CARTESIAN_POINT ( 'NONE',  ( -1.326476844167053359, 0.1608833736747886656, -1.355000000000000204 ) ) ;
#2615 = LINE ( 'NONE', #6926, #6899 ) ;
#2616 = CARTESIAN_POINT ( 'NONE',  ( -1.620234093675824161, -2.083034977450064059E-16, 0.1449999999999998512 ) ) ;
#2617 = VERTEX_POINT ( 'NONE', #6308 ) ;
#2618 = EDGE_LOOP ( 'NONE', ( #5311, #182, #2189, #3962 ) ) ;
#2619 = ORIENTED_EDGE ( 'NONE', *, *, #5349, .T. ) ;
#2620 = VERTEX_POINT ( 'NONE', #5538 ) ;
#2621 = CARTESIAN_POINT ( 'NONE',  ( 1.000000000000000000, 0.5999999999999903189, 0.6449999999999999067 ) ) ;
#2622 = AXIS2_PLACEMENT_3D ( 'NONE', #3352, #7897, #7303 ) ;
#2623 = CARTESIAN_POINT ( 'NONE',  ( -0.5999999999999996447, 1.050000000000000044, -1.700000000000000178 ) ) ;
#2624 = PLANE ( 'NONE',  #512 ) ;
#2625 = DIRECTION ( 'NONE',  ( -0.9975640502598243087, 0.06975647374412463630, -0.000000000000000000 ) ) ;
#2626 = ORIENTED_EDGE ( 'NONE', *, *, #6648, .T. ) ;
#2627 = CIRCLE ( 'NONE', #1389, 0.1792121451399605880 ) ;
#2628 = CARTESIAN_POINT ( 'NONE',  ( -0.9412141285977200234, 0.1247737546427837435, -2.011939828497726790 ) ) ;
#2629 = VERTEX_POINT ( 'NONE', #8100 ) ;
#2630 = CIRCLE ( 'NONE', #8255, 0.03921214513997691581 ) ;
#2631 = CYLINDRICAL_SURFACE ( 'NONE', #1894, 0.1792121451399605880 ) ;
#2632 = DIRECTION ( 'NONE',  ( -0.000000000000000000, -0.000000000000000000, -1.000000000000000000 ) ) ;
#2633 = ORIENTED_EDGE ( 'NONE', *, *, #2670, .T. ) ;
#2634 = EDGE_CURVE ( 'NONE', #2887, #1245, #4841, .T. ) ;
#2635 = CARTESIAN_POINT ( 'NONE',  ( 1.000000000000000000, 0.5999999999999903189, -0.6450000000000001288 ) ) ;
#2636 = VECTOR ( 'NONE', #7840, 1000.000000000000000 ) ;
#2637 = AXIS2_PLACEMENT_3D ( 'NONE', #1293, #8424, #3743 ) ;
#2638 = ORIENTED_EDGE ( 'NONE', *, *, #842, .F. ) ;
#2639 = AXIS2_PLACEMENT_3D ( 'NONE', #7577, #4311, #6941 ) ;
#2640 = EDGE_LOOP ( 'NONE', ( #2833, #6234, #4206, #5222 ) ) ;
#2641 = CARTESIAN_POINT ( 'NONE',  ( -0.9999999999999995559, 0.5999999999999912070, 1.855000000000000204 ) ) ;
#2642 = ORIENTED_EDGE ( 'NONE', *, *, #78, .T. ) ;
#2643 = AXIS2_PLACEMENT_3D ( 'NONE', #3738, #8456, #5162 ) ;
#2644 = LINE ( 'NONE', #5274, #84 ) ;
#2645 = AXIS2_PLACEMENT_3D ( 'NONE', #3869, #607, #3832 ) ;
#2646 = EDGE_CURVE ( 'NONE', #4069, #6181, #8101, .T. ) ;
#2647 = AXIS2_PLACEMENT_3D ( 'NONE', #2318, #368, #531 ) ;
#2648 = SURFACE_STYLE_USAGE ( .BOTH. , #4041 ) ;
#2649 = AXIS2_PLACEMENT_3D ( 'NONE', #2161, #8126, #4770 ) ;
#2650 = DIRECTION ( 'NONE',  ( 0.000000000000000000, 0.000000000000000000, 1.000000000000000000 ) ) ;
#2651 = ORIENTED_EDGE ( 'NONE', *, *, #5827, .F. ) ;
#2652 = EDGE_LOOP ( 'NONE', ( #6938, #4442, #8406, #2412 ) ) ;
#2653 = ORIENTED_EDGE ( 'NONE', *, *, #4919, .T. ) ;
#2654 = FACE_OUTER_BOUND ( 'NONE', #3341, .T. ) ;
#2655 = EDGE_CURVE ( 'NONE', #5208, #7827, #6875, .T. ) ;
#2656 = EDGE_CURVE ( 'NONE', #5111, #17, #4180, .T. ) ;
#2657 = LINE ( 'NONE', #2051, #2075 ) ;
#2658 = CARTESIAN_POINT ( 'NONE',  ( -0.5999999999999996447, 1.050000000000000044, -1.700000000000000178 ) ) ;
#2659 = EDGE_CURVE ( 'NONE', #6866, #441, #7690, .T. ) ;
#2660 = DIRECTION ( 'NONE',  ( -1.000000000000000000, 0.000000000000000000, 0.000000000000000000 ) ) ;
#2661 = FILL_AREA_STYLE ('',( #48 ) ) ;
#2662 = AXIS2_PLACEMENT_3D ( 'NONE', #3628, #1098, #4831 ) ;
#2663 = ORIENTED_EDGE ( 'NONE', *, *, #7777, .F. ) ;
#2664 = ORIENTED_EDGE ( 'NONE', *, *, #639, .F. ) ;
#2665 = ORIENTED_EDGE ( 'NONE', *, *, #136, .T. ) ;
#2666 = EDGE_LOOP ( 'NONE', ( #8160, #7068, #4866, #5575 ) ) ;
#2667 = FACE_OUTER_BOUND ( 'NONE', #4936, .T. ) ;
#2668 = ADVANCED_FACE ( 'NONE', ( #2409 ), #6218, .F. ) ;
#2669 = CARTESIAN_POINT ( 'NONE',  ( -1.150000000000000133, 0.2000000000000000111, -1.645000000000000240 ) ) ;
#2670 = EDGE_CURVE ( 'NONE', #3166, #7971, #4665, .T. ) ;
#2671 = CARTESIAN_POINT ( 'NONE',  ( -1.110787854860023183, 0.4600000000000072919, 1.145000000000000018 ) ) ;
#2672 = DIRECTION ( 'NONE',  ( 0.000000000000000000, 0.000000000000000000, 1.000000000000000000 ) ) ;
#2673 = ORIENTED_EDGE ( 'NONE', *, *, #4865, .T. ) ;
#2674 = ORIENTED_EDGE ( 'NONE', *, *, #842, .T. ) ;
#2675 = LINE ( 'NONE', #1987, #2994 ) ;
#2676 = VERTEX_POINT ( 'NONE', #4977 ) ;
#2677 = ORIENTED_EDGE ( 'NONE', *, *, #861, .F. ) ;
#2678 = CARTESIAN_POINT ( 'NONE',  ( 1.150000000000000133, 0.1999999999999998168, 0.8549999999999998712 ) ) ;
#2679 = DIRECTION ( 'NONE',  ( -0.000000000000000000, -0.000000000000000000, -1.000000000000000000 ) ) ;
#2680 = ORIENTED_EDGE ( 'NONE', *, *, #1973, .F. ) ;
#2681 = CARTESIAN_POINT ( 'NONE',  ( -1.110787854860023183, 0.4600000000000072919, 1.855000000000000204 ) ) ;
#2682 = DIRECTION ( 'NONE',  ( 0.9975640502598243087, -0.06975647374412363710, -0.000000000000000000 ) ) ;
#2683 = ORIENTED_EDGE ( 'NONE', *, *, #1874, .T. ) ;
#2684 = CARTESIAN_POINT ( 'NONE',  ( -1.150000000000000133, 0.1999999999999998168, 0.1449999999999999345 ) ) ;
#2685 = CARTESIAN_POINT ( 'NONE',  ( -0.9999999999999995559, 0.5999999999999912070, -1.145000000000000240 ) ) ;
#2686 = CARTESIAN_POINT ( 'NONE',  ( 1.000000000000000000, 0.4600000000000065148, -0.1450000000000001565 ) ) ;
#2687 = SURFACE_STYLE_FILL_AREA ( #4692 ) ;
#2688 = AXIS2_PLACEMENT_3D ( 'NONE', #4603, #5228, #6508 ) ;
#2689 = CYLINDRICAL_SURFACE ( 'NONE', #1283, 0.1792121451399605880 ) ;
#2690 = VERTEX_POINT ( 'NONE', #8189 ) ;
#2691 = VERTEX_POINT ( 'NONE', #5018 ) ;
#2692 = PLANE ( 'NONE',  #6558 ) ;
#2693 = DIRECTION ( 'NONE',  ( 0.000000000000000000, -1.000000000000000000, -0.000000000000000000 ) ) ;
#2694 = DIRECTION ( 'NONE',  ( 0.000000000000000000, 0.000000000000000000, 1.000000000000000000 ) ) ;
#2695 = CARTESIAN_POINT ( 'NONE',  ( 0.8735898146066566339, 0.1000000000000000056, -1.973589814606655946 ) ) ;
#2696 = PLANE ( 'NONE',  #2369 ) ;
#2697 = ORIENTED_EDGE ( 'NONE', *, *, #640, .T. ) ;
#2698 = ADVANCED_FACE ( 'NONE', ( #331 ), #7538, .F. ) ;
#2699 = FACE_OUTER_BOUND ( 'NONE', #20, .T. ) ;
#2700 = VERTEX_POINT ( 'NONE', #4883 ) ;
#2701 = EDGE_CURVE ( 'NONE', #2285, #6603, #2905, .T. ) ;
#2702 = VECTOR ( 'NONE', #3194, 1000.000000000000000 ) ;
#2703 = VERTEX_POINT ( 'NONE', #288 ) ;
#2704 = ORIENTED_EDGE ( 'NONE', *, *, #7318, .T. ) ;
#2705 = B_SPLINE_CURVE_WITH_KNOTS ( 'NONE', 3,
 ( #6766, #195, #6084, #5400 ),
 .UNSPECIFIED., .F., .F.,
 ( 4, 4 ),
 ( 0.000000000000000000, 1.000000000000000000 ),
 .UNSPECIFIED. ) ;
#2706 = CYLINDRICAL_SURFACE ( 'NONE', #173, 0.03921214513997691581 ) ;
#2707 = LINE ( 'NONE', #3301, #3529 ) ;
#2708 = AXIS2_PLACEMENT_3D ( 'NONE', #2899, #8140, #7578 ) ;
#2709 = CARTESIAN_POINT ( 'NONE',  ( 0.000000000000000000, 0.1000000000000000056, 1.973589814606655946 ) ) ;
#2710 = VERTEX_POINT ( 'NONE', #7619 ) ;
#2711 = EDGE_CURVE ( 'NONE', #9, #1289, #7582, .T. ) ;
#2712 =( GEOMETRIC_REPRESENTATION_CONTEXT ( 3 ) GLOBAL_UNCERTAINTY_ASSIGNED_CONTEXT ( ( #7994 ) ) GLOBAL_UNIT_ASSIGNED_CONTEXT ( ( #4909, #2344, #895 ) ) REPRESENTATION_CONTEXT ( 'NONE', 'WORKASPACE' ) );
#2713 = ORIENTED_EDGE ( 'NONE', *, *, #1481, .T. ) ;
#2714 = EDGE_LOOP ( 'NONE', ( #526, #1769, #8145, #3651 ) ) ;
#2715 = EDGE_CURVE ( 'NONE', #6135, #2141, #3569, .T. ) ;
#2716 = AXIS2_PLACEMENT_3D ( 'NONE', #2110, #3937, #1449 ) ;
#2717 = DIRECTION ( 'NONE',  ( 8.807661782691089029E-15, -1.000000000000000000, 0.000000000000000000 ) ) ;
#2718 = EDGE_CURVE ( 'NONE', #2911, #1568, #7490, .T. ) ;
#2719 = CARTESIAN_POINT ( 'NONE',  ( 1.316710937842877627, 0.02122440663842934186, 1.645000000000000018 ) ) ;
#2720 = CIRCLE ( 'NONE', #4773, 0.1792121451399605880 ) ;
#2721 = ORIENTED_EDGE ( 'NONE', *, *, #6951, .F. ) ;
#2722 = DIRECTION ( 'NONE',  ( 0.9975640502598245307, 0.06975647374412038970, 0.000000000000000000 ) ) ;
#2723 = ORIENTED_EDGE ( 'NONE', *, *, #8016, .T. ) ;
#2724 = PLANE ( 'NONE',  #231 ) ;
#2725 = DIRECTION ( 'NONE',  ( 0.000000000000000000, 0.000000000000000000, 1.000000000000000000 ) ) ;
#2726 = CARTESIAN_POINT ( 'NONE',  ( 1.329212145139960777, 0.2000000000000000111, -1.645000000000000240 ) ) ;
#2727 = VECTOR ( 'NONE', #6632, 1000.000000000000000 ) ;
#2728 = AXIS2_PLACEMENT_3D ( 'NONE', #1129, #6973, #7604 ) ;
#2729 = CARTESIAN_POINT ( 'NONE',  ( 1.329212145139960777, 0.2000000000000000111, -1.645000000000000240 ) ) ;
#2730 = EDGE_CURVE ( 'NONE', #2825, #5520, #245, .T. ) ;
#2731 = DIRECTION ( 'NONE',  ( -0.000000000000000000, -0.000000000000000000, -1.000000000000000000 ) ) ;
#2732 = EDGE_LOOP ( 'NONE', ( #2680, #529, #1574, #1462 ) ) ;
#2733 = DIRECTION ( 'NONE',  ( -0.000000000000000000, -0.000000000000000000, -1.000000000000000000 ) ) ;
#2734 = EDGE_LOOP ( 'NONE', ( #4074, #897, #6176, #5427 ) ) ;
#2735 = DIRECTION ( 'NONE',  ( -0.000000000000000000, -1.000000000000000000, -0.000000000000000000 ) ) ;
#2736 = EDGE_CURVE ( 'NONE', #3499, #1386, #6172, .T. ) ;
#2737 = LINE ( 'NONE', #6858, #2583 ) ;
#2738 = DIRECTION ( 'NONE',  ( -0.06975647374412463630, -0.9975640502598243087, 0.000000000000000000 ) ) ;
#2739 = CARTESIAN_POINT ( 'NONE',  ( -0.8735898146066559677, 0.1619763866749804326, 2.047450396082572066 ) ) ;
#2740 = LINE ( 'NONE', #7874, #159 ) ;
#2741 = EDGE_LOOP ( 'NONE', ( #1560, #6889, #4884, #7830 ) ) ;
#2742 = ORIENTED_EDGE ( 'NONE', *, *, #1621, .T. ) ;
#2743 = CARTESIAN_POINT ( 'NONE',  ( -0.9999914734049463183, 0.4599516432764970686, -2.026130891929032618 ) ) ;
#2744 = ORIENTED_EDGE ( 'NONE', *, *, #3545, .F. ) ;
#2745 = VERTEX_POINT ( 'NONE', #2487 ) ;
#2746 = CYLINDRICAL_SURFACE ( 'NONE', #3997, 0.1499999999999999667 ) ;
#2747 = DIRECTION ( 'NONE',  ( 0.000000000000000000, 0.000000000000000000, 1.000000000000000000 ) ) ;
#2748 = EDGE_CURVE ( 'NONE', #7844, #1665, #5375, .T. ) ;
#2749 = EDGE_CURVE ( 'NONE', #4552, #3218, #7665, .T. ) ;
#2750 = DIRECTION ( 'NONE',  ( 1.000000000000000000, 0.000000000000000000, -0.000000000000000000 ) ) ;
#2751 = EDGE_LOOP ( 'NONE', ( #6253, #7151, #5245, #5370 ) ) ;
#2752 = ORIENTED_EDGE ( 'NONE', *, *, #1650, .T. ) ;
#2753 = LINE ( 'NONE', #18, #8198 ) ;
#2754 = EDGE_LOOP ( 'NONE', ( #7192, #1768, #2755, #5415 ) ) ;
#2755 = ORIENTED_EDGE ( 'NONE', *, *, #2554, .T. ) ;
#2756 = CARTESIAN_POINT ( 'NONE',  ( -0.9999914734049463183, 0.4599516432764970131, 2.026130891929031730 ) ) ;
#2757 = EDGE_CURVE ( 'NONE', #1286, #2617, #532, .T. ) ;
#2758 = DIRECTION ( 'NONE',  ( 0.000000000000000000, -0.000000000000000000, 1.000000000000000000 ) ) ;
#2759 = EDGE_CURVE ( 'NONE', #1945, #3706, #7116, .T. ) ;
#2760 = AXIS2_PLACEMENT_3D ( 'NONE', #5391, #6621, #5347 ) ;
#2761 = EDGE_CURVE ( 'NONE', #5216, #4766, #5843, .T. ) ;
#2762 = AXIS2_PLACEMENT_3D ( 'NONE', #8339, #5165, #7764 ) ;
#2763 = CARTESIAN_POINT ( 'NONE',  ( 1.326476844167053359, 0.1608833736747886656, -0.1450000000000001565 ) ) ;
#2764 = ADVANCED_FACE ( 'NONE', ( #3876 ), #783, .F. ) ;
#2765 = FILL_AREA_STYLE_COLOUR ( '', #3798 ) ;
#2766 = CARTESIAN_POINT ( 'NONE',  ( -1.289999999999983604, 0.4207878548600304525, 1.855000000000000204 ) ) ;
#2767 = DIRECTION ( 'NONE',  ( -1.000000000000000000, 0.000000000000000000, 0.000000000000000000 ) ) ;
#2768 = VECTOR ( 'NONE', #1538, 1000.000000000000114 ) ;
#2769 = ADVANCED_FACE ( 'NONE', ( #7342 ), #7389, .F. ) ;
#2770 = CARTESIAN_POINT ( 'NONE',  ( 1.329212145139960777, 0.2000000000000000111, -1.645000000000000240 ) ) ;
#2771 = VECTOR ( 'NONE', #5268, 1000.000000000000000 ) ;
#2772 = LINE ( 'NONE', #8052, #6890 ) ;
#2773 = LINE ( 'NONE', #744, #7641 ) ;
#2774 = VECTOR ( 'NONE', #8317, 1000.000000000000000 ) ;
#2775 = AXIS2_PLACEMENT_3D ( 'NONE', #2337, #4947, #1122 ) ;
#2776 = DIRECTION ( 'NONE',  ( -1.000000000000000000, 1.964242413918717925E-15, 0.000000000000000000 ) ) ;
#2777 = CARTESIAN_POINT ( 'NONE',  ( -1.289999999999983826, 0.4207878548600303970, -1.145000000000000240 ) ) ;
#2778 = FACE_OUTER_BOUND ( 'NONE', #6104, .T. ) ;
#2779 = DIRECTION ( 'NONE',  ( -0.000000000000000000, -0.000000000000000000, -1.000000000000000000 ) ) ;
#2780 = ORIENTED_EDGE ( 'NONE', *, *, #2248, .T. ) ;
#2781 = EDGE_CURVE ( 'NONE', #7134, #6824, #728, .T. ) ;
#2782 = ORIENTED_EDGE ( 'NONE', *, *, #3120, .F. ) ;
#2783 = DIRECTION ( 'NONE',  ( 0.000000000000000000, 0.000000000000000000, 1.000000000000000000 ) ) ;
#2784 = EDGE_LOOP ( 'NONE', ( #1972, #6908, #3592, #1517 ) ) ;
#2785 = ORIENTED_EDGE ( 'NONE', *, *, #6655, .F. ) ;
#2786 = CARTESIAN_POINT ( 'NONE',  ( -0.9999999999999995559, 0.4600000000000072919, -2.100000000000000089 ) ) ;
#2787 = FACE_OUTER_BOUND ( 'NONE', #6706, .T. ) ;
#2788 = DIRECTION ( 'NONE',  ( 0.000000000000000000, -1.000000000000000000, -0.000000000000000000 ) ) ;
#2789 = MECHANICAL_DESIGN_GEOMETRIC_PRESENTATION_REPRESENTATION (  '', ( #5134 ), #6220 ) ;
#2790 = LINE ( 'NONE', #2671, #3250 ) ;
#2791 = ORIENTED_EDGE ( 'NONE', *, *, #4205, .F. ) ;
#2792 = DIRECTION ( 'NONE',  ( -0.000000000000000000, -0.000000000000000000, -1.000000000000000000 ) ) ;
#2793 = CARTESIAN_POINT ( 'NONE',  ( 1.110787854860023183, 0.4600000000000072919, -0.3550000000000000377 ) ) ;
#2794 = ORIENTED_EDGE ( 'NONE', *, *, #7408, .T. ) ;
#2795 = ORIENTED_EDGE ( 'NONE', *, *, #1706, .F. ) ;
#2796 = VERTEX_POINT ( 'NONE', #3478 ) ;
#2797 = EDGE_CURVE ( 'NONE', #2177, #1824, #7822, .T. ) ;
#2798 = VECTOR ( 'NONE', #4211, 1000.000000000000114 ) ;
#2799 = EDGE_LOOP ( 'NONE', ( #3045, #2288, #554, #5460 ) ) ;
#2800 = CARTESIAN_POINT ( 'NONE',  ( -0.9999999999999995559, 0.4600000000000072919, 2.025376985405695329 ) ) ;
#2801 = DIRECTION ( 'NONE',  ( 0.000000000000000000, 0.000000000000000000, 1.000000000000000000 ) ) ;
#2802 = ORIENTED_EDGE ( 'NONE', *, *, #92, .T. ) ;
#2803 = PRESENTATION_STYLE_ASSIGNMENT (( #5959 ) ) ;
#2804 = CARTESIAN_POINT ( 'NONE',  ( -1.620234093675824161, -2.139947889130694096E-16, 1.855000000000000204 ) ) ;
#2805 = VERTEX_POINT ( 'NONE', #8035 ) ;
#2806 = EDGE_CURVE ( 'NONE', #7297, #472, #1614, .T. ) ;
#2807 = EDGE_LOOP ( 'NONE', ( #6528, #3200, #3203, #7050 ) ) ;
#2809 = ADVANCED_FACE ( 'NONE', ( #6667 ), #145, .F. ) ;
#2808 = DIRECTION ( 'NONE',  ( -0.000000000000000000, -0.000000000000000000, -1.000000000000000000 ) ) ;
#2810 = CARTESIAN_POINT ( 'NONE',  ( -1.150000000000000133, 0.2000000000000000111, -0.6450000000000001288 ) ) ;
#2811 = FACE_OUTER_BOUND ( 'NONE', #54, .T. ) ;
#2812 = DIRECTION ( 'NONE',  ( 0.000000000000000000, 0.000000000000000000, 1.000000000000000000 ) ) ;
#2813 = LINE ( 'NONE', #4785, #1014 ) ;
#2814 = ORIENTED_EDGE ( 'NONE', *, *, #1967, .F. ) ;
#2815 = CARTESIAN_POINT ( 'NONE',  ( 1.289999999999983826, 0.1999999999999999833, 0.8549999999999998712 ) ) ;
#2817 = EDGE_CURVE ( 'NONE', #2606, #3608, #6072, .T. ) ;
#2816 = CARTESIAN_POINT ( 'NONE',  ( -1.289999999999983826, 0.1999999999999999833, -1.354999999999999982 ) ) ;
#2818 = EDGE_CURVE ( 'NONE', #4126, #3350, #6237, .T. ) ;
#2819 = DIRECTION ( 'NONE',  ( -1.964242413918717925E-15, -1.000000000000000000, 0.000000000000000000 ) ) ;
#2820 = CARTESIAN_POINT ( 'NONE',  ( 0.8858233710400034155, 0.1729484145906699522, -2.047556909279222292 ) ) ;
#2821 = DIRECTION ( 'NONE',  ( -0.000000000000000000, -0.000000000000000000, -1.000000000000000000 ) ) ;
#2822 = DIRECTION ( 'NONE',  ( -1.000000000000000000, 0.000000000000000000, -0.000000000000000000 ) ) ;
#2823 = ORIENTED_EDGE ( 'NONE', *, *, #4321, .T. ) ;
#2824 = ORIENTED_EDGE ( 'NONE', *, *, #5137, .T. ) ;
#2825 = VERTEX_POINT ( 'NONE', #2072 ) ;
#2826 = PLANE ( 'NONE',  #5345 ) ;
#2827 = DIRECTION ( 'NONE',  ( -0.000000000000000000, -0.000000000000000000, -1.000000000000000000 ) ) ;
#2828 = VERTEX_POINT ( 'NONE', #2835 ) ;
#2829 = DIRECTION ( 'NONE',  ( 0.000000000000000000, 0.000000000000000000, -1.000000000000000000 ) ) ;
#2830 = ORIENTED_EDGE ( 'NONE', *, *, #5690, .F. ) ;
#2831 = ORIENTED_EDGE ( 'NONE', *, *, #812, .F. ) ;
#2832 = VERTEX_POINT ( 'NONE', #1418 ) ;
#2833 = ORIENTED_EDGE ( 'NONE', *, *, #285, .F. ) ;
#2834 = VECTOR ( 'NONE', #8003, 1000.000000000000114 ) ;
#2835 = CARTESIAN_POINT ( 'NONE',  ( -0.5999999999999996447, 1.100000000000000089, -1.850000000000000089 ) ) ;
#2836 = AXIS2_PLACEMENT_3D ( 'NONE', #8115, #7381, #1498 ) ;
#2837 = FACE_OUTER_BOUND ( 'NONE', #6810, .T. ) ;
#2838 = CARTESIAN_POINT ( 'NONE',  ( 1.289999999999983604, 0.4207878548600304525, -0.6450000000000001288 ) ) ;
#2839 = STYLED_ITEM ( 'NONE', ( #8466 ), #7849 ) ;
#2840 = CARTESIAN_POINT ( 'NONE',  ( 1.316710937842878071, 0.02122440663842936268, -1.645000000000000240 ) ) ;
#2841 = CARTESIAN_POINT ( 'NONE',  ( 1.000000000000000444, 0.4600000000000072919, 2.100000000000000089 ) ) ;
#2842 = CARTESIAN_POINT ( 'NONE',  ( -1.289999999999983604, 0.4207878548600304525, -1.354999999999999982 ) ) ;
#2843 = DIRECTION ( 'NONE',  ( 1.000000000000000000, 0.000000000000000000, -0.000000000000000000 ) ) ;
#2844 = VERTEX_POINT ( 'NONE', #2678 ) ;
#2845 = CARTESIAN_POINT ( 'NONE',  ( -0.9249999999999998224, 0.5999999999999912070, 2.100000000000000089 ) ) ;
#2846 = AXIS2_PLACEMENT_3D ( 'NONE', #7378, #4107, #6701 ) ;
#2847 = CARTESIAN_POINT ( 'NONE',  ( 1.326476844167053137, 0.1608833736747886656, 0.8549999999999998712 ) ) ;
#2848 = CARTESIAN_POINT ( 'NONE',  ( 0.9250000000000009326, 0.4600000000000072919, 2.100000000000000089 ) ) ;
#2849 = EDGE_CURVE ( 'NONE', #2710, #3315, #103, .T. ) ;
#2850 = AXIS2_PLACEMENT_3D ( 'NONE', #4822, #7437, #1553 ) ;
#2851 = AXIS2_PLACEMENT_3D ( 'NONE', #2546, #549, #1812 ) ;
#2852 = ADVANCED_FACE ( 'NONE', ( #5956 ), #7996, .T. ) ;
#2853 = VECTOR ( 'NONE', #5564, 1000.000000000000000 ) ;
#2854 = ORIENTED_EDGE ( 'NONE', *, *, #8447, .T. ) ;
#2855 = VECTOR ( 'NONE', #2859, 1000.000000000000000 ) ;
#2856 = DIRECTION ( 'NONE',  ( 9.821212069593589627E-16, 1.000000000000000000, 0.000000000000000000 ) ) ;
#2857 = DIRECTION ( 'NONE',  ( -0.000000000000000000, -0.000000000000000000, -1.000000000000000000 ) ) ;
#2858 = ORIENTED_EDGE ( 'NONE', *, *, #2565, .T. ) ;
#2859 = DIRECTION ( 'NONE',  ( -0.9975640502598243087, 0.06975647374412463630, -0.000000000000000000 ) ) ;
#2860 = VECTOR ( 'NONE', #5523, 1000.000000000000000 ) ;
#2861 = AXIS2_PLACEMENT_3D ( 'NONE', #7406, #6651, #5975 ) ;
#2862 = PLANE ( 'NONE',  #7113 ) ;
#2863 = CARTESIAN_POINT ( 'NONE',  ( 0.9188766864283693936, 0.1413643236975531403, -2.041214128597719668 ) ) ;
#2864 = EDGE_CURVE ( 'NONE', #1017, #6070, #3952, .T. ) ;
#2865 = ADVANCED_FACE ( 'NONE', ( #7259 ), #6582, .F. ) ;
#2866 = EDGE_CURVE ( 'NONE', #634, #1479, #4116, .T. ) ;
#2867 = DIRECTION ( 'NONE',  ( -0.000000000000000000, -0.000000000000000000, -1.000000000000000000 ) ) ;
#2868 = ORIENTED_EDGE ( 'NONE', *, *, #5141, .F. ) ;
#2869 = ORIENTED_EDGE ( 'NONE', *, *, #2307, .F. ) ;
#2870 = DIRECTION ( 'NONE',  ( -0.000000000000000000, -0.000000000000000000, -1.000000000000000000 ) ) ;
#2871 = ORIENTED_EDGE ( 'NONE', *, *, #1579, .F. ) ;
#2872 = LINE ( 'NONE', #2197, #5459 ) ;
#2873 = CARTESIAN_POINT ( 'NONE',  ( -0.5999999999999996447, 1.050000000000000044, -1.550000000000000266 ) ) ;
#2874 = ORIENTED_EDGE ( 'NONE', *, *, #3763, .T. ) ;
#2875 = ORIENTED_EDGE ( 'NONE', *, *, #1152, .T. ) ;
#2876 = ORIENTED_EDGE ( 'NONE', *, *, #5866, .T. ) ;
#2877 = DIRECTION ( 'NONE',  ( -0.000000000000000000, -0.000000000000000000, -1.000000000000000000 ) ) ;
#2878 = CARTESIAN_POINT ( 'NONE',  ( 1.110787854860023183, 0.4600000000000072919, 0.8549999999999998712 ) ) ;
#2879 = DIRECTION ( 'NONE',  ( 0.000000000000000000, 0.000000000000000000, 1.000000000000000000 ) ) ;
#2880 = CARTESIAN_POINT ( 'NONE',  ( -0.5999999999999996447, 1.050000000000000044, -1.850000000000000089 ) ) ;
#2881 = LINE ( 'NONE', #2838, #7354 ) ;
#2882 = CARTESIAN_POINT ( 'NONE',  ( 1.000000000000000000, 0.4600000000000065148, 0.3549999999999999267 ) ) ;
#2883 = EDGE_CURVE ( 'NONE', #559, #7233, #6107, .T. ) ;
#2884 = DIRECTION ( 'NONE',  ( -0.000000000000000000, -0.000000000000000000, -1.000000000000000000 ) ) ;
#2885 = PLANE ( 'NONE',  #4605 ) ;
#2886 = ORIENTED_EDGE ( 'NONE', *, *, #7120, .F. ) ;
#2887 = VERTEX_POINT ( 'NONE', #771 ) ;
#2888 = CARTESIAN_POINT ( 'NONE',  ( 1.329212145139960777, 0.2000000000000000111, -0.1450000000000001565 ) ) ;
#2889 = CARTESIAN_POINT ( 'NONE',  ( 1.150000000000000133, 0.4207878548600303970, -1.855000000000000204 ) ) ;
#2890 = CIRCLE ( 'NONE', #1942, 0.03921214513997691581 ) ;
#2891 = CARTESIAN_POINT ( 'NONE',  ( 1.000000000000000444, 0.5999999999999912070, -2.025000000000000355 ) ) ;
#2892 = LINE ( 'NONE', #5482, #329 ) ;
#2893 = LINE ( 'NONE', #6852, #2109 ) ;
#2894 = ORIENTED_EDGE ( 'NONE', *, *, #7528, .F. ) ;
#2895 = CARTESIAN_POINT ( 'NONE',  ( 0.8134474851898075842, 1.226084099411240080, 1.913447485189807562 ) ) ;
#2896 = CARTESIAN_POINT ( 'NONE',  ( 1.289999999999983826, 0.2000000000000000111, 1.645000000000000018 ) ) ;
#2897 = ORIENTED_EDGE ( 'NONE', *, *, #5125, .F. ) ;
#2898 = AXIS2_PLACEMENT_3D ( 'NONE', #502, #3883, #3124 ) ;
#2899 = CARTESIAN_POINT ( 'NONE',  ( 1.329212145139960777, 0.2000000000000000111, -1.145000000000000240 ) ) ;
#2900 = VECTOR ( 'NONE', #3702, 1000.000000000000114 ) ;
#2901 = ADVANCED_FACE ( 'NONE', ( #1340 ), #5304, .T. ) ;
#2902 = CARTESIAN_POINT ( 'NONE',  ( -1.329212145139960777, 0.2000000000000000111, 1.145000000000000018 ) ) ;
#2903 = DIRECTION ( 'NONE',  ( 0.06975647374411923785, 0.9975640502598246417, -0.000000000000000000 ) ) ;
#2904 = PRESENTATION_LAYER_ASSIGNMENT (  '', '', ( #1817 ) ) ;
#2905 = LINE ( 'NONE', #6815, #2494 ) ;
#2906 = VECTOR ( 'NONE', #7660, 1000.000000000000000 ) ;
#2907 = ORIENTED_EDGE ( 'NONE', *, *, #1919, .T. ) ;
#2908 = DIRECTION ( 'NONE',  ( 0.9975640502598246417, 0.06975647374411922397, -0.000000000000000000 ) ) ;
#2909 = EDGE_LOOP ( 'NONE', ( #6959, #3469, #4561, #2619 ) ) ;
#2910 = FACE_OUTER_BOUND ( 'NONE', #3927, .T. ) ;
#2911 = VERTEX_POINT ( 'NONE', #6030 ) ;
#2912 = VECTOR ( 'NONE', #6055, 1000.000000000000000 ) ;
#2913 = EDGE_CURVE ( 'NONE', #5426, #3607, #7916, .T. ) ;
#2914 = CARTESIAN_POINT ( 'NONE',  ( 1.110787854860023183, 0.5999999999999907629, 0.6449999999999999067 ) ) ;
#2915 = CARTESIAN_POINT ( 'NONE',  ( 1.149999999999999911, 0.4207878548600304525, -1.855000000000000204 ) ) ;
#2916 = ORIENTED_EDGE ( 'NONE', *, *, #8016, .F. ) ;
#2917 = AXIS2_PLACEMENT_3D ( 'NONE', #4429, #1036, #6283 ) ;
#2918 = DIRECTION ( 'NONE',  ( 0.9975640502598245307, 0.06975647374412038970, 0.000000000000000000 ) ) ;
#2919 = ORIENTED_EDGE ( 'NONE', *, *, #6655, .T. ) ;
#2920 = ORIENTED_EDGE ( 'NONE', *, *, #6760, .T. ) ;
#2921 = ORIENTED_EDGE ( 'NONE', *, *, #6862, .F. ) ;
#2922 = ORIENTED_EDGE ( 'NONE', *, *, #4273, .T. ) ;
#2923 = EDGE_CURVE ( 'NONE', #8223, #5209, #4212, .T. ) ;
#2924 = UNCERTAINTY_MEASURE_WITH_UNIT (LENGTH_MEASURE( 1.000000000000000082E-05 ), #5352, 'distance_accuracy_value', 'NONE');
#2925 = CIRCLE ( 'NONE', #2249, 0.03921214513997691581 ) ;
#2926 = EDGE_CURVE ( 'NONE', #5209, #2039, #6146, .T. ) ;
#2927 = CARTESIAN_POINT ( 'NONE',  ( -1.316710937842878071, 0.02122440663842936268, 1.855000000000000204 ) ) ;
#2928 = CARTESIAN_POINT ( 'NONE',  ( -0.8735898146066560788, 0.1625956094184517198, 2.047556909279222737 ) ) ;
#2929 = LINE ( 'NONE', #8165, #4142 ) ;
#2930 = DIRECTION ( 'NONE',  ( 0.1710878697460327114, 0.9702875252478150303, -0.1710878697460327114 ) ) ;
#2931 = CARTESIAN_POINT ( 'NONE',  ( -0.9999999999999995559, 0.5999999999999912070, -2.025000000000000355 ) ) ;
#2932 = LINE ( 'NONE', #1039, #693 ) ;
#2933 = AXIS2_PLACEMENT_3D ( 'NONE', #2729, #6041, #3280 ) ;
#2934 = LINE ( 'NONE', #1088, #130 ) ;
#2935 = PRESENTATION_STYLE_ASSIGNMENT (( #5475 ) ) ;
#2936 = PLANE ( 'NONE',  #6535 ) ;
#2937 = VERTEX_POINT ( 'NONE', #8163 ) ;
#2938 = DIRECTION ( 'NONE',  ( -1.964242413918717925E-15, -1.000000000000000000, 0.000000000000000000 ) ) ;
#2939 = LINE ( 'NONE', #8226, #4678 ) ;
#2940 = CARTESIAN_POINT ( 'NONE',  ( 0.9999914734049480947, 0.6000483567234959903, -2.026130891929032618 ) ) ;
#2941 = DIRECTION ( 'NONE',  ( -0.000000000000000000, 0.000000000000000000, 1.000000000000000000 ) ) ;
#2942 = CARTESIAN_POINT ( 'NONE',  ( -0.9999999999999995559, 0.4207878548600303970, -0.6450000000000001288 ) ) ;
#2943 = CARTESIAN_POINT ( 'NONE',  ( -1.150000000000000133, 0.2000000000000000111, -1.855000000000000204 ) ) ;
#2944 = ORIENTED_EDGE ( 'NONE', *, *, #3382, .T. ) ;
#2945 = DIRECTION ( 'NONE',  ( 0.000000000000000000, 0.000000000000000000, 1.000000000000000000 ) ) ;
#2946 = DIRECTION ( 'NONE',  ( 1.000000000000000000, 0.000000000000000000, -0.000000000000000000 ) ) ;
#2947 = DIRECTION ( 'NONE',  ( 0.000000000000000000, 0.000000000000000000, 1.000000000000000000 ) ) ;
#2948 = ORIENTED_EDGE ( 'NONE', *, *, #5349, .F. ) ;
#2949 = DIRECTION ( 'NONE',  ( -0.000000000000000000, -0.000000000000000000, -1.000000000000000000 ) ) ;
#2950 = DIRECTION ( 'NONE',  ( 0.06975647374412365098, 0.9975640502598244197, -0.000000000000000000 ) ) ;
#2951 = ORIENTED_EDGE ( 'NONE', *, *, #5581, .F. ) ;
#2952 = CARTESIAN_POINT ( 'NONE',  ( -1.329212145139960777, 0.2000000000000000111, -1.145000000000000240 ) ) ;
#2953 = ORIENTED_EDGE ( 'NONE', *, *, #200, .F. ) ;
#2954 = CARTESIAN_POINT ( 'NONE',  ( 1.620234093675824161, -1.485875369962032561E-15, 1.855000000000000204 ) ) ;
#2955 = DIRECTION ( 'NONE',  ( -0.000000000000000000, -0.000000000000000000, -1.000000000000000000 ) ) ;
#2956 = VERTEX_POINT ( 'NONE', #308 ) ;
#2957 = B_SPLINE_CURVE_WITH_KNOTS ( 'NONE', 3,
 ( #6549, #1918, #4523, #1960 ),
 .UNSPECIFIED., .F., .F.,
 ( 4, 4 ),
 ( 0.000000000000000000, 1.000000000000000000 ),
 .UNSPECIFIED. ) ;
#2958 = DIRECTION ( 'NONE',  ( -0.000000000000000000, -0.000000000000000000, -1.000000000000000000 ) ) ;
#2959 = ADVANCED_FACE ( 'NONE', ( #3014 ), #4158, .F. ) ;
#2960 = AXIS2_PLACEMENT_3D ( 'NONE', #7522, #2304, #1642 ) ;
#2961 = ORIENTED_EDGE ( 'NONE', *, *, #7258, .T. ) ;
#2962 = ADVANCED_FACE ( 'NONE', ( #6965 ), #4332, .F. ) ;
#2963 = CARTESIAN_POINT ( 'NONE',  ( -1.329212145139960777, 0.2000000000000000111, -0.3550000000000000377 ) ) ;
#2964 = LINE ( 'NONE', #6919, #2768 ) ;
#2965 = ORIENTED_EDGE ( 'NONE', *, *, #3079, .T. ) ;
#2966 = ORIENTED_EDGE ( 'NONE', *, *, #8238, .F. ) ;
#2967 = VERTEX_POINT ( 'NONE', #6924 ) ;
#2968 = ORIENTED_EDGE ( 'NONE', *, *, #3958, .F. ) ;
#2969 = CARTESIAN_POINT ( 'NONE',  ( -1.110787854860023183, 0.4207878548600303970, 1.354999999999999760 ) ) ;
#2970 = LINE ( 'NONE', #5604, #291 ) ;
#2971 = DIRECTION ( 'NONE',  ( 0.9975640502598243087, -0.06975647374412363710, -0.000000000000000000 ) ) ;
#2972 = CARTESIAN_POINT ( 'NONE',  ( 1.150000000000000133, 0.2000000000000000111, 0.8549999999999998712 ) ) ;
#2973 = EDGE_CURVE ( 'NONE', #4238, #4181, #1034, .T. ) ;
#2974 = DIRECTION ( 'NONE',  ( -1.000000000000000000, -0.000000000000000000, 0.000000000000000000 ) ) ;
#2975 = EDGE_CURVE ( 'NONE', #7075, #3734, #5510, .T. ) ;
#2976 = VERTEX_POINT ( 'NONE', #265 ) ;
#2977 = FACE_OUTER_BOUND ( 'NONE', #4789, .T. ) ;
#2978 = VERTEX_POINT ( 'NONE', #3655 ) ;
#2979 = CARTESIAN_POINT ( 'NONE',  ( -0.9999999999999995559, 0.5999999999999912070, -0.8550000000000002043 ) ) ;
#2980 = AXIS2_PLACEMENT_3D ( 'NONE', #273, #7901, #4645 ) ;
#2981 = EDGE_CURVE ( 'NONE', #1432, #4932, #7598, .T. ) ;
#2982 = DIRECTION ( 'NONE',  ( 0.000000000000000000, 1.000000000000000000, 0.000000000000000000 ) ) ;
#2983 = AXIS2_PLACEMENT_3D ( 'NONE', #8316, #1957, #4565 ) ;
#2984 = LINE ( 'NONE', #825, #5120 ) ;
#2985 = FACE_OUTER_BOUND ( 'NONE', #7108, .T. ) ;
#2986 = CARTESIAN_POINT ( 'NONE',  ( 1.110787854860023183, 0.4600000000000072919, -1.645000000000000240 ) ) ;
#2987 = CARTESIAN_POINT ( 'NONE',  ( -1.326476844167053359, 0.1608833736747886656, 1.644999999999999796 ) ) ;
#2988 = VERTEX_POINT ( 'NONE', #6190 ) ;
#2989 = AXIS2_PLACEMENT_3D ( 'NONE', #146, #2203, #2758 ) ;
#2990 = LINE ( 'NONE', #2268, #3988 ) ;
#2991 = CARTESIAN_POINT ( 'NONE',  ( 1.110787854860023183, 0.4600000000000072919, -1.645000000000000240 ) ) ;
#2992 = PLANE ( 'NONE',  #1351 ) ;
#2993 = DIRECTION ( 'NONE',  ( 1.000000000000000000, 0.000000000000000000, 0.000000000000000000 ) ) ;
#2994 = VECTOR ( 'NONE', #3306, 1000.000000000000000 ) ;
#2995 = CARTESIAN_POINT ( 'NONE',  ( -1.629999999999999671, 0.1396589670363589109, -0.8550000000000002043 ) ) ;
#2996 = DIRECTION ( 'NONE',  ( 0.000000000000000000, 0.000000000000000000, 1.000000000000000000 ) ) ;
#2997 = ORIENTED_EDGE ( 'NONE', *, *, #5762, .F. ) ;
#2998 = VECTOR ( 'NONE', #4240, 1000.000000000000000 ) ;
#2999 = DIRECTION ( 'NONE',  ( -1.000000000000000000, 0.000000000000000000, 0.000000000000000000 ) ) ;
#3000 = ORIENTED_EDGE ( 'NONE', *, *, #3068, .T. ) ;
#3001 = LINE ( 'NONE', #5588, #8343 ) ;
#3002 = AXIS2_PLACEMENT_3D ( 'NONE', #1359, #4224, #5536 ) ;
#3003 = ORIENTED_EDGE ( 'NONE', *, *, #700, .F. ) ;
#3004 = LINE ( 'NONE', #5592, #6193 ) ;
#3005 = FILL_AREA_STYLE_COLOUR ( '', #6194 ) ;
#3006 = ORIENTED_EDGE ( 'NONE', *, *, #5711, .T. ) ;
#3007 = DIRECTION ( 'NONE',  ( -0.06975647374412463630, -0.9975640502598243087, 0.000000000000000000 ) ) ;
#3008 = DIRECTION ( 'NONE',  ( -0.000000000000000000, -1.000000000000000000, 0.000000000000000000 ) ) ;
#3009 = ORIENTED_EDGE ( 'NONE', *, *, #4792, .T. ) ;
#3010 = ORIENTED_EDGE ( 'NONE', *, *, #1138, .T. ) ;
#3011 = ORIENTED_EDGE ( 'NONE', *, *, #861, .T. ) ;
#3012 = EDGE_CURVE ( 'NONE', #3195, #3401, #6280, .T. ) ;
#3013 = EDGE_CURVE ( 'NONE', #6202, #5298, #7785, .T. ) ;
#3014 = FACE_OUTER_BOUND ( 'NONE', #4372, .T. ) ;
#3015 = DIRECTION ( 'NONE',  ( -1.000000000000000000, 0.000000000000000000, -0.000000000000000000 ) ) ;
#3016 = PLANE ( 'NONE',  #7575 ) ;
#3017 = DIRECTION ( 'NONE',  ( -0.000000000000000000, -0.000000000000000000, -1.000000000000000000 ) ) ;
#3018 = LINE ( 'NONE', #8262, #5339 ) ;
#3019 = DIRECTION ( 'NONE',  ( -1.000000000000000000, 0.000000000000000000, 0.000000000000000000 ) ) ;
#3020 = PLANE ( 'NONE',  #6677 ) ;
#3021 = ORIENTED_EDGE ( 'NONE', *, *, #4383, .T. ) ;
#3022 = PRODUCT_CONTEXT ( 'NONE', #2427, 'mechanical' ) ;
#3023 = LINE ( 'NONE', #4344, #5444 ) ;
#3024 = ADVANCED_FACE ( 'NONE', ( #4900 ), #431, .T. ) ;
#3025 = DIRECTION ( 'NONE',  ( -1.000000000000000000, 0.000000000000000000, 0.000000000000000000 ) ) ;
#3026 = ADVANCED_FACE ( 'NONE', ( #349 ), #4816, .T. ) ;
#3027 = LINE ( 'NONE', #4394, #8403 ) ;
#3028 = CARTESIAN_POINT ( 'NONE',  ( 1.289999999999983604, 0.4207878548600305080, -0.6450000000000001288 ) ) ;
#3029 = ORIENTED_EDGE ( 'NONE', *, *, #4756, .F. ) ;
#3030 = CARTESIAN_POINT ( 'NONE',  ( 1.316710937842877627, 0.02122440663842934186, -1.354999999999999982 ) ) ;
#3031 = PLANE ( 'NONE',  #7427 ) ;
#3032 = ORIENTED_EDGE ( 'NONE', *, *, #6522, .T. ) ;
#3033 = DIRECTION ( 'NONE',  ( 0.000000000000000000, 0.000000000000000000, -1.000000000000000000 ) ) ;
#3034 = LINE ( 'NONE', #2485, #6481 ) ;
#3035 = EDGE_CURVE ( 'NONE', #7984, #533, #5062, .T. ) ;
#3036 = VECTOR ( 'NONE', #1879, 999.9999999999998863 ) ;
#3037 = DIRECTION ( 'NONE',  ( -1.000000000000000000, 0.000000000000000000, 0.000000000000000000 ) ) ;
#3038 = ORIENTED_EDGE ( 'NONE', *, *, #6097, .F. ) ;
#3039 = SURFACE_SIDE_STYLE ('',( #467 ) ) ;
#3040 = CARTESIAN_POINT ( 'NONE',  ( -1.326476844167053359, 0.1608833736747886378, 1.855000000000000204 ) ) ;
#3041 = VECTOR ( 'NONE', #4630, 1000.000000000000000 ) ;
#3042 = CARTESIAN_POINT ( 'NONE',  ( -0.9228711319800371182, 1.033307012864740804, -1.960088549354864096 ) ) ;
#3043 = SURFACE_SIDE_STYLE ('',( #4818 ) ) ;
#3044 = CIRCLE ( 'NONE', #7832, 0.1792121451399605880 ) ;
#3045 = ORIENTED_EDGE ( 'NONE', *, *, #1967, .T. ) ;
#3046 = FACE_OUTER_BOUND ( 'NONE', #3792, .T. ) ;
#3047 = VECTOR ( 'NONE', #2423, 1000.000000000000000 ) ;
#3048 = ORIENTED_EDGE ( 'NONE', *, *, #7220, .F. ) ;
#3049 = VECTOR ( 'NONE', #3158, 1000.000000000000000 ) ;
#3050 = ORIENTED_EDGE ( 'NONE', *, *, #336, .T. ) ;
#3051 = ORIENTED_EDGE ( 'NONE', *, *, #5051, .F. ) ;
#3052 = DIRECTION ( 'NONE',  ( -0.000000000000000000, -0.000000000000000000, -1.000000000000000000 ) ) ;
#3053 = CARTESIAN_POINT ( 'NONE',  ( -0.8735898146066555237, 0.1000000000000000056, 1.973589814606655501 ) ) ;
#3054 = CIRCLE ( 'NONE', #6083, 0.1792121451399605880 ) ;
#3055 = DIRECTION ( 'NONE',  ( 0.000000000000000000, 0.000000000000000000, -1.000000000000000000 ) ) ;
#3056 = CARTESIAN_POINT ( 'NONE',  ( 1.620234093675824161, -1.485875369962032561E-15, -1.145000000000000240 ) ) ;
#3057 = CARTESIAN_POINT ( 'NONE',  ( -1.329212145139960777, 0.2000000000000000111, -1.354999999999999982 ) ) ;
#3058 = ORIENTED_EDGE ( 'NONE', *, *, #4511, .T. ) ;
#3059 = DIRECTION ( 'NONE',  ( 0.000000000000000000, 0.000000000000000000, -1.000000000000000000 ) ) ;
#3060 = DIRECTION ( 'NONE',  ( -1.964242413918717925E-15, -1.000000000000000000, 0.000000000000000000 ) ) ;
#3061 = ORIENTED_EDGE ( 'NONE', *, *, #6912, .T. ) ;
#3062 = CYLINDRICAL_SURFACE ( 'NONE', #5254, 0.1792121451399605880 ) ;
#3063 = CARTESIAN_POINT ( 'NONE',  ( -1.289999999999983604, 0.4207878548600304525, -1.645000000000000240 ) ) ;
#3064 = FACE_OUTER_BOUND ( 'NONE', #4108, .T. ) ;
#3065 = CARTESIAN_POINT ( 'NONE',  ( -1.289999999999983604, 0.4207878548600303970, 1.354999999999999760 ) ) ;
#3066 = DIRECTION ( 'NONE',  ( -1.964242413918717925E-15, 1.000000000000000000, 0.000000000000000000 ) ) ;
#3067 = VECTOR ( 'NONE', #6164, 1000.000000000000000 ) ;
#3068 = EDGE_CURVE ( 'NONE', #6320, #3156, #4194, .T. ) ;
#3069 = ORIENTED_EDGE ( 'NONE', *, *, #297, .T. ) ;
#3070 = EDGE_CURVE ( 'NONE', #3552, #5520, #1612, .T. ) ;
#3071 = DIRECTION ( 'NONE',  ( -0.1710878697460323783, -0.9702875252478150303, -0.1710878697460323783 ) ) ;
#3072 = CARTESIAN_POINT ( 'NONE',  ( -0.9249999999999996003, 6.851881339845204089, 2.100000000000000089 ) ) ;
#3073 = VERTEX_POINT ( 'NONE', #988 ) ;
#3074 = CARTESIAN_POINT ( 'NONE',  ( -0.9999999999999995559, 6.851881339845204089, 2.100000000000000089 ) ) ;
#3075 = LINE ( 'NONE', #5709, #2774 ) ;
#3076 = DIRECTION ( 'NONE',  ( -0.9975640502598243087, 0.06975647374412463630, -0.000000000000000000 ) ) ;
#3077 = ORIENTED_EDGE ( 'NONE', *, *, #3441, .T. ) ;
#3078 = ADVANCED_FACE ( 'NONE', ( #3610 ), #6238, .T. ) ;
#3079 = EDGE_CURVE ( 'NONE', #2956, #4643, #7683, .T. ) ;
#3080 = CARTESIAN_POINT ( 'NONE',  ( 1.316710937842878071, 0.02122440663842936268, 1.855000000000000204 ) ) ;
#3081 = ORIENTED_EDGE ( 'NONE', *, *, #5328, .T. ) ;
#3082 = FILL_AREA_STYLE_COLOUR ( '', #1074 ) ;
#3083 = LINE ( 'NONE', #5850, #5377 ) ;
#3084 = CARTESIAN_POINT ( 'NONE',  ( -0.9165283512985350489, 1.033307012864741026, -1.998438563245935162 ) ) ;
#3085 = ORIENTED_EDGE ( 'NONE', *, *, #1152, .F. ) ;
#3086 = CARTESIAN_POINT ( 'NONE',  ( -1.110787854860023183, 0.4600000000000071254, 1.855000000000000204 ) ) ;
#3087 = DIRECTION ( 'NONE',  ( -0.000000000000000000, -0.000000000000000000, -1.000000000000000000 ) ) ;
#3088 = DIRECTION ( 'NONE',  ( -1.000000000000000000, 0.000000000000000000, 0.000000000000000000 ) ) ;
#3089 = ORIENTED_EDGE ( 'NONE', *, *, #8122, .F. ) ;
#3090 = EDGE_LOOP ( 'NONE', ( #7869, #5159, #2575, #7879, #7726, #3846, #7947, #2780, #6818, #6962, #7894, #5373 ) ) ;
#3091 = ORIENTED_EDGE ( 'NONE', *, *, #7060, .F. ) ;
#3092 = CARTESIAN_POINT ( 'NONE',  ( 1.110787854860023183, 0.4600000000000072919, -0.8550000000000000933 ) ) ;
#3093 = LINE ( 'NONE', #3612, #7985 ) ;
#3094 = LINE ( 'NONE', #1168, #5189 ) ;
#3095 = DIRECTION ( 'NONE',  ( -0.000000000000000000, -0.000000000000000000, -1.000000000000000000 ) ) ;
#3096 = CARTESIAN_POINT ( 'NONE',  ( 1.149999999999999911, 0.4207878548600304525, -0.1450000000000001565 ) ) ;
#3097 = ORIENTED_EDGE ( 'NONE', *, *, #7421, .T. ) ;
#3098 = FACE_OUTER_BOUND ( 'NONE', #1223, .T. ) ;
#3099 = CARTESIAN_POINT ( 'NONE',  ( 1.289999999999983826, 0.2000000000000000111, -0.6450000000000001288 ) ) ;
#3100 = ORIENTED_EDGE ( 'NONE', *, *, #250, .T. ) ;
#3101 = CARTESIAN_POINT ( 'NONE',  ( -1.289999999999983826, 0.2000000000000000111, 0.3549999999999999267 ) ) ;
#3102 = FACE_OUTER_BOUND ( 'NONE', #2368, .T. ) ;
#3103 = DIRECTION ( 'NONE',  ( -0.06975647374411941826, 0.9975640502598246417, 0.000000000000000000 ) ) ;
#3104 = EDGE_LOOP ( 'NONE', ( #6014, #7486, #3418 ) ) ;
#3105 = CIRCLE ( 'NONE', #5869, 0.1792121451399605880 ) ;
#3106 = FACE_OUTER_BOUND ( 'NONE', #884, .T. ) ;
#3107 = DIRECTION ( 'NONE',  ( -1.000000000000000000, 0.000000000000000000, 0.000000000000000000 ) ) ;
#3108 = VERTEX_POINT ( 'NONE', #8377 ) ;
#3109 = DIRECTION ( 'NONE',  ( -0.000000000000000000, 1.000000000000000000, 0.000000000000000000 ) ) ;
#3110 = FACE_OUTER_BOUND ( 'NONE', #5612, .T. ) ;
#3111 = EDGE_CURVE ( 'NONE', #2691, #5044, #2720, .T. ) ;
#3112 = EDGE_CURVE ( 'NONE', #1441, #4774, #6403, .T. ) ;
#3113 = AXIS2_PLACEMENT_3D ( 'NONE', #7693, #7644, #3059 ) ;
#3114 = DIRECTION ( 'NONE',  ( 0.000000000000000000, 0.000000000000000000, 1.000000000000000000 ) ) ;
#3115 = ORIENTED_EDGE ( 'NONE', *, *, #4733, .F. ) ;
#3116 = DIRECTION ( 'NONE',  ( 0.9975640502598243087, -0.06975647374412363710, -0.000000000000000000 ) ) ;
#3117 = DIRECTION ( 'NONE',  ( -0.000000000000000000, -0.000000000000000000, -1.000000000000000000 ) ) ;
#3118 = CIRCLE ( 'NONE', #1469, 0.03921214513997670070 ) ;
#3119 = ADVANCED_FACE ( 'NONE', ( #2581 ), #7129, .T. ) ;
#3120 = EDGE_CURVE ( 'NONE', #8304, #5852, #5124, .T. ) ;
#3121 = CIRCLE ( 'NONE', #1209, 0.1792121451399605880 ) ;
#3122 = DIRECTION ( 'NONE',  ( -9.786290869656726145E-16, -1.000000000000000000, 0.000000000000000000 ) ) ;
#3123 = EDGE_CURVE ( 'NONE', #1452, #1746, #7089, .T. ) ;
#3124 = DIRECTION ( 'NONE',  ( -1.000000000000000000, 0.000000000000000000, 0.000000000000000000 ) ) ;
#3125 = AXIS2_PLACEMENT_3D ( 'NONE', #7466, #5643, #8123 ) ;
#3126 = DIRECTION ( 'NONE',  ( -0.06975647374411922397, 0.9975640502598246417, 0.000000000000000000 ) ) ;
#3127 = PLANE ( 'NONE',  #718 ) ;
#3128 =( LENGTH_UNIT ( ) NAMED_UNIT ( * ) SI_UNIT ( .MILLI., .METRE. ) );
#3129 = CIRCLE ( 'NONE', #792, 0.03921214513997691581 ) ;
#3130 = EDGE_LOOP ( 'NONE', ( #4583, #3631, #757, #3912 ) ) ;
#3131 = ORIENTED_EDGE ( 'NONE', *, *, #440, .T. ) ;
#3132 = EDGE_LOOP ( 'NONE', ( #2626, #7743, #5053, #8069 ) ) ;
#3133 = EDGE_CURVE ( 'NONE', #7300, #280, #5726, .T. ) ;
#3134 = CARTESIAN_POINT ( 'NONE',  ( 0.9283013959751097444, 0.4852847967374483429, 2.028301395975109500 ) ) ;
#3135 = CARTESIAN_POINT ( 'NONE',  ( -1.620234093675824161, -2.168404344971008868E-16, 0.3549999999999999267 ) ) ;
#3136 = DIRECTION ( 'NONE',  ( -1.000000000000000000, 0.000000000000000000, 0.000000000000000000 ) ) ;
#3137 = FACE_OUTER_BOUND ( 'NONE', #6066, .T. ) ;
#3138 = CARTESIAN_POINT ( 'NONE',  ( -1.629999999999999671, 0.1396589670363588831, 0.3549999999999999267 ) ) ;
#3139 = ORIENTED_EDGE ( 'NONE', *, *, #4171, .T. ) ;
#3140 = LINE ( 'NONE', #2635, #3177 ) ;
#3141 = CARTESIAN_POINT ( 'NONE',  ( 1.110787854860023183, 0.5999999999999913181, 0.8549999999999998712 ) ) ;
#3142 = DIRECTION ( 'NONE',  ( -1.000000000000000000, 0.000000000000000000, 0.000000000000000000 ) ) ;
#3143 = CARTESIAN_POINT ( 'NONE',  ( 0.9228711319800380064, 1.027051585409328283, 1.961137593740816865 ) ) ;
#3144 = EDGE_CURVE ( 'NONE', #4397, #4188, #390, .T. ) ;
#3145 = ORIENTED_EDGE ( 'NONE', *, *, #5773, .T. ) ;
#3146 = LINE ( 'NONE', #7817, #4978 ) ;
#3147 = CARTESIAN_POINT ( 'NONE',  ( 1.110787854860023183, 0.4600000000000072919, -0.6450000000000001288 ) ) ;
#3148 = ORIENTED_EDGE ( 'NONE', *, *, #1287, .T. ) ;
#3149 = CARTESIAN_POINT ( 'NONE',  ( 1.000000000000000000, 0.4600000000000065148, -1.145000000000000240 ) ) ;
#3150 = DIRECTION ( 'NONE',  ( -0.9975640502598246417, -0.06975647374411941826, 0.000000000000000000 ) ) ;
#3151 = B_SPLINE_CURVE_WITH_KNOTS ( 'NONE', 3,
 ( #2891, #904, #1472, #2940 ),
 .UNSPECIFIED., .F., .F.,
 ( 4, 4 ),
 ( 0.000000000000000000, 1.000000000000000000 ),
 .UNSPECIFIED. ) ;
#3152 = CARTESIAN_POINT ( 'NONE',  ( 1.629999999999999671, 0.1396589670363575786, 1.145000000000000018 ) ) ;
#3153 = ORIENTED_EDGE ( 'NONE', *, *, #2131, .T. ) ;
#3154 = ORIENTED_EDGE ( 'NONE', *, *, #853, .F. ) ;
#3155 = EDGE_CURVE ( 'NONE', #6581, #1455, #8419, .T. ) ;
#3156 = VERTEX_POINT ( 'NONE', #5210 ) ;
#3157 = CARTESIAN_POINT ( 'NONE',  ( 1.629999999999999671, 0.1396589670363576063, -0.1450000000000001565 ) ) ;
#3158 = DIRECTION ( 'NONE',  ( -0.000000000000000000, -1.000000000000000000, -0.000000000000000000 ) ) ;
#3159 = CARTESIAN_POINT ( 'NONE',  ( -1.289999999999983826, 0.4207878548600303970, -0.6450000000000001288 ) ) ;
#3160 = AXIS2_PLACEMENT_3D ( 'NONE', #4227, #372, #4362 ) ;
#3161 = CYLINDRICAL_SURFACE ( 'NONE', #1801, 0.07499999999999998335 ) ;
#3162 = AXIS2_PLACEMENT_3D ( 'NONE', #4610, #7919, #5971 ) ;
#3163 = VERTEX_POINT ( 'NONE', #475 ) ;
#3164 = CARTESIAN_POINT ( 'NONE',  ( 1.110787854860023183, 0.5999999999999903189, 0.6449999999999999067 ) ) ;
#3165 = EDGE_CURVE ( 'NONE', #8106, #2377, #1895, .T. ) ;
#3166 = VERTEX_POINT ( 'NONE', #1247 ) ;
#3167 = ADVANCED_FACE ( 'NONE', ( #1855 ), #511, .T. ) ;
#3168 = ORIENTED_EDGE ( 'NONE', *, *, #5146, .T. ) ;
#3169 = ORIENTED_EDGE ( 'NONE', *, *, #3778, .T. ) ;
#3170 = VECTOR ( 'NONE', #665, 1000.000000000000000 ) ;
#3171 = VECTOR ( 'NONE', #3765, 1000.000000000000114 ) ;
#3172 = VECTOR ( 'NONE', #95, 1000.000000000000000 ) ;
#3173 = LINE ( 'NONE', #5817, #8208 ) ;
#3174 = AXIS2_PLACEMENT_3D ( 'NONE', #3274, #26, #1993 ) ;
#3175 = LINE ( 'NONE', #5818, #3844 ) ;
#3176 = FACE_OUTER_BOUND ( 'NONE', #5260, .T. ) ;
#3177 = VECTOR ( 'NONE', #1787, 1000.000000000000000 ) ;
#3178 = AXIS2_PLACEMENT_3D ( 'NONE', #4968, #281, #872 ) ;
#3179 = DIRECTION ( 'NONE',  ( -0.000000000000000000, -0.000000000000000000, -1.000000000000000000 ) ) ;
#3180 = ORIENTED_EDGE ( 'NONE', *, *, #3596, .F. ) ;
#3181 = ADVANCED_FACE ( 'NONE', ( #7731 ), #3855, .T. ) ;
#3182 = CARTESIAN_POINT ( 'NONE',  ( 0.8134474851898075842, 1.226084099411240080, -1.913447485189807562 ) ) ;
#3183 = DIRECTION ( 'NONE',  ( 0.000000000000000000, 1.000000000000000000, 0.000000000000000000 ) ) ;
#3184 = EDGE_CURVE ( 'NONE', #6774, #2446, #6489, .T. ) ;
#3185 = ORIENTED_EDGE ( 'NONE', *, *, #3545, .T. ) ;
#3186 = EDGE_CURVE ( 'NONE', #6824, #789, #3173, .T. ) ;
#3187 = VECTOR ( 'NONE', #8213, 1000.000000000000000 ) ;
#3188 = FACE_OUTER_BOUND ( 'NONE', #8336, .T. ) ;
#3189 = CARTESIAN_POINT ( 'NONE',  ( 1.000000000000000000, 0.5999999999999903189, -0.3550000000000000377 ) ) ;
#3190 = DIRECTION ( 'NONE',  ( -0.9975640502598246417, -0.06975647374411941826, 0.000000000000000000 ) ) ;
#3191 = EDGE_LOOP ( 'NONE', ( #7680, #2868, #7476 ) ) ;
#3192 = VECTOR ( 'NONE', #2139, 1000.000000000000000 ) ;
#3193 = CARTESIAN_POINT ( 'NONE',  ( -1.110787854860023183, 0.5999999999999912070, -0.1450000000000001565 ) ) ;
#3194 = DIRECTION ( 'NONE',  ( -0.000000000000000000, -0.000000000000000000, -1.000000000000000000 ) ) ;
#3195 = VERTEX_POINT ( 'NONE', #7803 ) ;
#3196 =( BOUNDED_SURFACE ( )  B_SPLINE_SURFACE ( 3, 3, ( 
 ( #456, #2405, #3758, #7530 ),
 ( #4261, #5747, #8360, #5011 ),
 ( #2483, #2355, #4217, #414 ),
 ( #325, #6901, #1009, #7615 ) ),
 .UNSPECIFIED., .F., .F., .F. ) 
 B_SPLINE_SURFACE_WITH_KNOTS ( ( 4, 4 ),
 ( 4, 4 ),
 ( 0.000000000000000000, 1.000000000000000000 ),
 ( 0.000000000000000000, 1.000000000000000000 ),
 .UNSPECIFIED. ) 
 GEOMETRIC_REPRESENTATION_ITEM ( )  RATIONAL_B_SPLINE_SURFACE ( (
 ( 1.000000000000000000, 0.8422301520436450417, 0.8422301520436450417, 1.000000000000000000),
 ( 0.8422301520436447086, 0.7093516290114612044, 0.7093516290114612044, 0.8422301520436447086),
 ( 0.8422301520436447086, 0.7093516290114612044, 0.7093516290114612044, 0.8422301520436447086),
 ( 1.000000000000000000, 0.8422301520436450417, 0.8422301520436450417, 1.000000000000000000) ) ) 
 REPRESENTATION_ITEM ( '' )  SURFACE ( )  );
#3197 = CARTESIAN_POINT ( 'NONE',  ( -1.110787854860023183, 0.4600000000000072919, -0.3550000000000000377 ) ) ;
#3198 = FACE_OUTER_BOUND ( 'NONE', #1899, .T. ) ;
#3199 = VECTOR ( 'NONE', #155, 1000.000000000000000 ) ;
#3200 = ORIENTED_EDGE ( 'NONE', *, *, #5926, .F. ) ;
#3201 = VERTEX_POINT ( 'NONE', #3213 ) ;
#3202 = VECTOR ( 'NONE', #3528, 999.9999999999998863 ) ;
#3203 = ORIENTED_EDGE ( 'NONE', *, *, #3123, .F. ) ;
#3204 = CARTESIAN_POINT ( 'NONE',  ( 1.150000000000000133, 0.2000000000000000111, -1.145000000000000240 ) ) ;
#3205 = CARTESIAN_POINT ( 'NONE',  ( -0.5999999999999996447, 1.100000000000000089, -1.700000000000000178 ) ) ;
#3206 = FACE_OUTER_BOUND ( 'NONE', #679, .T. ) ;
#3207 = DIRECTION ( 'NONE',  ( -3.540705920434613265E-31, 1.224646799147353207E-16, -1.000000000000000000 ) ) ;
#3208 = CARTESIAN_POINT ( 'NONE',  ( 0.9999914734049480947, 0.6000483567234959903, -2.026130891929032618 ) ) ;
#3209 = EDGE_LOOP ( 'NONE', ( #5416, #8452, #2874, #3338 ) ) ;
#3210 = VERTEX_POINT ( 'NONE', #3893 ) ;
#3211 = ORIENTED_EDGE ( 'NONE', *, *, #7791, .T. ) ;
#3212 = ORIENTED_EDGE ( 'NONE', *, *, #7360, .F. ) ;
#3213 = CARTESIAN_POINT ( 'NONE',  ( -1.289999999999983826, 0.4207878548600303970, -1.145000000000000240 ) ) ;
#3214 = ADVANCED_FACE ( 'NONE', ( #1935 ), #4543, .T. ) ;
#3215 = EDGE_CURVE ( 'NONE', #8040, #8190, #5689, .T. ) ;
#3216 = CARTESIAN_POINT ( 'NONE',  ( 1.000000000000000000, 0.4600000000000070144, -0.3550000000000000377 ) ) ;
#3217 = CARTESIAN_POINT ( 'NONE',  ( 1.110787854860023183, 0.4207878548600303970, -0.1450000000000001565 ) ) ;
#3218 = VERTEX_POINT ( 'NONE', #5337 ) ;
#3219 = DIRECTION ( 'NONE',  ( 1.000000000000000000, 0.000000000000000000, 0.000000000000000000 ) ) ;
#3220 = ORIENTED_EDGE ( 'NONE', *, *, #2360, .F. ) ;
#3221 = DIRECTION ( 'NONE',  ( -0.000000000000000000, -0.000000000000000000, -1.000000000000000000 ) ) ;
#3222 = CARTESIAN_POINT ( 'NONE',  ( -1.629999999999999671, 0.1396589670363589109, 1.644999999999999796 ) ) ;
#3223 = ORIENTED_EDGE ( 'NONE', *, *, #5527, .T. ) ;
#3224 = DIRECTION ( 'NONE',  ( -1.000000000000000000, 2.891205793294679017E-15, 0.000000000000000000 ) ) ;
#3225 = EDGE_CURVE ( 'NONE', #2558, #8364, #3686, .T. ) ;
#3226 = ADVANCED_FACE ( 'NONE', ( #8027 ), #57, .F. ) ;
#3227 = ADVANCED_FACE ( 'NONE', ( #2787 ), #135, .F. ) ;
#3228 = CIRCLE ( 'NONE', #8034, 0.03921214513997670070 ) ;
#3229 = ORIENTED_EDGE ( 'NONE', *, *, #2608, .F. ) ;
#3230 = CARTESIAN_POINT ( 'NONE',  ( 1.000000000000000000, 0.4600000000000065148, 1.855000000000000204 ) ) ;
#3231 = DIRECTION ( 'NONE',  ( 9.821212069593589627E-16, 1.000000000000000000, 0.000000000000000000 ) ) ;
#3232 = ORIENTED_EDGE ( 'NONE', *, *, #147, .F. ) ;
#3233 = LINE ( 'NONE', #8479, #5187 ) ;
#3234 = CYLINDRICAL_SURFACE ( 'NONE', #5303, 0.1792121451399605880 ) ;
#3235 = CARTESIAN_POINT ( 'NONE',  ( 1.629999999999999671, 0.1396589670363576063, -1.145000000000000240 ) ) ;
#3236 = VECTOR ( 'NONE', #7736, 1000.000000000000000 ) ;
#3237 =( BOUNDED_SURFACE ( )  B_SPLINE_SURFACE ( 3, 3, ( 
 ( #3053, #1035, #7007, #5644 ),
 ( #1632, #3557, #6324, #1581 ),
 ( #1680, #4242, #7599, #8257 ),
 ( #2928, #309, #6148, #1728 ) ),
 .UNSPECIFIED., .F., .F., .F. ) 
 B_SPLINE_SURFACE_WITH_KNOTS ( ( 4, 4 ),
 ( 4, 4 ),
 ( 0.000000000000000000, 1.000000000000000000 ),
 ( 0.000000000000000000, 1.000000000000000000 ),
 .UNSPECIFIED. ) 
 GEOMETRIC_REPRESENTATION_ITEM ( )  RATIONAL_B_SPLINE_SURFACE ( (
 ( 1.000000000000000000, 0.8422301520436509259, 0.8422301520436509259, 1.000000000000000000),
 ( 0.8422301520436442646, 0.7093516290114657563, 0.7093516290114657563, 0.8422301520436442646),
 ( 0.8422301520436442646, 0.7093516290114657563, 0.7093516290114657563, 0.8422301520436442646),
 ( 1.000000000000000000, 0.8422301520436509259, 0.8422301520436509259, 1.000000000000000000) ) ) 
 REPRESENTATION_ITEM ( '' )  SURFACE ( )  );
#3238 = ORIENTED_EDGE ( 'NONE', *, *, #4792, .F. ) ;
#3239 = ORIENTED_EDGE ( 'NONE', *, *, #1387, .F. ) ;
#3240 = ORIENTED_EDGE ( 'NONE', *, *, #4964, .F. ) ;
#3241 = CARTESIAN_POINT ( 'NONE',  ( 1.000000000000000000, 0.5999999999999903189, 0.3549999999999999267 ) ) ;
#3242 = VECTOR ( 'NONE', #4066, 1000.000000000000000 ) ;
#3243 = LINE ( 'NONE', #6240, #1832 ) ;
#3244 = DIRECTION ( 'NONE',  ( -1.000000000000000000, -2.891205793294679017E-15, 0.000000000000000000 ) ) ;
#3245 = CIRCLE ( 'NONE', #8191, 0.1792121451399605880 ) ;
#3246 = CARTESIAN_POINT ( 'NONE',  ( -0.9999971578016485507, 0.4599838810921713095, -2.025753949382039565 ) ) ;
#3247 = ORIENTED_EDGE ( 'NONE', *, *, #8062, .F. ) ;
#3248 = ADVANCED_FACE ( 'NONE', ( #3973 ), #2061, .F. ) ;
#3249 = ORIENTED_EDGE ( 'NONE', *, *, #5620, .T. ) ;
#3250 = VECTOR ( 'NONE', #8073, 1000.000000000000000 ) ;
#3251 = ORIENTED_EDGE ( 'NONE', *, *, #2981, .F. ) ;
#3252 = ORIENTED_EDGE ( 'NONE', *, *, #5436, .T. ) ;
#3253 = VECTOR ( 'NONE', #4341, 1000.000000000000000 ) ;
#3254 = LINE ( 'NONE', #2020, #7157 ) ;
#3255 = PLANE ( 'NONE',  #4928 ) ;
#3256 = CIRCLE ( 'NONE', #8065, 0.03921214513997670070 ) ;
#3257 = FACE_OUTER_BOUND ( 'NONE', #6567, .T. ) ;
#3258 = CARTESIAN_POINT ( 'NONE',  ( 1.316710937842877627, 0.02122440663842930716, 1.855000000000000204 ) ) ;
#3259 = VECTOR ( 'NONE', #2974, 1000.000000000000000 ) ;
#3260 = STYLED_ITEM ( 'NONE', ( #4411 ), #7862 ) ;
#3261 = CARTESIAN_POINT ( 'NONE',  ( -1.110787854860023183, 0.4207878548600303970, -0.8550000000000000933 ) ) ;
#3262 = LINE ( 'NONE', #1821, #4930 ) ;
#3263 = VERTEX_POINT ( 'NONE', #2021 ) ;
#3264 = DIRECTION ( 'NONE',  ( 0.06975647374412040358, -0.9975640502598246417, 0.000000000000000000 ) ) ;
#3265 = LINE ( 'NONE', #3786, #4187 ) ;
#3266 = EDGE_CURVE ( 'NONE', #8184, #609, #93, .T. ) ;
#3267 = ORIENTED_EDGE ( 'NONE', *, *, #5292, .F. ) ;
#3268 = AXIS2_PLACEMENT_3D ( 'NONE', #3320, #3407, #5403 ) ;
#3269 = VECTOR ( 'NONE', #4433, 999.9999999999998863 ) ;
#3270 = CARTESIAN_POINT ( 'NONE',  ( 1.110787854860023183, 0.4600000000000072919, 0.1449999999999999345 ) ) ;
#3271 = VERTEX_POINT ( 'NONE', #5376 ) ;
#3272 = AXIS2_PLACEMENT_3D ( 'NONE', #8301, #3613, #1683 ) ;
#3273 = ORIENTED_EDGE ( 'NONE', *, *, #6446, .F. ) ;
#3274 = CARTESIAN_POINT ( 'NONE',  ( 1.110787854860023183, 0.4207878548600303970, 0.8549999999999998712 ) ) ;
#3276 = EDGE_CURVE ( 'NONE', #2629, #5613, #5980, .T. ) ;
#3275 = DIRECTION ( 'NONE',  ( -1.000000000000000000, -0.000000000000000000, 0.000000000000000000 ) ) ;
#3277 = LINE ( 'NONE', #71, #7475 ) ;
#3278 = EDGE_CURVE ( 'NONE', #871, #7829, #2707, .T. ) ;
#3279 = CARTESIAN_POINT ( 'NONE',  ( -1.329212145139960777, 0.2000000000000000111, -0.1450000000000001565 ) ) ;
#3280 = DIRECTION ( 'NONE',  ( -1.000000000000000000, 0.000000000000000000, 0.000000000000000000 ) ) ;
#3281 = ADVANCED_FACE ( 'NONE', ( #7981 ), #5419, .T. ) ;
#3282 = PLANE ( 'NONE',  #7586 ) ;
#3283 = ORIENTED_EDGE ( 'NONE', *, *, #2360, .T. ) ;
#3284 = ORIENTED_EDGE ( 'NONE', *, *, #5283, .F. ) ;
#3285 = DIRECTION ( 'NONE',  ( -0.1710878697460326836, -0.9702875252478151413, -0.1710878697460319620 ) ) ;
#3286 = VERTEX_POINT ( 'NONE', #4666 ) ;
#3288 = EDGE_CURVE ( 'NONE', #3308, #7929, #8389, .T. ) ;
#3287 = FACE_OUTER_BOUND ( 'NONE', #6552, .T. ) ;
#3289 = EDGE_CURVE ( 'NONE', #6920, #5003, #2108, .T. ) ;
#3290 = CARTESIAN_POINT ( 'NONE',  ( -0.8489040373074708823, 1.025000000000000133, -1.948904037307471748 ) ) ;
#3291 = LINE ( 'NONE', #6686, #7995 ) ;
#3292 = CARTESIAN_POINT ( 'NONE',  ( -1.110787854860023183, 0.5999999999999912070, -0.6450000000000001288 ) ) ;
#3293 = DIRECTION ( 'NONE',  ( -1.000000000000000000, 0.000000000000000000, 0.000000000000000000 ) ) ;
#3294 = ORIENTED_EDGE ( 'NONE', *, *, #2926, .T. ) ;
#3295 = CARTESIAN_POINT ( 'NONE',  ( -1.110787854860023183, 0.4600000000000071809, 1.645000000000000018 ) ) ;
#3296 = ORIENTED_EDGE ( 'NONE', *, *, #2027, .T. ) ;
#3297 = VERTEX_POINT ( 'NONE', #6699 ) ;
#3298 = EDGE_LOOP ( 'NONE', ( #508, #4534, #811, #8413 ) ) ;
#3299 = CARTESIAN_POINT ( 'NONE',  ( 0.8735898146066567449, 0.1749999999999999334, -1.973589814606656390 ) ) ;
#3300 = AXIS2_PLACEMENT_3D ( 'NONE', #5413, #3966, #2101 ) ;
#3301 = CARTESIAN_POINT ( 'NONE',  ( 1.000000000000000000, 0.4600000000000065148, -1.145000000000000240 ) ) ;
#3302 = CARTESIAN_POINT ( 'NONE',  ( -1.150000000000000133, 0.1999999999999998168, -0.3550000000000000377 ) ) ;
#3303 = AXIS2_PLACEMENT_3D ( 'NONE', #4889, #2958, #4987 ) ;
#3304 = CARTESIAN_POINT ( 'NONE',  ( 1.329212145139960777, 0.2000000000000000111, -0.3550000000000000377 ) ) ;
#3305 = ORIENTED_EDGE ( 'NONE', *, *, #7955, .F. ) ;
#3306 = DIRECTION ( 'NONE',  ( 0.000000000000000000, 0.000000000000000000, 1.000000000000000000 ) ) ;
#3307 = ORIENTED_EDGE ( 'NONE', *, *, #3811, .T. ) ;
#3308 = VERTEX_POINT ( 'NONE', #1981 ) ;
#3309 = DIRECTION ( 'NONE',  ( 0.000000000000000000, 0.000000000000000000, 1.000000000000000000 ) ) ;
#3310 = VECTOR ( 'NONE', #6378, 1000.000000000000114 ) ;
#3311 = CIRCLE ( 'NONE', #1395, 0.1792121451399605880 ) ;
#3312 = CARTESIAN_POINT ( 'NONE',  ( -1.316710937842878071, 0.02122440663842924818, 1.644999999999999796 ) ) ;
#3313 = DIRECTION ( 'NONE',  ( 0.000000000000000000, 0.000000000000000000, 1.000000000000000000 ) ) ;
#3314 = AXIS2_PLACEMENT_3D ( 'NONE', #8314, #7661, #4399 ) ;
#3315 = VERTEX_POINT ( 'NONE', #3386 ) ;
#3316 = CARTESIAN_POINT ( 'NONE',  ( 0.9999914734049480947, 0.6000483567234959903, 2.026130891929032618 ) ) ;
#3317 = VERTEX_POINT ( 'NONE', #6017 ) ;
#3318 = DIRECTION ( 'NONE',  ( 1.000000000000000000, 0.000000000000000000, 0.000000000000000000 ) ) ;
#3319 = PRESENTATION_LAYER_ASSIGNMENT (  '', '', ( #7712 ) ) ;
#3320 = CARTESIAN_POINT ( 'NONE',  ( -1.289999999999983604, 0.4207878548600304525, 1.354999999999999760 ) ) ;
#3321 = CLOSED_SHELL ( 'NONE', ( #6112, #3991, #3388, #7314, #8422, #5555, #6734, #4624, #5919, #8318, #2024, #1217, #6536, #8017 ) ) ;
#3322 = EDGE_CURVE ( 'NONE', #4437, #6320, #3934, .T. ) ;
#3323 = VECTOR ( 'NONE', #6150, 1000.000000000000000 ) ;
#3324 = EDGE_CURVE ( 'NONE', #7518, #1423, #3256, .T. ) ;
#3325 = PRESENTATION_STYLE_ASSIGNMENT (( #116 ) ) ;
#3326 = ORIENTED_EDGE ( 'NONE', *, *, #7850, .T. ) ;
#3327 = ORIENTED_EDGE ( 'NONE', *, *, #3215, .T. ) ;
#3328 = FACE_OUTER_BOUND ( 'NONE', #4157, .T. ) ;
#3329 = VECTOR ( 'NONE', #6550, 1000.000000000000000 ) ;
#3330 = EDGE_CURVE ( 'NONE', #3351, #8435, #2149, .T. ) ;
#3331 = FACE_OUTER_BOUND ( 'NONE', #933, .T. ) ;
#3332 = DIRECTION ( 'NONE',  ( 0.000000000000000000, -0.1736481776669271671, -0.9848077530122086864 ) ) ;
#3333 = EDGE_CURVE ( 'NONE', #839, #7326, #5474, .T. ) ;
#3334 = DIRECTION ( 'NONE',  ( 0.000000000000000000, 0.000000000000000000, 1.000000000000000000 ) ) ;
#3335 = DIRECTION ( 'NONE',  ( -1.000000000000000000, 0.000000000000000000, 0.000000000000000000 ) ) ;
#3336 = AXIS2_PLACEMENT_3D ( 'NONE', #8392, #7025, #5175 ) ;
#3337 = ADVANCED_FACE ( 'NONE', ( #4105 ), #3255, .F. ) ;
#3338 = ORIENTED_EDGE ( 'NONE', *, *, #1139, .F. ) ;
#3339 = PLANE ( 'NONE',  #2861 ) ;
#3340 = ORIENTED_EDGE ( 'NONE', *, *, #5559, .F. ) ;
#3341 = EDGE_LOOP ( 'NONE', ( #5837, #4248, #6468, #1242 ) ) ;
#3342 = EDGE_CURVE ( 'NONE', #3210, #3861, #2370, .T. ) ;
#3343 = ORIENTED_EDGE ( 'NONE', *, *, #7006, .F. ) ;
#3344 = DIRECTION ( 'NONE',  ( 1.000000000000000000, -0.000000000000000000, 0.000000000000000000 ) ) ;
#3345 = DIRECTION ( 'NONE',  ( 1.000000000000000000, 0.000000000000000000, -0.000000000000000000 ) ) ;
#3346 = CARTESIAN_POINT ( 'NONE',  ( 1.289999999999983826, 0.2000000000000000111, 0.3549999999999999267 ) ) ;
#3347 = EDGE_LOOP ( 'NONE', ( #7209, #7940, #5300, #5861, #6232, #1235 ) ) ;
#3348 = ORIENTED_EDGE ( 'NONE', *, *, #5603, .F. ) ;
#3349 =( LENGTH_UNIT ( ) NAMED_UNIT ( * ) SI_UNIT ( .MILLI., .METRE. ) );
#3350 = VERTEX_POINT ( 'NONE', #974 ) ;
#3351 = VERTEX_POINT ( 'NONE', #6267 ) ;
#3352 = CARTESIAN_POINT ( 'NONE',  ( 1.620234093675824161, -1.485875369962032561E-15, -0.1450000000000001565 ) ) ;
#3353 = PLANE ( 'NONE',  #576 ) ;
#3354 = DIRECTION ( 'NONE',  ( 1.000000000000000000, 0.000000000000000000, 0.000000000000000000 ) ) ;
#3355 = EDGE_LOOP ( 'NONE', ( #4239, #577, #4832, #5000 ) ) ;
#3356 = ADVANCED_FACE ( 'NONE', ( #2235 ), #5497, .F. ) ;
#3357 = FILL_AREA_STYLE ('',( #732 ) ) ;
#3358 = CARTESIAN_POINT ( 'NONE',  ( 1.629999999999999671, 0.1396589670363576063, -1.145000000000000240 ) ) ;
#3359 = ORIENTED_EDGE ( 'NONE', *, *, #6321, .T. ) ;
#3360 = SURFACE_SIDE_STYLE ('',( #6630 ) ) ;
#3361 = LINE ( 'NONE', #2810, #4881 ) ;
#3362 = PLANE ( 'NONE',  #6841 ) ;
#3363 = CYLINDRICAL_SURFACE ( 'NONE', #2933, 0.1792121451399605880 ) ;
#3364 = FILL_AREA_STYLE ('',( #7273 ) ) ;
#3365 = VERTEX_POINT ( 'NONE', #378 ) ;
#3366 = LINE ( 'NONE', #4175, #1527 ) ;
#3367 = ORIENTED_EDGE ( 'NONE', *, *, #1023, .F. ) ;
#3368 = DIRECTION ( 'NONE',  ( 0.9975640502598243087, -0.06975647374412471957, 0.000000000000000000 ) ) ;
#3369 = DIRECTION ( 'NONE',  ( 0.000000000000000000, 0.000000000000000000, 1.000000000000000000 ) ) ;
#3370 = ADVANCED_FACE ( 'NONE', ( #5546 ), #2281, .F. ) ;
#3371 = ADVANCED_FACE ( 'NONE', ( #7590 ), #2826, .F. ) ;
#3372 = CARTESIAN_POINT ( 'NONE',  ( 1.620234093675824161, -1.496544593801257044E-15, 1.354999999999999760 ) ) ;
#3373 = DIRECTION ( 'NONE',  ( -0.000000000000000000, -0.000000000000000000, -1.000000000000000000 ) ) ;
#3374 = DIRECTION ( 'NONE',  ( -0.000000000000000000, -1.000000000000000000, 0.000000000000000000 ) ) ;
#3375 = ORIENTED_EDGE ( 'NONE', *, *, #7876, .T. ) ;
#3376 = FACE_OUTER_BOUND ( 'NONE', #7461, .T. ) ;
#3377 = EDGE_LOOP ( 'NONE', ( #2379, #60, #4173, #1603 ) ) ;
#3378 = LINE ( 'NONE', #4581, #8111 ) ;
#3379 = VECTOR ( 'NONE', #6496, 1000.000000000000000 ) ;
#3380 = DIRECTION ( 'NONE',  ( -0.000000000000000000, -0.000000000000000000, -1.000000000000000000 ) ) ;
#3381 = ORIENTED_EDGE ( 'NONE', *, *, #2410, .F. ) ;
#3382 = EDGE_CURVE ( 'NONE', #6709, #2048, #5461, .T. ) ;
#3383 = EDGE_CURVE ( 'NONE', #886, #4811, #737, .T. ) ;
#3384 = LINE ( 'NONE', #175, #4833 ) ;
#3385 = ADVANCED_FACE ( 'NONE', ( #2811 ), #3362, .F. ) ;
#3386 = CARTESIAN_POINT ( 'NONE',  ( -1.150000000000000133, 0.2000000000000000111, -1.145000000000000240 ) ) ;
#3387 = DIRECTION ( 'NONE',  ( -1.000000000000000000, 0.000000000000000000, 0.000000000000000000 ) ) ;
#3388 = ADVANCED_FACE ( 'NONE', ( #2128 ), #2046, .F. ) ;
#3389 = ORIENTED_EDGE ( 'NONE', *, *, #5911, .F. ) ;
#3390 = ORIENTED_EDGE ( 'NONE', *, *, #200, .T. ) ;
#3391 = AXIS2_PLACEMENT_3D ( 'NONE', #8037, #998, #6930 ) ;
#3392 = ORIENTED_EDGE ( 'NONE', *, *, #4331, .F. ) ;
#3393 = EDGE_CURVE ( 'NONE', #1652, #6585, #7626, .T. ) ;
#3394 = EDGE_LOOP ( 'NONE', ( #8442, #1105, #5777, #2433 ) ) ;
#3395 = AXIS2_PLACEMENT_3D ( 'NONE', #3814, #1849, #3887 ) ;
#3396 = CARTESIAN_POINT ( 'NONE',  ( -1.329212145139960777, 0.2000000000000000111, 0.8549999999999998712 ) ) ;
#3397 = VECTOR ( 'NONE', #2317, 999.9999999999998863 ) ;
#3398 = DIRECTION ( 'NONE',  ( -1.000000000000000000, 0.000000000000000000, 0.000000000000000000 ) ) ;
#3399 = DIRECTION ( 'NONE',  ( -0.000000000000000000, 1.000000000000000000, 0.000000000000000000 ) ) ;
#3400 = AXIS2_PLACEMENT_3D ( 'NONE', #4459, #1203, #3821 ) ;
#3401 = VERTEX_POINT ( 'NONE', #5996 ) ;
#3402 = FILL_AREA_STYLE_COLOUR ( '', #43 ) ;
#3403 = VECTOR ( 'NONE', #5810, 1000.000000000000000 ) ;
#3404 = LINE ( 'NONE', #5353, #8453 ) ;
#3405 = ORIENTED_EDGE ( 'NONE', *, *, #7320, .F. ) ;
#3406 = DIRECTION ( 'NONE',  ( 1.000000000000000000, 0.000000000000000000, -0.000000000000000000 ) ) ;
#3407 = DIRECTION ( 'NONE',  ( 1.000000000000000000, -9.821212069593589627E-16, 0.000000000000000000 ) ) ;
#3408 = EDGE_CURVE ( 'NONE', #8315, #5506, #154, .T. ) ;
#3409 = CARTESIAN_POINT ( 'NONE',  ( 1.110787854860023183, 0.4600000000000072919, 1.354999999999999760 ) ) ;
#3410 = AXIS2_PLACEMENT_3D ( 'NONE', #4843, #3546, #4229 ) ;
#3411 = FACE_OUTER_BOUND ( 'NONE', #535, .T. ) ;
#3412 = CARTESIAN_POINT ( 'NONE',  ( 1.000000000000000000, 0.5999999999999903189, 0.8549999999999998712 ) ) ;
#3413 = CARTESIAN_POINT ( 'NONE',  ( -1.149999999999999911, 0.4207878548600304525, 1.145000000000000018 ) ) ;
#3414 = DIRECTION ( 'NONE',  ( 1.000000000000000000, 0.000000000000000000, -0.000000000000000000 ) ) ;
#3415 = DIRECTION ( 'NONE',  ( 1.000000000000000000, 8.807661782691089029E-15, 0.000000000000000000 ) ) ;
#3416 = PLANE ( 'NONE',  #5508 ) ;
#3417 = ADVANCED_FACE ( 'NONE', ( #7269 ), #692, .F. ) ;
#3418 = ORIENTED_EDGE ( 'NONE', *, *, #2659, .T. ) ;
#3419 = EDGE_LOOP ( 'NONE', ( #97, #2869, #6832, #926 ) ) ;
#3420 = ORIENTED_EDGE ( 'NONE', *, *, #5973, .F. ) ;
#3421 = ORIENTED_EDGE ( 'NONE', *, *, #299, .T. ) ;
#3422 = LINE ( 'NONE', #3972, #2912 ) ;
#3423 = DIRECTION ( 'NONE',  ( 0.000000000000000000, 0.000000000000000000, 1.000000000000000000 ) ) ;
#3424 = DIRECTION ( 'NONE',  ( -0.000000000000000000, -0.000000000000000000, -1.000000000000000000 ) ) ;
#3425 = ADVANCED_FACE ( 'NONE', ( #72 ), #6768, .F. ) ;
#3426 = EDGE_LOOP ( 'NONE', ( #3756, #6069, #7991, #768 ) ) ;
#3427 = EDGE_CURVE ( 'NONE', #4932, #3350, #2084, .T. ) ;
#3428 = CARTESIAN_POINT ( 'NONE',  ( -0.9999999999999995559, 0.4600000000000072919, -1.645000000000000240 ) ) ;
#3429 = DIRECTION ( 'NONE',  ( -0.06975647374411922397, 0.9975640502598246417, 0.000000000000000000 ) ) ;
#3430 = VERTEX_POINT ( 'NONE', #2847 ) ;
#3431 = ORIENTED_EDGE ( 'NONE', *, *, #898, .T. ) ;
#3432 = FILL_AREA_STYLE ('',( #4935 ) ) ;
#3433 = ORIENTED_EDGE ( 'NONE', *, *, #6031, .T. ) ;
#3434 = ORIENTED_EDGE ( 'NONE', *, *, #5690, .T. ) ;
#3435 = CARTESIAN_POINT ( 'NONE',  ( 0.9999914734049476506, 0.4599516432765027862, -2.026130891929032618 ) ) ;
#3436 = CARTESIAN_POINT ( 'NONE',  ( 0.9227646187833874469, 1.038023613325019578, 1.948904037307471748 ) ) ;
#3437 = CIRCLE ( 'NONE', #2074, 0.03921214513997691581 ) ;
#3438 = ADVANCED_FACE ( 'NONE', ( #4691 ), #1557, .T. ) ;
#3439 = VECTOR ( 'NONE', #2903, 1000.000000000000114 ) ;
#3440 = FACE_OUTER_BOUND ( 'NONE', #2258, .T. ) ;
#3441 = EDGE_CURVE ( 'NONE', #6606, #4810, #5480, .T. ) ;
#3442 = FACE_OUTER_BOUND ( 'NONE', #2618, .T. ) ;
#3443 = CARTESIAN_POINT ( 'NONE',  ( -1.110787854860023183, 0.5999999999999909850, -0.6450000000000001288 ) ) ;
#3444 = ORIENTED_EDGE ( 'NONE', *, *, #967, .F. ) ;
#3445 = EDGE_LOOP ( 'NONE', ( #2875, #2334, #1911, #3774, #67, #3038, #1304, #2919, #1630, #6064, #1276, #6910 ) ) ;
#3446 = DIRECTION ( 'NONE',  ( 1.000000000000000000, -9.821212069593589627E-16, 0.000000000000000000 ) ) ;
#3447 = CYLINDRICAL_SURFACE ( 'NONE', #1044, 0.1792121451399605880 ) ;
#3448 = PRESENTATION_LAYER_ASSIGNMENT (  '', '', ( #6469 ) ) ;
#3449 = CARTESIAN_POINT ( 'NONE',  ( -1.620234093675824161, -2.083034977450064059E-16, -0.6450000000000001288 ) ) ;
#3450 = VECTOR ( 'NONE', #2693, 1000.000000000000000 ) ;
#3451 = APPLICATION_CONTEXT ( 'automotive_design' ) ;
#3452 = DIRECTION ( 'NONE',  ( 1.000000000000000000, 8.807661782691089029E-15, 0.000000000000000000 ) ) ;
#3453 = LINE ( 'NONE', #8009, #3199 ) ;
#3454 = VECTOR ( 'NONE', #6249, 1000.000000000000000 ) ;
#3455 = CIRCLE ( 'NONE', #4269, 0.07499999999999998335 ) ;
#3456 = VECTOR ( 'NONE', #5023, 1000.000000000000000 ) ;
#3457 = CARTESIAN_POINT ( 'NONE',  ( -1.110787854860023183, 0.4207878548600303970, 1.145000000000000018 ) ) ;
#3458 = VERTEX_POINT ( 'NONE', #8089 ) ;
#3459 = CARTESIAN_POINT ( 'NONE',  ( -1.110787854860023183, 0.5999999999999912070, -1.145000000000000240 ) ) ;
#3460 = CLOSED_SHELL ( 'NONE', ( #4522, #3248, #7115, #7211 ) ) ;
#3461 = AXIS2_PLACEMENT_3D ( 'NONE', #939, #4725, #7343 ) ;
#3462 = FACE_OUTER_BOUND ( 'NONE', #4004, .T. ) ;
#3463 = LINE ( 'NONE', #44, #2496 ) ;
#3464 = LINE ( 'NONE', #6095, #2212 ) ;
#3465 = ORIENTED_EDGE ( 'NONE', *, *, #1977, .T. ) ;
#3466 = LINE ( 'NONE', #8066, #8221 ) ;
#3467 = ORIENTED_EDGE ( 'NONE', *, *, #5183, .T. ) ;
#3468 = ORIENTED_EDGE ( 'NONE', *, *, #3490, .F. ) ;
#3469 = ORIENTED_EDGE ( 'NONE', *, *, #1910, .T. ) ;
#3470 = LINE ( 'NONE', #215, #5178 ) ;
#3471 = EDGE_LOOP ( 'NONE', ( #5781, #7132, #7199, #6120 ) ) ;
#3472 = ORIENTED_EDGE ( 'NONE', *, *, #6434, .T. ) ;
#3473 = CARTESIAN_POINT ( 'NONE',  ( 1.620234093675824161, -1.485875369962032561E-15, -0.6450000000000001288 ) ) ;
#3474 = ORIENTED_EDGE ( 'NONE', *, *, #185, .T. ) ;
#3475 = VERTEX_POINT ( 'NONE', #2211 ) ;
#3476 = EDGE_CURVE ( 'NONE', #4886, #3401, #4364, .T. ) ;
#3477 = EDGE_CURVE ( 'NONE', #1665, #4555, #7905, .T. ) ;
#3478 = CARTESIAN_POINT ( 'NONE',  ( 1.629999999999999671, 0.1396589670363576063, -0.1450000000000001565 ) ) ;
#3479 = DIRECTION ( 'NONE',  ( -0.000000000000000000, -0.000000000000000000, -1.000000000000000000 ) ) ;
#3480 = DIRECTION ( 'NONE',  ( 0.000000000000000000, 0.1736481776669261123, -0.9848077530122089085 ) ) ;
#3481 = DIRECTION ( 'NONE',  ( -9.821212069593589627E-16, 1.000000000000000000, -0.000000000000000000 ) ) ;
#3482 = ADVANCED_FACE ( 'NONE', ( #6590 ), #780, .F. ) ;
#3483 = CARTESIAN_POINT ( 'NONE',  ( 1.316710937842877627, 0.02122440663842934186, 0.6449999999999999067 ) ) ;
#3484 = CARTESIAN_POINT ( 'NONE',  ( 1.110787854860023183, 0.4207878548600303970, 1.354999999999999760 ) ) ;
#3485 = EDGE_LOOP ( 'NONE', ( #6485, #4036, #6615, #5685 ) ) ;
#3486 = DIRECTION ( 'NONE',  ( -0.000000000000000000, -0.000000000000000000, -1.000000000000000000 ) ) ;
#3487 = ADVANCED_FACE ( 'NONE', ( #5963 ), #8006, .F. ) ;
#3488 = EDGE_CURVE ( 'NONE', #981, #2691, #4873, .T. ) ;
#3489 = DIRECTION ( 'NONE',  ( -0.000000000000000000, -0.000000000000000000, -1.000000000000000000 ) ) ;
#3490 = EDGE_CURVE ( 'NONE', #2039, #6133, #6335, .T. ) ;
#3491 = EDGE_CURVE ( 'NONE', #6542, #8025, #4635, .T. ) ;
#3492 = FACE_OUTER_BOUND ( 'NONE', #6184, .T. ) ;
#3493 = DIRECTION ( 'NONE',  ( 8.807661782691089029E-15, -1.000000000000000000, 0.000000000000000000 ) ) ;
#3494 = SURFACE_STYLE_USAGE ( .BOTH. , #785 ) ;
#3495 = DIRECTION ( 'NONE',  ( -1.000000000000000000, 0.000000000000000000, -0.000000000000000000 ) ) ;
#3496 = DIRECTION ( 'NONE',  ( -1.000000000000000000, 0.000000000000000000, -0.000000000000000000 ) ) ;
#3497 = DIRECTION ( 'NONE',  ( 0.000000000000000000, 1.000000000000000000, 0.000000000000000000 ) ) ;
#3498 = FACE_OUTER_BOUND ( 'NONE', #1870, .T. ) ;
#3499 = VERTEX_POINT ( 'NONE', #7566 ) ;
#3500 = PLANE ( 'NONE',  #5761 ) ;
#3501 = ORIENTED_EDGE ( 'NONE', *, *, #901, .F. ) ;
#3502 = VERTEX_POINT ( 'NONE', #3624 ) ;
#3503 = DIRECTION ( 'NONE',  ( -1.000000000000000000, 0.000000000000000000, 0.000000000000000000 ) ) ;
#3504 = EDGE_CURVE ( 'NONE', #7029, #96, #1592, .T. ) ;
#3505 = ORIENTED_EDGE ( 'NONE', *, *, #4064, .F. ) ;
#3506 = CARTESIAN_POINT ( 'NONE',  ( 1.150000000000000133, 0.2000000000000000111, 0.3549999999999999267 ) ) ;
#3507 = VECTOR ( 'NONE', #5518, 1000.000000000000000 ) ;
#3508 = ORIENTED_EDGE ( 'NONE', *, *, #1706, .T. ) ;
#3509 = ORIENTED_EDGE ( 'NONE', *, *, #5302, .T. ) ;
#3510 = ORIENTED_EDGE ( 'NONE', *, *, #2866, .F. ) ;
#3511 = ORIENTED_EDGE ( 'NONE', *, *, #8261, .T. ) ;
#3512 = UNCERTAINTY_MEASURE_WITH_UNIT (LENGTH_MEASURE( 1.000000000000000082E-05 ), #694, 'distance_accuracy_value', 'NONE');
#3513 = DIRECTION ( 'NONE',  ( -1.000000000000000000, 0.000000000000000000, 0.000000000000000000 ) ) ;
#3514 = CIRCLE ( 'NONE', #1058, 0.1499999999999999667 ) ;
#3515 = CARTESIAN_POINT ( 'NONE',  ( -1.316710937842878071, 0.02122440663842932104, 1.855000000000000204 ) ) ;
#3516 = CARTESIAN_POINT ( 'NONE',  ( -1.316710937842878071, 0.02122440663842936268, -1.145000000000000240 ) ) ;
#3517 = VECTOR ( 'NONE', #3619, 1000.000000000000000 ) ;
#3518 = EDGE_CURVE ( 'NONE', #1201, #7075, #4210, .T. ) ;
#3519 = LINE ( 'NONE', #6886, #5191 ) ;
#3520 = CARTESIAN_POINT ( 'NONE',  ( 1.000000000000000000, 0.4600000000000065703, -1.645000000000000018 ) ) ;
#3521 = ORIENTED_EDGE ( 'NONE', *, *, #3790, .T. ) ;
#3522 = PRESENTATION_STYLE_ASSIGNMENT (( #110 ) ) ;
#3523 = CARTESIAN_POINT ( 'NONE',  ( -0.9253769854056731470, 0.5999999999999912070, 2.100000000000000533 ) ) ;
#3524 = AXIS2_PLACEMENT_3D ( 'NONE', #6880, #397, #1583 ) ;
#3525 = CARTESIAN_POINT ( 'NONE',  ( -1.110787854860023183, 0.5999999999999912070, 0.8549999999999998712 ) ) ;
#3526 = VECTOR ( 'NONE', #8407, 1000.000000000000000 ) ;
#3527 = DIRECTION ( 'NONE',  ( -1.000000000000000000, 0.000000000000000000, 0.000000000000000000 ) ) ;
#3528 = DIRECTION ( 'NONE',  ( 0.06975647374411925172, -0.9975640502598247528, 0.000000000000000000 ) ) ;
#3529 = VECTOR ( 'NONE', #627, 1000.000000000000000 ) ;
#3530 = CARTESIAN_POINT ( 'NONE',  ( 1.150000000000000133, 0.1999999999999998168, 0.3549999999999999267 ) ) ;
#3531 = ORIENTED_EDGE ( 'NONE', *, *, #380, .T. ) ;
#3532 = EDGE_CURVE ( 'NONE', #8462, #2543, #7523, .T. ) ;
#3533 = CIRCLE ( 'NONE', #8353, 0.03921214513997670070 ) ;
#3534 = CARTESIAN_POINT ( 'NONE',  ( 1.000000000000000000, 0.4600000000000065148, -1.645000000000000240 ) ) ;
#3535 = ORIENTED_EDGE ( 'NONE', *, *, #6977, .F. ) ;
#3536 = EDGE_CURVE ( 'NONE', #7505, #5737, #6848, .T. ) ;
#3537 = CYLINDRICAL_SURFACE ( 'NONE', #2708, 0.03921214513997691581 ) ;
#3538 = VECTOR ( 'NONE', #3489, 1000.000000000000000 ) ;
#3539 = PRESENTATION_LAYER_ASSIGNMENT (  '', '', ( #7379 ) ) ;
#3540 = LINE ( 'NONE', #3065, #8351 ) ;
#3541 = CARTESIAN_POINT ( 'NONE',  ( -1.329212145139960777, 0.2000000000000000111, -1.145000000000000240 ) ) ;
#3542 = DIRECTION ( 'NONE',  ( -9.821212069593589627E-16, 1.000000000000000000, -0.000000000000000000 ) ) ;
#3543 = ORIENTED_EDGE ( 'NONE', *, *, #4938, .F. ) ;
#3544 = ADVANCED_FACE ( 'NONE', ( #3568 ), #5571, .T. ) ;
#3545 = EDGE_CURVE ( 'NONE', #6384, #2844, #3820, .T. ) ;
#3546 = DIRECTION ( 'NONE',  ( 0.000000000000000000, 0.000000000000000000, 1.000000000000000000 ) ) ;
#3547 = ORIENTED_EDGE ( 'NONE', *, *, #6636, .T. ) ;
#3548 = ORIENTED_EDGE ( 'NONE', *, *, #6863, .T. ) ;
#3549 = CARTESIAN_POINT ( 'NONE',  ( -0.8489040373074707713, 1.037404390581548208, -2.022871131980037873 ) ) ;
#3550 = ORIENTED_EDGE ( 'NONE', *, *, #5773, .F. ) ;
#3551 = CARTESIAN_POINT ( 'NONE',  ( -1.110787854860023183, 0.4600000000000070699, -0.1450000000000001565 ) ) ;
#3552 = VERTEX_POINT ( 'NONE', #1693 ) ;
#3553 = EDGE_LOOP ( 'NONE', ( #6726, #3434 ) ) ;
#3554 = ORIENTED_EDGE ( 'NONE', *, *, #3888, .F. ) ;
#3555 = EDGE_LOOP ( 'NONE', ( #109, #4316, #5501, #4498 ) ) ;
#3556 = CARTESIAN_POINT ( 'NONE',  ( 1.110787854860023183, 0.4207878548600303970, 0.3549999999999999267 ) ) ;
#3557 = CARTESIAN_POINT ( 'NONE',  ( -0.9119398284977257019, 0.09999999999999947820, 2.011939828497726346 ) ) ;
#3558 = DIRECTION ( 'NONE',  ( -1.000000000000000000, 0.000000000000000000, 0.000000000000000000 ) ) ;
#3559 = CARTESIAN_POINT ( 'NONE',  ( -1.289999999999983826, 0.4207878548600303970, 1.855000000000000204 ) ) ;
#3560 = CARTESIAN_POINT ( 'NONE',  ( 1.149999999999999911, 0.4207878548600304525, -1.145000000000000240 ) ) ;
#3561 = DIRECTION ( 'NONE',  ( 0.000000000000000000, 0.000000000000000000, 1.000000000000000000 ) ) ;
#3562 = VERTEX_POINT ( 'NONE', #5657 ) ;
#3563 = FILL_AREA_STYLE_COLOUR ( '', #7365 ) ;
#3564 = CARTESIAN_POINT ( 'NONE',  ( 1.620234093675824161, -1.484648254424143662E-15, 0.1449999999999999067 ) ) ;
#3565 = EDGE_LOOP ( 'NONE', ( #7695, #400, #3642, #4366, #1994, #2609, #6390, #6364 ) ) ;
#3566 = ORIENTED_EDGE ( 'NONE', *, *, #8365, .T. ) ;
#3567 = LINE ( 'NONE', #6891, #1178 ) ;
#3568 = FACE_OUTER_BOUND ( 'NONE', #1641, .T. ) ;
#3569 = CIRCLE ( 'NONE', #3160, 0.03921214513997670070 ) ;
#3570 = VECTOR ( 'NONE', #7510, 1000.000000000000000 ) ;
#3571 = FACE_OUTER_BOUND ( 'NONE', #6629, .T. ) ;
#3572 = CARTESIAN_POINT ( 'NONE',  ( 0.9261308919290317521, 0.4599516432764970686, 2.099991473404946962 ) ) ;
#3573 = PRESENTATION_STYLE_ASSIGNMENT (( #952 ) ) ;
#3574 = CARTESIAN_POINT ( 'NONE',  ( -1.110787854860023183, 0.5999999999999909850, -1.145000000000000240 ) ) ;
#3575 = LINE ( 'NONE', #7576, #7708 ) ;
#3576 = PLANE ( 'NONE',  #3314 ) ;
#3577 = EDGE_LOOP ( 'NONE', ( #7425, #6165, #4855, #3139 ) ) ;
#3578 = CIRCLE ( 'NONE', #4819, 0.1792121451399605880 ) ;
#3579 = VECTOR ( 'NONE', #7814, 1000.000000000000000 ) ;
#3580 = DIRECTION ( 'NONE',  ( 0.000000000000000000, 1.000000000000000000, 0.000000000000000000 ) ) ;
#3581 = LINE ( 'NONE', #7247, #6761 ) ;
#3582 = VECTOR ( 'NONE', #7093, 1000.000000000000000 ) ;
#3583 = ADVANCED_FACE ( 'NONE', ( #7651 ), #2435, .F. ) ;
#3584 = EDGE_CURVE ( 'NONE', #280, #6774, #2939, .T. ) ;
#3585 = CARTESIAN_POINT ( 'NONE',  ( 0.8735898146066566339, 0.09999999999999993616, -1.973589814606655946 ) ) ;
#3586 = VECTOR ( 'NONE', #867, 1000.000000000000000 ) ;
#3587 = CARTESIAN_POINT ( 'NONE',  ( -0.9999999999999995559, 0.5999999999999912070, 0.3549999999999999267 ) ) ;
#3588 = VECTOR ( 'NONE', #7794, 1000.000000000000000 ) ;
#3589 = ORIENTED_EDGE ( 'NONE', *, *, #3841, .F. ) ;
#3590 = VECTOR ( 'NONE', #4662, 999.9999999999998863 ) ;
#3591 = DIRECTION ( 'NONE',  ( -0.000000000000000000, 1.000000000000000000, 0.000000000000000000 ) ) ;
#3592 = ORIENTED_EDGE ( 'NONE', *, *, #951, .T. ) ;
#3593 = DIRECTION ( 'NONE',  ( -0.9975640502598243087, 0.06975647374412363710, 0.000000000000000000 ) ) ;
#3594 = ORIENTED_EDGE ( 'NONE', *, *, #7048, .F. ) ;
#3595 = VECTOR ( 'NONE', #2679, 1000.000000000000000 ) ;
#3596 = EDGE_CURVE ( 'NONE', #5044, #2333, #5699, .T. ) ;
#3597 = CARTESIAN_POINT ( 'NONE',  ( 1.110787854860023183, 0.4207878548600303970, 1.855000000000000204 ) ) ;
#3598 = ADVANCED_FACE ( 'NONE', ( #2263 ), #8244, .T. ) ;
#3599 = CARTESIAN_POINT ( 'NONE',  ( -1.329212145139960777, 0.2000000000000000111, -0.6450000000000001288 ) ) ;
#3600 = DIRECTION ( 'NONE',  ( -9.821212069593589627E-16, 1.000000000000000000, -0.000000000000000000 ) ) ;
#3601 = ORIENTED_EDGE ( 'NONE', *, *, #1921, .T. ) ;
#3602 = VECTOR ( 'NONE', #3373, 1000.000000000000000 ) ;
#3603 = CARTESIAN_POINT ( 'NONE',  ( -1.110787854860023183, 0.5999999999999912070, -0.3550000000000000377 ) ) ;
#3604 = EDGE_CURVE ( 'NONE', #4569, #6672, #3455, .T. ) ;
#3605 = ORIENTED_EDGE ( 'NONE', *, *, #1593, .T. ) ;
#3606 = VERTEX_POINT ( 'NONE', #3830 ) ;
#3607 = VERTEX_POINT ( 'NONE', #4439 ) ;
#3608 = VERTEX_POINT ( 'NONE', #3101 ) ;
#3609 = COLOUR_RGB ( '',0.2509803921568627416, 0.2509803921568627416, 0.2509803921568627416 ) ;
#3610 = FACE_OUTER_BOUND ( 'NONE', #1075, .T. ) ;
#3611 = LINE ( 'NONE', #4195, #7146 ) ;
#3612 = CARTESIAN_POINT ( 'NONE',  ( -1.620234093675824161, -2.083034977450064059E-16, -1.355000000000000204 ) ) ;
#3613 = DIRECTION ( 'NONE',  ( 0.000000000000000000, 0.000000000000000000, 1.000000000000000000 ) ) ;
#3614 = CARTESIAN_POINT ( 'NONE',  ( 0.9261308919290324182, 0.6000483567234962123, 2.099991473404947850 ) ) ;
#3615 = AXIS2_PLACEMENT_3D ( 'NONE', #6806, #3493, #6118 ) ;
#3616 = CARTESIAN_POINT ( 'NONE',  ( -0.9999999999999995559, 0.4600000000000072919, -0.6450000000000001288 ) ) ;
#3617 = PRESENTATION_STYLE_ASSIGNMENT (( #7515 ) ) ;
#3618 = ORIENTED_EDGE ( 'NONE', *, *, #7824, .F. ) ;
#3619 = DIRECTION ( 'NONE',  ( -0.000000000000000000, 0.000000000000000000, 1.000000000000000000 ) ) ;
#3620 = CARTESIAN_POINT ( 'NONE',  ( 1.150000000000000133, 0.4207878548600303970, -0.3550000000000000377 ) ) ;
#3621 = ORIENTED_EDGE ( 'NONE', *, *, #3441, .F. ) ;
#3622 = ORIENTED_EDGE ( 'NONE', *, *, #1188, .T. ) ;
#3623 = DIRECTION ( 'NONE',  ( 0.000000000000000000, 0.000000000000000000, -1.000000000000000000 ) ) ;
#3624 = CARTESIAN_POINT ( 'NONE',  ( -1.316710937842878071, 0.02122440663842927941, 0.1449999999999999345 ) ) ;
#3625 = FACE_OUTER_BOUND ( 'NONE', #6247, .T. ) ;
#3626 = CARTESIAN_POINT ( 'NONE',  ( 1.329212145139960777, 0.2000000000000000111, -0.8550000000000000933 ) ) ;
#3627 = LINE ( 'NONE', #2986, #2224 ) ;
#3628 = CARTESIAN_POINT ( 'NONE',  ( -1.110787854860023183, 0.4207878548600303970, -0.3550000000000000377 ) ) ;
#3629 = DIRECTION ( 'NONE',  ( 1.964242413918717925E-15, -1.000000000000000000, -0.000000000000000000 ) ) ;
#3630 = DIRECTION ( 'NONE',  ( -1.000000000000000000, -8.807661782691089029E-15, -0.000000000000000000 ) ) ;
#3631 = ORIENTED_EDGE ( 'NONE', *, *, #1387, .T. ) ;
#3632 = FACE_OUTER_BOUND ( 'NONE', #7339, .T. ) ;
#3633 = DIRECTION ( 'NONE',  ( -2.891205793294679017E-15, -1.000000000000000000, 0.000000000000000000 ) ) ;
#3634 = DIRECTION ( 'NONE',  ( -0.000000000000000000, -0.000000000000000000, -1.000000000000000000 ) ) ;
#3635 = CARTESIAN_POINT ( 'NONE',  ( 1.329212145139960777, 0.2000000000000000111, 1.145000000000000018 ) ) ;
#3636 = ORIENTED_EDGE ( 'NONE', *, *, #5856, .F. ) ;
#3637 = EDGE_CURVE ( 'NONE', #8294, #2130, #8472, .T. ) ;
#3638 = CARTESIAN_POINT ( 'NONE',  ( -1.316710937842878071, 0.02122440663842932104, -0.1450000000000001565 ) ) ;
#3639 = VERTEX_POINT ( 'NONE', #6456 ) ;
#3640 = EDGE_CURVE ( 'NONE', #7086, #6774, #3140, .T. ) ;
#3641 =( NAMED_UNIT ( * ) SI_UNIT ( $, .STERADIAN. ) SOLID_ANGLE_UNIT ( ) );
#3642 = ORIENTED_EDGE ( 'NONE', *, *, #199, .T. ) ;
#3643 = DIRECTION ( 'NONE',  ( 9.821212069593589627E-16, 1.000000000000000000, 0.000000000000000000 ) ) ;
#3644 = DIRECTION ( 'NONE',  ( -0.000000000000000000, -0.000000000000000000, -1.000000000000000000 ) ) ;
#3645 = VECTOR ( 'NONE', #6767, 1000.000000000000000 ) ;
#3646 = ORIENTED_EDGE ( 'NONE', *, *, #1398, .F. ) ;
#3647 = DIRECTION ( 'NONE',  ( 0.000000000000000000, -0.000000000000000000, -1.000000000000000000 ) ) ;
#3648 = VERTEX_POINT ( 'NONE', #521 ) ;
#3649 = ORIENTED_EDGE ( 'NONE', *, *, #1718, .F. ) ;
#3650 = EDGE_CURVE ( 'NONE', #7127, #2005, #5782, .T. ) ;
#3651 = ORIENTED_EDGE ( 'NONE', *, *, #4674, .F. ) ;
#3652 = EDGE_CURVE ( 'NONE', #4631, #5639, #3867, .T. ) ;
#3653 = ORIENTED_EDGE ( 'NONE', *, *, #1661, .F. ) ;
#3654 = EDGE_CURVE ( 'NONE', #3350, #7800, #6500, .T. ) ;
#3655 = CARTESIAN_POINT ( 'NONE',  ( -1.629999999999999671, 0.1396589670363589109, 0.6449999999999997957 ) ) ;
#3656 = EDGE_CURVE ( 'NONE', #2988, #2700, #7289, .T. ) ;
#3657 = LINE ( 'NONE', #5691, #23 ) ;
#3658 = PLANE ( 'NONE',  #2917 ) ;
#3659 = DIRECTION ( 'NONE',  ( -0.000000000000000000, 0.000000000000000000, 1.000000000000000000 ) ) ;
#3660 = DIRECTION ( 'NONE',  ( -0.000000000000000000, -1.000000000000000000, -0.000000000000000000 ) ) ;
#3661 = CARTESIAN_POINT ( 'NONE',  ( 1.629999999999999671, 0.1396589670363576063, -0.6450000000000001288 ) ) ;
#3662 = CARTESIAN_POINT ( 'NONE',  ( 1.620234093675824161, -1.463672932855430986E-15, 0.6449999999999999067 ) ) ;
#3663 = ORIENTED_EDGE ( 'NONE', *, *, #336, .F. ) ;
#3664 = ADVANCED_FACE ( 'NONE', ( #3188 ), #604, .F. ) ;
#3665 = CARTESIAN_POINT ( 'NONE',  ( 1.289999999999983604, 0.4207878548600304525, -1.145000000000000240 ) ) ;
#3666 = EDGE_LOOP ( 'NONE', ( #5032, #7087, #7040, #7004 ) ) ;
#3667 = SHAPE_DEFINITION_REPRESENTATION ( #7027, #3825 ) ;
#3668 = DIRECTION ( 'NONE',  ( 0.1710878697460327114, -0.9702875252478150303, -0.1710878697460327114 ) ) ;
#3669 = VECTOR ( 'NONE', #6660, 1000.000000000000000 ) ;
#3670 = CARTESIAN_POINT ( 'NONE',  ( 0.8799325952881597024, 0.1625956094184488609, 2.047556909279221848 ) ) ;
#3671 = DIRECTION ( 'NONE',  ( -1.000000000000000000, 0.000000000000000000, 0.000000000000000000 ) ) ;
#3672 = DIRECTION ( 'NONE',  ( -0.000000000000000000, -1.000000000000000000, -0.000000000000000000 ) ) ;
#3673 = CARTESIAN_POINT ( 'NONE',  ( -1.110787854860023183, 0.4207878548600303970, 0.3549999999999999267 ) ) ;
#3674 = ORIENTED_EDGE ( 'NONE', *, *, #4702, .T. ) ;
#3675 = CIRCLE ( 'NONE', #1063, 0.1792121451399605880 ) ;
#3676 = CARTESIAN_POINT ( 'NONE',  ( -0.9999999999999995559, 0.5999999999999912070, 0.1449999999999999345 ) ) ;
#3677 = DIRECTION ( 'NONE',  ( -0.000000000000000000, -0.000000000000000000, -1.000000000000000000 ) ) ;
#3678 = DIRECTION ( 'NONE',  ( 0.000000000000000000, -1.000000000000000000, 0.000000000000000000 ) ) ;
#3679 = DIRECTION ( 'NONE',  ( -0.000000000000000000, 1.000000000000000000, -0.000000000000000000 ) ) ;
#3680 = PRESENTATION_LAYER_ASSIGNMENT (  '', '', ( #2839 ) ) ;
#3681 = ADVANCED_FACE ( 'NONE', ( #5096 ), #7020, .T. ) ;
#3682 = VECTOR ( 'NONE', #875, 1000.000000000000000 ) ;
#3683 = FACE_OUTER_BOUND ( 'NONE', #2356, .T. ) ;
#3684 = DIRECTION ( 'NONE',  ( 0.1710878697460323783, -0.9702875252478150303, 0.1710878697460323783 ) ) ;
#3685 = ORIENTED_EDGE ( 'NONE', *, *, #2913, .F. ) ;
#3686 = CIRCLE ( 'NONE', #8485, 0.03921214513997670070 ) ;
#3687 = CYLINDRICAL_SURFACE ( 'NONE', #5892, 0.03921214513997670070 ) ;
#3688 = ORIENTED_EDGE ( 'NONE', *, *, #7374, .T. ) ;
#3689 = VECTOR ( 'NONE', #7691, 1000.000000000000000 ) ;
#3690 = LINE ( 'NONE', #6868, #2219 ) ;
#3691 = AXIS2_PLACEMENT_3D ( 'NONE', #6033, #5989, #3480 ) ;
#3692 = ORIENTED_EDGE ( 'NONE', *, *, #2523, .T. ) ;
#3693 = DIRECTION ( 'NONE',  ( -0.000000000000000000, -0.000000000000000000, -1.000000000000000000 ) ) ;
#3694 = EDGE_LOOP ( 'NONE', ( #4934, #4432, #7372, #3405 ) ) ;
#3695 = ORIENTED_EDGE ( 'NONE', *, *, #1118, .F. ) ;
#3696 = ORIENTED_EDGE ( 'NONE', *, *, #5822, .F. ) ;
#3697 = CARTESIAN_POINT ( 'NONE',  ( 1.620234093675824161, -1.485875369962032561E-15, -0.6450000000000001288 ) ) ;
#3698 = EDGE_CURVE ( 'NONE', #4944, #2141, #642, .T. ) ;
#3699 = CARTESIAN_POINT ( 'NONE',  ( 1.110787854860023183, 0.4207878548600303970, 1.855000000000000204 ) ) ;
#3700 = EDGE_CURVE ( 'NONE', #3725, #4552, #4976, .T. ) ;
#3701 = DIRECTION ( 'NONE',  ( -0.000000000000000000, 0.000000000000000000, 1.000000000000000000 ) ) ;
#3702 = DIRECTION ( 'NONE',  ( 0.06975647374411923785, 0.9975640502598246417, -0.000000000000000000 ) ) ;
#3703 = DIRECTION ( 'NONE',  ( -0.9975640502598246417, -0.06975647374411941826, 0.000000000000000000 ) ) ;
#3704 = CARTESIAN_POINT ( 'NONE',  ( 1.329212145139960777, 0.2000000000000000111, -1.145000000000000240 ) ) ;
#3705 = CARTESIAN_POINT ( 'NONE',  ( -1.110787854860023183, 0.5999999999999912070, 0.1449999999999999345 ) ) ;
#3706 = VERTEX_POINT ( 'NONE', #2480 ) ;
#3707 = CARTESIAN_POINT ( 'NONE',  ( 1.000000000000000444, 0.4600000000000072919, -2.025000000000000799 ) ) ;
#3708 = DIRECTION ( 'NONE',  ( -1.000000000000000000, -0.000000000000000000, 0.000000000000000000 ) ) ;
#3709 = ADVANCED_FACE ( 'NONE', ( #5739 ), #1258, .F. ) ;
#3710 = DIRECTION ( 'NONE',  ( 0.000000000000000000, 0.000000000000000000, 1.000000000000000000 ) ) ;
#3711 = FACE_OUTER_BOUND ( 'NONE', #5985, .T. ) ;
#3712 = EDGE_CURVE ( 'NONE', #2937, #4608, #1136, .T. ) ;
#3713 = CARTESIAN_POINT ( 'NONE',  ( 1.620234093675824161, -1.484648254424143662E-15, 0.6449999999999999067 ) ) ;
#3714 = ORIENTED_EDGE ( 'NONE', *, *, #1230, .T. ) ;
#3715 = CARTESIAN_POINT ( 'NONE',  ( -1.620234093675824161, -2.292191795371296565E-16, 0.1449999999999998235 ) ) ;
#3716 = CARTESIAN_POINT ( 'NONE',  ( 1.000000000000000000, 0.5999999999999903189, -1.645000000000000240 ) ) ;
#3717 = EDGE_LOOP ( 'NONE', ( #421, #7634, #3776, #2533 ) ) ;
#3718 = DIRECTION ( 'NONE',  ( 0.000000000000000000, 0.000000000000000000, 1.000000000000000000 ) ) ;
#3719 = CARTESIAN_POINT ( 'NONE',  ( 1.289999999999983826, 0.1999999999999999833, -0.6450000000000001288 ) ) ;
#3720 = VECTOR ( 'NONE', #1275, 1000.000000000000114 ) ;
#3721 = AXIS2_PLACEMENT_3D ( 'NONE', #7159, #4491, #5719 ) ;
#3722 = CARTESIAN_POINT ( 'NONE',  ( -0.9999999999999995559, 0.5999999999999912070, -1.645000000000000240 ) ) ;
#3723 = AXIS2_PLACEMENT_3D ( 'NONE', #1459, #6268, #2415 ) ;
#3724 = AXIS2_PLACEMENT_3D ( 'NONE', #6925, #2424, #8299 ) ;
#3725 = VERTEX_POINT ( 'NONE', #3751 ) ;
#3726 = PRESENTATION_STYLE_ASSIGNMENT (( #5717 ) ) ;
#3727 = VECTOR ( 'NONE', #3884, 1000.000000000000114 ) ;
#3728 = AXIS2_PLACEMENT_3D ( 'NONE', #833, #2738, #5365 ) ;
#3729 = CARTESIAN_POINT ( 'NONE',  ( 1.316710937842877627, 0.02122440663842934186, -0.3550000000000000377 ) ) ;
#3730 = VECTOR ( 'NONE', #5874, 1000.000000000000000 ) ;
#3731 = ORIENTED_EDGE ( 'NONE', *, *, #7942, .T. ) ;
#3732 = CARTESIAN_POINT ( 'NONE',  ( -1.110787854860023183, 0.4600000000000072919, -0.6450000000000001288 ) ) ;
#3733 = CIRCLE ( 'NONE', #4547, 0.07500000000000019151 ) ;
#3734 = VERTEX_POINT ( 'NONE', #1175 ) ;
#3735 = VECTOR ( 'NONE', #7066, 1000.000000000000114 ) ;
#3736 = EDGE_LOOP ( 'NONE', ( #4136, #3273, #8067, #6293 ) ) ;
#3737 = VERTEX_POINT ( 'NONE', #6376 ) ;
#3738 = CARTESIAN_POINT ( 'NONE',  ( 1.326476844167053359, 0.1608833736747886656, 1.855000000000000204 ) ) ;
#3739 = CLOSED_SHELL ( 'NONE', ( #3808, #476, #4447, #1180, #3370, #7268, #5808, #7156, #8058, #3761, #4222, #7738, #2228, #6289 ) ) ;
#3740 = CARTESIAN_POINT ( 'NONE',  ( -1.289999999999983604, 0.4207878548600303970, 0.3549999999999999267 ) ) ;
#3741 = VECTOR ( 'NONE', #2879, 1000.000000000000000 ) ;
#3742 = CARTESIAN_POINT ( 'NONE',  ( 1.150000000000000133, 0.2000000000000000111, 1.354999999999999760 ) ) ;
#3743 = DIRECTION ( 'NONE',  ( -1.000000000000000000, 0.000000000000000000, 0.000000000000000000 ) ) ;
#3744 = CARTESIAN_POINT ( 'NONE',  ( 1.289999999999983604, 0.4207878548600303970, 0.1449999999999999345 ) ) ;
#3745 = ORIENTED_EDGE ( 'NONE', *, *, #8012, .T. ) ;
#3746 = DIRECTION ( 'NONE',  ( 0.000000000000000000, -1.000000000000000000, 0.000000000000000000 ) ) ;
#3747 = DIRECTION ( 'NONE',  ( -1.000000000000000000, -9.821212069593589627E-16, 0.000000000000000000 ) ) ;
#3748 = EDGE_CURVE ( 'NONE', #5539, #4218, #7739, .T. ) ;
#3749 = ORIENTED_EDGE ( 'NONE', *, *, #6284, .T. ) ;
#3750 = EDGE_CURVE ( 'NONE', #542, #4126, #6413, .T. ) ;
#3751 = CARTESIAN_POINT ( 'NONE',  ( -1.289999999999983826, 0.2000000000000000111, -0.6450000000000001288 ) ) ;
#3752 = PLANE ( 'NONE',  #6216 ) ;
#3753 = VECTOR ( 'NONE', #943, 1000.000000000000000 ) ;
#3754 = ADVANCED_FACE ( 'NONE', ( #7100 ), #5174, .F. ) ;
#3755 = LINE ( 'NONE', #1697, #3310 ) ;
#3756 = ORIENTED_EDGE ( 'NONE', *, *, #6351, .T. ) ;
#3757 = CARTESIAN_POINT ( 'NONE',  ( -1.620234093675824161, -2.292191795371296565E-16, 1.144999999999999796 ) ) ;
#3758 = CARTESIAN_POINT ( 'NONE',  ( -0.9228711319800371182, 1.037404390581548208, 1.955246817988972818 ) ) ;
#3759 = ORIENTED_EDGE ( 'NONE', *, *, #2711, .T. ) ;
#3761 = ADVANCED_FACE ( 'NONE', ( #7135 ), #1119, .F. ) ;
#3760 = CARTESIAN_POINT ( 'NONE',  ( 1.326476844167053359, 0.1608833736747886656, -0.1450000000000001565 ) ) ;
#3762 = DIRECTION ( 'NONE',  ( -1.000000000000000000, -6.850403608759735123E-15, 0.000000000000000000 ) ) ;
#3763 = EDGE_CURVE ( 'NONE', #5909, #5636, #7729, .T. ) ;
#3764 = ORIENTED_EDGE ( 'NONE', *, *, #4314, .F. ) ;
#3765 = DIRECTION ( 'NONE',  ( -0.06975647374411922397, 0.9975640502598246417, 0.000000000000000000 ) ) ;
#3766 = VERTEX_POINT ( 'NONE', #4542 ) ;
#3767 = PLANE ( 'NONE',  #2584 ) ;
#3768 = DIRECTION ( 'NONE',  ( 0.000000000000000000, 0.000000000000000000, -1.000000000000000000 ) ) ;
#3769 = DIRECTION ( 'NONE',  ( -1.000000000000000000, 0.000000000000000000, 0.000000000000000000 ) ) ;
#3770 = CARTESIAN_POINT ( 'NONE',  ( -1.110787854860023183, 0.4600000000000070699, 0.8549999999999998712 ) ) ;
#3771 = EDGE_LOOP ( 'NONE', ( #1415, #4495, #5816, #3180 ) ) ;
#3772 = DIRECTION ( 'NONE',  ( -0.000000000000000000, -0.000000000000000000, -1.000000000000000000 ) ) ;
#3773 = PLANE ( 'NONE',  #7858 ) ;
#3774 = ORIENTED_EDGE ( 'NONE', *, *, #4528, .T. ) ;
#3775 = ORIENTED_EDGE ( 'NONE', *, *, #3911, .T. ) ;
#3776 = ORIENTED_EDGE ( 'NONE', *, *, #1106, .T. ) ;
#3777 = DIRECTION ( 'NONE',  ( -1.000000000000000000, 0.000000000000000000, -0.000000000000000000 ) ) ;
#3778 = EDGE_CURVE ( 'NONE', #5681, #1026, #5687, .T. ) ;
#3779 = VECTOR ( 'NONE', #3150, 1000.000000000000114 ) ;
#3780 = CARTESIAN_POINT ( 'NONE',  ( -0.9999999999999995559, 0.5999999999999912070, -1.354999999999999982 ) ) ;
#3781 = EDGE_CURVE ( 'NONE', #6133, #3886, #6016, .T. ) ;
#3782 = DIRECTION ( 'NONE',  ( 0.000000000000000000, 0.000000000000000000, 1.000000000000000000 ) ) ;
#3783 = ORIENTED_EDGE ( 'NONE', *, *, #8420, .F. ) ;
#3784 = LINE ( 'NONE', #3943, #5476 ) ;
#3785 = DIRECTION ( 'NONE',  ( 0.000000000000000000, 1.000000000000000000, 0.000000000000000000 ) ) ;
#3786 = CARTESIAN_POINT ( 'NONE',  ( 1.110787854860023183, 0.5999999999999903189, 0.1449999999999999345 ) ) ;
#3787 = ORIENTED_EDGE ( 'NONE', *, *, #461, .T. ) ;
#3788 = DIRECTION ( 'NONE',  ( 0.000000000000000000, 1.000000000000000000, 0.000000000000000000 ) ) ;
#3789 = PLANE ( 'NONE',  #2097 ) ;
#3790 = EDGE_CURVE ( 'NONE', #8366, #3263, #7930, .T. ) ;
#3791 = CARTESIAN_POINT ( 'NONE',  ( 0.8735898146066576331, 0.1619763866749802661, 2.047450396082572066 ) ) ;
#3792 = EDGE_LOOP ( 'NONE', ( #7588, #179, #1691, #1503 ) ) ;
#3793 = VECTOR ( 'NONE', #2206, 1000.000000000000000 ) ;
#3794 = PLANE ( 'NONE',  #5804 ) ;
#3795 = DIRECTION ( 'NONE',  ( -0.000000000000000000, -0.000000000000000000, -1.000000000000000000 ) ) ;
#3796 = CARTESIAN_POINT ( 'NONE',  ( 1.110787854860023183, 0.4207878548600303970, 0.3549999999999999267 ) ) ;
#3797 = CARTESIAN_POINT ( 'NONE',  ( 1.150000000000000133, 0.2000000000000000111, 0.8549999999999998712 ) ) ;
#3798 = COLOUR_RGB ( '',0.7921568627450980005, 0.8196078431372548767, 0.9333333333333333481 ) ;
#3799 = ADVANCED_FACE ( 'NONE', ( #134 ), #2746, .F. ) ;
#3800 = EDGE_CURVE ( 'NONE', #3073, #8312, #3733, .T. ) ;
#3801 = ORIENTED_EDGE ( 'NONE', *, *, #8493, .F. ) ;
#3802 = ORIENTED_EDGE ( 'NONE', *, *, #6437, .F. ) ;
#3803 = VERTEX_POINT ( 'NONE', #4715 ) ;
#3804 = LINE ( 'NONE', #2569, #5616 ) ;
#3805 = FACE_OUTER_BOUND ( 'NONE', #8203, .T. ) ;
#3806 = VECTOR ( 'NONE', #1624, 1000.000000000000000 ) ;
#3807 = AXIS2_PLACEMENT_3D ( 'NONE', #1501, #1714, #6474 ) ;
#3808 = ADVANCED_FACE ( 'NONE', ( #5252 ), #6520, .T. ) ;
#3809 = ADVANCED_FACE ( 'NONE', ( #2667 ), #2706, .F. ) ;
#3810 = CARTESIAN_POINT ( 'NONE',  ( 1.000000000000000000, 0.5999999999999903189, -1.145000000000000240 ) ) ;
#3811 = EDGE_CURVE ( 'NONE', #4695, #1019, #1486, .T. ) ;
#3812 = VECTOR ( 'NONE', #4857, 1000.000000000000000 ) ;
#3813 = ORIENTED_EDGE ( 'NONE', *, *, #1427, .F. ) ;
#3814 = CARTESIAN_POINT ( 'NONE',  ( -0.5999999999999996447, 1.100000000000000089, -1.700000000000000178 ) ) ;
#3815 = DIRECTION ( 'NONE',  ( -0.06975647374411922397, 0.9975640502598246417, 0.000000000000000000 ) ) ;
#3816 = CIRCLE ( 'NONE', #7650, 0.03921214513997691581 ) ;
#3817 = ORIENTED_EDGE ( 'NONE', *, *, #5302, .F. ) ;
#3818 = ORIENTED_EDGE ( 'NONE', *, *, #5173, .T. ) ;
#3819 = EDGE_LOOP ( 'NONE', ( #2664, #5923, #3077, #4751 ) ) ;
#3820 = CIRCLE ( 'NONE', #7656, 0.1792121451399605880 ) ;
#3821 = DIRECTION ( 'NONE',  ( -1.000000000000000000, 0.000000000000000000, 0.000000000000000000 ) ) ;
#3822 = MECHANICAL_DESIGN_GEOMETRIC_PRESENTATION_REPRESENTATION (  '', ( #5211 ), #1912 ) ;
#3823 = CARTESIAN_POINT ( 'NONE',  ( -1.289999999999983826, 0.2000000000000000111, 0.8549999999999998712 ) ) ;
#3824 = DIRECTION ( 'NONE',  ( -1.000000000000000000, -0.000000000000000000, 0.000000000000000000 ) ) ;
#3825 = ADVANCED_BREP_SHAPE_REPRESENTATION ( 'DYY16', ( #7667, #1847, #7653, #4846, #7862, #4802, #4682, #1997, #4790, #7550, #1969, #7886, #4860, #4879, #1877, #7584, #7849, #7539, #4348 ), #4192 ) ;
#3826 = CARTESIAN_POINT ( 'NONE',  ( -1.329212145139960777, 0.2000000000000000111, 1.645000000000000018 ) ) ;
#3827 = DIRECTION ( 'NONE',  ( 9.821212069593589627E-16, 1.000000000000000000, 0.000000000000000000 ) ) ;
#3828 = ORIENTED_EDGE ( 'NONE', *, *, #5244, .T. ) ;
#3829 = VECTOR ( 'NONE', #2564, 1000.000000000000000 ) ;
#3830 = CARTESIAN_POINT ( 'NONE',  ( -1.110787854860023183, 0.5999999999999910960, -1.645000000000000240 ) ) ;
#3831 = CARTESIAN_POINT ( 'NONE',  ( 0.9228711319800380064, 1.027051585409328061, -1.961137593740816865 ) ) ;
#3832 = DIRECTION ( 'NONE',  ( 1.000000000000000000, 0.000000000000000000, -0.000000000000000000 ) ) ;
#3833 = PLANE ( 'NONE',  #6125 ) ;
#3834 = PLANE ( 'NONE',  #7628 ) ;
#3835 = DIRECTION ( 'NONE',  ( 0.000000000000000000, 0.000000000000000000, 1.000000000000000000 ) ) ;
#3836 = ORIENTED_EDGE ( 'NONE', *, *, #459, .F. ) ;
#3837 = ORIENTED_EDGE ( 'NONE', *, *, #4689, .T. ) ;
#3838 = LINE ( 'NONE', #7793, #920 ) ;
#3839 = DIRECTION ( 'NONE',  ( 0.000000000000000000, 0.000000000000000000, 1.000000000000000000 ) ) ;
#3840 = EDGE_CURVE ( 'NONE', #8435, #7483, #7978, .T. ) ;
#3841 = EDGE_CURVE ( 'NONE', #2332, #4634, #5336, .T. ) ;
#3842 = CIRCLE ( 'NONE', #965, 0.1792121451399605880 ) ;
#3843 = CARTESIAN_POINT ( 'NONE',  ( 1.620234093675824161, -1.463672932855430986E-15, 1.645000000000000018 ) ) ;
#3844 = VECTOR ( 'NONE', #6523, 1000.000000000000000 ) ;
#3845 = FACE_OUTER_BOUND ( 'NONE', #7328, .T. ) ;
#3846 = ORIENTED_EDGE ( 'NONE', *, *, #7533, .T. ) ;
#3847 = FILL_AREA_STYLE ('',( #5812 ) ) ;
#3848 = ORIENTED_EDGE ( 'NONE', *, *, #4106, .T. ) ;
#3849 = VERTEX_POINT ( 'NONE', #3892 ) ;
#3850 = ORIENTED_EDGE ( 'NONE', *, *, #2730, .T. ) ;
#3851 = EDGE_CURVE ( 'NONE', #6131, #2956, #1825, .T. ) ;
#3852 = VECTOR ( 'NONE', #1938, 1000.000000000000000 ) ;
#3853 = EDGE_CURVE ( 'NONE', #2690, #8248, #3254, .T. ) ;
#3854 = EDGE_CURVE ( 'NONE', #170, #3166, #5942, .T. ) ;
#3855 = CYLINDRICAL_SURFACE ( 'NONE', #3400, 0.1792121451399605880 ) ;
#3856 = AXIS2_PLACEMENT_3D ( 'NONE', #361, #5004, #7609 ) ;
#3857 = DIRECTION ( 'NONE',  ( 0.9975640502598246417, 0.06975647374411944601, 0.000000000000000000 ) ) ;
#3858 = VECTOR ( 'NONE', #8429, 1000.000000000000000 ) ;
#3859 = DIRECTION ( 'NONE',  ( 0.000000000000000000, 0.000000000000000000, -1.000000000000000000 ) ) ;
#3860 = ORIENTED_EDGE ( 'NONE', *, *, #2237, .F. ) ;
#3861 = VERTEX_POINT ( 'NONE', #2621 ) ;
#3862 = CARTESIAN_POINT ( 'NONE',  ( 1.150000000000000133, 0.1999999999999998168, -0.6450000000000001288 ) ) ;
#3863 = DIRECTION ( 'NONE',  ( 1.000000000000000000, -0.000000000000000000, 0.000000000000000000 ) ) ;
#3864 = ORIENTED_EDGE ( 'NONE', *, *, #149, .F. ) ;
#3865 = CIRCLE ( 'NONE', #2096, 0.07499999999999998335 ) ;
#3866 = AXIS2_PLACEMENT_3D ( 'NONE', #2252, #3479, #3398 ) ;
#3867 = LINE ( 'NONE', #3270, #5529 ) ;
#3868 = VERTEX_POINT ( 'NONE', #1979 ) ;
#3869 = CARTESIAN_POINT ( 'NONE',  ( -1.110787854860023183, 0.4207878548600303970, 0.1449999999999999345 ) ) ;
#3870 = DIRECTION ( 'NONE',  ( -0.06975647374411922397, 0.9975640502598246417, 0.000000000000000000 ) ) ;
#3871 = ORIENTED_EDGE ( 'NONE', *, *, #1344, .T. ) ;
#3872 = DIRECTION ( 'NONE',  ( 0.000000000000000000, 0.9848077530122085754, 0.1736481776669273891 ) ) ;
#3873 = CARTESIAN_POINT ( 'NONE',  ( 1.289999999999983604, 0.4207878548600304525, 0.8549999999999998712 ) ) ;
#3874 = EDGE_CURVE ( 'NONE', #2243, #7518, #4622, .T. ) ;
#3875 = DIRECTION ( 'NONE',  ( -0.000000000000000000, -0.000000000000000000, -1.000000000000000000 ) ) ;
#3876 = FACE_OUTER_BOUND ( 'NONE', #24, .T. ) ;
#3877 = ORIENTED_EDGE ( 'NONE', *, *, #4530, .T. ) ;
#3878 = AXIS2_PLACEMENT_3D ( 'NONE', #1961, #2088, #5921 ) ;
#3879 = VERTEX_POINT ( 'NONE', #1369 ) ;
#3880 = FACE_OUTER_BOUND ( 'NONE', #5287, .T. ) ;
#3881 = DIRECTION ( 'NONE',  ( 0.000000000000000000, -1.000000000000000000, -0.000000000000000000 ) ) ;
#3882 = LINE ( 'NONE', #4380, #2239 ) ;
#3883 = DIRECTION ( 'NONE',  ( -0.000000000000000000, -0.000000000000000000, -1.000000000000000000 ) ) ;
#3884 = DIRECTION ( 'NONE',  ( -0.9975640502598245307, -0.06975647374412029256, 0.000000000000000000 ) ) ;
#3885 = EDGE_CURVE ( 'NONE', #6181, #8223, #3422, .T. ) ;
#3886 = VERTEX_POINT ( 'NONE', #716 ) ;
#3887 = DIRECTION ( 'NONE',  ( 0.000000000000000000, 0.000000000000000000, 1.000000000000000000 ) ) ;
#3888 = EDGE_CURVE ( 'NONE', #5999, #7300, #3384, .T. ) ;
#3889 = ORIENTED_EDGE ( 'NONE', *, *, #4321, .F. ) ;
#3890 = EDGE_LOOP ( 'NONE', ( #7347, #88, #4765, #424 ) ) ;
#3891 = ORIENTED_EDGE ( 'NONE', *, *, #7788, .T. ) ;
#3892 = CARTESIAN_POINT ( 'NONE',  ( 1.289999999999983604, 0.4207878548600305080, -1.145000000000000240 ) ) ;
#3893 = CARTESIAN_POINT ( 'NONE',  ( 1.000000000000000000, 0.5999999999999903189, 0.8549999999999998712 ) ) ;
#3894 = CARTESIAN_POINT ( 'NONE',  ( -1.629999999999999671, 0.1396589670363589109, -0.1450000000000001565 ) ) ;
#3895 = DIRECTION ( 'NONE',  ( 0.1710878697460325171, -0.9702875252478146972, 0.1710878697460346543 ) ) ;
#3896 = ADVANCED_FACE ( 'NONE', ( #6657 ), #758, .T. ) ;
#3897 = DIRECTION ( 'NONE',  ( -1.964242413918717925E-15, -1.000000000000000000, 0.000000000000000000 ) ) ;
#3898 = CARTESIAN_POINT ( 'NONE',  ( 1.326476844167053359, 0.1608833736747886656, 0.8549999999999998712 ) ) ;
#3899 = VERTEX_POINT ( 'NONE', #295 ) ;
#3900 = CYLINDRICAL_SURFACE ( 'NONE', #2328, 0.07499999999999998335 ) ;
#3901 = EDGE_CURVE ( 'NONE', #5279, #3737, #1618, .T. ) ;
#3902 = ORIENTED_EDGE ( 'NONE', *, *, #6538, .F. ) ;
#3903 = DIRECTION ( 'NONE',  ( 0.9975640502598245307, 0.06975647374412038970, 0.000000000000000000 ) ) ;
#3904 = CARTESIAN_POINT ( 'NONE',  ( 1.620234093675824161, -1.496544593801257044E-15, -1.645000000000000018 ) ) ;
#3905 = VERTEX_POINT ( 'NONE', #4104 ) ;
#3906 = EDGE_CURVE ( 'NONE', #5108, #1383, #7508, .T. ) ;
#3907 = CARTESIAN_POINT ( 'NONE',  ( -1.329212145139960777, 0.2000000000000000111, 0.8549999999999998712 ) ) ;
#3908 = DIRECTION ( 'NONE',  ( 1.000000000000000000, 8.807661782691089029E-15, 0.000000000000000000 ) ) ;
#3909 = ADVANCED_FACE ( 'NONE', ( #1758 ), #1158, .F. ) ;
#3910 = ORIENTED_EDGE ( 'NONE', *, *, #3070, .F. ) ;
#3911 = EDGE_CURVE ( 'NONE', #3706, #2059, #6634, .T. ) ;
#3912 = ORIENTED_EDGE ( 'NONE', *, *, #2849, .T. ) ;
#3913 =( NAMED_UNIT ( * ) SI_UNIT ( $, .STERADIAN. ) SOLID_ANGLE_UNIT ( ) );
#3914 = DIRECTION ( 'NONE',  ( 0.06975647374411925172, -0.9975640502598247528, 0.000000000000000000 ) ) ;
#3915 = LINE ( 'NONE', #3197, #7492 ) ;
#3916 = CARTESIAN_POINT ( 'NONE',  ( -1.110787854860023183, 0.4207878548600303970, 0.3549999999999999267 ) ) ;
#3917 =( NAMED_UNIT ( * ) PLANE_ANGLE_UNIT ( ) SI_UNIT ( $, .RADIAN. ) );
#3918 = AXIS2_PLACEMENT_3D ( 'NONE', #4084, #151, #896 ) ;
#3919 = ORIENTED_EDGE ( 'NONE', *, *, #4887, .F. ) ;
#3920 = ORIENTED_EDGE ( 'NONE', *, *, #2183, .T. ) ;
#3921 = CARTESIAN_POINT ( 'NONE',  ( -0.9261308919290304198, 0.4599516432764970686, 2.099991473404946518 ) ) ;
#3922 = AXIS2_PLACEMENT_3D ( 'NONE', #3796, #6421, #530 ) ;
#3923 = CIRCLE ( 'NONE', #234, 0.1792121451399605880 ) ;
#3924 = CARTESIAN_POINT ( 'NONE',  ( -1.289999999999983826, 0.1999999999999999833, -0.8550000000000000933 ) ) ;
#3925 = CARTESIAN_POINT ( 'NONE',  ( 1.289999999999983604, 0.4207878548600304525, 1.855000000000000204 ) ) ;
#3926 = DIRECTION ( 'NONE',  ( 9.821212069593589627E-16, 1.000000000000000000, 0.000000000000000000 ) ) ;
#3927 = EDGE_LOOP ( 'NONE', ( #6873, #5697, #6233, #2028 ) ) ;
#3928 = ORIENTED_EDGE ( 'NONE', *, *, #3184, .F. ) ;
#3929 = AXIS2_PLACEMENT_3D ( 'NONE', #940, #6192, #6326 ) ;
#3930 = VERTEX_POINT ( 'NONE', #6040 ) ;
#3931 = ORIENTED_EDGE ( 'NONE', *, *, #136, .F. ) ;
#3932 = CIRCLE ( 'NONE', #246, 0.1499999999999999667 ) ;
#3933 = DIRECTION ( 'NONE',  ( 0.000000000000000000, 0.000000000000000000, -1.000000000000000000 ) ) ;
#3934 = LINE ( 'NONE', #4716, #6978 ) ;
#3935 = AXIS2_PLACEMENT_3D ( 'NONE', #7865, #3795, #7107 ) ;
#3936 = AXIS2_PLACEMENT_3D ( 'NONE', #3134, #5774, #2506 ) ;
#3937 = DIRECTION ( 'NONE',  ( -1.000000000000000000, -9.821212069593589627E-16, 0.000000000000000000 ) ) ;
#3938 = AXIS2_PLACEMENT_3D ( 'NONE', #330, #2949, #1015 ) ;
#3939 = DIRECTION ( 'NONE',  ( -0.000000000000000000, 1.000000000000000000, 0.000000000000000000 ) ) ;
#3940 = AXIS2_PLACEMENT_3D ( 'NONE', #5014, #4837, #6989 ) ;
#3941 = DIRECTION ( 'NONE',  ( -0.000000000000000000, 1.000000000000000000, 0.000000000000000000 ) ) ;
#3942 = EDGE_LOOP ( 'NONE', ( #710, #6050, #3474, #6942, #4033, #1030 ) ) ;
#3943 = CARTESIAN_POINT ( 'NONE',  ( 1.110787854860023183, 0.5999999999999913181, -1.645000000000000240 ) ) ;
#3944 = ORIENTED_EDGE ( 'NONE', *, *, #6670, .T. ) ;
#3945 = FACE_OUTER_BOUND ( 'NONE', #645, .T. ) ;
#3946 = FACE_OUTER_BOUND ( 'NONE', #5654, .T. ) ;
#3947 = EDGE_LOOP ( 'NONE', ( #210, #3091, #5593, #1598 ) ) ;
#3948 = VECTOR ( 'NONE', #6296, 1000.000000000000227 ) ;
#3949 = AXIS2_PLACEMENT_3D ( 'NONE', #4797, #2144, #7974 ) ;
#3950 = EDGE_CURVE ( 'NONE', #4932, #6585, #2957, .T. ) ;
#3951 = EDGE_CURVE ( 'NONE', #5065, #5387, #1531, .T. ) ;
#3952 = LINE ( 'NONE', #2159, #429 ) ;
#3953 = CARTESIAN_POINT ( 'NONE',  ( -1.289999999999983826, 0.4207878548600303970, -0.1450000000000001565 ) ) ;
#3954 = ORIENTED_EDGE ( 'NONE', *, *, #5714, .F. ) ;
#3955 = CARTESIAN_POINT ( 'NONE',  ( 1.110787854860023183, 0.4600000000000072919, -1.145000000000000240 ) ) ;
#3956 = CARTESIAN_POINT ( 'NONE',  ( 1.110787854860023183, 0.4207878548600303970, 0.6449999999999999067 ) ) ;
#3957 = LINE ( 'NONE', #5313, #752 ) ;
#3958 = EDGE_CURVE ( 'NONE', #3766, #3108, #6352, .T. ) ;
#3959 = ADVANCED_FACE ( 'NONE', ( #3492 ), #948, .T. ) ;
#3960 = PLANE ( 'NONE',  #8136 ) ;
#3961 = ORIENTED_EDGE ( 'NONE', *, *, #2384, .T. ) ;
#3962 = ORIENTED_EDGE ( 'NONE', *, *, #7992, .F. ) ;
#3963 = DIRECTION ( 'NONE',  ( 1.000000000000000000, 0.000000000000000000, -0.000000000000000000 ) ) ;
#3964 = CARTESIAN_POINT ( 'NONE',  ( -0.8551099015740634135, 1.421712581045637469, -1.881249320098148381 ) ) ;
#3965 = CARTESIAN_POINT ( 'NONE',  ( -1.326476844167053359, 0.1608833736747886378, -0.6450000000000001288 ) ) ;
#3966 = DIRECTION ( 'NONE',  ( 0.000000000000000000, 0.000000000000000000, 1.000000000000000000 ) ) ;
#3967 = DIRECTION ( 'NONE',  ( -0.06975647374411941826, 0.9975640502598246417, 0.000000000000000000 ) ) ;
#3968 = FACE_OUTER_BOUND ( 'NONE', #5678, .T. ) ;
#3969 = EDGE_LOOP ( 'NONE', ( #3622, #1765, #5977, #415 ) ) ;
#3970 = DIRECTION ( 'NONE',  ( 0.000000000000000000, 0.000000000000000000, -1.000000000000000000 ) ) ;
#3971 = EDGE_LOOP ( 'NONE', ( #7394, #1502, #100, #1890 ) ) ;
#3972 = CARTESIAN_POINT ( 'NONE',  ( 1.150000000000000133, 0.4207878548600303970, 1.145000000000000018 ) ) ;
#3973 = FACE_OUTER_BOUND ( 'NONE', #5088, .T. ) ;
#3974 = AXIS2_PLACEMENT_3D ( 'NONE', #7043, #1159, #3769 ) ;
#3975 = EDGE_CURVE ( 'NONE', #6672, #5208, #8090, .T. ) ;
#3976 = PLANE ( 'NONE',  #1329 ) ;
#3977 = DIRECTION ( 'NONE',  ( -0.000000000000000000, -1.000000000000000000, -0.000000000000000000 ) ) ;
#3978 = EDGE_LOOP ( 'NONE', ( #4280, #1446, #2921, #1268, #7317, #3601, #3148, #3145, #3801, #6751, #3061, #8443 ) ) ;
#3979 = CIRCLE ( 'NONE', #7021, 0.07499999999999998335 ) ;
#3980 = MECHANICAL_DESIGN_GEOMETRIC_PRESENTATION_REPRESENTATION (  '', ( #1817 ), #6712 ) ;
#3981 = ORIENTED_EDGE ( 'NONE', *, *, #4005, .T. ) ;
#3982 = VECTOR ( 'NONE', #8128, 1000.000000000000000 ) ;
#3983 = LINE ( 'NONE', #7856, #6285 ) ;
#3984 = ORIENTED_EDGE ( 'NONE', *, *, #1083, .F. ) ;
#3985 = ORIENTED_EDGE ( 'NONE', *, *, #2565, .F. ) ;
#3986 = DIRECTION ( 'NONE',  ( 1.000000000000000000, 0.000000000000000000, -0.000000000000000000 ) ) ;
#3987 =( GEOMETRIC_REPRESENTATION_CONTEXT ( 3 ) GLOBAL_UNCERTAINTY_ASSIGNED_CONTEXT ( ( #4723 ) ) GLOBAL_UNIT_ASSIGNED_CONTEXT ( ( #6793, #6955, #6602 ) ) REPRESENTATION_CONTEXT ( 'NONE', 'WORKASPACE' ) );
#3988 = VECTOR ( 'NONE', #3495, 1000.000000000000000 ) ;
#3989 = CARTESIAN_POINT ( 'NONE',  ( 1.110787854860023183, 0.4600000000000072919, 1.855000000000000204 ) ) ;
#3990 = CARTESIAN_POINT ( 'NONE',  ( 0.8735898146066566339, 0.1749999999999999889, 1.973589814606656834 ) ) ;
#3991 = ADVANCED_FACE ( 'NONE', ( #3571 ), #6117, .F. ) ;
#3992 = ORIENTED_EDGE ( 'NONE', *, *, #92, .F. ) ;
#3993 = EDGE_CURVE ( 'NONE', #1294, #981, #2984, .T. ) ;
#3994 = DIRECTION ( 'NONE',  ( -1.000000000000000000, -9.074737973021588507E-16, 0.000000000000000000 ) ) ;
#3995 = DIRECTION ( 'NONE',  ( 1.964242413918717925E-15, -1.000000000000000000, -0.000000000000000000 ) ) ;
#3996 = ORIENTED_EDGE ( 'NONE', *, *, #866, .T. ) ;
#3997 = AXIS2_PLACEMENT_3D ( 'NONE', #7980, #2107, #805 ) ;
#3998 = FILL_AREA_STYLE ('',( #2765 ) ) ;
#3999 = LINE ( 'NONE', #573, #4734 ) ;
#4000 = CARTESIAN_POINT ( 'NONE',  ( 1.629999999999999671, 0.1396589670363576063, -1.645000000000000240 ) ) ;
#4001 = CARTESIAN_POINT ( 'NONE',  ( -1.110787854860023183, 0.5999999999999912070, 1.645000000000000018 ) ) ;
#4002 = AXIS2_PLACEMENT_3D ( 'NONE', #8083, #5394, #4196 ) ;
#4003 =( NAMED_UNIT ( * ) SI_UNIT ( $, .STERADIAN. ) SOLID_ANGLE_UNIT ( ) );
#4004 = EDGE_LOOP ( 'NONE', ( #3621, #5809, #7859, #4894 ) ) ;
#4005 = EDGE_CURVE ( 'NONE', #1111, #5770, #2214, .T. ) ;
#4006 = EDGE_CURVE ( 'NONE', #5216, #4709, #4169, .T. ) ;
#4007 = CARTESIAN_POINT ( 'NONE',  ( 1.110787854860023183, 0.5999999999999913181, 0.3549999999999999267 ) ) ;
#4008 = ORIENTED_EDGE ( 'NONE', *, *, #8430, .T. ) ;
#4009 = EDGE_CURVE ( 'NONE', #839, #7675, #6894, .T. ) ;
#4010 = CARTESIAN_POINT ( 'NONE',  ( 1.629999999999999671, 0.1396589670363576063, 1.855000000000000204 ) ) ;
#4011 = VECTOR ( 'NONE', #4965, 1000.000000000000114 ) ;
#4012 = CARTESIAN_POINT ( 'NONE',  ( 1.629999999999999671, 0.1396589670363576063, -1.645000000000000018 ) ) ;
#4013 = FACE_OUTER_BOUND ( 'NONE', #2542, .T. ) ;
#4014 = PLANE ( 'NONE',  #1520 ) ;
#4015 = SURFACE_SIDE_STYLE ('',( #5156 ) ) ;
#4016 = EDGE_CURVE ( 'NONE', #4646, #4737, #3151, .T. ) ;
#4017 = ORIENTED_EDGE ( 'NONE', *, *, #1483, .T. ) ;
#4018 = CARTESIAN_POINT ( 'NONE',  ( -1.110787854860023183, 0.4207878548600303970, -1.145000000000000240 ) ) ;
#4019 = VERTEX_POINT ( 'NONE', #1514 ) ;
#4020 = DIRECTION ( 'NONE',  ( -0.000000000000000000, -0.000000000000000000, -1.000000000000000000 ) ) ;
#4021 = CARTESIAN_POINT ( 'NONE',  ( -0.9257539493820364784, 0.4599838810921713095, 2.099997157801649195 ) ) ;
#4022 = CARTESIAN_POINT ( 'NONE',  ( -0.9999999999999995559, 0.5999999999999912070, 0.8549999999999998712 ) ) ;
#4023 = CARTESIAN_POINT ( 'NONE',  ( -1.289999999999983826, 0.2000000000000000111, -1.145000000000000240 ) ) ;
#4024 = DIRECTION ( 'NONE',  ( 1.000000000000000000, -9.786290869656726145E-16, 0.000000000000000000 ) ) ;
#4025 = EDGE_LOOP ( 'NONE', ( #1143, #4481, #3327, #3688, #1378, #4376, #3069, #6319, #5247, #3431, #290, #338 ) ) ;
#4026 = CARTESIAN_POINT ( 'NONE',  ( -1.149999999999999911, 0.4207878548600303970, 1.855000000000000204 ) ) ;
#4027 = ORIENTED_EDGE ( 'NONE', *, *, #5489, .T. ) ;
#4028 = VERTEX_POINT ( 'NONE', #4874 ) ;
#4029 = EDGE_CURVE ( 'NONE', #6542, #5233, #232, .T. ) ;
#4030 = UNCERTAINTY_MEASURE_WITH_UNIT (LENGTH_MEASURE( 1.000000000000000082E-05 ), #6034, 'distance_accuracy_value', 'NONE');
#4031 = DIRECTION ( 'NONE',  ( 0.000000000000000000, 0.000000000000000000, 1.000000000000000000 ) ) ;
#4032 = LINE ( 'NONE', #4118, #1339 ) ;
#4033 = ORIENTED_EDGE ( 'NONE', *, *, #539, .F. ) ;
#4034 = PRESENTATION_STYLE_ASSIGNMENT (( #1421 ) ) ;
#4035 = LINE ( 'NONE', #6110, #229 ) ;
#4036 = ORIENTED_EDGE ( 'NONE', *, *, #7270, .F. ) ;
#4037 = FACE_OUTER_BOUND ( 'NONE', #2807, .T. ) ;
#4038 = CARTESIAN_POINT ( 'NONE',  ( -1.110787854860023183, 0.4207878548600303970, -1.855000000000000204 ) ) ;
#4039 = CARTESIAN_POINT ( 'NONE',  ( 1.110787854860023183, 0.4207878548600303970, -1.145000000000000240 ) ) ;
#4040 = EDGE_CURVE ( 'NONE', #7457, #1356, #5572, .T. ) ;
#4041 = SURFACE_SIDE_STYLE ('',( #2687 ) ) ;
#4042 = AXIS2_PLACEMENT_3D ( 'NONE', #7226, #3835, #3318 ) ;
#4043 = EDGE_LOOP ( 'NONE', ( #4204, #3984, #6568, #7203 ) ) ;
#4044 = CARTESIAN_POINT ( 'NONE',  ( 0.9261308919290324182, 0.6000483567234962123, 2.099991473404947850 ) ) ;
#4045 = EDGE_LOOP ( 'NONE', ( #7629, #1541, #621, #1321, #6738, #7265, #1575, #2886 ) ) ;
#4046 = CARTESIAN_POINT ( 'NONE',  ( 1.000000000000000000, 0.4600000000000065148, -1.145000000000000240 ) ) ;
#4047 = EDGE_CURVE ( 'NONE', #2192, #8106, #6251, .T. ) ;
#4048 = EDGE_CURVE ( 'NONE', #6617, #2617, #4828, .T. ) ;
#4049 = CARTESIAN_POINT ( 'NONE',  ( -1.620234093675824161, -2.139947889130694096E-16, -1.645000000000000018 ) ) ;
#4050 = DIRECTION ( 'NONE',  ( 8.807661782691089029E-15, -1.000000000000000000, 0.000000000000000000 ) ) ;
#4051 = DIRECTION ( 'NONE',  ( -0.000000000000000000, -0.000000000000000000, 1.000000000000000000 ) ) ;
#4052 = PLANE ( 'NONE',  #4413 ) ;
#4053 = ORIENTED_EDGE ( 'NONE', *, *, #6081, .T. ) ;
#4054 = DIRECTION ( 'NONE',  ( -0.000000000000000000, -0.000000000000000000, -1.000000000000000000 ) ) ;
#4055 = ORIENTED_EDGE ( 'NONE', *, *, #5066, .T. ) ;
#4056 = VECTOR ( 'NONE', #3939, 1000.000000000000000 ) ;
#4057 = LINE ( 'NONE', #4753, #843 ) ;
#4058 = ORIENTED_EDGE ( 'NONE', *, *, #1239, .F. ) ;
#4059 =( BOUNDED_SURFACE ( )  B_SPLINE_SURFACE ( 3, 3, ( 
 ( #320, #7353, #1740, #4441 ),
 ( #2351, #408, #4349, #8310 ),
 ( #5659, #1694, #4306, #7102 ),
 ( #6457, #1096, #5138, #3831 ) ),
 .UNSPECIFIED., .F., .F., .F. ) 
 B_SPLINE_SURFACE_WITH_KNOTS ( ( 4, 4 ),
 ( 4, 4 ),
 ( 0.000000000000000000, 1.000000000000000000 ),
 ( 0.000000000000000000, 1.000000000000000000 ),
 .UNSPECIFIED. ) 
 GEOMETRIC_REPRESENTATION_ITEM ( )  RATIONAL_B_SPLINE_SURFACE ( (
 ( 1.000000000000000000, 0.8422301520436459299, 0.8422301520436459299, 1.000000000000000000),
 ( 0.8422301520436465960, 0.7093516290114635359, 0.7093516290114635359, 0.8422301520436465960),
 ( 0.8422301520436465960, 0.7093516290114635359, 0.7093516290114635359, 0.8422301520436465960),
 ( 1.000000000000000000, 0.8422301520436459299, 0.8422301520436459299, 1.000000000000000000) ) ) 
 REPRESENTATION_ITEM ( '' )  SURFACE ( )  );
#4060 = CARTESIAN_POINT ( 'NONE',  ( -0.9999914734049458742, 0.6000483567235028737, -2.026130891929030842 ) ) ;
#4061 = ADVANCED_FACE ( 'NONE', ( #6769 ), #363, .F. ) ;
#4062 = DIRECTION ( 'NONE',  ( 0.000000000000000000, 1.000000000000000000, 0.000000000000000000 ) ) ;
#4063 = VECTOR ( 'NONE', #1995, 1000.000000000000000 ) ;
#4064 = EDGE_CURVE ( 'NONE', #4942, #2568, #6160, .T. ) ;
#4065 = CARTESIAN_POINT ( 'NONE',  ( -1.329212145139960777, 0.2000000000000000111, 1.354999999999999760 ) ) ;
#4066 = DIRECTION ( 'NONE',  ( 0.000000000000000000, 0.000000000000000000, 1.000000000000000000 ) ) ;
#4067 = VECTOR ( 'NONE', #7054, 1000.000000000000000 ) ;
#4068 = PLANE ( 'NONE',  #4671 ) ;
#4069 = VERTEX_POINT ( 'NONE', #2264 ) ;
#4070 = VERTEX_POINT ( 'NONE', #1003 ) ;
#4071 = VECTOR ( 'NONE', #1255, 1000.000000000000000 ) ;
#4072 = PLANE ( 'NONE',  #8474 ) ;
#4073 = VERTEX_POINT ( 'NONE', #1644 ) ;
#4074 = ORIENTED_EDGE ( 'NONE', *, *, #1830, .T. ) ;
#4075 = DIRECTION ( 'NONE',  ( 0.9975640502598245307, 0.06975647374412038970, 0.000000000000000000 ) ) ;
#4076 = VECTOR ( 'NONE', #8056, 1000.000000000000000 ) ;
#4077 = VECTOR ( 'NONE', #4984, 1000.000000000000000 ) ;
#4078 = CARTESIAN_POINT ( 'NONE',  ( -1.620234093675824161, -2.083034977450064059E-16, 1.644999999999999796 ) ) ;
#4079 = CARTESIAN_POINT ( 'NONE',  ( 1.326476844167053359, 0.1608833736747886656, -0.6450000000000001288 ) ) ;
#4080 = CARTESIAN_POINT ( 'NONE',  ( 1.110787854860023183, 0.4207878548600303970, -0.6450000000000001288 ) ) ;
#4081 = VECTOR ( 'NONE', #6366, 1000.000000000000000 ) ;
#4082 = ORIENTED_EDGE ( 'NONE', *, *, #2736, .F. ) ;
#4083 = AXIS2_PLACEMENT_3D ( 'NONE', #8112, #2870, #2007 ) ;
#4084 = CARTESIAN_POINT ( 'NONE',  ( -0.5999999999999996447, 1.050000000000000044, -1.700000000000000178 ) ) ;
#4085 = EDGE_LOOP ( 'NONE', ( #6044, #4262, #5952, #7083 ) ) ;
#4086 =( NAMED_UNIT ( * ) SI_UNIT ( $, .STERADIAN. ) SOLID_ANGLE_UNIT ( ) );
#4087 = DIRECTION ( 'NONE',  ( -0.9848077530122085754, 0.1736481776669273891, 0.000000000000000000 ) ) ;
#4088 = CARTESIAN_POINT ( 'NONE',  ( -0.9999999999999995559, 6.851881339845204089, 2.024999999999999911 ) ) ;
#4089 = CARTESIAN_POINT ( 'NONE',  ( -1.326476844167053359, 0.1608833736747886656, -1.145000000000000240 ) ) ;
#4090 =( GEOMETRIC_REPRESENTATION_CONTEXT ( 3 ) GLOBAL_UNCERTAINTY_ASSIGNED_CONTEXT ( ( #1543 ) ) GLOBAL_UNIT_ASSIGNED_CONTEXT ( ( #3128, #6482, #5001 ) ) REPRESENTATION_CONTEXT ( 'NONE', 'WORKASPACE' ) );
#4091 = FACE_OUTER_BOUND ( 'NONE', #5597, .T. ) ;
#4092 = ORIENTED_EDGE ( 'NONE', *, *, #4373, .F. ) ;
#4093 = DIRECTION ( 'NONE',  ( 0.000000000000000000, 0.000000000000000000, -1.000000000000000000 ) ) ;
#4094 = CARTESIAN_POINT ( 'NONE',  ( 1.110787854860023183, 0.4600000000000072919, -0.6450000000000001288 ) ) ;
#4095 = LINE ( 'NONE', #5237, #6058 ) ;
#4096 = DIRECTION ( 'NONE',  ( -0.000000000000000000, -1.000000000000000000, -0.000000000000000000 ) ) ;
#4097 = ORIENTED_EDGE ( 'NONE', *, *, #7405, .T. ) ;
#4098 = ADVANCED_FACE ( 'NONE', ( #3625 ), #4059, .T. ) ;
#4099 = DIRECTION ( 'NONE',  ( 0.000000000000000000, 0.000000000000000000, -1.000000000000000000 ) ) ;
#4100 = ORIENTED_EDGE ( 'NONE', *, *, #4898, .T. ) ;
#4101 = EDGE_CURVE ( 'NONE', #5951, #1809, #1274, .T. ) ;
#4102 = CARTESIAN_POINT ( 'NONE',  ( 0.9261308919290324182, 0.6000483567234962123, -2.099991473404947850 ) ) ;
#4103 = ORIENTED_EDGE ( 'NONE', *, *, #7360, .T. ) ;
#4104 = CARTESIAN_POINT ( 'NONE',  ( -1.326476844167053359, 0.1608833736747886378, 0.3549999999999999267 ) ) ;
#4105 = FACE_OUTER_BOUND ( 'NONE', #3819, .T. ) ;
#4106 = EDGE_CURVE ( 'NONE', #9, #8184, #8277, .T. ) ;
#4107 = DIRECTION ( 'NONE',  ( 0.000000000000000000, 0.000000000000000000, 1.000000000000000000 ) ) ;
#4108 = EDGE_LOOP ( 'NONE', ( #801, #1901, #883, #2713, #1868, #4053, #316, #4956, #99, #6276, #7883, #5494 ) ) ;
#4109 =( BOUNDED_CURVE ( )  B_SPLINE_CURVE ( 3, ( #6952, #6357, #6312, #5428 ),
 .UNSPECIFIED., .F., .F. ) 
 B_SPLINE_CURVE_WITH_KNOTS ( ( 4, 4 ),
 ( 2.371273620688836736, 3.911911686490752160 ),
 .UNSPECIFIED. ) 
 CURVE ( )  GEOMETRIC_REPRESENTATION_ITEM ( )  RATIONAL_B_SPLINE_CURVE ( ( 1.000000000000000000, 0.8117923620232559978, 0.8117923620232559978, 1.000000000000000000 ) ) 
 REPRESENTATION_ITEM ( '' )  );
#4110 = ORIENTED_EDGE ( 'NONE', *, *, #1910, .F. ) ;
#4111 = ADVANCED_FACE ( 'NONE', ( #564 ), #7654, .F. ) ;
#4112 = ORIENTED_EDGE ( 'NONE', *, *, #7847, .T. ) ;
#4113 = ADVANCED_FACE ( 'NONE', ( #2436 ), #2481, .F. ) ;
#4114 = ORIENTED_EDGE ( 'NONE', *, *, #5928, .F. ) ;
#4115 = ADVANCED_FACE ( 'NONE', ( #7740 ), #3789, .F. ) ;
#4116 = LINE ( 'NONE', #6753, #644 ) ;
#4117 = CYLINDRICAL_SURFACE ( 'NONE', #3461, 0.07500000000000019151 ) ;
#4118 = CARTESIAN_POINT ( 'NONE',  ( -0.9999999999999995559, 0.4207878548600303970, 0.3549999999999999267 ) ) ;
#4119 = AXIS2_PLACEMENT_3D ( 'NONE', #3412, #2717, #5431 ) ;
#4120 = LINE ( 'NONE', #6195, #5452 ) ;
#4121 = AXIS2_PLACEMENT_3D ( 'NONE', #3894, #2547, #550 ) ;
#4122 = FACE_OUTER_BOUND ( 'NONE', #5467, .T. ) ;
#4123 = SURFACE_SIDE_STYLE ('',( #944 ) ) ;
#4124 = FACE_OUTER_BOUND ( 'NONE', #6956, .T. ) ;
#4125 = ORIENTED_EDGE ( 'NONE', *, *, #1504, .F. ) ;
#4126 = VERTEX_POINT ( 'NONE', #6339 ) ;
#4127 = CARTESIAN_POINT ( 'NONE',  ( 1.110787854860023183, 0.5999999999999913181, -0.6450000000000001288 ) ) ;
#4128 = DIRECTION ( 'NONE',  ( -1.964242413918717925E-15, 1.000000000000000000, 0.000000000000000000 ) ) ;
#4129 = AXIS2_PLACEMENT_3D ( 'NONE', #5327, #666, #7284 ) ;
#4130 = DIRECTION ( 'NONE',  ( -0.000000000000000000, -0.000000000000000000, -1.000000000000000000 ) ) ;
#4131 = CIRCLE ( 'NONE', #4266, 0.03921214513997691581 ) ;
#4132 = CARTESIAN_POINT ( 'NONE',  ( -1.629999999999999671, 0.1396589670363589109, 0.3549999999999999267 ) ) ;
#4133 = CARTESIAN_POINT ( 'NONE',  ( 1.629999999999999671, 0.1396589670363575786, -1.355000000000000204 ) ) ;
#4134 = AXIS2_PLACEMENT_3D ( 'NONE', #7485, #6680, #5407 ) ;
#4135 = DIRECTION ( 'NONE',  ( -1.000000000000000000, 0.000000000000000000, 0.000000000000000000 ) ) ;
#4136 = ORIENTED_EDGE ( 'NONE', *, *, #1277, .F. ) ;
#4137 = VECTOR ( 'NONE', #6940, 1000.000000000000000 ) ;
#4138 = DIRECTION ( 'NONE',  ( -0.000000000000000000, -0.000000000000000000, -1.000000000000000000 ) ) ;
#4139 = CARTESIAN_POINT ( 'NONE',  ( 1.326476844167053359, 0.1608833736747886656, -1.645000000000000240 ) ) ;
#4140 = VECTOR ( 'NONE', #3970, 1000.000000000000000 ) ;
#4141 = EDGE_CURVE ( 'NONE', #6829, #4631, #1962, .T. ) ;
#4142 = VECTOR ( 'NONE', #889, 1000.000000000000000 ) ;
#4143 = DIRECTION ( 'NONE',  ( -0.000000000000000000, -0.000000000000000000, -1.000000000000000000 ) ) ;
#4144 = FACE_OUTER_BOUND ( 'NONE', #3130, .T. ) ;
#4145 = DIRECTION ( 'NONE',  ( -1.000000000000000000, -2.891205793294679411E-15, 0.000000000000000000 ) ) ;
#4146 = ORIENTED_EDGE ( 'NONE', *, *, #1547, .F. ) ;
#4147 = CARTESIAN_POINT ( 'NONE',  ( -0.9999999999999995559, 0.5999999999999912070, -0.8550000000000000933 ) ) ;
#4148 = ORIENTED_EDGE ( 'NONE', *, *, #8386, .T. ) ;
#4149 = ORIENTED_EDGE ( 'NONE', *, *, #1066, .T. ) ;
#4150 = EDGE_CURVE ( 'NONE', #4811, #5426, #3027, .T. ) ;
#4151 = AXIS2_PLACEMENT_3D ( 'NONE', #4326, #7594, #5722 ) ;
#4152 = CARTESIAN_POINT ( 'NONE',  ( 1.620234093675824161, -1.485875369962032561E-15, 0.8549999999999998712 ) ) ;
#4153 = LINE ( 'NONE', #931, #6470 ) ;
#4154 = VERTEX_POINT ( 'NONE', #448 ) ;
#4155 = ORIENTED_EDGE ( 'NONE', *, *, #7450, .T. ) ;
#4156 = ORIENTED_EDGE ( 'NONE', *, *, #4279, .T. ) ;
#4157 = EDGE_LOOP ( 'NONE', ( #797, #8148, #5031, #4457 ) ) ;
#4158 = PLANE ( 'NONE',  #5752 ) ;
#4159 = ADVANCED_FACE ( 'NONE', ( #3064 ), #5700, .T. ) ;
#4160 = FACE_OUTER_BOUND ( 'NONE', #2577, .T. ) ;
#4161 = ADVANCED_FACE ( 'NONE', ( #1140 ), #3752, .F. ) ;
#4162 = CARTESIAN_POINT ( 'NONE',  ( 0.9261308919290317521, 0.4599516432764970686, 2.099991473404946962 ) ) ;
#4163 = LINE ( 'NONE', #2339, #7698 ) ;
#4164 = CARTESIAN_POINT ( 'NONE',  ( 1.620234093675824161, -1.484648254424143662E-15, -0.8550000000000002043 ) ) ;
#4165 = ORIENTED_EDGE ( 'NONE', *, *, #4040, .T. ) ;
#4166 = PLANE ( 'NONE',  #6945 ) ;
#4167 = DIRECTION ( 'NONE',  ( 0.000000000000000000, 1.000000000000000000, 0.000000000000000000 ) ) ;
#4168 = ADVANCED_FACE ( 'NONE', ( #3102 ), #5741, .F. ) ;
#4169 = LINE ( 'NONE', #4254, #5114 ) ;
#4170 = CARTESIAN_POINT ( 'NONE',  ( -0.8489040373074707713, 1.025000000000000133, -1.948904037307471526 ) ) ;
#4171 = EDGE_CURVE ( 'NONE', #5947, #7288, #522, .T. ) ;
#4172 = CARTESIAN_POINT ( 'NONE',  ( 1.110787854860023183, 0.4207878548600303970, -0.1450000000000001565 ) ) ;
#4173 = ORIENTED_EDGE ( 'NONE', *, *, #7624, .F. ) ;
#4174 = DIRECTION ( 'NONE',  ( -0.000000000000000000, -0.000000000000000000, -1.000000000000000000 ) ) ;
#4175 = CARTESIAN_POINT ( 'NONE',  ( 1.326476844167053359, 0.1608833736747886656, -1.645000000000000240 ) ) ;
#4176 = CARTESIAN_POINT ( 'NONE',  ( 1.110787854860023183, 0.5999999999999913181, 1.855000000000000204 ) ) ;
#4177 = AXIS2_PLACEMENT_3D ( 'NONE', #2766, #6721, #4871 ) ;
#4178 = PLANE ( 'NONE',  #2324 ) ;
#4179 = LINE ( 'NONE', #8143, #5063 ) ;
#4180 = LINE ( 'NONE', #3587, #6739 ) ;
#4181 = VERTEX_POINT ( 'NONE', #3312 ) ;
#4182 = CARTESIAN_POINT ( 'NONE',  ( -1.629999999999999671, 0.1396589670363589109, 0.8549999999999998712 ) ) ;
#4183 = ORIENTED_EDGE ( 'NONE', *, *, #6236, .F. ) ;
#4184 = ORIENTED_EDGE ( 'NONE', *, *, #3652, .T. ) ;
#4185 = DIRECTION ( 'NONE',  ( 0.1710878697460322395, -0.9702875252478151413, -0.1710878697460319064 ) ) ;
#4186 = FACE_OUTER_BOUND ( 'NONE', #131, .T. ) ;
#4187 = VECTOR ( 'NONE', #3863, 1000.000000000000000 ) ;
#4188 = VERTEX_POINT ( 'NONE', #7260 ) ;
#4189 = ORIENTED_EDGE ( 'NONE', *, *, #3330, .T. ) ;
#4190 = ORIENTED_EDGE ( 'NONE', *, *, #2486, .F. ) ;
#4191 = ORIENTED_EDGE ( 'NONE', *, *, #8195, .T. ) ;
#4192 =( GEOMETRIC_REPRESENTATION_CONTEXT ( 3 ) GLOBAL_UNCERTAINTY_ASSIGNED_CONTEXT ( ( #102 ) ) GLOBAL_UNIT_ASSIGNED_CONTEXT ( ( #4780, #7952, #4086 ) ) REPRESENTATION_CONTEXT ( 'NONE', 'WORKASPACE' ) );
#4193 = UNCERTAINTY_MEASURE_WITH_UNIT (LENGTH_MEASURE( 1.000000000000000082E-05 ), #6725, 'distance_accuracy_value', 'NONE');
#4194 = LINE ( 'NONE', #5558, #251 ) ;
#4195 = CARTESIAN_POINT ( 'NONE',  ( 1.629999999999999671, 0.1396589670363576063, 1.354999999999999760 ) ) ;
#4196 = DIRECTION ( 'NONE',  ( -1.000000000000000000, 0.000000000000000000, 0.000000000000000000 ) ) ;
#4197 = CARTESIAN_POINT ( 'NONE',  ( 1.149999999999999911, 0.4207878548600304525, 0.8549999999999998712 ) ) ;
#4198 = CARTESIAN_POINT ( 'NONE',  ( -1.289999999999983604, 0.4207878548600304525, 0.1449999999999999345 ) ) ;
#4199 =( GEOMETRIC_REPRESENTATION_CONTEXT ( 3 ) GLOBAL_UNCERTAINTY_ASSIGNED_CONTEXT ( ( #8162 ) ) GLOBAL_UNIT_ASSIGNED_CONTEXT ( ( #6495, #481, #7606 ) ) REPRESENTATION_CONTEXT ( 'NONE', 'WORKASPACE' ) );
#4200 = CARTESIAN_POINT ( 'NONE',  ( -1.289999999999983604, 0.4207878548600304525, 1.645000000000000018 ) ) ;
#4201 = ORIENTED_EDGE ( 'NONE', *, *, #496, .F. ) ;
#4202 = CARTESIAN_POINT ( 'NONE',  ( -1.289999999999983604, 0.4207878548600304525, 0.6449999999999999067 ) ) ;
#4203 = CARTESIAN_POINT ( 'NONE',  ( 1.000000000000000000, 0.5999999999999903189, -0.6450000000000001288 ) ) ;
#4204 = ORIENTED_EDGE ( 'NONE', *, *, #8386, .F. ) ;
#4205 = EDGE_CURVE ( 'NONE', #544, #6509, #1303, .T. ) ;
#4206 = ORIENTED_EDGE ( 'NONE', *, *, #303, .T. ) ;
#4207 = EDGE_CURVE ( 'NONE', #6509, #8364, #5957, .T. ) ;
#4208 = DIRECTION ( 'NONE',  ( 0.000000000000000000, 0.000000000000000000, 1.000000000000000000 ) ) ;
#4209 = VECTOR ( 'NONE', #7804, 1000.000000000000000 ) ;
#4210 = LINE ( 'NONE', #3525, #6563 ) ;
#4211 = DIRECTION ( 'NONE',  ( -0.9975640502598245307, -0.06975647374412029256, 0.000000000000000000 ) ) ;
#4212 = CIRCLE ( 'NONE', #4494, 0.03921214513997670070 ) ;
#4213 = SURFACE_STYLE_FILL_AREA ( #5743 ) ;
#4214 = AXIS2_PLACEMENT_3D ( 'NONE', #3057, #995, #4385 ) ;
#4215 = PLANE ( 'NONE',  #6497 ) ;
#4216 = DIRECTION ( 'NONE',  ( -0.1710878697460326836, 0.9702875252478149193, -0.1710878697460326836 ) ) ;
#4217 = CARTESIAN_POINT ( 'NONE',  ( -0.8872540511985418377, 1.100000000000000977, 1.987254051198542371 ) ) ;
#4218 = VERTEX_POINT ( 'NONE', #3189 ) ;
#4220 = ADVANCED_FACE ( 'NONE', ( #7943 ), #3353, .F. ) ;
#4219 = LINE ( 'NONE', #4264, #5064 ) ;
#4221 = DIRECTION ( 'NONE',  ( 1.000000000000000000, -9.786290869656726145E-16, 0.000000000000000000 ) ) ;
#4222 = ADVANCED_FACE ( 'NONE', ( #5305 ), #6622, .F. ) ;
#4223 = AXIS2_PLACEMENT_3D ( 'NONE', #7396, #7954, #198 ) ;
#4224 = DIRECTION ( 'NONE',  ( 0.000000000000000000, 1.000000000000000000, 0.000000000000000000 ) ) ;
#4225 = ADVANCED_FACE ( 'NONE', ( #6837 ), #817, .F. ) ;
#4226 = CYLINDRICAL_SURFACE ( 'NONE', #925, 0.1792121451399605880 ) ;
#4227 = CARTESIAN_POINT ( 'NONE',  ( 1.110787854860023183, 0.4207878548600303970, -1.354999999999999982 ) ) ;
#4228 = ORIENTED_EDGE ( 'NONE', *, *, #4047, .T. ) ;
#4229 = DIRECTION ( 'NONE',  ( 1.000000000000000000, 0.000000000000000000, -0.000000000000000000 ) ) ;
#4230 = ORIENTED_EDGE ( 'NONE', *, *, #6649, .F. ) ;
#4231 = VERTEX_POINT ( 'NONE', #6791 ) ;
#4232 = CARTESIAN_POINT ( 'NONE',  ( -0.5999999999999996447, 1.100000000000000089, -1.550000000000000266 ) ) ;
#4233 = CARTESIAN_POINT ( 'NONE',  ( -1.289999999999983826, 0.4207878548600303970, 0.8549999999999998712 ) ) ;
#4234 = ORIENTED_EDGE ( 'NONE', *, *, #1033, .T. ) ;
#4235 = FACE_OUTER_BOUND ( 'NONE', #625, .T. ) ;
#4236 = ORIENTED_EDGE ( 'NONE', *, *, #3477, .T. ) ;
#4237 = ORIENTED_EDGE ( 'NONE', *, *, #2545, .F. ) ;
#4238 = VERTEX_POINT ( 'NONE', #3515 ) ;
#4239 = ORIENTED_EDGE ( 'NONE', *, *, #6539, .T. ) ;
#4240 = DIRECTION ( 'NONE',  ( -0.000000000000000000, -0.000000000000000000, 1.000000000000000000 ) ) ;
#4241 = EDGE_CURVE ( 'NONE', #1628, #8248, #312, .T. ) ;
#4242 = CARTESIAN_POINT ( 'NONE',  ( -0.8992721773685959930, 0.1247737546427836047, 2.041214128597720112 ) ) ;
#4243 = DIRECTION ( 'NONE',  ( -1.000000000000000000, 0.000000000000000000, 0.000000000000000000 ) ) ;
#4244 = DIRECTION ( 'NONE',  ( -0.06975647374411941826, 0.9975640502598246417, 0.000000000000000000 ) ) ;
#4245 = DIRECTION ( 'NONE',  ( -0.000000000000000000, -0.000000000000000000, -1.000000000000000000 ) ) ;
#4246 = VERTEX_POINT ( 'NONE', #7469 ) ;
#4247 = CARTESIAN_POINT ( 'NONE',  ( -1.149999999999999911, 0.4207878548600303970, 1.354999999999999760 ) ) ;
#4248 = ORIENTED_EDGE ( 'NONE', *, *, #5173, .F. ) ;
#4249 = ORIENTED_EDGE ( 'NONE', *, *, #6114, .T. ) ;
#4250 = FACE_OUTER_BOUND ( 'NONE', #6222, .T. ) ;
#4251 = CARTESIAN_POINT ( 'NONE',  ( -1.150000000000000133, 0.2000000000000000111, 0.3549999999999999267 ) ) ;
#4252 = VECTOR ( 'NONE', #3542, 1000.000000000000000 ) ;
#4253 = CIRCLE ( 'NONE', #3724, 0.1792121451399605880 ) ;
#4254 = CARTESIAN_POINT ( 'NONE',  ( -1.620234093675824161, -2.083034977450064059E-16, -0.1450000000000001565 ) ) ;
#4255 = CARTESIAN_POINT ( 'NONE',  ( -1.620234093675824161, -2.083034977450064059E-16, 1.855000000000000204 ) ) ;
#4256 = EDGE_CURVE ( 'NONE', #7984, #6362, #2929, .T. ) ;
#4257 = EDGE_CURVE ( 'NONE', #2976, #7370, #5682, .T. ) ;
#4258 = SURFACE_STYLE_USAGE ( .BOTH. , #5008 ) ;
#4259 = ORIENTED_EDGE ( 'NONE', *, *, #7892, .T. ) ;
#4260 = LINE ( 'NONE', #6211, #5677 ) ;
#4261 = CARTESIAN_POINT ( 'NONE',  ( -0.9165283512985354930, 1.033307012864741248, 1.998438563245935162 ) ) ;
#4262 = ORIENTED_EDGE ( 'NONE', *, *, #5543, .T. ) ;
#4263 = AXIS2_PLACEMENT_3D ( 'NONE', #5243, #1282, #3335 ) ;
#4264 = CARTESIAN_POINT ( 'NONE',  ( 1.316710937842878071, 0.02122440663842936268, 0.8549999999999998712 ) ) ;
#4265 = CARTESIAN_POINT ( 'NONE',  ( 0.8489040373074716594, 1.025000000000000133, 1.948904037307471526 ) ) ;
#4266 = AXIS2_PLACEMENT_3D ( 'NONE', #59, #2672, #2026 ) ;
#4267 = VECTOR ( 'NONE', #4355, 1000.000000000000000 ) ;
#4268 = CARTESIAN_POINT ( 'NONE',  ( -1.149999999999999911, 0.4207878548600304525, 1.645000000000000018 ) ) ;
#4269 = AXIS2_PLACEMENT_3D ( 'NONE', #4347, #6982, #3224 ) ;
#4270 = EDGE_CURVE ( 'NONE', #5208, #3286, #4985, .T. ) ;
#4271 = DIRECTION ( 'NONE',  ( -0.000000000000000000, -0.000000000000000000, -1.000000000000000000 ) ) ;
#4272 = CIRCLE ( 'NONE', #7430, 0.1792121451399605880 ) ;
#4273 = EDGE_CURVE ( 'NONE', #8023, #5506, #1582, .T. ) ;
#4274 = ORIENTED_EDGE ( 'NONE', *, *, #1973, .T. ) ;
#4275 = ADVANCED_FACE ( 'NONE', ( #2837 ), #4117, .T. ) ;
#4276 = CLOSED_SHELL ( 'NONE', ( #3119, #4641, #8048, #1813, #4225, #7933, #4699, #7592, #1024, #1766, #8288, #5591, #3438, #1246 ) ) ;
#4277 = DIRECTION ( 'NONE',  ( -0.06975647374411922397, 0.9975640502598246417, 0.000000000000000000 ) ) ;
#4278 = ORIENTED_EDGE ( 'NONE', *, *, #5447, .T. ) ;
#4279 = EDGE_CURVE ( 'NONE', #4154, #1952, #3054, .T. ) ;
#4280 = ORIENTED_EDGE ( 'NONE', *, *, #7909, .T. ) ;
#4281 = AXIS2_PLACEMENT_3D ( 'NONE', #6849, #3527, #2812 ) ;
#4282 = EDGE_CURVE ( 'NONE', #4181, #7975, #4902, .T. ) ;
#4283 = CARTESIAN_POINT ( 'NONE',  ( -0.9165283512985350489, 1.058635676302443374, -1.994190909129186728 ) ) ;
#4284 = ORIENTED_EDGE ( 'NONE', *, *, #802, .T. ) ;
#4285 = AXIS2_PLACEMENT_3D ( 'NONE', #2658, #4611, #2694 ) ;
#4286 = CARTESIAN_POINT ( 'NONE',  ( -1.110787854860023183, 0.5999999999999910960, -1.145000000000000240 ) ) ;
#4287 = DIRECTION ( 'NONE',  ( -1.000000000000000000, 0.000000000000000000, 0.000000000000000000 ) ) ;
#4288 = DIRECTION ( 'NONE',  ( 9.821212069593589627E-16, 1.000000000000000000, 0.000000000000000000 ) ) ;
#4289 = ORIENTED_EDGE ( 'NONE', *, *, #6683, .T. ) ;
#4290 = EDGE_LOOP ( 'NONE', ( #5938, #5057, #5177, #6053 ) ) ;
#4291 = ORIENTED_EDGE ( 'NONE', *, *, #7361, .T. ) ;
#4292 = ORIENTED_EDGE ( 'NONE', *, *, #4938, .T. ) ;
#4293 = STYLED_ITEM ( 'NONE', ( #2001 ), #1877 ) ;
#4294 = DIRECTION ( 'NONE',  ( 0.000000000000000000, 0.000000000000000000, 1.000000000000000000 ) ) ;
#4295 = DIRECTION ( 'NONE',  ( -0.000000000000000000, -0.000000000000000000, -1.000000000000000000 ) ) ;
#4296 = CARTESIAN_POINT ( 'NONE',  ( 0.8735898146066566339, 0.1000000000000000056, 0.000000000000000000 ) ) ;
#4297 = CARTESIAN_POINT ( 'NONE',  ( -1.289999999999983826, 0.1999999999999999833, -0.3550000000000000377 ) ) ;
#4298 = DIRECTION ( 'NONE',  ( -0.06975647374411922397, 0.9975640502598246417, 0.000000000000000000 ) ) ;
#4299 = CARTESIAN_POINT ( 'NONE',  ( 1.629999999999999671, 0.1396589670363575786, -0.8550000000000000933 ) ) ;
#4300 = DIRECTION ( 'NONE',  ( -1.000000000000000000, 0.000000000000000000, 0.000000000000000000 ) ) ;
#4301 = ORIENTED_EDGE ( 'NONE', *, *, #68, .T. ) ;
#4302 = EDGE_CURVE ( 'NONE', #1539, #7274, #188, .T. ) ;
#4303 = DIRECTION ( 'NONE',  ( 0.000000000000000000, -0.9848077530122086864, -0.1736481776669271393 ) ) ;
#4304 = PLANE ( 'NONE',  #2960 ) ;
#4305 = CARTESIAN_POINT ( 'NONE',  ( 0.9119398284977271452, 0.09999999999999970024, 2.011939828497725902 ) ) ;
#4306 = CARTESIAN_POINT ( 'NONE',  ( 0.9165283512985360481, 1.058635676302443596, -1.994190909129186728 ) ) ;
#4307 = DIRECTION ( 'NONE',  ( -0.000000000000000000, -0.000000000000000000, -1.000000000000000000 ) ) ;
#4308 = FILL_AREA_STYLE_COLOUR ( '', #2082 ) ;
#4309 = ORIENTED_EDGE ( 'NONE', *, *, #6912, .F. ) ;
#4310 = PLANE ( 'NONE',  #447 ) ;
#4311 = DIRECTION ( 'NONE',  ( 0.000000000000000000, 0.000000000000000000, 1.000000000000000000 ) ) ;
#4312 = CARTESIAN_POINT ( 'NONE',  ( -0.8489040373074706602, 1.038023613325019578, -2.022764618783387203 ) ) ;
#4313 = CARTESIAN_POINT ( 'NONE',  ( 1.150000000000000133, 0.2000000000000000111, 1.645000000000000018 ) ) ;
#4314 = EDGE_CURVE ( 'NONE', #1028, #4154, #7431, .T. ) ;
#4315 = DIRECTION ( 'NONE',  ( -0.000000000000000000, -0.000000000000000000, -1.000000000000000000 ) ) ;
#4316 = ORIENTED_EDGE ( 'NONE', *, *, #6538, .T. ) ;
#4317 = DIRECTION ( 'NONE',  ( -0.000000000000000000, -0.000000000000000000, -1.000000000000000000 ) ) ;
#4318 = ORIENTED_EDGE ( 'NONE', *, *, #1998, .F. ) ;
#4319 = LINE ( 'NONE', #6314, #3456 ) ;
#4320 = ADVANCED_FACE ( 'NONE', ( #5432 ), #8036, .T. ) ;
#4321 = EDGE_CURVE ( 'NONE', #2289, #3861, #7390, .T. ) ;
#4322 = CARTESIAN_POINT ( 'NONE',  ( 1.289999999999983826, 0.1999999999999999833, -0.1450000000000001565 ) ) ;
#4323 = AXIS2_PLACEMENT_3D ( 'NONE', #8005, #4087, #7440 ) ;
#4324 = VERTEX_POINT ( 'NONE', #8258 ) ;
#4325 = CARTESIAN_POINT ( 'NONE',  ( 1.000000000000000000, 0.4600000000000070144, 0.1449999999999999345 ) ) ;
#4326 = CARTESIAN_POINT ( 'NONE',  ( 1.110787854860023183, 0.4600000000000072919, -1.145000000000000240 ) ) ;
#4327 = ORIENTED_EDGE ( 'NONE', *, *, #1621, .F. ) ;
#4328 = ORIENTED_EDGE ( 'NONE', *, *, #6284, .F. ) ;
#4329 = ORIENTED_EDGE ( 'NONE', *, *, #3068, .F. ) ;
#4330 = EDGE_CURVE ( 'NONE', #7326, #3849, #7009, .T. ) ;
#4331 = EDGE_CURVE ( 'NONE', #3608, #3905, #5955, .T. ) ;
#4332 = PLANE ( 'NONE',  #2038 ) ;
#4333 = LINE ( 'NONE', #4946, #4814 ) ;
#4334 = LINE ( 'NONE', #7837, #5126 ) ;
#4335 = VECTOR ( 'NONE', #6758, 1000.000000000000000 ) ;
#4336 = DIRECTION ( 'NONE',  ( 0.000000000000000000, 0.000000000000000000, 1.000000000000000000 ) ) ;
#4337 = DIRECTION ( 'NONE',  ( -0.000000000000000000, -0.000000000000000000, -1.000000000000000000 ) ) ;
#4338 = LINE ( 'NONE', #8345, #3259 ) ;
#4339 = EDGE_LOOP ( 'NONE', ( #5297, #2459, #7911, #4911 ) ) ;
#4340 =( NAMED_UNIT ( * ) SI_UNIT ( $, .STERADIAN. ) SOLID_ANGLE_UNIT ( ) );
#4341 = DIRECTION ( 'NONE',  ( 0.000000000000000000, 0.000000000000000000, 1.000000000000000000 ) ) ;
#4342 = CARTESIAN_POINT ( 'NONE',  ( -1.316710937842878071, 0.02122440663842936268, 0.8549999999999998712 ) ) ;
#4343 = ORIENTED_EDGE ( 'NONE', *, *, #8238, .T. ) ;
#4344 = CARTESIAN_POINT ( 'NONE',  ( -1.110787854860023183, 0.4600000000000071254, 1.354999999999999760 ) ) ;
#4345 = VECTOR ( 'NONE', #6062, 1000.000000000000000 ) ;
#4346 =( BOUNDED_CURVE ( )  B_SPLINE_CURVE ( 3, ( #4162, #6152, #4862, #4772 ),
 .UNSPECIFIED., .F., .F. ) 
 B_SPLINE_CURVE_WITH_KNOTS ( ( 4, 4 ),
 ( 5.512866274278620082, 7.053504340080561263 ),
 .UNSPECIFIED. ) 
 CURVE ( )  GEOMETRIC_REPRESENTATION_ITEM ( )  RATIONAL_B_SPLINE_CURVE ( ( 1.000000000000000000, 0.8117923620232501136, 0.8117923620232501136, 1.000000000000000000 ) ) 
 REPRESENTATION_ITEM ( '' )  );
#4347 = CARTESIAN_POINT ( 'NONE',  ( 0.8489040373074717705, 1.025000000000000133, -1.948904037307471748 ) ) ;
#4348 = AXIS2_PLACEMENT_3D ( 'NONE', #2209, #6846, #1046 ) ;
#4349 = CARTESIAN_POINT ( 'NONE',  ( 0.8872540511985428369, 1.075226245357215893, -2.016528351298535693 ) ) ;
#4350 = DIRECTION ( 'NONE',  ( -0.000000000000000000, 1.000000000000000000, 0.000000000000000000 ) ) ;
#4351 = DIRECTION ( 'NONE',  ( -1.000000000000000000, 0.000000000000000000, 0.000000000000000000 ) ) ;
#4352 = ORIENTED_EDGE ( 'NONE', *, *, #4440, .F. ) ;
#4353 = CIRCLE ( 'NONE', #2846, 0.1792121451399605880 ) ;
#4354 = CARTESIAN_POINT ( 'NONE',  ( -1.629999999999999671, 0.1396589670363589109, 0.1449999999999998235 ) ) ;
#4355 = DIRECTION ( 'NONE',  ( -0.000000000000000000, 0.000000000000000000, 1.000000000000000000 ) ) ;
#4356 = ORIENTED_EDGE ( 'NONE', *, *, #7074, .T. ) ;
#4357 = FACE_OUTER_BOUND ( 'NONE', #3969, .T. ) ;
#4358 = DIRECTION ( 'NONE',  ( -1.000000000000000000, 0.000000000000000000, 0.000000000000000000 ) ) ;
#4359 = MECHANICAL_DESIGN_GEOMETRIC_PRESENTATION_REPRESENTATION (  '', ( #113 ), #4613 ) ;
#4360 = VECTOR ( 'NONE', #5943, 1000.000000000000000 ) ;
#4361 = AXIS2_PLACEMENT_3D ( 'NONE', #1636, #8216, #4300 ) ;
#4362 = DIRECTION ( 'NONE',  ( -1.000000000000000000, 0.000000000000000000, 0.000000000000000000 ) ) ;
#4363 = AXIS2_PLACEMENT_3D ( 'NONE', #2536, #5152, #7753 ) ;
#4364 = CIRCLE ( 'NONE', #655, 0.03921214513997691581 ) ;
#4365 = DIRECTION ( 'NONE',  ( -0.9975640502598243087, 0.06975647374412363710, 0.000000000000000000 ) ) ;
#4366 = ORIENTED_EDGE ( 'NONE', *, *, #2087, .F. ) ;
#4367 = FILL_AREA_STYLE ('',( #3082 ) ) ;
#4368 = AXIS2_PLACEMENT_3D ( 'NONE', #1491, #2191, #2999 ) ;
#4369 = DIRECTION ( 'NONE',  ( -0.000000000000000000, -0.000000000000000000, -1.000000000000000000 ) ) ;
#4370 = VECTOR ( 'NONE', #5646, 1000.000000000000000 ) ;
#4371 = EDGE_CURVE ( 'NONE', #2568, #2316, #477, .T. ) ;
#4372 = EDGE_LOOP ( 'NONE', ( #2198, #2897, #8404, #1288 ) ) ;
#4373 = EDGE_CURVE ( 'NONE', #4890, #6201, #5813, .T. ) ;
#4374 = DIRECTION ( 'NONE',  ( 0.000000000000000000, 1.000000000000000000, 0.000000000000000000 ) ) ;
#4375 = ORIENTED_EDGE ( 'NONE', *, *, #2761, .F. ) ;
#4376 = ORIENTED_EDGE ( 'NONE', *, *, #5388, .T. ) ;
#4377 = ORIENTED_EDGE ( 'NONE', *, *, #2975, .T. ) ;
#4378 = DIRECTION ( 'NONE',  ( 1.000000000000000000, 0.000000000000000000, -0.000000000000000000 ) ) ;
#4379 = FACE_OUTER_BOUND ( 'NONE', #6872, .T. ) ;
#4380 = CARTESIAN_POINT ( 'NONE',  ( -0.9999999999999995559, 0.5999999999999912070, -0.3550000000000000377 ) ) ;
#4381 = LINE ( 'NONE', #7010, #916 ) ;
#4382 = EDGE_CURVE ( 'NONE', #2055, #3308, #4334, .T. ) ;
#4383 = EDGE_CURVE ( 'NONE', #5852, #5249, #2387, .T. ) ;
#4384 = PLANE ( 'NONE',  #1391 ) ;
#4385 = DIRECTION ( 'NONE',  ( -1.000000000000000000, 0.000000000000000000, 0.000000000000000000 ) ) ;
#4386 = EDGE_CURVE ( 'NONE', #1611, #8030, #3882, .T. ) ;
#4387 = ORIENTED_EDGE ( 'NONE', *, *, #4530, .F. ) ;
#4388 = PLANE ( 'NONE',  #2728 ) ;
#4389 = SURFACE_STYLE_USAGE ( .BOTH. , #5651 ) ;
#4390 = FACE_OUTER_BOUND ( 'NONE', #8475, .T. ) ;
#4391 = ORIENTED_EDGE ( 'NONE', *, *, #333, .T. ) ;
#4392 = CARTESIAN_POINT ( 'NONE',  ( -1.150000000000000133, 0.2000000000000000111, 1.354999999999999760 ) ) ;
#4393 = CARTESIAN_POINT ( 'NONE',  ( -1.329212145139960777, 0.2000000000000000111, 0.3549999999999999267 ) ) ;
#4394 = CARTESIAN_POINT ( 'NONE',  ( -1.620234093675824161, -2.168404344971008868E-16, -0.6450000000000001288 ) ) ;
#4395 = CARTESIAN_POINT ( 'NONE',  ( 0.9165283512985361591, 1.058635676302443818, 1.994190909129186728 ) ) ;
#4396 = DIRECTION ( 'NONE',  ( -1.000000000000000000, 0.000000000000000000, 0.000000000000000000 ) ) ;
#4397 = VERTEX_POINT ( 'NONE', #4997 ) ;
#4398 = CARTESIAN_POINT ( 'NONE',  ( -1.110787854860023183, 0.4600000000000071809, 0.1449999999999999345 ) ) ;
#4399 = DIRECTION ( 'NONE',  ( -0.1736481776669273891, 0.9848077530122085754, 0.000000000000000000 ) ) ;
#4400 = ORIENTED_EDGE ( 'NONE', *, *, #459, .T. ) ;
#4401 =( BOUNDED_CURVE ( )  B_SPLINE_CURVE ( 3, ( #354, #4906, #5648, #3614 ),
 .UNSPECIFIED., .F., .F. ) 
 B_SPLINE_CURVE_WITH_KNOTS ( ( 4, 4 ),
 ( 2.371273620688833628, 3.911911686490756601 ),
 .UNSPECIFIED. ) 
 CURVE ( )  GEOMETRIC_REPRESENTATION_ITEM ( )  RATIONAL_B_SPLINE_CURVE ( ( 1.000000000000000000, 0.8117923620232542214, 0.8117923620232542214, 1.000000000000000000 ) ) 
 REPRESENTATION_ITEM ( '' )  );
#4402 = FACE_OUTER_BOUND ( 'NONE', #5122, .T. ) ;
#4403 = DIRECTION ( 'NONE',  ( 0.000000000000000000, 0.000000000000000000, -1.000000000000000000 ) ) ;
#4404 = AXIS2_PLACEMENT_3D ( 'NONE', #2225, #6992, #8284 ) ;
#4405 = CIRCLE ( 'NONE', #1110, 0.1792121451399605880 ) ;
#4406 = CARTESIAN_POINT ( 'NONE',  ( -1.326476844167053359, 0.1608833736747886101, -0.6450000000000001288 ) ) ;
#4407 = VECTOR ( 'NONE', #2572, 1000.000000000000000 ) ;
#4408 = ORIENTED_EDGE ( 'NONE', *, *, #3488, .T. ) ;
#4409 = VECTOR ( 'NONE', #5411, 1000.000000000000000 ) ;
#4410 = ORIENTED_EDGE ( 'NONE', *, *, #3518, .F. ) ;
#4411 = PRESENTATION_STYLE_ASSIGNMENT (( #2450 ) ) ;
#4412 = EDGE_CURVE ( 'NONE', #544, #6105, #6879, .T. ) ;
#4413 = AXIS2_PLACEMENT_3D ( 'NONE', #1488, #6733, #2822 ) ;
#4414 = AXIS2_PLACEMENT_3D ( 'NONE', #1914, #3071, #7702 ) ;
#4415 = EDGE_CURVE ( 'NONE', #6054, #8304, #3093, .T. ) ;
#4416 = CARTESIAN_POINT ( 'NONE',  ( -0.9999999999999995559, 0.5999999999999912070, -1.645000000000000240 ) ) ;
#4417 = LINE ( 'NONE', #5241, #8108 ) ;
#4418 = AXIS2_PLACEMENT_3D ( 'NONE', #1101, #2315, #2946 ) ;
#4419 = DIRECTION ( 'NONE',  ( -1.000000000000000000, 0.000000000000000000, 0.000000000000000000 ) ) ;
#4420 = LINE ( 'NONE', #471, #1005 ) ;
#4421 = AXIS2_PLACEMENT_3D ( 'NONE', #7204, #5898, #6569 ) ;
#4422 = ORIENTED_EDGE ( 'NONE', *, *, #3393, .F. ) ;
#4423 = EDGE_LOOP ( 'NONE', ( #6639, #1923, #2704 ) ) ;
#4424 = VERTEX_POINT ( 'NONE', #1280 ) ;
#4425 = ADVANCED_FACE ( 'NONE', ( #7160 ), #433, .F. ) ;
#4426 = CLOSED_SHELL ( 'NONE', ( #1070, #1648, #4929, #89, #8275, #2246, #6078, #3896, #4967, #5553, #6179, #1222, #3598, #5811, #4595, #5017, #4275, #8207, #5793, #6424, #964, #5016, #7717, #3167, #8228, #114, #5221, #7750, #8319, #2402, #344, #7315, #8097, #746, #2311, #4098, #1716, #815, #6494, #2194, #101, #2497, #5080, #3799, #5230 ) ) ;
#4427 = DIRECTION ( 'NONE',  ( -1.000000000000000000, 0.000000000000000000, 0.000000000000000000 ) ) ;
#4428 = VECTOR ( 'NONE', #2202, 1000.000000000000114 ) ;
#4429 = CARTESIAN_POINT ( 'NONE',  ( 1.000000000000000000, 0.4600000000000065148, 1.855000000000000204 ) ) ;
#4430 = CARTESIAN_POINT ( 'NONE',  ( -1.329212145139960777, 0.2000000000000000111, 0.1449999999999999345 ) ) ;
#4431 = DIRECTION ( 'NONE',  ( 0.000000000000000000, 1.000000000000000000, 0.000000000000000000 ) ) ;
#4432 = ORIENTED_EDGE ( 'NONE', *, *, #684, .F. ) ;
#4433 = DIRECTION ( 'NONE',  ( 0.1710878697460326558, 0.9702875252478156964, -0.1710878697460291309 ) ) ;
#4434 = DIRECTION ( 'NONE',  ( 9.821212069593589627E-16, -1.000000000000000000, 0.000000000000000000 ) ) ;
#4435 = DIRECTION ( 'NONE',  ( -1.000000000000000000, -6.912413033099766695E-16, 0.000000000000000000 ) ) ;
#4436 = CIRCLE ( 'NONE', #2662, 0.1792121451399605880 ) ;
#4437 = VERTEX_POINT ( 'NONE', #7600 ) ;
#4438 = EDGE_CURVE ( 'NONE', #247, #2048, #5086, .T. ) ;
#4439 = CARTESIAN_POINT ( 'NONE',  ( -1.150000000000000133, 0.2000000000000000111, -0.6450000000000001288 ) ) ;
#4440 = EDGE_CURVE ( 'NONE', #5505, #5978, #3243, .T. ) ;
#4441 = CARTESIAN_POINT ( 'NONE',  ( 0.8489040373074718815, 1.037404390581548208, -2.022871131980037873 ) ) ;
#4442 = ORIENTED_EDGE ( 'NONE', *, *, #5457, .F. ) ;
#4443 = LINE ( 'NONE', #1791, #3735 ) ;
#4444 = LINE ( 'NONE', #8395, #7973 ) ;
#4445 = CYLINDRICAL_SURFACE ( 'NONE', #3922, 0.03921214513997670070 ) ;
#4446 = FACE_OUTER_BOUND ( 'NONE', #6750, .T. ) ;
#4447 = ADVANCED_FACE ( 'NONE', ( #351 ), #3658, .F. ) ;
#4448 = EDGE_CURVE ( 'NONE', #5065, #1294, #5888, .T. ) ;
#4449 = ORIENTED_EDGE ( 'NONE', *, *, #8470, .F. ) ;
#4450 = ORIENTED_EDGE ( 'NONE', *, *, #4101, .F. ) ;
#4451 = PLANE ( 'NONE',  #8482 ) ;
#4452 = LINE ( 'NONE', #1192, #6755 ) ;
#4453 = DIRECTION ( 'NONE',  ( -0.06975647374412463630, -0.9975640502598243087, 0.000000000000000000 ) ) ;
#4454 = EDGE_LOOP ( 'NONE', ( #4537, #5161, #6861, #7801 ) ) ;
#4455 = DIRECTION ( 'NONE',  ( 0.000000000000000000, 0.000000000000000000, 1.000000000000000000 ) ) ;
#4456 = ORIENTED_EDGE ( 'NONE', *, *, #5712, .T. ) ;
#4457 = ORIENTED_EDGE ( 'NONE', *, *, #4580, .F. ) ;
#4458 = ORIENTED_EDGE ( 'NONE', *, *, #6060, .F. ) ;
#4459 = CARTESIAN_POINT ( 'NONE',  ( 1.110787854860023183, 0.4207878548600303970, 1.354999999999999760 ) ) ;
#4460 = VECTOR ( 'NONE', #1996, 1000.000000000000000 ) ;
#4461 = PLANE ( 'NONE',  #7823 ) ;
#4462 = CARTESIAN_POINT ( 'NONE',  ( -0.9999999999999995559, 0.4600000000000072919, -2.100000000000000089 ) ) ;
#4463 = FACE_OUTER_BOUND ( 'NONE', #3971, .T. ) ;
#4464 = CARTESIAN_POINT ( 'NONE',  ( -0.8735898146066560788, 0.1625956094184517753, -2.047556909279222737 ) ) ;
#4465 = DIRECTION ( 'NONE',  ( -1.000000000000000000, 0.000000000000000000, 0.000000000000000000 ) ) ;
#4466 = CARTESIAN_POINT ( 'NONE',  ( 1.329212145139960777, 0.2000000000000000111, -0.1450000000000001565 ) ) ;
#4467 = ORIENTED_EDGE ( 'NONE', *, *, #6010, .T. ) ;
#4468 = DIRECTION ( 'NONE',  ( -0.1710878697460326836, 0.9702875252478150303, 0.1710878697460319897 ) ) ;
#4469 = DIRECTION ( 'NONE',  ( -0.06975647374411923785, -0.9975640502598246417, 0.000000000000000000 ) ) ;
#4470 = CARTESIAN_POINT ( 'NONE',  ( 0.9165283512985363812, 1.075226245357216337, 1.948904037307471082 ) ) ;
#4471 = EDGE_CURVE ( 'NONE', #1893, #2911, #2615, .T. ) ;
#4472 = VERTEX_POINT ( 'NONE', #5606 ) ;
#4473 = EDGE_CURVE ( 'NONE', #2420, #1284, #396, .T. ) ;
#4474 = AXIS2_PLACEMENT_3D ( 'NONE', #3358, #5437, #7264 ) ;
#4475 = DIRECTION ( 'NONE',  ( -1.000000000000000000, 0.000000000000000000, 0.000000000000000000 ) ) ;
#4476 = FACE_OUTER_BOUND ( 'NONE', #6575, .T. ) ;
#4477 = ORIENTED_EDGE ( 'NONE', *, *, #1828, .T. ) ;
#4478 = CARTESIAN_POINT ( 'NONE',  ( -0.9999999999999995559, 0.4207878548600303970, -1.145000000000000240 ) ) ;
#4479 = CARTESIAN_POINT ( 'NONE',  ( -1.150000000000000133, 0.1999999999999998168, -0.8550000000000000933 ) ) ;
#4480 = VECTOR ( 'NONE', #493, 1000.000000000000000 ) ;
#4481 = ORIENTED_EDGE ( 'NONE', *, *, #5404, .T. ) ;
#4482 = EDGE_CURVE ( 'NONE', #7633, #2464, #6484, .T. ) ;
#4483 = ORIENTED_EDGE ( 'NONE', *, *, #6349, .T. ) ;
#4484 = ADVANCED_FACE ( 'NONE', ( #8300 ), #3016, .F. ) ;
#4485 = EDGE_LOOP ( 'NONE', ( #4422, #3509, #7099, #3871 ) ) ;
#4486 = CARTESIAN_POINT ( 'NONE',  ( -1.620234093675824161, -2.292191795371296565E-16, 1.644999999999999796 ) ) ;
#4487 = CARTESIAN_POINT ( 'NONE',  ( -0.9999999999999995559, 0.5999999999999912070, -0.6450000000000001288 ) ) ;
#4488 = AXIS2_PLACEMENT_3D ( 'NONE', #2196, #58, #1762 ) ;
#4489 = ADVANCED_FACE ( 'NONE', ( #2052 ), #7966, .F. ) ;
#4490 = VECTOR ( 'NONE', #3116, 1000.000000000000114 ) ;
#4491 = DIRECTION ( 'NONE',  ( 0.000000000000000000, 0.000000000000000000, 1.000000000000000000 ) ) ;
#4492 = DIRECTION ( 'NONE',  ( -1.000000000000000000, 0.000000000000000000, 0.000000000000000000 ) ) ;
#4493 = PRESENTATION_STYLE_ASSIGNMENT (( #1889 ) ) ;
#4494 = AXIS2_PLACEMENT_3D ( 'NONE', #2201, #4945, #2335 ) ;
#4495 = ORIENTED_EDGE ( 'NONE', *, *, #2293, .F. ) ;
#4496 = CARTESIAN_POINT ( 'NONE',  ( 1.150000000000000133, 0.2000000000000000111, -0.1450000000000001565 ) ) ;
#4497 = VECTOR ( 'NONE', #1930, 1000.000000000000000 ) ;
#4498 = ORIENTED_EDGE ( 'NONE', *, *, #2361, .F. ) ;
#4499 = ORIENTED_EDGE ( 'NONE', *, *, #1287, .F. ) ;
#4500 = EDGE_LOOP ( 'NONE', ( #3954, #6510, #6183, #5846 ) ) ;
#4501 = CARTESIAN_POINT ( 'NONE',  ( -1.289999999999983826, 0.2000000000000000111, 1.354999999999999760 ) ) ;
#4502 = COLOUR_RGB ( '',1.000000000000000000, 1.000000000000000000, 1.000000000000000000 ) ;
#4503 = CARTESIAN_POINT ( 'NONE',  ( -1.110787854860023183, 0.5999999999999912070, 1.145000000000000018 ) ) ;
#4504 = LINE ( 'NONE', #3135, #8471 ) ;
#4505 = CARTESIAN_POINT ( 'NONE',  ( 1.110787854860023183, 0.4207878548600303970, -0.8550000000000000933 ) ) ;
#4506 = ORIENTED_EDGE ( 'NONE', *, *, #3950, .F. ) ;
#4507 = VERTEX_POINT ( 'NONE', #45 ) ;
#4508 = DIRECTION ( 'NONE',  ( 0.1710878697460326836, -0.9702875252478149193, -0.1710878697460326836 ) ) ;
#4509 = CARTESIAN_POINT ( 'NONE',  ( 1.000000000000000000, 0.4207878548600303970, 1.645000000000000018 ) ) ;
#4510 = ORIENTED_EDGE ( 'NONE', *, *, #495, .T. ) ;
#4511 = EDGE_CURVE ( 'NONE', #6972, #1931, #795, .T. ) ;
#4512 = DIRECTION ( 'NONE',  ( -1.000000000000000000, 0.000000000000000000, 0.000000000000000000 ) ) ;
#4513 = CARTESIAN_POINT ( 'NONE',  ( 1.149999999999999911, 0.4207878548600304525, -1.645000000000000240 ) ) ;
#4514 = DIRECTION ( 'NONE',  ( 0.1710878697460319064, 0.9702875252478151413, 0.1710878697460319064 ) ) ;
#4515 = ORIENTED_EDGE ( 'NONE', *, *, #2973, .T. ) ;
#4516 = CARTESIAN_POINT ( 'NONE',  ( 1.110787854860023183, 0.5999999999999913181, -0.1450000000000001565 ) ) ;
#4517 = CYLINDRICAL_SURFACE ( 'NONE', #7625, 0.07500000000000019151 ) ;
#4518 = ORIENTED_EDGE ( 'NONE', *, *, #7426, .F. ) ;
#4519 = CARTESIAN_POINT ( 'NONE',  ( 0.000000000000000000, 1.100000000000000089, -2.011836509645768434 ) ) ;
#4520 = LINE ( 'NONE', #2530, #882 ) ;
#4521 = ADVANCED_FACE ( 'NONE', ( #4013 ), #1436, .F. ) ;
#4522 = ADVANCED_FACE ( 'NONE', ( #5972 ), #80, .T. ) ;
#4523 = CARTESIAN_POINT ( 'NONE',  ( -0.9999971578016485507, 0.6000161189078271340, 2.025753949382019581 ) ) ;
#4524 = DIRECTION ( 'NONE',  ( 0.06975647374411923785, 0.9975640502598246417, -0.000000000000000000 ) ) ;
#4525 = VERTEX_POINT ( 'NONE', #5324 ) ;
#4526 = VERTEX_POINT ( 'NONE', #5284 ) ;
#4527 = FACE_OUTER_BOUND ( 'NONE', #8032, .T. ) ;
#4528 = EDGE_CURVE ( 'NONE', #5999, #2332, #6905, .T. ) ;
#4529 = VECTOR ( 'NONE', #681, 1000.000000000000000 ) ;
#4530 = EDGE_CURVE ( 'NONE', #5298, #2956, #6644, .T. ) ;
#4531 = CARTESIAN_POINT ( 'NONE',  ( -0.9999999999999995559, 0.5999999999999912070, 1.354999999999999760 ) ) ;
#4532 = VECTOR ( 'NONE', #4185, 1000.000000000000114 ) ;
#4533 = FACE_OUTER_BOUND ( 'NONE', #2751, .T. ) ;
#4534 = ORIENTED_EDGE ( 'NONE', *, *, #8170, .F. ) ;
#4535 = DIRECTION ( 'NONE',  ( 0.9975640502598246417, 0.06975647374411922397, -0.000000000000000000 ) ) ;
#4536 = EDGE_CURVE ( 'NONE', #4397, #5507, #3291, .T. ) ;
#4537 = ORIENTED_EDGE ( 'NONE', *, *, #7318, .F. ) ;
#4538 = VERTEX_POINT ( 'NONE', #2009 ) ;
#4539 = ORIENTED_EDGE ( 'NONE', *, *, #4371, .F. ) ;
#4540 = AXIS2_PLACEMENT_3D ( 'NONE', #6429, #7117, #5068 ) ;
#4541 = VECTOR ( 'NONE', #398, 1000.000000000000000 ) ;
#4542 = CARTESIAN_POINT ( 'NONE',  ( -1.289999999999983826, 0.2000000000000000111, -0.1450000000000001565 ) ) ;
#4543 = CYLINDRICAL_SURFACE ( 'NONE', #2591, 0.1792121451399605880 ) ;
#4544 = VECTOR ( 'NONE', #3630, 1000.000000000000000 ) ;
#4545 = DIRECTION ( 'NONE',  ( 0.9975640502598246417, 0.06975647374411944601, 0.000000000000000000 ) ) ;
#4546 = PLANE ( 'NONE',  #7362 ) ;
#4547 = AXIS2_PLACEMENT_3D ( 'NONE', #3299, #1408, #91 ) ;
#4548 = DIRECTION ( 'NONE',  ( 0.000000000000000000, 1.000000000000000000, 0.000000000000000000 ) ) ;
#4549 = VECTOR ( 'NONE', #2955, 1000.000000000000000 ) ;
#4550 = DIRECTION ( 'NONE',  ( -9.786290869656726145E-16, -1.000000000000000000, 0.000000000000000000 ) ) ;
#4551 = CARTESIAN_POINT ( 'NONE',  ( -0.9119398284977265901, 0.09999999999999972800, -1.973589814606656390 ) ) ;
#4552 = VERTEX_POINT ( 'NONE', #3965 ) ;
#4553 = FACE_OUTER_BOUND ( 'NONE', #1601, .T. ) ;
#4554 = FACE_OUTER_BOUND ( 'NONE', #6209, .T. ) ;
#4555 = VERTEX_POINT ( 'NONE', #7920 ) ;
#4556 = CLOSED_SHELL ( 'NONE', ( #4745, #8155, #5981, #6124, #2555, #6564, #1578, #6742, #90, #2607, #237, #7352, #1754, #1883 ) ) ;
#4557 = DIRECTION ( 'NONE',  ( -1.000000000000000000, 0.000000000000000000, -0.000000000000000000 ) ) ;
#4558 = DIRECTION ( 'NONE',  ( -0.000000000000000000, 0.000000000000000000, 1.000000000000000000 ) ) ;
#4559 = ORIENTED_EDGE ( 'NONE', *, *, #5926, .T. ) ;
#4560 = CARTESIAN_POINT ( 'NONE',  ( 1.289999999999983604, 0.4207878548600304525, 0.3549999999999999267 ) ) ;
#4561 = ORIENTED_EDGE ( 'NONE', *, *, #8374, .T. ) ;
#4562 = DIRECTION ( 'NONE',  ( 0.000000000000000000, 0.000000000000000000, 1.000000000000000000 ) ) ;
#4563 = DIRECTION ( 'NONE',  ( 0.000000000000000000, -0.1736481776669267785, 0.9848077530122086864 ) ) ;
#4564 = ORIENTED_EDGE ( 'NONE', *, *, #7272, .T. ) ;
#4565 = DIRECTION ( 'NONE',  ( -1.964242413918717925E-15, -1.000000000000000000, 0.000000000000000000 ) ) ;
#4566 = DIRECTION ( 'NONE',  ( 0.9975640502598246417, 0.06975647374411944601, 0.000000000000000000 ) ) ;
#4567 = PRESENTATION_LAYER_ASSIGNMENT (  '', '', ( #4994 ) ) ;
#4568 = LINE ( 'NONE', #7188, #725 ) ;
#4569 = VERTEX_POINT ( 'NONE', #748 ) ;
#4570 = LINE ( 'NONE', #4200, #1218 ) ;
#4571 = ORIENTED_EDGE ( 'NONE', *, *, #5282, .T. ) ;
#4572 = ORIENTED_EDGE ( 'NONE', *, *, #4009, .F. ) ;
#4573 = LINE ( 'NONE', #661, #4490 ) ;
#4574 = LINE ( 'NONE', #6598, #7551 ) ;
#4575 = DIRECTION ( 'NONE',  ( -1.964242413918717925E-15, 1.000000000000000000, 0.000000000000000000 ) ) ;
#4576 = DIRECTION ( 'NONE',  ( 0.9975640502598243087, -0.06975647374412363710, -0.000000000000000000 ) ) ;
#4577 = CARTESIAN_POINT ( 'NONE',  ( -1.620234093675824161, -2.139947889130694096E-16, -0.1450000000000001565 ) ) ;
#4578 = EDGE_CURVE ( 'NONE', #7742, #7337, #7873, .T. ) ;
#4579 = VERTEX_POINT ( 'NONE', #6600 ) ;
#4580 = EDGE_CURVE ( 'NONE', #7829, #2245, #6560, .T. ) ;
#4581 = CARTESIAN_POINT ( 'NONE',  ( 1.110787854860023183, 0.5999999999999913181, 1.354999999999999760 ) ) ;
#4582 = LINE ( 'NONE', #959, #177 ) ;
#4583 = ORIENTED_EDGE ( 'NONE', *, *, #5565, .F. ) ;
#4584 = DIRECTION ( 'NONE',  ( -1.000000000000000000, 0.000000000000000000, -0.000000000000000000 ) ) ;
#4585 = DIRECTION ( 'NONE',  ( -1.000000000000000000, -4.147447819859882894E-15, 0.000000000000000000 ) ) ;
#4586 = DIRECTION ( 'NONE',  ( 1.000000000000000000, 1.964242413918717925E-15, -0.000000000000000000 ) ) ;
#4587 = LINE ( 'NONE', #2709, #7828 ) ;
#4588 = ORIENTED_EDGE ( 'NONE', *, *, #1876, .F. ) ;
#4589 = CARTESIAN_POINT ( 'NONE',  ( -0.9999999999999995559, 0.5999999999999912070, 2.025000000000000355 ) ) ;
#4590 = ORIENTED_EDGE ( 'NONE', *, *, #6114, .F. ) ;
#4591 = EDGE_CURVE ( 'NONE', #2005, #8087, #164, .T. ) ;
#4592 = FILL_AREA_STYLE_COLOUR ( '', #6548 ) ;
#4593 = CARTESIAN_POINT ( 'NONE',  ( -1.149999999999999911, 0.4207878548600303970, -1.645000000000000240 ) ) ;
#4594 = EDGE_LOOP ( 'NONE', ( #7988, #4663, #6785, #786, #6988, #2744, #5891, #5585, #7751, #3548, #3390, #4652 ) ) ;
#4595 = ADVANCED_FACE ( 'NONE', ( #2778 ), #5412, .T. ) ;
#4596 = VECTOR ( 'NONE', #1350, 1000.000000000000000 ) ;
#4597 = CARTESIAN_POINT ( 'NONE',  ( -0.9999999999999995559, 0.5999999999999912070, -0.6450000000000001288 ) ) ;
#4598 =( NAMED_UNIT ( * ) PLANE_ANGLE_UNIT ( ) SI_UNIT ( $, .RADIAN. ) );
#4599 = EDGE_LOOP ( 'NONE', ( #7761, #4739, #2118, #6052 ) ) ;
#4600 = CARTESIAN_POINT ( 'NONE',  ( -1.110787854860023183, 0.4600000000000071254, -1.645000000000000240 ) ) ;
#4601 = ORIENTED_EDGE ( 'NONE', *, *, #495, .F. ) ;
#4602 = DIRECTION ( 'NONE',  ( 9.821212069593589627E-16, 1.000000000000000000, 0.000000000000000000 ) ) ;
#4603 = CARTESIAN_POINT ( 'NONE',  ( -1.329212145139960777, 0.2000000000000000111, 1.145000000000000018 ) ) ;
#4604 = DIRECTION ( 'NONE',  ( -1.000000000000000000, 0.000000000000000000, 0.000000000000000000 ) ) ;
#4605 = AXIS2_PLACEMENT_3D ( 'NONE', #4910, #8130, #2261 ) ;
#4606 = ORIENTED_EDGE ( 'NONE', *, *, #6486, .T. ) ;
#4607 = ORIENTED_EDGE ( 'NONE', *, *, #6711, .F. ) ;
#4608 = VERTEX_POINT ( 'NONE', #2739 ) ;
#4609 = CARTESIAN_POINT ( 'NONE',  ( -1.326476844167053359, 0.1608833736747886656, 1.354999999999999760 ) ) ;
#4610 = CARTESIAN_POINT ( 'NONE',  ( -0.8735898146066560788, 0.1749999999999999889, 1.973589814606655946 ) ) ;
#4611 = DIRECTION ( 'NONE',  ( 0.000000000000000000, 1.000000000000000000, 0.000000000000000000 ) ) ;
#4612 = CARTESIAN_POINT ( 'NONE',  ( 1.149999999999999911, 0.4207878548600304525, 1.354999999999999760 ) ) ;
#4613 =( GEOMETRIC_REPRESENTATION_CONTEXT ( 3 ) GLOBAL_UNCERTAINTY_ASSIGNED_CONTEXT ( ( #770 ) ) GLOBAL_UNIT_ASSIGNED_CONTEXT ( ( #1689, #5566, #7436 ) ) REPRESENTATION_CONTEXT ( 'NONE', 'WORKASPACE' ) );
#4614 = FACE_OUTER_BOUND ( 'NONE', #2150, .T. ) ;
#4615 = ORIENTED_EDGE ( 'NONE', *, *, #5925, .F. ) ;
#4616 = CARTESIAN_POINT ( 'NONE',  ( 0.9257539493820176046, 0.6000161189078272450, 2.099997157801649639 ) ) ;
#4617 = ORIENTED_EDGE ( 'NONE', *, *, #587, .F. ) ;
#4618 = CIRCLE ( 'NONE', #3272, 0.1792121451399605880 ) ;
#4619 = CARTESIAN_POINT ( 'NONE',  ( -0.9999999999999995559, 0.4600000000000072919, 1.855000000000000204 ) ) ;
#4620 = ORIENTED_EDGE ( 'NONE', *, *, #5489, .F. ) ;
#4621 = ORIENTED_EDGE ( 'NONE', *, *, #2282, .T. ) ;
#4622 = LINE ( 'NONE', #1325, #840 ) ;
#4623 = DIRECTION ( 'NONE',  ( -1.000000000000000000, 0.000000000000000000, 0.000000000000000000 ) ) ;
#4624 = ADVANCED_FACE ( 'NONE', ( #664 ), #5366, .F. ) ;
#4625 = VECTOR ( 'NONE', #4378, 1000.000000000000000 ) ;
#4626 = EDGE_CURVE ( 'NONE', #1628, #2978, #6994, .T. ) ;
#4627 = AXIS2_PLACEMENT_3D ( 'NONE', #6814, #7537, #6126 ) ;
#4628 = CARTESIAN_POINT ( 'NONE',  ( 1.620234093675824161, -1.484648254424143662E-15, -1.355000000000000204 ) ) ;
#4629 = VECTOR ( 'NONE', #3718, 1000.000000000000000 ) ;
#4630 = DIRECTION ( 'NONE',  ( 0.000000000000000000, 0.000000000000000000, 1.000000000000000000 ) ) ;
#4631 = VERTEX_POINT ( 'NONE', #7714 ) ;
#4632 = DIRECTION ( 'NONE',  ( 1.000000000000000000, -0.000000000000000000, 0.000000000000000000 ) ) ;
#4633 = ORIENTED_EDGE ( 'NONE', *, *, #4850, .T. ) ;
#4634 = VERTEX_POINT ( 'NONE', #578 ) ;
#4635 = CIRCLE ( 'NONE', #7516, 0.03921214513997691581 ) ;
#4636 = CIRCLE ( 'NONE', #928, 0.03921214513997670070 ) ;
#4637 = CARTESIAN_POINT ( 'NONE',  ( -0.9999999999999995559, 0.4600000000000072919, 2.024999999999999911 ) ) ;
#4638 = EDGE_CURVE ( 'NONE', #5265, #5466, #1797, .T. ) ;
#4639 = CARTESIAN_POINT ( 'NONE',  ( 1.110787854860023183, 0.4600000000000072919, 1.855000000000000204 ) ) ;
#4640 = LINE ( 'NONE', #7261, #2190 ) ;
#4641 = ADVANCED_FACE ( 'NONE', ( #5715 ), #8320, .F. ) ;
#4642 = LINE ( 'NONE', #730, #4335 ) ;
#4643 = VERTEX_POINT ( 'NONE', #2489 ) ;
#4644 = FACE_OUTER_BOUND ( 'NONE', #6519, .T. ) ;
#4645 = DIRECTION ( 'NONE',  ( -1.000000000000000000, 0.000000000000000000, 0.000000000000000000 ) ) ;
#4646 = VERTEX_POINT ( 'NONE', #1234 ) ;
#4647 = CARTESIAN_POINT ( 'NONE',  ( 1.620234093675824161, -1.496544593801257044E-15, 0.3549999999999999267 ) ) ;
#4648 = DIRECTION ( 'NONE',  ( -0.000000000000000000, -0.000000000000000000, -1.000000000000000000 ) ) ;
#4649 = EDGE_CURVE ( 'NONE', #4634, #7300, #4970, .T. ) ;
#4650 = CARTESIAN_POINT ( 'NONE',  ( -1.110787854860023183, 0.4207878548600303970, -1.354999999999999982 ) ) ;
#4651 = ORIENTED_EDGE ( 'NONE', *, *, #2071, .T. ) ;
#4652 = ORIENTED_EDGE ( 'NONE', *, *, #248, .F. ) ;
#4653 = CARTESIAN_POINT ( 'NONE',  ( 0.9993447458788093929, 0.6037161307847271896, -2.069016554857224133 ) ) ;
#4654 = CARTESIAN_POINT ( 'NONE',  ( -0.9993447458788078386, 0.4562838692152604292, 2.069016554857222800 ) ) ;
#4655 = CARTESIAN_POINT ( 'NONE',  ( -1.150000000000000133, 0.2000000000000000111, 1.354999999999999760 ) ) ;
#4656 = CARTESIAN_POINT ( 'NONE',  ( -0.9999999999999995559, 0.5999999999999912070, -2.100000000000000089 ) ) ;
#4657 = DIRECTION ( 'NONE',  ( -0.000000000000000000, -0.000000000000000000, -1.000000000000000000 ) ) ;
#4658 = LINE ( 'NONE', #750, #2636 ) ;
#4659 = EDGE_CURVE ( 'NONE', #2937, #2417, #5110, .T. ) ;
#4660 = CARTESIAN_POINT ( 'NONE',  ( 0.9250000000000007105, 0.5999999999999912070, 2.100000000000000089 ) ) ;
#4661 = ORIENTED_EDGE ( 'NONE', *, *, #3035, .T. ) ;
#4662 = DIRECTION ( 'NONE',  ( 0.06975647374411925172, -0.9975640502598247528, 0.000000000000000000 ) ) ;
#4663 = ORIENTED_EDGE ( 'NONE', *, *, #1377, .T. ) ;
#4664 = CARTESIAN_POINT ( 'NONE',  ( -0.9993447458788078386, 0.6037161307847415115, -2.069016554857222800 ) ) ;
#4665 = CIRCLE ( 'NONE', #2364, 0.03921214513997691581 ) ;
#4666 = CARTESIAN_POINT ( 'NONE',  ( 0.8489040373074715484, 1.038023613325019578, 2.022764618783387203 ) ) ;
#4667 = CARTESIAN_POINT ( 'NONE',  ( -0.9999914734049463183, 0.4599516432764970686, -2.026130891929032618 ) ) ;
#4668 = AXIS2_PLACEMENT_3D ( 'NONE', #7137, #3672, #2399 ) ;
#4669 = AXIS2_PLACEMENT_3D ( 'NONE', #465, #497, #4365 ) ;
#4670 = ORIENTED_EDGE ( 'NONE', *, *, #3906, .T. ) ;
#4671 = AXIS2_PLACEMENT_3D ( 'NONE', #3261, #4761, #2750 ) ;
#4672 = CARTESIAN_POINT ( 'NONE',  ( -1.289999999999983826, 0.1999999999999999833, 1.645000000000000018 ) ) ;
#4673 = VERTEX_POINT ( 'NONE', #1261 ) ;
#4674 = EDGE_CURVE ( 'NONE', #2703, #5203, #2594, .T. ) ;
#4675 = ORIENTED_EDGE ( 'NONE', *, *, #3781, .F. ) ;
#4676 = VECTOR ( 'NONE', #3668, 999.9999999999998863 ) ;
#4677 = DIRECTION ( 'NONE',  ( -1.000000000000000000, 0.000000000000000000, 0.000000000000000000 ) ) ;
#4678 = VECTOR ( 'NONE', #8271, 1000.000000000000000 ) ;
#4679 = CIRCLE ( 'NONE', #4414, 0.07500000000000019151 ) ;
#4680 = DIRECTION ( 'NONE',  ( 8.807661782691089029E-15, -1.000000000000000000, 0.000000000000000000 ) ) ;
#4681 = DIRECTION ( 'NONE',  ( 0.06975647374411923785, 0.9975640502598246417, -0.000000000000000000 ) ) ;
#4682 = MANIFOLD_SOLID_BREP ( 'LPattern1[5]', #1142 ) ;
#4683 = ORIENTED_EDGE ( 'NONE', *, *, #605, .F. ) ;
#4684 = AXIS2_PLACEMENT_3D ( 'NONE', #4018, #4713, #7329 ) ;
#4685 = CARTESIAN_POINT ( 'NONE',  ( 1.620234093675824161, -1.485875369962032561E-15, 0.8549999999999998712 ) ) ;
#4686 = CARTESIAN_POINT ( 'NONE',  ( 1.000000000000000000, 0.4600000000000065703, 0.3549999999999999267 ) ) ;
#4687 = EDGE_CURVE ( 'NONE', #8346, #4643, #834, .T. ) ;
#4688 = VECTOR ( 'NONE', #3055, 1000.000000000000000 ) ;
#4689 = EDGE_CURVE ( 'NONE', #6332, #1026, #6065, .T. ) ;
#4690 = LINE ( 'NONE', #902, #3645 ) ;
#4691 = FACE_OUTER_BOUND ( 'NONE', #3426, .T. ) ;
#4692 = FILL_AREA_STYLE ('',( #782 ) ) ;
#4693 = AXIS2_PLACEMENT_3D ( 'NONE', #2100, #4705, #7323 ) ;
#4694 = SURFACE_SIDE_STYLE ('',( #6638 ) ) ;
#4695 = VERTEX_POINT ( 'NONE', #1927 ) ;
#4696 = DIRECTION ( 'NONE',  ( -1.000000000000000000, -8.807661782691089029E-15, -0.000000000000000000 ) ) ;
#4697 = ORIENTED_EDGE ( 'NONE', *, *, #6198, .T. ) ;
#4699 = ADVANCED_FACE ( 'NONE', ( #3845 ), #82, .T. ) ;
#4698 = DIRECTION ( 'NONE',  ( 0.000000000000000000, 0.000000000000000000, 1.000000000000000000 ) ) ;
#4700 = EDGE_CURVE ( 'NONE', #1665, #6764, #4658, .T. ) ;
#4701 =( GEOMETRIC_REPRESENTATION_CONTEXT ( 3 ) GLOBAL_UNCERTAINTY_ASSIGNED_CONTEXT ( ( #4193 ) ) GLOBAL_UNIT_ASSIGNED_CONTEXT ( ( #6725, #1516, #1429 ) ) REPRESENTATION_CONTEXT ( 'NONE', 'WORKASPACE' ) );
#4702 = EDGE_CURVE ( 'NONE', #2832, #8252, #562, .T. ) ;
#4703 = CARTESIAN_POINT ( 'NONE',  ( -1.110787854860023183, 0.4207878548600303970, 0.8549999999999998712 ) ) ;
#4704 = DIRECTION ( 'NONE',  ( 0.000000000000000000, 0.1736481776669271115, -0.9848077530122086864 ) ) ;
#4705 = DIRECTION ( 'NONE',  ( -1.000000000000000000, 0.000000000000000000, 0.000000000000000000 ) ) ;
#4706 = CARTESIAN_POINT ( 'NONE',  ( 1.110787854860023183, 0.4600000000000072919, -1.645000000000000240 ) ) ;
#4707 =( NAMED_UNIT ( * ) SI_UNIT ( $, .STERADIAN. ) SOLID_ANGLE_UNIT ( ) );
#4708 = VECTOR ( 'NONE', #6895, 1000.000000000000000 ) ;
#4709 = VERTEX_POINT ( 'NONE', #4577 ) ;
#4710 = CARTESIAN_POINT ( 'NONE',  ( -1.329212145139960777, 0.2000000000000000111, -0.1450000000000001565 ) ) ;
#4711 = ORIENTED_EDGE ( 'NONE', *, *, #598, .T. ) ;
#4712 = CARTESIAN_POINT ( 'NONE',  ( -1.326476844167053359, 0.1608833736747886656, 1.144999999999999796 ) ) ;
#4713 = DIRECTION ( 'NONE',  ( 0.000000000000000000, 0.000000000000000000, 1.000000000000000000 ) ) ;
#4714 = ORIENTED_EDGE ( 'NONE', *, *, #3382, .F. ) ;
#4715 = CARTESIAN_POINT ( 'NONE',  ( 1.289999999999983826, 0.2000000000000000111, -1.354999999999999982 ) ) ;
#4716 = CARTESIAN_POINT ( 'NONE',  ( 1.110787854860023183, 0.4600000000000072919, 0.8549999999999998712 ) ) ;
#4717 = DIRECTION ( 'NONE',  ( 0.9975640502598246417, 0.06975647374411922397, -0.000000000000000000 ) ) ;
#4718 = ORIENTED_EDGE ( 'NONE', *, *, #967, .T. ) ;
#4719 = ORIENTED_EDGE ( 'NONE', *, *, #4865, .F. ) ;
#4720 = LINE ( 'NONE', #1336, #781 ) ;
#4721 = EDGE_LOOP ( 'NONE', ( #3783, #4377, #2166, #1244 ) ) ;
#4722 = EDGE_LOOP ( 'NONE', ( #2488, #7104, #6401, #911 ) ) ;
#4723 = UNCERTAINTY_MEASURE_WITH_UNIT (LENGTH_MEASURE( 1.000000000000000082E-05 ), #6793, 'distance_accuracy_value', 'NONE');
#4724 = DIRECTION ( 'NONE',  ( -1.000000000000000000, 0.000000000000000000, 0.000000000000000000 ) ) ;
#4725 = DIRECTION ( 'NONE',  ( -0.1710878697460323783, 0.9702875252478150303, -0.1710878697460323783 ) ) ;
#4726 = CARTESIAN_POINT ( 'NONE',  ( 1.110787854860023183, 0.4207878548600303970, 0.6449999999999999067 ) ) ;
#4727 = LINE ( 'NONE', #6763, #249 ) ;
#4728 = CARTESIAN_POINT ( 'NONE',  ( -1.326476844167053359, 0.1608833736747886101, 0.3549999999999999267 ) ) ;
#4729 = PLANE ( 'NONE',  #8446 ) ;
#4730 = CARTESIAN_POINT ( 'NONE',  ( -0.9993447458788078386, 0.6037161307847415115, 2.069016554857222800 ) ) ;
#4731 = DIRECTION ( 'NONE',  ( 0.000000000000000000, 0.000000000000000000, 1.000000000000000000 ) ) ;
#4732 =( LENGTH_UNIT ( ) NAMED_UNIT ( * ) SI_UNIT ( .MILLI., .METRE. ) );
#4733 = EDGE_CURVE ( 'NONE', #1026, #2690, #6480, .T. ) ;
#4734 = VECTOR ( 'NONE', #1958, 1000.000000000000000 ) ;
#4735 = EDGE_CURVE ( 'NONE', #7800, #7128, #5625, .T. ) ;
#4736 = LINE ( 'NONE', #7229, #6093 ) ;
#4737 = VERTEX_POINT ( 'NONE', #3208 ) ;
#4738 = LINE ( 'NONE', #8094, #6071 ) ;
#4739 = ORIENTED_EDGE ( 'NONE', *, *, #4815, .F. ) ;
#4740 = FACE_OUTER_BOUND ( 'NONE', #5641, .T. ) ;
#4741 = VECTOR ( 'NONE', #601, 1000.000000000000114 ) ;
#4742 = CARTESIAN_POINT ( 'NONE',  ( 1.000000000000000000, 0.5999999999999903189, -1.855000000000000204 ) ) ;
#4743 = DIRECTION ( 'NONE',  ( -0.06975647374411927948, -0.9975640502598247528, 0.000000000000000000 ) ) ;
#4744 = DIRECTION ( 'NONE',  ( 0.000000000000000000, 1.000000000000000000, 0.000000000000000000 ) ) ;
#4745 = ADVANCED_FACE ( 'NONE', ( #4614 ), #7242, .T. ) ;
#4746 = CARTESIAN_POINT ( 'NONE',  ( -0.9999999999999995559, 0.4600000000000072919, -0.1450000000000001565 ) ) ;
#4747 = EDGE_CURVE ( 'NONE', #4569, #5507, #2054, .T. ) ;
#4748 = ADVANCED_FACE ( 'NONE', ( #4533 ), #2696, .F. ) ;
#4749 = EDGE_LOOP ( 'NONE', ( #8193, #8075, #7704, #2663 ) ) ;
#4750 = CARTESIAN_POINT ( 'NONE',  ( -0.9249999999999996003, 6.851881339845204089, -2.024999999999999911 ) ) ;
#4751 = ORIENTED_EDGE ( 'NONE', *, *, #2598, .F. ) ;
#4752 = VECTOR ( 'NONE', #4548, 1000.000000000000000 ) ;
#4753 = CARTESIAN_POINT ( 'NONE',  ( -0.9999999999999995559, 0.5999999999999912070, -1.354999999999999982 ) ) ;
#4754 = ORIENTED_EDGE ( 'NONE', *, *, #1547, .T. ) ;
#4755 = DIRECTION ( 'NONE',  ( -1.000000000000000000, -0.000000000000000000, 0.000000000000000000 ) ) ;
#4756 = EDGE_CURVE ( 'NONE', #7681, #34, #5890, .T. ) ;
#4757 = PLANE ( 'NONE',  #2716 ) ;
#4758 = ORIENTED_EDGE ( 'NONE', *, *, #1919, .F. ) ;
#4759 = FACE_OUTER_BOUND ( 'NONE', #6442, .T. ) ;
#4760 = VECTOR ( 'NONE', #4681, 1000.000000000000114 ) ;
#4761 = DIRECTION ( 'NONE',  ( 0.000000000000000000, 0.000000000000000000, 1.000000000000000000 ) ) ;
#4762 = EDGE_LOOP ( 'NONE', ( #6270, #4449, #8321, #4796 ) ) ;
#4763 = MECHANICAL_DESIGN_GEOMETRIC_PRESENTATION_REPRESENTATION (  '', ( #2839 ), #5198 ) ;
#4764 = LINE ( 'NONE', #7385, #4077 ) ;
#4765 = ORIENTED_EDGE ( 'NONE', *, *, #6723, .F. ) ;
#4766 = VERTEX_POINT ( 'NONE', #5201 ) ;
#4767 = DIRECTION ( 'NONE',  ( 0.000000000000000000, 1.000000000000000000, 0.000000000000000000 ) ) ;
#4768 = VECTOR ( 'NONE', #7559, 1000.000000000000000 ) ;
#4769 = VECTOR ( 'NONE', #6511, 1000.000000000000000 ) ;
#4770 = DIRECTION ( 'NONE',  ( -1.000000000000000000, 0.000000000000000000, 0.000000000000000000 ) ) ;
#4771 = PLANE ( 'NONE',  #2989 ) ;
#4772 = CARTESIAN_POINT ( 'NONE',  ( 0.9999914734049469844, 0.4599516432764970686, 2.026130891929031286 ) ) ;
#4773 = AXIS2_PLACEMENT_3D ( 'NONE', #6447, #6521, #7763 ) ;
#4774 = VERTEX_POINT ( 'NONE', #2574 ) ;
#4775 = EDGE_CURVE ( 'NONE', #1166, #10, #5797, .T. ) ;
#4776 = AXIS2_PLACEMENT_3D ( 'NONE', #5680, #923, #879 ) ;
#4777 = DIRECTION ( 'NONE',  ( -1.000000000000000000, 0.000000000000000000, -0.000000000000000000 ) ) ;
#4778 = ORIENTED_EDGE ( 'NONE', *, *, #7168, .F. ) ;
#4779 = ORIENTED_EDGE ( 'NONE', *, *, #4438, .F. ) ;
#4780 =( LENGTH_UNIT ( ) NAMED_UNIT ( * ) SI_UNIT ( .MILLI., .METRE. ) );
#4781 = DIRECTION ( 'NONE',  ( 1.000000000000000000, 1.964242413918717925E-15, -0.000000000000000000 ) ) ;
#4782 = DIRECTION ( 'NONE',  ( 0.000000000000000000, 0.000000000000000000, 1.000000000000000000 ) ) ;
#4783 = DIRECTION ( 'NONE',  ( -1.000000000000000000, 0.000000000000000000, -0.000000000000000000 ) ) ;
#4784 = VECTOR ( 'NONE', #8166, 1000.000000000000000 ) ;
#4785 = CARTESIAN_POINT ( 'NONE',  ( 1.150000000000000133, 0.2000000000000000111, 1.354999999999999760 ) ) ;
#4786 = CARTESIAN_POINT ( 'NONE',  ( -1.620234093675824161, -2.083034977450064059E-16, 1.855000000000000204 ) ) ;
#4787 = ORIENTED_EDGE ( 'NONE', *, *, #1594, .F. ) ;
#4788 = CARTESIAN_POINT ( 'NONE',  ( -1.150000000000000133, 0.4207878548600303970, -1.645000000000000240 ) ) ;
#4789 = EDGE_LOOP ( 'NONE', ( #6009, #2791, #2419, #3212 ) ) ;
#4790 = MANIFOLD_SOLID_BREP ( 'LPattern1[7]', #3739 ) ;
#4791 = DIRECTION ( 'NONE',  ( -0.9975640502598243087, 0.06975647374412463630, -0.000000000000000000 ) ) ;
#4792 = EDGE_CURVE ( 'NONE', #7407, #7, #2276, .T. ) ;
#4793 = PLANE ( 'NONE',  #123 ) ;
#4794 = CARTESIAN_POINT ( 'NONE',  ( 0.8735898146066565229, 0.1247737546427828415, -2.041214128597718780 ) ) ;
#4795 = DIRECTION ( 'NONE',  ( -1.000000000000000000, 0.000000000000000000, 0.000000000000000000 ) ) ;
#4796 = ORIENTED_EDGE ( 'NONE', *, *, #5877, .F. ) ;
#4797 = CARTESIAN_POINT ( 'NONE',  ( -1.326476844167053359, 0.1608833736747886656, 0.8549999999999998712 ) ) ;
#4798 = VERTEX_POINT ( 'NONE', #5935 ) ;
#4799 = VERTEX_POINT ( 'NONE', #8061 ) ;
#4800 = ADVANCED_FACE ( 'NONE', ( #1439 ), #4052, .F. ) ;
#4801 = EDGE_CURVE ( 'NONE', #2420, #8184, #2188, .T. ) ;
#4802 = MANIFOLD_SOLID_BREP ( 'LPattern1[6]', #6079 ) ;
#4803 = EDGE_CURVE ( 'NONE', #2588, #8205, #3627, .T. ) ;
#4804 = DIRECTION ( 'NONE',  ( 0.000000000000000000, -0.000000000000000000, -1.000000000000000000 ) ) ;
#4805 = ORIENTED_EDGE ( 'NONE', *, *, #2715, .T. ) ;
#4806 = DIRECTION ( 'NONE',  ( -1.000000000000000000, 0.000000000000000000, -0.000000000000000000 ) ) ;
#4807 = CYLINDRICAL_SURFACE ( 'NONE', #1259, 0.03921214513997670070 ) ;
#4808 = EDGE_LOOP ( 'NONE', ( #3685, #6999, #983, #374 ) ) ;
#4809 = VERTEX_POINT ( 'NONE', #7481 ) ;
#4810 = VERTEX_POINT ( 'NONE', #1789 ) ;
#4811 = VERTEX_POINT ( 'NONE', #5703 ) ;
#4812 = VECTOR ( 'NONE', #4096, 1000.000000000000000 ) ;
#4813 = ADVANCED_FACE ( 'NONE', ( #5662 ), #5052, .F. ) ;
#4814 = VECTOR ( 'NONE', #7553, 1000.000000000000000 ) ;
#4815 = EDGE_CURVE ( 'NONE', #7669, #1945, #3755, .T. ) ;
#4816 = CYLINDRICAL_SURFACE ( 'NONE', #3125, 0.1792121451399605880 ) ;
#4817 = CARTESIAN_POINT ( 'NONE',  ( 1.620234093675824161, -1.463672932855430986E-15, -1.354999999999999982 ) ) ;
#4818 = SURFACE_STYLE_FILL_AREA ( #891 ) ;
#4819 = AXIS2_PLACEMENT_3D ( 'NONE', #6438, #541, #4492 ) ;
#4820 = VECTOR ( 'NONE', #3941, 1000.000000000000000 ) ;
#4821 = PLANE ( 'NONE',  #647 ) ;
#4822 = CARTESIAN_POINT ( 'NONE',  ( -1.110787854860023183, 0.4207878548600303970, -1.855000000000000204 ) ) ;
#4823 = VERTEX_POINT ( 'NONE', #7028 ) ;
#4824 = CARTESIAN_POINT ( 'NONE',  ( -1.316710937842878071, 0.02122440663842936268, -1.645000000000000240 ) ) ;
#4825 =( GEOMETRIC_REPRESENTATION_CONTEXT ( 3 ) GLOBAL_UNCERTAINTY_ASSIGNED_CONTEXT ( ( #6189 ) ) GLOBAL_UNIT_ASSIGNED_CONTEXT ( ( #8021, #7366, #4707 ) ) REPRESENTATION_CONTEXT ( 'NONE', 'WORKASPACE' ) );
#4826 = DIRECTION ( 'NONE',  ( 0.000000000000000000, 0.000000000000000000, 1.000000000000000000 ) ) ;
#4827 = AXIS2_PLACEMENT_3D ( 'NONE', #5296, #139, #5425 ) ;
#4828 = LINE ( 'NONE', #7442, #1404 ) ;
#4829 = DIRECTION ( 'NONE',  ( -1.000000000000000000, -6.912413033099766695E-16, 0.000000000000000000 ) ) ;
#4830 = VECTOR ( 'NONE', #3870, 1000.000000000000114 ) ;
#4831 = DIRECTION ( 'NONE',  ( -1.000000000000000000, -9.074737973021588507E-16, 0.000000000000000000 ) ) ;
#4832 = ORIENTED_EDGE ( 'NONE', *, *, #2604, .T. ) ;
#4833 = VECTOR ( 'NONE', #4020, 1000.000000000000000 ) ;
#4834 = AXIS2_PLACEMENT_3D ( 'NONE', #5113, #1157, #2451 ) ;
#4835 = LINE ( 'NONE', #6121, #5945 ) ;
#4836 = DIRECTION ( 'NONE',  ( 0.000000000000000000, 0.000000000000000000, -1.000000000000000000 ) ) ;
#4837 = DIRECTION ( 'NONE',  ( -1.000000000000000000, 0.000000000000000000, 0.000000000000000000 ) ) ;
#4838 = CLOSED_SHELL ( 'NONE', ( #407, #5964, #8381, #4320, #2037, #5673, #2514, #3809, #393, #538, #7062, #4115, #7569, #4111 ) ) ;
#4839 = CARTESIAN_POINT ( 'NONE',  ( -0.7812493200981477370, 1.421712581045637469, -1.955109901574064502 ) ) ;
#4840 = LINE ( 'NONE', #6217, #1474 ) ;
#4841 = LINE ( 'NONE', #418, #1108 ) ;
#4842 = COLOUR_RGB ( '',0.7921568627450980005, 0.8196078431372548767, 0.9333333333333333481 ) ;
#4843 = CARTESIAN_POINT ( 'NONE',  ( -1.110787854860023183, 0.4207878548600303970, -1.855000000000000204 ) ) ;
#4844 = ORIENTED_EDGE ( 'NONE', *, *, #461, .F. ) ;
#4845 = ORIENTED_EDGE ( 'NONE', *, *, #3748, .F. ) ;
#4846 = MANIFOLD_SOLID_BREP ( 'LPattern1[3]', #5953 ) ;
#4847 = AXIS2_PLACEMENT_3D ( 'NONE', #2500, #3693, #2461 ) ;
#4848 = EDGE_CURVE ( 'NONE', #6354, #6764, #2462, .T. ) ;
#4849 = ORIENTED_EDGE ( 'NONE', *, *, #7073, .T. ) ;
#4850 = EDGE_CURVE ( 'NONE', #3886, #1562, #8357, .T. ) ;
#4851 = DIRECTION ( 'NONE',  ( -0.000000000000000000, -0.000000000000000000, -1.000000000000000000 ) ) ;
#4852 = FACE_OUTER_BOUND ( 'NONE', #3132, .T. ) ;
#4853 = ORIENTED_EDGE ( 'NONE', *, *, #3604, .T. ) ;
#4854 = ORIENTED_EDGE ( 'NONE', *, *, #4330, .T. ) ;
#4855 = ORIENTED_EDGE ( 'NONE', *, *, #8451, .F. ) ;
#4856 = ORIENTED_EDGE ( 'NONE', *, *, #353, .T. ) ;
#4857 = DIRECTION ( 'NONE',  ( -0.000000000000000000, -0.000000000000000000, -1.000000000000000000 ) ) ;
#4858 = DIRECTION ( 'NONE',  ( 0.000000000000000000, 0.000000000000000000, -1.000000000000000000 ) ) ;
#4859 = CARTESIAN_POINT ( 'NONE',  ( -1.110787854860023183, 0.4600000000000072919, -0.8550000000000000933 ) ) ;
#4860 = MANIFOLD_SOLID_BREP ( 'Boss-Extrude2[1]', #7435 ) ;
#4861 = EDGE_CURVE ( 'NONE', #2805, #1913, #2934, .T. ) ;
#4862 = CARTESIAN_POINT ( 'NONE',  ( 0.9993447458788089488, 0.4562838692152604292, 2.069016554857222800 ) ) ;
#4863 = CYLINDRICAL_SURFACE ( 'NONE', #298, 0.1792121451399605880 ) ;
#4864 = DIRECTION ( 'NONE',  ( 9.821212069593589627E-16, 1.000000000000000000, 0.000000000000000000 ) ) ;
#4865 = EDGE_CURVE ( 'NONE', #6096, #7819, #5077, .T. ) ;
#4866 = ORIENTED_EDGE ( 'NONE', *, *, #4848, .F. ) ;
#4867 = DIRECTION ( 'NONE',  ( -1.000000000000000000, 0.000000000000000000, 0.000000000000000000 ) ) ;
#4868 = CARTESIAN_POINT ( 'NONE',  ( -0.9999999999999995559, 0.4600000000000072919, 2.100000000000000089 ) ) ;
#4869 = EDGE_LOOP ( 'NONE', ( #7224, #5845, #2065, #6407, #5383, #6316, #5853, #2227, #3249, #7212, #8206, #4103 ) ) ;
#4870 = EDGE_LOOP ( 'NONE', ( #3510, #6001, #2015, #263 ) ) ;
#4871 = DIRECTION ( 'NONE',  ( 9.821212069593589627E-16, 1.000000000000000000, 0.000000000000000000 ) ) ;
#4872 = ADVANCED_FACE ( 'NONE', ( #2300 ), #4388, .F. ) ;
#4873 = LINE ( 'NONE', #7478, #3948 ) ;
#4874 = CARTESIAN_POINT ( 'NONE',  ( 1.110787854860022517, 0.5999999999999913181, -1.645000000000000240 ) ) ;
#4875 = CARTESIAN_POINT ( 'NONE',  ( 1.326476844167053137, 0.1608833736747886656, 0.3549999999999999267 ) ) ;
#4876 = VERTEX_POINT ( 'NONE', #6290 ) ;
#4877 = DIRECTION ( 'NONE',  ( -6.850403608759735123E-15, 1.000000000000000000, 0.000000000000000000 ) ) ;
#4878 = EDGE_LOOP ( 'NONE', ( #3589, #474, #8454, #2094 ) ) ;
#4879 = MANIFOLD_SOLID_BREP ( 'Boss-Extrude3', #3460 ) ;
#4880 = LINE ( 'NONE', #284, #5750 ) ;
#4881 = VECTOR ( 'NONE', #5441, 1000.000000000000000 ) ;
#4882 = FACE_OUTER_BOUND ( 'NONE', #5966, .T. ) ;
#4883 = CARTESIAN_POINT ( 'NONE',  ( -1.149999999999999911, 0.4207878548600304525, -1.354999999999999982 ) ) ;
#4884 = ORIENTED_EDGE ( 'NONE', *, *, #1647, .F. ) ;
#4885 = CARTESIAN_POINT ( 'NONE',  ( 1.150000000000000133, 0.2000000000000000111, -1.855000000000000204 ) ) ;
#4886 = VERTEX_POINT ( 'NONE', #6408 ) ;
#4887 = EDGE_CURVE ( 'NONE', #3401, #1286, #6197, .T. ) ;
#4888 = ORIENTED_EDGE ( 'NONE', *, *, #653, .F. ) ;
#4889 = CARTESIAN_POINT ( 'NONE',  ( -1.329212145139960777, 0.2000000000000000111, -0.6450000000000001288 ) ) ;
#4890 = VERTEX_POINT ( 'NONE', #8380 ) ;
#4891 = CARTESIAN_POINT ( 'NONE',  ( 1.289999999999983826, 0.2000000000000000111, -0.1450000000000001565 ) ) ;
#4892 = AXIS2_PLACEMENT_3D ( 'NONE', #4955, #1043, #3060 ) ;
#4893 = ORIENTED_EDGE ( 'NONE', *, *, #4270, .T. ) ;
#4894 = ORIENTED_EDGE ( 'NONE', *, *, #7519, .F. ) ;
#4895 = ORIENTED_EDGE ( 'NONE', *, *, #6698, .F. ) ;
#4896 = VERTEX_POINT ( 'NONE', #1940 ) ;
#4897 = UNCERTAINTY_MEASURE_WITH_UNIT (LENGTH_MEASURE( 1.000000000000000082E-05 ), #8322, 'distance_accuracy_value', 'NONE');
#4898 = EDGE_CURVE ( 'NONE', #8312, #7297, #516, .T. ) ;
#4899 = EDGE_CURVE ( 'NONE', #4238, #3263, #1353, .T. ) ;
#4900 = FACE_OUTER_BOUND ( 'NONE', #4339, .T. ) ;
#4901 = LINE ( 'NONE', #1121, #3570 ) ;
#4902 = LINE ( 'NONE', #4078, #4428 ) ;
#4903 = LINE ( 'NONE', #2338, #6991 ) ;
#4904 = DIRECTION ( 'NONE',  ( -0.000000000000000000, -0.000000000000000000, -1.000000000000000000 ) ) ;
#4905 = CIRCLE ( 'NONE', #7906, 0.1792121451399605880 ) ;
#4906 = CARTESIAN_POINT ( 'NONE',  ( 0.9993447458788093929, 0.6037161307847271896, 2.069016554857224133 ) ) ;
#4907 = LINE ( 'NONE', #6178, #5885 ) ;
#4908 = SURFACE_STYLE_FILL_AREA ( #6372 ) ;
#4909 =( LENGTH_UNIT ( ) NAMED_UNIT ( * ) SI_UNIT ( .MILLI., .METRE. ) );
#4910 = CARTESIAN_POINT ( 'NONE',  ( 1.289999999999983604, 0.4207878548600304525, 0.3549999999999999267 ) ) ;
#4911 = ORIENTED_EDGE ( 'NONE', *, *, #4949, .T. ) ;
#4912 = EDGE_LOOP ( 'NONE', ( #7065, #6707, #5009, #5814 ) ) ;
#4913 = CARTESIAN_POINT ( 'NONE',  ( 1.000000000000000000, 0.4600000000000065703, -0.6450000000000001288 ) ) ;
#4914 = VECTOR ( 'NONE', #6, 1000.000000000000000 ) ;
#4915 = ORIENTED_EDGE ( 'NONE', *, *, #2410, .T. ) ;
#4916 = EDGE_CURVE ( 'NONE', #3648, #6617, #5131, .T. ) ;
#4917 = CARTESIAN_POINT ( 'NONE',  ( 0.9231243405451209361, 0.1666929871352582637, 2.041214128597719668 ) ) ;
#4918 = EDGE_CURVE ( 'NONE', #6692, #6135, #1333, .T. ) ;
#4919 = EDGE_CURVE ( 'NONE', #3648, #2329, #6155, .T. ) ;
#4920 = CARTESIAN_POINT ( 'NONE',  ( 1.620234093675824161, -1.463672932855430986E-15, -0.8550000000000000933 ) ) ;
#4921 = CARTESIAN_POINT ( 'NONE',  ( 0.9253769854056940192, 0.4600000000000072919, 2.100000000000000089 ) ) ;
#4922 = VECTOR ( 'NONE', #5085, 1000.000000000000000 ) ;
#4923 = ORIENTED_EDGE ( 'NONE', *, *, #3184, .T. ) ;
#4924 = DIRECTION ( 'NONE',  ( -0.000000000000000000, -0.000000000000000000, -1.000000000000000000 ) ) ;
#4925 = EDGE_LOOP ( 'NONE', ( #5634, #2642, #6885, #4391, #6443, #3296, #75, #929, #5854, #509, #7255, #4189 ) ) ;
#4926 = DIRECTION ( 'NONE',  ( -0.000000000000000000, -0.000000000000000000, -1.000000000000000000 ) ) ;
#4927 = CYLINDRICAL_SURFACE ( 'NONE', #6355, 0.07499999999999998335 ) ;
#4928 = AXIS2_PLACEMENT_3D ( 'NONE', #1326, #5899, #672 ) ;
#4929 = ADVANCED_FACE ( 'NONE', ( #3137 ), #3900, .T. ) ;
#4930 = VECTOR ( 'NONE', #7057, 1000.000000000000000 ) ;
#4931 = CARTESIAN_POINT ( 'NONE',  ( 0.8799325952881590363, 0.1625956094184494161, -2.047556909279221848 ) ) ;
#4932 = VERTEX_POINT ( 'NONE', #4589 ) ;
#4933 = LINE ( 'NONE', #7540, #2578 ) ;
#4934 = ORIENTED_EDGE ( 'NONE', *, *, #148, .F. ) ;
#4935 = FILL_AREA_STYLE_COLOUR ( '', #7503 ) ;
#4936 = EDGE_LOOP ( 'NONE', ( #6173, #6185, #2114, #4499 ) ) ;
#4937 = DIRECTION ( 'NONE',  ( 0.000000000000000000, 0.000000000000000000, 1.000000000000000000 ) ) ;
#4938 = EDGE_CURVE ( 'NONE', #2967, #7844, #3262, .T. ) ;
#4939 = ORIENTED_EDGE ( 'NONE', *, *, #5879, .T. ) ;
#4940 = CARTESIAN_POINT ( 'NONE',  ( -1.149999999999999911, 0.4207878548600303970, 1.354999999999999760 ) ) ;
#4941 = ORIENTED_EDGE ( 'NONE', *, *, #4700, .F. ) ;
#4942 = VERTEX_POINT ( 'NONE', #5778 ) ;
#4943 = ORIENTED_EDGE ( 'NONE', *, *, #6597, .T. ) ;
#4944 = VERTEX_POINT ( 'NONE', #1859 ) ;
#4945 = DIRECTION ( 'NONE',  ( 0.000000000000000000, 0.000000000000000000, 1.000000000000000000 ) ) ;
#4946 = CARTESIAN_POINT ( 'NONE',  ( 1.110787854860023183, 0.4600000000000072919, 0.3549999999999999267 ) ) ;
#4947 = DIRECTION ( 'NONE',  ( -0.000000000000000000, -0.000000000000000000, -1.000000000000000000 ) ) ;
#4948 = CARTESIAN_POINT ( 'NONE',  ( 1.289999999999983826, 0.1999999999999999833, 1.855000000000000204 ) ) ;
#4949 = EDGE_CURVE ( 'NONE', #7384, #4028, #3784, .T. ) ;
#4950 = LINE ( 'NONE', #942, #2900 ) ;
#4951 = DIRECTION ( 'NONE',  ( 0.000000000000000000, 0.000000000000000000, 1.000000000000000000 ) ) ;
#4952 = ORIENTED_EDGE ( 'NONE', *, *, #3652, .F. ) ;
#4953 = CARTESIAN_POINT ( 'NONE',  ( -1.149999999999999911, 0.4207878548600303970, 1.855000000000000204 ) ) ;
#4954 = FILL_AREA_STYLE_COLOUR ( '', #510 ) ;
#4955 = CARTESIAN_POINT ( 'NONE',  ( -1.150000000000000133, 0.2000000000000000111, 0.8549999999999998712 ) ) ;
#4956 = ORIENTED_EDGE ( 'NONE', *, *, #2400, .T. ) ;
#4957 = APPLICATION_PROTOCOL_DEFINITION ( 'draft international standard', 'automotive_design', 1998, #3451 ) ;
#4958 = LINE ( 'NONE', #2396, #7155 ) ;
#4959 = CARTESIAN_POINT ( 'NONE',  ( 0.9412141285977210226, 0.1247737546427836602, 1.973589814606656390 ) ) ;
#4960 = CIRCLE ( 'NONE', #7145, 0.07499999999999998335 ) ;
#4961 = VECTOR ( 'NONE', #706, 999.9999999999998863 ) ;
#4962 = DIRECTION ( 'NONE',  ( 0.000000000000000000, 0.000000000000000000, 1.000000000000000000 ) ) ;
#4963 = CARTESIAN_POINT ( 'NONE',  ( -1.620234093675824161, -2.083034977450064059E-16, -0.1450000000000001565 ) ) ;
#4964 = EDGE_CURVE ( 'NONE', #5380, #7142, #7795, .T. ) ;
#4965 = DIRECTION ( 'NONE',  ( 0.9975640502598245307, 0.06975647374412038970, 0.000000000000000000 ) ) ;
#4966 = ORIENTED_EDGE ( 'NONE', *, *, #7308, .F. ) ;
#4967 = ADVANCED_FACE ( 'NONE', ( #7734 ), #2389, .T. ) ;
#4968 = CARTESIAN_POINT ( 'NONE',  ( 1.150000000000000133, 0.2000000000000000111, 1.855000000000000204 ) ) ;
#4969 = DIRECTION ( 'NONE',  ( 0.000000000000000000, 0.000000000000000000, 1.000000000000000000 ) ) ;
#4970 = CIRCLE ( 'NONE', #6882, 0.03921214513997670070 ) ;
#4971 = LINE ( 'NONE', #4176, #8330 ) ;
#4972 = DIRECTION ( 'NONE',  ( -1.000000000000000000, 0.000000000000000000, 0.000000000000000000 ) ) ;
#4973 = CIRCLE ( 'NONE', #4827, 0.07499999999999998335 ) ;
#4974 = AXIS2_PLACEMENT_3D ( 'NONE', #2217, #4836, #6091 ) ;
#4975 = CARTESIAN_POINT ( 'NONE',  ( 0.8992721773685958819, 0.1247737546427827721, -2.041214128597718780 ) ) ;
#4976 = CIRCLE ( 'NONE', #5392, 0.03921214513997691581 ) ;
#4977 = CARTESIAN_POINT ( 'NONE',  ( -0.9999999999999995559, 0.4600000000000071254, 0.3549999999999999267 ) ) ;
#4978 = VECTOR ( 'NONE', #490, 1000.000000000000000 ) ;
#4979 = VERTEX_POINT ( 'NONE', #3295 ) ;
#4980 = ADVANCED_FACE ( 'NONE', ( #5369 ), #2014, .F. ) ;
#4981 = EDGE_CURVE ( 'NONE', #5203, #685, #6934, .T. ) ;
#4982 = PLANE ( 'NONE',  #1490 ) ;
#4983 = ORIENTED_EDGE ( 'NONE', *, *, #1876, .T. ) ;
#4984 = DIRECTION ( 'NONE',  ( 0.000000000000000000, 0.000000000000000000, 1.000000000000000000 ) ) ;
#4985 = CIRCLE ( 'NONE', #7295, 0.07500000000000021927 ) ;
#4986 = CARTESIAN_POINT ( 'NONE',  ( -1.110787854860023183, 0.4600000000000072919, -0.1450000000000001565 ) ) ;
#4987 = DIRECTION ( 'NONE',  ( -1.000000000000000000, 0.000000000000000000, 0.000000000000000000 ) ) ;
#4988 = ORIENTED_EDGE ( 'NONE', *, *, #3133, .F. ) ;
#4989 = CARTESIAN_POINT ( 'NONE',  ( 1.326476844167053359, 0.1608833736747886656, -1.145000000000000240 ) ) ;
#4990 = ORIENTED_EDGE ( 'NONE', *, *, #3800, .T. ) ;
#4991 = ORIENTED_EDGE ( 'NONE', *, *, #6334, .F. ) ;
#4992 = ORIENTED_EDGE ( 'NONE', *, *, #5499, .T. ) ;
#4993 = ORIENTED_EDGE ( 'NONE', *, *, #1496, .T. ) ;
#4994 = STYLED_ITEM ( 'NONE', ( #3325 ), #1847 ) ;
#4995 = DIRECTION ( 'NONE',  ( -0.000000000000000000, -0.000000000000000000, -1.000000000000000000 ) ) ;
#4996 = DIRECTION ( 'NONE',  ( 0.000000000000000000, 0.000000000000000000, -1.000000000000000000 ) ) ;
#4997 = CARTESIAN_POINT ( 'NONE',  ( -0.8489040373074709933, 1.099999999999999867, 1.948904037307471304 ) ) ;
#4998 = CARTESIAN_POINT ( 'NONE',  ( -0.5999999999999996447, 1.050000000000000044, -1.850000000000000089 ) ) ;
#4999 = DIRECTION ( 'NONE',  ( -0.06975647374411941826, 0.9975640502598246417, 0.000000000000000000 ) ) ;
#5000 = ORIENTED_EDGE ( 'NONE', *, *, #1780, .F. ) ;
#5001 =( NAMED_UNIT ( * ) SI_UNIT ( $, .STERADIAN. ) SOLID_ANGLE_UNIT ( ) );
#5002 = DIRECTION ( 'NONE',  ( -0.000000000000000000, -0.000000000000000000, -1.000000000000000000 ) ) ;
#5003 = VERTEX_POINT ( 'NONE', #711 ) ;
#5004 = DIRECTION ( 'NONE',  ( -0.000000000000000000, -0.000000000000000000, -1.000000000000000000 ) ) ;
#5005 = CARTESIAN_POINT ( 'NONE',  ( 0.8847743266540514240, 0.1666929871352567372, 2.047556909279222737 ) ) ;
#5006 = CARTESIAN_POINT ( 'NONE',  ( -1.110787854860023183, 0.4207878548600303970, 1.645000000000000018 ) ) ;
#5007 = CARTESIAN_POINT ( 'NONE',  ( -0.9999999999999995559, 0.4207878548600303970, 1.855000000000000204 ) ) ;
#5008 = SURFACE_SIDE_STYLE ('',( #7657 ) ) ;
#5009 = ORIENTED_EDGE ( 'NONE', *, *, #2122, .F. ) ;
#5010 = DIRECTION ( 'NONE',  ( -0.06975647374411927948, -0.9975640502598247528, 0.000000000000000000 ) ) ;
#5011 = CARTESIAN_POINT ( 'NONE',  ( -0.9165283512985356040, 1.075226245357216337, 1.948904037307471082 ) ) ;
#5012 = ORIENTED_EDGE ( 'NONE', *, *, #3781, .T. ) ;
#5013 =( BOUNDED_CURVE ( )  B_SPLINE_CURVE ( 3, ( #2050, #4654, #2431, #1089 ),
 .UNSPECIFIED., .F., .F. ) 
 B_SPLINE_CURVE_WITH_KNOTS ( ( 4, 4 ),
 ( 5.512866274278617418, 7.053504340080557711 ),
 .UNSPECIFIED. ) 
 CURVE ( )  GEOMETRIC_REPRESENTATION_ITEM ( )  RATIONAL_B_SPLINE_CURVE ( ( 1.000000000000000000, 0.8117923620232501136, 0.8117923620232501136, 1.000000000000000000 ) ) 
 REPRESENTATION_ITEM ( '' )  );
#5014 = CARTESIAN_POINT ( 'NONE',  ( 0.000000000000000000, 0.1749999999999999889, 1.973589814606655946 ) ) ;
#5015 = CARTESIAN_POINT ( 'NONE',  ( -0.9249999999999996003, 0.4600000000000059597, -2.100000000000000089 ) ) ;
#5016 = ADVANCED_FACE ( 'NONE', ( #3968 ), #3339, .F. ) ;
#5017 = ADVANCED_FACE ( 'NONE', ( #2699 ), #5330, .T. ) ;
#5018 = CARTESIAN_POINT ( 'NONE',  ( 1.316710937842877627, 0.02122440663842934186, -1.855000000000000204 ) ) ;
#5019 = VERTEX_POINT ( 'NONE', #2056 ) ;
#5020 = DIRECTION ( 'NONE',  ( -1.000000000000000000, 0.000000000000000000, 0.000000000000000000 ) ) ;
#5021 = ORIENTED_EDGE ( 'NONE', *, *, #4916, .T. ) ;
#5022 = ADVANCED_FACE ( 'NONE', ( #3376 ), #2102, .T. ) ;
#5023 = DIRECTION ( 'NONE',  ( 1.964242413918717925E-15, -1.000000000000000000, -0.000000000000000000 ) ) ;
#5024 = EDGE_CURVE ( 'NONE', #4766, #769, #3466, .T. ) ;
#5025 = ADVANCED_FACE ( 'NONE', ( #169 ), #7368, .F. ) ;
#5026 = EDGE_CURVE ( 'NONE', #1443, #1201, #420, .T. ) ;
#5027 = DIRECTION ( 'NONE',  ( 0.000000000000000000, 0.000000000000000000, 1.000000000000000000 ) ) ;
#5028 = CARTESIAN_POINT ( 'NONE',  ( -0.8872540511985418377, 1.100000000000000089, -1.948904037307471748 ) ) ;
#5029 = ORIENTED_EDGE ( 'NONE', *, *, #2453, .T. ) ;
#5030 = CARTESIAN_POINT ( 'NONE',  ( 1.329212145139960777, 0.2000000000000000111, -0.1450000000000001565 ) ) ;
#5031 = ORIENTED_EDGE ( 'NONE', *, *, #7838, .T. ) ;
#5032 = ORIENTED_EDGE ( 'NONE', *, *, #7692, .T. ) ;
#5033 = ORIENTED_EDGE ( 'NONE', *, *, #2670, .F. ) ;
#5034 = DIRECTION ( 'NONE',  ( -0.000000000000000000, 0.000000000000000000, 1.000000000000000000 ) ) ;
#5035 = CARTESIAN_POINT ( 'NONE',  ( 1.110787854860023183, 0.5999999999999903189, -0.8550000000000000933 ) ) ;
#5036 = CYLINDRICAL_SURFACE ( 'NONE', #7015, 0.03921214513997670070 ) ;
#5037 = CARTESIAN_POINT ( 'NONE',  ( 1.289999999999983604, 0.4207878548600304525, -1.145000000000000240 ) ) ;
#5038 = VECTOR ( 'NONE', #439, 1000.000000000000000 ) ;
#5039 = DIRECTION ( 'NONE',  ( -0.000000000000000000, -0.000000000000000000, -1.000000000000000000 ) ) ;
#5040 = PLANE ( 'NONE',  #6018 ) ;
#5041 = ORIENTED_EDGE ( 'NONE', *, *, #5540, .F. ) ;
#5042 = DIRECTION ( 'NONE',  ( -9.786290869656726145E-16, -1.000000000000000000, 0.000000000000000000 ) ) ;
#5043 = CARTESIAN_POINT ( 'NONE',  ( 1.289999999999983604, 0.4207878548600304525, 1.354999999999999760 ) ) ;
#5044 = VERTEX_POINT ( 'NONE', #4885 ) ;
#5045 = LINE ( 'NONE', #1786, #3454 ) ;
#5046 = AXIS2_PLACEMENT_3D ( 'NONE', #6826, #8201, #6101 ) ;
#5047 = DIRECTION ( 'NONE',  ( -0.000000000000000000, -0.000000000000000000, -1.000000000000000000 ) ) ;
#5048 = CIRCLE ( 'NONE', #914, 0.1792121451399605880 ) ;
#5049 = CARTESIAN_POINT ( 'NONE',  ( 1.110787854860023183, 0.4207878548600303970, -0.3550000000000000377 ) ) ;
#5050 = FACE_OUTER_BOUND ( 'NONE', #5927, .T. ) ;
#5051 = EDGE_CURVE ( 'NONE', #4231, #559, #2411, .T. ) ;
#5052 = CYLINDRICAL_SURFACE ( 'NONE', #697, 0.03921214513997670070 ) ;
#5053 = ORIENTED_EDGE ( 'NONE', *, *, #7585, .F. ) ;
#5054 = CIRCLE ( 'NONE', #5880, 0.03921214513997670070 ) ;
#5055 = PLANE ( 'NONE',  #2645 ) ;
#5056 = DIRECTION ( 'NONE',  ( 1.000000000000000000, 0.000000000000000000, -0.000000000000000000 ) ) ;
#5057 = ORIENTED_EDGE ( 'NONE', *, *, #8337, .F. ) ;
#5058 = DIRECTION ( 'NONE',  ( -0.000000000000000000, -0.000000000000000000, -1.000000000000000000 ) ) ;
#5059 = DIRECTION ( 'NONE',  ( 1.000000000000000000, 1.964242413918717925E-15, -0.000000000000000000 ) ) ;
#5060 = AXIS2_PLACEMENT_3D ( 'NONE', #4609, #1433, #1521 ) ;
#5061 = VECTOR ( 'NONE', #5002, 1000.000000000000000 ) ;
#5062 = CIRCLE ( 'NONE', #5202, 0.1792121451399605880 ) ;
#5063 = VECTOR ( 'NONE', #7403, 1000.000000000000000 ) ;
#5064 = VECTOR ( 'NONE', #6943, 1000.000000000000000 ) ;
#5065 = VERTEX_POINT ( 'NONE', #5633 ) ;
#5066 = EDGE_CURVE ( 'NONE', #3286, #4070, #8289, .T. ) ;
#5067 = VECTOR ( 'NONE', #230, 1000.000000000000000 ) ;
#5068 = DIRECTION ( 'NONE',  ( 1.000000000000000000, 8.807661782691089029E-15, 0.000000000000000000 ) ) ;
#5069 = ORIENTED_EDGE ( 'NONE', *, *, #5605, .T. ) ;
#5070 = DIRECTION ( 'NONE',  ( -0.000000000000000000, -0.000000000000000000, -1.000000000000000000 ) ) ;
#5071 = VECTOR ( 'NONE', #4455, 1000.000000000000000 ) ;
#5072 = LINE ( 'NONE', #7627, #6596 ) ;
#5073 = CARTESIAN_POINT ( 'NONE',  ( 1.289999999999983826, 0.2000000000000000111, -0.8550000000000000933 ) ) ;
#5074 = ORIENTED_EDGE ( 'NONE', *, *, #3427, .T. ) ;
#5075 = CARTESIAN_POINT ( 'NONE',  ( 0.9999914734049469844, 0.4599516432764970686, 2.026130891929031286 ) ) ;
#5076 = DIRECTION ( 'NONE',  ( 0.000000000000000000, 0.000000000000000000, 1.000000000000000000 ) ) ;
#5077 = LINE ( 'NONE', #4953, #1773 ) ;
#5078 = EDGE_CURVE ( 'NONE', #4944, #6692, #4636, .T. ) ;
#5079 = EDGE_LOOP ( 'NONE', ( #5844, #1858, #5836, #713 ) ) ;
#5080 = ADVANCED_FACE ( 'NONE', ( #6221, #334 ), #4982, .T. ) ;
#5081 = VERTEX_POINT ( 'NONE', #3638 ) ;
#5082 = ADVANCED_FACE ( 'NONE', ( #6310 ), #6779, .F. ) ;
#5083 = EDGE_LOOP ( 'NONE', ( #590, #1376, #4100, #5344, #1099, #5686 ) ) ;
#5084 = ADVANCED_FACE ( 'NONE', ( #7587 ), #3500, .F. ) ;
#5085 = DIRECTION ( 'NONE',  ( 0.000000000000000000, 0.000000000000000000, 1.000000000000000000 ) ) ;
#5086 = LINE ( 'NONE', #3, #6620 ) ;
#5087 = DIRECTION ( 'NONE',  ( 1.000000000000000000, -9.786290869656726145E-16, 0.000000000000000000 ) ) ;
#5088 = EDGE_LOOP ( 'NONE', ( #6679, #7383 ) ) ;
#5089 = CARTESIAN_POINT ( 'NONE',  ( -0.8735898146066555237, 0.1000000000000000056, -1.973589814606656390 ) ) ;
#5090 = EDGE_CURVE ( 'NONE', #3930, #5233, #2592, .T. ) ;
#5091 = CARTESIAN_POINT ( 'NONE',  ( 0.9999914734049469844, 0.4599516432764970686, 2.026130891929031286 ) ) ;
#5092 = PLANE ( 'NONE',  #7091 ) ;
#5093 = ORIENTED_EDGE ( 'NONE', *, *, #2973, .F. ) ;
#5094 = EDGE_CURVE ( 'NONE', #3475, #1796, #6817, .T. ) ;
#5095 = B_SPLINE_CURVE_WITH_KNOTS ( 'NONE', 3,
 ( #1425, #2080, #3523, #2845 ),
 .UNSPECIFIED., .F., .F.,
 ( 4, 4 ),
 ( 0.000000000000000000, 1.000000000000000000 ),
 .UNSPECIFIED. ) ;
#5096 = FACE_OUTER_BOUND ( 'NONE', #5542, .T. ) ;
#5097 = DIRECTION ( 'NONE',  ( -1.000000000000000000, 0.000000000000000000, -0.000000000000000000 ) ) ;
#5098 = CARTESIAN_POINT ( 'NONE',  ( 0.8872540511985427258, 1.075226245357216781, 2.016528351298535693 ) ) ;
#5099 = EDGE_LOOP ( 'NONE', ( #6737, #4758, #7139, #5223 ) ) ;
#5100 = DIRECTION ( 'NONE',  ( -1.964242413918717925E-15, -1.000000000000000000, 0.000000000000000000 ) ) ;
#5101 = DIRECTION ( 'NONE',  ( -0.000000000000000000, -0.000000000000000000, -1.000000000000000000 ) ) ;
#5102 = ORIENTED_EDGE ( 'NONE', *, *, #1285, .T. ) ;
#5103 = CARTESIAN_POINT ( 'NONE',  ( -1.110787854860023183, 0.4600000000000070699, -0.6450000000000001288 ) ) ;
#5104 = CARTESIAN_POINT ( 'NONE',  ( 1.000000000000000444, 6.851881339845204089, 2.024999999999999911 ) ) ;
#5105 = AXIS2_PLACEMENT_3D ( 'NONE', #2275, #2950, #1655 ) ;
#5106 = AXIS2_PLACEMENT_3D ( 'NONE', #7194, #663, #7322 ) ;
#5107 = CIRCLE ( 'NONE', #4668, 0.1499999999999999667 ) ;
#5108 = VERTEX_POINT ( 'NONE', #6949 ) ;
#5109 = VECTOR ( 'NONE', #5776, 1000.000000000000000 ) ;
#5110 = LINE ( 'NONE', #3791, #7281 ) ;
#5111 = VERTEX_POINT ( 'NONE', #8147 ) ;
#5112 = DIRECTION ( 'NONE',  ( -0.000000000000000000, -0.000000000000000000, -1.000000000000000000 ) ) ;
#5113 = CARTESIAN_POINT ( 'NONE',  ( 1.150000000000000133, 0.2000000000000000111, -0.1450000000000001565 ) ) ;
#5114 = VECTOR ( 'NONE', #4731, 1000.000000000000000 ) ;
#5115 = STYLED_ITEM ( 'NONE', ( #2803 ), #7539 ) ;
#5116 = LINE ( 'NONE', #7720, #1659 ) ;
#5117 = DIRECTION ( 'NONE',  ( -0.9975640502598243087, 0.06975647374412370649, 0.000000000000000000 ) ) ;
#5118 = ORIENTED_EDGE ( 'NONE', *, *, #6351, .F. ) ;
#5119 = CARTESIAN_POINT ( 'NONE',  ( -0.9999999999999995559, 0.4600000000000072919, 0.3549999999999999267 ) ) ;
#5120 = VECTOR ( 'NONE', #2173, 1000.000000000000000 ) ;
#5121 = ORIENTED_EDGE ( 'NONE', *, *, #1966, .T. ) ;
#5122 = EDGE_LOOP ( 'NONE', ( #2673, #3985, #680, #810 ) ) ;
#5123 = VERTEX_POINT ( 'NONE', #1662 ) ;
#5124 = LINE ( 'NONE', #2471, #4922 ) ;
#5125 = EDGE_CURVE ( 'NONE', #6617, #4246, #1528, .T. ) ;
#5126 = VECTOR ( 'NONE', #1970, 1000.000000000000000 ) ;
#5127 = ADVANCED_FACE ( 'NONE', ( #969 ), #3687, .F. ) ;
#5128 = CARTESIAN_POINT ( 'NONE',  ( -1.150000000000000133, 0.2000000000000000111, -0.3550000000000000377 ) ) ;
#5129 = CYLINDRICAL_SURFACE ( 'NONE', #8390, 0.1792121451399605880 ) ;
#5130 = ORIENTED_EDGE ( 'NONE', *, *, #5954, .F. ) ;
#5131 = LINE ( 'NONE', #1295, #6984 ) ;
#5132 = PLANE ( 'NONE',  #6821 ) ;
#5133 = CARTESIAN_POINT ( 'NONE',  ( -1.326476844167053359, 0.1608833736747886656, 1.144999999999999796 ) ) ;
#5134 = STYLED_ITEM ( 'NONE', ( #3617 ), #1969 ) ;
#5135 = ORIENTED_EDGE ( 'NONE', *, *, #1106, .F. ) ;
#5136 = DIRECTION ( 'NONE',  ( -0.000000000000000000, -0.000000000000000000, -1.000000000000000000 ) ) ;
#5137 = EDGE_CURVE ( 'NONE', #8490, #5909, #7925, .T. ) ;
#5138 = CARTESIAN_POINT ( 'NONE',  ( 0.9228711319800381174, 1.033307012864741248, -1.960088549354864096 ) ) ;
#5139 = CARTESIAN_POINT ( 'NONE',  ( 0.8489040373074715484, 1.075226245357216559, 2.016528351298536581 ) ) ;
#5140 = VECTOR ( 'NONE', #4307, 1000.000000000000000 ) ;
#5141 = EDGE_CURVE ( 'NONE', #4070, #4188, #259, .T. ) ;
#5142 = ORIENTED_EDGE ( 'NONE', *, *, #4803, .T. ) ;
#5143 = CARTESIAN_POINT ( 'NONE',  ( 1.629999999999999671, 0.1396589670363575786, -1.855000000000000204 ) ) ;
#5144 = CARTESIAN_POINT ( 'NONE',  ( 1.289999999999983826, 0.1999999999999999833, 1.354999999999999760 ) ) ;
#5145 = ORIENTED_EDGE ( 'NONE', *, *, #6636, .F. ) ;
#5146 = EDGE_CURVE ( 'NONE', #3868, #4823, #641, .T. ) ;
#5147 = CARTESIAN_POINT ( 'NONE',  ( -1.150000000000000133, 0.1999999999999998168, 1.645000000000000018 ) ) ;
#5148 = DIRECTION ( 'NONE',  ( -1.000000000000000000, -9.074737973021588507E-16, 0.000000000000000000 ) ) ;
#5149 = ORIENTED_EDGE ( 'NONE', *, *, #6445, .T. ) ;
#5150 = ORIENTED_EDGE ( 'NONE', *, *, #7777, .T. ) ;
#5151 = ORIENTED_EDGE ( 'NONE', *, *, #1496, .F. ) ;
#5152 = DIRECTION ( 'NONE',  ( 0.000000000000000000, 0.000000000000000000, 1.000000000000000000 ) ) ;
#5153 = LINE ( 'NONE', #2570, #3588 ) ;
#5154 = CYLINDRICAL_SURFACE ( 'NONE', #3974, 0.03921214513997670070 ) ;
#5155 = LINE ( 'NONE', #3810, #3170 ) ;
#5156 = SURFACE_STYLE_FILL_AREA ( #2661 ) ;
#5157 = DIRECTION ( 'NONE',  ( -0.000000000000000000, -0.000000000000000000, -1.000000000000000000 ) ) ;
#5158 = PRODUCT_RELATED_PRODUCT_CATEGORY ( 'part', '', ( #1191 ) ) ;
#5159 = ORIENTED_EDGE ( 'NONE', *, *, #7416, .T. ) ;
#5160 = VERTEX_POINT ( 'NONE', #1613 ) ;
#5161 = ORIENTED_EDGE ( 'NONE', *, *, #6388, .F. ) ;
#5162 = DIRECTION ( 'NONE',  ( 0.9975640502598243087, -0.06975647374412463630, 0.000000000000000000 ) ) ;
#5163 = CARTESIAN_POINT ( 'NONE',  ( 1.289999999999983604, 0.4207878548600304525, 1.855000000000000204 ) ) ;
#5164 = AXIS2_PLACEMENT_3D ( 'NONE', #5790, #8399, #5148 ) ;
#5165 = DIRECTION ( 'NONE',  ( -0.000000000000000000, -0.000000000000000000, -1.000000000000000000 ) ) ;
#5166 = CARTESIAN_POINT ( 'NONE',  ( -0.9999999999999995559, 0.5999999999999912070, 1.145000000000000018 ) ) ;
#5167 = LINE ( 'NONE', #7130, #3582 ) ;
#5168 = DIRECTION ( 'NONE',  ( -0.000000000000000000, -0.000000000000000000, -1.000000000000000000 ) ) ;
#5169 = CARTESIAN_POINT ( 'NONE',  ( 1.000000000000000444, 0.4600000000000072919, 2.025376985405695329 ) ) ;
#5170 = LINE ( 'NONE', #3099, #3236 ) ;
#5171 = EDGE_CURVE ( 'NONE', #1289, #3365, #4933, .T. ) ;
#5172 = ORIENTED_EDGE ( 'NONE', *, *, #5390, .F. ) ;
#5173 = EDGE_CURVE ( 'NONE', #6743, #8315, #6827, .T. ) ;
#5174 = CYLINDRICAL_SURFACE ( 'NONE', #6754, 0.03921214513997670070 ) ;
#5175 = DIRECTION ( 'NONE',  ( -1.000000000000000000, 0.000000000000000000, 0.000000000000000000 ) ) ;
#5176 = EDGE_LOOP ( 'NONE', ( #7746, #6375, #2814, #1211 ) ) ;
#5177 = ORIENTED_EDGE ( 'NONE', *, *, #7788, .F. ) ;
#5178 = VECTOR ( 'NONE', #930, 1000.000000000000000 ) ;
#5179 = LINE ( 'NONE', #8394, #1272 ) ;
#5180 = CARTESIAN_POINT ( 'NONE',  ( -0.9999999999999995559, 0.5999999999999910960, -2.025376985405674901 ) ) ;
#5181 = ORIENTED_EDGE ( 'NONE', *, *, #1814, .T. ) ;
#5183 = EDGE_CURVE ( 'NONE', #6082, #2498, #1606, .T. ) ;
#5182 = FACE_OUTER_BOUND ( 'NONE', #1963, .T. ) ;
#5184 = DIRECTION ( 'NONE',  ( -0.000000000000000000, 1.000000000000000000, 0.000000000000000000 ) ) ;
#5185 = EDGE_CURVE ( 'NONE', #3351, #1443, #6458, .T. ) ;
#5186 = EDGE_CURVE ( 'NONE', #1386, #489, #1260, .T. ) ;
#5187 = VECTOR ( 'NONE', #3109, 1000.000000000000000 ) ;
#5188 = CARTESIAN_POINT ( 'NONE',  ( 1.629999999999999671, 0.1396589670363576063, -1.145000000000000240 ) ) ;
#5189 = VECTOR ( 'NONE', #593, 1000.000000000000000 ) ;
#5190 = ORIENTED_EDGE ( 'NONE', *, *, #5183, .F. ) ;
#5191 = VECTOR ( 'NONE', #2884, 1000.000000000000000 ) ;
#5192 = ORIENTED_EDGE ( 'NONE', *, *, #443, .T. ) ;
#5193 = ORIENTED_EDGE ( 'NONE', *, *, #4689, .F. ) ;
#5195 = EDGE_CURVE ( 'NONE', #2676, #17, #4032, .T. ) ;
#5194 = DIRECTION ( 'NONE',  ( 8.807661782691089029E-15, -1.000000000000000000, 0.000000000000000000 ) ) ;
#5196 = LINE ( 'NONE', #6996, #7835 ) ;
#5197 = VECTOR ( 'NONE', #8098, 999.9999999999998863 ) ;
#5198 =( GEOMETRIC_REPRESENTATION_CONTEXT ( 3 ) GLOBAL_UNCERTAINTY_ASSIGNED_CONTEXT ( ( #6106 ) ) GLOBAL_UNIT_ASSIGNED_CONTEXT ( ( #3349, #98, #3641 ) ) REPRESENTATION_CONTEXT ( 'NONE', 'WORKASPACE' ) );
#5199 = DIRECTION ( 'NONE',  ( 0.000000000000000000, 0.000000000000000000, -1.000000000000000000 ) ) ;
#5200 = DIRECTION ( 'NONE',  ( -1.000000000000000000, -0.000000000000000000, 0.000000000000000000 ) ) ;
#5201 = CARTESIAN_POINT ( 'NONE',  ( -1.629999999999999671, 0.1396589670363589109, -0.3550000000000002043 ) ) ;
#5202 = AXIS2_PLACEMENT_3D ( 'NONE', #2969, #1631, #1580 ) ;
#5203 = VERTEX_POINT ( 'NONE', #774 ) ;
#5204 = CARTESIAN_POINT ( 'NONE',  ( -1.629999999999999671, 0.1396589670363589109, 1.855000000000000204 ) ) ;
#5205 = SURFACE_SIDE_STYLE ('',( #7679 ) ) ;
#5206 = MECHANICAL_DESIGN_GEOMETRIC_PRESENTATION_REPRESENTATION (  '', ( #7379 ), #4090 ) ;
#5207 = ORIENTED_EDGE ( 'NONE', *, *, #8278, .F. ) ;
#5208 = VERTEX_POINT ( 'NONE', #3436 ) ;
#5209 = VERTEX_POINT ( 'NONE', #189 ) ;
#5210 = CARTESIAN_POINT ( 'NONE',  ( 1.110787854860023183, 0.4600000000000072919, 0.6449999999999999067 ) ) ;
#5211 = STYLED_ITEM ( 'NONE', ( #480 ), #4879 ) ;
#5212 = LINE ( 'NONE', #1897, #7908 ) ;
#5213 = LINE ( 'NONE', #2062, #4056 ) ;
#5214 = LINE ( 'NONE', #6327, #7150 ) ;
#5215 = DIRECTION ( 'NONE',  ( 0.000000000000000000, 0.000000000000000000, 1.000000000000000000 ) ) ;
#5216 = VERTEX_POINT ( 'NONE', #6669 ) ;
#5217 = CARTESIAN_POINT ( 'NONE',  ( -1.620234093675824161, -2.083034977450064059E-16, -0.8550000000000002043 ) ) ;
#5218 = CARTESIAN_POINT ( 'NONE',  ( 1.110787854860023183, 0.4600000000000072919, 0.8549999999999998712 ) ) ;
#5219 = ORIENTED_EDGE ( 'NONE', *, *, #7686, .F. ) ;
#5220 = CARTESIAN_POINT ( 'NONE',  ( -1.110787854860023183, 0.4207878548600303970, -1.354999999999999982 ) ) ;
#5221 = ADVANCED_FACE ( 'NONE', ( #5306 ), #6623, .T. ) ;
#5222 = ORIENTED_EDGE ( 'NONE', *, *, #2926, .F. ) ;
#5223 = ORIENTED_EDGE ( 'NONE', *, *, #3324, .F. ) ;
#5224 = LINE ( 'NONE', #4516, #1818 ) ;
#5225 = CYLINDRICAL_SURFACE ( 'NONE', #3935, 0.1792121451399605880 ) ;
#5226 = ORIENTED_EDGE ( 'NONE', *, *, #5925, .T. ) ;
#5227 = DIRECTION ( 'NONE',  ( -1.000000000000000000, -9.074737973021588507E-16, 0.000000000000000000 ) ) ;
#5228 = DIRECTION ( 'NONE',  ( 0.000000000000000000, 0.000000000000000000, 1.000000000000000000 ) ) ;
#5229 = PLANE ( 'NONE',  #6625 ) ;
#5230 = ADVANCED_FACE ( 'NONE', ( #4160 ), #4771, .T. ) ;
#5231 = EDGE_CURVE ( 'NONE', #6320, #8014, #5900, .T. ) ;
#5232 = CARTESIAN_POINT ( 'NONE',  ( -1.110787854860023183, 0.4207878548600303970, -0.1450000000000001565 ) ) ;
#5233 = VERTEX_POINT ( 'NONE', #890 ) ;
#5234 = EDGE_LOOP ( 'NONE', ( #1880, #3085, #2466, #3928 ) ) ;
#5235 = LINE ( 'NONE', #1315, #4769 ) ;
#5236 =( BOUNDED_SURFACE ( )  B_SPLINE_SURFACE ( 3, 3, ( 
 ( #2522, #5139, #565, #7611 ),
 ( #449, #5098, #7741, #523 ),
 ( #2437, #4395, #6340, #4470 ),
 ( #3143, #5833, #5701, #5784 ) ),
 .UNSPECIFIED., .F., .F., .F. ) 
 B_SPLINE_SURFACE_WITH_KNOTS ( ( 4, 4 ),
 ( 4, 4 ),
 ( 0.000000000000000000, 1.000000000000000000 ),
 ( 0.000000000000000000, 1.000000000000000000 ),
 .UNSPECIFIED. ) 
 GEOMETRIC_REPRESENTATION_ITEM ( )  RATIONAL_B_SPLINE_SURFACE ( (
 ( 1.000000000000000000, 0.8422301520436450417, 0.8422301520436450417, 1.000000000000000000),
 ( 0.8422301520436450417, 0.7093516290114614264, 0.7093516290114614264, 0.8422301520436450417),
 ( 0.8422301520436450417, 0.7093516290114614264, 0.7093516290114614264, 0.8422301520436450417),
 ( 1.000000000000000000, 0.8422301520436450417, 0.8422301520436450417, 1.000000000000000000) ) ) 
 REPRESENTATION_ITEM ( '' )  SURFACE ( )  );
#5237 = CARTESIAN_POINT ( 'NONE',  ( -1.110787854860023183, 0.4600000000000070699, 0.8549999999999998712 ) ) ;
#5238 = AXIS2_PLACEMENT_3D ( 'NONE', #3396, #2119, #4677 ) ;
#5239 = DIRECTION ( 'NONE',  ( -0.000000000000000000, -0.000000000000000000, -1.000000000000000000 ) ) ;
#5240 = EDGE_CURVE ( 'NONE', #7085, #862, #4640, .T. ) ;
#5241 = CARTESIAN_POINT ( 'NONE',  ( -1.289999999999983604, 0.4207878548600304525, 1.145000000000000018 ) ) ;
#5242 = VECTOR ( 'NONE', #540, 1000.000000000000000 ) ;
#5243 = CARTESIAN_POINT ( 'NONE',  ( -1.329212145139960777, 0.2000000000000000111, 0.8549999999999998712 ) ) ;
#5244 = EDGE_CURVE ( 'NONE', #4538, #2316, #5481, .T. ) ;
#5245 = ORIENTED_EDGE ( 'NONE', *, *, #5721, .F. ) ;
#5246 = FACE_OUTER_BOUND ( 'NONE', #5724, .T. ) ;
#5247 = ORIENTED_EDGE ( 'NONE', *, *, #2158, .T. ) ;
#5248 = ORIENTED_EDGE ( 'NONE', *, *, #353, .F. ) ;
#5249 = VERTEX_POINT ( 'NONE', #105 ) ;
#5250 =( GEOMETRIC_REPRESENTATION_CONTEXT ( 3 ) GLOBAL_UNCERTAINTY_ASSIGNED_CONTEXT ( ( #2069 ) ) GLOBAL_UNIT_ASSIGNED_CONTEXT ( ( #1646, #2312, #6897 ) ) REPRESENTATION_CONTEXT ( 'NONE', 'WORKASPACE' ) );
#5251 = AXIS2_PLACEMENT_3D ( 'NONE', #5551, #8157, #4288 ) ;
#5252 = FACE_OUTER_BOUND ( 'NONE', #4869, .T. ) ;
#5253 = CARTESIAN_POINT ( 'NONE',  ( -1.110787854860023183, 0.4600000000000072919, 0.6449999999999999067 ) ) ;
#5254 = AXIS2_PLACEMENT_3D ( 'NONE', #8308, #2434, #7019 ) ;
#5255 = DIRECTION ( 'NONE',  ( 0.000000000000000000, 0.000000000000000000, 1.000000000000000000 ) ) ;
#5256 = CARTESIAN_POINT ( 'NONE',  ( -0.9999999999999995559, 0.4600000000000072919, 2.100000000000000089 ) ) ;
#5257 = VECTOR ( 'NONE', #7826, 1000.000000000000000 ) ;
#5258 = AXIS2_PLACEMENT_3D ( 'NONE', #6504, #4475, #2482 ) ;
#5259 = LINE ( 'NONE', #2793, #37 ) ;
#5260 = EDGE_LOOP ( 'NONE', ( #1189, #2180, #726, #5342, #6318, #2871 ) ) ;
#5261 = CARTESIAN_POINT ( 'NONE',  ( -0.9475569092792219816, 0.1625956094184514145, -2.011939828497727234 ) ) ;
#5262 = ORIENTED_EDGE ( 'NONE', *, *, #6648, .F. ) ;
#5263 = LINE ( 'NONE', #5217, #6688 ) ;
#5264 = CARTESIAN_POINT ( 'NONE',  ( -1.289999999999983604, 0.4207878548600304525, -1.354999999999999982 ) ) ;
#5265 = VERTEX_POINT ( 'NONE', #2719 ) ;
#5266 = VECTOR ( 'NONE', #1654, 1000.000000000000000 ) ;
#5267 = VECTOR ( 'NONE', #7524, 1000.000000000000000 ) ;
#5268 = DIRECTION ( 'NONE',  ( 1.000000000000000000, -0.000000000000000000, 0.000000000000000000 ) ) ;
#5269 = EDGE_LOOP ( 'NONE', ( #3239, #6748, #2782, #143 ) ) ;
#5270 = CARTESIAN_POINT ( 'NONE',  ( -0.9999999999999995559, 0.4600000000000072919, 1.645000000000000018 ) ) ;
#5271 = CARTESIAN_POINT ( 'NONE',  ( -0.9999999999999995559, 0.5999999999999912070, 0.6449999999999999067 ) ) ;
#5272 = ORIENTED_EDGE ( 'NONE', *, *, #3778, .F. ) ;
#5273 = DIRECTION ( 'NONE',  ( -1.000000000000000000, 0.000000000000000000, 0.000000000000000000 ) ) ;
#5274 = CARTESIAN_POINT ( 'NONE',  ( 1.000000000000000000, 0.4600000000000065148, 1.354999999999999760 ) ) ;
#5275 = AXIS2_PLACEMENT_3D ( 'NONE', #7910, #8050, #4135 ) ;
#5276 =( NAMED_UNIT ( * ) SI_UNIT ( $, .STERADIAN. ) SOLID_ANGLE_UNIT ( ) );
#5277 = DIRECTION ( 'NONE',  ( 0.000000000000000000, -0.000000000000000000, 1.000000000000000000 ) ) ;
#5278 = ORIENTED_EDGE ( 'NONE', *, *, #3975, .F. ) ;
#5279 = VERTEX_POINT ( 'NONE', #5348 ) ;
#5280 = EDGE_LOOP ( 'NONE', ( #5435, #5545, #5429, #6007, #1542, #388 ) ) ;
#5281 = CARTESIAN_POINT ( 'NONE',  ( 1.000000000000000000, 0.5999999999999903189, 1.354999999999999760 ) ) ;
#5282 = EDGE_CURVE ( 'NONE', #1294, #6606, #7944, .T. ) ;
#5283 = EDGE_CURVE ( 'NONE', #7927, #332, #7304, .T. ) ;
#5284 = CARTESIAN_POINT ( 'NONE',  ( -0.9999999999999995559, 0.5999999999999912070, 0.6449999999999999067 ) ) ;
#5285 = DIRECTION ( 'NONE',  ( -0.000000000000000000, 1.000000000000000000, 0.000000000000000000 ) ) ;
#5286 = ORIENTED_EDGE ( 'NONE', *, *, #6670, .F. ) ;
#5287 = EDGE_LOOP ( 'NONE', ( #389, #8218, #4670, #1530, #3223, #4661, #7038, #2043, #4149, #6820, #3359, #2674 ) ) ;
#5288 = ORIENTED_EDGE ( 'NONE', *, *, #8468, .F. ) ;
#5289 = ORIENTED_EDGE ( 'NONE', *, *, #4747, .T. ) ;
#5290 =( BOUNDED_CURVE ( )  B_SPLINE_CURVE ( 3, ( #2063, #7382, #7335, #4667 ),
 .UNSPECIFIED., .F., .T. ) 
 B_SPLINE_CURVE_WITH_KNOTS ( ( 4, 4 ),
 ( 5.512866274278614753, 7.053504340080538171 ),
 .UNSPECIFIED. ) 
 CURVE ( )  GEOMETRIC_REPRESENTATION_ITEM ( )  RATIONAL_B_SPLINE_CURVE ( ( 1.000000000000000000, 0.8117923620232541104, 0.8117923620232541104, 1.000000000000000000 ) ) 
 REPRESENTATION_ITEM ( '' )  );
#5291 = EDGE_CURVE ( 'NONE', #7002, #4634, #1633, .T. ) ;
#5292 = EDGE_CURVE ( 'NONE', #2588, #2233, #2170, .T. ) ;
#5293 = CARTESIAN_POINT ( 'NONE',  ( 1.289999999999983604, 0.4207878548600303970, -1.855000000000000204 ) ) ;
#5294 = CARTESIAN_POINT ( 'NONE',  ( 1.110787854860023183, 0.4207878548600303970, 1.645000000000000018 ) ) ;
#5295 = FACE_OUTER_BOUND ( 'NONE', #696, .T. ) ;
#5296 = CARTESIAN_POINT ( 'NONE',  ( 0.8735898146066566339, 0.1749999999999999889, -1.973589814606655946 ) ) ;
#5297 = ORIENTED_EDGE ( 'NONE', *, *, #584, .T. ) ;
#5298 = VERTEX_POINT ( 'NONE', #4948 ) ;
#5299 = CARTESIAN_POINT ( 'NONE',  ( -1.326476844167053359, 0.1608833736747886656, -0.6450000000000001288 ) ) ;
#5300 = ORIENTED_EDGE ( 'NONE', *, *, #4382, .T. ) ;
#5301 = ORIENTED_EDGE ( 'NONE', *, *, #8374, .F. ) ;
#5302 = EDGE_CURVE ( 'NONE', #1652, #4070, #352, .T. ) ;
#5303 = AXIS2_PLACEMENT_3D ( 'NONE', #3916, #1271, #5876 ) ;
#5304 = PLANE ( 'NONE',  #6700 ) ;
#5305 = FACE_OUTER_BOUND ( 'NONE', #1677, .T. ) ;
#5306 = FACE_OUTER_BOUND ( 'NONE', #2031, .T. ) ;
#5307 = CARTESIAN_POINT ( 'NONE',  ( 1.150000000000000133, 0.2000000000000000111, 0.1449999999999999345 ) ) ;
#5308 = EDGE_LOOP ( 'NONE', ( #4697, #677, #5796, #381 ) ) ;
#5309 = DIRECTION ( 'NONE',  ( 0.000000000000000000, -0.000000000000000000, 1.000000000000000000 ) ) ;
#5310 = PLANE ( 'NONE',  #4474 ) ;
#5311 = ORIENTED_EDGE ( 'NONE', *, *, #7154, .T. ) ;
#5312 = CARTESIAN_POINT ( 'NONE',  ( 1.289999999999983604, 0.4207878548600304525, -0.6450000000000001288 ) ) ;
#5313 = CARTESIAN_POINT ( 'NONE',  ( -1.150000000000000133, 0.4207878548600303970, 1.354999999999999760 ) ) ;
#5314 = DIRECTION ( 'NONE',  ( 0.000000000000000000, 0.000000000000000000, -1.000000000000000000 ) ) ;
#5315 = ADVANCED_FACE ( 'NONE', ( #2253 ), #5607, .T. ) ;
#5316 = PRESENTATION_STYLE_ASSIGNMENT (( #2648 ) ) ;
#5317 = AXIS2_PLACEMENT_3D ( 'NONE', #1464, #2078, #2843 ) ;
#5318 = FILL_AREA_STYLE_COLOUR ( '', #3609 ) ;
#5319 = ORIENTED_EDGE ( 'NONE', *, *, #7008, .F. ) ;
#5320 = CARTESIAN_POINT ( 'NONE',  ( 0.9999914734049480947, 0.6000483567234959903, -2.026130891929032618 ) ) ;
#5321 = AXIS2_PLACEMENT_3D ( 'NONE', #6037, #2079, #2168 ) ;
#5322 = FACE_OUTER_BOUND ( 'NONE', #5939, .T. ) ;
#5323 = DIRECTION ( 'NONE',  ( 0.000000000000000000, 1.000000000000000000, 0.000000000000000000 ) ) ;
#5324 = CARTESIAN_POINT ( 'NONE',  ( 1.620234093675824161, -1.496544593801257044E-15, -0.6450000000000001288 ) ) ;
#5325 = CARTESIAN_POINT ( 'NONE',  ( 1.629999999999999671, 0.1396589670363575786, -0.8550000000000002043 ) ) ;
#5326 = VECTOR ( 'NONE', #7938, 1000.000000000000114 ) ;
#5327 = CARTESIAN_POINT ( 'NONE',  ( -0.5999999999999996447, 1.050000000000000044, -1.700000000000000178 ) ) ;
#5328 = EDGE_CURVE ( 'NONE', #8014, #8031, #1776, .T. ) ;
#5329 = VERTEX_POINT ( 'NONE', #3559 ) ;
#5330 = CYLINDRICAL_SURFACE ( 'NONE', #5346, 0.07499999999999998335 ) ;
#5331 = ORIENTED_EDGE ( 'NONE', *, *, #548, .T. ) ;
#5332 = VECTOR ( 'NONE', #214, 1000.000000000000000 ) ;
#5333 = CARTESIAN_POINT ( 'NONE',  ( -1.316710937842878071, 0.02122440663842927941, -1.855000000000000204 ) ) ;
#5334 = ORIENTED_EDGE ( 'NONE', *, *, #1715, .F. ) ;
#5335 = VECTOR ( 'NONE', #375, 1000.000000000000000 ) ;
#5336 = LINE ( 'NONE', #7331, #6477 ) ;
#5337 = CARTESIAN_POINT ( 'NONE',  ( -1.629999999999999671, 0.1396589670363588831, -0.6450000000000001288 ) ) ;
#5338 = VECTOR ( 'NONE', #1726, 1000.000000000000000 ) ;
#5339 = VECTOR ( 'NONE', #2391, 1000.000000000000000 ) ;
#5340 = EDGE_CURVE ( 'NONE', #2844, #2464, #5561, .T. ) ;
#5341 = DIRECTION ( 'NONE',  ( 1.000000000000000000, -0.000000000000000000, 0.000000000000000000 ) ) ;
#5342 = ORIENTED_EDGE ( 'NONE', *, *, #4735, .T. ) ;
#5343 = ORIENTED_EDGE ( 'NONE', *, *, #5185, .F. ) ;
#5344 = ORIENTED_EDGE ( 'NONE', *, *, #2806, .T. ) ;
#5345 = AXIS2_PLACEMENT_3D ( 'NONE', #4986, #6740, #213 ) ;
#5346 = AXIS2_PLACEMENT_3D ( 'NONE', #4750, #7926, #4099 ) ;
#5347 = DIRECTION ( 'NONE',  ( -1.000000000000000000, 0.000000000000000000, 0.000000000000000000 ) ) ;
#5348 = CARTESIAN_POINT ( 'NONE',  ( -1.629999999999999671, 0.1396589670363588831, 1.354999999999999760 ) ) ;
#5349 = EDGE_CURVE ( 'NONE', #7616, #3201, #8259, .T. ) ;
#5350 = EDGE_CURVE ( 'NONE', #2498, #8435, #4903, .T. ) ;
#5351 = ORIENTED_EDGE ( 'NONE', *, *, #5661, .F. ) ;
#5352 =( LENGTH_UNIT ( ) NAMED_UNIT ( * ) SI_UNIT ( .MILLI., .METRE. ) );
#5353 = CARTESIAN_POINT ( 'NONE',  ( -1.326476844167053359, 0.1608833736747886656, -1.855000000000000204 ) ) ;
#5354 = ORIENTED_EDGE ( 'NONE', *, *, #6008, .T. ) ;
#5355 = LINE ( 'NONE', #4728, #2834 ) ;
#5356 = CARTESIAN_POINT ( 'NONE',  ( -1.110787854860023183, 0.4207878548600303970, 1.855000000000000204 ) ) ;
#5357 = DIRECTION ( 'NONE',  ( -1.000000000000000000, 0.000000000000000000, 0.000000000000000000 ) ) ;
#5358 = DIRECTION ( 'NONE',  ( 0.000000000000000000, 1.000000000000000000, 0.000000000000000000 ) ) ;
#5359 = LINE ( 'NONE', #4786, #322 ) ;
#5360 = ORIENTED_EDGE ( 'NONE', *, *, #6412, .F. ) ;
#5361 = CARTESIAN_POINT ( 'NONE',  ( -1.150000000000000133, 0.2000000000000000111, -1.645000000000000240 ) ) ;
#5362 = ORIENTED_EDGE ( 'NONE', *, *, #2701, .T. ) ;
#5363 = PLANE ( 'NONE',  #7912 ) ;
#5364 = DIRECTION ( 'NONE',  ( 0.000000000000000000, -0.000000000000000000, 1.000000000000000000 ) ) ;
#5365 = DIRECTION ( 'NONE',  ( 0.9975640502598243087, -0.06975647374412463630, 0.000000000000000000 ) ) ;
#5366 = PLANE ( 'NONE',  #4669 ) ;
#5367 = FACE_OUTER_BOUND ( 'NONE', #2909, .T. ) ;
#5368 = ORIENTED_EDGE ( 'NONE', *, *, #191, .T. ) ;
#5369 = FACE_OUTER_BOUND ( 'NONE', #6664, .T. ) ;
#5370 = ORIENTED_EDGE ( 'NONE', *, *, #6486, .F. ) ;
#5371 = CARTESIAN_POINT ( 'NONE',  ( 1.000000000000000444, 0.5999999999999912070, 2.025000000000000799 ) ) ;
#5372 = ORIENTED_EDGE ( 'NONE', *, *, #3656, .F. ) ;
#5373 = ORIENTED_EDGE ( 'NONE', *, *, #3874, .T. ) ;
#5374 = DIRECTION ( 'NONE',  ( 0.000000000000000000, 0.000000000000000000, 1.000000000000000000 ) ) ;
#5375 = CIRCLE ( 'NONE', #1656, 0.03921214513997670070 ) ;
#5376 = CARTESIAN_POINT ( 'NONE',  ( 1.326476844167053137, 0.1608833736747886656, 0.1449999999999999345 ) ) ;
#5377 = VECTOR ( 'NONE', #6478, 999.9999999999998863 ) ;
#5378 = ORIENTED_EDGE ( 'NONE', *, *, #3289, .T. ) ;
#5379 = CARTESIAN_POINT ( 'NONE',  ( 1.316710937842878071, 0.02122440663842936268, -0.1450000000000001565 ) ) ;
#5380 = VERTEX_POINT ( 'NONE', #2295 ) ;
#5381 = AXIS2_PLACEMENT_3D ( 'NONE', #1196, #4453, #7721 ) ;
#5382 = VECTOR ( 'NONE', #5574, 1000.000000000000000 ) ;
#5383 = ORIENTED_EDGE ( 'NONE', *, *, #6334, .T. ) ;
#5384 = VECTOR ( 'NONE', #3977, 1000.000000000000000 ) ;
#5385 = DIRECTION ( 'NONE',  ( -0.06975647374411941826, 0.9975640502598246417, 0.000000000000000000 ) ) ;
#5386 = ORIENTED_EDGE ( 'NONE', *, *, #6906, .F. ) ;
#5387 = VERTEX_POINT ( 'NONE', #434 ) ;
#5388 = EDGE_CURVE ( 'NONE', #3606, #789, #6571, .T. ) ;
#5389 = VECTOR ( 'NONE', #1872, 1000.000000000000000 ) ;
#5390 = EDGE_CURVE ( 'NONE', #1455, #609, #4618, .T. ) ;
#5391 = CARTESIAN_POINT ( 'NONE',  ( -1.110787854860023183, 0.4207878548600303970, -1.145000000000000240 ) ) ;
#5392 = AXIS2_PLACEMENT_3D ( 'NONE', #8352, #7696, #1302 ) ;
#5393 = CIRCLE ( 'NONE', #2510, 0.03921214513997670070 ) ;
#5394 = DIRECTION ( 'NONE',  ( -0.000000000000000000, -0.000000000000000000, -1.000000000000000000 ) ) ;
#5395 = VECTOR ( 'NONE', #3679, 1000.000000000000000 ) ;
#5396 = PLANE ( 'NONE',  #311 ) ;
#5397 = LINE ( 'NONE', #3443, #1885 ) ;
#5398 = VERTEX_POINT ( 'NONE', #4297 ) ;
#5399 = AXIS2_PLACEMENT_3D ( 'NONE', #6936, #1049, #3671 ) ;
#5400 = CARTESIAN_POINT ( 'NONE',  ( 0.9261308919290330843, 0.4599516432765026197, -2.099991473404947850 ) ) ;
#5401 = DIRECTION ( 'NONE',  ( 0.000000000000000000, -1.000000000000000000, -0.000000000000000000 ) ) ;
#5402 = EDGE_CURVE ( 'NONE', #7505, #2988, #6241, .T. ) ;
#5403 = DIRECTION ( 'NONE',  ( 9.821212069593589627E-16, 1.000000000000000000, 0.000000000000000000 ) ) ;
#5404 = EDGE_CURVE ( 'NONE', #1284, #8040, #5054, .T. ) ;
#5405 = DIRECTION ( 'NONE',  ( 0.000000000000000000, 0.000000000000000000, 1.000000000000000000 ) ) ;
#5406 = ORIENTED_EDGE ( 'NONE', *, *, #207, .T. ) ;
#5407 = DIRECTION ( 'NONE',  ( 1.000000000000000000, -9.786290869656726145E-16, 0.000000000000000000 ) ) ;
#5408 = ORIENTED_EDGE ( 'NONE', *, *, #6951, .T. ) ;
#5409 = DIRECTION ( 'NONE',  ( -1.000000000000000000, 0.000000000000000000, 0.000000000000000000 ) ) ;
#5410 = DIRECTION ( 'NONE',  ( -0.000000000000000000, 0.000000000000000000, 1.000000000000000000 ) ) ;
#5411 = DIRECTION ( 'NONE',  ( -1.964242413918717925E-15, -1.000000000000000000, 0.000000000000000000 ) ) ;
#5412 = CYLINDRICAL_SURFACE ( 'NONE', #6345, 0.07500000000000019151 ) ;
#5413 = CARTESIAN_POINT ( 'NONE',  ( 1.110787854860023183, 0.4207878548600303970, -1.855000000000000204 ) ) ;
#5414 = EDGE_LOOP ( 'NONE', ( #1332, #5360, #1499, #6402 ) ) ;
#5415 = ORIENTED_EDGE ( 'NONE', *, *, #3885, .F. ) ;
#5416 = ORIENTED_EDGE ( 'NONE', *, *, #5094, .F. ) ;
#5417 = ORIENTED_EDGE ( 'NONE', *, *, #1977, .F. ) ;
#5418 = CARTESIAN_POINT ( 'NONE',  ( -0.9261308919290301978, 0.6000483567235042059, -2.099991473404946518 ) ) ;
#5419 = PLANE ( 'NONE',  #6145 ) ;
#5420 = DIRECTION ( 'NONE',  ( -0.000000000000000000, 0.000000000000000000, 1.000000000000000000 ) ) ;
#5421 = EDGE_CURVE ( 'NONE', #1670, #3073, #4381, .T. ) ;
#5422 = CARTESIAN_POINT ( 'NONE',  ( -1.329212145139960777, 0.2000000000000000111, 0.3549999999999999267 ) ) ;
#5423 = EDGE_LOOP ( 'NONE', ( #3169, #5193, #3802, #3594 ) ) ;
#5424 = CARTESIAN_POINT ( 'NONE',  ( 1.110787854860023183, 0.4207878548600303970, 1.145000000000000018 ) ) ;
#5425 = DIRECTION ( 'NONE',  ( 0.000000000000000000, -7.228014483236697541E-16, -1.000000000000000000 ) ) ;
#5426 = VERTEX_POINT ( 'NONE', #268 ) ;
#5427 = ORIENTED_EDGE ( 'NONE', *, *, #3874, .F. ) ;
#5428 = CARTESIAN_POINT ( 'NONE',  ( 0.9999914734049476506, 0.4599516432765027862, -2.026130891929032618 ) ) ;
#5429 = ORIENTED_EDGE ( 'NONE', *, *, #6589, .F. ) ;
#5430 = VERTEX_POINT ( 'NONE', #2880 ) ;
#5431 = DIRECTION ( 'NONE',  ( 1.000000000000000000, 8.807661782691089029E-15, 0.000000000000000000 ) ) ;
#5432 = FACE_OUTER_BOUND ( 'NONE', #5937, .T. ) ;
#5433 = ADVANCED_FACE ( 'NONE', ( #5513 ), #8423, .F. ) ;
#5434 = DIRECTION ( 'NONE',  ( -0.000000000000000000, -0.000000000000000000, -1.000000000000000000 ) ) ;
#5435 = ORIENTED_EDGE ( 'NONE', *, *, #1344, .F. ) ;
#5436 = EDGE_CURVE ( 'NONE', #3502, #8462, #7773, .T. ) ;
#5437 = DIRECTION ( 'NONE',  ( -0.9975640502598246417, 0.06975647374411923785, 0.000000000000000000 ) ) ;
#5438 = ORIENTED_EDGE ( 'NONE', *, *, #552, .F. ) ;
#5439 = ORIENTED_EDGE ( 'NONE', *, *, #3111, .T. ) ;
#5440 = DIRECTION ( 'NONE',  ( 0.9975640502598243087, -0.06975647374412363710, -0.000000000000000000 ) ) ;
#5441 = DIRECTION ( 'NONE',  ( 0.000000000000000000, 0.000000000000000000, 1.000000000000000000 ) ) ;
#5442 = CARTESIAN_POINT ( 'NONE',  ( 1.000000000000000000, 0.5999999999999903189, 0.3549999999999999267 ) ) ;
#5443 = LINE ( 'NONE', #364, #4708 ) ;
#5444 = VECTOR ( 'NONE', #1047, 1000.000000000000000 ) ;
#5445 = FACE_OUTER_BOUND ( 'NONE', #8464, .T. ) ;
#5446 = ORIENTED_EDGE ( 'NONE', *, *, #4314, .T. ) ;
#5447 = EDGE_CURVE ( 'NONE', #5639, #5123, #8342, .T. ) ;
#5448 = LINE ( 'NONE', #4788, #6752 ) ;
#5449 = ORIENTED_EDGE ( 'NONE', *, *, #5821, .T. ) ;
#5450 = EDGE_CURVE ( 'NONE', #5505, #7505, #5820, .T. ) ;
#5451 = CARTESIAN_POINT ( 'NONE',  ( 1.149999999999999911, 0.4207878548600304525, 0.6449999999999999067 ) ) ;
#5452 = VECTOR ( 'NONE', #4904, 1000.000000000000000 ) ;
#5453 = CARTESIAN_POINT ( 'NONE',  ( -1.110787854860023183, 0.5999999999999910960, 0.3549999999999999267 ) ) ;
#5454 = CARTESIAN_POINT ( 'NONE',  ( 0.9119398284977243696, 0.09999999999999989453, -2.011939828497725458 ) ) ;
#5455 = CARTESIAN_POINT ( 'NONE',  ( -0.9999999999999995559, 0.4600000000000072919, -0.8550000000000000933 ) ) ;
#5456 = AXIS2_PLACEMENT_3D ( 'NONE', #5748, #7706, #1837 ) ;
#5457 = EDGE_CURVE ( 'NONE', #1265, #3562, #551, .T. ) ;
#5458 = ORIENTED_EDGE ( 'NONE', *, *, #3079, .F. ) ;
#5459 = VECTOR ( 'NONE', #2829, 1000.000000000000000 ) ;
#5460 = ORIENTED_EDGE ( 'NONE', *, *, #5879, .F. ) ;
#5461 = LINE ( 'NONE', #1426, #8072 ) ;
#5462 = DIRECTION ( 'NONE',  ( -1.000000000000000000, 0.000000000000000000, 0.000000000000000000 ) ) ;
#5463 = LINE ( 'NONE', #4940, #3242 ) ;
#5464 = AXIS2_PLACEMENT_3D ( 'NONE', #6792, #6756, #854 ) ;
#5465 = ORIENTED_EDGE ( 'NONE', *, *, #6645, .F. ) ;
#5466 = VERTEX_POINT ( 'NONE', #3258 ) ;
#5467 = EDGE_LOOP ( 'NONE', ( #570, #7899, #6650, #3343 ) ) ;
#5468 = ORIENTED_EDGE ( 'NONE', *, *, #6225, .T. ) ;
#5469 = VECTOR ( 'NONE', #4995, 1000.000000000000000 ) ;
#5470 = CARTESIAN_POINT ( 'NONE',  ( 1.110787854860023183, 0.4207878548600303970, -1.645000000000000240 ) ) ;
#5471 = AXIS2_PLACEMENT_3D ( 'NONE', #1085, #4999, #3703 ) ;
#5472 = AXIS2_PLACEMENT_3D ( 'NONE', #4010, #2095, #6775 ) ;
#5473 = LINE ( 'NONE', #6794, #6274 ) ;
#5474 = CIRCLE ( 'NONE', #2047, 0.03921214513997691581 ) ;
#5475 = SURFACE_STYLE_USAGE ( .BOTH. , #4123 ) ;
#5476 = VECTOR ( 'NONE', #5826, 1000.000000000000000 ) ;
#5477 = DIRECTION ( 'NONE',  ( 0.000000000000000000, 0.000000000000000000, 1.000000000000000000 ) ) ;
#5478 = ORIENTED_EDGE ( 'NONE', *, *, #2611, .F. ) ;
#5479 = CARTESIAN_POINT ( 'NONE',  ( -0.9253769854056625999, 0.5999999999999912070, -2.100000000000000533 ) ) ;
#5480 = LINE ( 'NONE', #4000, #2727 ) ;
#5481 = CIRCLE ( 'NONE', #1782, 0.07499999999999998335 ) ;
#5482 = CARTESIAN_POINT ( 'NONE',  ( -1.289999999999983826, 0.2000000000000000111, 1.855000000000000204 ) ) ;
#5483 = ORIENTED_EDGE ( 'NONE', *, *, #2634, .F. ) ;
#5484 = DIRECTION ( 'NONE',  ( -1.000000000000000000, -6.850403608759735123E-15, 0.000000000000000000 ) ) ;
#5485 = CARTESIAN_POINT ( 'NONE',  ( 1.149999999999999911, 0.4207878548600304525, -1.645000000000000240 ) ) ;
#5486 = ORIENTED_EDGE ( 'NONE', *, *, #3853, .T. ) ;
#5487 = LINE ( 'NONE', #4139, #652 ) ;
#5488 = EDGE_CURVE ( 'NONE', #1702, #7253, #3094, .T. ) ;
#5489 = EDGE_CURVE ( 'NONE', #7819, #4019, #3118, .T. ) ;
#5490 = CARTESIAN_POINT ( 'NONE',  ( 1.149999999999999911, 0.4207878548600304525, -1.354999999999999982 ) ) ;
#5491 = CARTESIAN_POINT ( 'NONE',  ( 1.289999999999983604, 0.4207878548600304525, 0.3549999999999999267 ) ) ;
#5492 = ORIENTED_EDGE ( 'NONE', *, *, #6435, .F. ) ;
#5493 = DIRECTION ( 'NONE',  ( 0.000000000000000000, 0.1736481776669271115, 0.9848077530122086864 ) ) ;
#5494 = ORIENTED_EDGE ( 'NONE', *, *, #7006, .T. ) ;
#5495 = ORIENTED_EDGE ( 'NONE', *, *, #539, .T. ) ;
#5496 = EDGE_CURVE ( 'NONE', #7128, #6866, #5212, .T. ) ;
#5497 = PLANE ( 'NONE',  #5756 ) ;
#5498 = LINE ( 'NONE', #8071, #1764 ) ;
#5499 = EDGE_CURVE ( 'NONE', #7, #996, #4504, .T. ) ;
#5500 = LINE ( 'NONE', #8113, #4532 ) ;
#5501 = ORIENTED_EDGE ( 'NONE', *, *, #8122, .T. ) ;
#5502 = FACE_OUTER_BOUND ( 'NONE', #3394, .T. ) ;
#5503 = CARTESIAN_POINT ( 'NONE',  ( 1.000000000000000000, 0.5999999999999903189, -0.6450000000000001288 ) ) ;
#5504 = ORIENTED_EDGE ( 'NONE', *, *, #6425, .F. ) ;
#5505 = VERTEX_POINT ( 'NONE', #3780 ) ;
#5506 = VERTEX_POINT ( 'NONE', #1206 ) ;
#5507 = VERTEX_POINT ( 'NONE', #13 ) ;
#5508 = AXIS2_PLACEMENT_3D ( 'NONE', #6687, #6049, #6646 ) ;
#5509 = AXIS2_PLACEMENT_3D ( 'NONE', #3599, #339, #3503 ) ;
#5510 = LINE ( 'NONE', #936, #5338 ) ;
#5511 = LINE ( 'NONE', #8124, #2366 ) ;
#5512 = CARTESIAN_POINT ( 'NONE',  ( 0.8489040373074717705, 1.025000000000000133, 1.948904037307471748 ) ) ;
#5513 = FACE_OUTER_BOUND ( 'NONE', #8438, .T. ) ;
#5514 = VECTOR ( 'NONE', #1760, 1000.000000000000000 ) ;
#5515 = CARTESIAN_POINT ( 'NONE',  ( -1.326476844167053359, 0.1608833736747886656, -0.3550000000000001488 ) ) ;
#5516 = DIRECTION ( 'NONE',  ( 0.06975647374411923785, 0.9975640502598246417, -0.000000000000000000 ) ) ;
#5517 = FACE_OUTER_BOUND ( 'NONE', #7340, .T. ) ;
#5518 = DIRECTION ( 'NONE',  ( 0.000000000000000000, 1.000000000000000000, 0.000000000000000000 ) ) ;
#5519 = ORIENTED_EDGE ( 'NONE', *, *, #2759, .F. ) ;
#5520 = VERTEX_POINT ( 'NONE', #6525 ) ;
#5521 = LINE ( 'NONE', #5995, #5718 ) ;
#5522 = COLOUR_RGB ( '',0.7921568627450980005, 0.8196078431372548767, 0.9333333333333333481 ) ;
#5523 = DIRECTION ( 'NONE',  ( 0.000000000000000000, 0.000000000000000000, 1.000000000000000000 ) ) ;
#5524 = AXIS2_PLACEMENT_3D ( 'NONE', #8436, #1100, #8359 ) ;
#5525 = DIRECTION ( 'NONE',  ( -0.9975640502598243087, 0.06975647374412370649, 0.000000000000000000 ) ) ;
#5526 = CARTESIAN_POINT ( 'NONE',  ( 0.8489040373074717705, 1.025000000000000133, -1.948904037307471526 ) ) ;
#5527 = EDGE_CURVE ( 'NONE', #2449, #7984, #2507, .T. ) ;
#5528 = ORIENTED_EDGE ( 'NONE', *, *, #8468, .T. ) ;
#5529 = VECTOR ( 'NONE', #4557, 1000.000000000000000 ) ;
#5530 = VECTOR ( 'NONE', #2040, 1000.000000000000000 ) ;
#5531 = DIRECTION ( 'NONE',  ( -1.000000000000000000, 0.000000000000000000, 0.000000000000000000 ) ) ;
#5532 = LINE ( 'NONE', #4007, #1132 ) ;
#5533 = ORIENTED_EDGE ( 'NONE', *, *, #6349, .F. ) ;
#5534 = CARTESIAN_POINT ( 'NONE',  ( -1.110787854860023183, 0.4207878548600303970, 0.3549999999999999267 ) ) ;
#5535 = VECTOR ( 'NONE', #2801, 1000.000000000000000 ) ;
#5536 = DIRECTION ( 'NONE',  ( 0.000000000000000000, -0.000000000000000000, 1.000000000000000000 ) ) ;
#5537 = LINE ( 'NONE', #2995, #683 ) ;
#5538 = CARTESIAN_POINT ( 'NONE',  ( -1.149999999999999911, 0.4207878548600304525, -0.8550000000000000933 ) ) ;
#5539 = VERTEX_POINT ( 'NONE', #3216 ) ;
#5540 = EDGE_CURVE ( 'NONE', #2967, #6920, #5859, .T. ) ;
#5541 = DIRECTION ( 'NONE',  ( 0.000000000000000000, 1.000000000000000000, 0.000000000000000000 ) ) ;
#5542 = EDGE_LOOP ( 'NONE', ( #756, #4228, #8361, #5556 ) ) ;
#5543 = EDGE_CURVE ( 'NONE', #5387, #5044, #1856, .T. ) ;
#5544 = PLANE ( 'NONE',  #2092 ) ;
#5545 = ORIENTED_EDGE ( 'NONE', *, *, #8439, .T. ) ;
#5546 = FACE_OUTER_BOUND ( 'NONE', #2732, .T. ) ;
#5547 = VECTOR ( 'NONE', #2215, 1000.000000000000000 ) ;
#5548 = FACE_OUTER_BOUND ( 'NONE', #5713, .T. ) ;
#5549 = ORIENTED_EDGE ( 'NONE', *, *, #8047, .F. ) ;
#5550 = LINE ( 'NONE', #1537, #629 ) ;
#5551 = CARTESIAN_POINT ( 'NONE',  ( -1.289999999999983604, 0.4207878548600304525, -0.6450000000000001288 ) ) ;
#5552 = ORIENTED_EDGE ( 'NONE', *, *, #5867, .F. ) ;
#5553 = ADVANCED_FACE ( 'NONE', ( #3176 ), #2624, .T. ) ;
#5554 = VERTEX_POINT ( 'NONE', #5166 ) ;
#5555 = ADVANCED_FACE ( 'NONE', ( #1936 ), #4546, .F. ) ;
#5556 = ORIENTED_EDGE ( 'NONE', *, *, #8484, .T. ) ;
#5557 = EDGE_CURVE ( 'NONE', #6096, #8366, #7294, .T. ) ;
#5558 = CARTESIAN_POINT ( 'NONE',  ( 1.110787854860023183, 0.4600000000000072919, 0.8549999999999998712 ) ) ;
#5559 = EDGE_CURVE ( 'NONE', #4526, #1201, #1410, .T. ) ;
#5560 = CARTESIAN_POINT ( 'NONE',  ( 1.149999999999999911, 0.4207878548600304525, 0.3549999999999999267 ) ) ;
#5561 = LINE ( 'NONE', #2972, #4784 ) ;
#5562 = DIRECTION ( 'NONE',  ( -0.000000000000000000, -0.000000000000000000, -1.000000000000000000 ) ) ;
#5563 = DIRECTION ( 'NONE',  ( 0.000000000000000000, 0.000000000000000000, 1.000000000000000000 ) ) ;
#5564 = DIRECTION ( 'NONE',  ( 1.000000000000000000, 6.850403608759735123E-15, -0.000000000000000000 ) ) ;
#5565 = EDGE_CURVE ( 'NONE', #5249, #3315, #3675, .T. ) ;
#5566 =( NAMED_UNIT ( * ) PLANE_ANGLE_UNIT ( ) SI_UNIT ( $, .RADIAN. ) );
#5567 = CARTESIAN_POINT ( 'NONE',  ( -1.110787854860023183, 0.4207878548600303970, -0.3550000000000000377 ) ) ;
#5568 = ORIENTED_EDGE ( 'NONE', *, *, #7219, .T. ) ;
#5569 = ORIENTED_EDGE ( 'NONE', *, *, #2232, .T. ) ;
#5570 = CARTESIAN_POINT ( 'NONE',  ( 1.110787854860023183, 0.4207878548600303970, -1.645000000000000240 ) ) ;
#5571 = PLANE ( 'NONE',  #927 ) ;
#5572 = LINE ( 'NONE', #4132, #5267 ) ;
#5573 = CARTESIAN_POINT ( 'NONE',  ( 1.000000000000000000, 0.4600000000000070144, 1.145000000000000018 ) ) ;
#5574 = DIRECTION ( 'NONE',  ( -1.964242413918717925E-15, -1.000000000000000000, 0.000000000000000000 ) ) ;
#5575 = ORIENTED_EDGE ( 'NONE', *, *, #1925, .F. ) ;
#5576 = CARTESIAN_POINT ( 'NONE',  ( -1.326476844167053359, 0.1608833736747886378, -1.645000000000000240 ) ) ;
#5577 = LINE ( 'NONE', #3072, #6476 ) ;
#5578 = ORIENTED_EDGE ( 'NONE', *, *, #3123, .T. ) ;
#5579 = CARTESIAN_POINT ( 'NONE',  ( -1.150000000000000133, 0.1999999999999998168, -1.855000000000000204 ) ) ;
#5580 = CARTESIAN_POINT ( 'NONE',  ( -0.9999999999999995559, 0.5999999999999912070, 0.3549999999999999267 ) ) ;
#5581 = EDGE_CURVE ( 'NONE', #6229, #1007, #2790, .T. ) ;
#5582 = AXIS2_PLACEMENT_3D ( 'NONE', #276, #4208, #7953 ) ;
#5583 = DIRECTION ( 'NONE',  ( -1.000000000000000000, 0.000000000000000000, 0.000000000000000000 ) ) ;
#5584 = CARTESIAN_POINT ( 'NONE',  ( -1.329212145139960777, 0.2000000000000000111, -1.645000000000000240 ) ) ;
#5585 = ORIENTED_EDGE ( 'NONE', *, *, #6163, .T. ) ;
#5586 = DIRECTION ( 'NONE',  ( -0.000000000000000000, -0.000000000000000000, -1.000000000000000000 ) ) ;
#5587 = ORIENTED_EDGE ( 'NONE', *, *, #8483, .F. ) ;
#5588 = CARTESIAN_POINT ( 'NONE',  ( 1.326476844167053359, 0.1608833736747886656, 0.6449999999999999067 ) ) ;
#5589 = ORIENTED_EDGE ( 'NONE', *, *, #6711, .T. ) ;
#5590 = CARTESIAN_POINT ( 'NONE',  ( 1.000000000000000000, 0.5999999999999903189, 0.8549999999999998712 ) ) ;
#5591 = ADVANCED_FACE ( 'NONE', ( #7983 ), #4757, .F. ) ;
#5592 = CARTESIAN_POINT ( 'NONE',  ( 1.326476844167053359, 0.1608833736747886656, 1.855000000000000204 ) ) ;
#5593 = ORIENTED_EDGE ( 'NONE', *, *, #3640, .T. ) ;
#5594 = CARTESIAN_POINT ( 'NONE',  ( 1.000000000000000000, 0.5999999999999903189, -0.1450000000000001565 ) ) ;
#5595 = CARTESIAN_POINT ( 'NONE',  ( -1.326476844167053359, 0.1608833736747886656, 0.1449999999999998790 ) ) ;
#5596 = VECTOR ( 'NONE', #358, 1000.000000000000000 ) ;
#5597 = EDGE_LOOP ( 'NONE', ( #1300, #3731, #2651, #240, #7447, #4112, #6363, #6746, #5301, #2580, #8039, #5855 ) ) ;
#5598 = ORIENTED_EDGE ( 'NONE', *, *, #5527, .F. ) ;
#5599 = ORIENTED_EDGE ( 'NONE', *, *, #2883, .T. ) ;
#5600 = ORIENTED_EDGE ( 'NONE', *, *, #7789, .T. ) ;
#5601 = VECTOR ( 'NONE', #27, 1000.000000000000114 ) ;
#5602 = CARTESIAN_POINT ( 'NONE',  ( -1.110787854860023183, 0.4207878548600303970, 1.354999999999999760 ) ) ;
#5603 = EDGE_CURVE ( 'NONE', #4774, #4896, #6307, .T. ) ;
#5604 = CARTESIAN_POINT ( 'NONE',  ( -1.150000000000000133, 0.2000000000000000111, -0.8550000000000000933 ) ) ;
#5605 = EDGE_CURVE ( 'NONE', #4673, #1373, #4353, .T. ) ;
#5606 = CARTESIAN_POINT ( 'NONE',  ( 1.000000000000000444, 0.4600000000000079026, 2.024999999999999911 ) ) ;
#5607 = CYLINDRICAL_SURFACE ( 'NONE', #3524, 0.1792121451399605880 ) ;
#5608 = DIRECTION ( 'NONE',  ( 0.000000000000000000, 0.000000000000000000, -1.000000000000000000 ) ) ;
#5609 = CARTESIAN_POINT ( 'NONE',  ( 1.316710937842878071, 0.02122440663842936268, 1.354999999999999760 ) ) ;
#5610 = CARTESIAN_POINT ( 'NONE',  ( -1.289999999999983604, 0.4207878548600303970, -0.6450000000000001288 ) ) ;
#5611 = DIRECTION ( 'NONE',  ( 1.000000000000000000, -0.000000000000000000, -0.000000000000000000 ) ) ;
#5612 = EDGE_LOOP ( 'NONE', ( #3653, #2579, #3232, #2831 ) ) ;
#5613 = VERTEX_POINT ( 'NONE', #6741 ) ;
#5614 = DIRECTION ( 'NONE',  ( 0.9975640502598245307, 0.06975647374412038970, 0.000000000000000000 ) ) ;
#5615 = DIRECTION ( 'NONE',  ( 9.821212069593589627E-16, 1.000000000000000000, 0.000000000000000000 ) ) ;
#5616 = VECTOR ( 'NONE', #2006, 1000.000000000000000 ) ;
#5617 = ADVANCED_FACE ( 'NONE', ( #807 ), #178, .T. ) ;
#5618 = CARTESIAN_POINT ( 'NONE',  ( 1.629999999999999671, 0.1396589670363576063, -0.1450000000000001565 ) ) ;
#5619 = DIRECTION ( 'NONE',  ( 1.000000000000000000, -2.891205793294679411E-15, -0.000000000000000000 ) ) ;
#5620 = EDGE_CURVE ( 'NONE', #5265, #96, #784, .T. ) ;
#5621 = AXIS2_PLACEMENT_3D ( 'NONE', #1505, #7217, #4724 ) ;
#5622 = DIRECTION ( 'NONE',  ( -0.000000000000000000, -0.000000000000000000, -1.000000000000000000 ) ) ;
#5623 = VECTOR ( 'NONE', #4951, 1000.000000000000000 ) ;
#5624 = VERTEX_POINT ( 'NONE', #8154 ) ;
#5625 = B_SPLINE_CURVE_WITH_KNOTS ( 'NONE', 3,
 ( #6514, #1403, #3246, #583 ),
 .UNSPECIFIED., .F., .F.,
 ( 4, 4 ),
 ( 0.000000000000000000, 1.000000000000000000 ),
 .UNSPECIFIED. ) ;
#5626 = CARTESIAN_POINT ( 'NONE',  ( -1.289999999999983604, 0.4207878548600304525, -0.8550000000000000933 ) ) ;
#5627 = CARTESIAN_POINT ( 'NONE',  ( 1.000000000000000000, 0.5999999999999903189, 0.8549999999999998712 ) ) ;
#5628 = VERTEX_POINT ( 'NONE', #4286 ) ;
#5629 = CARTESIAN_POINT ( 'NONE',  ( 1.110787854860023183, 0.4600000000000072919, -1.645000000000000240 ) ) ;
#5630 = PLANE ( 'NONE',  #2236 ) ;
#5631 = CARTESIAN_POINT ( 'NONE',  ( 1.110787854860023183, 0.4600000000000072919, 1.354999999999999760 ) ) ;
#5632 = ORIENTED_EDGE ( 'NONE', *, *, #8227, .F. ) ;
#5633 = CARTESIAN_POINT ( 'NONE',  ( 1.316710937842877627, 0.02122440663842930716, -1.645000000000000240 ) ) ;
#5634 = ORIENTED_EDGE ( 'NONE', *, *, #3840, .T. ) ;
#5635 =( NAMED_UNIT ( * ) PLANE_ANGLE_UNIT ( ) SI_UNIT ( $, .RADIAN. ) );
#5636 = VERTEX_POINT ( 'NONE', #1721 ) ;
#5637 = CARTESIAN_POINT ( 'NONE',  ( -0.9228711319800370072, 1.027051585409327839, -1.961137593740816865 ) ) ;
#5638 = FACE_OUTER_BOUND ( 'NONE', #5099, .T. ) ;
#5639 = VERTEX_POINT ( 'NONE', #4325 ) ;
#5640 = ORIENTED_EDGE ( 'NONE', *, *, #5090, .T. ) ;
#5641 = EDGE_LOOP ( 'NONE', ( #50, #6898, #307, #5372 ) ) ;
#5642 = EDGE_LOOP ( 'NONE', ( #6800, #803, #3931, #8053 ) ) ;
#5643 = DIRECTION ( 'NONE',  ( -0.000000000000000000, -0.000000000000000000, -1.000000000000000000 ) ) ;
#5644 = CARTESIAN_POINT ( 'NONE',  ( -0.9475569092792219816, 0.1625956094184492773, 1.973589814606655501 ) ) ;
#5645 = DIRECTION ( 'NONE',  ( -1.000000000000000000, 0.000000000000000000, 0.000000000000000000 ) ) ;
#5646 = DIRECTION ( 'NONE',  ( -1.000000000000000000, -0.000000000000000000, 0.000000000000000000 ) ) ;
#5647 = VECTOR ( 'NONE', #3914, 999.9999999999998863 ) ;
#5648 = CARTESIAN_POINT ( 'NONE',  ( 0.9690165548572241550, 0.6037161307847270786, 2.099344745878809260 ) ) ;
#5649 = DIRECTION ( 'NONE',  ( -0.9975640502598243087, 0.06975647374412370649, 0.000000000000000000 ) ) ;
#5650 = ORIENTED_EDGE ( 'NONE', *, *, #6236, .T. ) ;
#5651 = SURFACE_SIDE_STYLE ('',( #2301 ) ) ;
#5652 = LINE ( 'NONE', #7607, #2305 ) ;
#5653 = ADVANCED_FACE ( 'NONE', ( #7498 ), #1572, .F. ) ;
#5654 = EDGE_LOOP ( 'NONE', ( #8371, #6219, #5343, #158 ) ) ;
#5655 = EDGE_CURVE ( 'NONE', #5554, #2449, #2330, .T. ) ;
#5656 = CARTESIAN_POINT ( 'NONE',  ( -1.289999999999983826, 0.4207878548600303970, 1.354999999999999760 ) ) ;
#5657 = CARTESIAN_POINT ( 'NONE',  ( 0.9250000000000007105, 0.4600000000000079026, -2.100000000000000089 ) ) ;
#5658 = VECTOR ( 'NONE', #5988, 1000.000000000000000 ) ;
#5659 = CARTESIAN_POINT ( 'NONE',  ( 0.9165283512985362702, 1.075226245357215893, -1.948904037307471748 ) ) ;
#5660 = CARTESIAN_POINT ( 'NONE',  ( -1.289999999999983826, 0.4207878548600303970, 1.855000000000000204 ) ) ;
#5661 = EDGE_CURVE ( 'NONE', #1245, #4218, #6870, .T. ) ;
#5662 = FACE_OUTER_BOUND ( 'NONE', #7863, .T. ) ;
#5663 = EDGE_LOOP ( 'NONE', ( #2858, #4027, #8489, #6139, #8444, #1305, #7531, #1810, #2612, #613, #7049, #2567 ) ) ;
#5664 = LINE ( 'NONE', #8279, #7158 ) ;
#5665 = FACE_OUTER_BOUND ( 'NONE', #3942, .T. ) ;
#5666 = ORIENTED_EDGE ( 'NONE', *, *, #4801, .T. ) ;
#5667 = VECTOR ( 'NONE', #7325, 1000.000000000000000 ) ;
#5669 = EDGE_CURVE ( 'NONE', #3430, #2745, #6271, .T. ) ;
#5668 = CARTESIAN_POINT ( 'NONE',  ( 1.149999999999999911, 0.4207878548600304525, 1.145000000000000018 ) ) ;
#5670 = LINE ( 'NONE', #1185, #7982 ) ;
#5671 = CIRCLE ( 'NONE', #2085, 0.1792121451399605880 ) ;
#5672 = EDGE_CURVE ( 'NONE', #8304, #3297, #5767, .T. ) ;
#5673 = ADVANCED_FACE ( 'NONE', ( #5246 ), #2576, .F. ) ;
#5674 = AXIS2_PLACEMENT_3D ( 'NONE', #2133, #2857, #7316 ) ;
#5675 = AXIS2_PLACEMENT_3D ( 'NONE', #2786, #8026, #2148 ) ;
#5676 = DIRECTION ( 'NONE',  ( -1.000000000000000000, 0.000000000000000000, 0.000000000000000000 ) ) ;
#5677 = VECTOR ( 'NONE', #1599, 1000.000000000000000 ) ;
#5678 = EDGE_LOOP ( 'NONE', ( #1131, #1984, #579, #3251 ) ) ;
#5679 = CLOSED_SHELL ( 'NONE', ( #2901, #3754, #1660, #5022, #2184, #6337, #2769, #1263, #950, #3214, #594, #2511, #3371, #6802 ) ) ;
#5680 = CARTESIAN_POINT ( 'NONE',  ( 1.110787854860023183, 0.4207878548600303970, -0.1450000000000001565 ) ) ;
#5681 = VERTEX_POINT ( 'NONE', #1198 ) ;
#5682 = CIRCLE ( 'NONE', #3866, 0.03921214513997691581 ) ;
#5683 = CARTESIAN_POINT ( 'NONE',  ( -0.8489040373074708823, 1.100000000000000089, -1.948904037307471748 ) ) ;
#5684 = ORIENTED_EDGE ( 'NONE', *, *, #1925, .T. ) ;
#5685 = ORIENTED_EDGE ( 'NONE', *, *, #5291, .F. ) ;
#5686 = ORIENTED_EDGE ( 'NONE', *, *, #7728, .T. ) ;
#5687 = LINE ( 'NONE', #8297, #6204 ) ;
#5688 = VECTOR ( 'NONE', #6273, 1000.000000000000114 ) ;
#5689 = LINE ( 'NONE', #1772, #4625 ) ;
#5690 = EDGE_CURVE ( 'NONE', #2828, #862, #7105, .T. ) ;
#5691 = CARTESIAN_POINT ( 'NONE',  ( -1.289999999999983604, 0.4207878548600304525, -0.3550000000000000377 ) ) ;
#5692 = DIRECTION ( 'NONE',  ( 1.000000000000000000, -9.786290869656726145E-16, 0.000000000000000000 ) ) ;
#5693 = CARTESIAN_POINT ( 'NONE',  ( -0.5999999999999996447, 1.050000000000000044, -1.700000000000000178 ) ) ;
#5694 = FACE_OUTER_BOUND ( 'NONE', #5967, .T. ) ;
#5695 = CARTESIAN_POINT ( 'NONE',  ( 1.316710937842877627, 0.02122440663842930716, -1.145000000000000240 ) ) ;
#5696 = LINE ( 'NONE', #1587, #5038 ) ;
#5697 = ORIENTED_EDGE ( 'NONE', *, *, #2408, .F. ) ;
#5698 = FACE_OUTER_BOUND ( 'NONE', #899, .T. ) ;
#5699 = LINE ( 'NONE', #2889, #1269 ) ;
#5700 = PLANE ( 'NONE',  #52 ) ;
#5701 = CARTESIAN_POINT ( 'NONE',  ( 0.9228711319800382284, 1.037404390581548652, 1.955246817988973485 ) ) ;
#5702 = EDGE_CURVE ( 'NONE', #4019, #4979, #6440, .T. ) ;
#5703 = CARTESIAN_POINT ( 'NONE',  ( -1.620234093675824161, -2.139947889130694096E-16, -0.6450000000000001288 ) ) ;
#5704 = VERTEX_POINT ( 'NONE', #5075 ) ;
#5705 = CARTESIAN_POINT ( 'NONE',  ( -1.150000000000000133, 0.2000000000000000111, 0.1449999999999999345 ) ) ;
#5706 = DIRECTION ( 'NONE',  ( -1.000000000000000000, -6.850403608759735123E-15, 0.000000000000000000 ) ) ;
#5707 = ORIENTED_EDGE ( 'NONE', *, *, #4649, .T. ) ;
#5708 = CARTESIAN_POINT ( 'NONE',  ( -1.620234093675824161, -2.139947889130694096E-16, 0.8549999999999998712 ) ) ;
#5709 = CARTESIAN_POINT ( 'NONE',  ( 1.000000000000000444, 0.5999999999999912070, 2.100000000000000089 ) ) ;
#5710 = EDGE_CURVE ( 'NONE', #5909, #3475, #543, .T. ) ;
#5711 = EDGE_CURVE ( 'NONE', #3861, #5947, #6516, .T. ) ;
#5712 = EDGE_CURVE ( 'NONE', #3195, #885, #3129, .T. ) ;
#5713 = EDGE_LOOP ( 'NONE', ( #1183, #5993, #5262, #1784 ) ) ;
#5714 = EDGE_CURVE ( 'NONE', #1334, #170, #7046, .T. ) ;
#5715 = FACE_OUTER_BOUND ( 'NONE', #7976, .T. ) ;
#5716 = ORIENTED_EDGE ( 'NONE', *, *, #68, .F. ) ;
#5717 = SURFACE_STYLE_USAGE ( .BOTH. , #1799 ) ;
#5718 = VECTOR ( 'NONE', #5401, 1000.000000000000000 ) ;
#5719 = DIRECTION ( 'NONE',  ( -1.000000000000000000, 0.000000000000000000, 0.000000000000000000 ) ) ;
#5720 = CARTESIAN_POINT ( 'NONE',  ( -0.8872540511985416156, 1.075226245357215671, -2.016528351298535693 ) ) ;
#5721 = EDGE_CURVE ( 'NONE', #7423, #3737, #6397, .T. ) ;
#5722 = DIRECTION ( 'NONE',  ( -1.000000000000000000, -6.850403608759735123E-15, 0.000000000000000000 ) ) ;
#5723 = ORIENTED_EDGE ( 'NONE', *, *, #4861, .T. ) ;
#5724 = EDGE_LOOP ( 'NONE', ( #4983, #7200, #6641, #412 ) ) ;
#5725 = ORIENTED_EDGE ( 'NONE', *, *, #1138, .F. ) ;
#5726 = LINE ( 'NONE', #3092, #7506 ) ;
#5727 = CARTESIAN_POINT ( 'NONE',  ( -1.620234093675824161, -2.168404344971008868E-16, -1.145000000000000240 ) ) ;
#5728 = VECTOR ( 'NONE', #1337, 1000.000000000000000 ) ;
#5729 = DIRECTION ( 'NONE',  ( 0.000000000000000000, 0.000000000000000000, 1.000000000000000000 ) ) ;
#5730 = DIRECTION ( 'NONE',  ( -0.000000000000000000, -0.000000000000000000, -1.000000000000000000 ) ) ;
#5731 = CARTESIAN_POINT ( 'NONE',  ( 1.110787854860023183, 0.4600000000000072919, 1.354999999999999760 ) ) ;
#5732 = ORIENTED_EDGE ( 'NONE', *, *, #2781, .T. ) ;
#5733 =( LENGTH_UNIT ( ) NAMED_UNIT ( * ) SI_UNIT ( .MILLI., .METRE. ) );
#5734 = AXIS2_PLACEMENT_3D ( 'NONE', #7747, #5058, #7783 ) ;
#5735 = LINE ( 'NONE', #600, #3253 ) ;
#5736 = CARTESIAN_POINT ( 'NONE',  ( 1.629999999999999671, 0.1396589670363575786, 1.145000000000000018 ) ) ;
#5737 = VERTEX_POINT ( 'NONE', #8414 ) ;
#5738 = AXIS2_PLACEMENT_3D ( 'NONE', #5030, #7724, #4287 ) ;
#5739 = FACE_OUTER_BOUND ( 'NONE', #5423, .T. ) ;
#5740 = AXIS2_PLACEMENT_3D ( 'NONE', #7097, #3785, #1902 ) ;
#5741 = PLANE ( 'NONE',  #1681 ) ;
#5742 = FACE_OUTER_BOUND ( 'NONE', #6728, .T. ) ;
#5743 = FILL_AREA_STYLE ('',( #2266 ) ) ;
#5744 = VERTEX_POINT ( 'NONE', #7125 ) ;
#5745 = AXIS2_PLACEMENT_3D ( 'NONE', #4430, #5729, #6405 ) ;
#5746 = LINE ( 'NONE', #5786, #7567 ) ;
#5747 = CARTESIAN_POINT ( 'NONE',  ( -0.9165283512985354930, 1.058635676302443818, 1.994190909129186728 ) ) ;
#5748 = CARTESIAN_POINT ( 'NONE',  ( -1.110787854860023183, 0.4207878548600303970, 0.8549999999999998712 ) ) ;
#5749 = PLANE ( 'NONE',  #6939 ) ;
#5750 = VECTOR ( 'NONE', #6257, 1000.000000000000000 ) ;
#5751 = UNCERTAINTY_MEASURE_WITH_UNIT (LENGTH_MEASURE( 1.000000000000000082E-05 ), #5733, 'distance_accuracy_value', 'NONE');
#5752 = AXIS2_PLACEMENT_3D ( 'NONE', #2291, #2383, #2250 ) ;
#5753 = AXIS2_PLACEMENT_3D ( 'NONE', #7868, #2257, #7190 ) ;
#5754 = VECTOR ( 'NONE', #7448, 1000.000000000000000 ) ;
#5755 = ORIENTED_EDGE ( 'NONE', *, *, #7120, .T. ) ;
#5756 = AXIS2_PLACEMENT_3D ( 'NONE', #6913, #8110, #3643 ) ;
#5757 = DIRECTION ( 'NONE',  ( -1.000000000000000000, 0.000000000000000000, 0.000000000000000000 ) ) ;
#5758 = ORIENTED_EDGE ( 'NONE', *, *, #7635, .F. ) ;
#5759 = CARTESIAN_POINT ( 'NONE',  ( 1.000000000000000000, 0.5999999999999903189, -0.1450000000000001565 ) ) ;
#5760 = PLANE ( 'NONE',  #1137 ) ;
#5761 = AXIS2_PLACEMENT_3D ( 'NONE', #4182, #2908, #1712 ) ;
#5762 = EDGE_CURVE ( 'NONE', #5019, #3271, #7786, .T. ) ;
#5763 = EDGE_CURVE ( 'NONE', #7274, #7669, #893, .T. ) ;
#5764 = DIRECTION ( 'NONE',  ( 1.000000000000000000, -9.786290869656726145E-16, 0.000000000000000000 ) ) ;
#5765 = LINE ( 'NONE', #3292, #561 ) ;
#5766 = ORIENTED_EDGE ( 'NONE', *, *, #7838, .F. ) ;
#5767 = LINE ( 'NONE', #7758, #115 ) ;
#5768 = FACE_OUTER_BOUND ( 'NONE', #253, .T. ) ;
#5769 = ORIENTED_EDGE ( 'NONE', *, *, #303, .F. ) ;
#5770 = VERTEX_POINT ( 'NONE', #1585 ) ;
#5771 = ORIENTED_EDGE ( 'NONE', *, *, #49, .F. ) ;
#5772 = ADVANCED_FACE ( 'NONE', ( #4122 ), #6796, .F. ) ;
#5773 = EDGE_CURVE ( 'NONE', #7772, #8450, #4570, .T. ) ;
#5774 = DIRECTION ( 'NONE',  ( -0.1710878697460323783, -0.9702875252478150303, -0.1710878697460323783 ) ) ;
#5775 = DIRECTION ( 'NONE',  ( -0.000000000000000000, -1.000000000000000000, 0.000000000000000000 ) ) ;
#5776 = DIRECTION ( 'NONE',  ( -0.000000000000000000, -0.000000000000000000, -1.000000000000000000 ) ) ;
#5777 = ORIENTED_EDGE ( 'NONE', *, *, #4371, .T. ) ;
#5778 = CARTESIAN_POINT ( 'NONE',  ( -0.8735898146066560788, 0.1000000000000000056, -1.973589814606656390 ) ) ;
#5779 = CARTESIAN_POINT ( 'NONE',  ( 1.326476844167053137, 0.1608833736747886656, -1.354999999999999982 ) ) ;
#5780 = LINE ( 'NONE', #4509, #5728 ) ;
#5781 = ORIENTED_EDGE ( 'NONE', *, *, #5605, .F. ) ;
#5782 = LINE ( 'NONE', #7063, #7565 ) ;
#5783 = CARTESIAN_POINT ( 'NONE',  ( -1.326476844167053359, 0.1608833736747886656, -1.645000000000000240 ) ) ;
#5784 = CARTESIAN_POINT ( 'NONE',  ( 0.9228711319800380064, 1.037404390581548430, 1.948904037307471304 ) ) ;
#5785 = ORIENTED_EDGE ( 'NONE', *, *, #3012, .T. ) ;
#5786 = CARTESIAN_POINT ( 'NONE',  ( 1.289999999999983604, 0.4207878548600303970, 0.6449999999999999067 ) ) ;
#5787 = FACE_OUTER_BOUND ( 'NONE', #667, .T. ) ;
#5788 = ORIENTED_EDGE ( 'NONE', *, *, #369, .T. ) ;
#5789 = DIRECTION ( 'NONE',  ( -0.000000000000000000, -1.000000000000000000, -0.000000000000000000 ) ) ;
#5790 = CARTESIAN_POINT ( 'NONE',  ( -1.110787854860023183, 0.4207878548600303970, -0.8550000000000000933 ) ) ;
#5791 = VECTOR ( 'NONE', #5285, 1000.000000000000000 ) ;
#5792 = CIRCLE ( 'NONE', #2762, 0.1792121451399605880 ) ;
#5793 = ADVANCED_FACE ( 'NONE', ( #7231 ), #223, .F. ) ;
#5794 = DIRECTION ( 'NONE',  ( -1.000000000000000000, 0.000000000000000000, 0.000000000000000000 ) ) ;
#5795 = VECTOR ( 'NONE', #4937, 1000.000000000000000 ) ;
#5796 = ORIENTED_EDGE ( 'NONE', *, *, #6394, .F. ) ;
#5797 = CIRCLE ( 'NONE', #4129, 0.1499999999999999667 ) ;
#5798 = AXIS2_PLACEMENT_3D ( 'NONE', #5693, #4431, #8302 ) ;
#5799 = ORIENTED_EDGE ( 'NONE', *, *, #5026, .T. ) ;
#5800 = LINE ( 'NONE', #7078, #2035 ) ;
#5801 = DIRECTION ( 'NONE',  ( 0.000000000000000000, -1.000000000000000000, -0.000000000000000000 ) ) ;
#5802 = AXIS2_PLACEMENT_3D ( 'NONE', #788, #6043, #157 ) ;
#5803 = VECTOR ( 'NONE', #3344, 1000.000000000000000 ) ;
#5804 = AXIS2_PLACEMENT_3D ( 'NONE', #6382, #5838, #6342 ) ;
#5805 = CARTESIAN_POINT ( 'NONE',  ( 1.110787854860023183, 0.4600000000000072919, 0.6449999999999999067 ) ) ;
#5806 = DIRECTION ( 'NONE',  ( 0.000000000000000000, 1.000000000000000000, 0.000000000000000000 ) ) ;
#5807 = DIRECTION ( 'NONE',  ( -0.9975640502598246417, -0.06975647374411941826, 0.000000000000000000 ) ) ;
#5808 = ADVANCED_FACE ( 'NONE', ( #3440 ), #6716, .T. ) ;
#5809 = ORIENTED_EDGE ( 'NONE', *, *, #5282, .F. ) ;
#5810 = DIRECTION ( 'NONE',  ( 0.000000000000000000, 0.000000000000000000, 1.000000000000000000 ) ) ;
#5811 = ADVANCED_FACE ( 'NONE', ( #857 ), #4821, .T. ) ;
#5812 = FILL_AREA_STYLE_COLOUR ( '', #6843 ) ;
#5813 = CIRCLE ( 'NONE', #7042, 0.03921214513997670070 ) ;
#5814 = ORIENTED_EDGE ( 'NONE', *, *, #7623, .F. ) ;
#5815 = EDGE_LOOP ( 'NONE', ( #4458, #1357, #5785, #1737 ) ) ;
#5816 = ORIENTED_EDGE ( 'NONE', *, *, #605, .T. ) ;
#5817 = CARTESIAN_POINT ( 'NONE',  ( -1.289999999999983604, 0.4207878548600303970, -1.645000000000000240 ) ) ;
#5818 = CARTESIAN_POINT ( 'NONE',  ( 1.000000000000000000, 0.5999999999999903189, 1.354999999999999760 ) ) ;
#5819 = VECTOR ( 'NONE', #707, 1000.000000000000000 ) ;
#5820 = LINE ( 'NONE', #513, #1757 ) ;
#5821 = EDGE_CURVE ( 'NONE', #6603, #1128, #6884, .T. ) ;
#5822 = EDGE_CURVE ( 'NONE', #4069, #3648, #7602, .T. ) ;
#5823 = EDGE_CURVE ( 'NONE', #688, #6098, #6929, .T. ) ;
#5824 = LINE ( 'NONE', #3056, #5109 ) ;
#5825 = EDGE_LOOP ( 'NONE', ( #4156, #3605, #8253, #5446 ) ) ;
#5826 = DIRECTION ( 'NONE',  ( -0.000000000000000000, 0.000000000000000000, 1.000000000000000000 ) ) ;
#5827 = EDGE_CURVE ( 'NONE', #6054, #2710, #8477, .T. ) ;
#5828 = PLANE ( 'NONE',  #5740 ) ;
#5829 = FACE_OUTER_BOUND ( 'NONE', #7464, .T. ) ;
#5830 = CIRCLE ( 'NONE', #1154, 0.1792121451399605880 ) ;
#5831 = ORIENTED_EDGE ( 'NONE', *, *, #3330, .F. ) ;
#5832 = CARTESIAN_POINT ( 'NONE',  ( 1.110787854860023183, 0.4207878548600303970, -0.6450000000000001288 ) ) ;
#5833 = CARTESIAN_POINT ( 'NONE',  ( 0.9228711319800382284, 1.033307012864741248, 1.960088549354864096 ) ) ;
#5834 = MECHANICAL_DESIGN_GEOMETRIC_PRESENTATION_REPRESENTATION (  '', ( #2256 ), #1841 ) ;
#5835 = EDGE_CURVE ( 'NONE', #908, #7127, #4338, .T. ) ;
#5836 = ORIENTED_EDGE ( 'NONE', *, *, #3698, .T. ) ;
#5837 = ORIENTED_EDGE ( 'NONE', *, *, #3408, .F. ) ;
#5838 = DIRECTION ( 'NONE',  ( -0.06975647374412463630, -0.9975640502598243087, 0.000000000000000000 ) ) ;
#5839 = CARTESIAN_POINT ( 'NONE',  ( -0.9999971578016485507, 0.6000161189078270230, -2.025753949382018249 ) ) ;
#5840 = ORIENTED_EDGE ( 'NONE', *, *, #1285, .F. ) ;
#5841 = CARTESIAN_POINT ( 'NONE',  ( -1.620234093675824161, -2.292191795371296565E-16, -1.355000000000000204 ) ) ;
#5842 = LINE ( 'NONE', #28, #4596 ) ;
#5843 = LINE ( 'NONE', #7148, #3720 ) ;
#5844 = ORIENTED_EDGE ( 'NONE', *, *, #4918, .F. ) ;
#5845 = ORIENTED_EDGE ( 'NONE', *, *, #7320, .T. ) ;
#5846 = ORIENTED_EDGE ( 'NONE', *, *, #3854, .F. ) ;
#5847 = DIRECTION ( 'NONE',  ( -0.06975647374411922397, 0.9975640502598246417, 0.000000000000000000 ) ) ;
#5848 = EDGE_CURVE ( 'NONE', #8023, #602, #6328, .T. ) ;
#5849 = CARTESIAN_POINT ( 'NONE',  ( -1.289999999999983826, 0.2000000000000000111, 1.855000000000000204 ) ) ;
#5850 = CARTESIAN_POINT ( 'NONE',  ( -1.629999999999999671, 0.1396589670363588831, -1.145000000000000240 ) ) ;
#5851 = LINE ( 'NONE', #5934, #691 ) ;
#5852 = VERTEX_POINT ( 'NONE', #8169 ) ;
#5853 = ORIENTED_EDGE ( 'NONE', *, *, #5954, .T. ) ;
#5854 = ORIENTED_EDGE ( 'NONE', *, *, #7536, .F. ) ;
#5855 = ORIENTED_EDGE ( 'NONE', *, *, #5402, .T. ) ;
#5856 = EDGE_CURVE ( 'NONE', #498, #3317, #1072, .T. ) ;
#5857 = DIRECTION ( 'NONE',  ( -1.000000000000000000, 0.000000000000000000, -0.000000000000000000 ) ) ;
#5858 = VECTOR ( 'NONE', #6085, 1000.000000000000000 ) ;
#5859 = LINE ( 'NONE', #5128, #4209 ) ;
#5860 = DIRECTION ( 'NONE',  ( -1.000000000000000000, 0.000000000000000000, -0.000000000000000000 ) ) ;
#5861 = ORIENTED_EDGE ( 'NONE', *, *, #3288, .T. ) ;
#5862 = ORIENTED_EDGE ( 'NONE', *, *, #6499, .T. ) ;
#5863 = PLANE ( 'NONE',  #7101 ) ;
#5864 = LINE ( 'NONE', #1944, #3379 ) ;
#5865 = EDGE_LOOP ( 'NONE', ( #107, #1808, #3252, #827 ) ) ;
#5866 = EDGE_CURVE ( 'NONE', #7126, #4896, #6244, .T. ) ;
#5867 = EDGE_CURVE ( 'NONE', #1615, #2606, #7509, .T. ) ;
#5868 = DIRECTION ( 'NONE',  ( -1.000000000000000000, 0.000000000000000000, 0.000000000000000000 ) ) ;
#5869 = AXIS2_PLACEMENT_3D ( 'NONE', #6454, #7181, #1345 ) ;
#5870 = ORIENTED_EDGE ( 'NONE', *, *, #7535, .T. ) ;
#5871 = ORIENTED_EDGE ( 'NONE', *, *, #3333, .T. ) ;
#5872 = AXIS2_PLACEMENT_3D ( 'NONE', #2963, #2331, #6871 ) ;
#5873 = CARTESIAN_POINT ( 'NONE',  ( 1.000000000000000000, 0.5999999999999903189, -1.645000000000000240 ) ) ;
#5874 = DIRECTION ( 'NONE',  ( 1.000000000000000000, 6.850403608759735123E-15, -0.000000000000000000 ) ) ;
#5875 = CARTESIAN_POINT ( 'NONE',  ( 1.289999999999983604, 0.4207878548600305080, 1.354999999999999760 ) ) ;
#5876 = DIRECTION ( 'NONE',  ( -1.000000000000000000, 0.000000000000000000, 0.000000000000000000 ) ) ;
#5877 = EDGE_CURVE ( 'NONE', #1913, #7633, #1040, .T. ) ;
#5878 = AXIS2_PLACEMENT_3D ( 'NONE', #4519, #1270, #3872 ) ;
#5879 = EDGE_CURVE ( 'NONE', #3899, #7134, #1906, .T. ) ;
#5880 = AXIS2_PLACEMENT_3D ( 'NONE', #2388, #6969, #1082 ) ;
#5881 = ORIENTED_EDGE ( 'NONE', *, *, #1715, .T. ) ;
#5882 = EDGE_LOOP ( 'NONE', ( #5533, #293, #236, #4675 ) ) ;
#5883 = CARTESIAN_POINT ( 'NONE',  ( -1.110787854860023183, 0.4207878548600303970, -0.6450000000000001288 ) ) ;
#5884 = AXIS2_PLACEMENT_3D ( 'NONE', #2623, #4062, #6611 ) ;
#5885 = VECTOR ( 'NONE', #2788, 1000.000000000000000 ) ;
#5886 = PRESENTATION_LAYER_ASSIGNMENT (  '', '', ( #1477 ) ) ;
#5887 = CARTESIAN_POINT ( 'NONE',  ( -1.629999999999999671, 0.1396589670363589109, -1.645000000000000240 ) ) ;
#5888 = LINE ( 'NONE', #1081, #990 ) ;
#5889 = FACE_OUTER_BOUND ( 'NONE', #83, .T. ) ;
#5890 = LINE ( 'NONE', #6562, #7705 ) ;
#5891 = ORIENTED_EDGE ( 'NONE', *, *, #8470, .T. ) ;
#5892 = AXIS2_PLACEMENT_3D ( 'NONE', #252, #7493, #3037 ) ;
#5893 = ORIENTED_EDGE ( 'NONE', *, *, #3637, .T. ) ;
#5894 = DIRECTION ( 'NONE',  ( -0.000000000000000000, 0.000000000000000000, 1.000000000000000000 ) ) ;
#5895 = ORIENTED_EDGE ( 'NONE', *, *, #4626, .F. ) ;
#5896 = ORIENTED_EDGE ( 'NONE', *, *, #285, .T. ) ;
#5897 =( BOUNDED_CURVE ( )  B_SPLINE_CURVE ( 3, ( #7234, #790, #4653, #5320 ),
 .UNSPECIFIED., .F., .F. ) 
 B_SPLINE_CURVE_WITH_KNOTS ( ( 4, 4 ),
 ( 2.371273620688829631, 3.911911686490752604 ),
 .UNSPECIFIED. ) 
 CURVE ( )  GEOMETRIC_REPRESENTATION_ITEM ( )  RATIONAL_B_SPLINE_CURVE ( ( 1.000000000000000000, 0.8117923620232542214, 0.8117923620232542214, 1.000000000000000000 ) ) 
 REPRESENTATION_ITEM ( '' )  );
#5898 = DIRECTION ( 'NONE',  ( 0.000000000000000000, 0.000000000000000000, 1.000000000000000000 ) ) ;
#5899 = DIRECTION ( 'NONE',  ( -0.06975647374412463630, -0.9975640502598243087, 0.000000000000000000 ) ) ;
#5900 = CIRCLE ( 'NONE', #5464, 0.03921214513997670070 ) ;
#5901 = CARTESIAN_POINT ( 'NONE',  ( -0.9999999999999995559, 0.4600000000000072919, -0.3550000000000000377 ) ) ;
#5902 = DIRECTION ( 'NONE',  ( -1.000000000000000000, 0.000000000000000000, 0.000000000000000000 ) ) ;
#5903 = CARTESIAN_POINT ( 'NONE',  ( -1.150000000000000133, 0.4207878548600303970, -0.6450000000000001288 ) ) ;
#5904 = ORIENTED_EDGE ( 'NONE', *, *, #2864, .F. ) ;
#5905 = CARTESIAN_POINT ( 'NONE',  ( -0.8735898146066556347, 0.1247737546427841876, -2.041214128597720556 ) ) ;
#5906 = ORIENTED_EDGE ( 'NONE', *, *, #5231, .F. ) ;
#5907 = CARTESIAN_POINT ( 'NONE',  ( 1.110787854860023183, 0.4207878548600303970, 0.8549999999999998712 ) ) ;
#5908 = CARTESIAN_POINT ( 'NONE',  ( 1.289999999999983604, 0.4207878548600305080, -1.645000000000000240 ) ) ;
#5909 = VERTEX_POINT ( 'NONE', #3096 ) ;
#5910 = DIRECTION ( 'NONE',  ( -1.000000000000000000, 0.000000000000000000, 0.000000000000000000 ) ) ;
#5911 = EDGE_CURVE ( 'NONE', #6709, #6202, #3018, .T. ) ;
#5912 = VERTEX_POINT ( 'NONE', #2429 ) ;
#5913 = ADVANCED_FACE ( 'NONE', ( #5694 ), #6370, .F. ) ;
#5914 = DIRECTION ( 'NONE',  ( -1.000000000000000000, 0.000000000000000000, 0.000000000000000000 ) ) ;
#5915 = LINE ( 'NONE', #3147, #3730 ) ;
#5916 = ORIENTED_EDGE ( 'NONE', *, *, #1033, .F. ) ;
#5917 = DIRECTION ( 'NONE',  ( 9.821212069593589627E-16, -1.000000000000000000, 0.000000000000000000 ) ) ;
#5918 = DIRECTION ( 'NONE',  ( 0.000000000000000000, 0.000000000000000000, 1.000000000000000000 ) ) ;
#5919 = ADVANCED_FACE ( 'NONE', ( #8303 ), #5040, .F. ) ;
#5920 = DIRECTION ( 'NONE',  ( -0.000000000000000000, -0.000000000000000000, -1.000000000000000000 ) ) ;
#5921 = DIRECTION ( 'NONE',  ( -1.000000000000000000, 0.000000000000000000, 0.000000000000000000 ) ) ;
#5922 = DIRECTION ( 'NONE',  ( 0.9975640502598243087, -0.06975647374412463630, 0.000000000000000000 ) ) ;
#5923 = ORIENTED_EDGE ( 'NONE', *, *, #8055, .F. ) ;
#5924 = CARTESIAN_POINT ( 'NONE',  ( 1.316710937842878071, 0.02122440663842936268, -1.145000000000000240 ) ) ;
#5925 = EDGE_CURVE ( 'NONE', #7959, #5019, #1127, .T. ) ;
#5926 = EDGE_CURVE ( 'NONE', #1746, #3608, #4907, .T. ) ;
#5927 = EDGE_LOOP ( 'NONE', ( #3828, #4539, #1627, #1420 ) ) ;
#5928 = EDGE_CURVE ( 'NONE', #4154, #274, #5498, .T. ) ;
#5929 = VECTOR ( 'NONE', #6005, 1000.000000000000000 ) ;
#5930 = CARTESIAN_POINT ( 'NONE',  ( 1.326476844167053137, 0.1608833736747886656, -1.855000000000000204 ) ) ;
#5931 = AXIS2_PLACEMENT_3D ( 'NONE', #2251, #938, #4996 ) ;
#5932 = DIRECTION ( 'NONE',  ( -0.1710878697460326836, -0.9702875252478149193, -0.1710878697460326836 ) ) ;
#5933 = CARTESIAN_POINT ( 'NONE',  ( 1.000000000000000000, 0.5999999999999903189, -1.645000000000000240 ) ) ;
#5934 = CARTESIAN_POINT ( 'NONE',  ( 1.620234093675824161, -1.463672932855430986E-15, -0.3550000000000000377 ) ) ;
#5935 = CARTESIAN_POINT ( 'NONE',  ( 1.150000000000000133, 0.2000000000000000111, -1.354999999999999982 ) ) ;
#5936 = ORIENTED_EDGE ( 'NONE', *, *, #6499, .F. ) ;
#5937 = EDGE_LOOP ( 'NONE', ( #8416, #4515, #1393, #3521 ) ) ;
#5938 = ORIENTED_EDGE ( 'NONE', *, *, #5655, .T. ) ;
#5939 = EDGE_LOOP ( 'NONE', ( #6540, #3649, #4274, #1723 ) ) ;
#5940 = VECTOR ( 'NONE', #7197, 1000.000000000000000 ) ;
#5941 = VECTOR ( 'NONE', #7246, 1000.000000000000000 ) ;
#5942 = LINE ( 'NONE', #5293, #8270 ) ;
#5943 = DIRECTION ( 'NONE',  ( -1.000000000000000000, -0.000000000000000000, 0.000000000000000000 ) ) ;
#5944 = CIRCLE ( 'NONE', #41, 0.1792121451399605880 ) ;
#5945 = VECTOR ( 'NONE', #4174, 1000.000000000000000 ) ;
#5946 = CARTESIAN_POINT ( 'NONE',  ( 1.150000000000000133, 0.1999999999999998168, 1.855000000000000204 ) ) ;
#5947 = VERTEX_POINT ( 'NONE', #2914 ) ;
#5948 = DIRECTION ( 'NONE',  ( 0.000000000000000000, 0.000000000000000000, -1.000000000000000000 ) ) ;
#5949 = ORIENTED_EDGE ( 'NONE', *, *, #406, .F. ) ;
#5950 = SURFACE_STYLE_FILL_AREA ( #61 ) ;
#5951 = VERTEX_POINT ( 'NONE', #4232 ) ;
#5952 = ORIENTED_EDGE ( 'NONE', *, *, #3111, .F. ) ;
#5953 = CLOSED_SHELL ( 'NONE', ( #4159, #8002, #3487, #5772, #6313, #7169, #410, #2809, #4113, #6637, #1707, #1207, #6757, #1928 ) ) ;
#5954 = EDGE_CURVE ( 'NONE', #2048, #3879, #6782, .T. ) ;
#5955 = CIRCLE ( 'NONE', #7164, 0.03921214513997691581 ) ;
#5956 = FACE_OUTER_BOUND ( 'NONE', #6503, .T. ) ;
#5957 = LINE ( 'NONE', #3989, #3595 ) ;
#5958 = EDGE_LOOP ( 'NONE', ( #1623, #3100, #6311, #7937, #1041, #7018, #5021, #8276, #6186, #4456, #294, #6735 ) ) ;
#5959 = SURFACE_STYLE_USAGE ( .BOTH. , #1306 ) ;
#5960 = LINE ( 'NONE', #2527, #5389 ) ;
#5961 = ORIENTED_EDGE ( 'NONE', *, *, #3383, .F. ) ;
#5962 = CARTESIAN_POINT ( 'NONE',  ( 1.326476844167053137, 0.1608833736747886656, 1.645000000000000018 ) ) ;
#5963 = FACE_OUTER_BOUND ( 'NONE', #7977, .T. ) ;
#5964 = ADVANCED_FACE ( 'NONE', ( #6227 ), #257, .F. ) ;
#5965 = VECTOR ( 'NONE', #4350, 1000.000000000000000 ) ;
#5966 = EDGE_LOOP ( 'NONE', ( #5600, #4590, #8250, #7541 ) ) ;
#5967 = EDGE_LOOP ( 'NONE', ( #4201, #1720, #3238, #8051 ) ) ;
#5968 = CARTESIAN_POINT ( 'NONE',  ( -1.110787854860023183, 0.4600000000000070699, -1.645000000000000240 ) ) ;
#5969 = ADVANCED_FACE ( 'NONE', ( #1 ), #7238, .F. ) ;
#5970 = EDGE_CURVE ( 'NONE', #7126, #1441, #3816, .T. ) ;
#5971 = DIRECTION ( 'NONE',  ( -1.000000000000000000, 0.000000000000000000, 0.000000000000000000 ) ) ;
#5972 = FACE_OUTER_BOUND ( 'NONE', #3555, .T. ) ;
#5973 = EDGE_CURVE ( 'NONE', #5770, #1554, #2273, .T. ) ;
#5974 = CARTESIAN_POINT ( 'NONE',  ( 1.329212145139960777, 0.2000000000000000111, 0.3549999999999999267 ) ) ;
#5975 = DIRECTION ( 'NONE',  ( 0.000000000000000000, 0.000000000000000000, -1.000000000000000000 ) ) ;
#5976 = EDGE_LOOP ( 'NONE', ( #5549, #1374, #1153, #5495 ) ) ;
#5977 = ORIENTED_EDGE ( 'NONE', *, *, #8062, .T. ) ;
#5978 = VERTEX_POINT ( 'NONE', #793 ) ;
#5979 = CARTESIAN_POINT ( 'NONE',  ( 1.110787854860023183, 0.4207878548600303970, 1.645000000000000018 ) ) ;
#5980 = LINE ( 'NONE', #7848, #4360 ) ;
#5981 = ADVANCED_FACE ( 'NONE', ( #4882 ), #4178, .F. ) ;
#5982 = CARTESIAN_POINT ( 'NONE',  ( -1.326476844167053359, 0.1608833736747886656, -1.145000000000000240 ) ) ;
#5983 = LINE ( 'NONE', #1331, #7283 ) ;
#5984 = ORIENTED_EDGE ( 'NONE', *, *, #7535, .F. ) ;
#5985 = EDGE_LOOP ( 'NONE', ( #8181, #2965, #1793, #2200 ) ) ;
#5986 = ORIENTED_EDGE ( 'NONE', *, *, #5195, .T. ) ;
#5987 = ORIENTED_EDGE ( 'NONE', *, *, #333, .F. ) ;
#5988 = DIRECTION ( 'NONE',  ( 0.000000000000000000, 0.000000000000000000, 1.000000000000000000 ) ) ;
#5989 = DIRECTION ( 'NONE',  ( -0.1710878697460326836, -0.9702875252478149193, -0.1710878697460326836 ) ) ;
#5990 = VERTEX_POINT ( 'NONE', #5453 ) ;
#5991 = SURFACE_SIDE_STYLE ('',( #776 ) ) ;
#5992 = DIRECTION ( 'NONE',  ( -1.000000000000000000, 0.000000000000000000, 0.000000000000000000 ) ) ;
#5993 = ORIENTED_EDGE ( 'NONE', *, *, #3700, .F. ) ;
#5994 = LINE ( 'NONE', #4127, #1888 ) ;
#5995 = CARTESIAN_POINT ( 'NONE',  ( -1.289999999999983826, 0.4207878548600303970, -0.1450000000000001565 ) ) ;
#5996 = CARTESIAN_POINT ( 'NONE',  ( 1.326476844167053137, 0.1608833736747886656, 1.145000000000000018 ) ) ;
#5997 = CARTESIAN_POINT ( 'NONE',  ( 1.326476844167053359, 0.1608833736747886656, 0.1449999999999999345 ) ) ;
#5998 = AXIS2_PLACEMENT_3D ( 'NONE', #945, #5611, #6292 ) ;
#5999 = VERTEX_POINT ( 'NONE', #4094 ) ;
#6000 = DIRECTION ( 'NONE',  ( -0.06975647374411923785, -0.9975640502598246417, 0.000000000000000000 ) ) ;
#6001 = ORIENTED_EDGE ( 'NONE', *, *, #6863, .F. ) ;
#6002 = CARTESIAN_POINT ( 'NONE',  ( 1.326476844167053359, 0.1608833736747886656, 1.354999999999999760 ) ) ;
#6003 = LINE ( 'NONE', #125, #4409 ) ;
#6004 = CARTESIAN_POINT ( 'NONE',  ( -0.9999999999999995559, 0.5999999999999912070, 1.645000000000000018 ) ) ;
#6005 = DIRECTION ( 'NONE',  ( -0.000000000000000000, -0.000000000000000000, 1.000000000000000000 ) ) ;
#6006 = VECTOR ( 'NONE', #1090, 1000.000000000000000 ) ;
#6007 = ORIENTED_EDGE ( 'NONE', *, *, #962, .T. ) ;
#6008 = EDGE_CURVE ( 'NONE', #4890, #4631, #1607, .T. ) ;
#6009 = ORIENTED_EDGE ( 'NONE', *, *, #4207, .F. ) ;
#6010 = EDGE_CURVE ( 'NONE', #8373, #1562, #2737, .T. ) ;
#6011 = AXIS2_PLACEMENT_3D ( 'NONE', #5204, #4535, #7799 ) ;
#6012 = CARTESIAN_POINT ( 'NONE',  ( -1.110787854860023183, 0.5999999999999910960, 1.855000000000000204 ) ) ;
#6013 = ORIENTED_EDGE ( 'NONE', *, *, #1504, .T. ) ;
#6014 = ORIENTED_EDGE ( 'NONE', *, *, #443, .F. ) ;
#6015 = CIRCLE ( 'NONE', #4363, 0.03921214513997670070 ) ;
#6016 = LINE ( 'NONE', #671, #5803 ) ;
#6017 = CARTESIAN_POINT ( 'NONE',  ( -1.150000000000000133, 0.2000000000000000111, 0.8549999999999998712 ) ) ;
#6018 = AXIS2_PLACEMENT_3D ( 'NONE', #7643, #2298, #1778 ) ;
#6019 = CARTESIAN_POINT ( 'NONE',  ( -1.629999999999999671, 0.1396589670363589109, 1.144999999999999796 ) ) ;
#6020 = DIRECTION ( 'NONE',  ( -0.000000000000000000, -1.000000000000000000, 0.000000000000000000 ) ) ;
#6021 = ORIENTED_EDGE ( 'NONE', *, *, #5421, .F. ) ;
#6022 = ORIENTED_EDGE ( 'NONE', *, *, #221, .T. ) ;
#6023 = ADVANCED_FACE ( 'NONE', ( #960 ), #4793, .F. ) ;
#6024 = DIRECTION ( 'NONE',  ( 0.000000000000000000, 0.000000000000000000, 1.000000000000000000 ) ) ;
#6025 = ORIENTED_EDGE ( 'NONE', *, *, #5821, .F. ) ;
#6026 = ORIENTED_EDGE ( 'NONE', *, *, #6286, .F. ) ;
#6027 = ADVANCED_FACE ( 'NONE', ( #1523 ), #2098, .T. ) ;
#6028 = AXIS2_PLACEMENT_3D ( 'NONE', #487, #5157, #3088 ) ;
#6029 = PRODUCT_DEFINITION_CONTEXT ( 'detailed design', #3451, 'design' ) ;
#6030 = CARTESIAN_POINT ( 'NONE',  ( -0.9999999999999995559, 0.5999999999999912070, -1.855000000000000204 ) ) ;
#6031 = EDGE_CURVE ( 'NONE', #1615, #3905, #832, .T. ) ;
#6032 = DIRECTION ( 'NONE',  ( 0.1710878697460326836, -0.9702875252478149193, 0.1710878697460326836 ) ) ;
#6033 = CARTESIAN_POINT ( 'NONE',  ( -0.7812493200981477370, 1.408688967720618024, -1.881249320098148603 ) ) ;
#6034 =( LENGTH_UNIT ( ) NAMED_UNIT ( * ) SI_UNIT ( .MILLI., .METRE. ) );
#6035 = CARTESIAN_POINT ( 'NONE',  ( 1.150000000000000133, 0.1999999999999998168, -1.145000000000000240 ) ) ;
#6036 = ORIENTED_EDGE ( 'NONE', *, *, #5973, .T. ) ;
#6037 = CARTESIAN_POINT ( 'NONE',  ( -1.110787854860023183, 0.4207878548600303970, 1.645000000000000018 ) ) ;
#6038 = FACE_OUTER_BOUND ( 'NONE', #5280, .T. ) ;
#6039 = CARTESIAN_POINT ( 'NONE',  ( -1.150000000000000133, 0.2000000000000000111, -0.6450000000000001288 ) ) ;
#6040 = CARTESIAN_POINT ( 'NONE',  ( -1.289999999999983826, 0.2000000000000000111, -1.145000000000000240 ) ) ;
#6041 = DIRECTION ( 'NONE',  ( -0.000000000000000000, -0.000000000000000000, -1.000000000000000000 ) ) ;
#6042 = ORIENTED_EDGE ( 'NONE', *, *, #5702, .F. ) ;
#6043 = DIRECTION ( 'NONE',  ( 0.000000000000000000, 0.000000000000000000, 1.000000000000000000 ) ) ;
#6044 = ORIENTED_EDGE ( 'NONE', *, *, #3951, .T. ) ;
#6045 = CARTESIAN_POINT ( 'NONE',  ( -1.110787854860023183, 0.4207878548600303970, -1.145000000000000240 ) ) ;
#6046 = CARTESIAN_POINT ( 'NONE',  ( 1.110787854860023183, 0.4600000000000072919, 0.3549999999999999267 ) ) ;
#6047 = DIRECTION ( 'NONE',  ( -1.000000000000000000, 0.000000000000000000, 0.000000000000000000 ) ) ;
#6048 = CARTESIAN_POINT ( 'NONE',  ( 1.000000000000000000, 0.4207878548600303970, -1.354999999999999982 ) ) ;
#6049 = DIRECTION ( 'NONE',  ( 0.06975647374412040358, -0.9975640502598246417, 0.000000000000000000 ) ) ;
#6050 = ORIENTED_EDGE ( 'NONE', *, *, #7896, .T. ) ;
#6051 = DIRECTION ( 'NONE',  ( 0.000000000000000000, 0.000000000000000000, 1.000000000000000000 ) ) ;
#6052 = ORIENTED_EDGE ( 'NONE', *, *, #4302, .F. ) ;
#6053 = ORIENTED_EDGE ( 'NONE', *, *, #7079, .F. ) ;
#6054 = VERTEX_POINT ( 'NONE', #243 ) ;
#6055 = DIRECTION ( 'NONE',  ( 0.000000000000000000, 1.000000000000000000, 0.000000000000000000 ) ) ;
#6056 = VECTOR ( 'NONE', #1751, 1000.000000000000114 ) ;
#6057 = DIRECTION ( 'NONE',  ( 0.000000000000000000, 0.000000000000000000, 1.000000000000000000 ) ) ;
#6058 = VECTOR ( 'NONE', #3414, 1000.000000000000000 ) ;
#6059 = EDGE_CURVE ( 'NONE', #8294, #1019, #6813, .T. ) ;
#6060 = EDGE_CURVE ( 'NONE', #885, #4886, #7321, .T. ) ;
#6061 = CARTESIAN_POINT ( 'NONE',  ( -1.329212145139960777, 0.2000000000000000111, -1.145000000000000240 ) ) ;
#6062 = DIRECTION ( 'NONE',  ( 0.000000000000000000, 0.000000000000000000, 1.000000000000000000 ) ) ;
#6063 = CARTESIAN_POINT ( 'NONE',  ( 1.000000000000000000, 0.4600000000000065148, -0.6450000000000001288 ) ) ;
#6064 = ORIENTED_EDGE ( 'NONE', *, *, #6446, .T. ) ;
#6065 = CIRCLE ( 'NONE', #4263, 0.03921214513997691581 ) ;
#6066 = EDGE_LOOP ( 'NONE', ( #5408, #3505, #5192, #204 ) ) ;
#6067 = VECTOR ( 'NONE', #4337, 1000.000000000000000 ) ;
#6068 =( NAMED_UNIT ( * ) SI_UNIT ( $, .STERADIAN. ) SOLID_ANGLE_UNIT ( ) );
#6069 = ORIENTED_EDGE ( 'NONE', *, *, #1231, .T. ) ;
#6070 = VERTEX_POINT ( 'NONE', #4742 ) ;
#6071 = VECTOR ( 'NONE', #741, 999.9999999999998863 ) ;
#6072 = LINE ( 'NONE', #7941, #5658 ) ;
#6073 = AXIS2_PLACEMENT_3D ( 'NONE', #7884, #7291, #626 ) ;
#6074 = ADVANCED_FACE ( 'NONE', ( #3462 ), #2862, .F. ) ;
#6075 = VECTOR ( 'NONE', #1871, 1000.000000000000000 ) ;
#6076 = CARTESIAN_POINT ( 'NONE',  ( 1.329212145139960777, 0.2000000000000000111, 0.3549999999999999267 ) ) ;
#6077 = EDGE_CURVE ( 'NONE', #8131, #533, #3540, .T. ) ;
#6078 = ADVANCED_FACE ( 'NONE', ( #7452 ), #235, .T. ) ;
#6079 = CLOSED_SHELL ( 'NONE', ( #1605, #4220, #7687, #3909, #1032, #4484, #7659, #2698, #2959, #2416, #5025, #1194, #3181, #4800 ) ) ;
#6080 = FACE_OUTER_BOUND ( 'NONE', #4722, .T. ) ;
#6081 = EDGE_CURVE ( 'NONE', #7142, #4424, #4840, .T. ) ;
#6082 = VERTEX_POINT ( 'NONE', #2186 ) ;
#6083 = AXIS2_PLACEMENT_3D ( 'NONE', #6076, #1458, #3558 ) ;
#6084 = CARTESIAN_POINT ( 'NONE',  ( 0.9257539493820376997, 0.4599838810921712540, -2.099997157801649195 ) ) ;
#6085 = DIRECTION ( 'NONE',  ( -0.000000000000000000, -0.000000000000000000, -1.000000000000000000 ) ) ;
#6086 = CARTESIAN_POINT ( 'NONE',  ( 1.329212145139960777, 0.2000000000000000111, 1.145000000000000018 ) ) ;
#6087 = DIRECTION ( 'NONE',  ( -0.000000000000000000, -0.000000000000000000, -1.000000000000000000 ) ) ;
#6088 = DIRECTION ( 'NONE',  ( 0.000000000000000000, 0.000000000000000000, 1.000000000000000000 ) ) ;
#6089 = CARTESIAN_POINT ( 'NONE',  ( -1.110787854860023183, 0.4207878548600303970, 1.855000000000000204 ) ) ;
#6090 = ORIENTED_EDGE ( 'NONE', *, *, #7636, .F. ) ;
#6091 = DIRECTION ( 'NONE',  ( -1.000000000000000000, 0.000000000000000000, -0.000000000000000000 ) ) ;
#6092 = DIRECTION ( 'NONE',  ( 0.000000000000000000, 0.000000000000000000, -1.000000000000000000 ) ) ;
#6093 = VECTOR ( 'NONE', #6119, 999.9999999999998863 ) ;
#6094 = DIRECTION ( 'NONE',  ( -0.000000000000000000, -0.000000000000000000, -1.000000000000000000 ) ) ;
#6095 = CARTESIAN_POINT ( 'NONE',  ( 1.620234093675824161, -1.485875369962032561E-15, -0.1450000000000001565 ) ) ;
#6096 = VERTEX_POINT ( 'NONE', #4268 ) ;
#6097 = EDGE_CURVE ( 'NONE', #1554, #7682, #7371, .T. ) ;
#6098 = VERTEX_POINT ( 'NONE', #5631 ) ;
#6099 = VERTEX_POINT ( 'NONE', #2362 ) ;
#6100 = ORIENTED_EDGE ( 'NONE', *, *, #77, .T. ) ;
#6101 = DIRECTION ( 'NONE',  ( -1.964242413918717925E-15, -1.000000000000000000, 0.000000000000000000 ) ) ;
#6102 = EDGE_LOOP ( 'NONE', ( #8285, #5248, #343, #7936 ) ) ;
#6103 = EDGE_LOOP ( 'NONE', ( #1688, #3153, #5758, #6036 ) ) ;
#6104 = EDGE_LOOP ( 'NONE', ( #7216, #6021, #3326, #1555 ) ) ;
#6105 = VERTEX_POINT ( 'NONE', #287 ) ;
#6106 = UNCERTAINTY_MEASURE_WITH_UNIT (LENGTH_MEASURE( 1.000000000000000082E-05 ), #3349, 'distance_accuracy_value', 'NONE');
#6107 = LINE ( 'NONE', #4597, #7377 ) ;
#6108 = DIRECTION ( 'NONE',  ( 1.011922027653134579E-14, 0.1736481776669288879, 0.9848077530122083534 ) ) ;
#6109 = CARTESIAN_POINT ( 'NONE',  ( -1.316710937842878071, 0.02122440663842932104, -1.645000000000000240 ) ) ;
#6110 = CARTESIAN_POINT ( 'NONE',  ( -1.150000000000000133, 0.2000000000000000111, 0.8549999999999998712 ) ) ;
#6111 = ORIENTED_EDGE ( 'NONE', *, *, #5350, .T. ) ;
#6112 = ADVANCED_FACE ( 'NONE', ( #1565 ), #8099, .T. ) ;
#6113 = ORIENTED_EDGE ( 'NONE', *, *, #4981, .T. ) ;
#6114 = EDGE_CURVE ( 'NONE', #3315, #2177, #1059, .T. ) ;
#6115 = DIRECTION ( 'NONE',  ( 0.000000000000000000, 0.000000000000000000, -1.000000000000000000 ) ) ;
#6116 = DIRECTION ( 'NONE',  ( -0.000000000000000000, -0.000000000000000000, -1.000000000000000000 ) ) ;
#6117 = PLANE ( 'NONE',  #310 ) ;
#6118 = DIRECTION ( 'NONE',  ( 1.000000000000000000, 8.807661782691089029E-15, 0.000000000000000000 ) ) ;
#6119 = DIRECTION ( 'NONE',  ( -0.1710878697460327114, 0.9702875252478150303, -0.1710878697460327114 ) ) ;
#6120 = ORIENTED_EDGE ( 'NONE', *, *, #6379, .T. ) ;
#6121 = CARTESIAN_POINT ( 'NONE',  ( -1.316710937842878071, 0.02122440663842936268, -0.6450000000000001288 ) ) ;
#6122 = DIRECTION ( 'NONE',  ( -1.000000000000000000, -9.074737973021588507E-16, 0.000000000000000000 ) ) ;
#6123 = EDGE_CURVE ( 'NONE', #7827, #4397, #4179, .T. ) ;
#6124 = ADVANCED_FACE ( 'NONE', ( #4144 ), #4226, .T. ) ;
#6125 = AXIS2_PLACEMENT_3D ( 'NONE', #6419, #6462, #3231 ) ;
#6126 = DIRECTION ( 'NONE',  ( -1.000000000000000000, 0.000000000000000000, -0.000000000000000000 ) ) ;
#6127 = DIRECTION ( 'NONE',  ( 0.9975640502598243087, -0.06975647374412471957, 0.000000000000000000 ) ) ;
#6128 = EDGE_LOOP ( 'NONE', ( #7547, #2347, #1412, #4190 ) ) ;
#6129 = PRESENTATION_LAYER_ASSIGNMENT (  '', '', ( #7769 ) ) ;
#6130 = CARTESIAN_POINT ( 'NONE',  ( -0.8489040373074708823, 1.024999999999999911, 1.948904037307471748 ) ) ;
#6131 = VERTEX_POINT ( 'NONE', #961 ) ;
#6132 = CIRCLE ( 'NONE', #906, 0.1792121451399605880 ) ;
#6133 = VERTEX_POINT ( 'NONE', #6777 ) ;
#6134 = PRESENTATION_LAYER_ASSIGNMENT (  '', '', ( #1604 ) ) ;
#6135 = VERTEX_POINT ( 'NONE', #5490 ) ;
#6136 = DIRECTION ( 'NONE',  ( 0.06975647374412365098, 0.9975640502598244197, -0.000000000000000000 ) ) ;
#6137 = AXIS2_PLACEMENT_3D ( 'NONE', #6175, #292, #2277 ) ;
#6138 = DIRECTION ( 'NONE',  ( -0.000000000000000000, -1.000000000000000000, -0.000000000000000000 ) ) ;
#6139 = ORIENTED_EDGE ( 'NONE', *, *, #2244, .T. ) ;
#6140 = ORIENTED_EDGE ( 'NONE', *, *, #6853, .F. ) ;
#6141 = VECTOR ( 'NONE', #2406, 1000.000000000000114 ) ;
#6142 = ORIENTED_EDGE ( 'NONE', *, *, #6587, .F. ) ;
#6143 = ORIENTED_EDGE ( 'NONE', *, *, #8483, .T. ) ;
#6144 = AXIS2_PLACEMENT_3D ( 'NONE', #5218, #637, #1214 ) ;
#6145 = AXIS2_PLACEMENT_3D ( 'NONE', #6658, #7885, #3345 ) ;
#6146 = LINE ( 'NONE', #7552, #122 ) ;
#6147 = VECTOR ( 'NONE', #1732, 1000.000000000000000 ) ;
#6148 = CARTESIAN_POINT ( 'NONE',  ( -0.8847743266540478713, 0.1666929871352585690, 2.047556909279222292 ) ) ;
#6149 = AXIS2_PLACEMENT_3D ( 'NONE', #1563, #1703, #958 ) ;
#6150 = DIRECTION ( 'NONE',  ( 0.000000000000000000, 1.000000000000000000, 0.000000000000000000 ) ) ;
#6151 = CARTESIAN_POINT ( 'NONE',  ( 1.110787854860023183, 0.5999999999999913181, -1.145000000000000240 ) ) ;
#6152 = CARTESIAN_POINT ( 'NONE',  ( 0.9690165548572234888, 0.4562838692152604292, 2.099344745878808816 ) ) ;
#6153 = AXIS2_PLACEMENT_3D ( 'NONE', #4039, #4648, #1390 ) ;
#6154 = LINE ( 'NONE', #8085, #7227 ) ;
#6155 = CIRCLE ( 'NONE', #7244, 0.1792121451399605880 ) ;
#6156 = CARTESIAN_POINT ( 'NONE',  ( -1.326476844167053359, 0.1608833736747886101, 1.354999999999999760 ) ) ;
#6157 = ORIENTED_EDGE ( 'NONE', *, *, #7605, .T. ) ;
#6158 = CARTESIAN_POINT ( 'NONE',  ( -0.9257539493820061693, 0.6000161189078280222, -2.099997157801649639 ) ) ;
#6159 = CARTESIAN_POINT ( 'NONE',  ( 1.000000000000000000, 0.4207878548600303970, 1.145000000000000018 ) ) ;
#6160 = LINE ( 'NONE', #278, #454 ) ;
#6161 = LINE ( 'NONE', #8091, #5547 ) ;
#6162 = EDGE_CURVE ( 'NONE', #5081, #5003, #2463, .T. ) ;
#6163 = EDGE_CURVE ( 'NONE', #6301, #4876, #371, .T. ) ;
#6164 = DIRECTION ( 'NONE',  ( -0.000000000000000000, -0.000000000000000000, -1.000000000000000000 ) ) ;
#6165 = ORIENTED_EDGE ( 'NONE', *, *, #4756, .T. ) ;
#6166 = CYLINDRICAL_SURFACE ( 'NONE', #8400, 0.07500000000000017764 ) ;
#6167 = CARTESIAN_POINT ( 'NONE',  ( -1.149999999999999911, 0.4207878548600303970, 0.3549999999999999267 ) ) ;
#6168 = ORIENTED_EDGE ( 'NONE', *, *, #451, .F. ) ;
#6169 = LINE ( 'NONE', #7617, #3397 ) ;
#6170 = CARTESIAN_POINT ( 'NONE',  ( 0.9119398284977243696, 0.09999999999999989453, -1.973589814606655723 ) ) ;
#6171 = EDGE_CURVE ( 'NONE', #886, #838, #5537, .T. ) ;
#6172 = LINE ( 'NONE', #6860, #555 ) ;
#6173 = ORIENTED_EDGE ( 'NONE', *, *, #5488, .T. ) ;
#6174 = ADVANCED_FACE ( 'NONE', ( #3683 ), #7580, .T. ) ;
#6175 = CARTESIAN_POINT ( 'NONE',  ( -1.110787854860023183, 0.4207878548600303970, -0.6450000000000001288 ) ) ;
#6176 = ORIENTED_EDGE ( 'NONE', *, *, #6804, .T. ) ;
#6177 = ORIENTED_EDGE ( 'NONE', *, *, #2282, .F. ) ;
#6178 = CARTESIAN_POINT ( 'NONE',  ( -1.289999999999983826, 0.4207878548600303970, 0.3549999999999999267 ) ) ;
#6179 = ADVANCED_FACE ( 'NONE', ( #6427 ), #3237, .T. ) ;
#6180 = CARTESIAN_POINT ( 'NONE',  ( -0.9165283512985350489, 1.075226245357216115, -1.974586400069412884 ) ) ;
#6181 = VERTEX_POINT ( 'NONE', #6878 ) ;
#6182 = CARTESIAN_POINT ( 'NONE',  ( 0.9261308919290330843, 0.4599516432765026197, -2.099991473404947850 ) ) ;
#6183 = ORIENTED_EDGE ( 'NONE', *, *, #7168, .T. ) ;
#6184 = EDGE_LOOP ( 'NONE', ( #7802, #850, #4017, #2154, #2633, #7131, #2064, #4408, #5439, #1932, #2156, #820 ) ) ;
#6185 = ORIENTED_EDGE ( 'NONE', *, *, #2566, .F. ) ;
#6186 = ORIENTED_EDGE ( 'NONE', *, *, #8084, .T. ) ;
#6187 = CIRCLE ( 'NONE', #7014, 0.03921214513997691581 ) ;
#6188 = AXIS2_PLACEMENT_3D ( 'NONE', #4416, #3122, #5764 ) ;
#6189 = UNCERTAINTY_MEASURE_WITH_UNIT (LENGTH_MEASURE( 1.000000000000000082E-05 ), #8021, 'distance_accuracy_value', 'NONE');
#6190 = CARTESIAN_POINT ( 'NONE',  ( -1.110787854860023183, 0.4600000000000071809, -1.354999999999999982 ) ) ;
#6191 = DIRECTION ( 'NONE',  ( 0.000000000000000000, 0.000000000000000000, 1.000000000000000000 ) ) ;
#6192 = DIRECTION ( 'NONE',  ( -0.000000000000000000, -0.000000000000000000, -1.000000000000000000 ) ) ;
#6193 = VECTOR ( 'NONE', #6228, 1000.000000000000000 ) ;
#6194 = COLOUR_RGB ( '',0.7921568627450980005, 0.8196078431372548767, 0.9333333333333333481 ) ;
#6195 = CARTESIAN_POINT ( 'NONE',  ( -1.316710937842878071, 0.02122440663842936268, 1.354999999999999760 ) ) ;
#6196 = AXIS2_PLACEMENT_3D ( 'NONE', #3826, #3782, #8461 ) ;
#6197 = LINE ( 'NONE', #7854, #657 ) ;
#6198 = EDGE_CURVE ( 'NONE', #1289, #6581, #989, .T. ) ;
#6199 = FILL_AREA_STYLE ('',( #3563 ) ) ;
#6200 = CARTESIAN_POINT ( 'NONE',  ( -0.9999999999999995559, 0.5999999999999912070, 0.8549999999999998712 ) ) ;
#6201 = VERTEX_POINT ( 'NONE', #5560 ) ;
#6202 = VERTEX_POINT ( 'NONE', #6836 ) ;
#6203 = CARTESIAN_POINT ( 'NONE',  ( -1.316710937842878071, 0.02122440663842932104, 0.8549999999999998712 ) ) ;
#6204 = VECTOR ( 'NONE', #5034, 1000.000000000000000 ) ;
#6205 = CARTESIAN_POINT ( 'NONE',  ( -1.110787854860023183, 0.4207878548600303970, 0.8549999999999998712 ) ) ;
#6206 = PRESENTATION_LAYER_ASSIGNMENT (  '', '', ( #5115 ) ) ;
#6207 = CARTESIAN_POINT ( 'NONE',  ( 1.110787854860023183, 0.4207878548600303970, -1.855000000000000204 ) ) ;
#6208 = CARTESIAN_POINT ( 'NONE',  ( 1.110787854860023183, 0.4600000000000072919, -1.354999999999999982 ) ) ;
#6209 = EDGE_LOOP ( 'NONE', ( #7333, #2968, #8150, #4787 ) ) ;
#6210 = VECTOR ( 'NONE', #4558, 1000.000000000000000 ) ;
#6211 = CARTESIAN_POINT ( 'NONE',  ( 1.149999999999999911, 0.4207878548600304525, 0.3549999999999999267 ) ) ;
#6212 = FACE_OUTER_BOUND ( 'NONE', #3191, .T. ) ;
#6213 = CARTESIAN_POINT ( 'NONE',  ( -0.9999999999999995559, 0.5999999999999912070, 1.855000000000000204 ) ) ;
#6214 = LINE ( 'NONE', #1367, #4140 ) ;
#6215 = EDGE_CURVE ( 'NONE', #4246, #1286, #3611, .T. ) ;
#6216 = AXIS2_PLACEMENT_3D ( 'NONE', #5783, #6377, #485 ) ;
#6217 = CARTESIAN_POINT ( 'NONE',  ( 1.326476844167053359, 0.1608833736747886656, -0.3550000000000000377 ) ) ;
#6218 = CYLINDRICAL_SURFACE ( 'NONE', #289, 0.03921214513997691581 ) ;
#6219 = ORIENTED_EDGE ( 'NONE', *, *, #5026, .F. ) ;
#6220 =( GEOMETRIC_REPRESENTATION_CONTEXT ( 3 ) GLOBAL_UNCERTAINTY_ASSIGNED_CONTEXT ( ( #3512 ) ) GLOBAL_UNIT_ASSIGNED_CONTEXT ( ( #694, #3917, #5276 ) ) REPRESENTATION_CONTEXT ( 'NONE', 'WORKASPACE' ) );
#6221 = FACE_OUTER_BOUND ( 'NONE', #6266, .T. ) ;
#6222 = EDGE_LOOP ( 'NONE', ( #1798, #7061, #6922, #4993 ) ) ;
#6223 = LINE ( 'NONE', #337, #4549 ) ;
#6224 = ORIENTED_EDGE ( 'NONE', *, *, #7471, .T. ) ;
#6225 = EDGE_CURVE ( 'NONE', #5398, #7989, #3657, .T. ) ;
#6226 = DIRECTION ( 'NONE',  ( -0.000000000000000000, -0.000000000000000000, -1.000000000000000000 ) ) ;
#6227 = FACE_OUTER_BOUND ( 'NONE', #7620, .T. ) ;
#6228 = DIRECTION ( 'NONE',  ( -0.000000000000000000, -0.000000000000000000, -1.000000000000000000 ) ) ;
#6229 = VERTEX_POINT ( 'NONE', #8164 ) ;
#6230 = DIRECTION ( 'NONE',  ( -1.000000000000000000, 0.000000000000000000, 0.000000000000000000 ) ) ;
#6231 = ORIENTED_EDGE ( 'NONE', *, *, #4256, .F. ) ;
#6232 = ORIENTED_EDGE ( 'NONE', *, *, #6388, .T. ) ;
#6233 = ORIENTED_EDGE ( 'NONE', *, *, #4638, .F. ) ;
#6234 = ORIENTED_EDGE ( 'NONE', *, *, #5823, .F. ) ;
#6235 = ADVANCED_FACE ( 'NONE', ( #4379 ), #2292, .F. ) ;
#6236 = EDGE_CURVE ( 'NONE', #2145, #3271, #4901, .T. ) ;
#6237 = B_SPLINE_CURVE_WITH_KNOTS ( 'NONE', 3,
 ( #2756, #187, #2800, #4637 ),
 .UNSPECIFIED., .F., .F.,
 ( 4, 4 ),
 ( 0.000000000000000000, 1.000000000000000000 ),
 .UNSPECIFIED. ) ;
#6238 = CYLINDRICAL_SURFACE ( 'NONE', #791, 0.1792121451399605880 ) ;
#6239 = CARTESIAN_POINT ( 'NONE',  ( -1.620234093675824161, -2.083034977450064059E-16, -1.645000000000000240 ) ) ;
#6240 = CARTESIAN_POINT ( 'NONE',  ( -0.9999999999999995559, 0.5999999999999912070, -1.145000000000000240 ) ) ;
#6241 = LINE ( 'NONE', #1037, #4370 ) ;
#6242 = CARTESIAN_POINT ( 'NONE',  ( 1.326476844167053137, 0.1608833736747886656, -0.6450000000000001288 ) ) ;
#6243 = LINE ( 'NONE', #2882, #836 ) ;
#6244 = LINE ( 'NONE', #2340, #4768 ) ;
#6245 = ORIENTED_EDGE ( 'NONE', *, *, #7468, .F. ) ;
#6246 = DIRECTION ( 'NONE',  ( -1.000000000000000000, -8.807661782691089029E-15, -0.000000000000000000 ) ) ;
#6247 = EDGE_LOOP ( 'NONE', ( #714, #4853, #5386 ) ) ;
#6248 = ORIENTED_EDGE ( 'NONE', *, *, #7219, .F. ) ;
#6249 = DIRECTION ( 'NONE',  ( -0.000000000000000000, 1.000000000000000000, 0.000000000000000000 ) ) ;
#6250 = CARTESIAN_POINT ( 'NONE',  ( 1.150000000000000133, 0.2000000000000000111, 1.855000000000000204 ) ) ;
#6251 = LINE ( 'NONE', #8134, #2525 ) ;
#6252 = LINE ( 'NONE', #7568, #3202 ) ;
#6253 = ORIENTED_EDGE ( 'NONE', *, *, #1397, .F. ) ;
#6254 = CARTESIAN_POINT ( 'NONE',  ( -0.8735898146066559677, 0.1750000000000000167, 1.973589814606656834 ) ) ;
#6255 = CARTESIAN_POINT ( 'NONE',  ( -1.629999999999999671, 0.1396589670363589109, -0.8550000000000002043 ) ) ;
#6256 = EDGE_LOOP ( 'NONE', ( #1186, #6140, #7882, #765 ) ) ;
#6257 = DIRECTION ( 'NONE',  ( -0.000000000000000000, -1.000000000000000000, 0.000000000000000000 ) ) ;
#6258 = CARTESIAN_POINT ( 'NONE',  ( -0.9253769854056728139, 0.4600000000000072919, -2.100000000000000089 ) ) ;
#6259 = VECTOR ( 'NONE', #4566, 1000.000000000000000 ) ;
#6260 = DIRECTION ( 'NONE',  ( -1.000000000000000000, 0.000000000000000000, 0.000000000000000000 ) ) ;
#6261 = CARTESIAN_POINT ( 'NONE',  ( -1.620234093675824161, -2.083034977450064059E-16, -1.855000000000000204 ) ) ;
#6262 = ORIENTED_EDGE ( 'NONE', *, *, #1365, .T. ) ;
#6263 = CARTESIAN_POINT ( 'NONE',  ( -0.9999999999999995559, 0.4207878548600303970, 0.8549999999999998712 ) ) ;
#6264 = ORIENTED_EDGE ( 'NONE', *, *, #7103, .T. ) ;
#6265 = CARTESIAN_POINT ( 'NONE',  ( 0.9999914734049480947, 0.6000483567234959903, 2.026130891929032618 ) ) ;
#6266 = EDGE_LOOP ( 'NONE', ( #5289, #932, #8033, #7221 ) ) ;
#6267 = CARTESIAN_POINT ( 'NONE',  ( -0.9999999999999995559, 0.4600000000000072919, 0.6449999999999999067 ) ) ;
#6268 = DIRECTION ( 'NONE',  ( 0.000000000000000000, 0.000000000000000000, 1.000000000000000000 ) ) ;
#6269 = EDGE_CURVE ( 'NONE', #1147, #1452, #4405, .T. ) ;
#6270 = ORIENTED_EDGE ( 'NONE', *, *, #7571, .F. ) ;
#6271 = LINE ( 'NONE', #586, #4914 ) ;
#6272 = EDGE_CURVE ( 'NONE', #2620, #193, #2970, .T. ) ;
#6273 = DIRECTION ( 'NONE',  ( -0.9975640502598245307, -0.06975647374412029256, 0.000000000000000000 ) ) ;
#6274 = VECTOR ( 'NONE', #6838, 1000.000000000000114 ) ;
#6275 = VERTEX_POINT ( 'NONE', #2336 ) ;
#6276 = ORIENTED_EDGE ( 'NONE', *, *, #1139, .T. ) ;
#6277 = ORIENTED_EDGE ( 'NONE', *, *, #7257, .F. ) ;
#6278 = ORIENTED_EDGE ( 'NONE', *, *, #7585, .T. ) ;
#6279 = VECTOR ( 'NONE', #1228, 1000.000000000000000 ) ;
#6280 = LINE ( 'NONE', #391, #3812 ) ;
#6281 = FACE_OUTER_BOUND ( 'NONE', #6828, .T. ) ;
#6282 = VECTOR ( 'NONE', #3824, 1000.000000000000000 ) ;
#6283 = DIRECTION ( 'NONE',  ( 0.000000000000000000, 0.000000000000000000, -1.000000000000000000 ) ) ;
#6284 = EDGE_CURVE ( 'NONE', #1031, #4890, #4333, .T. ) ;
#6285 = VECTOR ( 'NONE', #723, 1000.000000000000114 ) ;
#6286 = EDGE_CURVE ( 'NONE', #1500, #1128, #4253, .T. ) ;
#6287 = CARTESIAN_POINT ( 'NONE',  ( 1.326476844167053359, 0.1608833736747886656, -0.8550000000000000933 ) ) ;
#6288 = DIRECTION ( 'NONE',  ( 0.000000000000000000, 0.000000000000000000, 1.000000000000000000 ) ) ;
#6289 = ADVANCED_FACE ( 'NONE', ( #6281 ), #394, .F. ) ;
#6290 = CARTESIAN_POINT ( 'NONE',  ( 1.629999999999999671, 0.1396589670363576063, 0.8549999999999998712 ) ) ;
#6291 = DIRECTION ( 'NONE',  ( 0.000000000000000000, 0.000000000000000000, 1.000000000000000000 ) ) ;
#6292 = DIRECTION ( 'NONE',  ( 0.000000000000000000, 0.000000000000000000, 1.000000000000000000 ) ) ;
#6293 = ORIENTED_EDGE ( 'NONE', *, *, #2083, .F. ) ;
#6294 = CARTESIAN_POINT ( 'NONE',  ( -0.9474503960825712001, 0.1619763866749781012, 1.973589814606655946 ) ) ;
#6295 = VECTOR ( 'NONE', #2137, 1000.000000000000000 ) ;
#6296 = DIRECTION ( 'NONE',  ( -0.9975640502598243087, 0.06975647374412370649, 0.000000000000000000 ) ) ;
#6297 = AXIS2_PLACEMENT_3D ( 'NONE', #5883, #5112, #7193 ) ;
#6298 = DIRECTION ( 'NONE',  ( -1.000000000000000000, 0.000000000000000000, 0.000000000000000000 ) ) ;
#6299 = VECTOR ( 'NONE', #1167, 1000.000000000000000 ) ;
#6300 = DIRECTION ( 'NONE',  ( -0.000000000000000000, -0.000000000000000000, -1.000000000000000000 ) ) ;
#6301 = VERTEX_POINT ( 'NONE', #432 ) ;
#6302 = DIRECTION ( 'NONE',  ( 1.000000000000000000, -9.786290869656726145E-16, 0.000000000000000000 ) ) ;
#6303 = CARTESIAN_POINT ( 'NONE',  ( 1.629999999999999671, 0.1396589670363576063, 0.8549999999999998712 ) ) ;
#6304 = ORIENTED_EDGE ( 'NONE', *, *, #6904, .T. ) ;
#6305 = FACE_OUTER_BOUND ( 'NONE', #4045, .T. ) ;
#6306 = FACE_OUTER_BOUND ( 'NONE', #3355, .T. ) ;
#6307 = CIRCLE ( 'NONE', #2595, 0.03921214513997691581 ) ;
#6308 = CARTESIAN_POINT ( 'NONE',  ( 1.620234093675824161, -1.484648254424143662E-15, 1.145000000000000018 ) ) ;
#6309 = ORIENTED_EDGE ( 'NONE', *, *, #4241, .F. ) ;
#6310 = FACE_OUTER_BOUND ( 'NONE', #7456, .T. ) ;
#6311 = ORIENTED_EDGE ( 'NONE', *, *, #5823, .T. ) ;
#6312 = CARTESIAN_POINT ( 'NONE',  ( 0.9993447458788093929, 0.4562838692152718645, -2.069016554857223689 ) ) ;
#6313 = ADVANCED_FACE ( 'NONE', ( #6966 ), #5036, .F. ) ;
#6314 = CARTESIAN_POINT ( 'NONE',  ( 1.150000000000000133, 0.2000000000000000111, 0.8549999999999998712 ) ) ;
#6315 = CARTESIAN_POINT ( 'NONE',  ( -1.289999999999983604, 0.4207878548600304525, 0.1449999999999999345 ) ) ;
#6316 = ORIENTED_EDGE ( 'NONE', *, *, #4438, .T. ) ;
#6317 = LINE ( 'NONE', #5119, #464 ) ;
#6318 = ORIENTED_EDGE ( 'NONE', *, *, #5496, .T. ) ;
#6319 = ORIENTED_EDGE ( 'NONE', *, *, #4257, .T. ) ;
#6320 = VERTEX_POINT ( 'NONE', #2878 ) ;
#6321 = EDGE_CURVE ( 'NONE', #3737, #3458, #5511, .T. ) ;
#6322 = ADVANCED_FACE ( 'NONE', ( #628 ), #4461, .F. ) ;
#6323 = DIRECTION ( 'NONE',  ( -1.000000000000000000, 0.000000000000000000, 0.000000000000000000 ) ) ;
#6324 = CARTESIAN_POINT ( 'NONE',  ( -0.9412141285977189131, 0.1247737546427821892, 2.011939828497726346 ) ) ;
#6325 = DIRECTION ( 'NONE',  ( -0.9975640502598246417, -0.06975647374411941826, 0.000000000000000000 ) ) ;
#6326 = DIRECTION ( 'NONE',  ( -1.000000000000000000, 0.000000000000000000, 0.000000000000000000 ) ) ;
#6327 = CARTESIAN_POINT ( 'NONE',  ( -1.110787854860023183, 0.4600000000000071254, -1.145000000000000240 ) ) ;
#6328 = LINE ( 'NONE', #3616, #5623 ) ;
#6329 = VECTOR ( 'NONE', #6428, 1000.000000000000114 ) ;
#6330 = CARTESIAN_POINT ( 'NONE',  ( 1.289999999999983604, 0.4207878548600305080, 0.8549999999999998712 ) ) ;
#6331 = PLANE ( 'NONE',  #500 ) ;
#6332 = VERTEX_POINT ( 'NONE', #3823 ) ;
#6333 = DIRECTION ( 'NONE',  ( -0.000000000000000000, -0.000000000000000000, -1.000000000000000000 ) ) ;
#6334 = EDGE_CURVE ( 'NONE', #649, #247, #2630, .T. ) ;
#6335 = LINE ( 'NONE', #6159, #129 ) ;
#6336 = CIRCLE ( 'NONE', #8254, 0.07499999999999998335 ) ;
#6337 = ADVANCED_FACE ( 'NONE', ( #3257 ), #6448, .F. ) ;
#6338 = CIRCLE ( 'NONE', #3721, 0.03921214513997670070 ) ;
#6339 = CARTESIAN_POINT ( 'NONE',  ( -0.9999914734049463183, 0.4599516432764970131, 2.026130891929031730 ) ) ;
#6340 = CARTESIAN_POINT ( 'NONE',  ( 0.9165283512985361591, 1.075226245357216337, 1.974586400069412440 ) ) ;
#6341 = ORIENTED_EDGE ( 'NONE', *, *, #2027, .F. ) ;
#6342 = DIRECTION ( 'NONE',  ( 0.9975640502598243087, -0.06975647374412463630, 0.000000000000000000 ) ) ;
#6343 = DIRECTION ( 'NONE',  ( -1.000000000000000000, -8.807661782691089029E-15, -0.000000000000000000 ) ) ;
#6344 = ORIENTED_EDGE ( 'NONE', *, *, #7413, .T. ) ;
#6345 = AXIS2_PLACEMENT_3D ( 'NONE', #8019, #126, #3332 ) ;
#6346 = CARTESIAN_POINT ( 'NONE',  ( 0.9250000000000004885, 6.851881339845204089, -2.025000000000000355 ) ) ;
#6347 = DIRECTION ( 'NONE',  ( -0.000000000000000000, -0.000000000000000000, -1.000000000000000000 ) ) ;
#6348 = VECTOR ( 'NONE', #675, 1000.000000000000000 ) ;
#6349 = EDGE_CURVE ( 'NONE', #546, #6133, #3175, .T. ) ;
#6350 = CIRCLE ( 'NONE', #5802, 0.03921214513997670070 ) ;
#6351 = EDGE_CURVE ( 'NONE', #332, #3849, #5792, .T. ) ;
#6352 = CIRCLE ( 'NONE', #2234, 0.03921214513997691581 ) ;
#6353 = VECTOR ( 'NONE', #7140, 1000.000000000000000 ) ;
#6354 = VERTEX_POINT ( 'NONE', #5901 ) ;
#6355 = AXIS2_PLACEMENT_3D ( 'NONE', #6422, #4403, #4358 ) ;
#6356 = ORIENTED_EDGE ( 'NONE', *, *, #7834, .T. ) ;
#6357 = CARTESIAN_POINT ( 'NONE',  ( 0.9690165548572245990, 0.4562838692152718645, -2.099344745878809260 ) ) ;
#6358 = PLANE ( 'NONE',  #6188 ) ;
#6359 = CARTESIAN_POINT ( 'NONE',  ( -0.9228711319800370072, 1.037404390581548430, -1.948904037307471748 ) ) ;
#6360 = EDGE_LOOP ( 'NONE', ( #2697, #212, #8161, #8077 ) ) ;
#6361 = CARTESIAN_POINT ( 'NONE',  ( -0.8735898146066560788, 0.1000000000000000056, 0.000000000000000000 ) ) ;
#6362 = VERTEX_POINT ( 'NONE', #4503 ) ;
#6363 = ORIENTED_EDGE ( 'NONE', *, *, #3491, .T. ) ;
#6364 = ORIENTED_EDGE ( 'NONE', *, *, #7896, .F. ) ;
#6365 = AXIS2_PLACEMENT_3D ( 'NONE', #3673, #6300, #4351 ) ;
#6366 = DIRECTION ( 'NONE',  ( -0.000000000000000000, 0.000000000000000000, 1.000000000000000000 ) ) ;
#6367 = DIRECTION ( 'NONE',  ( 1.000000000000000000, -9.786290869656726145E-16, 0.000000000000000000 ) ) ;
#6368 = CARTESIAN_POINT ( 'NONE',  ( 1.150000000000000133, 0.2000000000000000111, -1.645000000000000240 ) ) ;
#6369 = LINE ( 'NONE', #1898, #1811 ) ;
#6370 = PLANE ( 'NONE',  #5471 ) ;
#6371 = ORIENTED_EDGE ( 'NONE', *, *, #6389, .T. ) ;
#6372 = FILL_AREA_STYLE ('',( #2343 ) ) ;
#6373 = FACE_OUTER_BOUND ( 'NONE', #3565, .T. ) ;
#6374 = DIRECTION ( 'NONE',  ( -1.000000000000000000, -9.821212069593589627E-16, 0.000000000000000000 ) ) ;
#6375 = ORIENTED_EDGE ( 'NONE', *, *, #2158, .F. ) ;
#6376 = CARTESIAN_POINT ( 'NONE',  ( -1.620234093675824161, -2.139947889130694096E-16, 1.354999999999999760 ) ) ;
#6377 = DIRECTION ( 'NONE',  ( 0.06975647374412040358, -0.9975640502598246417, 0.000000000000000000 ) ) ;
#6378 = DIRECTION ( 'NONE',  ( 0.9975640502598243087, -0.06975647374412363710, -0.000000000000000000 ) ) ;
#6379 = EDGE_CURVE ( 'NONE', #7989, #1373, #8028, .T. ) ;
#6380 = ORIENTED_EDGE ( 'NONE', *, *, #1998, .T. ) ;
#6381 = ADVANCED_FACE ( 'NONE', ( #2022 ), #719, .T. ) ;
#6382 = CARTESIAN_POINT ( 'NONE',  ( 1.326476844167053359, 0.1608833736747886656, -0.6450000000000001288 ) ) ;
#6383 = DIRECTION ( 'NONE',  ( -6.850403608759735123E-15, 1.000000000000000000, 0.000000000000000000 ) ) ;
#6384 = VERTEX_POINT ( 'NONE', #2326 ) ;
#6385 = DIRECTION ( 'NONE',  ( 0.9975640502598243087, -0.06975647374412463630, 0.000000000000000000 ) ) ;
#6386 = DIRECTION ( 'NONE',  ( -9.786290869656726145E-16, -1.000000000000000000, 0.000000000000000000 ) ) ;
#6387 = ORIENTED_EDGE ( 'NONE', *, *, #5078, .T. ) ;
#6388 = EDGE_CURVE ( 'NONE', #7929, #4608, #5500, .T. ) ;
#6389 = EDGE_CURVE ( 'NONE', #5160, #1334, #469, .T. ) ;
#6390 = ORIENTED_EDGE ( 'NONE', *, *, #147, .T. ) ;
#6391 = PLANE ( 'NONE',  #1610 ) ;
#6392 = CARTESIAN_POINT ( 'NONE',  ( 1.110787854860023183, 0.4207878548600303970, 0.6449999999999999067 ) ) ;
#6393 = CIRCLE ( 'NONE', #359, 0.1792121451399605880 ) ;
#6394 = EDGE_CURVE ( 'NONE', #3365, #3639, #6436, .T. ) ;
#6395 = FACE_OUTER_BOUND ( 'NONE', #1881, .T. ) ;
#6396 = ORIENTED_EDGE ( 'NONE', *, *, #7376, .F. ) ;
#6397 = LINE ( 'NONE', #505, #3403 ) ;
#6398 = CARTESIAN_POINT ( 'NONE',  ( -0.5999999999999996447, 1.100000000000000089, -1.850000000000000089 ) ) ;
#6399 = PRESENTATION_STYLE_ASSIGNMENT (( #1807 ) ) ;
#6400 = EDGE_LOOP ( 'NONE', ( #3864, #7459, #8232, #218 ) ) ;
#6401 = ORIENTED_EDGE ( 'NONE', *, *, #2241, .F. ) ;
#6402 = ORIENTED_EDGE ( 'NONE', *, *, #5672, .F. ) ;
#6403 = LINE ( 'NONE', #4501, #1482 ) ;
#6404 = VECTOR ( 'NONE', #8086, 1000.000000000000114 ) ;
#6405 = DIRECTION ( 'NONE',  ( -1.000000000000000000, 0.000000000000000000, 0.000000000000000000 ) ) ;
#6406 = CARTESIAN_POINT ( 'NONE',  ( -0.9999999999999995559, 0.5999999999999912070, 0.8549999999999998712 ) ) ;
#6407 = ORIENTED_EDGE ( 'NONE', *, *, #7220, .T. ) ;
#6408 = CARTESIAN_POINT ( 'NONE',  ( 1.289999999999983826, 0.2000000000000000111, 1.145000000000000018 ) ) ;
#6409 = FACE_OUTER_BOUND ( 'NONE', #5976, .T. ) ;
#6410 = DIRECTION ( 'NONE',  ( -1.000000000000000000, 0.000000000000000000, 0.000000000000000000 ) ) ;
#6411 = ORIENTED_EDGE ( 'NONE', *, *, #6162, .T. ) ;
#6412 = EDGE_CURVE ( 'NONE', #4579, #5852, #3083, .T. ) ;
#6413 = LINE ( 'NONE', #1865, #2091 ) ;
#6414 = PRESENTATION_LAYER_ASSIGNMENT (  '', '', ( #1827 ) ) ;
#6415 = DIRECTION ( 'NONE',  ( -1.964242413918717925E-15, -1.000000000000000000, 0.000000000000000000 ) ) ;
#6416 = ORIENTED_EDGE ( 'NONE', *, *, #3584, .T. ) ;
#6417 = VECTOR ( 'NONE', #845, 1000.000000000000000 ) ;
#6418 = CARTESIAN_POINT ( 'NONE',  ( -0.9999999999999995559, 0.4600000000000072919, -1.354999999999999982 ) ) ;
#6419 = CARTESIAN_POINT ( 'NONE',  ( -1.289999999999983604, 0.4207878548600304525, -0.1450000000000001565 ) ) ;
#6420 = ORIENTED_EDGE ( 'NONE', *, *, #5186, .F. ) ;
#6421 = DIRECTION ( 'NONE',  ( -0.000000000000000000, -0.000000000000000000, -1.000000000000000000 ) ) ;
#6422 = CARTESIAN_POINT ( 'NONE',  ( -0.8735898146066560788, 0.1749999999999999889, 0.000000000000000000 ) ) ;
#6423 = AXIS2_PLACEMENT_3D ( 'NONE', #5759, #5194, #6431 ) ;
#6424 = ADVANCED_FACE ( 'NONE', ( #3206 ), #8409, .T. ) ;
#6425 = EDGE_CURVE ( 'NONE', #5636, #2199, #6338, .T. ) ;
#6426 = VECTOR ( 'NONE', #479, 1000.000000000000000 ) ;
#6427 = FACE_OUTER_BOUND ( 'NONE', #4423, .T. ) ;
#6428 = DIRECTION ( 'NONE',  ( -0.9975640502598245307, -0.06975647374412029256, 0.000000000000000000 ) ) ;
#6429 = CARTESIAN_POINT ( 'NONE',  ( 1.000000000000000000, 0.5999999999999903189, -1.145000000000000240 ) ) ;
#6430 = ORIENTED_EDGE ( 'NONE', *, *, #3536, .F. ) ;
#6431 = DIRECTION ( 'NONE',  ( 1.000000000000000000, 8.807661782691089029E-15, 0.000000000000000000 ) ) ;
#6432 = PLANE ( 'NONE',  #2226 ) ;
#6433 = AXIS2_PLACEMENT_3D ( 'NONE', #4710, #4054, #800 ) ;
#6434 = EDGE_CURVE ( 'NONE', #4823, #3725, #501, .T. ) ;
#6435 = EDGE_CURVE ( 'NONE', #3156, #2289, #2, .T. ) ;
#6436 = LINE ( 'NONE', #5887, #831 ) ;
#6437 = EDGE_CURVE ( 'NONE', #1296, #6332, #1800, .T. ) ;
#6438 = CARTESIAN_POINT ( 'NONE',  ( -1.329212145139960777, 0.2000000000000000111, 0.3549999999999999267 ) ) ;
#6439 = EDGE_LOOP ( 'NONE', ( #4683, #3267, #5142, #4237 ) ) ;
#6440 = LINE ( 'NONE', #3086, #2176 ) ;
#6441 = LINE ( 'NONE', #7678, #585 ) ;
#6442 = EDGE_LOOP ( 'NONE', ( #335, #5012, #4633, #6344, #7149, #6502, #2278, #5121, #8092, #7336, #7816, #3294 ) ) ;
#6443 = ORIENTED_EDGE ( 'NONE', *, *, #4626, .T. ) ;
#6444 = ORIENTED_EDGE ( 'NONE', *, *, #5763, .T. ) ;
#6445 = EDGE_CURVE ( 'NONE', #4324, #8490, #5072, .T. ) ;
#6446 = EDGE_CURVE ( 'NONE', #1386, #171, #2890, .T. ) ;
#6447 = CARTESIAN_POINT ( 'NONE',  ( 1.329212145139960777, 0.2000000000000000111, -1.855000000000000204 ) ) ;
#6448 = PLANE ( 'NONE',  #4121 ) ;
#6449 = DIRECTION ( 'NONE',  ( -0.000000000000000000, -0.000000000000000000, -1.000000000000000000 ) ) ;
#6450 = DIRECTION ( 'NONE',  ( -1.000000000000000000, 0.000000000000000000, 0.000000000000000000 ) ) ;
#6451 = VERTEX_POINT ( 'NONE', #3729 ) ;
#6452 = DIRECTION ( 'NONE',  ( -1.000000000000000000, 0.000000000000000000, 0.000000000000000000 ) ) ;
#6453 = CARTESIAN_POINT ( 'NONE',  ( 1.289999999999983604, 0.4207878548600304525, 1.855000000000000204 ) ) ;
#6454 = CARTESIAN_POINT ( 'NONE',  ( 1.110787854860023183, 0.4207878548600303970, -1.354999999999999982 ) ) ;
#6455 = ORIENTED_EDGE ( 'NONE', *, *, #1718, .T. ) ;
#6456 = CARTESIAN_POINT ( 'NONE',  ( -1.629999999999999671, 0.1396589670363588831, -1.645000000000000018 ) ) ;
#6457 = CARTESIAN_POINT ( 'NONE',  ( 0.9228711319800380064, 1.037404390581548430, -1.948904037307471526 ) ) ;
#6458 = LINE ( 'NONE', #1908, #7388 ) ;
#6459 = CARTESIAN_POINT ( 'NONE',  ( 1.150000000000000133, 0.2000000000000000111, -1.645000000000000240 ) ) ;
#6460 = ORIENTED_EDGE ( 'NONE', *, *, #7305, .F. ) ;
#6461 = DIRECTION ( 'NONE',  ( -1.000000000000000000, -0.000000000000000000, 0.000000000000000000 ) ) ;
#6462 = DIRECTION ( 'NONE',  ( 1.000000000000000000, -9.821212069593589627E-16, 0.000000000000000000 ) ) ;
#6463 = ORIENTED_EDGE ( 'NONE', *, *, #6412, .T. ) ;
#6464 = PLANE ( 'NONE',  #5878 ) ;
#6465 = DIRECTION ( 'NONE',  ( 0.9975640502598246417, 0.06975647374411922397, -0.000000000000000000 ) ) ;
#6466 = VECTOR ( 'NONE', #4524, 1000.000000000000114 ) ;
#6467 = AXIS2_PLACEMENT_3D ( 'NONE', #208, #4315, #6946 ) ;
#6468 = ORIENTED_EDGE ( 'NONE', *, *, #7791, .F. ) ;
#6469 = STYLED_ITEM ( 'NONE', ( #4493 ), #4790 ) ;
#6470 = VECTOR ( 'NONE', #6138, 1000.000000000000000 ) ;
#6471 = ORIENTED_EDGE ( 'NONE', *, *, #2348, .T. ) ;
#6472 = ADVANCED_FACE ( 'NONE', ( #2493 ), #6358, .F. ) ;
#6473 = EDGE_LOOP ( 'NONE', ( #6577, #1989, #3381, #1051 ) ) ;
#6474 = DIRECTION ( 'NONE',  ( -1.000000000000000000, -4.147447819859882894E-15, 0.000000000000000000 ) ) ;
#6475 = FACE_OUTER_BOUND ( 'NONE', #3209, .T. ) ;
#6476 = VECTOR ( 'NONE', #956, 1000.000000000000000 ) ;
#6477 = VECTOR ( 'NONE', #6610, 1000.000000000000000 ) ;
#6478 = DIRECTION ( 'NONE',  ( 0.06975647374411925172, -0.9975640502598247528, 0.000000000000000000 ) ) ;
#6479 = DIRECTION ( 'NONE',  ( -0.9975640502598243087, 0.06975647374412370649, 0.000000000000000000 ) ) ;
#6480 = LINE ( 'NONE', #2011, #3727 ) ;
#6481 = VECTOR ( 'NONE', #1748, 1000.000000000000000 ) ;
#6482 =( NAMED_UNIT ( * ) PLANE_ANGLE_UNIT ( ) SI_UNIT ( $, .RADIAN. ) );
#6483 = ADVANCED_FACE ( 'NONE', ( #8369 ), #5154, .F. ) ;
#6484 = CIRCLE ( 'NONE', #2775, 0.1792121451399605880 ) ;
#6485 = ORIENTED_EDGE ( 'NONE', *, *, #2131, .F. ) ;
#6486 = EDGE_CURVE ( 'NONE', #5744, #7423, #5116, .T. ) ;
#6487 = ORIENTED_EDGE ( 'NONE', *, *, #2749, .F. ) ;
#6488 = EDGE_LOOP ( 'NONE', ( #7595, #4941, #4236, #6607 ) ) ;
#6489 = LINE ( 'NONE', #5035, #7112 ) ;
#6490 = CARTESIAN_POINT ( 'NONE',  ( -1.110787854860023183, 0.5999999999999912070, 1.354999999999999760 ) ) ;
#6491 = DIRECTION ( 'NONE',  ( 0.000000000000000000, 0.000000000000000000, 1.000000000000000000 ) ) ;
#6492 = CARTESIAN_POINT ( 'NONE',  ( -0.9999999999999995559, 0.4600000000000071254, -0.1450000000000001565 ) ) ;
#6493 = ORIENTED_EDGE ( 'NONE', *, *, #239, .F. ) ;
#6494 = ADVANCED_FACE ( 'NONE', ( #7754 ), #7872, .T. ) ;
#6495 =( LENGTH_UNIT ( ) NAMED_UNIT ( * ) SI_UNIT ( .MILLI., .METRE. ) );
#6496 = DIRECTION ( 'NONE',  ( -1.000000000000000000, 0.000000000000000000, -0.000000000000000000 ) ) ;
#6497 = AXIS2_PLACEMENT_3D ( 'NONE', #4172, #6807, #7482 ) ;
#6498 = ORIENTED_EDGE ( 'NONE', *, *, #5171, .T. ) ;
#6499 = EDGE_CURVE ( 'NONE', #1324, #8294, #8382, .T. ) ;
#6500 = LINE ( 'NONE', #2593, #3858 ) ;
#6501 = VECTOR ( 'NONE', #2265, 1000.000000000000000 ) ;
#6502 = ORIENTED_EDGE ( 'NONE', *, *, #4887, .T. ) ;
#6503 = EDGE_LOOP ( 'NONE', ( #3636, #3010, #3674, #4234 ) ) ;
#6504 = CARTESIAN_POINT ( 'NONE',  ( -0.9999999999999995559, 0.4600000000000072919, 0.3549999999999999267 ) ) ;
#6505 = LINE ( 'NONE', #3955, #7036 ) ;
#6506 = EDGE_LOOP ( 'NONE', ( #3009, #6780, #403, #1835 ) ) ;
#6507 = CARTESIAN_POINT ( 'NONE',  ( 0.9474503960825710891, 0.1619763866749730219, -1.973589814606657278 ) ) ;
#6508 = DIRECTION ( 'NONE',  ( -1.000000000000000000, 0.000000000000000000, 0.000000000000000000 ) ) ;
#6509 = VERTEX_POINT ( 'NONE', #6559 ) ;
#6510 = ORIENTED_EDGE ( 'NONE', *, *, #6389, .F. ) ;
#6511 = DIRECTION ( 'NONE',  ( -1.964242413918717925E-15, -1.000000000000000000, 0.000000000000000000 ) ) ;
#6512 = CARTESIAN_POINT ( 'NONE',  ( 1.629999999999999671, 0.1396589670363576063, 0.8549999999999998712 ) ) ;
#6513 = CARTESIAN_POINT ( 'NONE',  ( -0.7812493200981477370, 1.408688967720618024, 1.881249320098148603 ) ) ;
#6514 = CARTESIAN_POINT ( 'NONE',  ( -0.9999999999999995559, 0.4600000000000072919, -2.025000000000000799 ) ) ;
#6515 = ORIENTED_EDGE ( 'NONE', *, *, #207, .F. ) ;
#6516 = LINE ( 'NONE', #3164, #4497 ) ;
#6517 = ORIENTED_EDGE ( 'NONE', *, *, #1231, .F. ) ;
#6518 = ORIENTED_EDGE ( 'NONE', *, *, #395, .F. ) ;
#6519 = EDGE_LOOP ( 'NONE', ( #2823, #3006, #347, #6224, #2683, #2111, #5723, #1227, #954, #5102, #8235, #567 ) ) ;
#6520 = PLANE ( 'NONE',  #1673 ) ;
#6521 = DIRECTION ( 'NONE',  ( -0.000000000000000000, -0.000000000000000000, -1.000000000000000000 ) ) ;
#6522 = EDGE_CURVE ( 'NONE', #17, #5990, #3463, .T. ) ;
#6523 = DIRECTION ( 'NONE',  ( 0.000000000000000000, -0.000000000000000000, -1.000000000000000000 ) ) ;
#6524 = EDGE_CURVE ( 'NONE', #1465, #3108, #2008, .T. ) ;
#6525 = CARTESIAN_POINT ( 'NONE',  ( 1.289999999999983604, 0.4207878548600305080, 0.3549999999999999267 ) ) ;
#6526 = CARTESIAN_POINT ( 'NONE',  ( -0.9999999999999995559, 0.5999999999999912070, -1.645000000000000018 ) ) ;
#6527 = FACE_OUTER_BOUND ( 'NONE', #8001, .T. ) ;
#6528 = ORIENTED_EDGE ( 'NONE', *, *, #2817, .T. ) ;
#6529 = CARTESIAN_POINT ( 'NONE',  ( 0.000000000000000000, 0.1749999999999999889, -1.973589814606655946 ) ) ;
#6530 = ORIENTED_EDGE ( 'NONE', *, *, #3070, .T. ) ;
#6531 = CARTESIAN_POINT ( 'NONE',  ( 0.8489040373074717705, 1.099999999999999867, 1.948904037307471304 ) ) ;
#6532 = CARTESIAN_POINT ( 'NONE',  ( 1.000000000000000000, 0.5999999999999903189, -0.1450000000000001565 ) ) ;
#6533 = ORIENTED_EDGE ( 'NONE', *, *, #4373, .T. ) ;
#6534 = CARTESIAN_POINT ( 'NONE',  ( 0.000000000000000000, 0.1619763866749804326, 2.047450396082571178 ) ) ;
#6535 = AXIS2_PLACEMENT_3D ( 'NONE', #4868, #7474, #4303 ) ;
#6536 = ADVANCED_FACE ( 'NONE', ( #3331 ), #2138, .T. ) ;
#6537 = CARTESIAN_POINT ( 'NONE',  ( -1.110787854860023183, 0.4207878548600303970, 0.8549999999999998712 ) ) ;
#6538 = EDGE_CURVE ( 'NONE', #10, #1809, #2657, .T. ) ;
#6539 = EDGE_CURVE ( 'NONE', #2490, #542, #6876, .T. ) ;
#6540 = ORIENTED_EDGE ( 'NONE', *, *, #3504, .F. ) ;
#6541 = CIRCLE ( 'NONE', #7898, 0.03921214513997670070 ) ;
#6542 = VERTEX_POINT ( 'NONE', #2614 ) ;
#6543 = AXIS2_PLACEMENT_3D ( 'NONE', #4152, #6136, #809 ) ;
#6544 = CARTESIAN_POINT ( 'NONE',  ( 1.000000000000000000, 0.4600000000000065703, -1.145000000000000240 ) ) ;
#6545 = ORIENTED_EDGE ( 'NONE', *, *, #5292, .T. ) ;
#6546 = CARTESIAN_POINT ( 'NONE',  ( 1.110787854860023183, 0.4207878548600303970, -1.645000000000000240 ) ) ;
#6547 = CARTESIAN_POINT ( 'NONE',  ( 1.110787854860023183, 0.4207878548600303970, 0.8549999999999998712 ) ) ;
#6548 = COLOUR_RGB ( '',0.7921568627450980005, 0.8196078431372548767, 0.9333333333333333481 ) ;
#6549 = CARTESIAN_POINT ( 'NONE',  ( -0.9999999999999995559, 0.5999999999999912070, 2.025000000000000355 ) ) ;
#6550 = DIRECTION ( 'NONE',  ( 0.000000000000000000, 0.000000000000000000, 1.000000000000000000 ) ) ;
#6551 = VECTOR ( 'NONE', #2582, 1000.000000000000000 ) ;
#6552 = EDGE_LOOP ( 'NONE', ( #5351, #5483, #8251, #7725 ) ) ;
#6553 = AXIS2_PLACEMENT_3D ( 'NONE', #6453, #7770, #4434 ) ;
#6554 = ORIENTED_EDGE ( 'NONE', *, *, #451, .T. ) ;
#6555 = ORIENTED_EDGE ( 'NONE', *, *, #5970, .T. ) ;
#6556 = DIRECTION ( 'NONE',  ( -1.000000000000000000, -8.807661782691089029E-15, -0.000000000000000000 ) ) ;
#6557 = VECTOR ( 'NONE', #5649, 1000.000000000000227 ) ;
#6558 = AXIS2_PLACEMENT_3D ( 'NONE', #242, #6594, #3963 ) ;
#6559 = CARTESIAN_POINT ( 'NONE',  ( 1.110787854860023183, 0.4600000000000072919, 1.855000000000000204 ) ) ;
#6560 = LINE ( 'NONE', #6048, #8408 ) ;
#6561 = CARTESIAN_POINT ( 'NONE',  ( 0.8134474851898075842, 1.239107712736259526, -1.987308066665723461 ) ) ;
#6562 = CARTESIAN_POINT ( 'NONE',  ( 1.289999999999983604, 0.4207878548600304525, 0.8549999999999998712 ) ) ;
#6563 = VECTOR ( 'NONE', #3708, 1000.000000000000000 ) ;
#6564 = ADVANCED_FACE ( 'NONE', ( #1316 ), #1968, .F. ) ;
#6565 = VECTOR ( 'NONE', #3591, 1000.000000000000000 ) ;
#6566 = VERTEX_POINT ( 'NONE', #3924 ) ;
#6567 = EDGE_LOOP ( 'NONE', ( #7782, #1713, #1347, #4375 ) ) ;
#6568 = ORIENTED_EDGE ( 'NONE', *, *, #8004, .T. ) ;
#6569 = DIRECTION ( 'NONE',  ( -1.000000000000000000, -4.147447819859882894E-15, 0.000000000000000000 ) ) ;
#6570 = CARTESIAN_POINT ( 'NONE',  ( -1.150000000000000133, 0.2000000000000000111, -0.1450000000000001565 ) ) ;
#6571 = CIRCLE ( 'NONE', #8340, 0.1792121451399605880 ) ;
#6572 = DIRECTION ( 'NONE',  ( -1.000000000000000000, 0.000000000000000000, 0.000000000000000000 ) ) ;
#6573 = CARTESIAN_POINT ( 'NONE',  ( 0.9474503960825723103, 0.1619763866749804326, 0.000000000000000000 ) ) ;
#6574 = DIRECTION ( 'NONE',  ( -1.000000000000000000, -0.000000000000000000, -0.000000000000000000 ) ) ;
#6575 = EDGE_LOOP ( 'NONE', ( #2638, #2208, #5406, #3465 ) ) ;
#6576 = DIRECTION ( 'NONE',  ( 0.000000000000000000, 0.000000000000000000, 1.000000000000000000 ) ) ;
#6577 = ORIENTED_EDGE ( 'NONE', *, *, #3144, .F. ) ;
#6578 = CARTESIAN_POINT ( 'NONE',  ( -1.149999999999999911, 0.4207878548600303970, -0.6450000000000001288 ) ) ;
#6579 = VERTEX_POINT ( 'NONE', #79 ) ;
#6580 = EDGE_CURVE ( 'NONE', #4424, #1577, #6643, .T. ) ;
#6581 = VERTEX_POINT ( 'NONE', #4049 ) ;
#6582 = CYLINDRICAL_SURFACE ( 'NONE', #5621, 0.03921214513997691581 ) ;
#6583 = ORIENTED_EDGE ( 'NONE', *, *, #1864, .T. ) ;
#6584 = LINE ( 'NONE', #5271, #566 ) ;
#6585 = VERTEX_POINT ( 'NONE', #6685 ) ;
#6587 = EDGE_CURVE ( 'NONE', #7742, #2145, #4574, .T. ) ;
#6586 = CARTESIAN_POINT ( 'NONE',  ( 1.110787854860023183, 0.4600000000000072919, -0.1450000000000001565 ) ) ;
#6588 = LINE ( 'NONE', #7784, #1869 ) ;
#6589 = EDGE_CURVE ( 'NONE', #4695, #1324, #1360, .T. ) ;
#6590 = FACE_OUTER_BOUND ( 'NONE', #6128, .T. ) ;
#6591 = FACE_OUTER_BOUND ( 'NONE', #7501, .T. ) ;
#6592 = DIRECTION ( 'NONE',  ( -1.000000000000000000, 0.000000000000000000, 0.000000000000000000 ) ) ;
#6593 = VECTOR ( 'NONE', #3374, 1000.000000000000000 ) ;
#6595 = EDGE_CURVE ( 'NONE', #2498, #1443, #4095, .T. ) ;
#6594 = DIRECTION ( 'NONE',  ( 0.000000000000000000, 0.000000000000000000, 1.000000000000000000 ) ) ;
#6596 = VECTOR ( 'NONE', #1759, 1000.000000000000000 ) ;
#6597 = EDGE_CURVE ( 'NONE', #3201, #3930, #163, .T. ) ;
#6598 = CARTESIAN_POINT ( 'NONE',  ( 1.326476844167053359, 0.1608833736747886656, 0.3549999999999999267 ) ) ;
#6599 = VECTOR ( 'NONE', #4576, 1000.000000000000114 ) ;
#6600 = CARTESIAN_POINT ( 'NONE',  ( -1.629999999999999671, 0.1396589670363588831, -1.145000000000000240 ) ) ;
#6601 = LINE ( 'NONE', #8059, #5929 ) ;
#6602 =( NAMED_UNIT ( * ) SI_UNIT ( $, .STERADIAN. ) SOLID_ANGLE_UNIT ( ) );
#6603 = VERTEX_POINT ( 'NONE', #7836 ) ;
#6604 = VERTEX_POINT ( 'NONE', #4655 ) ;
#6605 = DIRECTION ( 'NONE',  ( 0.000000000000000000, 1.000000000000000000, 0.000000000000000000 ) ) ;
#6606 = VERTEX_POINT ( 'NONE', #4012 ) ;
#6607 = ORIENTED_EDGE ( 'NONE', *, *, #8365, .F. ) ;
#6608 = AXIS2_PLACEMENT_3D ( 'NONE', #1241, #2541, #1319 ) ;
#6609 = VECTOR ( 'NONE', #1266, 999.9999999999998863 ) ;
#6610 = DIRECTION ( 'NONE',  ( -0.000000000000000000, -0.000000000000000000, -1.000000000000000000 ) ) ;
#6611 = DIRECTION ( 'NONE',  ( 0.000000000000000000, -0.000000000000000000, 1.000000000000000000 ) ) ;
#6612 = AXIS2_PLACEMENT_3D ( 'NONE', #5832, #2520, #5868 ) ;
#6613 = COLOUR_RGB ( '',0.7921568627450980005, 0.8196078431372548767, 0.9333333333333333481 ) ;
#6614 = FACE_OUTER_BOUND ( 'NONE', #597, .T. ) ;
#6615 = ORIENTED_EDGE ( 'NONE', *, *, #3841, .T. ) ;
#6616 = LINE ( 'NONE', #6578, #1753 ) ;
#6617 = VERTEX_POINT ( 'NONE', #3372 ) ;
#6618 = ORIENTED_EDGE ( 'NONE', *, *, #4282, .F. ) ;
#6619 = UNCERTAINTY_MEASURE_WITH_UNIT (LENGTH_MEASURE( 1.000000000000000082E-05 ), #7622, 'distance_accuracy_value', 'NONE');
#6620 = VECTOR ( 'NONE', #617, 1000.000000000000114 ) ;
#6621 = DIRECTION ( 'NONE',  ( -0.000000000000000000, -0.000000000000000000, -1.000000000000000000 ) ) ;
#6622 = CYLINDRICAL_SURFACE ( 'NONE', #4002, 0.03921214513997691581 ) ;
#6623 = CYLINDRICAL_SURFACE ( 'NONE', #3691, 0.07500000000000017764 ) ;
#6624 = B_SPLINE_CURVE_WITH_KNOTS ( 'NONE', 3,
 ( #3572, #1645, #4921, #2848 ),
 .UNSPECIFIED., .F., .F.,
 ( 4, 4 ),
 ( 0.000000000000000000, 1.000000000000000000 ),
 .UNSPECIFIED. ) ;
#6625 = AXIS2_PLACEMENT_3D ( 'NONE', #7956, #5358, #7907 ) ;
#6626 = ORIENTED_EDGE ( 'NONE', *, *, #8167, .T. ) ;
#6627 = DIRECTION ( 'NONE',  ( 0.000000000000000000, 1.000000000000000000, 0.000000000000000000 ) ) ;
#6628 = CARTESIAN_POINT ( 'NONE',  ( 1.000000000000000000, 0.4600000000000070144, -1.855000000000000204 ) ) ;
#6629 = EDGE_LOOP ( 'NONE', ( #3305, #466, #4888, #438 ) ) ;
#6630 = SURFACE_STYLE_FILL_AREA ( #3998 ) ;
#6631 = CARTESIAN_POINT ( 'NONE',  ( -1.620234093675824161, -2.083034977450064059E-16, 0.6449999999999997957 ) ) ;
#6632 = DIRECTION ( 'NONE',  ( -0.000000000000000000, -0.000000000000000000, -1.000000000000000000 ) ) ;
#6633 = CIRCLE ( 'NONE', #2534, 0.07499999999999998335 ) ;
#6634 = LINE ( 'NONE', #3235, #5257 ) ;
#6635 = FACE_OUTER_BOUND ( 'NONE', #4085, .T. ) ;
#6636 = EDGE_CURVE ( 'NONE', #8139, #7182, #6003, .T. ) ;
#6637 = ADVANCED_FACE ( 'NONE', ( #7363 ), #1485, .F. ) ;
#6638 = SURFACE_STYLE_FILL_AREA ( #7867 ) ;
#6639 = ORIENTED_EDGE ( 'NONE', *, *, #6539, .F. ) ;
#6640 = CARTESIAN_POINT ( 'NONE',  ( -0.9999999999999995559, 0.4600000000000071254, -0.6450000000000001288 ) ) ;
#6641 = ORIENTED_EDGE ( 'NONE', *, *, #7892, .F. ) ;
#6642 = CARTESIAN_POINT ( 'NONE',  ( 0.8735898146066566339, 0.1749999999999999889, 1.973589814606655946 ) ) ;
#6643 = LINE ( 'NONE', #1435, #557 ) ;
#6644 = LINE ( 'NONE', #3925, #3192 ) ;
#6645 = EDGE_CURVE ( 'NONE', #5520, #7959, #7964, .T. ) ;
#6646 = DIRECTION ( 'NONE',  ( 0.9975640502598245307, 0.06975647374412038970, 0.000000000000000000 ) ) ;
#6647 = DIRECTION ( 'NONE',  ( 0.000000000000000000, 0.000000000000000000, 1.000000000000000000 ) ) ;
#6648 = EDGE_CURVE ( 'NONE', #6566, #3725, #7558, .T. ) ;
#6649 = EDGE_CURVE ( 'NONE', #887, #685, #4401, .T. ) ;
#6650 = ORIENTED_EDGE ( 'NONE', *, *, #547, .T. ) ;
#6651 = DIRECTION ( 'NONE',  ( 1.000000000000000000, -0.000000000000000000, 0.000000000000000000 ) ) ;
#6652 = ORIENTED_EDGE ( 'NONE', *, *, #504, .F. ) ;
#6653 = CARTESIAN_POINT ( 'NONE',  ( 0.9253769854056739241, 0.5999999999999912070, -2.100000000000000533 ) ) ;
#6654 = ORIENTED_EDGE ( 'NONE', *, *, #7008, .T. ) ;
#6655 = EDGE_CURVE ( 'NONE', #4525, #3499, #1685, .T. ) ;
#6656 = ORIENTED_EDGE ( 'NONE', *, *, #7079, .T. ) ;
#6657 = FACE_OUTER_BOUND ( 'NONE', #724, .T. ) ;
#6658 = CARTESIAN_POINT ( 'NONE',  ( -1.110787854860023183, 0.4207878548600303970, 0.3549999999999999267 ) ) ;
#6659 = DIRECTION ( 'NONE',  ( 0.000000000000000000, 0.000000000000000000, 1.000000000000000000 ) ) ;
#6660 = DIRECTION ( 'NONE',  ( 0.000000000000000000, 0.000000000000000000, 1.000000000000000000 ) ) ;
#6661 = FACE_OUTER_BOUND ( 'NONE', #8375, .T. ) ;
#6662 = ORIENTED_EDGE ( 'NONE', *, *, #5447, .F. ) ;
#6663 = CARTESIAN_POINT ( 'NONE',  ( 1.000000000000000000, 0.5999999999999903189, -1.145000000000000240 ) ) ;
#6664 = EDGE_LOOP ( 'NONE', ( #1540, #3115, #5272, #6341 ) ) ;
#6665 = ORIENTED_EDGE ( 'NONE', *, *, #4150, .T. ) ;
#6666 = AXIS2_PLACEMENT_3D ( 'NONE', #4392, #1001, #2938 ) ;
#6667 = FACE_OUTER_BOUND ( 'NONE', #1407, .T. ) ;
#6668 = DIRECTION ( 'NONE',  ( 1.000000000000000000, 6.850403608759735123E-15, -0.000000000000000000 ) ) ;
#6669 = CARTESIAN_POINT ( 'NONE',  ( -1.620234093675824161, -2.292191795371296565E-16, -0.3550000000000002043 ) ) ;
#6670 = EDGE_CURVE ( 'NONE', #489, #2597, #1084, .T. ) ;
#6671 = CARTESIAN_POINT ( 'NONE',  ( 1.110787854860022517, 0.5999999999999913181, -0.6450000000000001288 ) ) ;
#6672 = VERTEX_POINT ( 'NONE', #1549 ) ;
#6673 = DIRECTION ( 'NONE',  ( 0.1710878697460327114, -0.9702875252478150303, 0.1710878697460327114 ) ) ;
#6674 = LINE ( 'NONE', #196, #2284 ) ;
#6675 = DIRECTION ( 'NONE',  ( -1.964242413918717925E-15, -1.000000000000000000, 0.000000000000000000 ) ) ;
#6676 = DIRECTION ( 'NONE',  ( 0.9975640502598243087, -0.06975647374412471957, 0.000000000000000000 ) ) ;
#6677 = AXIS2_PLACEMENT_3D ( 'NONE', #8222, #6374, #8173 ) ;
#6678 = CARTESIAN_POINT ( 'NONE',  ( -1.329212145139960777, 0.2000000000000000111, -1.645000000000000240 ) ) ;
#6679 = ORIENTED_EDGE ( 'NONE', *, *, #4775, .F. ) ;
#6680 = DIRECTION ( 'NONE',  ( -9.786290869656726145E-16, -1.000000000000000000, 0.000000000000000000 ) ) ;
#6681 = ORIENTED_EDGE ( 'NONE', *, *, #951, .F. ) ;
#6682 = CARTESIAN_POINT ( 'NONE',  ( -0.9261308919290303088, 0.4599516432764957918, -2.099991473404946962 ) ) ;
#6683 = EDGE_CURVE ( 'NONE', #274, #7742, #4950, .T. ) ;
#6684 = EDGE_CURVE ( 'NONE', #492, #280, #4163, .T. ) ;
#6685 = CARTESIAN_POINT ( 'NONE',  ( -0.9999914734049458742, 0.6000483567235029847, 2.026130891929031286 ) ) ;
#6686 = CARTESIAN_POINT ( 'NONE',  ( -0.8489040373074709933, 1.100000000000000089, 0.000000000000000000 ) ) ;
#6687 = CARTESIAN_POINT ( 'NONE',  ( -1.326476844167053359, 0.1608833736747886656, 1.855000000000000204 ) ) ;
#6688 = VECTOR ( 'NONE', #1298, 1000.000000000000114 ) ;
#6689 = EDGE_LOOP ( 'NONE', ( #7759, #8102, #599, #2382 ) ) ;
#6690 = CARTESIAN_POINT ( 'NONE',  ( 0.9253769854056739241, 0.5999999999999912070, 2.100000000000000533 ) ) ;
#6691 = ORIENTED_EDGE ( 'NONE', *, *, #6595, .T. ) ;
#6692 = VERTEX_POINT ( 'NONE', #3560 ) ;
#6693 = ORIENTED_EDGE ( 'NONE', *, *, #3165, .T. ) ;
#6694 = EDGE_CURVE ( 'NONE', #3297, #4579, #2932, .T. ) ;
#6695 =( GEOMETRIC_REPRESENTATION_CONTEXT ( 3 ) GLOBAL_UNCERTAINTY_ASSIGNED_CONTEXT ( ( #6619 ) ) GLOBAL_UNIT_ASSIGNED_CONTEXT ( ( #7622, #5635, #422 ) ) REPRESENTATION_CONTEXT ( 'NONE', 'WORKASPACE' ) );
#6696 = EDGE_CURVE ( 'NONE', #2597, #1111, #270, .T. ) ;
#6697 = DIRECTION ( 'NONE',  ( 0.06975647374411925172, -0.9975640502598247528, 0.000000000000000000 ) ) ;
#6698 = EDGE_CURVE ( 'NONE', #3499, #2597, #7513, .T. ) ;
#6699 = CARTESIAN_POINT ( 'NONE',  ( -1.629999999999999671, 0.1396589670363589109, -1.355000000000000204 ) ) ;
#6700 = AXIS2_PLACEMENT_3D ( 'NONE', #1379, #3309, #3986 ) ;
#6701 = DIRECTION ( 'NONE',  ( -1.000000000000000000, 0.000000000000000000, 0.000000000000000000 ) ) ;
#6702 = AXIS2_PLACEMENT_3D ( 'NONE', #437, #6288, #399 ) ;
#6703 = EDGE_LOOP ( 'NONE', ( #7891, #8385, #6916, #1170 ) ) ;
#6704 = CARTESIAN_POINT ( 'NONE',  ( -1.620234093675824161, -2.292191795371296565E-16, 0.6449999999999997957 ) ) ;
#6705 = LINE ( 'NONE', #3898, #7969 ) ;
#6706 = EDGE_LOOP ( 'NONE', ( #3029, #2953, #1852, #2421 ) ) ;
#6707 = ORIENTED_EDGE ( 'NONE', *, *, #2259, .F. ) ;
#6708 = CARTESIAN_POINT ( 'NONE',  ( 1.110787854860023183, 0.5999999999999903189, -1.354999999999999982 ) ) ;
#6709 = VERTEX_POINT ( 'NONE', #6970 ) ;
#6710 = EDGE_LOOP ( 'NONE', ( #8376, #2894, #8064, #1904 ) ) ;
#6711 = EDGE_CURVE ( 'NONE', #1031, #5639, #6243, .T. ) ;
#6712 =( GEOMETRIC_REPRESENTATION_CONTEXT ( 3 ) GLOBAL_UNCERTAINTY_ASSIGNED_CONTEXT ( ( #7465 ) ) GLOBAL_UNIT_ASSIGNED_CONTEXT ( ( #1950, #4598, #8356 ) ) REPRESENTATION_CONTEXT ( 'NONE', 'WORKASPACE' ) );
#6713 = UNCERTAINTY_MEASURE_WITH_UNIT (LENGTH_MEASURE( 1.000000000000000082E-05 ), #900, 'distance_accuracy_value', 'NONE');
#6714 = CARTESIAN_POINT ( 'NONE',  ( 0.9999971578016494389, 0.4599838810921713650, -2.025753949382039121 ) ) ;
#6715 = DIRECTION ( 'NONE',  ( -0.9975640502598243087, 0.06975647374412370649, 0.000000000000000000 ) ) ;
#6716 = CYLINDRICAL_SURFACE ( 'NONE', #8211, 0.1792121451399605880 ) ;
#6717 = SURFACE_STYLE_FILL_AREA ( #3357 ) ;
#6718 = LINE ( 'NONE', #733, #7218 ) ;
#6719 = ORIENTED_EDGE ( 'NONE', *, *, #6977, .T. ) ;
#6720 = LINE ( 'NONE', #689, #2163 ) ;
#6721 = DIRECTION ( 'NONE',  ( 1.000000000000000000, -9.821212069593589627E-16, 0.000000000000000000 ) ) ;
#6722 = CARTESIAN_POINT ( 'NONE',  ( -0.9690165548572220455, 0.6037161307847415115, 2.099344745878808371 ) ) ;
#6723 = EDGE_CURVE ( 'NONE', #2691, #5065, #222, .T. ) ;
#6724 = DIRECTION ( 'NONE',  ( -0.000000000000000000, 0.000000000000000000, 1.000000000000000000 ) ) ;
#6725 =( LENGTH_UNIT ( ) NAMED_UNIT ( * ) SI_UNIT ( .MILLI., .METRE. ) );
#6726 = ORIENTED_EDGE ( 'NONE', *, *, #2241, .T. ) ;
#6727 = PLANE ( 'NONE',  #4134 ) ;
#6728 = EDGE_LOOP ( 'NONE', ( #2665, #8105, #8022 ) ) ;
#6729 = FACE_OUTER_BOUND ( 'NONE', #4025, .T. ) ;
#6730 = DIRECTION ( 'NONE',  ( -0.000000000000000000, -0.000000000000000000, -1.000000000000000000 ) ) ;
#6731 = DIRECTION ( 'NONE',  ( -0.06975647374411922397, 0.9975640502598246417, 0.000000000000000000 ) ) ;
#6732 = FACE_OUTER_BOUND ( 'NONE', #5269, .T. ) ;
#6733 = DIRECTION ( 'NONE',  ( 0.000000000000000000, 0.000000000000000000, -1.000000000000000000 ) ) ;
#6734 = ADVANCED_FACE ( 'NONE', ( #2255 ), #4863, .T. ) ;
#6735 = ORIENTED_EDGE ( 'NONE', *, *, #1828, .F. ) ;
#6736 = CARTESIAN_POINT ( 'NONE',  ( -0.9475569092792223147, 0.1625956094184516643, -1.973589814606656390 ) ) ;
#6737 = ORIENTED_EDGE ( 'NONE', *, *, #6804, .F. ) ;
#6738 = ORIENTED_EDGE ( 'NONE', *, *, #7850, .F. ) ;
#6739 = VECTOR ( 'NONE', #8144, 1000.000000000000000 ) ;
#6740 = DIRECTION ( 'NONE',  ( 0.000000000000000000, 1.000000000000000000, 0.000000000000000000 ) ) ;
#6741 = CARTESIAN_POINT ( 'NONE',  ( -1.110787854860023183, 0.4600000000000071809, -1.855000000000000204 ) ) ;
#6742 = ADVANCED_FACE ( 'NONE', ( #4463 ), #1210, .F. ) ;
#6743 = VERTEX_POINT ( 'NONE', #8378 ) ;
#6744 = ADVANCED_FACE ( 'NONE', ( #596 ), #7767, .F. ) ;
#6745 = DIRECTION ( 'NONE',  ( 1.000000000000000000, 0.000000000000000000, 0.000000000000000000 ) ) ;
#6746 = ORIENTED_EDGE ( 'NONE', *, *, #1342, .T. ) ;
#6747 = COLOUR_RGB ( '',0.7921568627450980005, 0.8196078431372548767, 0.9333333333333333481 ) ;
#6748 = ORIENTED_EDGE ( 'NONE', *, *, #4383, .F. ) ;
#6749 = CIRCLE ( 'NONE', #5798, 0.1499999999999999667 ) ;
#6750 = EDGE_LOOP ( 'NONE', ( #3554, #3154, #1576, #4988 ) ) ;
#6751 = ORIENTED_EDGE ( 'NONE', *, *, #4591, .T. ) ;
#6752 = VECTOR ( 'NONE', #1518, 1000.000000000000000 ) ;
#6753 = CARTESIAN_POINT ( 'NONE',  ( 1.289999999999983826, 0.2000000000000000111, 0.8549999999999998712 ) ) ;
#6754 = AXIS2_PLACEMENT_3D ( 'NONE', #7774, #1907, #4512 ) ;
#6755 = VECTOR ( 'NONE', #5801, 1000.000000000000000 ) ;
#6756 = DIRECTION ( 'NONE',  ( -0.000000000000000000, -0.000000000000000000, -1.000000000000000000 ) ) ;
#6757 = ADVANCED_FACE ( 'NONE', ( #2549 ), #5129, .T. ) ;
#6758 = DIRECTION ( 'NONE',  ( -0.000000000000000000, -1.000000000000000000, -0.000000000000000000 ) ) ;
#6759 = DIRECTION ( 'NONE',  ( -1.000000000000000000, 0.000000000000000000, 0.000000000000000000 ) ) ;
#6760 = EDGE_CURVE ( 'NONE', #1945, #1539, #5824, .T. ) ;
#6761 = VECTOR ( 'NONE', #328, 1000.000000000000000 ) ;
#6762 = LINE ( 'NONE', #4202, #2029 ) ;
#6763 = CARTESIAN_POINT ( 'NONE',  ( 1.110787854860023183, 0.4600000000000072919, -1.855000000000000204 ) ) ;
#6764 = VERTEX_POINT ( 'NONE', #6492 ) ;
#6765 = VECTOR ( 'NONE', #6668, 1000.000000000000000 ) ;
#6766 = CARTESIAN_POINT ( 'NONE',  ( 0.9250000000000007105, 0.4600000000000079026, -2.100000000000000089 ) ) ;
#6767 = DIRECTION ( 'NONE',  ( -0.000000000000000000, -0.000000000000000000, -1.000000000000000000 ) ) ;
#6768 = CYLINDRICAL_SURFACE ( 'NONE', #1619, 0.03921214513997691581 ) ;
#6769 = FACE_OUTER_BOUND ( 'NONE', #2544, .T. ) ;
#6770 = DIRECTION ( 'NONE',  ( 2.891205793294679017E-15, -1.000000000000000000, 0.000000000000000000 ) ) ;
#6771 = ORIENTED_EDGE ( 'NONE', *, *, #7880, .F. ) ;
#6772 = CARTESIAN_POINT ( 'NONE',  ( 1.289999999999983826, 0.1999999999999999833, -1.145000000000000240 ) ) ;
#6773 = FACE_OUTER_BOUND ( 'NONE', #4925, .T. ) ;
#6774 = VERTEX_POINT ( 'NONE', #1126 ) ;
#6775 = DIRECTION ( 'NONE',  ( -0.06975647374411923785, -0.9975640502598246417, 0.000000000000000000 ) ) ;
#6776 = DIRECTION ( 'NONE',  ( -1.000000000000000000, 0.000000000000000000, 0.000000000000000000 ) ) ;
#6777 = CARTESIAN_POINT ( 'NONE',  ( 1.000000000000000000, 0.5999999999999903189, 1.145000000000000018 ) ) ;
#6778 = DIRECTION ( 'NONE',  ( 2.891205793294679017E-15, -1.000000000000000000, 0.000000000000000000 ) ) ;
#6779 = PLANE ( 'NONE',  #3410 ) ;
#6780 = ORIENTED_EDGE ( 'NONE', *, *, #31, .F. ) ;
#6781 = ORIENTED_EDGE ( 'NONE', *, *, #1086, .F. ) ;
#6782 = LINE ( 'NONE', #6867, #7236 ) ;
#6783 = LINE ( 'NONE', #3428, #4345 ) ;
#6784 = ORIENTED_EDGE ( 'NONE', *, *, #2400, .F. ) ;
#6785 = ORIENTED_EDGE ( 'NONE', *, *, #3322, .T. ) ;
#6786 = ORIENTED_EDGE ( 'NONE', *, *, #2818, .F. ) ;
#6787 = ORIENTED_EDGE ( 'NONE', *, *, #4302, .T. ) ;
#6788 = EDGE_CURVE ( 'NONE', #3552, #7798, #5167, .T. ) ;
#6789 = EDGE_CURVE ( 'NONE', #1824, #2988, #5214, .T. ) ;
#6790 = DIRECTION ( 'NONE',  ( -0.9975640502598243087, 0.06975647374412363710, 0.000000000000000000 ) ) ;
#6791 = CARTESIAN_POINT ( 'NONE',  ( -1.110787854860023183, 0.5999999999999912070, -0.8550000000000000933 ) ) ;
#6792 = CARTESIAN_POINT ( 'NONE',  ( 1.110787854860023183, 0.4207878548600303970, 0.8549999999999998712 ) ) ;
#6793 =( LENGTH_UNIT ( ) NAMED_UNIT ( * ) SI_UNIT ( .MILLI., .METRE. ) );
#6794 = CARTESIAN_POINT ( 'NONE',  ( -1.326476844167053359, 0.1608833736747886101, 1.855000000000000204 ) ) ;
#6795 = DIRECTION ( 'NONE',  ( 0.000000000000000000, 0.000000000000000000, -1.000000000000000000 ) ) ;
#6796 = PLANE ( 'NONE',  #5753 ) ;
#6797 = CARTESIAN_POINT ( 'NONE',  ( 1.110787854860023183, 0.5999999999999907629, 0.1449999999999999345 ) ) ;
#6798 = EDGE_LOOP ( 'NONE', ( #7845, #7252, #2501, #5504 ) ) ;
#6799 = VECTOR ( 'NONE', #2349, 1000.000000000000000 ) ;
#6800 = ORIENTED_EDGE ( 'NONE', *, *, #2596, .F. ) ;
#6801 = FACE_OUTER_BOUND ( 'NONE', #814, .T. ) ;
#6802 = ADVANCED_FACE ( 'NONE', ( #1777 ), #7688, .F. ) ;
#6803 = DIRECTION ( 'NONE',  ( -0.000000000000000000, -0.000000000000000000, -1.000000000000000000 ) ) ;
#6804 = EDGE_CURVE ( 'NONE', #6275, #7518, #6369, .T. ) ;
#6805 = CARTESIAN_POINT ( 'NONE',  ( 1.326476844167053359, 0.1608833736747886656, -1.145000000000000240 ) ) ;
#6806 = CARTESIAN_POINT ( 'NONE',  ( 1.000000000000000000, 0.5999999999999903189, -0.6450000000000001288 ) ) ;
#6807 = DIRECTION ( 'NONE',  ( 0.000000000000000000, 0.000000000000000000, -1.000000000000000000 ) ) ;
#6808 = CARTESIAN_POINT ( 'NONE',  ( 1.110787854860022517, 0.5999999999999913181, 0.8549999999999998712 ) ) ;
#6809 = PLANE ( 'NONE',  #4974 ) ;
#6810 = EDGE_LOOP ( 'NONE', ( #419, #8434, #5319, #5334 ) ) ;
#6811 = DIRECTION ( 'NONE',  ( -1.000000000000000000, 0.000000000000000000, 0.000000000000000000 ) ) ;
#6812 = AXIS2_PLACEMENT_3D ( 'NONE', #2552, #7178, #558 ) ;
#6813 = LINE ( 'NONE', #4839, #5197 ) ;
#6814 = CARTESIAN_POINT ( 'NONE',  ( 1.110787854860023183, 0.4207878548600303970, 0.1449999999999999345 ) ) ;
#6815 = CARTESIAN_POINT ( 'NONE',  ( 1.289999999999983604, 0.4207878548600304525, -0.1450000000000001565 ) ) ;
#6816 = ORIENTED_EDGE ( 'NONE', *, *, #5291, .T. ) ;
#6817 = LINE ( 'NONE', #2230, #8074 ) ;
#6818 = ORIENTED_EDGE ( 'NONE', *, *, #6269, .F. ) ;
#6819 = AXIS2_PLACEMENT_3D ( 'NONE', #5424, #7544, #4806 ) ;
#6820 = ORIENTED_EDGE ( 'NONE', *, *, #3901, .T. ) ;
#6821 = AXIS2_PLACEMENT_3D ( 'NONE', #2551, #5042, #8305 ) ;
#6822 = CARTESIAN_POINT ( 'NONE',  ( -0.8872540511985416156, 1.037404390581547986, -2.022871131980037873 ) ) ;
#6823 = ADVANCED_FACE ( 'NONE', ( #7642 ), #4384, .T. ) ;
#6824 = VERTEX_POINT ( 'NONE', #1169 ) ;
#6825 = CARTESIAN_POINT ( 'NONE',  ( -0.9999999999999995559, 0.5999999999999912070, 1.354999999999999760 ) ) ;
#6826 = CARTESIAN_POINT ( 'NONE',  ( -1.150000000000000133, 0.2000000000000000111, -0.1450000000000001565 ) ) ;
#6827 = CIRCLE ( 'NONE', #662, 0.03921214513997670070 ) ;
#6828 = EDGE_LOOP ( 'NONE', ( #7189, #985, #7444, #1000, #6455, #1657, #7527, #6143, #264, #7924, #3877, #1941 ) ) ;
#6829 = VERTEX_POINT ( 'NONE', #1819 ) ;
#6830 = AXIS2_PLACEMENT_3D ( 'NONE', #2136, #7276, #8054 ) ;
#6831 = ORIENTED_EDGE ( 'NONE', *, *, #2036, .T. ) ;
#6832 = ORIENTED_EDGE ( 'NONE', *, *, #6060, .T. ) ;
#6833 = AXIS2_PLACEMENT_3D ( 'NONE', #3556, #7507, #6877 ) ;
#6834 = DIRECTION ( 'NONE',  ( -0.000000000000000000, -0.000000000000000000, -1.000000000000000000 ) ) ;
#6835 = VECTOR ( 'NONE', #7676, 1000.000000000000000 ) ;
#6836 = CARTESIAN_POINT ( 'NONE',  ( 1.326476844167053137, 0.1608833736747886656, 1.855000000000000204 ) ) ;
#6837 = FACE_OUTER_BOUND ( 'NONE', #5079, .T. ) ;
#6838 = DIRECTION ( 'NONE',  ( -0.9975640502598245307, -0.06975647374412029256, 0.000000000000000000 ) ) ;
#6839 = EDGE_CURVE ( 'NONE', #1114, #7959, #5671, .T. ) ;
#6840 = CARTESIAN_POINT ( 'NONE',  ( 1.329212145139960777, 0.2000000000000000111, 0.1449999999999999345 ) ) ;
#6841 = AXIS2_PLACEMENT_3D ( 'NONE', #6039, #8044, #6675 ) ;
#6842 = DIRECTION ( 'NONE',  ( 9.821212069593589627E-16, 1.000000000000000000, 0.000000000000000000 ) ) ;
#6843 = COLOUR_RGB ( '',0.7921568627450980005, 0.8196078431372548767, 0.9333333333333333481 ) ;
#6844 = CARTESIAN_POINT ( 'NONE',  ( -0.9999999999999995559, 0.4207878548600303970, -0.1450000000000001565 ) ) ;
#6845 = ORIENTED_EDGE ( 'NONE', *, *, #3278, .T. ) ;
#6846 = DIRECTION ( 'NONE',  ( 0.000000000000000000, 0.000000000000000000, 1.000000000000000000 ) ) ;
#6847 = CARTESIAN_POINT ( 'NONE',  ( 1.000000000000000000, 0.5999999999999903189, 1.354999999999999760 ) ) ;
#6848 = LINE ( 'NONE', #947, #2470 ) ;
#6849 = CARTESIAN_POINT ( 'NONE',  ( -0.9999999999999995559, 0.4600000000000072919, -0.6450000000000001288 ) ) ;
#6850 = CARTESIAN_POINT ( 'NONE',  ( -1.149999999999999911, 0.4207878548600303970, -1.145000000000000240 ) ) ;
#6851 = SURFACE_SIDE_STYLE ('',( #4213 ) ) ;
#6852 = CARTESIAN_POINT ( 'NONE',  ( 1.620234093675824161, -1.463672932855430986E-15, 1.145000000000000018 ) ) ;
#6853 = EDGE_CURVE ( 'NONE', #6692, #1060, #1857, .T. ) ;
#6854 = CARTESIAN_POINT ( 'NONE',  ( 1.110787854860023183, 0.4600000000000072919, 0.3549999999999999267 ) ) ;
#6855 = CARTESIAN_POINT ( 'NONE',  ( 1.000000000000000444, 0.4600000000000072919, 2.100000000000000089 ) ) ;
#6856 = DIRECTION ( 'NONE',  ( -1.000000000000000000, 0.000000000000000000, -0.000000000000000000 ) ) ;
#6857 = CARTESIAN_POINT ( 'NONE',  ( 1.289999999999983604, 0.4207878548600304525, 0.6449999999999999067 ) ) ;
#6858 = CARTESIAN_POINT ( 'NONE',  ( 1.289999999999983604, 0.4207878548600304525, 1.354999999999999760 ) ) ;
#6859 = CARTESIAN_POINT ( 'NONE',  ( 0.8735898146066567449, 0.1625956094184493883, -2.047556909279221848 ) ) ;
#6860 = CARTESIAN_POINT ( 'NONE',  ( 1.326476844167053359, 0.1608833736747886656, -0.6450000000000001288 ) ) ;
#6861 = ORIENTED_EDGE ( 'NONE', *, *, #7258, .F. ) ;
#6862 = EDGE_CURVE ( 'NONE', #4181, #8366, #2371, .T. ) ;
#6863 = EDGE_CURVE ( 'NONE', #3430, #634, #1947, .T. ) ;
#6864 = DIRECTION ( 'NONE',  ( -1.000000000000000000, 0.000000000000000000, 0.000000000000000000 ) ) ;
#6865 = ORIENTED_EDGE ( 'NONE', *, *, #2090, .T. ) ;
#6866 = VERTEX_POINT ( 'NONE', #8344 ) ;
#6867 = CARTESIAN_POINT ( 'NONE',  ( 1.629999999999999671, 0.1396589670363575786, 1.645000000000000018 ) ) ;
#6868 = CARTESIAN_POINT ( 'NONE',  ( 1.289999999999983604, 0.4207878548600304525, 1.354999999999999760 ) ) ;
#6869 = ORIENTED_EDGE ( 'NONE', *, *, #6215, .T. ) ;
#6870 = LINE ( 'NONE', #5594, #1205 ) ;
#6871 = DIRECTION ( 'NONE',  ( -1.000000000000000000, -6.912413033099766695E-16, 0.000000000000000000 ) ) ;
#6872 = EDGE_LOOP ( 'NONE', ( #4966, #4844, #8159, #5904 ) ) ;
#6873 = ORIENTED_EDGE ( 'NONE', *, *, #7876, .F. ) ;
#6874 = ORIENTED_EDGE ( 'NONE', *, *, #4331, .T. ) ;
#6875 = CIRCLE ( 'NONE', #4404, 0.07499999999999998335 ) ;
#6876 = CIRCLE ( 'NONE', #3162, 0.07499999999999998335 ) ;
#6877 = DIRECTION ( 'NONE',  ( -1.000000000000000000, 0.000000000000000000, 0.000000000000000000 ) ) ;
#6878 = CARTESIAN_POINT ( 'NONE',  ( 1.150000000000000133, 0.2000000000000000111, 1.145000000000000018 ) ) ;
#6879 = LINE ( 'NONE', #1682, #4688 ) ;
#6880 = CARTESIAN_POINT ( 'NONE',  ( -1.110787854860023183, 0.4207878548600303970, -0.6450000000000001288 ) ) ;
#6881 = VECTOR ( 'NONE', #5806, 1000.000000000000000 ) ;
#6882 = AXIS2_PLACEMENT_3D ( 'NONE', #7668, #3114, #5757 ) ;
#6883 = AXIS2_PLACEMENT_3D ( 'NONE', #436, #5730, #6450 ) ;
#6884 = LINE ( 'NONE', #6971, #2041 ) ;
#6885 = ORIENTED_EDGE ( 'NONE', *, *, #4702, .F. ) ;
#6886 = CARTESIAN_POINT ( 'NONE',  ( -1.110787854860023183, 0.5999999999999909850, 0.3549999999999999267 ) ) ;
#6887 = DIRECTION ( 'NONE',  ( -1.000000000000000000, -4.147447819859882894E-15, 0.000000000000000000 ) ) ;
#6888 = ORIENTED_EDGE ( 'NONE', *, *, #6597, .F. ) ;
#6889 = ORIENTED_EDGE ( 'NONE', *, *, #7374, .F. ) ;
#6890 = VECTOR ( 'NONE', #8013, 1000.000000000000000 ) ;
#6891 = CARTESIAN_POINT ( 'NONE',  ( -1.316710937842878071, 0.02122440663842936268, 0.3549999999999999267 ) ) ;
#6892 = CARTESIAN_POINT ( 'NONE',  ( 0.8992721773685981024, 0.1247737546427825500, 2.041214128597719224 ) ) ;
#6893 = VECTOR ( 'NONE', #1845, 1000.000000000000000 ) ;
#6894 = LINE ( 'NONE', #6805, #2508 ) ;
#6895 = DIRECTION ( 'NONE',  ( -0.000000000000000000, -0.000000000000000000, -1.000000000000000000 ) ) ;
#6896 = CLOSED_SHELL ( 'NONE', ( #6823, #2121, #7170, #128, #6483, #348, #3026, #2962, #654, #7424, #3417, #8480, #3681, #6322 ) ) ;
#6897 =( NAMED_UNIT ( * ) SI_UNIT ( $, .STERADIAN. ) SOLID_ANGLE_UNIT ( ) );
#6898 = ORIENTED_EDGE ( 'NONE', *, *, #2797, .F. ) ;
#6899 = VECTOR ( 'NONE', #5692, 1000.000000000000000 ) ;
#6900 = LINE ( 'NONE', #2354, #4137 ) ;
#6901 = CARTESIAN_POINT ( 'NONE',  ( -0.8489040373074708823, 1.075226245357216559, 2.016528351298536581 ) ) ;
#6902 = DIRECTION ( 'NONE',  ( 0.000000000000000000, 0.000000000000000000, 1.000000000000000000 ) ) ;
#6903 = FACE_OUTER_BOUND ( 'NONE', #7613, .T. ) ;
#6904 = EDGE_CURVE ( 'NONE', #5430, #7085, #6749, .T. ) ;
#6905 = CIRCLE ( 'NONE', #581, 0.03921214513997670070 ) ;
#6906 = EDGE_CURVE ( 'NONE', #2130, #6672, #2505, .T. ) ;
#6907 = CARTESIAN_POINT ( 'NONE',  ( 0.9475569092792217596, 0.1625956094184441980, -1.973589814606656390 ) ) ;
#6908 = ORIENTED_EDGE ( 'NONE', *, *, #3215, .F. ) ;
#6909 = CARTESIAN_POINT ( 'NONE',  ( -1.110787854860023183, 0.4207878548600303970, -0.6450000000000001288 ) ) ;
#6910 = ORIENTED_EDGE ( 'NONE', *, *, #2272, .F. ) ;
#6911 = ORIENTED_EDGE ( 'NONE', *, *, #7308, .T. ) ;
#6912 = EDGE_CURVE ( 'NONE', #8087, #7542, #5983, .T. ) ;
#6913 = CARTESIAN_POINT ( 'NONE',  ( -1.289999999999983604, 0.4207878548600304525, 0.8549999999999998712 ) ) ;
#6914 = VECTOR ( 'NONE', #8180, 1000.000000000000000 ) ;
#6915 = EDGE_CURVE ( 'NONE', #1568, #3606, #7853, .T. ) ;
#6916 = ORIENTED_EDGE ( 'NONE', *, *, #7571, .T. ) ;
#6917 = CARTESIAN_POINT ( 'NONE',  ( -1.620234093675824161, -2.083034977450064059E-16, -1.645000000000000240 ) ) ;
#6918 = DIRECTION ( 'NONE',  ( 0.000000000000000000, 1.000000000000000000, 0.000000000000000000 ) ) ;
#6919 = CARTESIAN_POINT ( 'NONE',  ( -1.620234093675824161, -2.083034977450064059E-16, -0.3550000000000001488 ) ) ;
#6920 = VERTEX_POINT ( 'NONE', #3302 ) ;
#6921 = EDGE_LOOP ( 'NONE', ( #4572, #5771, #3775, #2068 ) ) ;
#6922 = ORIENTED_EDGE ( 'NONE', *, *, #8493, .T. ) ;
#6923 = EDGE_LOOP ( 'NONE', ( #4754, #2322, #8200, #7463, #3097, #5069, #2147, #2374, #5181, #1076, #6022, #6411 ) ) ;
#6924 = CARTESIAN_POINT ( 'NONE',  ( -1.149999999999999911, 0.4207878548600304525, -0.3550000000000000377 ) ) ;
#6925 = CARTESIAN_POINT ( 'NONE',  ( 1.110787854860023183, 0.4207878548600303970, -0.3550000000000000377 ) ) ;
#6926 = CARTESIAN_POINT ( 'NONE',  ( -0.9999999999999995559, 0.5999999999999912070, -1.855000000000000204 ) ) ;
#6927 = CARTESIAN_POINT ( 'NONE',  ( -0.7812493200981477370, 1.421712581045637469, 1.955109901574064502 ) ) ;
#6928 = FACE_OUTER_BOUND ( 'NONE', #2467, .T. ) ;
#6929 = LINE ( 'NONE', #5731, #2853 ) ;
#6930 = DIRECTION ( 'NONE',  ( -0.9975640502598243087, 0.06975647374412363710, 0.000000000000000000 ) ) ;
#6931 = LINE ( 'NONE', #3665, #5061 ) ;
#6932 = ORIENTED_EDGE ( 'NONE', *, *, #4386, .T. ) ;
#6933 = LINE ( 'NONE', #1133, #7081 ) ;
#6934 = B_SPLINE_CURVE_WITH_KNOTS ( 'NONE', 3,
 ( #4660, #6690, #4616, #753 ),
 .UNSPECIFIED., .F., .F.,
 ( 4, 4 ),
 ( 0.000000000000000000, 1.000000000000000000 ),
 .UNSPECIFIED. ) ;
#6935 = CARTESIAN_POINT ( 'NONE',  ( 0.8735898146066563008, 0.1247737546427827443, 2.041214128597718780 ) ) ;
#6936 = CARTESIAN_POINT ( 'NONE',  ( -1.329212145139960777, 0.2000000000000000111, -1.855000000000000204 ) ) ;
#6937 = CARTESIAN_POINT ( 'NONE',  ( -1.329212145139960777, 0.2000000000000000111, -0.8550000000000000933 ) ) ;
#6938 = ORIENTED_EDGE ( 'NONE', *, *, #1077, .F. ) ;
#6939 = AXIS2_PLACEMENT_3D ( 'NONE', #3797, #5059, #7707 ) ;
#6940 = DIRECTION ( 'NONE',  ( -0.000000000000000000, 1.000000000000000000, 0.000000000000000000 ) ) ;
#6941 = DIRECTION ( 'NONE',  ( -1.000000000000000000, 0.000000000000000000, 0.000000000000000000 ) ) ;
#6942 = ORIENTED_EDGE ( 'NONE', *, *, #4016, .T. ) ;
#6943 = DIRECTION ( 'NONE',  ( 0.000000000000000000, 0.000000000000000000, 1.000000000000000000 ) ) ;
#6944 = DIRECTION ( 'NONE',  ( 0.000000000000000000, 0.000000000000000000, -1.000000000000000000 ) ) ;
#6945 = AXIS2_PLACEMENT_3D ( 'NONE', #1511, #4781, #4128 ) ;
#6946 = DIRECTION ( 'NONE',  ( -1.000000000000000000, 0.000000000000000000, 0.000000000000000000 ) ) ;
#6947 = DIRECTION ( 'NONE',  ( -1.000000000000000000, -8.807661782691089029E-15, -0.000000000000000000 ) ) ;
#6948 = ADVANCED_FACE ( 'NONE', ( #6527 ), #4068, .F. ) ;
#6949 = CARTESIAN_POINT ( 'NONE',  ( -1.110787854860023183, 0.4600000000000070699, 1.354999999999999760 ) ) ;
#6950 = ORIENTED_EDGE ( 'NONE', *, *, #7327, .T. ) ;
#6951 = EDGE_CURVE ( 'NONE', #3073, #2568, #4973, .T. ) ;
#6952 = CARTESIAN_POINT ( 'NONE',  ( 0.9261308919290330843, 0.4599516432765026197, -2.099991473404947850 ) ) ;
#6953 = CIRCLE ( 'NONE', #8187, 0.03921214513997691581 ) ;
#6954 = DIRECTION ( 'NONE',  ( 9.821212069593589627E-16, 1.000000000000000000, 0.000000000000000000 ) ) ;
#6955 =( NAMED_UNIT ( * ) PLANE_ANGLE_UNIT ( ) SI_UNIT ( $, .RADIAN. ) );
#6956 = EDGE_LOOP ( 'NONE', ( #7792, #3547, #6515, #4606, #428, #8116, #6555, #1892, #1364, #5568, #6656, #2528 ) ) ;
#6957 = CARTESIAN_POINT ( 'NONE',  ( -1.110787854860023183, 0.4600000000000072919, -1.145000000000000240 ) ) ;
#6958 = AXIS2_PLACEMENT_3D ( 'NONE', #1330, #1292, #3897 ) ;
#6959 = ORIENTED_EDGE ( 'NONE', *, *, #77, .F. ) ;
#6960 = EDGE_CURVE ( 'NONE', #3607, #6743, #1983, .T. ) ;
#6961 = ORIENTED_EDGE ( 'NONE', *, *, #5928, .T. ) ;
#6962 = ORIENTED_EDGE ( 'NONE', *, *, #7376, .T. ) ;
#6963 = EDGE_CURVE ( 'NONE', #2825, #5019, #7889, .T. ) ;
#6964 = MECHANICAL_DESIGN_GEOMETRIC_PRESENTATION_REPRESENTATION (  '', ( #7769 ), #7096 ) ;
#6965 = FACE_OUTER_BOUND ( 'NONE', #194, .T. ) ;
#6966 = FACE_OUTER_BOUND ( 'NONE', #6798, .T. ) ;
#6967 = VECTOR ( 'NONE', #6449, 1000.000000000000000 ) ;
#6968 = CARTESIAN_POINT ( 'NONE',  ( -1.329212145139960777, 0.2000000000000000111, 0.3549999999999999267 ) ) ;
#6969 = DIRECTION ( 'NONE',  ( -0.000000000000000000, -0.000000000000000000, -1.000000000000000000 ) ) ;
#6970 = CARTESIAN_POINT ( 'NONE',  ( 1.629999999999999671, 0.1396589670363576063, 1.855000000000000204 ) ) ;
#6971 = CARTESIAN_POINT ( 'NONE',  ( 1.289999999999983604, 0.4207878548600304525, -0.1450000000000001565 ) ) ;
#6972 = VERTEX_POINT ( 'NONE', #631 ) ;
#6973 = DIRECTION ( 'NONE',  ( -1.000000000000000000, 0.000000000000000000, 0.000000000000000000 ) ) ;
#6974 = FACE_OUTER_BOUND ( 'NONE', #262, .T. ) ;
#6975 = CARTESIAN_POINT ( 'NONE',  ( -0.5999999999999996447, 1.050000000000000044, -1.550000000000000266 ) ) ;
#6976 = ORIENTED_EDGE ( 'NONE', *, *, #5540, .T. ) ;
#6977 = EDGE_CURVE ( 'NONE', #6451, #2003, #7208, .T. ) ;
#6978 = VECTOR ( 'NONE', #7332, 1000.000000000000000 ) ;
#6979 =( NAMED_UNIT ( * ) SI_UNIT ( $, .STERADIAN. ) SOLID_ANGLE_UNIT ( ) );
#6980 = CARTESIAN_POINT ( 'NONE',  ( 1.000000000000000000, 0.4600000000000065148, -1.645000000000000240 ) ) ;
#6981 = AXIS2_PLACEMENT_3D ( 'NONE', #1312, #3561, #1461 ) ;
#6982 = DIRECTION ( 'NONE',  ( 3.540705920434613265E-31, 1.224646799147353207E-16, -1.000000000000000000 ) ) ;
#6983 = VECTOR ( 'NONE', #1965, 1000.000000000000000 ) ;
#6984 = VECTOR ( 'NONE', #633, 1000.000000000000114 ) ;
#6985 = ORIENTED_EDGE ( 'NONE', *, *, #1966, .F. ) ;
#6986 = DIRECTION ( 'NONE',  ( -0.000000000000000000, -1.000000000000000000, -0.000000000000000000 ) ) ;
#6987 = FACE_OUTER_BOUND ( 'NONE', #924, .T. ) ;
#6988 = ORIENTED_EDGE ( 'NONE', *, *, #7257, .T. ) ;
#6989 = DIRECTION ( 'NONE',  ( 0.000000000000000000, 0.000000000000000000, 1.000000000000000000 ) ) ;
#6990 = CARTESIAN_POINT ( 'NONE',  ( 1.289999999999983604, 0.4207878548600304525, -1.855000000000000204 ) ) ;
#6991 = VECTOR ( 'NONE', #3017, 1000.000000000000000 ) ;
#6992 = DIRECTION ( 'NONE',  ( -3.540705920434613265E-31, -1.224646799147353207E-16, 1.000000000000000000 ) ) ;
#6993 = ORIENTED_EDGE ( 'NONE', *, *, #7405, .F. ) ;
#6994 = LINE ( 'NONE', #1842, #3171 ) ;
#6995 = ORIENTED_EDGE ( 'NONE', *, *, #866, .F. ) ;
#6996 = CARTESIAN_POINT ( 'NONE',  ( 1.289999999999983826, 0.2000000000000000111, -1.645000000000000240 ) ) ;
#6997 = DIRECTION ( 'NONE',  ( 0.000000000000000000, -1.000000000000000000, 0.000000000000000000 ) ) ;
#6998 = LINE ( 'NONE', #4233, #5514 ) ;
#6999 = ORIENTED_EDGE ( 'NONE', *, *, #7305, .T. ) ;
#7000 = DIRECTION ( 'NONE',  ( -0.9975640502598246417, -0.06975647374411941826, 0.000000000000000000 ) ) ;
#7001 = CARTESIAN_POINT ( 'NONE',  ( -0.8735898146066559677, 0.1619763866749802661, -2.047450396082572066 ) ) ;
#7002 = VERTEX_POINT ( 'NONE', #14 ) ;
#7003 = ORIENTED_EDGE ( 'NONE', *, *, #1878, .F. ) ;
#7004 = ORIENTED_EDGE ( 'NONE', *, *, #2781, .F. ) ;
#7005 = DIRECTION ( 'NONE',  ( 0.000000000000000000, 0.000000000000000000, -1.000000000000000000 ) ) ;
#7006 = EDGE_CURVE ( 'NONE', #2199, #5539, #5259, .T. ) ;
#7007 = CARTESIAN_POINT ( 'NONE',  ( -0.9412141285977189131, 0.1247737546427825223, 1.973589814606655057 ) ) ;
#7008 = EDGE_CURVE ( 'NONE', #8078, #7128, #5290, .T. ) ;
#7009 = LINE ( 'NONE', #5037, #7439 ) ;
#7010 = CARTESIAN_POINT ( 'NONE',  ( 0.9261308919290324182, 0.4599516432764992890, -2.099991473404946962 ) ) ;
#7011 = CARTESIAN_POINT ( 'NONE',  ( 0.8489040373074717705, 1.024999999999999911, -1.948904037307471748 ) ) ;
#7012 = DIRECTION ( 'NONE',  ( 0.000000000000000000, 0.000000000000000000, 1.000000000000000000 ) ) ;
#7013 = ORIENTED_EDGE ( 'NONE', *, *, #7187, .F. ) ;
#7014 = AXIS2_PLACEMENT_3D ( 'NONE', #5974, #4271, #1709 ) ;
#7015 = AXIS2_PLACEMENT_3D ( 'NONE', #7638, #1774, #266 ) ;
#7016 = CYLINDRICAL_SURFACE ( 'NONE', #8060, 0.07499999999999998335 ) ;
#7017 = LINE ( 'NONE', #3620, #1743 ) ;
#7018 = ORIENTED_EDGE ( 'NONE', *, *, #4919, .F. ) ;
#7019 = DIRECTION ( 'NONE',  ( -1.000000000000000000, 0.000000000000000000, 0.000000000000000000 ) ) ;
#7020 = CYLINDRICAL_SURFACE ( 'NONE', #6612, 0.1792121451399605880 ) ;
#7021 = AXIS2_PLACEMENT_3D ( 'NONE', #7796, #3207, #3244 ) ;
#7022 = EDGE_CURVE ( 'NONE', #2316, #2490, #4587, .T. ) ;
#7023 = VECTOR ( 'NONE', #3285, 999.9999999999998863 ) ;
#7024 = DIRECTION ( 'NONE',  ( 0.000000000000000000, 0.000000000000000000, -1.000000000000000000 ) ) ;
#7025 = DIRECTION ( 'NONE',  ( -0.000000000000000000, -0.000000000000000000, -1.000000000000000000 ) ) ;
#7026 = EDGE_CURVE ( 'NONE', #4876, #3430, #6705, .T. ) ;
#7027 = PRODUCT_DEFINITION_SHAPE ( 'NONE', 'NONE',  #575 ) ;
#7028 = CARTESIAN_POINT ( 'NONE',  ( -1.289999999999983826, 0.4207878548600303970, -0.6450000000000001288 ) ) ;
#7029 = VERTEX_POINT ( 'NONE', #5946 ) ;
#7030 = DIRECTION ( 'NONE',  ( -0.000000000000000000, 0.000000000000000000, 1.000000000000000000 ) ) ;
#7031 = LINE ( 'NONE', #3716, #2373 ) ;
#7032 = MECHANICAL_DESIGN_GEOMETRIC_PRESENTATION_REPRESENTATION (  '', ( #1525 ), #5250 ) ;
#7033 = CYLINDRICAL_SURFACE ( 'NONE', #106, 0.1792121451399605880 ) ;
#7034 = CARTESIAN_POINT ( 'NONE',  ( -0.9261308919290303088, 0.4599516432764957918, -2.099991473404946962 ) ) ;
#7035 = AXIS2_PLACEMENT_3D ( 'NONE', #6254, #324, #955 ) ;
#7036 = VECTOR ( 'NONE', #1834, 1000.000000000000000 ) ;
#7037 =( GEOMETRIC_REPRESENTATION_CONTEXT ( 3 ) GLOBAL_UNCERTAINTY_ASSIGNED_CONTEXT ( ( #2924 ) ) GLOBAL_UNIT_ASSIGNED_CONTEXT ( ( #5352, #7183, #3913 ) ) REPRESENTATION_CONTEXT ( 'NONE', 'WORKASPACE' ) );
#7038 = ORIENTED_EDGE ( 'NONE', *, *, #7207, .T. ) ;
#7039 = AXIS2_PLACEMENT_3D ( 'NONE', #8186, #4972, #1057 ) ;
#7040 = ORIENTED_EDGE ( 'NONE', *, *, #3186, .F. ) ;
#7041 = PLANE ( 'NONE',  #6423 ) ;
#7042 = AXIS2_PLACEMENT_3D ( 'NONE', #1815, #7640, #2425 ) ;
#7043 = CARTESIAN_POINT ( 'NONE',  ( 1.110787854860023183, 0.4207878548600303970, -0.6450000000000001288 ) ) ;
#7044 = CARTESIAN_POINT ( 'NONE',  ( -0.8735898146066560788, 0.1000000000000000056, 1.973589814606655946 ) ) ;
#7045 = CIRCLE ( 'NONE', #6365, 0.03921214513997670070 ) ;
#7046 = LINE ( 'NONE', #1162, #1616 ) ;
#7047 = CARTESIAN_POINT ( 'NONE',  ( 1.150000000000000133, 0.2000000000000000111, -0.3550000000000000377 ) ) ;
#7048 = EDGE_CURVE ( 'NONE', #5681, #1296, #4131, .T. ) ;
#7049 = ORIENTED_EDGE ( 'NONE', *, *, #7468, .T. ) ;
#7050 = ORIENTED_EDGE ( 'NONE', *, *, #2248, .F. ) ;
#7051 = ORIENTED_EDGE ( 'NONE', *, *, #7154, .F. ) ;
#7052 = AXIS2_PLACEMENT_3D ( 'NONE', #3626, #868, #1004 ) ;
#7053 = CARTESIAN_POINT ( 'NONE',  ( 1.289999999999983604, 0.4207878548600303970, -0.8550000000000000933 ) ) ;
#7054 = DIRECTION ( 'NONE',  ( 0.000000000000000000, 1.000000000000000000, 0.000000000000000000 ) ) ;
#7055 = CARTESIAN_POINT ( 'NONE',  ( -1.110787854860023183, 0.4207878548600303970, -0.3550000000000000377 ) ) ;
#7056 = ORIENTED_EDGE ( 'NONE', *, *, #1785, .F. ) ;
#7057 = DIRECTION ( 'NONE',  ( 0.000000000000000000, 0.000000000000000000, 1.000000000000000000 ) ) ;
#7058 = CARTESIAN_POINT ( 'NONE',  ( 1.629999999999999671, 0.1396589670363576063, 0.3549999999999999267 ) ) ;
#7059 = DIRECTION ( 'NONE',  ( -0.000000000000000000, -1.000000000000000000, 0.000000000000000000 ) ) ;
#7060 = EDGE_CURVE ( 'NONE', #7086, #492, #1450, .T. ) ;
#7061 = ORIENTED_EDGE ( 'NONE', *, *, #3650, .T. ) ;
#7062 = ADVANCED_FACE ( 'NONE', ( #6614 ), #720, .F. ) ;
#7063 = CARTESIAN_POINT ( 'NONE',  ( -1.110787854860023183, 0.5999999999999909850, 1.855000000000000204 ) ) ;
#7064 = CARTESIAN_POINT ( 'NONE',  ( -0.5999999999999996447, 1.100000000000000089, -1.700000000000000178 ) ) ;
#7065 = ORIENTED_EDGE ( 'NONE', *, *, #6437, .T. ) ;
#7066 = DIRECTION ( 'NONE',  ( 0.9975640502598245307, 0.06975647374412038970, 0.000000000000000000 ) ) ;
#7067 = CYLINDRICAL_SURFACE ( 'NONE', #3174, 0.03921214513997670070 ) ;
#7068 = ORIENTED_EDGE ( 'NONE', *, *, #1187, .F. ) ;
#7070 = ADVANCED_FACE ( 'NONE', ( #6661 ), #7987, .F. ) ;
#7069 = CARTESIAN_POINT ( 'NONE',  ( 1.110787854860023183, 0.4600000000000072919, 1.645000000000000018 ) ) ;
#7071 = CARTESIAN_POINT ( 'NONE',  ( 1.000000000000000000, 0.5999999999999903189, 1.855000000000000204 ) ) ;
#7072 = ADVANCED_FACE ( 'NONE', ( #5638 ), #4807, .F. ) ;
#7073 = EDGE_CURVE ( 'NONE', #6099, #5216, #2964, .T. ) ;
#7074 = EDGE_CURVE ( 'NONE', #7798, #1031, #4153, .T. ) ;
#7075 = VERTEX_POINT ( 'NONE', #261 ) ;
#7076 = ORIENTED_EDGE ( 'NONE', *, *, #1066, .F. ) ;
#7077 = ORIENTED_EDGE ( 'NONE', *, *, #7909, .F. ) ;
#7079 = EDGE_CURVE ( 'NONE', #5554, #6229, #1626, .T. ) ;
#7078 = CARTESIAN_POINT ( 'NONE',  ( -1.110787854860023183, 0.4600000000000072919, 1.645000000000000018 ) ) ;
#7080 = LINE ( 'NONE', #2492, #6893 ) ;
#7081 = VECTOR ( 'NONE', #5614, 1000.000000000000114 ) ;
#7082 = CARTESIAN_POINT ( 'NONE',  ( 0.9261308919290317521, 0.4599516432764970686, 2.099991473404946962 ) ) ;
#7083 = ORIENTED_EDGE ( 'NONE', *, *, #6723, .T. ) ;
#7084 = CARTESIAN_POINT ( 'NONE',  ( -1.629999999999999671, 0.1396589670363589109, -0.6450000000000001288 ) ) ;
#7085 = VERTEX_POINT ( 'NONE', #2873 ) ;
#7086 = VERTEX_POINT ( 'NONE', #5503 ) ;
#7087 = ORIENTED_EDGE ( 'NONE', *, *, #297, .F. ) ;
#7088 = CARTESIAN_POINT ( 'NONE',  ( 1.149999999999999911, 0.4207878548600304525, -0.1450000000000001565 ) ) ;
#7089 = LINE ( 'NONE', #3740, #4081 ) ;
#7090 = ADVANCED_FACE ( 'NONE', ( #4852 ), #2376, .F. ) ;
#7091 = AXIS2_PLACEMENT_3D ( 'NONE', #1988, #1299, #1256 ) ;
#7092 = CARTESIAN_POINT ( 'NONE',  ( -0.9999999999999995559, 0.5999999999999912070, 1.354999999999999760 ) ) ;
#7093 = DIRECTION ( 'NONE',  ( -1.000000000000000000, -8.807661782691089029E-15, -0.000000000000000000 ) ) ;
#7094 = ORIENTED_EDGE ( 'NONE', *, *, #1150, .F. ) ;
#7095 = CARTESIAN_POINT ( 'NONE',  ( -0.8992721773685963260, 0.1247737546427839794, -2.041214128597720556 ) ) ;
#7096 =( GEOMETRIC_REPRESENTATION_CONTEXT ( 3 ) GLOBAL_UNCERTAINTY_ASSIGNED_CONTEXT ( ( #6713 ) ) GLOBAL_UNIT_ASSIGNED_CONTEXT ( ( #900, #7520, #6979 ) ) REPRESENTATION_CONTEXT ( 'NONE', 'WORKASPACE' ) );
#7097 = CARTESIAN_POINT ( 'NONE',  ( -1.110787854860023183, 0.4600000000000072919, -1.645000000000000240 ) ) ;
#7098 = LINE ( 'NONE', #5264, #2457 ) ;
#7099 = ORIENTED_EDGE ( 'NONE', *, *, #5141, .T. ) ;
#7100 = FACE_OUTER_BOUND ( 'NONE', #1010, .T. ) ;
#7101 = AXIS2_PLACEMENT_3D ( 'NONE', #5299, #3264, #3903 ) ;
#7102 = CARTESIAN_POINT ( 'NONE',  ( 0.9165283512985359371, 1.033307012864741026, -1.998438563245935162 ) ) ;
#7103 = EDGE_CURVE ( 'NONE', #7675, #2059, #1711, .T. ) ;
#7104 = ORIENTED_EDGE ( 'NONE', *, *, #1494, .T. ) ;
#7105 = CIRCLE ( 'NONE', #3395, 0.1499999999999999667 ) ;
#7106 = DIRECTION ( 'NONE',  ( -0.000000000000000000, -0.000000000000000000, -1.000000000000000000 ) ) ;
#7107 = DIRECTION ( 'NONE',  ( -1.000000000000000000, 0.000000000000000000, 0.000000000000000000 ) ) ;
#7108 = EDGE_LOOP ( 'NONE', ( #7056, #227, #2290, #7583 ) ) ;
#7109 = DIRECTION ( 'NONE',  ( -1.000000000000000000, 0.000000000000000000, 0.000000000000000000 ) ) ;
#7110 = DIRECTION ( 'NONE',  ( -0.06975647374411922397, 0.9975640502598246417, 0.000000000000000000 ) ) ;
#7111 = AXIS2_PLACEMENT_3D ( 'NONE', #6642, #5409, #4698 ) ;
#7112 = VECTOR ( 'NONE', #7637, 1000.000000000000000 ) ;
#7113 = AXIS2_PLACEMENT_3D ( 'NONE', #2222, #1564, #917 ) ;
#7114 = EDGE_CURVE ( 'NONE', #5704, #4538, #2004, .T. ) ;
#7115 = ADVANCED_FACE ( 'NONE', ( #743 ), #7960, .T. ) ;
#7116 = LINE ( 'NONE', #5188, #6466 ) ;
#7117 = DIRECTION ( 'NONE',  ( 8.807661782691089029E-15, -1.000000000000000000, 0.000000000000000000 ) ) ;
#7118 = CARTESIAN_POINT ( 'NONE',  ( 1.149999999999999911, 0.4207878548600304525, 0.8549999999999998712 ) ) ;
#7119 = VECTOR ( 'NONE', #2367, 1000.000000000000000 ) ;
#7120 = EDGE_CURVE ( 'NONE', #141, #6972, #8146, .T. ) ;
#7121 = CARTESIAN_POINT ( 'NONE',  ( 0.8489040373074717705, 1.025000000000000133, 0.000000000000000000 ) ) ;
#7122 = DIRECTION ( 'NONE',  ( -0.000000000000000000, -0.000000000000000000, -1.000000000000000000 ) ) ;
#7123 = EDGE_CURVE ( 'NONE', #3886, #53, #3378, .T. ) ;
#7124 = ORIENTED_EDGE ( 'NONE', *, *, #4473, .T. ) ;
#7125 = CARTESIAN_POINT ( 'NONE',  ( -1.316710937842878071, 0.02122440663842924818, 1.144999999999999796 ) ) ;
#7126 = VERTEX_POINT ( 'NONE', #4712 ) ;
#7127 = VERTEX_POINT ( 'NONE', #6012 ) ;
#7128 = VERTEX_POINT ( 'NONE', #2743 ) ;
#7129 = PLANE ( 'NONE',  #1761 ) ;
#7130 = CARTESIAN_POINT ( 'NONE',  ( 1.000000000000000000, 0.5999999999999903189, 0.3549999999999999267 ) ) ;
#7131 = ORIENTED_EDGE ( 'NONE', *, *, #2598, .T. ) ;
#7132 = ORIENTED_EDGE ( 'NONE', *, *, #1591, .T. ) ;
#7133 = CARTESIAN_POINT ( 'NONE',  ( -1.289999999999983826, 0.1999999999999999833, 0.6449999999999999067 ) ) ;
#7134 = VERTEX_POINT ( 'NONE', #2016 ) ;
#7135 = FACE_OUTER_BOUND ( 'NONE', #2442, .T. ) ;
#7136 = DIRECTION ( 'NONE',  ( -0.000000000000000000, -0.000000000000000000, -1.000000000000000000 ) ) ;
#7137 = CARTESIAN_POINT ( 'NONE',  ( -0.5999999999999996447, 1.100000000000000089, -1.700000000000000178 ) ) ;
#7138 = VERTEX_POINT ( 'NONE', #5371 ) ;
#7139 = ORIENTED_EDGE ( 'NONE', *, *, #640, .F. ) ;
#7140 = DIRECTION ( 'NONE',  ( 0.000000000000000000, -0.000000000000000000, -1.000000000000000000 ) ) ;
#7141 = CARTESIAN_POINT ( 'NONE',  ( -0.9283013959751088562, 0.4852847967374483429, 2.028301395975109500 ) ) ;
#7142 = VERTEX_POINT ( 'NONE', #8 ) ;
#7143 = FACE_OUTER_BOUND ( 'NONE', #8117, .T. ) ;
#7144 = DIRECTION ( 'NONE',  ( -9.786290869656726145E-16, -1.000000000000000000, 0.000000000000000000 ) ) ;
#7145 = AXIS2_PLACEMENT_3D ( 'NONE', #7364, #4051, #7282 ) ;
#7146 = VECTOR ( 'NONE', #4295, 1000.000000000000000 ) ;
#7147 = DIRECTION ( 'NONE',  ( -1.000000000000000000, -6.850403608759735123E-15, 0.000000000000000000 ) ) ;
#7148 = CARTESIAN_POINT ( 'NONE',  ( -1.629999999999999671, 0.1396589670363589109, -0.3550000000000001488 ) ) ;
#7149 = ORIENTED_EDGE ( 'NONE', *, *, #3476, .T. ) ;
#7150 = VECTOR ( 'NONE', #2512, 1000.000000000000000 ) ;
#7151 = ORIENTED_EDGE ( 'NONE', *, *, #6321, .F. ) ;
#7152 = ORIENTED_EDGE ( 'NONE', *, *, #639, .T. ) ;
#7153 = PLANE ( 'NONE',  #787 ) ;
#7154 = EDGE_CURVE ( 'NONE', #7542, #7546, #7201, .T. ) ;
#7155 = VECTOR ( 'NONE', #3623, 1000.000000000000000 ) ;
#7156 = ADVANCED_FACE ( 'NONE', ( #2910 ), #5544, .F. ) ;
#7157 = VECTOR ( 'NONE', #6697, 999.9999999999998863 ) ;
#7158 = VECTOR ( 'NONE', #5010, 999.9999999999998863 ) ;
#7159 = CARTESIAN_POINT ( 'NONE',  ( 1.110787854860023183, 0.4207878548600303970, -0.3550000000000000377 ) ) ;
#7160 = FACE_OUTER_BOUND ( 'NONE', #6703, .T. ) ;
#7161 = CARTESIAN_POINT ( 'NONE',  ( 1.620234093675824161, -1.485875369962032561E-15, 1.855000000000000204 ) ) ;
#7162 = CLOSED_SHELL ( 'NONE', ( #759, #7917, #3385, #6381, #7797, #1717, #7779, #2346, #7090, #5315, #7677, #4061, #1770, #6948 ) ) ;
#7163 = EDGE_CURVE ( 'NONE', #1060, #4798, #6223, .T. ) ;
#7164 = AXIS2_PLACEMENT_3D ( 'NONE', #6968, #5239, #5645 ) ;
#7165 = ORIENTED_EDGE ( 'NONE', *, *, #7123, .T. ) ;
#7166 = ORIENTED_EDGE ( 'NONE', *, *, #5488, .F. ) ;
#7167 = ORIENTED_EDGE ( 'NONE', *, *, #2656, .T. ) ;
#7168 = EDGE_CURVE ( 'NONE', #5160, #3166, #5196, .T. ) ;
#7169 = ADVANCED_FACE ( 'NONE', ( #6475 ), #468, .F. ) ;
#7170 = ADVANCED_FACE ( 'NONE', ( #2538 ), #5760, .F. ) ;
#7171 = CARTESIAN_POINT ( 'NONE',  ( -1.110787854860023183, 0.4207878548600303970, -0.1450000000000001565 ) ) ;
#7172 = CARTESIAN_POINT ( 'NONE',  ( 1.329212145139960777, 0.2000000000000000111, 1.645000000000000018 ) ) ;
#7173 = CARTESIAN_POINT ( 'NONE',  ( 1.150000000000000133, 0.2000000000000000111, -1.145000000000000240 ) ) ;
#7174 = ORIENTED_EDGE ( 'NONE', *, *, #7114, .F. ) ;
#7175 = CARTESIAN_POINT ( 'NONE',  ( 0.9474503960825724214, 0.1619763866749803771, -1.973589814606658610 ) ) ;
#7176 = ORIENTED_EDGE ( 'NONE', *, *, #3342, .F. ) ;
#7177 = CARTESIAN_POINT ( 'NONE',  ( -1.326476844167053359, 0.1608833736747886656, -0.3550000000000001488 ) ) ;
#7178 = DIRECTION ( 'NONE',  ( -0.000000000000000000, -0.000000000000000000, -1.000000000000000000 ) ) ;
#7179 = ORIENTED_EDGE ( 'NONE', *, *, #4949, .F. ) ;
#7180 = DIRECTION ( 'NONE',  ( -0.000000000000000000, -0.000000000000000000, -1.000000000000000000 ) ) ;
#7181 = DIRECTION ( 'NONE',  ( -0.000000000000000000, -0.000000000000000000, -1.000000000000000000 ) ) ;
#7182 = VERTEX_POINT ( 'NONE', #7718 ) ;
#7183 =( NAMED_UNIT ( * ) PLANE_ANGLE_UNIT ( ) SI_UNIT ( $, .RADIAN. ) );
#7184 = LINE ( 'NONE', #7223, #1322 ) ;
#7185 = PLANE ( 'NONE',  #1595 ) ;
#7186 = PLANE ( 'NONE',  #488 ) ;
#7187 = EDGE_CURVE ( 'NONE', #8031, #3156, #5393, .T. ) ;
#7188 = CARTESIAN_POINT ( 'NONE',  ( -1.326476844167053359, 0.1608833736747886656, 0.6449999999999997957 ) ) ;
#7189 = ORIENTED_EDGE ( 'NONE', *, *, #684, .T. ) ;
#7190 = DIRECTION ( 'NONE',  ( -1.000000000000000000, -6.850403608759735123E-15, 0.000000000000000000 ) ) ;
#7191 = ORIENTED_EDGE ( 'NONE', *, *, #8177, .T. ) ;
#7192 = ORIENTED_EDGE ( 'NONE', *, *, #137, .F. ) ;
#7193 = DIRECTION ( 'NONE',  ( -1.000000000000000000, 0.000000000000000000, 0.000000000000000000 ) ) ;
#7194 = CARTESIAN_POINT ( 'NONE',  ( -0.8489040373074709933, 1.025000000000000133, 0.000000000000000000 ) ) ;
#7195 = CARTESIAN_POINT ( 'NONE',  ( 1.110787854860023183, 0.4207878548600303970, -0.6450000000000001288 ) ) ;
#7196 = CARTESIAN_POINT ( 'NONE',  ( 1.110787854860023183, 0.5999999999999907629, -0.8550000000000000933 ) ) ;
#7197 = DIRECTION ( 'NONE',  ( -1.000000000000000000, -0.000000000000000000, 0.000000000000000000 ) ) ;
#7198 = EDGE_CURVE ( 'NONE', #8315, #602, #7080, .T. ) ;
#7199 = ORIENTED_EDGE ( 'NONE', *, *, #1920, .T. ) ;
#7200 = ORIENTED_EDGE ( 'NONE', *, *, #2086, .F. ) ;
#7201 = LINE ( 'NONE', #4619, #5941 ) ;
#7202 = LINE ( 'NONE', #2105, #3590 ) ;
#7203 = ORIENTED_EDGE ( 'NONE', *, *, #6081, .F. ) ;
#7204 = CARTESIAN_POINT ( 'NONE',  ( -1.110787854860023183, 0.4207878548600303970, 0.6449999999999999067 ) ) ;
#7205 = DIRECTION ( 'NONE',  ( -1.000000000000000000, 0.000000000000000000, 0.000000000000000000 ) ) ;
#7206 = DIRECTION ( 'NONE',  ( -1.964242413918717925E-15, 1.000000000000000000, 0.000000000000000000 ) ) ;
#7207 = EDGE_CURVE ( 'NONE', #533, #4774, #4452, .T. ) ;
#7208 = LINE ( 'NONE', #5379, #3041 ) ;
#7209 = ORIENTED_EDGE ( 'NONE', *, *, #4659, .T. ) ;
#7210 = CARTESIAN_POINT ( 'NONE',  ( -1.329212145139960777, 0.2000000000000000111, 1.855000000000000204 ) ) ;
#7211 = ADVANCED_FACE ( 'NONE', ( #3805 ), #6432, .T. ) ;
#7212 = ORIENTED_EDGE ( 'NONE', *, *, #2414, .T. ) ;
#7213 = CARTESIAN_POINT ( 'NONE',  ( -1.620234093675824161, -2.083034977450064059E-16, -0.6450000000000001288 ) ) ;
#7214 = CARTESIAN_POINT ( 'NONE',  ( -0.8551099015740634135, 1.421712581045637469, 1.881249320098148603 ) ) ;
#7215 = B_SPLINE_CURVE_WITH_KNOTS ( 'NONE', 3,
 ( #6265, #8194, #1664, #7589 ),
 .UNSPECIFIED., .F., .F.,
 ( 4, 4 ),
 ( 0.000000000000000000, 1.000000000000000000 ),
 .UNSPECIFIED. ) ;
#7216 = ORIENTED_EDGE ( 'NONE', *, *, #3800, .F. ) ;
#7217 = DIRECTION ( 'NONE',  ( -0.000000000000000000, -0.000000000000000000, -1.000000000000000000 ) ) ;
#7218 = VECTOR ( 'NONE', #1509, 1000.000000000000000 ) ;
#7219 = EDGE_CURVE ( 'NONE', #6362, #5554, #5153, .T. ) ;
#7220 = EDGE_CURVE ( 'NONE', #4643, #649, #1884, .T. ) ;
#7221 = ORIENTED_EDGE ( 'NONE', *, *, #2509, .F. ) ;
#7222 = VECTOR ( 'NONE', #1625, 1000.000000000000000 ) ;
#7223 = CARTESIAN_POINT ( 'NONE',  ( -1.326476844167053359, 0.1608833736747886101, -1.145000000000000240 ) ) ;
#7224 = ORIENTED_EDGE ( 'NONE', *, *, #1238, .T. ) ;
#7225 = CARTESIAN_POINT ( 'NONE',  ( 1.620234093675824161, -1.485875369962032561E-15, 0.8549999999999998712 ) ) ;
#7226 = CARTESIAN_POINT ( 'NONE',  ( 0.8735898146066566339, 0.1749999999999999889, -1.973589814606655946 ) ) ;
#7227 = VECTOR ( 'NONE', #224, 1000.000000000000114 ) ;
#7228 = VECTOR ( 'NONE', #992, 1000.000000000000000 ) ;
#7229 = CARTESIAN_POINT ( 'NONE',  ( 0.8873080666657234827, 1.239107712736259526, 1.913447485189807118 ) ) ;
#7230 = ORIENTED_EDGE ( 'NONE', *, *, #1830, .F. ) ;
#7231 = FACE_OUTER_BOUND ( 'NONE', #2652, .T. ) ;
#7232 = CIRCLE ( 'NONE', #3807, 0.03921214513997670070 ) ;
#7233 = VERTEX_POINT ( 'NONE', #4487 ) ;
#7234 = CARTESIAN_POINT ( 'NONE',  ( 0.9261308919290324182, 0.6000483567234962123, -2.099991473404947850 ) ) ;
#7235 = VECTOR ( 'NONE', #7292, 1000.000000000000000 ) ;
#7236 = VECTOR ( 'NONE', #976, 999.9999999999998863 ) ;
#7237 = AXIS2_PLACEMENT_3D ( 'NONE', #6346, #3678, #3033 ) ;
#7238 = PLANE ( 'NONE',  #3002 ) ;
#7239 = DIRECTION ( 'NONE',  ( 0.9975640502598246417, 0.06975647374411922397, -0.000000000000000000 ) ) ;
#7240 = DIRECTION ( 'NONE',  ( -0.000000000000000000, -0.000000000000000000, -1.000000000000000000 ) ) ;
#7241 = LINE ( 'NONE', #209, #4812 ) ;
#7242 = PLANE ( 'NONE',  #1124 ) ;
#7243 = AXIS2_PLACEMENT_3D ( 'NONE', #3597, #6226, #8245 ) ;
#7244 = AXIS2_PLACEMENT_3D ( 'NONE', #1985, #5168, #1900 ) ;
#7245 = ORIENTED_EDGE ( 'NONE', *, *, #440, .F. ) ;
#7246 = DIRECTION ( 'NONE',  ( 0.000000000000000000, 0.000000000000000000, 1.000000000000000000 ) ) ;
#7247 = CARTESIAN_POINT ( 'NONE',  ( 1.326476844167053359, 0.1608833736747886656, -1.145000000000000240 ) ) ;
#7248 = EDGE_LOOP ( 'NONE', ( #7245, #2193, #1779, #7768 ) ) ;
#7249 = DIRECTION ( 'NONE',  ( -1.000000000000000000, -0.000000000000000000, 0.000000000000000000 ) ) ;
#7250 = DIRECTION ( 'NONE',  ( -1.000000000000000000, -9.821212069593589627E-16, 0.000000000000000000 ) ) ;
#7251 = CARTESIAN_POINT ( 'NONE',  ( -1.289999999999983604, 0.4207878548600303970, 1.855000000000000204 ) ) ;
#7252 = ORIENTED_EDGE ( 'NONE', *, *, #5137, .F. ) ;
#7253 = VERTEX_POINT ( 'NONE', #3040 ) ;
#7254 = SURFACE_SIDE_STYLE ('',( #5950 ) ) ;
#7255 = ORIENTED_EDGE ( 'NONE', *, *, #1237, .T. ) ;
#7256 = VERTEX_POINT ( 'NONE', #5849 ) ;
#7257 = EDGE_CURVE ( 'NONE', #8014, #2844, #4319, .T. ) ;
#7258 = EDGE_CURVE ( 'NONE', #4126, #7929, #5013, .T. ) ;
#7259 = FACE_OUTER_BOUND ( 'NONE', #7548, .T. ) ;
#7260 = CARTESIAN_POINT ( 'NONE',  ( -0.9227646187833864477, 1.038023613325019356, 1.948904037307472192 ) ) ;
#7261 = CARTESIAN_POINT ( 'NONE',  ( -0.5999999999999996447, 1.050000000000000044, -1.550000000000000266 ) ) ;
#7262 = ORIENTED_EDGE ( 'NONE', *, *, #4048, .F. ) ;
#7263 = DIRECTION ( 'NONE',  ( -1.000000000000000000, 0.000000000000000000, -0.000000000000000000 ) ) ;
#7264 = DIRECTION ( 'NONE',  ( -0.06975647374411923785, -0.9975640502598246417, 0.000000000000000000 ) ) ;
#7265 = ORIENTED_EDGE ( 'NONE', *, *, #8433, .F. ) ;
#7266 = CARTESIAN_POINT ( 'NONE',  ( -1.289999999999983604, 0.4207878548600304525, 0.3549999999999999267 ) ) ;
#7267 = LINE ( 'NONE', #611, #6259 ) ;
#7268 = ADVANCED_FACE ( 'NONE', ( #5322 ), #1053, .F. ) ;
#7269 = FACE_OUTER_BOUND ( 'NONE', #3736, .T. ) ;
#7270 = EDGE_CURVE ( 'NONE', #2332, #7682, #8182, .T. ) ;
#7271 = LINE ( 'NONE', #5997, #7730 ) ;
#7272 = EDGE_CURVE ( 'NONE', #6201, #6829, #4260, .T. ) ;
#7273 = FILL_AREA_STYLE_COLOUR ( '', #2401 ) ;
#7274 = VERTEX_POINT ( 'NONE', #3030 ) ;
#7275 = AXIS2_PLACEMENT_3D ( 'NONE', #2010, #4657, #835 ) ;
#7276 = DIRECTION ( 'NONE',  ( 0.000000000000000000, 0.1736481776669273891, 0.9848077530122085754 ) ) ;
#7277 = VECTOR ( 'NONE', #7278, 1000.000000000000000 ) ;
#7278 = DIRECTION ( 'NONE',  ( -0.000000000000000000, 0.000000000000000000, 1.000000000000000000 ) ) ;
#7279 = VECTOR ( 'NONE', #47, 1000.000000000000000 ) ;
#7280 = DIRECTION ( 'NONE',  ( -1.000000000000000000, -0.000000000000000000, 0.000000000000000000 ) ) ;
#7281 = VECTOR ( 'NONE', #4514, 1000.000000000000114 ) ;
#7282 = DIRECTION ( 'NONE',  ( -1.000000000000000000, 0.000000000000000000, 0.000000000000000000 ) ) ;
#7283 = VECTOR ( 'NONE', #6020, 1000.000000000000000 ) ;
#7284 = DIRECTION ( 'NONE',  ( 0.000000000000000000, 0.000000000000000000, 1.000000000000000000 ) ) ;
#7285 = ORIENTED_EDGE ( 'NONE', *, *, #2554, .F. ) ;
#7286 = EDGE_LOOP ( 'NONE', ( #6865, #3860, #5151, #3550 ) ) ;
#7287 = CARTESIAN_POINT ( 'NONE',  ( 1.110787854860022517, 0.5999999999999913181, 1.354999999999999760 ) ) ;
#7288 = VERTEX_POINT ( 'NONE', #6808 ) ;
#7289 = CIRCLE ( 'NONE', #1394, 0.03921214513997670070 ) ;
#7290 = MECHANICAL_DESIGN_GEOMETRIC_PRESENTATION_REPRESENTATION (  '', ( #5115 ), #174 ) ;
#7291 = DIRECTION ( 'NONE',  ( -0.000000000000000000, -0.000000000000000000, -1.000000000000000000 ) ) ;
#7292 = DIRECTION ( 'NONE',  ( 0.000000000000000000, 0.000000000000000000, 1.000000000000000000 ) ) ;
#7293 = CLOSED_SHELL ( 'NONE', ( #3281, #7072, #1536, #5617, #5913, #197, #1440, #3664, #8488, #241, #87, #7480, #5969, #7521 ) ) ;
#7294 = LINE ( 'NONE', #673, #6417 ) ;
#7295 = AXIS2_PLACEMENT_3D ( 'NONE', #5512, #6032, #6108 ) ;
#7296 = DIRECTION ( 'NONE',  ( -1.000000000000000000, 0.000000000000000000, -0.000000000000000000 ) ) ;
#7297 = VERTEX_POINT ( 'NONE', #7445 ) ;
#7298 = ORIENTED_EDGE ( 'NONE', *, *, #191, .F. ) ;
#7299 = CARTESIAN_POINT ( 'NONE',  ( 1.000000000000000000, 0.5999999999999903189, 0.3549999999999999267 ) ) ;
#7300 = VERTEX_POINT ( 'NONE', #7614 ) ;
#7301 = ORIENTED_EDGE ( 'NONE', *, *, #5195, .F. ) ;
#7302 = VECTOR ( 'NONE', #7280, 1000.000000000000000 ) ;
#7303 = DIRECTION ( 'NONE',  ( -0.9975640502598243087, 0.06975647374412363710, 0.000000000000000000 ) ) ;
#7304 = LINE ( 'NONE', #6151, #2454 ) ;
#7305 = EDGE_CURVE ( 'NONE', #5426, #4507, #4835, .T. ) ;
#7306 = CIRCLE ( 'NONE', #4847, 0.1792121451399605880 ) ;
#7307 = ORIENTED_EDGE ( 'NONE', *, *, #4735, .F. ) ;
#7308 = EDGE_CURVE ( 'NONE', #1115, #1017, #909, .T. ) ;
#7309 = CYLINDRICAL_SURFACE ( 'NONE', #2439, 0.03921214513997670070 ) ;
#7310 = CARTESIAN_POINT ( 'NONE',  ( -0.8735898146066560788, 0.1749999999999999889, -1.973589814606655946 ) ) ;
#7311 = CARTESIAN_POINT ( 'NONE',  ( -0.9261308919290301978, 0.6000483567235030957, 2.099991473404946962 ) ) ;
#7312 = AXIS2_PLACEMENT_3D ( 'NONE', #6937, #949, #4829 ) ;
#7313 = DIRECTION ( 'NONE',  ( 1.000000000000000000, 0.000000000000000000, -0.000000000000000000 ) ) ;
#7314 = ADVANCED_FACE ( 'NONE', ( #8233 ), #7529, .F. ) ;
#7315 = ADVANCED_FACE ( 'NONE', ( #365 ), #6166, .T. ) ;
#7316 = DIRECTION ( 'NONE',  ( -1.000000000000000000, 0.000000000000000000, 0.000000000000000000 ) ) ;
#7317 = ORIENTED_EDGE ( 'NONE', *, *, #1437, .T. ) ;
#7318 = EDGE_CURVE ( 'NONE', #4608, #542, #8272, .T. ) ;
#7319 = DIRECTION ( 'NONE',  ( 0.000000000000000000, 0.000000000000000000, 1.000000000000000000 ) ) ;
#7320 = EDGE_CURVE ( 'NONE', #6579, #8346, #3575, .T. ) ;
#7321 = LINE ( 'NONE', #162, #6295 ) ;
#7322 = DIRECTION ( 'NONE',  ( 1.000000000000000000, 0.000000000000000000, 0.000000000000000000 ) ) ;
#7323 = DIRECTION ( 'NONE',  ( 0.000000000000000000, 0.000000000000000000, 1.000000000000000000 ) ) ;
#7324 = LINE ( 'NONE', #1526, #5791 ) ;
#7325 = DIRECTION ( 'NONE',  ( 0.000000000000000000, 0.000000000000000000, 1.000000000000000000 ) ) ;
#7326 = VERTEX_POINT ( 'NONE', #6772 ) ;
#7327 = EDGE_CURVE ( 'NONE', #2446, #8106, #3311, .T. ) ;
#7328 = EDGE_LOOP ( 'NONE', ( #8358, #1939, #5984, #6444 ) ) ;
#7329 = DIRECTION ( 'NONE',  ( -1.000000000000000000, 0.000000000000000000, 0.000000000000000000 ) ) ;
#7330 = VERTEX_POINT ( 'NONE', #1649 ) ;
#7331 = CARTESIAN_POINT ( 'NONE',  ( 1.149999999999999911, 0.4207878548600304525, -0.6450000000000001288 ) ) ;
#7332 = DIRECTION ( 'NONE',  ( 1.000000000000000000, 6.850403608759735123E-15, -0.000000000000000000 ) ) ;
#7333 = ORIENTED_EDGE ( 'NONE', *, *, #6524, .T. ) ;
#7334 = CARTESIAN_POINT ( 'NONE',  ( 1.000000000000000000, 0.4600000000000065148, 0.8549999999999998712 ) ) ;
#7335 = CARTESIAN_POINT ( 'NONE',  ( -0.9993447458788069504, 0.4562838692152603737, -2.069016554857223689 ) ) ;
#7336 = ORIENTED_EDGE ( 'NONE', *, *, #3885, .T. ) ;
#7337 = VERTEX_POINT ( 'NONE', #238 ) ;
#7338 = DIRECTION ( 'NONE',  ( -0.9975640502598246417, -0.06975647374411941826, 0.000000000000000000 ) ) ;
#7339 = EDGE_LOOP ( 'NONE', ( #8292, #7752, #860, #3836 ) ) ;
#7340 = EDGE_LOOP ( 'NONE', ( #2653, #144, #2550, #463 ) ) ;
#7341 = AXIS2_PLACEMENT_3D ( 'NONE', #779, #2127, #1468 ) ;
#7342 = FACE_OUTER_BOUND ( 'NONE', #4749, .T. ) ;
#7343 = DIRECTION ( 'NONE',  ( 0.000000000000000000, 0.1736481776669267785, 0.9848077530122086864 ) ) ;
#7344 = FACE_OUTER_BOUND ( 'NONE', #545, .T. ) ;
#7345 =( NAMED_UNIT ( * ) PLANE_ANGLE_UNIT ( ) SI_UNIT ( $, .RADIAN. ) );
#7346 = CARTESIAN_POINT ( 'NONE',  ( -1.316710937842878071, 0.02122440663842932104, 0.3549999999999999267 ) ) ;
#7347 = ORIENTED_EDGE ( 'NONE', *, *, #3993, .F. ) ;
#7348 = FACE_OUTER_BOUND ( 'NONE', #7928, .T. ) ;
#7349 = VECTOR ( 'NONE', #3995, 1000.000000000000000 ) ;
#7350 =( BOUNDED_SURFACE ( )  B_SPLINE_SURFACE ( 3, 3, ( 
 ( #6359, #423, #3042, #5637 ),
 ( #1719, #6180, #4283, #3084 ),
 ( #5028, #8246, #5720, #6822 ),
 ( #5683, #2372, #340, #3549 ) ),
 .UNSPECIFIED., .F., .F., .F. ) 
 B_SPLINE_SURFACE_WITH_KNOTS ( ( 4, 4 ),
 ( 4, 4 ),
 ( 0.000000000000000000, 1.000000000000000000 ),
 ( 0.000000000000000000, 1.000000000000000000 ),
 .UNSPECIFIED. ) 
 GEOMETRIC_REPRESENTATION_ITEM ( )  RATIONAL_B_SPLINE_SURFACE ( (
 ( 1.000000000000000000, 0.8422301520436455968, 0.8422301520436455968, 1.000000000000000000),
 ( 0.8422301520436460409, 0.7093516290114627587, 0.7093516290114627587, 0.8422301520436460409),
 ( 0.8422301520436460409, 0.7093516290114627587, 0.7093516290114627587, 0.8422301520436460409),
 ( 1.000000000000000000, 0.8422301520436455968, 0.8422301520436455968, 1.000000000000000000) ) ) 
 REPRESENTATION_ITEM ( '' )  SURFACE ( )  );
#7351 = DIRECTION ( 'NONE',  ( -1.000000000000000000, 0.000000000000000000, 0.000000000000000000 ) ) ;
#7352 = ADVANCED_FACE ( 'NONE', ( #8093 ), #4310, .F. ) ;
#7353 = CARTESIAN_POINT ( 'NONE',  ( 0.8489040373074722146, 1.099999999999999867, -1.987254051198542815 ) ) ;
#7354 = VECTOR ( 'NONE', #3481, 1000.000000000000000 ) ;
#7355 = CARTESIAN_POINT ( 'NONE',  ( 1.110787854860023183, 0.5999999999999903189, -1.855000000000000204 ) ) ;
#7356 = ORIENTED_EDGE ( 'NONE', *, *, #5866, .F. ) ;
#7357 = DIRECTION ( 'NONE',  ( -0.9975640502598246417, 0.06975647374411923785, 0.000000000000000000 ) ) ;
#7358 = FACE_OUTER_BOUND ( 'NONE', #624, .T. ) ;
#7359 = VECTOR ( 'NONE', #5440, 1000.000000000000114 ) ;
#7360 = EDGE_CURVE ( 'NONE', #8364, #6105, #2990, .T. ) ;
#7361 = EDGE_CURVE ( 'NONE', #6566, #2365, #2216, .T. ) ;
#7362 = AXIS2_PLACEMENT_3D ( 'NONE', #1982, #4586, #7206 ) ;
#7363 = FACE_OUTER_BOUND ( 'NONE', #4043, .T. ) ;
#7364 = CARTESIAN_POINT ( 'NONE',  ( -0.8735898146066560788, 0.1749999999999999889, -1.973589814606656834 ) ) ;
#7365 = COLOUR_RGB ( '',0.7921568627450980005, 0.8196078431372548767, 0.9333333333333333481 ) ;
#7366 =( NAMED_UNIT ( * ) PLANE_ANGLE_UNIT ( ) SI_UNIT ( $, .RADIAN. ) );
#7367 = EDGE_LOOP ( 'NONE', ( #6517, #2057, #2325, #721 ) ) ;
#7368 = CYLINDRICAL_SURFACE ( 'NONE', #4368, 0.03921214513997691581 ) ;
#7369 = ORIENTED_EDGE ( 'NONE', *, *, #5244, .F. ) ;
#7370 = VERTEX_POINT ( 'NONE', #5576 ) ;
#7371 = CIRCLE ( 'NONE', #3938, 0.1792121451399605880 ) ;
#7372 = ORIENTED_EDGE ( 'NONE', *, *, #8286, .F. ) ;
#7373 = CARTESIAN_POINT ( 'NONE',  ( -0.9690165548572220455, 0.6037161307847415115, -2.099344745878808371 ) ) ;
#7374 = EDGE_CURVE ( 'NONE', #8190, #1568, #6900, .T. ) ;
#7375 = CARTESIAN_POINT ( 'NONE',  ( 1.329212145139960777, 0.2000000000000000111, -1.145000000000000240 ) ) ;
#7376 = EDGE_CURVE ( 'NONE', #1147, #5111, #8137, .T. ) ;
#7377 = VECTOR ( 'NONE', #4031, 1000.000000000000000 ) ;
#7378 = CARTESIAN_POINT ( 'NONE',  ( -1.110787854860023183, 0.4207878548600303970, -0.1450000000000001565 ) ) ;
#7379 = STYLED_ITEM ( 'NONE', ( #6399 ), #4860 ) ;
#7380 = ORIENTED_EDGE ( 'NONE', *, *, #2655, .F. ) ;
#7381 = DIRECTION ( 'NONE',  ( 0.000000000000000000, -1.000000000000000000, 0.000000000000000000 ) ) ;
#7382 = CARTESIAN_POINT ( 'NONE',  ( -0.9690165548572216014, 0.4562838692152604847, -2.099344745878809260 ) ) ;
#7383 = ORIENTED_EDGE ( 'NONE', *, *, #8177, .F. ) ;
#7384 = VERTEX_POINT ( 'NONE', #413 ) ;
#7385 = CARTESIAN_POINT ( 'NONE',  ( -1.629999999999999671, 0.1396589670363589109, 1.855000000000000204 ) ) ;
#7386 = EDGE_LOOP ( 'NONE', ( #2287, #751, #156, #7815 ) ) ;
#7387 = EDGE_LOOP ( 'NONE', ( #3902, #7191, #1257, #638 ) ) ;
#7388 = VECTOR ( 'NONE', #3313, 1000.000000000000000 ) ;
#7389 = PLANE ( 'NONE',  #1513 ) ;
#7390 = LINE ( 'NONE', #267, #3323 ) ;
#7391 = CARTESIAN_POINT ( 'NONE',  ( -1.620234093675824161, -2.083034977450064059E-16, 0.8549999999999998712 ) ) ;
#7392 = FACE_OUTER_BOUND ( 'NONE', #1311, .T. ) ;
#7393 = EDGE_LOOP ( 'NONE', ( #1964, #2218, #5149, #2824, #2502, #15, #3011, #226, #1804, #217, #5362, #5438 ) ) ;
#7394 = ORIENTED_EDGE ( 'NONE', *, *, #4029, .T. ) ;
#7395 = DIRECTION ( 'NONE',  ( 1.000000000000000000, 0.000000000000000000, 0.000000000000000000 ) ) ;
#7396 = CARTESIAN_POINT ( 'NONE',  ( 1.000000000000000000, 0.4600000000000065148, 0.3549999999999999267 ) ) ;
#7397 = DIRECTION ( 'NONE',  ( -0.000000000000000000, -0.000000000000000000, -1.000000000000000000 ) ) ;
#7398 = CARTESIAN_POINT ( 'NONE',  ( 1.289999999999983826, 0.2000000000000000111, 1.855000000000000204 ) ) ;
#7399 = DIRECTION ( 'NONE',  ( 0.000000000000000000, 0.000000000000000000, 1.000000000000000000 ) ) ;
#7400 = CARTESIAN_POINT ( 'NONE',  ( 1.629999999999999671, 0.1396589670363576063, -0.6450000000000001288 ) ) ;
#7401 = EDGE_LOOP ( 'NONE', ( #7285, #2242, #5896, #2104 ) ) ;
#7402 = FACE_OUTER_BOUND ( 'NONE', #453, .T. ) ;
#7403 = DIRECTION ( 'NONE',  ( -1.000000000000000000, -0.000000000000000000, -0.000000000000000000 ) ) ;
#7404 = CARTESIAN_POINT ( 'NONE',  ( -1.620234093675824161, -2.083034977450064059E-16, -1.145000000000000240 ) ) ;
#7405 = EDGE_CURVE ( 'NONE', #7337, #1165, #5664, .T. ) ;
#7406 = CARTESIAN_POINT ( 'NONE',  ( -0.9999999999999995559, 6.851881339845204089, 2.100000000000000089 ) ) ;
#7407 = VERTEX_POINT ( 'NONE', #3715 ) ;
#7408 = EDGE_CURVE ( 'NONE', #4538, #2937, #4679, .T. ) ;
#7409 = ORIENTED_EDGE ( 'NONE', *, *, #8225, .T. ) ;
#7410 = VECTOR ( 'NONE', #6954, 1000.000000000000000 ) ;
#7411 = VECTOR ( 'NONE', #7467, 1000.000000000000000 ) ;
#7412 = DIRECTION ( 'NONE',  ( 0.9975640502598243087, -0.06975647374412363710, -0.000000000000000000 ) ) ;
#7413 = EDGE_CURVE ( 'NONE', #1562, #4886, #5179, .T. ) ;
#7414 = ORIENTED_EDGE ( 'NONE', *, *, #2244, .F. ) ;
#7415 = LINE ( 'NONE', #3506, #8333 ) ;
#7416 = EDGE_CURVE ( 'NONE', #1423, #8462, #2599, .T. ) ;
#7417 = DIRECTION ( 'NONE',  ( -0.000000000000000000, -0.000000000000000000, -1.000000000000000000 ) ) ;
#7418 = EDGE_LOOP ( 'NONE', ( #4714, #5587, #3375, #5130 ) ) ;
#7419 = STYLED_ITEM ( 'NONE', ( #1546 ), #4682 ) ;
#7420 = ORIENTED_EDGE ( 'NONE', *, *, #7700, .T. ) ;
#7421 = EDGE_CURVE ( 'NONE', #7603, #4673, #7780, .T. ) ;
#7422 = VECTOR ( 'NONE', #3368, 1000.000000000000114 ) ;
#7423 = VERTEX_POINT ( 'NONE', #3757 ) ;
#7424 = ADVANCED_FACE ( 'NONE', ( #3106 ), #3794, .F. ) ;
#7425 = ORIENTED_EDGE ( 'NONE', *, *, #248, .T. ) ;
#7426 = EDGE_CURVE ( 'NONE', #7621, #6070, #568, .T. ) ;
#7427 = AXIS2_PLACEMENT_3D ( 'NONE', #1307, #648, #2562 ) ;
#7428 = CARTESIAN_POINT ( 'NONE',  ( -0.9999999999999995559, 0.5999999999999912070, 2.100000000000000089 ) ) ;
#7429 = AXIS2_PLACEMENT_3D ( 'NONE', #3907, #5136, #1826 ) ;
#7430 = AXIS2_PLACEMENT_3D ( 'NONE', #646, #4562, #3994 ) ;
#7431 = LINE ( 'NONE', #1545, #5535 ) ;
#7432 = SURFACE_STYLE_USAGE ( .BOTH. , #3043 ) ;
#7433 = CARTESIAN_POINT ( 'NONE',  ( 1.289999999999983826, 0.2000000000000000111, 0.6449999999999999067 ) ) ;
#7434 = DIRECTION ( 'NONE',  ( 0.9848077530122086864, -0.1736481776669271393, 0.000000000000000000 ) ) ;
#7435 = CLOSED_SHELL ( 'NONE', ( #8063, #5127, #4168, #1862, #5653, #7945, #4161, #2668, #3583, #8325, #6472, #4872, #7749, #5082 ) ) ;
#7436 =( NAMED_UNIT ( * ) SI_UNIT ( $, .STERADIAN. ) SOLID_ANGLE_UNIT ( ) );
#7437 = DIRECTION ( 'NONE',  ( 0.000000000000000000, 0.000000000000000000, 1.000000000000000000 ) ) ;
#7438 = ORIENTED_EDGE ( 'NONE', *, *, #7972, .F. ) ;
#7439 = VECTOR ( 'NONE', #2473, 1000.000000000000000 ) ;
#7440 = DIRECTION ( 'NONE',  ( -0.1736481776669273891, -0.9848077530122085754, 0.000000000000000000 ) ) ;
#7441 = DIRECTION ( 'NONE',  ( -0.000000000000000000, -0.000000000000000000, -1.000000000000000000 ) ) ;
#7442 = CARTESIAN_POINT ( 'NONE',  ( 1.620234093675824161, -1.485875369962032561E-15, 1.354999999999999760 ) ) ;
#7443 = CARTESIAN_POINT ( 'NONE',  ( 0.8489040373074721035, 1.038023613325019578, -2.022764618783387203 ) ) ;
#7444 = ORIENTED_EDGE ( 'NONE', *, *, #4205, .T. ) ;
#7445 = CARTESIAN_POINT ( 'NONE',  ( 0.9999914734049476506, 0.4599516432765027862, -2.026130891929032618 ) ) ;
#7446 = FACE_OUTER_BOUND ( 'NONE', #3377, .T. ) ;
#7447 = ORIENTED_EDGE ( 'NONE', *, *, #5672, .T. ) ;
#7448 = DIRECTION ( 'NONE',  ( 1.000000000000000000, 6.850403608759735123E-15, -0.000000000000000000 ) ) ;
#7449 = VECTOR ( 'NONE', #1559, 1000.000000000000000 ) ;
#7450 = EDGE_CURVE ( 'NONE', #1500, #2887, #5224, .T. ) ;
#7451 = CARTESIAN_POINT ( 'NONE',  ( -1.326476844167053359, 0.1608833736747886656, 0.3549999999999999267 ) ) ;
#7452 = FACE_OUTER_BOUND ( 'NONE', #473, .T. ) ;
#7453 = DIRECTION ( 'NONE',  ( -1.000000000000000000, 0.000000000000000000, 0.000000000000000000 ) ) ;
#7454 = EDGE_CURVE ( 'NONE', #4019, #7546, #3146, .T. ) ;
#7455 = DIRECTION ( 'NONE',  ( 0.000000000000000000, -0.000000000000000000, 1.000000000000000000 ) ) ;
#7456 = EDGE_LOOP ( 'NONE', ( #3531, #5666, #8158, #3759, #6498, #7778, #4939, #5732, #5135, #7689, #6626, #754 ) ) ;
#7457 = VERTEX_POINT ( 'NONE', #4354 ) ;
#7458 = ADVANCED_FACE ( 'NONE', ( #1145 ), #8476, .F. ) ;
#7459 = ORIENTED_EDGE ( 'NONE', *, *, #6915, .F. ) ;
#7460 = LINE ( 'NONE', #1573, #370 ) ;
#7461 = EDGE_LOOP ( 'NONE', ( #1451, #8307, #7504, #5378 ) ) ;
#7462 = ORIENTED_EDGE ( 'NONE', *, *, #5051, .T. ) ;
#7463 = ORIENTED_EDGE ( 'NONE', *, *, #1187, .T. ) ;
#7464 = EDGE_LOOP ( 'NONE', ( #5029, #4008, #3996, #6387, #1278, #5219, #326, #7760, #2106, #5871, #4854, #5118 ) ) ;
#7465 = UNCERTAINTY_MEASURE_WITH_UNIT (LENGTH_MEASURE( 1.000000000000000082E-05 ), #1950, 'distance_accuracy_value', 'NONE');
#7466 = CARTESIAN_POINT ( 'NONE',  ( 1.329212145139960777, 0.2000000000000000111, -0.6450000000000001288 ) ) ;
#7467 = DIRECTION ( 'NONE',  ( 0.000000000000000000, 0.000000000000000000, 1.000000000000000000 ) ) ;
#7468 = EDGE_CURVE ( 'NONE', #1087, #4238, #1181, .T. ) ;
#7469 = CARTESIAN_POINT ( 'NONE',  ( 1.629999999999999671, 0.1396589670363576063, 1.354999999999999760 ) ) ;
#7470 = DIRECTION ( 'NONE',  ( -0.000000000000000000, 0.000000000000000000, 1.000000000000000000 ) ) ;
#7471 = EDGE_CURVE ( 'NONE', #34, #1479, #5746, .T. ) ;
#7472 = CARTESIAN_POINT ( 'NONE',  ( -1.289999999999983826, 0.1999999999999999833, 1.145000000000000018 ) ) ;
#7473 = LINE ( 'NONE', #8265, #4071 ) ;
#7474 = DIRECTION ( 'NONE',  ( 0.000000000000000000, -0.1736481776669271393, 0.9848077530122086864 ) ) ;
#7475 = VECTOR ( 'NONE', #8441, 1000.000000000000000 ) ;
#7476 = ORIENTED_EDGE ( 'NONE', *, *, #2596, .T. ) ;
#7477 = CARTESIAN_POINT ( 'NONE',  ( -0.8735898146066559677, 0.1619763866749804326, -2.047450396082572066 ) ) ;
#7478 = CARTESIAN_POINT ( 'NONE',  ( 1.620234093675824161, -1.463672932855430986E-15, -1.855000000000000204 ) ) ;
#7479 = LINE ( 'NONE', #1596, #2798 ) ;
#7480 = ADVANCED_FACE ( 'NONE', ( #1225 ), #1833, .F. ) ;
#7481 = CARTESIAN_POINT ( 'NONE',  ( 1.326476844167053137, 0.1608833736747886656, -0.1450000000000001565 ) ) ;
#7482 = DIRECTION ( 'NONE',  ( -1.000000000000000000, 0.000000000000000000, -0.000000000000000000 ) ) ;
#7483 = VERTEX_POINT ( 'NONE', #2526 ) ;
#7484 = DIRECTION ( 'NONE',  ( 0.000000000000000000, 0.000000000000000000, -1.000000000000000000 ) ) ;
#7485 = CARTESIAN_POINT ( 'NONE',  ( -0.9999999999999995559, 0.5999999999999912070, -0.1450000000000001565 ) ) ;
#7486 = ORIENTED_EDGE ( 'NONE', *, *, #2604, .F. ) ;
#7487 = CARTESIAN_POINT ( 'NONE',  ( -0.5999999999999996447, 1.050000000000000044, -1.700000000000000178 ) ) ;
#7488 = CARTESIAN_POINT ( 'NONE',  ( -1.150000000000000133, 0.2000000000000000111, -1.145000000000000240 ) ) ;
#7489 = DIRECTION ( 'NONE',  ( -0.000000000000000000, 1.000000000000000000, 0.000000000000000000 ) ) ;
#7490 = LINE ( 'NONE', #3722, #7961 ) ;
#7491 = ORIENTED_EDGE ( 'NONE', *, *, #7272, .F. ) ;
#7492 = VECTOR ( 'NONE', #3275, 1000.000000000000000 ) ;
#7493 = DIRECTION ( 'NONE',  ( -0.000000000000000000, -0.000000000000000000, -1.000000000000000000 ) ) ;
#7494 = ORIENTED_EDGE ( 'NONE', *, *, #4733, .T. ) ;
#7495 = ORIENTED_EDGE ( 'NONE', *, *, #2523, .F. ) ;
#7496 = VECTOR ( 'NONE', #6291, 1000.000000000000000 ) ;
#7497 = DIRECTION ( 'NONE',  ( -1.000000000000000000, 0.000000000000000000, 0.000000000000000000 ) ) ;
#7498 = FACE_OUTER_BOUND ( 'NONE', #7248, .T. ) ;
#7499 = LINE ( 'NONE', #4891, #7222 ) ;
#7500 = AXIS2_PLACEMENT_3D ( 'NONE', #6917, #1069, #7000 ) ;
#7501 = EDGE_LOOP ( 'NONE', ( #3891, #935, #8242, #2951 ) ) ;
#7502 = ORIENTED_EDGE ( 'NONE', *, *, #584, .F. ) ;
#7503 = COLOUR_RGB ( '',0.7921568627450980005, 0.8196078431372548767, 0.9333333333333333481 ) ;
#7504 = ORIENTED_EDGE ( 'NONE', *, *, #1118, .T. ) ;
#7505 = VERTEX_POINT ( 'NONE', #6418 ) ;
#7506 = VECTOR ( 'NONE', #3777, 1000.000000000000000 ) ;
#7507 = DIRECTION ( 'NONE',  ( -0.000000000000000000, -0.000000000000000000, -1.000000000000000000 ) ) ;
#7508 = LINE ( 'NONE', #1727, #3047 ) ;
#7509 = CIRCLE ( 'NONE', #520, 0.03921214513997691581 ) ;
#7510 = DIRECTION ( 'NONE',  ( -0.000000000000000000, -0.000000000000000000, -1.000000000000000000 ) ) ;
#7511 = CARTESIAN_POINT ( 'NONE',  ( -1.110787854860023183, 0.4207878548600303970, -1.645000000000000240 ) ) ;
#7512 = CARTESIAN_POINT ( 'NONE',  ( -1.149999999999999911, 0.4207878548600304525, 0.1449999999999999345 ) ) ;
#7513 = LINE ( 'NONE', #1731, #6067 ) ;
#7514 = DIRECTION ( 'NONE',  ( -1.000000000000000000, -6.912413033099766695E-16, 0.000000000000000000 ) ) ;
#7515 = SURFACE_STYLE_USAGE ( .BOTH. , #271 ) ;
#7516 = AXIS2_PLACEMENT_3D ( 'NONE', #1095, #1643, #1002 ) ;
#7517 = DIRECTION ( 'NONE',  ( 0.000000000000000000, 0.000000000000000000, 1.000000000000000000 ) ) ;
#7518 = VERTEX_POINT ( 'NONE', #4398 ) ;
#7519 = EDGE_CURVE ( 'NONE', #4810, #981, #8313, .T. ) ;
#7521 = ADVANCED_FACE ( 'NONE', ( #2440 ), #5055, .F. ) ;
#7520 =( NAMED_UNIT ( * ) PLANE_ANGLE_UNIT ( ) SI_UNIT ( $, .RADIAN. ) );
#7522 = CARTESIAN_POINT ( 'NONE',  ( 1.000000000000000000, 0.5999999999999903189, 1.855000000000000204 ) ) ;
#7523 = LINE ( 'NONE', #4251, #2860 ) ;
#7524 = DIRECTION ( 'NONE',  ( 0.000000000000000000, 0.000000000000000000, 1.000000000000000000 ) ) ;
#7525 = LINE ( 'NONE', #7398, #5140 ) ;
#7526 = FILL_AREA_STYLE ('',( #4308 ) ) ;
#7527 = ORIENTED_EDGE ( 'NONE', *, *, #2408, .T. ) ;
#7528 = EDGE_CURVE ( 'NONE', #2313, #544, #7744, .T. ) ;
#7529 = PLANE ( 'NONE',  #1959 ) ;
#7530 = CARTESIAN_POINT ( 'NONE',  ( -0.9228711319800371182, 1.037404390581547986, 1.948904037307471082 ) ) ;
#7531 = ORIENTED_EDGE ( 'NONE', *, *, #2237, .T. ) ;
#7533 = EDGE_CURVE ( 'NONE', #7457, #1615, #4443, .T. ) ;
#7532 = LINE ( 'NONE', #1653, #256 ) ;
#7534 = PLANE ( 'NONE',  #2647 ) ;
#7535 = EDGE_CURVE ( 'NONE', #7274, #4798, #1532, .T. ) ;
#7536 = EDGE_CURVE ( 'NONE', #3734, #342, #4272, .T. ) ;
#7537 = DIRECTION ( 'NONE',  ( 0.000000000000000000, 0.000000000000000000, -1.000000000000000000 ) ) ;
#7538 = PLANE ( 'NONE',  #5105 ) ;
#7539 = MANIFOLD_SOLID_BREP ( 'LPattern1[4]', #3321 ) ;
#7540 = CARTESIAN_POINT ( 'NONE',  ( -1.629999999999999671, 0.1396589670363589109, -1.855000000000000204 ) ) ;
#7541 = ORIENTED_EDGE ( 'NONE', *, *, #7942, .F. ) ;
#7542 = VERTEX_POINT ( 'NONE', #5270 ) ;
#7543 = LINE ( 'NONE', #1668, #6881 ) ;
#7544 = DIRECTION ( 'NONE',  ( 0.000000000000000000, 0.000000000000000000, -1.000000000000000000 ) ) ;
#7545 = ORIENTED_EDGE ( 'NONE', *, *, #6645, .T. ) ;
#7546 = VERTEX_POINT ( 'NONE', #1953 ) ;
#7547 = ORIENTED_EDGE ( 'NONE', *, *, #3112, .T. ) ;
#7548 = EDGE_LOOP ( 'NONE', ( #2876, #3348, #1949, #7632 ) ) ;
#7549 = VECTOR ( 'NONE', #65, 1000.000000000000000 ) ;
#7550 = MANIFOLD_SOLID_BREP ( 'LPattern1[10]', #5679 ) ;
#7551 = VECTOR ( 'NONE', #794, 1000.000000000000000 ) ;
#7552 = CARTESIAN_POINT ( 'NONE',  ( 1.110787854860023183, 0.4600000000000072919, 1.145000000000000018 ) ) ;
#7553 = DIRECTION ( 'NONE',  ( 1.000000000000000000, 6.850403608759735123E-15, -0.000000000000000000 ) ) ;
#7554 = DIRECTION ( 'NONE',  ( 1.000000000000000000, 1.964242413918717925E-15, -0.000000000000000000 ) ) ;
#7555 = AXIS2_PLACEMENT_3D ( 'NONE', #1948, #709, #7875 ) ;
#7556 = PLANE ( 'NONE',  #2023 ) ;
#7557 = VECTOR ( 'NONE', #5516, 1000.000000000000114 ) ;
#7558 = LINE ( 'NONE', #994, #4541 ) ;
#7559 = DIRECTION ( 'NONE',  ( -0.000000000000000000, 0.000000000000000000, 1.000000000000000000 ) ) ;
#7560 = ORIENTED_EDGE ( 'NONE', *, *, #3133, .T. ) ;
#7561 = FILL_AREA_STYLE ('',( #4954 ) ) ;
#7562 = LINE ( 'NONE', #7645, #3507 ) ;
#7563 = AXIS2_PLACEMENT_3D ( 'NONE', #2441, #4969, #5056 ) ;
#7564 = CARTESIAN_POINT ( 'NONE',  ( 0.8873080666657234827, 1.239107712736259526, -1.913447485189807340 ) ) ;
#7565 = VECTOR ( 'NONE', #1219, 1000.000000000000000 ) ;
#7566 = CARTESIAN_POINT ( 'NONE',  ( 1.629999999999999671, 0.1396589670363576063, -0.6450000000000001288 ) ) ;
#7567 = VECTOR ( 'NONE', #455, 1000.000000000000000 ) ;
#7568 = CARTESIAN_POINT ( 'NONE',  ( -1.629999999999999671, 0.1396589670363588831, 1.855000000000000204 ) ) ;
#7569 = ADVANCED_FACE ( 'NONE', ( #3442 ), #5396, .F. ) ;
#7570 = CLOSED_SHELL ( 'NONE', ( #3959, #4521, #6235, #738, #486, #2195, #2012, #844, #6074, #3337, #3425, #7458, #3024, #8355 ) ) ;
#7571 = EDGE_CURVE ( 'NONE', #6301, #1913, #7900, .T. ) ;
#7572 = DIRECTION ( 'NONE',  ( -0.000000000000000000, -0.000000000000000000, -1.000000000000000000 ) ) ;
#7573 = DIRECTION ( 'NONE',  ( -1.000000000000000000, 0.000000000000000000, 0.000000000000000000 ) ) ;
#7574 = ORIENTED_EDGE ( 'NONE', *, *, #5848, .T. ) ;
#7575 = AXIS2_PLACEMENT_3D ( 'NONE', #3742, #7554, #4575 ) ;
#7576 = CARTESIAN_POINT ( 'NONE',  ( 1.110787854860023183, 0.5999999999999903189, 1.645000000000000018 ) ) ;
#7577 = CARTESIAN_POINT ( 'NONE',  ( -1.329212145139960777, 0.2000000000000000111, 1.354999999999999760 ) ) ;
#7578 = DIRECTION ( 'NONE',  ( -1.000000000000000000, 0.000000000000000000, 0.000000000000000000 ) ) ;
#7579 = CARTESIAN_POINT ( 'NONE',  ( 0.9261308919290324182, 0.6000483567234962123, -2.099991473404947850 ) ) ;
#7580 = CYLINDRICAL_SURFACE ( 'NONE', #6467, 0.1792121451399605880 ) ;
#7581 = ADVANCED_FACE ( 'NONE', ( #4644 ), #7999, .T. ) ;
#7582 = LINE ( 'NONE', #6261, #6056 ) ;
#7583 = ORIENTED_EDGE ( 'NONE', *, *, #7073, .F. ) ;
#7584 = MANIFOLD_SOLID_BREP ( 'LPattern1[14]', #4838 ) ;
#7585 = EDGE_CURVE ( 'NONE', #2365, #4823, #1586, .T. ) ;
#7586 = AXIS2_PLACEMENT_3D ( 'NONE', #6957, #4374, #5277 ) ;
#7587 = FACE_OUTER_BOUND ( 'NONE', #323, .T. ) ;
#7588 = ORIENTED_EDGE ( 'NONE', *, *, #2071, .F. ) ;
#7589 = CARTESIAN_POINT ( 'NONE',  ( 1.000000000000000444, 0.5999999999999912070, 2.025000000000000799 ) ) ;
#7590 = FACE_OUTER_BOUND ( 'NONE', #6488, .T. ) ;
#7591 = AXIS2_PLACEMENT_3D ( 'NONE', #6459, #8431, #3066 ) ;
#7592 = ADVANCED_FACE ( 'NONE', ( #1384 ), #2205, .F. ) ;
#7593 = CARTESIAN_POINT ( 'NONE',  ( 1.000000000000000000, 0.5999999999999903189, 1.855000000000000204 ) ) ;
#7594 = DIRECTION ( 'NONE',  ( -6.850403608759735123E-15, 1.000000000000000000, 0.000000000000000000 ) ) ;
#7595 = ORIENTED_EDGE ( 'NONE', *, *, #4848, .T. ) ;
#7596 = ORIENTED_EDGE ( 'NONE', *, *, #8109, .T. ) ;
#7597 = VERTEX_POINT ( 'NONE', #1638 ) ;
#7598 = LINE ( 'NONE', #7428, #2998 ) ;
#7599 = CARTESIAN_POINT ( 'NONE',  ( -0.9188766864283698377, 0.1413643236975551942, 2.041214128597720112 ) ) ;
#7600 = CARTESIAN_POINT ( 'NONE',  ( 1.000000000000000000, 0.4600000000000065703, 0.8549999999999998712 ) ) ;
#7601 = DIRECTION ( 'NONE',  ( 0.9975640502598243087, -0.06975647374412471957, 0.000000000000000000 ) ) ;
#7602 = LINE ( 'NONE', #5609, #6147 ) ;
#7603 = VERTEX_POINT ( 'NONE', #2164 ) ;
#7604 = DIRECTION ( 'NONE',  ( 0.000000000000000000, 0.000000000000000000, 1.000000000000000000 ) ) ;
#7605 = EDGE_CURVE ( 'NONE', #5990, #1147, #3519, .T. ) ;
#7606 =( NAMED_UNIT ( * ) SI_UNIT ( $, .STERADIAN. ) SOLID_ANGLE_UNIT ( ) );
#7607 = CARTESIAN_POINT ( 'NONE',  ( -0.9999999999999995559, 0.4600000000000072919, 0.6449999999999999067 ) ) ;
#7608 = ORIENTED_EDGE ( 'NONE', *, *, #4171, .F. ) ;
#7609 = DIRECTION ( 'NONE',  ( -1.000000000000000000, 0.000000000000000000, 0.000000000000000000 ) ) ;
#7610 = CARTESIAN_POINT ( 'NONE',  ( 0.8735898146066565229, 0.1625956094184489442, 2.047556909279222292 ) ) ;
#7611 = CARTESIAN_POINT ( 'NONE',  ( 0.8489040373074716594, 1.100000000000000755, 1.948904037307470860 ) ) ;
#7612 = PRESENTATION_STYLE_ASSIGNMENT (( #4258 ) ) ;
#7613 = EDGE_LOOP ( 'NONE', ( #1197, #1790, #1742, #6396 ) ) ;
#7614 = CARTESIAN_POINT ( 'NONE',  ( 1.110787854860023183, 0.4600000000000072919, -0.8550000000000000933 ) ) ;
#7615 = CARTESIAN_POINT ( 'NONE',  ( -0.8489040373074709933, 1.100000000000000755, 1.948904037307470860 ) ) ;
#7616 = VERTEX_POINT ( 'NONE', #2842 ) ;
#7617 = CARTESIAN_POINT ( 'NONE',  ( -1.629999999999999671, 0.1396589670363588831, -0.1450000000000001565 ) ) ;
#7618 = LINE ( 'NONE', #7071, #1678 ) ;
#7619 = CARTESIAN_POINT ( 'NONE',  ( -1.150000000000000133, 0.1999999999999998168, -1.354999999999999982 ) ) ;
#7620 = EDGE_LOOP ( 'NONE', ( #6042, #4620, #4719, #7077 ) ) ;
#7621 = VERTEX_POINT ( 'NONE', #1042 ) ;
#7622 =( LENGTH_UNIT ( ) NAMED_UNIT ( * ) SI_UNIT ( .MILLI., .METRE. ) );
#7623 = EDGE_CURVE ( 'NONE', #1296, #342, #6762, .T. ) ;
#7624 = EDGE_CURVE ( 'NONE', #8030, #7603, #357, .T. ) ;
#7625 = AXIS2_PLACEMENT_3D ( 'NONE', #7141, #1954, #4563 ) ;
#7626 =( BOUNDED_CURVE ( )  B_SPLINE_CURVE ( 3, ( #7311, #6722, #4730, #2171 ),
 .UNSPECIFIED., .F., .F. ) 
 B_SPLINE_CURVE_WITH_KNOTS ( ( 4, 4 ),
 ( 2.371273620688819861, 3.911911686490766371 ),
 .UNSPECIFIED. ) 
 CURVE ( )  GEOMETRIC_REPRESENTATION_ITEM ( )  RATIONAL_B_SPLINE_CURVE ( ( 1.000000000000000000, 0.8117923620232487814, 0.8117923620232487814, 1.000000000000000000 ) ) 
 REPRESENTATION_ITEM ( '' )  );
#7627 = CARTESIAN_POINT ( 'NONE',  ( 1.110787854860023183, 0.4600000000000072919, -0.1450000000000001565 ) ) ;
#7628 = AXIS2_PLACEMENT_3D ( 'NONE', #8440, #2602, #6385 ) ;
#7629 = ORIENTED_EDGE ( 'NONE', *, *, #8047, .T. ) ;
#7630 = LINE ( 'NONE', #7001, #1457 ) ;
#7631 = VECTOR ( 'NONE', #3660, 1000.000000000000000 ) ;
#7632 = ORIENTED_EDGE ( 'NONE', *, *, #5970, .F. ) ;
#7633 = VERTEX_POINT ( 'NONE', #3483 ) ;
#7634 = ORIENTED_EDGE ( 'NONE', *, *, #149, .T. ) ;
#7635 = EDGE_CURVE ( 'NONE', #5770, #7002, #4905, .T. ) ;
#7636 = EDGE_CURVE ( 'NONE', #7423, #1510, #6154, .T. ) ;
#7637 = DIRECTION ( 'NONE',  ( 1.000000000000000000, -0.000000000000000000, 0.000000000000000000 ) ) ;
#7638 = CARTESIAN_POINT ( 'NONE',  ( 1.110787854860023183, 0.4207878548600303970, -0.1450000000000001565 ) ) ;
#7639 = VECTOR ( 'NONE', #1419, 1000.000000000000000 ) ;
#7640 = DIRECTION ( 'NONE',  ( -0.000000000000000000, -0.000000000000000000, -1.000000000000000000 ) ) ;
#7641 = VECTOR ( 'NONE', #3369, 1000.000000000000000 ) ;
#7642 = FACE_OUTER_BOUND ( 'NONE', #211, .T. ) ;
#7643 = CARTESIAN_POINT ( 'NONE',  ( 1.629999999999999671, 0.1396589670363576063, 0.3549999999999999267 ) ) ;
#7644 = DIRECTION ( 'NONE',  ( 1.000000000000000000, -0.000000000000000000, 0.000000000000000000 ) ) ;
#7645 = CARTESIAN_POINT ( 'NONE',  ( 1.150000000000000133, 0.4207878548600303970, 0.1449999999999999345 ) ) ;
#7646 = AXIS2_PLACEMENT_3D ( 'NONE', #5567, #7517, #6887 ) ;
#7647 = ORIENTED_EDGE ( 'NONE', *, *, #7635, .T. ) ;
#7648 = AXIS2_PLACEMENT_3D ( 'NONE', #176, #7250, #7931 ) ;
#7649 = DIRECTION ( 'NONE',  ( -0.000000000000000000, -0.000000000000000000, -1.000000000000000000 ) ) ;
#7650 = AXIS2_PLACEMENT_3D ( 'NONE', #2902, #1434, #8142 ) ;
#7651 = FACE_OUTER_BOUND ( 'NONE', #3666, .T. ) ;
#7652 = VECTOR ( 'NONE', #160, 1000.000000000000000 ) ;
#7653 = MANIFOLD_SOLID_BREP ( 'LPattern1[9]', #7162 ) ;
#7654 = PLANE ( 'NONE',  #2519 ) ;
#7655 = LINE ( 'NONE', #5660, #2081 ) ;
#7656 = AXIS2_PLACEMENT_3D ( 'NONE', #1739, #6803, #3025 ) ;
#7657 = SURFACE_STYLE_FILL_AREA ( #7526 ) ;
#7658 = AXIS2_PLACEMENT_3D ( 'NONE', #2952, #4317, #6864 ) ;
#7659 = ADVANCED_FACE ( 'NONE', ( #5517 ), #8172, .T. ) ;
#7660 = DIRECTION ( 'NONE',  ( -0.000000000000000000, -1.000000000000000000, -0.000000000000000000 ) ) ;
#7661 = DIRECTION ( 'NONE',  ( 0.9848077530122085754, 0.1736481776669273891, -0.000000000000000000 ) ) ;
#7662 = ORIENTED_EDGE ( 'NONE', *, *, #2748, .F. ) ;
#7663 = DIRECTION ( 'NONE',  ( 0.000000000000000000, 0.000000000000000000, 1.000000000000000000 ) ) ;
#7664 = DIRECTION ( 'NONE',  ( -6.850403608759735123E-15, 1.000000000000000000, 0.000000000000000000 ) ) ;
#7665 = LINE ( 'NONE', #4406, #6329 ) ;
#7666 = EDGE_LOOP ( 'NONE', ( #660, #5207, #6911, #3367 ) ) ;
#7667 = MANIFOLD_SOLID_BREP ( 'Boss-Extrude2[2]', #7570 ) ;
#7668 = CARTESIAN_POINT ( 'NONE',  ( 1.110787854860023183, 0.4207878548600303970, -0.8550000000000000933 ) ) ;
#7669 = VERTEX_POINT ( 'NONE', #5695 ) ;
#7670 = SURFACE_STYLE_FILL_AREA ( #4367 ) ;
#7671 = DIRECTION ( 'NONE',  ( 1.000000000000000000, -0.000000000000000000, 0.000000000000000000 ) ) ;
#7672 = CARTESIAN_POINT ( 'NONE',  ( 1.289999999999983604, 0.4207878548600304525, -1.645000000000000240 ) ) ;
#7673 = CARTESIAN_POINT ( 'NONE',  ( -1.149999999999999911, 0.4207878548600304525, -1.855000000000000204 ) ) ;
#7674 = EDGE_CURVE ( 'NONE', #2978, #2690, #7473, .T. ) ;
#7675 = VERTEX_POINT ( 'NONE', #5779 ) ;
#7676 = DIRECTION ( 'NONE',  ( 1.964242413918717925E-15, -1.000000000000000000, -0.000000000000000000 ) ) ;
#7677 = ADVANCED_FACE ( 'NONE', ( #8383 ), #5132, .F. ) ;
#7678 = CARTESIAN_POINT ( 'NONE',  ( 1.150000000000000133, 0.2000000000000000111, 1.855000000000000204 ) ) ;
#7679 = SURFACE_STYLE_FILL_AREA ( #3847 ) ;
#7680 = ORIENTED_EDGE ( 'NONE', *, *, #3144, .T. ) ;
#7681 = VERTEX_POINT ( 'NONE', #6330 ) ;
#7682 = VERTEX_POINT ( 'NONE', #3862 ) ;
#7683 = LINE ( 'NONE', #5163, #1905 ) ;
#7684 = DIRECTION ( 'NONE',  ( 0.000000000000000000, 0.000000000000000000, 1.000000000000000000 ) ) ;
#7685 = DIRECTION ( 'NONE',  ( 1.000000000000000000, -9.786290869656726145E-16, 0.000000000000000000 ) ) ;
#7686 = EDGE_CURVE ( 'NONE', #7669, #1060, #5048, .T. ) ;
#7687 = ADVANCED_FACE ( 'NONE', ( #6974 ), #2393, .F. ) ;
#7688 = PLANE ( 'NONE',  #1125 ) ;
#7689 = ORIENTED_EDGE ( 'NONE', *, *, #4471, .T. ) ;
#7690 = CIRCLE ( 'NONE', #1251, 0.07500000000000019151 ) ;
#7691 = DIRECTION ( 'NONE',  ( -0.000000000000000000, -0.000000000000000000, -1.000000000000000000 ) ) ;
#7692 = EDGE_CURVE ( 'NONE', #7134, #2976, #5735, .T. ) ;
#7693 = CARTESIAN_POINT ( 'NONE',  ( 1.000000000000000000, 0.4600000000000065148, 1.354999999999999760 ) ) ;
#7694 = PLANE ( 'NONE',  #6144 ) ;
#7695 = ORIENTED_EDGE ( 'NONE', *, *, #6649, .T. ) ;
#7696 = DIRECTION ( 'NONE',  ( -0.000000000000000000, -0.000000000000000000, -1.000000000000000000 ) ) ;
#7697 = VECTOR ( 'NONE', #8311, 1000.000000000000000 ) ;
#7698 = VECTOR ( 'NONE', #6795, 1000.000000000000000 ) ;
#7699 = DIRECTION ( 'NONE',  ( -1.000000000000000000, 1.964242413918717925E-15, 0.000000000000000000 ) ) ;
#7700 = EDGE_CURVE ( 'NONE', #1931, #1265, #1735, .T. ) ;
#7701 = ORIENTED_EDGE ( 'NONE', *, *, #7825, .F. ) ;
#7702 = DIRECTION ( 'NONE',  ( 0.000000000000000000, 0.1736481776669271671, -0.9848077530122086864 ) ) ;
#7703 = LINE ( 'NONE', #1267, #4830 ) ;
#7704 = ORIENTED_EDGE ( 'NONE', *, *, #6524, .F. ) ;
#7705 = VECTOR ( 'NONE', #7122, 1000.000000000000000 ) ;
#7706 = DIRECTION ( 'NONE',  ( 0.000000000000000000, 0.000000000000000000, 1.000000000000000000 ) ) ;
#7707 = DIRECTION ( 'NONE',  ( -1.964242413918717925E-15, 1.000000000000000000, 0.000000000000000000 ) ) ;
#7708 = VECTOR ( 'NONE', #1008, 1000.000000000000000 ) ;
#7709 = UNCERTAINTY_MEASURE_WITH_UNIT (LENGTH_MEASURE( 1.000000000000000082E-05 ), #1475, 'distance_accuracy_value', 'NONE');
#7710 = AXIS2_PLACEMENT_3D ( 'NONE', #4393, #7180, #1946 ) ;
#7711 = DIRECTION ( 'NONE',  ( -0.000000000000000000, -0.000000000000000000, -1.000000000000000000 ) ) ;
#7712 = STYLED_ITEM ( 'NONE', ( #150 ), #7550 ) ;
#7713 = ORIENTED_EDGE ( 'NONE', *, *, #1327, .T. ) ;
#7714 = CARTESIAN_POINT ( 'NONE',  ( 1.110787854860023183, 0.4600000000000072919, 0.1449999999999999345 ) ) ;
#7715 = ORIENTED_EDGE ( 'NONE', *, *, #2468, .T. ) ;
#7716 = CARTESIAN_POINT ( 'NONE',  ( -1.289999999999983604, 0.4207878548600304525, -0.3550000000000000377 ) ) ;
#7717 = ADVANCED_FACE ( 'NONE', ( #6373 ), #7016, .T. ) ;
#7718 = CARTESIAN_POINT ( 'NONE',  ( -1.150000000000000133, 0.1999999999999998168, 1.145000000000000018 ) ) ;
#7719 = AXIS2_PLACEMENT_3D ( 'NONE', #8229, #4962, #1788 ) ;
#7720 = CARTESIAN_POINT ( 'NONE',  ( -1.620234093675824161, -2.083034977450064059E-16, 1.144999999999999796 ) ) ;
#7721 = DIRECTION ( 'NONE',  ( 0.9975640502598243087, -0.06975647374412463630, 0.000000000000000000 ) ) ;
#7722 = MECHANICAL_DESIGN_GEOMETRIC_PRESENTATION_REPRESENTATION (  '', ( #4293 ), #8412 ) ;
#7723 = EDGE_LOOP ( 'NONE', ( #4607, #7733, #934, #6662 ) ) ;
#7724 = DIRECTION ( 'NONE',  ( -0.000000000000000000, -0.000000000000000000, -1.000000000000000000 ) ) ;
#7725 = ORIENTED_EDGE ( 'NONE', *, *, #1980, .F. ) ;
#7726 = ORIENTED_EDGE ( 'NONE', *, *, #855, .T. ) ;
#7727 = ORIENTED_EDGE ( 'NONE', *, *, #761, .T. ) ;
#7728 = EDGE_CURVE ( 'NONE', #4472, #5704, #2204, .T. ) ;
#7729 = LINE ( 'NONE', #7088, #42 ) ;
#7730 = VECTOR ( 'NONE', #6676, 1000.000000000000114 ) ;
#7731 = FACE_OUTER_BOUND ( 'NONE', #7787, .T. ) ;
#7732 = DIRECTION ( 'NONE',  ( -1.000000000000000000, 0.000000000000000000, 0.000000000000000000 ) ) ;
#7733 = ORIENTED_EDGE ( 'NONE', *, *, #7074, .F. ) ;
#7734 = FACE_OUTER_BOUND ( 'NONE', #3104, .T. ) ;
#7735 = CARTESIAN_POINT ( 'NONE',  ( 0.9250000000000004885, 6.851881339845204089, 2.025000000000000355 ) ) ;
#7736 = DIRECTION ( 'NONE',  ( -0.000000000000000000, -0.000000000000000000, -1.000000000000000000 ) ) ;
#7737 = ORIENTED_EDGE ( 'NONE', *, *, #4659, .F. ) ;
#7738 = ADVANCED_FACE ( 'NONE', ( #3098 ), #1822, .F. ) ;
#7739 = LINE ( 'NONE', #484, #2378 ) ;
#7740 = FACE_OUTER_BOUND ( 'NONE', #7939, .T. ) ;
#7741 = CARTESIAN_POINT ( 'NONE',  ( 0.8872540511985427258, 1.100000000000000977, 1.987254051198542371 ) ) ;
#7742 = VERTEX_POINT ( 'NONE', #7058 ) ;
#7743 = ORIENTED_EDGE ( 'NONE', *, *, #6434, .F. ) ;
#7744 = LINE ( 'NONE', #3230, #2906 ) ;
#7745 = CARTESIAN_POINT ( 'NONE',  ( -0.5999999999999996447, 1.100000000000000089, -1.550000000000000266 ) ) ;
#7746 = ORIENTED_EDGE ( 'NONE', *, *, #6394, .T. ) ;
#7747 = CARTESIAN_POINT ( 'NONE',  ( 1.329212145139960777, 0.2000000000000000111, -0.3550000000000000377 ) ) ;
#7748 = PLANE ( 'NONE',  #1570 ) ;
#7749 = ADVANCED_FACE ( 'NONE', ( #1172 ), #5828, .F. ) ;
#7750 = ADVANCED_FACE ( 'NONE', ( #6409 ), #1213, .T. ) ;
#7751 = ORIENTED_EDGE ( 'NONE', *, *, #7026, .T. ) ;
#7752 = ORIENTED_EDGE ( 'NONE', *, *, #3333, .F. ) ;
#7753 = DIRECTION ( 'NONE',  ( -1.000000000000000000, -4.147447819859882894E-15, 0.000000000000000000 ) ) ;
#7754 = FACE_OUTER_BOUND ( 'NONE', #6473, .T. ) ;
#7755 = DIRECTION ( 'NONE',  ( -1.000000000000000000, 0.000000000000000000, 0.000000000000000000 ) ) ;
#7756 = CARTESIAN_POINT ( 'NONE',  ( 0.000000000000000000, 1.100000000000000089, -1.948904037307471526 ) ) ;
#7757 = EDGE_LOOP ( 'NONE', ( #7574, #376, #2238, #152 ) ) ;
#7758 = CARTESIAN_POINT ( 'NONE',  ( -1.629999999999999671, 0.1396589670363589109, -1.355000000000000204 ) ) ;
#7759 = ORIENTED_EDGE ( 'NONE', *, *, #3383, .T. ) ;
#7760 = ORIENTED_EDGE ( 'NONE', *, *, #2759, .T. ) ;
#7761 = ORIENTED_EDGE ( 'NONE', *, *, #6760, .F. ) ;
#7762 = DIRECTION ( 'NONE',  ( -0.000000000000000000, -0.000000000000000000, -1.000000000000000000 ) ) ;
#7763 = DIRECTION ( 'NONE',  ( -1.000000000000000000, 0.000000000000000000, 0.000000000000000000 ) ) ;
#7764 = DIRECTION ( 'NONE',  ( -1.000000000000000000, 0.000000000000000000, 0.000000000000000000 ) ) ;
#7765 = VECTOR ( 'NONE', #6246, 1000.000000000000000 ) ;
#7766 = CARTESIAN_POINT ( 'NONE',  ( -1.110787854860023183, 0.4207878548600303970, 1.855000000000000204 ) ) ;
#7767 = PLANE ( 'NONE',  #975 ) ;
#7768 = ORIENTED_EDGE ( 'NONE', *, *, #2711, .F. ) ;
#7769 = STYLED_ITEM ( 'NONE', ( #3522 ), #3825 ) ;
#7770 = DIRECTION ( 'NONE',  ( -1.000000000000000000, -9.821212069593589627E-16, 0.000000000000000000 ) ) ;
#7771 = LINE ( 'NONE', #1861, #2017 ) ;
#7772 = VERTEX_POINT ( 'NONE', #4672 ) ;
#7773 = CIRCLE ( 'NONE', #5745, 0.1792121451399605880 ) ;
#7774 = CARTESIAN_POINT ( 'NONE',  ( -1.110787854860023183, 0.4207878548600303970, -0.1450000000000001565 ) ) ;
#7775 = LINE ( 'NONE', #1909, #5965 ) ;
#7776 = ORIENTED_EDGE ( 'NONE', *, *, #8447, .F. ) ;
#7777 = EDGE_CURVE ( 'NONE', #4766, #1465, #7809, .T. ) ;
#7778 = ORIENTED_EDGE ( 'NONE', *, *, #1013, .T. ) ;
#7779 = ADVANCED_FACE ( 'NONE', ( #4553 ), #5863, .F. ) ;
#7780 = LINE ( 'NONE', #3193, #699 ) ;
#7781 = CARTESIAN_POINT ( 'NONE',  ( -0.9999999999999995559, 0.5999999999999912070, -2.025000000000000355 ) ) ;
#7782 = ORIENTED_EDGE ( 'NONE', *, *, #4006, .T. ) ;
#7783 = DIRECTION ( 'NONE',  ( -1.000000000000000000, 0.000000000000000000, 0.000000000000000000 ) ) ;
#7784 = CARTESIAN_POINT ( 'NONE',  ( -1.289999999999983826, 0.4207878548600303970, -1.645000000000000240 ) ) ;
#7785 = CIRCLE ( 'NONE', #8350, 0.03921214513997691581 ) ;
#7786 = CIRCLE ( 'NONE', #7918, 0.03921214513997691581 ) ;
#7787 = EDGE_LOOP ( 'NONE', ( #4477, #4467, #1820, #7165 ) ) ;
#7788 = EDGE_CURVE ( 'NONE', #6229, #1383, #2753, .T. ) ;
#7789 = EDGE_CURVE ( 'NONE', #2700, #2177, #4720, .T. ) ;
#7790 = ORIENTED_EDGE ( 'NONE', *, *, #6696, .T. ) ;
#7791 = EDGE_CURVE ( 'NONE', #2620, #6743, #6616, .T. ) ;
#7792 = ORIENTED_EDGE ( 'NONE', *, *, #686, .T. ) ;
#7793 = CARTESIAN_POINT ( 'NONE',  ( 1.620234093675824161, -1.463672932855430986E-15, 0.1449999999999999345 ) ) ;
#7794 = DIRECTION ( 'NONE',  ( 1.000000000000000000, -9.786290869656726145E-16, 0.000000000000000000 ) ) ;
#7795 = CIRCLE ( 'NONE', #2472, 0.03921214513997691581 ) ;
#7796 = CARTESIAN_POINT ( 'NONE',  ( -0.8489040373074707713, 1.025000000000000133, -1.948904037307471748 ) ) ;
#7797 = ADVANCED_FACE ( 'NONE', ( #3945 ), #4072, .F. ) ;
#7798 = VERTEX_POINT ( 'NONE', #7299 ) ;
#7799 = DIRECTION ( 'NONE',  ( -0.06975647374411922397, 0.9975640502598246417, 0.000000000000000000 ) ) ;
#7800 = VERTEX_POINT ( 'NONE', #678 ) ;
#7801 = ORIENTED_EDGE ( 'NONE', *, *, #3750, .F. ) ;
#7802 = ORIENTED_EDGE ( 'NONE', *, *, #2864, .T. ) ;
#7803 = CARTESIAN_POINT ( 'NONE',  ( 1.326476844167053137, 0.1608833736747886656, 1.354999999999999760 ) ) ;
#7804 = DIRECTION ( 'NONE',  ( -1.964242413918717925E-15, -1.000000000000000000, 0.000000000000000000 ) ) ;
#7805 = LINE ( 'NONE', #4023, #3669 ) ;
#7806 = CARTESIAN_POINT ( 'NONE',  ( 1.110787854860023183, 0.4207878548600303970, 0.1449999999999999345 ) ) ;
#7807 = CARTESIAN_POINT ( 'NONE',  ( -0.8847743266540478713, 0.1666929871352587911, -2.047556909279222737 ) ) ;
#7808 = ORIENTED_EDGE ( 'NONE', *, *, #3035, .F. ) ;
#7809 = LINE ( 'NONE', #7177, #5326 ) ;
#7810 = LINE ( 'NONE', #5133, #4741 ) ;
#7811 = VERTEX_POINT ( 'NONE', #2030 ) ;
#7812 = ADVANCED_FACE ( 'NONE', ( #7990 ), #2631, .T. ) ;
#7813 = CARTESIAN_POINT ( 'NONE',  ( 1.110787854860023183, 0.4600000000000072919, -1.145000000000000240 ) ) ;
#7814 = DIRECTION ( 'NONE',  ( 1.000000000000000000, -0.000000000000000000, 0.000000000000000000 ) ) ;
#7815 = ORIENTED_EDGE ( 'NONE', *, *, #3165, .F. ) ;
#7816 = ORIENTED_EDGE ( 'NONE', *, *, #2923, .T. ) ;
#7817 = CARTESIAN_POINT ( 'NONE',  ( -1.110787854860023183, 0.4600000000000070699, 1.855000000000000204 ) ) ;
#7818 = FACE_OUTER_BOUND ( 'NONE', #1489, .T. ) ;
#7819 = VERTEX_POINT ( 'NONE', #4026 ) ;
#7820 = PLANE ( 'NONE',  #2983 ) ;
#7821 = DIRECTION ( 'NONE',  ( 1.000000000000000000, -9.786290869656726145E-16, 0.000000000000000000 ) ) ;
#7822 = CIRCLE ( 'NONE', #2760, 0.03921214513997670070 ) ;
#7823 = AXIS2_PLACEMENT_3D ( 'NONE', #1248, #8421, #1204 ) ;
#7824 = EDGE_CURVE ( 'NONE', #4507, #886, #5263, .T. ) ;
#7825 = EDGE_CURVE ( 'NONE', #2245, #7927, #2115, .T. ) ;
#7826 = DIRECTION ( 'NONE',  ( -0.000000000000000000, -0.000000000000000000, -1.000000000000000000 ) ) ;
#7827 = VERTEX_POINT ( 'NONE', #6531 ) ;
#7828 = VECTOR ( 'NONE', #6574, 1000.000000000000000 ) ;
#7829 = VERTEX_POINT ( 'NONE', #2066 ) ;
#7830 = ORIENTED_EDGE ( 'NONE', *, *, #8167, .F. ) ;
#7831 = DIRECTION ( 'NONE',  ( 0.9975640502598246417, 0.06975647374411922397, -0.000000000000000000 ) ) ;
#7832 = AXIS2_PLACEMENT_3D ( 'NONE', #8183, #5101, #3107 ) ;
#7833 = VECTOR ( 'NONE', #5374, 1000.000000000000000 ) ;
#7834 = EDGE_CURVE ( 'NONE', #1510, #5279, #2675, .T. ) ;
#7835 = VECTOR ( 'NONE', #3117, 1000.000000000000000 ) ;
#7836 = CARTESIAN_POINT ( 'NONE',  ( 1.289999999999983604, 0.4207878548600305080, -0.1450000000000001565 ) ) ;
#7837 = CARTESIAN_POINT ( 'NONE',  ( -0.9999999999999995559, 0.4600000000000072919, 2.100000000000000089 ) ) ;
#7838 = EDGE_CURVE ( 'NONE', #1406, #2245, #636, .T. ) ;
#7839 = CARTESIAN_POINT ( 'NONE',  ( -0.5999999999999996447, 1.050000000000000044, -1.550000000000000266 ) ) ;
#7840 = DIRECTION ( 'NONE',  ( 1.000000000000000000, 0.000000000000000000, -0.000000000000000000 ) ) ;
#7841 = ORIENTED_EDGE ( 'NONE', *, *, #6839, .F. ) ;
#7842 = VECTOR ( 'NONE', #3701, 1000.000000000000000 ) ;
#7843 = ORIENTED_EDGE ( 'NONE', *, *, #8278, .T. ) ;
#7844 = VERTEX_POINT ( 'NONE', #1453 ) ;
#7845 = ORIENTED_EDGE ( 'NONE', *, *, #3763, .F. ) ;
#7846 = DIRECTION ( 'NONE',  ( -1.000000000000000000, 0.000000000000000000, 0.000000000000000000 ) ) ;
#7847 = EDGE_CURVE ( 'NONE', #3297, #6542, #3983, .T. ) ;
#7848 = CARTESIAN_POINT ( 'NONE',  ( -1.110787854860023183, 0.4600000000000072919, -1.855000000000000204 ) ) ;
#7849 = MANIFOLD_SOLID_BREP ( 'LPattern1[11]', #7293 ) ;
#7850 = EDGE_CURVE ( 'NONE', #1670, #7297, #4109, .T. ) ;
#7851 = DIRECTION ( 'NONE',  ( -0.9848077530122086864, -0.1736481776669271393, 0.000000000000000000 ) ) ;
#7852 = LINE ( 'NONE', #6573, #8049 ) ;
#7853 = LINE ( 'NONE', #1372, #6348 ) ;
#7854 = CARTESIAN_POINT ( 'NONE',  ( 1.326476844167053359, 0.1608833736747886656, 1.145000000000000018 ) ) ;
#7855 = ORIENTED_EDGE ( 'NONE', *, *, #4801, .F. ) ;
#7856 = CARTESIAN_POINT ( 'NONE',  ( -1.326476844167053359, 0.1608833736747886656, -1.355000000000000204 ) ) ;
#7857 = LINE ( 'NONE', #7214, #8043 ) ;
#7858 = AXIS2_PLACEMENT_3D ( 'NONE', #4989, #3007, #5922 ) ;
#7859 = ORIENTED_EDGE ( 'NONE', *, *, #3993, .T. ) ;
#7860 = CARTESIAN_POINT ( 'NONE',  ( -1.289999999999983604, 0.4207878548600304525, -1.855000000000000204 ) ) ;
#7861 = CARTESIAN_POINT ( 'NONE',  ( -0.9999999999999995559, 0.5999999999999912070, 2.100000000000000089 ) ) ;
#7862 = MANIFOLD_SOLID_BREP ( 'LPattern1[2]', #6896 ) ;
#7863 = EDGE_LOOP ( 'NONE', ( #2586, #5190, #821, #8331 ) ) ;
#7864 = FILL_AREA_STYLE_COLOUR ( '', #2380 ) ;
#7865 = CARTESIAN_POINT ( 'NONE',  ( -1.329212145139960777, 0.2000000000000000111, 1.354999999999999760 ) ) ;
#7866 = CARTESIAN_POINT ( 'NONE',  ( -1.629999999999999671, 0.1396589670363589109, 0.3549999999999999267 ) ) ;
#7867 = FILL_AREA_STYLE ('',( #5318 ) ) ;
#7868 = CARTESIAN_POINT ( 'NONE',  ( 1.110787854860023183, 0.4600000000000072919, -0.1450000000000001565 ) ) ;
#7869 = ORIENTED_EDGE ( 'NONE', *, *, #3324, .T. ) ;
#7870 = ORIENTED_EDGE ( 'NONE', *, *, #1342, .F. ) ;
#7871 = CARTESIAN_POINT ( 'NONE',  ( -1.629999999999999671, 0.1396589670363589109, -1.645000000000000240 ) ) ;
#7872 = CYLINDRICAL_SURFACE ( 'NONE', #5106, 0.07499999999999998335 ) ;
#7873 = LINE ( 'NONE', #1361, #3602 ) ;
#7874 = CARTESIAN_POINT ( 'NONE',  ( 1.326476844167053359, 0.1608833736747886656, -1.855000000000000204 ) ) ;
#7875 = DIRECTION ( 'NONE',  ( -1.000000000000000000, 0.000000000000000000, 0.000000000000000000 ) ) ;
#7876 = EDGE_CURVE ( 'NONE', #7597, #3879, #1756, .T. ) ;
#7877 = CIRCLE ( 'NONE', #4042, 0.07499999999999998335 ) ;
#7878 = CARTESIAN_POINT ( 'NONE',  ( -0.9412141285977203564, 0.1247737546427837019, -1.973589814606655946 ) ) ;
#7879 = ORIENTED_EDGE ( 'NONE', *, *, #2452, .T. ) ;
#7880 = EDGE_CURVE ( 'NONE', #4525, #1111, #2323, .T. ) ;
#7881 = CARTESIAN_POINT ( 'NONE',  ( -0.5999999999999996447, 1.050000000000000044, -1.700000000000000178 ) ) ;
#7882 = ORIENTED_EDGE ( 'NONE', *, *, #4918, .T. ) ;
#7883 = ORIENTED_EDGE ( 'NONE', *, *, #6425, .T. ) ;
#7884 = CARTESIAN_POINT ( 'NONE',  ( 1.110787854860023183, 0.4207878548600303970, 1.855000000000000204 ) ) ;
#7885 = DIRECTION ( 'NONE',  ( 0.000000000000000000, 0.000000000000000000, 1.000000000000000000 ) ) ;
#7886 = MANIFOLD_SOLID_BREP ( 'LPattern1[8]', #4556 ) ;
#7887 = DIRECTION ( 'NONE',  ( 0.000000000000000000, 0.000000000000000000, -1.000000000000000000 ) ) ;
#7888 = EDGE_CURVE ( 'NONE', #2745, #2805, #3001, .T. ) ;
#7889 = LINE ( 'NONE', #3346, #3172 ) ;
#7890 = ORIENTED_EDGE ( 'NONE', *, *, #8107, .F. ) ;
#7891 = ORIENTED_EDGE ( 'NONE', *, *, #745, .F. ) ;
#7892 = EDGE_CURVE ( 'NONE', #1338, #4073, #4764, .T. ) ;
#7893 = DIRECTION ( 'NONE',  ( 0.000000000000000000, 0.000000000000000000, 1.000000000000000000 ) ) ;
#7894 = ORIENTED_EDGE ( 'NONE', *, *, #901, .T. ) ;
#7895 = ORIENTED_EDGE ( 'NONE', *, *, #3700, .T. ) ;
#7896 = EDGE_CURVE ( 'NONE', #887, #7138, #7215, .T. ) ;
#7897 = DIRECTION ( 'NONE',  ( 0.06975647374412365098, 0.9975640502598244197, -0.000000000000000000 ) ) ;
#7898 = AXIS2_PLACEMENT_3D ( 'NONE', #650, #610, #7109 ) ;
#7899 = ORIENTED_EDGE ( 'NONE', *, *, #6445, .F. ) ;
#7900 = LINE ( 'NONE', #4685, #5530 ) ;
#7901 = DIRECTION ( 'NONE',  ( 0.000000000000000000, 0.000000000000000000, 1.000000000000000000 ) ) ;
#7902 = EDGE_LOOP ( 'NONE', ( #1093, #483, #1022, #6993 ) ) ;
#7903 = DIRECTION ( 'NONE',  ( -1.000000000000000000, -9.821212069593589627E-16, 0.000000000000000000 ) ) ;
#7904 = CARTESIAN_POINT ( 'NONE',  ( 1.110787854860022517, 0.5999999999999913181, -1.145000000000000240 ) ) ;
#7905 = LINE ( 'NONE', #1470, #258 ) ;
#7906 = AXIS2_PLACEMENT_3D ( 'NONE', #8220, #8129, #3019 ) ;
#7907 = DIRECTION ( 'NONE',  ( 0.000000000000000000, -0.000000000000000000, 1.000000000000000000 ) ) ;
#7908 = VECTOR ( 'NONE', #3895, 1000.000000000000000 ) ;
#7909 = EDGE_CURVE ( 'NONE', #4979, #6096, #7232, .T. ) ;
#7910 = CARTESIAN_POINT ( 'NONE',  ( 1.329212145139960777, 0.2000000000000000111, 0.8549999999999998712 ) ) ;
#7911 = ORIENTED_EDGE ( 'NONE', *, *, #1483, .F. ) ;
#7912 = AXIS2_PLACEMENT_3D ( 'NONE', #4046, #1358, #4093 ) ;
#7913 = ORIENTED_EDGE ( 'NONE', *, *, #3288, .F. ) ;
#7914 = CARTESIAN_POINT ( 'NONE',  ( 1.326476844167053359, 0.1608833736747886656, -1.354999999999999982 ) ) ;
#7915 = CARTESIAN_POINT ( 'NONE',  ( -0.9999999999999995559, 0.5999999999999912070, 1.645000000000000018 ) ) ;
#7916 = CIRCLE ( 'NONE', #922, 0.1792121451399605880 ) ;
#7917 = ADVANCED_FACE ( 'NONE', ( #2654 ), #2491, .F. ) ;
#7918 = AXIS2_PLACEMENT_3D ( 'NONE', #6840, #659, #1507 ) ;
#7919 = DIRECTION ( 'NONE',  ( 0.000000000000000000, 0.000000000000000000, -1.000000000000000000 ) ) ;
#7920 = CARTESIAN_POINT ( 'NONE',  ( -1.110787854860023183, 0.4600000000000071809, -0.3550000000000000377 ) ) ;
#7921 = CARTESIAN_POINT ( 'NONE',  ( 1.149999999999999911, 0.4207878548600304525, 1.855000000000000204 ) ) ;
#7922 = DIRECTION ( 'NONE',  ( 0.000000000000000000, 0.000000000000000000, 1.000000000000000000 ) ) ;
#7923 = VECTOR ( 'NONE', #4804, 1000.000000000000000 ) ;
#7924 = ORIENTED_EDGE ( 'NONE', *, *, #3013, .T. ) ;
#7925 = CIRCLE ( 'NONE', #4776, 0.03921214513997670070 ) ;
#7926 = DIRECTION ( 'NONE',  ( 0.000000000000000000, -1.000000000000000000, 0.000000000000000000 ) ) ;
#7927 = VERTEX_POINT ( 'NONE', #40 ) ;
#7928 = EDGE_LOOP ( 'NONE', ( #3961, #1466, #957, #6719 ) ) ;
#7929 = VERTEX_POINT ( 'NONE', #3921 ) ;
#7930 = LINE ( 'NONE', #11, #7833 ) ;
#7931 = DIRECTION ( 'NONE',  ( 9.821212069593589627E-16, -1.000000000000000000, 0.000000000000000000 ) ) ;
#7932 = ADVANCED_FACE ( 'NONE', ( #3880 ), #3767, .T. ) ;
#7933 = ADVANCED_FACE ( 'NONE', ( #8491 ), #4451, .F. ) ;
#7934 = DIRECTION ( 'NONE',  ( 0.000000000000000000, 1.000000000000000000, 0.000000000000000000 ) ) ;
#7935 = CARTESIAN_POINT ( 'NONE',  ( -0.9999999999999995559, 0.5999999999999912070, 1.855000000000000204 ) ) ;
#7936 = ORIENTED_EDGE ( 'NONE', *, *, #5402, .F. ) ;
#7937 = ORIENTED_EDGE ( 'NONE', *, *, #8247, .T. ) ;
#7938 = DIRECTION ( 'NONE',  ( 0.9975640502598245307, 0.06975647374412038970, 0.000000000000000000 ) ) ;
#7939 = EDGE_LOOP ( 'NONE', ( #8011, #7414, #7051, #4309 ) ) ;
#7940 = ORIENTED_EDGE ( 'NONE', *, *, #2087, .T. ) ;
#7941 = CARTESIAN_POINT ( 'NONE',  ( -1.289999999999983826, 0.2000000000000000111, 0.3549999999999999267 ) ) ;
#7942 = EDGE_CURVE ( 'NONE', #2700, #2710, #5235, .T. ) ;
#7943 = FACE_OUTER_BOUND ( 'NONE', #5882, .T. ) ;
#7944 = LINE ( 'NONE', #2073, #4760 ) ;
#7945 = ADVANCED_FACE ( 'NONE', ( #580 ), #6391, .F. ) ;
#7946 = EDGE_CURVE ( 'NONE', #7800, #1432, #3804, .T. ) ;
#7947 = ORIENTED_EDGE ( 'NONE', *, *, #5867, .T. ) ;
#7948 =( NAMED_UNIT ( * ) SI_UNIT ( $, .STERADIAN. ) SOLID_ANGLE_UNIT ( ) );
#7949 = DIRECTION ( 'NONE',  ( -0.000000000000000000, -0.000000000000000000, -1.000000000000000000 ) ) ;
#7950 = ORIENTED_EDGE ( 'NONE', *, *, #380, .F. ) ;
#7951 = EDGE_CURVE ( 'NONE', #53, #546, #614, .T. ) ;
#7952 =( NAMED_UNIT ( * ) PLANE_ANGLE_UNIT ( ) SI_UNIT ( $, .RADIAN. ) );
#7953 = DIRECTION ( 'NONE',  ( -1.000000000000000000, 0.000000000000000000, 0.000000000000000000 ) ) ;
#7954 = DIRECTION ( 'NONE',  ( 1.000000000000000000, -0.000000000000000000, 0.000000000000000000 ) ) ;
#7955 = EDGE_CURVE ( 'NONE', #7798, #5123, #1156, .T. ) ;
#7956 = CARTESIAN_POINT ( 'NONE',  ( -1.110787854860023183, 0.4600000000000072919, 1.354999999999999760 ) ) ;
#7957 = DIRECTION ( 'NONE',  ( 1.000000000000000000, -0.000000000000000000, 0.000000000000000000 ) ) ;
#7958 = FACE_OUTER_BOUND ( 'NONE', #8469, .T. ) ;
#7959 = VERTEX_POINT ( 'NONE', #8367 ) ;
#7960 = CYLINDRICAL_SURFACE ( 'NONE', #574, 0.1499999999999999667 ) ;
#7961 = VECTOR ( 'NONE', #1566, 1000.000000000000000 ) ;
#7962 = FACE_OUTER_BOUND ( 'NONE', #7418, .T. ) ;
#7963 = AXIS2_PLACEMENT_3D ( 'NONE', #2099, #7239, #6731 ) ;
#7964 = LINE ( 'NONE', #4560, #563 ) ;
#7965 = VECTOR ( 'NONE', #1065, 1000.000000000000000 ) ;
#7966 = PLANE ( 'NONE',  #4693 ) ;
#7967 = MECHANICAL_DESIGN_GEOMETRIC_PRESENTATION_REPRESENTATION (  '', ( #7419 ), #3987 ) ;
#7968 = DIRECTION ( 'NONE',  ( 0.000000000000000000, 0.000000000000000000, 1.000000000000000000 ) ) ;
#7969 = VECTOR ( 'NONE', #2625, 1000.000000000000000 ) ;
#7970 = CARTESIAN_POINT ( 'NONE',  ( -1.620234093675824161, -2.083034977450064059E-16, 0.3549999999999999267 ) ) ;
#7971 = VERTEX_POINT ( 'NONE', #5930 ) ;
#7972 = EDGE_CURVE ( 'NONE', #1554, #4525, #4573, .T. ) ;
#7973 = VECTOR ( 'NONE', #1182, 1000.000000000000000 ) ;
#7974 = DIRECTION ( 'NONE',  ( 0.9975640502598245307, 0.06975647374412038970, 0.000000000000000000 ) ) ;
#7975 = VERTEX_POINT ( 'NONE', #4486 ) ;
#7976 = EDGE_LOOP ( 'NONE', ( #5766, #216, #3284, #7701 ) ) ;
#7977 = EDGE_LOOP ( 'NONE', ( #8024, #133, #1519, #4845 ) ) ;
#7978 = CIRCLE ( 'NONE', #4421, 0.03921214513997670070 ) ;
#7979 = AXIS2_PLACEMENT_3D ( 'NONE', #527, #7106, #5914 ) ;
#7980 = CARTESIAN_POINT ( 'NONE',  ( -0.5999999999999996447, 1.050000000000000044, -1.700000000000000178 ) ) ;
#7981 = FACE_OUTER_BOUND ( 'NONE', #2395, .T. ) ;
#7982 = VECTOR ( 'NONE', #6347, 1000.000000000000000 ) ;
#7983 = FACE_OUTER_BOUND ( 'NONE', #7367, .T. ) ;
#7984 = VERTEX_POINT ( 'NONE', #8445 ) ;
#7985 = VECTOR ( 'NONE', #6325, 1000.000000000000114 ) ;
#7986 = CARTESIAN_POINT ( 'NONE',  ( 1.110787854860023183, 0.5999999999999907629, -0.3550000000000000377 ) ) ;
#7987 = PLANE ( 'NONE',  #1667 ) ;
#7988 = ORIENTED_EDGE ( 'NONE', *, *, #799, .T. ) ;
#7989 = VERTEX_POINT ( 'NONE', #7716 ) ;
#7990 = FACE_OUTER_BOUND ( 'NONE', #3577, .T. ) ;
#7991 = ORIENTED_EDGE ( 'NONE', *, *, #1365, .F. ) ;
#7992 = EDGE_CURVE ( 'NONE', #7542, #4979, #5800, .T. ) ;
#7993 = ORIENTED_EDGE ( 'NONE', *, *, #6698, .T. ) ;
#7994 = UNCERTAINTY_MEASURE_WITH_UNIT (LENGTH_MEASURE( 1.000000000000000082E-05 ), #4909, 'distance_accuracy_value', 'NONE');
#7995 = VECTOR ( 'NONE', #7240, 1000.000000000000000 ) ;
#7996 = CYLINDRICAL_SURFACE ( 'NONE', #5238, 0.1792121451399605880 ) ;
#7997 = CARTESIAN_POINT ( 'NONE',  ( 1.110787854860023183, 0.4207878548600303970, -1.145000000000000240 ) ) ;
#7998 = COLOUR_RGB ( '',0.7921568627450980005, 0.8196078431372548767, 0.9333333333333333481 ) ;
#7999 = PLANE ( 'NONE',  #705 ) ;
#8000 = CARTESIAN_POINT ( 'NONE',  ( -0.9261308919290301978, 0.6000483567235042059, -2.099991473404946518 ) ) ;
#8001 = EDGE_LOOP ( 'NONE', ( #3745, #966, #921, #1202, #1843, #4510, #1755, #4291, #3663, #7462, #3692, #2922 ) ) ;
#8002 = ADVANCED_FACE ( 'NONE', ( #3287 ), #7041, .F. ) ;
#8004 = EDGE_CURVE ( 'NONE', #2796, #4424, #1190, .T. ) ;
#8003 = DIRECTION ( 'NONE',  ( -0.9975640502598245307, -0.06975647374412029256, 0.000000000000000000 ) ) ;
#8005 = CARTESIAN_POINT ( 'NONE',  ( -0.9118365096457670127, 1.100000000000000089, 0.000000000000000000 ) ) ;
#8006 = PLANE ( 'NONE',  #1352 ) ;
#8007 = AXIS2_PLACEMENT_3D ( 'NONE', #4963, #3103, #3190 ) ;
#8008 = DIRECTION ( 'NONE',  ( 1.000000000000000000, 0.000000000000000000, 0.000000000000000000 ) ) ;
#8009 = CARTESIAN_POINT ( 'NONE',  ( 1.110787854860023183, 0.5999999999999903189, -0.3550000000000000377 ) ) ;
#8010 = DIRECTION ( 'NONE',  ( -1.000000000000000000, 0.000000000000000000, 0.000000000000000000 ) ) ;
#8011 = ORIENTED_EDGE ( 'NONE', *, *, #8227, .T. ) ;
#8012 = EDGE_CURVE ( 'NONE', #5506, #2620, #6015, .T. ) ;
#8013 = DIRECTION ( 'NONE',  ( 1.000000000000000000, 0.000000000000000000, -0.000000000000000000 ) ) ;
#8014 = VERTEX_POINT ( 'NONE', #7118 ) ;
#8016 = EDGE_CURVE ( 'NONE', #1165, #1028, #3838, .T. ) ;
#8015 = CARTESIAN_POINT ( 'NONE',  ( 1.289999999999983604, 0.4207878548600304525, -0.8550000000000000933 ) ) ;
#8017 = ADVANCED_FACE ( 'NONE', ( #4527 ), #7153, .F. ) ;
#8018 = CARTESIAN_POINT ( 'NONE',  ( -1.326476844167053359, 0.1608833736747886656, -0.1450000000000001565 ) ) ;
#8019 = CARTESIAN_POINT ( 'NONE',  ( 0.8697592776266391823, 0.1532759452658517818, -1.969759277626638827 ) ) ;
#8020 = DIRECTION ( 'NONE',  ( -0.000000000000000000, -0.000000000000000000, -1.000000000000000000 ) ) ;
#8021 =( LENGTH_UNIT ( ) NAMED_UNIT ( * ) SI_UNIT ( .MILLI., .METRE. ) );
#8022 = ORIENTED_EDGE ( 'NONE', *, *, #2655, .T. ) ;
#8023 = VERTEX_POINT ( 'NONE', #206 ) ;
#8024 = ORIENTED_EDGE ( 'NONE', *, *, #547, .F. ) ;
#8025 = VERTEX_POINT ( 'NONE', #2816 ) ;
#8026 = DIRECTION ( 'NONE',  ( 0.000000000000000000, -0.1736481776669271393, -0.9848077530122086864 ) ) ;
#8027 = FACE_OUTER_BOUND ( 'NONE', #8196, .T. ) ;
#8028 = LINE ( 'NONE', #762, #161 ) ;
#8029 = DIRECTION ( 'NONE',  ( 0.06975647374412040358, -0.9975640502598246417, 0.000000000000000000 ) ) ;
#8030 = VERTEX_POINT ( 'NONE', #1396 ) ;
#8031 = VERTEX_POINT ( 'NONE', #5451 ) ;
#8032 = EDGE_LOOP ( 'NONE', ( #1934, #4356, #3749, #6533, #1262, #2560, #6961, #4289, #8095, #2167, #3850, #3910 ) ) ;
#8033 = ORIENTED_EDGE ( 'NONE', *, *, #6123, .F. ) ;
#8034 = AXIS2_PLACEMENT_3D ( 'NONE', #4038, #2725, #153 ) ;
#8035 = CARTESIAN_POINT ( 'NONE',  ( 1.629999999999999671, 0.1396589670363575786, 0.6449999999999999067 ) ) ;
#8036 = CYLINDRICAL_SURFACE ( 'NONE', #2649, 0.1792121451399605880 ) ;
#8037 = CARTESIAN_POINT ( 'NONE',  ( 1.620234093675824161, -1.485875369962032561E-15, -1.145000000000000240 ) ) ;
#8038 = CARTESIAN_POINT ( 'NONE',  ( 1.316710937842877627, 0.02122440663842934186, 0.1449999999999999345 ) ) ;
#8039 = ORIENTED_EDGE ( 'NONE', *, *, #5450, .T. ) ;
#8040 = VERTEX_POINT ( 'NONE', #5968 ) ;
#8041 = PLANE ( 'NONE',  #1749 ) ;
#8042 = FACE_OUTER_BOUND ( 'NONE', #7286, .T. ) ;
#8043 = VECTOR ( 'NONE', #517, 999.9999999999998863 ) ;
#8044 = DIRECTION ( 'NONE',  ( -1.000000000000000000, 1.964242413918717925E-15, 0.000000000000000000 ) ) ;
#8045 = CARTESIAN_POINT ( 'NONE',  ( 0.9227646187833873359, 1.038023613325019578, 0.000000000000000000 ) ) ;
#8046 = DIRECTION ( 'NONE',  ( 1.964242413918717925E-15, -1.000000000000000000, -0.000000000000000000 ) ) ;
#8047 = EDGE_CURVE ( 'NONE', #141, #4737, #5897, .T. ) ;
#8048 = ADVANCED_FACE ( 'NONE', ( #3328 ), #5363, .F. ) ;
#8049 = VECTOR ( 'NONE', #6491, 1000.000000000000000 ) ;
#8050 = DIRECTION ( 'NONE',  ( -0.000000000000000000, -0.000000000000000000, -1.000000000000000000 ) ) ;
#8051 = ORIENTED_EDGE ( 'NONE', *, *, #2452, .F. ) ;
#8052 = CARTESIAN_POINT ( 'NONE',  ( -1.110787854860023183, 0.4600000000000070699, 0.3549999999999999267 ) ) ;
#8053 = ORIENTED_EDGE ( 'NONE', *, *, #6123, .T. ) ;
#8054 = DIRECTION ( 'NONE',  ( 0.000000000000000000, -0.9848077530122085754, 0.1736481776669273891 ) ) ;
#8055 = EDGE_CURVE ( 'NONE', #6606, #5912, #5487, .T. ) ;
#8056 = DIRECTION ( 'NONE',  ( 0.000000000000000000, 0.000000000000000000, 1.000000000000000000 ) ) ;
#8057 = DIRECTION ( 'NONE',  ( 0.9975640502598243087, -0.06975647374412471957, 0.000000000000000000 ) ) ;
#8058 = ADVANCED_FACE ( 'NONE', ( #7962 ), #76, .F. ) ;
#8059 = CARTESIAN_POINT ( 'NONE',  ( 0.8489040373074717705, 1.100000000000000089, 0.000000000000000000 ) ) ;
#8060 = AXIS2_PLACEMENT_3D ( 'NONE', #7735, #3746, #8426 ) ;
#8061 = CARTESIAN_POINT ( 'NONE',  ( -1.149999999999999911, 0.4207878548600303970, 0.3549999999999999267 ) ) ;
#8062 = EDGE_CURVE ( 'NONE', #2316, #2937, #1767, .T. ) ;
#8063 = ADVANCED_FACE ( 'NONE', ( #6729 ), #2692, .T. ) ;
#8064 = ORIENTED_EDGE ( 'NONE', *, *, #148, .T. ) ;
#8065 = AXIS2_PLACEMENT_3D ( 'NONE', #806, #3423, #4585 ) ;
#8066 = CARTESIAN_POINT ( 'NONE',  ( -1.629999999999999671, 0.1396589670363589109, -0.1450000000000001565 ) ) ;
#8067 = ORIENTED_EDGE ( 'NONE', *, *, #5186, .T. ) ;
#8068 = VECTOR ( 'NONE', #35, 1000.000000000000000 ) ;
#8069 = ORIENTED_EDGE ( 'NONE', *, *, #7361, .F. ) ;
#8070 = VECTOR ( 'NONE', #6556, 1000.000000000000000 ) ;
#8071 = CARTESIAN_POINT ( 'NONE',  ( 1.620234093675824161, -1.485875369962032561E-15, 0.3549999999999999267 ) ) ;
#8072 = VECTOR ( 'NONE', #865, 1000.000000000000000 ) ;
#8073 = DIRECTION ( 'NONE',  ( -1.000000000000000000, -0.000000000000000000, 0.000000000000000000 ) ) ;
#8074 = VECTOR ( 'NONE', #5586, 1000.000000000000000 ) ;
#8075 = ORIENTED_EDGE ( 'NONE', *, *, #1814, .F. ) ;
#8076 = PLANE ( 'NONE',  #6543 ) ;
#8077 = ORIENTED_EDGE ( 'NONE', *, *, #7416, .F. ) ;
#8078 = VERTEX_POINT ( 'NONE', #6682 ) ;
#8079 = ORIENTED_EDGE ( 'NONE', *, *, #7946, .T. ) ;
#8080 = EDGE_LOOP ( 'NONE', ( #3421, #8393, #5916, #1863 ) ) ;
#8081 = AXIS2_PLACEMENT_3D ( 'NONE', #6537, #7136, #1220 ) ;
#8082 = CARTESIAN_POINT ( 'NONE',  ( 1.329212145139960777, 0.2000000000000000111, 1.855000000000000204 ) ) ;
#8083 = CARTESIAN_POINT ( 'NONE',  ( 1.329212145139960777, 0.2000000000000000111, 1.855000000000000204 ) ) ;
#8084 = EDGE_CURVE ( 'NONE', #4246, #3195, #703, .T. ) ;
#8085 = CARTESIAN_POINT ( 'NONE',  ( -1.629999999999999671, 0.1396589670363589109, 1.144999999999999796 ) ) ;
#8086 = DIRECTION ( 'NONE',  ( -0.9975640502598245307, -0.06975647374412029256, 0.000000000000000000 ) ) ;
#8087 = VERTEX_POINT ( 'NONE', #7915 ) ;
#8088 = PLANE ( 'NONE',  #7341 ) ;
#8089 = CARTESIAN_POINT ( 'NONE',  ( -1.316710937842878071, 0.02122440663842932104, 1.354999999999999760 ) ) ;
#8090 = LINE ( 'NONE', #8045, #3586 ) ;
#8091 = CARTESIAN_POINT ( 'NONE',  ( -1.289999999999983604, 0.4207878548600303970, 0.8549999999999998712 ) ) ;
#8092 = ORIENTED_EDGE ( 'NONE', *, *, #2646, .T. ) ;
#8093 = FACE_OUTER_BOUND ( 'NONE', #1045, .T. ) ;
#8094 = CARTESIAN_POINT ( 'NONE',  ( -1.629999999999999671, 0.1396589670363588831, -0.6450000000000001288 ) ) ;
#8095 = ORIENTED_EDGE ( 'NONE', *, *, #6587, .T. ) ;
#8096 = PLANE ( 'NONE',  #5060 ) ;
#8097 = ADVANCED_FACE ( 'NONE', ( #7358 ), #2049, .T. ) ;
#8098 = DIRECTION ( 'NONE',  ( -0.1710878697460327114, -0.9702875252478150303, -0.1710878697460327114 ) ) ;
#8099 = PLANE ( 'NONE',  #4627 ) ;
#8100 = CARTESIAN_POINT ( 'NONE',  ( -0.9999999999999995559, 0.4600000000000072919, -1.855000000000000204 ) ) ;
#8101 = CIRCLE ( 'NONE', #8379, 0.1792121451399605880 ) ;
#8102 = ORIENTED_EDGE ( 'NONE', *, *, #603, .F. ) ;
#8103 = VECTOR ( 'NONE', #3881, 1000.000000000000000 ) ;
#8104 = CARTESIAN_POINT ( 'NONE',  ( 0.000000000000000000, 1.100000000000000089, 0.000000000000000000 ) ) ;
#8105 = ORIENTED_EDGE ( 'NONE', *, *, #4270, .F. ) ;
#8106 = VERTEX_POINT ( 'NONE', #8015 ) ;
#8107 = EDGE_CURVE ( 'NONE', #5978, #5628, #2181, .T. ) ;
#8108 = VECTOR ( 'NONE', #3926, 1000.000000000000000 ) ;
#8109 = EDGE_CURVE ( 'NONE', #5398, #3766, #2773, .T. ) ;
#8110 = DIRECTION ( 'NONE',  ( 1.000000000000000000, -9.821212069593589627E-16, 0.000000000000000000 ) ) ;
#8111 = VECTOR ( 'NONE', #5894, 1000.000000000000000 ) ;
#8112 = CARTESIAN_POINT ( 'NONE',  ( -1.110787854860023183, 0.4207878548600303970, 1.855000000000000204 ) ) ;
#8113 = CARTESIAN_POINT ( 'NONE',  ( -0.9261308919290307529, 0.4599516432764992335, 2.099991473404946962 ) ) ;
#8114 = ORIENTED_EDGE ( 'NONE', *, *, #997, .F. ) ;
#8115 = CARTESIAN_POINT ( 'NONE',  ( 0.000000000000000000, 0.1000000000000000056, 0.000000000000000000 ) ) ;
#8116 = ORIENTED_EDGE ( 'NONE', *, *, #1328, .T. ) ;
#8117 = EDGE_LOOP ( 'NONE', ( #1854, #5893, #2590, #5755, #3058, #6554 ) ) ;
#8118 = VECTOR ( 'NONE', #5100, 1000.000000000000000 ) ;
#8119 = ORIENTED_EDGE ( 'NONE', *, *, #2518, .T. ) ;
#8120 = ORIENTED_EDGE ( 'NONE', *, *, #2730, .F. ) ;
#8121 = VECTOR ( 'NONE', #2682, 1000.000000000000114 ) ;
#8122 = EDGE_CURVE ( 'NONE', #1809, #5951, #3932, .T. ) ;
#8123 = DIRECTION ( 'NONE',  ( -1.000000000000000000, 0.000000000000000000, 0.000000000000000000 ) ) ;
#8124 = CARTESIAN_POINT ( 'NONE',  ( -1.620234093675824161, -2.168404344971008868E-16, 1.354999999999999760 ) ) ;
#8125 = MECHANICAL_DESIGN_GEOMETRIC_PRESENTATION_REPRESENTATION (  '', ( #7712 ), #7037 ) ;
#8126 = DIRECTION ( 'NONE',  ( -0.000000000000000000, -0.000000000000000000, -1.000000000000000000 ) ) ;
#8127 = CARTESIAN_POINT ( 'NONE',  ( 1.289999999999983604, 0.4207878548600303970, -0.3550000000000000377 ) ) ;
#8128 = DIRECTION ( 'NONE',  ( 0.000000000000000000, 0.000000000000000000, 1.000000000000000000 ) ) ;
#8129 = DIRECTION ( 'NONE',  ( -0.000000000000000000, -0.000000000000000000, -1.000000000000000000 ) ) ;
#8130 = DIRECTION ( 'NONE',  ( -1.000000000000000000, -9.821212069593589627E-16, 0.000000000000000000 ) ) ;
#8131 = VERTEX_POINT ( 'NONE', #830 ) ;
#8132 = LINE ( 'NONE', #4824, #5858 ) ;
#8133 = DIRECTION ( 'NONE',  ( 1.000000000000000000, -9.821212069593589627E-16, 0.000000000000000000 ) ) ;
#8134 = CARTESIAN_POINT ( 'NONE',  ( 1.289999999999983604, 0.4207878548600304525, -0.6450000000000001288 ) ) ;
#8135 = CARTESIAN_POINT ( 'NONE',  ( 0.9250000000000009326, 0.4600000000000072919, 2.100000000000000089 ) ) ;
#8136 = AXIS2_PLACEMENT_3D ( 'NONE', #4650, #695, #7313 ) ;
#8137 = LINE ( 'NONE', #3676, #984 ) ;
#8138 = DIRECTION ( 'NONE',  ( -0.000000000000000000, 0.000000000000000000, 1.000000000000000000 ) ) ;
#8139 = VERTEX_POINT ( 'NONE', #3413 ) ;
#8140 = DIRECTION ( 'NONE',  ( -0.000000000000000000, -0.000000000000000000, -1.000000000000000000 ) ) ;
#8141 = PRESENTATION_LAYER_ASSIGNMENT (  '', '', ( #2256 ) ) ;
#8142 = DIRECTION ( 'NONE',  ( -1.000000000000000000, -6.912413033099766695E-16, 0.000000000000000000 ) ) ;
#8143 = CARTESIAN_POINT ( 'NONE',  ( 0.000000000000000000, 1.100000000000000089, 1.948904037307471526 ) ) ;
#8144 = DIRECTION ( 'NONE',  ( 0.000000000000000000, 0.000000000000000000, 1.000000000000000000 ) ) ;
#8145 = ORIENTED_EDGE ( 'NONE', *, *, #199, .F. ) ;
#8146 = B_SPLINE_CURVE_WITH_KNOTS ( 'NONE', 3,
 ( #4102, #622, #6653, #755 ),
 .UNSPECIFIED., .F., .F.,
 ( 4, 4 ),
 ( 0.000000000000000000, 1.000000000000000000 ),
 .UNSPECIFIED. ) ;
#8147 = CARTESIAN_POINT ( 'NONE',  ( -0.9999999999999995559, 0.5999999999999912070, 0.1449999999999999345 ) ) ;
#8148 = ORIENTED_EDGE ( 'NONE', *, *, #8430, .F. ) ;
#8149 = CARTESIAN_POINT ( 'NONE',  ( 1.620234093675824161, -1.485875369962032561E-15, 1.855000000000000204 ) ) ;
#8150 = ORIENTED_EDGE ( 'NONE', *, *, #8109, .F. ) ;
#8151 = CARTESIAN_POINT ( 'NONE',  ( 1.150000000000000133, 0.1999999999999998168, 1.354999999999999760 ) ) ;
#8152 = ADVANCED_FACE ( 'NONE', ( #7402 ), #8096, .F. ) ;
#8153 = ORIENTED_EDGE ( 'NONE', *, *, #5620, .F. ) ;
#8154 = CARTESIAN_POINT ( 'NONE',  ( 1.289999999999983604, 0.4207878548600304525, -1.354999999999999982 ) ) ;
#8155 = ADVANCED_FACE ( 'NONE', ( #4740 ), #874, .F. ) ;
#8156 = CARTESIAN_POINT ( 'NONE',  ( -0.9261308919290301978, 0.6000483567235030957, 2.099991473404946962 ) ) ;
#8157 = DIRECTION ( 'NONE',  ( 1.000000000000000000, -9.821212069593589627E-16, 0.000000000000000000 ) ) ;
#8158 = ORIENTED_EDGE ( 'NONE', *, *, #4106, .F. ) ;
#8159 = ORIENTED_EDGE ( 'NONE', *, *, #7426, .T. ) ;
#8160 = ORIENTED_EDGE ( 'NONE', *, *, #7624, .T. ) ;
#8161 = ORIENTED_EDGE ( 'NONE', *, *, #3532, .F. ) ;
#8162 = UNCERTAINTY_MEASURE_WITH_UNIT (LENGTH_MEASURE( 1.000000000000000082E-05 ), #6495, 'distance_accuracy_value', 'NONE');
#8163 = CARTESIAN_POINT ( 'NONE',  ( 0.8735898146066566339, 0.1619763866749775738, 2.047450396082572066 ) ) ;
#8164 = CARTESIAN_POINT ( 'NONE',  ( -0.9999999999999995559, 0.4600000000000072919, 1.145000000000000018 ) ) ;
#8165 = CARTESIAN_POINT ( 'NONE',  ( -1.110787854860023183, 0.5999999999999909850, 1.354999999999999760 ) ) ;
#8166 = DIRECTION ( 'NONE',  ( -0.000000000000000000, -0.000000000000000000, -1.000000000000000000 ) ) ;
#8167 = EDGE_CURVE ( 'NONE', #2911, #2629, #4880, .T. ) ;
#8168 = LINE ( 'NONE', #8127, #7631 ) ;
#8169 = CARTESIAN_POINT ( 'NONE',  ( -1.620234093675824161, -2.139947889130694096E-16, -1.145000000000000240 ) ) ;
#8170 = EDGE_CURVE ( 'NONE', #1253, #2796, #1056, .T. ) ;
#8171 = EDGE_LOOP ( 'NONE', ( #4110, #7890, #4352, #2013 ) ) ;
#8172 = CYLINDRICAL_SURFACE ( 'NONE', #2172, 0.1792121451399605880 ) ;
#8173 = DIRECTION ( 'NONE',  ( 9.821212069593589627E-16, -1.000000000000000000, 0.000000000000000000 ) ) ;
#8174 = ORIENTED_EDGE ( 'NONE', *, *, #5856, .T. ) ;
#8175 = CIRCLE ( 'NONE', #5582, 0.03921214513997691581 ) ;
#8176 = FACE_OUTER_BOUND ( 'NONE', #3694, .T. ) ;
#8177 = EDGE_CURVE ( 'NONE', #10, #1166, #2455, .T. ) ;
#8178 = CARTESIAN_POINT ( 'NONE',  ( 0.8735898146066561898, 0.1000000000000000472, 1.973589814606656390 ) ) ;
#8179 = DIRECTION ( 'NONE',  ( 8.807661782691089029E-15, -1.000000000000000000, 0.000000000000000000 ) ) ;
#8180 = DIRECTION ( 'NONE',  ( -0.000000000000000000, 1.000000000000000000, 0.000000000000000000 ) ) ;
#8181 = ORIENTED_EDGE ( 'NONE', *, *, #3851, .T. ) ;
#8182 = LINE ( 'NONE', #2404, #841 ) ;
#8183 = CARTESIAN_POINT ( 'NONE',  ( 1.329212145139960777, 0.2000000000000000111, 0.1449999999999999345 ) ) ;
#8184 = VERTEX_POINT ( 'NONE', #5579 ) ;
#8185 = DIRECTION ( 'NONE',  ( -1.000000000000000000, 0.000000000000000000, 0.000000000000000000 ) ) ;
#8186 = CARTESIAN_POINT ( 'NONE',  ( 1.000000000000000444, 6.851881339845204089, 2.100000000000000089 ) ) ;
#8187 = AXIS2_PLACEMENT_3D ( 'NONE', #4466, #2632, #6410 ) ;
#8188 = DIRECTION ( 'NONE',  ( 0.000000000000000000, 0.000000000000000000, 1.000000000000000000 ) ) ;
#8189 = CARTESIAN_POINT ( 'NONE',  ( -1.629999999999999671, 0.1396589670363588831, 0.8549999999999998712 ) ) ;
#8190 = VERTEX_POINT ( 'NONE', #1747 ) ;
#8191 = AXIS2_PLACEMENT_3D ( 'NONE', #1794, #7663, #5227 ) ;
#8192 = DIRECTION ( 'NONE',  ( -1.000000000000000000, -0.000000000000000000, 0.000000000000000000 ) ) ;
#8193 = ORIENTED_EDGE ( 'NONE', *, *, #5024, .T. ) ;
#8194 = CARTESIAN_POINT ( 'NONE',  ( 0.9999971578016494389, 0.6000161189078270230, 2.025753949382019581 ) ) ;
#8195 = EDGE_CURVE ( 'NONE', #5990, #1746, #3121, .T. ) ;
#8196 = EDGE_LOOP ( 'NONE', ( #6652, #4617, #4327, #1733 ) ) ;
#8197 = CARTESIAN_POINT ( 'NONE',  ( -1.629999999999999671, 0.1396589670363588831, 1.354999999999999760 ) ) ;
#8198 = VECTOR ( 'NONE', #6024, 1000.000000000000000 ) ;
#8199 = CARTESIAN_POINT ( 'NONE',  ( 1.149999999999999911, 0.4207878548600304525, -0.6450000000000001288 ) ) ;
#8200 = ORIENTED_EDGE ( 'NONE', *, *, #4700, .T. ) ;
#8201 = DIRECTION ( 'NONE',  ( -1.000000000000000000, 1.964242413918717925E-15, 0.000000000000000000 ) ) ;
#8202 = AXIS2_PLACEMENT_3D ( 'NONE', #5422, #2827, #5462 ) ;
#8203 = EDGE_LOOP ( 'NONE', ( #4450, #3089 ) ) ;
#8204 = VECTOR ( 'NONE', #5070, 1000.000000000000000 ) ;
#8205 = VERTEX_POINT ( 'NONE', #8236 ) ;
#8206 = ORIENTED_EDGE ( 'NONE', *, *, #3225, .T. ) ;
#8207 = ADVANCED_FACE ( 'NONE', ( #6305 ), #1602, .T. ) ;
#8208 = VECTOR ( 'NONE', #592, 1000.000000000000000 ) ;
#8209 = EDGE_CURVE ( 'NONE', #769, #4709, #6169, .T. ) ;
#8210 = DIRECTION ( 'NONE',  ( -0.000000000000000000, -0.000000000000000000, -1.000000000000000000 ) ) ;
#8211 = AXIS2_PLACEMENT_3D ( 'NONE', #190, #5434, #6759 ) ;
#8212 = DIRECTION ( 'NONE',  ( -1.964242413918717925E-15, -1.000000000000000000, 0.000000000000000000 ) ) ;
#8213 = DIRECTION ( 'NONE',  ( 0.000000000000000000, 0.000000000000000000, 1.000000000000000000 ) ) ;
#8214 = CARTESIAN_POINT ( 'NONE',  ( -1.289999999999983604, 0.4207878548600303970, -1.145000000000000240 ) ) ;
#8215 = DIRECTION ( 'NONE',  ( -0.000000000000000000, -0.000000000000000000, -1.000000000000000000 ) ) ;
#8216 = DIRECTION ( 'NONE',  ( 0.000000000000000000, 0.000000000000000000, 1.000000000000000000 ) ) ;
#8217 = FILL_AREA_STYLE_COLOUR ( '', #4842 ) ;
#8218 = ORIENTED_EDGE ( 'NONE', *, *, #587, .T. ) ;
#8219 = DIRECTION ( 'NONE',  ( -0.06975647374411927948, -0.9975640502598247528, 0.000000000000000000 ) ) ;
#8220 = CARTESIAN_POINT ( 'NONE',  ( 1.329212145139960777, 0.2000000000000000111, -0.8550000000000000933 ) ) ;
#8221 = VECTOR ( 'NONE', #6051, 1000.000000000000000 ) ;
#8222 = CARTESIAN_POINT ( 'NONE',  ( 1.289999999999983604, 0.4207878548600304525, -0.1450000000000001565 ) ) ;
#8223 = VERTEX_POINT ( 'NONE', #5668 ) ;
#8224 = LINE ( 'NONE', #7564, #4676 ) ;
#8225 = EDGE_CURVE ( 'NONE', #7633, #6384, #4219, .T. ) ;
#8226 = CARTESIAN_POINT ( 'NONE',  ( 1.000000000000000000, 0.4207878548600303970, -0.8550000000000000933 ) ) ;
#8227 = EDGE_CURVE ( 'NONE', #8087, #908, #912, .T. ) ;
#8228 = ADVANCED_FACE ( 'NONE', ( #416 ), #2992, .F. ) ;
#8229 = CARTESIAN_POINT ( 'NONE',  ( 1.110787854860023183, 0.4207878548600303970, 0.1449999999999999345 ) ) ;
#8230 = PLANE ( 'NONE',  #8007 ) ;
#8231 = CARTESIAN_POINT ( 'NONE',  ( -1.110787854860023183, 0.4207878548600303970, 0.8549999999999998712 ) ) ;
#8232 = ORIENTED_EDGE ( 'NONE', *, *, #2718, .F. ) ;
#8233 = FACE_OUTER_BOUND ( 'NONE', #1417, .T. ) ;
#8234 = LINE ( 'NONE', #6855, #4267 ) ;
#8235 = ORIENTED_EDGE ( 'NONE', *, *, #7187, .T. ) ;
#8236 = CARTESIAN_POINT ( 'NONE',  ( 1.110787854860023183, 0.4600000000000072919, -1.855000000000000204 ) ) ;
#8237 = CARTESIAN_POINT ( 'NONE',  ( -0.9257539493820164944, 0.4599838810921704213, -2.099997157801649195 ) ) ;
#8238 = EDGE_CURVE ( 'NONE', #5912, #5160, #2465, .T. ) ;
#8239 = DIRECTION ( 'NONE',  ( -0.06975647374411922397, 0.9975640502598246417, 0.000000000000000000 ) ) ;
#8240 = DIRECTION ( 'NONE',  ( -1.000000000000000000, 0.000000000000000000, 0.000000000000000000 ) ) ;
#8241 = CARTESIAN_POINT ( 'NONE',  ( 1.110787854860023183, 0.4207878548600303970, -1.145000000000000240 ) ) ;
#8242 = ORIENTED_EDGE ( 'NONE', *, *, #504, .T. ) ;
#8243 = DIRECTION ( 'NONE',  ( 0.06975647374411925172, -0.9975640502598247528, 0.000000000000000000 ) ) ;
#8244 =( BOUNDED_SURFACE ( )  B_SPLINE_SURFACE ( 3, 3, ( 
 ( #2350, #4959, #446, #8178 ),
 ( #8309, #2306, #4305, #277 ),
 ( #4917, #2397, #6892, #6935 ),
 ( #1048, #5005, #3670, #7610 ) ),
 .UNSPECIFIED., .F., .F., .F. ) 
 B_SPLINE_SURFACE_WITH_KNOTS ( ( 4, 4 ),
 ( 4, 4 ),
 ( 0.000000000000000000, 1.000000000000000000 ),
 ( 0.000000000000000000, 1.000000000000000000 ),
 .UNSPECIFIED. ) 
 GEOMETRIC_REPRESENTATION_ITEM ( )  RATIONAL_B_SPLINE_SURFACE ( (
 ( 1.000000000000000000, 0.8422301520436438205, 0.8422301520436438205, 1.000000000000000000),
 ( 0.8422301520436540345, 0.7093516290114679768, 0.7093516290114679768, 0.8422301520436540345),
 ( 0.8422301520436540345, 0.7093516290114679768, 0.7093516290114679768, 0.8422301520436540345),
 ( 1.000000000000000000, 0.8422301520436438205, 0.8422301520436438205, 1.000000000000000000) ) ) 
 REPRESENTATION_ITEM ( '' )  SURFACE ( )  );
#8245 = DIRECTION ( 'NONE',  ( -1.000000000000000000, 0.000000000000000000, 0.000000000000000000 ) ) ;
#8246 = CARTESIAN_POINT ( 'NONE',  ( -0.8872540511985416156, 1.099999999999999645, -1.987254051198542593 ) ) ;
#8247 = EDGE_CURVE ( 'NONE', #6098, #7330, #3533, .T. ) ;
#8248 = VERTEX_POINT ( 'NONE', #5708 ) ;
#8249 = DIRECTION ( 'NONE',  ( 0.9975640502598246417, 0.06975647374411922397, -0.000000000000000000 ) ) ;
#8250 = ORIENTED_EDGE ( 'NONE', *, *, #2849, .F. ) ;
#8251 = ORIENTED_EDGE ( 'NONE', *, *, #7450, .F. ) ;
#8252 = VERTEX_POINT ( 'NONE', #2271 ) ;
#8253 = ORIENTED_EDGE ( 'NONE', *, *, #761, .F. ) ;
#8254 = AXIS2_PLACEMENT_3D ( 'NONE', #749, #4145, #6778 ) ;
#8255 = AXIS2_PLACEMENT_3D ( 'NONE', #7172, #5255, #1291 ) ;
#8256 = DIRECTION ( 'NONE',  ( -1.000000000000000000, 0.000000000000000000, -0.000000000000000000 ) ) ;
#8257 = CARTESIAN_POINT ( 'NONE',  ( -0.9231243405451188266, 0.1666929871352568482, 2.041214128597720556 ) ) ;
#8258 = CARTESIAN_POINT ( 'NONE',  ( 1.000000000000000000, 0.4600000000000065703, -0.1450000000000001565 ) ) ;
#8259 = LINE ( 'NONE', #8214, #2033 ) ;
#8260 = VECTOR ( 'NONE', #2297, 999.9999999999998863 ) ;
#8261 = EDGE_CURVE ( 'NONE', #2059, #1539, #7532, .T. ) ;
#8262 = CARTESIAN_POINT ( 'NONE',  ( 1.326476844167053359, 0.1608833736747886656, 1.855000000000000204 ) ) ;
#8263 = ORIENTED_EDGE ( 'NONE', *, *, #5711, .F. ) ;
#8264 =( NAMED_UNIT ( * ) PLANE_ANGLE_UNIT ( ) SI_UNIT ( $, .RADIAN. ) );
#8265 = CARTESIAN_POINT ( 'NONE',  ( -1.629999999999999671, 0.1396589670363589109, 0.8549999999999998712 ) ) ;
#8266 = CARTESIAN_POINT ( 'NONE',  ( 1.110787854860023183, 0.4600000000000072919, 1.855000000000000204 ) ) ;
#8267 = ORIENTED_EDGE ( 'NONE', *, *, #4141, .T. ) ;
#8268 = VECTOR ( 'NONE', #205, 1000.000000000000000 ) ;
#8269 = FACE_OUTER_BOUND ( 'NONE', #6439, .T. ) ;
#8270 = VECTOR ( 'NONE', #56, 1000.000000000000000 ) ;
#8271 = DIRECTION ( 'NONE',  ( 0.000000000000000000, 1.000000000000000000, 0.000000000000000000 ) ) ;
#8272 = CIRCLE ( 'NONE', #7035, 0.07500000000000019151 ) ;
#8273 = DIRECTION ( 'NONE',  ( 0.9975640502598246417, 0.06975647374411944601, 0.000000000000000000 ) ) ;
#8274 = DIRECTION ( 'NONE',  ( 0.000000000000000000, -1.000000000000000000, -0.000000000000000000 ) ) ;
#8275 = ADVANCED_FACE ( 'NONE', ( #4357 ), #2220, .T. ) ;
#8276 = ORIENTED_EDGE ( 'NONE', *, *, #5125, .T. ) ;
#8277 = CIRCLE ( 'NONE', #5399, 0.1792121451399605880 ) ;
#8278 = EDGE_CURVE ( 'NONE', #1115, #2588, #1102, .T. ) ;
#8279 = CARTESIAN_POINT ( 'NONE',  ( 1.629999999999999671, 0.1396589670363575786, 0.1449999999999999345 ) ) ;
#8280 = CARTESIAN_POINT ( 'NONE',  ( -1.289999999999983826, 0.4207878548600303970, -1.645000000000000240 ) ) ;
#8281 = ORIENTED_EDGE ( 'NONE', *, *, #4638, .T. ) ;
#8282 = DIRECTION ( 'NONE',  ( -1.000000000000000000, 0.000000000000000000, 0.000000000000000000 ) ) ;
#8283 = CYLINDRICAL_SURFACE ( 'NONE', #8402, 0.07499999999999998335 ) ;
#8284 = DIRECTION ( 'NONE',  ( -1.000000000000000000, 2.891205793294679017E-15, 0.000000000000000000 ) ) ;
#8285 = ORIENTED_EDGE ( 'NONE', *, *, #3536, .T. ) ;
#8286 = EDGE_CURVE ( 'NONE', #8346, #6131, #4971, .T. ) ;
#8287 = VECTOR ( 'NONE', #1763, 1000.000000000000000 ) ;
#8288 = ADVANCED_FACE ( 'NONE', ( #3632 ), #3537, .F. ) ;
#8289 = LINE ( 'NONE', #1061, #1622 ) ;
#8290 = ORIENTED_EDGE ( 'NONE', *, *, #4591, .F. ) ;
#8291 = CARTESIAN_POINT ( 'NONE',  ( 1.289999999999983604, 0.4207878548600303970, 1.645000000000000018 ) ) ;
#8292 = ORIENTED_EDGE ( 'NONE', *, *, #2142, .F. ) ;
#8293 = FACE_OUTER_BOUND ( 'NONE', #6102, .T. ) ;
#8294 = VERTEX_POINT ( 'NONE', #4312 ) ;
#8295 = ORIENTED_EDGE ( 'NONE', *, *, #2761, .T. ) ;
#8296 = ORIENTED_EDGE ( 'NONE', *, *, #799, .F. ) ;
#8297 = CARTESIAN_POINT ( 'NONE',  ( -1.326476844167053359, 0.1608833736747886656, 0.8549999999999998712 ) ) ;
#8298 = DIRECTION ( 'NONE',  ( -1.000000000000000000, 0.000000000000000000, 0.000000000000000000 ) ) ;
#8299 = DIRECTION ( 'NONE',  ( -1.000000000000000000, 0.000000000000000000, 0.000000000000000000 ) ) ;
#8300 = FACE_OUTER_BOUND ( 'NONE', #2754, .T. ) ;
#8301 = CARTESIAN_POINT ( 'NONE',  ( -1.329212145139960777, 0.2000000000000000111, -1.645000000000000240 ) ) ;
#8302 = DIRECTION ( 'NONE',  ( 0.000000000000000000, 0.000000000000000000, 1.000000000000000000 ) ) ;
#8303 = FACE_OUTER_BOUND ( 'NONE', #7902, .T. ) ;
#8304 = VERTEX_POINT ( 'NONE', #5841 ) ;
#8305 = DIRECTION ( 'NONE',  ( 1.000000000000000000, -9.786290869656726145E-16, 0.000000000000000000 ) ) ;
#8306 = LINE ( 'NONE', #6844, #8324 ) ;
#8307 = ORIENTED_EDGE ( 'NONE', *, *, #1785, .T. ) ;
#8308 = CARTESIAN_POINT ( 'NONE',  ( -1.110787854860023183, 0.4207878548600303970, 1.855000000000000204 ) ) ;
#8309 = CARTESIAN_POINT ( 'NONE',  ( 0.9475569092792228698, 0.1625956094184514422, 2.011939828497726790 ) ) ;
#8310 = CARTESIAN_POINT ( 'NONE',  ( 0.8872540511985427258, 1.037404390581547986, -2.022871131980037873 ) ) ;
#8311 = DIRECTION ( 'NONE',  ( -0.000000000000000000, 1.000000000000000000, 0.000000000000000000 ) ) ;
#8312 = VERTEX_POINT ( 'NONE', #6507 ) ;
#8313 = LINE ( 'NONE', #5143, #6609 ) ;
#8314 = CARTESIAN_POINT ( 'NONE',  ( 0.9118365096457679009, 1.100000000000000089, 0.000000000000000000 ) ) ;
#8315 = VERTEX_POINT ( 'NONE', #5103 ) ;
#8316 = CARTESIAN_POINT ( 'NONE',  ( -1.150000000000000133, 0.2000000000000000111, 1.855000000000000204 ) ) ;
#8317 = DIRECTION ( 'NONE',  ( -0.000000000000000000, -0.000000000000000000, -1.000000000000000000 ) ) ;
#8318 = ADVANCED_FACE ( 'NONE', ( #2484 ), #3834, .F. ) ;
#8319 = ADVANCED_FACE ( 'NONE', ( #7143 ), #6464, .T. ) ;
#8320 = PLANE ( 'NONE',  #4540 ) ;
#8321 = ORIENTED_EDGE ( 'NONE', *, *, #8225, .F. ) ;
#8322 =( LENGTH_UNIT ( ) NAMED_UNIT ( * ) SI_UNIT ( .MILLI., .METRE. ) );
#8323 = CARTESIAN_POINT ( 'NONE',  ( 1.000000000000000000, 0.4600000000000065148, -0.6450000000000001288 ) ) ;
#8324 = VECTOR ( 'NONE', #2432, 1000.000000000000000 ) ;
#8325 = ADVANCED_FACE ( 'NONE', ( #1184 ), #7033, .T. ) ;
#8326 = EDGE_CURVE ( 'NONE', #6509, #2535, #6541, .T. ) ;
#8327 = EDGE_CURVE ( 'NONE', #6451, #1796, #503, .T. ) ;
#8328 = DIRECTION ( 'NONE',  ( -1.000000000000000000, 0.000000000000000000, -0.000000000000000000 ) ) ;
#8329 = CARTESIAN_POINT ( 'NONE',  ( 1.150000000000000133, 0.2000000000000000111, -1.645000000000000240 ) ) ;
#8330 = VECTOR ( 'NONE', #1011, 1000.000000000000000 ) ;
#8331 = ORIENTED_EDGE ( 'NONE', *, *, #3840, .F. ) ;
#8332 = CARTESIAN_POINT ( 'NONE',  ( -1.326476844167053359, 0.1608833736747886101, -0.1450000000000001565 ) ) ;
#8333 = VECTOR ( 'NONE', #2792, 1000.000000000000000 ) ;
#8334 = ORIENTED_EDGE ( 'NONE', *, *, #1150, .T. ) ;
#8335 = ORIENTED_EDGE ( 'NONE', *, *, #8261, .F. ) ;
#8336 = EDGE_LOOP ( 'NONE', ( #3433, #3392, #2125, #5552 ) ) ;
#8337 = EDGE_CURVE ( 'NONE', #1383, #2449, #3233, .T. ) ;
#8338 = DIRECTION ( 'NONE',  ( 0.000000000000000000, 0.000000000000000000, 1.000000000000000000 ) ) ;
#8339 = CARTESIAN_POINT ( 'NONE',  ( 1.110787854860023183, 0.4207878548600303970, -1.145000000000000240 ) ) ;
#8340 = AXIS2_PLACEMENT_3D ( 'NONE', #7511, #4336, #4243 ) ;
#8341 = DIRECTION ( 'NONE',  ( -0.06975647374411923785, -0.9975640502598246417, 0.000000000000000000 ) ) ;
#8342 = LINE ( 'NONE', #1816, #4067 ) ;
#8343 = VECTOR ( 'NONE', #2155, 1000.000000000000114 ) ;
#8344 = CARTESIAN_POINT ( 'NONE',  ( -0.9474503960825716442, 0.1619763866749803494, -1.973589814606657722 ) ) ;
#8345 = CARTESIAN_POINT ( 'NONE',  ( -1.110787854860023183, 0.5999999999999912070, 1.855000000000000204 ) ) ;
#8346 = VERTEX_POINT ( 'NONE', #1916 ) ;
#8347 = CARTESIAN_POINT ( 'NONE',  ( 0.9999971578016494389, 0.4599838810921712540, 2.025753949382039121 ) ) ;
#8348 = CARTESIAN_POINT ( 'NONE',  ( -1.329212145139960777, 0.2000000000000000111, 1.645000000000000018 ) ) ;
#8349 = ORIENTED_EDGE ( 'NONE', *, *, #6839, .T. ) ;
#8350 = AXIS2_PLACEMENT_3D ( 'NONE', #8082, #1679, #6323 ) ;
#8351 = VECTOR ( 'NONE', #2941, 1000.000000000000000 ) ;
#8352 = CARTESIAN_POINT ( 'NONE',  ( -1.329212145139960777, 0.2000000000000000111, -0.6450000000000001288 ) ) ;
#8353 = AXIS2_PLACEMENT_3D ( 'NONE', #327, #4926, #8282 ) ;
#8354 = CARTESIAN_POINT ( 'NONE',  ( -1.150000000000000133, 0.2000000000000000111, -1.645000000000000240 ) ) ;
#8355 = ADVANCED_FACE ( 'NONE', ( #572 ), #7185, .F. ) ;
#8356 =( NAMED_UNIT ( * ) SI_UNIT ( $, .STERADIAN. ) SOLID_ANGLE_UNIT ( ) );
#8357 = CIRCLE ( 'NONE', #6028, 0.1792121451399605880 ) ;
#8358 = ORIENTED_EDGE ( 'NONE', *, *, #7686, .T. ) ;
#8359 = DIRECTION ( 'NONE',  ( 9.821212069593589627E-16, -1.000000000000000000, 0.000000000000000000 ) ) ;
#8360 = CARTESIAN_POINT ( 'NONE',  ( -0.9165283512985354930, 1.075226245357216337, 1.974586400069412440 ) ) ;
#8361 = ORIENTED_EDGE ( 'NONE', *, *, #7327, .F. ) ;
#8362 = DIRECTION ( 'NONE',  ( -1.000000000000000000, 0.000000000000000000, 0.000000000000000000 ) ) ;
#8363 = CARTESIAN_POINT ( 'NONE',  ( 1.110787854860023183, 0.4600000000000072919, -0.6450000000000001288 ) ) ;
#8364 = VERTEX_POINT ( 'NONE', #7069 ) ;
#8365 = EDGE_CURVE ( 'NONE', #6354, #4555, #3915, .T. ) ;
#8366 = VERTEX_POINT ( 'NONE', #5147 ) ;
#8367 = CARTESIAN_POINT ( 'NONE',  ( 1.289999999999983604, 0.4207878548600304525, 0.1449999999999999345 ) ) ;
#8368 = DIRECTION ( 'NONE',  ( -1.000000000000000000, 0.000000000000000000, 0.000000000000000000 ) ) ;
#8369 = FACE_OUTER_BOUND ( 'NONE', #4878, .T. ) ;
#8370 = CARTESIAN_POINT ( 'NONE',  ( -1.289999999999983604, 0.4207878548600304525, -0.8550000000000000933 ) ) ;
#8371 = ORIENTED_EDGE ( 'NONE', *, *, #5559, .T. ) ;
#8372 = LINE ( 'NONE', #8332, #5688 ) ;
#8373 = VERTEX_POINT ( 'NONE', #5875 ) ;
#8374 = EDGE_CURVE ( 'NONE', #345, #7616, #3245, .T. ) ;
#8375 = EDGE_LOOP ( 'NONE', ( #140, #2157, #2247, #6090 ) ) ;
#8376 = ORIENTED_EDGE ( 'NONE', *, *, #4412, .F. ) ;
#8377 = CARTESIAN_POINT ( 'NONE',  ( -1.326476844167053359, 0.1608833736747886378, -0.1450000000000001565 ) ) ;
#8378 = CARTESIAN_POINT ( 'NONE',  ( -1.149999999999999911, 0.4207878548600303970, -0.6450000000000001288 ) ) ;
#8379 = AXIS2_PLACEMENT_3D ( 'NONE', #3635, #1104, #8240 ) ;
#8380 = CARTESIAN_POINT ( 'NONE',  ( 1.110787854860023183, 0.4600000000000072919, 0.3549999999999999267 ) ) ;
#8381 = ADVANCED_FACE ( 'NONE', ( #4402 ), #7820, .F. ) ;
#8382 = CIRCLE ( 'NONE', #1382, 0.07499999999999974742 ) ;
#8383 = FACE_OUTER_BOUND ( 'NONE', #518, .T. ) ;
#8384 = PLANE ( 'NONE',  #1346 ) ;
#8385 = ORIENTED_EDGE ( 'NONE', *, *, #6163, .F. ) ;
#8386 = EDGE_CURVE ( 'NONE', #4809, #7142, #2563, .T. ) ;
#8387 = DIRECTION ( 'NONE',  ( 0.000000000000000000, 0.000000000000000000, 1.000000000000000000 ) ) ;
#8388 = AXIS2_PLACEMENT_3D ( 'NONE', #619, #7922, #3293 ) ;
#8389 = B_SPLINE_CURVE_WITH_KNOTS ( 'NONE', 3,
 ( #1409, #1448, #4021, #760 ),
 .UNSPECIFIED., .F., .F.,
 ( 4, 4 ),
 ( 0.000000000000000000, 1.000000000000000000 ),
 .UNSPECIFIED. ) ;
#8390 = AXIS2_PLACEMENT_3D ( 'NONE', #3217, #3179, #2428 ) ;
#8391 = DIRECTION ( 'NONE',  ( -0.000000000000000000, -1.000000000000000000, -0.000000000000000000 ) ) ;
#8392 = CARTESIAN_POINT ( 'NONE',  ( 1.110787854860023183, 0.4207878548600303970, 1.855000000000000204 ) ) ;
#8393 = ORIENTED_EDGE ( 'NONE', *, *, #548, .F. ) ;
#8394 = CARTESIAN_POINT ( 'NONE',  ( 1.289999999999983604, 0.4207878548600303970, 1.145000000000000018 ) ) ;
#8395 = CARTESIAN_POINT ( 'NONE',  ( -0.9999999999999995559, 0.4600000000000072919, 0.1449999999999999345 ) ) ;
#8396 = ORIENTED_EDGE ( 'NONE', *, *, #1658, .F. ) ;
#8397 = VECTOR ( 'NONE', #6724, 1000.000000000000000 ) ;
#8398 = LINE ( 'NONE', #3149, #1460 ) ;
#8399 = DIRECTION ( 'NONE',  ( 0.000000000000000000, 0.000000000000000000, 1.000000000000000000 ) ) ;
#8400 = AXIS2_PLACEMENT_3D ( 'NONE', #2895, #4216, #1744 ) ;
#8401 = UNCERTAINTY_MEASURE_WITH_UNIT (LENGTH_MEASURE( 1.000000000000000082E-05 ), #4732, 'distance_accuracy_value', 'NONE');
#8402 = AXIS2_PLACEMENT_3D ( 'NONE', #1149, #2993, #6944 ) ;
#8403 = VECTOR ( 'NONE', #8273, 1000.000000000000000 ) ;
#8404 = ORIENTED_EDGE ( 'NONE', *, *, #4048, .T. ) ;
#8405 = ORIENTED_EDGE ( 'NONE', *, *, #6696, .F. ) ;
#8406 = ORIENTED_EDGE ( 'NONE', *, *, #7700, .F. ) ;
#8407 = DIRECTION ( 'NONE',  ( -0.000000000000000000, -0.000000000000000000, -1.000000000000000000 ) ) ;
#8408 = VECTOR ( 'NONE', #4744, 1000.000000000000000 ) ;
#8409 = CYLINDRICAL_SURFACE ( 'NONE', #1522, 0.07499999999999998335 ) ;
#8410 = LINE ( 'NONE', #7839, #4407 ) ;
#8411 = CARTESIAN_POINT ( 'NONE',  ( -1.620234093675824161, -2.083034977450064059E-16, 1.354999999999999760 ) ) ;
#8412 =( GEOMETRIC_REPRESENTATION_CONTEXT ( 3 ) GLOBAL_UNCERTAINTY_ASSIGNED_CONTEXT ( ( #7709 ) ) GLOBAL_UNIT_ASSIGNED_CONTEXT ( ( #1475, #740, #4003 ) ) REPRESENTATION_CONTEXT ( 'NONE', 'WORKASPACE' ) );
#8413 = ORIENTED_EDGE ( 'NONE', *, *, #6580, .F. ) ;
#8414 = CARTESIAN_POINT ( 'NONE',  ( -0.9999999999999995559, 0.4600000000000071254, -1.145000000000000240 ) ) ;
#8415 = ORIENTED_EDGE ( 'NONE', *, *, #603, .T. ) ;
#8416 = ORIENTED_EDGE ( 'NONE', *, *, #4899, .F. ) ;
#8417 = ORIENTED_EDGE ( 'NONE', *, *, #2749, .T. ) ;
#8418 = CIRCLE ( 'NONE', #7052, 0.03921214513997691581 ) ;
#8419 = LINE ( 'NONE', #2422, #1216 ) ;
#8420 = EDGE_CURVE ( 'NONE', #7075, #3163, #775, .T. ) ;
#8421 = DIRECTION ( 'NONE',  ( 0.000000000000000000, 0.000000000000000000, -1.000000000000000000 ) ) ;
#8422 = ADVANCED_FACE ( 'NONE', ( #5182 ), #4445, .F. ) ;
#8423 = PLANE ( 'NONE',  #1091 ) ;
#8424 = DIRECTION ( 'NONE',  ( -0.000000000000000000, -0.000000000000000000, -1.000000000000000000 ) ) ;
#8425 = ORIENTED_EDGE ( 'NONE', *, *, #6595, .F. ) ;
#8426 = DIRECTION ( 'NONE',  ( 0.000000000000000000, 0.000000000000000000, -1.000000000000000000 ) ) ;
#8427 = CARTESIAN_POINT ( 'NONE',  ( 1.110787854860023183, 0.4207878548600303970, -1.145000000000000240 ) ) ;
#8428 = ORIENTED_EDGE ( 'NONE', *, *, #4141, .F. ) ;
#8429 = DIRECTION ( 'NONE',  ( 0.000000000000000000, -0.000000000000000000, -1.000000000000000000 ) ) ;
#8430 = EDGE_CURVE ( 'NONE', #1406, #871, #8398, .T. ) ;
#8431 = DIRECTION ( 'NONE',  ( 1.000000000000000000, 1.964242413918717925E-15, -0.000000000000000000 ) ) ;
#8432 = EDGE_CURVE ( 'NONE', #5737, #5978, #2529, .T. ) ;
#8433 = EDGE_CURVE ( 'NONE', #3562, #1670, #2705, .T. ) ;
#8434 = ORIENTED_EDGE ( 'NONE', *, *, #5496, .F. ) ;
#8435 = VERTEX_POINT ( 'NONE', #778 ) ;
#8436 = CARTESIAN_POINT ( 'NONE',  ( 1.289999999999983604, 0.4207878548600304525, -1.645000000000000240 ) ) ;
#8437 = CARTESIAN_POINT ( 'NONE',  ( -1.620234093675824161, -2.292191795371296565E-16, -0.8550000000000002043 ) ) ;
#8438 = EDGE_LOOP ( 'NONE', ( #6231, #5598, #1991, #6248 ) ) ;
#8439 = EDGE_CURVE ( 'NONE', #4188, #1324, #1349, .T. ) ;
#8440 = CARTESIAN_POINT ( 'NONE',  ( 1.326476844167053359, 0.1608833736747886656, 0.3549999999999999267 ) ) ;
#8441 = DIRECTION ( 'NONE',  ( -0.000000000000000000, -0.000000000000000000, -1.000000000000000000 ) ) ;
#8442 = ORIENTED_EDGE ( 'NONE', *, *, #1780, .T. ) ;
#8443 = ORIENTED_EDGE ( 'NONE', *, *, #7992, .T. ) ;
#8444 = ORIENTED_EDGE ( 'NONE', *, *, #5835, .T. ) ;
#8445 = CARTESIAN_POINT ( 'NONE',  ( -1.110787854860023183, 0.5999999999999910960, 1.354999999999999760 ) ) ;
#8446 = AXIS2_PLACEMENT_3D ( 'NONE', #5356, #2210, #1556 ) ;
#8447 = EDGE_CURVE ( 'NONE', #3286, #685, #6720, .T. ) ;
#8448 = CARTESIAN_POINT ( 'NONE',  ( 1.150000000000000133, 0.4207878548600303970, 1.645000000000000018 ) ) ;
#8449 = DIRECTION ( 'NONE',  ( 1.000000000000000000, 0.000000000000000000, -0.000000000000000000 ) ) ;
#8450 = VERTEX_POINT ( 'NONE', #1467 ) ;
#8451 = EDGE_CURVE ( 'NONE', #5947, #34, #2573, .T. ) ;
#8452 = ORIENTED_EDGE ( 'NONE', *, *, #5710, .F. ) ;
#8453 = VECTOR ( 'NONE', #2722, 1000.000000000000114 ) ;
#8454 = ORIENTED_EDGE ( 'NONE', *, *, #3888, .T. ) ;
#8455 = ORIENTED_EDGE ( 'NONE', *, *, #8107, .T. ) ;
#8456 = DIRECTION ( 'NONE',  ( -0.06975647374412463630, -0.9975640502598243087, 0.000000000000000000 ) ) ;
#8457 = CARTESIAN_POINT ( 'NONE',  ( 1.110787854860023183, 0.4207878548600303970, -1.354999999999999982 ) ) ;
#8458 = AXIS2_PLACEMENT_3D ( 'NONE', #313, #892, #269 ) ;
#8459 = DIRECTION ( 'NONE',  ( 0.1736481776669271393, -0.9848077530122086864, 0.000000000000000000 ) ) ;
#8460 = PLANE ( 'NONE',  #2160 ) ;
#8461 = DIRECTION ( 'NONE',  ( -1.000000000000000000, 0.000000000000000000, 0.000000000000000000 ) ) ;
#8462 = VERTEX_POINT ( 'NONE', #2684 ) ;
#8463 = CARTESIAN_POINT ( 'NONE',  ( -0.8858233710400005290, 0.1729484145906717285, -2.047556909279222737 ) ) ;
#8464 = EDGE_LOOP ( 'NONE', ( #5172, #3131, #3848, #2280 ) ) ;
#8465 = CIRCLE ( 'NONE', #5321, 0.1792121451399605880 ) ;
#8466 = PRESENTATION_STYLE_ASSIGNMENT (( #1375 ) ) ;
#8467 = DIRECTION ( 'NONE',  ( 0.000000000000000000, 0.000000000000000000, -1.000000000000000000 ) ) ;
#8468 = EDGE_CURVE ( 'NONE', #3905, #1356, #5355, .T. ) ;
#8469 = EDGE_LOOP ( 'NONE', ( #4895, #2785, #986, #8405 ) ) ;
#8470 = EDGE_CURVE ( 'NONE', #6384, #6301, #2126, .T. ) ;
#8471 = VECTOR ( 'NONE', #3857, 1000.000000000000000 ) ;
#8472 = LINE ( 'NONE', #21, #2771 ) ;
#8473 = B_SPLINE_CURVE_WITH_KNOTS ( 'NONE', 3,
 ( #69, #5839, #5180, #7781 ),
 .UNSPECIFIED., .F., .F.,
 ( 4, 4 ),
 ( 0.000000000000000000, 1.000000000000000000 ),
 .UNSPECIFIED. ) ;
#8474 = AXIS2_PLACEMENT_3D ( 'NONE', #7213, #5385, #7338 ) ;
#8475 = EDGE_LOOP ( 'NONE', ( #6025, #612, #3508, #315 ) ) ;
#8476 = PLANE ( 'NONE',  #5524 ) ;
#8477 = CIRCLE ( 'NONE', #4214, 0.1792121451399605880 ) ;
#8478 = CARTESIAN_POINT ( 'NONE',  ( 1.620234093675824161, -1.485875369962032561E-15, -0.1450000000000001565 ) ) ;
#8480 = ADVANCED_FACE ( 'NONE', ( #2044 ), #8041, .F. ) ;
#8479 = CARTESIAN_POINT ( 'NONE',  ( -0.9999999999999995559, 0.4207878548600303970, 1.354999999999999760 ) ) ;
#8481 = DIRECTION ( 'NONE',  ( -0.000000000000000000, -0.000000000000000000, -1.000000000000000000 ) ) ;
#8482 = AXIS2_PLACEMENT_3D ( 'NONE', #3204, #1882, #2613 ) ;
#8483 = EDGE_CURVE ( 'NONE', #7597, #6709, #822, .T. ) ;
#8484 = EDGE_CURVE ( 'NONE', #2446, #1062, #5994, .T. ) ;
#8485 = AXIS2_PLACEMENT_3D ( 'NONE', #5294, #2747, #12 ) ;
#8486 = VECTOR ( 'NONE', #2321, 1000.000000000000114 ) ;
#8487 = DIRECTION ( 'NONE',  ( -0.000000000000000000, -0.000000000000000000, -1.000000000000000000 ) ) ;
#8488 = ADVANCED_FACE ( 'NONE', ( #4037 ), #2724, .F. ) ;
#8489 = ORIENTED_EDGE ( 'NONE', *, *, #7454, .T. ) ;
#8490 = VERTEX_POINT ( 'NONE', #6586 ) ;
#8491 = FACE_OUTER_BOUND ( 'NONE', #6256, .T. ) ;
#8492 = VECTOR ( 'NONE', #2426, 1000.000000000000000 ) ;
#8493 = EDGE_CURVE ( 'NONE', #2005, #8450, #8465, .T. ) ;
ENDSEC;
END-ISO-10303-21;
