ISO-10303-21;
HEADER;
FILE_DESCRIPTION((''),'2;1');
FILE_NAME('F331_30PIN_ASM','2020-05-21T',('FSA12-PC'),(''),
'CREO PARAMETRIC BY PTC INC, 2014500','CREO PARAMETRIC BY PTC INC, 2014500','');
FILE_SCHEMA(('AUTOMOTIVE_DESIGN { 1 0 10303 214 1 1 1 1 }'));
ENDSEC;
DATA;
#14=DIRECTION('',(0.E0,0.E0,-1.E0));
#15=VECTOR('',#14,6.968167658400E-2);
#16=CARTESIAN_POINT('',(2.278211633663E1,1.766259900990E1,-3.753183234132E-1));
#17=LINE('',#16,#15);
#18=DIRECTION('',(0.E0,-7.060477054790E-14,1.E0));
#19=VECTOR('',#18,5.031832341117E-2);
#20=CARTESIAN_POINT('',(2.263211633663E1,1.766259900990E1,-3.753183234132E-1));
#21=LINE('',#20,#19);
#22=DIRECTION('',(-3.303504247823E-1,0.E0,-9.438583563471E-1));
#23=VECTOR('',#22,1.059481005033E-1);
#24=CARTESIAN_POINT('',(2.262211633664E1,1.766259900990E1,-3.250000000007E-1));
#25=LINE('',#24,#23);
#26=DIRECTION('',(0.E0,0.E0,1.E0));
#27=VECTOR('',#26,2.5E-1);
#28=CARTESIAN_POINT('',(2.227711633663E1,1.766259900990E1,-4.250000000001E-1));
#29=LINE('',#28,#27);
#30=DIRECTION('',(-1.E0,0.E0,0.E0));
#31=VECTOR('',#30,6.2E-1);
#32=CARTESIAN_POINT('',(2.227711633663E1,1.766259900990E1,-1.750000000001E-1));
#33=LINE('',#32,#31);
#34=DIRECTION('',(-5.547001962304E-1,0.E0,-8.320502943344E-1));
#35=VECTOR('',#34,1.802775637722E-1);
#36=CARTESIAN_POINT('',(2.165711633663E1,1.766259900990E1,-1.375000000001E0));
#37=LINE('',#36,#35);
#38=DIRECTION('',(4.472135955256E-1,0.E0,8.944271909871E-1));
#39=VECTOR('',#38,1.118033988725E-1);
#40=CARTESIAN_POINT('',(2.257211633663E1,1.766259900990E1,-1.525E0));
#41=LINE('',#40,#39);
#42=DIRECTION('',(1.E0,0.E0,3.603783938342E-11));
#43=VECTOR('',#42,9.999999998865E-3);
#44=CARTESIAN_POINT('',(2.262211633663E1,1.766259900990E1,-1.425000000003E0));
#45=LINE('',#44,#43);
#46=DIRECTION('',(0.E0,0.E0,1.E0));
#47=VECTOR('',#46,9.800000000223E-1);
#48=CARTESIAN_POINT('',(2.263211633663E1,1.766259900990E1,-1.425000000003E0));
#49=LINE('',#48,#47);
#50=CARTESIAN_POINT('',(2.278211633663E1,1.810259900990E1,-1.123262689185E0));
#51=DIRECTION('',(-1.E0,0.E0,0.E0));
#52=DIRECTION('',(0.E0,9.839854607772E-1,-1.782487390670E-1));
#53=AXIS2_PLACEMENT_3D('',#50,#51,#52);
#55=DIRECTION('',(0.E0,-6.427876097964E-1,-7.660444430268E-1));
#56=VECTOR('',#55,8.806088272732E-2);
#57=CARTESIAN_POINT('',(2.278211633663E1,1.821750567639E1,-1.219680830616E0));
#58=LINE('',#57,#56);
#59=CARTESIAN_POINT('',(2.278211633663E1,1.812259900990E1,-1.255E0));
#60=DIRECTION('',(-1.E0,0.E0,0.E0));
#61=DIRECTION('',(0.E0,7.660444433168E-1,-6.427876094508E-1));
#62=AXIS2_PLACEMENT_3D('',#59,#60,#61);
#64=CARTESIAN_POINT('',(2.278211633663E1,1.811259900990E1,-1.235E0));
#65=DIRECTION('',(-1.E0,0.E0,0.E0));
#66=DIRECTION('',(0.E0,-5.075305255429E-14,-1.E0));
#67=AXIS2_PLACEMENT_3D('',#64,#65,#66);
#69=CARTESIAN_POINT('',(2.278211633663E1,1.800886054890E1,-1.174681414895E0));
#70=DIRECTION('',(1.E0,0.E0,0.E0));
#71=DIRECTION('',(0.E0,8.644871618750E-1,-5.026548984674E-1));
#72=AXIS2_PLACEMENT_3D('',#69,#70,#71);
#74=DIRECTION('',(0.E0,1.745240692997E-2,9.998476951478E-1));
#75=VECTOR('',#74,2.555792725179E-2);
#76=CARTESIAN_POINT('',(2.278211633663E1,1.805885293370E1,-1.175554034700E0));
#77=LINE('',#76,#75);
#78=DIRECTION('',(0.E0,-5.000000003841E-1,-8.660254035627E-1));
#79=VECTOR('',#78,5.980762112339E-2);
#80=CARTESIAN_POINT('',(2.278211633663E1,1.772759900988E1,-8.982050807879E-1));
#81=LINE('',#80,#79);
#82=CARTESIAN_POINT('',(2.278211633663E1,1.782759900990E1,-1.024999999944E0));
#83=DIRECTION('',(1.E0,0.E0,0.E0));
#84=DIRECTION('',(0.E0,-8.660254040122E-1,4.999999996054E-1));
#85=AXIS2_PLACEMENT_3D('',#82,#83,#84);
#87=CARTESIAN_POINT('',(2.278211633663E1,1.782759900990E1,-1.075E0));
#88=DIRECTION('',(1.E0,0.E0,0.E0));
#89=DIRECTION('',(0.E0,-1.E0,-2.642302672710E-9));
#90=AXIS2_PLACEMENT_3D('',#87,#88,#89);
#92=DIRECTION('',(0.E0,8.660254040936E-1,-4.999999994644E-1));
#93=VECTOR('',#92,4.041451859885E-2);
#94=CARTESIAN_POINT('',(2.278211633663E1,1.775259901010E1,-1.204903810705E0));
#95=LINE('',#94,#93);
#96=CARTESIAN_POINT('',(2.278211633663E1,1.777259900991E1,-1.251091832105E0));
#97=DIRECTION('',(-1.E0,0.E0,0.E0));
#98=DIRECTION('',(0.E0,4.999999992252E-1,8.660254042318E-1));
#99=AXIS2_PLACEMENT_3D('',#96,#97,#98);
#101=DIRECTION('',(0.E0,-4.226182618040E-1,-9.063077870072E-1));
#102=VECTOR('',#101,1.723068283525E-1);
#103=CARTESIAN_POINT('',(2.278211633663E1,1.779978824351E1,-1.263770379976E0));
#104=LINE('',#103,#102);
#105=CARTESIAN_POINT('',(2.278211633663E1,1.781759900990E1,-1.462195226482E0));
#106=DIRECTION('',(1.E0,0.E0,0.E0));
#107=DIRECTION('',(0.E0,-9.063077865380E-1,4.226182628101E-1));
#108=AXIS2_PLACEMENT_3D('',#105,#106,#107);
#110=CARTESIAN_POINT('',(2.278211633663E1,1.746759900990E1,-1.675E0));
#111=DIRECTION('',(1.E0,0.E0,0.E0));
#112=DIRECTION('',(0.E0,1.E0,0.E0));
#113=AXIS2_PLACEMENT_3D('',#110,#111,#112);
#115=CARTESIAN_POINT('',(2.278211633663E1,1.743259900990E1,-1.575E0));
#116=DIRECTION('',(-1.E0,0.E0,0.E0));
#117=DIRECTION('',(0.E0,2.415845301584E-12,-1.E0));
#118=AXIS2_PLACEMENT_3D('',#115,#116,#117);
#120=CARTESIAN_POINT('',(2.278211633663E1,1.743059900986E1,-1.345E0));
#121=DIRECTION('',(-1.E0,0.E0,0.E0));
#122=DIRECTION('',(0.E0,2.500222251456E-10,1.E0));
#123=AXIS2_PLACEMENT_3D('',#120,#121,#122);
#125=DIRECTION('',(8.988365607544E-11,5.000000000848E-1,-8.660254037355E-1));
#126=VECTOR('',#125,9.999999999802E-3);
#127=CARTESIAN_POINT('',(2.278211633663E1,1.766259900990E1,1.148301270193E0));
#128=LINE('',#127,#126);
#129=CARTESIAN_POINT('',(2.278211633663E1,1.771759900990E1,8.416987299953E-1));
#130=DIRECTION('',(1.E0,0.E0,0.E0));
#131=DIRECTION('',(0.E0,-1.E0,-5.282885240376E-11));
#132=AXIS2_PLACEMENT_3D('',#129,#130,#131);
#134=DIRECTION('',(0.E0,4.999999977884E-1,-8.660254050613E-1));
#135=VECTOR('',#134,3.660254063151E-2);
#136=CARTESIAN_POINT('',(2.278211633663E1,1.767429773966E1,8.166987300740E-1));
#137=LINE('',#136,#135);
#138=DIRECTION('',(0.E0,-8.660254042840E-1,-4.999999991347E-1));
#139=VECTOR('',#138,5.773502671725E-3);
#140=CARTESIAN_POINT('',(2.278211633663E1,1.769259900990E1,7.849999999973E-1));
#141=LINE('',#140,#139);
#142=CARTESIAN_POINT('',(2.278211633663E1,1.770259900990E1,7.561324865466E-1));
#143=DIRECTION('',(1.E0,0.E0,0.E0));
#144=DIRECTION('',(0.E0,-5.000000001482E-1,8.660254036989E-1));
#145=AXIS2_PLACEMENT_3D('',#142,#143,#144);
#147=DIRECTION('',(0.E0,3.489949670422E-2,9.993908270190E-1));
#148=VECTOR('',#147,7.503230259346E-1);
#149=CARTESIAN_POINT('',(2.278211633663E1,1.806882365399E1,2.25E-1));
#150=LINE('',#149,#148);
#151=CARTESIAN_POINT('',(2.278211633663E1,1.809500954996E1,9.748659494202E-1));
#152=CARTESIAN_POINT('',(2.278211633663E1,1.809525015732E1,9.817560428797E-1));
#153=CARTESIAN_POINT('',(2.278211633663E1,1.809311863659E1,9.944580025374E-1));
#154=CARTESIAN_POINT('',(2.278211633663E1,1.808236269071E1,1.011714372404E0));
#155=CARTESIAN_POINT('',(2.278211633663E1,1.807229092727E1,1.019072508106E0));
#156=CARTESIAN_POINT('',(2.278211633663E1,1.806603608476E1,1.021989189073E0));
#158=DIRECTION('',(0.E0,-9.063077866062E-1,4.226182626638E-1));
#159=VECTOR('',#158,1.482617170843E-2);
#160=CARTESIAN_POINT('',(2.278211633663E1,1.806603608476E1,1.021989189073E0));
#161=LINE('',#160,#159);
#162=DIRECTION('',(0.E0,2.588190457857E-1,9.659258261060E-1));
#163=VECTOR('',#162,1.817373471575E-2);
#164=CARTESIAN_POINT('',(2.278211633663E1,1.805259900990E1,1.028255000002E0));
#165=LINE('',#164,#163);
#166=CARTESIAN_POINT('',(2.278211633663E1,1.810559900993E1,1.032868527600E0));
#167=DIRECTION('',(-1.E0,0.E0,0.E0));
#168=DIRECTION('',(0.E0,-9.659258272694E-1,2.588190414440E-1));
#169=AXIS2_PLACEMENT_3D('',#166,#167,#168);
#171=DIRECTION('',(0.E0,6.427876100284E-1,7.660444428322E-1));
#172=VECTOR('',#171,5.492050820273E-2);
#173=CARTESIAN_POINT('',(2.278211633663E1,1.806729678769E1,1.065007907982E0));
#174=LINE('',#173,#172);
#175=CARTESIAN_POINT('',(2.278211633663E1,1.821259900991E1,-3.178420558069E-1));
#176=DIRECTION('',(-1.E0,0.E0,0.E0));
#177=DIRECTION('',(0.E0,9.974349018806E-1,-7.157944195408E-2));
#178=AXIS2_PLACEMENT_3D('',#175,#176,#177);
#180=DIRECTION('',(0.E0,-2.756373559906E-1,-9.612616958885E-1));
#181=VECTOR('',#180,1.333528224065E-1);
#182=CARTESIAN_POINT('',(2.278211633663E1,1.830872517949E1,-3.454057914353E-1));
#183=LINE('',#182,#181);
#184=CARTESIAN_POINT('',(2.278211633663E1,1.875259900990E1,-6.114114232008E-1));
#185=DIRECTION('',(1.E0,0.E0,0.E0));
#186=DIRECTION('',(0.E0,-9.612617010315E-1,2.756373380549E-1));
#187=AXIS2_PLACEMENT_3D('',#184,#185,#186);
#189=CARTESIAN_POINT('',(2.278211633663E1,1.774259900990E1,-3.753183234132E-1));
#190=DIRECTION('',(1.E0,0.E0,0.E0));
#191=DIRECTION('',(0.E0,-7.774222558715E-1,6.289790426362E-1));
#192=AXIS2_PLACEMENT_3D('',#189,#190,#191);
#194=CARTESIAN_POINT('',(2.278211633663E1,1.774259900990E1,-4.449999999972E-1));
#195=DIRECTION('',(1.E0,0.E0,0.E0));
#196=DIRECTION('',(0.E0,-1.E0,1.007527394847E-12));
#197=AXIS2_PLACEMENT_3D('',#194,#195,#196);
#199=DIRECTION('',(0.E0,8.660254036305E-1,-5.000000002667E-1));
#200=VECTOR('',#199,1.154700538421E-2);
#201=CARTESIAN_POINT('',(2.278211633663E1,1.770259900988E1,-5.142820322897E-1));
#202=LINE('',#201,#200);
#203=CARTESIAN_POINT('',(2.278211633663E1,1.767259900990E1,-5.893375673001E-1));
#204=DIRECTION('',(-1.E0,0.E0,0.E0));
#205=DIRECTION('',(0.E0,4.999999996404E-1,8.660254039921E-1));
#206=AXIS2_PLACEMENT_3D('',#203,#204,#205);
#208=DIRECTION('',(0.E0,1.745240649399E-2,9.998476951554E-1));
#209=VECTOR('',#208,1.125875059504E-1);
#210=CARTESIAN_POINT('',(2.278211633663E1,1.807108114990E1,-4.750000000446E-1));
#211=LINE('',#210,#209);
#212=CARTESIAN_POINT('',(2.278211633663E1,1.795306434940E1,-3.603353528823E-1));
#213=DIRECTION('',(1.E0,0.E0,0.E0));
#214=DIRECTION('',(0.E0,9.998476951406E-1,-1.745240734181E-2));
#215=AXIS2_PLACEMENT_3D('',#212,#213,#214);
#217=DIRECTION('',(0.E0,-1.E0,0.E0));
#218=VECTOR('',#217,5.259531337637E-1);
#219=CARTESIAN_POINT('',(2.278211633663E1,1.877614996278E1,-1.150000000045E0));
#220=LINE('',#219,#218);
#221=DIRECTION('',(-1.E0,-2.893612951059E-14,1.826593175356E-13));
#222=VECTOR('',#221,1.105E0);
#223=CARTESIAN_POINT('',(2.278211633663E1,1.877614996278E1,-1.150000000045E0));
#224=LINE('',#223,#222);
#225=DIRECTION('',(0.E0,-1.E0,2.765240640186E-12));
#226=VECTOR('',#225,2.235509529E-1);
#227=CARTESIAN_POINT('',(2.167711633663E1,1.877614996278E1,-1.150000000045E0));
#228=LINE('',#227,#226);
#229=DIRECTION('',(1.E0,0.E0,8.876455126483E-12));
#230=VECTOR('',#229,2.5E-1);
#231=CARTESIAN_POINT('',(2.167711633663E1,1.855259900988E1,-1.150000000044E0));
#232=LINE('',#231,#230);
#233=DIRECTION('',(0.E0,-1.E0,1.301585102324E-11));
#234=VECTOR('',#233,5.5E-1);
#235=CARTESIAN_POINT('',(2.192711633663E1,1.855259900988E1,-1.150000000042E0));
#236=LINE('',#235,#234);
#237=DIRECTION('',(0.E0,-1.E0,0.E0));
#238=VECTOR('',#237,1.566999711549E-1);
#239=CARTESIAN_POINT('',(2.278211633663E1,1.805929898104E1,-1.150000000045E0));
#240=LINE('',#239,#238);
#241=DIRECTION('',(0.E0,0.E0,1.E0));
#242=VECTOR('',#241,7.500000000481E-2);
#243=CARTESIAN_POINT('',(2.278211633663E1,1.877614996278E1,-1.150000000045E0));
#244=LINE('',#243,#242);
#245=DIRECTION('',(0.E0,2.842170943016E-12,-1.E0));
#246=VECTOR('',#245,7.500000000064E-2);
#247=CARTESIAN_POINT('',(2.167711633663E1,1.877614996278E1,-1.075000000044E0));
#248=LINE('',#247,#246);
#249=DIRECTION('',(0.E0,-1.736481776378E-1,-9.848077530173E-1));
#250=VECTOR('',#249,1.523139917776E-1);
#251=CARTESIAN_POINT('',(2.278211633663E1,1.880259900988E1,-9.250000000446E-1));
#252=LINE('',#251,#250);
#253=DIRECTION('',(1.E0,2.250587850824E-13,3.593505583597E-12));
#254=VECTOR('',#253,1.105E0);
#255=CARTESIAN_POINT('',(2.167711633663E1,1.877614996278E1,-1.075000000044E0));
#256=LINE('',#255,#254);
#257=DIRECTION('',(0.E0,1.E0,0.E0));
#258=VECTOR('',#257,1.999999999991E-1);
#259=CARTESIAN_POINT('',(2.278211633663E1,1.880259900988E1,-9.250000000446E-1));
#260=LINE('',#259,#258);
#261=DIRECTION('',(0.E0,-1.E0,-4.229949723834E-13));
#262=VECTOR('',#261,1.999999999994E-1);
#263=CARTESIAN_POINT('',(2.167711633663E1,1.900259900988E1,-9.250000000446E-1));
#264=LINE('',#263,#262);
#265=DIRECTION('',(1.E0,3.311579266212E-13,9.464525694090E-14));
#266=VECTOR('',#265,1.105E0);
#267=CARTESIAN_POINT('',(2.167711633663E1,1.880259900988E1,-9.250000000447E-1));
#268=LINE('',#267,#266);
#269=DIRECTION('',(0.E0,0.E0,1.E0));
#270=VECTOR('',#269,4.5E-1);
#271=CARTESIAN_POINT('',(2.278211633663E1,1.900259900988E1,-9.250000000446E-1));
#272=LINE('',#271,#270);
#273=DIRECTION('',(1.E0,0.E0,1.818555361603E-14));
#274=VECTOR('',#273,1.105E0);
#275=CARTESIAN_POINT('',(2.167711633663E1,1.900259900988E1,-9.250000000446E-1));
#276=LINE('',#275,#274);
#277=DIRECTION('',(0.E0,-1.E0,0.E0));
#278=VECTOR('',#277,7.310321440541E-1);
#279=CARTESIAN_POINT('',(2.278211633663E1,1.900259900988E1,-4.750000000446E-1));
#280=LINE('',#279,#278);
#281=DIRECTION('',(0.E0,-1.E0,-2.464261574302E-12));
#282=VECTOR('',#281,2.004857159281E-1);
#283=CARTESIAN_POINT('',(2.263211633663E1,1.827156686583E1,-4.750000000439E-1));
#284=LINE('',#283,#282);
#285=DIRECTION('',(1.E0,-1.035023918424E-11,-1.055452022077E-12));
#286=VECTOR('',#285,1.5E-1);
#287=CARTESIAN_POINT('',(2.263211633663E1,1.807108114990E1,-4.750000000444E-1));
#288=LINE('',#287,#286);
#289=DIRECTION('',(0.E0,-1.E0,0.E0));
#290=VECTOR('',#289,2.434821400179E-1);
#291=CARTESIAN_POINT('',(2.278211633663E1,1.807108114990E1,-4.750000000446E-1));
#292=LINE('',#291,#290);
#293=DIRECTION('',(-1.E0,1.412775030166E-13,2.525595067715E-14));
#294=VECTOR('',#293,8.55E-1);
#295=CARTESIAN_POINT('',(2.278211633663E1,1.782759900988E1,-4.750000000446E-1));
#296=LINE('',#295,#294);
#297=DIRECTION('',(1.E0,0.E0,0.E0));
#298=VECTOR('',#297,1.105E0);
#299=CARTESIAN_POINT('',(2.167711633663E1,1.900259900988E1,-4.750000000446E-1));
#300=LINE('',#299,#298);
#301=DIRECTION('',(1.E0,-1.030286966852E-11,-4.349113661798E-12));
#302=VECTOR('',#301,1.5E-1);
#303=CARTESIAN_POINT('',(2.263211633663E1,1.827156686583E1,-4.750000000439E-1));
#304=LINE('',#303,#302);
#305=DIRECTION('',(-1.E0,-6.570862372731E-9,-2.290832375647E-8));
#306=VECTOR('',#305,1.5E-1);
#307=CARTESIAN_POINT('',(2.278211633663E1,1.827196816011E1,-4.735927516532E-1));
#308=LINE('',#307,#306);
#309=CARTESIAN_POINT('',(2.263211633663E1,1.875259900990E1,-6.114114232008E-1));
#310=DIRECTION('',(-1.E0,0.E0,0.E0));
#311=DIRECTION('',(0.E0,-9.620642881480E-1,2.728228463131E-1));
#312=AXIS2_PLACEMENT_3D('',#309,#310,#311);
#314=DIRECTION('',(0.E0,2.756373559906E-1,9.612616958886E-1));
#315=VECTOR('',#314,1.333528259611E-1);
#316=CARTESIAN_POINT('',(2.263211633663E1,1.827196815912E1,-4.735927550895E-1));
#317=LINE('',#316,#315);
#318=CARTESIAN_POINT('',(2.263211633663E1,1.821259900991E1,-3.178420558069E-1));
#319=DIRECTION('',(1.E0,0.E0,0.E0));
#320=DIRECTION('',(0.E0,9.612616955468E-1,-2.756373571825E-1));
#321=AXIS2_PLACEMENT_3D('',#318,#319,#320);
#323=DIRECTION('',(0.E0,-1.E0,-1.569118514549E-12));
#324=VECTOR('',#323,2.445985411900E-1);
#325=CARTESIAN_POINT('',(2.263211633663E1,1.831234250010E1,-3.250000000023E-1));
#326=LINE('',#325,#324);
#327=CARTESIAN_POINT('',(2.263211633663E1,1.795306434940E1,-3.603353528823E-1));
#328=DIRECTION('',(-1.E0,0.E0,0.E0));
#329=DIRECTION('',(0.E0,9.556634125650E-1,2.944612739982E-1));
#330=AXIS2_PLACEMENT_3D('',#327,#328,#329);
#332=DIRECTION('',(0.E0,-1.745240647517E-2,-9.998476951557E-1));
#333=VECTOR('',#332,1.126731869676E-1);
#334=CARTESIAN_POINT('',(2.263211633663E1,1.807304756816E1,-3.623439737490E-1));
#335=LINE('',#334,#333);
#336=DIRECTION('',(-1.E0,4.500103993147E-12,-1.709743457923E-13));
#337=VECTOR('',#336,1.5E-1);
#338=CARTESIAN_POINT('',(2.278211633663E1,1.831234250010E1,-3.250000000023E-1));
#339=LINE('',#338,#337);
#340=DIRECTION('',(1.E0,3.891405716179E-11,1.285897314555E-10));
#341=VECTOR('',#340,1.5E-1);
#342=CARTESIAN_POINT('',(2.263211633663E1,1.830872517948E1,-3.454057914546E-1));
#343=LINE('',#342,#341);
#344=DIRECTION('',(0.E0,1.E0,0.E0));
#345=VECTOR('',#344,3.873387294775E-1);
#346=CARTESIAN_POINT('',(2.278211633663E1,1.768040522943E1,-3.250000000023E-1));
#347=LINE('',#346,#345);
#348=DIRECTION('',(0.E0,1.E0,0.E0));
#349=VECTOR('',#348,3.025650980204E-2);
#350=CARTESIAN_POINT('',(2.278211633663E1,1.831234250010E1,-3.250000000023E-1));
#351=LINE('',#350,#349);
#352=DIRECTION('',(1.577822839703E-12,-1.E0,0.E0));
#353=VECTOR('',#352,6.8E-1);
#354=CARTESIAN_POINT('',(2.262211633664E1,1.834259900990E1,-3.250000000007E-1));
#355=LINE('',#354,#353);
#356=DIRECTION('',(1.E0,0.E0,-1.291577956631E-10));
#357=VECTOR('',#356,9.999999992775E-3);
#358=CARTESIAN_POINT('',(2.262211633664E1,1.766259900990E1,-3.250000000007E-1));
#359=LINE('',#358,#357);
#360=DIRECTION('',(1.E0,-5.897504706809E-12,2.732258863602E-12));
#361=VECTOR('',#360,1.5E-1);
#362=CARTESIAN_POINT('',(2.263211633663E1,1.806774395891E1,-3.250000000027E-1));
#363=LINE('',#362,#361);
#364=DIRECTION('',(-9.999998368614E-1,9.968927546208E-6,5.711196919431E-4));
#365=VECTOR('',#364,1.500000244708E-1);
#366=CARTESIAN_POINT('',(2.278211633663E1,1.807304607282E1,-3.624296417168E-1));
#367=LINE('',#366,#365);
#368=DIRECTION('',(0.E0,0.E0,-1.E0));
#369=VECTOR('',#368,1.500000000022E-1);
#370=CARTESIAN_POINT('',(2.278211633663E1,1.834259900990E1,-1.750000000001E-1));
#371=LINE('',#370,#369);
#372=DIRECTION('',(-1.E0,0.E0,0.E0));
#373=VECTOR('',#372,5.05E-1);
#374=CARTESIAN_POINT('',(2.278211633663E1,1.834259900990E1,-1.750000000001E-1));
#375=LINE('',#374,#373);
#376=DIRECTION('',(3.303504247822E-1,0.E0,9.438583563471E-1));
#377=VECTOR('',#376,1.059481005033E-1);
#378=CARTESIAN_POINT('',(2.258711633663E1,1.834259900990E1,-4.249999999999E-1));
#379=LINE('',#378,#377);
#380=DIRECTION('',(1.E0,0.E0,-9.986109162191E-12));
#381=VECTOR('',#380,1.599999999939E-1);
#382=CARTESIAN_POINT('',(2.262211633664E1,1.834259900990E1,-3.250000000007E-1));
#383=LINE('',#382,#381);
#384=DIRECTION('',(0.E0,1.E0,0.E0));
#385=VECTOR('',#384,6.E-2);
#386=CARTESIAN_POINT('',(2.278211633663E1,1.834259900990E1,-1.750000000001E-1));
#387=LINE('',#386,#385);
#388=DIRECTION('',(-1.E0,4.060244204343E-14,0.E0));
#389=VECTOR('',#388,8.750000000001E-1);
#390=CARTESIAN_POINT('',(2.278211633663E1,1.840259900990E1,-1.750000000001E-1));
#391=LINE('',#390,#389);
#392=DIRECTION('',(0.E0,0.E0,-1.E0));
#393=VECTOR('',#392,1.6E0);
#394=CARTESIAN_POINT('',(2.278211633663E1,1.840259900990E1,1.425E0));
#395=LINE('',#394,#393);
#396=DIRECTION('',(-1.E0,0.E0,1.603613663706E-12));
#397=VECTOR('',#396,5.899999999996E-1);
#398=CARTESIAN_POINT('',(2.278211633663E1,1.840259900990E1,1.425E0));
#399=LINE('',#398,#397);
#400=DIRECTION('',(-6.246950475599E-1,0.E0,7.808688094386E-1));
#401=VECTOR('',#400,1.280624847483E-1);
#402=CARTESIAN_POINT('',(2.219211633663E1,1.840259900990E1,1.425000000001E0));
#403=LINE('',#402,#401);
#404=DIRECTION('',(-1.E0,0.E0,-1.072752997545E-12));
#405=VECTOR('',#404,1.599999999998E-1);
#406=CARTESIAN_POINT('',(2.211211633663E1,1.840259900990E1,1.525E0));
#407=LINE('',#406,#405);
#408=DIRECTION('',(-5.547001962273E-1,0.E0,-8.320502943365E-1));
#409=VECTOR('',#408,1.802775637730E-1);
#410=CARTESIAN_POINT('',(2.195211633663E1,1.840259900990E1,1.525E0));
#411=LINE('',#410,#409);
#412=DIRECTION('',(0.E0,-1.E0,0.E0));
#413=VECTOR('',#412,2.000000000029E-1);
#414=CARTESIAN_POINT('',(2.278211633663E1,1.840259900990E1,1.425E0));
#415=LINE('',#414,#413);
#416=DIRECTION('',(0.E0,7.071067811661E-1,7.071067812070E-1));
#417=VECTOR('',#416,1.414213562373E-1);
#418=CARTESIAN_POINT('',(2.278211633663E1,1.810259900990E1,1.324999999997E0));
#419=LINE('',#418,#417);
#420=DIRECTION('',(1.E0,-4.492075261672E-12,-2.030014574519E-12));
#421=VECTOR('',#420,5.899999999997E-1);
#422=CARTESIAN_POINT('',(2.219211633663E1,1.820259900990E1,1.425000000001E0));
#423=LINE('',#422,#421);
#424=DIRECTION('',(0.E0,0.E0,1.E0));
#425=VECTOR('',#424,2.179205419089E-1);
#426=CARTESIAN_POINT('',(2.278211633663E1,1.810259900990E1,1.107079458088E0));
#427=LINE('',#426,#425);
#428=DIRECTION('',(0.E0,-5.437337217621E-13,-1.E0));
#429=VECTOR('',#428,8.820794580917E-1);
#430=CARTESIAN_POINT('',(2.263211633663E1,1.810259900990E1,1.107079458092E0));
#431=LINE('',#430,#429);
#432=DIRECTION('',(-3.552713678808E-14,1.001219309482E-13,1.E0));
#433=VECTOR('',#432,1.099999999998E0);
#434=CARTESIAN_POINT('',(2.219211633663E1,1.810259900990E1,2.25E-1));
#435=LINE('',#434,#433);
#436=DIRECTION('',(1.E0,-2.047326526766E-13,-7.165642843682E-13));
#437=VECTOR('',#436,5.9E-1);
#438=CARTESIAN_POINT('',(2.219211633663E1,1.810259900990E1,1.324999999998E0));
#439=LINE('',#438,#437);
#440=DIRECTION('',(1.E0,-4.334310688136E-12,-2.277289468111E-11));
#441=VECTOR('',#440,1.5E-1);
#442=CARTESIAN_POINT('',(2.263211633663E1,1.810259900990E1,1.107079458092E0));
#443=LINE('',#442,#441);
#444=DIRECTION('',(1.E0,-6.664890861429E-11,-8.400983612470E-11));
#445=VECTOR('',#444,1.5E-1);
#446=CARTESIAN_POINT('',(2.263211633663E1,1.806729678770E1,1.065007907995E0));
#447=LINE('',#446,#445);
#448=DIRECTION('',(-1.E0,7.005951374594E-11,2.339609987227E-10));
#449=VECTOR('',#448,1.5E-1);
#450=CARTESIAN_POINT('',(2.278211633663E1,1.805730271858E1,1.045809479721E0));
#451=LINE('',#450,#449);
#452=DIRECTION('',(0.E0,-6.427876100109E-1,-7.660444428468E-1));
#453=VECTOR('',#452,5.492050818969E-2);
#454=CARTESIAN_POINT('',(2.263211633663E1,1.810259900990E1,1.107079458092E0));
#455=LINE('',#454,#453);
#456=CARTESIAN_POINT('',(2.263211633663E1,1.810559900993E1,1.032868527600E0));
#457=DIRECTION('',(1.E0,0.E0,0.E0));
#458=DIRECTION('',(0.E0,-7.660444445693E-1,6.427876079581E-1));
#459=AXIS2_PLACEMENT_3D('',#456,#457,#458);
#461=DIRECTION('',(0.E0,-2.588190457853E-1,-9.659258261061E-1));
#462=VECTOR('',#461,1.817373475265E-2);
#463=CARTESIAN_POINT('',(2.263211633663E1,1.805730271859E1,1.045809479756E0));
#464=LINE('',#463,#462);
#465=DIRECTION('',(0.E0,9.063077866065E-1,-4.226182626632E-1));
#466=VECTOR('',#465,1.497494784729E-2);
#467=CARTESIAN_POINT('',(2.263211633663E1,1.805259900990E1,1.028255000001E0));
#468=LINE('',#467,#466);
#469=CARTESIAN_POINT('',(2.263211633663E1,1.806617092174E1,1.021926313559E0));
#470=CARTESIAN_POINT('',(2.263211633663E1,1.807241927342E1,1.019012659310E0));
#471=CARTESIAN_POINT('',(2.263211633663E1,1.808276911215E1,1.011346891438E0));
#472=CARTESIAN_POINT('',(2.263211633663E1,1.809326155306E1,9.939290455135E-1));
#473=CARTESIAN_POINT('',(2.263211633663E1,1.809524521505E1,9.816145148322E-1));
#474=CARTESIAN_POINT('',(2.263211633663E1,1.809500435775E1,9.747172639091E-1));
#476=DIRECTION('',(0.E0,-3.489949670178E-2,-9.993908270191E-1));
#477=VECTOR('',#476,7.501742497930E-1);
#478=CARTESIAN_POINT('',(2.263211633663E1,1.809500435775E1,9.747172639091E-1));
#479=LINE('',#478,#477);
#480=DIRECTION('',(1.E0,-6.442254137558E-12,3.659295089164E-12));
#481=VECTOR('',#480,1.5E-1);
#482=CARTESIAN_POINT('',(2.263211633663E1,1.805259900990E1,1.028255000001E0));
#483=LINE('',#482,#481);
#484=DIRECTION('',(9.999995081261E-1,-8.989127183600E-4,4.191698862898E-4));
#485=VECTOR('',#484,1.500000737811E-1);
#486=CARTESIAN_POINT('',(2.263211633663E1,1.806617092174E1,1.021926313559E0));
#487=LINE('',#486,#485);
#488=DIRECTION('',(-9.999995081261E-1,-3.461472888795E-5,-9.912362531056E-4));
#489=VECTOR('',#488,1.500000737811E-1);
#490=CARTESIAN_POINT('',(2.278211633663E1,1.809500954996E1,9.748659494202E-1));
#491=LINE('',#490,#489);
#492=DIRECTION('',(0.E0,-1.E0,0.E0));
#493=VECTOR('',#492,3.962246440874E-1);
#494=CARTESIAN_POINT('',(2.278211633663E1,1.806882365399E1,2.25E-1));
#495=LINE('',#494,#493);
#496=DIRECTION('',(-1.E0,0.E0,0.E0));
#497=VECTOR('',#496,1.5E-1);
#498=CARTESIAN_POINT('',(2.278211633663E1,1.767259900990E1,2.25E-1));
#499=LINE('',#498,#497);
#500=DIRECTION('',(2.131628207328E-12,-1.E0,0.E0));
#501=VECTOR('',#500,9.999999999774E-3);
#502=CARTESIAN_POINT('',(2.263211633663E1,1.767259900990E1,2.25E-1));
#503=LINE('',#502,#501);
#504=DIRECTION('',(1.E0,3.714200664201E-13,-1.002985573383E-14));
#505=VECTOR('',#504,4.4E-1);
#506=CARTESIAN_POINT('',(2.219211633663E1,1.810259900990E1,2.25E-1));
#507=LINE('',#506,#505);
#508=DIRECTION('',(0.E0,-1.E0,1.041182642112E-12));
#509=VECTOR('',#508,3.377535591035E-2);
#510=CARTESIAN_POINT('',(2.263211633663E1,1.810259900990E1,2.25E-1));
#511=LINE('',#510,#509);
#512=DIRECTION('',(1.E0,-1.608195058604E-11,-1.994700700910E-13));
#513=VECTOR('',#512,1.5E-1);
#514=CARTESIAN_POINT('',(2.263211633663E1,1.806882365399E1,2.25E-1));
#515=LINE('',#514,#513);
#516=DIRECTION('',(0.E0,0.E0,1.E0));
#517=VECTOR('',#516,5.311324865468E-1);
#518=CARTESIAN_POINT('',(2.278211633663E1,1.767259900990E1,2.25E-1));
#519=LINE('',#518,#517);
#520=DIRECTION('',(0.E0,0.E0,-1.E0));
#521=VECTOR('',#520,5.311324865467E-1);
#522=CARTESIAN_POINT('',(2.263211633663E1,1.767259900990E1,7.561324865467E-1));
#523=LINE('',#522,#521);
#524=DIRECTION('',(1.E0,0.E0,3.116025955781E-13));
#525=VECTOR('',#524,1.5E-1);
#526=CARTESIAN_POINT('',(2.263211633663E1,1.767259900990E1,7.561324865467E-1));
#527=LINE('',#526,#525);
#528=DIRECTION('',(-1.E0,5.982769835100E-11,4.199973702157E-11));
#529=VECTOR('',#528,1.5E-1);
#530=CARTESIAN_POINT('',(2.278211633663E1,1.768759900991E1,7.821132486664E-1));
#531=LINE('',#530,#529);
#532=CARTESIAN_POINT('',(2.263211633663E1,1.770259900990E1,7.561324865466E-1));
#533=DIRECTION('',(-1.E0,0.E0,0.E0));
#534=DIRECTION('',(0.E0,-1.E0,2.660834515685E-12));
#535=AXIS2_PLACEMENT_3D('',#532,#533,#534);
#537=DIRECTION('',(0.E0,8.660254042836E-1,4.999999991355E-1));
#538=VECTOR('',#537,5.773502661312E-3);
#539=CARTESIAN_POINT('',(2.263211633663E1,1.768759900992E1,7.821132486727E-1));
#540=LINE('',#539,#538);
#541=DIRECTION('',(0.E0,-4.999999977882E-1,8.660254050614E-1));
#542=VECTOR('',#541,3.660254067002E-2);
#543=CARTESIAN_POINT('',(2.263211633663E1,1.769259900990E1,7.849999999984E-1));
#544=LINE('',#543,#542);
#545=CARTESIAN_POINT('',(2.263211633663E1,1.771759900990E1,8.416987299953E-1));
#546=DIRECTION('',(-1.E0,0.E0,0.E0));
#547=DIRECTION('',(0.E0,-8.660254053410E-1,-4.999999973039E-1));
#548=AXIS2_PLACEMENT_3D('',#545,#546,#547);
#550=DIRECTION('',(-1.696935161126E-12,4.329360218769E-12,1.E0));
#551=VECTOR('',#550,1.633012700159E-1);
#552=CARTESIAN_POINT('',(2.263211633663E1,1.766759900990E1,8.416987299951E-1));
#553=LINE('',#552,#551);
#554=DIRECTION('',(7.105427358203E-11,-5.000000001688E-1,8.660254036870E-1));
#555=VECTOR('',#554,9.999999999152E-3);
#556=CARTESIAN_POINT('',(2.263211633663E1,1.766759900990E1,1.139641016152E0));
#557=LINE('',#556,#555);
#558=DIRECTION('',(-1.385221666713E-13,-1.019677060219E-12,-1.E0));
#559=VECTOR('',#558,9.233012701881E-1);
#560=CARTESIAN_POINT('',(2.263211633663E1,1.766259900990E1,1.148301270188E0));
#561=LINE('',#560,#559);
#562=DIRECTION('',(1.E0,3.079018521627E-13,-7.317850029646E-12));
#563=VECTOR('',#562,1.5E-1);
#564=CARTESIAN_POINT('',(2.263211633663E1,1.769259900990E1,7.849999999984E-1));
#565=LINE('',#564,#563);
#566=DIRECTION('',(1.E0,1.286082351726E-10,-2.296903408213E-10));
#567=VECTOR('',#566,1.5E-1);
#568=CARTESIAN_POINT('',(2.263211633663E1,1.767429773964E1,8.166987301084E-1));
#569=LINE('',#568,#567);
#570=DIRECTION('',(-1.E0,2.605323364458E-13,1.074251798629E-11));
#571=VECTOR('',#570,1.499999999997E-1);
#572=CARTESIAN_POINT('',(2.278211633663E1,1.766759900990E1,8.416987299934E-1));
#573=LINE('',#572,#571);
#574=DIRECTION('',(8.789253910658E-12,2.784714110307E-12,1.E0));
#575=VECTOR('',#574,1.633012700310E-1);
#576=CARTESIAN_POINT('',(2.278211633663E1,1.766759900990E1,8.416987299934E-1));
#577=LINE('',#576,#575);
#578=CARTESIAN_POINT('',(2.278211633663E1,1.766759900990E1,1.005000000044E0));
#579=CARTESIAN_POINT('',(2.278211633663E1,1.766759900991E1,1.011035533941E0));
#580=CARTESIAN_POINT('',(2.277930905811E1,1.767040628843E1,1.019136510398E0));
#581=CARTESIAN_POINT('',(2.277031890730E1,1.767939643923E1,1.030564652811E0));
#582=CARTESIAN_POINT('',(2.276065187052E1,1.768906347601E1,1.035E0));
#583=CARTESIAN_POINT('',(2.275211633663E1,1.769759900990E1,1.035E0));
#585=DIRECTION('',(-1.E0,0.E0,0.E0));
#586=VECTOR('',#585,9.000000000029E-2);
#587=CARTESIAN_POINT('',(2.275211633663E1,1.769759900990E1,1.035E0));
#588=LINE('',#587,#586);
#589=CARTESIAN_POINT('',(2.266211633663E1,1.769759900990E1,1.035E0));
#590=CARTESIAN_POINT('',(2.265358080272E1,1.768906347600E1,1.035E0));
#591=CARTESIAN_POINT('',(2.264391376595E1,1.767939643922E1,1.030564652802E0));
#592=CARTESIAN_POINT('',(2.263492361514E1,1.767040628841E1,1.019136510374E0));
#593=CARTESIAN_POINT('',(2.263211633663E1,1.766759900990E1,1.011035533910E0));
#594=CARTESIAN_POINT('',(2.263211633663E1,1.766759900990E1,1.005000000005E0));
#596=DIRECTION('',(1.E0,-1.942150144392E-12,8.994582856216E-11));
#597=VECTOR('',#596,1.500000000014E-1);
#598=CARTESIAN_POINT('',(2.263211633663E1,1.766759900990E1,1.005000000011E0));
#599=LINE('',#598,#597);
#600=DIRECTION('',(-1.715126606720E-12,2.928908513015E-12,1.E0));
#601=VECTOR('',#600,1.346410161309E-1);
#602=CARTESIAN_POINT('',(2.278211633663E1,1.766759900990E1,1.005000000024E0));
#603=LINE('',#602,#601);
#604=DIRECTION('',(-1.E0,7.792285335504E-12,-2.965775773116E-11));
#605=VECTOR('',#604,1.5E-1);
#606=CARTESIAN_POINT('',(2.278211633663E1,1.766259900990E1,1.148301270193E0));
#607=LINE('',#606,#605);
#608=DIRECTION('',(4.472135955215E-1,4.472135954869E-1,-7.745966692366E-1));
#609=VECTOR('',#608,1.028161097044E-1);
#610=CARTESIAN_POINT('',(2.263211633663E1,1.766759900990E1,1.139641016152E0));
#611=LINE('',#610,#609);
#612=DIRECTION('',(4.472135955255E-1,-4.472135954824E-1,7.745966692369E-1));
#613=VECTOR('',#612,1.028161097234E-1);
#614=CARTESIAN_POINT('',(2.273613557452E1,1.771357977200E1,1.060000000020E0));
#615=LINE('',#614,#613);
#616=DIRECTION('',(6.433936330342E-13,0.E0,-1.E0));
#617=VECTOR('',#616,1.766987298048E-1);
#618=CARTESIAN_POINT('',(2.278211633663E1,1.766259900990E1,1.324999999997E0));
#619=LINE('',#618,#617);
#620=DIRECTION('',(-6.459479416007E-14,2.390007383922E-13,-1.E0));
#621=VECTOR('',#620,1.099999999999E0);
#622=CARTESIAN_POINT('',(2.219211633663E1,1.766259900990E1,1.324999999999E0));
#623=LINE('',#622,#621);
#624=DIRECTION('',(1.E0,5.571300996301E-13,0.E0));
#625=VECTOR('',#624,4.4E-1);
#626=CARTESIAN_POINT('',(2.219211633663E1,1.766259900990E1,2.25E-1));
#627=LINE('',#626,#625);
#628=DIRECTION('',(0.E0,4.472135954905E-1,-8.944271910047E-1));
#629=VECTOR('',#628,2.236067977518E-1);
#630=CARTESIAN_POINT('',(2.278211633663E1,1.756259900990E1,1.525E0));
#631=LINE('',#630,#629);
#632=DIRECTION('',(1.E0,4.636592428266E-13,-2.804912611028E-12));
#633=VECTOR('',#632,5.899999999999E-1);
#634=CARTESIAN_POINT('',(2.219211633663E1,1.766259900990E1,1.324999999999E0));
#635=LINE('',#634,#633);
#636=DIRECTION('',(0.E0,-1.E0,0.E0));
#637=VECTOR('',#636,1.600000000013E-1);
#638=CARTESIAN_POINT('',(2.278211633663E1,1.756259900990E1,1.525E0));
#639=LINE('',#638,#637);
#640=DIRECTION('',(-1.E0,0.E0,-4.868929891127E-14));
#641=VECTOR('',#640,8.3E-1);
#642=CARTESIAN_POINT('',(2.278211633663E1,1.740259900990E1,1.525E0));
#643=LINE('',#642,#641);
#644=DIRECTION('',(1.E0,1.458203375627E-12,-3.990174691489E-13));
#645=VECTOR('',#644,6.699999999999E-1);
#646=CARTESIAN_POINT('',(2.211211633663E1,1.756259900990E1,1.525E0));
#647=LINE('',#646,#645);
#648=DIRECTION('',(0.E0,0.E0,-1.E0));
#649=VECTOR('',#648,2.55E0);
#650=CARTESIAN_POINT('',(2.278211633663E1,1.740259900990E1,1.525E0));
#651=LINE('',#650,#649);
#652=DIRECTION('',(0.E0,0.E0,-1.E0));
#653=VECTOR('',#652,5.E-1);
#654=CARTESIAN_POINT('',(2.247211633663E1,1.740259900990E1,-1.025E0));
#655=LINE('',#654,#653);
#656=DIRECTION('',(0.E0,-1.E0,0.E0));
#657=VECTOR('',#656,5.E-2);
#658=CARTESIAN_POINT('',(2.278211633663E1,1.745259900990E1,-1.025E0));
#659=LINE('',#658,#657);
#660=DIRECTION('',(0.E0,-1.E0,0.E0));
#661=VECTOR('',#660,5.E-2);
#662=CARTESIAN_POINT('',(2.247211633663E1,1.745259900990E1,-1.025E0));
#663=LINE('',#662,#661);
#664=DIRECTION('',(1.E0,0.E0,0.E0));
#665=VECTOR('',#664,3.1E-1);
#666=CARTESIAN_POINT('',(2.247211633663E1,1.740259900990E1,-1.025E0));
#667=LINE('',#666,#665);
#668=DIRECTION('',(0.E0,0.E0,-1.E0));
#669=VECTOR('',#668,2.865934138494E-1);
#670=CARTESIAN_POINT('',(2.278211633663E1,1.745259900990E1,-1.025E0));
#671=LINE('',#670,#669);
#672=DIRECTION('',(0.E0,4.699083800099E-13,-1.E0));
#673=VECTOR('',#672,1.134065861538E-1);
#674=CARTESIAN_POINT('',(2.263211633663E1,1.745259900990E1,-1.311593413849E0));
#675=LINE('',#674,#673);
#676=DIRECTION('',(-4.472135955257E-1,3.177643716223E-14,-8.944271909870E-1));
#677=VECTOR('',#676,1.118033988726E-1);
#678=CARTESIAN_POINT('',(2.262211633663E1,1.745259900990E1,-1.425000000003E0));
#679=LINE('',#678,#677);
#680=DIRECTION('',(0.E0,0.E0,1.E0));
#681=VECTOR('',#680,5.E-1);
#682=CARTESIAN_POINT('',(2.247211633663E1,1.745259900990E1,-1.525E0));
#683=LINE('',#682,#681);
#684=DIRECTION('',(1.E0,0.E0,0.E0));
#685=VECTOR('',#684,3.1E-1);
#686=CARTESIAN_POINT('',(2.247211633663E1,1.745259900990E1,-1.025E0));
#687=LINE('',#686,#685);
#688=DIRECTION('',(1.E0,4.263256414560E-13,-1.051011129978E-12));
#689=VECTOR('',#688,1.5E-1);
#690=CARTESIAN_POINT('',(2.263211633663E1,1.745259900990E1,-1.311593413849E0));
#691=LINE('',#690,#689);
#692=DIRECTION('',(-1.E0,-2.223998762929E-11,0.E0));
#693=VECTOR('',#692,1.5E-1);
#694=CARTESIAN_POINT('',(2.278211633663E1,1.743059900986E1,-1.305E0));
#695=LINE('',#694,#693);
#696=DIRECTION('',(0.E0,1.E0,0.E0));
#697=VECTOR('',#696,4.799999995944E-2);
#698=CARTESIAN_POINT('',(2.263211633663E1,1.738259900990E1,-1.305E0));
#699=LINE('',#698,#697);
#700=DIRECTION('',(0.E0,-1.E0,0.E0));
#701=VECTOR('',#700,4.799999996277E-2);
#702=CARTESIAN_POINT('',(2.278211633663E1,1.743059900986E1,-1.305E0));
#703=LINE('',#702,#701);
#704=DIRECTION('',(0.E0,8.354022126338E-13,1.E0));
#705=VECTOR('',#704,3.232050807450E-1);
#706=CARTESIAN_POINT('',(2.263211633663E1,1.772759900988E1,-8.982050807899E-1));
#707=LINE('',#706,#705);
#708=DIRECTION('',(0.E0,7.071067811973E-1,7.071067811758E-1));
#709=VECTOR('',#708,2.562536175649E-2);
#710=CARTESIAN_POINT('',(2.263211633663E1,1.772759900988E1,-5.750000000449E-1));
#711=LINE('',#710,#709);
#712=CARTESIAN_POINT('',(2.263211633663E1,1.767259900990E1,-5.893375673001E-1));
#713=DIRECTION('',(1.E0,0.E0,0.E0));
#714=DIRECTION('',(0.E0,9.139983381037E-1,4.057179290391E-1));
#715=AXIS2_PLACEMENT_3D('',#712,#713,#714);
#717=DIRECTION('',(0.E0,-8.660254036306E-1,5.000000002665E-1));
#718=VECTOR('',#717,1.154700539320E-2);
#719=CARTESIAN_POINT('',(2.263211633663E1,1.771259900988E1,-5.200555349823E-1));
#720=LINE('',#719,#718);
#721=CARTESIAN_POINT('',(2.263211633663E1,1.774259900990E1,-4.449999999972E-1));
#722=DIRECTION('',(-1.E0,0.E0,0.E0));
#723=DIRECTION('',(0.E0,-5.000000004704E-1,-8.660254035129E-1));
#724=AXIS2_PLACEMENT_3D('',#721,#722,#723);
#726=CARTESIAN_POINT('',(2.263211633663E1,1.743059900986E1,-1.345E0));
#727=DIRECTION('',(1.E0,0.E0,0.E0));
#728=DIRECTION('',(0.E0,5.500000009996E-1,8.351646537662E-1));
#729=AXIS2_PLACEMENT_3D('',#726,#727,#728);
#731=CARTESIAN_POINT('',(2.263211633663E1,1.743259900990E1,-1.575E0));
#732=DIRECTION('',(1.E0,0.E0,0.E0));
#733=DIRECTION('',(0.E0,-1.E0,-1.243449787580E-12));
#734=AXIS2_PLACEMENT_3D('',#731,#732,#733);
#736=CARTESIAN_POINT('',(2.263211633663E1,1.746759900990E1,-1.675E0));
#737=DIRECTION('',(-1.E0,0.E0,0.E0));
#738=DIRECTION('',(0.E0,0.E0,1.E0));
#739=AXIS2_PLACEMENT_3D('',#736,#737,#738);
#741=CARTESIAN_POINT('',(2.263211633663E1,1.781759900990E1,-1.462195226482E0));
#742=DIRECTION('',(-1.E0,0.E0,0.E0));
#743=DIRECTION('',(0.E0,-1.E0,-1.799960180904E-10));
#744=AXIS2_PLACEMENT_3D('',#741,#742,#743);
#746=DIRECTION('',(0.E0,4.226182618039E-1,9.063077870072E-1));
#747=VECTOR('',#746,1.723068283814E-1);
#748=CARTESIAN_POINT('',(2.263211633663E1,1.772696823120E1,-1.419933400308E0));
#749=LINE('',#748,#747);
#750=CARTESIAN_POINT('',(2.263211633663E1,1.777259900991E1,-1.251091832105E0));
#751=DIRECTION('',(1.E0,0.E0,0.E0));
#752=DIRECTION('',(0.E0,9.063077865835E-1,-4.226182627126E-1));
#753=AXIS2_PLACEMENT_3D('',#750,#751,#752);
#755=DIRECTION('',(0.E0,-8.660254040942E-1,4.999999994635E-1));
#756=VECTOR('',#755,4.041451861069E-2);
#757=CARTESIAN_POINT('',(2.263211633663E1,1.778759900990E1,-1.225111069986E0));
#758=LINE('',#757,#756);
#759=CARTESIAN_POINT('',(2.263211633663E1,1.782759900990E1,-1.075E0));
#760=DIRECTION('',(-1.E0,0.E0,0.E0));
#761=DIRECTION('',(0.E0,-4.999999982029E-1,-8.660254048220E-1));
#762=AXIS2_PLACEMENT_3D('',#759,#760,#761);
#764=CARTESIAN_POINT('',(2.263211633663E1,1.782759900990E1,-1.024999999944E0));
#765=DIRECTION('',(-1.E0,0.E0,0.E0));
#766=DIRECTION('',(0.E0,-1.E0,-1.856750309056E-9));
#767=AXIS2_PLACEMENT_3D('',#764,#765,#766);
#769=DIRECTION('',(0.E0,5.000000003904E-1,8.660254035591E-1));
#770=VECTOR('',#769,5.980762113114E-2);
#771=CARTESIAN_POINT('',(2.263211633663E1,1.769769519929E1,-9.500000000159E-1));
#772=LINE('',#771,#770);
#773=DIRECTION('',(0.E0,0.E0,-1.E0));
#774=VECTOR('',#773,5.669872981759E-2);
#775=CARTESIAN_POINT('',(2.278211633663E1,1.772759900988E1,-8.982050807879E-1));
#776=LINE('',#775,#774);
#777=DIRECTION('',(-1.E0,-3.917945926154E-13,-2.216503201125E-12));
#778=VECTOR('',#777,5.35E-1);
#779=CARTESIAN_POINT('',(2.278211633663E1,1.772759900988E1,-9.549038106055E-1));
#780=LINE('',#779,#778);
#781=DIRECTION('',(0.E0,2.312043818666E-12,1.E0));
#782=VECTOR('',#781,7.990381056196E-2);
#783=CARTESIAN_POINT('',(2.224711633663E1,1.772759900988E1,-9.549038106067E-1));
#784=LINE('',#783,#782);
#785=DIRECTION('',(-1.E0,1.110223024625E-13,-5.100087019372E-14));
#786=VECTOR('',#785,3.2E-1);
#787=CARTESIAN_POINT('',(2.224711633663E1,1.772759900988E1,-8.750000000447E-1));
#788=LINE('',#787,#786);
#789=DIRECTION('',(-1.184237892934E-14,4.736951571737E-14,1.E0));
#790=VECTOR('',#789,2.999999999998E-1);
#791=CARTESIAN_POINT('',(2.192711633663E1,1.772759900988E1,-8.750000000447E-1));
#792=LINE('',#791,#790);
#793=DIRECTION('',(0.E0,5.000000000330E-1,8.660254037654E-1));
#794=VECTOR('',#793,6.650635089540E-2);
#795=CARTESIAN_POINT('',(2.278211633663E1,1.769434583443E1,-1.012499999993E0));
#796=LINE('',#795,#794);
#797=CARTESIAN_POINT('',(2.278211633663E1,1.780259900991E1,-1.075E0));
#798=DIRECTION('',(-1.E0,0.E0,0.E0));
#799=DIRECTION('',(0.E0,7.999999997660E-1,-6.000000003120E-1));
#800=AXIS2_PLACEMENT_3D('',#797,#798,#799);
#802=DIRECTION('',(-1.E0,2.417173418847E-12,2.006287140575E-12));
#803=VECTOR('',#802,5.35E-1);
#804=CARTESIAN_POINT('',(2.278211633663E1,1.790259900989E1,-1.150000000045E0));
#805=LINE('',#804,#803);
#806=DIRECTION('',(-1.E0,-1.047115610594E-11,0.E0));
#807=VECTOR('',#806,5.7E-1);
#808=CARTESIAN_POINT('',(2.224711633663E1,1.780259900998E1,-1.200000000006E0));
#809=LINE('',#808,#807);
#810=DIRECTION('',(1.E0,-1.246566203088E-14,2.661839559686E-10));
#811=VECTOR('',#810,5.7E-1);
#812=CARTESIAN_POINT('',(2.167711633663E1,1.767759900991E1,-1.075000000089E0));
#813=LINE('',#812,#811);
#814=DIRECTION('',(1.E0,3.146973854923E-11,5.454702110557E-11));
#815=VECTOR('',#814,5.35E-1);
#816=CARTESIAN_POINT('',(2.224711633663E1,1.769434583441E1,-1.012500000022E0));
#817=LINE('',#816,#815);
#818=CARTESIAN_POINT('',(2.278211633663E1,1.780259900991E1,-1.075E0));
#819=DIRECTION('',(-1.E0,0.E0,0.E0));
#820=DIRECTION('',(0.E0,-1.E0,0.E0));
#821=AXIS2_PLACEMENT_3D('',#818,#819,#820);
#823=CARTESIAN_POINT('',(2.224711633663E1,1.780259900991E1,-1.075E0));
#824=DIRECTION('',(1.E0,0.E0,0.E0));
#825=DIRECTION('',(0.E0,1.362451484856E-9,-1.E0));
#826=AXIS2_PLACEMENT_3D('',#823,#824,#825);
#828=DIRECTION('',(0.E0,1.E0,1.876054867199E-11));
#829=VECTOR('',#828,9.999999999E-2);
#830=CARTESIAN_POINT('',(2.224711633663E1,1.790259900989E1,-1.150000000044E0));
#831=LINE('',#830,#829);
#832=CARTESIAN_POINT('',(2.224711633663E1,1.795259900988E1,-1.150000000001E0));
#833=DIRECTION('',(-1.E0,0.E0,0.E0));
#834=DIRECTION('',(0.E0,1.E0,-8.404121842886E-10));
#835=AXIS2_PLACEMENT_3D('',#832,#833,#834);
#837=DIRECTION('',(0.E0,-1.E0,-2.936317858197E-11));
#838=VECTOR('',#837,1.499999998637E-1);
#839=CARTESIAN_POINT('',(2.224711633663E1,1.795259900984E1,-1.200000000002E0));
#840=LINE('',#839,#838);
#841=DIRECTION('',(1.E0,5.946120788729E-12,0.E0));
#842=VECTOR('',#841,5.7E-1);
#843=CARTESIAN_POINT('',(2.167711633663E1,1.795259900984E1,-1.200000000002E0));
#844=LINE('',#843,#842);
#845=DIRECTION('',(-1.E0,-1.221245327088E-13,2.265132525991E-11));
#846=VECTOR('',#845,3.2E-1);
#847=CARTESIAN_POINT('',(2.224711633663E1,1.800259900988E1,-1.150000000042E0));
#848=LINE('',#847,#846);
#849=DIRECTION('',(-1.E0,1.421085471520E-14,9.166001291305E-13));
#850=VECTOR('',#849,2.5E-1);
#851=CARTESIAN_POINT('',(2.192711633663E1,1.800259900988E1,-1.150000000035E0));
#852=LINE('',#851,#850);
#853=DIRECTION('',(0.E0,-1.E0,-2.936317858147E-11));
#854=VECTOR('',#853,1.499999998663E-1);
#855=CARTESIAN_POINT('',(2.167711633663E1,1.795259900984E1,-1.200000000002E0));
#856=LINE('',#855,#854);
#857=CARTESIAN_POINT('',(2.167711633663E1,1.780259900991E1,-1.075E0));
#858=DIRECTION('',(1.E0,0.E0,0.E0));
#859=DIRECTION('',(0.E0,-1.E0,-2.118726527386E-9));
#860=AXIS2_PLACEMENT_3D('',#857,#858,#859);
#862=CARTESIAN_POINT('',(2.167711633663E1,1.795259900988E1,-1.150000000001E0));
#863=DIRECTION('',(1.E0,0.E0,0.E0));
#864=DIRECTION('',(0.E0,-1.335820343229E-9,-1.E0));
#865=AXIS2_PLACEMENT_3D('',#862,#863,#864);
#867=CARTESIAN_POINT('',(2.167711633663E1,1.785259900988E1,-1.025000000045E0));
#868=DIRECTION('',(1.E0,0.E0,0.E0));
#869=DIRECTION('',(0.E0,1.E0,-1.372235658437E-12));
#870=AXIS2_PLACEMENT_3D('',#867,#868,#869);
#872=DIRECTION('',(0.E0,-1.E0,5.861977571054E-13));
#873=VECTOR('',#872,1.749999999692E-1);
#874=CARTESIAN_POINT('',(2.167711633663E1,1.785259900988E1,-8.750000000448E-1));
#875=LINE('',#874,#873);
#876=DIRECTION('',(0.E0,-1.664446358151E-11,-1.E0));
#877=VECTOR('',#876,2.000000000441E-1);
#878=CARTESIAN_POINT('',(2.167711633663E1,1.767759900991E1,-8.750000000447E-1));
#879=LINE('',#878,#877);
#880=DIRECTION('',(-2.842170943241E-14,2.842170943241E-14,1.E0));
#881=VECTOR('',#880,1.249999999912E-1);
#882=CARTESIAN_POINT('',(2.192711633663E1,1.800259900988E1,-1.150000000035E0));
#883=LINE('',#882,#881);
#884=DIRECTION('',(0.E0,0.E0,-1.E0));
#885=VECTOR('',#884,1.249999999899E-1);
#886=CARTESIAN_POINT('',(2.167711633663E1,1.800259900988E1,-1.025000000045E0));
#887=LINE('',#886,#885);
#888=DIRECTION('',(0.E0,0.E0,1.E0));
#889=VECTOR('',#888,6.749999999974E-1);
#890=CARTESIAN_POINT('',(2.192711633663E1,1.855259900988E1,-1.150000000042E0));
#891=LINE('',#890,#889);
#892=DIRECTION('',(0.E0,-1.E0,3.506773415712E-14));
#893=VECTOR('',#892,7.25E-1);
#894=CARTESIAN_POINT('',(2.192711633663E1,1.855259900988E1,-4.750000000446E-1));
#895=LINE('',#894,#893);
#896=DIRECTION('',(0.E0,-7.071067811853E-1,-7.071067811878E-1));
#897=VECTOR('',#896,1.414213562375E-1);
#898=CARTESIAN_POINT('',(2.192711633663E1,1.782759900988E1,-4.750000000446E-1));
#899=LINE('',#898,#897);
#900=CARTESIAN_POINT('',(2.192711633663E1,1.785259900988E1,-1.025000000045E0));
#901=DIRECTION('',(-1.E0,0.E0,0.E0));
#902=DIRECTION('',(0.E0,-4.388785631212E-11,1.E0));
#903=AXIS2_PLACEMENT_3D('',#900,#901,#902);
#905=DIRECTION('',(0.E0,0.E0,1.E0));
#906=VECTOR('',#905,6.749999999996E-1);
#907=CARTESIAN_POINT('',(2.167711633663E1,1.855259900988E1,-1.150000000044E0));
#908=LINE('',#907,#906);
#909=DIRECTION('',(1.E0,0.E0,-1.709743457923E-14));
#910=VECTOR('',#909,2.5E-1);
#911=CARTESIAN_POINT('',(2.167711633663E1,1.855259900988E1,-4.750000000446E-1));
#912=LINE('',#911,#910);
#913=DIRECTION('',(0.E0,-1.E0,0.E0));
#914=VECTOR('',#913,4.5E-1);
#915=CARTESIAN_POINT('',(2.167711633663E1,1.900259900988E1,-4.750000000446E-1));
#916=LINE('',#915,#914);
#917=DIRECTION('',(0.E0,1.736481776327E-1,9.848077530182E-1));
#918=VECTOR('',#917,1.523139917814E-1);
#919=CARTESIAN_POINT('',(2.167711633663E1,1.877614996278E1,-1.075000000044E0));
#920=LINE('',#919,#918);
#921=DIRECTION('',(0.E0,0.E0,1.E0));
#922=VECTOR('',#921,4.5E-1);
#923=CARTESIAN_POINT('',(2.167711633663E1,1.900259900988E1,-9.250000000446E-1));
#924=LINE('',#923,#922);
#925=DIRECTION('',(-3.068079940691E-14,7.071067811848E-1,7.071067811883E-1));
#926=VECTOR('',#925,1.157959944812E-1);
#927=CARTESIAN_POINT('',(2.278211633663E1,1.774571887695E1,-5.568801329767E-1));
#928=LINE('',#927,#926);
#929=DIRECTION('',(-1.E0,3.527517127887E-14,-2.425168025422E-14));
#930=VECTOR('',#929,7.05E-1);
#931=CARTESIAN_POINT('',(2.263211633663E1,1.772759900988E1,-5.750000000449E-1));
#932=LINE('',#931,#930);
#933=DIRECTION('',(1.E0,-3.102703279486E-12,6.735353016059E-13));
#934=VECTOR('',#933,1.5E-1);
#935=CARTESIAN_POINT('',(2.263211633663E1,1.774571887695E1,-5.568801329768E-1));
#936=LINE('',#935,#934);
#937=DIRECTION('',(-1.E0,-3.334813906501E-11,1.707448997005E-11));
#938=VECTOR('',#937,1.5E-1);
#939=CARTESIAN_POINT('',(2.278211633663E1,1.771259900988E1,-5.200555349849E-1));
#940=LINE('',#939,#938);
#941=DIRECTION('',(-1.E0,-2.368475785867E-14,1.094376441320E-10));
#942=VECTOR('',#941,1.5E-1);
#943=CARTESIAN_POINT('',(2.278211633663E1,1.766259900990E1,-4.449999999972E-1));
#944=LINE('',#943,#942);
#945=DIRECTION('',(1.E0,8.533618256478E-11,-4.704681089151E-11));
#946=VECTOR('',#945,1.5E-1);
#947=CARTESIAN_POINT('',(2.263211633663E1,1.770259900987E1,-5.142820322826E-1));
#948=LINE('',#947,#946);
#949=DIRECTION('',(0.E0,-1.E0,8.242295734938E-13));
#950=VECTOR('',#949,1.249999999982E-1);
#951=CARTESIAN_POINT('',(2.192711633663E1,1.785259900988E1,-8.750000000448E-1));
#952=LINE('',#951,#950);
#953=DIRECTION('',(0.E0,-1.E0,0.E0));
#954=VECTOR('',#953,4.999999996940E-2);
#955=CARTESIAN_POINT('',(2.224711633663E1,1.772759900988E1,-8.750000000447E-1));
#956=LINE('',#955,#954);
#957=DIRECTION('',(-1.E0,0.E0,-2.843729150794E-14));
#958=VECTOR('',#957,5.7E-1);
#959=CARTESIAN_POINT('',(2.224711633663E1,1.767759900991E1,-8.750000000447E-1));
#960=LINE('',#959,#958);
#961=CARTESIAN_POINT('',(2.224711633663E1,1.780259900991E1,-1.075E0));
#962=DIRECTION('',(1.E0,0.E0,0.E0));
#963=DIRECTION('',(0.E0,-8.660254039815E-1,4.999999996586E-1));
#964=AXIS2_PLACEMENT_3D('',#961,#962,#963);
#966=DIRECTION('',(0.E0,-5.000000000383E-1,-8.660254037623E-1));
#967=VECTOR('',#966,6.650635092796E-2);
#968=CARTESIAN_POINT('',(2.224711633663E1,1.772759900988E1,-9.549038106067E-1));
#969=LINE('',#968,#967);
#970=DIRECTION('',(0.E0,-1.664446359414E-11,-1.E0));
#971=VECTOR('',#970,1.999999998924E-1);
#972=CARTESIAN_POINT('',(2.224711633663E1,1.767759900991E1,-8.750000000447E-1));
#973=LINE('',#972,#971);
#974=DIRECTION('',(-1.E0,6.238565219974E-12,0.E0));
#975=VECTOR('',#974,2.5E-1);
#976=CARTESIAN_POINT('',(2.192711633663E1,1.785259900988E1,-8.750000000448E-1));
#977=LINE('',#976,#975);
#978=DIRECTION('',(1.E0,0.E0,4.220623850415E-12));
#979=VECTOR('',#978,2.5E-1);
#980=CARTESIAN_POINT('',(2.167711633663E1,1.800259900988E1,-1.025000000045E0));
#981=LINE('',#980,#979);
#982=DIRECTION('',(-1.E0,-1.918465386552E-12,-1.326420454954E-11));
#983=VECTOR('',#982,1.5E-1);
#984=CARTESIAN_POINT('',(2.278211633663E1,1.772759900988E1,-8.982050807879E-1));
#985=LINE('',#984,#983);
#986=DIRECTION('',(1.E0,1.203185699220E-11,3.948693224250E-10));
#987=VECTOR('',#986,1.5E-1);
#988=CARTESIAN_POINT('',(2.263211633663E1,1.767759900990E1,-1.025000000087E0));
#989=LINE('',#988,#987);
#990=DIRECTION('',(-1.E0,-3.019806626980E-11,-5.650887165605E-11));
#991=VECTOR('',#990,1.5E-1);
#992=CARTESIAN_POINT('',(2.278211633663E1,1.769769519930E1,-9.500000000074E-1));
#993=LINE('',#992,#991);
#994=DIRECTION('',(0.E0,-9.194422965846E-11,-1.E0));
#995=VECTOR('',#994,5.000000018973E-2);
#996=CARTESIAN_POINT('',(2.263211633663E1,1.767759900990E1,-1.025000000087E0));
#997=LINE('',#996,#995);
#998=DIRECTION('',(0.E0,9.201528382047E-11,1.E0));
#999=VECTOR('',#998,5.000000025021E-2);
#1000=CARTESIAN_POINT('',(2.278211633663E1,1.767759900989E1,-1.075000000278E0));
#1001=LINE('',#1000,#999);
#1002=DIRECTION('',(1.E0,3.851141627820E-11,-1.630103459623E-11));
#1003=VECTOR('',#1002,1.5E-1);
#1004=CARTESIAN_POINT('',(2.263211633663E1,1.775259901009E1,-1.204903810702E0));
#1005=LINE('',#1004,#1003);
#1006=DIRECTION('',(-1.E0,-1.198448747649E-11,8.316310603125E-12));
#1007=VECTOR('',#1006,1.5E-1);
#1008=CARTESIAN_POINT('',(2.278211633663E1,1.767759900989E1,-1.075000000278E0));
#1009=LINE('',#1008,#1007);
#1010=DIRECTION('',(1.E0,3.841667724676E-11,9.813483359266E-11));
#1011=VECTOR('',#1010,1.5E-1);
#1012=CARTESIAN_POINT('',(2.263211633663E1,1.779978824350E1,-1.263770379991E0));
#1013=LINE('',#1012,#1011);
#1014=DIRECTION('',(-1.E0,3.003227296479E-11,-2.291500322826E-11));
#1015=VECTOR('',#1014,1.5E-1);
#1016=CARTESIAN_POINT('',(2.278211633663E1,1.778759900990E1,-1.225111069982E0));
#1017=LINE('',#1016,#1015);
#1018=DIRECTION('',(1.E0,0.E0,-2.224886941347E-12));
#1019=VECTOR('',#1018,1.500000000001E-1);
#1020=CARTESIAN_POINT('',(2.263211633663E1,1.771759900990E1,-1.462195226500E0));
#1021=LINE('',#1020,#1019);
#1022=DIRECTION('',(-1.E0,-1.198922442806E-10,-2.728868982634E-10));
#1023=VECTOR('',#1022,1.5E-1);
#1024=CARTESIAN_POINT('',(2.278211633663E1,1.772696823121E1,-1.419933400267E0));
#1025=LINE('',#1024,#1023);
#1026=DIRECTION('',(7.071067812169E-1,0.E0,7.071067811562E-1));
#1027=VECTOR('',#1026,4.949747468108E-2);
#1028=CARTESIAN_POINT('',(2.274711633663E1,1.771759900990E1,-1.775E0));
#1029=LINE('',#1028,#1027);
#1030=DIRECTION('',(-1.202121481200E-12,0.E0,1.E0));
#1031=VECTOR('',#1030,2.778047735025E-1);
#1032=CARTESIAN_POINT('',(2.278211633663E1,1.771759900990E1,-1.740000000003E0));
#1033=LINE('',#1032,#1031);
#1034=DIRECTION('',(6.394263197959E-14,0.E0,-1.E0));
#1035=VECTOR('',#1034,2.778047734987E-1);
#1036=CARTESIAN_POINT('',(2.263211633663E1,1.771759900990E1,-1.462195226500E0));
#1037=LINE('',#1036,#1035);
#1038=DIRECTION('',(7.071067811983E-1,0.E0,-7.071067811748E-1));
#1039=VECTOR('',#1038,4.949747468392E-2);
#1040=CARTESIAN_POINT('',(2.263211633663E1,1.771759900990E1,-1.739999999999E0));
#1041=LINE('',#1040,#1039);
#1042=DIRECTION('',(1.E0,0.E0,-1.509625757745E-11));
#1043=VECTOR('',#1042,7.999999999944E-2);
#1044=CARTESIAN_POINT('',(2.266711633663E1,1.751759900990E1,-1.774999999999E0));
#1045=LINE('',#1044,#1043);
#1046=DIRECTION('',(7.993605777301E-13,1.E0,-1.809663530139E-13));
#1047=VECTOR('',#1046,2.E-1);
#1048=CARTESIAN_POINT('',(2.274711633663E1,1.751759900990E1,-1.775E0));
#1049=LINE('',#1048,#1047);
#1050=DIRECTION('',(-1.E0,0.E0,1.509903313507E-11));
#1051=VECTOR('',#1050,7.999999999911E-2);
#1052=CARTESIAN_POINT('',(2.274711633663E1,1.771759900990E1,-1.775E0));
#1053=LINE('',#1052,#1051);
#1054=DIRECTION('',(-2.732856676061E-13,0.E0,1.E0));
#1055=VECTOR('',#1054,6.499999999855E-2);
#1056=CARTESIAN_POINT('',(2.263211633663E1,1.751759900990E1,-1.739999999999E0));
#1057=LINE('',#1056,#1055);
#1058=DIRECTION('',(5.137770550710E-12,0.E0,-1.E0));
#1059=VECTOR('',#1058,6.500000000216E-2);
#1060=CARTESIAN_POINT('',(2.278211633663E1,1.751759900990E1,-1.675000000001E0));
#1061=LINE('',#1060,#1059);
#1062=DIRECTION('',(-7.071067812169E-1,0.E0,-7.071067811562E-1));
#1063=VECTOR('',#1062,4.949747468109E-2);
#1064=CARTESIAN_POINT('',(2.278211633663E1,1.751759900990E1,-1.740000000003E0));
#1065=LINE('',#1064,#1063);
#1066=DIRECTION('',(-7.071067811984E-1,0.E0,7.071067811747E-1));
#1067=VECTOR('',#1066,4.949747468319E-2);
#1068=CARTESIAN_POINT('',(2.266711633663E1,1.751759900990E1,-1.774999999999E0));
#1069=LINE('',#1068,#1067);
#1070=DIRECTION('',(1.E0,0.E0,0.E0));
#1071=VECTOR('',#1070,1.5E-1);
#1072=CARTESIAN_POINT('',(2.263211633663E1,1.746759900990E1,-1.625E0));
#1073=LINE('',#1072,#1071);
#1074=DIRECTION('',(-1.E0,0.E0,0.E0));
#1075=VECTOR('',#1074,1.499999999999E-1);
#1076=CARTESIAN_POINT('',(2.278211633663E1,1.751759900990E1,-1.675000000001E0));
#1077=LINE('',#1076,#1075);
#1078=DIRECTION('',(0.E0,-1.E0,0.E0));
#1079=VECTOR('',#1078,3.5E-2);
#1080=CARTESIAN_POINT('',(2.263211633663E1,1.746759900990E1,-1.625E0));
#1081=LINE('',#1080,#1079);
#1082=DIRECTION('',(0.E0,1.E0,0.E0));
#1083=VECTOR('',#1082,3.499999999998E-2);
#1084=CARTESIAN_POINT('',(2.278211633663E1,1.743259900990E1,-1.625E0));
#1085=LINE('',#1084,#1083);
#1086=DIRECTION('',(1.E0,2.368475785867E-14,-1.894780628694E-13));
#1087=VECTOR('',#1086,1.5E-1);
#1088=CARTESIAN_POINT('',(2.263211633663E1,1.738259900990E1,-1.575E0));
#1089=LINE('',#1088,#1087);
#1090=DIRECTION('',(-1.E0,-1.184237892933E-13,0.E0));
#1091=VECTOR('',#1090,1.5E-1);
#1092=CARTESIAN_POINT('',(2.278211633663E1,1.743259900990E1,-1.625E0));
#1093=LINE('',#1092,#1091);
#1094=DIRECTION('',(0.E0,0.E0,1.E0));
#1095=VECTOR('',#1094,2.7E-1);
#1096=CARTESIAN_POINT('',(2.263211633663E1,1.738259900990E1,-1.575E0));
#1097=LINE('',#1096,#1095);
#1098=DIRECTION('',(1.E0,0.E0,0.E0));
#1099=VECTOR('',#1098,1.5E-1);
#1100=CARTESIAN_POINT('',(2.263211633663E1,1.738259900990E1,-1.305E0));
#1101=LINE('',#1100,#1099);
#1102=DIRECTION('',(0.E0,-2.631639762074E-14,-1.E0));
#1103=VECTOR('',#1102,2.7E-1);
#1104=CARTESIAN_POINT('',(2.278211633663E1,1.738259900990E1,-1.305E0));
#1105=LINE('',#1104,#1103);
#1106=DIRECTION('',(7.815970093361E-13,1.E0,-2.042810365310E-13));
#1107=VECTOR('',#1106,2.E-1);
#1108=CARTESIAN_POINT('',(2.278211633663E1,1.751759900990E1,-1.740000000003E0));
#1109=LINE('',#1108,#1107);
#1110=DIRECTION('',(2.433608869978E-12,1.E0,-1.809663530139E-13));
#1111=VECTOR('',#1110,2.E-1);
#1112=CARTESIAN_POINT('',(2.266711633663E1,1.751759900990E1,-1.774999999999E0));
#1113=LINE('',#1112,#1111);
#1114=DIRECTION('',(1.421085471520E-13,-1.E0,-2.381428387821E-12));
#1115=VECTOR('',#1114,2.E-1);
#1116=CARTESIAN_POINT('',(2.263211633663E1,1.771759900990E1,-1.739999999999E0));
#1117=LINE('',#1116,#1115);
#1118=DIRECTION('',(1.E0,-1.421085471578E-12,3.603783938079E-11));
#1119=VECTOR('',#1118,9.999999999597E-3);
#1120=CARTESIAN_POINT('',(2.262211633663E1,1.745259900990E1,-1.425000000003E0));
#1121=LINE('',#1120,#1119);
#1122=DIRECTION('',(0.E0,1.E0,0.E0));
#1123=VECTOR('',#1122,2.1E-1);
#1124=CARTESIAN_POINT('',(2.263211633663E1,1.745259900990E1,-1.425000000003E0));
#1125=LINE('',#1124,#1123);
#1126=DIRECTION('',(3.468125257877E-12,1.E0,0.E0));
#1127=VECTOR('',#1126,2.1E-1);
#1128=CARTESIAN_POINT('',(2.262211633663E1,1.745259900990E1,-1.425000000003E0));
#1129=LINE('',#1128,#1127);
#1130=DIRECTION('',(1.E0,0.E0,1.725286580292E-12));
#1131=VECTOR('',#1130,9.999999999858E-2);
#1132=CARTESIAN_POINT('',(2.247211633663E1,1.745259900990E1,-1.525E0));
#1133=LINE('',#1132,#1131);
#1134=DIRECTION('',(3.721890520648E-12,1.E0,3.351816179106E-13));
#1135=VECTOR('',#1134,2.1E-1);
#1136=CARTESIAN_POINT('',(2.257211633663E1,1.745259900990E1,-1.525E0));
#1137=LINE('',#1136,#1135);
#1138=DIRECTION('',(-1.E0,0.E0,-3.062684205863E-14));
#1139=VECTOR('',#1138,1.015E0);
#1140=CARTESIAN_POINT('',(2.257211633663E1,1.766259900990E1,-1.525E0));
#1141=LINE('',#1140,#1139);
#1142=DIRECTION('',(1.E0,0.E0,0.E0));
#1143=VECTOR('',#1142,5.2E-1);
#1144=CARTESIAN_POINT('',(2.195211633663E1,1.740259900990E1,-1.525E0));
#1145=LINE('',#1144,#1143);
#1146=DIRECTION('',(-1.620925615955E-12,-1.E0,-8.881784197015E-14));
#1147=VECTOR('',#1146,6.399999999990E-1);
#1148=CARTESIAN_POINT('',(2.155711633663E1,1.830259900990E1,-1.525E0));
#1149=LINE('',#1148,#1147);
#1150=DIRECTION('',(-1.E0,1.539509260811E-12,3.194975148638E-12));
#1151=VECTOR('',#1150,4.500000000008E-1);
#1152=CARTESIAN_POINT('',(2.190711633663E1,1.840259900990E1,-1.375000000003E0));
#1153=LINE('',#1152,#1151);
#1154=DIRECTION('',(1.E0,-8.562039965852E-12,1.538769112120E-12));
#1155=VECTOR('',#1154,1.000000000007E-1);
#1156=CARTESIAN_POINT('',(2.145711633663E1,1.830259900990E1,-1.525E0));
#1157=LINE('',#1156,#1155);
#1158=DIRECTION('',(4.850712501227E-1,4.850712500367E-1,7.276068750996E-1));
#1159=VECTOR('',#1158,6.871842709550E-2);
#1160=CARTESIAN_POINT('',(2.155711633663E1,1.830259900990E1,-1.525E0));
#1161=LINE('',#1160,#1159);
#1162=DIRECTION('',(0.E0,1.E0,1.121325254872E-13));
#1163=VECTOR('',#1162,7.999999999999E-1);
#1164=CARTESIAN_POINT('',(2.145711633663E1,1.750259900990E1,-1.525E0));
#1165=LINE('',#1164,#1163);
#1166=DIRECTION('',(0.E0,5.547001962295E-1,8.320502943350E-1));
#1167=VECTOR('',#1166,1.802775637718E-1);
#1168=CARTESIAN_POINT('',(2.145711633663E1,1.830259900990E1,-1.525E0));
#1169=LINE('',#1168,#1167);
#1170=DIRECTION('',(0.E0,6.158037043250E-14,1.E0));
#1171=VECTOR('',#1170,2.250000000002E0);
#1172=CARTESIAN_POINT('',(2.145711633663E1,1.840259900990E1,-1.375000000002E0));
#1173=LINE('',#1172,#1171);
#1174=DIRECTION('',(-3.996802888603E-13,-1.E0,5.928590951427E-12));
#1175=VECTOR('',#1174,8.000000000096E-2);
#1176=CARTESIAN_POINT('',(2.169211633663E1,1.768259900990E1,8.750000000002E-1));
#1177=LINE('',#1176,#1175);
#1178=DIRECTION('',(0.E0,1.E0,0.E0));
#1179=VECTOR('',#1178,9.E-1);
#1180=CARTESIAN_POINT('',(2.145711633663E1,1.750259900990E1,8.75E-1));
#1181=LINE('',#1180,#1179);
#1182=DIRECTION('',(1.E0,3.597684738026E-14,4.047395330279E-14));
#1183=VECTOR('',#1182,3.95E-1);
#1184=CARTESIAN_POINT('',(2.145711633663E1,1.840259900990E1,8.75E-1));
#1185=LINE('',#1184,#1183);
#1186=DIRECTION('',(0.E0,1.E0,-9.561795798856E-13));
#1187=VECTOR('',#1186,8.000000000609E-2);
#1188=CARTESIAN_POINT('',(2.184211633663E1,1.830259900989E1,8.750000000001E-1));
#1189=LINE('',#1188,#1187);
#1190=DIRECTION('',(-1.E0,0.E0,-1.517304800321E-13));
#1191=VECTOR('',#1190,1.5E-1);
#1192=CARTESIAN_POINT('',(2.184211633663E1,1.838259900990E1,8.75E-1));
#1193=LINE('',#1192,#1191);
#1194=CARTESIAN_POINT('',(2.169211633663E1,1.772259900990E1,7.750000000010E-1));
#1195=DIRECTION('',(-1.E0,0.E0,0.E0));
#1196=DIRECTION('',(0.E0,8.526512829138E-11,1.E0));
#1197=AXIS2_PLACEMENT_3D('',#1194,#1195,#1196);
#1199=CARTESIAN_POINT('',(2.169211633663E1,1.772259900990E1,6.395751311541E-1));
#1200=DIRECTION('',(-1.E0,0.E0,0.E0));
#1201=DIRECTION('',(0.E0,1.E0,-5.053546470185E-10));
#1202=AXIS2_PLACEMENT_3D('',#1199,#1200,#1201);
#1204=CARTESIAN_POINT('',(2.169211633663E1,1.787259900990E1,5.072875656010E-1));
#1205=DIRECTION('',(1.E0,0.E0,0.E0));
#1206=DIRECTION('',(0.E0,-7.500000000013E-1,6.614378277647E-1));
#1207=AXIS2_PLACEMENT_3D('',#1204,#1205,#1206);
#1209=CARTESIAN_POINT('',(2.169211633663E1,1.787259900990E1,2.572875655540E-1));
#1210=DIRECTION('',(1.E0,0.E0,0.E0));
#1211=DIRECTION('',(0.E0,-9.000000000009E-1,-4.358898943522E-1));
#1212=AXIS2_PLACEMENT_3D('',#1209,#1210,#1211);
#1214=CARTESIAN_POINT('',(2.169211633663E1,1.772259900990E1,1.250000000009E-1));
#1215=DIRECTION('',(-1.E0,0.E0,0.E0));
#1216=DIRECTION('',(0.E0,7.499999999899E-1,6.614378277776E-1));
#1217=AXIS2_PLACEMENT_3D('',#1214,#1215,#1216);
#1219=CARTESIAN_POINT('',(2.169211633663E1,1.772259900990E1,8.571307502939E-2));
#1220=DIRECTION('',(-1.E0,0.E0,0.E0));
#1221=DIRECTION('',(0.E0,1.E0,7.142784974601E-10));
#1222=AXIS2_PLACEMENT_3D('',#1219,#1220,#1221);
#1224=CARTESIAN_POINT('',(2.169211633663E1,1.789259900990E1,
-1.964346249906E-2));
#1225=DIRECTION('',(1.E0,0.E0,0.E0));
#1226=DIRECTION('',(0.E0,-8.499999999998E-1,5.267826876430E-1));
#1227=AXIS2_PLACEMENT_3D('',#1224,#1225,#1226);
#1229=CARTESIAN_POINT('',(2.169211633663E1,1.789259900990E1,
-6.964346247082E-2));
#1230=DIRECTION('',(1.E0,0.E0,0.E0));
#1231=DIRECTION('',(0.E0,-1.E0,-2.895232664724E-10));
#1232=AXIS2_PLACEMENT_3D('',#1229,#1230,#1231);
#1234=CARTESIAN_POINT('',(2.169211633663E1,1.772259900990E1,
-1.749999999993E-1));
#1235=DIRECTION('',(-1.E0,0.E0,0.E0));
#1236=DIRECTION('',(0.E0,8.500000000010E-1,5.267826876411E-1));
#1237=AXIS2_PLACEMENT_3D('',#1234,#1235,#1236);
#1239=CARTESIAN_POINT('',(2.169211633663E1,1.790259900990E1,
-6.949999999993E-1));
#1240=DIRECTION('',(1.E0,0.E0,0.E0));
#1241=DIRECTION('',(0.E0,-1.E0,-3.157474282030E-11));
#1242=AXIS2_PLACEMENT_3D('',#1239,#1240,#1241);
#1244=CARTESIAN_POINT('',(2.169211633663E1,1.794259900990E1,
-8.549999999993E-1));
#1245=DIRECTION('',(-1.E0,0.E0,0.E0));
#1246=DIRECTION('',(0.E0,-5.462297281156E-12,1.E0));
#1247=AXIS2_PLACEMENT_3D('',#1244,#1245,#1246);
#1249=CARTESIAN_POINT('',(2.169211633663E1,1.812259900990E1,-1.424999999999E0));
#1250=DIRECTION('',(1.E0,0.E0,0.E0));
#1251=DIRECTION('',(0.E0,-1.E0,2.515943009510E-10));
#1252=AXIS2_PLACEMENT_3D('',#1249,#1250,#1251);
#1254=CARTESIAN_POINT('',(2.169211633663E1,1.806654107585E1,-1.474068359672E0));
#1255=DIRECTION('',(1.E0,0.E0,0.E0));
#1256=DIRECTION('',(0.E0,8.605793405436E-1,-5.093164032599E-1));
#1257=AXIS2_PLACEMENT_3D('',#1254,#1255,#1256);
#1259=DIRECTION('',(0.E0,3.420201431343E-1,9.396926208556E-1));
#1260=VECTOR('',#1259,1.054263462099E-1);
#1261=CARTESIAN_POINT('',(2.169211633663E1,1.816051033796E1,-1.508270373932E0));
#1262=LINE('',#1261,#1260);
#1263=CARTESIAN_POINT('',(2.169211633663E1,1.810259900990E1,-1.375000000025E0));
#1264=DIRECTION('',(1.E0,0.E0,0.E0));
#1265=DIRECTION('',(0.E0,9.396926207033E-1,-3.420201435527E-1));
#1266=AXIS2_PLACEMENT_3D('',#1263,#1264,#1265);
#1268=DIRECTION('',(0.E0,-5.058387571181E-13,1.E0));
#1269=VECTOR('',#1268,2.100000000026E0);
#1270=CARTESIAN_POINT('',(2.169211633663E1,1.820259900990E1,-1.375000000025E0));
#1271=LINE('',#1270,#1269);
#1272=CARTESIAN_POINT('',(2.169211633663E1,1.830259900990E1,7.750000000010E-1));
#1273=DIRECTION('',(-1.E0,0.E0,0.E0));
#1274=DIRECTION('',(0.E0,-1.E0,-5.574429806654E-11));
#1275=AXIS2_PLACEMENT_3D('',#1272,#1273,#1274);
#1277=DIRECTION('',(0.E0,1.E0,-2.797762022028E-12));
#1278=VECTOR('',#1277,8.000000000078E-2);
#1279=CARTESIAN_POINT('',(2.169211633663E1,1.830259900990E1,8.750000000002E-1));
#1280=LINE('',#1279,#1278);
#1281=CARTESIAN_POINT('',(2.169211633663E1,1.828259900990E1,1.275000000001E0));
#1282=DIRECTION('',(1.E0,0.E0,0.E0));
#1283=DIRECTION('',(0.E0,1.E0,2.242650509743E-13));
#1284=AXIS2_PLACEMENT_3D('',#1281,#1282,#1283);
#1286=CARTESIAN_POINT('',(2.169211633663E1,1.818259900990E1,1.475000000001E0));
#1287=DIRECTION('',(-1.E0,0.E0,0.E0));
#1288=DIRECTION('',(0.E0,7.105427357601E-14,-1.E0));
#1289=AXIS2_PLACEMENT_3D('',#1286,#1287,#1288);
#1291=CARTESIAN_POINT('',(2.169211633663E1,1.773259900990E1,1.375000000001E0));
#1292=DIRECTION('',(-1.E0,0.E0,0.E0));
#1293=DIRECTION('',(0.E0,1.E0,0.E0));
#1294=AXIS2_PLACEMENT_3D('',#1291,#1292,#1293);
#1296=CARTESIAN_POINT('',(2.169211633663E1,1.748259900990E1,1.175000000001E0));
#1297=DIRECTION('',(1.E0,0.E0,0.E0));
#1298=DIRECTION('',(0.E0,7.105427357601E-14,1.E0));
#1299=AXIS2_PLACEMENT_3D('',#1296,#1297,#1298);
#1301=CARTESIAN_POINT('',(2.169211633663E1,1.744939392914E1,8.750000000009E-1));
#1302=DIRECTION('',(1.E0,0.E0,0.E0));
#1303=DIRECTION('',(0.E0,4.242650675224E-10,-1.E0));
#1304=AXIS2_PLACEMENT_3D('',#1301,#1302,#1303);
#1306=CARTESIAN_POINT('',(2.169211633663E1,1.762259900990E1,7.750000000010E-1));
#1307=DIRECTION('',(-1.E0,0.E0,0.E0));
#1308=DIRECTION('',(0.E0,-8.660253900844E-1,5.000000237292E-1));
#1309=AXIS2_PLACEMENT_3D('',#1306,#1307,#1308);
#1311=DIRECTION('',(1.E0,-1.113183619358E-12,1.287858708565E-13));
#1312=VECTOR('',#1311,1.5E-1);
#1313=CARTESIAN_POINT('',(2.169211633663E1,1.768259900990E1,8.750000000002E-1));
#1314=LINE('',#1313,#1312);
#1315=DIRECTION('',(0.E0,1.E0,1.022792961411E-11));
#1316=VECTOR('',#1315,4.000000000096E-2);
#1317=CARTESIAN_POINT('',(2.184211633663E1,1.768259900990E1,8.750000000002E-1));
#1318=LINE('',#1317,#1316);
#1319=DIRECTION('',(9.769962616020E-13,-1.E0,-1.093014567667E-11));
#1320=VECTOR('',#1319,4.000000000279E-2);
#1321=CARTESIAN_POINT('',(2.169211633663E1,1.772259900990E1,8.750000000006E-1));
#1322=LINE('',#1321,#1320);
#1323=DIRECTION('',(-1.E0,-4.844609561990E-13,-4.759828894656E-12));
#1324=VECTOR('',#1323,1.100000000002E-1);
#1325=CARTESIAN_POINT('',(2.169211633663E1,1.768259900990E1,8.750000000002E-1));
#1326=LINE('',#1325,#1324);
#1327=DIRECTION('',(-1.E0,0.E0,2.016165012720E-11));
#1328=VECTOR('',#1327,9.999999999998E-3);
#1329=CARTESIAN_POINT('',(2.185211633663E1,1.768259900990E1,8.75E-1));
#1330=LINE('',#1329,#1328);
#1331=DIRECTION('',(-4.850712500753E-1,-4.850712500753E-1,7.276068751054E-1));
#1332=VECTOR('',#1331,2.061552812804E-1);
#1333=CARTESIAN_POINT('',(2.168211633663E1,1.778259900990E1,7.250000000008E-1));
#1334=LINE('',#1333,#1332);
#1335=DIRECTION('',(-8.022256694057E-14,1.E0,9.204107010593E-14));
#1336=VECTOR('',#1335,6.200000000006E-1);
#1337=CARTESIAN_POINT('',(2.158211633663E1,1.768259900990E1,8.749999999997E-1));
#1338=LINE('',#1337,#1336);
#1339=DIRECTION('',(1.E0,5.591971330427E-10,-5.513367540284E-11));
#1340=VECTOR('',#1339,1.000000000001E-2);
#1341=CARTESIAN_POINT('',(2.184211633663E1,1.830259900989E1,8.750000000001E-1));
#1342=LINE('',#1341,#1340);
#1343=DIRECTION('',(-1.E0,-7.105427357601E-14,7.771561172376E-14));
#1344=VECTOR('',#1343,1.5E-1);
#1345=CARTESIAN_POINT('',(2.184211633663E1,1.820259900990E1,7.250000000010E-1));
#1346=LINE('',#1345,#1344);
#1347=DIRECTION('',(-4.850712500753E-1,4.850712500759E-1,7.276068751051E-1));
#1348=VECTOR('',#1347,2.061552812805E-1);
#1349=CARTESIAN_POINT('',(2.168211633663E1,1.820259900990E1,7.250000000009E-1));
#1350=LINE('',#1349,#1348);
#1351=DIRECTION('',(1.E0,-1.094881761010E-11,4.618527782430E-12));
#1352=VECTOR('',#1351,1.100000000002E-1);
#1353=CARTESIAN_POINT('',(2.158211633663E1,1.830259900990E1,8.749999999997E-1));
#1354=LINE('',#1353,#1352);
#1355=DIRECTION('',(-1.E0,3.540871299871E-11,8.297066737366E-13));
#1356=VECTOR('',#1355,1.5E-1);
#1357=CARTESIAN_POINT('',(2.184211633663E1,1.830259900989E1,8.750000000001E-1));
#1358=LINE('',#1357,#1356);
#1359=DIRECTION('',(1.E0,2.368475785867E-14,4.572638564089E-12));
#1360=VECTOR('',#1359,1.5E-1);
#1361=CARTESIAN_POINT('',(2.169211633663E1,1.820259900990E1,7.749999999974E-1));
#1362=LINE('',#1361,#1360);
#1363=DIRECTION('',(-7.105427358111E-14,-1.563194018784E-12,-1.E0));
#1364=VECTOR('',#1363,4.999999999641E-2);
#1365=CARTESIAN_POINT('',(2.169211633663E1,1.820259900990E1,7.749999999974E-1));
#1366=LINE('',#1365,#1364);
#1367=DIRECTION('',(0.E0,-5.000000003531E-1,-8.660254035806E-1));
#1368=VECTOR('',#1367,2.656957736512E-3);
#1369=CARTESIAN_POINT('',(2.184211633663E1,1.760259900990E1,8.750000000008E-1));
#1370=LINE('',#1369,#1368);
#1371=CARTESIAN_POINT('',(2.184211633663E1,1.762259900990E1,7.750000000010E-1));
#1372=DIRECTION('',(1.E0,0.E0,0.E0));
#1373=DIRECTION('',(0.E0,-2.132847887036E-1,9.769900710384E-1));
#1374=AXIS2_PLACEMENT_3D('',#1371,#1372,#1373);
#1376=CARTESIAN_POINT('',(2.184211633663E1,1.744939392914E1,8.750000000009E-1));
#1377=DIRECTION('',(-1.E0,0.E0,0.E0));
#1378=DIRECTION('',(0.E0,8.660254039706E-1,-4.999999996775E-1));
#1379=AXIS2_PLACEMENT_3D('',#1376,#1377,#1378);
#1381=CARTESIAN_POINT('',(2.184211633663E1,1.748259900990E1,1.175000000001E0));
#1382=DIRECTION('',(-1.E0,0.E0,0.E0));
#1383=DIRECTION('',(0.E0,-1.E0,8.970602038971E-13));
#1384=AXIS2_PLACEMENT_3D('',#1381,#1382,#1383);
#1386=CARTESIAN_POINT('',(2.184211633663E1,1.773259900990E1,1.375000000001E0));
#1387=DIRECTION('',(1.E0,0.E0,0.E0));
#1388=DIRECTION('',(0.E0,-1.065814103640E-13,-1.E0));
#1389=AXIS2_PLACEMENT_3D('',#1386,#1387,#1388);
#1391=DIRECTION('',(-1.749028272670E-12,0.E0,1.E0));
#1392=VECTOR('',#1391,6.499999999888E-2);
#1393=CARTESIAN_POINT('',(2.184211633663E1,1.783259900990E1,1.375000000001E0));
#1394=LINE('',#1393,#1392);
#1395=CARTESIAN_POINT('',(2.184211633663E1,1.818259900990E1,1.475000000001E0));
#1396=DIRECTION('',(1.E0,0.E0,0.E0));
#1397=DIRECTION('',(0.E0,-9.367496997586E-1,-3.500000000031E-1));
#1398=AXIS2_PLACEMENT_3D('',#1395,#1396,#1397);
#1400=DIRECTION('',(0.E0,1.E0,0.E0));
#1401=VECTOR('',#1400,1.000000000001E-1);
#1402=CARTESIAN_POINT('',(2.184211633663E1,1.818259900990E1,1.375000000001E0));
#1403=LINE('',#1402,#1401);
#1404=CARTESIAN_POINT('',(2.184211633663E1,1.828259900990E1,1.275000000001E0));
#1405=DIRECTION('',(-1.E0,0.E0,0.E0));
#1406=DIRECTION('',(0.E0,2.415845301584E-12,1.E0));
#1407=AXIS2_PLACEMENT_3D('',#1404,#1405,#1406);
#1409=DIRECTION('',(0.E0,0.E0,-1.E0));
#1410=VECTOR('',#1409,4.000000000010E-1);
#1411=CARTESIAN_POINT('',(2.184211633663E1,1.838259900990E1,1.275000000001E0));
#1412=LINE('',#1411,#1410);
#1413=CARTESIAN_POINT('',(2.184211633663E1,1.830259900990E1,7.750000000010E-1));
#1414=DIRECTION('',(1.E0,0.E0,0.E0));
#1415=DIRECTION('',(0.E0,-2.249578301421E-10,1.E0));
#1416=AXIS2_PLACEMENT_3D('',#1413,#1414,#1415);
#1418=DIRECTION('',(0.E0,-1.421085471602E-12,-1.E0));
#1419=VECTOR('',#1418,4.999999999711E-2);
#1420=CARTESIAN_POINT('',(2.184211633663E1,1.820259900990E1,7.749999999981E-1));
#1421=LINE('',#1420,#1419);
#1422=CARTESIAN_POINT('',(2.184211633663E1,1.810259900990E1,-1.375000000025E0));
#1423=DIRECTION('',(-1.E0,0.E0,0.E0));
#1424=DIRECTION('',(0.E0,1.E0,3.720801444729E-11));
#1425=AXIS2_PLACEMENT_3D('',#1422,#1423,#1424);
#1427=DIRECTION('',(0.E0,-3.420201431341E-1,-9.396926208556E-1));
#1428=VECTOR('',#1427,1.054263462652E-1);
#1429=CARTESIAN_POINT('',(2.184211633663E1,1.819656827198E1,-1.409202014354E0));
#1430=LINE('',#1429,#1428);
#1431=CARTESIAN_POINT('',(2.184211633663E1,1.806654107585E1,-1.474068359672E0));
#1432=DIRECTION('',(-1.E0,0.E0,0.E0));
#1433=DIRECTION('',(0.E0,9.396926207623E-1,-3.420201433905E-1));
#1434=AXIS2_PLACEMENT_3D('',#1431,#1432,#1433);
#1436=DIRECTION('',(0.E0,-1.E0,6.848595769810E-11));
#1437=VECTOR('',#1436,2.999999997705E-2);
#1438=CARTESIAN_POINT('',(2.184211633663E1,1.815259900990E1,-1.525000000001E0));
#1439=LINE('',#1438,#1437);
#1440=CARTESIAN_POINT('',(2.184211633663E1,1.812259900990E1,-1.424999999999E0));
#1441=DIRECTION('',(-1.E0,0.E0,0.E0));
#1442=DIRECTION('',(0.E0,4.515854357168E-10,-1.E0));
#1443=AXIS2_PLACEMENT_3D('',#1440,#1441,#1442);
#1445=DIRECTION('',(0.E0,-5.796532844515E-13,1.E0));
#1446=VECTOR('',#1445,5.699999999847E-1);
#1447=CARTESIAN_POINT('',(2.184211633663E1,1.802259900990E1,-1.424999999984E0));
#1448=LINE('',#1447,#1446);
#1449=CARTESIAN_POINT('',(2.184211633663E1,1.794259900990E1,
-8.549999999993E-1));
#1450=DIRECTION('',(1.E0,0.E0,0.E0));
#1451=DIRECTION('',(0.E0,1.E0,0.E0));
#1452=AXIS2_PLACEMENT_3D('',#1449,#1450,#1451);
#1454=CARTESIAN_POINT('',(2.184211633663E1,1.790259900990E1,
-6.949999999993E-1));
#1455=DIRECTION('',(-1.E0,0.E0,0.E0));
#1456=DIRECTION('',(0.E0,-3.108624468947E-11,-1.E0));
#1457=AXIS2_PLACEMENT_3D('',#1454,#1455,#1456);
#1459=CARTESIAN_POINT('',(2.184211633663E1,1.772259900990E1,
-1.749999999993E-1));
#1460=DIRECTION('',(1.E0,0.E0,0.E0));
#1461=DIRECTION('',(0.E0,1.E0,3.065048215234E-12));
#1462=AXIS2_PLACEMENT_3D('',#1459,#1460,#1461);
#1464=CARTESIAN_POINT('',(2.184211633663E1,1.789259900990E1,
-6.964346247082E-2));
#1465=DIRECTION('',(-1.E0,0.E0,0.E0));
#1466=DIRECTION('',(0.E0,-8.499999999994E-1,-5.267826876435E-1));
#1467=AXIS2_PLACEMENT_3D('',#1464,#1465,#1466);
#1469=CARTESIAN_POINT('',(2.184211633663E1,1.789259900990E1,
-1.964346249906E-2));
#1470=DIRECTION('',(-1.E0,0.E0,0.E0));
#1471=DIRECTION('',(0.E0,-1.E0,-3.064909437356E-12));
#1472=AXIS2_PLACEMENT_3D('',#1469,#1470,#1471);
#1474=CARTESIAN_POINT('',(2.184211633663E1,1.772259900990E1,8.571307502939E-2));
#1475=DIRECTION('',(1.E0,0.E0,0.E0));
#1476=DIRECTION('',(0.E0,8.500000000006E-1,-5.267826876417E-1));
#1477=AXIS2_PLACEMENT_3D('',#1474,#1475,#1476);
#1479=CARTESIAN_POINT('',(2.184211633663E1,1.772259900990E1,1.250000000009E-1));
#1480=DIRECTION('',(1.E0,0.E0,0.E0));
#1481=DIRECTION('',(0.E0,1.E0,-1.207367539280E-13));
#1482=AXIS2_PLACEMENT_3D('',#1479,#1480,#1481);
#1484=CARTESIAN_POINT('',(2.184211633663E1,1.787259900990E1,2.572875655540E-1));
#1485=DIRECTION('',(-1.E0,0.E0,0.E0));
#1486=DIRECTION('',(0.E0,-7.500000000024E-1,-6.614378277635E-1));
#1487=AXIS2_PLACEMENT_3D('',#1484,#1485,#1486);
#1489=DIRECTION('',(0.E0,-1.053661241522E-14,1.E0));
#1490=VECTOR('',#1489,3.371779789176E-1);
#1491=CARTESIAN_POINT('',(2.184211633663E1,1.778259900990E1,2.136985761188E-1));
#1492=LINE('',#1491,#1490);
#1493=CARTESIAN_POINT('',(2.184211633663E1,1.787259900990E1,5.072875656010E-1));
#1494=DIRECTION('',(-1.E0,0.E0,0.E0));
#1495=DIRECTION('',(0.E0,-9.E-1,4.358898943541E-1));
#1496=AXIS2_PLACEMENT_3D('',#1493,#1494,#1495);
#1498=CARTESIAN_POINT('',(2.184211633663E1,1.772259900990E1,6.395751311541E-1));
#1499=DIRECTION('',(1.E0,0.E0,0.E0));
#1500=DIRECTION('',(0.E0,7.499999999946E-1,-6.614378277723E-1));
#1501=AXIS2_PLACEMENT_3D('',#1498,#1499,#1500);
#1503=CARTESIAN_POINT('',(2.184211633663E1,1.772259900990E1,7.750000000010E-1));
#1504=DIRECTION('',(1.E0,0.E0,0.E0));
#1505=DIRECTION('',(0.E0,1.E0,-5.696443317061E-11));
#1506=AXIS2_PLACEMENT_3D('',#1503,#1504,#1505);
#1508=DIRECTION('',(0.E0,1.E0,-6.979139488503E-12));
#1509=VECTOR('',#1508,8.000000000053E-2);
#1510=CARTESIAN_POINT('',(2.184211633663E1,1.760259900990E1,8.750000000008E-1));
#1511=LINE('',#1510,#1509);
#1512=DIRECTION('',(-6.153480596376E-14,4.999999999899E-1,8.660254037903E-1));
#1513=VECTOR('',#1512,1.154700538389E-1);
#1514=CARTESIAN_POINT('',(2.185211633663E1,1.754486398298E1,7.749999999992E-1));
#1515=LINE('',#1514,#1513);
#1516=DIRECTION('',(0.E0,1.E0,-9.003908729610E-12));
#1517=VECTOR('',#1516,8.000000000089E-2);
#1518=CARTESIAN_POINT('',(2.185211633663E1,1.760259900990E1,8.750000000007E-1));
#1519=LINE('',#1518,#1517);
#1520=DIRECTION('',(0.E0,5.547001962291E-1,-8.320502943353E-1));
#1521=VECTOR('',#1520,1.802775637726E-1);
#1522=CARTESIAN_POINT('',(2.185211633663E1,1.768259900990E1,8.75E-1));
#1523=LINE('',#1522,#1521);
#1524=DIRECTION('',(0.E0,1.E0,0.E0));
#1525=VECTOR('',#1524,4.2E-1);
#1526=CARTESIAN_POINT('',(2.185211633663E1,1.778259900990E1,
-1.750000000001E-1));
#1527=LINE('',#1526,#1525);
#1528=DIRECTION('',(1.970690974777E-14,5.547001962268E-1,8.320502943368E-1));
#1529=VECTOR('',#1528,1.802775637719E-1);
#1530=CARTESIAN_POINT('',(2.185211633663E1,1.820259900990E1,7.250000000009E-1));
#1531=LINE('',#1530,#1529);
#1532=DIRECTION('',(1.421085471513E-13,1.E0,4.566347300260E-12));
#1533=VECTOR('',#1532,1.000000000005E-1);
#1534=CARTESIAN_POINT('',(2.185211633663E1,1.830259900990E1,8.749999999996E-1));
#1535=LINE('',#1534,#1533);
#1536=DIRECTION('',(-3.126388037343E-13,0.E0,1.E0));
#1537=VECTOR('',#1536,5.000000000003E-1);
#1538=CARTESIAN_POINT('',(2.185211633663E1,1.840259900990E1,8.75E-1));
#1539=LINE('',#1538,#1537);
#1540=DIRECTION('',(4.202905408259E-13,-1.E0,1.321813750898E-11));
#1541=VECTOR('',#1540,4.226497308051E-2);
#1542=CARTESIAN_POINT('',(2.185211633663E1,1.754486398298E1,7.749999999992E-1));
#1543=LINE('',#1542,#1541);
#1544=DIRECTION('',(0.E0,0.E0,1.E0));
#1545=VECTOR('',#1544,2.4E0);
#1546=CARTESIAN_POINT('',(2.145711633663E1,1.750259900990E1,-1.525E0));
#1547=LINE('',#1546,#1545);
#1548=DIRECTION('',(1.E0,0.E0,5.161303483369E-13));
#1549=VECTOR('',#1548,2.25E-1);
#1550=CARTESIAN_POINT('',(2.145711633663E1,1.750259900990E1,8.75E-1));
#1551=LINE('',#1550,#1549);
#1552=DIRECTION('',(1.E0,0.E0,0.E0));
#1553=VECTOR('',#1552,1.7E-1);
#1554=CARTESIAN_POINT('',(2.168211633663E1,1.750259900990E1,7.749999999998E-1));
#1555=LINE('',#1554,#1553);
#1556=DIRECTION('',(-2.664535259099E-13,0.E0,1.E0));
#1557=VECTOR('',#1556,6.000000000002E-1);
#1558=CARTESIAN_POINT('',(2.185211633663E1,1.750259900990E1,7.749999999998E-1));
#1559=LINE('',#1558,#1557);
#1560=DIRECTION('',(5.547001962269E-1,1.970690974764E-14,8.320502943367E-1));
#1561=VECTOR('',#1560,1.802775637731E-1);
#1562=CARTESIAN_POINT('',(2.185211633663E1,1.750259900990E1,1.375E0));
#1563=LINE('',#1562,#1561);
#1564=DIRECTION('',(-1.E0,0.E0,-1.884014829667E-14));
#1565=VECTOR('',#1564,4.95E-1);
#1566=CARTESIAN_POINT('',(2.195211633663E1,1.750259900990E1,-1.525E0));
#1567=LINE('',#1566,#1565);
#1568=DIRECTION('',(0.E0,0.E0,1.E0));
#1569=VECTOR('',#1568,1.000000000003E-1);
#1570=CARTESIAN_POINT('',(2.168211633663E1,1.750259900990E1,7.749999999998E-1));
#1571=LINE('',#1570,#1569);
#1572=DIRECTION('',(0.E0,1.E0,5.335731856384E-12));
#1573=VECTOR('',#1572,9.999999999934E-2);
#1574=CARTESIAN_POINT('',(2.168211633663E1,1.750259900990E1,8.750000000001E-1));
#1575=LINE('',#1574,#1573);
#1576=DIRECTION('',(0.E0,-4.999999999888E-1,-8.660254037909E-1));
#1577=VECTOR('',#1576,1.154700538387E-1);
#1578=CARTESIAN_POINT('',(2.168211633663E1,1.760259900990E1,8.750000000007E-1));
#1579=LINE('',#1578,#1577);
#1580=DIRECTION('',(0.E0,-1.E0,1.321813750874E-11));
#1581=VECTOR('',#1580,4.226497308127E-2);
#1582=CARTESIAN_POINT('',(2.168211633663E1,1.754486398298E1,7.749999999992E-1));
#1583=LINE('',#1582,#1581);
#1584=DIRECTION('',(0.E0,-5.000000003057E-1,-8.660254036079E-1));
#1585=VECTOR('',#1584,2.656957736238E-3);
#1586=CARTESIAN_POINT('',(2.169211633663E1,1.760259900990E1,8.750000000007E-1));
#1587=LINE('',#1586,#1585);
#1588=DIRECTION('',(1.E0,-3.446132268437E-11,-3.952393967666E-12));
#1589=VECTOR('',#1588,9.999999999998E-3);
#1590=CARTESIAN_POINT('',(2.184211633663E1,1.760259900990E1,8.750000000008E-1));
#1591=LINE('',#1590,#1589);
#1592=DIRECTION('',(-1.E0,4.472239572137E-12,0.E0));
#1593=VECTOR('',#1592,1.7E-1);
#1594=CARTESIAN_POINT('',(2.185211633663E1,1.754486398298E1,7.749999999992E-1));
#1595=LINE('',#1594,#1593);
#1596=DIRECTION('',(1.E0,-4.511946372074E-11,1.076916333886E-12));
#1597=VECTOR('',#1596,1.000000000001E-2);
#1598=CARTESIAN_POINT('',(2.168211633663E1,1.760259900990E1,8.750000000007E-1));
#1599=LINE('',#1598,#1597);
#1600=DIRECTION('',(-1.E0,1.421085471520E-13,4.100423704282E-13));
#1601=VECTOR('',#1600,1.5E-1);
#1602=CARTESIAN_POINT('',(2.184211633663E1,1.760127053103E1,8.726990071047E-1));
#1603=LINE('',#1602,#1601);
#1604=DIRECTION('',(1.E0,6.632205895585E-10,7.031412489293E-14));
#1605=VECTOR('',#1604,1.5E-1);
#1606=CARTESIAN_POINT('',(2.169211633663E1,1.744939392921E1,7.750000000010E-1));
#1607=LINE('',#1606,#1605);
#1608=DIRECTION('',(-1.E0,3.003108872690E-9,5.205670709311E-9));
#1609=VECTOR('',#1608,1.5E-1);
#1610=CARTESIAN_POINT('',(2.184211633663E1,1.753599646970E1,8.250000003515E-1));
#1611=LINE('',#1610,#1609);
#1612=DIRECTION('',(0.E0,-1.E0,4.720468895391E-13));
#1613=VECTOR('',#1612,6.679491931435E-2);
#1614=CARTESIAN_POINT('',(2.169211633663E1,1.744939392921E1,7.750000000010E-1));
#1615=LINE('',#1614,#1613);
#1616=DIRECTION('',(0.E0,1.E0,-4.770332996336E-13));
#1617=VECTOR('',#1616,6.679491941383E-2);
#1618=CARTESIAN_POINT('',(2.184211633663E1,1.738259900990E1,7.750000000010E-1));
#1619=LINE('',#1618,#1617);
#1620=DIRECTION('',(0.E0,0.E0,1.E0));
#1621=VECTOR('',#1620,4.000000000016E-1);
#1622=CARTESIAN_POINT('',(2.169211633663E1,1.738259900990E1,7.750000000010E-1));
#1623=LINE('',#1622,#1621);
#1624=DIRECTION('',(0.E0,0.E0,-1.E0));
#1625=VECTOR('',#1624,4.000000000009E-1);
#1626=CARTESIAN_POINT('',(2.184211633663E1,1.738259900990E1,1.175000000002E0));
#1627=LINE('',#1626,#1625);
#1628=DIRECTION('',(-1.E0,0.E0,-7.031412489293E-14));
#1629=VECTOR('',#1628,1.5E-1);
#1630=CARTESIAN_POINT('',(2.184211633663E1,1.738259900990E1,7.750000000010E-1));
#1631=LINE('',#1630,#1629);
#1632=DIRECTION('',(1.E0,0.E0,0.E0));
#1633=VECTOR('',#1632,1.5E-1);
#1634=CARTESIAN_POINT('',(2.169211633663E1,1.748259900990E1,1.275000000001E0));
#1635=LINE('',#1634,#1633);
#1636=DIRECTION('',(-1.E0,0.E0,4.294342659250E-12));
#1637=VECTOR('',#1636,1.5E-1);
#1638=CARTESIAN_POINT('',(2.184211633663E1,1.738259900990E1,1.175000000002E0));
#1639=LINE('',#1638,#1637);
#1640=DIRECTION('',(0.E0,1.E0,0.E0));
#1641=VECTOR('',#1640,2.5E-1);
#1642=CARTESIAN_POINT('',(2.169211633663E1,1.748259900990E1,1.275000000001E0));
#1643=LINE('',#1642,#1641);
#1644=DIRECTION('',(0.E0,-1.E0,0.E0));
#1645=VECTOR('',#1644,2.5E-1);
#1646=CARTESIAN_POINT('',(2.184211633663E1,1.773259900990E1,1.275000000001E0));
#1647=LINE('',#1646,#1645);
#1648=DIRECTION('',(1.E0,0.E0,0.E0));
#1649=VECTOR('',#1648,1.5E-1);
#1650=CARTESIAN_POINT('',(2.169211633663E1,1.783259900990E1,1.375000000001E0));
#1651=LINE('',#1650,#1649);
#1652=DIRECTION('',(-1.E0,4.736951571734E-14,0.E0));
#1653=VECTOR('',#1652,1.5E-1);
#1654=CARTESIAN_POINT('',(2.184211633663E1,1.773259900990E1,1.275000000001E0));
#1655=LINE('',#1654,#1653);
#1656=DIRECTION('',(7.071067811550E-1,0.E0,-7.071067812181E-1));
#1657=VECTOR('',#1656,4.949747468420E-2);
#1658=CARTESIAN_POINT('',(2.180711633663E1,1.783259900990E1,1.475000000002E0));
#1659=LINE('',#1658,#1657);
#1660=DIRECTION('',(8.745141363017E-13,0.E0,1.E0));
#1661=VECTOR('',#1660,6.500000000137E-2);
#1662=CARTESIAN_POINT('',(2.169211633663E1,1.783259900990E1,1.375000000001E0));
#1663=LINE('',#1662,#1661);
#1664=DIRECTION('',(7.071067812074E-1,0.E0,7.071067811657E-1));
#1665=VECTOR('',#1664,4.949747468257E-2);
#1666=CARTESIAN_POINT('',(2.169211633663E1,1.783259900990E1,1.440000000002E0));
#1667=LINE('',#1666,#1665);
#1668=DIRECTION('',(-1.E0,0.E0,-1.579292252531E-11));
#1669=VECTOR('',#1668,7.999999999990E-2);
#1670=CARTESIAN_POINT('',(2.180711633663E1,1.783259900990E1,1.475000000002E0));
#1671=LINE('',#1670,#1669);
#1672=DIRECTION('',(1.E0,-2.368475785867E-14,0.E0));
#1673=VECTOR('',#1672,1.5E-1);
#1674=CARTESIAN_POINT('',(2.169211633663E1,1.818259900990E1,1.375000000001E0));
#1675=LINE('',#1674,#1673);
#1676=DIRECTION('',(-1.E0,-3.552713678773E-13,-1.579014696761E-11));
#1677=VECTOR('',#1676,8.000000000062E-2);
#1678=CARTESIAN_POINT('',(2.180711633663E1,1.808259900990E1,1.475000000002E0));
#1679=LINE('',#1678,#1677);
#1680=DIRECTION('',(0.E0,1.E0,0.E0));
#1681=VECTOR('',#1680,9.999999999998E-2);
#1682=CARTESIAN_POINT('',(2.169211633663E1,1.818259900990E1,1.375000000001E0));
#1683=LINE('',#1682,#1681);
#1684=DIRECTION('',(1.E0,0.E0,-5.033011044967E-14));
#1685=VECTOR('',#1684,1.5E-1);
#1686=CARTESIAN_POINT('',(2.169211633663E1,1.838259900990E1,1.275000000001E0));
#1687=LINE('',#1686,#1685);
#1688=DIRECTION('',(-1.E0,-5.210646728907E-13,0.E0));
#1689=VECTOR('',#1688,1.5E-1);
#1690=CARTESIAN_POINT('',(2.184211633663E1,1.828259900990E1,1.375000000001E0));
#1691=LINE('',#1690,#1689);
#1692=DIRECTION('',(0.E0,0.E0,-1.E0));
#1693=VECTOR('',#1692,4.000000000010E-1);
#1694=CARTESIAN_POINT('',(2.169211633663E1,1.838259900990E1,1.275000000001E0));
#1695=LINE('',#1694,#1693);
#1696=CARTESIAN_POINT('',(2.180711633663E1,1.808259900990E1,1.475000000004E0));
#1697=CARTESIAN_POINT('',(2.181897661800E1,1.808259900990E1,1.463139718632E0));
#1698=CARTESIAN_POINT('',(2.183064950119E1,1.808463965915E1,1.451466835438E0));
#1699=CARTESIAN_POINT('',(2.184211633663E1,1.808892403992E1,1.440000000002E0));
#1701=DIRECTION('',(2.772038047543E-14,-1.E0,-4.783498155791E-12));
#1702=VECTOR('',#1701,2.563250300226E-1);
#1703=CARTESIAN_POINT('',(2.184211633663E1,1.808892403992E1,1.440000000001E0));
#1704=LINE('',#1703,#1702);
#1705=DIRECTION('',(2.842170943040E-12,1.E0,-1.838529328779E-13));
#1706=VECTOR('',#1705,2.5E-1);
#1707=CARTESIAN_POINT('',(2.180711633663E1,1.783259900990E1,1.475000000002E0));
#1708=LINE('',#1707,#1706);
#1709=CARTESIAN_POINT('',(2.169211633663E1,1.808892403992E1,1.440000000004E0));
#1710=CARTESIAN_POINT('',(2.170358317207E1,1.808463965915E1,1.451466835438E0));
#1711=CARTESIAN_POINT('',(2.171525605526E1,1.808259900990E1,1.463139718630E0));
#1712=CARTESIAN_POINT('',(2.172711633663E1,1.808259900990E1,1.475E0));
#1714=DIRECTION('',(1.421085471520E-14,-1.E0,1.829647544582E-13));
#1715=VECTOR('',#1714,2.5E-1);
#1716=CARTESIAN_POINT('',(2.172711633663E1,1.808259900990E1,1.475000000001E0));
#1717=LINE('',#1716,#1715);
#1718=DIRECTION('',(1.386019023774E-14,1.E0,3.858330457431E-12));
#1719=VECTOR('',#1718,2.563250300221E-1);
#1720=CARTESIAN_POINT('',(2.169211633663E1,1.783259900990E1,1.440000000002E0));
#1721=LINE('',#1720,#1719);
#1722=DIRECTION('',(0.E0,1.E0,3.150566227658E-13));
#1723=VECTOR('',#1722,9.E-1);
#1724=CARTESIAN_POINT('',(2.185211633663E1,1.750259900990E1,1.375E0));
#1725=LINE('',#1724,#1723);
#1726=DIRECTION('',(-6.315935428979E-14,-1.E0,-2.412884706852E-13));
#1727=VECTOR('',#1726,9.E-1);
#1728=CARTESIAN_POINT('',(2.195211633663E1,1.840259900990E1,1.525E0));
#1729=LINE('',#1728,#1727);
#1730=DIRECTION('',(-7.105427357601E-14,1.E0,-2.220446049250E-14));
#1731=VECTOR('',#1730,9.999999999999E-2);
#1732=CARTESIAN_POINT('',(2.195211633663E1,1.740259900990E1,-1.525E0));
#1733=LINE('',#1732,#1731);
#1734=DIRECTION('',(3.727437302348E-14,0.E0,1.E0));
#1735=VECTOR('',#1734,3.05E0);
#1736=CARTESIAN_POINT('',(2.195211633663E1,1.750259900990E1,-1.525E0));
#1737=LINE('',#1736,#1735);
#1738=DIRECTION('',(-8.171241461241E-13,-1.E0,2.280398092580E-12));
#1739=VECTOR('',#1738,1.E-1);
#1740=CARTESIAN_POINT('',(2.195211633663E1,1.750259900990E1,1.525E0));
#1741=LINE('',#1740,#1739);
#1742=DIRECTION('',(0.E0,0.E0,-1.E0));
#1743=VECTOR('',#1742,3.05E0);
#1744=CARTESIAN_POINT('',(2.195211633663E1,1.740259900990E1,1.525E0));
#1745=LINE('',#1744,#1743);
#1746=DIRECTION('',(-1.065814103639E-13,-1.144763296501E-13,-1.E0));
#1747=VECTOR('',#1746,9.000000000009E-1);
#1748=CARTESIAN_POINT('',(2.168211633663E1,1.778259900990E1,7.250000000008E-1));
#1749=LINE('',#1748,#1747);
#1750=DIRECTION('',(1.E0,-1.462882103036E-13,0.E0));
#1751=VECTOR('',#1750,1.7E-1);
#1752=CARTESIAN_POINT('',(2.168211633663E1,1.778259900990E1,
-1.750000000001E-1));
#1753=LINE('',#1752,#1751);
#1754=DIRECTION('',(0.E0,7.894919286214E-14,1.E0));
#1755=VECTOR('',#1754,9.000000000011E-1);
#1756=CARTESIAN_POINT('',(2.185211633663E1,1.778259900990E1,
-1.750000000001E-1));
#1757=LINE('',#1756,#1755);
#1758=DIRECTION('',(-1.E0,3.343730521226E-13,-1.257817379664E-12));
#1759=VECTOR('',#1758,1.699999999999E-1);
#1760=CARTESIAN_POINT('',(2.185211633663E1,1.778259900990E1,7.250000000010E-1));
#1761=LINE('',#1760,#1759);
#1762=DIRECTION('',(0.E0,-1.053661241522E-14,1.E0));
#1763=VECTOR('',#1762,3.371779789176E-1);
#1764=CARTESIAN_POINT('',(2.169211633663E1,1.778259900990E1,2.136985761188E-1));
#1765=LINE('',#1764,#1763);
#1766=DIRECTION('',(-9.079157179147E-14,0.E0,-1.E0));
#1767=VECTOR('',#1766,9.000000000010E-1);
#1768=CARTESIAN_POINT('',(2.168211633663E1,1.820259900990E1,7.250000000009E-1));
#1769=LINE('',#1768,#1767);
#1770=DIRECTION('',(0.E0,-1.E0,0.E0));
#1771=VECTOR('',#1770,4.2E-1);
#1772=CARTESIAN_POINT('',(2.168211633663E1,1.820259900990E1,
-1.750000000001E-1));
#1773=LINE('',#1772,#1771);
#1774=DIRECTION('',(-2.537652627715E-14,1.E0,2.045982431096E-13));
#1775=VECTOR('',#1774,4.199999999999E-1);
#1776=CARTESIAN_POINT('',(2.168211633663E1,1.778259900990E1,7.250000000008E-1));
#1777=LINE('',#1776,#1775);
#1778=DIRECTION('',(1.E0,-1.563194018669E-12,0.E0));
#1779=VECTOR('',#1778,2.500000000006E-2);
#1780=CARTESIAN_POINT('',(2.165711633663E1,1.820259900990E1,
-1.750000000001E-1));
#1781=LINE('',#1780,#1779);
#1782=DIRECTION('',(1.E0,2.486899575184E-12,1.082467449020E-11));
#1783=VECTOR('',#1782,9.999999999906E-3);
#1784=CARTESIAN_POINT('',(2.168211633663E1,1.820259900990E1,7.250000000009E-1));
#1785=LINE('',#1784,#1783);
#1786=DIRECTION('',(1.E0,-1.054882676931E-11,1.170550835742E-10));
#1787=VECTOR('',#1786,6.500000000032E-2);
#1788=CARTESIAN_POINT('',(2.184211633663E1,1.820259900990E1,-1.375000000014E0));
#1789=LINE('',#1788,#1787);
#1790=DIRECTION('',(-3.841106498931E-1,5.121474819724E-1,-7.682212997229E-1));
#1791=VECTOR('',#1790,1.301708245124E-1);
#1792=CARTESIAN_POINT('',(2.190711633663E1,1.820259900990E1,-1.375000000006E0));
#1793=LINE('',#1792,#1791);
#1794=DIRECTION('',(-1.E0,8.659739592229E-13,3.470557175040E-12));
#1795=VECTOR('',#1794,2.666666666619E-1);
#1796=CARTESIAN_POINT('',(2.185711633663E1,1.826926566990E1,-1.474999999999E0));
#1797=LINE('',#1796,#1795);
#1798=DIRECTION('',(4.850712614755E-1,-4.850712130086E-1,7.276068922165E-1));
#1799=VECTOR('',#1798,1.374368509450E-1);
#1800=CARTESIAN_POINT('',(2.159044966997E1,1.826926566990E1,-1.474999999998E0));
#1801=LINE('',#1800,#1799);
#1802=DIRECTION('',(1.E0,9.034043354385E-12,-5.602819795243E-10));
#1803=VECTOR('',#1802,3.500000000108E-2);
#1804=CARTESIAN_POINT('',(2.165711633663E1,1.820259900990E1,-1.375000000006E0));
#1805=LINE('',#1804,#1803);
#1806=DIRECTION('',(-1.E0,1.042129345782E-12,-7.891169199564E-11));
#1807=VECTOR('',#1806,1.5E-1);
#1808=CARTESIAN_POINT('',(2.184211633663E1,1.820259900990E1,-1.375000000014E0));
#1809=LINE('',#1808,#1807);
#1810=DIRECTION('',(1.E0,5.850135191091E-12,1.916985089186E-12));
#1811=VECTOR('',#1810,1.5E-1);
#1812=CARTESIAN_POINT('',(2.169211633663E1,1.819656827198E1,-1.409202014354E0));
#1813=LINE('',#1812,#1811);
#1814=DIRECTION('',(1.E0,1.184237892933E-13,0.E0));
#1815=VECTOR('',#1814,1.5E-1);
#1816=CARTESIAN_POINT('',(2.169211633663E1,1.815259900990E1,-1.525000000001E0));
#1817=LINE('',#1816,#1815);
#1818=DIRECTION('',(-1.E0,1.200817223435E-10,3.444800000807E-10));
#1819=VECTOR('',#1818,1.5E-1);
#1820=CARTESIAN_POINT('',(2.184211633663E1,1.816051033794E1,-1.508270373983E0));
#1821=LINE('',#1820,#1819);
#1822=DIRECTION('',(0.E0,-1.E0,6.848595768872E-11));
#1823=VECTOR('',#1822,2.999999998116E-2);
#1824=CARTESIAN_POINT('',(2.169211633663E1,1.815259900990E1,-1.525000000001E0));
#1825=LINE('',#1824,#1823);
#1826=DIRECTION('',(1.E0,2.368475785867E-14,-2.013204417987E-12));
#1827=VECTOR('',#1826,1.5E-1);
#1828=CARTESIAN_POINT('',(2.169211633663E1,1.802259900990E1,-1.424999999983E0));
#1829=LINE('',#1828,#1827);
#1830=DIRECTION('',(-1.E0,-2.759274290535E-11,0.E0));
#1831=VECTOR('',#1830,1.5E-1);
#1832=CARTESIAN_POINT('',(2.184211633663E1,1.812259900993E1,-1.524999999999E0));
#1833=LINE('',#1832,#1831);
#1834=DIRECTION('',(0.E0,-5.921189464830E-13,1.E0));
#1835=VECTOR('',#1834,5.699999999844E-1);
#1836=CARTESIAN_POINT('',(2.169211633663E1,1.802259900990E1,-1.424999999983E0));
#1837=LINE('',#1836,#1835);
#1838=DIRECTION('',(1.E0,1.207922650792E-12,-7.475501699143E-14));
#1839=VECTOR('',#1838,1.5E-1);
#1840=CARTESIAN_POINT('',(2.169211633663E1,1.794259900990E1,
-7.749999999993E-1));
#1841=LINE('',#1840,#1839);
#1842=DIRECTION('',(-1.E0,2.368475785867E-14,1.102821537794E-13));
#1843=VECTOR('',#1842,1.5E-1);
#1844=CARTESIAN_POINT('',(2.184211633663E1,1.802259900990E1,
-8.549999999990E-1));
#1845=LINE('',#1844,#1843);
#1846=DIRECTION('',(0.E0,-1.E0,-8.326672684699E-13));
#1847=VECTOR('',#1846,3.999999999995E-2);
#1848=CARTESIAN_POINT('',(2.169211633663E1,1.794259900990E1,
-7.749999999993E-1));
#1849=LINE('',#1848,#1847);
#1850=DIRECTION('',(0.E0,1.E0,8.298917108926E-13));
#1851=VECTOR('',#1850,4.000000000071E-2);
#1852=CARTESIAN_POINT('',(2.184211633663E1,1.790259900990E1,
-7.749999999993E-1));
#1853=LINE('',#1852,#1851);
#1854=DIRECTION('',(1.E0,7.105427357601E-14,4.433490611670E-13));
#1855=VECTOR('',#1854,1.5E-1);
#1856=CARTESIAN_POINT('',(2.169211633663E1,1.782259900990E1,
-6.950000000008E-1));
#1857=LINE('',#1856,#1855);
#1858=DIRECTION('',(-1.E0,3.907985046680E-12,7.327471962526E-14));
#1859=VECTOR('',#1858,1.5E-1);
#1860=CARTESIAN_POINT('',(2.184211633663E1,1.790259900990E1,
-7.749999999993E-1));
#1861=LINE('',#1860,#1859);
#1862=DIRECTION('',(0.E0,6.832141689983E-14,1.E0));
#1863=VECTOR('',#1862,5.200000000014E-1);
#1864=CARTESIAN_POINT('',(2.169211633663E1,1.782259900990E1,
-6.950000000008E-1));
#1865=LINE('',#1864,#1863);
#1866=DIRECTION('',(0.E0,-6.148927520983E-14,-1.E0));
#1867=VECTOR('',#1866,5.200000000015E-1);
#1868=CARTESIAN_POINT('',(2.184211633663E1,1.782259900990E1,
-1.749999999992E-1));
#1869=LINE('',#1868,#1867);
#1870=DIRECTION('',(-1.E0,-9.473903143468E-14,-1.103376649307E-12));
#1871=VECTOR('',#1870,1.5E-1);
#1872=CARTESIAN_POINT('',(2.184211633663E1,1.782259900990E1,
-1.749999999992E-1));
#1873=LINE('',#1872,#1871);
#1874=DIRECTION('',(1.E0,0.E0,-3.556414422216E-12));
#1875=VECTOR('',#1874,1.5E-1);
#1876=CARTESIAN_POINT('',(2.169211633663E1,1.779259900990E1,
-6.964346250038E-2));
#1877=LINE('',#1876,#1875);
#1878=DIRECTION('',(-1.E0,2.368475785867E-14,-7.281212669833E-14));
#1879=VECTOR('',#1878,1.5E-1);
#1880=CARTESIAN_POINT('',(2.184211633663E1,1.780759900990E1,
-1.223217312352E-1));
#1881=LINE('',#1880,#1879);
#1882=DIRECTION('',(0.E0,0.E0,1.E0));
#1883=VECTOR('',#1882,5.000000000114E-2);
#1884=CARTESIAN_POINT('',(2.169211633663E1,1.779259900990E1,
-6.964346250038E-2));
#1885=LINE('',#1884,#1883);
#1886=DIRECTION('',(0.E0,0.E0,-1.E0));
#1887=VECTOR('',#1886,5.000000000167E-2);
#1888=CARTESIAN_POINT('',(2.184211633663E1,1.779259900990E1,
-1.964346249924E-2));
#1889=LINE('',#1888,#1887);
#1890=DIRECTION('',(-1.E0,0.E0,2.176499721192E-14));
#1891=VECTOR('',#1890,1.5E-1);
#1892=CARTESIAN_POINT('',(2.184211633663E1,1.779259900990E1,
-1.964346249924E-2));
#1893=LINE('',#1892,#1891);
#1894=DIRECTION('',(1.E0,0.E0,1.657007864253E-13));
#1895=VECTOR('',#1894,1.5E-1);
#1896=CARTESIAN_POINT('',(2.169211633663E1,1.782259900990E1,8.571307510090E-2));
#1897=LINE('',#1896,#1895);
#1898=DIRECTION('',(-1.E0,0.E0,0.E0));
#1899=VECTOR('',#1898,1.5E-1);
#1900=CARTESIAN_POINT('',(2.184211633663E1,1.780759900990E1,3.303480626521E-2));
#1901=LINE('',#1900,#1899);
#1902=DIRECTION('',(0.E0,0.E0,1.E0));
#1903=VECTOR('',#1902,3.928692489990E-2);
#1904=CARTESIAN_POINT('',(2.169211633663E1,1.782259900990E1,8.571307510090E-2));
#1905=LINE('',#1904,#1903);
#1906=DIRECTION('',(0.E0,0.E0,-1.E0));
#1907=VECTOR('',#1906,3.928692489990E-2);
#1908=CARTESIAN_POINT('',(2.184211633663E1,1.782259900990E1,1.250000000008E-1));
#1909=LINE('',#1908,#1907);
#1910=DIRECTION('',(-1.E0,0.E0,-1.293409823688E-13));
#1911=VECTOR('',#1910,1.5E-1);
#1912=CARTESIAN_POINT('',(2.184211633663E1,1.782259900990E1,1.250000000008E-1));
#1913=LINE('',#1912,#1911);
#1914=DIRECTION('',(1.E0,-2.368475785867E-14,0.E0));
#1915=VECTOR('',#1914,1.5E-1);
#1916=CARTESIAN_POINT('',(2.169211633663E1,1.778259900990E1,2.136985761188E-1));
#1917=LINE('',#1916,#1915);
#1918=DIRECTION('',(-1.E0,-1.800041597259E-12,2.171966310508E-12));
#1919=VECTOR('',#1918,1.5E-1);
#1920=CARTESIAN_POINT('',(2.184211633663E1,1.779759900990E1,1.911437827777E-1));
#1921=LINE('',#1920,#1919);
#1922=DIRECTION('',(1.353414734772E-14,-4.246338730347E-13,1.E0));
#1923=VECTOR('',#1922,2.100000000014E0);
#1924=CARTESIAN_POINT('',(2.184211633663E1,1.820259900990E1,-1.375000000014E0));
#1925=LINE('',#1924,#1923);
#1926=DIRECTION('',(1.E0,-4.618527782438E-12,-1.038058528024E-11));
#1927=VECTOR('',#1926,1.000000000001E-2);
#1928=CARTESIAN_POINT('',(2.184211633663E1,1.820259900990E1,7.250000000010E-1));
#1929=LINE('',#1928,#1927);
#1930=DIRECTION('',(0.E0,3.947459643107E-14,-1.E0));
#1931=VECTOR('',#1930,9.000000000010E-1);
#1932=CARTESIAN_POINT('',(2.185211633663E1,1.820259900990E1,7.250000000009E-1));
#1933=LINE('',#1932,#1931);
#1934=DIRECTION('',(1.E0,3.229739708E-13,0.E0));
#1935=VECTOR('',#1934,5.500000000001E-2);
#1936=CARTESIAN_POINT('',(2.185211633663E1,1.820259900990E1,
-1.750000000001E-1));
#1937=LINE('',#1936,#1935);
#1938=DIRECTION('',(-2.309263891209E-13,-1.657933050099E-13,1.E0));
#1939=VECTOR('',#1938,1.200000000006E0);
#1940=CARTESIAN_POINT('',(2.190711633663E1,1.820259900990E1,-1.375000000006E0));
#1941=LINE('',#1940,#1939);
#1942=DIRECTION('',(-6.394884621840E-13,1.E0,0.E0));
#1943=VECTOR('',#1942,2.E-1);
#1944=CARTESIAN_POINT('',(2.190711633663E1,1.820259900990E1,
-1.750000000001E-1));
#1945=LINE('',#1944,#1943);
#1946=DIRECTION('',(7.756758198695E-13,-7.312668988846E-13,-1.E0));
#1947=VECTOR('',#1946,1.200000000003E0);
#1948=CARTESIAN_POINT('',(2.190711633663E1,1.840259900990E1,
-1.750000000001E-1));
#1949=LINE('',#1948,#1947);
#1950=DIRECTION('',(2.629008122326E-12,1.E0,1.421973649947E-11));
#1951=VECTOR('',#1950,1.999999999990E-1);
#1952=CARTESIAN_POINT('',(2.190711633663E1,1.820259900990E1,-1.375000000006E0));
#1953=LINE('',#1952,#1951);
#1954=DIRECTION('',(-3.841106398105E-1,-5.121475197484E-1,-7.682212795802E-1));
#1955=VECTOR('',#1954,1.301708279306E-1);
#1956=CARTESIAN_POINT('',(2.190711633663E1,1.840259900990E1,-1.375000000003E0));
#1957=LINE('',#1956,#1955);
#1958=DIRECTION('',(-5.329069985530E-14,1.E0,-1.733280012794E-11));
#1959=VECTOR('',#1958,6.666667333038E-2);
#1960=CARTESIAN_POINT('',(2.185711633663E1,1.826926566990E1,-1.474999999999E0));
#1961=LINE('',#1960,#1959);
#1962=DIRECTION('',(-1.E0,-3.330669073942E-13,3.470557175047E-12));
#1963=VECTOR('',#1962,2.666666666614E-1);
#1964=CARTESIAN_POINT('',(2.185711633663E1,1.833593234323E1,-1.475E0));
#1965=LINE('',#1964,#1963);
#1966=DIRECTION('',(-8.526511976889E-12,-1.E0,1.733280012802E-11));
#1967=VECTOR('',#1966,6.666667333006E-2);
#1968=CARTESIAN_POINT('',(2.159044966997E1,1.833593234323E1,-1.474999999999E0));
#1969=LINE('',#1968,#1967);
#1970=DIRECTION('',(1.480297366165E-14,0.E0,1.E0));
#1971=VECTOR('',#1970,1.200000000001E0);
#1972=CARTESIAN_POINT('',(2.165711633663E1,1.766259900990E1,-1.375000000001E0));
#1973=LINE('',#1972,#1971);
#1974=DIRECTION('',(-6.579099405186E-14,1.E0,0.E0));
#1975=VECTOR('',#1974,5.4E-1);
#1976=CARTESIAN_POINT('',(2.165711633663E1,1.766259900990E1,
-1.750000000001E-1));
#1977=LINE('',#1976,#1975);
#1978=DIRECTION('',(-8.674542565697E-13,6.128431095902E-13,-1.E0));
#1979=VECTOR('',#1978,1.200000000006E0);
#1980=CARTESIAN_POINT('',(2.165711633663E1,1.820259900990E1,
-1.750000000001E-1));
#1981=LINE('',#1980,#1979);
#1982=DIRECTION('',(1.967150722148E-12,-1.E0,8.219351125630E-12));
#1983=VECTOR('',#1982,5.400000000007E-1);
#1984=CARTESIAN_POINT('',(2.165711633663E1,1.820259900990E1,-1.375000000006E0));
#1985=LINE('',#1984,#1983);
#1986=DIRECTION('',(-1.E0,-2.368475785867E-14,0.E0));
#1987=VECTOR('',#1986,1.5E-1);
#1988=CARTESIAN_POINT('',(2.184211633663E1,1.778259900990E1,5.508765550364E-1));
#1989=LINE('',#1988,#1987);
#1990=DIRECTION('',(1.E0,-7.105427357601E-14,1.134647931167E-12));
#1991=VECTOR('',#1990,1.5E-1);
#1992=CARTESIAN_POINT('',(2.169211633663E1,1.782259900990E1,6.395751311024E-1));
#1993=LINE('',#1992,#1991);
#1994=DIRECTION('',(-1.E0,1.018444587923E-12,1.256772463876E-12));
#1995=VECTOR('',#1994,1.5E-1);
#1996=CARTESIAN_POINT('',(2.184211633663E1,1.779759900990E1,5.734313483773E-1));
#1997=LINE('',#1996,#1995);
#1998=DIRECTION('',(0.E0,-2.623383509846E-13,1.E0));
#1999=VECTOR('',#1998,1.354248688942E-1);
#2000=CARTESIAN_POINT('',(2.169211633663E1,1.782259900990E1,6.395751311024E-1));
#2001=LINE('',#2000,#1999);
#2002=DIRECTION('',(0.E0,2.623383509843E-13,-1.E0));
#2003=VECTOR('',#2002,1.354248688944E-1);
#2004=CARTESIAN_POINT('',(2.184211633663E1,1.782259900990E1,7.749999999969E-1));
#2005=LINE('',#2004,#2003);
#2006=DIRECTION('',(1.E0,-1.326346440086E-11,-5.847174596359E-14));
#2007=VECTOR('',#2006,1.5E-1);
#2008=CARTESIAN_POINT('',(2.169211633663E1,1.772259900990E1,8.750000000006E-1));
#2009=LINE('',#2008,#2007);
#2010=DIRECTION('',(-1.E0,7.105427357601E-14,-2.347011474058E-12));
#2011=VECTOR('',#2010,1.5E-1);
#2012=CARTESIAN_POINT('',(2.184211633663E1,1.782259900990E1,7.749999999969E-1));
#2013=LINE('',#2012,#2011);
#2014=DIRECTION('',(0.E0,-1.E0,7.904787935332E-13));
#2015=VECTOR('',#2014,5.E-2);
#2016=CARTESIAN_POINT('',(2.247211633663E1,1.745259900990E1,-1.525E0));
#2017=LINE('',#2016,#2015);
#2018=DIRECTION('',(-5.819143739693E-1,-3.636964837234E-1,7.273929674496E-1));
#2019=VECTOR('',#2018,1.374772708478E-1);
#2020=CARTESIAN_POINT('',(2.219211633663E1,1.761259900990E1,1.425000000001E0));
#2021=LINE('',#2020,#2019);
#2022=DIRECTION('',(-1.395708945244E-13,1.E0,-1.747279569708E-13));
#2023=VECTOR('',#2022,8.399999999997E-1);
#2024=CARTESIAN_POINT('',(2.211211633663E1,1.756259900990E1,1.525E0));
#2025=LINE('',#2024,#2023);
#2026=DIRECTION('',(-7.460698725472E-13,-1.E0,1.257882686899E-12));
#2027=VECTOR('',#2026,2.000000000002E-1);
#2028=CARTESIAN_POINT('',(2.219211633663E1,1.840259900990E1,1.425000000001E0));
#2029=LINE('',#2028,#2027);
#2030=DIRECTION('',(0.E0,-1.E0,0.E0));
#2031=VECTOR('',#2030,4.4E-1);
#2032=CARTESIAN_POINT('',(2.219211633663E1,1.810259900990E1,2.25E-1));
#2033=LINE('',#2032,#2031);
#2034=DIRECTION('',(3.686066710669E-12,-4.472135954923E-1,8.944271910037E-1));
#2035=VECTOR('',#2034,1.118033988772E-1);
#2036=CARTESIAN_POINT('',(2.219211633663E1,1.766259900990E1,1.324999999999E0));
#2037=LINE('',#2036,#2035);
#2038=DIRECTION('',(-3.131205276230E-13,1.E0,-3.590348357600E-13));
#2039=VECTOR('',#2038,5.900000000002E-1);
#2040=CARTESIAN_POINT('',(2.219211633663E1,1.761259900990E1,1.425000000001E0));
#2041=LINE('',#2040,#2039);
#2042=DIRECTION('',(-2.336297578483E-12,-7.071067811723E-1,-7.071067812008E-1));
#2043=VECTOR('',#2042,1.414213562396E-1);
#2044=CARTESIAN_POINT('',(2.219211633663E1,1.820259900990E1,1.425000000001E0));
#2045=LINE('',#2044,#2043);
#2046=DIRECTION('',(2.691429444190E-12,-1.329882784188E-11,-1.E0));
#2047=VECTOR('',#2046,1.346410161410E-1);
#2048=CARTESIAN_POINT('',(2.263211633663E1,1.766759900990E1,1.139641016152E0));
#2049=LINE('',#2048,#2047);
#2050=DIRECTION('',(-7.071067812208E-1,7.071067811523E-1,0.E0));
#2051=VECTOR('',#2050,2.828427124812E-2);
#2052=CARTESIAN_POINT('',(2.275211633663E1,1.769759900990E1,1.035E0));
#2053=LINE('',#2052,#2051);
#2054=DIRECTION('',(-1.E0,-5.684341886372E-13,0.E0));
#2055=VECTOR('',#2054,4.999999999744E-2);
#2056=CARTESIAN_POINT('',(2.273211633663E1,1.771759900990E1,1.035E0));
#2057=LINE('',#2056,#2055);
#2058=DIRECTION('',(-7.071067812210E-1,-7.071067811521E-1,0.E0));
#2059=VECTOR('',#2058,2.828427124809E-2);
#2060=CARTESIAN_POINT('',(2.268211633663E1,1.771759900990E1,1.035E0));
#2061=LINE('',#2060,#2059);
#2062=DIRECTION('',(1.019628824586E-10,-7.105427349031E-13,1.E0));
#2063=VECTOR('',#2062,1.000000001206E-2);
#2064=CARTESIAN_POINT('',(2.273211633663E1,1.771759900990E1,1.035E0));
#2065=LINE('',#2064,#2063);
#2066=DIRECTION('',(-9.094946991327E-11,7.105427336974E-13,-1.E0));
#2067=VECTOR('',#2066,1.000000002903E-2);
#2068=CARTESIAN_POINT('',(2.268211633663E1,1.771759900990E1,1.045000000029E0));
#2069=LINE('',#2068,#2067);
#2070=CARTESIAN_POINT('',(2.273211633663E1,1.771759900990E1,1.044999999999E0));
#2071=CARTESIAN_POINT('',(2.273211633663E1,1.771759900990E1,1.050675254987E0));
#2072=CARTESIAN_POINT('',(2.273359752334E1,1.771611782318E1,1.055603966436E0));
#2073=CARTESIAN_POINT('',(2.273613557454E1,1.771357977199E1,1.060000000041E0));
#2075=DIRECTION('',(-1.E0,-1.096938337045E-10,1.956790775838E-10));
#2076=VECTOR('',#2075,5.803847579583E-2);
#2077=CARTESIAN_POINT('',(2.273613557452E1,1.771357977200E1,1.060000000020E0));
#2078=LINE('',#2077,#2076);
#2079=CARTESIAN_POINT('',(2.267809709870E1,1.771357977197E1,1.060000000074E0));
#2080=CARTESIAN_POINT('',(2.268063514990E1,1.771611782317E1,1.055603966478E0));
#2081=CARTESIAN_POINT('',(2.268211633663E1,1.771759900989E1,1.050675255035E0));
#2082=CARTESIAN_POINT('',(2.268211633663E1,1.771759900990E1,1.045000000050E0));
#2084=DIRECTION('',(1.E0,5.684341886359E-13,-3.393640923998E-10));
#2085=VECTOR('',#2084,4.999999999755E-2);
#2086=CARTESIAN_POINT('',(2.268211633663E1,1.771759900990E1,1.045000000029E0));
#2087=LINE('',#2086,#2085);
#2088=DIRECTION('',(0.E0,0.E0,1.E0));
#2089=VECTOR('',#2088,2.5E-1);
#2090=CARTESIAN_POINT('',(2.227711633663E1,1.834259900990E1,
-4.250000000001E-1));
#2091=LINE('',#2090,#2089);
#2092=DIRECTION('',(0.E0,-1.E0,0.E0));
#2093=VECTOR('',#2092,6.8E-1);
#2094=CARTESIAN_POINT('',(2.227711633663E1,1.834259900990E1,
-1.750000000001E-1));
#2095=LINE('',#2094,#2093);
#2096=DIRECTION('',(-1.E0,0.E0,-6.373038297808E-13));
#2097=VECTOR('',#2096,3.1E-1);
#2098=CARTESIAN_POINT('',(2.258711633663E1,1.834259900990E1,
-4.249999999999E-1));
#2099=LINE('',#2098,#2097);
#2100=DIRECTION('',(0.E0,-1.E0,0.E0));
#2101=VECTOR('',#2100,6.8E-1);
#2102=CARTESIAN_POINT('',(2.227711633663E1,1.834259900990E1,
-4.250000000001E-1));
#2103=LINE('',#2102,#2101);
#2104=DIRECTION('',(1.E0,0.E0,6.373038297786E-13));
#2105=VECTOR('',#2104,3.100000000011E-1);
#2106=CARTESIAN_POINT('',(2.227711633663E1,1.766259900990E1,
-4.250000000001E-1));
#2107=LINE('',#2106,#2105);
#2108=DIRECTION('',(-1.567373681824E-12,1.E0,0.E0));
#2109=VECTOR('',#2108,6.8E-1);
#2110=CARTESIAN_POINT('',(2.258711633663E1,1.766259900990E1,
-4.249999999999E-1));
#2111=LINE('',#2110,#2109);
#2112=CARTESIAN_POINT('',(2.263211633663E1,1.774259900990E1,
-3.753183234132E-1));
#2113=DIRECTION('',(-1.E0,0.E0,0.E0));
#2114=DIRECTION('',(0.E0,-1.E0,-1.559863349598E-12));
#2115=AXIS2_PLACEMENT_3D('',#2112,#2113,#2114);
#2117=DIRECTION('',(0.E0,-1.E0,1.977127826110E-11));
#2118=VECTOR('',#2117,1.780621953014E-2);
#2119=CARTESIAN_POINT('',(2.263211633663E1,1.768040522943E1,
-3.250000000023E-1));
#2120=LINE('',#2119,#2118);
#2121=DIRECTION('',(1.E0,-2.368475785867E-14,-1.347070603212E-13));
#2122=VECTOR('',#2121,1.5E-1);
#2123=CARTESIAN_POINT('',(2.263211633663E1,1.766259900990E1,
-3.753183234132E-1));
#2124=LINE('',#2123,#2122);
#2125=DIRECTION('',(-1.E0,-9.473903143468E-13,-2.823667225963E-13));
#2126=VECTOR('',#2125,1.5E-1);
#2127=CARTESIAN_POINT('',(2.278211633663E1,1.768040522943E1,
-3.250000000023E-1));
#2128=LINE('',#2127,#2126);
#2129=DIRECTION('',(1.E0,1.705302565824E-12,-1.406282497858E-13));
#2130=VECTOR('',#2129,1.5E-1);
#2131=CARTESIAN_POINT('',(2.263211633663E1,1.805929898104E1,-1.150000000045E0));
#2132=LINE('',#2131,#2130);
#2133=DIRECTION('',(1.E0,-1.307398633799E-11,5.679308875036E-11));
#2134=VECTOR('',#2133,1.5E-1);
#2135=CARTESIAN_POINT('',(2.263211633663E1,1.805885293370E1,-1.175554034709E0));
#2136=LINE('',#2135,#2134);
#2137=DIRECTION('',(0.E0,-1.E0,-1.229459367387E-12));
#2138=VECTOR('',#2137,1.908978479741E-1);
#2139=CARTESIAN_POINT('',(2.263211633663E1,1.825019682902E1,-1.150000000045E0));
#2140=LINE('',#2139,#2138);
#2141=DIRECTION('',(0.E0,-1.745240683743E-2,-9.998476951494E-1));
#2142=VECTOR('',#2141,2.555792726029E-2);
#2143=CARTESIAN_POINT('',(2.263211633663E1,1.805929898104E1,-1.150000000045E0));
#2144=LINE('',#2143,#2142);
#2145=CARTESIAN_POINT('',(2.263211633663E1,1.800886054890E1,-1.174681414895E0));
#2146=DIRECTION('',(-1.E0,0.E0,0.E0));
#2147=DIRECTION('',(0.E0,9.998476953949E-1,-1.745239277387E-2));
#2148=AXIS2_PLACEMENT_3D('',#2145,#2146,#2147);
#2150=CARTESIAN_POINT('',(2.263211633663E1,1.811259900990E1,-1.235E0));
#2151=DIRECTION('',(1.E0,0.E0,0.E0));
#2152=DIRECTION('',(0.E0,-8.644871844163E-1,5.026548597E-1));
#2153=AXIS2_PLACEMENT_3D('',#2150,#2151,#2152);
#2155=CARTESIAN_POINT('',(2.263211633663E1,1.812259900990E1,-1.255E0));
#2156=DIRECTION('',(1.E0,0.E0,0.E0));
#2157=DIRECTION('',(0.E0,-1.421085471520E-13,-1.E0));
#2158=AXIS2_PLACEMENT_3D('',#2155,#2156,#2157);
#2160=DIRECTION('',(0.E0,6.427876097965E-1,7.660444430267E-1));
#2161=VECTOR('',#2160,8.806088273291E-2);
#2162=CARTESIAN_POINT('',(2.263211633663E1,1.816090123206E1,-1.287139380480E0));
#2163=LINE('',#2162,#2161);
#2164=CARTESIAN_POINT('',(2.263211633663E1,1.810259900990E1,-1.123262689185E0));
#2165=DIRECTION('',(1.E0,0.E0,0.E0));
#2166=DIRECTION('',(0.E0,7.660444432109E-1,-6.427876095770E-1));
#2167=AXIS2_PLACEMENT_3D('',#2164,#2165,#2166);
#2169=DIRECTION('',(1.E0,2.889540458758E-12,7.918110611626E-12));
#2170=VECTOR('',#2169,1.5E-1);
#2171=CARTESIAN_POINT('',(2.263211633663E1,1.805208490720E1,-1.199814159505E0));
#2172=LINE('',#2171,#2170);
#2173=DIRECTION('',(-1.E0,0.E0,0.E0));
#2174=VECTOR('',#2173,1.5E-1);
#2175=CARTESIAN_POINT('',(2.278211633663E1,1.811259900990E1,-1.305E0));
#2176=LINE('',#2175,#2174);
#2177=DIRECTION('',(0.E0,-1.E0,-2.220446049250E-14));
#2178=VECTOR('',#2177,1.E-2);
#2179=CARTESIAN_POINT('',(2.263211633663E1,1.812259900990E1,-1.305E0));
#2180=LINE('',#2179,#2178);
#2181=DIRECTION('',(0.E0,1.E0,2.220446049249E-14));
#2182=VECTOR('',#2181,1.000000000001E-2);
#2183=CARTESIAN_POINT('',(2.278211633663E1,1.811259900990E1,-1.305E0));
#2184=LINE('',#2183,#2182);
#2185=DIRECTION('',(1.E0,0.E0,0.E0));
#2186=VECTOR('',#2185,1.5E-1);
#2187=CARTESIAN_POINT('',(2.263211633663E1,1.812259900990E1,-1.305E0));
#2188=LINE('',#2187,#2186);
#2189=DIRECTION('',(-1.E0,-1.527666881884E-11,-1.940225757835E-11));
#2190=VECTOR('',#2189,1.5E-1);
#2191=CARTESIAN_POINT('',(2.278211633663E1,1.816090123206E1,-1.287139380478E0));
#2192=LINE('',#2191,#2190);
#2193=DIRECTION('',(-1.E0,8.431773797686E-12,1.705302565824E-12));
#2194=VECTOR('',#2193,1.5E-1);
#2195=CARTESIAN_POINT('',(2.278211633663E1,1.825019682902E1,-1.150000000045E0));
#2196=LINE('',#2195,#2194);
#2197=DIRECTION('',(1.E0,-8.715990891990E-12,-9.115671180855E-12));
#2198=VECTOR('',#2197,1.5E-1);
#2199=CARTESIAN_POINT('',(2.263211633663E1,1.821750567639E1,-1.219680830615E0));
#2200=LINE('',#2199,#2198);
#2201=CARTESIAN_POINT('',(2.263211633663E1,1.766259900990E1,
-3.753183234132E-1));
#2202=CARTESIAN_POINT('',(2.263211633663E1,1.766259900990E1,
-3.250000000020E-1));
#2203=VERTEX_POINT('',#2201);
#2204=VERTEX_POINT('',#2202);
#2205=CARTESIAN_POINT('',(2.262211633664E1,1.766259900990E1,
-3.250000000007E-1));
#2206=VERTEX_POINT('',#2205);
#2207=CARTESIAN_POINT('',(2.258711633663E1,1.766259900990E1,
-4.249999999999E-1));
#2208=VERTEX_POINT('',#2207);
#2209=CARTESIAN_POINT('',(2.227711633663E1,1.766259900990E1,
-4.250000000001E-1));
#2210=VERTEX_POINT('',#2209);
#2211=CARTESIAN_POINT('',(2.227711633663E1,1.766259900990E1,
-1.750000000001E-1));
#2212=VERTEX_POINT('',#2211);
#2213=CARTESIAN_POINT('',(2.165711633663E1,1.766259900990E1,
-1.750000000001E-1));
#2214=VERTEX_POINT('',#2213);
#2215=CARTESIAN_POINT('',(2.165711633663E1,1.766259900990E1,-1.375000000001E0));
#2216=VERTEX_POINT('',#2215);
#2217=CARTESIAN_POINT('',(2.155711633663E1,1.766259900990E1,-1.525E0));
#2218=VERTEX_POINT('',#2217);
#2219=CARTESIAN_POINT('',(2.257211633663E1,1.766259900990E1,-1.525E0));
#2220=VERTEX_POINT('',#2219);
#2221=CARTESIAN_POINT('',(2.262211633663E1,1.766259900990E1,-1.425000000003E0));
#2222=VERTEX_POINT('',#2221);
#2223=CARTESIAN_POINT('',(2.263211633663E1,1.766259900990E1,-1.425000000003E0));
#2224=VERTEX_POINT('',#2223);
#2225=CARTESIAN_POINT('',(2.263211633663E1,1.766259900990E1,
-4.449999999808E-1));
#2226=VERTEX_POINT('',#2225);
#2227=CARTESIAN_POINT('',(2.263211633663E1,1.745259900990E1,-1.311593413849E0));
#2228=CARTESIAN_POINT('',(2.263211633663E1,1.745259900990E1,-1.425000000003E0));
#2229=VERTEX_POINT('',#2227);
#2230=VERTEX_POINT('',#2228);
#2231=CARTESIAN_POINT('',(2.262211633663E1,1.745259900990E1,-1.425000000003E0));
#2232=VERTEX_POINT('',#2231);
#2233=CARTESIAN_POINT('',(2.257211633663E1,1.745259900990E1,-1.525E0));
#2234=VERTEX_POINT('',#2233);
#2235=CARTESIAN_POINT('',(2.247211633663E1,1.745259900990E1,-1.525E0));
#2236=VERTEX_POINT('',#2235);
#2237=CARTESIAN_POINT('',(2.247211633663E1,1.745259900990E1,-1.025E0));
#2238=VERTEX_POINT('',#2237);
#2239=CARTESIAN_POINT('',(2.247211633663E1,1.740259900990E1,-1.025E0));
#2240=VERTEX_POINT('',#2239);
#2241=CARTESIAN_POINT('',(2.247211633663E1,1.740259900990E1,-1.525E0));
#2242=VERTEX_POINT('',#2241);
#2243=CARTESIAN_POINT('',(2.195211633663E1,1.740259900990E1,-1.525E0));
#2244=VERTEX_POINT('',#2243);
#2245=CARTESIAN_POINT('',(2.195211633663E1,1.740259900990E1,1.525E0));
#2246=VERTEX_POINT('',#2245);
#2247=CARTESIAN_POINT('',(2.195211633663E1,1.750259900990E1,1.525E0));
#2248=VERTEX_POINT('',#2247);
#2249=CARTESIAN_POINT('',(2.195211633663E1,1.840259900990E1,1.525E0));
#2250=VERTEX_POINT('',#2249);
#2251=CARTESIAN_POINT('',(2.211211633663E1,1.840259900990E1,1.525E0));
#2252=VERTEX_POINT('',#2251);
#2253=CARTESIAN_POINT('',(2.211211633663E1,1.756259900990E1,1.525E0));
#2254=VERTEX_POINT('',#2253);
#2255=CARTESIAN_POINT('',(2.219211633663E1,1.761259900990E1,1.425000000001E0));
#2256=VERTEX_POINT('',#2255);
#2257=CARTESIAN_POINT('',(2.219211633663E1,1.766259900990E1,1.324999999999E0));
#2258=VERTEX_POINT('',#2257);
#2259=CARTESIAN_POINT('',(2.219211633663E1,1.766259900990E1,2.25E-1));
#2260=VERTEX_POINT('',#2259);
#2261=CARTESIAN_POINT('',(2.263211633663E1,1.766259900990E1,2.25E-1));
#2262=VERTEX_POINT('',#2261);
#2263=CARTESIAN_POINT('',(2.263211633663E1,1.766259900990E1,1.148301270188E0));
#2264=VERTEX_POINT('',#2263);
#2265=CARTESIAN_POINT('',(2.263211633663E1,1.767259900990E1,2.25E-1));
#2266=VERTEX_POINT('',#2265);
#2267=CARTESIAN_POINT('',(2.219211633663E1,1.810259900990E1,2.25E-1));
#2268=VERTEX_POINT('',#2267);
#2269=CARTESIAN_POINT('',(2.263211633663E1,1.810259900990E1,2.25E-1));
#2270=VERTEX_POINT('',#2269);
#2271=CARTESIAN_POINT('',(2.263211633663E1,1.806882365399E1,2.25E-1));
#2272=VERTEX_POINT('',#2271);
#2273=CARTESIAN_POINT('',(2.263211633663E1,1.810259900990E1,1.107079458092E0));
#2274=VERTEX_POINT('',#2273);
#2275=CARTESIAN_POINT('',(2.219211633663E1,1.810259900990E1,1.324999999998E0));
#2276=VERTEX_POINT('',#2275);
#2277=CARTESIAN_POINT('',(2.219211633663E1,1.820259900990E1,1.425000000001E0));
#2278=VERTEX_POINT('',#2277);
#2279=CARTESIAN_POINT('',(2.219211633663E1,1.840259900990E1,1.425000000001E0));
#2280=VERTEX_POINT('',#2279);
#2281=CARTESIAN_POINT('',(2.185211633663E1,1.840259900990E1,1.375E0));
#2282=VERTEX_POINT('',#2281);
#2283=CARTESIAN_POINT('',(2.185211633663E1,1.840259900990E1,8.75E-1));
#2284=VERTEX_POINT('',#2283);
#2285=CARTESIAN_POINT('',(2.145711633663E1,1.840259900990E1,8.75E-1));
#2286=VERTEX_POINT('',#2285);
#2287=CARTESIAN_POINT('',(2.145711633663E1,1.840259900990E1,-1.375000000002E0));
#2288=VERTEX_POINT('',#2287);
#2289=CARTESIAN_POINT('',(2.190711633663E1,1.840259900990E1,-1.375000000003E0));
#2290=VERTEX_POINT('',#2289);
#2291=CARTESIAN_POINT('',(2.190711633663E1,1.840259900990E1,
-1.750000000001E-1));
#2292=VERTEX_POINT('',#2291);
#2293=CARTESIAN_POINT('',(2.190711633663E1,1.820259900990E1,
-1.750000000001E-1));
#2294=VERTEX_POINT('',#2293);
#2295=CARTESIAN_POINT('',(2.185211633663E1,1.820259900990E1,
-1.750000000001E-1));
#2296=VERTEX_POINT('',#2295);
#2297=CARTESIAN_POINT('',(2.185211633663E1,1.778259900990E1,
-1.750000000001E-1));
#2298=VERTEX_POINT('',#2297);
#2299=CARTESIAN_POINT('',(2.168211633663E1,1.778259900990E1,
-1.750000000001E-1));
#2300=VERTEX_POINT('',#2299);
#2301=CARTESIAN_POINT('',(2.168211633663E1,1.820259900990E1,
-1.750000000001E-1));
#2302=VERTEX_POINT('',#2301);
#2303=CARTESIAN_POINT('',(2.165711633663E1,1.820259900990E1,
-1.750000000001E-1));
#2304=VERTEX_POINT('',#2303);
#2305=CARTESIAN_POINT('',(2.227711633663E1,1.834259900990E1,
-1.750000000001E-1));
#2306=VERTEX_POINT('',#2305);
#2307=CARTESIAN_POINT('',(2.227711633663E1,1.834259900990E1,
-4.250000000001E-1));
#2308=VERTEX_POINT('',#2307);
#2309=CARTESIAN_POINT('',(2.258711633663E1,1.834259900990E1,
-4.249999999999E-1));
#2310=VERTEX_POINT('',#2309);
#2311=CARTESIAN_POINT('',(2.262211633664E1,1.834259900990E1,
-3.250000000007E-1));
#2312=VERTEX_POINT('',#2311);
#2313=CARTESIAN_POINT('',(2.192711633663E1,1.855259900988E1,
-4.750000000446E-1));
#2314=CARTESIAN_POINT('',(2.192711633663E1,1.782759900988E1,
-4.750000000446E-1));
#2315=VERTEX_POINT('',#2313);
#2316=VERTEX_POINT('',#2314);
#2317=CARTESIAN_POINT('',(2.167711633663E1,1.855259900988E1,
-4.750000000446E-1));
#2318=VERTEX_POINT('',#2317);
#2319=CARTESIAN_POINT('',(2.167711633663E1,1.900259900988E1,
-4.750000000446E-1));
#2320=VERTEX_POINT('',#2319);
#2321=CARTESIAN_POINT('',(2.263211633663E1,1.827156686583E1,
-4.750000000439E-1));
#2322=CARTESIAN_POINT('',(2.263211633663E1,1.807108114990E1,
-4.750000000444E-1));
#2323=VERTEX_POINT('',#2321);
#2324=VERTEX_POINT('',#2322);
#2325=CARTESIAN_POINT('',(2.167711633663E1,1.900259900988E1,
-9.250000000446E-1));
#2326=VERTEX_POINT('',#2325);
#2327=CARTESIAN_POINT('',(2.167711633663E1,1.880259900988E1,
-9.250000000447E-1));
#2328=VERTEX_POINT('',#2327);
#2329=CARTESIAN_POINT('',(2.167711633663E1,1.877614996278E1,-1.075000000044E0));
#2330=VERTEX_POINT('',#2329);
#2331=CARTESIAN_POINT('',(2.167711633663E1,1.877614996278E1,-1.150000000045E0));
#2332=VERTEX_POINT('',#2331);
#2333=CARTESIAN_POINT('',(2.167711633663E1,1.855259900988E1,-1.150000000044E0));
#2334=VERTEX_POINT('',#2333);
#2335=CARTESIAN_POINT('',(2.192711633663E1,1.855259900988E1,-1.150000000042E0));
#2336=VERTEX_POINT('',#2335);
#2337=CARTESIAN_POINT('',(2.192711633663E1,1.800259900988E1,-1.150000000035E0));
#2338=VERTEX_POINT('',#2337);
#2339=CARTESIAN_POINT('',(2.224711633663E1,1.800259900988E1,-1.150000000042E0));
#2340=VERTEX_POINT('',#2339);
#2341=CARTESIAN_POINT('',(2.224711633663E1,1.790259900989E1,-1.150000000044E0));
#2342=VERTEX_POINT('',#2341);
#2343=CARTESIAN_POINT('',(2.263211633663E1,1.825019682902E1,-1.150000000045E0));
#2344=CARTESIAN_POINT('',(2.263211633663E1,1.805929898104E1,-1.150000000045E0));
#2345=VERTEX_POINT('',#2343);
#2346=VERTEX_POINT('',#2344);
#2347=CARTESIAN_POINT('',(2.224711633663E1,1.780259901008E1,-1.200000000010E0));
#2348=VERTEX_POINT('',#2347);
#2349=CARTESIAN_POINT('',(2.167711633663E1,1.780259900997E1,-1.200000000006E0));
#2350=VERTEX_POINT('',#2349);
#2351=CARTESIAN_POINT('',(2.167711633663E1,1.767759900990E1,-1.075000000265E0));
#2352=VERTEX_POINT('',#2351);
#2353=CARTESIAN_POINT('',(2.224711633663E1,1.767759900991E1,-1.074999999937E0));
#2354=VERTEX_POINT('',#2353);
#2355=CARTESIAN_POINT('',(2.224711633663E1,1.769434583440E1,-1.012500000038E0));
#2356=VERTEX_POINT('',#2355);
#2357=CARTESIAN_POINT('',(2.224711633663E1,1.772759900988E1,
-9.549038106067E-1));
#2358=VERTEX_POINT('',#2357);
#2359=CARTESIAN_POINT('',(2.224711633663E1,1.772759900988E1,
-8.750000000447E-1));
#2360=VERTEX_POINT('',#2359);
#2361=CARTESIAN_POINT('',(2.192711633663E1,1.772759900988E1,
-8.750000000447E-1));
#2362=VERTEX_POINT('',#2361);
#2363=CARTESIAN_POINT('',(2.192711633663E1,1.772759900988E1,
-5.750000000449E-1));
#2364=VERTEX_POINT('',#2363);
#2365=CARTESIAN_POINT('',(2.263211633663E1,1.772759900988E1,
-5.750000000449E-1));
#2366=VERTEX_POINT('',#2365);
#2367=CARTESIAN_POINT('',(2.263211633663E1,1.772759900988E1,
-8.982050807899E-1));
#2368=VERTEX_POINT('',#2367);
#2369=CARTESIAN_POINT('',(2.263211633663E1,1.774571887695E1,
-5.568801329768E-1));
#2370=VERTEX_POINT('',#2369);
#2371=CARTESIAN_POINT('',(2.278211633663E1,1.769769519930E1,
-9.500000000030E-1));
#2372=CARTESIAN_POINT('',(2.278211633663E1,1.767759900990E1,-1.025000000045E0));
#2373=VERTEX_POINT('',#2371);
#2374=VERTEX_POINT('',#2372);
#2375=CARTESIAN_POINT('',(2.278211633663E1,1.767759900989E1,-1.075000000278E0));
#2376=VERTEX_POINT('',#2375);
#2377=CARTESIAN_POINT('',(2.278211633663E1,1.775259901018E1,-1.204903810745E0));
#2378=VERTEX_POINT('',#2377);
#2379=CARTESIAN_POINT('',(2.278211633663E1,1.778759900990E1,-1.225111069982E0));
#2380=VERTEX_POINT('',#2379);
#2381=CARTESIAN_POINT('',(2.278211633663E1,1.779978824353E1,-1.263770379943E0));
#2382=VERTEX_POINT('',#2381);
#2383=CARTESIAN_POINT('',(2.278211633663E1,1.772696823121E1,-1.419933400267E0));
#2384=VERTEX_POINT('',#2383);
#2385=CARTESIAN_POINT('',(2.278211633663E1,1.771759900990E1,-1.462195226501E0));
#2386=VERTEX_POINT('',#2385);
#2387=CARTESIAN_POINT('',(2.278211633663E1,1.771759900990E1,-1.740000000003E0));
#2388=VERTEX_POINT('',#2387);
#2389=CARTESIAN_POINT('',(2.278211633663E1,1.751759900990E1,-1.740000000003E0));
#2390=VERTEX_POINT('',#2389);
#2391=CARTESIAN_POINT('',(2.278211633663E1,1.751759900990E1,-1.675000000001E0));
#2392=VERTEX_POINT('',#2391);
#2393=CARTESIAN_POINT('',(2.278211633663E1,1.746759900990E1,-1.625E0));
#2394=VERTEX_POINT('',#2393);
#2395=CARTESIAN_POINT('',(2.278211633663E1,1.743259900990E1,-1.625E0));
#2396=VERTEX_POINT('',#2395);
#2397=CARTESIAN_POINT('',(2.278211633663E1,1.738259900990E1,-1.575E0));
#2398=VERTEX_POINT('',#2397);
#2399=CARTESIAN_POINT('',(2.278211633663E1,1.738259900990E1,-1.305E0));
#2400=VERTEX_POINT('',#2399);
#2401=CARTESIAN_POINT('',(2.278211633663E1,1.743059900986E1,-1.305E0));
#2402=VERTEX_POINT('',#2401);
#2403=CARTESIAN_POINT('',(2.278211633663E1,1.770259900988E1,
-5.142820322897E-1));
#2404=CARTESIAN_POINT('',(2.278211633663E1,1.771259900988E1,
-5.200555349849E-1));
#2405=VERTEX_POINT('',#2403);
#2406=VERTEX_POINT('',#2404);
#2407=CARTESIAN_POINT('',(2.263211633663E1,1.769769519929E1,
-9.500000000159E-1));
#2408=VERTEX_POINT('',#2407);
#2409=CARTESIAN_POINT('',(2.263211633663E1,1.771259900986E1,
-5.200555349723E-1));
#2410=VERTEX_POINT('',#2409);
#2411=CARTESIAN_POINT('',(2.263211633663E1,1.770259900987E1,
-5.142820322826E-1));
#2412=VERTEX_POINT('',#2411);
#2413=CARTESIAN_POINT('',(2.263211633663E1,1.743059900986E1,-1.305E0));
#2414=VERTEX_POINT('',#2413);
#2415=CARTESIAN_POINT('',(2.263211633663E1,1.738259900990E1,-1.305E0));
#2416=VERTEX_POINT('',#2415);
#2417=CARTESIAN_POINT('',(2.263211633663E1,1.738259900990E1,-1.575E0));
#2418=VERTEX_POINT('',#2417);
#2419=CARTESIAN_POINT('',(2.263211633663E1,1.743259900990E1,-1.625E0));
#2420=VERTEX_POINT('',#2419);
#2421=CARTESIAN_POINT('',(2.263211633663E1,1.746759900990E1,-1.625E0));
#2422=VERTEX_POINT('',#2421);
#2423=CARTESIAN_POINT('',(2.263211633663E1,1.751759900990E1,-1.675E0));
#2424=VERTEX_POINT('',#2423);
#2425=CARTESIAN_POINT('',(2.263211633663E1,1.751759900990E1,-1.739999999999E0));
#2426=VERTEX_POINT('',#2425);
#2427=CARTESIAN_POINT('',(2.263211633663E1,1.771759900990E1,-1.739999999999E0));
#2428=VERTEX_POINT('',#2427);
#2429=CARTESIAN_POINT('',(2.263211633663E1,1.771759900990E1,-1.462195226500E0));
#2430=VERTEX_POINT('',#2429);
#2431=CARTESIAN_POINT('',(2.263211633663E1,1.772696823119E1,-1.419933400323E0));
#2432=VERTEX_POINT('',#2431);
#2433=CARTESIAN_POINT('',(2.263211633663E1,1.779978824350E1,-1.263770379991E0));
#2434=VERTEX_POINT('',#2433);
#2435=CARTESIAN_POINT('',(2.263211633663E1,1.778759900990E1,-1.225111069986E0));
#2436=VERTEX_POINT('',#2435);
#2437=CARTESIAN_POINT('',(2.263211633663E1,1.775259901009E1,-1.204903810702E0));
#2438=VERTEX_POINT('',#2437);
#2439=CARTESIAN_POINT('',(2.263211633663E1,1.767759900989E1,-1.075000000393E0));
#2440=VERTEX_POINT('',#2439);
#2441=CARTESIAN_POINT('',(2.263211633663E1,1.767759900990E1,-1.025000000087E0));
#2442=VERTEX_POINT('',#2441);
#2443=CARTESIAN_POINT('',(2.155711633663E1,1.830259900990E1,-1.525E0));
#2444=VERTEX_POINT('',#2443);
#2445=CARTESIAN_POINT('',(2.145711633663E1,1.830259900990E1,-1.525E0));
#2446=VERTEX_POINT('',#2445);
#2447=CARTESIAN_POINT('',(2.145711633663E1,1.750259900990E1,-1.525E0));
#2448=VERTEX_POINT('',#2447);
#2449=CARTESIAN_POINT('',(2.195211633663E1,1.750259900990E1,-1.525E0));
#2450=VERTEX_POINT('',#2449);
#2451=CARTESIAN_POINT('',(2.159044966997E1,1.833593234323E1,-1.474999999999E0));
#2452=VERTEX_POINT('',#2451);
#2453=CARTESIAN_POINT('',(2.165711633663E1,1.820259900990E1,-1.375000000006E0));
#2454=VERTEX_POINT('',#2453);
#2455=CARTESIAN_POINT('',(2.159044966997E1,1.826926566990E1,-1.474999999998E0));
#2456=VERTEX_POINT('',#2455);
#2457=CARTESIAN_POINT('',(2.185711633663E1,1.833593234323E1,-1.475E0));
#2458=VERTEX_POINT('',#2457);
#2459=CARTESIAN_POINT('',(2.145711633663E1,1.750259900990E1,8.75E-1));
#2460=VERTEX_POINT('',#2459);
#2461=CARTESIAN_POINT('',(2.169211633663E1,1.768259900990E1,8.750000000002E-1));
#2462=CARTESIAN_POINT('',(2.169211633663E1,1.760259900990E1,8.750000000007E-1));
#2463=VERTEX_POINT('',#2461);
#2464=VERTEX_POINT('',#2462);
#2465=CARTESIAN_POINT('',(2.168211633663E1,1.760259900990E1,8.750000000007E-1));
#2466=VERTEX_POINT('',#2465);
#2467=CARTESIAN_POINT('',(2.168211633663E1,1.750259900990E1,8.750000000001E-1));
#2468=VERTEX_POINT('',#2467);
#2469=CARTESIAN_POINT('',(2.185211633663E1,1.830259900990E1,8.749999999996E-1));
#2470=VERTEX_POINT('',#2469);
#2471=CARTESIAN_POINT('',(2.184211633663E1,1.830259900989E1,8.750000000001E-1));
#2472=VERTEX_POINT('',#2471);
#2473=CARTESIAN_POINT('',(2.184211633663E1,1.838259900990E1,8.75E-1));
#2474=VERTEX_POINT('',#2473);
#2475=CARTESIAN_POINT('',(2.169211633663E1,1.838259900990E1,8.75E-1));
#2476=VERTEX_POINT('',#2475);
#2477=CARTESIAN_POINT('',(2.169211633663E1,1.830259900990E1,8.750000000002E-1));
#2478=VERTEX_POINT('',#2477);
#2479=CARTESIAN_POINT('',(2.158211633663E1,1.830259900990E1,8.749999999997E-1));
#2480=VERTEX_POINT('',#2479);
#2481=CARTESIAN_POINT('',(2.158211633663E1,1.768259900990E1,8.749999999997E-1));
#2482=VERTEX_POINT('',#2481);
#2483=CARTESIAN_POINT('',(2.169211633663E1,1.772259900990E1,8.750000000006E-1));
#2484=VERTEX_POINT('',#2483);
#2485=CARTESIAN_POINT('',(2.169211633663E1,1.782259900990E1,7.749999999942E-1));
#2486=VERTEX_POINT('',#2485);
#2487=CARTESIAN_POINT('',(2.169211633663E1,1.782259900990E1,6.395751311024E-1));
#2488=VERTEX_POINT('',#2487);
#2489=CARTESIAN_POINT('',(2.169211633663E1,1.779759900990E1,5.734313483775E-1));
#2490=VERTEX_POINT('',#2489);
#2491=CARTESIAN_POINT('',(2.169211633663E1,1.778259900990E1,5.508765550364E-1));
#2492=VERTEX_POINT('',#2491);
#2493=CARTESIAN_POINT('',(2.169211633663E1,1.778259900990E1,2.136985761188E-1));
#2494=VERTEX_POINT('',#2493);
#2495=CARTESIAN_POINT('',(2.169211633663E1,1.779759900990E1,1.911437827787E-1));
#2496=VERTEX_POINT('',#2495);
#2497=CARTESIAN_POINT('',(2.169211633663E1,1.782259900990E1,1.250000000008E-1));
#2498=VERTEX_POINT('',#2497);
#2499=CARTESIAN_POINT('',(2.169211633663E1,1.782259900990E1,8.571307510090E-2));
#2500=VERTEX_POINT('',#2499);
#2501=CARTESIAN_POINT('',(2.169211633663E1,1.780759900990E1,3.303480626522E-2));
#2502=VERTEX_POINT('',#2501);
#2503=CARTESIAN_POINT('',(2.169211633663E1,1.779259900990E1,
-1.964346249936E-2));
#2504=VERTEX_POINT('',#2503);
#2505=CARTESIAN_POINT('',(2.169211633663E1,1.779259900990E1,
-6.964346250038E-2));
#2506=VERTEX_POINT('',#2505);
#2507=CARTESIAN_POINT('',(2.169211633663E1,1.780759900990E1,
-1.223217312352E-1));
#2508=VERTEX_POINT('',#2507);
#2509=CARTESIAN_POINT('',(2.169211633663E1,1.782259900990E1,
-1.749999999995E-1));
#2510=VERTEX_POINT('',#2509);
#2511=CARTESIAN_POINT('',(2.169211633663E1,1.782259900990E1,
-6.950000000008E-1));
#2512=VERTEX_POINT('',#2511);
#2513=CARTESIAN_POINT('',(2.169211633663E1,1.790259900990E1,
-7.749999999994E-1));
#2514=VERTEX_POINT('',#2513);
#2515=CARTESIAN_POINT('',(2.169211633663E1,1.794259900990E1,
-7.749999999993E-1));
#2516=VERTEX_POINT('',#2515);
#2517=CARTESIAN_POINT('',(2.169211633663E1,1.802259900990E1,
-8.549999999993E-1));
#2518=VERTEX_POINT('',#2517);
#2519=CARTESIAN_POINT('',(2.169211633663E1,1.802259900990E1,-1.424999999983E0));
#2520=VERTEX_POINT('',#2519);
#2521=CARTESIAN_POINT('',(2.169211633663E1,1.812259900993E1,-1.524999999998E0));
#2522=VERTEX_POINT('',#2521);
#2523=CARTESIAN_POINT('',(2.169211633663E1,1.815259900990E1,-1.525000000001E0));
#2524=VERTEX_POINT('',#2523);
#2525=CARTESIAN_POINT('',(2.169211633663E1,1.816051033799E1,-1.508270373858E0));
#2526=VERTEX_POINT('',#2525);
#2527=CARTESIAN_POINT('',(2.169211633663E1,1.819656827198E1,-1.409202014354E0));
#2528=VERTEX_POINT('',#2527);
#2529=CARTESIAN_POINT('',(2.169211633663E1,1.820259900990E1,-1.375000000064E0));
#2530=VERTEX_POINT('',#2529);
#2531=CARTESIAN_POINT('',(2.169211633663E1,1.820259900990E1,7.250000000010E-1));
#2532=VERTEX_POINT('',#2531);
#2533=CARTESIAN_POINT('',(2.169211633663E1,1.820259900990E1,7.749999999974E-1));
#2534=VERTEX_POINT('',#2533);
#2535=CARTESIAN_POINT('',(2.169211633663E1,1.838259900990E1,1.275000000001E0));
#2536=VERTEX_POINT('',#2535);
#2537=CARTESIAN_POINT('',(2.169211633663E1,1.828259900990E1,1.375000000001E0));
#2538=VERTEX_POINT('',#2537);
#2539=CARTESIAN_POINT('',(2.169211633663E1,1.818259900990E1,1.375000000001E0));
#2540=VERTEX_POINT('',#2539);
#2541=CARTESIAN_POINT('',(2.169211633663E1,1.808892403992E1,1.440000000003E0));
#2542=VERTEX_POINT('',#2541);
#2543=CARTESIAN_POINT('',(2.169211633663E1,1.783259900990E1,1.440000000002E0));
#2544=VERTEX_POINT('',#2543);
#2545=CARTESIAN_POINT('',(2.169211633663E1,1.783259900990E1,1.375000000001E0));
#2546=VERTEX_POINT('',#2545);
#2547=CARTESIAN_POINT('',(2.169211633663E1,1.773259900990E1,1.275000000001E0));
#2548=VERTEX_POINT('',#2547);
#2549=CARTESIAN_POINT('',(2.169211633663E1,1.748259900990E1,1.275000000001E0));
#2550=VERTEX_POINT('',#2549);
#2551=CARTESIAN_POINT('',(2.169211633663E1,1.738259900990E1,1.175000000003E0));
#2552=VERTEX_POINT('',#2551);
#2553=CARTESIAN_POINT('',(2.169211633663E1,1.738259900990E1,7.750000000010E-1));
#2554=VERTEX_POINT('',#2553);
#2555=CARTESIAN_POINT('',(2.169211633663E1,1.744939392921E1,7.750000000010E-1));
#2556=VERTEX_POINT('',#2555);
#2557=CARTESIAN_POINT('',(2.169211633663E1,1.753599647089E1,8.250000023752E-1));
#2558=VERTEX_POINT('',#2557);
#2559=CARTESIAN_POINT('',(2.169211633663E1,1.760127053103E1,8.726990071047E-1));
#2560=VERTEX_POINT('',#2559);
#2561=CARTESIAN_POINT('',(2.184211633663E1,1.768259900990E1,8.750000000002E-1));
#2562=VERTEX_POINT('',#2561);
#2563=CARTESIAN_POINT('',(2.184211633663E1,1.772259900990E1,8.750000000006E-1));
#2564=VERTEX_POINT('',#2563);
#2565=CARTESIAN_POINT('',(2.168211633663E1,1.778259900990E1,7.250000000008E-1));
#2566=VERTEX_POINT('',#2565);
#2567=CARTESIAN_POINT('',(2.185211633663E1,1.778259900990E1,7.250000000010E-1));
#2568=VERTEX_POINT('',#2567);
#2569=CARTESIAN_POINT('',(2.185211633663E1,1.768259900990E1,8.75E-1));
#2570=VERTEX_POINT('',#2569);
#2571=CARTESIAN_POINT('',(2.168211633663E1,1.820259900990E1,7.250000000009E-1));
#2572=VERTEX_POINT('',#2571);
#2573=CARTESIAN_POINT('',(2.185211633663E1,1.820259900990E1,7.250000000009E-1));
#2574=VERTEX_POINT('',#2573);
#2575=CARTESIAN_POINT('',(2.184211633663E1,1.820259900990E1,7.250000000010E-1));
#2576=VERTEX_POINT('',#2575);
#2577=CARTESIAN_POINT('',(2.184211633663E1,1.820259900990E1,7.749999999981E-1));
#2578=VERTEX_POINT('',#2577);
#2579=CARTESIAN_POINT('',(2.184211633663E1,1.760259900990E1,8.750000000008E-1));
#2580=VERTEX_POINT('',#2579);
#2581=CARTESIAN_POINT('',(2.184211633663E1,1.760127053103E1,8.726990071047E-1));
#2582=VERTEX_POINT('',#2581);
#2583=CARTESIAN_POINT('',(2.184211633663E1,1.753599646954E1,8.250000000317E-1));
#2584=VERTEX_POINT('',#2583);
#2585=CARTESIAN_POINT('',(2.184211633663E1,1.744939392948E1,7.750000000009E-1));
#2586=VERTEX_POINT('',#2585);
#2587=CARTESIAN_POINT('',(2.184211633663E1,1.738259900990E1,7.750000000010E-1));
#2588=VERTEX_POINT('',#2587);
#2589=CARTESIAN_POINT('',(2.184211633663E1,1.738259900990E1,1.175000000002E0));
#2590=VERTEX_POINT('',#2589);
#2591=CARTESIAN_POINT('',(2.184211633663E1,1.748259900990E1,1.275000000001E0));
#2592=VERTEX_POINT('',#2591);
#2593=CARTESIAN_POINT('',(2.184211633663E1,1.773259900990E1,1.275000000001E0));
#2594=VERTEX_POINT('',#2593);
#2595=CARTESIAN_POINT('',(2.184211633663E1,1.783259900990E1,1.375000000001E0));
#2596=VERTEX_POINT('',#2595);
#2597=CARTESIAN_POINT('',(2.184211633663E1,1.783259900990E1,1.44E0));
#2598=VERTEX_POINT('',#2597);
#2599=CARTESIAN_POINT('',(2.184211633663E1,1.808892403992E1,1.440000000001E0));
#2600=VERTEX_POINT('',#2599);
#2601=CARTESIAN_POINT('',(2.184211633663E1,1.818259900990E1,1.375000000001E0));
#2602=VERTEX_POINT('',#2601);
#2603=CARTESIAN_POINT('',(2.184211633663E1,1.828259900990E1,1.375000000001E0));
#2604=VERTEX_POINT('',#2603);
#2605=CARTESIAN_POINT('',(2.184211633663E1,1.838259900990E1,1.275000000001E0));
#2606=VERTEX_POINT('',#2605);
#2607=CARTESIAN_POINT('',(2.184211633663E1,1.820259900990E1,-1.375000000014E0));
#2608=VERTEX_POINT('',#2607);
#2609=CARTESIAN_POINT('',(2.184211633663E1,1.819656827197E1,-1.409202014379E0));
#2610=VERTEX_POINT('',#2609);
#2611=CARTESIAN_POINT('',(2.184211633663E1,1.816051033794E1,-1.508270373983E0));
#2612=VERTEX_POINT('',#2611);
#2613=CARTESIAN_POINT('',(2.184211633663E1,1.815259900991E1,-1.525E0));
#2614=VERTEX_POINT('',#2613);
#2615=CARTESIAN_POINT('',(2.184211633663E1,1.812259900993E1,-1.524999999999E0));
#2616=VERTEX_POINT('',#2615);
#2617=CARTESIAN_POINT('',(2.184211633663E1,1.802259900990E1,-1.424999999975E0));
#2618=VERTEX_POINT('',#2617);
#2619=CARTESIAN_POINT('',(2.184211633663E1,1.802259900990E1,
-8.549999999990E-1));
#2620=VERTEX_POINT('',#2619);
#2621=CARTESIAN_POINT('',(2.184211633663E1,1.794259900990E1,
-7.749999999993E-1));
#2622=VERTEX_POINT('',#2621);
#2623=CARTESIAN_POINT('',(2.184211633663E1,1.790259900990E1,
-7.749999999993E-1));
#2624=VERTEX_POINT('',#2623);
#2625=CARTESIAN_POINT('',(2.184211633663E1,1.782259900990E1,
-6.950000000016E-1));
#2626=VERTEX_POINT('',#2625);
#2627=CARTESIAN_POINT('',(2.184211633663E1,1.782259900990E1,
-1.749999999992E-1));
#2628=VERTEX_POINT('',#2627);
#2629=CARTESIAN_POINT('',(2.184211633663E1,1.780759900990E1,
-1.223217312352E-1));
#2630=VERTEX_POINT('',#2629);
#2631=CARTESIAN_POINT('',(2.184211633663E1,1.779259900990E1,
-6.964346250137E-2));
#2632=VERTEX_POINT('',#2631);
#2633=CARTESIAN_POINT('',(2.184211633663E1,1.779259900990E1,
-1.964346249924E-2));
#2634=VERTEX_POINT('',#2633);
#2635=CARTESIAN_POINT('',(2.184211633663E1,1.780759900990E1,3.303480626524E-2));
#2636=VERTEX_POINT('',#2635);
#2637=CARTESIAN_POINT('',(2.184211633663E1,1.782259900990E1,8.571307510089E-2));
#2638=VERTEX_POINT('',#2637);
#2639=CARTESIAN_POINT('',(2.184211633663E1,1.782259900990E1,1.250000000008E-1));
#2640=VERTEX_POINT('',#2639);
#2641=CARTESIAN_POINT('',(2.184211633663E1,1.779759900990E1,1.911437827777E-1));
#2642=VERTEX_POINT('',#2641);
#2643=CARTESIAN_POINT('',(2.184211633663E1,1.778259900990E1,2.136985761188E-1));
#2644=VERTEX_POINT('',#2643);
#2645=CARTESIAN_POINT('',(2.184211633663E1,1.778259900990E1,5.508765550364E-1));
#2646=VERTEX_POINT('',#2645);
#2647=CARTESIAN_POINT('',(2.184211633663E1,1.779759900990E1,5.734313483769E-1));
#2648=VERTEX_POINT('',#2647);
#2649=CARTESIAN_POINT('',(2.184211633663E1,1.782259900990E1,6.395751311041E-1));
#2650=VERTEX_POINT('',#2649);
#2651=CARTESIAN_POINT('',(2.184211633663E1,1.782259900990E1,7.749999999969E-1));
#2652=VERTEX_POINT('',#2651);
#2653=CARTESIAN_POINT('',(2.185211633663E1,1.760259900990E1,8.750000000007E-1));
#2654=VERTEX_POINT('',#2653);
#2655=CARTESIAN_POINT('',(2.185211633663E1,1.754486398298E1,7.749999999992E-1));
#2656=CARTESIAN_POINT('',(2.185211633663E1,1.750259900990E1,7.749999999998E-1));
#2657=VERTEX_POINT('',#2655);
#2658=VERTEX_POINT('',#2656);
#2659=CARTESIAN_POINT('',(2.185211633663E1,1.750259900990E1,1.375E0));
#2660=VERTEX_POINT('',#2659);
#2661=CARTESIAN_POINT('',(2.168211633663E1,1.750259900990E1,7.749999999998E-1));
#2662=VERTEX_POINT('',#2661);
#2663=CARTESIAN_POINT('',(2.168211633663E1,1.754486398298E1,7.749999999992E-1));
#2664=VERTEX_POINT('',#2663);
#2665=CARTESIAN_POINT('',(2.180711633663E1,1.783259900990E1,1.475000000002E0));
#2666=CARTESIAN_POINT('',(2.172711633663E1,1.783259900990E1,1.475000000001E0));
#2667=VERTEX_POINT('',#2665);
#2668=VERTEX_POINT('',#2666);
#2669=CARTESIAN_POINT('',(2.180711633663E1,1.808259900990E1,1.475000000002E0));
#2670=CARTESIAN_POINT('',(2.172711633663E1,1.808259900990E1,1.475000000001E0));
#2671=VERTEX_POINT('',#2669);
#2672=VERTEX_POINT('',#2670);
#2673=CARTESIAN_POINT('',(2.190711633663E1,1.820259900990E1,-1.375000000006E0));
#2674=VERTEX_POINT('',#2673);
#2675=CARTESIAN_POINT('',(2.185711633663E1,1.826926566990E1,-1.474999999999E0));
#2676=VERTEX_POINT('',#2675);
#2677=CARTESIAN_POINT('',(2.274711633663E1,1.751759900990E1,-1.775E0));
#2678=VERTEX_POINT('',#2677);
#2679=CARTESIAN_POINT('',(2.266711633663E1,1.751759900990E1,-1.774999999999E0));
#2680=VERTEX_POINT('',#2679);
#2681=CARTESIAN_POINT('',(2.274711633663E1,1.771759900990E1,-1.775E0));
#2682=VERTEX_POINT('',#2681);
#2683=CARTESIAN_POINT('',(2.266711633663E1,1.771759900990E1,-1.774999999999E0));
#2684=VERTEX_POINT('',#2683);
#2685=CARTESIAN_POINT('',(2.192711633663E1,1.785259900988E1,
-8.750000000448E-1));
#2686=VERTEX_POINT('',#2685);
#2687=CARTESIAN_POINT('',(2.192711633663E1,1.800259900988E1,-1.025000000042E0));
#2688=VERTEX_POINT('',#2687);
#2689=CARTESIAN_POINT('',(2.224711633663E1,1.767759900991E1,
-8.750000000447E-1));
#2690=VERTEX_POINT('',#2689);
#2691=CARTESIAN_POINT('',(2.167711633663E1,1.767759900991E1,
-8.750000000447E-1));
#2692=VERTEX_POINT('',#2691);
#2693=CARTESIAN_POINT('',(2.167711633663E1,1.785259900988E1,
-8.750000000448E-1));
#2694=VERTEX_POINT('',#2693);
#2695=CARTESIAN_POINT('',(2.167711633663E1,1.795259900984E1,-1.200000000002E0));
#2696=VERTEX_POINT('',#2695);
#2697=CARTESIAN_POINT('',(2.167711633663E1,1.800259900988E1,-1.150000000054E0));
#2698=VERTEX_POINT('',#2697);
#2699=CARTESIAN_POINT('',(2.167711633663E1,1.800259900988E1,-1.025000000045E0));
#2700=VERTEX_POINT('',#2699);
#2701=CARTESIAN_POINT('',(2.224711633663E1,1.795259900984E1,-1.200000000002E0));
#2702=VERTEX_POINT('',#2701);
#2703=CARTESIAN_POINT('',(2.278211633663E1,1.821750567639E1,-1.219680830616E0));
#2704=CARTESIAN_POINT('',(2.278211633663E1,1.816090123206E1,-1.287139380478E0));
#2705=VERTEX_POINT('',#2703);
#2706=VERTEX_POINT('',#2704);
#2707=CARTESIAN_POINT('',(2.278211633663E1,1.812259900990E1,-1.305E0));
#2708=VERTEX_POINT('',#2707);
#2709=CARTESIAN_POINT('',(2.278211633663E1,1.811259900990E1,-1.305E0));
#2710=VERTEX_POINT('',#2709);
#2711=CARTESIAN_POINT('',(2.278211633663E1,1.805208490699E1,-1.199814159818E0));
#2712=VERTEX_POINT('',#2711);
#2713=CARTESIAN_POINT('',(2.278211633663E1,1.805885293369E1,-1.175554034509E0));
#2714=VERTEX_POINT('',#2713);
#2715=CARTESIAN_POINT('',(2.263211633663E1,1.821750567638E1,-1.219680830621E0));
#2716=VERTEX_POINT('',#2715);
#2717=CARTESIAN_POINT('',(2.263211633663E1,1.805885293370E1,-1.175554034709E0));
#2718=VERTEX_POINT('',#2717);
#2719=CARTESIAN_POINT('',(2.263211633663E1,1.805208490701E1,-1.199814159832E0));
#2720=VERTEX_POINT('',#2719);
#2721=CARTESIAN_POINT('',(2.263211633663E1,1.811259900990E1,-1.305E0));
#2722=VERTEX_POINT('',#2721);
#2723=CARTESIAN_POINT('',(2.263211633663E1,1.812259900990E1,-1.305E0));
#2724=VERTEX_POINT('',#2723);
#2725=CARTESIAN_POINT('',(2.263211633663E1,1.816090123206E1,-1.287139380481E0));
#2726=VERTEX_POINT('',#2725);
#2727=CARTESIAN_POINT('',(2.263211633663E1,1.768040522943E1,
-3.250000000023E-1));
#2728=VERTEX_POINT('',#2727);
#2729=CARTESIAN_POINT('',(2.263211633663E1,1.831234250010E1,
-3.250000000023E-1));
#2730=CARTESIAN_POINT('',(2.263211633663E1,1.806774395891E1,
-3.250000000027E-1));
#2731=VERTEX_POINT('',#2729);
#2732=VERTEX_POINT('',#2730);
#2733=CARTESIAN_POINT('',(2.278211633663E1,1.830872517949E1,
-3.454057914353E-1));
#2734=CARTESIAN_POINT('',(2.278211633663E1,1.827196816011E1,
-4.735927516532E-1));
#2735=VERTEX_POINT('',#2733);
#2736=VERTEX_POINT('',#2734);
#2737=CARTESIAN_POINT('',(2.263211633663E1,1.807304756816E1,
-3.623439737490E-1));
#2738=VERTEX_POINT('',#2737);
#2739=CARTESIAN_POINT('',(2.278211633663E1,1.807304607282E1,
-3.624296417168E-1));
#2740=VERTEX_POINT('',#2739);
#2741=CARTESIAN_POINT('',(2.263211633663E1,1.827196815643E1,
-4.735927644823E-1));
#2742=VERTEX_POINT('',#2741);
#2743=CARTESIAN_POINT('',(2.263211633663E1,1.830872517948E1,
-3.454057914546E-1));
#2744=VERTEX_POINT('',#2743);
#2745=VERTEX_POINT('',#151);
#2746=VERTEX_POINT('',#156);
#2747=CARTESIAN_POINT('',(2.278211633663E1,1.805259900990E1,1.028255000002E0));
#2748=VERTEX_POINT('',#2747);
#2749=CARTESIAN_POINT('',(2.278211633663E1,1.805730271858E1,1.045809479721E0));
#2750=VERTEX_POINT('',#2749);
#2751=CARTESIAN_POINT('',(2.278211633663E1,1.806729678767E1,1.065007907961E0));
#2752=VERTEX_POINT('',#2751);
#2753=CARTESIAN_POINT('',(2.263211633663E1,1.809500435775E1,9.747172639091E-1));
#2754=VERTEX_POINT('',#2753);
#2755=CARTESIAN_POINT('',(2.263211633663E1,1.806729678770E1,1.065007907995E0));
#2756=VERTEX_POINT('',#2755);
#2757=CARTESIAN_POINT('',(2.263211633663E1,1.805730271859E1,1.045809479778E0));
#2758=VERTEX_POINT('',#2757);
#2759=CARTESIAN_POINT('',(2.263211633663E1,1.805259900990E1,1.028255000001E0));
#2760=VERTEX_POINT('',#2759);
#2761=CARTESIAN_POINT('',(2.263211633663E1,1.806617092174E1,1.021926313559E0));
#2762=VERTEX_POINT('',#2761);
#2763=CARTESIAN_POINT('',(2.278211633663E1,1.766759900990E1,1.005000000024E0));
#2764=CARTESIAN_POINT('',(2.278211633663E1,1.766759900990E1,1.139641016155E0));
#2765=VERTEX_POINT('',#2763);
#2766=VERTEX_POINT('',#2764);
#2767=CARTESIAN_POINT('',(2.278211633663E1,1.766759900990E1,8.416987299934E-1));
#2768=VERTEX_POINT('',#2767);
#2769=CARTESIAN_POINT('',(2.278211633663E1,1.767429773969E1,8.166987300275E-1));
#2770=VERTEX_POINT('',#2769);
#2771=CARTESIAN_POINT('',(2.278211633663E1,1.769259900990E1,7.849999999973E-1));
#2772=VERTEX_POINT('',#2771);
#2773=CARTESIAN_POINT('',(2.278211633663E1,1.768759900991E1,7.821132486664E-1));
#2774=VERTEX_POINT('',#2773);
#2775=CARTESIAN_POINT('',(2.278211633663E1,1.767259900990E1,7.561324865468E-1));
#2776=VERTEX_POINT('',#2775);
#2777=CARTESIAN_POINT('',(2.263211633663E1,1.766759900990E1,1.139641016152E0));
#2778=VERTEX_POINT('',#2777);
#2779=CARTESIAN_POINT('',(2.267809709873E1,1.771357977200E1,1.060000000031E0));
#2780=VERTEX_POINT('',#2779);
#2781=CARTESIAN_POINT('',(2.273613557452E1,1.771357977200E1,1.060000000020E0));
#2782=VERTEX_POINT('',#2781);
#2783=CARTESIAN_POINT('',(2.263211633663E1,1.767259900990E1,7.561324865467E-1));
#2784=VERTEX_POINT('',#2783);
#2785=CARTESIAN_POINT('',(2.263211633663E1,1.768759900992E1,7.821132486740E-1));
#2786=VERTEX_POINT('',#2785);
#2787=CARTESIAN_POINT('',(2.263211633663E1,1.769259900990E1,7.849999999984E-1));
#2788=VERTEX_POINT('',#2787);
#2789=CARTESIAN_POINT('',(2.263211633663E1,1.767429773964E1,8.166987301084E-1));
#2790=VERTEX_POINT('',#2789);
#2791=CARTESIAN_POINT('',(2.263211633663E1,1.766759900990E1,8.416987299975E-1));
#2792=VERTEX_POINT('',#2791);
#2793=CARTESIAN_POINT('',(2.263211633663E1,1.766759900990E1,1.005000000011E0));
#2794=VERTEX_POINT('',#2793);
#2795=VERTEX_POINT('',#583);
#2796=CARTESIAN_POINT('',(2.266211633663E1,1.769759900990E1,1.035E0));
#2797=VERTEX_POINT('',#2796);
#2798=VERTEX_POINT('',#2070);
#2799=CARTESIAN_POINT('',(2.273211633663E1,1.771759900990E1,1.035E0));
#2800=VERTEX_POINT('',#2799);
#2801=VERTEX_POINT('',#2082);
#2802=CARTESIAN_POINT('',(2.268211633663E1,1.771759900990E1,1.035E0));
#2803=VERTEX_POINT('',#2802);
#2804=CARTESIAN_POINT('',(2.278211633663E1,1.766259900990E1,
-3.753183234132E-1));
#2805=CARTESIAN_POINT('',(2.278211633663E1,1.766259900990E1,
-4.449999999972E-1));
#2806=VERTEX_POINT('',#2804);
#2807=VERTEX_POINT('',#2805);
#2808=CARTESIAN_POINT('',(2.278211633663E1,1.745259900990E1,-1.025E0));
#2809=CARTESIAN_POINT('',(2.278211633663E1,1.745259900990E1,-1.311593413849E0));
#2810=VERTEX_POINT('',#2808);
#2811=VERTEX_POINT('',#2809);
#2812=CARTESIAN_POINT('',(2.278211633663E1,1.740259900990E1,-1.025E0));
#2813=VERTEX_POINT('',#2812);
#2814=CARTESIAN_POINT('',(2.278211633663E1,1.740259900990E1,1.525E0));
#2815=VERTEX_POINT('',#2814);
#2816=CARTESIAN_POINT('',(2.278211633663E1,1.756259900990E1,1.525E0));
#2817=VERTEX_POINT('',#2816);
#2818=CARTESIAN_POINT('',(2.278211633663E1,1.766259900990E1,1.324999999997E0));
#2819=VERTEX_POINT('',#2818);
#2820=CARTESIAN_POINT('',(2.278211633663E1,1.766259900990E1,1.148301270193E0));
#2821=VERTEX_POINT('',#2820);
#2822=CARTESIAN_POINT('',(2.278211633663E1,1.806882365399E1,2.25E-1));
#2823=CARTESIAN_POINT('',(2.278211633663E1,1.767259900990E1,2.25E-1));
#2824=VERTEX_POINT('',#2822);
#2825=VERTEX_POINT('',#2823);
#2826=CARTESIAN_POINT('',(2.278211633663E1,1.810259900990E1,1.107079458088E0));
#2827=CARTESIAN_POINT('',(2.278211633663E1,1.810259900990E1,1.324999999997E0));
#2828=VERTEX_POINT('',#2826);
#2829=VERTEX_POINT('',#2827);
#2830=CARTESIAN_POINT('',(2.278211633663E1,1.820259900990E1,1.425E0));
#2831=VERTEX_POINT('',#2830);
#2832=CARTESIAN_POINT('',(2.278211633663E1,1.840259900990E1,1.425E0));
#2833=VERTEX_POINT('',#2832);
#2834=CARTESIAN_POINT('',(2.278211633663E1,1.840259900990E1,
-1.750000000001E-1));
#2835=VERTEX_POINT('',#2834);
#2836=CARTESIAN_POINT('',(2.278211633663E1,1.834259900990E1,
-1.750000000001E-1));
#2837=VERTEX_POINT('',#2836);
#2838=CARTESIAN_POINT('',(2.278211633663E1,1.834259900990E1,
-3.250000000023E-1));
#2839=VERTEX_POINT('',#2838);
#2840=CARTESIAN_POINT('',(2.278211633663E1,1.900259900988E1,
-4.750000000446E-1));
#2841=CARTESIAN_POINT('',(2.278211633663E1,1.827156686583E1,
-4.750000000446E-1));
#2842=VERTEX_POINT('',#2840);
#2843=VERTEX_POINT('',#2841);
#2844=CARTESIAN_POINT('',(2.278211633663E1,1.807108114990E1,
-4.750000000446E-1));
#2845=CARTESIAN_POINT('',(2.278211633663E1,1.782759900988E1,
-4.750000000446E-1));
#2846=VERTEX_POINT('',#2844);
#2847=VERTEX_POINT('',#2845);
#2848=CARTESIAN_POINT('',(2.278211633663E1,1.900259900988E1,
-9.250000000446E-1));
#2849=VERTEX_POINT('',#2848);
#2850=CARTESIAN_POINT('',(2.278211633663E1,1.880259900988E1,
-9.250000000446E-1));
#2851=VERTEX_POINT('',#2850);
#2852=CARTESIAN_POINT('',(2.278211633663E1,1.877614996278E1,-1.075000000040E0));
#2853=VERTEX_POINT('',#2852);
#2854=CARTESIAN_POINT('',(2.278211633663E1,1.877614996278E1,-1.150000000045E0));
#2855=VERTEX_POINT('',#2854);
#2856=CARTESIAN_POINT('',(2.278211633663E1,1.825019682902E1,-1.150000000045E0));
#2857=VERTEX_POINT('',#2856);
#2858=CARTESIAN_POINT('',(2.278211633663E1,1.805929898104E1,-1.150000000045E0));
#2859=CARTESIAN_POINT('',(2.278211633663E1,1.790259900989E1,-1.150000000045E0));
#2860=VERTEX_POINT('',#2858);
#2861=VERTEX_POINT('',#2859);
#2862=CARTESIAN_POINT('',(2.278211633663E1,1.769434583443E1,-1.012499999993E0));
#2863=CARTESIAN_POINT('',(2.278211633663E1,1.772759900988E1,
-9.549038106055E-1));
#2864=VERTEX_POINT('',#2862);
#2865=VERTEX_POINT('',#2863);
#2866=CARTESIAN_POINT('',(2.278211633663E1,1.772759900988E1,
-8.982050807879E-1));
#2867=VERTEX_POINT('',#2866);
#2868=CARTESIAN_POINT('',(2.278211633663E1,1.774571887695E1,
-5.568801329767E-1));
#2869=VERTEX_POINT('',#2868);
#2870=CARTESIAN_POINT('',(2.278211633663E1,1.768040522943E1,
-3.250000000023E-1));
#2871=CARTESIAN_POINT('',(2.278211633663E1,1.806774395891E1,
-3.250000000023E-1));
#2872=VERTEX_POINT('',#2870);
#2873=VERTEX_POINT('',#2871);
#2874=CARTESIAN_POINT('',(2.278211633663E1,1.831234250010E1,
-3.250000000023E-1));
#2875=VERTEX_POINT('',#2874);
#2876=CARTESIAN_POINT('',(2.278211633663E1,1.767759900990E1,-1.075E0));
#2877=VERTEX_POINT('',#2876);
#2878=CARTESIAN_POINT('',(2.670711633663E1,1.766259900990E1,
-4.101591617050E-1));
#2879=DIRECTION('',(0.E0,1.E0,0.E0));
#2880=DIRECTION('',(0.E0,0.E0,-1.E0));
#2881=AXIS2_PLACEMENT_3D('',#2878,#2879,#2880);
#2882=PLANE('',#2881);
#2884=ORIENTED_EDGE('',*,*,#2883,.F.);
#2886=ORIENTED_EDGE('',*,*,#2885,.F.);
#2888=ORIENTED_EDGE('',*,*,#2887,.T.);
#2890=ORIENTED_EDGE('',*,*,#2889,.F.);
#2892=ORIENTED_EDGE('',*,*,#2891,.T.);
#2894=ORIENTED_EDGE('',*,*,#2893,.F.);
#2896=ORIENTED_EDGE('',*,*,#2895,.T.);
#2898=ORIENTED_EDGE('',*,*,#2897,.T.);
#2900=ORIENTED_EDGE('',*,*,#2899,.F.);
#2902=ORIENTED_EDGE('',*,*,#2901,.T.);
#2904=ORIENTED_EDGE('',*,*,#2903,.F.);
#2906=ORIENTED_EDGE('',*,*,#2905,.T.);
#2908=ORIENTED_EDGE('',*,*,#2907,.T.);
#2910=ORIENTED_EDGE('',*,*,#2909,.T.);
#2912=ORIENTED_EDGE('',*,*,#2911,.F.);
#2913=EDGE_LOOP('',(#2884,#2886,#2888,#2890,#2892,#2894,#2896,#2898,#2900,#2902,
#2904,#2906,#2908,#2910,#2912));
#2914=FACE_OUTER_BOUND('',#2913,.F.);
#2916=CARTESIAN_POINT('',(2.278211633663E1,1.784760051049E1,
-2.612083487540E-1));
#2917=DIRECTION('',(1.E0,0.E0,0.E0));
#2918=DIRECTION('',(0.E0,0.E0,-1.E0));
#2919=AXIS2_PLACEMENT_3D('',#2916,#2917,#2918);
#2920=PLANE('',#2919);
#2922=ORIENTED_EDGE('',*,*,#2921,.T.);
#2924=ORIENTED_EDGE('',*,*,#2923,.T.);
#2926=ORIENTED_EDGE('',*,*,#2925,.T.);
#2928=ORIENTED_EDGE('',*,*,#2927,.T.);
#2930=ORIENTED_EDGE('',*,*,#2929,.F.);
#2932=ORIENTED_EDGE('',*,*,#2931,.T.);
#2934=ORIENTED_EDGE('',*,*,#2933,.T.);
#2936=ORIENTED_EDGE('',*,*,#2935,.T.);
#2938=ORIENTED_EDGE('',*,*,#2937,.T.);
#2940=ORIENTED_EDGE('',*,*,#2939,.T.);
#2942=ORIENTED_EDGE('',*,*,#2941,.T.);
#2944=ORIENTED_EDGE('',*,*,#2943,.T.);
#2946=ORIENTED_EDGE('',*,*,#2945,.F.);
#2948=ORIENTED_EDGE('',*,*,#2947,.T.);
#2950=ORIENTED_EDGE('',*,*,#2949,.T.);
#2952=ORIENTED_EDGE('',*,*,#2951,.F.);
#2954=ORIENTED_EDGE('',*,*,#2953,.T.);
#2956=ORIENTED_EDGE('',*,*,#2955,.T.);
#2958=ORIENTED_EDGE('',*,*,#2957,.T.);
#2960=ORIENTED_EDGE('',*,*,#2959,.T.);
#2962=ORIENTED_EDGE('',*,*,#2961,.T.);
#2964=ORIENTED_EDGE('',*,*,#2963,.F.);
#2966=ORIENTED_EDGE('',*,*,#2965,.F.);
#2968=ORIENTED_EDGE('',*,*,#2967,.F.);
#2970=ORIENTED_EDGE('',*,*,#2969,.T.);
#2972=ORIENTED_EDGE('',*,*,#2971,.F.);
#2974=ORIENTED_EDGE('',*,*,#2973,.T.);
#2976=ORIENTED_EDGE('',*,*,#2975,.F.);
#2978=ORIENTED_EDGE('',*,*,#2977,.F.);
#2980=ORIENTED_EDGE('',*,*,#2979,.T.);
#2982=ORIENTED_EDGE('',*,*,#2981,.F.);
#2984=ORIENTED_EDGE('',*,*,#2983,.T.);
#2986=ORIENTED_EDGE('',*,*,#2985,.F.);
#2988=ORIENTED_EDGE('',*,*,#2987,.F.);
#2990=ORIENTED_EDGE('',*,*,#2989,.T.);
#2992=ORIENTED_EDGE('',*,*,#2991,.T.);
#2994=ORIENTED_EDGE('',*,*,#2993,.T.);
#2996=ORIENTED_EDGE('',*,*,#2995,.F.);
#2998=ORIENTED_EDGE('',*,*,#2997,.F.);
#3000=ORIENTED_EDGE('',*,*,#2999,.T.);
#3002=ORIENTED_EDGE('',*,*,#3001,.T.);
#3004=ORIENTED_EDGE('',*,*,#3003,.T.);
#3006=ORIENTED_EDGE('',*,*,#3005,.T.);
#3008=ORIENTED_EDGE('',*,*,#3007,.F.);
#3010=ORIENTED_EDGE('',*,*,#3009,.F.);
#3012=ORIENTED_EDGE('',*,*,#3011,.T.);
#3014=ORIENTED_EDGE('',*,*,#3013,.T.);
#3016=ORIENTED_EDGE('',*,*,#3015,.T.);
#3018=ORIENTED_EDGE('',*,*,#3017,.T.);
#3020=ORIENTED_EDGE('',*,*,#3019,.T.);
#3022=ORIENTED_EDGE('',*,*,#3021,.T.);
#3024=ORIENTED_EDGE('',*,*,#3023,.T.);
#3026=ORIENTED_EDGE('',*,*,#3025,.T.);
#3028=ORIENTED_EDGE('',*,*,#3027,.F.);
#3030=ORIENTED_EDGE('',*,*,#3029,.T.);
#3032=ORIENTED_EDGE('',*,*,#3031,.F.);
#3034=ORIENTED_EDGE('',*,*,#3033,.T.);
#3036=ORIENTED_EDGE('',*,*,#3035,.F.);
#3038=ORIENTED_EDGE('',*,*,#3037,.T.);
#3040=ORIENTED_EDGE('',*,*,#3039,.T.);
#3042=ORIENTED_EDGE('',*,*,#3041,.T.);
#3044=ORIENTED_EDGE('',*,*,#3043,.F.);
#3046=ORIENTED_EDGE('',*,*,#3045,.F.);
#3048=ORIENTED_EDGE('',*,*,#3047,.F.);
#3050=ORIENTED_EDGE('',*,*,#3049,.T.);
#3052=ORIENTED_EDGE('',*,*,#3051,.F.);
#3053=EDGE_LOOP('',(#2922,#2924,#2926,#2928,#2930,#2932,#2934,#2936,#2938,#2940,
#2942,#2944,#2946,#2948,#2950,#2952,#2954,#2956,#2958,#2960,#2962,#2964,#2966,
#2968,#2970,#2972,#2974,#2976,#2978,#2980,#2982,#2984,#2986,#2988,#2990,#2992,
#2994,#2996,#2998,#3000,#3002,#3004,#3006,#3008,#3010,#3012,#3014,#3016,#3018,
#3020,#3022,#3024,#3026,#3028,#3030,#3032,#3034,#3036,#3038,#3040,#3042,#3044,
#3046,#3048,#3050,#3052));
#3054=FACE_OUTER_BOUND('',#3053,.F.);
#3056=ORIENTED_EDGE('',*,*,#3055,.F.);
#3058=ORIENTED_EDGE('',*,*,#3057,.T.);
#3059=ORIENTED_EDGE('',*,*,#2883,.T.);
#3061=ORIENTED_EDGE('',*,*,#3060,.T.);
#3063=ORIENTED_EDGE('',*,*,#3062,.T.);
#3065=ORIENTED_EDGE('',*,*,#3064,.T.);
#3067=ORIENTED_EDGE('',*,*,#3066,.T.);
#3069=ORIENTED_EDGE('',*,*,#3068,.F.);
#3071=ORIENTED_EDGE('',*,*,#3070,.T.);
#3073=ORIENTED_EDGE('',*,*,#3072,.T.);
#3074=EDGE_LOOP('',(#3056,#3058,#3059,#3061,#3063,#3065,#3067,#3069,#3071,
#3073));
#3075=FACE_BOUND('',#3074,.F.);
#3077=CARTESIAN_POINT('',(2.745711633663E1,1.833937448633E1,-1.150000000045E0));
#3078=DIRECTION('',(0.E0,0.E0,1.E0));
#3079=DIRECTION('',(0.E0,-1.E0,0.E0));
#3080=AXIS2_PLACEMENT_3D('',#3077,#3078,#3079);
#3081=PLANE('',#3080);
#3082=ORIENTED_EDGE('',*,*,#2921,.F.);
#3084=ORIENTED_EDGE('',*,*,#3083,.T.);
#3086=ORIENTED_EDGE('',*,*,#3085,.T.);
#3088=ORIENTED_EDGE('',*,*,#3087,.T.);
#3090=ORIENTED_EDGE('',*,*,#3089,.T.);
#3092=ORIENTED_EDGE('',*,*,#3091,.F.);
#3094=ORIENTED_EDGE('',*,*,#3093,.F.);
#3096=ORIENTED_EDGE('',*,*,#3095,.F.);
#3097=ORIENTED_EDGE('',*,*,#2937,.F.);
#3099=ORIENTED_EDGE('',*,*,#3098,.F.);
#3101=ORIENTED_EDGE('',*,*,#3100,.F.);
#3103=ORIENTED_EDGE('',*,*,#3102,.F.);
#3104=EDGE_LOOP('',(#3082,#3084,#3086,#3088,#3090,#3092,#3094,#3096,#3097,#3099,
#3101,#3103));
#3105=FACE_OUTER_BOUND('',#3104,.F.);
#3107=CARTESIAN_POINT('',(2.745711633663E1,1.877614996278E1,-1.112500000045E0));
#3108=DIRECTION('',(0.E0,1.E0,0.E0));
#3109=DIRECTION('',(-1.E0,0.E0,0.E0));
#3110=AXIS2_PLACEMENT_3D('',#3107,#3108,#3109);
#3111=PLANE('',#3110);
#3112=ORIENTED_EDGE('',*,*,#3051,.T.);
#3114=ORIENTED_EDGE('',*,*,#3113,.F.);
#3116=ORIENTED_EDGE('',*,*,#3115,.T.);
#3117=ORIENTED_EDGE('',*,*,#3083,.F.);
#3118=EDGE_LOOP('',(#3112,#3114,#3116,#3117));
#3119=FACE_OUTER_BOUND('',#3118,.F.);
#3121=CARTESIAN_POINT('',(2.745711633663E1,1.878937448633E1,-1.000000000045E0));
#3122=DIRECTION('',(0.E0,9.848077530173E-1,-1.736481776378E-1));
#3123=DIRECTION('',(0.E0,-1.736481776378E-1,-9.848077530173E-1));
#3124=AXIS2_PLACEMENT_3D('',#3121,#3122,#3123);
#3125=PLANE('',#3124);
#3126=ORIENTED_EDGE('',*,*,#3049,.F.);
#3128=ORIENTED_EDGE('',*,*,#3127,.F.);
#3130=ORIENTED_EDGE('',*,*,#3129,.F.);
#3131=ORIENTED_EDGE('',*,*,#3113,.T.);
#3132=EDGE_LOOP('',(#3126,#3128,#3130,#3131));
#3133=FACE_OUTER_BOUND('',#3132,.F.);
#3135=CARTESIAN_POINT('',(2.745711633663E1,1.890259900988E1,
-9.250000000446E-1));
#3136=DIRECTION('',(0.E0,0.E0,1.E0));
#3137=DIRECTION('',(1.E0,0.E0,0.E0));
#3138=AXIS2_PLACEMENT_3D('',#3135,#3136,#3137);
#3139=PLANE('',#3138);
#3140=ORIENTED_EDGE('',*,*,#3047,.T.);
#3142=ORIENTED_EDGE('',*,*,#3141,.F.);
#3144=ORIENTED_EDGE('',*,*,#3143,.T.);
#3145=ORIENTED_EDGE('',*,*,#3127,.T.);
#3146=EDGE_LOOP('',(#3140,#3142,#3144,#3145));
#3147=FACE_OUTER_BOUND('',#3146,.F.);
#3149=CARTESIAN_POINT('',(3.067211633663E1,1.900259900988E1,
-7.000000000446E-1));
#3150=DIRECTION('',(0.E0,1.E0,0.E0));
#3151=DIRECTION('',(-1.E0,0.E0,0.E0));
#3152=AXIS2_PLACEMENT_3D('',#3149,#3150,#3151);
#3153=PLANE('',#3152);
#3154=ORIENTED_EDGE('',*,*,#3045,.T.);
#3156=ORIENTED_EDGE('',*,*,#3155,.F.);
#3158=ORIENTED_EDGE('',*,*,#3157,.F.);
#3159=ORIENTED_EDGE('',*,*,#3141,.T.);
#3160=EDGE_LOOP('',(#3154,#3156,#3158,#3159));
#3161=FACE_OUTER_BOUND('',#3160,.F.);
#3163=CARTESIAN_POINT('',(2.745711633663E1,1.841509900988E1,
-4.750000000446E-1));
#3164=DIRECTION('',(0.E0,0.E0,1.E0));
#3165=DIRECTION('',(-1.E0,0.E0,0.E0));
#3166=AXIS2_PLACEMENT_3D('',#3163,#3164,#3165);
#3167=PLANE('',#3166);
#3168=ORIENTED_EDGE('',*,*,#3043,.T.);
#3170=ORIENTED_EDGE('',*,*,#3169,.F.);
#3172=ORIENTED_EDGE('',*,*,#3171,.T.);
#3174=ORIENTED_EDGE('',*,*,#3173,.T.);
#3175=ORIENTED_EDGE('',*,*,#3068,.T.);
#3177=ORIENTED_EDGE('',*,*,#3176,.T.);
#3179=ORIENTED_EDGE('',*,*,#3178,.F.);
#3181=ORIENTED_EDGE('',*,*,#3180,.F.);
#3183=ORIENTED_EDGE('',*,*,#3182,.F.);
#3184=ORIENTED_EDGE('',*,*,#3155,.T.);
#3185=EDGE_LOOP('',(#3168,#3170,#3172,#3174,#3175,#3177,#3179,#3181,#3183,
#3184));
#3186=FACE_OUTER_BOUND('',#3185,.F.);
#3188=CARTESIAN_POINT('',(2.278588116157E1,1.875259900990E1,
-6.114114232008E-1));
#3189=DIRECTION('',(-1.E0,0.E0,0.E0));
#3190=DIRECTION('',(0.E0,0.E0,1.E0));
#3191=AXIS2_PLACEMENT_3D('',#3188,#3189,#3190);
#3192=CYLINDRICAL_SURFACE('',#3191,5.E-1);
#3193=ORIENTED_EDGE('',*,*,#3169,.T.);
#3194=ORIENTED_EDGE('',*,*,#3041,.F.);
#3196=ORIENTED_EDGE('',*,*,#3195,.T.);
#3198=ORIENTED_EDGE('',*,*,#3197,.F.);
#3199=EDGE_LOOP('',(#3193,#3194,#3196,#3198));
#3200=FACE_OUTER_BOUND('',#3199,.F.);
#3202=CARTESIAN_POINT('',(2.270711633663E1,1.829034667070E1,
-4.094992684001E-1));
#3203=DIRECTION('',(0.E0,9.612616958915E-1,-2.756373559803E-1));
#3204=DIRECTION('',(0.E0,-2.756373559803E-1,-9.612616958915E-1));
#3205=AXIS2_PLACEMENT_3D('',#3202,#3203,#3204);
#3206=PLANE('',#3205);
#3208=ORIENTED_EDGE('',*,*,#3207,.F.);
#3209=ORIENTED_EDGE('',*,*,#3195,.F.);
#3210=ORIENTED_EDGE('',*,*,#3039,.F.);
#3212=ORIENTED_EDGE('',*,*,#3211,.F.);
#3213=EDGE_LOOP('',(#3208,#3209,#3210,#3212));
#3214=FACE_OUTER_BOUND('',#3213,.F.);
#3216=CARTESIAN_POINT('',(2.263211633663E1,1.784760051049E1,
-2.612083487540E-1));
#3217=DIRECTION('',(1.E0,0.E0,0.E0));
#3218=DIRECTION('',(0.E0,0.E0,-1.E0));
#3219=AXIS2_PLACEMENT_3D('',#3216,#3217,#3218);
#3220=PLANE('',#3219);
#3221=ORIENTED_EDGE('',*,*,#3171,.F.);
#3222=ORIENTED_EDGE('',*,*,#3197,.T.);
#3223=ORIENTED_EDGE('',*,*,#3207,.T.);
#3225=ORIENTED_EDGE('',*,*,#3224,.T.);
#3227=ORIENTED_EDGE('',*,*,#3226,.T.);
#3229=ORIENTED_EDGE('',*,*,#3228,.T.);
#3231=ORIENTED_EDGE('',*,*,#3230,.T.);
#3232=EDGE_LOOP('',(#3221,#3222,#3223,#3225,#3227,#3229,#3231));
#3233=FACE_OUTER_BOUND('',#3232,.F.);
#3235=CARTESIAN_POINT('',(2.278588116157E1,1.821259900991E1,
-3.178420558069E-1));
#3236=DIRECTION('',(-1.E0,0.E0,0.E0));
#3237=DIRECTION('',(0.E0,0.E0,1.E0));
#3238=AXIS2_PLACEMENT_3D('',#3235,#3236,#3237);
#3239=CYLINDRICAL_SURFACE('',#3238,9.999999999990E-2);
#3241=ORIENTED_EDGE('',*,*,#3240,.T.);
#3242=ORIENTED_EDGE('',*,*,#3224,.F.);
#3243=ORIENTED_EDGE('',*,*,#3211,.T.);
#3244=ORIENTED_EDGE('',*,*,#3037,.F.);
#3245=EDGE_LOOP('',(#3241,#3242,#3243,#3244));
#3246=FACE_OUTER_BOUND('',#3245,.F.);
#3248=CARTESIAN_POINT('',(2.262211633663E1,1.766259900990E1,
-3.250000000023E-1));
#3249=DIRECTION('',(0.E0,0.E0,-1.E0));
#3250=DIRECTION('',(0.E0,1.E0,0.E0));
#3251=AXIS2_PLACEMENT_3D('',#3248,#3249,#3250);
#3252=PLANE('',#3251);
#3253=ORIENTED_EDGE('',*,*,#3055,.T.);
#3255=ORIENTED_EDGE('',*,*,#3254,.F.);
#3256=ORIENTED_EDGE('',*,*,#3226,.F.);
#3257=ORIENTED_EDGE('',*,*,#3240,.F.);
#3258=ORIENTED_EDGE('',*,*,#3035,.T.);
#3260=ORIENTED_EDGE('',*,*,#3259,.F.);
#3262=ORIENTED_EDGE('',*,*,#3261,.T.);
#3263=ORIENTED_EDGE('',*,*,#2889,.T.);
#3265=ORIENTED_EDGE('',*,*,#3264,.F.);
#3267=ORIENTED_EDGE('',*,*,#3266,.F.);
#3268=EDGE_LOOP('',(#3253,#3255,#3256,#3257,#3258,#3260,#3262,#3263,#3265,
#3267));
#3269=FACE_OUTER_BOUND('',#3268,.F.);
#3271=CARTESIAN_POINT('',(2.278588116157E1,1.795306434940E1,
-3.603353528823E-1));
#3272=DIRECTION('',(-1.E0,0.E0,0.E0));
#3273=DIRECTION('',(0.E0,0.E0,1.E0));
#3274=AXIS2_PLACEMENT_3D('',#3271,#3272,#3273);
#3275=CYLINDRICAL_SURFACE('',#3274,1.2E-1);
#3276=ORIENTED_EDGE('',*,*,#3254,.T.);
#3277=ORIENTED_EDGE('',*,*,#3072,.F.);
#3279=ORIENTED_EDGE('',*,*,#3278,.T.);
#3280=ORIENTED_EDGE('',*,*,#3228,.F.);
#3281=EDGE_LOOP('',(#3276,#3277,#3279,#3280));
#3282=FACE_OUTER_BOUND('',#3281,.F.);
#3284=CARTESIAN_POINT('',(2.270711633663E1,1.806594950326E1,
-7.689918383389E-1));
#3285=DIRECTION('',(0.E0,9.998476951557E-1,-1.745240647805E-2));
#3286=DIRECTION('',(0.E0,1.745240647805E-2,9.998476951557E-1));
#3287=AXIS2_PLACEMENT_3D('',#3284,#3285,#3286);
#3288=PLANE('',#3287);
#3289=ORIENTED_EDGE('',*,*,#3173,.F.);
#3290=ORIENTED_EDGE('',*,*,#3230,.F.);
#3291=ORIENTED_EDGE('',*,*,#3278,.F.);
#3292=ORIENTED_EDGE('',*,*,#3070,.F.);
#3293=EDGE_LOOP('',(#3289,#3290,#3291,#3292));
#3294=FACE_OUTER_BOUND('',#3293,.F.);
#3296=CARTESIAN_POINT('',(2.995711633663E1,1.834259900990E1,
-3.000000000001E-1));
#3297=DIRECTION('',(0.E0,1.E0,0.E0));
#3298=DIRECTION('',(0.E0,0.E0,-1.E0));
#3299=AXIS2_PLACEMENT_3D('',#3296,#3297,#3298);
#3300=PLANE('',#3299);
#3301=ORIENTED_EDGE('',*,*,#3033,.F.);
#3303=ORIENTED_EDGE('',*,*,#3302,.T.);
#3305=ORIENTED_EDGE('',*,*,#3304,.F.);
#3307=ORIENTED_EDGE('',*,*,#3306,.F.);
#3309=ORIENTED_EDGE('',*,*,#3308,.T.);
#3310=ORIENTED_EDGE('',*,*,#3259,.T.);
#3311=EDGE_LOOP('',(#3301,#3303,#3305,#3307,#3309,#3310));
#3312=FACE_OUTER_BOUND('',#3311,.F.);
#3314=CARTESIAN_POINT('',(2.745711633663E1,1.803259900990E1,
-1.750000000001E-1));
#3315=DIRECTION('',(0.E0,0.E0,1.E0));
#3316=DIRECTION('',(1.E0,0.E0,0.E0));
#3317=AXIS2_PLACEMENT_3D('',#3314,#3315,#3316);
#3318=PLANE('',#3317);
#3319=ORIENTED_EDGE('',*,*,#3031,.T.);
#3321=ORIENTED_EDGE('',*,*,#3320,.T.);
#3323=ORIENTED_EDGE('',*,*,#3322,.F.);
#3325=ORIENTED_EDGE('',*,*,#3324,.F.);
#3327=ORIENTED_EDGE('',*,*,#3326,.F.);
#3329=ORIENTED_EDGE('',*,*,#3328,.F.);
#3331=ORIENTED_EDGE('',*,*,#3330,.F.);
#3333=ORIENTED_EDGE('',*,*,#3332,.F.);
#3335=ORIENTED_EDGE('',*,*,#3334,.F.);
#3336=ORIENTED_EDGE('',*,*,#2897,.F.);
#3338=ORIENTED_EDGE('',*,*,#3337,.F.);
#3339=ORIENTED_EDGE('',*,*,#3302,.F.);
#3340=EDGE_LOOP('',(#3319,#3321,#3323,#3325,#3327,#3329,#3331,#3333,#3335,#3336,
#3338,#3339));
#3341=FACE_OUTER_BOUND('',#3340,.F.);
#3343=CARTESIAN_POINT('',(2.745711633663E1,1.840259900990E1,7.499999999994E-2));
#3344=DIRECTION('',(0.E0,1.E0,0.E0));
#3345=DIRECTION('',(0.E0,0.E0,-1.E0));
#3346=AXIS2_PLACEMENT_3D('',#3343,#3344,#3345);
#3347=PLANE('',#3346);
#3348=ORIENTED_EDGE('',*,*,#3029,.F.);
#3350=ORIENTED_EDGE('',*,*,#3349,.T.);
#3352=ORIENTED_EDGE('',*,*,#3351,.T.);
#3354=ORIENTED_EDGE('',*,*,#3353,.T.);
#3356=ORIENTED_EDGE('',*,*,#3355,.T.);
#3358=ORIENTED_EDGE('',*,*,#3357,.F.);
#3360=ORIENTED_EDGE('',*,*,#3359,.F.);
#3362=ORIENTED_EDGE('',*,*,#3361,.F.);
#3364=ORIENTED_EDGE('',*,*,#3363,.F.);
#3366=ORIENTED_EDGE('',*,*,#3365,.F.);
#3367=ORIENTED_EDGE('',*,*,#3320,.F.);
#3368=EDGE_LOOP('',(#3348,#3350,#3352,#3354,#3356,#3358,#3360,#3362,#3364,#3366,
#3367));
#3369=FACE_OUTER_BOUND('',#3368,.F.);
#3371=CARTESIAN_POINT('',(2.745711633663E1,1.830259900990E1,1.425E0));
#3372=DIRECTION('',(0.E0,0.E0,1.E0));
#3373=DIRECTION('',(-1.E0,0.E0,0.E0));
#3374=AXIS2_PLACEMENT_3D('',#3371,#3372,#3373);
#3375=PLANE('',#3374);
#3376=ORIENTED_EDGE('',*,*,#3027,.T.);
#3378=ORIENTED_EDGE('',*,*,#3377,.F.);
#3380=ORIENTED_EDGE('',*,*,#3379,.F.);
#3381=ORIENTED_EDGE('',*,*,#3349,.F.);
#3382=EDGE_LOOP('',(#3376,#3378,#3380,#3381));
#3383=FACE_OUTER_BOUND('',#3382,.F.);
#3385=CARTESIAN_POINT('',(2.995711633663E1,1.815259900990E1,1.375E0));
#3386=DIRECTION('',(0.E0,7.071067812070E-1,-7.071067811661E-1));
#3387=DIRECTION('',(-1.E0,0.E0,0.E0));
#3388=AXIS2_PLACEMENT_3D('',#3385,#3386,#3387);
#3389=PLANE('',#3388);
#3390=ORIENTED_EDGE('',*,*,#3025,.F.);
#3392=ORIENTED_EDGE('',*,*,#3391,.F.);
#3394=ORIENTED_EDGE('',*,*,#3393,.F.);
#3395=ORIENTED_EDGE('',*,*,#3377,.T.);
#3396=EDGE_LOOP('',(#3390,#3392,#3394,#3395));
#3397=FACE_OUTER_BOUND('',#3396,.F.);
#3399=CARTESIAN_POINT('',(2.995711633663E1,1.810259900990E1,7.75E-1));
#3400=DIRECTION('',(0.E0,1.E0,0.E0));
#3401=DIRECTION('',(0.E0,0.E0,1.E0));
#3402=AXIS2_PLACEMENT_3D('',#3399,#3400,#3401);
#3403=PLANE('',#3402);
#3404=ORIENTED_EDGE('',*,*,#3023,.F.);
#3406=ORIENTED_EDGE('',*,*,#3405,.F.);
#3408=ORIENTED_EDGE('',*,*,#3407,.T.);
#3410=ORIENTED_EDGE('',*,*,#3409,.F.);
#3412=ORIENTED_EDGE('',*,*,#3411,.T.);
#3413=ORIENTED_EDGE('',*,*,#3391,.T.);
#3414=EDGE_LOOP('',(#3404,#3406,#3408,#3410,#3412,#3413));
#3415=FACE_OUTER_BOUND('',#3414,.F.);
#3417=CARTESIAN_POINT('',(2.270711633663E1,1.809890118240E1,1.102672558884E0));
#3418=DIRECTION('',(0.E0,7.660444428553E-1,-6.427876100008E-1));
#3419=DIRECTION('',(0.E0,6.427876100008E-1,7.660444428553E-1));
#3420=AXIS2_PLACEMENT_3D('',#3417,#3418,#3419);
#3421=PLANE('',#3420);
#3422=ORIENTED_EDGE('',*,*,#3405,.T.);
#3423=ORIENTED_EDGE('',*,*,#3021,.F.);
#3425=ORIENTED_EDGE('',*,*,#3424,.F.);
#3427=ORIENTED_EDGE('',*,*,#3426,.F.);
#3428=EDGE_LOOP('',(#3422,#3423,#3425,#3427));
#3429=FACE_OUTER_BOUND('',#3428,.F.);
#3431=CARTESIAN_POINT('',(2.278588116157E1,1.810559900993E1,1.032868527600E0));
#3432=DIRECTION('',(-1.E0,0.E0,0.E0));
#3433=DIRECTION('',(0.E0,0.E0,1.E0));
#3434=AXIS2_PLACEMENT_3D('',#3431,#3432,#3433);
#3435=CYLINDRICAL_SURFACE('',#3434,5.E-2);
#3437=ORIENTED_EDGE('',*,*,#3436,.F.);
#3438=ORIENTED_EDGE('',*,*,#3424,.T.);
#3439=ORIENTED_EDGE('',*,*,#3019,.F.);
#3441=ORIENTED_EDGE('',*,*,#3440,.T.);
#3442=EDGE_LOOP('',(#3437,#3438,#3439,#3441));
#3443=FACE_OUTER_BOUND('',#3442,.F.);
#3445=CARTESIAN_POINT('',(2.263211633663E1,1.784760051049E1,
-2.612083487540E-1));
#3446=DIRECTION('',(1.E0,0.E0,0.E0));
#3447=DIRECTION('',(0.E0,0.E0,-1.E0));
#3448=AXIS2_PLACEMENT_3D('',#3445,#3446,#3447);
#3449=PLANE('',#3448);
#3450=ORIENTED_EDGE('',*,*,#3407,.F.);
#3451=ORIENTED_EDGE('',*,*,#3426,.T.);
#3452=ORIENTED_EDGE('',*,*,#3436,.T.);
#3454=ORIENTED_EDGE('',*,*,#3453,.T.);
#3456=ORIENTED_EDGE('',*,*,#3455,.T.);
#3458=ORIENTED_EDGE('',*,*,#3457,.T.);
#3460=ORIENTED_EDGE('',*,*,#3459,.T.);
#3462=ORIENTED_EDGE('',*,*,#3461,.F.);
#3463=EDGE_LOOP('',(#3450,#3451,#3452,#3454,#3456,#3458,#3460,#3462));
#3464=FACE_OUTER_BOUND('',#3463,.F.);
#3466=CARTESIAN_POINT('',(2.270711633663E1,1.805495086424E1,1.037032239879E0));
#3467=DIRECTION('',(0.E0,9.659258261301E-1,-2.588190456959E-1));
#3468=DIRECTION('',(0.E0,2.588190456959E-1,9.659258261301E-1));
#3469=AXIS2_PLACEMENT_3D('',#3466,#3467,#3468);
#3470=PLANE('',#3469);
#3471=ORIENTED_EDGE('',*,*,#3453,.F.);
#3472=ORIENTED_EDGE('',*,*,#3440,.F.);
#3473=ORIENTED_EDGE('',*,*,#3017,.F.);
#3475=ORIENTED_EDGE('',*,*,#3474,.F.);
#3476=EDGE_LOOP('',(#3471,#3472,#3473,#3475));
#3477=FACE_OUTER_BOUND('',#3476,.F.);
#3479=CARTESIAN_POINT('',(2.270711633663E1,1.805938496582E1,1.025090656780E0));
#3480=DIRECTION('',(0.E0,4.226182626781E-1,9.063077865995E-1));
#3481=DIRECTION('',(0.E0,-9.063077865995E-1,4.226182626781E-1));
#3482=AXIS2_PLACEMENT_3D('',#3479,#3480,#3481);
#3483=PLANE('',#3482);
#3484=ORIENTED_EDGE('',*,*,#3455,.F.);
#3485=ORIENTED_EDGE('',*,*,#3474,.T.);
#3486=ORIENTED_EDGE('',*,*,#3015,.F.);
#3488=ORIENTED_EDGE('',*,*,#3487,.F.);
#3489=EDGE_LOOP('',(#3484,#3485,#3486,#3488));
#3490=FACE_OUTER_BOUND('',#3489,.F.);
#3492=CARTESIAN_POINT('',(2.278588116157E1,1.804504000861E1,9.766109242265E-1));
#3493=DIRECTION('',(-1.E0,0.E0,0.E0));
#3494=DIRECTION('',(0.E0,0.E0,1.E0));
#3495=AXIS2_PLACEMENT_3D('',#3492,#3493,#3494);
#3496=CYLINDRICAL_SURFACE('',#3495,4.999999999950E-2);
#3497=ORIENTED_EDGE('',*,*,#3457,.F.);
#3498=ORIENTED_EDGE('',*,*,#3487,.T.);
#3499=ORIENTED_EDGE('',*,*,#3013,.F.);
#3501=ORIENTED_EDGE('',*,*,#3500,.T.);
#3502=EDGE_LOOP('',(#3497,#3498,#3499,#3501));
#3503=FACE_OUTER_BOUND('',#3502,.F.);
#3505=CARTESIAN_POINT('',(2.270711633663E1,1.807809775590E1,4.905755313701E-1));
#3506=DIRECTION('',(0.E0,9.993908270192E-1,-3.489949669860E-2));
#3507=DIRECTION('',(0.E0,3.489949669860E-2,9.993908270192E-1));
#3508=AXIS2_PLACEMENT_3D('',#3505,#3506,#3507);
#3509=PLANE('',#3508);
#3511=ORIENTED_EDGE('',*,*,#3510,.F.);
#3512=ORIENTED_EDGE('',*,*,#3459,.F.);
#3513=ORIENTED_EDGE('',*,*,#3500,.F.);
#3514=ORIENTED_EDGE('',*,*,#3011,.F.);
#3515=EDGE_LOOP('',(#3511,#3512,#3513,#3514));
#3516=FACE_OUTER_BOUND('',#3515,.F.);
#3518=CARTESIAN_POINT('',(2.745711633663E1,1.788259900990E1,2.25E-1));
#3519=DIRECTION('',(0.E0,0.E0,1.E0));
#3520=DIRECTION('',(-1.E0,0.E0,0.E0));
#3521=AXIS2_PLACEMENT_3D('',#3518,#3519,#3520);
#3522=PLANE('',#3521);
#3523=ORIENTED_EDGE('',*,*,#3009,.T.);
#3525=ORIENTED_EDGE('',*,*,#3524,.T.);
#3527=ORIENTED_EDGE('',*,*,#3526,.T.);
#3529=ORIENTED_EDGE('',*,*,#3528,.F.);
#3531=ORIENTED_EDGE('',*,*,#3530,.F.);
#3532=ORIENTED_EDGE('',*,*,#3409,.T.);
#3533=ORIENTED_EDGE('',*,*,#3461,.T.);
#3534=ORIENTED_EDGE('',*,*,#3510,.T.);
#3535=EDGE_LOOP('',(#3523,#3525,#3527,#3529,#3531,#3532,#3533,#3534));
#3536=FACE_OUTER_BOUND('',#3535,.F.);
#3538=CARTESIAN_POINT('',(2.270711633663E1,1.767259900990E1,4.816322604513E-1));
#3539=DIRECTION('',(0.E0,1.E0,0.E0));
#3540=DIRECTION('',(0.E0,0.E0,-1.E0));
#3541=AXIS2_PLACEMENT_3D('',#3538,#3539,#3540);
#3542=PLANE('',#3541);
#3543=ORIENTED_EDGE('',*,*,#3524,.F.);
#3544=ORIENTED_EDGE('',*,*,#3007,.T.);
#3546=ORIENTED_EDGE('',*,*,#3545,.F.);
#3548=ORIENTED_EDGE('',*,*,#3547,.T.);
#3549=EDGE_LOOP('',(#3543,#3544,#3546,#3548));
#3550=FACE_OUTER_BOUND('',#3549,.F.);
#3552=CARTESIAN_POINT('',(2.278588116157E1,1.770259900990E1,7.561324865466E-1));
#3553=DIRECTION('',(-1.E0,0.E0,0.E0));
#3554=DIRECTION('',(0.E0,0.E0,1.E0));
#3555=AXIS2_PLACEMENT_3D('',#3552,#3553,#3554);
#3556=CYLINDRICAL_SURFACE('',#3555,3.E-2);
#3558=ORIENTED_EDGE('',*,*,#3557,.F.);
#3559=ORIENTED_EDGE('',*,*,#3545,.T.);
#3560=ORIENTED_EDGE('',*,*,#3005,.F.);
#3562=ORIENTED_EDGE('',*,*,#3561,.T.);
#3563=EDGE_LOOP('',(#3558,#3559,#3560,#3562));
#3564=FACE_OUTER_BOUND('',#3563,.F.);
#3566=CARTESIAN_POINT('',(2.263211633663E1,1.784760051049E1,
-2.612083487540E-1));
#3567=DIRECTION('',(1.E0,0.E0,0.E0));
#3568=DIRECTION('',(0.E0,0.E0,-1.E0));
#3569=AXIS2_PLACEMENT_3D('',#3566,#3567,#3568);
#3570=PLANE('',#3569);
#3571=ORIENTED_EDGE('',*,*,#3526,.F.);
#3572=ORIENTED_EDGE('',*,*,#3547,.F.);
#3573=ORIENTED_EDGE('',*,*,#3557,.T.);
#3575=ORIENTED_EDGE('',*,*,#3574,.T.);
#3577=ORIENTED_EDGE('',*,*,#3576,.T.);
#3579=ORIENTED_EDGE('',*,*,#3578,.T.);
#3581=ORIENTED_EDGE('',*,*,#3580,.T.);
#3583=ORIENTED_EDGE('',*,*,#3582,.F.);
#3585=ORIENTED_EDGE('',*,*,#3584,.T.);
#3587=ORIENTED_EDGE('',*,*,#3586,.T.);
#3588=EDGE_LOOP('',(#3571,#3572,#3573,#3575,#3577,#3579,#3581,#3583,#3585,
#3587));
#3589=FACE_OUTER_BOUND('',#3588,.F.);
#3591=CARTESIAN_POINT('',(2.270711633663E1,1.769009900991E1,7.835566243346E-1));
#3592=DIRECTION('',(0.E0,-4.999999993028E-1,8.660254041870E-1));
#3593=DIRECTION('',(0.E0,-8.660254041870E-1,-4.999999993028E-1));
#3594=AXIS2_PLACEMENT_3D('',#3591,#3592,#3593);
#3595=PLANE('',#3594);
#3596=ORIENTED_EDGE('',*,*,#3574,.F.);
#3597=ORIENTED_EDGE('',*,*,#3561,.F.);
#3598=ORIENTED_EDGE('',*,*,#3003,.F.);
#3600=ORIENTED_EDGE('',*,*,#3599,.F.);
#3601=EDGE_LOOP('',(#3596,#3597,#3598,#3600));
#3602=FACE_OUTER_BOUND('',#3601,.F.);
#3604=CARTESIAN_POINT('',(2.270711633663E1,1.768344837477E1,8.008493650522E-1));
#3605=DIRECTION('',(0.E0,8.660254050664E-1,4.999999977795E-1));
#3606=DIRECTION('',(0.E0,4.999999977795E-1,-8.660254050664E-1));
#3607=AXIS2_PLACEMENT_3D('',#3604,#3605,#3606);
#3608=PLANE('',#3607);
#3609=ORIENTED_EDGE('',*,*,#3576,.F.);
#3610=ORIENTED_EDGE('',*,*,#3599,.T.);
#3611=ORIENTED_EDGE('',*,*,#3001,.F.);
#3613=ORIENTED_EDGE('',*,*,#3612,.F.);
#3614=EDGE_LOOP('',(#3609,#3610,#3611,#3613));
#3615=FACE_OUTER_BOUND('',#3614,.F.);
#3617=CARTESIAN_POINT('',(2.278588116157E1,1.771759900990E1,8.416987299953E-1));
#3618=DIRECTION('',(-1.E0,0.E0,0.E0));
#3619=DIRECTION('',(0.E0,0.E0,1.E0));
#3620=AXIS2_PLACEMENT_3D('',#3617,#3618,#3619);
#3621=CYLINDRICAL_SURFACE('',#3620,5.E-2);
#3622=ORIENTED_EDGE('',*,*,#3578,.F.);
#3623=ORIENTED_EDGE('',*,*,#3612,.T.);
#3624=ORIENTED_EDGE('',*,*,#2999,.F.);
#3626=ORIENTED_EDGE('',*,*,#3625,.T.);
#3627=EDGE_LOOP('',(#3622,#3623,#3624,#3626));
#3628=FACE_OUTER_BOUND('',#3627,.F.);
#3630=CARTESIAN_POINT('',(2.270711633663E1,1.766759900990E1,9.233493649977E-1));
#3631=DIRECTION('',(0.E0,1.E0,0.E0));
#3632=DIRECTION('',(0.E0,0.E0,-1.E0));
#3633=AXIS2_PLACEMENT_3D('',#3630,#3631,#3632);
#3634=PLANE('',#3633);
#3635=ORIENTED_EDGE('',*,*,#3580,.F.);
#3636=ORIENTED_EDGE('',*,*,#3625,.F.);
#3637=ORIENTED_EDGE('',*,*,#2997,.T.);
#3639=ORIENTED_EDGE('',*,*,#3638,.F.);
#3640=EDGE_LOOP('',(#3635,#3636,#3637,#3639));
#3641=FACE_OUTER_BOUND('',#3640,.F.);
#3643=CARTESIAN_POINT('',(2.278588116157E1,1.769759900990E1,1.005E0));
#3644=DIRECTION('',(-1.E0,0.E0,0.E0));
#3645=DIRECTION('',(0.E0,0.E0,1.E0));
#3646=AXIS2_PLACEMENT_3D('',#3643,#3644,#3645);
#3647=CYLINDRICAL_SURFACE('',#3646,3.E-2);
#3649=ORIENTED_EDGE('',*,*,#3648,.T.);
#3651=ORIENTED_EDGE('',*,*,#3650,.T.);
#3653=ORIENTED_EDGE('',*,*,#3652,.T.);
#3654=ORIENTED_EDGE('',*,*,#3638,.T.);
#3655=EDGE_LOOP('',(#3649,#3651,#3653,#3654));
#3656=FACE_OUTER_BOUND('',#3655,.F.);
#3658=CARTESIAN_POINT('',(2.275711633663E1,1.769259900990E1,1.072320508076E0));
#3659=DIRECTION('',(7.071067811226E-1,7.071067812505E-1,0.E0));
#3660=DIRECTION('',(-7.071067812505E-1,7.071067811226E-1,0.E0));
#3661=AXIS2_PLACEMENT_3D('',#3658,#3659,#3660);
#3662=PLANE('',#3661);
#3663=ORIENTED_EDGE('',*,*,#3648,.F.);
#3664=ORIENTED_EDGE('',*,*,#2995,.T.);
#3666=ORIENTED_EDGE('',*,*,#3665,.F.);
#3668=ORIENTED_EDGE('',*,*,#3667,.F.);
#3670=ORIENTED_EDGE('',*,*,#3669,.F.);
#3672=ORIENTED_EDGE('',*,*,#3671,.F.);
#3673=EDGE_LOOP('',(#3663,#3664,#3666,#3668,#3670,#3672));
#3674=FACE_OUTER_BOUND('',#3673,.F.);
#3676=CARTESIAN_POINT('',(2.270711633663E1,1.766808939096E1,1.138791651246E0));
#3677=DIRECTION('',(0.E0,8.660254037851E-1,4.999999999989E-1));
#3678=DIRECTION('',(0.E0,4.999999999989E-1,-8.660254037851E-1));
#3679=AXIS2_PLACEMENT_3D('',#3676,#3677,#3678);
#3680=PLANE('',#3679);
#3682=ORIENTED_EDGE('',*,*,#3681,.T.);
#3683=ORIENTED_EDGE('',*,*,#3584,.F.);
#3685=ORIENTED_EDGE('',*,*,#3684,.T.);
#3687=ORIENTED_EDGE('',*,*,#3686,.F.);
#3688=ORIENTED_EDGE('',*,*,#3665,.T.);
#3689=ORIENTED_EDGE('',*,*,#2993,.F.);
#3690=EDGE_LOOP('',(#3682,#3683,#3685,#3687,#3688,#3689));
#3691=FACE_OUTER_BOUND('',#3690,.F.);
#3693=CARTESIAN_POINT('',(2.995711633663E1,1.766259900990E1,7.75E-1));
#3694=DIRECTION('',(0.E0,1.E0,0.E0));
#3695=DIRECTION('',(0.E0,0.E0,-1.E0));
#3696=AXIS2_PLACEMENT_3D('',#3693,#3694,#3695);
#3697=PLANE('',#3696);
#3698=ORIENTED_EDGE('',*,*,#2991,.F.);
#3700=ORIENTED_EDGE('',*,*,#3699,.F.);
#3702=ORIENTED_EDGE('',*,*,#3701,.T.);
#3703=ORIENTED_EDGE('',*,*,#3528,.T.);
#3704=ORIENTED_EDGE('',*,*,#3586,.F.);
#3705=ORIENTED_EDGE('',*,*,#3681,.F.);
#3706=EDGE_LOOP('',(#3698,#3700,#3702,#3703,#3704,#3705));
#3707=FACE_OUTER_BOUND('',#3706,.F.);
#3709=CARTESIAN_POINT('',(2.995711633663E1,1.761259900990E1,1.425E0));
#3710=DIRECTION('',(0.E0,8.944271910047E-1,4.472135954905E-1));
#3711=DIRECTION('',(1.E0,0.E0,0.E0));
#3712=AXIS2_PLACEMENT_3D('',#3709,#3710,#3711);
#3713=PLANE('',#3712);
#3714=ORIENTED_EDGE('',*,*,#2989,.F.);
#3716=ORIENTED_EDGE('',*,*,#3715,.F.);
#3718=ORIENTED_EDGE('',*,*,#3717,.F.);
#3720=ORIENTED_EDGE('',*,*,#3719,.F.);
#3721=ORIENTED_EDGE('',*,*,#3699,.T.);
#3722=EDGE_LOOP('',(#3714,#3716,#3718,#3720,#3721));
#3723=FACE_OUTER_BOUND('',#3722,.F.);
#3725=CARTESIAN_POINT('',(2.745711633663E1,1.790259900990E1,1.525E0));
#3726=DIRECTION('',(0.E0,0.E0,1.E0));
#3727=DIRECTION('',(-1.E0,0.E0,0.E0));
#3728=AXIS2_PLACEMENT_3D('',#3725,#3726,#3727);
#3729=PLANE('',#3728);
#3730=ORIENTED_EDGE('',*,*,#2987,.T.);
#3732=ORIENTED_EDGE('',*,*,#3731,.T.);
#3734=ORIENTED_EDGE('',*,*,#3733,.F.);
#3736=ORIENTED_EDGE('',*,*,#3735,.F.);
#3737=ORIENTED_EDGE('',*,*,#3353,.F.);
#3739=ORIENTED_EDGE('',*,*,#3738,.F.);
#3740=ORIENTED_EDGE('',*,*,#3715,.T.);
#3741=EDGE_LOOP('',(#3730,#3732,#3734,#3736,#3737,#3739,#3740));
#3742=FACE_OUTER_BOUND('',#3741,.F.);
#3744=CARTESIAN_POINT('',(2.745711633663E1,1.740259900990E1,0.E0));
#3745=DIRECTION('',(0.E0,1.E0,0.E0));
#3746=DIRECTION('',(0.E0,0.E0,-1.E0));
#3747=AXIS2_PLACEMENT_3D('',#3744,#3745,#3746);
#3748=PLANE('',#3747);
#3749=ORIENTED_EDGE('',*,*,#2985,.T.);
#3751=ORIENTED_EDGE('',*,*,#3750,.F.);
#3753=ORIENTED_EDGE('',*,*,#3752,.T.);
#3755=ORIENTED_EDGE('',*,*,#3754,.F.);
#3757=ORIENTED_EDGE('',*,*,#3756,.F.);
#3758=ORIENTED_EDGE('',*,*,#3731,.F.);
#3759=EDGE_LOOP('',(#3749,#3751,#3753,#3755,#3757,#3758));
#3760=FACE_OUTER_BOUND('',#3759,.F.);
#3762=CARTESIAN_POINT('',(3.244211633664E1,1.740259900990E1,-1.025E0));
#3763=DIRECTION('',(0.E0,0.E0,1.E0));
#3764=DIRECTION('',(-1.E0,0.E0,0.E0));
#3765=AXIS2_PLACEMENT_3D('',#3762,#3763,#3764);
#3766=PLANE('',#3765);
#3767=ORIENTED_EDGE('',*,*,#2983,.F.);
#3769=ORIENTED_EDGE('',*,*,#3768,.F.);
#3771=ORIENTED_EDGE('',*,*,#3770,.T.);
#3772=ORIENTED_EDGE('',*,*,#3750,.T.);
#3773=EDGE_LOOP('',(#3767,#3769,#3771,#3772));
#3774=FACE_OUTER_BOUND('',#3773,.F.);
#3776=CARTESIAN_POINT('',(2.262211633663E1,1.745259900990E1,-1.285E0));
#3777=DIRECTION('',(0.E0,-1.E0,0.E0));
#3778=DIRECTION('',(0.E0,0.E0,-1.E0));
#3779=AXIS2_PLACEMENT_3D('',#3776,#3777,#3778);
#3780=PLANE('',#3779);
#3781=ORIENTED_EDGE('',*,*,#2981,.T.);
#3783=ORIENTED_EDGE('',*,*,#3782,.F.);
#3785=ORIENTED_EDGE('',*,*,#3784,.T.);
#3787=ORIENTED_EDGE('',*,*,#3786,.F.);
#3789=ORIENTED_EDGE('',*,*,#3788,.T.);
#3791=ORIENTED_EDGE('',*,*,#3790,.F.);
#3793=ORIENTED_EDGE('',*,*,#3792,.T.);
#3794=ORIENTED_EDGE('',*,*,#3768,.T.);
#3795=EDGE_LOOP('',(#3781,#3783,#3785,#3787,#3789,#3791,#3793,#3794));
#3796=FACE_OUTER_BOUND('',#3795,.F.);
#3798=CARTESIAN_POINT('',(2.278588116157E1,1.743059900986E1,-1.345E0));
#3799=DIRECTION('',(-1.E0,0.E0,0.E0));
#3800=DIRECTION('',(0.E0,0.E0,1.E0));
#3801=AXIS2_PLACEMENT_3D('',#3798,#3799,#3800);
#3802=CYLINDRICAL_SURFACE('',#3801,4.E-2);
#3803=ORIENTED_EDGE('',*,*,#3782,.T.);
#3804=ORIENTED_EDGE('',*,*,#2979,.F.);
#3806=ORIENTED_EDGE('',*,*,#3805,.T.);
#3808=ORIENTED_EDGE('',*,*,#3807,.F.);
#3809=EDGE_LOOP('',(#3803,#3804,#3806,#3808));
#3810=FACE_OUTER_BOUND('',#3809,.F.);
#3812=CARTESIAN_POINT('',(2.270711633663E1,1.740659900989E1,-1.305E0));
#3813=DIRECTION('',(0.E0,0.E0,1.E0));
#3814=DIRECTION('',(0.E0,1.E0,0.E0));
#3815=AXIS2_PLACEMENT_3D('',#3812,#3813,#3814);
#3816=PLANE('',#3815);
#3818=ORIENTED_EDGE('',*,*,#3817,.T.);
#3819=ORIENTED_EDGE('',*,*,#3805,.F.);
#3820=ORIENTED_EDGE('',*,*,#2977,.T.);
#3822=ORIENTED_EDGE('',*,*,#3821,.F.);
#3823=EDGE_LOOP('',(#3818,#3819,#3820,#3822));
#3824=FACE_OUTER_BOUND('',#3823,.F.);
#3826=CARTESIAN_POINT('',(2.263211633663E1,1.784760051049E1,
-2.612083487540E-1));
#3827=DIRECTION('',(1.E0,0.E0,0.E0));
#3828=DIRECTION('',(0.E0,0.E0,-1.E0));
#3829=AXIS2_PLACEMENT_3D('',#3826,#3827,#3828);
#3830=PLANE('',#3829);
#3832=ORIENTED_EDGE('',*,*,#3831,.T.);
#3834=ORIENTED_EDGE('',*,*,#3833,.T.);
#3836=ORIENTED_EDGE('',*,*,#3835,.T.);
#3838=ORIENTED_EDGE('',*,*,#3837,.T.);
#3840=ORIENTED_EDGE('',*,*,#3839,.T.);
#3841=ORIENTED_EDGE('',*,*,#2909,.F.);
#3843=ORIENTED_EDGE('',*,*,#3842,.F.);
#3844=ORIENTED_EDGE('',*,*,#3784,.F.);
#3845=ORIENTED_EDGE('',*,*,#3807,.T.);
#3846=ORIENTED_EDGE('',*,*,#3817,.F.);
#3848=ORIENTED_EDGE('',*,*,#3847,.F.);
#3850=ORIENTED_EDGE('',*,*,#3849,.T.);
#3852=ORIENTED_EDGE('',*,*,#3851,.F.);
#3854=ORIENTED_EDGE('',*,*,#3853,.T.);
#3856=ORIENTED_EDGE('',*,*,#3855,.F.);
#3858=ORIENTED_EDGE('',*,*,#3857,.F.);
#3860=ORIENTED_EDGE('',*,*,#3859,.F.);
#3862=ORIENTED_EDGE('',*,*,#3861,.T.);
#3864=ORIENTED_EDGE('',*,*,#3863,.T.);
#3866=ORIENTED_EDGE('',*,*,#3865,.T.);
#3868=ORIENTED_EDGE('',*,*,#3867,.T.);
#3870=ORIENTED_EDGE('',*,*,#3869,.T.);
#3872=ORIENTED_EDGE('',*,*,#3871,.F.);
#3874=ORIENTED_EDGE('',*,*,#3873,.T.);
#3876=ORIENTED_EDGE('',*,*,#3875,.T.);
#3877=EDGE_LOOP('',(#3832,#3834,#3836,#3838,#3840,#3841,#3843,#3844,#3845,#3846,
#3848,#3850,#3852,#3854,#3856,#3858,#3860,#3862,#3864,#3866,#3868,#3870,#3872,
#3874,#3876));
#3878=FACE_OUTER_BOUND('',#3877,.F.);
#3880=CARTESIAN_POINT('',(3.263961633663E1,1.772759900988E1,
-7.649519053258E-1));
#3881=DIRECTION('',(0.E0,1.E0,0.E0));
#3882=DIRECTION('',(1.E0,0.E0,0.E0));
#3883=AXIS2_PLACEMENT_3D('',#3880,#3881,#3882);
#3884=PLANE('',#3883);
#3885=ORIENTED_EDGE('',*,*,#2945,.T.);
#3887=ORIENTED_EDGE('',*,*,#3886,.T.);
#3889=ORIENTED_EDGE('',*,*,#3888,.T.);
#3891=ORIENTED_EDGE('',*,*,#3890,.T.);
#3893=ORIENTED_EDGE('',*,*,#3892,.T.);
#3895=ORIENTED_EDGE('',*,*,#3894,.F.);
#3896=ORIENTED_EDGE('',*,*,#3831,.F.);
#3898=ORIENTED_EDGE('',*,*,#3897,.F.);
#3899=EDGE_LOOP('',(#3885,#3887,#3889,#3891,#3893,#3895,#3896,#3898));
#3900=FACE_OUTER_BOUND('',#3899,.F.);
#3902=CARTESIAN_POINT('',(2.745711633663E1,1.774247242216E1,
-9.291423048567E-1));
#3903=DIRECTION('',(0.E0,8.660254037668E-1,-5.000000000306E-1));
#3904=DIRECTION('',(0.E0,5.000000000306E-1,8.660254037668E-1));
#3905=AXIS2_PLACEMENT_3D('',#3902,#3903,#3904);
#3906=PLANE('',#3905);
#3907=ORIENTED_EDGE('',*,*,#2943,.F.);
#3909=ORIENTED_EDGE('',*,*,#3908,.F.);
#3911=ORIENTED_EDGE('',*,*,#3910,.F.);
#3912=ORIENTED_EDGE('',*,*,#3886,.F.);
#3913=EDGE_LOOP('',(#3907,#3909,#3911,#3912));
#3914=FACE_OUTER_BOUND('',#3913,.F.);
#3916=CARTESIAN_POINT('',(3.346831633663E1,1.780259900991E1,-1.075E0));
#3917=DIRECTION('',(-1.E0,0.E0,0.E0));
#3918=DIRECTION('',(0.E0,-1.E0,0.E0));
#3919=AXIS2_PLACEMENT_3D('',#3916,#3917,#3918);
#3920=CYLINDRICAL_SURFACE('',#3919,1.250000000100E-1);
#3921=ORIENTED_EDGE('',*,*,#2939,.F.);
#3922=ORIENTED_EDGE('',*,*,#3095,.T.);
#3924=ORIENTED_EDGE('',*,*,#3923,.F.);
#3926=ORIENTED_EDGE('',*,*,#3925,.T.);
#3928=ORIENTED_EDGE('',*,*,#3927,.F.);
#3930=ORIENTED_EDGE('',*,*,#3929,.T.);
#3932=ORIENTED_EDGE('',*,*,#3931,.F.);
#3933=ORIENTED_EDGE('',*,*,#3908,.T.);
#3934=ORIENTED_EDGE('',*,*,#2941,.F.);
#3935=EDGE_LOOP('',(#3921,#3922,#3924,#3926,#3928,#3930,#3932,#3933,#3934));
#3936=FACE_OUTER_BOUND('',#3935,.F.);
#3938=CARTESIAN_POINT('',(2.224711633663E1,1.790259900990E1,-1.175000000022E0));
#3939=DIRECTION('',(1.E0,0.E0,0.E0));
#3940=DIRECTION('',(0.E0,1.E0,0.E0));
#3941=AXIS2_PLACEMENT_3D('',#3938,#3939,#3940);
#3942=PLANE('',#3941);
#3943=ORIENTED_EDGE('',*,*,#3923,.T.);
#3944=ORIENTED_EDGE('',*,*,#3093,.T.);
#3946=ORIENTED_EDGE('',*,*,#3945,.T.);
#3948=ORIENTED_EDGE('',*,*,#3947,.T.);
#3949=EDGE_LOOP('',(#3943,#3944,#3946,#3948));
#3950=FACE_OUTER_BOUND('',#3949,.F.);
#3952=CARTESIAN_POINT('',(2.226110623956E1,1.795259900988E1,-1.150000000001E0));
#3953=DIRECTION('',(-1.E0,0.E0,0.E0));
#3954=DIRECTION('',(0.E0,-1.E0,0.E0));
#3955=AXIS2_PLACEMENT_3D('',#3952,#3953,#3954);
#3956=CYLINDRICAL_SURFACE('',#3955,5.E-2);
#3958=ORIENTED_EDGE('',*,*,#3957,.T.);
#3959=ORIENTED_EDGE('',*,*,#3945,.F.);
#3960=ORIENTED_EDGE('',*,*,#3091,.T.);
#3962=ORIENTED_EDGE('',*,*,#3961,.T.);
#3964=ORIENTED_EDGE('',*,*,#3963,.F.);
#3965=EDGE_LOOP('',(#3958,#3959,#3960,#3962,#3964));
#3966=FACE_OUTER_BOUND('',#3965,.F.);
#3968=CARTESIAN_POINT('',(2.196211633663E1,1.787759900990E1,-1.200000000003E0));
#3969=DIRECTION('',(0.E0,-2.809307713527E-11,1.E0));
#3970=DIRECTION('',(0.E0,1.E0,2.809307713527E-11));
#3971=AXIS2_PLACEMENT_3D('',#3968,#3969,#3970);
#3972=PLANE('',#3971);
#3973=ORIENTED_EDGE('',*,*,#3925,.F.);
#3974=ORIENTED_EDGE('',*,*,#3947,.F.);
#3975=ORIENTED_EDGE('',*,*,#3957,.F.);
#3977=ORIENTED_EDGE('',*,*,#3976,.T.);
#3978=EDGE_LOOP('',(#3973,#3974,#3975,#3977));
#3979=FACE_OUTER_BOUND('',#3978,.F.);
#3981=CARTESIAN_POINT('',(2.167711633663E1,1.784009900989E1,-1.037500000025E0));
#3982=DIRECTION('',(1.E0,0.E0,0.E0));
#3983=DIRECTION('',(0.E0,1.E0,0.E0));
#3984=AXIS2_PLACEMENT_3D('',#3981,#3982,#3983);
#3985=PLANE('',#3984);
#3986=ORIENTED_EDGE('',*,*,#3927,.T.);
#3987=ORIENTED_EDGE('',*,*,#3976,.F.);
#3988=ORIENTED_EDGE('',*,*,#3963,.T.);
#3990=ORIENTED_EDGE('',*,*,#3989,.F.);
#3992=ORIENTED_EDGE('',*,*,#3991,.T.);
#3994=ORIENTED_EDGE('',*,*,#3993,.T.);
#3996=ORIENTED_EDGE('',*,*,#3995,.T.);
#3997=EDGE_LOOP('',(#3986,#3987,#3988,#3990,#3992,#3994,#3996));
#3998=FACE_OUTER_BOUND('',#3997,.F.);
#4000=CARTESIAN_POINT('',(2.180211633663E1,1.800259900988E1,-1.087500000034E0));
#4001=DIRECTION('',(0.E0,1.E0,0.E0));
#4002=DIRECTION('',(1.E0,0.E0,0.E0));
#4003=AXIS2_PLACEMENT_3D('',#4000,#4001,#4002);
#4004=PLANE('',#4003);
#4006=ORIENTED_EDGE('',*,*,#4005,.T.);
#4008=ORIENTED_EDGE('',*,*,#4007,.F.);
#4009=ORIENTED_EDGE('',*,*,#3989,.T.);
#4010=ORIENTED_EDGE('',*,*,#3961,.F.);
#4011=EDGE_LOOP('',(#4006,#4008,#4009,#4010));
#4012=FACE_OUTER_BOUND('',#4011,.F.);
#4014=CARTESIAN_POINT('',(2.192711633663E1,1.814009900988E1,
-8.125000000448E-1));
#4015=DIRECTION('',(1.E0,0.E0,0.E0));
#4016=DIRECTION('',(0.E0,-1.E0,0.E0));
#4017=AXIS2_PLACEMENT_3D('',#4014,#4015,#4016);
#4018=PLANE('',#4017);
#4019=ORIENTED_EDGE('',*,*,#3089,.F.);
#4021=ORIENTED_EDGE('',*,*,#4020,.T.);
#4022=ORIENTED_EDGE('',*,*,#3178,.T.);
#4024=ORIENTED_EDGE('',*,*,#4023,.T.);
#4025=ORIENTED_EDGE('',*,*,#3892,.F.);
#4027=ORIENTED_EDGE('',*,*,#4026,.F.);
#4029=ORIENTED_EDGE('',*,*,#4028,.T.);
#4030=ORIENTED_EDGE('',*,*,#4005,.F.);
#4031=EDGE_LOOP('',(#4019,#4021,#4022,#4024,#4025,#4027,#4029,#4030));
#4032=FACE_OUTER_BOUND('',#4031,.F.);
#4034=CARTESIAN_POINT('',(2.180211633663E1,1.855259900988E1,
-8.125000000448E-1));
#4035=DIRECTION('',(0.E0,1.E0,0.E0));
#4036=DIRECTION('',(-1.E0,0.E0,0.E0));
#4037=AXIS2_PLACEMENT_3D('',#4034,#4035,#4036);
#4038=PLANE('',#4037);
#4039=ORIENTED_EDGE('',*,*,#4020,.F.);
#4040=ORIENTED_EDGE('',*,*,#3087,.F.);
#4042=ORIENTED_EDGE('',*,*,#4041,.T.);
#4043=ORIENTED_EDGE('',*,*,#3180,.T.);
#4044=EDGE_LOOP('',(#4039,#4040,#4042,#4043));
#4045=FACE_OUTER_BOUND('',#4044,.F.);
#4047=CARTESIAN_POINT('',(2.167711633663E1,1.877759900988E1,
-8.125000000448E-1));
#4048=DIRECTION('',(1.E0,0.E0,0.E0));
#4049=DIRECTION('',(0.E0,-1.E0,0.E0));
#4050=AXIS2_PLACEMENT_3D('',#4047,#4048,#4049);
#4051=PLANE('',#4050);
#4052=ORIENTED_EDGE('',*,*,#3182,.T.);
#4053=ORIENTED_EDGE('',*,*,#4041,.F.);
#4054=ORIENTED_EDGE('',*,*,#3085,.F.);
#4055=ORIENTED_EDGE('',*,*,#3115,.F.);
#4056=ORIENTED_EDGE('',*,*,#3129,.T.);
#4057=ORIENTED_EDGE('',*,*,#3143,.F.);
#4058=ORIENTED_EDGE('',*,*,#3157,.T.);
#4059=EDGE_LOOP('',(#4052,#4053,#4054,#4055,#4056,#4057,#4058));
#4060=FACE_OUTER_BOUND('',#4059,.F.);
#4062=CARTESIAN_POINT('',(3.263961633663E1,1.777759900988E1,
-5.250000000447E-1));
#4063=DIRECTION('',(0.E0,7.071067811883E-1,-7.071067811848E-1));
#4064=DIRECTION('',(0.E0,7.071067811848E-1,7.071067811883E-1));
#4065=AXIS2_PLACEMENT_3D('',#4062,#4063,#4064);
#4066=PLANE('',#4065);
#4067=ORIENTED_EDGE('',*,*,#3066,.F.);
#4069=ORIENTED_EDGE('',*,*,#4068,.F.);
#4070=ORIENTED_EDGE('',*,*,#3833,.F.);
#4071=ORIENTED_EDGE('',*,*,#3894,.T.);
#4072=ORIENTED_EDGE('',*,*,#4023,.F.);
#4073=ORIENTED_EDGE('',*,*,#3176,.F.);
#4074=EDGE_LOOP('',(#4067,#4069,#4070,#4071,#4072,#4073));
#4075=FACE_OUTER_BOUND('',#4074,.F.);
#4077=CARTESIAN_POINT('',(2.278588116157E1,1.767259900990E1,
-5.893375673001E-1));
#4078=DIRECTION('',(-1.E0,0.E0,0.E0));
#4079=DIRECTION('',(0.E0,0.E0,1.E0));
#4080=AXIS2_PLACEMENT_3D('',#4077,#4078,#4079);
#4081=CYLINDRICAL_SURFACE('',#4080,8.E-2);
#4082=ORIENTED_EDGE('',*,*,#4068,.T.);
#4083=ORIENTED_EDGE('',*,*,#3064,.F.);
#4085=ORIENTED_EDGE('',*,*,#4084,.T.);
#4086=ORIENTED_EDGE('',*,*,#3835,.F.);
#4087=EDGE_LOOP('',(#4082,#4083,#4085,#4086));
#4088=FACE_OUTER_BOUND('',#4087,.F.);
#4090=CARTESIAN_POINT('',(2.270711633663E1,1.770759900989E1,
-5.171687836398E-1));
#4091=DIRECTION('',(0.E0,5.000000001758E-1,8.660254036829E-1));
#4092=DIRECTION('',(0.E0,8.660254036829E-1,-5.000000001758E-1));
#4093=AXIS2_PLACEMENT_3D('',#4090,#4091,#4092);
#4094=PLANE('',#4093);
#4095=ORIENTED_EDGE('',*,*,#3837,.F.);
#4096=ORIENTED_EDGE('',*,*,#4084,.F.);
#4097=ORIENTED_EDGE('',*,*,#3062,.F.);
#4099=ORIENTED_EDGE('',*,*,#4098,.F.);
#4100=EDGE_LOOP('',(#4095,#4096,#4097,#4099));
#4101=FACE_OUTER_BOUND('',#4100,.F.);
#4103=CARTESIAN_POINT('',(2.278588116157E1,1.774259900990E1,
-4.449999999972E-1));
#4104=DIRECTION('',(-1.E0,0.E0,0.E0));
#4105=DIRECTION('',(0.E0,0.E0,1.E0));
#4106=AXIS2_PLACEMENT_3D('',#4103,#4104,#4105);
#4107=CYLINDRICAL_SURFACE('',#4106,8.E-2);
#4108=ORIENTED_EDGE('',*,*,#2911,.T.);
#4109=ORIENTED_EDGE('',*,*,#3839,.F.);
#4110=ORIENTED_EDGE('',*,*,#4098,.T.);
#4111=ORIENTED_EDGE('',*,*,#3060,.F.);
#4112=EDGE_LOOP('',(#4108,#4109,#4110,#4111));
#4113=FACE_OUTER_BOUND('',#4112,.F.);
#4115=CARTESIAN_POINT('',(2.196211633663E1,1.776509900990E1,
-8.750000000447E-1));
#4116=DIRECTION('',(0.E0,0.E0,1.E0));
#4117=DIRECTION('',(1.E0,0.E0,0.E0));
#4118=AXIS2_PLACEMENT_3D('',#4115,#4116,#4117);
#4119=PLANE('',#4118);
#4120=ORIENTED_EDGE('',*,*,#4026,.T.);
#4121=ORIENTED_EDGE('',*,*,#3890,.F.);
#4123=ORIENTED_EDGE('',*,*,#4122,.T.);
#4125=ORIENTED_EDGE('',*,*,#4124,.T.);
#4126=ORIENTED_EDGE('',*,*,#3993,.F.);
#4128=ORIENTED_EDGE('',*,*,#4127,.F.);
#4129=EDGE_LOOP('',(#4120,#4121,#4123,#4125,#4126,#4128));
#4130=FACE_OUTER_BOUND('',#4129,.F.);
#4132=CARTESIAN_POINT('',(2.224711633663E1,1.770259900989E1,
-9.750000000133E-1));
#4133=DIRECTION('',(1.E0,0.E0,0.E0));
#4134=DIRECTION('',(0.E0,1.E0,0.E0));
#4135=AXIS2_PLACEMENT_3D('',#4132,#4133,#4134);
#4136=PLANE('',#4135);
#4137=ORIENTED_EDGE('',*,*,#3931,.T.);
#4139=ORIENTED_EDGE('',*,*,#4138,.F.);
#4140=ORIENTED_EDGE('',*,*,#4122,.F.);
#4141=ORIENTED_EDGE('',*,*,#3888,.F.);
#4142=ORIENTED_EDGE('',*,*,#3910,.T.);
#4143=EDGE_LOOP('',(#4137,#4139,#4140,#4141,#4142));
#4144=FACE_OUTER_BOUND('',#4143,.F.);
#4146=CARTESIAN_POINT('',(2.196211633663E1,1.767759900991E1,
-9.750000000253E-1));
#4147=DIRECTION('',(0.E0,1.E0,0.E0));
#4148=DIRECTION('',(-1.E0,0.E0,0.E0));
#4149=AXIS2_PLACEMENT_3D('',#4146,#4147,#4148);
#4150=PLANE('',#4149);
#4151=ORIENTED_EDGE('',*,*,#4124,.F.);
#4152=ORIENTED_EDGE('',*,*,#4138,.T.);
#4153=ORIENTED_EDGE('',*,*,#3929,.F.);
#4154=ORIENTED_EDGE('',*,*,#3995,.F.);
#4155=EDGE_LOOP('',(#4151,#4152,#4153,#4154));
#4156=FACE_OUTER_BOUND('',#4155,.F.);
#4158=CARTESIAN_POINT('',(2.194110623956E1,1.785259900988E1,-1.025000000045E0));
#4159=DIRECTION('',(-1.E0,0.E0,0.E0));
#4160=DIRECTION('',(0.E0,-1.E0,0.E0));
#4161=AXIS2_PLACEMENT_3D('',#4158,#4159,#4160);
#4162=CYLINDRICAL_SURFACE('',#4161,1.5E-1);
#4163=ORIENTED_EDGE('',*,*,#4028,.F.);
#4164=ORIENTED_EDGE('',*,*,#4127,.T.);
#4165=ORIENTED_EDGE('',*,*,#3991,.F.);
#4166=ORIENTED_EDGE('',*,*,#4007,.T.);
#4167=EDGE_LOOP('',(#4163,#4164,#4165,#4166));
#4168=FACE_OUTER_BOUND('',#4167,.F.);
#4170=CARTESIAN_POINT('',(2.270711633663E1,1.771978812075E1,
-9.117339375994E-1));
#4171=DIRECTION('',(0.E0,8.660254035615E-1,-5.000000003862E-1));
#4172=DIRECTION('',(0.E0,-5.000000003862E-1,-8.660254035615E-1));
#4173=AXIS2_PLACEMENT_3D('',#4170,#4171,#4172);
#4174=PLANE('',#4173);
#4175=ORIENTED_EDGE('',*,*,#3897,.T.);
#4176=ORIENTED_EDGE('',*,*,#3875,.F.);
#4178=ORIENTED_EDGE('',*,*,#4177,.F.);
#4179=ORIENTED_EDGE('',*,*,#2947,.F.);
#4180=EDGE_LOOP('',(#4175,#4176,#4178,#4179));
#4181=FACE_OUTER_BOUND('',#4180,.F.);
#4183=CARTESIAN_POINT('',(2.278588116157E1,1.782759900990E1,-1.024999999944E0));
#4184=DIRECTION('',(-1.E0,0.E0,0.E0));
#4185=DIRECTION('',(0.E0,0.E0,1.E0));
#4186=AXIS2_PLACEMENT_3D('',#4183,#4184,#4185);
#4187=CYLINDRICAL_SURFACE('',#4186,1.500000000003E-1);
#4188=ORIENTED_EDGE('',*,*,#3873,.F.);
#4190=ORIENTED_EDGE('',*,*,#4189,.T.);
#4191=ORIENTED_EDGE('',*,*,#2949,.F.);
#4192=ORIENTED_EDGE('',*,*,#4177,.T.);
#4193=EDGE_LOOP('',(#4188,#4190,#4191,#4192));
#4194=FACE_OUTER_BOUND('',#4193,.F.);
#4196=CARTESIAN_POINT('',(2.270711633663E1,1.767759900990E1,-1.050000000013E0));
#4197=DIRECTION('',(0.E0,1.E0,0.E0));
#4198=DIRECTION('',(0.E0,0.E0,-1.E0));
#4199=AXIS2_PLACEMENT_3D('',#4196,#4197,#4198);
#4200=PLANE('',#4199);
#4201=ORIENTED_EDGE('',*,*,#3871,.T.);
#4203=ORIENTED_EDGE('',*,*,#4202,.F.);
#4204=ORIENTED_EDGE('',*,*,#2951,.T.);
#4205=ORIENTED_EDGE('',*,*,#4189,.F.);
#4206=EDGE_LOOP('',(#4201,#4203,#4204,#4205));
#4207=FACE_OUTER_BOUND('',#4206,.F.);
#4209=CARTESIAN_POINT('',(2.278588116157E1,1.782759900990E1,-1.075E0));
#4210=DIRECTION('',(-1.E0,0.E0,0.E0));
#4211=DIRECTION('',(0.E0,0.E0,1.E0));
#4212=AXIS2_PLACEMENT_3D('',#4209,#4210,#4211);
#4213=CYLINDRICAL_SURFACE('',#4212,1.500000000141E-1);
#4214=ORIENTED_EDGE('',*,*,#3869,.F.);
#4216=ORIENTED_EDGE('',*,*,#4215,.T.);
#4217=ORIENTED_EDGE('',*,*,#2953,.F.);
#4218=ORIENTED_EDGE('',*,*,#4202,.T.);
#4219=EDGE_LOOP('',(#4214,#4216,#4217,#4218));
#4220=FACE_OUTER_BOUND('',#4219,.F.);
#4222=CARTESIAN_POINT('',(2.270711633663E1,1.777009900992E1,-1.215007440304E0));
#4223=DIRECTION('',(0.E0,4.999999992965E-1,8.660254041906E-1));
#4224=DIRECTION('',(0.E0,8.660254041906E-1,-4.999999992965E-1));
#4225=AXIS2_PLACEMENT_3D('',#4222,#4223,#4224);
#4226=PLANE('',#4225);
#4227=ORIENTED_EDGE('',*,*,#3867,.F.);
#4229=ORIENTED_EDGE('',*,*,#4228,.F.);
#4230=ORIENTED_EDGE('',*,*,#2955,.F.);
#4231=ORIENTED_EDGE('',*,*,#4215,.F.);
#4232=EDGE_LOOP('',(#4227,#4229,#4230,#4231));
#4233=FACE_OUTER_BOUND('',#4232,.F.);
#4235=CARTESIAN_POINT('',(2.278588116157E1,1.777259900991E1,-1.251091832105E0));
#4236=DIRECTION('',(-1.E0,0.E0,0.E0));
#4237=DIRECTION('',(0.E0,0.E0,1.E0));
#4238=AXIS2_PLACEMENT_3D('',#4235,#4236,#4237);
#4239=CYLINDRICAL_SURFACE('',#4238,3.E-2);
#4240=ORIENTED_EDGE('',*,*,#3865,.F.);
#4242=ORIENTED_EDGE('',*,*,#4241,.T.);
#4243=ORIENTED_EDGE('',*,*,#2957,.F.);
#4244=ORIENTED_EDGE('',*,*,#4228,.T.);
#4245=EDGE_LOOP('',(#4240,#4242,#4243,#4244));
#4246=FACE_OUTER_BOUND('',#4245,.F.);
#4248=CARTESIAN_POINT('',(2.270711633663E1,1.776337823735E1,-1.341851890150E0));
#4249=DIRECTION('',(0.E0,9.063077870102E-1,-4.226182617975E-1));
#4250=DIRECTION('',(0.E0,-4.226182617975E-1,-9.063077870102E-1));
#4251=AXIS2_PLACEMENT_3D('',#4248,#4249,#4250);
#4252=PLANE('',#4251);
#4253=ORIENTED_EDGE('',*,*,#3863,.F.);
#4255=ORIENTED_EDGE('',*,*,#4254,.F.);
#4256=ORIENTED_EDGE('',*,*,#2959,.F.);
#4257=ORIENTED_EDGE('',*,*,#4241,.F.);
#4258=EDGE_LOOP('',(#4253,#4255,#4256,#4257));
#4259=FACE_OUTER_BOUND('',#4258,.F.);
#4261=CARTESIAN_POINT('',(2.278588116157E1,1.781759900990E1,-1.462195226482E0));
#4262=DIRECTION('',(-1.E0,0.E0,0.E0));
#4263=DIRECTION('',(0.E0,0.E0,1.E0));
#4264=AXIS2_PLACEMENT_3D('',#4261,#4262,#4263);
#4265=CYLINDRICAL_SURFACE('',#4264,1.E-1);
#4266=ORIENTED_EDGE('',*,*,#3861,.F.);
#4268=ORIENTED_EDGE('',*,*,#4267,.T.);
#4269=ORIENTED_EDGE('',*,*,#2961,.F.);
#4270=ORIENTED_EDGE('',*,*,#4254,.T.);
#4271=EDGE_LOOP('',(#4266,#4268,#4269,#4270));
#4272=FACE_OUTER_BOUND('',#4271,.F.);
#4274=CARTESIAN_POINT('',(2.270711633663E1,1.771759900990E1,-1.618597613250E0));
#4275=DIRECTION('',(0.E0,1.E0,0.E0));
#4276=DIRECTION('',(0.E0,0.E0,-1.E0));
#4277=AXIS2_PLACEMENT_3D('',#4274,#4275,#4276);
#4278=PLANE('',#4277);
#4280=ORIENTED_EDGE('',*,*,#4279,.F.);
#4282=ORIENTED_EDGE('',*,*,#4281,.T.);
#4283=ORIENTED_EDGE('',*,*,#2963,.T.);
#4284=ORIENTED_EDGE('',*,*,#4267,.F.);
#4285=ORIENTED_EDGE('',*,*,#3859,.T.);
#4287=ORIENTED_EDGE('',*,*,#4286,.T.);
#4288=EDGE_LOOP('',(#4280,#4282,#4283,#4284,#4285,#4287));
#4289=FACE_OUTER_BOUND('',#4288,.F.);
#4291=CARTESIAN_POINT('',(2.270711633663E1,1.761759900990E1,-1.775E0));
#4292=DIRECTION('',(0.E0,0.E0,1.E0));
#4293=DIRECTION('',(1.E0,0.E0,0.E0));
#4294=AXIS2_PLACEMENT_3D('',#4291,#4292,#4293);
#4295=PLANE('',#4294);
#4297=ORIENTED_EDGE('',*,*,#4296,.T.);
#4299=ORIENTED_EDGE('',*,*,#4298,.T.);
#4300=ORIENTED_EDGE('',*,*,#4279,.T.);
#4302=ORIENTED_EDGE('',*,*,#4301,.F.);
#4303=EDGE_LOOP('',(#4297,#4299,#4300,#4302));
#4304=FACE_OUTER_BOUND('',#4303,.F.);
#4306=CARTESIAN_POINT('',(2.270711633663E1,1.751759900990E1,-1.725E0));
#4307=DIRECTION('',(0.E0,1.E0,0.E0));
#4308=DIRECTION('',(0.E0,0.E0,1.E0));
#4309=AXIS2_PLACEMENT_3D('',#4306,#4307,#4308);
#4310=PLANE('',#4309);
#4311=ORIENTED_EDGE('',*,*,#3855,.T.);
#4313=ORIENTED_EDGE('',*,*,#4312,.F.);
#4314=ORIENTED_EDGE('',*,*,#2967,.T.);
#4316=ORIENTED_EDGE('',*,*,#4315,.T.);
#4317=ORIENTED_EDGE('',*,*,#4296,.F.);
#4319=ORIENTED_EDGE('',*,*,#4318,.T.);
#4320=EDGE_LOOP('',(#4311,#4313,#4314,#4316,#4317,#4319));
#4321=FACE_OUTER_BOUND('',#4320,.F.);
#4323=CARTESIAN_POINT('',(2.278588116157E1,1.746759900990E1,-1.675E0));
#4324=DIRECTION('',(-1.E0,0.E0,0.E0));
#4325=DIRECTION('',(0.E0,0.E0,1.E0));
#4326=AXIS2_PLACEMENT_3D('',#4323,#4324,#4325);
#4327=CYLINDRICAL_SURFACE('',#4326,5.E-2);
#4328=ORIENTED_EDGE('',*,*,#3853,.F.);
#4330=ORIENTED_EDGE('',*,*,#4329,.T.);
#4331=ORIENTED_EDGE('',*,*,#2969,.F.);
#4332=ORIENTED_EDGE('',*,*,#4312,.T.);
#4333=EDGE_LOOP('',(#4328,#4330,#4331,#4332));
#4334=FACE_OUTER_BOUND('',#4333,.F.);
#4336=CARTESIAN_POINT('',(2.270711633663E1,1.745009900990E1,-1.625E0));
#4337=DIRECTION('',(0.E0,0.E0,1.E0));
#4338=DIRECTION('',(0.E0,-1.E0,0.E0));
#4339=AXIS2_PLACEMENT_3D('',#4336,#4337,#4338);
#4340=PLANE('',#4339);
#4341=ORIENTED_EDGE('',*,*,#3851,.T.);
#4343=ORIENTED_EDGE('',*,*,#4342,.F.);
#4344=ORIENTED_EDGE('',*,*,#2971,.T.);
#4345=ORIENTED_EDGE('',*,*,#4329,.F.);
#4346=EDGE_LOOP('',(#4341,#4343,#4344,#4345));
#4347=FACE_OUTER_BOUND('',#4346,.F.);
#4349=CARTESIAN_POINT('',(2.278588116157E1,1.743259900990E1,-1.575E0));
#4350=DIRECTION('',(-1.E0,0.E0,0.E0));
#4351=DIRECTION('',(0.E0,0.E0,1.E0));
#4352=AXIS2_PLACEMENT_3D('',#4349,#4350,#4351);
#4353=CYLINDRICAL_SURFACE('',#4352,5.E-2);
#4354=ORIENTED_EDGE('',*,*,#3849,.F.);
#4356=ORIENTED_EDGE('',*,*,#4355,.T.);
#4357=ORIENTED_EDGE('',*,*,#2973,.F.);
#4358=ORIENTED_EDGE('',*,*,#4342,.T.);
#4359=EDGE_LOOP('',(#4354,#4356,#4357,#4358));
#4360=FACE_OUTER_BOUND('',#4359,.F.);
#4362=CARTESIAN_POINT('',(2.270711633663E1,1.738259900990E1,-1.44E0));
#4363=DIRECTION('',(0.E0,1.E0,0.E0));
#4364=DIRECTION('',(0.E0,0.E0,1.E0));
#4365=AXIS2_PLACEMENT_3D('',#4362,#4363,#4364);
#4366=PLANE('',#4365);
#4367=ORIENTED_EDGE('',*,*,#3847,.T.);
#4368=ORIENTED_EDGE('',*,*,#3821,.T.);
#4369=ORIENTED_EDGE('',*,*,#2975,.T.);
#4370=ORIENTED_EDGE('',*,*,#4355,.F.);
#4371=EDGE_LOOP('',(#4367,#4368,#4369,#4370));
#4372=FACE_OUTER_BOUND('',#4371,.F.);
#4374=CARTESIAN_POINT('',(2.276461633663E1,1.761759900990E1,-1.757500000003E0));
#4375=DIRECTION('',(-7.071067811515E-1,0.E0,7.071067812216E-1));
#4376=DIRECTION('',(0.E0,-1.E0,0.E0));
#4377=AXIS2_PLACEMENT_3D('',#4374,#4375,#4376);
#4378=PLANE('',#4377);
#4379=ORIENTED_EDGE('',*,*,#4315,.F.);
#4380=ORIENTED_EDGE('',*,*,#2965,.T.);
#4381=ORIENTED_EDGE('',*,*,#4281,.F.);
#4382=ORIENTED_EDGE('',*,*,#4298,.F.);
#4383=EDGE_LOOP('',(#4379,#4380,#4381,#4382));
#4384=FACE_OUTER_BOUND('',#4383,.F.);
#4386=CARTESIAN_POINT('',(2.264961633663E1,1.761759900990E1,-1.757499999997E0));
#4387=DIRECTION('',(7.071067811515E-1,0.E0,7.071067812216E-1));
#4388=DIRECTION('',(0.E0,1.E0,0.E0));
#4389=AXIS2_PLACEMENT_3D('',#4386,#4387,#4388);
#4390=PLANE('',#4389);
#4391=ORIENTED_EDGE('',*,*,#4318,.F.);
#4392=ORIENTED_EDGE('',*,*,#4301,.T.);
#4393=ORIENTED_EDGE('',*,*,#4286,.F.);
#4394=ORIENTED_EDGE('',*,*,#3857,.T.);
#4395=EDGE_LOOP('',(#4391,#4392,#4393,#4394));
#4396=FACE_OUTER_BOUND('',#4395,.F.);
#4398=CARTESIAN_POINT('',(2.262211633663E1,1.745259900990E1,-1.425000000003E0));
#4399=DIRECTION('',(0.E0,0.E0,-1.E0));
#4400=DIRECTION('',(0.E0,1.E0,0.E0));
#4401=AXIS2_PLACEMENT_3D('',#4398,#4399,#4400);
#4402=PLANE('',#4401);
#4403=ORIENTED_EDGE('',*,*,#3786,.T.);
#4404=ORIENTED_EDGE('',*,*,#3842,.T.);
#4405=ORIENTED_EDGE('',*,*,#2907,.F.);
#4407=ORIENTED_EDGE('',*,*,#4406,.F.);
#4408=EDGE_LOOP('',(#4403,#4404,#4405,#4407));
#4409=FACE_OUTER_BOUND('',#4408,.F.);
#4411=CARTESIAN_POINT('',(2.259711633663E1,1.754509900990E1,-1.475000000002E0));
#4412=DIRECTION('',(8.944271909801E-1,0.E0,-4.472135955395E-1));
#4413=DIRECTION('',(4.472135955395E-1,0.E0,8.944271909801E-1));
#4414=AXIS2_PLACEMENT_3D('',#4411,#4412,#4413);
#4415=PLANE('',#4414);
#4416=ORIENTED_EDGE('',*,*,#3788,.F.);
#4417=ORIENTED_EDGE('',*,*,#4406,.T.);
#4418=ORIENTED_EDGE('',*,*,#2905,.F.);
#4420=ORIENTED_EDGE('',*,*,#4419,.F.);
#4421=EDGE_LOOP('',(#4416,#4417,#4418,#4420));
#4422=FACE_OUTER_BOUND('',#4421,.F.);
#4424=CARTESIAN_POINT('',(2.201461633663E1,1.785259900990E1,-1.525E0));
#4425=DIRECTION('',(0.E0,0.E0,1.E0));
#4426=DIRECTION('',(1.E0,0.E0,0.E0));
#4427=AXIS2_PLACEMENT_3D('',#4424,#4425,#4426);
#4428=PLANE('',#4427);
#4429=ORIENTED_EDGE('',*,*,#3790,.T.);
#4430=ORIENTED_EDGE('',*,*,#4419,.T.);
#4431=ORIENTED_EDGE('',*,*,#2903,.T.);
#4433=ORIENTED_EDGE('',*,*,#4432,.F.);
#4435=ORIENTED_EDGE('',*,*,#4434,.F.);
#4437=ORIENTED_EDGE('',*,*,#4436,.F.);
#4439=ORIENTED_EDGE('',*,*,#4438,.F.);
#4441=ORIENTED_EDGE('',*,*,#4440,.F.);
#4442=ORIENTED_EDGE('',*,*,#3754,.T.);
#4444=ORIENTED_EDGE('',*,*,#4443,.F.);
#4445=EDGE_LOOP('',(#4429,#4430,#4431,#4433,#4435,#4437,#4439,#4441,#4442,
#4444));
#4446=FACE_OUTER_BOUND('',#4445,.F.);
#4448=CARTESIAN_POINT('',(2.160711633663E1,1.799926567656E1,-1.45E0));
#4449=DIRECTION('',(8.320502943334E-1,0.E0,-5.547001962318E-1));
#4450=DIRECTION('',(0.E0,1.E0,0.E0));
#4451=AXIS2_PLACEMENT_3D('',#4448,#4449,#4450);
#4452=PLANE('',#4451);
#4454=ORIENTED_EDGE('',*,*,#4453,.F.);
#4455=ORIENTED_EDGE('',*,*,#4432,.T.);
#4456=ORIENTED_EDGE('',*,*,#2901,.F.);
#4458=ORIENTED_EDGE('',*,*,#4457,.F.);
#4460=ORIENTED_EDGE('',*,*,#4459,.F.);
#4462=ORIENTED_EDGE('',*,*,#4461,.F.);
#4463=EDGE_LOOP('',(#4454,#4455,#4456,#4458,#4460,#4462));
#4464=FACE_OUTER_BOUND('',#4463,.F.);
#4466=CARTESIAN_POINT('',(2.168211633663E1,1.835259900990E1,-1.45E0));
#4467=DIRECTION('',(0.E0,8.320502943349E-1,-5.547001962296E-1));
#4468=DIRECTION('',(0.E0,-5.547001962296E-1,-8.320502943349E-1));
#4469=AXIS2_PLACEMENT_3D('',#4466,#4467,#4468);
#4470=PLANE('',#4469);
#4471=ORIENTED_EDGE('',*,*,#3363,.T.);
#4473=ORIENTED_EDGE('',*,*,#4472,.F.);
#4474=ORIENTED_EDGE('',*,*,#4434,.T.);
#4475=ORIENTED_EDGE('',*,*,#4453,.T.);
#4477=ORIENTED_EDGE('',*,*,#4476,.F.);
#4479=ORIENTED_EDGE('',*,*,#4478,.F.);
#4480=EDGE_LOOP('',(#4471,#4473,#4474,#4475,#4477,#4479));
#4481=FACE_OUTER_BOUND('',#4480,.F.);
#4483=CARTESIAN_POINT('',(2.145711633663E1,1.795259900990E1,-3.25E-1));
#4484=DIRECTION('',(1.E0,0.E0,0.E0));
#4485=DIRECTION('',(0.E0,0.E0,-1.E0));
#4486=AXIS2_PLACEMENT_3D('',#4483,#4484,#4485);
#4487=PLANE('',#4486);
#4488=ORIENTED_EDGE('',*,*,#4436,.T.);
#4489=ORIENTED_EDGE('',*,*,#4472,.T.);
#4490=ORIENTED_EDGE('',*,*,#3361,.T.);
#4492=ORIENTED_EDGE('',*,*,#4491,.F.);
#4494=ORIENTED_EDGE('',*,*,#4493,.F.);
#4495=EDGE_LOOP('',(#4488,#4489,#4490,#4492,#4494));
#4496=FACE_OUTER_BOUND('',#4495,.F.);
#4498=CARTESIAN_POINT('',(2.165461633663E1,1.795259900990E1,8.75E-1));
#4499=DIRECTION('',(0.E0,0.E0,1.E0));
#4500=DIRECTION('',(-1.E0,0.E0,0.E0));
#4501=AXIS2_PLACEMENT_3D('',#4498,#4499,#4500);
#4502=PLANE('',#4501);
#4504=ORIENTED_EDGE('',*,*,#4503,.T.);
#4506=ORIENTED_EDGE('',*,*,#4505,.F.);
#4508=ORIENTED_EDGE('',*,*,#4507,.F.);
#4510=ORIENTED_EDGE('',*,*,#4509,.F.);
#4511=ORIENTED_EDGE('',*,*,#4491,.T.);
#4512=ORIENTED_EDGE('',*,*,#3359,.T.);
#4514=ORIENTED_EDGE('',*,*,#4513,.F.);
#4516=ORIENTED_EDGE('',*,*,#4515,.F.);
#4518=ORIENTED_EDGE('',*,*,#4517,.T.);
#4520=ORIENTED_EDGE('',*,*,#4519,.T.);
#4522=ORIENTED_EDGE('',*,*,#4521,.F.);
#4524=ORIENTED_EDGE('',*,*,#4523,.F.);
#4526=ORIENTED_EDGE('',*,*,#4525,.F.);
#4528=ORIENTED_EDGE('',*,*,#4527,.F.);
#4529=EDGE_LOOP('',(#4504,#4506,#4508,#4510,#4511,#4512,#4514,#4516,#4518,#4520,
#4522,#4524,#4526,#4528));
#4530=FACE_OUTER_BOUND('',#4529,.F.);
#4532=CARTESIAN_POINT('',(2.169211633663E1,1.788259900990E1,
-4.249999999925E-2));
#4533=DIRECTION('',(1.E0,0.E0,0.E0));
#4534=DIRECTION('',(0.E0,0.E0,-1.E0));
#4535=AXIS2_PLACEMENT_3D('',#4532,#4533,#4534);
#4536=PLANE('',#4535);
#4537=ORIENTED_EDGE('',*,*,#4503,.F.);
#4539=ORIENTED_EDGE('',*,*,#4538,.F.);
#4541=ORIENTED_EDGE('',*,*,#4540,.T.);
#4543=ORIENTED_EDGE('',*,*,#4542,.F.);
#4545=ORIENTED_EDGE('',*,*,#4544,.T.);
#4547=ORIENTED_EDGE('',*,*,#4546,.T.);
#4549=ORIENTED_EDGE('',*,*,#4548,.F.);
#4551=ORIENTED_EDGE('',*,*,#4550,.T.);
#4553=ORIENTED_EDGE('',*,*,#4552,.T.);
#4555=ORIENTED_EDGE('',*,*,#4554,.F.);
#4557=ORIENTED_EDGE('',*,*,#4556,.T.);
#4559=ORIENTED_EDGE('',*,*,#4558,.T.);
#4561=ORIENTED_EDGE('',*,*,#4560,.F.);
#4563=ORIENTED_EDGE('',*,*,#4562,.T.);
#4565=ORIENTED_EDGE('',*,*,#4564,.T.);
#4567=ORIENTED_EDGE('',*,*,#4566,.F.);
#4569=ORIENTED_EDGE('',*,*,#4568,.T.);
#4571=ORIENTED_EDGE('',*,*,#4570,.F.);
#4573=ORIENTED_EDGE('',*,*,#4572,.T.);
#4575=ORIENTED_EDGE('',*,*,#4574,.F.);
#4577=ORIENTED_EDGE('',*,*,#4576,.T.);
#4579=ORIENTED_EDGE('',*,*,#4578,.F.);
#4581=ORIENTED_EDGE('',*,*,#4580,.T.);
#4583=ORIENTED_EDGE('',*,*,#4582,.T.);
#4585=ORIENTED_EDGE('',*,*,#4584,.T.);
#4587=ORIENTED_EDGE('',*,*,#4586,.T.);
#4589=ORIENTED_EDGE('',*,*,#4588,.F.);
#4591=ORIENTED_EDGE('',*,*,#4590,.T.);
#4592=ORIENTED_EDGE('',*,*,#4521,.T.);
#4594=ORIENTED_EDGE('',*,*,#4593,.F.);
#4596=ORIENTED_EDGE('',*,*,#4595,.T.);
#4598=ORIENTED_EDGE('',*,*,#4597,.F.);
#4600=ORIENTED_EDGE('',*,*,#4599,.T.);
#4602=ORIENTED_EDGE('',*,*,#4601,.F.);
#4604=ORIENTED_EDGE('',*,*,#4603,.F.);
#4606=ORIENTED_EDGE('',*,*,#4605,.T.);
#4608=ORIENTED_EDGE('',*,*,#4607,.F.);
#4610=ORIENTED_EDGE('',*,*,#4609,.T.);
#4612=ORIENTED_EDGE('',*,*,#4611,.F.);
#4614=ORIENTED_EDGE('',*,*,#4613,.F.);
#4616=ORIENTED_EDGE('',*,*,#4615,.T.);
#4618=ORIENTED_EDGE('',*,*,#4617,.T.);
#4620=ORIENTED_EDGE('',*,*,#4619,.F.);
#4621=EDGE_LOOP('',(#4537,#4539,#4541,#4543,#4545,#4547,#4549,#4551,#4553,#4555,
#4557,#4559,#4561,#4563,#4565,#4567,#4569,#4571,#4573,#4575,#4577,#4579,#4581,
#4583,#4585,#4587,#4589,#4591,#4592,#4594,#4596,#4598,#4600,#4602,#4604,#4606,
#4608,#4610,#4612,#4614,#4616,#4618,#4620));
#4622=FACE_OUTER_BOUND('',#4621,.F.);
#4624=CARTESIAN_POINT('',(2.176711633663E1,1.767259900990E1,8.750000000007E-1));
#4625=DIRECTION('',(0.E0,0.E0,1.E0));
#4626=DIRECTION('',(1.E0,0.E0,0.E0));
#4627=AXIS2_PLACEMENT_3D('',#4624,#4625,#4626);
#4628=PLANE('',#4627);
#4630=ORIENTED_EDGE('',*,*,#4629,.T.);
#4632=ORIENTED_EDGE('',*,*,#4631,.T.);
#4634=ORIENTED_EDGE('',*,*,#4633,.F.);
#4635=ORIENTED_EDGE('',*,*,#4538,.T.);
#4636=EDGE_LOOP('',(#4630,#4632,#4634,#4635));
#4637=FACE_OUTER_BOUND('',#4636,.F.);
#4639=CARTESIAN_POINT('',(2.171711633663E1,1.773259900990E1,7.999999999999E-1));
#4640=DIRECTION('',(0.E0,8.320502943339E-1,5.547001962312E-1));
#4641=DIRECTION('',(-1.E0,0.E0,0.E0));
#4642=AXIS2_PLACEMENT_3D('',#4639,#4640,#4641);
#4643=PLANE('',#4642);
#4644=ORIENTED_EDGE('',*,*,#4629,.F.);
#4645=ORIENTED_EDGE('',*,*,#4527,.T.);
#4647=ORIENTED_EDGE('',*,*,#4646,.F.);
#4649=ORIENTED_EDGE('',*,*,#4648,.F.);
#4651=ORIENTED_EDGE('',*,*,#4650,.F.);
#4653=ORIENTED_EDGE('',*,*,#4652,.T.);
#4654=EDGE_LOOP('',(#4644,#4645,#4647,#4649,#4651,#4653));
#4655=FACE_OUTER_BOUND('',#4654,.F.);
#4657=CARTESIAN_POINT('',(2.163211633663E1,1.799259900990E1,8.E-1));
#4658=DIRECTION('',(8.320502943339E-1,0.E0,5.547001962312E-1));
#4659=DIRECTION('',(0.E0,1.E0,0.E0));
#4660=AXIS2_PLACEMENT_3D('',#4657,#4658,#4659);
#4661=PLANE('',#4660);
#4663=ORIENTED_EDGE('',*,*,#4662,.F.);
#4665=ORIENTED_EDGE('',*,*,#4664,.F.);
#4666=ORIENTED_EDGE('',*,*,#4646,.T.);
#4667=ORIENTED_EDGE('',*,*,#4525,.T.);
#4668=EDGE_LOOP('',(#4663,#4665,#4666,#4667));
#4669=FACE_OUTER_BOUND('',#4668,.F.);
#4671=CARTESIAN_POINT('',(2.171711633663E1,1.825259900990E1,7.999999999999E-1));
#4672=DIRECTION('',(0.E0,8.320502943339E-1,-5.547001962312E-1));
#4673=DIRECTION('',(1.E0,0.E0,0.E0));
#4674=AXIS2_PLACEMENT_3D('',#4671,#4672,#4673);
#4675=PLANE('',#4674);
#4677=ORIENTED_EDGE('',*,*,#4676,.F.);
#4678=ORIENTED_EDGE('',*,*,#4515,.T.);
#4680=ORIENTED_EDGE('',*,*,#4679,.F.);
#4682=ORIENTED_EDGE('',*,*,#4681,.F.);
#4684=ORIENTED_EDGE('',*,*,#4683,.T.);
#4686=ORIENTED_EDGE('',*,*,#4685,.F.);
#4687=ORIENTED_EDGE('',*,*,#4662,.T.);
#4688=ORIENTED_EDGE('',*,*,#4523,.T.);
#4689=EDGE_LOOP('',(#4677,#4678,#4680,#4682,#4684,#4686,#4687,#4688));
#4690=FACE_OUTER_BOUND('',#4689,.F.);
#4692=CARTESIAN_POINT('',(2.184591533650E1,1.830259900990E1,7.750000000010E-1));
#4693=DIRECTION('',(-1.E0,0.E0,0.E0));
#4694=DIRECTION('',(0.E0,0.E0,1.E0));
#4695=AXIS2_PLACEMENT_3D('',#4692,#4693,#4694);
#4696=CYLINDRICAL_SURFACE('',#4695,9.999999999980E-2);
#4697=ORIENTED_EDGE('',*,*,#4676,.T.);
#4698=ORIENTED_EDGE('',*,*,#4590,.F.);
#4700=ORIENTED_EDGE('',*,*,#4699,.T.);
#4702=ORIENTED_EDGE('',*,*,#4701,.F.);
#4703=EDGE_LOOP('',(#4697,#4698,#4700,#4702));
#4704=FACE_OUTER_BOUND('',#4703,.F.);
#4706=CARTESIAN_POINT('',(2.176711633663E1,1.820259900990E1,
-2.999999999992E-1));
#4707=DIRECTION('',(0.E0,1.E0,0.E0));
#4708=DIRECTION('',(0.E0,0.E0,-1.E0));
#4709=AXIS2_PLACEMENT_3D('',#4706,#4707,#4708);
#4710=PLANE('',#4709);
#4711=ORIENTED_EDGE('',*,*,#4683,.F.);
#4713=ORIENTED_EDGE('',*,*,#4712,.F.);
#4714=ORIENTED_EDGE('',*,*,#4699,.F.);
#4715=ORIENTED_EDGE('',*,*,#4588,.T.);
#4716=EDGE_LOOP('',(#4711,#4713,#4714,#4715));
#4717=FACE_OUTER_BOUND('',#4716,.F.);
#4719=CARTESIAN_POINT('',(2.184211633663E1,1.788259900990E1,
-4.249999999925E-2));
#4720=DIRECTION('',(1.E0,0.E0,0.E0));
#4721=DIRECTION('',(0.E0,0.E0,-1.E0));
#4722=AXIS2_PLACEMENT_3D('',#4719,#4720,#4721);
#4723=PLANE('',#4722);
#4725=ORIENTED_EDGE('',*,*,#4724,.F.);
#4727=ORIENTED_EDGE('',*,*,#4726,.T.);
#4729=ORIENTED_EDGE('',*,*,#4728,.T.);
#4731=ORIENTED_EDGE('',*,*,#4730,.T.);
#4733=ORIENTED_EDGE('',*,*,#4732,.F.);
#4735=ORIENTED_EDGE('',*,*,#4734,.F.);
#4737=ORIENTED_EDGE('',*,*,#4736,.T.);
#4739=ORIENTED_EDGE('',*,*,#4738,.F.);
#4741=ORIENTED_EDGE('',*,*,#4740,.T.);
#4743=ORIENTED_EDGE('',*,*,#4742,.T.);
#4745=ORIENTED_EDGE('',*,*,#4744,.F.);
#4747=ORIENTED_EDGE('',*,*,#4746,.T.);
#4749=ORIENTED_EDGE('',*,*,#4748,.T.);
#4751=ORIENTED_EDGE('',*,*,#4750,.T.);
#4753=ORIENTED_EDGE('',*,*,#4752,.T.);
#4754=ORIENTED_EDGE('',*,*,#4517,.F.);
#4755=ORIENTED_EDGE('',*,*,#4701,.T.);
#4756=ORIENTED_EDGE('',*,*,#4712,.T.);
#4758=ORIENTED_EDGE('',*,*,#4757,.F.);
#4760=ORIENTED_EDGE('',*,*,#4759,.T.);
#4762=ORIENTED_EDGE('',*,*,#4761,.T.);
#4764=ORIENTED_EDGE('',*,*,#4763,.T.);
#4766=ORIENTED_EDGE('',*,*,#4765,.T.);
#4768=ORIENTED_EDGE('',*,*,#4767,.T.);
#4770=ORIENTED_EDGE('',*,*,#4769,.T.);
#4772=ORIENTED_EDGE('',*,*,#4771,.T.);
#4774=ORIENTED_EDGE('',*,*,#4773,.F.);
#4776=ORIENTED_EDGE('',*,*,#4775,.T.);
#4778=ORIENTED_EDGE('',*,*,#4777,.F.);
#4780=ORIENTED_EDGE('',*,*,#4779,.T.);
#4782=ORIENTED_EDGE('',*,*,#4781,.T.);
#4784=ORIENTED_EDGE('',*,*,#4783,.F.);
#4786=ORIENTED_EDGE('',*,*,#4785,.T.);
#4788=ORIENTED_EDGE('',*,*,#4787,.T.);
#4790=ORIENTED_EDGE('',*,*,#4789,.F.);
#4792=ORIENTED_EDGE('',*,*,#4791,.T.);
#4794=ORIENTED_EDGE('',*,*,#4793,.T.);
#4796=ORIENTED_EDGE('',*,*,#4795,.T.);
#4798=ORIENTED_EDGE('',*,*,#4797,.T.);
#4800=ORIENTED_EDGE('',*,*,#4799,.T.);
#4802=ORIENTED_EDGE('',*,*,#4801,.F.);
#4804=ORIENTED_EDGE('',*,*,#4803,.T.);
#4805=ORIENTED_EDGE('',*,*,#4631,.F.);
#4806=EDGE_LOOP('',(#4725,#4727,#4729,#4731,#4733,#4735,#4737,#4739,#4741,#4743,
#4745,#4747,#4749,#4751,#4753,#4754,#4755,#4756,#4758,#4760,#4762,#4764,#4766,
#4768,#4770,#4772,#4774,#4776,#4778,#4780,#4782,#4784,#4786,#4788,#4790,#4792,
#4794,#4796,#4798,#4800,#4802,#4804,#4805));
#4807=FACE_OUTER_BOUND('',#4806,.F.);
#4809=CARTESIAN_POINT('',(2.165461633663E1,1.795259900990E1,8.75E-1));
#4810=DIRECTION('',(0.E0,0.E0,1.E0));
#4811=DIRECTION('',(-1.E0,0.E0,0.E0));
#4812=AXIS2_PLACEMENT_3D('',#4809,#4810,#4811);
#4813=PLANE('',#4812);
#4814=ORIENTED_EDGE('',*,*,#4724,.T.);
#4815=ORIENTED_EDGE('',*,*,#4652,.F.);
#4817=ORIENTED_EDGE('',*,*,#4816,.F.);
#4819=ORIENTED_EDGE('',*,*,#4818,.F.);
#4820=EDGE_LOOP('',(#4814,#4815,#4817,#4819));
#4821=FACE_OUTER_BOUND('',#4820,.F.);
#4823=CARTESIAN_POINT('',(2.185211633663E1,1.795259900990E1,5.999999999999E-1));
#4824=DIRECTION('',(1.E0,0.E0,0.E0));
#4825=DIRECTION('',(0.E0,0.E0,-1.E0));
#4826=AXIS2_PLACEMENT_3D('',#4823,#4824,#4825);
#4827=PLANE('',#4826);
#4829=ORIENTED_EDGE('',*,*,#4828,.F.);
#4831=ORIENTED_EDGE('',*,*,#4830,.T.);
#4832=ORIENTED_EDGE('',*,*,#4816,.T.);
#4833=ORIENTED_EDGE('',*,*,#4650,.T.);
#4835=ORIENTED_EDGE('',*,*,#4834,.F.);
#4836=ORIENTED_EDGE('',*,*,#3326,.T.);
#4838=ORIENTED_EDGE('',*,*,#4837,.F.);
#4839=ORIENTED_EDGE('',*,*,#4679,.T.);
#4840=ORIENTED_EDGE('',*,*,#4513,.T.);
#4841=ORIENTED_EDGE('',*,*,#3357,.T.);
#4843=ORIENTED_EDGE('',*,*,#4842,.F.);
#4845=ORIENTED_EDGE('',*,*,#4844,.F.);
#4846=EDGE_LOOP('',(#4829,#4831,#4832,#4833,#4835,#4836,#4838,#4839,#4840,#4841,
#4843,#4845));
#4847=FACE_OUTER_BOUND('',#4846,.F.);
#4849=CARTESIAN_POINT('',(2.176711633663E1,1.752373149644E1,7.75E-1));
#4850=DIRECTION('',(0.E0,0.E0,1.E0));
#4851=DIRECTION('',(1.E0,0.E0,0.E0));
#4852=AXIS2_PLACEMENT_3D('',#4849,#4850,#4851);
#4853=PLANE('',#4852);
#4855=ORIENTED_EDGE('',*,*,#4854,.F.);
#4857=ORIENTED_EDGE('',*,*,#4856,.F.);
#4859=ORIENTED_EDGE('',*,*,#4858,.F.);
#4860=ORIENTED_EDGE('',*,*,#4828,.T.);
#4861=EDGE_LOOP('',(#4855,#4857,#4859,#4860));
#4862=FACE_OUTER_BOUND('',#4861,.F.);
#4864=CARTESIAN_POINT('',(2.170461633663E1,1.750259900990E1,0.E0));
#4865=DIRECTION('',(0.E0,1.E0,0.E0));
#4866=DIRECTION('',(0.E0,0.E0,1.E0));
#4867=AXIS2_PLACEMENT_3D('',#4864,#4865,#4866);
#4868=PLANE('',#4867);
#4869=ORIENTED_EDGE('',*,*,#4493,.T.);
#4870=ORIENTED_EDGE('',*,*,#4509,.T.);
#4872=ORIENTED_EDGE('',*,*,#4871,.F.);
#4873=ORIENTED_EDGE('',*,*,#4854,.T.);
#4874=ORIENTED_EDGE('',*,*,#4844,.T.);
#4876=ORIENTED_EDGE('',*,*,#4875,.T.);
#4878=ORIENTED_EDGE('',*,*,#4877,.F.);
#4879=ORIENTED_EDGE('',*,*,#4438,.T.);
#4880=EDGE_LOOP('',(#4869,#4870,#4872,#4873,#4874,#4876,#4878,#4879));
#4881=FACE_OUTER_BOUND('',#4880,.F.);
#4883=CARTESIAN_POINT('',(2.168211633663E1,1.755259900990E1,8.249999999999E-1));
#4884=DIRECTION('',(1.E0,0.E0,0.E0));
#4885=DIRECTION('',(0.E0,0.E0,-1.E0));
#4886=AXIS2_PLACEMENT_3D('',#4883,#4884,#4885);
#4887=PLANE('',#4886);
#4888=ORIENTED_EDGE('',*,*,#4871,.T.);
#4889=ORIENTED_EDGE('',*,*,#4507,.T.);
#4891=ORIENTED_EDGE('',*,*,#4890,.T.);
#4892=ORIENTED_EDGE('',*,*,#4856,.T.);
#4893=EDGE_LOOP('',(#4888,#4889,#4891,#4892));
#4894=FACE_OUTER_BOUND('',#4893,.F.);
#4896=CARTESIAN_POINT('',(2.176711633663E1,1.757373149644E1,8.25E-1));
#4897=DIRECTION('',(0.E0,8.660254038015E-1,-4.999999999705E-1));
#4898=DIRECTION('',(0.E0,-4.999999999705E-1,-8.660254038015E-1));
#4899=AXIS2_PLACEMENT_3D('',#4896,#4897,#4898);
#4900=PLANE('',#4899);
#4901=ORIENTED_EDGE('',*,*,#4619,.T.);
#4903=ORIENTED_EDGE('',*,*,#4902,.F.);
#4904=ORIENTED_EDGE('',*,*,#4726,.F.);
#4905=ORIENTED_EDGE('',*,*,#4818,.T.);
#4906=ORIENTED_EDGE('',*,*,#4830,.F.);
#4907=ORIENTED_EDGE('',*,*,#4858,.T.);
#4908=ORIENTED_EDGE('',*,*,#4890,.F.);
#4909=ORIENTED_EDGE('',*,*,#4505,.T.);
#4910=EDGE_LOOP('',(#4901,#4903,#4904,#4905,#4906,#4907,#4908,#4909));
#4911=FACE_OUTER_BOUND('',#4910,.F.);
#4913=CARTESIAN_POINT('',(2.184591533650E1,1.762259900990E1,7.750000000010E-1));
#4914=DIRECTION('',(-1.E0,0.E0,0.E0));
#4915=DIRECTION('',(0.E0,0.E0,1.E0));
#4916=AXIS2_PLACEMENT_3D('',#4913,#4914,#4915);
#4917=CYLINDRICAL_SURFACE('',#4916,9.999999999980E-2);
#4918=ORIENTED_EDGE('',*,*,#4902,.T.);
#4919=ORIENTED_EDGE('',*,*,#4617,.F.);
#4921=ORIENTED_EDGE('',*,*,#4920,.F.);
#4922=ORIENTED_EDGE('',*,*,#4728,.F.);
#4923=EDGE_LOOP('',(#4918,#4919,#4921,#4922));
#4924=FACE_OUTER_BOUND('',#4923,.F.);
#4926=CARTESIAN_POINT('',(2.184591533650E1,1.744939392914E1,8.750000000009E-1));
#4927=DIRECTION('',(-1.E0,0.E0,0.E0));
#4928=DIRECTION('',(0.E0,0.E0,1.E0));
#4929=AXIS2_PLACEMENT_3D('',#4926,#4927,#4928);
#4930=CYLINDRICAL_SURFACE('',#4929,1.E-1);
#4931=ORIENTED_EDGE('',*,*,#4615,.F.);
#4933=ORIENTED_EDGE('',*,*,#4932,.T.);
#4934=ORIENTED_EDGE('',*,*,#4730,.F.);
#4935=ORIENTED_EDGE('',*,*,#4920,.T.);
#4936=EDGE_LOOP('',(#4931,#4933,#4934,#4935));
#4937=FACE_OUTER_BOUND('',#4936,.F.);
#4939=CARTESIAN_POINT('',(2.176711633663E1,1.741599646954E1,7.750000000010E-1));
#4940=DIRECTION('',(0.E0,0.E0,1.E0));
#4941=DIRECTION('',(1.E0,0.E0,0.E0));
#4942=AXIS2_PLACEMENT_3D('',#4939,#4940,#4941);
#4943=PLANE('',#4942);
#4944=ORIENTED_EDGE('',*,*,#4613,.T.);
#4946=ORIENTED_EDGE('',*,*,#4945,.F.);
#4947=ORIENTED_EDGE('',*,*,#4732,.T.);
#4948=ORIENTED_EDGE('',*,*,#4932,.F.);
#4949=EDGE_LOOP('',(#4944,#4946,#4947,#4948));
#4950=FACE_OUTER_BOUND('',#4949,.F.);
#4952=CARTESIAN_POINT('',(2.176711633663E1,1.738259900990E1,9.750000000010E-1));
#4953=DIRECTION('',(0.E0,1.E0,0.E0));
#4954=DIRECTION('',(0.E0,0.E0,1.E0));
#4955=AXIS2_PLACEMENT_3D('',#4952,#4953,#4954);
#4956=PLANE('',#4955);
#4957=ORIENTED_EDGE('',*,*,#4611,.T.);
#4959=ORIENTED_EDGE('',*,*,#4958,.F.);
#4960=ORIENTED_EDGE('',*,*,#4734,.T.);
#4961=ORIENTED_EDGE('',*,*,#4945,.T.);
#4962=EDGE_LOOP('',(#4957,#4959,#4960,#4961));
#4963=FACE_OUTER_BOUND('',#4962,.F.);
#4965=CARTESIAN_POINT('',(2.184591533650E1,1.748259900990E1,1.175000000001E0));
#4966=DIRECTION('',(-1.E0,0.E0,0.E0));
#4967=DIRECTION('',(0.E0,0.E0,1.E0));
#4968=AXIS2_PLACEMENT_3D('',#4965,#4966,#4967);
#4969=CYLINDRICAL_SURFACE('',#4968,1.E-1);
#4970=ORIENTED_EDGE('',*,*,#4609,.F.);
#4972=ORIENTED_EDGE('',*,*,#4971,.T.);
#4973=ORIENTED_EDGE('',*,*,#4736,.F.);
#4974=ORIENTED_EDGE('',*,*,#4958,.T.);
#4975=EDGE_LOOP('',(#4970,#4972,#4973,#4974));
#4976=FACE_OUTER_BOUND('',#4975,.F.);
#4978=CARTESIAN_POINT('',(2.176711633663E1,1.760759900990E1,1.275000000001E0));
#4979=DIRECTION('',(0.E0,0.E0,1.E0));
#4980=DIRECTION('',(-1.E0,0.E0,0.E0));
#4981=AXIS2_PLACEMENT_3D('',#4978,#4979,#4980);
#4982=PLANE('',#4981);
#4983=ORIENTED_EDGE('',*,*,#4607,.T.);
#4985=ORIENTED_EDGE('',*,*,#4984,.F.);
#4986=ORIENTED_EDGE('',*,*,#4738,.T.);
#4987=ORIENTED_EDGE('',*,*,#4971,.F.);
#4988=EDGE_LOOP('',(#4983,#4985,#4986,#4987));
#4989=FACE_OUTER_BOUND('',#4988,.F.);
#4991=CARTESIAN_POINT('',(2.184591533650E1,1.773259900990E1,1.375000000001E0));
#4992=DIRECTION('',(-1.E0,0.E0,0.E0));
#4993=DIRECTION('',(0.E0,0.E0,1.E0));
#4994=AXIS2_PLACEMENT_3D('',#4991,#4992,#4993);
#4995=CYLINDRICAL_SURFACE('',#4994,1.E-1);
#4996=ORIENTED_EDGE('',*,*,#4605,.F.);
#4998=ORIENTED_EDGE('',*,*,#4997,.T.);
#4999=ORIENTED_EDGE('',*,*,#4740,.F.);
#5000=ORIENTED_EDGE('',*,*,#4984,.T.);
#5001=EDGE_LOOP('',(#4996,#4998,#4999,#5000));
#5002=FACE_OUTER_BOUND('',#5001,.F.);
#5004=CARTESIAN_POINT('',(2.176711633663E1,1.783259900990E1,1.425000000001E0));
#5005=DIRECTION('',(0.E0,1.E0,0.E0));
#5006=DIRECTION('',(0.E0,0.E0,1.E0));
#5007=AXIS2_PLACEMENT_3D('',#5004,#5005,#5006);
#5008=PLANE('',#5007);
#5010=ORIENTED_EDGE('',*,*,#5009,.F.);
#5012=ORIENTED_EDGE('',*,*,#5011,.T.);
#5013=ORIENTED_EDGE('',*,*,#4742,.F.);
#5014=ORIENTED_EDGE('',*,*,#4997,.F.);
#5015=ORIENTED_EDGE('',*,*,#4603,.T.);
#5017=ORIENTED_EDGE('',*,*,#5016,.T.);
#5018=EDGE_LOOP('',(#5010,#5012,#5013,#5014,#5015,#5017));
#5019=FACE_OUTER_BOUND('',#5018,.F.);
#5021=CARTESIAN_POINT('',(2.176711633663E1,1.795759900990E1,1.475000000001E0));
#5022=DIRECTION('',(0.E0,0.E0,1.E0));
#5023=DIRECTION('',(-1.E0,0.E0,0.E0));
#5024=AXIS2_PLACEMENT_3D('',#5021,#5022,#5023);
#5025=PLANE('',#5024);
#5027=ORIENTED_EDGE('',*,*,#5026,.F.);
#5029=ORIENTED_EDGE('',*,*,#5028,.F.);
#5030=ORIENTED_EDGE('',*,*,#5009,.T.);
#5032=ORIENTED_EDGE('',*,*,#5031,.F.);
#5033=EDGE_LOOP('',(#5027,#5029,#5030,#5032));
#5034=FACE_OUTER_BOUND('',#5033,.F.);
#5036=CARTESIAN_POINT('',(2.184591533650E1,1.818259900990E1,1.475000000001E0));
#5037=DIRECTION('',(-1.E0,0.E0,0.E0));
#5038=DIRECTION('',(0.E0,0.E0,1.E0));
#5039=AXIS2_PLACEMENT_3D('',#5036,#5037,#5038);
#5040=CYLINDRICAL_SURFACE('',#5039,1.E-1);
#5041=ORIENTED_EDGE('',*,*,#4599,.F.);
#5043=ORIENTED_EDGE('',*,*,#5042,.T.);
#5044=ORIENTED_EDGE('',*,*,#4746,.F.);
#5046=ORIENTED_EDGE('',*,*,#5045,.F.);
#5047=ORIENTED_EDGE('',*,*,#5026,.T.);
#5049=ORIENTED_EDGE('',*,*,#5048,.F.);
#5050=EDGE_LOOP('',(#5041,#5043,#5044,#5046,#5047,#5049));
#5051=FACE_OUTER_BOUND('',#5050,.F.);
#5053=CARTESIAN_POINT('',(2.176711633663E1,1.823259900990E1,1.375000000001E0));
#5054=DIRECTION('',(0.E0,0.E0,1.E0));
#5055=DIRECTION('',(-1.E0,0.E0,0.E0));
#5056=AXIS2_PLACEMENT_3D('',#5053,#5054,#5055);
#5057=PLANE('',#5056);
#5058=ORIENTED_EDGE('',*,*,#4597,.T.);
#5060=ORIENTED_EDGE('',*,*,#5059,.F.);
#5061=ORIENTED_EDGE('',*,*,#4748,.F.);
#5062=ORIENTED_EDGE('',*,*,#5042,.F.);
#5063=EDGE_LOOP('',(#5058,#5060,#5061,#5062));
#5064=FACE_OUTER_BOUND('',#5063,.F.);
#5066=CARTESIAN_POINT('',(2.184591533650E1,1.828259900990E1,1.275000000001E0));
#5067=DIRECTION('',(-1.E0,0.E0,0.E0));
#5068=DIRECTION('',(0.E0,0.E0,1.E0));
#5069=AXIS2_PLACEMENT_3D('',#5066,#5067,#5068);
#5070=CYLINDRICAL_SURFACE('',#5069,1.E-1);
#5071=ORIENTED_EDGE('',*,*,#4595,.F.);
#5073=ORIENTED_EDGE('',*,*,#5072,.T.);
#5074=ORIENTED_EDGE('',*,*,#4750,.F.);
#5075=ORIENTED_EDGE('',*,*,#5059,.T.);
#5076=EDGE_LOOP('',(#5071,#5073,#5074,#5075));
#5077=FACE_OUTER_BOUND('',#5076,.F.);
#5079=CARTESIAN_POINT('',(2.176711633663E1,1.838259900990E1,1.075000000001E0));
#5080=DIRECTION('',(0.E0,1.E0,0.E0));
#5081=DIRECTION('',(0.E0,0.E0,-1.E0));
#5082=AXIS2_PLACEMENT_3D('',#5079,#5080,#5081);
#5083=PLANE('',#5082);
#5084=ORIENTED_EDGE('',*,*,#4519,.F.);
#5085=ORIENTED_EDGE('',*,*,#4752,.F.);
#5086=ORIENTED_EDGE('',*,*,#5072,.F.);
#5087=ORIENTED_EDGE('',*,*,#4593,.T.);
#5088=EDGE_LOOP('',(#5084,#5085,#5086,#5087));
#5089=FACE_OUTER_BOUND('',#5088,.F.);
#5091=CARTESIAN_POINT('',(2.182461633663E1,1.796076152491E1,1.457500000003E0));
#5092=DIRECTION('',(7.071067812478E-1,0.E0,7.071067811253E-1));
#5093=DIRECTION('',(0.E0,1.E0,0.E0));
#5094=AXIS2_PLACEMENT_3D('',#5091,#5092,#5093);
#5095=PLANE('',#5094);
#5096=ORIENTED_EDGE('',*,*,#5045,.T.);
#5097=ORIENTED_EDGE('',*,*,#4744,.T.);
#5098=ORIENTED_EDGE('',*,*,#5011,.F.);
#5099=ORIENTED_EDGE('',*,*,#5028,.T.);
#5100=EDGE_LOOP('',(#5096,#5097,#5098,#5099));
#5101=FACE_OUTER_BOUND('',#5100,.F.);
#5103=CARTESIAN_POINT('',(2.170961633663E1,1.796076152492E1,1.457500000001E0));
#5104=DIRECTION('',(-7.071067811603E-1,0.E0,7.071067812128E-1));
#5105=DIRECTION('',(0.E0,-1.E0,0.E0));
#5106=AXIS2_PLACEMENT_3D('',#5103,#5104,#5105);
#5107=PLANE('',#5106);
#5108=ORIENTED_EDGE('',*,*,#5048,.T.);
#5109=ORIENTED_EDGE('',*,*,#5031,.T.);
#5110=ORIENTED_EDGE('',*,*,#5016,.F.);
#5111=ORIENTED_EDGE('',*,*,#4601,.T.);
#5112=EDGE_LOOP('',(#5108,#5109,#5110,#5111));
#5113=FACE_OUTER_BOUND('',#5112,.F.);
#5115=CARTESIAN_POINT('',(2.190211633663E1,1.795259900990E1,1.45E0));
#5116=DIRECTION('',(8.320502943349E-1,0.E0,-5.547001962296E-1));
#5117=DIRECTION('',(-5.547001962296E-1,0.E0,-8.320502943349E-1));
#5118=AXIS2_PLACEMENT_3D('',#5115,#5116,#5117);
#5119=PLANE('',#5118);
#5120=ORIENTED_EDGE('',*,*,#4842,.T.);
#5121=ORIENTED_EDGE('',*,*,#3355,.F.);
#5122=ORIENTED_EDGE('',*,*,#3735,.T.);
#5123=ORIENTED_EDGE('',*,*,#4875,.F.);
#5124=EDGE_LOOP('',(#5120,#5121,#5122,#5123));
#5125=FACE_OUTER_BOUND('',#5124,.F.);
#5127=CARTESIAN_POINT('',(2.195211633663E1,1.745259900990E1,0.E0));
#5128=DIRECTION('',(1.E0,0.E0,0.E0));
#5129=DIRECTION('',(0.E0,0.E0,-1.E0));
#5130=AXIS2_PLACEMENT_3D('',#5127,#5128,#5129);
#5131=PLANE('',#5130);
#5132=ORIENTED_EDGE('',*,*,#4440,.T.);
#5133=ORIENTED_EDGE('',*,*,#4877,.T.);
#5134=ORIENTED_EDGE('',*,*,#3733,.T.);
#5135=ORIENTED_EDGE('',*,*,#3756,.T.);
#5136=EDGE_LOOP('',(#5132,#5133,#5134,#5135));
#5137=FACE_OUTER_BOUND('',#5136,.F.);
#5139=CARTESIAN_POINT('',(2.176711633663E1,1.778259900990E1,2.749999999999E-1));
#5140=DIRECTION('',(0.E0,1.E0,0.E0));
#5141=DIRECTION('',(0.E0,0.E0,1.E0));
#5142=AXIS2_PLACEMENT_3D('',#5139,#5140,#5141);
#5143=PLANE('',#5142);
#5145=ORIENTED_EDGE('',*,*,#5144,.T.);
#5146=ORIENTED_EDGE('',*,*,#3328,.T.);
#5147=ORIENTED_EDGE('',*,*,#4834,.T.);
#5148=ORIENTED_EDGE('',*,*,#4648,.T.);
#5149=EDGE_LOOP('',(#5145,#5146,#5147,#5148));
#5150=FACE_OUTER_BOUND('',#5149,.F.);
#5151=ORIENTED_EDGE('',*,*,#4548,.T.);
#5153=ORIENTED_EDGE('',*,*,#5152,.F.);
#5154=ORIENTED_EDGE('',*,*,#4795,.F.);
#5156=ORIENTED_EDGE('',*,*,#5155,.F.);
#5157=EDGE_LOOP('',(#5151,#5153,#5154,#5156));
#5158=FACE_BOUND('',#5157,.F.);
#5160=CARTESIAN_POINT('',(2.168211633663E1,1.799259900990E1,2.749999999999E-1));
#5161=DIRECTION('',(1.E0,0.E0,0.E0));
#5162=DIRECTION('',(0.E0,0.E0,1.E0));
#5163=AXIS2_PLACEMENT_3D('',#5160,#5161,#5162);
#5164=PLANE('',#5163);
#5166=ORIENTED_EDGE('',*,*,#5165,.T.);
#5167=ORIENTED_EDGE('',*,*,#3330,.T.);
#5168=ORIENTED_EDGE('',*,*,#5144,.F.);
#5169=ORIENTED_EDGE('',*,*,#4664,.T.);
#5170=EDGE_LOOP('',(#5166,#5167,#5168,#5169));
#5171=FACE_OUTER_BOUND('',#5170,.F.);
#5173=CARTESIAN_POINT('',(2.178211633663E1,1.820259900990E1,-3.25E-1));
#5174=DIRECTION('',(0.E0,1.E0,0.E0));
#5175=DIRECTION('',(-1.E0,0.E0,0.E0));
#5176=AXIS2_PLACEMENT_3D('',#5173,#5174,#5175);
#5177=PLANE('',#5176);
#5178=ORIENTED_EDGE('',*,*,#4586,.F.);
#5180=ORIENTED_EDGE('',*,*,#5179,.F.);
#5182=ORIENTED_EDGE('',*,*,#5181,.F.);
#5183=ORIENTED_EDGE('',*,*,#3332,.T.);
#5184=ORIENTED_EDGE('',*,*,#5165,.F.);
#5185=ORIENTED_EDGE('',*,*,#4685,.T.);
#5186=EDGE_LOOP('',(#5178,#5180,#5182,#5183,#5184,#5185));
#5187=FACE_OUTER_BOUND('',#5186,.F.);
#5189=CARTESIAN_POINT('',(2.174878300330E1,1.823593233990E1,-1.425E0));
#5190=DIRECTION('',(0.E0,8.320503199178E-1,5.547001578554E-1));
#5191=DIRECTION('',(-1.E0,0.E0,0.E0));
#5192=AXIS2_PLACEMENT_3D('',#5189,#5190,#5191);
#5193=PLANE('',#5192);
#5195=ORIENTED_EDGE('',*,*,#5194,.F.);
#5197=ORIENTED_EDGE('',*,*,#5196,.T.);
#5199=ORIENTED_EDGE('',*,*,#5198,.T.);
#5201=ORIENTED_EDGE('',*,*,#5200,.T.);
#5202=ORIENTED_EDGE('',*,*,#4459,.T.);
#5203=ORIENTED_EDGE('',*,*,#5179,.T.);
#5204=EDGE_LOOP('',(#5195,#5197,#5199,#5201,#5202,#5203));
#5205=FACE_OUTER_BOUND('',#5204,.F.);
#5207=CARTESIAN_POINT('',(2.184591533650E1,1.810259900990E1,-1.375000000025E0));
#5208=DIRECTION('',(-1.E0,0.E0,0.E0));
#5209=DIRECTION('',(0.E0,0.E0,1.E0));
#5210=AXIS2_PLACEMENT_3D('',#5207,#5208,#5209);
#5211=CYLINDRICAL_SURFACE('',#5210,1.E-1);
#5212=ORIENTED_EDGE('',*,*,#5194,.T.);
#5213=ORIENTED_EDGE('',*,*,#4584,.F.);
#5215=ORIENTED_EDGE('',*,*,#5214,.T.);
#5216=ORIENTED_EDGE('',*,*,#4759,.F.);
#5217=EDGE_LOOP('',(#5212,#5213,#5215,#5216));
#5218=FACE_OUTER_BOUND('',#5217,.F.);
#5220=CARTESIAN_POINT('',(2.176711633663E1,1.817853930496E1,-1.458736194176E0));
#5221=DIRECTION('',(0.E0,9.396926208540E-1,-3.420201431385E-1));
#5222=DIRECTION('',(0.E0,-3.420201431385E-1,-9.396926208540E-1));
#5223=AXIS2_PLACEMENT_3D('',#5220,#5221,#5222);
#5224=PLANE('',#5223);
#5225=ORIENTED_EDGE('',*,*,#4582,.F.);
#5227=ORIENTED_EDGE('',*,*,#5226,.F.);
#5228=ORIENTED_EDGE('',*,*,#4761,.F.);
#5229=ORIENTED_EDGE('',*,*,#5214,.F.);
#5230=EDGE_LOOP('',(#5225,#5227,#5228,#5229));
#5231=FACE_OUTER_BOUND('',#5230,.F.);
#5233=CARTESIAN_POINT('',(2.184591533650E1,1.806654107585E1,-1.474068359672E0));
#5234=DIRECTION('',(-1.E0,0.E0,0.E0));
#5235=DIRECTION('',(0.E0,0.E0,1.E0));
#5236=AXIS2_PLACEMENT_3D('',#5233,#5234,#5235);
#5237=CYLINDRICAL_SURFACE('',#5236,1.000000000040E-1);
#5238=ORIENTED_EDGE('',*,*,#4580,.F.);
#5240=ORIENTED_EDGE('',*,*,#5239,.T.);
#5241=ORIENTED_EDGE('',*,*,#4763,.F.);
#5242=ORIENTED_EDGE('',*,*,#5226,.T.);
#5243=EDGE_LOOP('',(#5238,#5240,#5241,#5242));
#5244=FACE_OUTER_BOUND('',#5243,.F.);
#5246=CARTESIAN_POINT('',(2.176711633663E1,1.813759900990E1,-1.524999999999E0));
#5247=DIRECTION('',(0.E0,0.E0,1.E0));
#5248=DIRECTION('',(1.E0,0.E0,0.E0));
#5249=AXIS2_PLACEMENT_3D('',#5246,#5247,#5248);
#5250=PLANE('',#5249);
#5251=ORIENTED_EDGE('',*,*,#4578,.T.);
#5253=ORIENTED_EDGE('',*,*,#5252,.F.);
#5254=ORIENTED_EDGE('',*,*,#4765,.F.);
#5255=ORIENTED_EDGE('',*,*,#5239,.F.);
#5256=EDGE_LOOP('',(#5251,#5253,#5254,#5255));
#5257=FACE_OUTER_BOUND('',#5256,.F.);
#5259=CARTESIAN_POINT('',(2.184591533650E1,1.812259900990E1,-1.424999999999E0));
#5260=DIRECTION('',(-1.E0,0.E0,0.E0));
#5261=DIRECTION('',(0.E0,0.E0,1.E0));
#5262=AXIS2_PLACEMENT_3D('',#5259,#5260,#5261);
#5263=CYLINDRICAL_SURFACE('',#5262,9.999999999900E-2);
#5264=ORIENTED_EDGE('',*,*,#4576,.F.);
#5266=ORIENTED_EDGE('',*,*,#5265,.T.);
#5267=ORIENTED_EDGE('',*,*,#4767,.F.);
#5268=ORIENTED_EDGE('',*,*,#5252,.T.);
#5269=EDGE_LOOP('',(#5264,#5266,#5267,#5268));
#5270=FACE_OUTER_BOUND('',#5269,.F.);
#5272=CARTESIAN_POINT('',(2.176711633663E1,1.802259900990E1,-1.139999999999E0));
#5273=DIRECTION('',(0.E0,1.E0,0.E0));
#5274=DIRECTION('',(0.E0,0.E0,1.E0));
#5275=AXIS2_PLACEMENT_3D('',#5272,#5273,#5274);
#5276=PLANE('',#5275);
#5277=ORIENTED_EDGE('',*,*,#4574,.T.);
#5279=ORIENTED_EDGE('',*,*,#5278,.F.);
#5280=ORIENTED_EDGE('',*,*,#4769,.F.);
#5281=ORIENTED_EDGE('',*,*,#5265,.F.);
#5282=EDGE_LOOP('',(#5277,#5279,#5280,#5281));
#5283=FACE_OUTER_BOUND('',#5282,.F.);
#5285=CARTESIAN_POINT('',(2.184591533650E1,1.794259900990E1,
-8.549999999993E-1));
#5286=DIRECTION('',(-1.E0,0.E0,0.E0));
#5287=DIRECTION('',(0.E0,0.E0,1.E0));
#5288=AXIS2_PLACEMENT_3D('',#5285,#5286,#5287);
#5289=CYLINDRICAL_SURFACE('',#5288,8.E-2);
#5290=ORIENTED_EDGE('',*,*,#4572,.F.);
#5292=ORIENTED_EDGE('',*,*,#5291,.T.);
#5293=ORIENTED_EDGE('',*,*,#4771,.F.);
#5294=ORIENTED_EDGE('',*,*,#5278,.T.);
#5295=EDGE_LOOP('',(#5290,#5292,#5293,#5294));
#5296=FACE_OUTER_BOUND('',#5295,.F.);
#5298=CARTESIAN_POINT('',(2.176711633663E1,1.792259900990E1,
-7.749999999992E-1));
#5299=DIRECTION('',(0.E0,0.E0,1.E0));
#5300=DIRECTION('',(1.E0,0.E0,0.E0));
#5301=AXIS2_PLACEMENT_3D('',#5298,#5299,#5300);
#5302=PLANE('',#5301);
#5303=ORIENTED_EDGE('',*,*,#4570,.T.);
#5305=ORIENTED_EDGE('',*,*,#5304,.F.);
#5306=ORIENTED_EDGE('',*,*,#4773,.T.);
#5307=ORIENTED_EDGE('',*,*,#5291,.F.);
#5308=EDGE_LOOP('',(#5303,#5305,#5306,#5307));
#5309=FACE_OUTER_BOUND('',#5308,.F.);
#5311=CARTESIAN_POINT('',(2.184591533650E1,1.790259900990E1,
-6.949999999993E-1));
#5312=DIRECTION('',(-1.E0,0.E0,0.E0));
#5313=DIRECTION('',(0.E0,0.E0,1.E0));
#5314=AXIS2_PLACEMENT_3D('',#5311,#5312,#5313);
#5315=CYLINDRICAL_SURFACE('',#5314,8.000000000010E-2);
#5316=ORIENTED_EDGE('',*,*,#4568,.F.);
#5318=ORIENTED_EDGE('',*,*,#5317,.T.);
#5319=ORIENTED_EDGE('',*,*,#4775,.F.);
#5320=ORIENTED_EDGE('',*,*,#5304,.T.);
#5321=EDGE_LOOP('',(#5316,#5318,#5319,#5320));
#5322=FACE_OUTER_BOUND('',#5321,.F.);
#5324=CARTESIAN_POINT('',(2.176711633663E1,1.782259900990E1,
-4.349999999993E-1));
#5325=DIRECTION('',(0.E0,1.E0,0.E0));
#5326=DIRECTION('',(0.E0,0.E0,1.E0));
#5327=AXIS2_PLACEMENT_3D('',#5324,#5325,#5326);
#5328=PLANE('',#5327);
#5329=ORIENTED_EDGE('',*,*,#4566,.T.);
#5331=ORIENTED_EDGE('',*,*,#5330,.F.);
#5332=ORIENTED_EDGE('',*,*,#4777,.T.);
#5333=ORIENTED_EDGE('',*,*,#5317,.F.);
#5334=EDGE_LOOP('',(#5329,#5331,#5332,#5333));
#5335=FACE_OUTER_BOUND('',#5334,.F.);
#5337=CARTESIAN_POINT('',(2.184591533650E1,1.772259900990E1,
-1.749999999993E-1));
#5338=DIRECTION('',(-1.E0,0.E0,0.E0));
#5339=DIRECTION('',(0.E0,0.E0,1.E0));
#5340=AXIS2_PLACEMENT_3D('',#5337,#5338,#5339);
#5341=CYLINDRICAL_SURFACE('',#5340,1.E-1);
#5342=ORIENTED_EDGE('',*,*,#4564,.F.);
#5344=ORIENTED_EDGE('',*,*,#5343,.F.);
#5345=ORIENTED_EDGE('',*,*,#4779,.F.);
#5346=ORIENTED_EDGE('',*,*,#5330,.T.);
#5347=EDGE_LOOP('',(#5342,#5344,#5345,#5346));
#5348=FACE_OUTER_BOUND('',#5347,.F.);
#5350=CARTESIAN_POINT('',(2.184591533650E1,1.789259900990E1,
-6.964346247082E-2));
#5351=DIRECTION('',(-1.E0,0.E0,0.E0));
#5352=DIRECTION('',(0.E0,0.E0,1.E0));
#5353=AXIS2_PLACEMENT_3D('',#5350,#5351,#5352);
#5354=CYLINDRICAL_SURFACE('',#5353,9.999999999999E-2);
#5355=ORIENTED_EDGE('',*,*,#4562,.F.);
#5357=ORIENTED_EDGE('',*,*,#5356,.T.);
#5358=ORIENTED_EDGE('',*,*,#4781,.F.);
#5359=ORIENTED_EDGE('',*,*,#5343,.T.);
#5360=EDGE_LOOP('',(#5355,#5357,#5358,#5359));
#5361=FACE_OUTER_BOUND('',#5360,.F.);
#5363=CARTESIAN_POINT('',(2.176711633663E1,1.779259900990E1,
-4.464346249956E-2));
#5364=DIRECTION('',(0.E0,1.E0,0.E0));
#5365=DIRECTION('',(0.E0,0.E0,1.E0));
#5366=AXIS2_PLACEMENT_3D('',#5363,#5364,#5365);
#5367=PLANE('',#5366);
#5368=ORIENTED_EDGE('',*,*,#4560,.T.);
#5370=ORIENTED_EDGE('',*,*,#5369,.F.);
#5371=ORIENTED_EDGE('',*,*,#4783,.T.);
#5372=ORIENTED_EDGE('',*,*,#5356,.F.);
#5373=EDGE_LOOP('',(#5368,#5370,#5371,#5372));
#5374=FACE_OUTER_BOUND('',#5373,.F.);
#5376=CARTESIAN_POINT('',(2.184591533650E1,1.789259900990E1,
-1.964346249906E-2));
#5377=DIRECTION('',(-1.E0,0.E0,0.E0));
#5378=DIRECTION('',(0.E0,0.E0,1.E0));
#5379=AXIS2_PLACEMENT_3D('',#5376,#5377,#5378);
#5380=CYLINDRICAL_SURFACE('',#5379,9.999999999999E-2);
#5381=ORIENTED_EDGE('',*,*,#4558,.F.);
#5383=ORIENTED_EDGE('',*,*,#5382,.F.);
#5384=ORIENTED_EDGE('',*,*,#4785,.F.);
#5385=ORIENTED_EDGE('',*,*,#5369,.T.);
#5386=EDGE_LOOP('',(#5381,#5383,#5384,#5385));
#5387=FACE_OUTER_BOUND('',#5386,.F.);
#5389=CARTESIAN_POINT('',(2.184591533650E1,1.772259900990E1,8.571307502939E-2));
#5390=DIRECTION('',(-1.E0,0.E0,0.E0));
#5391=DIRECTION('',(0.E0,0.E0,1.E0));
#5392=AXIS2_PLACEMENT_3D('',#5389,#5390,#5391);
#5393=CYLINDRICAL_SURFACE('',#5392,1.E-1);
#5394=ORIENTED_EDGE('',*,*,#4556,.F.);
#5396=ORIENTED_EDGE('',*,*,#5395,.T.);
#5397=ORIENTED_EDGE('',*,*,#4787,.F.);
#5398=ORIENTED_EDGE('',*,*,#5382,.T.);
#5399=EDGE_LOOP('',(#5394,#5396,#5397,#5398));
#5400=FACE_OUTER_BOUND('',#5399,.F.);
#5402=CARTESIAN_POINT('',(2.176711633663E1,1.782259900990E1,1.053565375509E-1));
#5403=DIRECTION('',(0.E0,1.E0,0.E0));
#5404=DIRECTION('',(0.E0,0.E0,1.E0));
#5405=AXIS2_PLACEMENT_3D('',#5402,#5403,#5404);
#5406=PLANE('',#5405);
#5407=ORIENTED_EDGE('',*,*,#4554,.T.);
#5409=ORIENTED_EDGE('',*,*,#5408,.F.);
#5410=ORIENTED_EDGE('',*,*,#4789,.T.);
#5411=ORIENTED_EDGE('',*,*,#5395,.F.);
#5412=EDGE_LOOP('',(#5407,#5409,#5410,#5411));
#5413=FACE_OUTER_BOUND('',#5412,.F.);
#5415=CARTESIAN_POINT('',(2.184591533650E1,1.772259900990E1,1.250000000009E-1));
#5416=DIRECTION('',(-1.E0,0.E0,0.E0));
#5417=DIRECTION('',(0.E0,0.E0,1.E0));
#5418=AXIS2_PLACEMENT_3D('',#5415,#5416,#5417);
#5419=CYLINDRICAL_SURFACE('',#5418,1.E-1);
#5420=ORIENTED_EDGE('',*,*,#4552,.F.);
#5422=ORIENTED_EDGE('',*,*,#5421,.F.);
#5423=ORIENTED_EDGE('',*,*,#4791,.F.);
#5424=ORIENTED_EDGE('',*,*,#5408,.T.);
#5425=EDGE_LOOP('',(#5420,#5422,#5423,#5424));
#5426=FACE_OUTER_BOUND('',#5425,.F.);
#5428=CARTESIAN_POINT('',(2.184591533650E1,1.787259900990E1,2.572875655540E-1));
#5429=DIRECTION('',(-1.E0,0.E0,0.E0));
#5430=DIRECTION('',(0.E0,0.E0,1.E0));
#5431=AXIS2_PLACEMENT_3D('',#5428,#5429,#5430);
#5432=CYLINDRICAL_SURFACE('',#5431,9.999999999990E-2);
#5433=ORIENTED_EDGE('',*,*,#5155,.T.);
#5434=ORIENTED_EDGE('',*,*,#4793,.F.);
#5435=ORIENTED_EDGE('',*,*,#5421,.T.);
#5436=ORIENTED_EDGE('',*,*,#4550,.F.);
#5437=EDGE_LOOP('',(#5433,#5434,#5435,#5436));
#5438=FACE_OUTER_BOUND('',#5437,.F.);
#5440=CARTESIAN_POINT('',(2.178211633663E1,1.820259900990E1,-3.25E-1));
#5441=DIRECTION('',(0.E0,1.E0,0.E0));
#5442=DIRECTION('',(-1.E0,0.E0,0.E0));
#5443=AXIS2_PLACEMENT_3D('',#5440,#5441,#5442);
#5444=PLANE('',#5443);
#5445=ORIENTED_EDGE('',*,*,#4757,.T.);
#5446=ORIENTED_EDGE('',*,*,#4681,.T.);
#5447=ORIENTED_EDGE('',*,*,#4837,.T.);
#5448=ORIENTED_EDGE('',*,*,#3324,.T.);
#5450=ORIENTED_EDGE('',*,*,#5449,.F.);
#5451=ORIENTED_EDGE('',*,*,#5196,.F.);
#5452=EDGE_LOOP('',(#5445,#5446,#5447,#5448,#5450,#5451));
#5453=FACE_OUTER_BOUND('',#5452,.F.);
#5455=CARTESIAN_POINT('',(2.190711633663E1,1.830259900990E1,
-7.750000000001E-1));
#5456=DIRECTION('',(1.E0,0.E0,0.E0));
#5457=DIRECTION('',(0.E0,0.E0,1.E0));
#5458=AXIS2_PLACEMENT_3D('',#5455,#5456,#5457);
#5459=PLANE('',#5458);
#5460=ORIENTED_EDGE('',*,*,#5449,.T.);
#5461=ORIENTED_EDGE('',*,*,#3322,.T.);
#5462=ORIENTED_EDGE('',*,*,#3365,.T.);
#5464=ORIENTED_EDGE('',*,*,#5463,.F.);
#5465=EDGE_LOOP('',(#5460,#5461,#5462,#5464));
#5466=FACE_OUTER_BOUND('',#5465,.F.);
#5468=CARTESIAN_POINT('',(2.188211633663E1,1.830259900990E1,-1.425000000002E0));
#5469=DIRECTION('',(8.944271909801E-1,0.E0,-4.472135955395E-1));
#5470=DIRECTION('',(0.E0,1.E0,0.E0));
#5471=AXIS2_PLACEMENT_3D('',#5468,#5469,#5470);
#5472=PLANE('',#5471);
#5473=ORIENTED_EDGE('',*,*,#5463,.T.);
#5474=ORIENTED_EDGE('',*,*,#4478,.T.);
#5476=ORIENTED_EDGE('',*,*,#5475,.F.);
#5477=ORIENTED_EDGE('',*,*,#5198,.F.);
#5478=EDGE_LOOP('',(#5473,#5474,#5476,#5477));
#5479=FACE_OUTER_BOUND('',#5478,.F.);
#5481=CARTESIAN_POINT('',(2.172378300330E1,1.830259900656E1,-1.475E0));
#5482=DIRECTION('',(0.E0,0.E0,1.E0));
#5483=DIRECTION('',(1.E0,0.E0,0.E0));
#5484=AXIS2_PLACEMENT_3D('',#5481,#5482,#5483);
#5485=PLANE('',#5484);
#5486=ORIENTED_EDGE('',*,*,#5475,.T.);
#5487=ORIENTED_EDGE('',*,*,#4476,.T.);
#5488=ORIENTED_EDGE('',*,*,#4461,.T.);
#5489=ORIENTED_EDGE('',*,*,#5200,.F.);
#5490=EDGE_LOOP('',(#5486,#5487,#5488,#5489));
#5491=FACE_OUTER_BOUND('',#5490,.F.);
#5493=CARTESIAN_POINT('',(2.165711633663E1,1.793259900990E1,-7.75E-1));
#5494=DIRECTION('',(1.E0,0.E0,0.E0));
#5495=DIRECTION('',(0.E0,0.E0,1.E0));
#5496=AXIS2_PLACEMENT_3D('',#5493,#5494,#5495);
#5497=PLANE('',#5496);
#5498=ORIENTED_EDGE('',*,*,#2899,.T.);
#5499=ORIENTED_EDGE('',*,*,#3334,.T.);
#5500=ORIENTED_EDGE('',*,*,#5181,.T.);
#5501=ORIENTED_EDGE('',*,*,#4457,.T.);
#5502=EDGE_LOOP('',(#5498,#5499,#5500,#5501));
#5503=FACE_OUTER_BOUND('',#5502,.F.);
#5505=CARTESIAN_POINT('',(2.184591533650E1,1.787259900990E1,5.072875656010E-1));
#5506=DIRECTION('',(-1.E0,0.E0,0.E0));
#5507=DIRECTION('',(0.E0,0.E0,1.E0));
#5508=AXIS2_PLACEMENT_3D('',#5505,#5506,#5507);
#5509=CYLINDRICAL_SURFACE('',#5508,1.E-1);
#5510=ORIENTED_EDGE('',*,*,#5152,.T.);
#5511=ORIENTED_EDGE('',*,*,#4546,.F.);
#5513=ORIENTED_EDGE('',*,*,#5512,.F.);
#5514=ORIENTED_EDGE('',*,*,#4797,.F.);
#5515=EDGE_LOOP('',(#5510,#5511,#5513,#5514));
#5516=FACE_OUTER_BOUND('',#5515,.F.);
#5518=CARTESIAN_POINT('',(2.184591533650E1,1.772259900990E1,6.395751311541E-1));
#5519=DIRECTION('',(-1.E0,0.E0,0.E0));
#5520=DIRECTION('',(0.E0,0.E0,1.E0));
#5521=AXIS2_PLACEMENT_3D('',#5518,#5519,#5520);
#5522=CYLINDRICAL_SURFACE('',#5521,9.999999999990E-2);
#5523=ORIENTED_EDGE('',*,*,#4544,.F.);
#5525=ORIENTED_EDGE('',*,*,#5524,.T.);
#5526=ORIENTED_EDGE('',*,*,#4799,.F.);
#5527=ORIENTED_EDGE('',*,*,#5512,.T.);
#5528=EDGE_LOOP('',(#5523,#5525,#5526,#5527));
#5529=FACE_OUTER_BOUND('',#5528,.F.);
#5531=CARTESIAN_POINT('',(2.176711633663E1,1.782259900990E1,7.072875655505E-1));
#5532=DIRECTION('',(0.E0,1.E0,0.E0));
#5533=DIRECTION('',(0.E0,0.E0,1.E0));
#5534=AXIS2_PLACEMENT_3D('',#5531,#5532,#5533);
#5535=PLANE('',#5534);
#5536=ORIENTED_EDGE('',*,*,#4542,.T.);
#5538=ORIENTED_EDGE('',*,*,#5537,.F.);
#5539=ORIENTED_EDGE('',*,*,#4801,.T.);
#5540=ORIENTED_EDGE('',*,*,#5524,.F.);
#5541=EDGE_LOOP('',(#5536,#5538,#5539,#5540));
#5542=FACE_OUTER_BOUND('',#5541,.F.);
#5544=CARTESIAN_POINT('',(2.184591533650E1,1.772259900990E1,7.750000000010E-1));
#5545=DIRECTION('',(-1.E0,0.E0,0.E0));
#5546=DIRECTION('',(0.E0,0.E0,1.E0));
#5547=AXIS2_PLACEMENT_3D('',#5544,#5545,#5546);
#5548=CYLINDRICAL_SURFACE('',#5547,9.999999999980E-2);
#5549=ORIENTED_EDGE('',*,*,#4540,.F.);
#5550=ORIENTED_EDGE('',*,*,#4633,.T.);
#5551=ORIENTED_EDGE('',*,*,#4803,.F.);
#5552=ORIENTED_EDGE('',*,*,#5537,.T.);
#5553=EDGE_LOOP('',(#5549,#5550,#5551,#5552));
#5554=FACE_OUTER_BOUND('',#5553,.F.);
#5556=CARTESIAN_POINT('',(2.247211633663E1,1.740259900990E1,-1.025E0));
#5557=DIRECTION('',(-1.E0,0.E0,0.E0));
#5558=DIRECTION('',(0.E0,0.E0,-1.E0));
#5559=AXIS2_PLACEMENT_3D('',#5556,#5557,#5558);
#5560=PLANE('',#5559);
#5561=ORIENTED_EDGE('',*,*,#4443,.T.);
#5562=ORIENTED_EDGE('',*,*,#3752,.F.);
#5563=ORIENTED_EDGE('',*,*,#3770,.F.);
#5564=ORIENTED_EDGE('',*,*,#3792,.F.);
#5565=EDGE_LOOP('',(#5561,#5562,#5563,#5564));
#5566=FACE_OUTER_BOUND('',#5565,.F.);
#5568=CARTESIAN_POINT('',(2.215211633663E1,1.798259900990E1,1.475000000002E0));
#5569=DIRECTION('',(7.808688094344E-1,0.E0,6.246950475652E-1));
#5570=DIRECTION('',(-6.246950475652E-1,0.E0,7.808688094344E-1));
#5571=AXIS2_PLACEMENT_3D('',#5568,#5569,#5570);
#5572=PLANE('',#5571);
#5574=ORIENTED_EDGE('',*,*,#5573,.F.);
#5575=ORIENTED_EDGE('',*,*,#3717,.T.);
#5576=ORIENTED_EDGE('',*,*,#3738,.T.);
#5577=ORIENTED_EDGE('',*,*,#3351,.F.);
#5578=ORIENTED_EDGE('',*,*,#3379,.T.);
#5579=EDGE_LOOP('',(#5574,#5575,#5576,#5577,#5578));
#5580=FACE_OUTER_BOUND('',#5579,.F.);
#5582=CARTESIAN_POINT('',(2.219211633663E1,1.790759900990E1,8.25E-1));
#5583=DIRECTION('',(1.E0,0.E0,0.E0));
#5584=DIRECTION('',(0.E0,0.E0,1.E0));
#5585=AXIS2_PLACEMENT_3D('',#5582,#5583,#5584);
#5586=PLANE('',#5585);
#5587=ORIENTED_EDGE('',*,*,#3411,.F.);
#5588=ORIENTED_EDGE('',*,*,#3530,.T.);
#5589=ORIENTED_EDGE('',*,*,#3701,.F.);
#5590=ORIENTED_EDGE('',*,*,#3719,.T.);
#5591=ORIENTED_EDGE('',*,*,#5573,.T.);
#5592=ORIENTED_EDGE('',*,*,#3393,.T.);
#5593=EDGE_LOOP('',(#5587,#5588,#5589,#5590,#5591,#5592));
#5594=FACE_OUTER_BOUND('',#5593,.F.);
#5596=CARTESIAN_POINT('',(2.265711633663E1,1.769259900990E1,1.072320508076E0));
#5597=DIRECTION('',(-7.071067811226E-1,7.071067812505E-1,0.E0));
#5598=DIRECTION('',(-7.071067812505E-1,-7.071067811226E-1,0.E0));
#5599=AXIS2_PLACEMENT_3D('',#5596,#5597,#5598);
#5600=PLANE('',#5599);
#5601=ORIENTED_EDGE('',*,*,#3652,.F.);
#5603=ORIENTED_EDGE('',*,*,#5602,.F.);
#5605=ORIENTED_EDGE('',*,*,#5604,.F.);
#5607=ORIENTED_EDGE('',*,*,#5606,.F.);
#5608=ORIENTED_EDGE('',*,*,#3684,.F.);
#5609=ORIENTED_EDGE('',*,*,#3582,.T.);
#5610=EDGE_LOOP('',(#5601,#5603,#5605,#5607,#5608,#5609));
#5611=FACE_OUTER_BOUND('',#5610,.F.);
#5613=CARTESIAN_POINT('',(2.270711633663E1,1.770759900990E1,1.035E0));
#5614=DIRECTION('',(0.E0,0.E0,1.E0));
#5615=DIRECTION('',(1.E0,0.E0,0.E0));
#5616=AXIS2_PLACEMENT_3D('',#5613,#5614,#5615);
#5617=PLANE('',#5616);
#5618=ORIENTED_EDGE('',*,*,#3671,.T.);
#5620=ORIENTED_EDGE('',*,*,#5619,.T.);
#5621=ORIENTED_EDGE('',*,*,#5602,.T.);
#5622=ORIENTED_EDGE('',*,*,#3650,.F.);
#5623=EDGE_LOOP('',(#5618,#5620,#5621,#5622));
#5624=FACE_OUTER_BOUND('',#5623,.F.);
#5626=CARTESIAN_POINT('',(2.270711633663E1,1.771759900990E1,1.04E0));
#5627=DIRECTION('',(0.E0,1.E0,0.E0));
#5628=DIRECTION('',(0.E0,0.E0,-1.E0));
#5629=AXIS2_PLACEMENT_3D('',#5626,#5627,#5628);
#5630=PLANE('',#5629);
#5631=ORIENTED_EDGE('',*,*,#3669,.T.);
#5633=ORIENTED_EDGE('',*,*,#5632,.F.);
#5634=ORIENTED_EDGE('',*,*,#5604,.T.);
#5635=ORIENTED_EDGE('',*,*,#5619,.F.);
#5636=EDGE_LOOP('',(#5631,#5633,#5634,#5635));
#5637=FACE_OUTER_BOUND('',#5636,.F.);
#5639=CARTESIAN_POINT('',(2.273990039946E1,1.768759900990E1,1.045E0));
#5640=DIRECTION('',(-1.E0,0.E0,0.E0));
#5641=DIRECTION('',(0.E0,0.E0,1.E0));
#5642=AXIS2_PLACEMENT_3D('',#5639,#5640,#5641);
#5643=CYLINDRICAL_SURFACE('',#5642,3.E-2);
#5644=ORIENTED_EDGE('',*,*,#3667,.T.);
#5645=ORIENTED_EDGE('',*,*,#3686,.T.);
#5646=ORIENTED_EDGE('',*,*,#5606,.T.);
#5647=ORIENTED_EDGE('',*,*,#5632,.T.);
#5648=EDGE_LOOP('',(#5644,#5645,#5646,#5647));
#5649=FACE_OUTER_BOUND('',#5648,.F.);
#5651=CARTESIAN_POINT('',(2.227711633663E1,1.800259900990E1,
-3.000000000001E-1));
#5652=DIRECTION('',(1.E0,0.E0,0.E0));
#5653=DIRECTION('',(0.E0,0.E0,-1.E0));
#5654=AXIS2_PLACEMENT_3D('',#5651,#5652,#5653);
#5655=PLANE('',#5654);
#5656=ORIENTED_EDGE('',*,*,#2895,.F.);
#5658=ORIENTED_EDGE('',*,*,#5657,.F.);
#5659=ORIENTED_EDGE('',*,*,#3304,.T.);
#5660=ORIENTED_EDGE('',*,*,#3337,.T.);
#5661=EDGE_LOOP('',(#5656,#5658,#5659,#5660));
#5662=FACE_OUTER_BOUND('',#5661,.F.);
#5664=CARTESIAN_POINT('',(2.243211633663E1,1.800259900990E1,
-4.250000000001E-1));
#5665=DIRECTION('',(0.E0,0.E0,1.E0));
#5666=DIRECTION('',(1.E0,0.E0,0.E0));
#5667=AXIS2_PLACEMENT_3D('',#5664,#5665,#5666);
#5668=PLANE('',#5667);
#5669=ORIENTED_EDGE('',*,*,#3306,.T.);
#5670=ORIENTED_EDGE('',*,*,#5657,.T.);
#5671=ORIENTED_EDGE('',*,*,#2893,.T.);
#5673=ORIENTED_EDGE('',*,*,#5672,.T.);
#5674=EDGE_LOOP('',(#5669,#5670,#5671,#5673));
#5675=FACE_OUTER_BOUND('',#5674,.F.);
#5677=CARTESIAN_POINT('',(2.260461633663E1,1.800259900990E1,
-3.750000000017E-1));
#5678=DIRECTION('',(9.438583563574E-1,0.E0,-3.303504247526E-1));
#5679=DIRECTION('',(3.303504247526E-1,0.E0,9.438583563574E-1));
#5680=AXIS2_PLACEMENT_3D('',#5677,#5678,#5679);
#5681=PLANE('',#5680);
#5682=ORIENTED_EDGE('',*,*,#3261,.F.);
#5683=ORIENTED_EDGE('',*,*,#3308,.F.);
#5684=ORIENTED_EDGE('',*,*,#5672,.F.);
#5685=ORIENTED_EDGE('',*,*,#2891,.F.);
#5686=EDGE_LOOP('',(#5682,#5683,#5684,#5685));
#5687=FACE_OUTER_BOUND('',#5686,.F.);
#5689=CARTESIAN_POINT('',(2.263211633663E1,1.784760051049E1,
-2.612083487540E-1));
#5690=DIRECTION('',(1.E0,0.E0,0.E0));
#5691=DIRECTION('',(0.E0,0.E0,-1.E0));
#5692=AXIS2_PLACEMENT_3D('',#5689,#5690,#5691);
#5693=PLANE('',#5692);
#5694=ORIENTED_EDGE('',*,*,#2887,.F.);
#5696=ORIENTED_EDGE('',*,*,#5695,.T.);
#5697=ORIENTED_EDGE('',*,*,#3264,.T.);
#5698=EDGE_LOOP('',(#5694,#5696,#5697));
#5699=FACE_OUTER_BOUND('',#5698,.F.);
#5701=CARTESIAN_POINT('',(2.278588116157E1,1.774259900990E1,
-3.753183234132E-1));
#5702=DIRECTION('',(-1.E0,0.E0,0.E0));
#5703=DIRECTION('',(0.E0,0.E0,1.E0));
#5704=AXIS2_PLACEMENT_3D('',#5701,#5702,#5703);
#5705=CYLINDRICAL_SURFACE('',#5704,8.E-2);
#5706=ORIENTED_EDGE('',*,*,#2885,.T.);
#5707=ORIENTED_EDGE('',*,*,#3057,.F.);
#5708=ORIENTED_EDGE('',*,*,#3266,.T.);
#5709=ORIENTED_EDGE('',*,*,#5695,.F.);
#5710=EDGE_LOOP('',(#5706,#5707,#5708,#5709));
#5711=FACE_OUTER_BOUND('',#5710,.F.);
#5713=CARTESIAN_POINT('',(2.270711633663E1,1.806594950326E1,
-7.689918383389E-1));
#5714=DIRECTION('',(0.E0,9.998476951557E-1,-1.745240647805E-2));
#5715=DIRECTION('',(0.E0,1.745240647805E-2,9.998476951557E-1));
#5716=AXIS2_PLACEMENT_3D('',#5713,#5714,#5715);
#5717=PLANE('',#5716);
#5718=ORIENTED_EDGE('',*,*,#3098,.T.);
#5719=ORIENTED_EDGE('',*,*,#2935,.F.);
#5721=ORIENTED_EDGE('',*,*,#5720,.F.);
#5723=ORIENTED_EDGE('',*,*,#5722,.F.);
#5724=EDGE_LOOP('',(#5718,#5719,#5721,#5723));
#5725=FACE_OUTER_BOUND('',#5724,.F.);
#5727=CARTESIAN_POINT('',(2.278588116157E1,1.800886054890E1,-1.174681414895E0));
#5728=DIRECTION('',(-1.E0,0.E0,0.E0));
#5729=DIRECTION('',(0.E0,0.E0,1.E0));
#5730=AXIS2_PLACEMENT_3D('',#5727,#5728,#5729);
#5731=CYLINDRICAL_SURFACE('',#5730,5.000000002E-2);
#5733=ORIENTED_EDGE('',*,*,#5732,.F.);
#5734=ORIENTED_EDGE('',*,*,#5720,.T.);
#5735=ORIENTED_EDGE('',*,*,#2933,.F.);
#5737=ORIENTED_EDGE('',*,*,#5736,.F.);
#5738=EDGE_LOOP('',(#5733,#5734,#5735,#5737));
#5739=FACE_OUTER_BOUND('',#5738,.F.);
#5741=CARTESIAN_POINT('',(2.263211633663E1,1.784760051049E1,
-2.612083487540E-1));
#5742=DIRECTION('',(1.E0,0.E0,0.E0));
#5743=DIRECTION('',(0.E0,0.E0,-1.E0));
#5744=AXIS2_PLACEMENT_3D('',#5741,#5742,#5743);
#5745=PLANE('',#5744);
#5746=ORIENTED_EDGE('',*,*,#3100,.T.);
#5747=ORIENTED_EDGE('',*,*,#5722,.T.);
#5748=ORIENTED_EDGE('',*,*,#5732,.T.);
#5750=ORIENTED_EDGE('',*,*,#5749,.T.);
#5752=ORIENTED_EDGE('',*,*,#5751,.F.);
#5754=ORIENTED_EDGE('',*,*,#5753,.T.);
#5756=ORIENTED_EDGE('',*,*,#5755,.T.);
#5758=ORIENTED_EDGE('',*,*,#5757,.T.);
#5759=EDGE_LOOP('',(#5746,#5747,#5748,#5750,#5752,#5754,#5756,#5758));
#5760=FACE_OUTER_BOUND('',#5759,.F.);
#5762=CARTESIAN_POINT('',(2.278588116157E1,1.811259900990E1,-1.235E0));
#5763=DIRECTION('',(-1.E0,0.E0,0.E0));
#5764=DIRECTION('',(0.E0,0.E0,1.E0));
#5765=AXIS2_PLACEMENT_3D('',#5762,#5763,#5764);
#5766=CYLINDRICAL_SURFACE('',#5765,7.E-2);
#5767=ORIENTED_EDGE('',*,*,#5749,.F.);
#5768=ORIENTED_EDGE('',*,*,#5736,.T.);
#5769=ORIENTED_EDGE('',*,*,#2931,.F.);
#5771=ORIENTED_EDGE('',*,*,#5770,.T.);
#5772=EDGE_LOOP('',(#5767,#5768,#5769,#5771));
#5773=FACE_OUTER_BOUND('',#5772,.F.);
#5775=CARTESIAN_POINT('',(2.270711633663E1,1.811759900990E1,-1.305E0));
#5776=DIRECTION('',(0.E0,0.E0,1.E0));
#5777=DIRECTION('',(0.E0,-1.E0,0.E0));
#5778=AXIS2_PLACEMENT_3D('',#5775,#5776,#5777);
#5779=PLANE('',#5778);
#5780=ORIENTED_EDGE('',*,*,#5751,.T.);
#5781=ORIENTED_EDGE('',*,*,#5770,.F.);
#5782=ORIENTED_EDGE('',*,*,#2929,.T.);
#5784=ORIENTED_EDGE('',*,*,#5783,.F.);
#5785=EDGE_LOOP('',(#5780,#5781,#5782,#5784));
#5786=FACE_OUTER_BOUND('',#5785,.F.);
#5788=CARTESIAN_POINT('',(2.278588116157E1,1.812259900990E1,-1.255E0));
#5789=DIRECTION('',(-1.E0,0.E0,0.E0));
#5790=DIRECTION('',(0.E0,0.E0,1.E0));
#5791=AXIS2_PLACEMENT_3D('',#5788,#5789,#5790);
#5792=CYLINDRICAL_SURFACE('',#5791,5.E-2);
#5793=ORIENTED_EDGE('',*,*,#5753,.F.);
#5794=ORIENTED_EDGE('',*,*,#5783,.T.);
#5795=ORIENTED_EDGE('',*,*,#2927,.F.);
#5797=ORIENTED_EDGE('',*,*,#5796,.T.);
#5798=EDGE_LOOP('',(#5793,#5794,#5795,#5797));
#5799=FACE_OUTER_BOUND('',#5798,.F.);
#5801=CARTESIAN_POINT('',(2.270711633663E1,1.818920345423E1,-1.253410105540E0));
#5802=DIRECTION('',(0.E0,7.660444430221E-1,-6.427876098020E-1));
#5803=DIRECTION('',(0.E0,-6.427876098020E-1,-7.660444430221E-1));
#5804=AXIS2_PLACEMENT_3D('',#5801,#5802,#5803);
#5805=PLANE('',#5804);
#5806=ORIENTED_EDGE('',*,*,#5755,.F.);
#5807=ORIENTED_EDGE('',*,*,#5796,.F.);
#5808=ORIENTED_EDGE('',*,*,#2925,.F.);
#5810=ORIENTED_EDGE('',*,*,#5809,.F.);
#5811=EDGE_LOOP('',(#5806,#5807,#5808,#5810));
#5812=FACE_OUTER_BOUND('',#5811,.F.);
#5814=CARTESIAN_POINT('',(2.278588116157E1,1.810259900990E1,-1.123262689185E0));
#5815=DIRECTION('',(-1.E0,0.E0,0.E0));
#5816=DIRECTION('',(0.E0,0.E0,1.E0));
#5817=AXIS2_PLACEMENT_3D('',#5814,#5815,#5816);
#5818=CYLINDRICAL_SURFACE('',#5817,1.499999999997E-1);
#5819=ORIENTED_EDGE('',*,*,#3102,.T.);
#5820=ORIENTED_EDGE('',*,*,#5757,.F.);
#5821=ORIENTED_EDGE('',*,*,#5809,.T.);
#5822=ORIENTED_EDGE('',*,*,#2923,.F.);
#5823=EDGE_LOOP('',(#5819,#5820,#5821,#5822));
#5824=FACE_OUTER_BOUND('',#5823,.F.);
#5826=CLOSED_SHELL('',(#2915,#3076,#3106,#3120,#3134,#3148,#3162,#3187,#3201,
#3215,#3234,#3247,#3270,#3283,#3295,#3313,#3342,#3370,#3384,#3398,#3416,#3430,
#3444,#3465,#3478,#3491,#3504,#3517,#3537,#3551,#3565,#3590,#3603,#3616,#3629,
#3642,#3657,#3675,#3692,#3708,#3724,#3743,#3761,#3775,#3797,#3811,#3825,#3879,
#3901,#3915,#3937,#3951,#3967,#3980,#3999,#4013,#4033,#4046,#4061,#4076,#4089,
#4102,#4114,#4131,#4145,#4157,#4169,#4182,#4195,#4208,#4221,#4234,#4247,#4260,
#4273,#4290,#4305,#4322,#4335,#4348,#4361,#4373,#4385,#4397,#4410,#4423,#4447,
#4465,#4482,#4497,#4531,#4623,#4638,#4656,#4670,#4691,#4705,#4718,#4808,#4822,
#4848,#4863,#4882,#4895,#4912,#4925,#4938,#4951,#4964,#4977,#4990,#5003,#5020,
#5035,#5052,#5065,#5078,#5090,#5102,#5114,#5126,#5138,#5159,#5172,#5188,#5206,
#5219,#5232,#5245,#5258,#5271,#5284,#5297,#5310,#5323,#5336,#5349,#5362,#5375,
#5388,#5401,#5414,#5427,#5439,#5454,#5467,#5480,#5492,#5504,#5517,#5530,#5543,
#5555,#5567,#5581,#5595,#5612,#5625,#5638,#5650,#5663,#5676,#5688,#5700,#5712,
#5726,#5740,#5761,#5774,#5787,#5800,#5813,#5825));
#5827=MANIFOLD_SOLID_BREP('',#5826);
#5830=PLANE_ANGLE_MEASURE_WITH_UNIT(PLANE_ANGLE_MEASURE(1.745329251994E-2),
#5829);
#5831=(CONVERSION_BASED_UNIT('DEGREE',#5830)NAMED_UNIT(*)PLANE_ANGLE_UNIT());
#5833=UNCERTAINTY_MEASURE_WITH_UNIT(LENGTH_MEASURE(1.065388750783E-3),#5828,
'distance_accuracy_value',
'Maximum model space distance between geometric entities at asserted connectivities');
#5835=CARTESIAN_POINT('',(0.E0,0.E0,0.E0));
#5836=DIRECTION('',(0.E0,0.E0,1.E0));
#5837=DIRECTION('',(1.E0,0.E0,0.E0));
#5840=APPLICATION_CONTEXT('automotive_design');
#5841=APPLICATION_PROTOCOL_DEFINITION('international standard',
'automotive_design',2001,#5840);
#5842=PRODUCT_DEFINITION_CONTEXT('part definition',#5840,'design');
#5843=PRODUCT_CONTEXT('',#5840,'mechanical');
#5844=PRODUCT('F331_L','F331_L','NOT SPECIFIED',(#5843));
#5845=PRODUCT_DEFINITION_FORMATION('5','LAST_VERSION',#5844);
#5853=DERIVED_UNIT_ELEMENT(#5852,2.E0);
#5854=DERIVED_UNIT((#5853));
#5855=MEASURE_REPRESENTATION_ITEM('surface area measure',AREA_MEASURE(
2.867638343971E1),#5854);
#5860=DERIVED_UNIT_ELEMENT(#5859,3.E0);
#5861=DERIVED_UNIT((#5860));
#5862=MEASURE_REPRESENTATION_ITEM('volume measure',VOLUME_MEASURE(
3.219437507706E0),#5861);
#5866=CARTESIAN_POINT('centre point',(2.213528917365E1,1.799579250580E1,
-1.133590102388E-1));
#5871=DERIVED_UNIT_ELEMENT(#5870,2.E0);
#5872=DERIVED_UNIT((#5871));
#5873=MEASURE_REPRESENTATION_ITEM('surface area measure',AREA_MEASURE(
2.867638343971E1),#5872);
#5878=DERIVED_UNIT_ELEMENT(#5877,3.E0);
#5879=DERIVED_UNIT((#5878));
#5880=MEASURE_REPRESENTATION_ITEM('volume measure',VOLUME_MEASURE(
3.219437507706E0),#5879);
#5884=CARTESIAN_POINT('centre point',(2.213528917365E1,1.799579250580E1,
-1.133590102388E-1));
#5894=CARTESIAN_POINT('centre point',(-6.468271629809E-1,5.931934959050E-1,
-1.638359010239E0));
#5898=CARTESIAN_POINT('',(-2.278211633663E1,-1.740259900990E1,-1.525E0));
#5899=DIRECTION('',(0.E0,0.E0,1.E0));
#5900=DIRECTION('',(1.E0,0.E0,0.E0));
#5901=AXIS2_PLACEMENT_3D('',#5898,#5899,#5900);
#5902=ITEM_DEFINED_TRANSFORMATION('','',#5838,#5901);
#5903=(REPRESENTATION_RELATIONSHIP('','',#5839,#5891)REPRESENTATION_RELATIONSHIP_WITH_TRANSFORMATION(#5902)SHAPE_REPRESENTATION_RELATIONSHIP());
#5904=CONTEXT_DEPENDENT_SHAPE_REPRESENTATION(#5903,#5893);
#5905=DIRECTION('',(0.E0,0.E0,-1.E0));
#5906=VECTOR('',#5905,1.100000000001E0);
#5907=CARTESIAN_POINT('',(2.278211633663E1,1.766259900990E1,
-3.250000000023E-1));
#5908=LINE('',#5907,#5906);
#5909=DIRECTION('',(1.E0,0.E0,4.241051954143E-12));
#5910=VECTOR('',#5909,9.999999999824E-3);
#5911=CARTESIAN_POINT('',(2.278211633663E1,1.766259900990E1,-1.425000000003E0));
#5912=LINE('',#5911,#5910);
#5913=DIRECTION('',(4.472135955249E-1,0.E0,-8.944271909874E-1));
#5914=VECTOR('',#5913,1.118033988721E-1);
#5915=CARTESIAN_POINT('',(2.279211633663E1,1.766259900990E1,-1.425000000003E0));
#5916=LINE('',#5915,#5914);
#5917=DIRECTION('',(4.472135954965E-1,0.E0,8.944271910017E-1));
#5918=VECTOR('',#5917,1.118033988718E-1);
#5919=CARTESIAN_POINT('',(2.307211633663E1,1.766259900990E1,-1.525E0));
#5920=LINE('',#5919,#5918);
#5921=DIRECTION('',(1.E0,0.E0,-4.107825190621E-11));
#5922=VECTOR('',#5921,1.000000000120E-2);
#5923=CARTESIAN_POINT('',(2.312211633663E1,1.766259900990E1,-1.425000000003E0));
#5924=LINE('',#5923,#5922);
#5925=DIRECTION('',(0.E0,0.E0,1.E0));
#5926=VECTOR('',#5925,9.800000000222E-1);
#5927=CARTESIAN_POINT('',(2.313211633663E1,1.766259900990E1,-1.425000000003E0));
#5928=LINE('',#5927,#5926);
#5929=DIRECTION('',(0.E0,0.E0,-1.E0));
#5930=VECTOR('',#5929,6.968167658400E-2);
#5931=CARTESIAN_POINT('',(2.328211633663E1,1.766259900990E1,
-3.753183234132E-1));
#5932=LINE('',#5931,#5930);
#5933=DIRECTION('',(0.E0,-7.060477054790E-14,1.E0));
#5934=VECTOR('',#5933,5.031832341117E-2);
#5935=CARTESIAN_POINT('',(2.313211633663E1,1.766259900990E1,
-3.753183234132E-1));
#5936=LINE('',#5935,#5934);
#5937=DIRECTION('',(-3.303504247821E-1,0.E0,-9.438583563471E-1));
#5938=VECTOR('',#5937,1.059481005031E-1);
#5939=CARTESIAN_POINT('',(2.312211633664E1,1.766259900990E1,
-3.250000000007E-1));
#5940=LINE('',#5939,#5938);
#5941=DIRECTION('',(-3.303504247433E-1,0.E0,9.438583563607E-1));
#5942=VECTOR('',#5941,1.059481004998E-1);
#5943=CARTESIAN_POINT('',(2.282711633663E1,1.766259900990E1,
-4.249999999996E-1));
#5944=LINE('',#5943,#5942);
#5945=DIRECTION('',(0.E0,-1.E0,0.E0));
#5946=VECTOR('',#5945,6.8E-1);
#5947=CARTESIAN_POINT('',(2.278211633663E1,1.834259900990E1,
-3.250000000023E-1));
#5948=LINE('',#5947,#5946);
#5949=DIRECTION('',(1.E0,0.E0,5.939693181912E-13));
#5950=VECTOR('',#5949,9.999999999717E-3);
#5951=CARTESIAN_POINT('',(2.278211633663E1,1.766259900990E1,
-3.250000000023E-1));
#5952=LINE('',#5951,#5950);
#5953=DIRECTION('',(-2.560043680312E-13,-1.E0,-4.320073710527E-13));
#5954=VECTOR('',#5953,6.8E-1);
#5955=CARTESIAN_POINT('',(2.279211633663E1,1.834259900990E1,
-3.250000000020E-1));
#5956=LINE('',#5955,#5954);
#5957=DIRECTION('',(-1.E0,0.E0,3.292238276880E-13));
#5958=VECTOR('',#5957,2.599999999991E-1);
#5959=CARTESIAN_POINT('',(2.308711633663E1,1.834259900990E1,
-4.249999999997E-1));
#5960=LINE('',#5959,#5958);
#5961=DIRECTION('',(-4.179663151530E-13,-1.E0,1.649007727752E-14));
#5962=VECTOR('',#5961,6.8E-1);
#5963=CARTESIAN_POINT('',(2.282711633663E1,1.834259900990E1,
-4.249999999996E-1));
#5964=LINE('',#5963,#5962);
#5965=DIRECTION('',(1.E0,0.E0,-3.290103232584E-13));
#5966=VECTOR('',#5965,2.600000000005E-1);
#5967=CARTESIAN_POINT('',(2.282711633663E1,1.766259900990E1,
-4.249999999996E-1));
#5968=LINE('',#5967,#5966);
#5969=DIRECTION('',(-1.609170313339E-12,1.E0,-1.649007727752E-14));
#5970=VECTOR('',#5969,6.8E-1);
#5971=CARTESIAN_POINT('',(2.308711633663E1,1.766259900990E1,
-4.249999999997E-1));
#5972=LINE('',#5971,#5970);
#5973=DIRECTION('',(0.E0,0.E0,-1.E0));
#5974=VECTOR('',#5973,1.500000000022E-1);
#5975=CARTESIAN_POINT('',(2.278211633663E1,1.834259900990E1,
-1.750000000001E-1));
#5976=LINE('',#5975,#5974);
#5977=DIRECTION('',(1.E0,0.E0,2.996491943496E-11));
#5978=VECTOR('',#5977,9.999999999891E-3);
#5979=CARTESIAN_POINT('',(2.278211633663E1,1.834259900990E1,
-3.250000000023E-1));
#5980=LINE('',#5979,#5978);
#5981=DIRECTION('',(3.303504247434E-1,0.E0,-9.438583563607E-1));
#5982=VECTOR('',#5981,1.059481005002E-1);
#5983=CARTESIAN_POINT('',(2.279211633663E1,1.834259900990E1,
-3.250000000020E-1));
#5984=LINE('',#5983,#5982);
#5985=DIRECTION('',(3.303504247821E-1,0.E0,9.438583563471E-1));
#5986=VECTOR('',#5985,1.059481005032E-1);
#5987=CARTESIAN_POINT('',(2.308711633663E1,1.834259900990E1,
-4.249999999997E-1));
#5988=LINE('',#5987,#5986);
#5989=DIRECTION('',(1.E0,0.E0,-1.000449723104E-11));
#5990=VECTOR('',#5989,1.599999999939E-1);
#5991=CARTESIAN_POINT('',(2.312211633664E1,1.834259900990E1,
-3.250000000007E-1));
#5992=LINE('',#5991,#5990);
#5993=DIRECTION('',(0.E0,0.E0,-1.E0));
#5994=VECTOR('',#5993,1.500000000022E-1);
#5995=CARTESIAN_POINT('',(2.328211633663E1,1.834259900990E1,
-1.750000000001E-1));
#5996=LINE('',#5995,#5994);
#5997=DIRECTION('',(-1.E0,0.E0,0.E0));
#5998=VECTOR('',#5997,5.E-1);
#5999=CARTESIAN_POINT('',(2.328211633663E1,1.834259900990E1,
-1.750000000001E-1));
#6000=LINE('',#5999,#5998);
#6001=DIRECTION('',(0.E0,1.E0,0.E0));
#6002=VECTOR('',#6001,3.873387294775E-1);
#6003=CARTESIAN_POINT('',(2.328211633663E1,1.768040522943E1,
-3.250000000023E-1));
#6004=LINE('',#6003,#6002);
#6005=DIRECTION('',(0.E0,1.E0,0.E0));
#6006=VECTOR('',#6005,3.025650980204E-2);
#6007=CARTESIAN_POINT('',(2.328211633663E1,1.831234250010E1,
-3.250000000023E-1));
#6008=LINE('',#6007,#6006);
#6009=DIRECTION('',(1.609170313339E-12,-1.E0,0.E0));
#6010=VECTOR('',#6009,6.8E-1);
#6011=CARTESIAN_POINT('',(2.312211633664E1,1.834259900990E1,
-3.250000000007E-1));
#6012=LINE('',#6011,#6010);
#6013=DIRECTION('',(1.E0,0.E0,-1.293243291166E-10));
#6014=VECTOR('',#6013,9.999999992797E-3);
#6015=CARTESIAN_POINT('',(2.312211633664E1,1.766259900990E1,
-3.250000000007E-1));
#6016=LINE('',#6015,#6014);
#6017=CARTESIAN_POINT('',(2.328211633663E1,1.810259900990E1,-1.123262689185E0));
#6018=DIRECTION('',(-1.E0,0.E0,0.E0));
#6019=DIRECTION('',(0.E0,9.839854607772E-1,-1.782487390670E-1));
#6020=AXIS2_PLACEMENT_3D('',#6017,#6018,#6019);
#6022=DIRECTION('',(0.E0,-6.427876097964E-1,-7.660444430268E-1));
#6023=VECTOR('',#6022,8.806088272732E-2);
#6024=CARTESIAN_POINT('',(2.328211633663E1,1.821750567639E1,-1.219680830616E0));
#6025=LINE('',#6024,#6023);
#6026=CARTESIAN_POINT('',(2.328211633663E1,1.812259900990E1,-1.255E0));
#6027=DIRECTION('',(-1.E0,0.E0,0.E0));
#6028=DIRECTION('',(0.E0,7.660444433168E-1,-6.427876094508E-1));
#6029=AXIS2_PLACEMENT_3D('',#6026,#6027,#6028);
#6031=CARTESIAN_POINT('',(2.328211633663E1,1.811259900990E1,-1.235E0));
#6032=DIRECTION('',(-1.E0,0.E0,0.E0));
#6033=DIRECTION('',(0.E0,-5.075305255429E-14,-1.E0));
#6034=AXIS2_PLACEMENT_3D('',#6031,#6032,#6033);
#6036=CARTESIAN_POINT('',(2.328211633663E1,1.800886054890E1,-1.174681414895E0));
#6037=DIRECTION('',(1.E0,0.E0,0.E0));
#6038=DIRECTION('',(0.E0,8.644871618750E-1,-5.026548984674E-1));
#6039=AXIS2_PLACEMENT_3D('',#6036,#6037,#6038);
#6041=DIRECTION('',(0.E0,1.745240692997E-2,9.998476951478E-1));
#6042=VECTOR('',#6041,2.555792725179E-2);
#6043=CARTESIAN_POINT('',(2.328211633663E1,1.805885293370E1,-1.175554034700E0));
#6044=LINE('',#6043,#6042);
#6045=DIRECTION('',(0.E0,-5.000000003841E-1,-8.660254035627E-1));
#6046=VECTOR('',#6045,5.980762112191E-2);
#6047=CARTESIAN_POINT('',(2.328211633663E1,1.772759900988E1,
-8.982050807879E-1));
#6048=LINE('',#6047,#6046);
#6049=CARTESIAN_POINT('',(2.328211633663E1,1.782759900990E1,-1.024999999944E0));
#6050=DIRECTION('',(1.E0,0.E0,0.E0));
#6051=DIRECTION('',(0.E0,-8.660254040123E-1,4.999999996053E-1));
#6052=AXIS2_PLACEMENT_3D('',#6049,#6050,#6051);
#6054=CARTESIAN_POINT('',(2.328211633663E1,1.782759900990E1,-1.075E0));
#6055=DIRECTION('',(1.E0,0.E0,0.E0));
#6056=DIRECTION('',(0.E0,-1.E0,-2.642302672710E-9));
#6057=AXIS2_PLACEMENT_3D('',#6054,#6055,#6056);
#6059=DIRECTION('',(0.E0,8.660254040936E-1,-4.999999994644E-1));
#6060=VECTOR('',#6059,4.041451859885E-2);
#6061=CARTESIAN_POINT('',(2.328211633663E1,1.775259901010E1,-1.204903810705E0));
#6062=LINE('',#6061,#6060);
#6063=CARTESIAN_POINT('',(2.328211633663E1,1.777259900991E1,-1.251091832105E0));
#6064=DIRECTION('',(-1.E0,0.E0,0.E0));
#6065=DIRECTION('',(0.E0,4.999999992252E-1,8.660254042318E-1));
#6066=AXIS2_PLACEMENT_3D('',#6063,#6064,#6065);
#6068=DIRECTION('',(0.E0,-4.226182618040E-1,-9.063077870072E-1));
#6069=VECTOR('',#6068,1.723068283525E-1);
#6070=CARTESIAN_POINT('',(2.328211633663E1,1.779978824351E1,-1.263770379976E0));
#6071=LINE('',#6070,#6069);
#6072=CARTESIAN_POINT('',(2.328211633663E1,1.781759900990E1,-1.462195226482E0));
#6073=DIRECTION('',(1.E0,0.E0,0.E0));
#6074=DIRECTION('',(0.E0,-9.063077865380E-1,4.226182628101E-1));
#6075=AXIS2_PLACEMENT_3D('',#6072,#6073,#6074);
#6077=CARTESIAN_POINT('',(2.328211633663E1,1.746759900990E1,-1.675E0));
#6078=DIRECTION('',(1.E0,0.E0,0.E0));
#6079=DIRECTION('',(0.E0,1.E0,0.E0));
#6080=AXIS2_PLACEMENT_3D('',#6077,#6078,#6079);
#6082=CARTESIAN_POINT('',(2.328211633663E1,1.743259900990E1,-1.575E0));
#6083=DIRECTION('',(-1.E0,0.E0,0.E0));
#6084=DIRECTION('',(0.E0,2.415845301584E-12,-1.E0));
#6085=AXIS2_PLACEMENT_3D('',#6082,#6083,#6084);
#6087=CARTESIAN_POINT('',(2.328211633663E1,1.743059900986E1,-1.345E0));
#6088=DIRECTION('',(-1.E0,0.E0,0.E0));
#6089=DIRECTION('',(0.E0,2.500222251456E-10,1.E0));
#6090=AXIS2_PLACEMENT_3D('',#6087,#6088,#6089);
#6092=DIRECTION('',(8.988365607545E-11,5.000000000849E-1,-8.660254037354E-1));
#6093=VECTOR('',#6092,9.999999999800E-3);
#6094=CARTESIAN_POINT('',(2.328211633663E1,1.766259900990E1,1.148301270193E0));
#6095=LINE('',#6094,#6093);
#6096=CARTESIAN_POINT('',(2.328211633663E1,1.771759900990E1,8.416987299953E-1));
#6097=DIRECTION('',(1.E0,0.E0,0.E0));
#6098=DIRECTION('',(0.E0,-1.E0,-5.282885240376E-11));
#6099=AXIS2_PLACEMENT_3D('',#6096,#6097,#6098);
#6101=DIRECTION('',(0.E0,4.999999977883E-1,-8.660254050614E-1));
#6102=VECTOR('',#6101,3.660254063152E-2);
#6103=CARTESIAN_POINT('',(2.328211633663E1,1.767429773966E1,8.166987300740E-1));
#6104=LINE('',#6103,#6102);
#6105=DIRECTION('',(0.E0,-8.660254042841E-1,-4.999999991345E-1));
#6106=VECTOR('',#6105,5.773502671732E-3);
#6107=CARTESIAN_POINT('',(2.328211633663E1,1.769259900990E1,7.849999999973E-1));
#6108=LINE('',#6107,#6106);
#6109=CARTESIAN_POINT('',(2.328211633663E1,1.770259900990E1,7.561324865466E-1));
#6110=DIRECTION('',(1.E0,0.E0,0.E0));
#6111=DIRECTION('',(0.E0,-5.000000001489E-1,8.660254036985E-1));
#6112=AXIS2_PLACEMENT_3D('',#6109,#6110,#6111);
#6114=DIRECTION('',(0.E0,3.489949670422E-2,9.993908270190E-1));
#6115=VECTOR('',#6114,7.503230259346E-1);
#6116=CARTESIAN_POINT('',(2.328211633663E1,1.806882365399E1,2.25E-1));
#6117=LINE('',#6116,#6115);
#6118=CARTESIAN_POINT('',(2.328211633663E1,1.809500954996E1,9.748659494202E-1));
#6119=CARTESIAN_POINT('',(2.328211633663E1,1.809525015732E1,9.817560428797E-1));
#6120=CARTESIAN_POINT('',(2.328211633663E1,1.809311863659E1,9.944580025373E-1));
#6121=CARTESIAN_POINT('',(2.328211633663E1,1.808236269071E1,1.011714372405E0));
#6122=CARTESIAN_POINT('',(2.328211633663E1,1.807229092727E1,1.019072508105E0));
#6123=CARTESIAN_POINT('',(2.328211633663E1,1.806603608476E1,1.021989189072E0));
#6125=DIRECTION('',(0.E0,-9.063077866153E-1,4.226182626443E-1));
#6126=VECTOR('',#6125,1.482617170843E-2);
#6127=CARTESIAN_POINT('',(2.328211633663E1,1.806603608476E1,1.021989189072E0));
#6128=LINE('',#6127,#6126);
#6129=DIRECTION('',(0.E0,2.588190457827E-1,9.659258261068E-1));
#6130=VECTOR('',#6129,1.817373471894E-2);
#6131=CARTESIAN_POINT('',(2.328211633663E1,1.805259900990E1,1.028255000001E0));
#6132=LINE('',#6131,#6130);
#6133=CARTESIAN_POINT('',(2.328211633663E1,1.810559900993E1,1.032868527600E0));
#6134=DIRECTION('',(-1.E0,0.E0,0.E0));
#6135=DIRECTION('',(0.E0,-9.659258272373E-1,2.588190415637E-1));
#6136=AXIS2_PLACEMENT_3D('',#6133,#6134,#6135);
#6138=DIRECTION('',(0.E0,6.427876100283E-1,7.660444428322E-1));
#6139=VECTOR('',#6138,5.492050820275E-2);
#6140=CARTESIAN_POINT('',(2.328211633663E1,1.806729678769E1,1.065007907982E0));
#6141=LINE('',#6140,#6139);
#6142=CARTESIAN_POINT('',(2.328211633663E1,1.821259900991E1,
-3.178420558069E-1));
#6143=DIRECTION('',(-1.E0,0.E0,0.E0));
#6144=DIRECTION('',(0.E0,9.974349018806E-1,-7.157944195408E-2));
#6145=AXIS2_PLACEMENT_3D('',#6142,#6143,#6144);
#6147=DIRECTION('',(0.E0,-2.756373559906E-1,-9.612616958885E-1));
#6148=VECTOR('',#6147,1.333528224065E-1);
#6149=CARTESIAN_POINT('',(2.328211633663E1,1.830872517949E1,
-3.454057914353E-1));
#6150=LINE('',#6149,#6148);
#6151=CARTESIAN_POINT('',(2.328211633663E1,1.875259900990E1,
-6.114114232008E-1));
#6152=DIRECTION('',(1.E0,0.E0,0.E0));
#6153=DIRECTION('',(0.E0,-9.612617010315E-1,2.756373380549E-1));
#6154=AXIS2_PLACEMENT_3D('',#6151,#6152,#6153);
#6156=CARTESIAN_POINT('',(2.328211633663E1,1.774259900990E1,
-3.753183234132E-1));
#6157=DIRECTION('',(1.E0,0.E0,0.E0));
#6158=DIRECTION('',(0.E0,-7.774222558715E-1,6.289790426362E-1));
#6159=AXIS2_PLACEMENT_3D('',#6156,#6157,#6158);
#6161=CARTESIAN_POINT('',(2.328211633663E1,1.774259900990E1,
-4.449999999972E-1));
#6162=DIRECTION('',(1.E0,0.E0,0.E0));
#6163=DIRECTION('',(0.E0,-1.E0,1.007527394847E-12));
#6164=AXIS2_PLACEMENT_3D('',#6161,#6162,#6163);
#6166=DIRECTION('',(0.E0,8.660254036305E-1,-5.000000002666E-1));
#6167=VECTOR('',#6166,1.154700538421E-2);
#6168=CARTESIAN_POINT('',(2.328211633663E1,1.770259900988E1,
-5.142820322897E-1));
#6169=LINE('',#6168,#6167);
#6170=CARTESIAN_POINT('',(2.328211633663E1,1.767259900990E1,
-5.893375673001E-1));
#6171=DIRECTION('',(-1.E0,0.E0,0.E0));
#6172=DIRECTION('',(0.E0,4.999999996407E-1,8.660254039919E-1));
#6173=AXIS2_PLACEMENT_3D('',#6170,#6171,#6172);
#6175=DIRECTION('',(0.E0,1.745240649399E-2,9.998476951554E-1));
#6176=VECTOR('',#6175,1.125875059504E-1);
#6177=CARTESIAN_POINT('',(2.328211633663E1,1.807108114990E1,
-4.750000000446E-1));
#6178=LINE('',#6177,#6176);
#6179=CARTESIAN_POINT('',(2.328211633663E1,1.795306434940E1,
-3.603353528823E-1));
#6180=DIRECTION('',(1.E0,0.E0,0.E0));
#6181=DIRECTION('',(0.E0,9.998476951406E-1,-1.745240734181E-2));
#6182=AXIS2_PLACEMENT_3D('',#6179,#6180,#6181);
#6184=DIRECTION('',(0.E0,-1.E0,0.E0));
#6185=VECTOR('',#6184,8.735509528913E-1);
#6186=CARTESIAN_POINT('',(2.278211633663E1,1.877614996278E1,-1.150000000045E0));
#6187=LINE('',#6186,#6185);
#6188=DIRECTION('',(0.E0,-1.E0,0.E0));
#6189=VECTOR('',#6188,1.566999711549E-1);
#6190=CARTESIAN_POINT('',(2.328211633663E1,1.805929898104E1,-1.150000000045E0));
#6191=LINE('',#6190,#6189);
#6192=DIRECTION('',(0.E0,-1.E0,0.E0));
#6193=VECTOR('',#6192,5.259531337637E-1);
#6194=CARTESIAN_POINT('',(2.328211633663E1,1.877614996278E1,-1.150000000045E0));
#6195=LINE('',#6194,#6193);
#6196=DIRECTION('',(-1.E0,0.E0,0.E0));
#6197=VECTOR('',#6196,5.E-1);
#6198=CARTESIAN_POINT('',(2.328211633663E1,1.877614996278E1,-1.150000000045E0));
#6199=LINE('',#6198,#6197);
#6200=CARTESIAN_POINT('',(2.278211633663E1,1.780259900991E1,-1.075E0));
#6201=DIRECTION('',(-1.E0,0.E0,0.E0));
#6202=DIRECTION('',(0.E0,7.999999997660E-1,-6.000000003120E-1));
#6203=AXIS2_PLACEMENT_3D('',#6200,#6201,#6202);
#6205=DIRECTION('',(1.E0,-1.989519660128E-13,-3.375077994860E-13));
#6206=VECTOR('',#6205,5.E-1);
#6207=CARTESIAN_POINT('',(2.278211633663E1,1.769434583443E1,-1.012499999992E0));
#6208=LINE('',#6207,#6206);
#6209=CARTESIAN_POINT('',(2.328211633663E1,1.780259900991E1,-1.075E0));
#6210=DIRECTION('',(-1.E0,0.E0,0.E0));
#6211=DIRECTION('',(0.E0,-1.E0,0.E0));
#6212=AXIS2_PLACEMENT_3D('',#6209,#6210,#6211);
#6214=CARTESIAN_POINT('',(2.328211633663E1,1.780259900991E1,-1.075E0));
#6215=DIRECTION('',(-1.E0,0.E0,0.E0));
#6216=DIRECTION('',(0.E0,7.999999997660E-1,-6.000000003120E-1));
#6217=AXIS2_PLACEMENT_3D('',#6214,#6215,#6216);
#6219=DIRECTION('',(-1.E0,0.E0,0.E0));
#6220=VECTOR('',#6219,5.E-1);
#6221=CARTESIAN_POINT('',(2.328211633663E1,1.790259900989E1,-1.150000000045E0));
#6222=LINE('',#6221,#6220);
#6223=DIRECTION('',(0.E0,5.000000000330E-1,8.660254037654E-1));
#6224=VECTOR('',#6223,6.650635089521E-2);
#6225=CARTESIAN_POINT('',(2.278211633663E1,1.769434583443E1,-1.012499999992E0));
#6226=LINE('',#6225,#6224);
#6227=DIRECTION('',(0.E0,5.000000000330E-1,8.660254037654E-1));
#6228=VECTOR('',#6227,6.650635089540E-2);
#6229=CARTESIAN_POINT('',(2.328211633663E1,1.769434583443E1,-1.012499999993E0));
#6230=LINE('',#6229,#6228);
#6231=DIRECTION('',(0.E0,0.E0,1.E0));
#6232=VECTOR('',#6231,3.799038105605E-1);
#6233=CARTESIAN_POINT('',(2.278211633663E1,1.772759900988E1,
-9.549038106055E-1));
#6234=LINE('',#6233,#6232);
#6235=DIRECTION('',(0.E0,0.E0,-1.E0));
#6236=VECTOR('',#6235,5.669872981759E-2);
#6237=CARTESIAN_POINT('',(2.328211633663E1,1.772759900988E1,
-8.982050807879E-1));
#6238=LINE('',#6237,#6236);
#6239=DIRECTION('',(-1.E0,0.E0,0.E0));
#6240=VECTOR('',#6239,5.E-1);
#6241=CARTESIAN_POINT('',(2.328211633663E1,1.772759900988E1,
-9.549038106055E-1));
#6242=LINE('',#6241,#6240);
#6243=DIRECTION('',(0.E0,7.071067811848E-1,7.071067811883E-1));
#6244=VECTOR('',#6243,1.414213562375E-1);
#6245=CARTESIAN_POINT('',(2.278211633663E1,1.772759900988E1,
-5.750000000449E-1));
#6246=LINE('',#6245,#6244);
#6247=DIRECTION('',(-3.068079940691E-14,7.071067811848E-1,7.071067811883E-1));
#6248=VECTOR('',#6247,1.157959944812E-1);
#6249=CARTESIAN_POINT('',(2.328211633663E1,1.774571887695E1,
-5.568801329767E-1));
#6250=LINE('',#6249,#6248);
#6251=DIRECTION('',(-1.E0,1.827109891955E-13,3.961910165020E-13));
#6252=VECTOR('',#6251,3.5E-1);
#6253=CARTESIAN_POINT('',(2.313211633663E1,1.772759900988E1,
-5.750000000451E-1));
#6254=LINE('',#6253,#6252);
#6255=DIRECTION('',(0.E0,1.E0,0.E0));
#6256=VECTOR('',#6255,1.175E0);
#6257=CARTESIAN_POINT('',(2.278211633663E1,1.782759900988E1,
-4.750000000446E-1));
#6258=LINE('',#6257,#6256);
#6259=DIRECTION('',(1.E0,0.E0,0.E0));
#6260=VECTOR('',#6259,5.E-1);
#6261=CARTESIAN_POINT('',(2.278211633663E1,1.900259900988E1,
-4.750000000446E-1));
#6262=LINE('',#6261,#6260);
#6263=DIRECTION('',(0.E0,-1.E0,0.E0));
#6264=VECTOR('',#6263,7.310321440541E-1);
#6265=CARTESIAN_POINT('',(2.328211633663E1,1.900259900988E1,
-4.750000000446E-1));
#6266=LINE('',#6265,#6264);
#6267=DIRECTION('',(0.E0,-1.E0,-2.464261574302E-12));
#6268=VECTOR('',#6267,2.004857159281E-1);
#6269=CARTESIAN_POINT('',(2.313211633663E1,1.827156686583E1,
-4.750000000439E-1));
#6270=LINE('',#6269,#6268);
#6271=DIRECTION('',(1.E0,-1.035023918424E-11,-1.054341799052E-12));
#6272=VECTOR('',#6271,1.5E-1);
#6273=CARTESIAN_POINT('',(2.313211633663E1,1.807108114990E1,
-4.750000000444E-1));
#6274=LINE('',#6273,#6272);
#6275=DIRECTION('',(0.E0,-1.E0,0.E0));
#6276=VECTOR('',#6275,2.434821400179E-1);
#6277=CARTESIAN_POINT('',(2.328211633663E1,1.807108114990E1,
-4.750000000446E-1));
#6278=LINE('',#6277,#6276);
#6279=DIRECTION('',(-1.E0,0.E0,0.E0));
#6280=VECTOR('',#6279,5.E-1);
#6281=CARTESIAN_POINT('',(2.328211633663E1,1.782759900988E1,
-4.750000000446E-1));
#6282=LINE('',#6281,#6280);
#6283=DIRECTION('',(0.E0,0.E0,-1.E0));
#6284=VECTOR('',#6283,4.5E-1);
#6285=CARTESIAN_POINT('',(2.278211633663E1,1.900259900988E1,
-4.750000000446E-1));
#6286=LINE('',#6285,#6284);
#6287=DIRECTION('',(1.E0,0.E0,0.E0));
#6288=VECTOR('',#6287,5.E-1);
#6289=CARTESIAN_POINT('',(2.278211633663E1,1.900259900988E1,
-9.250000000446E-1));
#6290=LINE('',#6289,#6288);
#6291=DIRECTION('',(0.E0,0.E0,1.E0));
#6292=VECTOR('',#6291,4.5E-1);
#6293=CARTESIAN_POINT('',(2.328211633663E1,1.900259900988E1,
-9.250000000446E-1));
#6294=LINE('',#6293,#6292);
#6295=DIRECTION('',(0.E0,-1.E0,0.E0));
#6296=VECTOR('',#6295,1.999999999991E-1);
#6297=CARTESIAN_POINT('',(2.278211633663E1,1.900259900988E1,
-9.250000000446E-1));
#6298=LINE('',#6297,#6296);
#6299=DIRECTION('',(1.E0,0.E0,0.E0));
#6300=VECTOR('',#6299,5.E-1);
#6301=CARTESIAN_POINT('',(2.278211633663E1,1.880259900988E1,
-9.250000000446E-1));
#6302=LINE('',#6301,#6300);
#6303=DIRECTION('',(0.E0,1.E0,0.E0));
#6304=VECTOR('',#6303,1.999999999991E-1);
#6305=CARTESIAN_POINT('',(2.328211633663E1,1.880259900988E1,
-9.250000000446E-1));
#6306=LINE('',#6305,#6304);
#6307=DIRECTION('',(0.E0,-1.736481776378E-1,-9.848077530173E-1));
#6308=VECTOR('',#6307,1.523139917776E-1);
#6309=CARTESIAN_POINT('',(2.278211633663E1,1.880259900988E1,
-9.250000000446E-1));
#6310=LINE('',#6309,#6308);
#6311=DIRECTION('',(1.E0,0.E0,0.E0));
#6312=VECTOR('',#6311,5.E-1);
#6313=CARTESIAN_POINT('',(2.278211633663E1,1.877614996278E1,-1.075000000040E0));
#6314=LINE('',#6313,#6312);
#6315=DIRECTION('',(0.E0,-1.736481776378E-1,-9.848077530173E-1));
#6316=VECTOR('',#6315,1.523139917776E-1);
#6317=CARTESIAN_POINT('',(2.328211633663E1,1.880259900988E1,
-9.250000000446E-1));
#6318=LINE('',#6317,#6316);
#6319=DIRECTION('',(0.E0,0.E0,-1.E0));
#6320=VECTOR('',#6319,7.500000000481E-2);
#6321=CARTESIAN_POINT('',(2.278211633663E1,1.877614996278E1,-1.075000000040E0));
#6322=LINE('',#6321,#6320);
#6323=DIRECTION('',(0.E0,0.E0,1.E0));
#6324=VECTOR('',#6323,7.500000000481E-2);
#6325=CARTESIAN_POINT('',(2.328211633663E1,1.877614996278E1,-1.150000000045E0));
#6326=LINE('',#6325,#6324);
#6327=DIRECTION('',(1.E0,-1.030286966852E-11,-4.348003438773E-12));
#6328=VECTOR('',#6327,1.5E-1);
#6329=CARTESIAN_POINT('',(2.313211633663E1,1.827156686583E1,
-4.750000000439E-1));
#6330=LINE('',#6329,#6328);
#6331=DIRECTION('',(-1.E0,-6.570862372731E-9,-2.290832375647E-8));
#6332=VECTOR('',#6331,1.5E-1);
#6333=CARTESIAN_POINT('',(2.328211633663E1,1.827196816011E1,
-4.735927516532E-1));
#6334=LINE('',#6333,#6332);
#6335=CARTESIAN_POINT('',(2.313211633663E1,1.875259900990E1,
-6.114114232008E-1));
#6336=DIRECTION('',(-1.E0,0.E0,0.E0));
#6337=DIRECTION('',(0.E0,-9.620642881480E-1,2.728228463131E-1));
#6338=AXIS2_PLACEMENT_3D('',#6335,#6336,#6337);
#6340=DIRECTION('',(0.E0,2.756373559906E-1,9.612616958886E-1));
#6341=VECTOR('',#6340,1.333528259611E-1);
#6342=CARTESIAN_POINT('',(2.313211633663E1,1.827196815912E1,
-4.735927550895E-1));
#6343=LINE('',#6342,#6341);
#6344=CARTESIAN_POINT('',(2.313211633663E1,1.821259900991E1,
-3.178420558069E-1));
#6345=DIRECTION('',(1.E0,0.E0,0.E0));
#6346=DIRECTION('',(0.E0,9.612616955468E-1,-2.756373571825E-1));
#6347=AXIS2_PLACEMENT_3D('',#6344,#6345,#6346);
#6349=DIRECTION('',(0.E0,-1.E0,-1.568664618537E-12));
#6350=VECTOR('',#6349,2.445985411900E-1);
#6351=CARTESIAN_POINT('',(2.313211633663E1,1.831234250010E1,
-3.250000000023E-1));
#6352=LINE('',#6351,#6350);
#6353=CARTESIAN_POINT('',(2.313211633663E1,1.795306434940E1,
-3.603353528823E-1));
#6354=DIRECTION('',(-1.E0,0.E0,0.E0));
#6355=DIRECTION('',(0.E0,9.556634125650E-1,2.944612739982E-1));
#6356=AXIS2_PLACEMENT_3D('',#6353,#6354,#6355);
#6358=DIRECTION('',(0.E0,-1.745240647517E-2,-9.998476951557E-1));
#6359=VECTOR('',#6358,1.126731869676E-1);
#6360=CARTESIAN_POINT('',(2.313211633663E1,1.807304756816E1,
-3.623439737490E-1));
#6361=LINE('',#6360,#6359);
#6362=DIRECTION('',(-1.E0,4.547473508864E-12,-1.720845688169E-13));
#6363=VECTOR('',#6362,1.5E-1);
#6364=CARTESIAN_POINT('',(2.328211633663E1,1.831234250010E1,
-3.250000000023E-1));
#6365=LINE('',#6364,#6363);
#6366=DIRECTION('',(1.E0,3.891405716179E-11,1.285897314555E-10));
#6367=VECTOR('',#6366,1.5E-1);
#6368=CARTESIAN_POINT('',(2.313211633663E1,1.830872517948E1,
-3.454057914546E-1));
#6369=LINE('',#6368,#6367);
#6370=DIRECTION('',(1.E0,-5.897504706809E-12,2.729668343212E-12));
#6371=VECTOR('',#6370,1.5E-1);
#6372=CARTESIAN_POINT('',(2.313211633663E1,1.806774395891E1,
-3.250000000027E-1));
#6373=LINE('',#6372,#6371);
#6374=DIRECTION('',(-9.999998368614E-1,9.968927546208E-6,5.711196919431E-4));
#6375=VECTOR('',#6374,1.500000244708E-1);
#6376=CARTESIAN_POINT('',(2.328211633663E1,1.807304607282E1,
-3.624296417168E-1));
#6377=LINE('',#6376,#6375);
#6378=DIRECTION('',(1.E0,-3.126388037344E-12,7.172040739078E-13));
#6379=VECTOR('',#6378,1.5E-1);
#6380=CARTESIAN_POINT('',(2.313211633663E1,1.774571887695E1,
-5.568801329768E-1));
#6381=LINE('',#6380,#6379);
#6382=DIRECTION('',(-1.E0,-3.341919333858E-11,1.710261562001E-11));
#6383=VECTOR('',#6382,1.5E-1);
#6384=CARTESIAN_POINT('',(2.328211633663E1,1.771259900988E1,
-5.200555349849E-1));
#6385=LINE('',#6384,#6383);
#6386=DIRECTION('',(0.E0,6.815123313624E-13,1.E0));
#6387=VECTOR('',#6386,3.232050807434E-1);
#6388=CARTESIAN_POINT('',(2.313211633663E1,1.772759900988E1,
-8.982050807885E-1));
#6389=LINE('',#6388,#6387);
#6390=DIRECTION('',(1.386405277918E-13,7.071067811947E-1,7.071067811784E-1));
#6391=VECTOR('',#6390,2.562536175666E-2);
#6392=CARTESIAN_POINT('',(2.313211633663E1,1.772759900988E1,
-5.750000000451E-1));
#6393=LINE('',#6392,#6391);
#6394=CARTESIAN_POINT('',(2.313211633663E1,1.767259900990E1,
-5.893375673001E-1));
#6395=DIRECTION('',(1.E0,0.E0,0.E0));
#6396=DIRECTION('',(0.E0,9.139983381038E-1,4.057179290387E-1));
#6397=AXIS2_PLACEMENT_3D('',#6394,#6395,#6396);
#6399=DIRECTION('',(0.E0,-8.660254036307E-1,5.000000002663E-1));
#6400=VECTOR('',#6399,1.154700539321E-2);
#6401=CARTESIAN_POINT('',(2.313211633663E1,1.771259900988E1,
-5.200555349823E-1));
#6402=LINE('',#6401,#6400);
#6403=CARTESIAN_POINT('',(2.313211633663E1,1.774259900990E1,
-4.449999999972E-1));
#6404=DIRECTION('',(-1.E0,0.E0,0.E0));
#6405=DIRECTION('',(0.E0,-5.000000004705E-1,-8.660254035128E-1));
#6406=AXIS2_PLACEMENT_3D('',#6403,#6404,#6405);
#6408=CARTESIAN_POINT('',(2.313211633663E1,1.743059900986E1,-1.345E0));
#6409=DIRECTION('',(1.E0,0.E0,0.E0));
#6410=DIRECTION('',(0.E0,5.500000009996E-1,8.351646537662E-1));
#6411=AXIS2_PLACEMENT_3D('',#6408,#6409,#6410);
#6413=CARTESIAN_POINT('',(2.313211633663E1,1.743259900990E1,-1.575E0));
#6414=DIRECTION('',(1.E0,0.E0,0.E0));
#6415=DIRECTION('',(0.E0,-1.E0,-1.243449787580E-12));
#6416=AXIS2_PLACEMENT_3D('',#6413,#6414,#6415);
#6418=CARTESIAN_POINT('',(2.313211633663E1,1.746759900990E1,-1.675E0));
#6419=DIRECTION('',(-1.E0,0.E0,0.E0));
#6420=DIRECTION('',(0.E0,0.E0,1.E0));
#6421=AXIS2_PLACEMENT_3D('',#6418,#6419,#6420);
#6423=CARTESIAN_POINT('',(2.313211633663E1,1.781759900990E1,-1.462195226482E0));
#6424=DIRECTION('',(-1.E0,0.E0,0.E0));
#6425=DIRECTION('',(0.E0,-1.E0,-1.799960180904E-10));
#6426=AXIS2_PLACEMENT_3D('',#6423,#6424,#6425);
#6428=DIRECTION('',(0.E0,4.226182618039E-1,9.063077870072E-1));
#6429=VECTOR('',#6428,1.723068283814E-1);
#6430=CARTESIAN_POINT('',(2.313211633663E1,1.772696823120E1,-1.419933400308E0));
#6431=LINE('',#6430,#6429);
#6432=CARTESIAN_POINT('',(2.313211633663E1,1.777259900991E1,-1.251091832105E0));
#6433=DIRECTION('',(1.E0,0.E0,0.E0));
#6434=DIRECTION('',(0.E0,9.063077865835E-1,-4.226182627126E-1));
#6435=AXIS2_PLACEMENT_3D('',#6432,#6433,#6434);
#6437=DIRECTION('',(0.E0,-8.660254040942E-1,4.999999994635E-1));
#6438=VECTOR('',#6437,4.041451861069E-2);
#6439=CARTESIAN_POINT('',(2.313211633663E1,1.778759900990E1,-1.225111069986E0));
#6440=LINE('',#6439,#6438);
#6441=CARTESIAN_POINT('',(2.313211633663E1,1.782759900990E1,-1.075E0));
#6442=DIRECTION('',(-1.E0,0.E0,0.E0));
#6443=DIRECTION('',(0.E0,-4.999999982029E-1,-8.660254048220E-1));
#6444=AXIS2_PLACEMENT_3D('',#6441,#6442,#6443);
#6446=CARTESIAN_POINT('',(2.313211633663E1,1.782759900990E1,-1.024999999944E0));
#6447=DIRECTION('',(-1.E0,0.E0,0.E0));
#6448=DIRECTION('',(0.E0,-1.E0,-1.856750309056E-9));
#6449=AXIS2_PLACEMENT_3D('',#6446,#6447,#6448);
#6451=DIRECTION('',(0.E0,5.000000003903E-1,8.660254035591E-1));
#6452=VECTOR('',#6451,5.980762112202E-2);
#6453=CARTESIAN_POINT('',(2.313211633663E1,1.769769519930E1,
-9.500000000066E-1));
#6454=LINE('',#6453,#6452);
#6455=DIRECTION('',(-1.E0,-2.368475785867E-14,1.094102586308E-10));
#6456=VECTOR('',#6455,1.5E-1);
#6457=CARTESIAN_POINT('',(2.328211633663E1,1.766259900990E1,
-4.449999999972E-1));
#6458=LINE('',#6457,#6456);
#6459=DIRECTION('',(1.E0,8.533618256478E-11,-4.706383431122E-11));
#6460=VECTOR('',#6459,1.5E-1);
#6461=CARTESIAN_POINT('',(2.313211633663E1,1.770259900987E1,
-5.142820322826E-1));
#6462=LINE('',#6461,#6460);
#6463=DIRECTION('',(1.E0,-7.105427357226E-13,-4.107825190896E-11));
#6464=VECTOR('',#6463,1.000000000053E-2);
#6465=CARTESIAN_POINT('',(2.312211633663E1,1.745259900990E1,-1.425000000003E0));
#6466=LINE('',#6465,#6464);
#6467=DIRECTION('',(0.E0,1.E0,0.E0));
#6468=VECTOR('',#6467,2.1E-1);
#6469=CARTESIAN_POINT('',(2.313211633663E1,1.745259900990E1,-1.425000000003E0));
#6470=LINE('',#6469,#6468);
#6471=DIRECTION('',(0.E0,0.E0,1.E0));
#6472=VECTOR('',#6471,4.000000000030E-1);
#6473=CARTESIAN_POINT('',(2.278211633663E1,1.745259900990E1,-1.425000000003E0));
#6474=LINE('',#6473,#6472);
#6475=DIRECTION('',(1.E0,0.E0,0.E0));
#6476=VECTOR('',#6475,5.E-1);
#6477=CARTESIAN_POINT('',(2.278211633663E1,1.745259900990E1,-1.025E0));
#6478=LINE('',#6477,#6476);
#6479=DIRECTION('',(0.E0,0.E0,-1.E0));
#6480=VECTOR('',#6479,2.865934138494E-1);
#6481=CARTESIAN_POINT('',(2.328211633663E1,1.745259900990E1,-1.025E0));
#6482=LINE('',#6481,#6480);
#6483=DIRECTION('',(0.E0,4.385811546764E-13,-1.E0));
#6484=VECTOR('',#6483,1.134065861537E-1);
#6485=CARTESIAN_POINT('',(2.313211633663E1,1.745259900990E1,-1.311593413849E0));
#6486=LINE('',#6485,#6484);
#6487=DIRECTION('',(-4.472135954961E-1,6.355287432494E-14,-8.944271910018E-1));
#6488=VECTOR('',#6487,1.118033988718E-1);
#6489=CARTESIAN_POINT('',(2.312211633663E1,1.745259900990E1,-1.425000000003E0));
#6490=LINE('',#6489,#6488);
#6491=DIRECTION('',(-1.E0,0.E0,3.806616857469E-12));
#6492=VECTOR('',#6491,2.300000000004E-1);
#6493=CARTESIAN_POINT('',(2.307211633663E1,1.745259900990E1,-1.525E0));
#6494=LINE('',#6493,#6492);
#6495=DIRECTION('',(-4.472135955263E-1,6.355287432470E-14,8.944271909868E-1));
#6496=VECTOR('',#6495,1.118033988722E-1);
#6497=CARTESIAN_POINT('',(2.284211633663E1,1.745259900990E1,-1.524999999999E0));
#6498=LINE('',#6497,#6496);
#6499=DIRECTION('',(0.E0,-1.E0,0.E0));
#6500=VECTOR('',#6499,5.E-2);
#6501=CARTESIAN_POINT('',(2.278211633663E1,1.745259900990E1,-1.025E0));
#6502=LINE('',#6501,#6500);
#6503=DIRECTION('',(1.E0,0.E0,0.E0));
#6504=VECTOR('',#6503,5.E-1);
#6505=CARTESIAN_POINT('',(2.278211633663E1,1.740259900990E1,-1.025E0));
#6506=LINE('',#6505,#6504);
#6507=DIRECTION('',(0.E0,-1.E0,0.E0));
#6508=VECTOR('',#6507,5.E-2);
#6509=CARTESIAN_POINT('',(2.328211633663E1,1.745259900990E1,-1.025E0));
#6510=LINE('',#6509,#6508);
#6511=DIRECTION('',(0.E0,0.E0,1.E0));
#6512=VECTOR('',#6511,2.55E0);
#6513=CARTESIAN_POINT('',(2.278211633663E1,1.740259900990E1,-1.025E0));
#6514=LINE('',#6513,#6512);
#6515=DIRECTION('',(0.E0,0.E0,-1.E0));
#6516=VECTOR('',#6515,2.55E0);
#6517=CARTESIAN_POINT('',(2.328211633663E1,1.740259900990E1,1.525E0));
#6518=LINE('',#6517,#6516);
#6519=DIRECTION('',(0.E0,1.E0,0.E0));
#6520=VECTOR('',#6519,1.600000000013E-1);
#6521=CARTESIAN_POINT('',(2.278211633663E1,1.740259900990E1,1.525E0));
#6522=LINE('',#6521,#6520);
#6523=DIRECTION('',(1.E0,0.E0,0.E0));
#6524=VECTOR('',#6523,5.E-1);
#6525=CARTESIAN_POINT('',(2.278211633663E1,1.756259900990E1,1.525E0));
#6526=LINE('',#6525,#6524);
#6527=DIRECTION('',(0.E0,-1.E0,0.E0));
#6528=VECTOR('',#6527,1.600000000013E-1);
#6529=CARTESIAN_POINT('',(2.328211633663E1,1.756259900990E1,1.525E0));
#6530=LINE('',#6529,#6528);
#6531=DIRECTION('',(-1.E0,0.E0,0.E0));
#6532=VECTOR('',#6531,5.E-1);
#6533=CARTESIAN_POINT('',(2.328211633663E1,1.740259900990E1,1.525E0));
#6534=LINE('',#6533,#6532);
#6535=DIRECTION('',(0.E0,4.472135954905E-1,-8.944271910047E-1));
#6536=VECTOR('',#6535,2.236067977518E-1);
#6537=CARTESIAN_POINT('',(2.278211633663E1,1.756259900990E1,1.525E0));
#6538=LINE('',#6537,#6536);
#6539=DIRECTION('',(1.E0,0.E0,0.E0));
#6540=VECTOR('',#6539,5.E-1);
#6541=CARTESIAN_POINT('',(2.278211633663E1,1.766259900990E1,1.324999999997E0));
#6542=LINE('',#6541,#6540);
#6543=DIRECTION('',(0.E0,4.472135954905E-1,-8.944271910047E-1));
#6544=VECTOR('',#6543,2.236067977518E-1);
#6545=CARTESIAN_POINT('',(2.328211633663E1,1.756259900990E1,1.525E0));
#6546=LINE('',#6545,#6544);
#6547=DIRECTION('',(0.E0,0.E0,-1.E0));
#6548=VECTOR('',#6547,1.099999999997E0);
#6549=CARTESIAN_POINT('',(2.278211633663E1,1.766259900990E1,1.324999999997E0));
#6550=LINE('',#6549,#6548);
#6551=DIRECTION('',(1.E0,5.481329675863E-13,0.E0));
#6552=VECTOR('',#6551,3.5E-1);
#6553=CARTESIAN_POINT('',(2.278211633663E1,1.766259900990E1,2.25E-1));
#6554=LINE('',#6553,#6552);
#6555=DIRECTION('',(6.433936330342E-13,0.E0,-1.E0));
#6556=VECTOR('',#6555,1.766987298048E-1);
#6557=CARTESIAN_POINT('',(2.328211633663E1,1.766259900990E1,1.324999999997E0));
#6558=LINE('',#6557,#6556);
#6559=DIRECTION('',(0.E0,1.E0,0.E0));
#6560=VECTOR('',#6559,4.4E-1);
#6561=CARTESIAN_POINT('',(2.278211633663E1,1.766259900990E1,2.25E-1));
#6562=LINE('',#6561,#6560);
#6563=DIRECTION('',(1.E0,4.060244204343E-13,-1.229175491549E-14));
#6564=VECTOR('',#6563,3.5E-1);
#6565=CARTESIAN_POINT('',(2.278211633663E1,1.810259900990E1,2.25E-1));
#6566=LINE('',#6565,#6564);
#6567=DIRECTION('',(0.E0,-1.E0,1.011598920632E-12));
#6568=VECTOR('',#6567,3.377535591032E-2);
#6569=CARTESIAN_POINT('',(2.313211633663E1,1.810259900990E1,2.25E-1));
#6570=LINE('',#6569,#6568);
#6571=DIRECTION('',(1.E0,-1.608195058604E-11,-1.996551072617E-13));
#6572=VECTOR('',#6571,1.5E-1);
#6573=CARTESIAN_POINT('',(2.313211633663E1,1.806882365399E1,2.25E-1));
#6574=LINE('',#6573,#6572);
#6575=DIRECTION('',(0.E0,-1.E0,0.E0));
#6576=VECTOR('',#6575,3.962246440874E-1);
#6577=CARTESIAN_POINT('',(2.328211633663E1,1.806882365399E1,2.25E-1));
#6578=LINE('',#6577,#6576);
#6579=DIRECTION('',(-1.E0,0.E0,0.E0));
#6580=VECTOR('',#6579,1.5E-1);
#6581=CARTESIAN_POINT('',(2.328211633663E1,1.767259900990E1,2.25E-1));
#6582=LINE('',#6581,#6580);
#6583=DIRECTION('',(2.131628207322E-12,-1.E0,0.E0));
#6584=VECTOR('',#6583,9.999999999806E-3);
#6585=CARTESIAN_POINT('',(2.313211633663E1,1.767259900990E1,2.25E-1));
#6586=LINE('',#6585,#6584);
#6587=DIRECTION('',(0.E0,0.E0,1.E0));
#6588=VECTOR('',#6587,1.099999999997E0);
#6589=CARTESIAN_POINT('',(2.278211633663E1,1.810259900990E1,2.25E-1));
#6590=LINE('',#6589,#6588);
#6591=DIRECTION('',(1.E0,0.E0,0.E0));
#6592=VECTOR('',#6591,5.E-1);
#6593=CARTESIAN_POINT('',(2.278211633663E1,1.810259900990E1,1.324999999997E0));
#6594=LINE('',#6593,#6592);
#6595=DIRECTION('',(0.E0,0.E0,1.E0));
#6596=VECTOR('',#6595,2.179205419089E-1);
#6597=CARTESIAN_POINT('',(2.328211633663E1,1.810259900990E1,1.107079458088E0));
#6598=LINE('',#6597,#6596);
#6599=DIRECTION('',(0.E0,-5.840102937445E-13,-1.E0));
#6600=VECTOR('',#6599,8.820794580917E-1);
#6601=CARTESIAN_POINT('',(2.313211633663E1,1.810259900990E1,1.107079458092E0));
#6602=LINE('',#6601,#6600);
#6603=DIRECTION('',(0.E0,7.071067811661E-1,7.071067812070E-1));
#6604=VECTOR('',#6603,1.414213562373E-1);
#6605=CARTESIAN_POINT('',(2.278211633663E1,1.810259900990E1,1.324999999997E0));
#6606=LINE('',#6605,#6604);
#6607=DIRECTION('',(1.E0,0.E0,0.E0));
#6608=VECTOR('',#6607,5.E-1);
#6609=CARTESIAN_POINT('',(2.278211633663E1,1.820259900990E1,1.425E0));
#6610=LINE('',#6609,#6608);
#6611=DIRECTION('',(0.E0,7.071067811661E-1,7.071067812070E-1));
#6612=VECTOR('',#6611,1.414213562373E-1);
#6613=CARTESIAN_POINT('',(2.328211633663E1,1.810259900990E1,1.324999999997E0));
#6614=LINE('',#6613,#6612);
#6615=DIRECTION('',(0.E0,1.E0,0.E0));
#6616=VECTOR('',#6615,2.000000000029E-1);
#6617=CARTESIAN_POINT('',(2.278211633663E1,1.820259900990E1,1.425E0));
#6618=LINE('',#6617,#6616);
#6619=DIRECTION('',(0.E0,-1.E0,0.E0));
#6620=VECTOR('',#6619,2.000000000029E-1);
#6621=CARTESIAN_POINT('',(2.328211633663E1,1.840259900990E1,1.425E0));
#6622=LINE('',#6621,#6620);
#6623=DIRECTION('',(0.E0,0.E0,-1.E0));
#6624=VECTOR('',#6623,1.6E0);
#6625=CARTESIAN_POINT('',(2.278211633663E1,1.840259900990E1,1.425E0));
#6626=LINE('',#6625,#6624);
#6627=DIRECTION('',(0.E0,0.E0,-1.E0));
#6628=VECTOR('',#6627,1.6E0);
#6629=CARTESIAN_POINT('',(2.328211633663E1,1.840259900990E1,1.425E0));
#6630=LINE('',#6629,#6628);
#6631=DIRECTION('',(-1.E0,0.E0,0.E0));
#6632=VECTOR('',#6631,5.E-1);
#6633=CARTESIAN_POINT('',(2.328211633663E1,1.840259900990E1,1.425E0));
#6634=LINE('',#6633,#6632);
#6635=DIRECTION('',(0.E0,-1.E0,0.E0));
#6636=VECTOR('',#6635,6.E-2);
#6637=CARTESIAN_POINT('',(2.278211633663E1,1.840259900990E1,
-1.750000000001E-1));
#6638=LINE('',#6637,#6636);
#6639=DIRECTION('',(0.E0,1.E0,0.E0));
#6640=VECTOR('',#6639,6.E-2);
#6641=CARTESIAN_POINT('',(2.328211633663E1,1.834259900990E1,
-1.750000000001E-1));
#6642=LINE('',#6641,#6640);
#6643=DIRECTION('',(-1.E0,0.E0,0.E0));
#6644=VECTOR('',#6643,5.E-1);
#6645=CARTESIAN_POINT('',(2.328211633663E1,1.840259900990E1,
-1.750000000001E-1));
#6646=LINE('',#6645,#6644);
#6647=DIRECTION('',(1.E0,-4.405364961712E-12,-2.282322479156E-11));
#6648=VECTOR('',#6647,1.5E-1);
#6649=CARTESIAN_POINT('',(2.313211633663E1,1.810259900990E1,1.107079458092E0));
#6650=LINE('',#6649,#6648);
#6651=DIRECTION('',(1.E0,-6.683838667716E-11,-8.423188072962E-11));
#6652=VECTOR('',#6651,1.5E-1);
#6653=CARTESIAN_POINT('',(2.313211633663E1,1.806729678770E1,1.065007907995E0));
#6654=LINE('',#6653,#6652);
#6655=DIRECTION('',(-1.E0,6.581994208924E-11,2.208500049505E-10));
#6656=VECTOR('',#6655,1.5E-1);
#6657=CARTESIAN_POINT('',(2.328211633663E1,1.805730271858E1,1.045809479723E0));
#6658=LINE('',#6657,#6656);
#6659=DIRECTION('',(0.E0,-6.427876100109E-1,-7.660444428468E-1));
#6660=VECTOR('',#6659,5.492050818968E-2);
#6661=CARTESIAN_POINT('',(2.313211633663E1,1.810259900990E1,1.107079458092E0));
#6662=LINE('',#6661,#6660);
#6663=CARTESIAN_POINT('',(2.313211633663E1,1.810559900993E1,1.032868527600E0));
#6664=DIRECTION('',(1.E0,0.E0,0.E0));
#6665=DIRECTION('',(0.E0,-7.660444445677E-1,6.427876079600E-1));
#6666=AXIS2_PLACEMENT_3D('',#6663,#6664,#6665);
#6668=DIRECTION('',(0.E0,-2.588190457822E-1,-9.659258261069E-1));
#6669=VECTOR('',#6668,1.817373475375E-2);
#6670=CARTESIAN_POINT('',(2.313211633663E1,1.805730271859E1,1.045809479756E0));
#6671=LINE('',#6670,#6669);
#6672=DIRECTION('',(0.E0,9.063077866154E-1,-4.226182626441E-1));
#6673=VECTOR('',#6672,1.497494784741E-2);
#6674=CARTESIAN_POINT('',(2.313211633663E1,1.805259900990E1,1.028255000001E0));
#6675=LINE('',#6674,#6673);
#6676=CARTESIAN_POINT('',(2.313211633663E1,1.806617092174E1,1.021926313558E0));
#6677=CARTESIAN_POINT('',(2.313211633663E1,1.807241927342E1,1.019012659309E0));
#6678=CARTESIAN_POINT('',(2.313211633663E1,1.808276911215E1,1.011346891439E0));
#6679=CARTESIAN_POINT('',(2.313211633663E1,1.809326155306E1,9.939290455134E-1));
#6680=CARTESIAN_POINT('',(2.313211633663E1,1.809524521505E1,9.816145148322E-1));
#6681=CARTESIAN_POINT('',(2.313211633663E1,1.809500435775E1,9.747172639091E-1));
#6683=DIRECTION('',(0.E0,-3.489949670178E-2,-9.993908270191E-1));
#6684=VECTOR('',#6683,7.501742497930E-1);
#6685=CARTESIAN_POINT('',(2.313211633663E1,1.809500435775E1,9.747172639091E-1));
#6686=LINE('',#6685,#6684);
#6687=DIRECTION('',(1.E0,-5.779080917515E-12,3.335109965974E-12));
#6688=VECTOR('',#6687,1.5E-1);
#6689=CARTESIAN_POINT('',(2.313211633663E1,1.805259900990E1,1.028255000001E0));
#6690=LINE('',#6689,#6688);
#6691=DIRECTION('',(9.999995081261E-1,-8.989127183837E-4,4.191698863091E-4));
#6692=VECTOR('',#6691,1.500000737811E-1);
#6693=CARTESIAN_POINT('',(2.313211633663E1,1.806617092174E1,1.021926313558E0));
#6694=LINE('',#6693,#6692);
#6695=DIRECTION('',(-9.999995081261E-1,-3.461472888795E-5,-9.912362531189E-4));
#6696=VECTOR('',#6695,1.500000737811E-1);
#6697=CARTESIAN_POINT('',(2.328211633663E1,1.809500954996E1,9.748659494202E-1));
#6698=LINE('',#6697,#6696);
#6699=DIRECTION('',(0.E0,0.E0,1.E0));
#6700=VECTOR('',#6699,5.311324865468E-1);
#6701=CARTESIAN_POINT('',(2.328211633663E1,1.767259900990E1,2.25E-1));
#6702=LINE('',#6701,#6700);
#6703=DIRECTION('',(0.E0,0.E0,-1.E0));
#6704=VECTOR('',#6703,5.311324865467E-1);
#6705=CARTESIAN_POINT('',(2.313211633663E1,1.767259900990E1,7.561324865467E-1));
#6706=LINE('',#6705,#6704);
#6707=DIRECTION('',(1.E0,0.E0,3.116025955781E-13));
#6708=VECTOR('',#6707,1.5E-1);
#6709=CARTESIAN_POINT('',(2.313211633663E1,1.767259900990E1,7.561324865467E-1));
#6710=LINE('',#6709,#6708);
#6711=DIRECTION('',(-1.E0,5.985138310886E-11,4.202934296889E-11));
#6712=VECTOR('',#6711,1.5E-1);
#6713=CARTESIAN_POINT('',(2.328211633663E1,1.768759900991E1,7.821132486664E-1));
#6714=LINE('',#6713,#6712);
#6715=CARTESIAN_POINT('',(2.313211633663E1,1.770259900990E1,7.561324865466E-1));
#6716=DIRECTION('',(-1.E0,0.E0,0.E0));
#6717=DIRECTION('',(0.E0,-1.E0,2.660834515685E-12));
#6718=AXIS2_PLACEMENT_3D('',#6715,#6716,#6717);
#6720=DIRECTION('',(0.E0,8.660254042835E-1,4.999999991356E-1));
#6721=VECTOR('',#6720,5.773502661308E-3);
#6722=CARTESIAN_POINT('',(2.313211633663E1,1.768759900992E1,7.821132486727E-1));
#6723=LINE('',#6722,#6721);
#6724=DIRECTION('',(0.E0,-4.999999977882E-1,8.660254050614E-1));
#6725=VECTOR('',#6724,3.660254066998E-2);
#6726=CARTESIAN_POINT('',(2.313211633663E1,1.769259900990E1,7.849999999984E-1));
#6727=LINE('',#6726,#6725);
#6728=CARTESIAN_POINT('',(2.313211633663E1,1.771759900990E1,8.416987299953E-1));
#6729=DIRECTION('',(-1.E0,0.E0,0.E0));
#6730=DIRECTION('',(0.E0,-8.660254053394E-1,-4.999999973067E-1));
#6731=AXIS2_PLACEMENT_3D('',#6728,#6729,#6730);
#6733=DIRECTION('',(-1.696935161126E-12,4.329360218769E-12,1.E0));
#6734=VECTOR('',#6733,1.633012700159E-1);
#6735=CARTESIAN_POINT('',(2.313211633663E1,1.766759900990E1,8.416987299951E-1));
#6736=LINE('',#6735,#6734);
#6737=DIRECTION('',(7.105427358219E-11,-5.000000001691E-1,8.660254036868E-1));
#6738=VECTOR('',#6737,9.999999999131E-3);
#6739=CARTESIAN_POINT('',(2.313211633663E1,1.766759900990E1,1.139641016152E0));
#6740=LINE('',#6739,#6738);
#6741=DIRECTION('',(-1.385221666713E-13,-1.065851115776E-12,-1.E0));
#6742=VECTOR('',#6741,9.233012701881E-1);
#6743=CARTESIAN_POINT('',(2.313211633663E1,1.766259900990E1,1.148301270188E0));
#6744=LINE('',#6743,#6742);
#6745=DIRECTION('',(1.E0,3.079018521627E-13,-7.320070475695E-12));
#6746=VECTOR('',#6745,1.5E-1);
#6747=CARTESIAN_POINT('',(2.313211633663E1,1.769259900990E1,7.849999999984E-1));
#6748=LINE('',#6747,#6746);
#6749=DIRECTION('',(1.E0,1.284187571097E-10,-2.293661556981E-10));
#6750=VECTOR('',#6749,1.5E-1);
#6751=CARTESIAN_POINT('',(2.313211633663E1,1.767429773964E1,8.166987301084E-1));
#6752=LINE('',#6751,#6750);
#6753=DIRECTION('',(-1.E0,2.605323364458E-13,1.074325813498E-11));
#6754=VECTOR('',#6753,1.499999999997E-1);
#6755=CARTESIAN_POINT('',(2.328211633663E1,1.766759900990E1,8.416987299934E-1));
#6756=LINE('',#6755,#6754);
#6757=DIRECTION('',(8.789253910658E-12,2.784714110307E-12,1.E0));
#6758=VECTOR('',#6757,1.633012700310E-1);
#6759=CARTESIAN_POINT('',(2.328211633663E1,1.766759900990E1,8.416987299934E-1));
#6760=LINE('',#6759,#6758);
#6761=CARTESIAN_POINT('',(2.328211633663E1,1.766759900990E1,1.005000000044E0));
#6762=CARTESIAN_POINT('',(2.328211633663E1,1.766759900991E1,1.011035533941E0));
#6763=CARTESIAN_POINT('',(2.327930905811E1,1.767040628843E1,1.019136510398E0));
#6764=CARTESIAN_POINT('',(2.327031890730E1,1.767939643923E1,1.030564652811E0));
#6765=CARTESIAN_POINT('',(2.326065187052E1,1.768906347601E1,1.035E0));
#6766=CARTESIAN_POINT('',(2.325211633663E1,1.769759900990E1,1.035E0));
#6768=DIRECTION('',(-1.E0,0.E0,0.E0));
#6769=VECTOR('',#6768,9.000000000029E-2);
#6770=CARTESIAN_POINT('',(2.325211633663E1,1.769759900990E1,1.035E0));
#6771=LINE('',#6770,#6769);
#6772=CARTESIAN_POINT('',(2.316211633663E1,1.769759900990E1,1.035E0));
#6773=CARTESIAN_POINT('',(2.315358080272E1,1.768906347600E1,1.035E0));
#6774=CARTESIAN_POINT('',(2.314391376595E1,1.767939643922E1,1.030564652802E0));
#6775=CARTESIAN_POINT('',(2.313492361514E1,1.767040628841E1,1.019136510374E0));
#6776=CARTESIAN_POINT('',(2.313211633663E1,1.766759900990E1,1.011035533910E0));
#6777=CARTESIAN_POINT('',(2.313211633663E1,1.766759900990E1,1.005000000005E0));
#6779=DIRECTION('',(1.E0,-1.942150144392E-12,8.994582856216E-11));
#6780=VECTOR('',#6779,1.500000000014E-1);
#6781=CARTESIAN_POINT('',(2.313211633663E1,1.766759900990E1,1.005000000011E0));
#6782=LINE('',#6781,#6780);
#6783=DIRECTION('',(-1.715126606720E-12,2.928908513015E-12,1.E0));
#6784=VECTOR('',#6783,1.346410161309E-1);
#6785=CARTESIAN_POINT('',(2.328211633663E1,1.766759900990E1,1.005000000024E0));
#6786=LINE('',#6785,#6784);
#6787=DIRECTION('',(-1.E0,7.863339609080E-12,-2.975397705996E-11));
#6788=VECTOR('',#6787,1.5E-1);
#6789=CARTESIAN_POINT('',(2.328211633663E1,1.766259900990E1,1.148301270193E0));
#6790=LINE('',#6789,#6788);
#6791=DIRECTION('',(4.472135955214E-1,4.472135954868E-1,-7.745966692367E-1));
#6792=VECTOR('',#6791,1.028161097043E-1);
#6793=CARTESIAN_POINT('',(2.313211633663E1,1.766759900990E1,1.139641016152E0));
#6794=LINE('',#6793,#6792);
#6795=DIRECTION('',(4.472135955289E-1,-4.472135954815E-1,7.745966692355E-1));
#6796=VECTOR('',#6795,1.028161097310E-1);
#6797=CARTESIAN_POINT('',(2.323613557452E1,1.771357977201E1,1.060000000014E0));
#6798=LINE('',#6797,#6796);
#6799=DIRECTION('',(2.691429444190E-12,-1.329882784188E-11,-1.E0));
#6800=VECTOR('',#6799,1.346410161410E-1);
#6801=CARTESIAN_POINT('',(2.313211633663E1,1.766759900990E1,1.139641016152E0));
#6802=LINE('',#6801,#6800);
#6803=DIRECTION('',(-7.071067812208E-1,7.071067811523E-1,0.E0));
#6804=VECTOR('',#6803,2.828427124812E-2);
#6805=CARTESIAN_POINT('',(2.325211633663E1,1.769759900990E1,1.035E0));
#6806=LINE('',#6805,#6804);
#6807=DIRECTION('',(-1.E0,-5.684341886372E-13,0.E0));
#6808=VECTOR('',#6807,4.999999999744E-2);
#6809=CARTESIAN_POINT('',(2.323211633663E1,1.771759900990E1,1.035E0));
#6810=LINE('',#6809,#6808);
#6811=DIRECTION('',(-7.071067812210E-1,-7.071067811521E-1,0.E0));
#6812=VECTOR('',#6811,2.828427124809E-2);
#6813=CARTESIAN_POINT('',(2.318211633663E1,1.771759900990E1,1.035E0));
#6814=LINE('',#6813,#6812);
#6815=DIRECTION('',(1.019628824586E-10,-7.105427349032E-13,1.E0));
#6816=VECTOR('',#6815,1.000000001206E-2);
#6817=CARTESIAN_POINT('',(2.323211633663E1,1.771759900990E1,1.035E0));
#6818=LINE('',#6817,#6816);
#6819=DIRECTION('',(-9.094946991328E-11,7.105427336975E-13,-1.E0));
#6820=VECTOR('',#6819,1.000000002903E-2);
#6821=CARTESIAN_POINT('',(2.318211633663E1,1.771759900990E1,1.045000000029E0));
#6822=LINE('',#6821,#6820);
#6823=CARTESIAN_POINT('',(2.323211633663E1,1.771759900990E1,1.044999999999E0));
#6824=CARTESIAN_POINT('',(2.323211633663E1,1.771759900990E1,1.050675254979E0));
#6825=CARTESIAN_POINT('',(2.323359752334E1,1.771611782319E1,1.055603966423E0));
#6826=CARTESIAN_POINT('',(2.323613557453E1,1.771357977200E1,1.060000000023E0));
#6828=DIRECTION('',(-1.E0,-1.666219951802E-10,2.948939977151E-10));
#6829=VECTOR('',#6828,5.803847579209E-2);
#6830=CARTESIAN_POINT('',(2.323613557452E1,1.771357977201E1,1.060000000014E0));
#6831=LINE('',#6830,#6829);
#6832=CARTESIAN_POINT('',(2.317809709870E1,1.771357977197E1,1.060000000074E0));
#6833=CARTESIAN_POINT('',(2.318063514990E1,1.771611782317E1,1.055603966478E0));
#6834=CARTESIAN_POINT('',(2.318211633663E1,1.771759900989E1,1.050675255035E0));
#6835=CARTESIAN_POINT('',(2.318211633663E1,1.771759900990E1,1.045000000050E0));
#6837=DIRECTION('',(1.E0,5.684341886359E-13,-3.393685332919E-10));
#6838=VECTOR('',#6837,4.999999999755E-2);
#6839=CARTESIAN_POINT('',(2.318211633663E1,1.771759900990E1,1.045000000029E0));
#6840=LINE('',#6839,#6838);
#6841=DIRECTION('',(1.E0,4.263256414560E-13,-1.048050535246E-12));
#6842=VECTOR('',#6841,1.5E-1);
#6843=CARTESIAN_POINT('',(2.313211633663E1,1.745259900990E1,-1.311593413849E0));
#6844=LINE('',#6843,#6842);
#6845=DIRECTION('',(-1.E0,-2.223998762929E-11,0.E0));
#6846=VECTOR('',#6845,1.5E-1);
#6847=CARTESIAN_POINT('',(2.328211633663E1,1.743059900986E1,-1.305E0));
#6848=LINE('',#6847,#6846);
#6849=DIRECTION('',(0.E0,1.E0,0.E0));
#6850=VECTOR('',#6849,4.799999995944E-2);
#6851=CARTESIAN_POINT('',(2.313211633663E1,1.738259900990E1,-1.305E0));
#6852=LINE('',#6851,#6850);
#6853=DIRECTION('',(0.E0,-1.E0,0.E0));
#6854=VECTOR('',#6853,4.799999996277E-2);
#6855=CARTESIAN_POINT('',(2.328211633663E1,1.743059900986E1,-1.305E0));
#6856=LINE('',#6855,#6854);
#6857=DIRECTION('',(0.E0,0.E0,1.E0));
#6858=VECTOR('',#6857,2.7E-1);
#6859=CARTESIAN_POINT('',(2.313211633663E1,1.738259900990E1,-1.575E0));
#6860=LINE('',#6859,#6858);
#6861=DIRECTION('',(1.E0,0.E0,0.E0));
#6862=VECTOR('',#6861,1.5E-1);
#6863=CARTESIAN_POINT('',(2.313211633663E1,1.738259900990E1,-1.305E0));
#6864=LINE('',#6863,#6862);
#6865=DIRECTION('',(0.E0,-2.631639762074E-14,-1.E0));
#6866=VECTOR('',#6865,2.7E-1);
#6867=CARTESIAN_POINT('',(2.328211633663E1,1.738259900990E1,-1.305E0));
#6868=LINE('',#6867,#6866);
#6869=DIRECTION('',(1.E0,2.368475785867E-14,-1.894780628694E-13));
#6870=VECTOR('',#6869,1.5E-1);
#6871=CARTESIAN_POINT('',(2.313211633663E1,1.738259900990E1,-1.575E0));
#6872=LINE('',#6871,#6870);
#6873=DIRECTION('',(-1.E0,-1.184237892933E-13,0.E0));
#6874=VECTOR('',#6873,1.5E-1);
#6875=CARTESIAN_POINT('',(2.328211633663E1,1.743259900990E1,-1.625E0));
#6876=LINE('',#6875,#6874);
#6877=DIRECTION('',(0.E0,-1.E0,0.E0));
#6878=VECTOR('',#6877,3.5E-2);
#6879=CARTESIAN_POINT('',(2.313211633663E1,1.746759900990E1,-1.625E0));
#6880=LINE('',#6879,#6878);
#6881=DIRECTION('',(0.E0,1.E0,0.E0));
#6882=VECTOR('',#6881,3.499999999998E-2);
#6883=CARTESIAN_POINT('',(2.328211633663E1,1.743259900990E1,-1.625E0));
#6884=LINE('',#6883,#6882);
#6885=DIRECTION('',(1.E0,0.E0,0.E0));
#6886=VECTOR('',#6885,1.5E-1);
#6887=CARTESIAN_POINT('',(2.313211633663E1,1.746759900990E1,-1.625E0));
#6888=LINE('',#6887,#6886);
#6889=DIRECTION('',(-1.E0,0.E0,0.E0));
#6890=VECTOR('',#6889,1.499999999999E-1);
#6891=CARTESIAN_POINT('',(2.328211633663E1,1.751759900990E1,-1.675000000001E0));
#6892=LINE('',#6891,#6890);
#6893=DIRECTION('',(-2.732856676061E-13,0.E0,1.E0));
#6894=VECTOR('',#6893,6.499999999855E-2);
#6895=CARTESIAN_POINT('',(2.313211633663E1,1.751759900990E1,-1.739999999999E0));
#6896=LINE('',#6895,#6894);
#6897=DIRECTION('',(5.137770550710E-12,0.E0,-1.E0));
#6898=VECTOR('',#6897,6.500000000216E-2);
#6899=CARTESIAN_POINT('',(2.328211633663E1,1.751759900990E1,-1.675000000001E0));
#6900=LINE('',#6899,#6898);
#6901=DIRECTION('',(-7.071067812169E-1,0.E0,-7.071067811562E-1));
#6902=VECTOR('',#6901,4.949747468109E-2);
#6903=CARTESIAN_POINT('',(2.328211633663E1,1.751759900990E1,-1.740000000003E0));
#6904=LINE('',#6903,#6902);
#6905=DIRECTION('',(-7.071067811983E-1,0.E0,7.071067811748E-1));
#6906=VECTOR('',#6905,4.949747468319E-2);
#6907=CARTESIAN_POINT('',(2.316711633663E1,1.751759900990E1,-1.774999999999E0));
#6908=LINE('',#6907,#6906);
#6909=DIRECTION('',(7.815970093361E-13,1.E0,-2.020605904818E-13));
#6910=VECTOR('',#6909,2.E-1);
#6911=CARTESIAN_POINT('',(2.328211633663E1,1.751759900990E1,-1.740000000003E0));
#6912=LINE('',#6911,#6910);
#6913=DIRECTION('',(7.071067812169E-1,0.E0,7.071067811562E-1));
#6914=VECTOR('',#6913,4.949747468108E-2);
#6915=CARTESIAN_POINT('',(2.324711633663E1,1.771759900990E1,-1.775E0));
#6916=LINE('',#6915,#6914);
#6917=DIRECTION('',(-1.202121481200E-12,0.E0,1.E0));
#6918=VECTOR('',#6917,2.778047735025E-1);
#6919=CARTESIAN_POINT('',(2.328211633663E1,1.771759900990E1,-1.740000000003E0));
#6920=LINE('',#6919,#6918);
#6921=DIRECTION('',(6.394263197959E-14,0.E0,-1.E0));
#6922=VECTOR('',#6921,2.778047734987E-1);
#6923=CARTESIAN_POINT('',(2.313211633663E1,1.771759900990E1,-1.462195226500E0));
#6924=LINE('',#6923,#6922);
#6925=DIRECTION('',(7.071067811984E-1,0.E0,-7.071067811747E-1));
#6926=VECTOR('',#6925,4.949747468392E-2);
#6927=CARTESIAN_POINT('',(2.313211633663E1,1.771759900990E1,-1.739999999999E0));
#6928=LINE('',#6927,#6926);
#6929=DIRECTION('',(1.E0,0.E0,-1.508793090476E-11));
#6930=VECTOR('',#6929,7.999999999944E-2);
#6931=CARTESIAN_POINT('',(2.316711633663E1,1.751759900990E1,-1.774999999999E0));
#6932=LINE('',#6931,#6930);
#6933=DIRECTION('',(7.993605777301E-13,1.E0,-1.798561299893E-13));
#6934=VECTOR('',#6933,2.E-1);
#6935=CARTESIAN_POINT('',(2.324711633663E1,1.751759900990E1,-1.775E0));
#6936=LINE('',#6935,#6934);
#6937=DIRECTION('',(-1.E0,0.E0,1.509070646238E-11));
#6938=VECTOR('',#6937,7.999999999911E-2);
#6939=CARTESIAN_POINT('',(2.324711633663E1,1.771759900990E1,-1.775E0));
#6940=LINE('',#6939,#6938);
#6941=DIRECTION('',(2.433608869978E-12,1.E0,-1.809663530139E-13));
#6942=VECTOR('',#6941,2.E-1);
#6943=CARTESIAN_POINT('',(2.316711633663E1,1.751759900990E1,-1.774999999999E0));
#6944=LINE('',#6943,#6942);
#6945=DIRECTION('',(1.421085471520E-13,-1.E0,-2.365885265476E-12));
#6946=VECTOR('',#6945,2.E-1);
#6947=CARTESIAN_POINT('',(2.313211633663E1,1.771759900990E1,-1.739999999999E0));
#6948=LINE('',#6947,#6946);
#6949=DIRECTION('',(1.E0,0.E0,-2.224886941347E-12));
#6950=VECTOR('',#6949,1.500000000001E-1);
#6951=CARTESIAN_POINT('',(2.313211633663E1,1.771759900990E1,-1.462195226500E0));
#6952=LINE('',#6951,#6950);
#6953=DIRECTION('',(-1.E0,-1.198922442806E-10,-2.728868982634E-10));
#6954=VECTOR('',#6953,1.5E-1);
#6955=CARTESIAN_POINT('',(2.328211633663E1,1.772696823121E1,-1.419933400267E0));
#6956=LINE('',#6955,#6954);
#6957=DIRECTION('',(1.E0,3.841667724676E-11,9.813483359266E-11));
#6958=VECTOR('',#6957,1.5E-1);
#6959=CARTESIAN_POINT('',(2.313211633663E1,1.779978824350E1,-1.263770379991E0));
#6960=LINE('',#6959,#6958);
#6961=DIRECTION('',(-1.E0,3.003227296479E-11,-2.291500322826E-11));
#6962=VECTOR('',#6961,1.5E-1);
#6963=CARTESIAN_POINT('',(2.328211633663E1,1.778759900990E1,-1.225111069982E0));
#6964=LINE('',#6963,#6962);
#6965=DIRECTION('',(1.E0,3.851141627820E-11,-1.630103459623E-11));
#6966=VECTOR('',#6965,1.5E-1);
#6967=CARTESIAN_POINT('',(2.313211633663E1,1.775259901009E1,-1.204903810702E0));
#6968=LINE('',#6967,#6966);
#6969=DIRECTION('',(-1.E0,-1.198448747649E-11,8.316310603125E-12));
#6970=VECTOR('',#6969,1.5E-1);
#6971=CARTESIAN_POINT('',(2.328211633663E1,1.767759900989E1,-1.075000000278E0));
#6972=LINE('',#6971,#6970);
#6973=DIRECTION('',(0.E0,-9.194422965846E-11,-1.E0));
#6974=VECTOR('',#6973,5.000000018973E-2);
#6975=CARTESIAN_POINT('',(2.313211633663E1,1.767759900990E1,-1.025000000087E0));
#6976=LINE('',#6975,#6974);
#6977=DIRECTION('',(0.E0,9.201528382047E-11,1.E0));
#6978=VECTOR('',#6977,5.000000025021E-2);
#6979=CARTESIAN_POINT('',(2.328211633663E1,1.767759900989E1,-1.075000000278E0));
#6980=LINE('',#6979,#6978);
#6981=DIRECTION('',(1.E0,1.203185699220E-11,3.948693224250E-10));
#6982=VECTOR('',#6981,1.5E-1);
#6983=CARTESIAN_POINT('',(2.313211633663E1,1.767759900990E1,-1.025000000087E0));
#6984=LINE('',#6983,#6982);
#6985=DIRECTION('',(-1.E0,-4.760636329592E-12,-3.543091745920E-12));
#6986=VECTOR('',#6985,1.5E-1);
#6987=CARTESIAN_POINT('',(2.328211633663E1,1.769769519930E1,
-9.500000000061E-1));
#6988=LINE('',#6987,#6986);
#6989=DIRECTION('',(-1.E0,-1.894780628694E-12,-4.331350093404E-12));
#6990=VECTOR('',#6989,1.5E-1);
#6991=CARTESIAN_POINT('',(2.328211633663E1,1.772759900988E1,
-8.982050807879E-1));
#6992=LINE('',#6991,#6990);
#6993=DIRECTION('',(-3.231277679290E-12,1.E0,0.E0));
#6994=VECTOR('',#6993,2.1E-1);
#6995=CARTESIAN_POINT('',(2.312211633663E1,1.745259900990E1,-1.425000000003E0));
#6996=LINE('',#6995,#6994);
#6997=DIRECTION('',(-3.434289889507E-12,1.E0,0.E0));
#6998=VECTOR('',#6997,2.1E-1);
#6999=CARTESIAN_POINT('',(2.307211633663E1,1.745259900990E1,-1.525E0));
#7000=LINE('',#6999,#6998);
#7001=DIRECTION('',(-1.E0,0.E0,3.807582268814E-12));
#7002=VECTOR('',#7001,2.299999999993E-1);
#7003=CARTESIAN_POINT('',(2.307211633663E1,1.766259900990E1,-1.525E0));
#7004=LINE('',#7003,#7002);
#7005=DIRECTION('',(-2.080875154726E-12,-1.E0,0.E0));
#7006=VECTOR('',#7005,2.1E-1);
#7007=CARTESIAN_POINT('',(2.284211633663E1,1.766259900990E1,-1.524999999999E0));
#7008=LINE('',#7007,#7006);
#7009=DIRECTION('',(0.E0,1.E0,0.E0));
#7010=VECTOR('',#7009,2.1E-1);
#7011=CARTESIAN_POINT('',(2.278211633663E1,1.745259900990E1,-1.425000000003E0));
#7012=LINE('',#7011,#7010);
#7013=DIRECTION('',(1.E0,3.552713679086E-13,4.241051954409E-12));
#7014=VECTOR('',#7013,9.999999999195E-3);
#7015=CARTESIAN_POINT('',(2.278211633663E1,1.745259900990E1,-1.425000000003E0));
#7016=LINE('',#7015,#7014);
#7017=DIRECTION('',(2.994430100703E-12,1.E0,0.E0));
#7018=VECTOR('',#7017,2.1E-1);
#7019=CARTESIAN_POINT('',(2.279211633663E1,1.745259900990E1,-1.425000000003E0));
#7020=LINE('',#7019,#7018);
#7021=DIRECTION('',(1.E0,1.705302565824E-12,-1.391479524197E-13));
#7022=VECTOR('',#7021,1.5E-1);
#7023=CARTESIAN_POINT('',(2.313211633663E1,1.805929898104E1,-1.150000000045E0));
#7024=LINE('',#7023,#7022);
#7025=DIRECTION('',(1.E0,-1.307398633799E-11,5.679308875036E-11));
#7026=VECTOR('',#7025,1.5E-1);
#7027=CARTESIAN_POINT('',(2.313211633663E1,1.805885293370E1,-1.175554034709E0));
#7028=LINE('',#7027,#7026);
#7029=DIRECTION('',(0.E0,-1.E0,-1.229459367387E-12));
#7030=VECTOR('',#7029,1.908978479741E-1);
#7031=CARTESIAN_POINT('',(2.313211633663E1,1.825019682902E1,-1.150000000045E0));
#7032=LINE('',#7031,#7030);
#7033=DIRECTION('',(0.E0,-1.745240683743E-2,-9.998476951494E-1));
#7034=VECTOR('',#7033,2.555792726029E-2);
#7035=CARTESIAN_POINT('',(2.313211633663E1,1.805929898104E1,-1.150000000045E0));
#7036=LINE('',#7035,#7034);
#7037=CARTESIAN_POINT('',(2.313211633663E1,1.800886054890E1,-1.174681414895E0));
#7038=DIRECTION('',(-1.E0,0.E0,0.E0));
#7039=DIRECTION('',(0.E0,9.998476953949E-1,-1.745239277387E-2));
#7040=AXIS2_PLACEMENT_3D('',#7037,#7038,#7039);
#7042=CARTESIAN_POINT('',(2.313211633663E1,1.811259900990E1,-1.235E0));
#7043=DIRECTION('',(1.E0,0.E0,0.E0));
#7044=DIRECTION('',(0.E0,-8.644871844163E-1,5.026548597E-1));
#7045=AXIS2_PLACEMENT_3D('',#7042,#7043,#7044);
#7047=CARTESIAN_POINT('',(2.313211633663E1,1.812259900990E1,-1.255E0));
#7048=DIRECTION('',(1.E0,0.E0,0.E0));
#7049=DIRECTION('',(0.E0,-1.421085471520E-13,-1.E0));
#7050=AXIS2_PLACEMENT_3D('',#7047,#7048,#7049);
#7052=DIRECTION('',(0.E0,6.427876097965E-1,7.660444430267E-1));
#7053=VECTOR('',#7052,8.806088273291E-2);
#7054=CARTESIAN_POINT('',(2.313211633663E1,1.816090123206E1,-1.287139380480E0));
#7055=LINE('',#7054,#7053);
#7056=CARTESIAN_POINT('',(2.313211633663E1,1.810259900990E1,-1.123262689185E0));
#7057=DIRECTION('',(1.E0,0.E0,0.E0));
#7058=DIRECTION('',(0.E0,7.660444432109E-1,-6.427876095770E-1));
#7059=AXIS2_PLACEMENT_3D('',#7056,#7057,#7058);
#7061=DIRECTION('',(1.E0,2.889540458758E-12,7.918110611626E-12));
#7062=VECTOR('',#7061,1.5E-1);
#7063=CARTESIAN_POINT('',(2.313211633663E1,1.805208490720E1,-1.199814159505E0));
#7064=LINE('',#7063,#7062);
#7065=DIRECTION('',(-1.E0,0.E0,0.E0));
#7066=VECTOR('',#7065,1.5E-1);
#7067=CARTESIAN_POINT('',(2.328211633663E1,1.811259900990E1,-1.305E0));
#7068=LINE('',#7067,#7066);
#7069=DIRECTION('',(0.E0,-1.E0,-2.220446049250E-14));
#7070=VECTOR('',#7069,1.E-2);
#7071=CARTESIAN_POINT('',(2.313211633663E1,1.812259900990E1,-1.305E0));
#7072=LINE('',#7071,#7070);
#7073=DIRECTION('',(0.E0,1.E0,2.220446049249E-14));
#7074=VECTOR('',#7073,1.000000000001E-2);
#7075=CARTESIAN_POINT('',(2.328211633663E1,1.811259900990E1,-1.305E0));
#7076=LINE('',#7075,#7074);
#7077=DIRECTION('',(1.E0,0.E0,0.E0));
#7078=VECTOR('',#7077,1.5E-1);
#7079=CARTESIAN_POINT('',(2.313211633663E1,1.812259900990E1,-1.305E0));
#7080=LINE('',#7079,#7078);
#7081=DIRECTION('',(-1.E0,-1.527666881884E-11,-1.940225757835E-11));
#7082=VECTOR('',#7081,1.5E-1);
#7083=CARTESIAN_POINT('',(2.328211633663E1,1.816090123206E1,-1.287139380478E0));
#7084=LINE('',#7083,#7082);
#7085=DIRECTION('',(-1.E0,8.431773797686E-12,1.703822268458E-12));
#7086=VECTOR('',#7085,1.5E-1);
#7087=CARTESIAN_POINT('',(2.328211633663E1,1.825019682902E1,-1.150000000045E0));
#7088=LINE('',#7087,#7086);
#7089=DIRECTION('',(1.E0,-8.715990891990E-12,-9.115671180855E-12));
#7090=VECTOR('',#7089,1.5E-1);
#7091=CARTESIAN_POINT('',(2.313211633663E1,1.821750567639E1,-1.219680830615E0));
#7092=LINE('',#7091,#7090);
#7093=DIRECTION('',(1.E0,-2.368475785867E-14,-1.347070603212E-13));
#7094=VECTOR('',#7093,1.5E-1);
#7095=CARTESIAN_POINT('',(2.313211633663E1,1.766259900990E1,
-3.753183234132E-1));
#7096=LINE('',#7095,#7094);
#7097=DIRECTION('',(-1.E0,-9.473903143468E-13,-2.831068712794E-13));
#7098=VECTOR('',#7097,1.5E-1);
#7099=CARTESIAN_POINT('',(2.328211633663E1,1.768040522943E1,
-3.250000000023E-1));
#7100=LINE('',#7099,#7098);
#7101=CARTESIAN_POINT('',(2.313211633663E1,1.774259900990E1,
-3.753183234132E-1));
#7102=DIRECTION('',(-1.E0,0.E0,0.E0));
#7103=DIRECTION('',(0.E0,-1.E0,-1.559863349598E-12));
#7104=AXIS2_PLACEMENT_3D('',#7101,#7102,#7103);
#7106=DIRECTION('',(0.E0,-1.E0,1.981804098168E-11));
#7107=VECTOR('',#7106,1.780621953014E-2);
#7108=CARTESIAN_POINT('',(2.313211633663E1,1.768040522943E1,
-3.250000000023E-1));
#7109=LINE('',#7108,#7107);
#7110=CARTESIAN_POINT('',(2.313211633663E1,1.766259900990E1,
-3.753183234132E-1));
#7111=CARTESIAN_POINT('',(2.313211633663E1,1.766259900990E1,
-3.250000000020E-1));
#7112=VERTEX_POINT('',#7110);
#7113=VERTEX_POINT('',#7111);
#7114=CARTESIAN_POINT('',(2.312211633664E1,1.766259900990E1,
-3.250000000007E-1));
#7115=VERTEX_POINT('',#7114);
#7116=CARTESIAN_POINT('',(2.308711633663E1,1.766259900990E1,
-4.249999999997E-1));
#7117=VERTEX_POINT('',#7116);
#7118=CARTESIAN_POINT('',(2.282711633663E1,1.766259900990E1,
-4.249999999996E-1));
#7119=VERTEX_POINT('',#7118);
#7120=CARTESIAN_POINT('',(2.279211633663E1,1.766259900990E1,
-3.250000000023E-1));
#7121=VERTEX_POINT('',#7120);
#7122=CARTESIAN_POINT('',(2.279211633663E1,1.766259900990E1,-1.425000000003E0));
#7123=CARTESIAN_POINT('',(2.284211633663E1,1.766259900990E1,-1.524999999999E0));
#7124=VERTEX_POINT('',#7122);
#7125=VERTEX_POINT('',#7123);
#7126=CARTESIAN_POINT('',(2.307211633663E1,1.766259900990E1,-1.525E0));
#7127=VERTEX_POINT('',#7126);
#7128=CARTESIAN_POINT('',(2.312211633663E1,1.766259900990E1,-1.425000000003E0));
#7129=VERTEX_POINT('',#7128);
#7130=CARTESIAN_POINT('',(2.313211633663E1,1.766259900990E1,-1.425000000003E0));
#7131=VERTEX_POINT('',#7130);
#7132=CARTESIAN_POINT('',(2.313211633663E1,1.766259900990E1,
-4.449999999808E-1));
#7133=VERTEX_POINT('',#7132);
#7134=CARTESIAN_POINT('',(2.313211633663E1,1.745259900990E1,-1.311593413849E0));
#7135=CARTESIAN_POINT('',(2.313211633663E1,1.745259900990E1,-1.425000000003E0));
#7136=VERTEX_POINT('',#7134);
#7137=VERTEX_POINT('',#7135);
#7138=CARTESIAN_POINT('',(2.312211633663E1,1.745259900990E1,-1.425000000003E0));
#7139=VERTEX_POINT('',#7138);
#7140=CARTESIAN_POINT('',(2.307211633663E1,1.745259900990E1,-1.525E0));
#7141=VERTEX_POINT('',#7140);
#7142=CARTESIAN_POINT('',(2.284211633663E1,1.745259900990E1,-1.524999999999E0));
#7143=VERTEX_POINT('',#7142);
#7144=CARTESIAN_POINT('',(2.279211633663E1,1.745259900990E1,-1.425000000003E0));
#7145=VERTEX_POINT('',#7144);
#7146=CARTESIAN_POINT('',(2.313211633663E1,1.766259900990E1,1.148301270188E0));
#7147=CARTESIAN_POINT('',(2.313211633663E1,1.766259900990E1,2.25E-1));
#7148=VERTEX_POINT('',#7146);
#7149=VERTEX_POINT('',#7147);
#7150=CARTESIAN_POINT('',(2.313211633663E1,1.767259900990E1,2.25E-1));
#7151=VERTEX_POINT('',#7150);
#7152=CARTESIAN_POINT('',(2.313211633663E1,1.810259900990E1,2.25E-1));
#7153=CARTESIAN_POINT('',(2.313211633663E1,1.806882365399E1,2.25E-1));
#7154=VERTEX_POINT('',#7152);
#7155=VERTEX_POINT('',#7153);
#7156=CARTESIAN_POINT('',(2.313211633663E1,1.810259900990E1,1.107079458092E0));
#7157=VERTEX_POINT('',#7156);
#7158=CARTESIAN_POINT('',(2.279211633663E1,1.834259900990E1,
-3.250000000020E-1));
#7159=CARTESIAN_POINT('',(2.282711633663E1,1.834259900990E1,
-4.249999999996E-1));
#7160=VERTEX_POINT('',#7158);
#7161=VERTEX_POINT('',#7159);
#7162=CARTESIAN_POINT('',(2.308711633663E1,1.834259900990E1,
-4.249999999997E-1));
#7163=VERTEX_POINT('',#7162);
#7164=CARTESIAN_POINT('',(2.312211633664E1,1.834259900990E1,
-3.250000000007E-1));
#7165=VERTEX_POINT('',#7164);
#7166=CARTESIAN_POINT('',(2.313211633663E1,1.827156686583E1,
-4.750000000439E-1));
#7167=CARTESIAN_POINT('',(2.313211633663E1,1.807108114990E1,
-4.750000000444E-1));
#7168=VERTEX_POINT('',#7166);
#7169=VERTEX_POINT('',#7167);
#7170=CARTESIAN_POINT('',(2.313211633663E1,1.825019682902E1,-1.150000000045E0));
#7171=CARTESIAN_POINT('',(2.313211633663E1,1.805929898104E1,-1.150000000045E0));
#7172=VERTEX_POINT('',#7170);
#7173=VERTEX_POINT('',#7171);
#7174=CARTESIAN_POINT('',(2.313211633663E1,1.772759900988E1,
-8.982050807885E-1));
#7175=CARTESIAN_POINT('',(2.313211633663E1,1.772759900988E1,
-5.750000000451E-1));
#7176=VERTEX_POINT('',#7174);
#7177=VERTEX_POINT('',#7175);
#7178=CARTESIAN_POINT('',(2.313211633663E1,1.774571887695E1,
-5.568801329768E-1));
#7179=VERTEX_POINT('',#7178);
#7180=CARTESIAN_POINT('',(2.328211633663E1,1.769769519930E1,
-9.500000000031E-1));
#7181=CARTESIAN_POINT('',(2.328211633663E1,1.767759900990E1,-1.025000000045E0));
#7182=VERTEX_POINT('',#7180);
#7183=VERTEX_POINT('',#7181);
#7184=CARTESIAN_POINT('',(2.328211633663E1,1.767759900989E1,-1.075000000278E0));
#7185=VERTEX_POINT('',#7184);
#7186=CARTESIAN_POINT('',(2.328211633663E1,1.775259901018E1,-1.204903810745E0));
#7187=VERTEX_POINT('',#7186);
#7188=CARTESIAN_POINT('',(2.328211633663E1,1.778759900990E1,-1.225111069982E0));
#7189=VERTEX_POINT('',#7188);
#7190=CARTESIAN_POINT('',(2.328211633663E1,1.779978824353E1,-1.263770379943E0));
#7191=VERTEX_POINT('',#7190);
#7192=CARTESIAN_POINT('',(2.328211633663E1,1.772696823121E1,-1.419933400267E0));
#7193=VERTEX_POINT('',#7192);
#7194=CARTESIAN_POINT('',(2.328211633663E1,1.771759900990E1,-1.462195226501E0));
#7195=VERTEX_POINT('',#7194);
#7196=CARTESIAN_POINT('',(2.328211633663E1,1.771759900990E1,-1.740000000003E0));
#7197=VERTEX_POINT('',#7196);
#7198=CARTESIAN_POINT('',(2.328211633663E1,1.751759900990E1,-1.740000000003E0));
#7199=VERTEX_POINT('',#7198);
#7200=CARTESIAN_POINT('',(2.328211633663E1,1.751759900990E1,-1.675000000001E0));
#7201=VERTEX_POINT('',#7200);
#7202=CARTESIAN_POINT('',(2.328211633663E1,1.746759900990E1,-1.625E0));
#7203=VERTEX_POINT('',#7202);
#7204=CARTESIAN_POINT('',(2.328211633663E1,1.743259900990E1,-1.625E0));
#7205=VERTEX_POINT('',#7204);
#7206=CARTESIAN_POINT('',(2.328211633663E1,1.738259900990E1,-1.575E0));
#7207=VERTEX_POINT('',#7206);
#7208=CARTESIAN_POINT('',(2.328211633663E1,1.738259900990E1,-1.305E0));
#7209=VERTEX_POINT('',#7208);
#7210=CARTESIAN_POINT('',(2.328211633663E1,1.743059900986E1,-1.305E0));
#7211=VERTEX_POINT('',#7210);
#7212=CARTESIAN_POINT('',(2.328211633663E1,1.770259900988E1,
-5.142820322897E-1));
#7213=CARTESIAN_POINT('',(2.328211633663E1,1.771259900988E1,
-5.200555349849E-1));
#7214=VERTEX_POINT('',#7212);
#7215=VERTEX_POINT('',#7213);
#7216=CARTESIAN_POINT('',(2.313211633663E1,1.769769519930E1,
-9.500000000066E-1));
#7217=VERTEX_POINT('',#7216);
#7218=CARTESIAN_POINT('',(2.313211633663E1,1.771259900986E1,
-5.200555349723E-1));
#7219=VERTEX_POINT('',#7218);
#7220=CARTESIAN_POINT('',(2.313211633663E1,1.770259900987E1,
-5.142820322826E-1));
#7221=VERTEX_POINT('',#7220);
#7222=CARTESIAN_POINT('',(2.313211633663E1,1.743059900986E1,-1.305E0));
#7223=VERTEX_POINT('',#7222);
#7224=CARTESIAN_POINT('',(2.313211633663E1,1.738259900990E1,-1.305E0));
#7225=VERTEX_POINT('',#7224);
#7226=CARTESIAN_POINT('',(2.313211633663E1,1.738259900990E1,-1.575E0));
#7227=VERTEX_POINT('',#7226);
#7228=CARTESIAN_POINT('',(2.313211633663E1,1.743259900990E1,-1.625E0));
#7229=VERTEX_POINT('',#7228);
#7230=CARTESIAN_POINT('',(2.313211633663E1,1.746759900990E1,-1.625E0));
#7231=VERTEX_POINT('',#7230);
#7232=CARTESIAN_POINT('',(2.313211633663E1,1.751759900990E1,-1.675E0));
#7233=VERTEX_POINT('',#7232);
#7234=CARTESIAN_POINT('',(2.313211633663E1,1.751759900990E1,-1.739999999999E0));
#7235=VERTEX_POINT('',#7234);
#7236=CARTESIAN_POINT('',(2.313211633663E1,1.771759900990E1,-1.739999999999E0));
#7237=VERTEX_POINT('',#7236);
#7238=CARTESIAN_POINT('',(2.313211633663E1,1.771759900990E1,-1.462195226500E0));
#7239=VERTEX_POINT('',#7238);
#7240=CARTESIAN_POINT('',(2.313211633663E1,1.772696823119E1,-1.419933400323E0));
#7241=VERTEX_POINT('',#7240);
#7242=CARTESIAN_POINT('',(2.313211633663E1,1.779978824350E1,-1.263770379991E0));
#7243=VERTEX_POINT('',#7242);
#7244=CARTESIAN_POINT('',(2.313211633663E1,1.778759900990E1,-1.225111069986E0));
#7245=VERTEX_POINT('',#7244);
#7246=CARTESIAN_POINT('',(2.313211633663E1,1.775259901009E1,-1.204903810702E0));
#7247=VERTEX_POINT('',#7246);
#7248=CARTESIAN_POINT('',(2.313211633663E1,1.767759900989E1,-1.075000000393E0));
#7249=VERTEX_POINT('',#7248);
#7250=CARTESIAN_POINT('',(2.313211633663E1,1.767759900990E1,-1.025000000087E0));
#7251=VERTEX_POINT('',#7250);
#7252=CARTESIAN_POINT('',(2.324711633663E1,1.751759900990E1,-1.775E0));
#7253=VERTEX_POINT('',#7252);
#7254=CARTESIAN_POINT('',(2.316711633663E1,1.751759900990E1,-1.774999999999E0));
#7255=VERTEX_POINT('',#7254);
#7256=CARTESIAN_POINT('',(2.324711633663E1,1.771759900990E1,-1.775E0));
#7257=VERTEX_POINT('',#7256);
#7258=CARTESIAN_POINT('',(2.316711633663E1,1.771759900990E1,-1.774999999999E0));
#7259=VERTEX_POINT('',#7258);
#7260=CARTESIAN_POINT('',(2.328211633663E1,1.821750567639E1,-1.219680830616E0));
#7261=CARTESIAN_POINT('',(2.328211633663E1,1.816090123206E1,-1.287139380478E0));
#7262=VERTEX_POINT('',#7260);
#7263=VERTEX_POINT('',#7261);
#7264=CARTESIAN_POINT('',(2.328211633663E1,1.812259900990E1,-1.305E0));
#7265=VERTEX_POINT('',#7264);
#7266=CARTESIAN_POINT('',(2.328211633663E1,1.811259900990E1,-1.305E0));
#7267=VERTEX_POINT('',#7266);
#7268=CARTESIAN_POINT('',(2.328211633663E1,1.805208490699E1,-1.199814159818E0));
#7269=VERTEX_POINT('',#7268);
#7270=CARTESIAN_POINT('',(2.328211633663E1,1.805885293369E1,-1.175554034509E0));
#7271=VERTEX_POINT('',#7270);
#7272=CARTESIAN_POINT('',(2.313211633663E1,1.821750567638E1,-1.219680830621E0));
#7273=VERTEX_POINT('',#7272);
#7274=CARTESIAN_POINT('',(2.313211633663E1,1.805885293370E1,-1.175554034709E0));
#7275=VERTEX_POINT('',#7274);
#7276=CARTESIAN_POINT('',(2.313211633663E1,1.805208490701E1,-1.199814159832E0));
#7277=VERTEX_POINT('',#7276);
#7278=CARTESIAN_POINT('',(2.313211633663E1,1.811259900990E1,-1.305E0));
#7279=VERTEX_POINT('',#7278);
#7280=CARTESIAN_POINT('',(2.313211633663E1,1.812259900990E1,-1.305E0));
#7281=VERTEX_POINT('',#7280);
#7282=CARTESIAN_POINT('',(2.313211633663E1,1.816090123206E1,-1.287139380481E0));
#7283=VERTEX_POINT('',#7282);
#7284=CARTESIAN_POINT('',(2.313211633663E1,1.768040522943E1,
-3.250000000023E-1));
#7285=VERTEX_POINT('',#7284);
#7286=CARTESIAN_POINT('',(2.313211633663E1,1.831234250010E1,
-3.250000000023E-1));
#7287=CARTESIAN_POINT('',(2.313211633663E1,1.806774395891E1,
-3.250000000027E-1));
#7288=VERTEX_POINT('',#7286);
#7289=VERTEX_POINT('',#7287);
#7290=CARTESIAN_POINT('',(2.328211633663E1,1.830872517949E1,
-3.454057914353E-1));
#7291=CARTESIAN_POINT('',(2.328211633663E1,1.827196816011E1,
-4.735927516532E-1));
#7292=VERTEX_POINT('',#7290);
#7293=VERTEX_POINT('',#7291);
#7294=CARTESIAN_POINT('',(2.313211633663E1,1.807304756816E1,
-3.623439737490E-1));
#7295=VERTEX_POINT('',#7294);
#7296=CARTESIAN_POINT('',(2.328211633663E1,1.807304607282E1,
-3.624296417168E-1));
#7297=VERTEX_POINT('',#7296);
#7298=CARTESIAN_POINT('',(2.313211633663E1,1.827196815643E1,
-4.735927644823E-1));
#7299=VERTEX_POINT('',#7298);
#7300=CARTESIAN_POINT('',(2.313211633663E1,1.830872517948E1,
-3.454057914546E-1));
#7301=VERTEX_POINT('',#7300);
#7302=VERTEX_POINT('',#6118);
#7303=VERTEX_POINT('',#6123);
#7304=CARTESIAN_POINT('',(2.328211633663E1,1.805259900990E1,1.028255000001E0));
#7305=VERTEX_POINT('',#7304);
#7306=CARTESIAN_POINT('',(2.328211633663E1,1.805730271858E1,1.045809479723E0));
#7307=VERTEX_POINT('',#7306);
#7308=CARTESIAN_POINT('',(2.328211633663E1,1.806729678767E1,1.065007907961E0));
#7309=VERTEX_POINT('',#7308);
#7310=CARTESIAN_POINT('',(2.313211633663E1,1.809500435775E1,9.747172639091E-1));
#7311=VERTEX_POINT('',#7310);
#7312=CARTESIAN_POINT('',(2.313211633663E1,1.806729678770E1,1.065007907995E0));
#7313=VERTEX_POINT('',#7312);
#7314=CARTESIAN_POINT('',(2.313211633663E1,1.805730271859E1,1.045809479778E0));
#7315=VERTEX_POINT('',#7314);
#7316=CARTESIAN_POINT('',(2.313211633663E1,1.805259900990E1,1.028255000001E0));
#7317=VERTEX_POINT('',#7316);
#7318=CARTESIAN_POINT('',(2.313211633663E1,1.806617092174E1,1.021926313558E0));
#7319=VERTEX_POINT('',#7318);
#7320=CARTESIAN_POINT('',(2.328211633663E1,1.766759900990E1,1.005000000024E0));
#7321=CARTESIAN_POINT('',(2.328211633663E1,1.766759900990E1,1.139641016155E0));
#7322=VERTEX_POINT('',#7320);
#7323=VERTEX_POINT('',#7321);
#7324=CARTESIAN_POINT('',(2.328211633663E1,1.766759900990E1,8.416987299934E-1));
#7325=VERTEX_POINT('',#7324);
#7326=CARTESIAN_POINT('',(2.328211633663E1,1.767429773969E1,8.166987300275E-1));
#7327=VERTEX_POINT('',#7326);
#7328=CARTESIAN_POINT('',(2.328211633663E1,1.769259900990E1,7.849999999973E-1));
#7329=VERTEX_POINT('',#7328);
#7330=CARTESIAN_POINT('',(2.328211633663E1,1.768759900991E1,7.821132486664E-1));
#7331=VERTEX_POINT('',#7330);
#7332=CARTESIAN_POINT('',(2.328211633663E1,1.767259900990E1,7.561324865468E-1));
#7333=VERTEX_POINT('',#7332);
#7334=CARTESIAN_POINT('',(2.313211633663E1,1.766759900990E1,1.139641016152E0));
#7335=VERTEX_POINT('',#7334);
#7336=CARTESIAN_POINT('',(2.317809709873E1,1.771357977200E1,1.060000000031E0));
#7337=VERTEX_POINT('',#7336);
#7338=CARTESIAN_POINT('',(2.323613557452E1,1.771357977201E1,1.060000000014E0));
#7339=VERTEX_POINT('',#7338);
#7340=CARTESIAN_POINT('',(2.313211633663E1,1.767259900990E1,7.561324865467E-1));
#7341=VERTEX_POINT('',#7340);
#7342=CARTESIAN_POINT('',(2.313211633663E1,1.768759900992E1,7.821132486740E-1));
#7343=VERTEX_POINT('',#7342);
#7344=CARTESIAN_POINT('',(2.313211633663E1,1.769259900990E1,7.849999999984E-1));
#7345=VERTEX_POINT('',#7344);
#7346=CARTESIAN_POINT('',(2.313211633663E1,1.767429773964E1,8.166987301084E-1));
#7347=VERTEX_POINT('',#7346);
#7348=CARTESIAN_POINT('',(2.313211633663E1,1.766759900990E1,8.416987299975E-1));
#7349=VERTEX_POINT('',#7348);
#7350=CARTESIAN_POINT('',(2.313211633663E1,1.766759900990E1,1.005000000011E0));
#7351=VERTEX_POINT('',#7350);
#7352=VERTEX_POINT('',#6766);
#7353=CARTESIAN_POINT('',(2.316211633663E1,1.769759900990E1,1.035E0));
#7354=VERTEX_POINT('',#7353);
#7355=VERTEX_POINT('',#6823);
#7356=CARTESIAN_POINT('',(2.323211633663E1,1.771759900990E1,1.035E0));
#7357=VERTEX_POINT('',#7356);
#7358=VERTEX_POINT('',#6835);
#7359=CARTESIAN_POINT('',(2.318211633663E1,1.771759900990E1,1.035E0));
#7360=VERTEX_POINT('',#7359);
#7361=CARTESIAN_POINT('',(2.278211633663E1,1.745259900990E1,-1.425000000003E0));
#7362=CARTESIAN_POINT('',(2.278211633663E1,1.745259900990E1,-1.025E0));
#7363=VERTEX_POINT('',#7361);
#7364=VERTEX_POINT('',#7362);
#7365=CARTESIAN_POINT('',(2.278211633663E1,1.740259900990E1,-1.025E0));
#7366=VERTEX_POINT('',#7365);
#7367=CARTESIAN_POINT('',(2.278211633663E1,1.740259900990E1,1.525E0));
#7368=VERTEX_POINT('',#7367);
#7369=CARTESIAN_POINT('',(2.278211633663E1,1.756259900990E1,1.525E0));
#7370=VERTEX_POINT('',#7369);
#7371=CARTESIAN_POINT('',(2.278211633663E1,1.766259900990E1,1.324999999997E0));
#7372=VERTEX_POINT('',#7371);
#7373=CARTESIAN_POINT('',(2.278211633663E1,1.766259900990E1,2.25E-1));
#7374=VERTEX_POINT('',#7373);
#7375=CARTESIAN_POINT('',(2.278211633663E1,1.810259900990E1,1.324999999997E0));
#7376=CARTESIAN_POINT('',(2.278211633663E1,1.820259900990E1,1.425E0));
#7377=VERTEX_POINT('',#7375);
#7378=VERTEX_POINT('',#7376);
#7379=CARTESIAN_POINT('',(2.278211633663E1,1.840259900990E1,1.425E0));
#7380=VERTEX_POINT('',#7379);
#7381=CARTESIAN_POINT('',(2.278211633663E1,1.840259900990E1,
-1.750000000001E-1));
#7382=VERTEX_POINT('',#7381);
#7383=CARTESIAN_POINT('',(2.278211633663E1,1.834259900990E1,
-1.750000000001E-1));
#7384=VERTEX_POINT('',#7383);
#7385=CARTESIAN_POINT('',(2.278211633663E1,1.834259900990E1,
-3.250000000023E-1));
#7386=VERTEX_POINT('',#7385);
#7387=CARTESIAN_POINT('',(2.278211633663E1,1.782759900988E1,
-4.750000000446E-1));
#7388=CARTESIAN_POINT('',(2.278211633663E1,1.900259900988E1,
-4.750000000446E-1));
#7389=VERTEX_POINT('',#7387);
#7390=VERTEX_POINT('',#7388);
#7391=CARTESIAN_POINT('',(2.278211633663E1,1.900259900988E1,
-9.250000000446E-1));
#7392=VERTEX_POINT('',#7391);
#7393=CARTESIAN_POINT('',(2.278211633663E1,1.880259900988E1,
-9.250000000446E-1));
#7394=VERTEX_POINT('',#7393);
#7395=CARTESIAN_POINT('',(2.278211633663E1,1.877614996278E1,-1.075000000040E0));
#7396=VERTEX_POINT('',#7395);
#7397=CARTESIAN_POINT('',(2.278211633663E1,1.877614996278E1,-1.150000000045E0));
#7398=VERTEX_POINT('',#7397);
#7399=CARTESIAN_POINT('',(2.278211633663E1,1.790259900989E1,-1.150000000045E0));
#7400=VERTEX_POINT('',#7399);
#7401=CARTESIAN_POINT('',(2.278211633663E1,1.769434583443E1,-1.012499999994E0));
#7402=VERTEX_POINT('',#7401);
#7403=CARTESIAN_POINT('',(2.278211633663E1,1.772759900988E1,
-9.549038106055E-1));
#7404=VERTEX_POINT('',#7403);
#7405=CARTESIAN_POINT('',(2.328211633663E1,1.745259900990E1,-1.025E0));
#7406=VERTEX_POINT('',#7405);
#7407=CARTESIAN_POINT('',(2.328211633663E1,1.740259900990E1,-1.025E0));
#7408=VERTEX_POINT('',#7407);
#7409=CARTESIAN_POINT('',(2.328211633663E1,1.740259900990E1,1.525E0));
#7410=VERTEX_POINT('',#7409);
#7411=CARTESIAN_POINT('',(2.328211633663E1,1.756259900990E1,1.525E0));
#7412=VERTEX_POINT('',#7411);
#7413=CARTESIAN_POINT('',(2.328211633663E1,1.766259900990E1,1.324999999997E0));
#7414=VERTEX_POINT('',#7413);
#7415=CARTESIAN_POINT('',(2.328211633663E1,1.810259900990E1,1.324999999997E0));
#7416=VERTEX_POINT('',#7415);
#7417=CARTESIAN_POINT('',(2.328211633663E1,1.820259900990E1,1.425E0));
#7418=VERTEX_POINT('',#7417);
#7419=CARTESIAN_POINT('',(2.328211633663E1,1.840259900990E1,1.425E0));
#7420=VERTEX_POINT('',#7419);
#7421=CARTESIAN_POINT('',(2.328211633663E1,1.840259900990E1,
-1.750000000001E-1));
#7422=VERTEX_POINT('',#7421);
#7423=CARTESIAN_POINT('',(2.328211633663E1,1.834259900990E1,
-1.750000000001E-1));
#7424=VERTEX_POINT('',#7423);
#7425=CARTESIAN_POINT('',(2.328211633663E1,1.900259900988E1,
-4.750000000446E-1));
#7426=VERTEX_POINT('',#7425);
#7427=CARTESIAN_POINT('',(2.328211633663E1,1.782759900988E1,
-4.750000000446E-1));
#7428=VERTEX_POINT('',#7427);
#7429=CARTESIAN_POINT('',(2.328211633663E1,1.900259900988E1,
-9.250000000446E-1));
#7430=VERTEX_POINT('',#7429);
#7431=CARTESIAN_POINT('',(2.328211633663E1,1.880259900988E1,
-9.250000000446E-1));
#7432=VERTEX_POINT('',#7431);
#7433=CARTESIAN_POINT('',(2.328211633663E1,1.877614996278E1,-1.075000000040E0));
#7434=VERTEX_POINT('',#7433);
#7435=CARTESIAN_POINT('',(2.328211633663E1,1.877614996278E1,-1.150000000045E0));
#7436=VERTEX_POINT('',#7435);
#7437=CARTESIAN_POINT('',(2.328211633663E1,1.790259900989E1,-1.150000000045E0));
#7438=VERTEX_POINT('',#7437);
#7439=CARTESIAN_POINT('',(2.328211633663E1,1.769434583443E1,-1.012499999993E0));
#7440=VERTEX_POINT('',#7439);
#7441=CARTESIAN_POINT('',(2.328211633663E1,1.772759900988E1,
-9.549038106055E-1));
#7442=VERTEX_POINT('',#7441);
#7443=CARTESIAN_POINT('',(2.278211633663E1,1.766259900990E1,
-3.250000000023E-1));
#7444=CARTESIAN_POINT('',(2.278211633663E1,1.766259900990E1,-1.425000000003E0));
#7445=VERTEX_POINT('',#7443);
#7446=VERTEX_POINT('',#7444);
#7447=CARTESIAN_POINT('',(2.328211633663E1,1.766259900990E1,
-3.753183234132E-1));
#7448=CARTESIAN_POINT('',(2.328211633663E1,1.766259900990E1,
-4.449999999972E-1));
#7449=VERTEX_POINT('',#7447);
#7450=VERTEX_POINT('',#7448);
#7451=CARTESIAN_POINT('',(2.328211633663E1,1.745259900990E1,-1.311593413849E0));
#7452=VERTEX_POINT('',#7451);
#7453=CARTESIAN_POINT('',(2.328211633663E1,1.766259900990E1,1.148301270193E0));
#7454=VERTEX_POINT('',#7453);
#7455=CARTESIAN_POINT('',(2.278211633663E1,1.810259900990E1,2.25E-1));
#7456=VERTEX_POINT('',#7455);
#7457=CARTESIAN_POINT('',(2.328211633663E1,1.806882365399E1,2.25E-1));
#7458=CARTESIAN_POINT('',(2.328211633663E1,1.767259900990E1,2.25E-1));
#7459=VERTEX_POINT('',#7457);
#7460=VERTEX_POINT('',#7458);
#7461=CARTESIAN_POINT('',(2.328211633663E1,1.810259900990E1,1.107079458088E0));
#7462=VERTEX_POINT('',#7461);
#7463=CARTESIAN_POINT('',(2.328211633663E1,1.834259900990E1,
-3.250000000023E-1));
#7464=VERTEX_POINT('',#7463);
#7465=CARTESIAN_POINT('',(2.328211633663E1,1.827156686583E1,
-4.750000000446E-1));
#7466=VERTEX_POINT('',#7465);
#7467=CARTESIAN_POINT('',(2.328211633663E1,1.807108114990E1,
-4.750000000446E-1));
#7468=VERTEX_POINT('',#7467);
#7469=CARTESIAN_POINT('',(2.328211633663E1,1.825019682902E1,-1.150000000045E0));
#7470=VERTEX_POINT('',#7469);
#7471=CARTESIAN_POINT('',(2.328211633663E1,1.805929898104E1,-1.150000000045E0));
#7472=VERTEX_POINT('',#7471);
#7473=CARTESIAN_POINT('',(2.278211633663E1,1.772759900988E1,
-5.750000000449E-1));
#7474=VERTEX_POINT('',#7473);
#7475=CARTESIAN_POINT('',(2.328211633663E1,1.772759900988E1,
-8.982050807879E-1));
#7476=VERTEX_POINT('',#7475);
#7477=CARTESIAN_POINT('',(2.328211633663E1,1.774571887695E1,
-5.568801329767E-1));
#7478=VERTEX_POINT('',#7477);
#7479=CARTESIAN_POINT('',(2.328211633663E1,1.768040522943E1,
-3.250000000023E-1));
#7480=CARTESIAN_POINT('',(2.328211633663E1,1.806774395891E1,
-3.250000000023E-1));
#7481=VERTEX_POINT('',#7479);
#7482=VERTEX_POINT('',#7480);
#7483=CARTESIAN_POINT('',(2.328211633663E1,1.831234250010E1,
-3.250000000023E-1));
#7484=VERTEX_POINT('',#7483);
#7485=CARTESIAN_POINT('',(2.328211633663E1,1.767759900990E1,-1.075E0));
#7486=VERTEX_POINT('',#7485);
#7487=CARTESIAN_POINT('',(2.670711633663E1,1.766259900990E1,
-4.101591617050E-1));
#7488=DIRECTION('',(0.E0,1.E0,0.E0));
#7489=DIRECTION('',(0.E0,0.E0,-1.E0));
#7490=AXIS2_PLACEMENT_3D('',#7487,#7488,#7489);
#7491=PLANE('',#7490);
#7493=ORIENTED_EDGE('',*,*,#7492,.T.);
#7495=ORIENTED_EDGE('',*,*,#7494,.T.);
#7497=ORIENTED_EDGE('',*,*,#7496,.T.);
#7499=ORIENTED_EDGE('',*,*,#7498,.F.);
#7501=ORIENTED_EDGE('',*,*,#7500,.T.);
#7503=ORIENTED_EDGE('',*,*,#7502,.T.);
#7505=ORIENTED_EDGE('',*,*,#7504,.T.);
#7507=ORIENTED_EDGE('',*,*,#7506,.F.);
#7509=ORIENTED_EDGE('',*,*,#7508,.F.);
#7511=ORIENTED_EDGE('',*,*,#7510,.F.);
#7513=ORIENTED_EDGE('',*,*,#7512,.T.);
#7515=ORIENTED_EDGE('',*,*,#7514,.F.);
#7517=ORIENTED_EDGE('',*,*,#7516,.T.);
#7519=ORIENTED_EDGE('',*,*,#7518,.F.);
#7521=ORIENTED_EDGE('',*,*,#7520,.T.);
#7523=ORIENTED_EDGE('',*,*,#7522,.F.);
#7524=EDGE_LOOP('',(#7493,#7495,#7497,#7499,#7501,#7503,#7505,#7507,#7509,#7511,
#7513,#7515,#7517,#7519,#7521,#7523));
#7525=FACE_OUTER_BOUND('',#7524,.F.);
#7527=CARTESIAN_POINT('',(2.278211633663E1,2.055259900990E1,2.161938512270E0));
#7528=DIRECTION('',(1.E0,0.E0,0.E0));
#7529=DIRECTION('',(0.E0,0.E0,-1.E0));
#7530=AXIS2_PLACEMENT_3D('',#7527,#7528,#7529);
#7531=PLANE('',#7530);
#7532=ORIENTED_EDGE('',*,*,#7492,.F.);
#7534=ORIENTED_EDGE('',*,*,#7533,.F.);
#7536=ORIENTED_EDGE('',*,*,#7535,.F.);
#7538=ORIENTED_EDGE('',*,*,#7537,.F.);
#7540=ORIENTED_EDGE('',*,*,#7539,.F.);
#7542=ORIENTED_EDGE('',*,*,#7541,.F.);
#7544=ORIENTED_EDGE('',*,*,#7543,.F.);
#7546=ORIENTED_EDGE('',*,*,#7545,.F.);
#7548=ORIENTED_EDGE('',*,*,#7547,.F.);
#7550=ORIENTED_EDGE('',*,*,#7549,.F.);
#7552=ORIENTED_EDGE('',*,*,#7551,.F.);
#7554=ORIENTED_EDGE('',*,*,#7553,.F.);
#7556=ORIENTED_EDGE('',*,*,#7555,.F.);
#7558=ORIENTED_EDGE('',*,*,#7557,.F.);
#7560=ORIENTED_EDGE('',*,*,#7559,.F.);
#7562=ORIENTED_EDGE('',*,*,#7561,.T.);
#7563=EDGE_LOOP('',(#7532,#7534,#7536,#7538,#7540,#7542,#7544,#7546,#7548,#7550,
#7552,#7554,#7556,#7558,#7560,#7562));
#7564=FACE_OUTER_BOUND('',#7563,.F.);
#7566=CARTESIAN_POINT('',(2.278211633663E1,2.055259900990E1,2.161938512270E0));
#7567=DIRECTION('',(1.E0,0.E0,0.E0));
#7568=DIRECTION('',(0.E0,0.E0,-1.E0));
#7569=AXIS2_PLACEMENT_3D('',#7566,#7567,#7568);
#7570=PLANE('',#7569);
#7572=ORIENTED_EDGE('',*,*,#7571,.F.);
#7574=ORIENTED_EDGE('',*,*,#7573,.F.);
#7576=ORIENTED_EDGE('',*,*,#7575,.F.);
#7578=ORIENTED_EDGE('',*,*,#7577,.F.);
#7580=ORIENTED_EDGE('',*,*,#7579,.F.);
#7582=ORIENTED_EDGE('',*,*,#7581,.F.);
#7584=ORIENTED_EDGE('',*,*,#7583,.F.);
#7586=ORIENTED_EDGE('',*,*,#7585,.F.);
#7588=ORIENTED_EDGE('',*,*,#7587,.F.);
#7590=ORIENTED_EDGE('',*,*,#7589,.F.);
#7591=EDGE_LOOP('',(#7572,#7574,#7576,#7578,#7580,#7582,#7584,#7586,#7588,
#7590));
#7592=FACE_OUTER_BOUND('',#7591,.F.);
#7594=CARTESIAN_POINT('',(2.262211633663E1,1.766259900990E1,
-3.250000000023E-1));
#7595=DIRECTION('',(0.E0,0.E0,-1.E0));
#7596=DIRECTION('',(0.E0,1.E0,0.E0));
#7597=AXIS2_PLACEMENT_3D('',#7594,#7595,#7596);
#7598=PLANE('',#7597);
#7599=ORIENTED_EDGE('',*,*,#7533,.T.);
#7600=ORIENTED_EDGE('',*,*,#7522,.T.);
#7602=ORIENTED_EDGE('',*,*,#7601,.F.);
#7604=ORIENTED_EDGE('',*,*,#7603,.F.);
#7605=EDGE_LOOP('',(#7599,#7600,#7602,#7604));
#7606=FACE_OUTER_BOUND('',#7605,.F.);
#7608=CARTESIAN_POINT('',(2.280961633663E1,1.800259900990E1,
-3.749999999985E-1));
#7609=DIRECTION('',(9.438583563574E-1,0.E0,3.303504247526E-1));
#7610=DIRECTION('',(3.303504247526E-1,0.E0,-9.438583563574E-1));
#7611=AXIS2_PLACEMENT_3D('',#7608,#7609,#7610);
#7612=PLANE('',#7611);
#7613=ORIENTED_EDGE('',*,*,#7601,.T.);
#7614=ORIENTED_EDGE('',*,*,#7520,.F.);
#7616=ORIENTED_EDGE('',*,*,#7615,.F.);
#7618=ORIENTED_EDGE('',*,*,#7617,.F.);
#7619=EDGE_LOOP('',(#7613,#7614,#7616,#7618));
#7620=FACE_OUTER_BOUND('',#7619,.F.);
#7622=CARTESIAN_POINT('',(2.295711633663E1,1.800259900990E1,
-4.250000000001E-1));
#7623=DIRECTION('',(0.E0,0.E0,1.E0));
#7624=DIRECTION('',(1.E0,0.E0,0.E0));
#7625=AXIS2_PLACEMENT_3D('',#7622,#7623,#7624);
#7626=PLANE('',#7625);
#7628=ORIENTED_EDGE('',*,*,#7627,.T.);
#7629=ORIENTED_EDGE('',*,*,#7615,.T.);
#7630=ORIENTED_EDGE('',*,*,#7518,.T.);
#7632=ORIENTED_EDGE('',*,*,#7631,.T.);
#7633=EDGE_LOOP('',(#7628,#7629,#7630,#7632));
#7634=FACE_OUTER_BOUND('',#7633,.F.);
#7636=CARTESIAN_POINT('',(2.995711633663E1,1.834259900990E1,
-3.000000000001E-1));
#7637=DIRECTION('',(0.E0,1.E0,0.E0));
#7638=DIRECTION('',(0.E0,0.E0,-1.E0));
#7639=AXIS2_PLACEMENT_3D('',#7636,#7637,#7638);
#7640=PLANE('',#7639);
#7641=ORIENTED_EDGE('',*,*,#7535,.T.);
#7642=ORIENTED_EDGE('',*,*,#7603,.T.);
#7643=ORIENTED_EDGE('',*,*,#7617,.T.);
#7644=ORIENTED_EDGE('',*,*,#7627,.F.);
#7646=ORIENTED_EDGE('',*,*,#7645,.T.);
#7648=ORIENTED_EDGE('',*,*,#7647,.T.);
#7650=ORIENTED_EDGE('',*,*,#7649,.F.);
#7652=ORIENTED_EDGE('',*,*,#7651,.T.);
#7653=EDGE_LOOP('',(#7641,#7642,#7643,#7644,#7646,#7648,#7650,#7652));
#7654=FACE_OUTER_BOUND('',#7653,.F.);
#7656=CARTESIAN_POINT('',(2.310461633663E1,1.800259900990E1,
-3.750000000016E-1));
#7657=DIRECTION('',(9.438583563574E-1,0.E0,-3.303504247526E-1));
#7658=DIRECTION('',(3.303504247526E-1,0.E0,9.438583563574E-1));
#7659=AXIS2_PLACEMENT_3D('',#7656,#7657,#7658);
#7660=PLANE('',#7659);
#7662=ORIENTED_EDGE('',*,*,#7661,.F.);
#7663=ORIENTED_EDGE('',*,*,#7645,.F.);
#7664=ORIENTED_EDGE('',*,*,#7631,.F.);
#7665=ORIENTED_EDGE('',*,*,#7516,.F.);
#7666=EDGE_LOOP('',(#7662,#7663,#7664,#7665));
#7667=FACE_OUTER_BOUND('',#7666,.F.);
#7669=CARTESIAN_POINT('',(2.262211633663E1,1.766259900990E1,
-3.250000000023E-1));
#7670=DIRECTION('',(0.E0,0.E0,-1.E0));
#7671=DIRECTION('',(0.E0,1.E0,0.E0));
#7672=AXIS2_PLACEMENT_3D('',#7669,#7670,#7671);
#7673=PLANE('',#7672);
#7675=ORIENTED_EDGE('',*,*,#7674,.T.);
#7677=ORIENTED_EDGE('',*,*,#7676,.F.);
#7679=ORIENTED_EDGE('',*,*,#7678,.F.);
#7681=ORIENTED_EDGE('',*,*,#7680,.F.);
#7683=ORIENTED_EDGE('',*,*,#7682,.T.);
#7684=ORIENTED_EDGE('',*,*,#7647,.F.);
#7685=ORIENTED_EDGE('',*,*,#7661,.T.);
#7686=ORIENTED_EDGE('',*,*,#7514,.T.);
#7688=ORIENTED_EDGE('',*,*,#7687,.F.);
#7690=ORIENTED_EDGE('',*,*,#7689,.F.);
#7691=EDGE_LOOP('',(#7675,#7677,#7679,#7681,#7683,#7684,#7685,#7686,#7688,
#7690));
#7692=FACE_OUTER_BOUND('',#7691,.F.);
#7694=CARTESIAN_POINT('',(2.328211633663E1,1.784760051049E1,
-2.612083487540E-1));
#7695=DIRECTION('',(1.E0,0.E0,0.E0));
#7696=DIRECTION('',(0.E0,0.E0,-1.E0));
#7697=AXIS2_PLACEMENT_3D('',#7694,#7695,#7696);
#7698=PLANE('',#7697);
#7700=ORIENTED_EDGE('',*,*,#7699,.T.);
#7702=ORIENTED_EDGE('',*,*,#7701,.T.);
#7704=ORIENTED_EDGE('',*,*,#7703,.T.);
#7706=ORIENTED_EDGE('',*,*,#7705,.T.);
#7708=ORIENTED_EDGE('',*,*,#7707,.F.);
#7710=ORIENTED_EDGE('',*,*,#7709,.T.);
#7712=ORIENTED_EDGE('',*,*,#7711,.T.);
#7714=ORIENTED_EDGE('',*,*,#7713,.T.);
#7716=ORIENTED_EDGE('',*,*,#7715,.T.);
#7718=ORIENTED_EDGE('',*,*,#7717,.T.);
#7720=ORIENTED_EDGE('',*,*,#7719,.T.);
#7722=ORIENTED_EDGE('',*,*,#7721,.T.);
#7724=ORIENTED_EDGE('',*,*,#7723,.F.);
#7726=ORIENTED_EDGE('',*,*,#7725,.T.);
#7728=ORIENTED_EDGE('',*,*,#7727,.T.);
#7730=ORIENTED_EDGE('',*,*,#7729,.F.);
#7732=ORIENTED_EDGE('',*,*,#7731,.T.);
#7734=ORIENTED_EDGE('',*,*,#7733,.T.);
#7736=ORIENTED_EDGE('',*,*,#7735,.T.);
#7738=ORIENTED_EDGE('',*,*,#7737,.T.);
#7740=ORIENTED_EDGE('',*,*,#7739,.T.);
#7742=ORIENTED_EDGE('',*,*,#7741,.F.);
#7744=ORIENTED_EDGE('',*,*,#7743,.F.);
#7746=ORIENTED_EDGE('',*,*,#7745,.F.);
#7748=ORIENTED_EDGE('',*,*,#7747,.T.);
#7750=ORIENTED_EDGE('',*,*,#7749,.F.);
#7752=ORIENTED_EDGE('',*,*,#7751,.T.);
#7754=ORIENTED_EDGE('',*,*,#7753,.F.);
#7756=ORIENTED_EDGE('',*,*,#7755,.F.);
#7758=ORIENTED_EDGE('',*,*,#7757,.T.);
#7760=ORIENTED_EDGE('',*,*,#7759,.F.);
#7762=ORIENTED_EDGE('',*,*,#7761,.T.);
#7764=ORIENTED_EDGE('',*,*,#7763,.F.);
#7766=ORIENTED_EDGE('',*,*,#7765,.F.);
#7768=ORIENTED_EDGE('',*,*,#7767,.T.);
#7770=ORIENTED_EDGE('',*,*,#7769,.T.);
#7772=ORIENTED_EDGE('',*,*,#7771,.T.);
#7774=ORIENTED_EDGE('',*,*,#7773,.F.);
#7776=ORIENTED_EDGE('',*,*,#7775,.F.);
#7778=ORIENTED_EDGE('',*,*,#7777,.T.);
#7780=ORIENTED_EDGE('',*,*,#7779,.T.);
#7782=ORIENTED_EDGE('',*,*,#7781,.T.);
#7784=ORIENTED_EDGE('',*,*,#7783,.T.);
#7786=ORIENTED_EDGE('',*,*,#7785,.F.);
#7788=ORIENTED_EDGE('',*,*,#7787,.F.);
#7790=ORIENTED_EDGE('',*,*,#7789,.T.);
#7792=ORIENTED_EDGE('',*,*,#7791,.T.);
#7794=ORIENTED_EDGE('',*,*,#7793,.T.);
#7796=ORIENTED_EDGE('',*,*,#7795,.T.);
#7798=ORIENTED_EDGE('',*,*,#7797,.T.);
#7800=ORIENTED_EDGE('',*,*,#7799,.T.);
#7802=ORIENTED_EDGE('',*,*,#7801,.T.);
#7804=ORIENTED_EDGE('',*,*,#7803,.T.);
#7806=ORIENTED_EDGE('',*,*,#7805,.F.);
#7808=ORIENTED_EDGE('',*,*,#7807,.T.);
#7810=ORIENTED_EDGE('',*,*,#7809,.F.);
#7811=ORIENTED_EDGE('',*,*,#7649,.T.);
#7812=ORIENTED_EDGE('',*,*,#7682,.F.);
#7814=ORIENTED_EDGE('',*,*,#7813,.T.);
#7816=ORIENTED_EDGE('',*,*,#7815,.T.);
#7818=ORIENTED_EDGE('',*,*,#7817,.T.);
#7820=ORIENTED_EDGE('',*,*,#7819,.F.);
#7822=ORIENTED_EDGE('',*,*,#7821,.F.);
#7824=ORIENTED_EDGE('',*,*,#7823,.F.);
#7826=ORIENTED_EDGE('',*,*,#7825,.T.);
#7828=ORIENTED_EDGE('',*,*,#7827,.F.);
#7829=EDGE_LOOP('',(#7700,#7702,#7704,#7706,#7708,#7710,#7712,#7714,#7716,#7718,
#7720,#7722,#7724,#7726,#7728,#7730,#7732,#7734,#7736,#7738,#7740,#7742,#7744,
#7746,#7748,#7750,#7752,#7754,#7756,#7758,#7760,#7762,#7764,#7766,#7768,#7770,
#7772,#7774,#7776,#7778,#7780,#7782,#7784,#7786,#7788,#7790,#7792,#7794,#7796,
#7798,#7800,#7802,#7804,#7806,#7808,#7810,#7811,#7812,#7814,#7816,#7818,#7820,
#7822,#7824,#7826,#7828));
#7830=FACE_OUTER_BOUND('',#7829,.F.);
#7831=ORIENTED_EDGE('',*,*,#7674,.F.);
#7833=ORIENTED_EDGE('',*,*,#7832,.T.);
#7834=ORIENTED_EDGE('',*,*,#7508,.T.);
#7836=ORIENTED_EDGE('',*,*,#7835,.T.);
#7838=ORIENTED_EDGE('',*,*,#7837,.T.);
#7840=ORIENTED_EDGE('',*,*,#7839,.T.);
#7842=ORIENTED_EDGE('',*,*,#7841,.T.);
#7844=ORIENTED_EDGE('',*,*,#7843,.F.);
#7846=ORIENTED_EDGE('',*,*,#7845,.T.);
#7848=ORIENTED_EDGE('',*,*,#7847,.T.);
#7849=EDGE_LOOP('',(#7831,#7833,#7834,#7836,#7838,#7840,#7842,#7844,#7846,
#7848));
#7850=FACE_BOUND('',#7849,.F.);
#7852=CARTESIAN_POINT('',(2.745711633663E1,1.833937448633E1,-1.150000000045E0));
#7853=DIRECTION('',(0.E0,0.E0,1.E0));
#7854=DIRECTION('',(0.E0,-1.E0,0.E0));
#7855=AXIS2_PLACEMENT_3D('',#7852,#7853,#7854);
#7856=PLANE('',#7855);
#7857=ORIENTED_EDGE('',*,*,#7581,.T.);
#7859=ORIENTED_EDGE('',*,*,#7858,.F.);
#7860=ORIENTED_EDGE('',*,*,#7715,.F.);
#7862=ORIENTED_EDGE('',*,*,#7861,.F.);
#7864=ORIENTED_EDGE('',*,*,#7863,.F.);
#7866=ORIENTED_EDGE('',*,*,#7865,.F.);
#7867=ORIENTED_EDGE('',*,*,#7699,.F.);
#7869=ORIENTED_EDGE('',*,*,#7868,.T.);
#7870=EDGE_LOOP('',(#7857,#7859,#7860,#7862,#7864,#7866,#7867,#7869));
#7871=FACE_OUTER_BOUND('',#7870,.F.);
#7873=CARTESIAN_POINT('',(3.346831633663E1,1.780259900991E1,-1.075E0));
#7874=DIRECTION('',(-1.E0,0.E0,0.E0));
#7875=DIRECTION('',(0.E0,-1.E0,0.E0));
#7876=AXIS2_PLACEMENT_3D('',#7873,#7874,#7875);
#7877=CYLINDRICAL_SURFACE('',#7876,1.250000000100E-1);
#7878=ORIENTED_EDGE('',*,*,#7579,.T.);
#7880=ORIENTED_EDGE('',*,*,#7879,.T.);
#7881=ORIENTED_EDGE('',*,*,#7719,.F.);
#7882=ORIENTED_EDGE('',*,*,#7717,.F.);
#7883=ORIENTED_EDGE('',*,*,#7858,.T.);
#7884=EDGE_LOOP('',(#7878,#7880,#7881,#7882,#7883));
#7885=FACE_OUTER_BOUND('',#7884,.F.);
#7887=CARTESIAN_POINT('',(2.745711633663E1,1.774247242216E1,
-9.291423048567E-1));
#7888=DIRECTION('',(0.E0,8.660254037668E-1,-5.000000000306E-1));
#7889=DIRECTION('',(0.E0,5.000000000306E-1,8.660254037668E-1));
#7890=AXIS2_PLACEMENT_3D('',#7887,#7888,#7889);
#7891=PLANE('',#7890);
#7892=ORIENTED_EDGE('',*,*,#7577,.T.);
#7894=ORIENTED_EDGE('',*,*,#7893,.F.);
#7895=ORIENTED_EDGE('',*,*,#7721,.F.);
#7896=ORIENTED_EDGE('',*,*,#7879,.F.);
#7897=EDGE_LOOP('',(#7892,#7894,#7895,#7896));
#7898=FACE_OUTER_BOUND('',#7897,.F.);
#7900=CARTESIAN_POINT('',(3.263961633663E1,1.772759900988E1,
-7.649519053258E-1));
#7901=DIRECTION('',(0.E0,1.E0,0.E0));
#7902=DIRECTION('',(1.E0,0.E0,0.E0));
#7903=AXIS2_PLACEMENT_3D('',#7900,#7901,#7902);
#7904=PLANE('',#7903);
#7905=ORIENTED_EDGE('',*,*,#7575,.T.);
#7907=ORIENTED_EDGE('',*,*,#7906,.F.);
#7909=ORIENTED_EDGE('',*,*,#7908,.F.);
#7911=ORIENTED_EDGE('',*,*,#7910,.F.);
#7912=ORIENTED_EDGE('',*,*,#7723,.T.);
#7913=ORIENTED_EDGE('',*,*,#7893,.T.);
#7914=EDGE_LOOP('',(#7905,#7907,#7909,#7911,#7912,#7913));
#7915=FACE_OUTER_BOUND('',#7914,.F.);
#7917=CARTESIAN_POINT('',(3.263961633663E1,1.777759900988E1,
-5.250000000447E-1));
#7918=DIRECTION('',(0.E0,7.071067811883E-1,-7.071067811848E-1));
#7919=DIRECTION('',(0.E0,7.071067811848E-1,7.071067811883E-1));
#7920=AXIS2_PLACEMENT_3D('',#7917,#7918,#7919);
#7921=PLANE('',#7920);
#7922=ORIENTED_EDGE('',*,*,#7573,.T.);
#7924=ORIENTED_EDGE('',*,*,#7923,.F.);
#7925=ORIENTED_EDGE('',*,*,#7841,.F.);
#7927=ORIENTED_EDGE('',*,*,#7926,.F.);
#7929=ORIENTED_EDGE('',*,*,#7928,.F.);
#7930=ORIENTED_EDGE('',*,*,#7906,.T.);
#7931=EDGE_LOOP('',(#7922,#7924,#7925,#7927,#7929,#7930));
#7932=FACE_OUTER_BOUND('',#7931,.F.);
#7934=CARTESIAN_POINT('',(2.745711633663E1,1.841509900988E1,
-4.750000000446E-1));
#7935=DIRECTION('',(0.E0,0.E0,1.E0));
#7936=DIRECTION('',(-1.E0,0.E0,0.E0));
#7937=AXIS2_PLACEMENT_3D('',#7934,#7935,#7936);
#7938=PLANE('',#7937);
#7939=ORIENTED_EDGE('',*,*,#7571,.T.);
#7941=ORIENTED_EDGE('',*,*,#7940,.T.);
#7942=ORIENTED_EDGE('',*,*,#7819,.T.);
#7944=ORIENTED_EDGE('',*,*,#7943,.F.);
#7946=ORIENTED_EDGE('',*,*,#7945,.T.);
#7948=ORIENTED_EDGE('',*,*,#7947,.T.);
#7949=ORIENTED_EDGE('',*,*,#7843,.T.);
#7950=ORIENTED_EDGE('',*,*,#7923,.T.);
#7951=EDGE_LOOP('',(#7939,#7941,#7942,#7944,#7946,#7948,#7949,#7950));
#7952=FACE_OUTER_BOUND('',#7951,.F.);
#7954=CARTESIAN_POINT('',(3.067211633663E1,1.900259900988E1,
-7.000000000446E-1));
#7955=DIRECTION('',(0.E0,1.E0,0.E0));
#7956=DIRECTION('',(-1.E0,0.E0,0.E0));
#7957=AXIS2_PLACEMENT_3D('',#7954,#7955,#7956);
#7958=PLANE('',#7957);
#7959=ORIENTED_EDGE('',*,*,#7589,.T.);
#7961=ORIENTED_EDGE('',*,*,#7960,.T.);
#7962=ORIENTED_EDGE('',*,*,#7821,.T.);
#7963=ORIENTED_EDGE('',*,*,#7940,.F.);
#7964=EDGE_LOOP('',(#7959,#7961,#7962,#7963));
#7965=FACE_OUTER_BOUND('',#7964,.F.);
#7967=CARTESIAN_POINT('',(2.745711633663E1,1.890259900988E1,
-9.250000000446E-1));
#7968=DIRECTION('',(0.E0,0.E0,1.E0));
#7969=DIRECTION('',(1.E0,0.E0,0.E0));
#7970=AXIS2_PLACEMENT_3D('',#7967,#7968,#7969);
#7971=PLANE('',#7970);
#7972=ORIENTED_EDGE('',*,*,#7587,.T.);
#7974=ORIENTED_EDGE('',*,*,#7973,.T.);
#7975=ORIENTED_EDGE('',*,*,#7823,.T.);
#7976=ORIENTED_EDGE('',*,*,#7960,.F.);
#7977=EDGE_LOOP('',(#7972,#7974,#7975,#7976));
#7978=FACE_OUTER_BOUND('',#7977,.F.);
#7980=CARTESIAN_POINT('',(2.745711633663E1,1.878937448633E1,-1.000000000045E0));
#7981=DIRECTION('',(0.E0,9.848077530173E-1,-1.736481776378E-1));
#7982=DIRECTION('',(0.E0,-1.736481776378E-1,-9.848077530173E-1));
#7983=AXIS2_PLACEMENT_3D('',#7980,#7981,#7982);
#7984=PLANE('',#7983);
#7985=ORIENTED_EDGE('',*,*,#7585,.T.);
#7987=ORIENTED_EDGE('',*,*,#7986,.T.);
#7988=ORIENTED_EDGE('',*,*,#7825,.F.);
#7989=ORIENTED_EDGE('',*,*,#7973,.F.);
#7990=EDGE_LOOP('',(#7985,#7987,#7988,#7989));
#7991=FACE_OUTER_BOUND('',#7990,.F.);
#7993=CARTESIAN_POINT('',(2.745711633663E1,1.877614996278E1,-1.112500000045E0));
#7994=DIRECTION('',(0.E0,1.E0,0.E0));
#7995=DIRECTION('',(-1.E0,0.E0,0.E0));
#7996=AXIS2_PLACEMENT_3D('',#7993,#7994,#7995);
#7997=PLANE('',#7996);
#7998=ORIENTED_EDGE('',*,*,#7583,.T.);
#7999=ORIENTED_EDGE('',*,*,#7868,.F.);
#8000=ORIENTED_EDGE('',*,*,#7827,.T.);
#8001=ORIENTED_EDGE('',*,*,#7986,.F.);
#8002=EDGE_LOOP('',(#7998,#7999,#8000,#8001));
#8003=FACE_OUTER_BOUND('',#8002,.F.);
#8005=CARTESIAN_POINT('',(2.328588116157E1,1.875259900990E1,
-6.114114232008E-1));
#8006=DIRECTION('',(-1.E0,0.E0,0.E0));
#8007=DIRECTION('',(0.E0,0.E0,1.E0));
#8008=AXIS2_PLACEMENT_3D('',#8005,#8006,#8007);
#8009=CYLINDRICAL_SURFACE('',#8008,5.E-1);
#8010=ORIENTED_EDGE('',*,*,#7943,.T.);
#8011=ORIENTED_EDGE('',*,*,#7817,.F.);
#8013=ORIENTED_EDGE('',*,*,#8012,.T.);
#8015=ORIENTED_EDGE('',*,*,#8014,.F.);
#8016=EDGE_LOOP('',(#8010,#8011,#8013,#8015));
#8017=FACE_OUTER_BOUND('',#8016,.F.);
#8019=CARTESIAN_POINT('',(2.320711633663E1,1.829034667070E1,
-4.094992684001E-1));
#8020=DIRECTION('',(0.E0,9.612616958915E-1,-2.756373559803E-1));
#8021=DIRECTION('',(0.E0,-2.756373559803E-1,-9.612616958915E-1));
#8022=AXIS2_PLACEMENT_3D('',#8019,#8020,#8021);
#8023=PLANE('',#8022);
#8025=ORIENTED_EDGE('',*,*,#8024,.F.);
#8026=ORIENTED_EDGE('',*,*,#8012,.F.);
#8027=ORIENTED_EDGE('',*,*,#7815,.F.);
#8029=ORIENTED_EDGE('',*,*,#8028,.F.);
#8030=EDGE_LOOP('',(#8025,#8026,#8027,#8029));
#8031=FACE_OUTER_BOUND('',#8030,.F.);
#8033=CARTESIAN_POINT('',(2.313211633663E1,1.784760051049E1,
-2.612083487540E-1));
#8034=DIRECTION('',(1.E0,0.E0,0.E0));
#8035=DIRECTION('',(0.E0,0.E0,-1.E0));
#8036=AXIS2_PLACEMENT_3D('',#8033,#8034,#8035);
#8037=PLANE('',#8036);
#8038=ORIENTED_EDGE('',*,*,#7945,.F.);
#8039=ORIENTED_EDGE('',*,*,#8014,.T.);
#8040=ORIENTED_EDGE('',*,*,#8024,.T.);
#8042=ORIENTED_EDGE('',*,*,#8041,.T.);
#8043=ORIENTED_EDGE('',*,*,#7678,.T.);
#8045=ORIENTED_EDGE('',*,*,#8044,.T.);
#8047=ORIENTED_EDGE('',*,*,#8046,.T.);
#8048=EDGE_LOOP('',(#8038,#8039,#8040,#8042,#8043,#8045,#8047));
#8049=FACE_OUTER_BOUND('',#8048,.F.);
#8051=CARTESIAN_POINT('',(2.328588116157E1,1.821259900991E1,
-3.178420558069E-1));
#8052=DIRECTION('',(-1.E0,0.E0,0.E0));
#8053=DIRECTION('',(0.E0,0.E0,1.E0));
#8054=AXIS2_PLACEMENT_3D('',#8051,#8052,#8053);
#8055=CYLINDRICAL_SURFACE('',#8054,9.999999999990E-2);
#8056=ORIENTED_EDGE('',*,*,#7680,.T.);
#8057=ORIENTED_EDGE('',*,*,#8041,.F.);
#8058=ORIENTED_EDGE('',*,*,#8028,.T.);
#8059=ORIENTED_EDGE('',*,*,#7813,.F.);
#8060=EDGE_LOOP('',(#8056,#8057,#8058,#8059));
#8061=FACE_OUTER_BOUND('',#8060,.F.);
#8063=CARTESIAN_POINT('',(2.328588116157E1,1.795306434940E1,
-3.603353528823E-1));
#8064=DIRECTION('',(-1.E0,0.E0,0.E0));
#8065=DIRECTION('',(0.E0,0.E0,1.E0));
#8066=AXIS2_PLACEMENT_3D('',#8063,#8064,#8065);
#8067=CYLINDRICAL_SURFACE('',#8066,1.2E-1);
#8068=ORIENTED_EDGE('',*,*,#7676,.T.);
#8069=ORIENTED_EDGE('',*,*,#7847,.F.);
#8071=ORIENTED_EDGE('',*,*,#8070,.T.);
#8072=ORIENTED_EDGE('',*,*,#8044,.F.);
#8073=EDGE_LOOP('',(#8068,#8069,#8071,#8072));
#8074=FACE_OUTER_BOUND('',#8073,.F.);
#8076=CARTESIAN_POINT('',(2.320711633663E1,1.806594950326E1,
-7.689918383389E-1));
#8077=DIRECTION('',(0.E0,9.998476951557E-1,-1.745240647805E-2));
#8078=DIRECTION('',(0.E0,1.745240647805E-2,9.998476951557E-1));
#8079=AXIS2_PLACEMENT_3D('',#8076,#8077,#8078);
#8080=PLANE('',#8079);
#8081=ORIENTED_EDGE('',*,*,#7947,.F.);
#8082=ORIENTED_EDGE('',*,*,#8046,.F.);
#8083=ORIENTED_EDGE('',*,*,#8070,.F.);
#8084=ORIENTED_EDGE('',*,*,#7845,.F.);
#8085=EDGE_LOOP('',(#8081,#8082,#8083,#8084));
#8086=FACE_OUTER_BOUND('',#8085,.F.);
#8088=CARTESIAN_POINT('',(2.328588116157E1,1.767259900990E1,
-5.893375673001E-1));
#8089=DIRECTION('',(-1.E0,0.E0,0.E0));
#8090=DIRECTION('',(0.E0,0.E0,1.E0));
#8091=AXIS2_PLACEMENT_3D('',#8088,#8089,#8090);
#8092=CYLINDRICAL_SURFACE('',#8091,8.E-2);
#8093=ORIENTED_EDGE('',*,*,#7926,.T.);
#8094=ORIENTED_EDGE('',*,*,#7839,.F.);
#8096=ORIENTED_EDGE('',*,*,#8095,.T.);
#8098=ORIENTED_EDGE('',*,*,#8097,.F.);
#8099=EDGE_LOOP('',(#8093,#8094,#8096,#8098));
#8100=FACE_OUTER_BOUND('',#8099,.F.);
#8102=CARTESIAN_POINT('',(2.320711633663E1,1.770759900989E1,
-5.171687836398E-1));
#8103=DIRECTION('',(0.E0,5.000000001758E-1,8.660254036829E-1));
#8104=DIRECTION('',(0.E0,8.660254036829E-1,-5.000000001758E-1));
#8105=AXIS2_PLACEMENT_3D('',#8102,#8103,#8104);
#8106=PLANE('',#8105);
#8108=ORIENTED_EDGE('',*,*,#8107,.F.);
#8109=ORIENTED_EDGE('',*,*,#8095,.F.);
#8110=ORIENTED_EDGE('',*,*,#7837,.F.);
#8112=ORIENTED_EDGE('',*,*,#8111,.F.);
#8113=EDGE_LOOP('',(#8108,#8109,#8110,#8112));
#8114=FACE_OUTER_BOUND('',#8113,.F.);
#8116=CARTESIAN_POINT('',(2.313211633663E1,1.784760051049E1,
-2.612083487540E-1));
#8117=DIRECTION('',(1.E0,0.E0,0.E0));
#8118=DIRECTION('',(0.E0,0.E0,-1.E0));
#8119=AXIS2_PLACEMENT_3D('',#8116,#8117,#8118);
#8120=PLANE('',#8119);
#8121=ORIENTED_EDGE('',*,*,#7908,.T.);
#8122=ORIENTED_EDGE('',*,*,#7928,.T.);
#8123=ORIENTED_EDGE('',*,*,#8097,.T.);
#8124=ORIENTED_EDGE('',*,*,#8107,.T.);
#8126=ORIENTED_EDGE('',*,*,#8125,.T.);
#8127=ORIENTED_EDGE('',*,*,#7504,.F.);
#8129=ORIENTED_EDGE('',*,*,#8128,.F.);
#8131=ORIENTED_EDGE('',*,*,#8130,.F.);
#8133=ORIENTED_EDGE('',*,*,#8132,.T.);
#8135=ORIENTED_EDGE('',*,*,#8134,.F.);
#8137=ORIENTED_EDGE('',*,*,#8136,.F.);
#8139=ORIENTED_EDGE('',*,*,#8138,.T.);
#8141=ORIENTED_EDGE('',*,*,#8140,.F.);
#8143=ORIENTED_EDGE('',*,*,#8142,.T.);
#8145=ORIENTED_EDGE('',*,*,#8144,.F.);
#8147=ORIENTED_EDGE('',*,*,#8146,.F.);
#8149=ORIENTED_EDGE('',*,*,#8148,.F.);
#8151=ORIENTED_EDGE('',*,*,#8150,.T.);
#8153=ORIENTED_EDGE('',*,*,#8152,.T.);
#8155=ORIENTED_EDGE('',*,*,#8154,.T.);
#8157=ORIENTED_EDGE('',*,*,#8156,.T.);
#8159=ORIENTED_EDGE('',*,*,#8158,.T.);
#8161=ORIENTED_EDGE('',*,*,#8160,.F.);
#8163=ORIENTED_EDGE('',*,*,#8162,.T.);
#8165=ORIENTED_EDGE('',*,*,#8164,.T.);
#8166=EDGE_LOOP('',(#8121,#8122,#8123,#8124,#8126,#8127,#8129,#8131,#8133,#8135,
#8137,#8139,#8141,#8143,#8145,#8147,#8149,#8151,#8153,#8155,#8157,#8159,#8161,
#8163,#8165));
#8167=FACE_OUTER_BOUND('',#8166,.F.);
#8169=CARTESIAN_POINT('',(2.328588116157E1,1.774259900990E1,
-4.449999999972E-1));
#8170=DIRECTION('',(-1.E0,0.E0,0.E0));
#8171=DIRECTION('',(0.E0,0.E0,1.E0));
#8172=AXIS2_PLACEMENT_3D('',#8169,#8170,#8171);
#8173=CYLINDRICAL_SURFACE('',#8172,8.E-2);
#8174=ORIENTED_EDGE('',*,*,#7506,.T.);
#8175=ORIENTED_EDGE('',*,*,#8125,.F.);
#8176=ORIENTED_EDGE('',*,*,#8111,.T.);
#8177=ORIENTED_EDGE('',*,*,#7835,.F.);
#8178=EDGE_LOOP('',(#8174,#8175,#8176,#8177));
#8179=FACE_OUTER_BOUND('',#8178,.F.);
#8181=CARTESIAN_POINT('',(2.262211633663E1,1.745259900990E1,-1.425000000003E0));
#8182=DIRECTION('',(0.E0,0.E0,-1.E0));
#8183=DIRECTION('',(0.E0,1.E0,0.E0));
#8184=AXIS2_PLACEMENT_3D('',#8181,#8182,#8183);
#8185=PLANE('',#8184);
#8187=ORIENTED_EDGE('',*,*,#8186,.T.);
#8188=ORIENTED_EDGE('',*,*,#8128,.T.);
#8189=ORIENTED_EDGE('',*,*,#7502,.F.);
#8191=ORIENTED_EDGE('',*,*,#8190,.F.);
#8192=EDGE_LOOP('',(#8187,#8188,#8189,#8191));
#8193=FACE_OUTER_BOUND('',#8192,.F.);
#8195=CARTESIAN_POINT('',(2.262211633663E1,1.745259900990E1,-1.285E0));
#8196=DIRECTION('',(0.E0,-1.E0,0.E0));
#8197=DIRECTION('',(0.E0,0.E0,-1.E0));
#8198=AXIS2_PLACEMENT_3D('',#8195,#8196,#8197);
#8199=PLANE('',#8198);
#8200=ORIENTED_EDGE('',*,*,#7559,.T.);
#8202=ORIENTED_EDGE('',*,*,#8201,.T.);
#8203=ORIENTED_EDGE('',*,*,#7759,.T.);
#8205=ORIENTED_EDGE('',*,*,#8204,.F.);
#8206=ORIENTED_EDGE('',*,*,#8130,.T.);
#8207=ORIENTED_EDGE('',*,*,#8186,.F.);
#8209=ORIENTED_EDGE('',*,*,#8208,.T.);
#8211=ORIENTED_EDGE('',*,*,#8210,.T.);
#8213=ORIENTED_EDGE('',*,*,#8212,.T.);
#8215=ORIENTED_EDGE('',*,*,#8214,.F.);
#8216=EDGE_LOOP('',(#8200,#8202,#8203,#8205,#8206,#8207,#8209,#8211,#8213,
#8215));
#8217=FACE_OUTER_BOUND('',#8216,.F.);
#8219=CARTESIAN_POINT('',(3.244211633664E1,1.740259900990E1,-1.025E0));
#8220=DIRECTION('',(0.E0,0.E0,1.E0));
#8221=DIRECTION('',(-1.E0,0.E0,0.E0));
#8222=AXIS2_PLACEMENT_3D('',#8219,#8220,#8221);
#8223=PLANE('',#8222);
#8224=ORIENTED_EDGE('',*,*,#7557,.T.);
#8226=ORIENTED_EDGE('',*,*,#8225,.T.);
#8227=ORIENTED_EDGE('',*,*,#7761,.F.);
#8228=ORIENTED_EDGE('',*,*,#8201,.F.);
#8229=EDGE_LOOP('',(#8224,#8226,#8227,#8228));
#8230=FACE_OUTER_BOUND('',#8229,.F.);
#8232=CARTESIAN_POINT('',(2.745711633663E1,1.740259900990E1,0.E0));
#8233=DIRECTION('',(0.E0,1.E0,0.E0));
#8234=DIRECTION('',(0.E0,0.E0,-1.E0));
#8235=AXIS2_PLACEMENT_3D('',#8232,#8233,#8234);
#8236=PLANE('',#8235);
#8237=ORIENTED_EDGE('',*,*,#7555,.T.);
#8239=ORIENTED_EDGE('',*,*,#8238,.F.);
#8240=ORIENTED_EDGE('',*,*,#7763,.T.);
#8241=ORIENTED_EDGE('',*,*,#8225,.F.);
#8242=EDGE_LOOP('',(#8237,#8239,#8240,#8241));
#8243=FACE_OUTER_BOUND('',#8242,.F.);
#8245=CARTESIAN_POINT('',(2.745711633663E1,1.790259900990E1,1.525E0));
#8246=DIRECTION('',(0.E0,0.E0,1.E0));
#8247=DIRECTION('',(-1.E0,0.E0,0.E0));
#8248=AXIS2_PLACEMENT_3D('',#8245,#8246,#8247);
#8249=PLANE('',#8248);
#8250=ORIENTED_EDGE('',*,*,#7553,.T.);
#8252=ORIENTED_EDGE('',*,*,#8251,.T.);
#8253=ORIENTED_EDGE('',*,*,#7765,.T.);
#8254=ORIENTED_EDGE('',*,*,#8238,.T.);
#8255=EDGE_LOOP('',(#8250,#8252,#8253,#8254));
#8256=FACE_OUTER_BOUND('',#8255,.F.);
#8258=CARTESIAN_POINT('',(2.995711633663E1,1.761259900990E1,1.425E0));
#8259=DIRECTION('',(0.E0,8.944271910047E-1,4.472135954905E-1));
#8260=DIRECTION('',(1.E0,0.E0,0.E0));
#8261=AXIS2_PLACEMENT_3D('',#8258,#8259,#8260);
#8262=PLANE('',#8261);
#8263=ORIENTED_EDGE('',*,*,#7551,.T.);
#8265=ORIENTED_EDGE('',*,*,#8264,.T.);
#8266=ORIENTED_EDGE('',*,*,#7767,.F.);
#8267=ORIENTED_EDGE('',*,*,#8251,.F.);
#8268=EDGE_LOOP('',(#8263,#8265,#8266,#8267));
#8269=FACE_OUTER_BOUND('',#8268,.F.);
#8271=CARTESIAN_POINT('',(2.995711633663E1,1.766259900990E1,7.75E-1));
#8272=DIRECTION('',(0.E0,1.E0,0.E0));
#8273=DIRECTION('',(0.E0,0.E0,-1.E0));
#8274=AXIS2_PLACEMENT_3D('',#8271,#8272,#8273);
#8275=PLANE('',#8274);
#8276=ORIENTED_EDGE('',*,*,#7549,.T.);
#8278=ORIENTED_EDGE('',*,*,#8277,.T.);
#8280=ORIENTED_EDGE('',*,*,#8279,.F.);
#8282=ORIENTED_EDGE('',*,*,#8281,.F.);
#8283=ORIENTED_EDGE('',*,*,#7769,.F.);
#8284=ORIENTED_EDGE('',*,*,#8264,.F.);
#8285=EDGE_LOOP('',(#8276,#8278,#8280,#8282,#8283,#8284));
#8286=FACE_OUTER_BOUND('',#8285,.F.);
#8288=CARTESIAN_POINT('',(2.745711633663E1,1.788259900990E1,2.25E-1));
#8289=DIRECTION('',(0.E0,0.E0,1.E0));
#8290=DIRECTION('',(-1.E0,0.E0,0.E0));
#8291=AXIS2_PLACEMENT_3D('',#8288,#8289,#8290);
#8292=PLANE('',#8291);
#8293=ORIENTED_EDGE('',*,*,#7547,.T.);
#8295=ORIENTED_EDGE('',*,*,#8294,.T.);
#8297=ORIENTED_EDGE('',*,*,#8296,.T.);
#8299=ORIENTED_EDGE('',*,*,#8298,.T.);
#8300=ORIENTED_EDGE('',*,*,#7787,.T.);
#8302=ORIENTED_EDGE('',*,*,#8301,.T.);
#8304=ORIENTED_EDGE('',*,*,#8303,.T.);
#8305=ORIENTED_EDGE('',*,*,#8277,.F.);
#8306=EDGE_LOOP('',(#8293,#8295,#8297,#8299,#8300,#8302,#8304,#8305));
#8307=FACE_OUTER_BOUND('',#8306,.F.);
#8309=CARTESIAN_POINT('',(2.995711633663E1,1.810259900990E1,7.75E-1));
#8310=DIRECTION('',(0.E0,1.E0,0.E0));
#8311=DIRECTION('',(0.E0,0.E0,1.E0));
#8312=AXIS2_PLACEMENT_3D('',#8309,#8310,#8311);
#8313=PLANE('',#8312);
#8314=ORIENTED_EDGE('',*,*,#7545,.T.);
#8316=ORIENTED_EDGE('',*,*,#8315,.T.);
#8317=ORIENTED_EDGE('',*,*,#7801,.F.);
#8319=ORIENTED_EDGE('',*,*,#8318,.F.);
#8321=ORIENTED_EDGE('',*,*,#8320,.T.);
#8322=ORIENTED_EDGE('',*,*,#8294,.F.);
#8323=EDGE_LOOP('',(#8314,#8316,#8317,#8319,#8321,#8322));
#8324=FACE_OUTER_BOUND('',#8323,.F.);
#8326=CARTESIAN_POINT('',(2.995711633663E1,1.815259900990E1,1.375E0));
#8327=DIRECTION('',(0.E0,7.071067812070E-1,-7.071067811661E-1));
#8328=DIRECTION('',(-1.E0,0.E0,0.E0));
#8329=AXIS2_PLACEMENT_3D('',#8326,#8327,#8328);
#8330=PLANE('',#8329);
#8331=ORIENTED_EDGE('',*,*,#7543,.T.);
#8333=ORIENTED_EDGE('',*,*,#8332,.T.);
#8334=ORIENTED_EDGE('',*,*,#7803,.F.);
#8335=ORIENTED_EDGE('',*,*,#8315,.F.);
#8336=EDGE_LOOP('',(#8331,#8333,#8334,#8335));
#8337=FACE_OUTER_BOUND('',#8336,.F.);
#8339=CARTESIAN_POINT('',(2.745711633663E1,1.830259900990E1,1.425E0));
#8340=DIRECTION('',(0.E0,0.E0,1.E0));
#8341=DIRECTION('',(-1.E0,0.E0,0.E0));
#8342=AXIS2_PLACEMENT_3D('',#8339,#8340,#8341);
#8343=PLANE('',#8342);
#8344=ORIENTED_EDGE('',*,*,#7541,.T.);
#8346=ORIENTED_EDGE('',*,*,#8345,.F.);
#8347=ORIENTED_EDGE('',*,*,#7805,.T.);
#8348=ORIENTED_EDGE('',*,*,#8332,.F.);
#8349=EDGE_LOOP('',(#8344,#8346,#8347,#8348));
#8350=FACE_OUTER_BOUND('',#8349,.F.);
#8352=CARTESIAN_POINT('',(2.745711633663E1,1.840259900990E1,7.499999999994E-2));
#8353=DIRECTION('',(0.E0,1.E0,0.E0));
#8354=DIRECTION('',(0.E0,0.E0,-1.E0));
#8355=AXIS2_PLACEMENT_3D('',#8352,#8353,#8354);
#8356=PLANE('',#8355);
#8357=ORIENTED_EDGE('',*,*,#7539,.T.);
#8359=ORIENTED_EDGE('',*,*,#8358,.F.);
#8360=ORIENTED_EDGE('',*,*,#7807,.F.);
#8361=ORIENTED_EDGE('',*,*,#8345,.T.);
#8362=EDGE_LOOP('',(#8357,#8359,#8360,#8361));
#8363=FACE_OUTER_BOUND('',#8362,.F.);
#8365=CARTESIAN_POINT('',(2.745711633663E1,1.803259900990E1,
-1.750000000001E-1));
#8366=DIRECTION('',(0.E0,0.E0,1.E0));
#8367=DIRECTION('',(1.E0,0.E0,0.E0));
#8368=AXIS2_PLACEMENT_3D('',#8365,#8366,#8367);
#8369=PLANE('',#8368);
#8370=ORIENTED_EDGE('',*,*,#7537,.T.);
#8371=ORIENTED_EDGE('',*,*,#7651,.F.);
#8372=ORIENTED_EDGE('',*,*,#7809,.T.);
#8373=ORIENTED_EDGE('',*,*,#8358,.T.);
#8374=EDGE_LOOP('',(#8370,#8371,#8372,#8373));
#8375=FACE_OUTER_BOUND('',#8374,.F.);
#8377=CARTESIAN_POINT('',(2.320711633663E1,1.809890118240E1,1.102672558884E0));
#8378=DIRECTION('',(0.E0,7.660444428553E-1,-6.427876100008E-1));
#8379=DIRECTION('',(0.E0,6.427876100008E-1,7.660444428553E-1));
#8380=AXIS2_PLACEMENT_3D('',#8377,#8378,#8379);
#8381=PLANE('',#8380);
#8382=ORIENTED_EDGE('',*,*,#8318,.T.);
#8383=ORIENTED_EDGE('',*,*,#7799,.F.);
#8385=ORIENTED_EDGE('',*,*,#8384,.F.);
#8387=ORIENTED_EDGE('',*,*,#8386,.F.);
#8388=EDGE_LOOP('',(#8382,#8383,#8385,#8387));
#8389=FACE_OUTER_BOUND('',#8388,.F.);
#8391=CARTESIAN_POINT('',(2.328588116157E1,1.810559900993E1,1.032868527600E0));
#8392=DIRECTION('',(-1.E0,0.E0,0.E0));
#8393=DIRECTION('',(0.E0,0.E0,1.E0));
#8394=AXIS2_PLACEMENT_3D('',#8391,#8392,#8393);
#8395=CYLINDRICAL_SURFACE('',#8394,5.E-2);
#8397=ORIENTED_EDGE('',*,*,#8396,.F.);
#8398=ORIENTED_EDGE('',*,*,#8384,.T.);
#8399=ORIENTED_EDGE('',*,*,#7797,.F.);
#8401=ORIENTED_EDGE('',*,*,#8400,.T.);
#8402=EDGE_LOOP('',(#8397,#8398,#8399,#8401));
#8403=FACE_OUTER_BOUND('',#8402,.F.);
#8405=CARTESIAN_POINT('',(2.313211633663E1,1.784760051049E1,
-2.612083487540E-1));
#8406=DIRECTION('',(1.E0,0.E0,0.E0));
#8407=DIRECTION('',(0.E0,0.E0,-1.E0));
#8408=AXIS2_PLACEMENT_3D('',#8405,#8406,#8407);
#8409=PLANE('',#8408);
#8410=ORIENTED_EDGE('',*,*,#8320,.F.);
#8411=ORIENTED_EDGE('',*,*,#8386,.T.);
#8412=ORIENTED_EDGE('',*,*,#8396,.T.);
#8414=ORIENTED_EDGE('',*,*,#8413,.T.);
#8416=ORIENTED_EDGE('',*,*,#8415,.T.);
#8418=ORIENTED_EDGE('',*,*,#8417,.T.);
#8420=ORIENTED_EDGE('',*,*,#8419,.T.);
#8421=ORIENTED_EDGE('',*,*,#8296,.F.);
#8422=EDGE_LOOP('',(#8410,#8411,#8412,#8414,#8416,#8418,#8420,#8421));
#8423=FACE_OUTER_BOUND('',#8422,.F.);
#8425=CARTESIAN_POINT('',(2.320711633663E1,1.805495086424E1,1.037032239879E0));
#8426=DIRECTION('',(0.E0,9.659258261301E-1,-2.588190456959E-1));
#8427=DIRECTION('',(0.E0,2.588190456959E-1,9.659258261301E-1));
#8428=AXIS2_PLACEMENT_3D('',#8425,#8426,#8427);
#8429=PLANE('',#8428);
#8430=ORIENTED_EDGE('',*,*,#8413,.F.);
#8431=ORIENTED_EDGE('',*,*,#8400,.F.);
#8432=ORIENTED_EDGE('',*,*,#7795,.F.);
#8434=ORIENTED_EDGE('',*,*,#8433,.F.);
#8435=EDGE_LOOP('',(#8430,#8431,#8432,#8434));
#8436=FACE_OUTER_BOUND('',#8435,.F.);
#8438=CARTESIAN_POINT('',(2.320711633663E1,1.805938496582E1,1.025090656779E0));
#8439=DIRECTION('',(0.E0,4.226182626781E-1,9.063077865995E-1));
#8440=DIRECTION('',(0.E0,-9.063077865995E-1,4.226182626781E-1));
#8441=AXIS2_PLACEMENT_3D('',#8438,#8439,#8440);
#8442=PLANE('',#8441);
#8443=ORIENTED_EDGE('',*,*,#8415,.F.);
#8444=ORIENTED_EDGE('',*,*,#8433,.T.);
#8445=ORIENTED_EDGE('',*,*,#7793,.F.);
#8447=ORIENTED_EDGE('',*,*,#8446,.F.);
#8448=EDGE_LOOP('',(#8443,#8444,#8445,#8447));
#8449=FACE_OUTER_BOUND('',#8448,.F.);
#8451=CARTESIAN_POINT('',(2.328588116157E1,1.804504000861E1,9.766109242265E-1));
#8452=DIRECTION('',(-1.E0,0.E0,0.E0));
#8453=DIRECTION('',(0.E0,0.E0,1.E0));
#8454=AXIS2_PLACEMENT_3D('',#8451,#8452,#8453);
#8455=CYLINDRICAL_SURFACE('',#8454,4.999999999950E-2);
#8456=ORIENTED_EDGE('',*,*,#8417,.F.);
#8457=ORIENTED_EDGE('',*,*,#8446,.T.);
#8458=ORIENTED_EDGE('',*,*,#7791,.F.);
#8460=ORIENTED_EDGE('',*,*,#8459,.T.);
#8461=EDGE_LOOP('',(#8456,#8457,#8458,#8460));
#8462=FACE_OUTER_BOUND('',#8461,.F.);
#8464=CARTESIAN_POINT('',(2.320711633663E1,1.807809775590E1,4.905755313701E-1));
#8465=DIRECTION('',(0.E0,9.993908270192E-1,-3.489949669860E-2));
#8466=DIRECTION('',(0.E0,3.489949669860E-2,9.993908270192E-1));
#8467=AXIS2_PLACEMENT_3D('',#8464,#8465,#8466);
#8468=PLANE('',#8467);
#8469=ORIENTED_EDGE('',*,*,#8298,.F.);
#8470=ORIENTED_EDGE('',*,*,#8419,.F.);
#8471=ORIENTED_EDGE('',*,*,#8459,.F.);
#8472=ORIENTED_EDGE('',*,*,#7789,.F.);
#8473=EDGE_LOOP('',(#8469,#8470,#8471,#8472));
#8474=FACE_OUTER_BOUND('',#8473,.F.);
#8476=CARTESIAN_POINT('',(2.320711633663E1,1.767259900990E1,4.816322604513E-1));
#8477=DIRECTION('',(0.E0,1.E0,0.E0));
#8478=DIRECTION('',(0.E0,0.E0,-1.E0));
#8479=AXIS2_PLACEMENT_3D('',#8476,#8477,#8478);
#8480=PLANE('',#8479);
#8481=ORIENTED_EDGE('',*,*,#8301,.F.);
#8482=ORIENTED_EDGE('',*,*,#7785,.T.);
#8484=ORIENTED_EDGE('',*,*,#8483,.F.);
#8486=ORIENTED_EDGE('',*,*,#8485,.T.);
#8487=EDGE_LOOP('',(#8481,#8482,#8484,#8486));
#8488=FACE_OUTER_BOUND('',#8487,.F.);
#8490=CARTESIAN_POINT('',(2.328588116157E1,1.770259900990E1,7.561324865466E-1));
#8491=DIRECTION('',(-1.E0,0.E0,0.E0));
#8492=DIRECTION('',(0.E0,0.E0,1.E0));
#8493=AXIS2_PLACEMENT_3D('',#8490,#8491,#8492);
#8494=CYLINDRICAL_SURFACE('',#8493,3.E-2);
#8496=ORIENTED_EDGE('',*,*,#8495,.F.);
#8497=ORIENTED_EDGE('',*,*,#8483,.T.);
#8498=ORIENTED_EDGE('',*,*,#7783,.F.);
#8500=ORIENTED_EDGE('',*,*,#8499,.T.);
#8501=EDGE_LOOP('',(#8496,#8497,#8498,#8500));
#8502=FACE_OUTER_BOUND('',#8501,.F.);
#8504=CARTESIAN_POINT('',(2.313211633663E1,1.784760051049E1,
-2.612083487540E-1));
#8505=DIRECTION('',(1.E0,0.E0,0.E0));
#8506=DIRECTION('',(0.E0,0.E0,-1.E0));
#8507=AXIS2_PLACEMENT_3D('',#8504,#8505,#8506);
#8508=PLANE('',#8507);
#8509=ORIENTED_EDGE('',*,*,#8303,.F.);
#8510=ORIENTED_EDGE('',*,*,#8485,.F.);
#8511=ORIENTED_EDGE('',*,*,#8495,.T.);
#8513=ORIENTED_EDGE('',*,*,#8512,.T.);
#8515=ORIENTED_EDGE('',*,*,#8514,.T.);
#8517=ORIENTED_EDGE('',*,*,#8516,.T.);
#8519=ORIENTED_EDGE('',*,*,#8518,.T.);
#8521=ORIENTED_EDGE('',*,*,#8520,.F.);
#8523=ORIENTED_EDGE('',*,*,#8522,.T.);
#8524=ORIENTED_EDGE('',*,*,#8279,.T.);
#8525=EDGE_LOOP('',(#8509,#8510,#8511,#8513,#8515,#8517,#8519,#8521,#8523,
#8524));
#8526=FACE_OUTER_BOUND('',#8525,.F.);
#8528=CARTESIAN_POINT('',(2.320711633663E1,1.769009900991E1,7.835566243346E-1));
#8529=DIRECTION('',(0.E0,-4.999999993028E-1,8.660254041870E-1));
#8530=DIRECTION('',(0.E0,-8.660254041870E-1,-4.999999993028E-1));
#8531=AXIS2_PLACEMENT_3D('',#8528,#8529,#8530);
#8532=PLANE('',#8531);
#8533=ORIENTED_EDGE('',*,*,#8512,.F.);
#8534=ORIENTED_EDGE('',*,*,#8499,.F.);
#8535=ORIENTED_EDGE('',*,*,#7781,.F.);
#8537=ORIENTED_EDGE('',*,*,#8536,.F.);
#8538=EDGE_LOOP('',(#8533,#8534,#8535,#8537));
#8539=FACE_OUTER_BOUND('',#8538,.F.);
#8541=CARTESIAN_POINT('',(2.320711633663E1,1.768344837477E1,8.008493650522E-1));
#8542=DIRECTION('',(0.E0,8.660254050664E-1,4.999999977795E-1));
#8543=DIRECTION('',(0.E0,4.999999977795E-1,-8.660254050664E-1));
#8544=AXIS2_PLACEMENT_3D('',#8541,#8542,#8543);
#8545=PLANE('',#8544);
#8546=ORIENTED_EDGE('',*,*,#8514,.F.);
#8547=ORIENTED_EDGE('',*,*,#8536,.T.);
#8548=ORIENTED_EDGE('',*,*,#7779,.F.);
#8550=ORIENTED_EDGE('',*,*,#8549,.F.);
#8551=EDGE_LOOP('',(#8546,#8547,#8548,#8550));
#8552=FACE_OUTER_BOUND('',#8551,.F.);
#8554=CARTESIAN_POINT('',(2.328588116157E1,1.771759900990E1,8.416987299953E-1));
#8555=DIRECTION('',(-1.E0,0.E0,0.E0));
#8556=DIRECTION('',(0.E0,0.E0,1.E0));
#8557=AXIS2_PLACEMENT_3D('',#8554,#8555,#8556);
#8558=CYLINDRICAL_SURFACE('',#8557,5.E-2);
#8559=ORIENTED_EDGE('',*,*,#8516,.F.);
#8560=ORIENTED_EDGE('',*,*,#8549,.T.);
#8561=ORIENTED_EDGE('',*,*,#7777,.F.);
#8563=ORIENTED_EDGE('',*,*,#8562,.T.);
#8564=EDGE_LOOP('',(#8559,#8560,#8561,#8563));
#8565=FACE_OUTER_BOUND('',#8564,.F.);
#8567=CARTESIAN_POINT('',(2.320711633663E1,1.766759900990E1,9.233493649977E-1));
#8568=DIRECTION('',(0.E0,1.E0,0.E0));
#8569=DIRECTION('',(0.E0,0.E0,-1.E0));
#8570=AXIS2_PLACEMENT_3D('',#8567,#8568,#8569);
#8571=PLANE('',#8570);
#8572=ORIENTED_EDGE('',*,*,#8518,.F.);
#8573=ORIENTED_EDGE('',*,*,#8562,.F.);
#8574=ORIENTED_EDGE('',*,*,#7775,.T.);
#8576=ORIENTED_EDGE('',*,*,#8575,.F.);
#8577=EDGE_LOOP('',(#8572,#8573,#8574,#8576));
#8578=FACE_OUTER_BOUND('',#8577,.F.);
#8580=CARTESIAN_POINT('',(2.328588116157E1,1.769759900990E1,1.005E0));
#8581=DIRECTION('',(-1.E0,0.E0,0.E0));
#8582=DIRECTION('',(0.E0,0.E0,1.E0));
#8583=AXIS2_PLACEMENT_3D('',#8580,#8581,#8582);
#8584=CYLINDRICAL_SURFACE('',#8583,3.E-2);
#8586=ORIENTED_EDGE('',*,*,#8585,.T.);
#8588=ORIENTED_EDGE('',*,*,#8587,.T.);
#8590=ORIENTED_EDGE('',*,*,#8589,.T.);
#8591=ORIENTED_EDGE('',*,*,#8575,.T.);
#8592=EDGE_LOOP('',(#8586,#8588,#8590,#8591));
#8593=FACE_OUTER_BOUND('',#8592,.F.);
#8595=CARTESIAN_POINT('',(2.325711633663E1,1.769259900990E1,1.072320508076E0));
#8596=DIRECTION('',(7.071067811226E-1,7.071067812505E-1,0.E0));
#8597=DIRECTION('',(-7.071067812505E-1,7.071067811226E-1,0.E0));
#8598=AXIS2_PLACEMENT_3D('',#8595,#8596,#8597);
#8599=PLANE('',#8598);
#8600=ORIENTED_EDGE('',*,*,#8585,.F.);
#8601=ORIENTED_EDGE('',*,*,#7773,.T.);
#8603=ORIENTED_EDGE('',*,*,#8602,.F.);
#8605=ORIENTED_EDGE('',*,*,#8604,.F.);
#8607=ORIENTED_EDGE('',*,*,#8606,.F.);
#8609=ORIENTED_EDGE('',*,*,#8608,.F.);
#8610=EDGE_LOOP('',(#8600,#8601,#8603,#8605,#8607,#8609));
#8611=FACE_OUTER_BOUND('',#8610,.F.);
#8613=CARTESIAN_POINT('',(2.320711633663E1,1.766808939096E1,1.138791651246E0));
#8614=DIRECTION('',(0.E0,8.660254037851E-1,4.999999999989E-1));
#8615=DIRECTION('',(0.E0,4.999999999989E-1,-8.660254037851E-1));
#8616=AXIS2_PLACEMENT_3D('',#8613,#8614,#8615);
#8617=PLANE('',#8616);
#8618=ORIENTED_EDGE('',*,*,#8281,.T.);
#8619=ORIENTED_EDGE('',*,*,#8522,.F.);
#8621=ORIENTED_EDGE('',*,*,#8620,.T.);
#8623=ORIENTED_EDGE('',*,*,#8622,.F.);
#8624=ORIENTED_EDGE('',*,*,#8602,.T.);
#8625=ORIENTED_EDGE('',*,*,#7771,.F.);
#8626=EDGE_LOOP('',(#8618,#8619,#8621,#8623,#8624,#8625));
#8627=FACE_OUTER_BOUND('',#8626,.F.);
#8629=CARTESIAN_POINT('',(2.315711633663E1,1.769259900990E1,1.072320508076E0));
#8630=DIRECTION('',(-7.071067811226E-1,7.071067812505E-1,0.E0));
#8631=DIRECTION('',(-7.071067812505E-1,-7.071067811226E-1,0.E0));
#8632=AXIS2_PLACEMENT_3D('',#8629,#8630,#8631);
#8633=PLANE('',#8632);
#8634=ORIENTED_EDGE('',*,*,#8589,.F.);
#8636=ORIENTED_EDGE('',*,*,#8635,.F.);
#8638=ORIENTED_EDGE('',*,*,#8637,.F.);
#8640=ORIENTED_EDGE('',*,*,#8639,.F.);
#8641=ORIENTED_EDGE('',*,*,#8620,.F.);
#8642=ORIENTED_EDGE('',*,*,#8520,.T.);
#8643=EDGE_LOOP('',(#8634,#8636,#8638,#8640,#8641,#8642));
#8644=FACE_OUTER_BOUND('',#8643,.F.);
#8646=CARTESIAN_POINT('',(2.320711633663E1,1.770759900990E1,1.035E0));
#8647=DIRECTION('',(0.E0,0.E0,1.E0));
#8648=DIRECTION('',(1.E0,0.E0,0.E0));
#8649=AXIS2_PLACEMENT_3D('',#8646,#8647,#8648);
#8650=PLANE('',#8649);
#8651=ORIENTED_EDGE('',*,*,#8608,.T.);
#8653=ORIENTED_EDGE('',*,*,#8652,.T.);
#8654=ORIENTED_EDGE('',*,*,#8635,.T.);
#8655=ORIENTED_EDGE('',*,*,#8587,.F.);
#8656=EDGE_LOOP('',(#8651,#8653,#8654,#8655));
#8657=FACE_OUTER_BOUND('',#8656,.F.);
#8659=CARTESIAN_POINT('',(2.320711633663E1,1.771759900990E1,1.04E0));
#8660=DIRECTION('',(0.E0,1.E0,0.E0));
#8661=DIRECTION('',(0.E0,0.E0,-1.E0));
#8662=AXIS2_PLACEMENT_3D('',#8659,#8660,#8661);
#8663=PLANE('',#8662);
#8664=ORIENTED_EDGE('',*,*,#8606,.T.);
#8666=ORIENTED_EDGE('',*,*,#8665,.F.);
#8667=ORIENTED_EDGE('',*,*,#8637,.T.);
#8668=ORIENTED_EDGE('',*,*,#8652,.F.);
#8669=EDGE_LOOP('',(#8664,#8666,#8667,#8668));
#8670=FACE_OUTER_BOUND('',#8669,.F.);
#8672=CARTESIAN_POINT('',(2.323990039946E1,1.768759900990E1,1.045E0));
#8673=DIRECTION('',(-1.E0,0.E0,0.E0));
#8674=DIRECTION('',(0.E0,0.E0,1.E0));
#8675=AXIS2_PLACEMENT_3D('',#8672,#8673,#8674);
#8676=CYLINDRICAL_SURFACE('',#8675,3.E-2);
#8677=ORIENTED_EDGE('',*,*,#8604,.T.);
#8678=ORIENTED_EDGE('',*,*,#8622,.T.);
#8679=ORIENTED_EDGE('',*,*,#8639,.T.);
#8680=ORIENTED_EDGE('',*,*,#8665,.T.);
#8681=EDGE_LOOP('',(#8677,#8678,#8679,#8680));
#8682=FACE_OUTER_BOUND('',#8681,.F.);
#8684=CARTESIAN_POINT('',(2.328588116157E1,1.743059900986E1,-1.345E0));
#8685=DIRECTION('',(-1.E0,0.E0,0.E0));
#8686=DIRECTION('',(0.E0,0.E0,1.E0));
#8687=AXIS2_PLACEMENT_3D('',#8684,#8685,#8686);
#8688=CYLINDRICAL_SURFACE('',#8687,4.E-2);
#8689=ORIENTED_EDGE('',*,*,#8204,.T.);
#8690=ORIENTED_EDGE('',*,*,#7757,.F.);
#8692=ORIENTED_EDGE('',*,*,#8691,.T.);
#8693=ORIENTED_EDGE('',*,*,#8132,.F.);
#8694=EDGE_LOOP('',(#8689,#8690,#8692,#8693));
#8695=FACE_OUTER_BOUND('',#8694,.F.);
#8697=CARTESIAN_POINT('',(2.320711633663E1,1.740659900989E1,-1.305E0));
#8698=DIRECTION('',(0.E0,0.E0,1.E0));
#8699=DIRECTION('',(0.E0,1.E0,0.E0));
#8700=AXIS2_PLACEMENT_3D('',#8697,#8698,#8699);
#8701=PLANE('',#8700);
#8702=ORIENTED_EDGE('',*,*,#8134,.T.);
#8703=ORIENTED_EDGE('',*,*,#8691,.F.);
#8704=ORIENTED_EDGE('',*,*,#7755,.T.);
#8706=ORIENTED_EDGE('',*,*,#8705,.F.);
#8707=EDGE_LOOP('',(#8702,#8703,#8704,#8706));
#8708=FACE_OUTER_BOUND('',#8707,.F.);
#8710=CARTESIAN_POINT('',(2.320711633663E1,1.738259900990E1,-1.44E0));
#8711=DIRECTION('',(0.E0,1.E0,0.E0));
#8712=DIRECTION('',(0.E0,0.E0,1.E0));
#8713=AXIS2_PLACEMENT_3D('',#8710,#8711,#8712);
#8714=PLANE('',#8713);
#8715=ORIENTED_EDGE('',*,*,#8136,.T.);
#8716=ORIENTED_EDGE('',*,*,#8705,.T.);
#8717=ORIENTED_EDGE('',*,*,#7753,.T.);
#8719=ORIENTED_EDGE('',*,*,#8718,.F.);
#8720=EDGE_LOOP('',(#8715,#8716,#8717,#8719));
#8721=FACE_OUTER_BOUND('',#8720,.F.);
#8723=CARTESIAN_POINT('',(2.328588116157E1,1.743259900990E1,-1.575E0));
#8724=DIRECTION('',(-1.E0,0.E0,0.E0));
#8725=DIRECTION('',(0.E0,0.E0,1.E0));
#8726=AXIS2_PLACEMENT_3D('',#8723,#8724,#8725);
#8727=CYLINDRICAL_SURFACE('',#8726,5.E-2);
#8728=ORIENTED_EDGE('',*,*,#8138,.F.);
#8729=ORIENTED_EDGE('',*,*,#8718,.T.);
#8730=ORIENTED_EDGE('',*,*,#7751,.F.);
#8732=ORIENTED_EDGE('',*,*,#8731,.T.);
#8733=EDGE_LOOP('',(#8728,#8729,#8730,#8732));
#8734=FACE_OUTER_BOUND('',#8733,.F.);
#8736=CARTESIAN_POINT('',(2.320711633663E1,1.745009900990E1,-1.625E0));
#8737=DIRECTION('',(0.E0,0.E0,1.E0));
#8738=DIRECTION('',(0.E0,-1.E0,0.E0));
#8739=AXIS2_PLACEMENT_3D('',#8736,#8737,#8738);
#8740=PLANE('',#8739);
#8741=ORIENTED_EDGE('',*,*,#8140,.T.);
#8742=ORIENTED_EDGE('',*,*,#8731,.F.);
#8743=ORIENTED_EDGE('',*,*,#7749,.T.);
#8745=ORIENTED_EDGE('',*,*,#8744,.F.);
#8746=EDGE_LOOP('',(#8741,#8742,#8743,#8745));
#8747=FACE_OUTER_BOUND('',#8746,.F.);
#8749=CARTESIAN_POINT('',(2.328588116157E1,1.746759900990E1,-1.675E0));
#8750=DIRECTION('',(-1.E0,0.E0,0.E0));
#8751=DIRECTION('',(0.E0,0.E0,1.E0));
#8752=AXIS2_PLACEMENT_3D('',#8749,#8750,#8751);
#8753=CYLINDRICAL_SURFACE('',#8752,5.E-2);
#8754=ORIENTED_EDGE('',*,*,#8142,.F.);
#8755=ORIENTED_EDGE('',*,*,#8744,.T.);
#8756=ORIENTED_EDGE('',*,*,#7747,.F.);
#8758=ORIENTED_EDGE('',*,*,#8757,.T.);
#8759=EDGE_LOOP('',(#8754,#8755,#8756,#8758));
#8760=FACE_OUTER_BOUND('',#8759,.F.);
#8762=CARTESIAN_POINT('',(2.320711633663E1,1.751759900990E1,-1.725E0));
#8763=DIRECTION('',(0.E0,1.E0,0.E0));
#8764=DIRECTION('',(0.E0,0.E0,1.E0));
#8765=AXIS2_PLACEMENT_3D('',#8762,#8763,#8764);
#8766=PLANE('',#8765);
#8767=ORIENTED_EDGE('',*,*,#8144,.T.);
#8768=ORIENTED_EDGE('',*,*,#8757,.F.);
#8769=ORIENTED_EDGE('',*,*,#7745,.T.);
#8771=ORIENTED_EDGE('',*,*,#8770,.T.);
#8773=ORIENTED_EDGE('',*,*,#8772,.F.);
#8775=ORIENTED_EDGE('',*,*,#8774,.T.);
#8776=EDGE_LOOP('',(#8767,#8768,#8769,#8771,#8773,#8775));
#8777=FACE_OUTER_BOUND('',#8776,.F.);
#8779=CARTESIAN_POINT('',(2.326461633663E1,1.761759900990E1,-1.757500000003E0));
#8780=DIRECTION('',(-7.071067811515E-1,0.E0,7.071067812216E-1));
#8781=DIRECTION('',(0.E0,-1.E0,0.E0));
#8782=AXIS2_PLACEMENT_3D('',#8779,#8780,#8781);
#8783=PLANE('',#8782);
#8784=ORIENTED_EDGE('',*,*,#8770,.F.);
#8785=ORIENTED_EDGE('',*,*,#7743,.T.);
#8787=ORIENTED_EDGE('',*,*,#8786,.F.);
#8789=ORIENTED_EDGE('',*,*,#8788,.F.);
#8790=EDGE_LOOP('',(#8784,#8785,#8787,#8789));
#8791=FACE_OUTER_BOUND('',#8790,.F.);
#8793=CARTESIAN_POINT('',(2.320711633663E1,1.771759900990E1,-1.618597613250E0));
#8794=DIRECTION('',(0.E0,1.E0,0.E0));
#8795=DIRECTION('',(0.E0,0.E0,-1.E0));
#8796=AXIS2_PLACEMENT_3D('',#8793,#8794,#8795);
#8797=PLANE('',#8796);
#8799=ORIENTED_EDGE('',*,*,#8798,.F.);
#8800=ORIENTED_EDGE('',*,*,#8786,.T.);
#8801=ORIENTED_EDGE('',*,*,#7741,.T.);
#8803=ORIENTED_EDGE('',*,*,#8802,.F.);
#8804=ORIENTED_EDGE('',*,*,#8148,.T.);
#8806=ORIENTED_EDGE('',*,*,#8805,.T.);
#8807=EDGE_LOOP('',(#8799,#8800,#8801,#8803,#8804,#8806));
#8808=FACE_OUTER_BOUND('',#8807,.F.);
#8810=CARTESIAN_POINT('',(2.320711633663E1,1.761759900990E1,-1.775E0));
#8811=DIRECTION('',(0.E0,0.E0,1.E0));
#8812=DIRECTION('',(1.E0,0.E0,0.E0));
#8813=AXIS2_PLACEMENT_3D('',#8810,#8811,#8812);
#8814=PLANE('',#8813);
#8815=ORIENTED_EDGE('',*,*,#8772,.T.);
#8816=ORIENTED_EDGE('',*,*,#8788,.T.);
#8817=ORIENTED_EDGE('',*,*,#8798,.T.);
#8819=ORIENTED_EDGE('',*,*,#8818,.F.);
#8820=EDGE_LOOP('',(#8815,#8816,#8817,#8819));
#8821=FACE_OUTER_BOUND('',#8820,.F.);
#8823=CARTESIAN_POINT('',(2.314961633663E1,1.761759900990E1,-1.757499999997E0));
#8824=DIRECTION('',(7.071067811515E-1,0.E0,7.071067812216E-1));
#8825=DIRECTION('',(0.E0,1.E0,0.E0));
#8826=AXIS2_PLACEMENT_3D('',#8823,#8824,#8825);
#8827=PLANE('',#8826);
#8828=ORIENTED_EDGE('',*,*,#8774,.F.);
#8829=ORIENTED_EDGE('',*,*,#8818,.T.);
#8830=ORIENTED_EDGE('',*,*,#8805,.F.);
#8831=ORIENTED_EDGE('',*,*,#8146,.T.);
#8832=EDGE_LOOP('',(#8828,#8829,#8830,#8831));
#8833=FACE_OUTER_BOUND('',#8832,.F.);
#8835=CARTESIAN_POINT('',(2.328588116157E1,1.781759900990E1,-1.462195226482E0));
#8836=DIRECTION('',(-1.E0,0.E0,0.E0));
#8837=DIRECTION('',(0.E0,0.E0,1.E0));
#8838=AXIS2_PLACEMENT_3D('',#8835,#8836,#8837);
#8839=CYLINDRICAL_SURFACE('',#8838,1.E-1);
#8840=ORIENTED_EDGE('',*,*,#8150,.F.);
#8841=ORIENTED_EDGE('',*,*,#8802,.T.);
#8842=ORIENTED_EDGE('',*,*,#7739,.F.);
#8844=ORIENTED_EDGE('',*,*,#8843,.T.);
#8845=EDGE_LOOP('',(#8840,#8841,#8842,#8844));
#8846=FACE_OUTER_BOUND('',#8845,.F.);
#8848=CARTESIAN_POINT('',(2.320711633663E1,1.776337823735E1,-1.341851890150E0));
#8849=DIRECTION('',(0.E0,9.063077870102E-1,-4.226182617975E-1));
#8850=DIRECTION('',(0.E0,-4.226182617975E-1,-9.063077870102E-1));
#8851=AXIS2_PLACEMENT_3D('',#8848,#8849,#8850);
#8852=PLANE('',#8851);
#8853=ORIENTED_EDGE('',*,*,#8152,.F.);
#8854=ORIENTED_EDGE('',*,*,#8843,.F.);
#8855=ORIENTED_EDGE('',*,*,#7737,.F.);
#8857=ORIENTED_EDGE('',*,*,#8856,.F.);
#8858=EDGE_LOOP('',(#8853,#8854,#8855,#8857));
#8859=FACE_OUTER_BOUND('',#8858,.F.);
#8861=CARTESIAN_POINT('',(2.328588116157E1,1.777259900991E1,-1.251091832105E0));
#8862=DIRECTION('',(-1.E0,0.E0,0.E0));
#8863=DIRECTION('',(0.E0,0.E0,1.E0));
#8864=AXIS2_PLACEMENT_3D('',#8861,#8862,#8863);
#8865=CYLINDRICAL_SURFACE('',#8864,3.E-2);
#8866=ORIENTED_EDGE('',*,*,#8154,.F.);
#8867=ORIENTED_EDGE('',*,*,#8856,.T.);
#8868=ORIENTED_EDGE('',*,*,#7735,.F.);
#8870=ORIENTED_EDGE('',*,*,#8869,.T.);
#8871=EDGE_LOOP('',(#8866,#8867,#8868,#8870));
#8872=FACE_OUTER_BOUND('',#8871,.F.);
#8874=CARTESIAN_POINT('',(2.320711633663E1,1.777009900992E1,-1.215007440304E0));
#8875=DIRECTION('',(0.E0,4.999999992965E-1,8.660254041906E-1));
#8876=DIRECTION('',(0.E0,8.660254041906E-1,-4.999999992965E-1));
#8877=AXIS2_PLACEMENT_3D('',#8874,#8875,#8876);
#8878=PLANE('',#8877);
#8879=ORIENTED_EDGE('',*,*,#8156,.F.);
#8880=ORIENTED_EDGE('',*,*,#8869,.F.);
#8881=ORIENTED_EDGE('',*,*,#7733,.F.);
#8883=ORIENTED_EDGE('',*,*,#8882,.F.);
#8884=EDGE_LOOP('',(#8879,#8880,#8881,#8883));
#8885=FACE_OUTER_BOUND('',#8884,.F.);
#8887=CARTESIAN_POINT('',(2.328588116157E1,1.782759900990E1,-1.075E0));
#8888=DIRECTION('',(-1.E0,0.E0,0.E0));
#8889=DIRECTION('',(0.E0,0.E0,1.E0));
#8890=AXIS2_PLACEMENT_3D('',#8887,#8888,#8889);
#8891=CYLINDRICAL_SURFACE('',#8890,1.500000000141E-1);
#8892=ORIENTED_EDGE('',*,*,#8158,.F.);
#8893=ORIENTED_EDGE('',*,*,#8882,.T.);
#8894=ORIENTED_EDGE('',*,*,#7731,.F.);
#8896=ORIENTED_EDGE('',*,*,#8895,.T.);
#8897=EDGE_LOOP('',(#8892,#8893,#8894,#8896));
#8898=FACE_OUTER_BOUND('',#8897,.F.);
#8900=CARTESIAN_POINT('',(2.320711633663E1,1.767759900990E1,-1.050000000013E0));
#8901=DIRECTION('',(0.E0,1.E0,0.E0));
#8902=DIRECTION('',(0.E0,0.E0,-1.E0));
#8903=AXIS2_PLACEMENT_3D('',#8900,#8901,#8902);
#8904=PLANE('',#8903);
#8905=ORIENTED_EDGE('',*,*,#8160,.T.);
#8906=ORIENTED_EDGE('',*,*,#8895,.F.);
#8907=ORIENTED_EDGE('',*,*,#7729,.T.);
#8909=ORIENTED_EDGE('',*,*,#8908,.F.);
#8910=EDGE_LOOP('',(#8905,#8906,#8907,#8909));
#8911=FACE_OUTER_BOUND('',#8910,.F.);
#8913=CARTESIAN_POINT('',(2.328588116157E1,1.782759900990E1,-1.024999999944E0));
#8914=DIRECTION('',(-1.E0,0.E0,0.E0));
#8915=DIRECTION('',(0.E0,0.E0,1.E0));
#8916=AXIS2_PLACEMENT_3D('',#8913,#8914,#8915);
#8917=CYLINDRICAL_SURFACE('',#8916,1.500000000003E-1);
#8918=ORIENTED_EDGE('',*,*,#8162,.F.);
#8919=ORIENTED_EDGE('',*,*,#8908,.T.);
#8920=ORIENTED_EDGE('',*,*,#7727,.F.);
#8922=ORIENTED_EDGE('',*,*,#8921,.T.);
#8923=EDGE_LOOP('',(#8918,#8919,#8920,#8922));
#8924=FACE_OUTER_BOUND('',#8923,.F.);
#8926=CARTESIAN_POINT('',(2.320711633663E1,1.771978812075E1,
-9.117339375994E-1));
#8927=DIRECTION('',(0.E0,8.660254035615E-1,-5.000000003862E-1));
#8928=DIRECTION('',(0.E0,-5.000000003862E-1,-8.660254035615E-1));
#8929=AXIS2_PLACEMENT_3D('',#8926,#8927,#8928);
#8930=PLANE('',#8929);
#8931=ORIENTED_EDGE('',*,*,#7910,.T.);
#8932=ORIENTED_EDGE('',*,*,#8164,.F.);
#8933=ORIENTED_EDGE('',*,*,#8921,.F.);
#8934=ORIENTED_EDGE('',*,*,#7725,.F.);
#8935=EDGE_LOOP('',(#8931,#8932,#8933,#8934));
#8936=FACE_OUTER_BOUND('',#8935,.F.);
#8938=CARTESIAN_POINT('',(2.309711633663E1,1.754509900990E1,-1.475E0));
#8939=DIRECTION('',(8.944271910084E-1,0.E0,-4.472135954830E-1));
#8940=DIRECTION('',(4.472135954830E-1,0.E0,8.944271910084E-1));
#8941=AXIS2_PLACEMENT_3D('',#8938,#8939,#8940);
#8942=PLANE('',#8941);
#8943=ORIENTED_EDGE('',*,*,#8208,.F.);
#8944=ORIENTED_EDGE('',*,*,#8190,.T.);
#8945=ORIENTED_EDGE('',*,*,#7500,.F.);
#8947=ORIENTED_EDGE('',*,*,#8946,.F.);
#8948=EDGE_LOOP('',(#8943,#8944,#8945,#8947));
#8949=FACE_OUTER_BOUND('',#8948,.F.);
#8951=CARTESIAN_POINT('',(2.295711633663E1,1.753259900990E1,-1.525E0));
#8952=DIRECTION('',(0.E0,0.E0,1.E0));
#8953=DIRECTION('',(1.E0,0.E0,0.E0));
#8954=AXIS2_PLACEMENT_3D('',#8951,#8952,#8953);
#8955=PLANE('',#8954);
#8956=ORIENTED_EDGE('',*,*,#8210,.F.);
#8957=ORIENTED_EDGE('',*,*,#8946,.T.);
#8958=ORIENTED_EDGE('',*,*,#7498,.T.);
#8960=ORIENTED_EDGE('',*,*,#8959,.T.);
#8961=EDGE_LOOP('',(#8956,#8957,#8958,#8960));
#8962=FACE_OUTER_BOUND('',#8961,.F.);
#8964=CARTESIAN_POINT('',(2.281711633663E1,1.754509900990E1,-1.474999999998E0));
#8965=DIRECTION('',(8.944271909801E-1,0.E0,4.472135955395E-1));
#8966=DIRECTION('',(4.472135955395E-1,0.E0,-8.944271909801E-1));
#8967=AXIS2_PLACEMENT_3D('',#8964,#8965,#8966);
#8968=PLANE('',#8967);
#8969=ORIENTED_EDGE('',*,*,#8212,.F.);
#8970=ORIENTED_EDGE('',*,*,#8959,.F.);
#8971=ORIENTED_EDGE('',*,*,#7496,.F.);
#8973=ORIENTED_EDGE('',*,*,#8972,.F.);
#8974=EDGE_LOOP('',(#8969,#8970,#8971,#8973));
#8975=FACE_OUTER_BOUND('',#8974,.F.);
#8977=CARTESIAN_POINT('',(2.262211633663E1,1.745259900990E1,-1.425000000003E0));
#8978=DIRECTION('',(0.E0,0.E0,-1.E0));
#8979=DIRECTION('',(0.E0,1.E0,0.E0));
#8980=AXIS2_PLACEMENT_3D('',#8977,#8978,#8979);
#8981=PLANE('',#8980);
#8982=ORIENTED_EDGE('',*,*,#7561,.F.);
#8983=ORIENTED_EDGE('',*,*,#8214,.T.);
#8984=ORIENTED_EDGE('',*,*,#8972,.T.);
#8985=ORIENTED_EDGE('',*,*,#7494,.F.);
#8986=EDGE_LOOP('',(#8982,#8983,#8984,#8985));
#8987=FACE_OUTER_BOUND('',#8986,.F.);
#8989=CARTESIAN_POINT('',(2.320711633663E1,1.806594950326E1,
-7.689918383389E-1));
#8990=DIRECTION('',(0.E0,9.998476951557E-1,-1.745240647805E-2));
#8991=DIRECTION('',(0.E0,1.745240647805E-2,9.998476951557E-1));
#8992=AXIS2_PLACEMENT_3D('',#8989,#8990,#8991);
#8993=PLANE('',#8992);
#8994=ORIENTED_EDGE('',*,*,#7861,.T.);
#8995=ORIENTED_EDGE('',*,*,#7713,.F.);
#8997=ORIENTED_EDGE('',*,*,#8996,.F.);
#8999=ORIENTED_EDGE('',*,*,#8998,.F.);
#9000=EDGE_LOOP('',(#8994,#8995,#8997,#8999));
#9001=FACE_OUTER_BOUND('',#9000,.F.);
#9003=CARTESIAN_POINT('',(2.328588116157E1,1.800886054890E1,-1.174681414895E0));
#9004=DIRECTION('',(-1.E0,0.E0,0.E0));
#9005=DIRECTION('',(0.E0,0.E0,1.E0));
#9006=AXIS2_PLACEMENT_3D('',#9003,#9004,#9005);
#9007=CYLINDRICAL_SURFACE('',#9006,5.000000002E-2);
#9009=ORIENTED_EDGE('',*,*,#9008,.F.);
#9010=ORIENTED_EDGE('',*,*,#8996,.T.);
#9011=ORIENTED_EDGE('',*,*,#7711,.F.);
#9013=ORIENTED_EDGE('',*,*,#9012,.F.);
#9014=EDGE_LOOP('',(#9009,#9010,#9011,#9013));
#9015=FACE_OUTER_BOUND('',#9014,.F.);
#9017=CARTESIAN_POINT('',(2.313211633663E1,1.784760051049E1,
-2.612083487540E-1));
#9018=DIRECTION('',(1.E0,0.E0,0.E0));
#9019=DIRECTION('',(0.E0,0.E0,-1.E0));
#9020=AXIS2_PLACEMENT_3D('',#9017,#9018,#9019);
#9021=PLANE('',#9020);
#9022=ORIENTED_EDGE('',*,*,#7863,.T.);
#9023=ORIENTED_EDGE('',*,*,#8998,.T.);
#9024=ORIENTED_EDGE('',*,*,#9008,.T.);
#9026=ORIENTED_EDGE('',*,*,#9025,.T.);
#9028=ORIENTED_EDGE('',*,*,#9027,.F.);
#9030=ORIENTED_EDGE('',*,*,#9029,.T.);
#9032=ORIENTED_EDGE('',*,*,#9031,.T.);
#9034=ORIENTED_EDGE('',*,*,#9033,.T.);
#9035=EDGE_LOOP('',(#9022,#9023,#9024,#9026,#9028,#9030,#9032,#9034));
#9036=FACE_OUTER_BOUND('',#9035,.F.);
#9038=CARTESIAN_POINT('',(2.328588116157E1,1.811259900990E1,-1.235E0));
#9039=DIRECTION('',(-1.E0,0.E0,0.E0));
#9040=DIRECTION('',(0.E0,0.E0,1.E0));
#9041=AXIS2_PLACEMENT_3D('',#9038,#9039,#9040);
#9042=CYLINDRICAL_SURFACE('',#9041,7.E-2);
#9043=ORIENTED_EDGE('',*,*,#9025,.F.);
#9044=ORIENTED_EDGE('',*,*,#9012,.T.);
#9045=ORIENTED_EDGE('',*,*,#7709,.F.);
#9047=ORIENTED_EDGE('',*,*,#9046,.T.);
#9048=EDGE_LOOP('',(#9043,#9044,#9045,#9047));
#9049=FACE_OUTER_BOUND('',#9048,.F.);
#9051=CARTESIAN_POINT('',(2.320711633663E1,1.811759900990E1,-1.305E0));
#9052=DIRECTION('',(0.E0,0.E0,1.E0));
#9053=DIRECTION('',(0.E0,-1.E0,0.E0));
#9054=AXIS2_PLACEMENT_3D('',#9051,#9052,#9053);
#9055=PLANE('',#9054);
#9056=ORIENTED_EDGE('',*,*,#9027,.T.);
#9057=ORIENTED_EDGE('',*,*,#9046,.F.);
#9058=ORIENTED_EDGE('',*,*,#7707,.T.);
#9060=ORIENTED_EDGE('',*,*,#9059,.F.);
#9061=EDGE_LOOP('',(#9056,#9057,#9058,#9060));
#9062=FACE_OUTER_BOUND('',#9061,.F.);
#9064=CARTESIAN_POINT('',(2.328588116157E1,1.812259900990E1,-1.255E0));
#9065=DIRECTION('',(-1.E0,0.E0,0.E0));
#9066=DIRECTION('',(0.E0,0.E0,1.E0));
#9067=AXIS2_PLACEMENT_3D('',#9064,#9065,#9066);
#9068=CYLINDRICAL_SURFACE('',#9067,5.E-2);
#9069=ORIENTED_EDGE('',*,*,#9029,.F.);
#9070=ORIENTED_EDGE('',*,*,#9059,.T.);
#9071=ORIENTED_EDGE('',*,*,#7705,.F.);
#9073=ORIENTED_EDGE('',*,*,#9072,.T.);
#9074=EDGE_LOOP('',(#9069,#9070,#9071,#9073));
#9075=FACE_OUTER_BOUND('',#9074,.F.);
#9077=CARTESIAN_POINT('',(2.320711633663E1,1.818920345423E1,-1.253410105540E0));
#9078=DIRECTION('',(0.E0,7.660444430221E-1,-6.427876098020E-1));
#9079=DIRECTION('',(0.E0,-6.427876098020E-1,-7.660444430221E-1));
#9080=AXIS2_PLACEMENT_3D('',#9077,#9078,#9079);
#9081=PLANE('',#9080);
#9082=ORIENTED_EDGE('',*,*,#9031,.F.);
#9083=ORIENTED_EDGE('',*,*,#9072,.F.);
#9084=ORIENTED_EDGE('',*,*,#7703,.F.);
#9086=ORIENTED_EDGE('',*,*,#9085,.F.);
#9087=EDGE_LOOP('',(#9082,#9083,#9084,#9086));
#9088=FACE_OUTER_BOUND('',#9087,.F.);
#9090=CARTESIAN_POINT('',(2.328588116157E1,1.810259900990E1,-1.123262689185E0));
#9091=DIRECTION('',(-1.E0,0.E0,0.E0));
#9092=DIRECTION('',(0.E0,0.E0,1.E0));
#9093=AXIS2_PLACEMENT_3D('',#9090,#9091,#9092);
#9094=CYLINDRICAL_SURFACE('',#9093,1.499999999997E-1);
#9095=ORIENTED_EDGE('',*,*,#7865,.T.);
#9096=ORIENTED_EDGE('',*,*,#9033,.F.);
#9097=ORIENTED_EDGE('',*,*,#9085,.T.);
#9098=ORIENTED_EDGE('',*,*,#7701,.F.);
#9099=EDGE_LOOP('',(#9095,#9096,#9097,#9098));
#9100=FACE_OUTER_BOUND('',#9099,.F.);
#9102=CARTESIAN_POINT('',(2.328588116157E1,1.774259900990E1,
-3.753183234132E-1));
#9103=DIRECTION('',(-1.E0,0.E0,0.E0));
#9104=DIRECTION('',(0.E0,0.E0,1.E0));
#9105=AXIS2_PLACEMENT_3D('',#9102,#9103,#9104);
#9106=CYLINDRICAL_SURFACE('',#9105,8.E-2);
#9107=ORIENTED_EDGE('',*,*,#7510,.T.);
#9108=ORIENTED_EDGE('',*,*,#7832,.F.);
#9109=ORIENTED_EDGE('',*,*,#7689,.T.);
#9111=ORIENTED_EDGE('',*,*,#9110,.F.);
#9112=EDGE_LOOP('',(#9107,#9108,#9109,#9111));
#9113=FACE_OUTER_BOUND('',#9112,.F.);
#9115=CARTESIAN_POINT('',(2.313211633663E1,1.784760051049E1,
-2.612083487540E-1));
#9116=DIRECTION('',(1.E0,0.E0,0.E0));
#9117=DIRECTION('',(0.E0,0.E0,-1.E0));
#9118=AXIS2_PLACEMENT_3D('',#9115,#9116,#9117);
#9119=PLANE('',#9118);
#9120=ORIENTED_EDGE('',*,*,#7512,.F.);
#9121=ORIENTED_EDGE('',*,*,#9110,.T.);
#9122=ORIENTED_EDGE('',*,*,#7687,.T.);
#9123=EDGE_LOOP('',(#9120,#9121,#9122));
#9124=FACE_OUTER_BOUND('',#9123,.F.);
#9126=CLOSED_SHELL('',(#7526,#7565,#7593,#7607,#7621,#7635,#7655,#7668,#7693,
#7851,#7872,#7886,#7899,#7916,#7933,#7953,#7966,#7979,#7992,#8004,#8018,#8032,
#8050,#8062,#8075,#8087,#8101,#8115,#8168,#8180,#8194,#8218,#8231,#8244,#8257,
#8270,#8287,#8308,#8325,#8338,#8351,#8364,#8376,#8390,#8404,#8424,#8437,#8450,
#8463,#8475,#8489,#8503,#8527,#8540,#8553,#8566,#8579,#8594,#8612,#8628,#8645,
#8658,#8671,#8683,#8696,#8709,#8722,#8735,#8748,#8761,#8778,#8792,#8809,#8822,
#8834,#8847,#8860,#8873,#8886,#8899,#8912,#8925,#8937,#8950,#8963,#8976,#8988,
#9002,#9016,#9037,#9050,#9063,#9076,#9089,#9101,#9114,#9125));
#9127=MANIFOLD_SOLID_BREP('',#9126);
#9130=PLANE_ANGLE_MEASURE_WITH_UNIT(PLANE_ANGLE_MEASURE(1.745329251994E-2),
#9129);
#9131=(CONVERSION_BASED_UNIT('DEGREE',#9130)NAMED_UNIT(*)PLANE_ANGLE_UNIT());
#9133=UNCERTAINTY_MEASURE_WITH_UNIT(LENGTH_MEASURE(1.065388750783E-3),#9128,
'distance_accuracy_value',
'Maximum model space distance between geometric entities at asserted connectivities');
#9135=CARTESIAN_POINT('',(0.E0,0.E0,0.E0));
#9136=DIRECTION('',(0.E0,0.E0,1.E0));
#9137=DIRECTION('',(1.E0,0.E0,0.E0));
#9140=PRODUCT_CONTEXT('',#5840,'mechanical');
#9141=PRODUCT('F331_M','F331_M','NOT SPECIFIED',(#9140));
#9142=PRODUCT_DEFINITION_FORMATION('3','LAST_VERSION',#9141);
#9150=DERIVED_UNIT_ELEMENT(#9149,2.E0);
#9151=DERIVED_UNIT((#9150));
#9152=MEASURE_REPRESENTATION_ITEM('surface area measure',AREA_MEASURE(
1.237686767256E1),#9151);
#9157=DERIVED_UNIT_ELEMENT(#9156,3.E0);
#9158=DERIVED_UNIT((#9157));
#9159=MEASURE_REPRESENTATION_ITEM('volume measure',VOLUME_MEASURE(
1.218623549219E0),#9158);
#9163=CARTESIAN_POINT('centre point',(2.303589244186E1,1.800129086131E1,
-1.831680321218E-1));
#9168=DERIVED_UNIT_ELEMENT(#9167,2.E0);
#9169=DERIVED_UNIT((#9168));
#9170=MEASURE_REPRESENTATION_ITEM('surface area measure',AREA_MEASURE(
1.237686767256E1),#9169);
#9175=DERIVED_UNIT_ELEMENT(#9174,3.E0);
#9176=DERIVED_UNIT((#9175));
#9177=MEASURE_REPRESENTATION_ITEM('volume measure',VOLUME_MEASURE(
1.218623549219E0),#9176);
#9181=CARTESIAN_POINT('centre point',(2.303589244186E1,1.800129086131E1,
-1.831680321218E-1));
#9188=CARTESIAN_POINT('centre point',(2.537761052318E-1,5.986918514069E-1,
-1.708168032122E0));
#9192=CARTESIAN_POINT('',(-2.278211633663E1,-1.740259900990E1,-1.525E0));
#9193=DIRECTION('',(0.E0,0.E0,1.E0));
#9194=DIRECTION('',(1.E0,0.E0,0.E0));
#9195=AXIS2_PLACEMENT_3D('',#9192,#9193,#9194);
#9196=ITEM_DEFINED_TRANSFORMATION('','',#9138,#9195);
#9197=(REPRESENTATION_RELATIONSHIP('','',#9139,#5891)REPRESENTATION_RELATIONSHIP_WITH_TRANSFORMATION(#9196)SHAPE_REPRESENTATION_RELATIONSHIP());
#9198=CONTEXT_DEPENDENT_SHAPE_REPRESENTATION(#9197,#9187);
#9201=CARTESIAN_POINT('centre point',(7.537761052318E-1,5.986918514069E-1,
-1.708168032122E0));
#9205=CARTESIAN_POINT('',(-2.228211633663E1,-1.740259900990E1,-1.525E0));
#9206=DIRECTION('',(0.E0,0.E0,1.E0));
#9207=DIRECTION('',(1.E0,0.E0,0.E0));
#9208=AXIS2_PLACEMENT_3D('',#9205,#9206,#9207);
#9209=ITEM_DEFINED_TRANSFORMATION('','',#9138,#9208);
#9210=(REPRESENTATION_RELATIONSHIP('','',#9139,#5891)REPRESENTATION_RELATIONSHIP_WITH_TRANSFORMATION(#9209)SHAPE_REPRESENTATION_RELATIONSHIP());
#9211=CONTEXT_DEPENDENT_SHAPE_REPRESENTATION(#9210,#9200);
#9214=CARTESIAN_POINT('centre point',(1.253776105232E0,5.986918514069E-1,
-1.708168032122E0));
#9218=CARTESIAN_POINT('',(-2.178211633663E1,-1.740259900990E1,-1.525E0));
#9219=DIRECTION('',(0.E0,0.E0,1.E0));
#9220=DIRECTION('',(1.E0,0.E0,0.E0));
#9221=AXIS2_PLACEMENT_3D('',#9218,#9219,#9220);
#9222=ITEM_DEFINED_TRANSFORMATION('','',#9138,#9221);
#9223=(REPRESENTATION_RELATIONSHIP('','',#9139,#5891)REPRESENTATION_RELATIONSHIP_WITH_TRANSFORMATION(#9222)SHAPE_REPRESENTATION_RELATIONSHIP());
#9224=CONTEXT_DEPENDENT_SHAPE_REPRESENTATION(#9223,#9213);
#9227=CARTESIAN_POINT('centre point',(1.753776105232E0,5.986918514069E-1,
-1.708168032122E0));
#9231=CARTESIAN_POINT('',(-2.128211633663E1,-1.740259900990E1,-1.525E0));
#9232=DIRECTION('',(0.E0,0.E0,1.E0));
#9233=DIRECTION('',(1.E0,0.E0,0.E0));
#9234=AXIS2_PLACEMENT_3D('',#9231,#9232,#9233);
#9235=ITEM_DEFINED_TRANSFORMATION('','',#9138,#9234);
#9236=(REPRESENTATION_RELATIONSHIP('','',#9139,#5891)REPRESENTATION_RELATIONSHIP_WITH_TRANSFORMATION(#9235)SHAPE_REPRESENTATION_RELATIONSHIP());
#9237=CONTEXT_DEPENDENT_SHAPE_REPRESENTATION(#9236,#9226);
#9240=CARTESIAN_POINT('centre point',(2.253776105232E0,5.986918514069E-1,
-1.708168032122E0));
#9244=CARTESIAN_POINT('',(-2.078211633663E1,-1.740259900990E1,-1.525E0));
#9245=DIRECTION('',(0.E0,0.E0,1.E0));
#9246=DIRECTION('',(1.E0,0.E0,0.E0));
#9247=AXIS2_PLACEMENT_3D('',#9244,#9245,#9246);
#9248=ITEM_DEFINED_TRANSFORMATION('','',#9138,#9247);
#9249=(REPRESENTATION_RELATIONSHIP('','',#9139,#5891)REPRESENTATION_RELATIONSHIP_WITH_TRANSFORMATION(#9248)SHAPE_REPRESENTATION_RELATIONSHIP());
#9250=CONTEXT_DEPENDENT_SHAPE_REPRESENTATION(#9249,#9239);
#9253=CARTESIAN_POINT('centre point',(2.753776105232E0,5.986918514069E-1,
-1.708168032122E0));
#9257=CARTESIAN_POINT('',(-2.028211633663E1,-1.740259900990E1,-1.525E0));
#9258=DIRECTION('',(0.E0,0.E0,1.E0));
#9259=DIRECTION('',(1.E0,0.E0,0.E0));
#9260=AXIS2_PLACEMENT_3D('',#9257,#9258,#9259);
#9261=ITEM_DEFINED_TRANSFORMATION('','',#9138,#9260);
#9262=(REPRESENTATION_RELATIONSHIP('','',#9139,#5891)REPRESENTATION_RELATIONSHIP_WITH_TRANSFORMATION(#9261)SHAPE_REPRESENTATION_RELATIONSHIP());
#9263=CONTEXT_DEPENDENT_SHAPE_REPRESENTATION(#9262,#9252);
#9266=CARTESIAN_POINT('centre point',(3.253776105232E0,5.986918514069E-1,
-1.708168032122E0));
#9270=CARTESIAN_POINT('',(-1.978211633663E1,-1.740259900990E1,-1.525E0));
#9271=DIRECTION('',(0.E0,0.E0,1.E0));
#9272=DIRECTION('',(1.E0,0.E0,0.E0));
#9273=AXIS2_PLACEMENT_3D('',#9270,#9271,#9272);
#9274=ITEM_DEFINED_TRANSFORMATION('','',#9138,#9273);
#9275=(REPRESENTATION_RELATIONSHIP('','',#9139,#5891)REPRESENTATION_RELATIONSHIP_WITH_TRANSFORMATION(#9274)SHAPE_REPRESENTATION_RELATIONSHIP());
#9276=CONTEXT_DEPENDENT_SHAPE_REPRESENTATION(#9275,#9265);
#9279=CARTESIAN_POINT('centre point',(3.753776105232E0,5.986918514069E-1,
-1.708168032122E0));
#9283=CARTESIAN_POINT('',(-1.928211633663E1,-1.740259900990E1,-1.525E0));
#9284=DIRECTION('',(0.E0,0.E0,1.E0));
#9285=DIRECTION('',(1.E0,0.E0,0.E0));
#9286=AXIS2_PLACEMENT_3D('',#9283,#9284,#9285);
#9287=ITEM_DEFINED_TRANSFORMATION('','',#9138,#9286);
#9288=(REPRESENTATION_RELATIONSHIP('','',#9139,#5891)REPRESENTATION_RELATIONSHIP_WITH_TRANSFORMATION(#9287)SHAPE_REPRESENTATION_RELATIONSHIP());
#9289=CONTEXT_DEPENDENT_SHAPE_REPRESENTATION(#9288,#9278);
#9292=CARTESIAN_POINT('centre point',(4.253776105232E0,5.986918514069E-1,
-1.708168032122E0));
#9296=CARTESIAN_POINT('',(-1.878211633663E1,-1.740259900990E1,-1.525E0));
#9297=DIRECTION('',(0.E0,0.E0,1.E0));
#9298=DIRECTION('',(1.E0,0.E0,0.E0));
#9299=AXIS2_PLACEMENT_3D('',#9296,#9297,#9298);
#9300=ITEM_DEFINED_TRANSFORMATION('','',#9138,#9299);
#9301=(REPRESENTATION_RELATIONSHIP('','',#9139,#5891)REPRESENTATION_RELATIONSHIP_WITH_TRANSFORMATION(#9300)SHAPE_REPRESENTATION_RELATIONSHIP());
#9302=CONTEXT_DEPENDENT_SHAPE_REPRESENTATION(#9301,#9291);
#9305=CARTESIAN_POINT('centre point',(4.753776105232E0,5.986918514069E-1,
-1.708168032122E0));
#9309=CARTESIAN_POINT('',(-1.828211633663E1,-1.740259900990E1,-1.525E0));
#9310=DIRECTION('',(0.E0,0.E0,1.E0));
#9311=DIRECTION('',(1.E0,0.E0,0.E0));
#9312=AXIS2_PLACEMENT_3D('',#9309,#9310,#9311);
#9313=ITEM_DEFINED_TRANSFORMATION('','',#9138,#9312);
#9314=(REPRESENTATION_RELATIONSHIP('','',#9139,#5891)REPRESENTATION_RELATIONSHIP_WITH_TRANSFORMATION(#9313)SHAPE_REPRESENTATION_RELATIONSHIP());
#9315=CONTEXT_DEPENDENT_SHAPE_REPRESENTATION(#9314,#9304);
#9318=CARTESIAN_POINT('centre point',(5.253776105232E0,5.986918514069E-1,
-1.708168032122E0));
#9322=CARTESIAN_POINT('',(-1.778211633663E1,-1.740259900990E1,-1.525E0));
#9323=DIRECTION('',(0.E0,0.E0,1.E0));
#9324=DIRECTION('',(1.E0,0.E0,0.E0));
#9325=AXIS2_PLACEMENT_3D('',#9322,#9323,#9324);
#9326=ITEM_DEFINED_TRANSFORMATION('','',#9138,#9325);
#9327=(REPRESENTATION_RELATIONSHIP('','',#9139,#5891)REPRESENTATION_RELATIONSHIP_WITH_TRANSFORMATION(#9326)SHAPE_REPRESENTATION_RELATIONSHIP());
#9328=CONTEXT_DEPENDENT_SHAPE_REPRESENTATION(#9327,#9317);
#9331=CARTESIAN_POINT('centre point',(5.753776105232E0,5.986918514069E-1,
-1.708168032122E0));
#9335=CARTESIAN_POINT('',(-1.728211633663E1,-1.740259900990E1,-1.525E0));
#9336=DIRECTION('',(0.E0,0.E0,1.E0));
#9337=DIRECTION('',(1.E0,0.E0,0.E0));
#9338=AXIS2_PLACEMENT_3D('',#9335,#9336,#9337);
#9339=ITEM_DEFINED_TRANSFORMATION('','',#9138,#9338);
#9340=(REPRESENTATION_RELATIONSHIP('','',#9139,#5891)REPRESENTATION_RELATIONSHIP_WITH_TRANSFORMATION(#9339)SHAPE_REPRESENTATION_RELATIONSHIP());
#9341=CONTEXT_DEPENDENT_SHAPE_REPRESENTATION(#9340,#9330);
#9344=CARTESIAN_POINT('centre point',(6.253776105232E0,5.986918514069E-1,
-1.708168032122E0));
#9348=CARTESIAN_POINT('',(-1.678211633663E1,-1.740259900990E1,-1.525E0));
#9349=DIRECTION('',(0.E0,0.E0,1.E0));
#9350=DIRECTION('',(1.E0,0.E0,0.E0));
#9351=AXIS2_PLACEMENT_3D('',#9348,#9349,#9350);
#9352=ITEM_DEFINED_TRANSFORMATION('','',#9138,#9351);
#9353=(REPRESENTATION_RELATIONSHIP('','',#9139,#5891)REPRESENTATION_RELATIONSHIP_WITH_TRANSFORMATION(#9352)SHAPE_REPRESENTATION_RELATIONSHIP());
#9354=CONTEXT_DEPENDENT_SHAPE_REPRESENTATION(#9353,#9343);
#9357=CARTESIAN_POINT('centre point',(6.753776105232E0,5.986918514069E-1,
-1.708168032122E0));
#9361=CARTESIAN_POINT('',(-1.628211633663E1,-1.740259900990E1,-1.525E0));
#9362=DIRECTION('',(0.E0,0.E0,1.E0));
#9363=DIRECTION('',(1.E0,0.E0,0.E0));
#9364=AXIS2_PLACEMENT_3D('',#9361,#9362,#9363);
#9365=ITEM_DEFINED_TRANSFORMATION('','',#9138,#9364);
#9366=(REPRESENTATION_RELATIONSHIP('','',#9139,#5891)REPRESENTATION_RELATIONSHIP_WITH_TRANSFORMATION(#9365)SHAPE_REPRESENTATION_RELATIONSHIP());
#9367=CONTEXT_DEPENDENT_SHAPE_REPRESENTATION(#9366,#9356);
#9370=CARTESIAN_POINT('centre point',(7.253776105232E0,5.986918514069E-1,
-1.708168032122E0));
#9374=CARTESIAN_POINT('',(-1.578211633663E1,-1.740259900990E1,-1.525E0));
#9375=DIRECTION('',(0.E0,0.E0,1.E0));
#9376=DIRECTION('',(1.E0,0.E0,0.E0));
#9377=AXIS2_PLACEMENT_3D('',#9374,#9375,#9376);
#9378=ITEM_DEFINED_TRANSFORMATION('','',#9138,#9377);
#9379=(REPRESENTATION_RELATIONSHIP('','',#9139,#5891)REPRESENTATION_RELATIONSHIP_WITH_TRANSFORMATION(#9378)SHAPE_REPRESENTATION_RELATIONSHIP());
#9380=CONTEXT_DEPENDENT_SHAPE_REPRESENTATION(#9379,#9369);
#9383=CARTESIAN_POINT('centre point',(7.753776105232E0,5.986918514069E-1,
-1.708168032122E0));
#9387=CARTESIAN_POINT('',(-1.528211633663E1,-1.740259900990E1,-1.525E0));
#9388=DIRECTION('',(0.E0,0.E0,1.E0));
#9389=DIRECTION('',(1.E0,0.E0,0.E0));
#9390=AXIS2_PLACEMENT_3D('',#9387,#9388,#9389);
#9391=ITEM_DEFINED_TRANSFORMATION('','',#9138,#9390);
#9392=(REPRESENTATION_RELATIONSHIP('','',#9139,#5891)REPRESENTATION_RELATIONSHIP_WITH_TRANSFORMATION(#9391)SHAPE_REPRESENTATION_RELATIONSHIP());
#9393=CONTEXT_DEPENDENT_SHAPE_REPRESENTATION(#9392,#9382);
#9396=CARTESIAN_POINT('centre point',(8.253776105232E0,5.986918514069E-1,
-1.708168032122E0));
#9400=CARTESIAN_POINT('',(-1.478211633663E1,-1.740259900990E1,-1.525E0));
#9401=DIRECTION('',(0.E0,0.E0,1.E0));
#9402=DIRECTION('',(1.E0,0.E0,0.E0));
#9403=AXIS2_PLACEMENT_3D('',#9400,#9401,#9402);
#9404=ITEM_DEFINED_TRANSFORMATION('','',#9138,#9403);
#9405=(REPRESENTATION_RELATIONSHIP('','',#9139,#5891)REPRESENTATION_RELATIONSHIP_WITH_TRANSFORMATION(#9404)SHAPE_REPRESENTATION_RELATIONSHIP());
#9406=CONTEXT_DEPENDENT_SHAPE_REPRESENTATION(#9405,#9395);
#9409=CARTESIAN_POINT('centre point',(8.753776105232E0,5.986918514069E-1,
-1.708168032122E0));
#9413=CARTESIAN_POINT('',(-1.428211633663E1,-1.740259900990E1,-1.525E0));
#9414=DIRECTION('',(0.E0,0.E0,1.E0));
#9415=DIRECTION('',(1.E0,0.E0,0.E0));
#9416=AXIS2_PLACEMENT_3D('',#9413,#9414,#9415);
#9417=ITEM_DEFINED_TRANSFORMATION('','',#9138,#9416);
#9418=(REPRESENTATION_RELATIONSHIP('','',#9139,#5891)REPRESENTATION_RELATIONSHIP_WITH_TRANSFORMATION(#9417)SHAPE_REPRESENTATION_RELATIONSHIP());
#9419=CONTEXT_DEPENDENT_SHAPE_REPRESENTATION(#9418,#9408);
#9422=CARTESIAN_POINT('centre point',(9.253776105232E0,5.986918514069E-1,
-1.708168032122E0));
#9426=CARTESIAN_POINT('',(-1.378211633663E1,-1.740259900990E1,-1.525E0));
#9427=DIRECTION('',(0.E0,0.E0,1.E0));
#9428=DIRECTION('',(1.E0,0.E0,0.E0));
#9429=AXIS2_PLACEMENT_3D('',#9426,#9427,#9428);
#9430=ITEM_DEFINED_TRANSFORMATION('','',#9138,#9429);
#9431=(REPRESENTATION_RELATIONSHIP('','',#9139,#5891)REPRESENTATION_RELATIONSHIP_WITH_TRANSFORMATION(#9430)SHAPE_REPRESENTATION_RELATIONSHIP());
#9432=CONTEXT_DEPENDENT_SHAPE_REPRESENTATION(#9431,#9421);
#9435=CARTESIAN_POINT('centre point',(9.753776105232E0,5.986918514069E-1,
-1.708168032122E0));
#9439=CARTESIAN_POINT('',(-1.328211633663E1,-1.740259900990E1,-1.525E0));
#9440=DIRECTION('',(0.E0,0.E0,1.E0));
#9441=DIRECTION('',(1.E0,0.E0,0.E0));
#9442=AXIS2_PLACEMENT_3D('',#9439,#9440,#9441);
#9443=ITEM_DEFINED_TRANSFORMATION('','',#9138,#9442);
#9444=(REPRESENTATION_RELATIONSHIP('','',#9139,#5891)REPRESENTATION_RELATIONSHIP_WITH_TRANSFORMATION(#9443)SHAPE_REPRESENTATION_RELATIONSHIP());
#9445=CONTEXT_DEPENDENT_SHAPE_REPRESENTATION(#9444,#9434);
#9448=CARTESIAN_POINT('centre point',(1.025377610523E1,5.986918514069E-1,
-1.708168032122E0));
#9452=CARTESIAN_POINT('',(-1.278211633663E1,-1.740259900990E1,-1.525E0));
#9453=DIRECTION('',(0.E0,0.E0,1.E0));
#9454=DIRECTION('',(1.E0,0.E0,0.E0));
#9455=AXIS2_PLACEMENT_3D('',#9452,#9453,#9454);
#9456=ITEM_DEFINED_TRANSFORMATION('','',#9138,#9455);
#9457=(REPRESENTATION_RELATIONSHIP('','',#9139,#5891)REPRESENTATION_RELATIONSHIP_WITH_TRANSFORMATION(#9456)SHAPE_REPRESENTATION_RELATIONSHIP());
#9458=CONTEXT_DEPENDENT_SHAPE_REPRESENTATION(#9457,#9447);
#9461=CARTESIAN_POINT('centre point',(1.075377610523E1,5.986918514069E-1,
-1.708168032122E0));
#9465=CARTESIAN_POINT('',(-1.228211633663E1,-1.740259900990E1,-1.525E0));
#9466=DIRECTION('',(0.E0,0.E0,1.E0));
#9467=DIRECTION('',(1.E0,0.E0,0.E0));
#9468=AXIS2_PLACEMENT_3D('',#9465,#9466,#9467);
#9469=ITEM_DEFINED_TRANSFORMATION('','',#9138,#9468);
#9470=(REPRESENTATION_RELATIONSHIP('','',#9139,#5891)REPRESENTATION_RELATIONSHIP_WITH_TRANSFORMATION(#9469)SHAPE_REPRESENTATION_RELATIONSHIP());
#9471=CONTEXT_DEPENDENT_SHAPE_REPRESENTATION(#9470,#9460);
#9474=CARTESIAN_POINT('centre point',(1.125377610523E1,5.986918514069E-1,
-1.708168032122E0));
#9478=CARTESIAN_POINT('',(-1.178211633663E1,-1.740259900990E1,-1.525E0));
#9479=DIRECTION('',(0.E0,0.E0,1.E0));
#9480=DIRECTION('',(1.E0,0.E0,0.E0));
#9481=AXIS2_PLACEMENT_3D('',#9478,#9479,#9480);
#9482=ITEM_DEFINED_TRANSFORMATION('','',#9138,#9481);
#9483=(REPRESENTATION_RELATIONSHIP('','',#9139,#5891)REPRESENTATION_RELATIONSHIP_WITH_TRANSFORMATION(#9482)SHAPE_REPRESENTATION_RELATIONSHIP());
#9484=CONTEXT_DEPENDENT_SHAPE_REPRESENTATION(#9483,#9473);
#9487=CARTESIAN_POINT('centre point',(1.175377610523E1,5.986918514069E-1,
-1.708168032122E0));
#9491=CARTESIAN_POINT('',(-1.128211633663E1,-1.740259900990E1,-1.525E0));
#9492=DIRECTION('',(0.E0,0.E0,1.E0));
#9493=DIRECTION('',(1.E0,0.E0,0.E0));
#9494=AXIS2_PLACEMENT_3D('',#9491,#9492,#9493);
#9495=ITEM_DEFINED_TRANSFORMATION('','',#9138,#9494);
#9496=(REPRESENTATION_RELATIONSHIP('','',#9139,#5891)REPRESENTATION_RELATIONSHIP_WITH_TRANSFORMATION(#9495)SHAPE_REPRESENTATION_RELATIONSHIP());
#9497=CONTEXT_DEPENDENT_SHAPE_REPRESENTATION(#9496,#9486);
#9500=CARTESIAN_POINT('centre point',(1.225377610523E1,5.986918514069E-1,
-1.708168032122E0));
#9504=CARTESIAN_POINT('',(-1.078211633663E1,-1.740259900990E1,-1.525E0));
#9505=DIRECTION('',(0.E0,0.E0,1.E0));
#9506=DIRECTION('',(1.E0,0.E0,0.E0));
#9507=AXIS2_PLACEMENT_3D('',#9504,#9505,#9506);
#9508=ITEM_DEFINED_TRANSFORMATION('','',#9138,#9507);
#9509=(REPRESENTATION_RELATIONSHIP('','',#9139,#5891)REPRESENTATION_RELATIONSHIP_WITH_TRANSFORMATION(#9508)SHAPE_REPRESENTATION_RELATIONSHIP());
#9510=CONTEXT_DEPENDENT_SHAPE_REPRESENTATION(#9509,#9499);
#9513=CARTESIAN_POINT('centre point',(1.275377610523E1,5.986918514069E-1,
-1.708168032122E0));
#9517=CARTESIAN_POINT('',(-1.028211633663E1,-1.740259900990E1,-1.525E0));
#9518=DIRECTION('',(0.E0,0.E0,1.E0));
#9519=DIRECTION('',(1.E0,0.E0,0.E0));
#9520=AXIS2_PLACEMENT_3D('',#9517,#9518,#9519);
#9521=ITEM_DEFINED_TRANSFORMATION('','',#9138,#9520);
#9522=(REPRESENTATION_RELATIONSHIP('','',#9139,#5891)REPRESENTATION_RELATIONSHIP_WITH_TRANSFORMATION(#9521)SHAPE_REPRESENTATION_RELATIONSHIP());
#9523=CONTEXT_DEPENDENT_SHAPE_REPRESENTATION(#9522,#9512);
#9526=CARTESIAN_POINT('centre point',(1.325377610523E1,5.986918514069E-1,
-1.708168032122E0));
#9530=CARTESIAN_POINT('',(-9.782116336630E0,-1.740259900990E1,-1.525E0));
#9531=DIRECTION('',(0.E0,0.E0,1.E0));
#9532=DIRECTION('',(1.E0,0.E0,0.E0));
#9533=AXIS2_PLACEMENT_3D('',#9530,#9531,#9532);
#9534=ITEM_DEFINED_TRANSFORMATION('','',#9138,#9533);
#9535=(REPRESENTATION_RELATIONSHIP('','',#9139,#5891)REPRESENTATION_RELATIONSHIP_WITH_TRANSFORMATION(#9534)SHAPE_REPRESENTATION_RELATIONSHIP());
#9536=CONTEXT_DEPENDENT_SHAPE_REPRESENTATION(#9535,#9525);
#9539=CARTESIAN_POINT('centre point',(1.375377610523E1,5.986918514069E-1,
-1.708168032122E0));
#9543=CARTESIAN_POINT('',(-9.282116336630E0,-1.740259900990E1,-1.525E0));
#9544=DIRECTION('',(0.E0,0.E0,1.E0));
#9545=DIRECTION('',(1.E0,0.E0,0.E0));
#9546=AXIS2_PLACEMENT_3D('',#9543,#9544,#9545);
#9547=ITEM_DEFINED_TRANSFORMATION('','',#9138,#9546);
#9548=(REPRESENTATION_RELATIONSHIP('','',#9139,#5891)REPRESENTATION_RELATIONSHIP_WITH_TRANSFORMATION(#9547)SHAPE_REPRESENTATION_RELATIONSHIP());
#9549=CONTEXT_DEPENDENT_SHAPE_REPRESENTATION(#9548,#9538);
#9550=DIRECTION('',(0.E0,0.E0,-1.E0));
#9551=VECTOR('',#9550,1.100000000001E0);
#9552=CARTESIAN_POINT('',(2.978211633663E1,1.766259900990E1,
-3.250000000023E-1));
#9553=LINE('',#9552,#9551);
#9554=DIRECTION('',(4.472135954965E-1,0.E0,-8.944271910017E-1));
#9555=VECTOR('',#9554,1.118033988718E-1);
#9556=CARTESIAN_POINT('',(2.979211633663E1,1.766259900990E1,-1.425000000003E0));
#9557=LINE('',#9556,#9555);
#9558=DIRECTION('',(1.E0,0.E0,3.806616857488E-12));
#9559=VECTOR('',#9558,2.299999999993E-1);
#9560=CARTESIAN_POINT('',(2.984211633663E1,1.766259900990E1,-1.525E0));
#9561=LINE('',#9560,#9559);
#9562=DIRECTION('',(4.472135955249E-1,0.E0,8.944271909874E-1));
#9563=VECTOR('',#9562,1.118033988721E-1);
#9564=CARTESIAN_POINT('',(3.007211633663E1,1.766259900990E1,-1.524999999999E0));
#9565=LINE('',#9564,#9563);
#9566=DIRECTION('',(0.E0,0.E0,1.E0));
#9567=VECTOR('',#9566,9.800000000059E-1);
#9568=CARTESIAN_POINT('',(3.013211633663E1,1.766259900990E1,-1.425000000003E0));
#9569=LINE('',#9568,#9567);
#9570=DIRECTION('',(4.472135955256E-1,0.E0,-8.944271909871E-1));
#9571=VECTOR('',#9570,1.118033988725E-1);
#9572=CARTESIAN_POINT('',(3.029211633663E1,1.766259900990E1,-1.425000000003E0));
#9573=LINE('',#9572,#9571);
#9574=DIRECTION('',(1.E0,0.E0,-3.018931574351E-14));
#9575=VECTOR('',#9574,1.015E0);
#9576=CARTESIAN_POINT('',(3.034211633663E1,1.766259900990E1,-1.525E0));
#9577=LINE('',#9576,#9575);
#9578=DIRECTION('',(-5.547001962304E-1,0.E0,8.320502943344E-1));
#9579=VECTOR('',#9578,1.802775637722E-1);
#9580=CARTESIAN_POINT('',(3.135711633663E1,1.766259900990E1,-1.525E0));
#9581=LINE('',#9580,#9579);
#9582=DIRECTION('',(-1.184237892932E-14,0.E0,1.E0));
#9583=VECTOR('',#9582,1.200000000001E0);
#9584=CARTESIAN_POINT('',(3.125711633663E1,1.766259900990E1,-1.375000000001E0));
#9585=LINE('',#9584,#9583);
#9586=DIRECTION('',(-1.E0,0.E0,6.389154438466E-13));
#9587=VECTOR('',#9586,3.100000000011E-1);
#9588=CARTESIAN_POINT('',(3.063711633663E1,1.766259900990E1,
-4.250000000001E-1));
#9589=LINE('',#9588,#9587);
#9590=DIRECTION('',(-3.303504247821E-1,0.E0,9.438583563471E-1));
#9591=VECTOR('',#9590,1.059481005033E-1);
#9592=CARTESIAN_POINT('',(3.032711633663E1,1.766259900990E1,
-4.249999999999E-1));
#9593=LINE('',#9592,#9591);
#9594=DIRECTION('',(-1.E0,0.E0,-1.291078356268E-10));
#9595=VECTOR('',#9594,9.999999992782E-3);
#9596=CARTESIAN_POINT('',(3.029211633662E1,1.766259900990E1,
-3.250000000007E-1));
#9597=LINE('',#9596,#9595);
#9598=DIRECTION('',(0.E0,-7.060477054846E-14,1.E0));
#9599=VECTOR('',#9598,5.031832341077E-2);
#9600=CARTESIAN_POINT('',(3.013211633663E1,1.766259900990E1,
-3.753183234131E-1));
#9601=LINE('',#9600,#9599);
#9602=DIRECTION('',(-1.E0,0.E0,2.531308496219E-12));
#9603=VECTOR('',#9602,9.999999999710E-3);
#9604=CARTESIAN_POINT('',(3.013211633663E1,1.766259900990E1,
-3.250000000023E-1));
#9605=LINE('',#9604,#9603);
#9606=DIRECTION('',(-3.303504247433E-1,0.E0,-9.438583563607E-1));
#9607=VECTOR('',#9606,1.059481004998E-1);
#9608=CARTESIAN_POINT('',(3.012211633663E1,1.766259900990E1,
-3.250000000023E-1));
#9609=LINE('',#9608,#9607);
#9610=DIRECTION('',(-1.E0,0.E0,-3.292238276862E-13));
#9611=VECTOR('',#9610,2.600000000005E-1);
#9612=CARTESIAN_POINT('',(3.008711633663E1,1.766259900990E1,
-4.249999999996E-1));
#9613=LINE('',#9612,#9611);
#9614=DIRECTION('',(-3.303504247821E-1,0.E0,9.438583563471E-1));
#9615=VECTOR('',#9614,1.059481005031E-1);
#9616=CARTESIAN_POINT('',(2.982711633663E1,1.766259900990E1,
-4.249999999997E-1));
#9617=LINE('',#9616,#9615);
#9618=DIRECTION('',(-1.E0,0.E0,-1.602662448352E-10));
#9619=VECTOR('',#9618,9.999999992797E-3);
#9620=CARTESIAN_POINT('',(2.979211633662E1,1.766259900990E1,
-3.250000000007E-1));
#9621=LINE('',#9620,#9619);
#9622=DIRECTION('',(-1.E0,0.E0,-1.600275468673E-10));
#9623=VECTOR('',#9622,9.999999993884E-3);
#9624=CARTESIAN_POINT('',(2.979211633662E1,1.834259900990E1,
-3.250000000007E-1));
#9625=LINE('',#9624,#9623);
#9626=DIRECTION('',(0.E0,-1.E0,0.E0));
#9627=VECTOR('',#9626,6.8E-1);
#9628=CARTESIAN_POINT('',(2.978211633663E1,1.834259900990E1,
-3.250000000023E-1));
#9629=LINE('',#9628,#9627);
#9630=DIRECTION('',(-1.609170313339E-12,-1.E0,0.E0));
#9631=VECTOR('',#9630,6.8E-1);
#9632=CARTESIAN_POINT('',(2.979211633662E1,1.834259900990E1,
-3.250000000007E-1));
#9633=LINE('',#9632,#9631);
#9634=DIRECTION('',(1.609170313339E-12,1.E0,-1.632680918566E-14));
#9635=VECTOR('',#9634,6.8E-1);
#9636=CARTESIAN_POINT('',(2.982711633663E1,1.766259900990E1,
-4.249999999997E-1));
#9637=LINE('',#9636,#9635);
#9638=DIRECTION('',(-1.E0,0.E0,0.E0));
#9639=VECTOR('',#9638,8.55E-1);
#9640=CARTESIAN_POINT('',(3.063711633663E1,1.834259900990E1,
-1.750000000001E-1));
#9641=LINE('',#9640,#9639);
#9642=DIRECTION('',(0.E0,0.E0,-1.E0));
#9643=VECTOR('',#9642,1.500000000022E-1);
#9644=CARTESIAN_POINT('',(2.978211633663E1,1.834259900990E1,
-1.750000000001E-1));
#9645=LINE('',#9644,#9643);
#9646=DIRECTION('',(3.303504247821E-1,0.E0,-9.438583563471E-1));
#9647=VECTOR('',#9646,1.059481005032E-1);
#9648=CARTESIAN_POINT('',(2.979211633662E1,1.834259900990E1,
-3.250000000007E-1));
#9649=LINE('',#9648,#9647);
#9650=DIRECTION('',(1.E0,0.E0,3.290103232602E-13));
#9651=VECTOR('',#9650,2.599999999991E-1);
#9652=CARTESIAN_POINT('',(2.982711633663E1,1.834259900990E1,
-4.249999999997E-1));
#9653=LINE('',#9652,#9651);
#9654=DIRECTION('',(3.303504247434E-1,0.E0,9.438583563607E-1));
#9655=VECTOR('',#9654,1.059481005002E-1);
#9656=CARTESIAN_POINT('',(3.008711633663E1,1.834259900990E1,
-4.249999999996E-1));
#9657=LINE('',#9656,#9655);
#9658=DIRECTION('',(3.303504247822E-1,0.E0,-9.438583563471E-1));
#9659=VECTOR('',#9658,1.059481005033E-1);
#9660=CARTESIAN_POINT('',(3.029211633662E1,1.834259900990E1,
-3.250000000007E-1));
#9661=LINE('',#9660,#9659);
#9662=DIRECTION('',(1.E0,0.E0,-6.392735803083E-13));
#9663=VECTOR('',#9662,3.1E-1);
#9664=CARTESIAN_POINT('',(3.032711633663E1,1.834259900990E1,
-4.249999999999E-1));
#9665=LINE('',#9664,#9663);
#9666=DIRECTION('',(0.E0,0.E0,1.E0));
#9667=VECTOR('',#9666,2.5E-1);
#9668=CARTESIAN_POINT('',(3.063711633663E1,1.834259900990E1,
-4.250000000001E-1));
#9669=LINE('',#9668,#9667);
#9670=DIRECTION('',(-1.E0,-2.900174431674E-14,0.E0));
#9671=VECTOR('',#9670,1.225E0);
#9672=CARTESIAN_POINT('',(3.100711633663E1,1.840259900990E1,
-1.750000000001E-1));
#9673=LINE('',#9672,#9671);
#9674=DIRECTION('',(0.E0,1.E0,0.E0));
#9675=VECTOR('',#9674,6.E-2);
#9676=CARTESIAN_POINT('',(2.978211633663E1,1.834259900990E1,
-1.750000000001E-1));
#9677=LINE('',#9676,#9675);
#9678=DIRECTION('',(0.E0,-1.E0,0.E0));
#9679=VECTOR('',#9678,6.8E-1);
#9680=CARTESIAN_POINT('',(3.063711633663E1,1.834259900990E1,
-1.750000000001E-1));
#9681=LINE('',#9680,#9679);
#9682=DIRECTION('',(1.E0,0.E0,0.E0));
#9683=VECTOR('',#9682,6.2E-1);
#9684=CARTESIAN_POINT('',(3.063711633663E1,1.766259900990E1,
-1.750000000001E-1));
#9685=LINE('',#9684,#9683);
#9686=DIRECTION('',(6.579099405186E-14,1.E0,0.E0));
#9687=VECTOR('',#9686,5.4E-1);
#9688=CARTESIAN_POINT('',(3.125711633663E1,1.766259900990E1,
-1.750000000001E-1));
#9689=LINE('',#9688,#9687);
#9690=DIRECTION('',(-1.E0,-1.563194018669E-12,0.E0));
#9691=VECTOR('',#9690,2.500000000006E-2);
#9692=CARTESIAN_POINT('',(3.125711633663E1,1.820259900990E1,
-1.750000000001E-1));
#9693=LINE('',#9692,#9691);
#9694=DIRECTION('',(0.E0,-1.E0,0.E0));
#9695=VECTOR('',#9694,4.2E-1);
#9696=CARTESIAN_POINT('',(3.123211633663E1,1.820259900990E1,
-1.750000000001E-1));
#9697=LINE('',#9696,#9695);
#9698=DIRECTION('',(-1.E0,-1.044915787883E-13,0.E0));
#9699=VECTOR('',#9698,1.7E-1);
#9700=CARTESIAN_POINT('',(3.123211633663E1,1.778259900990E1,
-1.750000000001E-1));
#9701=LINE('',#9700,#9699);
#9702=DIRECTION('',(0.E0,1.E0,0.E0));
#9703=VECTOR('',#9702,4.2E-1);
#9704=CARTESIAN_POINT('',(3.106211633663E1,1.778259900990E1,
-1.750000000001E-1));
#9705=LINE('',#9704,#9703);
#9706=DIRECTION('',(-1.E0,2.583791766400E-13,0.E0));
#9707=VECTOR('',#9706,5.500000000002E-2);
#9708=CARTESIAN_POINT('',(3.106211633663E1,1.820259900990E1,
-1.750000000001E-1));
#9709=LINE('',#9708,#9707);
#9710=DIRECTION('',(5.861977570020E-13,1.E0,0.E0));
#9711=VECTOR('',#9710,2.E-1);
#9712=CARTESIAN_POINT('',(3.100711633663E1,1.820259900990E1,
-1.750000000001E-1));
#9713=LINE('',#9712,#9711);
#9714=DIRECTION('',(-1.E0,0.E0,-1.005578599113E-12));
#9715=VECTOR('',#9714,9.399999999995E-1);
#9716=CARTESIAN_POINT('',(3.072211633663E1,1.840259900990E1,1.425000000001E0));
#9717=LINE('',#9716,#9715);
#9718=DIRECTION('',(0.E0,0.E0,-1.E0));
#9719=VECTOR('',#9718,1.6E0);
#9720=CARTESIAN_POINT('',(2.978211633663E1,1.840259900990E1,1.425E0));
#9721=LINE('',#9720,#9719);
#9722=DIRECTION('',(-7.727152251372E-13,-7.371880883493E-13,-1.E0));
#9723=VECTOR('',#9722,1.200000000003E0);
#9724=CARTESIAN_POINT('',(3.100711633663E1,1.840259900990E1,
-1.750000000001E-1));
#9725=LINE('',#9724,#9723);
#9726=DIRECTION('',(1.E0,1.531614341525E-12,3.196948878459E-12));
#9727=VECTOR('',#9726,4.500000000008E-1);
#9728=CARTESIAN_POINT('',(3.100711633663E1,1.840259900990E1,-1.375000000003E0));
#9729=LINE('',#9728,#9727);
#9730=DIRECTION('',(0.E0,6.158037043250E-14,1.E0));
#9731=VECTOR('',#9730,2.250000000002E0);
#9732=CARTESIAN_POINT('',(3.145711633663E1,1.840259900990E1,-1.375000000002E0));
#9733=LINE('',#9732,#9731);
#9734=DIRECTION('',(-1.E0,3.597684738026E-14,4.047395330279E-14));
#9735=VECTOR('',#9734,3.95E-1);
#9736=CARTESIAN_POINT('',(3.145711633663E1,1.840259900990E1,8.75E-1));
#9737=LINE('',#9736,#9735);
#9738=DIRECTION('',(3.126388037343E-13,0.E0,1.E0));
#9739=VECTOR('',#9738,5.000000000003E-1);
#9740=CARTESIAN_POINT('',(3.106211633663E1,1.840259900990E1,8.75E-1));
#9741=LINE('',#9740,#9739);
#9742=DIRECTION('',(-5.547001962273E-1,0.E0,8.320502943365E-1));
#9743=VECTOR('',#9742,1.802775637731E-1);
#9744=CARTESIAN_POINT('',(3.106211633663E1,1.840259900990E1,1.375E0));
#9745=LINE('',#9744,#9743);
#9746=DIRECTION('',(-6.246950475599E-1,0.E0,-7.808688094386E-1));
#9747=VECTOR('',#9746,1.280624847483E-1);
#9748=CARTESIAN_POINT('',(3.080211633663E1,1.840259900990E1,1.525E0));
#9749=LINE('',#9748,#9747);
#9750=DIRECTION('',(0.E0,-1.E0,0.E0));
#9751=VECTOR('',#9750,2.000000000029E-1);
#9752=CARTESIAN_POINT('',(2.978211633663E1,1.840259900990E1,1.425E0));
#9753=LINE('',#9752,#9751);
#9754=DIRECTION('',(7.460698725472E-13,-1.E0,1.258992909923E-12));
#9755=VECTOR('',#9754,2.000000000002E-1);
#9756=CARTESIAN_POINT('',(3.072211633663E1,1.840259900990E1,1.425000000001E0));
#9757=LINE('',#9756,#9755);
#9758=DIRECTION('',(0.E0,7.071067811661E-1,7.071067812070E-1));
#9759=VECTOR('',#9758,1.414213562373E-1);
#9760=CARTESIAN_POINT('',(2.978211633663E1,1.810259900990E1,1.324999999997E0));
#9761=LINE('',#9760,#9759);
#9762=DIRECTION('',(1.E0,2.823273529856E-12,1.274158084006E-12));
#9763=VECTOR('',#9762,9.399999999997E-1);
#9764=CARTESIAN_POINT('',(2.978211633663E1,1.820259900990E1,1.425E0));
#9765=LINE('',#9764,#9763);
#9766=DIRECTION('',(1.E0,1.285024096587E-13,4.492859984760E-13));
#9767=VECTOR('',#9766,9.4E-1);
#9768=CARTESIAN_POINT('',(2.978211633663E1,1.810259900990E1,1.324999999997E0));
#9769=LINE('',#9768,#9767);
#9770=DIRECTION('',(-1.E0,3.633457171501E-13,0.E0));
#9771=VECTOR('',#9770,4.4E-1);
#9772=CARTESIAN_POINT('',(3.072211633663E1,1.810259900990E1,2.25E-1));
#9773=LINE('',#9772,#9771);
#9774=DIRECTION('',(-1.E0,7.105427357601E-14,-4.423128530106E-12));
#9775=VECTOR('',#9774,1.5E-1);
#9776=CARTESIAN_POINT('',(3.028211633663E1,1.810259900990E1,1.107079458092E0));
#9777=LINE('',#9776,#9775);
#9778=DIRECTION('',(0.E0,-5.840102937449E-13,-1.E0));
#9779=VECTOR('',#9778,8.820794580910E-1);
#9780=CARTESIAN_POINT('',(3.013211633663E1,1.810259900990E1,1.107079458091E0));
#9781=LINE('',#9780,#9779);
#9782=DIRECTION('',(-1.E0,-4.060244204343E-13,1.229175491549E-14));
#9783=VECTOR('',#9782,3.5E-1);
#9784=CARTESIAN_POINT('',(3.013211633663E1,1.810259900990E1,2.25E-1));
#9785=LINE('',#9784,#9783);
#9786=DIRECTION('',(0.E0,0.E0,1.E0));
#9787=VECTOR('',#9786,1.099999999997E0);
#9788=CARTESIAN_POINT('',(2.978211633663E1,1.810259900990E1,2.25E-1));
#9789=LINE('',#9788,#9787);
#9790=DIRECTION('',(3.875687649609E-14,1.001219309482E-13,1.E0));
#9791=VECTOR('',#9790,1.099999999998E0);
#9792=CARTESIAN_POINT('',(3.072211633663E1,1.810259900990E1,2.25E-1));
#9793=LINE('',#9792,#9791);
#9794=DIRECTION('',(-2.361419057821E-12,7.071067811723E-1,7.071067812008E-1));
#9795=VECTOR('',#9794,1.414213562396E-1);
#9796=CARTESIAN_POINT('',(3.072211633663E1,1.810259900990E1,1.324999999998E0));
#9797=LINE('',#9796,#9795);
#9798=DIRECTION('',(3.590737399186E-12,4.472135954923E-1,-8.944271910038E-1));
#9799=VECTOR('',#9798,1.118033988772E-1);
#9800=CARTESIAN_POINT('',(3.072211633663E1,1.761259900990E1,1.425000000001E0));
#9801=LINE('',#9800,#9799);
#9802=DIRECTION('',(6.136505445206E-14,2.357709986842E-13,-1.E0));
#9803=VECTOR('',#9802,1.099999999999E0);
#9804=CARTESIAN_POINT('',(3.072211633663E1,1.766259900990E1,1.324999999999E0));
#9805=LINE('',#9804,#9803);
#9806=DIRECTION('',(3.070989790149E-13,1.E0,-3.579057953960E-13));
#9807=VECTOR('',#9806,5.900000000002E-1);
#9808=CARTESIAN_POINT('',(3.072211633663E1,1.761259900990E1,1.425000000001E0));
#9809=LINE('',#9808,#9807);
#9810=DIRECTION('',(-1.E0,0.E0,3.462390449679E-14));
#9811=VECTOR('',#9810,1.18E0);
#9812=CARTESIAN_POINT('',(3.096211633663E1,1.740259900990E1,1.525E0));
#9813=LINE('',#9812,#9811);
#9814=DIRECTION('',(0.E0,-1.E0,0.E0));
#9815=VECTOR('',#9814,1.600000000013E-1);
#9816=CARTESIAN_POINT('',(2.978211633663E1,1.756259900990E1,1.525E0));
#9817=LINE('',#9816,#9815);
#9818=DIRECTION('',(1.E0,-9.543564195994E-13,2.614466377598E-13));
#9819=VECTOR('',#9818,1.02E0);
#9820=CARTESIAN_POINT('',(2.978211633663E1,1.756259900990E1,1.525E0));
#9821=LINE('',#9820,#9819);
#9822=DIRECTION('',(1.353414734782E-13,1.E0,-1.747279569708E-13));
#9823=VECTOR('',#9822,8.399999999997E-1);
#9824=CARTESIAN_POINT('',(3.080211633663E1,1.756259900990E1,1.525E0));
#9825=LINE('',#9824,#9823);
#9826=DIRECTION('',(1.E0,0.E0,-1.061650767299E-12));
#9827=VECTOR('',#9826,1.599999999998E-1);
#9828=CARTESIAN_POINT('',(3.080211633663E1,1.840259900990E1,1.525E0));
#9829=LINE('',#9828,#9827);
#9830=DIRECTION('',(6.315935428979E-14,-1.E0,-2.405483220021E-13));
#9831=VECTOR('',#9830,9.E-1);
#9832=CARTESIAN_POINT('',(3.096211633663E1,1.840259900990E1,1.525E0));
#9833=LINE('',#9832,#9831);
#9834=DIRECTION('',(8.526512829121E-13,-1.E0,2.253752739989E-12));
#9835=VECTOR('',#9834,1.E-1);
#9836=CARTESIAN_POINT('',(3.096211633663E1,1.750259900990E1,1.525E0));
#9837=LINE('',#9836,#9835);
#9838=DIRECTION('',(0.E0,0.E0,-1.E0));
#9839=VECTOR('',#9838,2.55E0);
#9840=CARTESIAN_POINT('',(2.978211633663E1,1.740259900990E1,1.525E0));
#9841=LINE('',#9840,#9839);
#9842=DIRECTION('',(0.E0,0.E0,-1.E0));
#9843=VECTOR('',#9842,3.05E0);
#9844=CARTESIAN_POINT('',(3.096211633663E1,1.740259900990E1,1.525E0));
#9845=LINE('',#9844,#9843);
#9846=DIRECTION('',(-1.E0,0.E0,0.E0));
#9847=VECTOR('',#9846,5.2E-1);
#9848=CARTESIAN_POINT('',(3.096211633663E1,1.740259900990E1,-1.525E0));
#9849=LINE('',#9848,#9847);
#9850=DIRECTION('',(0.E0,-1.E0,0.E0));
#9851=VECTOR('',#9850,5.E-2);
#9852=CARTESIAN_POINT('',(2.978211633663E1,1.745259900990E1,-1.025E0));
#9853=LINE('',#9852,#9851);
#9854=DIRECTION('',(1.E0,0.E0,0.E0));
#9855=VECTOR('',#9854,6.6E-1);
#9856=CARTESIAN_POINT('',(2.978211633663E1,1.740259900990E1,-1.025E0));
#9857=LINE('',#9856,#9855);
#9858=DIRECTION('',(1.E0,0.E0,0.E0));
#9859=VECTOR('',#9858,6.6E-1);
#9860=CARTESIAN_POINT('',(2.978211633663E1,1.745259900990E1,-1.025E0));
#9861=LINE('',#9860,#9859);
#9862=DIRECTION('',(-1.E0,0.E0,1.725286580292E-12));
#9863=VECTOR('',#9862,9.999999999857E-2);
#9864=CARTESIAN_POINT('',(3.044211633663E1,1.745259900990E1,-1.525E0));
#9865=LINE('',#9864,#9863);
#9866=DIRECTION('',(-4.472135955257E-1,0.E0,8.944271909870E-1));
#9867=VECTOR('',#9866,1.118033988726E-1);
#9868=CARTESIAN_POINT('',(3.034211633663E1,1.745259900990E1,-1.525E0));
#9869=LINE('',#9868,#9867);
#9870=DIRECTION('',(-1.E0,-3.552713678944E-13,3.608224830177E-11));
#9871=VECTOR('',#9870,9.999999999597E-3);
#9872=CARTESIAN_POINT('',(3.029211633663E1,1.745259900990E1,-1.425000000003E0));
#9873=LINE('',#9872,#9871);
#9874=DIRECTION('',(0.E0,5.638900560123E-13,-1.E0));
#9875=VECTOR('',#9874,1.134065861538E-1);
#9876=CARTESIAN_POINT('',(3.013211633663E1,1.745259900990E1,-1.311593413849E0));
#9877=LINE('',#9876,#9875);
#9878=DIRECTION('',(-1.E0,1.421085471635E-12,-8.215650382887E-13));
#9879=VECTOR('',#9878,9.999999999195E-3);
#9880=CARTESIAN_POINT('',(3.013211633663E1,1.745259900990E1,-1.425000000003E0));
#9881=LINE('',#9880,#9879);
#9882=DIRECTION('',(-4.472135955263E-1,-6.355287432470E-14,-8.944271909868E-1));
#9883=VECTOR('',#9882,1.118033988722E-1);
#9884=CARTESIAN_POINT('',(3.012211633663E1,1.745259900990E1,-1.425000000003E0));
#9885=LINE('',#9884,#9883);
#9886=DIRECTION('',(-4.472135954961E-1,-6.355287432494E-14,8.944271910018E-1));
#9887=VECTOR('',#9886,1.118033988718E-1);
#9888=CARTESIAN_POINT('',(2.984211633663E1,1.745259900990E1,-1.525E0));
#9889=LINE('',#9888,#9887);
#9890=DIRECTION('',(-1.E0,7.105427357231E-13,-4.756195437247E-11));
#9891=VECTOR('',#9890,1.000000000052E-2);
#9892=CARTESIAN_POINT('',(2.979211633663E1,1.745259900990E1,-1.425000000003E0));
#9893=LINE('',#9892,#9891);
#9894=DIRECTION('',(0.E0,0.E0,1.E0));
#9895=VECTOR('',#9894,4.000000000030E-1);
#9896=CARTESIAN_POINT('',(2.978211633663E1,1.745259900990E1,-1.425000000003E0));
#9897=LINE('',#9896,#9895);
#9898=DIRECTION('',(0.E0,0.E0,1.E0));
#9899=VECTOR('',#9898,5.E-1);
#9900=CARTESIAN_POINT('',(3.044211633663E1,1.745259900990E1,-1.525E0));
#9901=LINE('',#9900,#9899);
#9902=DIRECTION('',(0.E0,-1.E0,0.E0));
#9903=VECTOR('',#9902,5.E-2);
#9904=CARTESIAN_POINT('',(3.044211633663E1,1.745259900990E1,-1.025E0));
#9905=LINE('',#9904,#9903);
#9906=DIRECTION('',(0.E0,0.E0,-1.E0));
#9907=VECTOR('',#9906,5.E-1);
#9908=CARTESIAN_POINT('',(3.044211633663E1,1.740259900990E1,-1.025E0));
#9909=LINE('',#9908,#9907);
#9910=DIRECTION('',(0.E0,-1.E0,7.904787935332E-13));
#9911=VECTOR('',#9910,5.E-2);
#9912=CARTESIAN_POINT('',(3.044211633663E1,1.745259900990E1,-1.525E0));
#9913=LINE('',#9912,#9911);
#9914=DIRECTION('',(7.105427357601E-14,1.E0,-2.220446049250E-14));
#9915=VECTOR('',#9914,9.999999999999E-2);
#9916=CARTESIAN_POINT('',(3.096211633663E1,1.740259900990E1,-1.525E0));
#9917=LINE('',#9916,#9915);
#9918=DIRECTION('',(1.E0,0.E0,-1.839157333723E-14));
#9919=VECTOR('',#9918,4.95E-1);
#9920=CARTESIAN_POINT('',(3.096211633663E1,1.750259900990E1,-1.525E0));
#9921=LINE('',#9920,#9919);
#9922=DIRECTION('',(0.E0,1.E0,1.124100812433E-13));
#9923=VECTOR('',#9922,7.999999999999E-1);
#9924=CARTESIAN_POINT('',(3.145711633663E1,1.750259900990E1,-1.525E0));
#9925=LINE('',#9924,#9923);
#9926=DIRECTION('',(-1.E0,-8.562039965851E-12,1.543210004219E-12));
#9927=VECTOR('',#9926,1.000000000007E-1);
#9928=CARTESIAN_POINT('',(3.145711633663E1,1.830259900990E1,-1.525E0));
#9929=LINE('',#9928,#9927);
#9930=DIRECTION('',(1.620925615955E-12,-1.E0,-8.812395257976E-14));
#9931=VECTOR('',#9930,6.399999999990E-1);
#9932=CARTESIAN_POINT('',(3.135711633663E1,1.830259900990E1,-1.525E0));
#9933=LINE('',#9932,#9931);
#9934=DIRECTION('',(-3.727437302348E-14,0.E0,1.E0));
#9935=VECTOR('',#9934,3.05E0);
#9936=CARTESIAN_POINT('',(3.096211633663E1,1.750259900990E1,-1.525E0));
#9937=LINE('',#9936,#9935);
#9938=DIRECTION('',(5.547001962269E-1,-1.970690974764E-14,-8.320502943367E-1));
#9939=VECTOR('',#9938,1.802775637731E-1);
#9940=CARTESIAN_POINT('',(3.096211633663E1,1.750259900990E1,1.525E0));
#9941=LINE('',#9940,#9939);
#9942=DIRECTION('',(0.E0,0.E0,1.E0));
#9943=VECTOR('',#9942,1.000000000003E-1);
#9944=CARTESIAN_POINT('',(3.123211633663E1,1.750259900990E1,7.749999999998E-1));
#9945=LINE('',#9944,#9943);
#9946=DIRECTION('',(0.E0,0.E0,1.E0));
#9947=VECTOR('',#9946,2.4E0);
#9948=CARTESIAN_POINT('',(3.145711633663E1,1.750259900990E1,-1.525E0));
#9949=LINE('',#9948,#9947);
#9950=DIRECTION('',(0.E0,1.E0,0.E0));
#9951=VECTOR('',#9950,9.E-1);
#9952=CARTESIAN_POINT('',(3.145711633663E1,1.750259900990E1,8.75E-1));
#9953=LINE('',#9952,#9951);
#9954=DIRECTION('',(0.E0,-5.547001962295E-1,-8.320502943350E-1));
#9955=VECTOR('',#9954,1.802775637718E-1);
#9956=CARTESIAN_POINT('',(3.145711633663E1,1.840259900990E1,-1.375000000002E0));
#9957=LINE('',#9956,#9955);
#9958=DIRECTION('',(1.E0,-4.844609561990E-13,-4.757810307338E-12));
#9959=VECTOR('',#9958,1.100000000002E-1);
#9960=CARTESIAN_POINT('',(3.122211633663E1,1.768259900990E1,8.750000000002E-1));
#9961=LINE('',#9960,#9959);
#9962=DIRECTION('',(8.595275029347E-14,1.E0,9.222013833571E-14));
#9963=VECTOR('',#9962,6.200000000006E-1);
#9964=CARTESIAN_POINT('',(3.133211633663E1,1.768259900990E1,8.749999999997E-1));
#9965=LINE('',#9964,#9963);
#9966=DIRECTION('',(-1.E0,-1.091652021302E-11,4.617518488771E-12));
#9967=VECTOR('',#9966,1.100000000003E-1);
#9968=CARTESIAN_POINT('',(3.133211633663E1,1.830259900990E1,8.749999999997E-1));
#9969=LINE('',#9968,#9967);
#9970=DIRECTION('',(0.E0,1.E0,-2.799149800809E-12));
#9971=VECTOR('',#9970,8.000000000078E-2);
#9972=CARTESIAN_POINT('',(3.122211633663E1,1.830259900990E1,8.750000000002E-1));
#9973=LINE('',#9972,#9971);
#9974=DIRECTION('',(-1.E0,5.595524044112E-10,-5.514477763314E-11));
#9975=VECTOR('',#9974,9.999999999998E-3);
#9976=CARTESIAN_POINT('',(3.107211633663E1,1.830259900989E1,8.750000000001E-1));
#9977=LINE('',#9976,#9975);
#9978=DIRECTION('',(-2.131628207270E-13,1.E0,4.566347300260E-12));
#9979=VECTOR('',#9978,1.000000000005E-1);
#9980=CARTESIAN_POINT('',(3.106211633663E1,1.830259900990E1,8.749999999996E-1));
#9981=LINE('',#9980,#9979);
#9982=DIRECTION('',(-1.E0,0.E0,5.161303483368E-13));
#9983=VECTOR('',#9982,2.25E-1);
#9984=CARTESIAN_POINT('',(3.145711633663E1,1.750259900990E1,8.75E-1));
#9985=LINE('',#9984,#9983);
#9986=DIRECTION('',(0.E0,1.E0,5.336842079409E-12));
#9987=VECTOR('',#9986,9.999999999934E-2);
#9988=CARTESIAN_POINT('',(3.123211633663E1,1.750259900990E1,8.750000000001E-1));
#9989=LINE('',#9988,#9987);
#9990=DIRECTION('',(-1.E0,-4.476419235291E-11,1.088018564133E-12));
#9991=VECTOR('',#9990,9.999999999994E-3);
#9992=CARTESIAN_POINT('',(3.123211633663E1,1.760259900990E1,8.750000000007E-1));
#9993=LINE('',#9992,#9991);
#9994=DIRECTION('',(4.884981308292E-13,-1.E0,5.928590951428E-12));
#9995=VECTOR('',#9994,8.000000000095E-2);
#9996=CARTESIAN_POINT('',(3.122211633663E1,1.768259900990E1,8.750000000002E-1));
#9997=LINE('',#9996,#9995);
#9998=DIRECTION('',(0.E0,-5.000000003057E-1,-8.660254036079E-1));
#9999=VECTOR('',#9998,2.656957736238E-3);
#10000=CARTESIAN_POINT('',(3.122211633663E1,1.760259900990E1,
8.750000000007E-1));
#10001=LINE('',#10000,#9999);
#10002=CARTESIAN_POINT('',(3.122211633663E1,1.762259900990E1,
7.750000000010E-1));
#10003=DIRECTION('',(1.E0,0.E0,0.E0));
#10004=DIRECTION('',(0.E0,-2.132847887027E-1,9.769900710386E-1));
#10005=AXIS2_PLACEMENT_3D('',#10002,#10003,#10004);
#10007=CARTESIAN_POINT('',(3.122211633663E1,1.744939392914E1,
8.750000000009E-1));
#10008=DIRECTION('',(-1.E0,0.E0,0.E0));
#10009=DIRECTION('',(0.E0,8.660254174927E-1,-4.999999762566E-1));
#10010=AXIS2_PLACEMENT_3D('',#10007,#10008,#10009);
#10012=DIRECTION('',(0.E0,-1.E0,4.737090264741E-13));
#10013=VECTOR('',#10012,6.679491931435E-2);
#10014=CARTESIAN_POINT('',(3.122211633663E1,1.744939392921E1,
7.750000000010E-1));
#10015=LINE('',#10014,#10013);
#10016=DIRECTION('',(0.E0,0.E0,1.E0));
#10017=VECTOR('',#10016,4.000000000016E-1);
#10018=CARTESIAN_POINT('',(3.122211633663E1,1.738259900990E1,
7.750000000010E-1));
#10019=LINE('',#10018,#10017);
#10020=CARTESIAN_POINT('',(3.122211633663E1,1.748259900990E1,1.175000000001E0));
#10021=DIRECTION('',(-1.E0,0.E0,0.E0));
#10022=DIRECTION('',(0.E0,-1.E0,2.022604306262E-11));
#10023=AXIS2_PLACEMENT_3D('',#10020,#10021,#10022);
#10025=DIRECTION('',(0.E0,1.E0,0.E0));
#10026=VECTOR('',#10025,2.5E-1);
#10027=CARTESIAN_POINT('',(3.122211633663E1,1.748259900990E1,1.275000000001E0));
#10028=LINE('',#10027,#10026);
#10029=CARTESIAN_POINT('',(3.122211633663E1,1.773259900990E1,1.375000000001E0));
#10030=DIRECTION('',(1.E0,0.E0,0.E0));
#10031=DIRECTION('',(0.E0,0.E0,-1.E0));
#10032=AXIS2_PLACEMENT_3D('',#10029,#10030,#10031);
#10034=DIRECTION('',(-8.745141363017E-13,0.E0,1.E0));
#10035=VECTOR('',#10034,6.500000000137E-2);
#10036=CARTESIAN_POINT('',(3.122211633663E1,1.783259900990E1,1.375000000001E0));
#10037=LINE('',#10036,#10035);
#10038=DIRECTION('',(-1.386019023774E-14,1.E0,3.857464195541E-12));
#10039=VECTOR('',#10038,2.563250300221E-1);
#10040=CARTESIAN_POINT('',(3.122211633663E1,1.783259900990E1,1.440000000002E0));
#10041=LINE('',#10040,#10039);
#10042=CARTESIAN_POINT('',(3.122211633663E1,1.818259900990E1,1.475000000001E0));
#10043=DIRECTION('',(1.E0,0.E0,0.E0));
#10044=DIRECTION('',(0.E0,-9.367496997658E-1,-3.499999999839E-1));
#10045=AXIS2_PLACEMENT_3D('',#10042,#10043,#10044);
#10047=DIRECTION('',(0.E0,1.E0,0.E0));
#10048=VECTOR('',#10047,9.999999999998E-2);
#10049=CARTESIAN_POINT('',(3.122211633663E1,1.818259900990E1,1.375000000001E0));
#10050=LINE('',#10049,#10048);
#10051=CARTESIAN_POINT('',(3.122211633663E1,1.828259900990E1,1.275000000001E0));
#10052=DIRECTION('',(-1.E0,0.E0,0.E0));
#10053=DIRECTION('',(0.E0,0.E0,1.E0));
#10054=AXIS2_PLACEMENT_3D('',#10051,#10052,#10053);
#10056=DIRECTION('',(0.E0,0.E0,-1.E0));
#10057=VECTOR('',#10056,4.000000000010E-1);
#10058=CARTESIAN_POINT('',(3.122211633663E1,1.838259900990E1,1.275000000001E0));
#10059=LINE('',#10058,#10057);
#10060=CARTESIAN_POINT('',(3.122211633663E1,1.830259900990E1,
7.750000000010E-1));
#10061=DIRECTION('',(1.E0,0.E0,0.E0));
#10062=DIRECTION('',(0.E0,-4.575895218304E-11,1.E0));
#10063=AXIS2_PLACEMENT_3D('',#10060,#10061,#10062);
#10065=DIRECTION('',(1.421085471622E-13,-1.563194018784E-12,-1.E0));
#10066=VECTOR('',#10065,4.999999999641E-2);
#10067=CARTESIAN_POINT('',(3.122211633663E1,1.820259900990E1,
7.749999999974E-1));
#10068=LINE('',#10067,#10066);
#10069=CARTESIAN_POINT('',(3.122211633663E1,1.810259900990E1,
-1.375000000025E0));
#10070=DIRECTION('',(-1.E0,0.E0,0.E0));
#10071=DIRECTION('',(0.E0,1.E0,-3.920708202543E-10));
#10072=AXIS2_PLACEMENT_3D('',#10069,#10070,#10071);
#10074=DIRECTION('',(0.E0,-3.420201431343E-1,-9.396926208556E-1));
#10075=VECTOR('',#10074,1.054263462099E-1);
#10076=CARTESIAN_POINT('',(3.122211633663E1,1.819656827198E1,
-1.409202014354E0));
#10077=LINE('',#10076,#10075);
#10078=CARTESIAN_POINT('',(3.122211633663E1,1.806654107585E1,
-1.474068359672E0));
#10079=DIRECTION('',(-1.E0,0.E0,0.E0));
#10080=DIRECTION('',(0.E0,9.396926213237E-1,-3.420201418480E-1));
#10081=AXIS2_PLACEMENT_3D('',#10078,#10079,#10080);
#10083=DIRECTION('',(0.E0,-1.E0,6.848595768870E-11));
#10084=VECTOR('',#10083,2.999999998117E-2);
#10085=CARTESIAN_POINT('',(3.122211633663E1,1.815259900990E1,
-1.525000000001E0));
#10086=LINE('',#10085,#10084);
#10087=CARTESIAN_POINT('',(3.122211633663E1,1.812259900990E1,
-1.424999999999E0));
#10088=DIRECTION('',(-1.E0,0.E0,0.E0));
#10089=DIRECTION('',(0.E0,3.275246740519E-10,-1.E0));
#10090=AXIS2_PLACEMENT_3D('',#10087,#10088,#10089);
#10092=DIRECTION('',(0.E0,-5.796532844517E-13,1.E0));
#10093=VECTOR('',#10092,5.699999999844E-1);
#10094=CARTESIAN_POINT('',(3.122211633663E1,1.802259900990E1,
-1.424999999983E0));
#10095=LINE('',#10094,#10093);
#10096=CARTESIAN_POINT('',(3.122211633663E1,1.794259900990E1,
-8.549999999993E-1));
#10097=DIRECTION('',(1.E0,0.E0,0.E0));
#10098=DIRECTION('',(0.E0,1.E0,6.245004513517E-13));
#10099=AXIS2_PLACEMENT_3D('',#10096,#10097,#10098);
#10101=DIRECTION('',(0.E0,-1.E0,-8.326672684698E-13));
#10102=VECTOR('',#10101,3.999999999995E-2);
#10103=CARTESIAN_POINT('',(3.122211633663E1,1.794259900990E1,
-7.749999999993E-1));
#10104=LINE('',#10103,#10102);
#10105=CARTESIAN_POINT('',(3.122211633663E1,1.790259900990E1,
-6.949999999993E-1));
#10106=DIRECTION('',(-1.E0,0.E0,0.E0));
#10107=DIRECTION('',(0.E0,-9.148237722900E-12,-1.E0));
#10108=AXIS2_PLACEMENT_3D('',#10105,#10106,#10107);
#10110=DIRECTION('',(0.E0,6.148927520985E-14,1.E0));
#10111=VECTOR('',#10110,5.200000000014E-1);
#10112=CARTESIAN_POINT('',(3.122211633663E1,1.782259900990E1,
-6.950000000008E-1));
#10113=LINE('',#10112,#10111);
#10114=CARTESIAN_POINT('',(3.122211633663E1,1.772259900990E1,
-1.749999999993E-1));
#10115=DIRECTION('',(1.E0,0.E0,0.E0));
#10116=DIRECTION('',(0.E0,1.E0,-1.899314039377E-12));
#10117=AXIS2_PLACEMENT_3D('',#10114,#10115,#10116);
#10119=CARTESIAN_POINT('',(3.122211633663E1,1.789259900990E1,
-6.964346247082E-2));
#10120=DIRECTION('',(-1.E0,0.E0,0.E0));
#10121=DIRECTION('',(0.E0,-8.499999999992E-1,-5.267826876439E-1));
#10122=AXIS2_PLACEMENT_3D('',#10119,#10120,#10121);
#10124=DIRECTION('',(0.E0,0.E0,1.E0));
#10125=VECTOR('',#10124,5.000000000114E-2);
#10126=CARTESIAN_POINT('',(3.122211633663E1,1.779259900990E1,
-6.964346250038E-2));
#10127=LINE('',#10126,#10125);
#10128=CARTESIAN_POINT('',(3.122211633663E1,1.789259900990E1,
-1.964346249906E-2));
#10129=DIRECTION('',(-1.E0,0.E0,0.E0));
#10130=DIRECTION('',(0.E0,-1.E0,-2.966966949902E-12));
#10131=AXIS2_PLACEMENT_3D('',#10128,#10129,#10130);
#10133=CARTESIAN_POINT('',(3.122211633663E1,1.772259900990E1,
8.571307502939E-2));
#10134=DIRECTION('',(1.E0,0.E0,0.E0));
#10135=DIRECTION('',(0.E0,8.500000000006E-1,-5.267826876417E-1));
#10136=AXIS2_PLACEMENT_3D('',#10133,#10134,#10135);
#10138=DIRECTION('',(0.E0,0.E0,1.E0));
#10139=VECTOR('',#10138,3.928692489990E-2);
#10140=CARTESIAN_POINT('',(3.122211633663E1,1.782259900990E1,
8.571307510090E-2));
#10141=LINE('',#10140,#10139);
#10142=CARTESIAN_POINT('',(3.122211633663E1,1.772259900990E1,
1.250000000009E-1));
#10143=DIRECTION('',(1.E0,0.E0,0.E0));
#10144=DIRECTION('',(0.E0,1.E0,-7.019385073192E-13));
#10145=AXIS2_PLACEMENT_3D('',#10142,#10143,#10144);
#10147=CARTESIAN_POINT('',(3.122211633663E1,1.787259900990E1,
2.572875655540E-1));
#10148=DIRECTION('',(-1.E0,0.E0,0.E0));
#10149=DIRECTION('',(0.E0,-7.500000000108E-1,-6.614378277540E-1));
#10150=AXIS2_PLACEMENT_3D('',#10147,#10148,#10149);
#10152=DIRECTION('',(0.E0,-1.053661241522E-14,1.E0));
#10153=VECTOR('',#10152,3.371779789176E-1);
#10154=CARTESIAN_POINT('',(3.122211633663E1,1.778259900990E1,
2.136985761188E-1));
#10155=LINE('',#10154,#10153);
#10156=CARTESIAN_POINT('',(3.122211633663E1,1.787259900990E1,
5.072875656010E-1));
#10157=DIRECTION('',(-1.E0,0.E0,0.E0));
#10158=DIRECTION('',(0.E0,-9.E-1,4.358898943541E-1));
#10159=AXIS2_PLACEMENT_3D('',#10156,#10157,#10158);
#10161=CARTESIAN_POINT('',(3.122211633663E1,1.772259900990E1,
6.395751311541E-1));
#10162=DIRECTION('',(1.E0,0.E0,0.E0));
#10163=DIRECTION('',(0.E0,7.499999999994E-1,-6.614378277669E-1));
#10164=AXIS2_PLACEMENT_3D('',#10161,#10162,#10163);
#10166=DIRECTION('',(0.E0,-2.623383509846E-13,1.E0));
#10167=VECTOR('',#10166,1.354248688942E-1);
#10168=CARTESIAN_POINT('',(3.122211633663E1,1.782259900990E1,
6.395751311024E-1));
#10169=LINE('',#10168,#10167);
#10170=CARTESIAN_POINT('',(3.122211633663E1,1.772259900990E1,
7.750000000010E-1));
#10171=DIRECTION('',(1.E0,0.E0,0.E0));
#10172=DIRECTION('',(0.E0,1.E0,-6.763589688333E-11));
#10173=AXIS2_PLACEMENT_3D('',#10170,#10171,#10172);
#10175=DIRECTION('',(-8.881784196381E-13,-1.E0,-1.092459456155E-11));
#10176=VECTOR('',#10175,4.000000000279E-2);
#10177=CARTESIAN_POINT('',(3.122211633663E1,1.772259900990E1,
8.750000000006E-1));
#10178=LINE('',#10177,#10176);
#10179=DIRECTION('',(1.337135939340E-12,-5.000000003540E-1,-8.660254035800E-1));
#10180=VECTOR('',#10179,2.656957736514E-3);
#10181=CARTESIAN_POINT('',(3.107211633663E1,1.760259900990E1,
8.750000000008E-1));
#10182=LINE('',#10181,#10180);
#10183=DIRECTION('',(0.E0,4.999999999888E-1,8.660254037909E-1));
#10184=VECTOR('',#10183,1.154700538387E-1);
#10185=CARTESIAN_POINT('',(3.123211633663E1,1.754486398298E1,
7.749999999992E-1));
#10186=LINE('',#10185,#10184);
#10187=DIRECTION('',(-1.E0,0.E0,0.E0));
#10188=VECTOR('',#10187,1.7E-1);
#10189=CARTESIAN_POINT('',(3.123211633663E1,1.750259900990E1,
7.749999999998E-1));
#10190=LINE('',#10189,#10188);
#10191=DIRECTION('',(1.E0,4.472239572137E-12,0.E0));
#10192=VECTOR('',#10191,1.7E-1);
#10193=CARTESIAN_POINT('',(3.106211633663E1,1.754486398298E1,
7.749999999992E-1));
#10194=LINE('',#10193,#10192);
#10195=DIRECTION('',(0.E0,-1.E0,1.321813750874E-11));
#10196=VECTOR('',#10195,4.226497308127E-2);
#10197=CARTESIAN_POINT('',(3.123211633663E1,1.754486398298E1,
7.749999999992E-1));
#10198=LINE('',#10197,#10196);
#10199=DIRECTION('',(-5.043486489911E-13,-1.E0,1.322076432485E-11));
#10200=VECTOR('',#10199,4.226497308052E-2);
#10201=CARTESIAN_POINT('',(3.106211633663E1,1.754486398298E1,
7.749999999992E-1));
#10202=LINE('',#10201,#10200);
#10203=DIRECTION('',(2.605323364453E-13,0.E0,1.E0));
#10204=VECTOR('',#10203,6.000000000002E-1);
#10205=CARTESIAN_POINT('',(3.106211633663E1,1.750259900990E1,
7.749999999998E-1));
#10206=LINE('',#10205,#10204);
#10207=DIRECTION('',(0.E0,1.E0,3.130828929443E-13));
#10208=VECTOR('',#10207,9.E-1);
#10209=CARTESIAN_POINT('',(3.106211633663E1,1.750259900990E1,1.375E0));
#10210=LINE('',#10209,#10208);
#10211=DIRECTION('',(1.970690974777E-14,-5.547001962268E-1,-8.320502943368E-1));
#10212=VECTOR('',#10211,1.802775637719E-1);
#10213=CARTESIAN_POINT('',(3.106211633663E1,1.830259900990E1,
8.749999999996E-1));
#10214=LINE('',#10213,#10212);
#10215=DIRECTION('',(0.E0,3.947459643107E-14,-1.E0));
#10216=VECTOR('',#10215,9.000000000010E-1);
#10217=CARTESIAN_POINT('',(3.106211633663E1,1.820259900990E1,
7.250000000009E-1));
#10218=LINE('',#10217,#10216);
#10219=DIRECTION('',(0.E0,7.105427357592E-14,1.E0));
#10220=VECTOR('',#10219,9.000000000011E-1);
#10221=CARTESIAN_POINT('',(3.106211633663E1,1.778259900990E1,
-1.750000000001E-1));
#10222=LINE('',#10221,#10220);
#10223=DIRECTION('',(0.E0,-5.547001962291E-1,8.320502943353E-1));
#10224=VECTOR('',#10223,1.802775637726E-1);
#10225=CARTESIAN_POINT('',(3.106211633663E1,1.778259900990E1,
7.250000000010E-1));
#10226=LINE('',#10225,#10224);
#10227=DIRECTION('',(-3.076740298188E-14,-4.999999999899E-1,
-8.660254037903E-1));
#10228=VECTOR('',#10227,1.154700538389E-1);
#10229=CARTESIAN_POINT('',(3.106211633663E1,1.760259900990E1,
8.750000000007E-1));
#10230=LINE('',#10229,#10228);
#10231=DIRECTION('',(-1.E0,2.842170943065E-12,1.082467449019E-11));
#10232=VECTOR('',#10231,9.999999999913E-3);
#10233=CARTESIAN_POINT('',(3.123211633663E1,1.820259900990E1,
7.250000000009E-1));
#10234=LINE('',#10233,#10232);
#10235=DIRECTION('',(-1.E0,-4.263256414560E-12,-1.045830089197E-11));
#10236=VECTOR('',#10235,1.E-2);
#10237=CARTESIAN_POINT('',(3.107211633663E1,1.820259900990E1,
7.250000000010E-1));
#10238=LINE('',#10237,#10236);
#10239=DIRECTION('',(-1.E0,-3.540871299871E-11,-8.311869711027E-13));
#10240=VECTOR('',#10239,1.5E-1);
#10241=CARTESIAN_POINT('',(3.122211633663E1,1.830259900990E1,
8.750000000002E-1));
#10242=LINE('',#10241,#10240);
#10243=DIRECTION('',(1.E0,-2.368475785867E-14,-4.572638564090E-12));
#10244=VECTOR('',#10243,1.5E-1);
#10245=CARTESIAN_POINT('',(3.107211633663E1,1.820259900990E1,
7.749999999981E-1));
#10246=LINE('',#10245,#10244);
#10247=DIRECTION('',(0.E0,1.E0,-6.983302824845E-12));
#10248=VECTOR('',#10247,8.000000000054E-2);
#10249=CARTESIAN_POINT('',(3.107211633663E1,1.760259900990E1,
8.750000000008E-1));
#10250=LINE('',#10249,#10248);
#10251=DIRECTION('',(0.E0,1.E0,1.022792961411E-11));
#10252=VECTOR('',#10251,4.000000000096E-2);
#10253=CARTESIAN_POINT('',(3.107211633663E1,1.768259900990E1,
8.750000000002E-1));
#10254=LINE('',#10253,#10252);
#10255=CARTESIAN_POINT('',(3.107211633663E1,1.772259900990E1,
7.750000000010E-1));
#10256=DIRECTION('',(-1.E0,0.E0,0.E0));
#10257=DIRECTION('',(0.E0,2.543742994026E-11,1.E0));
#10258=AXIS2_PLACEMENT_3D('',#10255,#10256,#10257);
#10260=DIRECTION('',(0.E0,2.361045158858E-13,-1.E0));
#10261=VECTOR('',#10260,1.354248688944E-1);
#10262=CARTESIAN_POINT('',(3.107211633663E1,1.782259900990E1,
7.749999999969E-1));
#10263=LINE('',#10262,#10261);
#10264=CARTESIAN_POINT('',(3.107211633663E1,1.772259900990E1,
6.395751311541E-1));
#10265=DIRECTION('',(-1.E0,0.E0,0.E0));
#10266=DIRECTION('',(0.E0,1.E0,-5.002465108822E-10));
#10267=AXIS2_PLACEMENT_3D('',#10264,#10265,#10266);
#10269=CARTESIAN_POINT('',(3.107211633663E1,1.787259900990E1,
5.072875656010E-1));
#10270=DIRECTION('',(1.E0,0.E0,0.E0));
#10271=DIRECTION('',(0.E0,-7.500000000061E-1,6.614378277593E-1));
#10272=AXIS2_PLACEMENT_3D('',#10269,#10270,#10271);
#10274=CARTESIAN_POINT('',(3.107211633663E1,1.787259900990E1,
2.572875655540E-1));
#10275=DIRECTION('',(1.E0,0.E0,0.E0));
#10276=DIRECTION('',(0.E0,-9.000000000009E-1,-4.358898943522E-1));
#10277=AXIS2_PLACEMENT_3D('',#10274,#10275,#10276);
#10279=CARTESIAN_POINT('',(3.107211633663E1,1.772259900990E1,
1.250000000009E-1));
#10280=DIRECTION('',(-1.E0,0.E0,0.E0));
#10281=DIRECTION('',(0.E0,7.499999999983E-1,6.614378277681E-1));
#10282=AXIS2_PLACEMENT_3D('',#10279,#10280,#10281);
#10284=DIRECTION('',(0.E0,0.E0,-1.E0));
#10285=VECTOR('',#10284,3.928692489990E-2);
#10286=CARTESIAN_POINT('',(3.107211633663E1,1.782259900990E1,
1.250000000008E-1));
#10287=LINE('',#10286,#10285);
#10288=CARTESIAN_POINT('',(3.107211633663E1,1.772259900990E1,
8.571307502939E-2));
#10289=DIRECTION('',(-1.E0,0.E0,0.E0));
#10290=DIRECTION('',(0.E0,1.E0,7.150237346654E-10));
#10291=AXIS2_PLACEMENT_3D('',#10288,#10289,#10290);
#10293=CARTESIAN_POINT('',(3.107211633663E1,1.789259900990E1,
-1.964346249906E-2));
#10294=DIRECTION('',(1.E0,0.E0,0.E0));
#10295=DIRECTION('',(0.E0,-8.499999999998E-1,5.267826876430E-1));
#10296=AXIS2_PLACEMENT_3D('',#10293,#10294,#10295);
#10298=DIRECTION('',(0.E0,0.E0,-1.E0));
#10299=VECTOR('',#10298,5.000000000167E-2);
#10300=CARTESIAN_POINT('',(3.107211633663E1,1.779259900990E1,
-1.964346249924E-2));
#10301=LINE('',#10300,#10299);
#10302=CARTESIAN_POINT('',(3.107211633663E1,1.789259900990E1,
-6.964346247082E-2));
#10303=DIRECTION('',(1.E0,0.E0,0.E0));
#10304=DIRECTION('',(0.E0,-1.E0,-3.055272701502E-10));
#10305=AXIS2_PLACEMENT_3D('',#10302,#10303,#10304);
#10307=CARTESIAN_POINT('',(3.107211633663E1,1.772259900990E1,
-1.749999999993E-1));
#10308=DIRECTION('',(-1.E0,0.E0,0.E0));
#10309=DIRECTION('',(0.E0,8.500000000008E-1,5.267826876414E-1));
#10310=AXIS2_PLACEMENT_3D('',#10307,#10308,#10309);
#10312=DIRECTION('',(0.E0,-6.148927520983E-14,-1.E0));
#10313=VECTOR('',#10312,5.200000000015E-1);
#10314=CARTESIAN_POINT('',(3.107211633663E1,1.782259900990E1,
-1.749999999992E-1));
#10315=LINE('',#10314,#10313);
#10316=CARTESIAN_POINT('',(3.107211633663E1,1.790259900990E1,
-6.949999999993E-1));
#10317=DIRECTION('',(1.E0,0.E0,0.E0));
#10318=DIRECTION('',(0.E0,-1.E0,-2.922107000810E-11));
#10319=AXIS2_PLACEMENT_3D('',#10316,#10317,#10318);
#10321=DIRECTION('',(0.E0,1.E0,8.326672684540E-13));
#10322=VECTOR('',#10321,4.000000000071E-2);
#10323=CARTESIAN_POINT('',(3.107211633663E1,1.790259900990E1,
-7.749999999993E-1));
#10324=LINE('',#10323,#10322);
#10325=CARTESIAN_POINT('',(3.107211633663E1,1.794259900990E1,
-8.549999999993E-1));
#10326=DIRECTION('',(-1.E0,0.E0,0.E0));
#10327=DIRECTION('',(0.E0,1.332267629550E-12,1.E0));
#10328=AXIS2_PLACEMENT_3D('',#10325,#10326,#10327);
#10330=CARTESIAN_POINT('',(3.107211633663E1,1.812259900990E1,
-1.424999999999E0));
#10331=DIRECTION('',(1.E0,0.E0,0.E0));
#10332=DIRECTION('',(0.E0,-1.E0,2.424194178754E-10));
#10333=AXIS2_PLACEMENT_3D('',#10330,#10331,#10332);
#10335=CARTESIAN_POINT('',(3.107211633663E1,1.806654107585E1,
-1.474068359672E0));
#10336=DIRECTION('',(1.E0,0.E0,0.E0));
#10337=DIRECTION('',(0.E0,8.605793405437E-1,-5.093164032597E-1));
#10338=AXIS2_PLACEMENT_3D('',#10335,#10336,#10337);
#10340=DIRECTION('',(0.E0,3.420201431341E-1,9.396926208556E-1));
#10341=VECTOR('',#10340,1.054263462652E-1);
#10342=CARTESIAN_POINT('',(3.107211633663E1,1.816051033794E1,
-1.508270373983E0));
#10343=LINE('',#10342,#10341);
#10344=CARTESIAN_POINT('',(3.107211633663E1,1.810259900990E1,
-1.375000000025E0));
#10345=DIRECTION('',(1.E0,0.E0,0.E0));
#10346=DIRECTION('',(0.E0,9.396926207091E-1,-3.420201435366E-1));
#10347=AXIS2_PLACEMENT_3D('',#10344,#10345,#10346);
#10349=DIRECTION('',(-1.015061051079E-14,-4.246338730347E-13,1.E0));
#10350=VECTOR('',#10349,2.100000000014E0);
#10351=CARTESIAN_POINT('',(3.107211633663E1,1.820259900990E1,
-1.375000000014E0));
#10352=LINE('',#10351,#10350);
#10353=CARTESIAN_POINT('',(3.107211633663E1,1.830259900990E1,
7.750000000010E-1));
#10354=DIRECTION('',(-1.E0,0.E0,0.E0));
#10355=DIRECTION('',(0.E0,-1.E0,-3.517075519717E-11));
#10356=AXIS2_PLACEMENT_3D('',#10353,#10354,#10355);
#10358=DIRECTION('',(0.E0,1.E0,-9.589551374470E-13));
#10359=VECTOR('',#10358,8.000000000609E-2);
#10360=CARTESIAN_POINT('',(3.107211633663E1,1.830259900989E1,
8.750000000001E-1));
#10361=LINE('',#10360,#10359);
#10362=CARTESIAN_POINT('',(3.107211633663E1,1.828259900990E1,1.275000000001E0));
#10363=DIRECTION('',(1.E0,0.E0,0.E0));
#10364=DIRECTION('',(0.E0,1.E0,0.E0));
#10365=AXIS2_PLACEMENT_3D('',#10362,#10363,#10364);
#10367=CARTESIAN_POINT('',(3.107211633663E1,1.818259900990E1,1.475000000001E0));
#10368=DIRECTION('',(-1.E0,0.E0,0.E0));
#10369=DIRECTION('',(0.E0,0.E0,-1.E0));
#10370=AXIS2_PLACEMENT_3D('',#10367,#10368,#10369);
#10372=DIRECTION('',(-1.386019023771E-14,-1.E0,-4.776568060672E-12));
#10373=VECTOR('',#10372,2.563250300225E-1);
#10374=CARTESIAN_POINT('',(3.107211633663E1,1.808892403992E1,1.440000000001E0));
#10375=LINE('',#10374,#10373);
#10376=CARTESIAN_POINT('',(3.107211633663E1,1.773259900990E1,1.375000000001E0));
#10377=DIRECTION('',(-1.E0,0.E0,0.E0));
#10378=DIRECTION('',(0.E0,1.E0,0.E0));
#10379=AXIS2_PLACEMENT_3D('',#10376,#10377,#10378);
#10381=DIRECTION('',(0.E0,-1.E0,0.E0));
#10382=VECTOR('',#10381,2.5E-1);
#10383=CARTESIAN_POINT('',(3.107211633663E1,1.773259900990E1,1.275000000001E0));
#10384=LINE('',#10383,#10382);
#10385=CARTESIAN_POINT('',(3.107211633663E1,1.748259900990E1,1.175000000001E0));
#10386=DIRECTION('',(1.E0,0.E0,0.E0));
#10387=DIRECTION('',(0.E0,0.E0,1.E0));
#10388=AXIS2_PLACEMENT_3D('',#10385,#10386,#10387);
#10390=DIRECTION('',(0.E0,0.E0,-1.E0));
#10391=VECTOR('',#10390,4.000000000009E-1);
#10392=CARTESIAN_POINT('',(3.107211633663E1,1.738259900990E1,1.175000000002E0));
#10393=LINE('',#10392,#10391);
#10394=DIRECTION('',(0.E0,1.E0,-4.753711627011E-13));
#10395=VECTOR('',#10394,6.679491941383E-2);
#10396=CARTESIAN_POINT('',(3.107211633663E1,1.738259900990E1,
7.750000000010E-1));
#10397=LINE('',#10396,#10395);
#10398=CARTESIAN_POINT('',(3.107211633663E1,1.744939392914E1,
8.750000000009E-1));
#10399=DIRECTION('',(1.E0,0.E0,0.E0));
#10400=DIRECTION('',(0.E0,3.408757720536E-9,-1.E0));
#10401=AXIS2_PLACEMENT_3D('',#10398,#10399,#10400);
#10403=CARTESIAN_POINT('',(3.107211633663E1,1.762259900990E1,
7.750000000010E-1));
#10404=DIRECTION('',(-1.E0,0.E0,0.E0));
#10405=DIRECTION('',(0.E0,-8.660254036065E-1,5.000000003083E-1));
#10406=AXIS2_PLACEMENT_3D('',#10403,#10404,#10405);
#10408=DIRECTION('',(-1.E0,-3.410605131650E-11,-3.930189507175E-12));
#10409=VECTOR('',#10408,9.999999999994E-3);
#10410=CARTESIAN_POINT('',(3.107211633663E1,1.760259900990E1,
8.750000000008E-1));
#10411=LINE('',#10410,#10409);
#10412=DIRECTION('',(0.E0,1.E0,-9.012235402295E-12));
#10413=VECTOR('',#10412,8.000000000089E-2);
#10414=CARTESIAN_POINT('',(3.106211633663E1,1.760259900990E1,
8.750000000007E-1));
#10415=LINE('',#10414,#10413);
#10416=DIRECTION('',(1.E0,0.E0,2.017275235745E-11));
#10417=VECTOR('',#10416,9.999999999994E-3);
#10418=CARTESIAN_POINT('',(3.106211633663E1,1.768259900990E1,8.75E-1));
#10419=LINE('',#10418,#10417);
#10420=DIRECTION('',(-1.E0,-1.113183619358E-12,1.280457221735E-13));
#10421=VECTOR('',#10420,1.5E-1);
#10422=CARTESIAN_POINT('',(3.122211633663E1,1.768259900990E1,
8.750000000002E-1));
#10423=LINE('',#10422,#10421);
#10424=DIRECTION('',(1.E0,3.134747363650E-13,-1.251939728358E-12));
#10425=VECTOR('',#10424,1.699999999999E-1);
#10426=CARTESIAN_POINT('',(3.106211633663E1,1.778259900990E1,
7.250000000010E-1));
#10427=LINE('',#10426,#10425);
#10428=DIRECTION('',(4.850712500753E-1,-4.850712500754E-1,7.276068751054E-1));
#10429=VECTOR('',#10428,2.061552812804E-1);
#10430=CARTESIAN_POINT('',(3.123211633663E1,1.778259900990E1,
7.250000000008E-1));
#10431=LINE('',#10430,#10429);
#10432=DIRECTION('',(-1.E0,-7.105427357601E-14,2.371436380599E-12));
#10433=VECTOR('',#10432,1.5E-1);
#10434=CARTESIAN_POINT('',(3.122211633663E1,1.782259900990E1,
7.749999999966E-1));
#10435=LINE('',#10434,#10433);
#10436=DIRECTION('',(1.E0,1.328714915871E-11,5.699144859743E-14));
#10437=VECTOR('',#10436,1.5E-1);
#10438=CARTESIAN_POINT('',(3.107211633663E1,1.772259900990E1,
8.750000000006E-1));
#10439=LINE('',#10438,#10437);
#10440=DIRECTION('',(1.E0,7.105427357601E-14,-1.102081389111E-12));
#10441=VECTOR('',#10440,1.5E-1);
#10442=CARTESIAN_POINT('',(3.107211633663E1,1.782259900990E1,
6.395751311026E-1));
#10443=LINE('',#10442,#10441);
#10444=DIRECTION('',(-1.E0,-2.368475785867E-14,0.E0));
#10445=VECTOR('',#10444,1.5E-1);
#10446=CARTESIAN_POINT('',(3.122211633663E1,1.778259900990E1,
5.508765550364E-1));
#10447=LINE('',#10446,#10445);
#10448=DIRECTION('',(1.E0,1.018444587923E-12,1.256772463876E-12));
#10449=VECTOR('',#10448,1.5E-1);
#10450=CARTESIAN_POINT('',(3.107211633663E1,1.779759900990E1,
5.734313483773E-1));
#10451=LINE('',#10450,#10449);
#10452=DIRECTION('',(0.E0,-1.053661241522E-14,1.E0));
#10453=VECTOR('',#10452,3.371779789176E-1);
#10454=CARTESIAN_POINT('',(3.107211633663E1,1.778259900990E1,
2.136985761188E-1));
#10455=LINE('',#10454,#10453);
#10456=DIRECTION('',(1.026339507208E-13,-1.105288700070E-13,-1.E0));
#10457=VECTOR('',#10456,9.000000000009E-1);
#10458=CARTESIAN_POINT('',(3.123211633663E1,1.778259900990E1,
7.250000000008E-1));
#10459=LINE('',#10458,#10457);
#10460=DIRECTION('',(0.E0,-5.058387571181E-13,1.E0));
#10461=VECTOR('',#10460,2.100000000026E0);
#10462=CARTESIAN_POINT('',(3.122211633663E1,1.820259900990E1,
-1.375000000025E0));
#10463=LINE('',#10462,#10461);
#10464=DIRECTION('',(7.894919286215E-14,0.E0,-1.E0));
#10465=VECTOR('',#10464,9.000000000010E-1);
#10466=CARTESIAN_POINT('',(3.123211633663E1,1.820259900990E1,
7.250000000009E-1));
#10467=LINE('',#10466,#10465);
#10468=DIRECTION('',(8.644936618374E-13,6.098825148579E-13,-1.E0));
#10469=VECTOR('',#10468,1.200000000006E0);
#10470=CARTESIAN_POINT('',(3.125711633663E1,1.820259900990E1,
-1.750000000001E-1));
#10471=LINE('',#10470,#10469);
#10472=DIRECTION('',(-1.E0,8.932537249280E-12,-5.604786476029E-10));
#10473=VECTOR('',#10472,3.500000000108E-2);
#10474=CARTESIAN_POINT('',(3.125711633663E1,1.820259900990E1,
-1.375000000006E0));
#10475=LINE('',#10474,#10473);
#10476=DIRECTION('',(-4.850712501227E-1,4.850712500367E-1,7.276068750996E-1));
#10477=VECTOR('',#10476,6.871842709550E-2);
#10478=CARTESIAN_POINT('',(3.135711633663E1,1.830259900990E1,-1.525E0));
#10479=LINE('',#10478,#10477);
#10480=DIRECTION('',(8.633093376600E-12,-1.E0,1.732613879054E-11));
#10481=VECTOR('',#10480,6.666667333006E-2);
#10482=CARTESIAN_POINT('',(3.132378300329E1,1.833593234323E1,
-1.474999999999E0));
#10483=LINE('',#10482,#10481);
#10484=DIRECTION('',(-4.850712614756E-1,-4.850712130085E-1,7.276068922165E-1));
#10485=VECTOR('',#10484,1.374368509450E-1);
#10486=CARTESIAN_POINT('',(3.132378300329E1,1.826926566990E1,
-1.474999999998E0));
#10487=LINE('',#10486,#10485);
#10488=DIRECTION('',(-1.967150722148E-12,-1.E0,8.216883963353E-12));
#10489=VECTOR('',#10488,5.400000000007E-1);
#10490=CARTESIAN_POINT('',(3.125711633663E1,1.820259900990E1,
-1.375000000006E0));
#10491=LINE('',#10490,#10489);
#10492=DIRECTION('',(3.841106398104E-1,-5.121475197484E-1,-7.682212795803E-1));
#10493=VECTOR('',#10492,1.301708279306E-1);
#10494=CARTESIAN_POINT('',(3.100711633663E1,1.840259900990E1,
-1.375000000003E0));
#10495=LINE('',#10494,#10493);
#10496=DIRECTION('',(1.E0,-3.597122599857E-13,3.468891840510E-12));
#10497=VECTOR('',#10496,2.666666666614E-1);
#10498=CARTESIAN_POINT('',(3.105711633663E1,1.833593234323E1,-1.475E0));
#10499=LINE('',#10498,#10497);
#10500=DIRECTION('',(3.841106498931E-1,5.121474819724E-1,-7.682212997229E-1));
#10501=VECTOR('',#10500,1.301708245124E-1);
#10502=CARTESIAN_POINT('',(3.100711633663E1,1.820259900990E1,
-1.375000000006E0));
#10503=LINE('',#10502,#10501);
#10504=DIRECTION('',(5.329069985530E-14,1.E0,-1.733280012794E-11));
#10505=VECTOR('',#10504,6.666667333038E-2);
#10506=CARTESIAN_POINT('',(3.105711633663E1,1.826926566990E1,
-1.474999999999E0));
#10507=LINE('',#10506,#10505);
#10508=DIRECTION('',(-2.629008122326E-12,1.E0,1.421862627645E-11));
#10509=VECTOR('',#10508,1.999999999989E-1);
#10510=CARTESIAN_POINT('',(3.100711633663E1,1.820259900990E1,
-1.375000000006E0));
#10511=LINE('',#10510,#10509);
#10512=DIRECTION('',(-1.E0,-1.054882676931E-11,1.170516675034E-10));
#10513=VECTOR('',#10512,6.500000000031E-2);
#10514=CARTESIAN_POINT('',(3.107211633663E1,1.820259900990E1,
-1.375000000014E0));
#10515=LINE('',#10514,#10513);
#10516=DIRECTION('',(2.309263891209E-13,-1.657933050099E-13,1.E0));
#10517=VECTOR('',#10516,1.200000000006E0);
#10518=CARTESIAN_POINT('',(3.100711633663E1,1.820259900990E1,
-1.375000000006E0));
#10519=LINE('',#10518,#10517);
#10520=DIRECTION('',(-1.E0,-1.089498861499E-12,7.896202210609E-11));
#10521=VECTOR('',#10520,1.5E-1);
#10522=CARTESIAN_POINT('',(3.122211633663E1,1.820259900990E1,
-1.375000000025E0));
#10523=LINE('',#10522,#10521);
#10524=DIRECTION('',(1.E0,-5.850135191091E-12,-1.916985089186E-12));
#10525=VECTOR('',#10524,1.5E-1);
#10526=CARTESIAN_POINT('',(3.107211633663E1,1.819656827198E1,
-1.409202014354E0));
#10527=LINE('',#10526,#10525);
#10528=DIRECTION('',(-1.E0,-1.200580375856E-10,-3.444829606754E-10));
#10529=VECTOR('',#10528,1.5E-1);
#10530=CARTESIAN_POINT('',(3.122211633663E1,1.816051033796E1,
-1.508270373932E0));
#10531=LINE('',#10530,#10529);
#10532=DIRECTION('',(1.E0,-1.184237892933E-13,0.E0));
#10533=VECTOR('',#10532,1.5E-1);
#10534=CARTESIAN_POINT('',(3.107211633663E1,1.815259900990E1,
-1.525000000001E0));
#10535=LINE('',#10534,#10533);
#10536=DIRECTION('',(0.E0,-1.E0,6.848595769813E-11));
#10537=VECTOR('',#10536,2.999999997704E-2);
#10538=CARTESIAN_POINT('',(3.107211633663E1,1.815259900990E1,
-1.525000000001E0));
#10539=LINE('',#10538,#10537);
#10540=DIRECTION('',(-1.E0,2.756905814749E-11,0.E0));
#10541=VECTOR('',#10540,1.5E-1);
#10542=CARTESIAN_POINT('',(3.122211633663E1,1.812259900992E1,
-1.524999999999E0));
#10543=LINE('',#10542,#10541);
#10544=DIRECTION('',(1.E0,0.E0,2.039849770578E-12));
#10545=VECTOR('',#10544,1.5E-1);
#10546=CARTESIAN_POINT('',(3.107211633663E1,1.802259900990E1,
-1.424999999984E0));
#10547=LINE('',#10546,#10545);
#10548=DIRECTION('',(0.E0,-5.858861154671E-13,1.E0));
#10549=VECTOR('',#10548,5.699999999847E-1);
#10550=CARTESIAN_POINT('',(3.107211633663E1,1.802259900990E1,
-1.424999999984E0));
#10551=LINE('',#10550,#10549);
#10552=DIRECTION('',(-1.E0,2.368475785867E-14,-1.361873576874E-13));
#10553=VECTOR('',#10552,1.5E-1);
#10554=CARTESIAN_POINT('',(3.122211633663E1,1.802259900990E1,
-8.549999999989E-1));
#10555=LINE('',#10554,#10553);
#10556=DIRECTION('',(1.E0,-1.231607408651E-12,7.401486830834E-14));
#10557=VECTOR('',#10556,1.5E-1);
#10558=CARTESIAN_POINT('',(3.107211633663E1,1.794259900990E1,
-7.749999999993E-1));
#10559=LINE('',#10558,#10557);
#10560=DIRECTION('',(-1.E0,-3.907985046680E-12,-7.401486830834E-14));
#10561=VECTOR('',#10560,1.5E-1);
#10562=CARTESIAN_POINT('',(3.122211633663E1,1.790259900990E1,
-7.749999999993E-1));
#10563=LINE('',#10562,#10561);
#10564=DIRECTION('',(1.E0,-7.105427357601E-14,-4.181840059421E-13));
#10565=VECTOR('',#10564,1.5E-1);
#10566=CARTESIAN_POINT('',(3.107211633663E1,1.782259900990E1,
-6.950000000007E-1));
#10567=LINE('',#10566,#10565);
#10568=DIRECTION('',(-1.E0,7.105427357601E-14,1.060633062859E-12));
#10569=VECTOR('',#10568,1.5E-1);
#10570=CARTESIAN_POINT('',(3.122211633663E1,1.782259900990E1,
-1.749999999994E-1));
#10571=LINE('',#10570,#10569);
#10572=DIRECTION('',(1.E0,2.368475785867E-14,-7.281212669833E-14));
#10573=VECTOR('',#10572,1.5E-1);
#10574=CARTESIAN_POINT('',(3.107211633663E1,1.780759900990E1,
-1.223217312352E-1));
#10575=LINE('',#10574,#10573);
#10576=DIRECTION('',(1.E0,0.E0,3.556414422216E-12));
#10577=VECTOR('',#10576,1.5E-1);
#10578=CARTESIAN_POINT('',(3.107211633663E1,1.779259900990E1,
-6.964346250091E-2));
#10579=LINE('',#10578,#10577);
#10580=DIRECTION('',(-1.E0,0.E0,-2.176499721192E-14));
#10581=VECTOR('',#10580,1.5E-1);
#10582=CARTESIAN_POINT('',(3.122211633663E1,1.779259900990E1,
-1.964346249924E-2));
#10583=LINE('',#10582,#10581);
#10584=DIRECTION('',(1.E0,0.E0,0.E0));
#10585=VECTOR('',#10584,1.5E-1);
#10586=CARTESIAN_POINT('',(3.107211633663E1,1.780759900990E1,
3.303480626521E-2));
#10587=LINE('',#10586,#10585);
#10588=DIRECTION('',(1.E0,0.E0,-1.655157492545E-13));
#10589=VECTOR('',#10588,1.5E-1);
#10590=CARTESIAN_POINT('',(3.107211633663E1,1.782259900990E1,
8.571307510093E-2));
#10591=LINE('',#10590,#10589);
#10592=DIRECTION('',(-1.E0,0.E0,1.293409823688E-13));
#10593=VECTOR('',#10592,1.5E-1);
#10594=CARTESIAN_POINT('',(3.122211633663E1,1.782259900990E1,
1.250000000008E-1));
#10595=LINE('',#10594,#10593);
#10596=DIRECTION('',(1.E0,-1.800041597259E-12,2.171966310508E-12));
#10597=VECTOR('',#10596,1.5E-1);
#10598=CARTESIAN_POINT('',(3.107211633663E1,1.779759900990E1,
1.911437827777E-1));
#10599=LINE('',#10598,#10597);
#10600=DIRECTION('',(1.E0,-2.368475785867E-14,0.E0));
#10601=VECTOR('',#10600,1.5E-1);
#10602=CARTESIAN_POINT('',(3.107211633663E1,1.778259900990E1,
2.136985761188E-1));
#10603=LINE('',#10602,#10601);
#10604=DIRECTION('',(1.E0,8.393286066315E-13,3.470557175040E-12));
#10605=VECTOR('',#10604,2.666666666620E-1);
#10606=CARTESIAN_POINT('',(3.105711633663E1,1.826926566990E1,
-1.474999999999E0));
#10607=LINE('',#10606,#10605);
#10608=DIRECTION('',(4.850712500753E-1,4.850712500759E-1,7.276068751051E-1));
#10609=VECTOR('',#10608,2.061552812805E-1);
#10610=CARTESIAN_POINT('',(3.123211633663E1,1.820259900990E1,
7.250000000009E-1));
#10611=LINE('',#10610,#10609);
#10612=DIRECTION('',(5.075305255431E-14,1.E0,2.056555983711E-13));
#10613=VECTOR('',#10612,4.199999999999E-1);
#10614=CARTESIAN_POINT('',(3.123211633663E1,1.778259900990E1,
7.250000000008E-1));
#10615=LINE('',#10614,#10613);
#10616=DIRECTION('',(1.E0,-7.105427357601E-14,7.771561172376E-14));
#10617=VECTOR('',#10616,1.5E-1);
#10618=CARTESIAN_POINT('',(3.107211633663E1,1.820259900990E1,
7.250000000010E-1));
#10619=LINE('',#10618,#10617);
#10620=DIRECTION('',(7.105427358011E-14,-1.421085471602E-12,-1.E0));
#10621=VECTOR('',#10620,4.999999999711E-2);
#10622=CARTESIAN_POINT('',(3.107211633663E1,1.820259900990E1,
7.749999999981E-1));
#10623=LINE('',#10622,#10621);
#10624=DIRECTION('',(1.E0,0.E0,-1.509903313490E-13));
#10625=VECTOR('',#10624,1.5E-1);
#10626=CARTESIAN_POINT('',(3.107211633663E1,1.838259900990E1,8.75E-1));
#10627=LINE('',#10626,#10625);
#10628=DIRECTION('',(0.E0,0.E0,-1.E0));
#10629=VECTOR('',#10628,4.000000000010E-1);
#10630=CARTESIAN_POINT('',(3.107211633663E1,1.838259900990E1,1.275000000001E0));
#10631=LINE('',#10630,#10629);
#10632=DIRECTION('',(-1.E0,5.210646728907E-13,0.E0));
#10633=VECTOR('',#10632,1.5E-1);
#10634=CARTESIAN_POINT('',(3.122211633663E1,1.828259900990E1,1.375000000001E0));
#10635=LINE('',#10634,#10633);
#10636=DIRECTION('',(1.E0,0.E0,4.884981308351E-14));
#10637=VECTOR('',#10636,1.5E-1);
#10638=CARTESIAN_POINT('',(3.107211633663E1,1.838259900990E1,1.275000000001E0));
#10639=LINE('',#10638,#10637);
#10640=DIRECTION('',(0.E0,1.E0,0.E0));
#10641=VECTOR('',#10640,1.000000000001E-1);
#10642=CARTESIAN_POINT('',(3.107211633663E1,1.818259900990E1,1.375000000001E0));
#10643=LINE('',#10642,#10641);
#10644=CARTESIAN_POINT('',(3.122211633663E1,1.808892403992E1,1.440000000004E0));
#10645=CARTESIAN_POINT('',(3.121064950119E1,1.808463965915E1,1.451466835438E0));
#10646=CARTESIAN_POINT('',(3.119897661800E1,1.808259900990E1,1.463139718630E0));
#10647=CARTESIAN_POINT('',(3.118711633663E1,1.808259900990E1,1.475E0));
#10649=DIRECTION('',(-1.E0,3.108624468926E-13,1.579292252517E-11));
#10650=VECTOR('',#10649,8.000000000063E-2);
#10651=CARTESIAN_POINT('',(3.118711633663E1,1.808259900990E1,1.475000000001E0));
#10652=LINE('',#10651,#10650);
#10653=CARTESIAN_POINT('',(3.110711633663E1,1.808259900990E1,1.475000000004E0));
#10654=CARTESIAN_POINT('',(3.109525605526E1,1.808259900990E1,1.463139718632E0));
#10655=CARTESIAN_POINT('',(3.108358317207E1,1.808463965915E1,1.451466835438E0));
#10656=CARTESIAN_POINT('',(3.107211633663E1,1.808892403992E1,1.440000000002E0));
#10658=DIRECTION('',(1.E0,0.E0,0.E0));
#10659=VECTOR('',#10658,1.5E-1);
#10660=CARTESIAN_POINT('',(3.107211633663E1,1.818259900990E1,1.375000000001E0));
#10661=LINE('',#10660,#10659);
#10662=DIRECTION('',(1.E0,0.E0,-1.579014696775E-11));
#10663=VECTOR('',#10662,7.999999999991E-2);
#10664=CARTESIAN_POINT('',(3.110711633663E1,1.783259900990E1,1.475000000002E0));
#10665=LINE('',#10664,#10663);
#10666=DIRECTION('',(7.071067812074E-1,0.E0,-7.071067811657E-1));
#10667=VECTOR('',#10666,4.949747468257E-2);
#10668=CARTESIAN_POINT('',(3.118711633663E1,1.783259900990E1,1.475000000001E0));
#10669=LINE('',#10668,#10667);
#10670=DIRECTION('',(1.803685406191E-12,0.E0,1.E0));
#10671=VECTOR('',#10670,6.499999999888E-2);
#10672=CARTESIAN_POINT('',(3.107211633663E1,1.783259900990E1,1.375000000001E0));
#10673=LINE('',#10672,#10671);
#10674=DIRECTION('',(7.071067811550E-1,0.E0,7.071067812181E-1));
#10675=VECTOR('',#10674,4.949747468420E-2);
#10676=CARTESIAN_POINT('',(3.107211633663E1,1.783259900990E1,1.44E0));
#10677=LINE('',#10676,#10675);
#10678=DIRECTION('',(-2.842170943041E-14,-1.E0,1.838529328779E-13));
#10679=VECTOR('',#10678,2.5E-1);
#10680=CARTESIAN_POINT('',(3.118711633663E1,1.808259900990E1,1.475000000001E0));
#10681=LINE('',#10680,#10679);
#10682=DIRECTION('',(-2.842170943040E-12,1.E0,-1.829647544582E-13));
#10683=VECTOR('',#10682,2.5E-1);
#10684=CARTESIAN_POINT('',(3.110711633663E1,1.783259900990E1,1.475000000002E0));
#10685=LINE('',#10684,#10683);
#10686=DIRECTION('',(-1.E0,-4.736951571734E-14,0.E0));
#10687=VECTOR('',#10686,1.5E-1);
#10688=CARTESIAN_POINT('',(3.122211633663E1,1.773259900990E1,1.275000000001E0));
#10689=LINE('',#10688,#10687);
#10690=DIRECTION('',(1.E0,0.E0,0.E0));
#10691=VECTOR('',#10690,1.5E-1);
#10692=CARTESIAN_POINT('',(3.107211633663E1,1.783259900990E1,1.375000000001E0));
#10693=LINE('',#10692,#10691);
#10694=DIRECTION('',(-1.E0,0.E0,-4.294342659250E-12));
#10695=VECTOR('',#10694,1.5E-1);
#10696=CARTESIAN_POINT('',(3.122211633663E1,1.738259900990E1,1.175000000003E0));
#10697=LINE('',#10696,#10695);
#10698=DIRECTION('',(1.E0,0.E0,0.E0));
#10699=VECTOR('',#10698,1.5E-1);
#10700=CARTESIAN_POINT('',(3.107211633663E1,1.748259900990E1,1.275000000001E0));
#10701=LINE('',#10700,#10699);
#10702=DIRECTION('',(1.E0,0.E0,-6.883382752676E-14));
#10703=VECTOR('',#10702,1.5E-1);
#10704=CARTESIAN_POINT('',(3.107211633663E1,1.738259900990E1,
7.750000000010E-1));
#10705=LINE('',#10704,#10703);
#10706=DIRECTION('',(1.E0,-6.632205895585E-10,-6.957397620984E-14));
#10707=VECTOR('',#10706,1.5E-1);
#10708=CARTESIAN_POINT('',(3.107211633663E1,1.744939392931E1,
7.750000000010E-1));
#10709=LINE('',#10708,#10707);
#10710=DIRECTION('',(-1.E0,-1.184237892933E-13,-4.100423704282E-13));
#10711=VECTOR('',#10710,1.5E-1);
#10712=CARTESIAN_POINT('',(3.122211633663E1,1.760127053103E1,
8.726990071048E-1));
#10713=LINE('',#10712,#10711);
#10714=DIRECTION('',(1.E0,3.003132557448E-9,5.205670709311E-9));
#10715=VECTOR('',#10714,1.5E-1);
#10716=CARTESIAN_POINT('',(3.107211633663E1,1.753599646970E1,
8.250000003515E-1));
#10717=LINE('',#10716,#10715);
#10718=DIRECTION('',(-3.721890520648E-12,1.E0,3.351816179106E-13));
#10719=VECTOR('',#10718,2.1E-1);
#10720=CARTESIAN_POINT('',(3.034211633663E1,1.745259900990E1,-1.525E0));
#10721=LINE('',#10720,#10719);
#10722=DIRECTION('',(-3.468125257877E-12,1.E0,0.E0));
#10723=VECTOR('',#10722,2.1E-1);
#10724=CARTESIAN_POINT('',(3.029211633663E1,1.745259900990E1,
-1.425000000003E0));
#10725=LINE('',#10724,#10723);
#10726=DIRECTION('',(-1.E0,0.E0,3.608224830440E-11));
#10727=VECTOR('',#10726,9.999999998868E-3);
#10728=CARTESIAN_POINT('',(3.029211633663E1,1.766259900990E1,
-1.425000000003E0));
#10729=LINE('',#10728,#10727);
#10730=DIRECTION('',(5.940235728505E-14,-5.000000003903E-1,-8.660254035591E-1));
#10731=VECTOR('',#10730,5.980762113113E-2);
#10732=CARTESIAN_POINT('',(3.028211633663E1,1.772759900988E1,
-8.982050807899E-1));
#10733=LINE('',#10732,#10731);
#10734=CARTESIAN_POINT('',(3.028211633663E1,1.782759900990E1,
-1.024999999944E0));
#10735=DIRECTION('',(1.E0,0.E0,0.E0));
#10736=DIRECTION('',(0.E0,-8.660254041083E-1,4.999999994390E-1));
#10737=AXIS2_PLACEMENT_3D('',#10734,#10735,#10736);
#10739=DIRECTION('',(0.E0,-9.194422965844E-11,-1.E0));
#10740=VECTOR('',#10739,5.000000018974E-2);
#10741=CARTESIAN_POINT('',(3.028211633663E1,1.767759900990E1,
-1.025000000087E0));
#10742=LINE('',#10741,#10740);
#10743=CARTESIAN_POINT('',(3.028211633663E1,1.782759900990E1,-1.075E0));
#10744=DIRECTION('',(1.E0,0.E0,0.E0));
#10745=DIRECTION('',(0.E0,-1.E0,-2.617436637555E-9));
#10746=AXIS2_PLACEMENT_3D('',#10743,#10744,#10745);
#10748=DIRECTION('',(0.E0,8.660254040942E-1,-4.999999994635E-1));
#10749=VECTOR('',#10748,4.041451861069E-2);
#10750=CARTESIAN_POINT('',(3.028211633663E1,1.775259901009E1,
-1.204903810702E0));
#10751=LINE('',#10750,#10749);
#10752=CARTESIAN_POINT('',(3.028211633663E1,1.777259900991E1,
-1.251091832105E0));
#10753=DIRECTION('',(-1.E0,0.E0,0.E0));
#10754=DIRECTION('',(0.E0,4.999999997118E-1,8.660254039508E-1));
#10755=AXIS2_PLACEMENT_3D('',#10752,#10753,#10754);
#10757=DIRECTION('',(0.E0,-4.226182618039E-1,-9.063077870072E-1));
#10758=VECTOR('',#10757,1.723068283814E-1);
#10759=CARTESIAN_POINT('',(3.028211633663E1,1.779978824350E1,
-1.263770379991E0));
#10760=LINE('',#10759,#10758);
#10761=CARTESIAN_POINT('',(3.028211633663E1,1.781759900990E1,
-1.462195226482E0));
#10762=DIRECTION('',(1.E0,0.E0,0.E0));
#10763=DIRECTION('',(0.E0,-9.063077871047E-1,4.226182615948E-1));
#10764=AXIS2_PLACEMENT_3D('',#10761,#10762,#10763);
#10766=DIRECTION('',(-5.115410558367E-14,0.E0,-1.E0));
#10767=VECTOR('',#10766,2.778047734987E-1);
#10768=CARTESIAN_POINT('',(3.028211633663E1,1.771759900990E1,
-1.462195226500E0));
#10769=LINE('',#10768,#10767);
#10770=DIRECTION('',(-1.421085471520E-13,-1.E0,-2.388089725969E-12));
#10771=VECTOR('',#10770,2.E-1);
#10772=CARTESIAN_POINT('',(3.028211633663E1,1.771759900990E1,
-1.739999999999E0));
#10773=LINE('',#10772,#10771);
#10774=DIRECTION('',(2.186285340849E-13,0.E0,1.E0));
#10775=VECTOR('',#10774,6.499999999855E-2);
#10776=CARTESIAN_POINT('',(3.028211633663E1,1.751759900990E1,
-1.739999999999E0));
#10777=LINE('',#10776,#10775);
#10778=CARTESIAN_POINT('',(3.028211633663E1,1.746759900990E1,-1.675E0));
#10779=DIRECTION('',(1.E0,0.E0,0.E0));
#10780=DIRECTION('',(0.E0,1.E0,0.E0));
#10781=AXIS2_PLACEMENT_3D('',#10778,#10779,#10780);
#10783=DIRECTION('',(0.E0,-1.E0,0.E0));
#10784=VECTOR('',#10783,3.5E-2);
#10785=CARTESIAN_POINT('',(3.028211633663E1,1.746759900990E1,-1.625E0));
#10786=LINE('',#10785,#10784);
#10787=CARTESIAN_POINT('',(3.028211633663E1,1.743259900990E1,-1.575E0));
#10788=DIRECTION('',(-1.E0,0.E0,0.E0));
#10789=DIRECTION('',(0.E0,1.065814103640E-12,-1.E0));
#10790=AXIS2_PLACEMENT_3D('',#10787,#10788,#10789);
#10792=DIRECTION('',(0.E0,1.315819881037E-14,1.E0));
#10793=VECTOR('',#10792,2.7E-1);
#10794=CARTESIAN_POINT('',(3.028211633663E1,1.738259900990E1,-1.575E0));
#10795=LINE('',#10794,#10793);
#10796=DIRECTION('',(0.E0,1.E0,0.E0));
#10797=VECTOR('',#10796,4.799999995944E-2);
#10798=CARTESIAN_POINT('',(3.028211633663E1,1.738259900990E1,-1.305E0));
#10799=LINE('',#10798,#10797);
#10800=CARTESIAN_POINT('',(3.028211633663E1,1.743059900986E1,-1.345E0));
#10801=DIRECTION('',(-1.E0,0.E0,0.E0));
#10802=DIRECTION('',(0.E0,0.E0,1.E0));
#10803=AXIS2_PLACEMENT_3D('',#10800,#10801,#10802);
#10805=DIRECTION('',(0.E0,4.385811546759E-13,-1.E0));
#10806=VECTOR('',#10805,1.134065861538E-1);
#10807=CARTESIAN_POINT('',(3.028211633663E1,1.745259900990E1,
-1.311593413849E0));
#10808=LINE('',#10807,#10806);
#10809=DIRECTION('',(0.E0,1.E0,0.E0));
#10810=VECTOR('',#10809,2.1E-1);
#10811=CARTESIAN_POINT('',(3.028211633663E1,1.745259900990E1,
-1.425000000003E0));
#10812=LINE('',#10811,#10810);
#10813=DIRECTION('',(0.E0,0.E0,1.E0));
#10814=VECTOR('',#10813,9.800000000223E-1);
#10815=CARTESIAN_POINT('',(3.028211633663E1,1.766259900990E1,
-1.425000000003E0));
#10816=LINE('',#10815,#10814);
#10817=CARTESIAN_POINT('',(3.028211633663E1,1.774259900990E1,
-4.449999999972E-1));
#10818=DIRECTION('',(1.E0,0.E0,0.E0));
#10819=DIRECTION('',(0.E0,-1.E0,6.105109473520E-10));
#10820=AXIS2_PLACEMENT_3D('',#10817,#10818,#10819);
#10822=DIRECTION('',(0.E0,8.660254036306E-1,-5.000000002664E-1));
#10823=VECTOR('',#10822,1.154700539320E-2);
#10824=CARTESIAN_POINT('',(3.028211633663E1,1.770259900987E1,
-5.142820322826E-1));
#10825=LINE('',#10824,#10823);
#10826=CARTESIAN_POINT('',(3.028211633663E1,1.767259900990E1,
-5.893375673001E-1));
#10827=DIRECTION('',(-1.E0,0.E0,0.E0));
#10828=DIRECTION('',(0.E0,4.999999994580E-1,8.660254040974E-1));
#10829=AXIS2_PLACEMENT_3D('',#10826,#10827,#10828);
#10831=DIRECTION('',(0.E0,-7.071067811973E-1,-7.071067811758E-1));
#10832=VECTOR('',#10831,2.562536175649E-2);
#10833=CARTESIAN_POINT('',(3.028211633663E1,1.774571887695E1,
-5.568801329768E-1));
#10834=LINE('',#10833,#10832);
#10835=DIRECTION('',(-1.E0,2.408619443255E-13,1.340296361028E-12));
#10836=VECTOR('',#10835,8.85E-1);
#10837=CARTESIAN_POINT('',(3.066711633663E1,1.772759900988E1,
-9.549038106067E-1));
#10838=LINE('',#10837,#10836);
#10839=DIRECTION('',(0.E0,0.E0,1.E0));
#10840=VECTOR('',#10839,3.799038105605E-1);
#10841=CARTESIAN_POINT('',(2.978211633663E1,1.772759900988E1,
-9.549038106055E-1));
#10842=LINE('',#10841,#10840);
#10843=DIRECTION('',(1.E0,-1.827109891955E-13,-2.106251681003E-12));
#10844=VECTOR('',#10843,3.5E-1);
#10845=CARTESIAN_POINT('',(2.978211633663E1,1.772759900988E1,
-5.750000000449E-1));
#10846=LINE('',#10845,#10844);
#10847=DIRECTION('',(1.E0,-2.368475785867E-14,-4.295822956616E-12));
#10848=VECTOR('',#10847,1.5E-1);
#10849=CARTESIAN_POINT('',(3.013211633663E1,1.772759900988E1,
-8.982050807892E-1));
#10850=LINE('',#10849,#10848);
#10851=DIRECTION('',(0.E0,8.683786157641E-13,1.E0));
#10852=VECTOR('',#10851,3.232050807450E-1);
#10853=CARTESIAN_POINT('',(3.028211633663E1,1.772759900988E1,
-8.982050807899E-1));
#10854=LINE('',#10853,#10852);
#10855=DIRECTION('',(1.E0,4.031448146157E-14,-2.425168025422E-14));
#10856=VECTOR('',#10855,7.05E-1);
#10857=CARTESIAN_POINT('',(3.028211633663E1,1.772759900988E1,
-5.750000000449E-1));
#10858=LINE('',#10857,#10856);
#10859=DIRECTION('',(0.E0,5.000000000330E-1,8.660254037654E-1));
#10860=VECTOR('',#10859,6.650635089521E-2);
#10861=CARTESIAN_POINT('',(2.978211633663E1,1.769434583443E1,
-1.012499999992E0));
#10862=LINE('',#10861,#10860);
#10863=DIRECTION('',(-1.E0,-1.461229128908E-12,-1.212589350963E-12));
#10864=VECTOR('',#10863,8.85E-1);
#10865=CARTESIAN_POINT('',(3.066711633663E1,1.790259900989E1,
-1.150000000044E0));
#10866=LINE('',#10865,#10864);
#10867=CARTESIAN_POINT('',(2.978211633663E1,1.780259900991E1,-1.075E0));
#10868=DIRECTION('',(-1.E0,0.E0,0.E0));
#10869=DIRECTION('',(0.E0,7.999999997660E-1,-6.000000003120E-1));
#10870=AXIS2_PLACEMENT_3D('',#10867,#10868,#10869);
#10872=DIRECTION('',(1.E0,-1.913648147666E-11,-3.316919871220E-11));
#10873=VECTOR('',#10872,8.85E-1);
#10874=CARTESIAN_POINT('',(2.978211633663E1,1.769434583443E1,
-1.012499999992E0));
#10875=LINE('',#10874,#10873);
#10876=DIRECTION('',(1.E0,-1.246566203088E-14,-2.661948634229E-10));
#10877=VECTOR('',#10876,5.7E-1);
#10878=CARTESIAN_POINT('',(3.066711633663E1,1.767759900991E1,
-1.074999999937E0));
#10879=LINE('',#10878,#10877);
#10880=DIRECTION('',(-1.E0,1.047115610594E-11,0.E0));
#10881=VECTOR('',#10880,5.7E-1);
#10882=CARTESIAN_POINT('',(3.123711633663E1,1.780259900997E1,
-1.200000000006E0));
#10883=LINE('',#10882,#10881);
#10884=DIRECTION('',(0.E0,-1.E0,-1.229459367387E-12));
#10885=VECTOR('',#10884,1.908978479741E-1);
#10886=CARTESIAN_POINT('',(3.028211633663E1,1.825019682902E1,
-1.150000000045E0));
#10887=LINE('',#10886,#10885);
#10888=DIRECTION('',(-1.E0,-1.359505101088E-11,0.E0));
#10889=VECTOR('',#10888,1.5E-1);
#10890=CARTESIAN_POINT('',(3.028211633663E1,1.805929898104E1,
-1.150000000045E0));
#10891=LINE('',#10890,#10889);
#10892=DIRECTION('',(-1.E0,2.441727614296E-14,-1.385680421113E-13));
#10893=VECTOR('',#10892,1.455E0);
#10894=CARTESIAN_POINT('',(3.123711633663E1,1.877614996278E1,
-1.150000000045E0));
#10895=LINE('',#10894,#10893);
#10896=DIRECTION('',(0.E0,-1.E0,0.E0));
#10897=VECTOR('',#10896,8.735509528913E-1);
#10898=CARTESIAN_POINT('',(2.978211633663E1,1.877614996278E1,
-1.150000000045E0));
#10899=LINE('',#10898,#10897);
#10900=DIRECTION('',(0.E0,1.E0,1.876054867199E-11));
#10901=VECTOR('',#10900,9.999999999E-2);
#10902=CARTESIAN_POINT('',(3.066711633663E1,1.790259900989E1,
-1.150000000044E0));
#10903=LINE('',#10902,#10901);
#10904=DIRECTION('',(-1.861054860736E-14,-1.E0,-1.229459367374E-12));
#10905=VECTOR('',#10904,1.908978479762E-1);
#10906=CARTESIAN_POINT('',(3.013211633663E1,1.825019682902E1,
-1.150000000045E0));
#10907=LINE('',#10906,#10905);
#10908=CARTESIAN_POINT('',(3.013211633663E1,1.800886054890E1,
-1.174681414895E0));
#10909=DIRECTION('',(-1.E0,0.E0,0.E0));
#10910=DIRECTION('',(0.E0,9.998476954038E-1,-1.745239226494E-2));
#10911=AXIS2_PLACEMENT_3D('',#10908,#10909,#10910);
#10913=CARTESIAN_POINT('',(3.013211633663E1,1.811259900990E1,-1.235E0));
#10914=DIRECTION('',(1.E0,0.E0,0.E0));
#10915=DIRECTION('',(0.E0,-8.644871843899E-1,5.026548597453E-1));
#10916=AXIS2_PLACEMENT_3D('',#10913,#10914,#10915);
#10918=DIRECTION('',(0.E0,1.E0,2.220446049249E-14));
#10919=VECTOR('',#10918,1.000000000001E-2);
#10920=CARTESIAN_POINT('',(3.013211633663E1,1.811259900990E1,-1.305E0));
#10921=LINE('',#10920,#10919);
#10922=CARTESIAN_POINT('',(3.013211633663E1,1.812259900990E1,-1.255E0));
#10923=DIRECTION('',(1.E0,0.E0,0.E0));
#10924=DIRECTION('',(0.E0,0.E0,-1.E0));
#10925=AXIS2_PLACEMENT_3D('',#10922,#10923,#10924);
#10927=DIRECTION('',(0.E0,6.427876097964E-1,7.660444430268E-1));
#10928=VECTOR('',#10927,8.806088272732E-2);
#10929=CARTESIAN_POINT('',(3.013211633663E1,1.816090123206E1,
-1.287139380478E0));
#10930=LINE('',#10929,#10928);
#10931=CARTESIAN_POINT('',(3.013211633663E1,1.810259900990E1,
-1.123262689185E0));
#10932=DIRECTION('',(1.E0,0.E0,0.E0));
#10933=DIRECTION('',(0.E0,7.660444431866E-1,-6.427876096059E-1));
#10934=AXIS2_PLACEMENT_3D('',#10931,#10932,#10933);
#10936=DIRECTION('',(0.E0,-1.745240683743E-2,-9.998476951494E-1));
#10937=VECTOR('',#10936,2.555792726029E-2);
#10938=CARTESIAN_POINT('',(3.028211633663E1,1.805929898104E1,
-1.150000000045E0));
#10939=LINE('',#10938,#10937);
#10940=DIRECTION('',(0.E0,1.745240684019E-2,9.998476951494E-1));
#10941=VECTOR('',#10940,2.555792725177E-2);
#10942=CARTESIAN_POINT('',(3.013211633663E1,1.805885293370E1,
-1.175554034700E0));
#10943=LINE('',#10942,#10941);
#10944=CARTESIAN_POINT('',(3.028211633663E1,1.810259900990E1,
-1.123262689185E0));
#10945=DIRECTION('',(-1.E0,0.E0,0.E0));
#10946=DIRECTION('',(0.E0,9.839854607774E-1,-1.782487390663E-1));
#10947=AXIS2_PLACEMENT_3D('',#10944,#10945,#10946);
#10949=DIRECTION('',(0.E0,-6.427876097965E-1,-7.660444430267E-1));
#10950=VECTOR('',#10949,8.806088273291E-2);
#10951=CARTESIAN_POINT('',(3.028211633663E1,1.821750567639E1,
-1.219680830615E0));
#10952=LINE('',#10951,#10950);
#10953=CARTESIAN_POINT('',(3.028211633663E1,1.812259900990E1,-1.255E0));
#10954=DIRECTION('',(-1.E0,0.E0,0.E0));
#10955=DIRECTION('',(0.E0,7.660444431739E-1,-6.427876096211E-1));
#10956=AXIS2_PLACEMENT_3D('',#10953,#10954,#10955);
#10958=DIRECTION('',(0.E0,-1.E0,-2.220446049249E-14));
#10959=VECTOR('',#10958,1.000000000001E-2);
#10960=CARTESIAN_POINT('',(3.028211633663E1,1.812259900990E1,-1.305E0));
#10961=LINE('',#10960,#10959);
#10962=CARTESIAN_POINT('',(3.028211633663E1,1.811259900990E1,-1.235E0));
#10963=DIRECTION('',(-1.E0,0.E0,0.E0));
#10964=DIRECTION('',(0.E0,0.E0,-1.E0));
#10965=AXIS2_PLACEMENT_3D('',#10962,#10963,#10964);
#10967=CARTESIAN_POINT('',(3.028211633663E1,1.800886054890E1,
-1.174681414895E0));
#10968=DIRECTION('',(1.E0,0.E0,0.E0));
#10969=DIRECTION('',(0.E0,8.644871618381E-1,-5.026548985308E-1));
#10970=AXIS2_PLACEMENT_3D('',#10967,#10968,#10969);
#10972=DIRECTION('',(-1.E0,1.421085471520E-13,0.E0));
#10973=VECTOR('',#10972,1.5E-1);
#10974=CARTESIAN_POINT('',(3.028211633663E1,1.825019682902E1,
-1.150000000045E0));
#10975=LINE('',#10974,#10973);
#10976=DIRECTION('',(1.E0,8.739675649849E-12,9.114190883489E-12));
#10977=VECTOR('',#10976,1.5E-1);
#10978=CARTESIAN_POINT('',(3.013211633663E1,1.821750567639E1,
-1.219680830616E0));
#10979=LINE('',#10978,#10977);
#10980=DIRECTION('',(-1.E0,1.527666881884E-11,1.937857282049E-11));
#10981=VECTOR('',#10980,1.5E-1);
#10982=CARTESIAN_POINT('',(3.028211633663E1,1.816090123206E1,
-1.287139380480E0));
#10983=LINE('',#10982,#10981);
#10984=DIRECTION('',(1.E0,0.E0,0.E0));
#10985=VECTOR('',#10984,1.5E-1);
#10986=CARTESIAN_POINT('',(3.013211633663E1,1.812259900990E1,-1.305E0));
#10987=LINE('',#10986,#10985);
#10988=DIRECTION('',(-1.E0,0.E0,0.E0));
#10989=VECTOR('',#10988,1.5E-1);
#10990=CARTESIAN_POINT('',(3.028211633663E1,1.811259900990E1,-1.305E0));
#10991=LINE('',#10990,#10989);
#10992=DIRECTION('',(-1.E0,2.747431911606E-12,7.679782735673E-12));
#10993=VECTOR('',#10992,1.5E-1);
#10994=CARTESIAN_POINT('',(3.028211633663E1,1.805208490720E1,
-1.199814159505E0));
#10995=LINE('',#10994,#10993);
#10996=DIRECTION('',(1.E0,1.307398633799E-11,-5.679308875036E-11));
#10997=VECTOR('',#10996,1.5E-1);
#10998=CARTESIAN_POINT('',(3.013211633663E1,1.805885293370E1,
-1.175554034700E0));
#10999=LINE('',#10998,#10997);
#11000=DIRECTION('',(0.E0,0.E0,1.E0));
#11001=VECTOR('',#11000,7.500000000481E-2);
#11002=CARTESIAN_POINT('',(2.978211633663E1,1.877614996278E1,
-1.150000000045E0));
#11003=LINE('',#11002,#11001);
#11004=DIRECTION('',(0.E0,-1.736481776378E-1,-9.848077530173E-1));
#11005=VECTOR('',#11004,1.523139917776E-1);
#11006=CARTESIAN_POINT('',(2.978211633663E1,1.880259900988E1,
-9.250000000446E-1));
#11007=LINE('',#11006,#11005);
#11008=DIRECTION('',(1.E0,-1.709209330007E-13,-2.729393648855E-12));
#11009=VECTOR('',#11008,1.455E0);
#11010=CARTESIAN_POINT('',(2.978211633663E1,1.877614996278E1,
-1.075000000040E0));
#11011=LINE('',#11010,#11009);
#11012=DIRECTION('',(0.E0,1.E0,0.E0));
#11013=VECTOR('',#11012,1.999999999991E-1);
#11014=CARTESIAN_POINT('',(2.978211633663E1,1.880259900988E1,
-9.250000000446E-1));
#11015=LINE('',#11014,#11013);
#11016=DIRECTION('',(1.E0,-2.514979442725E-13,-7.225987658557E-14));
#11017=VECTOR('',#11016,1.455E0);
#11018=CARTESIAN_POINT('',(2.978211633663E1,1.880259900988E1,
-9.250000000446E-1));
#11019=LINE('',#11018,#11017);
#11020=DIRECTION('',(0.E0,0.E0,1.E0));
#11021=VECTOR('',#11020,4.5E-1);
#11022=CARTESIAN_POINT('',(2.978211633663E1,1.900259900988E1,
-9.250000000446E-1));
#11023=LINE('',#11022,#11021);
#11024=DIRECTION('',(1.E0,0.E0,-1.403993378220E-14));
#11025=VECTOR('',#11024,1.455E0);
#11026=CARTESIAN_POINT('',(2.978211633663E1,1.900259900988E1,
-9.250000000446E-1));
#11027=LINE('',#11026,#11025);
#11028=DIRECTION('',(0.E0,0.E0,1.E0));
#11029=VECTOR('',#11028,4.5E-1);
#11030=CARTESIAN_POINT('',(3.123711633663E1,1.900259900988E1,
-9.250000000446E-1));
#11031=LINE('',#11030,#11029);
#11032=DIRECTION('',(1.772053266919E-14,-1.E0,-2.464261574309E-12));
#11033=VECTOR('',#11032,2.004857159276E-1);
#11034=CARTESIAN_POINT('',(3.013211633663E1,1.827156686583E1,
-4.750000000439E-1));
#11035=LINE('',#11034,#11033);
#11036=DIRECTION('',(1.E0,0.E0,0.E0));
#11037=VECTOR('',#11036,1.455E0);
#11038=CARTESIAN_POINT('',(2.978211633663E1,1.900259900988E1,
-4.750000000446E-1));
#11039=LINE('',#11038,#11037);
#11040=DIRECTION('',(0.E0,-1.E0,0.E0));
#11041=VECTOR('',#11040,4.5E-1);
#11042=CARTESIAN_POINT('',(3.123711633663E1,1.900259900988E1,
-4.750000000446E-1));
#11043=LINE('',#11042,#11041);
#11044=DIRECTION('',(-1.E0,0.E0,-1.709743457923E-14));
#11045=VECTOR('',#11044,2.5E-1);
#11046=CARTESIAN_POINT('',(3.123711633663E1,1.855259900988E1,
-4.750000000446E-1));
#11047=LINE('',#11046,#11045);
#11048=DIRECTION('',(0.E0,-1.E0,3.506773415712E-14));
#11049=VECTOR('',#11048,7.25E-1);
#11050=CARTESIAN_POINT('',(3.098711633663E1,1.855259900988E1,
-4.750000000446E-1));
#11051=LINE('',#11050,#11049);
#11052=DIRECTION('',(-1.E0,-1.031908537411E-13,-1.759772595049E-14));
#11053=VECTOR('',#11052,1.205E0);
#11054=CARTESIAN_POINT('',(3.098711633663E1,1.782759900988E1,
-4.750000000446E-1));
#11055=LINE('',#11054,#11053);
#11056=DIRECTION('',(0.E0,1.E0,0.E0));
#11057=VECTOR('',#11056,1.175E0);
#11058=CARTESIAN_POINT('',(2.978211633663E1,1.782759900988E1,
-4.750000000446E-1));
#11059=LINE('',#11058,#11057);
#11060=CARTESIAN_POINT('',(3.013211633663E1,1.875259900990E1,
-6.114114232008E-1));
#11061=DIRECTION('',(-1.E0,0.E0,0.E0));
#11062=DIRECTION('',(0.E0,-9.620642881480E-1,2.728228463131E-1));
#11063=AXIS2_PLACEMENT_3D('',#11060,#11061,#11062);
#11065=DIRECTION('',(0.E0,2.756373559906E-1,9.612616958885E-1));
#11066=VECTOR('',#11065,1.333528224065E-1);
#11067=CARTESIAN_POINT('',(3.013211633663E1,1.827196816011E1,
-4.735927516532E-1));
#11068=LINE('',#11067,#11066);
#11069=CARTESIAN_POINT('',(3.013211633663E1,1.821259900991E1,
-3.178420558069E-1));
#11070=DIRECTION('',(1.E0,0.E0,0.E0));
#11071=DIRECTION('',(0.E0,9.612616957134E-1,-2.756373566014E-1));
#11072=AXIS2_PLACEMENT_3D('',#11069,#11070,#11071);
#11074=DIRECTION('',(0.E0,-1.E0,-1.568695493842E-12));
#11075=VECTOR('',#11074,2.445937269641E-1);
#11076=CARTESIAN_POINT('',(3.013211633663E1,1.831234250010E1,
-3.250000000023E-1));
#11077=LINE('',#11076,#11075);
#11078=CARTESIAN_POINT('',(3.013211633663E1,1.795306434940E1,
-3.603353528823E-1));
#11079=DIRECTION('',(-1.E0,0.E0,0.E0));
#11080=DIRECTION('',(0.E0,9.556738464953E-1,2.944274089228E-1));
#11081=AXIS2_PLACEMENT_3D('',#11078,#11079,#11080);
#11083=DIRECTION('',(1.E0,0.E0,0.E0));
#11084=VECTOR('',#11083,1.5E-1);
#11085=CARTESIAN_POINT('',(3.013211633663E1,1.827156686583E1,
-4.750000000439E-1));
#11086=LINE('',#11085,#11084);
#11087=DIRECTION('',(-1.E0,6.570862372731E-9,2.290832338640E-8));
#11088=VECTOR('',#11087,1.5E-1);
#11089=CARTESIAN_POINT('',(3.028211633663E1,1.827196815912E1,
-4.735927550895E-1));
#11090=LINE('',#11089,#11088);
#11091=DIRECTION('',(0.E0,-1.E0,-2.464261574302E-12));
#11092=VECTOR('',#11091,2.004857159281E-1);
#11093=CARTESIAN_POINT('',(3.028211633663E1,1.827156686583E1,
-4.750000000439E-1));
#11094=LINE('',#11093,#11092);
#11095=CARTESIAN_POINT('',(3.028211633663E1,1.795306434940E1,
-3.603353528823E-1));
#11096=DIRECTION('',(1.E0,0.E0,0.E0));
#11097=DIRECTION('',(0.E0,9.998827847761E-1,-1.531067302263E-2));
#11098=AXIS2_PLACEMENT_3D('',#11095,#11096,#11097);
#11100=CARTESIAN_POINT('',(3.028211633663E1,1.821259900991E1,
-3.178420558069E-1));
#11101=DIRECTION('',(-1.E0,0.E0,0.E0));
#11102=DIRECTION('',(0.E0,9.974349018804E-1,-7.157944195632E-2));
#11103=AXIS2_PLACEMENT_3D('',#11100,#11101,#11102);
#11105=DIRECTION('',(0.E0,-2.756373559906E-1,-9.612616958886E-1));
#11106=VECTOR('',#11105,1.333528259611E-1);
#11107=CARTESIAN_POINT('',(3.028211633663E1,1.830872517948E1,
-3.454057914546E-1));
#11108=LINE('',#11107,#11106);
#11109=CARTESIAN_POINT('',(3.028211633663E1,1.875259900990E1,
-6.114114232008E-1));
#11110=DIRECTION('',(1.E0,0.E0,0.E0));
#11111=DIRECTION('',(0.E0,-9.612617069436E-1,2.756373174369E-1));
#11112=AXIS2_PLACEMENT_3D('',#11109,#11110,#11111);
#11114=DIRECTION('',(-1.E0,3.742191741670E-12,0.E0));
#11115=VECTOR('',#11114,1.5E-1);
#11116=CARTESIAN_POINT('',(3.028211633663E1,1.807108114990E1,
-4.750000000444E-1));
#11117=LINE('',#11116,#11115);
#11118=DIRECTION('',(0.E0,1.745240647519E-2,9.998476951557E-1));
#11119=VECTOR('',#11118,1.125875059502E-1);
#11120=CARTESIAN_POINT('',(3.013211633663E1,1.807108114990E1,
-4.750000000444E-1));
#11121=LINE('',#11120,#11119);
#11122=DIRECTION('',(0.E0,-1.745240647516E-2,-9.998476951557E-1));
#11123=VECTOR('',#11122,1.126731869677E-1);
#11124=CARTESIAN_POINT('',(3.028211633663E1,1.807304756816E1,
-3.623439737490E-1));
#11125=LINE('',#11124,#11123);
#11126=DIRECTION('',(9.999999994850E-1,-3.209483971749E-5,0.E0));
#11127=VECTOR('',#11126,1.500000000773E-1);
#11128=CARTESIAN_POINT('',(3.013211633663E1,1.806774877313E1,
-3.250000000027E-1));
#11129=LINE('',#11128,#11127);
#11130=DIRECTION('',(-9.999998368614E-1,-9.968927522523E-6,-5.711196920889E-4));
#11131=VECTOR('',#11130,1.500000244708E-1);
#11132=CARTESIAN_POINT('',(3.028211633663E1,1.807304756816E1,
-3.623439737490E-1));
#11133=LINE('',#11132,#11131);
#11134=DIRECTION('',(2.664535259100E-13,-1.E0,-4.319257370067E-13));
#11135=VECTOR('',#11134,6.8E-1);
#11136=CARTESIAN_POINT('',(3.012211633663E1,1.834259900990E1,
-3.250000000020E-1));
#11137=LINE('',#11136,#11135);
#11138=DIRECTION('',(0.E0,-1.E0,1.976504323169E-11));
#11139=VECTOR('',#11138,1.780621953014E-2);
#11140=CARTESIAN_POINT('',(3.028211633663E1,1.768040522943E1,
-3.250000000023E-1));
#11141=LINE('',#11140,#11139);
#11142=DIRECTION('',(-1.E0,0.E0,-7.630497541293E-12));
#11143=VECTOR('',#11142,1.699999999937E-1);
#11144=CARTESIAN_POINT('',(3.029211633662E1,1.834259900990E1,
-3.250000000007E-1));
#11145=LINE('',#11144,#11143);
#11146=DIRECTION('',(0.E0,-1.E0,-1.568664618537E-12));
#11147=VECTOR('',#11146,2.445985411900E-1);
#11148=CARTESIAN_POINT('',(3.028211633663E1,1.831234250010E1,
-3.250000000023E-1));
#11149=LINE('',#11148,#11147);
#11150=DIRECTION('',(4.075171572742E-13,-1.E0,1.632680918566E-14));
#11151=VECTOR('',#11150,6.8E-1);
#11152=CARTESIAN_POINT('',(3.008711633663E1,1.834259900990E1,
-4.249999999996E-1));
#11153=LINE('',#11152,#11151);
#11154=CARTESIAN_POINT('',(3.013211633663E1,1.774259900990E1,
-3.753183234132E-1));
#11155=DIRECTION('',(-1.E0,0.E0,0.E0));
#11156=DIRECTION('',(0.E0,-1.E0,1.055405762784E-12));
#11157=AXIS2_PLACEMENT_3D('',#11154,#11155,#11156);
#11159=DIRECTION('',(0.E0,-1.E0,3.089457072968E-12));
#11160=VECTOR('',#11159,1.780621953013E-2);
#11161=CARTESIAN_POINT('',(3.013211633663E1,1.768040522943E1,
-3.250000000024E-1));
#11162=LINE('',#11161,#11160);
#11163=DIRECTION('',(-1.E0,-9.473903143468E-14,-2.087219286295E-13));
#11164=VECTOR('',#11163,1.5E-1);
#11165=CARTESIAN_POINT('',(3.028211633663E1,1.768040522943E1,
-3.250000000023E-1));
#11166=LINE('',#11165,#11164);
#11167=DIRECTION('',(1.E0,-2.368475785867E-14,-4.651834473179E-13));
#11168=VECTOR('',#11167,1.5E-1);
#11169=CARTESIAN_POINT('',(3.013211633663E1,1.766259900990E1,
-3.753183234131E-1));
#11170=LINE('',#11169,#11168);
#11171=DIRECTION('',(0.E0,-7.060477054790E-14,1.E0));
#11172=VECTOR('',#11171,5.031832341117E-2);
#11173=CARTESIAN_POINT('',(3.028211633663E1,1.766259900990E1,
-3.753183234132E-1));
#11174=LINE('',#11173,#11172);
#11175=CARTESIAN_POINT('',(3.028211633663E1,1.774259900990E1,
-3.753183234132E-1));
#11176=DIRECTION('',(1.E0,0.E0,0.E0));
#11177=DIRECTION('',(0.E0,-7.774222558712E-1,6.289790426367E-1));
#11178=AXIS2_PLACEMENT_3D('',#11175,#11176,#11177);
#11180=DIRECTION('',(-1.567373681824E-12,-1.E0,0.E0));
#11181=VECTOR('',#11180,6.8E-1);
#11182=CARTESIAN_POINT('',(3.029211633662E1,1.834259900990E1,
-3.250000000007E-1));
#11183=LINE('',#11182,#11181);
#11184=DIRECTION('',(1.572598260763E-12,1.E0,0.E0));
#11185=VECTOR('',#11184,6.8E-1);
#11186=CARTESIAN_POINT('',(3.032711633663E1,1.766259900990E1,
-4.249999999999E-1));
#11187=LINE('',#11186,#11185);
#11188=DIRECTION('',(0.E0,0.E0,1.E0));
#11189=VECTOR('',#11188,2.5E-1);
#11190=CARTESIAN_POINT('',(3.063711633663E1,1.766259900990E1,
-4.250000000001E-1));
#11191=LINE('',#11190,#11189);
#11192=DIRECTION('',(0.E0,-1.E0,0.E0));
#11193=VECTOR('',#11192,6.8E-1);
#11194=CARTESIAN_POINT('',(3.063711633663E1,1.834259900990E1,
-4.250000000001E-1));
#11195=LINE('',#11194,#11193);
#11196=DIRECTION('',(-1.E0,4.736951571734E-14,0.E0));
#11197=VECTOR('',#11196,1.5E-1);
#11198=CARTESIAN_POINT('',(3.028211633663E1,1.831234250010E1,
-3.250000000023E-1));
#11199=LINE('',#11198,#11197);
#11200=DIRECTION('',(1.E0,-3.893774191965E-11,-1.285897314555E-10));
#11201=VECTOR('',#11200,1.5E-1);
#11202=CARTESIAN_POINT('',(3.013211633663E1,1.830872517949E1,
-3.454057914353E-1));
#11203=LINE('',#11202,#11201);
#11204=DIRECTION('',(0.E0,-1.E0,-4.235500838957E-13));
#11205=VECTOR('',#11204,1.999999999994E-1);
#11206=CARTESIAN_POINT('',(3.123711633663E1,1.900259900988E1,
-9.250000000446E-1));
#11207=LINE('',#11206,#11205);
#11208=DIRECTION('',(0.E0,-1.736481776327E-1,-9.848077530182E-1));
#11209=VECTOR('',#11208,1.523139917814E-1);
#11210=CARTESIAN_POINT('',(3.123711633663E1,1.880259900988E1,
-9.250000000447E-1));
#11211=LINE('',#11210,#11209);
#11212=DIRECTION('',(0.E0,2.842170943016E-12,-1.E0));
#11213=VECTOR('',#11212,7.500000000064E-2);
#11214=CARTESIAN_POINT('',(3.123711633663E1,1.877614996278E1,
-1.075000000044E0));
#11215=LINE('',#11214,#11213);
#11216=DIRECTION('',(0.E0,-1.E0,2.765240640186E-12));
#11217=VECTOR('',#11216,2.235509529E-1);
#11218=CARTESIAN_POINT('',(3.123711633663E1,1.877614996278E1,
-1.150000000045E0));
#11219=LINE('',#11218,#11217);
#11220=DIRECTION('',(0.E0,0.E0,1.E0));
#11221=VECTOR('',#11220,6.749999999996E-1);
#11222=CARTESIAN_POINT('',(3.123711633663E1,1.855259900988E1,
-1.150000000044E0));
#11223=LINE('',#11222,#11221);
#11224=DIRECTION('',(0.E0,0.E0,1.E0));
#11225=VECTOR('',#11224,6.749999999974E-1);
#11226=CARTESIAN_POINT('',(3.098711633663E1,1.855259900988E1,
-1.150000000042E0));
#11227=LINE('',#11226,#11225);
#11228=DIRECTION('',(-1.E0,0.E0,8.876455126483E-12));
#11229=VECTOR('',#11228,2.5E-1);
#11230=CARTESIAN_POINT('',(3.123711633663E1,1.855259900988E1,
-1.150000000044E0));
#11231=LINE('',#11230,#11229);
#11232=DIRECTION('',(1.291895883200E-14,-1.E0,1.301585102324E-11));
#11233=VECTOR('',#11232,5.5E-1);
#11234=CARTESIAN_POINT('',(3.098711633663E1,1.855259900988E1,
-1.150000000042E0));
#11235=LINE('',#11234,#11233);
#11236=DIRECTION('',(-5.684341886482E-14,2.842170943241E-14,1.E0));
#11237=VECTOR('',#11236,1.249999999912E-1);
#11238=CARTESIAN_POINT('',(3.098711633663E1,1.800259900988E1,
-1.150000000035E0));
#11239=LINE('',#11238,#11237);
#11240=CARTESIAN_POINT('',(3.098711633663E1,1.785259900988E1,
-1.025000000045E0));
#11241=DIRECTION('',(1.E0,0.E0,0.E0));
#11242=DIRECTION('',(0.E0,1.E0,1.972940329627E-11));
#11243=AXIS2_PLACEMENT_3D('',#11240,#11241,#11242);
#11245=DIRECTION('',(0.E0,-1.E0,8.206768598150E-13));
#11246=VECTOR('',#11245,1.249999999982E-1);
#11247=CARTESIAN_POINT('',(3.098711633663E1,1.785259900988E1,
-8.750000000448E-1));
#11248=LINE('',#11247,#11246);
#11249=DIRECTION('',(0.E0,2.368475785869E-14,1.E0));
#11250=VECTOR('',#11249,2.999999999998E-1);
#11251=CARTESIAN_POINT('',(3.098711633663E1,1.772759900988E1,
-8.750000000447E-1));
#11252=LINE('',#11251,#11250);
#11253=DIRECTION('',(0.E0,7.071067811853E-1,7.071067811878E-1));
#11254=VECTOR('',#11253,1.414213562375E-1);
#11255=CARTESIAN_POINT('',(3.098711633663E1,1.772759900988E1,
-5.750000000449E-1));
#11256=LINE('',#11255,#11254);
#11257=DIRECTION('',(1.E0,-5.946120788729E-12,0.E0));
#11258=VECTOR('',#11257,5.7E-1);
#11259=CARTESIAN_POINT('',(3.066711633663E1,1.795259900984E1,
-1.200000000002E0));
#11260=LINE('',#11259,#11258);
#11261=DIRECTION('',(-1.E0,-1.421085471520E-14,-9.166001291305E-13));
#11262=VECTOR('',#11261,2.5E-1);
#11263=CARTESIAN_POINT('',(3.123711633663E1,1.800259900988E1,
-1.150000000035E0));
#11264=LINE('',#11263,#11262);
#11265=DIRECTION('',(-1.E0,1.221245327088E-13,-2.265132525991E-11));
#11266=VECTOR('',#11265,3.2E-1);
#11267=CARTESIAN_POINT('',(3.098711633663E1,1.800259900988E1,
-1.150000000035E0));
#11268=LINE('',#11267,#11266);
#11269=DIRECTION('',(0.E0,-1.E0,-2.936317858197E-11));
#11270=VECTOR('',#11269,1.499999998637E-1);
#11271=CARTESIAN_POINT('',(3.066711633663E1,1.795259900984E1,
-1.200000000002E0));
#11272=LINE('',#11271,#11270);
#11273=CARTESIAN_POINT('',(3.123711633663E1,1.780259900991E1,-1.075E0));
#11274=DIRECTION('',(-1.E0,0.E0,0.E0));
#11275=DIRECTION('',(0.E0,1.219234491048E-9,-1.E0));
#11276=AXIS2_PLACEMENT_3D('',#11273,#11274,#11275);
#11278=CARTESIAN_POINT('',(3.123711633663E1,1.785259900988E1,
-1.025000000045E0));
#11279=DIRECTION('',(-1.E0,0.E0,0.E0));
#11280=DIRECTION('',(0.E0,-1.269503021225E-11,1.E0));
#11281=AXIS2_PLACEMENT_3D('',#11278,#11279,#11280);
#11283=DIRECTION('',(0.E0,0.E0,-1.E0));
#11284=VECTOR('',#11283,1.249999999899E-1);
#11285=CARTESIAN_POINT('',(3.123711633663E1,1.800259900988E1,
-1.025000000045E0));
#11286=LINE('',#11285,#11284);
#11287=CARTESIAN_POINT('',(3.123711633663E1,1.795259900988E1,
-1.150000000001E0));
#11288=DIRECTION('',(-1.E0,0.E0,0.E0));
#11289=DIRECTION('',(0.E0,1.E0,-1.056932319443E-9));
#11290=AXIS2_PLACEMENT_3D('',#11287,#11288,#11289);
#11292=DIRECTION('',(0.E0,-1.E0,-2.936317858147E-11));
#11293=VECTOR('',#11292,1.499999998663E-1);
#11294=CARTESIAN_POINT('',(3.123711633663E1,1.795259900984E1,
-1.200000000002E0));
#11295=LINE('',#11294,#11293);
#11296=DIRECTION('',(1.E0,0.E0,-2.863206747717E-14));
#11297=VECTOR('',#11296,5.7E-1);
#11298=CARTESIAN_POINT('',(3.066711633663E1,1.767759900991E1,
-8.750000000447E-1));
#11299=LINE('',#11298,#11297);
#11300=DIRECTION('',(0.E0,-1.664446358151E-11,-1.E0));
#11301=VECTOR('',#11300,2.000000000441E-1);
#11302=CARTESIAN_POINT('',(3.123711633663E1,1.767759900991E1,
-8.750000000447E-1));
#11303=LINE('',#11302,#11301);
#11304=DIRECTION('',(0.E0,-1.E0,5.868321702624E-13));
#11305=VECTOR('',#11304,1.749999999692E-1);
#11306=CARTESIAN_POINT('',(3.123711633663E1,1.785259900988E1,
-8.750000000448E-1));
#11307=LINE('',#11306,#11305);
#11308=DIRECTION('',(1.E0,8.881784197001E-14,-4.996003610813E-14));
#11309=VECTOR('',#11308,3.2E-1);
#11310=CARTESIAN_POINT('',(3.066711633663E1,1.772759900988E1,
-8.750000000447E-1));
#11311=LINE('',#11310,#11309);
#11312=DIRECTION('',(1.E0,0.E0,-4.220623850415E-12));
#11313=VECTOR('',#11312,2.5E-1);
#11314=CARTESIAN_POINT('',(3.098711633663E1,1.800259900988E1,
-1.025000000044E0));
#11315=LINE('',#11314,#11313);
#11316=DIRECTION('',(-1.E0,-6.238565219974E-12,0.E0));
#11317=VECTOR('',#11316,2.5E-1);
#11318=CARTESIAN_POINT('',(3.123711633663E1,1.785259900988E1,
-8.750000000448E-1));
#11319=LINE('',#11318,#11317);
#11320=CARTESIAN_POINT('',(3.066711633663E1,1.780259900991E1,-1.075E0));
#11321=DIRECTION('',(-1.E0,0.E0,0.E0));
#11322=DIRECTION('',(0.E0,-1.E0,1.522831638446E-9));
#11323=AXIS2_PLACEMENT_3D('',#11320,#11321,#11322);
#11325=DIRECTION('',(0.E0,5.000000000382E-1,8.660254037624E-1));
#11326=VECTOR('',#11325,6.650635092796E-2);
#11327=CARTESIAN_POINT('',(3.066711633663E1,1.769434583441E1,
-1.012500000022E0));
#11328=LINE('',#11327,#11326);
#11329=DIRECTION('',(0.E0,2.223119056409E-12,1.E0));
#11330=VECTOR('',#11329,7.990381056196E-2);
#11331=CARTESIAN_POINT('',(3.066711633663E1,1.772759900988E1,
-9.549038106067E-1));
#11332=LINE('',#11331,#11330);
#11333=DIRECTION('',(0.E0,-1.E0,0.E0));
#11334=VECTOR('',#11333,4.999999996941E-2);
#11335=CARTESIAN_POINT('',(3.066711633663E1,1.772759900988E1,
-8.750000000447E-1));
#11336=LINE('',#11335,#11334);
#11337=DIRECTION('',(0.E0,-1.664446359414E-11,-1.E0));
#11338=VECTOR('',#11337,1.999999998924E-1);
#11339=CARTESIAN_POINT('',(3.066711633663E1,1.767759900991E1,
-8.750000000447E-1));
#11340=LINE('',#11339,#11338);
#11341=CARTESIAN_POINT('',(3.066711633663E1,1.780259900991E1,-1.075E0));
#11342=DIRECTION('',(-1.E0,0.E0,0.E0));
#11343=DIRECTION('',(0.E0,7.999999997785E-1,-6.000000002954E-1));
#11344=AXIS2_PLACEMENT_3D('',#11341,#11342,#11343);
#11346=CARTESIAN_POINT('',(3.066711633663E1,1.795259900988E1,
-1.150000000001E0));
#11347=DIRECTION('',(1.E0,0.E0,0.E0));
#11348=DIRECTION('',(0.E0,-1.132391957981E-9,-1.E0));
#11349=AXIS2_PLACEMENT_3D('',#11346,#11347,#11348);
#11351=DIRECTION('',(0.E0,7.071067811848E-1,7.071067811883E-1));
#11352=VECTOR('',#11351,1.414213562375E-1);
#11353=CARTESIAN_POINT('',(2.978211633663E1,1.772759900988E1,
-5.750000000449E-1));
#11354=LINE('',#11353,#11352);
#11355=DIRECTION('',(1.E0,-1.326346440086E-12,2.728928194529E-12));
#11356=VECTOR('',#11355,1.5E-1);
#11357=CARTESIAN_POINT('',(3.013211633663E1,1.774571887695E1,
-5.568801329772E-1));
#11358=LINE('',#11357,#11356);
#11359=DIRECTION('',(-1.E0,3.334813906501E-11,-1.707448997005E-11));
#11360=VECTOR('',#11359,1.5E-1);
#11361=CARTESIAN_POINT('',(3.028211633663E1,1.771259900988E1,
-5.200555349823E-1));
#11362=LINE('',#11361,#11360);
#11363=DIRECTION('',(1.E0,-8.535986732264E-11,4.706309416254E-11));
#11364=VECTOR('',#11363,1.5E-1);
#11365=CARTESIAN_POINT('',(3.013211633663E1,1.770259900988E1,
-5.142820322897E-1));
#11366=LINE('',#11365,#11364);
#11367=DIRECTION('',(-1.E0,-2.368475785867E-14,-1.083562869060E-10));
#11368=VECTOR('',#11367,1.5E-1);
#11369=CARTESIAN_POINT('',(3.028211633663E1,1.766259900990E1,
-4.449999999808E-1));
#11370=LINE('',#11369,#11368);
#11371=DIRECTION('',(0.E0,6.815123313622E-13,1.E0));
#11372=VECTOR('',#11371,3.232050807435E-1);
#11373=CARTESIAN_POINT('',(3.013211633663E1,1.772759900988E1,
-8.982050807892E-1));
#11374=LINE('',#11373,#11372);
#11375=DIRECTION('',(0.E0,7.071067811946E-1,7.071067811785E-1));
#11376=VECTOR('',#11375,2.562536175694E-2);
#11377=CARTESIAN_POINT('',(3.013211633663E1,1.772759900988E1,
-5.750000000457E-1));
#11378=LINE('',#11377,#11376);
#11379=CARTESIAN_POINT('',(3.013211633663E1,1.767259900990E1,
-5.893375673001E-1));
#11380=DIRECTION('',(1.E0,0.E0,0.E0));
#11381=DIRECTION('',(0.E0,9.139983381106E-1,4.057179290235E-1));
#11382=AXIS2_PLACEMENT_3D('',#11379,#11380,#11381);
#11384=DIRECTION('',(0.E0,-8.660254036305E-1,5.000000002667E-1));
#11385=VECTOR('',#11384,1.154700538420E-2);
#11386=CARTESIAN_POINT('',(3.013211633663E1,1.771259900988E1,
-5.200555349849E-1));
#11387=LINE('',#11386,#11385);
#11388=CARTESIAN_POINT('',(3.013211633663E1,1.774259900990E1,
-4.449999999972E-1));
#11389=DIRECTION('',(-1.E0,0.E0,0.E0));
#11390=DIRECTION('',(0.E0,-4.999999999958E-1,-8.660254037869E-1));
#11391=AXIS2_PLACEMENT_3D('',#11388,#11389,#11390);
#11393=CARTESIAN_POINT('',(3.013211633663E1,1.743059900986E1,-1.345E0));
#11394=DIRECTION('',(1.E0,0.E0,0.E0));
#11395=DIRECTION('',(0.E0,5.500000009989E-1,8.351646537667E-1));
#11396=AXIS2_PLACEMENT_3D('',#11393,#11394,#11395);
#11398=DIRECTION('',(0.E0,-1.E0,0.E0));
#11399=VECTOR('',#11398,4.799999996277E-2);
#11400=CARTESIAN_POINT('',(3.013211633663E1,1.743059900986E1,-1.305E0));
#11401=LINE('',#11400,#11399);
#11402=DIRECTION('',(0.E0,-1.315819881037E-14,-1.E0));
#11403=VECTOR('',#11402,2.7E-1);
#11404=CARTESIAN_POINT('',(3.013211633663E1,1.738259900990E1,-1.305E0));
#11405=LINE('',#11404,#11403);
#11406=CARTESIAN_POINT('',(3.013211633663E1,1.743259900990E1,-1.575E0));
#11407=DIRECTION('',(1.E0,0.E0,0.E0));
#11408=DIRECTION('',(0.E0,-1.E0,-2.948752353404E-12));
#11409=AXIS2_PLACEMENT_3D('',#11406,#11407,#11408);
#11411=DIRECTION('',(0.E0,1.E0,0.E0));
#11412=VECTOR('',#11411,3.499999999998E-2);
#11413=CARTESIAN_POINT('',(3.013211633663E1,1.743259900990E1,-1.625E0));
#11414=LINE('',#11413,#11412);
#11415=CARTESIAN_POINT('',(3.013211633663E1,1.746759900990E1,-1.675E0));
#11416=DIRECTION('',(-1.E0,0.E0,0.E0));
#11417=DIRECTION('',(0.E0,0.E0,1.E0));
#11418=AXIS2_PLACEMENT_3D('',#11415,#11416,#11417);
#11420=DIRECTION('',(-5.137770550710E-12,0.E0,-1.E0));
#11421=VECTOR('',#11420,6.500000000216E-2);
#11422=CARTESIAN_POINT('',(3.013211633663E1,1.751759900990E1,
-1.675000000001E0));
#11423=LINE('',#11422,#11421);
#11424=DIRECTION('',(-7.460698725481E-13,1.E0,-2.231548279497E-13));
#11425=VECTOR('',#11424,2.E-1);
#11426=CARTESIAN_POINT('',(3.013211633663E1,1.751759900990E1,
-1.740000000003E0));
#11427=LINE('',#11426,#11425);
#11428=DIRECTION('',(1.176544428408E-12,0.E0,1.E0));
#11429=VECTOR('',#11428,2.778047735025E-1);
#11430=CARTESIAN_POINT('',(3.013211633663E1,1.771759900990E1,
-1.740000000003E0));
#11431=LINE('',#11430,#11429);
#11432=CARTESIAN_POINT('',(3.013211633663E1,1.781759900990E1,
-1.462195226482E0));
#11433=DIRECTION('',(-1.E0,0.E0,0.E0));
#11434=DIRECTION('',(0.E0,-1.E0,-1.900057888804E-10));
#11435=AXIS2_PLACEMENT_3D('',#11432,#11433,#11434);
#11437=DIRECTION('',(0.E0,4.226182618040E-1,9.063077870072E-1));
#11438=VECTOR('',#11437,1.723068283525E-1);
#11439=CARTESIAN_POINT('',(3.013211633663E1,1.772696823121E1,
-1.419933400267E0));
#11440=LINE('',#11439,#11438);
#11441=CARTESIAN_POINT('',(3.013211633663E1,1.777259900991E1,
-1.251091832105E0));
#11442=DIRECTION('',(1.E0,0.E0,0.E0));
#11443=DIRECTION('',(0.E0,9.063077872502E-1,-4.226182612827E-1));
#11444=AXIS2_PLACEMENT_3D('',#11441,#11442,#11443);
#11446=DIRECTION('',(0.E0,-8.660254040936E-1,4.999999994645E-1));
#11447=VECTOR('',#11446,4.041451859884E-2);
#11448=CARTESIAN_POINT('',(3.013211633663E1,1.778759900990E1,
-1.225111069982E0));
#11449=LINE('',#11448,#11447);
#11450=CARTESIAN_POINT('',(3.013211633663E1,1.782759900990E1,-1.075E0));
#11451=DIRECTION('',(-1.E0,0.E0,0.E0));
#11452=DIRECTION('',(0.E0,-4.999999980951E-1,-8.660254048842E-1));
#11453=AXIS2_PLACEMENT_3D('',#11450,#11451,#11452);
#11455=DIRECTION('',(0.E0,9.194422954725E-11,1.E0));
#11456=VECTOR('',#11455,5.000000025021E-2);
#11457=CARTESIAN_POINT('',(3.013211633663E1,1.767759900989E1,
-1.075000000278E0));
#11458=LINE('',#11457,#11456);
#11459=CARTESIAN_POINT('',(3.013211633663E1,1.782759900990E1,
-1.024999999944E0));
#11460=DIRECTION('',(-1.E0,0.E0,0.E0));
#11461=DIRECTION('',(0.E0,-1.E0,-6.721423417830E-10));
#11462=AXIS2_PLACEMENT_3D('',#11459,#11460,#11461);
#11464=DIRECTION('',(0.E0,5.000000003903E-1,8.660254035591E-1));
#11465=VECTOR('',#11464,5.980762112207E-2);
#11466=CARTESIAN_POINT('',(3.013211633663E1,1.769769519930E1,
-9.500000000074E-1));
#11467=LINE('',#11466,#11465);
#11468=DIRECTION('',(1.691768418476E-14,1.E0,0.E0));
#11469=VECTOR('',#11468,2.1E-1);
#11470=CARTESIAN_POINT('',(3.013211633663E1,1.745259900990E1,
-1.425000000003E0));
#11471=LINE('',#11470,#11469);
#11472=DIRECTION('',(-1.E0,0.E0,-8.215650382374E-13));
#11473=VECTOR('',#11472,9.999999999820E-3);
#11474=CARTESIAN_POINT('',(3.013211633663E1,1.766259900990E1,
-1.425000000003E0));
#11475=LINE('',#11474,#11473);
#11476=DIRECTION('',(-2.977512416519E-12,1.E0,0.E0));
#11477=VECTOR('',#11476,2.1E-1);
#11478=CARTESIAN_POINT('',(3.012211633663E1,1.745259900990E1,
-1.425000000003E0));
#11479=LINE('',#11478,#11477);
#11480=DIRECTION('',(2.047039786357E-12,-1.E0,0.E0));
#11481=VECTOR('',#11480,2.1E-1);
#11482=CARTESIAN_POINT('',(3.007211633663E1,1.766259900990E1,
-1.524999999999E0));
#11483=LINE('',#11482,#11481);
#11484=DIRECTION('',(1.E0,0.E0,3.804686034817E-12));
#11485=VECTOR('',#11484,2.300000000004E-1);
#11486=CARTESIAN_POINT('',(2.984211633663E1,1.745259900990E1,-1.525E0));
#11487=LINE('',#11486,#11485);
#11488=DIRECTION('',(3.451207573692E-12,1.E0,0.E0));
#11489=VECTOR('',#11488,2.1E-1);
#11490=CARTESIAN_POINT('',(2.984211633663E1,1.745259900990E1,-1.525E0));
#11491=LINE('',#11490,#11489);
#11492=DIRECTION('',(0.E0,1.E0,0.E0));
#11493=VECTOR('',#11492,2.1E-1);
#11494=CARTESIAN_POINT('',(2.978211633663E1,1.745259900990E1,
-1.425000000003E0));
#11495=LINE('',#11494,#11493);
#11496=DIRECTION('',(3.180524626736E-12,1.E0,0.E0));
#11497=VECTOR('',#11496,2.1E-1);
#11498=CARTESIAN_POINT('',(2.979211633663E1,1.745259900990E1,
-1.425000000003E0));
#11499=LINE('',#11498,#11497);
#11500=DIRECTION('',(-1.E0,0.E0,-4.756195436926E-11));
#11501=VECTOR('',#11500,1.000000000120E-2);
#11502=CARTESIAN_POINT('',(2.979211633663E1,1.766259900990E1,
-1.425000000003E0));
#11503=LINE('',#11502,#11501);
#11504=DIRECTION('',(1.E0,4.736951571734E-14,-8.437694987151E-14));
#11505=VECTOR('',#11504,1.5E-1);
#11506=CARTESIAN_POINT('',(3.013211633663E1,1.745259900990E1,
-1.311593413849E0));
#11507=LINE('',#11506,#11505);
#11508=DIRECTION('',(-1.E0,2.221630287143E-11,0.E0));
#11509=VECTOR('',#11508,1.5E-1);
#11510=CARTESIAN_POINT('',(3.028211633663E1,1.743059900986E1,-1.305E0));
#11511=LINE('',#11510,#11509);
#11512=DIRECTION('',(-1.E0,2.368475785867E-14,0.E0));
#11513=VECTOR('',#11512,1.5E-1);
#11514=CARTESIAN_POINT('',(3.028211633663E1,1.738259900990E1,-1.305E0));
#11515=LINE('',#11514,#11513);
#11516=DIRECTION('',(-1.E0,1.421085471520E-13,0.E0));
#11517=VECTOR('',#11516,1.5E-1);
#11518=CARTESIAN_POINT('',(3.028211633663E1,1.743259900990E1,-1.625E0));
#11519=LINE('',#11518,#11517);
#11520=DIRECTION('',(1.E0,0.E0,1.894780628694E-13));
#11521=VECTOR('',#11520,1.5E-1);
#11522=CARTESIAN_POINT('',(3.013211633663E1,1.738259900990E1,-1.575E0));
#11523=LINE('',#11522,#11521);
#11524=DIRECTION('',(-1.E0,0.E0,0.E0));
#11525=VECTOR('',#11524,1.499999999999E-1);
#11526=CARTESIAN_POINT('',(3.028211633663E1,1.751759900990E1,
-1.675000000001E0));
#11527=LINE('',#11526,#11525);
#11528=DIRECTION('',(1.E0,0.E0,0.E0));
#11529=VECTOR('',#11528,1.5E-1);
#11530=CARTESIAN_POINT('',(3.013211633663E1,1.746759900990E1,-1.625E0));
#11531=LINE('',#11530,#11529);
#11532=DIRECTION('',(-7.071067811984E-1,0.E0,-7.071067811747E-1));
#11533=VECTOR('',#11532,4.949747468319E-2);
#11534=CARTESIAN_POINT('',(3.028211633663E1,1.751759900990E1,
-1.739999999999E0));
#11535=LINE('',#11534,#11533);
#11536=DIRECTION('',(-1.E0,0.E0,-1.509625757745E-11));
#11537=VECTOR('',#11536,7.999999999943E-2);
#11538=CARTESIAN_POINT('',(3.024711633663E1,1.751759900990E1,
-1.774999999999E0));
#11539=LINE('',#11538,#11537);
#11540=DIRECTION('',(-7.071067812169E-1,0.E0,7.071067811562E-1));
#11541=VECTOR('',#11540,4.949747468110E-2);
#11542=CARTESIAN_POINT('',(3.016711633663E1,1.751759900990E1,-1.775E0));
#11543=LINE('',#11542,#11541);
#11544=DIRECTION('',(1.E0,0.E0,1.509348201995E-11));
#11545=VECTOR('',#11544,7.999999999911E-2);
#11546=CARTESIAN_POINT('',(3.016711633663E1,1.771759900990E1,-1.775E0));
#11547=LINE('',#11546,#11545);
#11548=DIRECTION('',(7.071067811983E-1,0.E0,7.071067811748E-1));
#11549=VECTOR('',#11548,4.949747468392E-2);
#11550=CARTESIAN_POINT('',(3.024711633663E1,1.771759900990E1,
-1.774999999999E0));
#11551=LINE('',#11550,#11549);
#11552=DIRECTION('',(7.071067812169E-1,0.E0,-7.071067811562E-1));
#11553=VECTOR('',#11552,4.949747468108E-2);
#11554=CARTESIAN_POINT('',(3.013211633663E1,1.771759900990E1,
-1.740000000003E0));
#11555=LINE('',#11554,#11553);
#11556=DIRECTION('',(-2.433608869978E-12,1.E0,-1.809663530139E-13));
#11557=VECTOR('',#11556,2.E-1);
#11558=CARTESIAN_POINT('',(3.024711633663E1,1.751759900990E1,
-1.774999999999E0));
#11559=LINE('',#11558,#11557);
#11560=DIRECTION('',(-8.348877145181E-13,1.E0,-1.798561299893E-13));
#11561=VECTOR('',#11560,2.E-1);
#11562=CARTESIAN_POINT('',(3.016711633663E1,1.751759900990E1,-1.775E0));
#11563=LINE('',#11562,#11561);
#11564=DIRECTION('',(-1.E0,1.198922442806E-10,2.728868982634E-10));
#11565=VECTOR('',#11564,1.5E-1);
#11566=CARTESIAN_POINT('',(3.028211633663E1,1.772696823120E1,
-1.419933400308E0));
#11567=LINE('',#11566,#11565);
#11568=DIRECTION('',(1.E0,0.E0,2.224886941347E-12));
#11569=VECTOR('',#11568,1.500000000001E-1);
#11570=CARTESIAN_POINT('',(3.013211633663E1,1.771759900990E1,
-1.462195226500E0));
#11571=LINE('',#11570,#11569);
#11572=DIRECTION('',(-1.E0,-3.003227296479E-11,2.291500322826E-11));
#11573=VECTOR('',#11572,1.5E-1);
#11574=CARTESIAN_POINT('',(3.028211633663E1,1.778759900990E1,
-1.225111069986E0));
#11575=LINE('',#11574,#11573);
#11576=DIRECTION('',(1.E0,-3.841667724676E-11,-9.813483359266E-11));
#11577=VECTOR('',#11576,1.5E-1);
#11578=CARTESIAN_POINT('',(3.013211633663E1,1.779978824351E1,
-1.263770379976E0));
#11579=LINE('',#11578,#11577);
#11580=DIRECTION('',(1.E0,-3.846404676248E-11,1.630103459623E-11));
#11581=VECTOR('',#11580,1.5E-1);
#11582=CARTESIAN_POINT('',(3.013211633663E1,1.775259901010E1,
-1.204903810705E0));
#11583=LINE('',#11582,#11581);
#11584=DIRECTION('',(-1.E0,1.203185699220E-11,-8.286704655802E-12));
#11585=VECTOR('',#11584,1.5E-1);
#11586=CARTESIAN_POINT('',(3.028211633663E1,1.767759900989E1,
-1.075000000277E0));
#11587=LINE('',#11586,#11585);
#11588=DIRECTION('',(-1.E0,3.026912054338E-11,5.660731143090E-11));
#11589=VECTOR('',#11588,1.5E-1);
#11590=CARTESIAN_POINT('',(3.028211633663E1,1.769769519929E1,
-9.500000000159E-1));
#11591=LINE('',#11590,#11589);
#11592=DIRECTION('',(1.E0,-1.198448747649E-11,-3.948234332066E-10));
#11593=VECTOR('',#11592,1.5E-1);
#11594=CARTESIAN_POINT('',(3.013211633663E1,1.767759900990E1,
-1.025000000028E0));
#11595=LINE('',#11594,#11593);
#11596=DIRECTION('',(0.E0,4.472135954905E-1,-8.944271910047E-1));
#11597=VECTOR('',#11596,2.236067977518E-1);
#11598=CARTESIAN_POINT('',(2.978211633663E1,1.756259900990E1,1.525E0));
#11599=LINE('',#11598,#11597);
#11600=DIRECTION('',(1.E0,-2.910201630507E-13,1.761711344182E-12));
#11601=VECTOR('',#11600,9.399999999999E-1);
#11602=CARTESIAN_POINT('',(2.978211633663E1,1.766259900990E1,1.324999999997E0));
#11603=LINE('',#11602,#11601);
#11604=DIRECTION('',(5.819143739693E-1,-3.636964837235E-1,7.273929674496E-1));
#11605=VECTOR('',#11604,1.374772708478E-1);
#11606=CARTESIAN_POINT('',(3.072211633663E1,1.761259900990E1,1.425000000001E0));
#11607=LINE('',#11606,#11605);
#11608=DIRECTION('',(0.E0,0.E0,-1.E0));
#11609=VECTOR('',#11608,1.099999999997E0);
#11610=CARTESIAN_POINT('',(2.978211633663E1,1.766259900990E1,1.324999999997E0));
#11611=LINE('',#11610,#11609);
#11612=DIRECTION('',(1.E0,-7.105427357601E-14,-8.452497960813E-13));
#11613=VECTOR('',#11612,1.5E-1);
#11614=CARTESIAN_POINT('',(3.013211633663E1,1.766259900990E1,1.148301270188E0));
#11615=LINE('',#11614,#11613);
#11616=DIRECTION('',(1.385221666713E-13,-1.023524898182E-12,-1.E0));
#11617=VECTOR('',#11616,9.233012701881E-1);
#11618=CARTESIAN_POINT('',(3.028211633663E1,1.766259900990E1,1.148301270188E0));
#11619=LINE('',#11618,#11617);
#11620=DIRECTION('',(0.E0,1.E0,0.E0));
#11621=VECTOR('',#11620,4.4E-1);
#11622=CARTESIAN_POINT('',(2.978211633663E1,1.766259900990E1,2.25E-1));
#11623=LINE('',#11622,#11621);
#11624=DIRECTION('',(1.051865652630E-13,-1.E0,1.010777150574E-12));
#11625=VECTOR('',#11624,3.377535591089E-2);
#11626=CARTESIAN_POINT('',(3.013211633663E1,1.810259900990E1,2.25E-1));
#11627=LINE('',#11626,#11625);
#11628=DIRECTION('',(0.E0,-1.E0,0.E0));
#11629=VECTOR('',#11628,4.4E-1);
#11630=CARTESIAN_POINT('',(3.072211633663E1,1.810259900990E1,2.25E-1));
#11631=LINE('',#11630,#11629);
#11632=DIRECTION('',(-1.E0,5.409814010901E-13,0.E0));
#11633=VECTOR('',#11632,4.4E-1);
#11634=CARTESIAN_POINT('',(3.072211633663E1,1.766259900990E1,2.25E-1));
#11635=LINE('',#11634,#11633);
#11636=DIRECTION('',(-2.842170943095E-12,-1.E0,0.E0));
#11637=VECTOR('',#11636,9.999999999806E-3);
#11638=CARTESIAN_POINT('',(3.013211633663E1,1.767259900990E1,2.25E-1));
#11639=LINE('',#11638,#11637);
#11640=DIRECTION('',(-1.E0,-5.481329675864E-13,0.E0));
#11641=VECTOR('',#11640,3.5E-1);
#11642=CARTESIAN_POINT('',(3.013211633663E1,1.766259900990E1,2.25E-1));
#11643=LINE('',#11642,#11641);
#11644=DIRECTION('',(0.E0,-6.427876100107E-1,-7.660444428469E-1));
#11645=VECTOR('',#11644,5.492050820527E-2);
#11646=CARTESIAN_POINT('',(3.013211633663E1,1.810259900990E1,1.107079458091E0));
#11647=LINE('',#11646,#11645);
#11648=CARTESIAN_POINT('',(3.013211633663E1,1.810559900993E1,1.032868527600E0));
#11649=DIRECTION('',(1.E0,0.E0,0.E0));
#11650=DIRECTION('',(0.E0,-7.660444451895E-1,6.427876072190E-1));
#11651=AXIS2_PLACEMENT_3D('',#11648,#11649,#11650);
#11653=DIRECTION('',(0.E0,-2.588190457856E-1,-9.659258261060E-1));
#11654=VECTOR('',#11653,1.817373471578E-2);
#11655=CARTESIAN_POINT('',(3.013211633663E1,1.805730271858E1,1.045809479721E0));
#11656=LINE('',#11655,#11654);
#11657=DIRECTION('',(0.E0,9.063077866063E-1,-4.226182626636E-1));
#11658=VECTOR('',#11657,1.482617092537E-2);
#11659=CARTESIAN_POINT('',(3.013211633663E1,1.805259900990E1,1.028255000002E0));
#11660=LINE('',#11659,#11658);
#11661=CARTESIAN_POINT('',(3.013211633663E1,1.806603608405E1,1.021989189403E0));
#11662=CARTESIAN_POINT('',(3.013211633663E1,1.807228897551E1,1.019073418223E0));
#11663=CARTESIAN_POINT('',(3.013211633663E1,1.808235893962E1,1.011717971632E0));
#11664=CARTESIAN_POINT('',(3.013211633663E1,1.809311708157E1,
9.944629678668E-1));
#11665=CARTESIAN_POINT('',(3.013211633663E1,1.809525023249E1,
9.817581954061E-1));
#11666=CARTESIAN_POINT('',(3.013211633663E1,1.809500954996E1,
9.748659494202E-1));
#11668=DIRECTION('',(0.E0,-3.489949670177E-2,-9.993908270191E-1));
#11669=VECTOR('',#11668,7.503230259345E-1);
#11670=CARTESIAN_POINT('',(3.013211633663E1,1.809500954996E1,
9.748659494202E-1));
#11671=LINE('',#11670,#11669);
#11672=DIRECTION('',(0.E0,-5.397060645638E-13,-1.E0));
#11673=VECTOR('',#11672,8.820794580917E-1);
#11674=CARTESIAN_POINT('',(3.028211633663E1,1.810259900990E1,1.107079458092E0));
#11675=LINE('',#11674,#11673);
#11676=DIRECTION('',(0.E0,-1.E0,1.039539102029E-12));
#11677=VECTOR('',#11676,3.377535591035E-2);
#11678=CARTESIAN_POINT('',(3.028211633663E1,1.810259900990E1,2.25E-1));
#11679=LINE('',#11678,#11677);
#11680=DIRECTION('',(0.E0,3.489949670178E-2,9.993908270191E-1));
#11681=VECTOR('',#11680,7.501742490099E-1);
#11682=CARTESIAN_POINT('',(3.028211633663E1,1.806882365399E1,2.25E-1));
#11683=LINE('',#11682,#11681);
#11684=CARTESIAN_POINT('',(3.028211633663E1,1.809500435772E1,
9.747172631265E-1));
#11685=CARTESIAN_POINT('',(3.028211633663E1,1.809524513990E1,
9.816123626230E-1));
#11686=CARTESIAN_POINT('',(3.028211633663E1,1.809326305703E1,
9.939240692480E-1));
#11687=CARTESIAN_POINT('',(3.028211633663E1,1.808277283033E1,1.011343251689E0));
#11688=CARTESIAN_POINT('',(3.028211633663E1,1.807242122546E1,1.019011749058E0));
#11689=CARTESIAN_POINT('',(3.028211633663E1,1.806617092174E1,1.021926313559E0));
#11691=DIRECTION('',(0.E0,-9.063077866065E-1,4.226182626632E-1));
#11692=VECTOR('',#11691,1.497494784729E-2);
#11693=CARTESIAN_POINT('',(3.028211633663E1,1.806617092174E1,1.021926313559E0));
#11694=LINE('',#11693,#11692);
#11695=DIRECTION('',(0.E0,2.588190457853E-1,9.659258261061E-1));
#11696=VECTOR('',#11695,1.817373475265E-2);
#11697=CARTESIAN_POINT('',(3.028211633663E1,1.805259900990E1,1.028255000001E0));
#11698=LINE('',#11697,#11696);
#11699=CARTESIAN_POINT('',(3.028211633663E1,1.810559900993E1,1.032868527600E0));
#11700=DIRECTION('',(-1.E0,0.E0,0.E0));
#11701=DIRECTION('',(0.E0,-9.659258267007E-1,2.588190435663E-1));
#11702=AXIS2_PLACEMENT_3D('',#11699,#11700,#11701);
#11704=DIRECTION('',(0.E0,6.427876100109E-1,7.660444428468E-1));
#11705=VECTOR('',#11704,5.492050818969E-2);
#11706=CARTESIAN_POINT('',(3.028211633663E1,1.806729678770E1,1.065007907995E0));
#11707=LINE('',#11706,#11705);
#11708=DIRECTION('',(-1.E0,-3.789561257387E-12,0.E0));
#11709=VECTOR('',#11708,1.5E-1);
#11710=CARTESIAN_POINT('',(3.028211633663E1,1.806882365399E1,2.25E-1));
#11711=LINE('',#11710,#11709);
#11712=DIRECTION('',(-9.999995081210E-1,3.461491107084E-5,9.912414703179E-4));
#11713=VECTOR('',#11712,1.500000737819E-1);
#11714=CARTESIAN_POINT('',(3.028211633663E1,1.809500435772E1,
9.747172631265E-1));
#11715=LINE('',#11714,#11713);
#11716=DIRECTION('',(9.999995081210E-1,8.989174496203E-4,-4.191720925277E-4));
#11717=VECTOR('',#11716,1.500000737819E-1);
#11718=CARTESIAN_POINT('',(3.013211633663E1,1.806603608405E1,1.021989189403E0));
#11719=LINE('',#11718,#11717);
#11720=DIRECTION('',(-1.E0,-6.442254137558E-12,3.656334494432E-12));
#11721=VECTOR('',#11720,1.5E-1);
#11722=CARTESIAN_POINT('',(3.028211633663E1,1.805259900990E1,1.028255000001E0));
#11723=LINE('',#11722,#11721);
#11724=DIRECTION('',(-1.E0,-7.001214423023E-11,-2.337507964967E-10));
#11725=VECTOR('',#11724,1.5E-1);
#11726=CARTESIAN_POINT('',(3.028211633663E1,1.805730271859E1,1.045809479756E0));
#11727=LINE('',#11726,#11725);
#11728=DIRECTION('',(1.E0,6.667259337215E-11,8.400983612470E-11));
#11729=VECTOR('',#11728,1.5E-1);
#11730=CARTESIAN_POINT('',(3.013211633663E1,1.806729678769E1,1.065007907982E0));
#11731=LINE('',#11730,#11729);
#11732=DIRECTION('',(-2.131628207328E-12,-1.E0,0.E0));
#11733=VECTOR('',#11732,9.999999999774E-3);
#11734=CARTESIAN_POINT('',(3.028211633663E1,1.767259900990E1,2.25E-1));
#11735=LINE('',#11734,#11733);
#11736=DIRECTION('',(7.176481631785E-11,5.000000001691E-1,-8.660254036868E-1));
#11737=VECTOR('',#11736,9.999999999153E-3);
#11738=CARTESIAN_POINT('',(3.028211633663E1,1.766259900990E1,1.148301270188E0));
#11739=LINE('',#11738,#11737);
#11740=DIRECTION('',(-2.638656317834E-12,-1.329882784188E-11,-1.E0));
#11741=VECTOR('',#11740,1.346410161410E-1);
#11742=CARTESIAN_POINT('',(3.028211633663E1,1.766759900990E1,1.139641016152E0));
#11743=LINE('',#11742,#11741);
#11744=CARTESIAN_POINT('',(3.028211633663E1,1.771759900990E1,
8.416987299953E-1));
#11745=DIRECTION('',(1.E0,0.E0,0.E0));
#11746=DIRECTION('',(0.E0,-1.E0,4.384048679640E-11));
#11747=AXIS2_PLACEMENT_3D('',#11744,#11745,#11746);
#11749=DIRECTION('',(0.E0,4.999999977881E-1,-8.660254050615E-1));
#11750=VECTOR('',#11749,3.660254067003E-2);
#11751=CARTESIAN_POINT('',(3.028211633663E1,1.767429773964E1,
8.166987301085E-1));
#11752=LINE('',#11751,#11750);
#11753=DIRECTION('',(0.E0,-8.660254042835E-1,-4.999999991356E-1));
#11754=VECTOR('',#11753,5.773502661312E-3);
#11755=CARTESIAN_POINT('',(3.028211633663E1,1.769259900990E1,
7.849999999984E-1));
#11756=LINE('',#11755,#11754);
#11757=CARTESIAN_POINT('',(3.028211633663E1,1.770259900990E1,
7.561324865466E-1));
#11758=DIRECTION('',(1.E0,0.E0,0.E0));
#11759=DIRECTION('',(0.E0,-4.999999992022E-1,8.660254042450E-1));
#11760=AXIS2_PLACEMENT_3D('',#11757,#11758,#11759);
#11762=DIRECTION('',(0.E0,0.E0,-1.E0));
#11763=VECTOR('',#11762,5.311324865467E-1);
#11764=CARTESIAN_POINT('',(3.028211633663E1,1.767259900990E1,
7.561324865467E-1));
#11765=LINE('',#11764,#11763);
#11766=DIRECTION('',(0.E0,0.E0,1.E0));
#11767=VECTOR('',#11766,5.311324865468E-1);
#11768=CARTESIAN_POINT('',(3.013211633663E1,1.767259900990E1,2.25E-1));
#11769=LINE('',#11768,#11767);
#11770=CARTESIAN_POINT('',(3.013211633663E1,1.770259900990E1,
7.561324865466E-1));
#11771=DIRECTION('',(-1.E0,0.E0,0.E0));
#11772=DIRECTION('',(0.E0,-1.E0,7.338574192772E-12));
#11773=AXIS2_PLACEMENT_3D('',#11770,#11771,#11772);
#11775=DIRECTION('',(0.E0,8.660254042840E-1,4.999999991347E-1));
#11776=VECTOR('',#11775,5.773502671725E-3);
#11777=CARTESIAN_POINT('',(3.013211633663E1,1.768759900991E1,
7.821132486664E-1));
#11778=LINE('',#11777,#11776);
#11779=DIRECTION('',(0.E0,-4.999999977883E-1,8.660254050613E-1));
#11780=VECTOR('',#11779,3.660254063151E-2);
#11781=CARTESIAN_POINT('',(3.013211633663E1,1.769259900990E1,
7.849999999973E-1));
#11782=LINE('',#11781,#11780);
#11783=CARTESIAN_POINT('',(3.013211633663E1,1.771759900990E1,
8.416987299953E-1));
#11784=DIRECTION('',(-1.E0,0.E0,0.E0));
#11785=DIRECTION('',(0.E0,-8.660254041565E-1,-4.999999993556E-1));
#11786=AXIS2_PLACEMENT_3D('',#11783,#11784,#11785);
#11788=DIRECTION('',(-8.723987173697E-12,2.784714110307E-12,1.E0));
#11789=VECTOR('',#11788,1.633012700310E-1);
#11790=CARTESIAN_POINT('',(3.013211633663E1,1.766759900990E1,
8.416987299934E-1));
#11791=LINE('',#11790,#11789);
#11792=DIRECTION('',(1.688740043540E-12,2.928908513015E-12,1.E0));
#11793=VECTOR('',#11792,1.346410161309E-1);
#11794=CARTESIAN_POINT('',(3.013211633663E1,1.766759900990E1,1.005000000024E0));
#11795=LINE('',#11794,#11793);
#11796=DIRECTION('',(8.668621380197E-11,-5.000000001829E-1,8.660254036788E-1));
#11797=VECTOR('',#11796,9.999999995473E-3);
#11798=CARTESIAN_POINT('',(3.013211633663E1,1.766759900990E1,1.139641016155E0));
#11799=LINE('',#11798,#11797);
#11800=DIRECTION('',(1.231308148189E-13,-1.069698953739E-12,-1.E0));
#11801=VECTOR('',#11800,9.233012701883E-1);
#11802=CARTESIAN_POINT('',(3.013211633663E1,1.766259900990E1,1.148301270188E0));
#11803=LINE('',#11802,#11801);
#11804=DIRECTION('',(1.E0,0.E0,0.E0));
#11805=VECTOR('',#11804,1.5E-1);
#11806=CARTESIAN_POINT('',(3.013211633663E1,1.767259900990E1,2.25E-1));
#11807=LINE('',#11806,#11805);
#11808=DIRECTION('',(-1.E0,-5.982769835100E-11,-4.199973702157E-11));
#11809=VECTOR('',#11808,1.5E-1);
#11810=CARTESIAN_POINT('',(3.028211633663E1,1.768759900992E1,
7.821132486727E-1));
#11811=LINE('',#11810,#11809);
#11812=DIRECTION('',(1.E0,0.E0,-3.116025955781E-13));
#11813=VECTOR('',#11812,1.5E-1);
#11814=CARTESIAN_POINT('',(3.013211633663E1,1.767259900990E1,
7.561324865468E-1));
#11815=LINE('',#11814,#11813);
#11816=DIRECTION('',(-1.E0,3.079018521627E-13,-7.324511367793E-12));
#11817=VECTOR('',#11816,1.5E-1);
#11818=CARTESIAN_POINT('',(3.028211633663E1,1.769259900990E1,
7.849999999984E-1));
#11819=LINE('',#11818,#11817);
#11820=DIRECTION('',(-1.E0,-2.605323364458E-13,-1.074103768893E-11));
#11821=VECTOR('',#11820,1.499999999997E-1);
#11822=CARTESIAN_POINT('',(3.028211633663E1,1.766759900990E1,
8.416987299951E-1));
#11823=LINE('',#11822,#11821);
#11824=DIRECTION('',(1.E0,-1.286556046883E-10,2.297813791093E-10));
#11825=VECTOR('',#11824,1.5E-1);
#11826=CARTESIAN_POINT('',(3.013211633663E1,1.767429773966E1,
8.166987300740E-1));
#11827=LINE('',#11826,#11825);
#11828=DIRECTION('',(1.696935161125E-12,4.307604639780E-12,1.E0));
#11829=VECTOR('',#11828,1.633012700159E-1);
#11830=CARTESIAN_POINT('',(3.028211633663E1,1.766759900990E1,
8.416987299951E-1));
#11831=LINE('',#11830,#11829);
#11832=CARTESIAN_POINT('',(3.016211633663E1,1.769759900990E1,1.035E0));
#11833=CARTESIAN_POINT('',(3.015358080274E1,1.768906347601E1,1.035E0));
#11834=CARTESIAN_POINT('',(3.014391376596E1,1.767939643923E1,1.030564652811E0));
#11835=CARTESIAN_POINT('',(3.013492361515E1,1.767040628843E1,1.019136510398E0));
#11836=CARTESIAN_POINT('',(3.013211633663E1,1.766759900991E1,1.011035533941E0));
#11837=CARTESIAN_POINT('',(3.013211633663E1,1.766759900990E1,1.005000000044E0));
#11839=DIRECTION('',(1.E0,1.918465386534E-12,-8.992954529114E-11));
#11840=VECTOR('',#11839,1.500000000014E-1);
#11841=CARTESIAN_POINT('',(3.013211633663E1,1.766759900990E1,1.005000000024E0));
#11842=LINE('',#11841,#11840);
#11843=CARTESIAN_POINT('',(3.028211633663E1,1.766759900990E1,1.005E0));
#11844=CARTESIAN_POINT('',(3.028211633663E1,1.766759900990E1,1.011035533906E0));
#11845=CARTESIAN_POINT('',(3.027930905812E1,1.767040628841E1,1.019136510371E0));
#11846=CARTESIAN_POINT('',(3.027031890732E1,1.767939643922E1,1.030564652800E0));
#11847=CARTESIAN_POINT('',(3.026065187054E1,1.768906347599E1,1.035E0));
#11848=CARTESIAN_POINT('',(3.025211633663E1,1.769759900990E1,1.035E0));
#11850=DIRECTION('',(-1.E0,0.E0,0.E0));
#11851=VECTOR('',#11850,9.000000000029E-2);
#11852=CARTESIAN_POINT('',(3.025211633663E1,1.769759900990E1,1.035E0));
#11853=LINE('',#11852,#11851);
#11854=DIRECTION('',(-1.033839679284E-10,-7.105427349028E-13,1.E0));
#11855=VECTOR('',#11854,1.000000001207E-2);
#11856=CARTESIAN_POINT('',(3.018211633663E1,1.771759900990E1,1.035E0));
#11857=LINE('',#11856,#11855);
#11858=CARTESIAN_POINT('',(3.018211633663E1,1.771759900990E1,1.044999999999E0));
#11859=CARTESIAN_POINT('',(3.018211633663E1,1.771759900990E1,1.050675254988E0));
#11860=CARTESIAN_POINT('',(3.018063514992E1,1.771611782318E1,1.055603966437E0));
#11861=CARTESIAN_POINT('',(3.017809709872E1,1.771357977199E1,1.060000000042E0));
#11863=DIRECTION('',(-4.472135955255E-1,-4.472135954825E-1,7.745966692368E-1));
#11864=VECTOR('',#11863,1.028161097227E-1);
#11865=CARTESIAN_POINT('',(3.017809709874E1,1.771357977200E1,1.060000000020E0));
#11866=LINE('',#11865,#11864);
#11867=DIRECTION('',(-7.071067812208E-1,-7.071067811523E-1,0.E0));
#11868=VECTOR('',#11867,2.828427124812E-2);
#11869=CARTESIAN_POINT('',(3.018211633663E1,1.771759900990E1,1.035E0));
#11870=LINE('',#11869,#11868);
#11871=DIRECTION('',(-7.071067812210E-1,7.071067811521E-1,0.E0));
#11872=VECTOR('',#11871,2.828427124808E-2);
#11873=CARTESIAN_POINT('',(3.025211633663E1,1.769759900990E1,1.035E0));
#11874=LINE('',#11873,#11872);
#11875=DIRECTION('',(-4.472135955216E-1,4.472135954867E-1,-7.745966692366E-1));
#11876=VECTOR('',#11875,1.028161097037E-1);
#11877=CARTESIAN_POINT('',(3.028211633663E1,1.766759900990E1,1.139641016152E0));
#11878=LINE('',#11877,#11876);
#11879=CARTESIAN_POINT('',(3.023613557456E1,1.771357977197E1,1.060000000076E0));
#11880=CARTESIAN_POINT('',(3.023359752336E1,1.771611782317E1,1.055603966479E0));
#11881=CARTESIAN_POINT('',(3.023211633663E1,1.771759900989E1,1.050675255035E0));
#11882=CARTESIAN_POINT('',(3.023211633663E1,1.771759900990E1,1.045000000050E0));
#11884=DIRECTION('',(9.379164084806E-11,1.065814100546E-12,-1.E0));
#11885=VECTOR('',#11884,1.000000002903E-2);
#11886=CARTESIAN_POINT('',(3.023211633663E1,1.771759900990E1,1.045000000029E0));
#11887=LINE('',#11886,#11885);
#11888=DIRECTION('',(1.E0,-5.684341886361E-13,3.392797154501E-10));
#11889=VECTOR('',#11888,4.999999999754E-2);
#11890=CARTESIAN_POINT('',(3.018211633663E1,1.771759900990E1,1.045000000012E0));
#11891=LINE('',#11890,#11889);
#11892=DIRECTION('',(-1.E0,1.092041290887E-10,-1.948871334002E-10));
#11893=VECTOR('',#11892,5.803847579641E-2);
#11894=CARTESIAN_POINT('',(3.023613557453E1,1.771357977200E1,1.060000000032E0));
#11895=LINE('',#11894,#11893);
#11896=DIRECTION('',(1.E0,-5.684341886372E-13,0.E0));
#11897=VECTOR('',#11896,4.999999999744E-2);
#11898=CARTESIAN_POINT('',(3.018211633663E1,1.771759900990E1,1.035E0));
#11899=LINE('',#11898,#11897);
#11900=CARTESIAN_POINT('',(2.979211633663E1,1.766259900990E1,
-1.425000000003E0));
#11901=CARTESIAN_POINT('',(2.984211633663E1,1.766259900990E1,-1.525E0));
#11902=VERTEX_POINT('',#11900);
#11903=VERTEX_POINT('',#11901);
#11904=CARTESIAN_POINT('',(3.007211633663E1,1.766259900990E1,
-1.524999999999E0));
#11905=VERTEX_POINT('',#11904);
#11906=CARTESIAN_POINT('',(3.012211633663E1,1.766259900990E1,
-1.425000000003E0));
#11907=VERTEX_POINT('',#11906);
#11908=CARTESIAN_POINT('',(3.013211633663E1,1.766259900990E1,
-1.425000000003E0));
#11909=VERTEX_POINT('',#11908);
#11910=CARTESIAN_POINT('',(3.013211633663E1,1.766259900990E1,
-4.449999999970E-1));
#11911=VERTEX_POINT('',#11910);
#11912=CARTESIAN_POINT('',(3.028211633663E1,1.766259900990E1,
-4.449999999808E-1));
#11913=VERTEX_POINT('',#11912);
#11914=CARTESIAN_POINT('',(3.028211633663E1,1.766259900990E1,
-1.425000000003E0));
#11915=VERTEX_POINT('',#11914);
#11916=CARTESIAN_POINT('',(3.029211633663E1,1.766259900990E1,
-1.425000000003E0));
#11917=VERTEX_POINT('',#11916);
#11918=CARTESIAN_POINT('',(3.034211633663E1,1.766259900990E1,-1.525E0));
#11919=VERTEX_POINT('',#11918);
#11920=CARTESIAN_POINT('',(3.135711633663E1,1.766259900990E1,-1.525E0));
#11921=VERTEX_POINT('',#11920);
#11922=CARTESIAN_POINT('',(3.125711633663E1,1.766259900990E1,
-1.375000000001E0));
#11923=VERTEX_POINT('',#11922);
#11924=CARTESIAN_POINT('',(3.125711633663E1,1.766259900990E1,
-1.750000000001E-1));
#11925=VERTEX_POINT('',#11924);
#11926=CARTESIAN_POINT('',(3.063711633663E1,1.766259900990E1,
-1.750000000001E-1));
#11927=VERTEX_POINT('',#11926);
#11928=CARTESIAN_POINT('',(3.063711633663E1,1.766259900990E1,
-4.250000000001E-1));
#11929=VERTEX_POINT('',#11928);
#11930=CARTESIAN_POINT('',(3.032711633663E1,1.766259900990E1,
-4.249999999999E-1));
#11931=VERTEX_POINT('',#11930);
#11932=CARTESIAN_POINT('',(3.029211633662E1,1.766259900990E1,
-3.250000000007E-1));
#11933=VERTEX_POINT('',#11932);
#11934=CARTESIAN_POINT('',(3.028211633663E1,1.766259900990E1,
-3.250000000020E-1));
#11935=VERTEX_POINT('',#11934);
#11936=CARTESIAN_POINT('',(3.028211633663E1,1.766259900990E1,
-3.753183234132E-1));
#11937=VERTEX_POINT('',#11936);
#11938=CARTESIAN_POINT('',(3.013211633663E1,1.766259900990E1,
-3.753183234131E-1));
#11939=VERTEX_POINT('',#11938);
#11940=CARTESIAN_POINT('',(3.013211633663E1,1.766259900990E1,
-3.250000000023E-1));
#11941=VERTEX_POINT('',#11940);
#11942=CARTESIAN_POINT('',(3.012211633663E1,1.766259900990E1,
-3.250000000023E-1));
#11943=VERTEX_POINT('',#11942);
#11944=CARTESIAN_POINT('',(3.008711633663E1,1.766259900990E1,
-4.249999999996E-1));
#11945=VERTEX_POINT('',#11944);
#11946=CARTESIAN_POINT('',(2.982711633663E1,1.766259900990E1,
-4.249999999997E-1));
#11947=VERTEX_POINT('',#11946);
#11948=CARTESIAN_POINT('',(2.979211633662E1,1.766259900990E1,
-3.250000000007E-1));
#11949=VERTEX_POINT('',#11948);
#11950=CARTESIAN_POINT('',(3.044211633663E1,1.745259900990E1,-1.525E0));
#11951=CARTESIAN_POINT('',(3.044211633663E1,1.745259900990E1,-1.025E0));
#11952=VERTEX_POINT('',#11950);
#11953=VERTEX_POINT('',#11951);
#11954=CARTESIAN_POINT('',(3.034211633663E1,1.745259900990E1,-1.525E0));
#11955=VERTEX_POINT('',#11954);
#11956=CARTESIAN_POINT('',(3.029211633663E1,1.745259900990E1,
-1.425000000003E0));
#11957=VERTEX_POINT('',#11956);
#11958=CARTESIAN_POINT('',(3.028211633663E1,1.745259900990E1,
-1.425000000003E0));
#11959=VERTEX_POINT('',#11958);
#11960=CARTESIAN_POINT('',(3.028211633663E1,1.745259900990E1,
-1.311593413849E0));
#11961=VERTEX_POINT('',#11960);
#11962=CARTESIAN_POINT('',(3.013211633663E1,1.745259900990E1,
-1.311593413849E0));
#11963=VERTEX_POINT('',#11962);
#11964=CARTESIAN_POINT('',(3.013211633663E1,1.745259900990E1,
-1.425000000003E0));
#11965=VERTEX_POINT('',#11964);
#11966=CARTESIAN_POINT('',(3.012211633663E1,1.745259900990E1,
-1.425000000003E0));
#11967=VERTEX_POINT('',#11966);
#11968=CARTESIAN_POINT('',(3.007211633663E1,1.745259900990E1,
-1.524999999999E0));
#11969=VERTEX_POINT('',#11968);
#11970=CARTESIAN_POINT('',(2.984211633663E1,1.745259900990E1,-1.525E0));
#11971=VERTEX_POINT('',#11970);
#11972=CARTESIAN_POINT('',(2.979211633663E1,1.745259900990E1,
-1.425000000003E0));
#11973=VERTEX_POINT('',#11972);
#11974=CARTESIAN_POINT('',(3.044211633663E1,1.740259900990E1,-1.025E0));
#11975=VERTEX_POINT('',#11974);
#11976=CARTESIAN_POINT('',(3.096211633663E1,1.740259900990E1,1.525E0));
#11977=CARTESIAN_POINT('',(3.096211633663E1,1.740259900990E1,-1.525E0));
#11978=VERTEX_POINT('',#11976);
#11979=VERTEX_POINT('',#11977);
#11980=CARTESIAN_POINT('',(3.044211633663E1,1.740259900990E1,-1.525E0));
#11981=VERTEX_POINT('',#11980);
#11982=CARTESIAN_POINT('',(3.080211633663E1,1.756259900990E1,1.525E0));
#11983=CARTESIAN_POINT('',(3.080211633663E1,1.840259900990E1,1.525E0));
#11984=VERTEX_POINT('',#11982);
#11985=VERTEX_POINT('',#11983);
#11986=CARTESIAN_POINT('',(3.096211633663E1,1.840259900990E1,1.525E0));
#11987=VERTEX_POINT('',#11986);
#11988=CARTESIAN_POINT('',(3.096211633663E1,1.750259900990E1,1.525E0));
#11989=VERTEX_POINT('',#11988);
#11990=CARTESIAN_POINT('',(3.072211633663E1,1.761259900990E1,1.425000000001E0));
#11991=CARTESIAN_POINT('',(3.072211633663E1,1.766259900990E1,1.324999999999E0));
#11992=VERTEX_POINT('',#11990);
#11993=VERTEX_POINT('',#11991);
#11994=CARTESIAN_POINT('',(3.013211633663E1,1.766259900990E1,1.148301270188E0));
#11995=CARTESIAN_POINT('',(3.013211633663E1,1.766259900990E1,2.25E-1));
#11996=VERTEX_POINT('',#11994);
#11997=VERTEX_POINT('',#11995);
#11998=CARTESIAN_POINT('',(3.028211633663E1,1.766259900990E1,1.148301270188E0));
#11999=VERTEX_POINT('',#11998);
#12000=CARTESIAN_POINT('',(3.028211633663E1,1.766259900990E1,2.25E-1));
#12001=VERTEX_POINT('',#12000);
#12002=CARTESIAN_POINT('',(3.072211633663E1,1.766259900990E1,2.25E-1));
#12003=VERTEX_POINT('',#12002);
#12004=CARTESIAN_POINT('',(3.013211633663E1,1.810259900990E1,2.25E-1));
#12005=CARTESIAN_POINT('',(3.013211633663E1,1.806882365399E1,2.25E-1));
#12006=VERTEX_POINT('',#12004);
#12007=VERTEX_POINT('',#12005);
#12008=CARTESIAN_POINT('',(3.028211633663E1,1.806882365399E1,2.25E-1));
#12009=VERTEX_POINT('',#12008);
#12010=CARTESIAN_POINT('',(3.028211633663E1,1.810259900990E1,2.25E-1));
#12011=VERTEX_POINT('',#12010);
#12012=CARTESIAN_POINT('',(3.072211633663E1,1.810259900990E1,2.25E-1));
#12013=VERTEX_POINT('',#12012);
#12014=CARTESIAN_POINT('',(3.028211633663E1,1.767259900990E1,2.25E-1));
#12015=VERTEX_POINT('',#12014);
#12016=CARTESIAN_POINT('',(3.013211633663E1,1.767259900990E1,2.25E-1));
#12017=VERTEX_POINT('',#12016);
#12018=CARTESIAN_POINT('',(3.072211633663E1,1.810259900990E1,1.324999999998E0));
#12019=VERTEX_POINT('',#12018);
#12020=CARTESIAN_POINT('',(3.028211633663E1,1.810259900990E1,1.107079458092E0));
#12021=VERTEX_POINT('',#12020);
#12022=CARTESIAN_POINT('',(3.013211633663E1,1.810259900990E1,1.107079458091E0));
#12023=VERTEX_POINT('',#12022);
#12024=CARTESIAN_POINT('',(3.072211633663E1,1.820259900990E1,1.425000000001E0));
#12025=VERTEX_POINT('',#12024);
#12026=CARTESIAN_POINT('',(3.072211633663E1,1.840259900990E1,1.425000000001E0));
#12027=VERTEX_POINT('',#12026);
#12028=CARTESIAN_POINT('',(3.100711633663E1,1.840259900990E1,
-1.750000000001E-1));
#12029=CARTESIAN_POINT('',(3.100711633663E1,1.840259900990E1,
-1.375000000003E0));
#12030=VERTEX_POINT('',#12028);
#12031=VERTEX_POINT('',#12029);
#12032=CARTESIAN_POINT('',(3.145711633663E1,1.840259900990E1,
-1.375000000002E0));
#12033=VERTEX_POINT('',#12032);
#12034=CARTESIAN_POINT('',(3.145711633663E1,1.840259900990E1,8.75E-1));
#12035=VERTEX_POINT('',#12034);
#12036=CARTESIAN_POINT('',(3.106211633663E1,1.840259900990E1,8.75E-1));
#12037=VERTEX_POINT('',#12036);
#12038=CARTESIAN_POINT('',(3.106211633663E1,1.840259900990E1,1.375E0));
#12039=VERTEX_POINT('',#12038);
#12040=CARTESIAN_POINT('',(3.063711633663E1,1.834259900990E1,
-1.750000000001E-1));
#12041=VERTEX_POINT('',#12040);
#12042=CARTESIAN_POINT('',(3.125711633663E1,1.820259900990E1,
-1.750000000001E-1));
#12043=VERTEX_POINT('',#12042);
#12044=CARTESIAN_POINT('',(3.123211633663E1,1.820259900990E1,
-1.750000000001E-1));
#12045=VERTEX_POINT('',#12044);
#12046=CARTESIAN_POINT('',(3.123211633663E1,1.778259900990E1,
-1.750000000001E-1));
#12047=VERTEX_POINT('',#12046);
#12048=CARTESIAN_POINT('',(3.106211633663E1,1.778259900990E1,
-1.750000000001E-1));
#12049=VERTEX_POINT('',#12048);
#12050=CARTESIAN_POINT('',(3.106211633663E1,1.820259900990E1,
-1.750000000001E-1));
#12051=VERTEX_POINT('',#12050);
#12052=CARTESIAN_POINT('',(3.100711633663E1,1.820259900990E1,
-1.750000000001E-1));
#12053=VERTEX_POINT('',#12052);
#12054=CARTESIAN_POINT('',(2.979211633662E1,1.834259900990E1,
-3.250000000007E-1));
#12055=CARTESIAN_POINT('',(2.982711633663E1,1.834259900990E1,
-4.249999999997E-1));
#12056=VERTEX_POINT('',#12054);
#12057=VERTEX_POINT('',#12055);
#12058=CARTESIAN_POINT('',(3.008711633663E1,1.834259900990E1,
-4.249999999996E-1));
#12059=VERTEX_POINT('',#12058);
#12060=CARTESIAN_POINT('',(3.012211633663E1,1.834259900990E1,
-3.250000000020E-1));
#12061=VERTEX_POINT('',#12060);
#12062=CARTESIAN_POINT('',(3.029211633662E1,1.834259900990E1,
-3.250000000007E-1));
#12063=VERTEX_POINT('',#12062);
#12064=CARTESIAN_POINT('',(3.032711633663E1,1.834259900990E1,
-4.249999999999E-1));
#12065=VERTEX_POINT('',#12064);
#12066=CARTESIAN_POINT('',(3.063711633663E1,1.834259900990E1,
-4.250000000001E-1));
#12067=VERTEX_POINT('',#12066);
#12068=CARTESIAN_POINT('',(3.123711633663E1,1.900259900988E1,
-4.750000000446E-1));
#12069=CARTESIAN_POINT('',(3.123711633663E1,1.855259900988E1,
-4.750000000446E-1));
#12070=VERTEX_POINT('',#12068);
#12071=VERTEX_POINT('',#12069);
#12072=CARTESIAN_POINT('',(3.098711633663E1,1.855259900988E1,
-4.750000000446E-1));
#12073=VERTEX_POINT('',#12072);
#12074=CARTESIAN_POINT('',(3.098711633663E1,1.782759900988E1,
-4.750000000446E-1));
#12075=VERTEX_POINT('',#12074);
#12076=CARTESIAN_POINT('',(3.013211633663E1,1.827156686583E1,
-4.750000000439E-1));
#12077=CARTESIAN_POINT('',(3.013211633663E1,1.807108114990E1,
-4.750000000444E-1));
#12078=VERTEX_POINT('',#12076);
#12079=VERTEX_POINT('',#12077);
#12080=CARTESIAN_POINT('',(3.028211633663E1,1.807108114990E1,
-4.750000000444E-1));
#12081=VERTEX_POINT('',#12080);
#12082=CARTESIAN_POINT('',(3.028211633663E1,1.827156686583E1,
-4.750000000439E-1));
#12083=VERTEX_POINT('',#12082);
#12084=CARTESIAN_POINT('',(3.013211633663E1,1.768040522943E1,
-3.250000000024E-1));
#12085=VERTEX_POINT('',#12084);
#12086=CARTESIAN_POINT('',(3.028211633663E1,1.768040522943E1,
-3.250000000023E-1));
#12087=VERTEX_POINT('',#12086);
#12088=CARTESIAN_POINT('',(3.013211633663E1,1.831234250010E1,
-3.250000000023E-1));
#12089=CARTESIAN_POINT('',(3.013211633663E1,1.806774877313E1,
-3.250000000027E-1));
#12090=VERTEX_POINT('',#12088);
#12091=VERTEX_POINT('',#12089);
#12092=CARTESIAN_POINT('',(3.028211633663E1,1.831234250010E1,
-3.250000000023E-1));
#12093=VERTEX_POINT('',#12092);
#12094=CARTESIAN_POINT('',(3.028211633663E1,1.806774395891E1,
-3.250000000027E-1));
#12095=VERTEX_POINT('',#12094);
#12096=CARTESIAN_POINT('',(3.013211633663E1,1.827196815938E1,
-4.735927541734E-1));
#12097=VERTEX_POINT('',#12096);
#12098=CARTESIAN_POINT('',(3.013211633663E1,1.830872517949E1,
-3.454057914353E-1));
#12099=VERTEX_POINT('',#12098);
#12100=CARTESIAN_POINT('',(3.013211633663E1,1.807304607282E1,
-3.624296417633E-1));
#12101=VERTEX_POINT('',#12100);
#12102=CARTESIAN_POINT('',(3.028211633663E1,1.827196815643E1,
-4.735927644823E-1));
#12103=VERTEX_POINT('',#12102);
#12104=CARTESIAN_POINT('',(3.028211633663E1,1.807304756816E1,
-3.623439737490E-1));
#12105=VERTEX_POINT('',#12104);
#12106=CARTESIAN_POINT('',(3.028211633663E1,1.830872517946E1,
-3.454057915251E-1));
#12107=VERTEX_POINT('',#12106);
#12108=CARTESIAN_POINT('',(3.123711633663E1,1.900259900988E1,
-9.250000000446E-1));
#12109=VERTEX_POINT('',#12108);
#12110=CARTESIAN_POINT('',(3.123711633663E1,1.880259900988E1,
-9.250000000447E-1));
#12111=VERTEX_POINT('',#12110);
#12112=CARTESIAN_POINT('',(3.123711633663E1,1.877614996278E1,
-1.075000000044E0));
#12113=VERTEX_POINT('',#12112);
#12114=CARTESIAN_POINT('',(3.123711633663E1,1.877614996278E1,
-1.150000000045E0));
#12115=VERTEX_POINT('',#12114);
#12116=CARTESIAN_POINT('',(3.066711633663E1,1.790259900989E1,
-1.150000000044E0));
#12117=CARTESIAN_POINT('',(3.066711633663E1,1.800259900988E1,
-1.150000000042E0));
#12118=VERTEX_POINT('',#12116);
#12119=VERTEX_POINT('',#12117);
#12120=CARTESIAN_POINT('',(3.098711633663E1,1.800259900988E1,
-1.150000000035E0));
#12121=VERTEX_POINT('',#12120);
#12122=CARTESIAN_POINT('',(3.098711633663E1,1.855259900988E1,
-1.150000000042E0));
#12123=VERTEX_POINT('',#12122);
#12124=CARTESIAN_POINT('',(3.123711633663E1,1.855259900988E1,
-1.150000000044E0));
#12125=VERTEX_POINT('',#12124);
#12126=CARTESIAN_POINT('',(3.013211633663E1,1.825019682902E1,
-1.150000000045E0));
#12127=CARTESIAN_POINT('',(3.013211633663E1,1.805929898104E1,
-1.150000000045E0));
#12128=VERTEX_POINT('',#12126);
#12129=VERTEX_POINT('',#12127);
#12130=CARTESIAN_POINT('',(3.028211633663E1,1.825019682902E1,
-1.150000000045E0));
#12131=VERTEX_POINT('',#12130);
#12132=CARTESIAN_POINT('',(3.028211633663E1,1.805929898104E1,
-1.150000000045E0));
#12133=VERTEX_POINT('',#12132);
#12134=CARTESIAN_POINT('',(3.013211633663E1,1.805885293370E1,
-1.175554034700E0));
#12135=VERTEX_POINT('',#12134);
#12136=CARTESIAN_POINT('',(3.013211633663E1,1.805208490701E1,
-1.199814159828E0));
#12137=VERTEX_POINT('',#12136);
#12138=CARTESIAN_POINT('',(3.013211633663E1,1.811259900990E1,-1.305E0));
#12139=VERTEX_POINT('',#12138);
#12140=CARTESIAN_POINT('',(3.013211633663E1,1.812259900990E1,-1.305E0));
#12141=VERTEX_POINT('',#12140);
#12142=CARTESIAN_POINT('',(3.013211633663E1,1.816090123207E1,
-1.287139380473E0));
#12143=VERTEX_POINT('',#12142);
#12144=CARTESIAN_POINT('',(3.013211633663E1,1.821750567639E1,
-1.219680830616E0));
#12145=VERTEX_POINT('',#12144);
#12146=CARTESIAN_POINT('',(3.028211633663E1,1.805885293370E1,
-1.175554034709E0));
#12147=VERTEX_POINT('',#12146);
#12148=CARTESIAN_POINT('',(3.028211633663E1,1.821750567638E1,
-1.219680830621E0));
#12149=VERTEX_POINT('',#12148);
#12150=CARTESIAN_POINT('',(3.028211633663E1,1.816090123206E1,
-1.287139380480E0));
#12151=VERTEX_POINT('',#12150);
#12152=CARTESIAN_POINT('',(3.028211633663E1,1.812259900990E1,-1.305E0));
#12153=VERTEX_POINT('',#12152);
#12154=CARTESIAN_POINT('',(3.028211633663E1,1.811259900990E1,-1.305E0));
#12155=VERTEX_POINT('',#12154);
#12156=CARTESIAN_POINT('',(3.028211633663E1,1.805208490699E1,
-1.199814159821E0));
#12157=VERTEX_POINT('',#12156);
#12158=CARTESIAN_POINT('',(3.066711633663E1,1.767759900990E1,
-1.074999999810E0));
#12159=CARTESIAN_POINT('',(3.066711633663E1,1.769434583440E1,
-1.012500000038E0));
#12160=VERTEX_POINT('',#12158);
#12161=VERTEX_POINT('',#12159);
#12162=CARTESIAN_POINT('',(3.123711633663E1,1.767759900991E1,
-1.075000000089E0));
#12163=VERTEX_POINT('',#12162);
#12164=CARTESIAN_POINT('',(3.123711633663E1,1.780259901006E1,
-1.200000000010E0));
#12165=VERTEX_POINT('',#12164);
#12166=CARTESIAN_POINT('',(3.066711633663E1,1.780259900998E1,
-1.200000000006E0));
#12167=VERTEX_POINT('',#12166);
#12168=CARTESIAN_POINT('',(3.066711633663E1,1.772759900988E1,
-9.549038106067E-1));
#12169=VERTEX_POINT('',#12168);
#12170=CARTESIAN_POINT('',(3.013211633663E1,1.772759900988E1,
-8.982050807892E-1));
#12171=CARTESIAN_POINT('',(3.013211633663E1,1.772759900988E1,
-5.750000000457E-1));
#12172=VERTEX_POINT('',#12170);
#12173=VERTEX_POINT('',#12171);
#12174=CARTESIAN_POINT('',(3.028211633663E1,1.772759900988E1,
-8.982050807899E-1));
#12175=VERTEX_POINT('',#12174);
#12176=CARTESIAN_POINT('',(3.028211633663E1,1.772759900988E1,
-5.750000000449E-1));
#12177=VERTEX_POINT('',#12176);
#12178=CARTESIAN_POINT('',(3.098711633663E1,1.772759900988E1,
-5.750000000449E-1));
#12179=VERTEX_POINT('',#12178);
#12180=CARTESIAN_POINT('',(3.098711633663E1,1.772759900988E1,
-8.750000000447E-1));
#12181=VERTEX_POINT('',#12180);
#12182=CARTESIAN_POINT('',(3.066711633663E1,1.772759900988E1,
-8.750000000447E-1));
#12183=VERTEX_POINT('',#12182);
#12184=CARTESIAN_POINT('',(3.028211633663E1,1.774571887695E1,
-5.568801329768E-1));
#12185=VERTEX_POINT('',#12184);
#12186=CARTESIAN_POINT('',(3.013211633663E1,1.774571887695E1,
-5.568801329772E-1));
#12187=VERTEX_POINT('',#12186);
#12188=CARTESIAN_POINT('',(3.098711633663E1,1.800259900988E1,
-1.025000000044E0));
#12189=VERTEX_POINT('',#12188);
#12190=CARTESIAN_POINT('',(3.098711633663E1,1.785259900987E1,
-8.750000000450E-1));
#12191=VERTEX_POINT('',#12190);
#12192=CARTESIAN_POINT('',(3.123711633663E1,1.800259900988E1,
-1.150000000035E0));
#12193=VERTEX_POINT('',#12192);
#12194=CARTESIAN_POINT('',(3.123711633663E1,1.800259900988E1,
-1.025000000045E0));
#12195=VERTEX_POINT('',#12194);
#12196=CARTESIAN_POINT('',(3.066711633663E1,1.795259900984E1,
-1.200000000002E0));
#12197=CARTESIAN_POINT('',(3.123711633663E1,1.795259900984E1,
-1.200000000002E0));
#12198=VERTEX_POINT('',#12196);
#12199=VERTEX_POINT('',#12197);
#12200=CARTESIAN_POINT('',(3.123711633663E1,1.767759900991E1,
-8.750000000447E-1));
#12201=VERTEX_POINT('',#12200);
#12202=CARTESIAN_POINT('',(3.123711633663E1,1.785259900988E1,
-8.750000000448E-1));
#12203=VERTEX_POINT('',#12202);
#12204=CARTESIAN_POINT('',(3.066711633663E1,1.767759900991E1,
-8.750000000447E-1));
#12205=VERTEX_POINT('',#12204);
#12206=CARTESIAN_POINT('',(3.028211633663E1,1.769769519929E1,
-9.500000000159E-1));
#12207=VERTEX_POINT('',#12206);
#12208=CARTESIAN_POINT('',(3.028211633663E1,1.767759900990E1,
-1.025000000222E0));
#12209=VERTEX_POINT('',#12208);
#12210=CARTESIAN_POINT('',(3.028211633663E1,1.767759900989E1,
-1.075000000277E0));
#12211=VERTEX_POINT('',#12210);
#12212=CARTESIAN_POINT('',(3.028211633663E1,1.775259901016E1,
-1.204903810736E0));
#12213=VERTEX_POINT('',#12212);
#12214=CARTESIAN_POINT('',(3.028211633663E1,1.778759900990E1,
-1.225111069986E0));
#12215=VERTEX_POINT('',#12214);
#12216=CARTESIAN_POINT('',(3.028211633663E1,1.779978824351E1,
-1.263770379986E0));
#12217=VERTEX_POINT('',#12216);
#12218=CARTESIAN_POINT('',(3.028211633663E1,1.772696823120E1,
-1.419933400308E0));
#12219=VERTEX_POINT('',#12218);
#12220=CARTESIAN_POINT('',(3.028211633663E1,1.771759900990E1,
-1.462195226500E0));
#12221=VERTEX_POINT('',#12220);
#12222=CARTESIAN_POINT('',(3.028211633663E1,1.771759900990E1,
-1.739999999999E0));
#12223=VERTEX_POINT('',#12222);
#12224=CARTESIAN_POINT('',(3.028211633663E1,1.751759900990E1,
-1.739999999999E0));
#12225=VERTEX_POINT('',#12224);
#12226=CARTESIAN_POINT('',(3.028211633663E1,1.751759900990E1,
-1.675000000001E0));
#12227=VERTEX_POINT('',#12226);
#12228=CARTESIAN_POINT('',(3.028211633663E1,1.746759900990E1,-1.625E0));
#12229=VERTEX_POINT('',#12228);
#12230=CARTESIAN_POINT('',(3.028211633663E1,1.743259900990E1,-1.625E0));
#12231=VERTEX_POINT('',#12230);
#12232=CARTESIAN_POINT('',(3.028211633663E1,1.738259900990E1,-1.575E0));
#12233=VERTEX_POINT('',#12232);
#12234=CARTESIAN_POINT('',(3.028211633663E1,1.738259900990E1,-1.305E0));
#12235=VERTEX_POINT('',#12234);
#12236=CARTESIAN_POINT('',(3.028211633663E1,1.743059900986E1,-1.305E0));
#12237=VERTEX_POINT('',#12236);
#12238=CARTESIAN_POINT('',(3.028211633663E1,1.770259900986E1,
-5.142820322782E-1));
#12239=VERTEX_POINT('',#12238);
#12240=CARTESIAN_POINT('',(3.028211633663E1,1.771259900988E1,
-5.200555349823E-1));
#12241=VERTEX_POINT('',#12240);
#12242=CARTESIAN_POINT('',(3.013211633663E1,1.769769519930E1,
-9.500000000074E-1));
#12243=VERTEX_POINT('',#12242);
#12244=CARTESIAN_POINT('',(3.013211633663E1,1.771259900987E1,
-5.200555349807E-1));
#12245=VERTEX_POINT('',#12244);
#12246=CARTESIAN_POINT('',(3.013211633663E1,1.770259900988E1,
-5.142820322897E-1));
#12247=VERTEX_POINT('',#12246);
#12248=CARTESIAN_POINT('',(3.013211633663E1,1.743059900987E1,-1.305E0));
#12249=VERTEX_POINT('',#12248);
#12250=CARTESIAN_POINT('',(3.013211633663E1,1.738259900990E1,-1.305E0));
#12251=VERTEX_POINT('',#12250);
#12252=CARTESIAN_POINT('',(3.013211633663E1,1.738259900990E1,-1.575E0));
#12253=VERTEX_POINT('',#12252);
#12254=CARTESIAN_POINT('',(3.013211633663E1,1.743259900990E1,-1.625E0));
#12255=VERTEX_POINT('',#12254);
#12256=CARTESIAN_POINT('',(3.013211633663E1,1.746759900990E1,-1.625E0));
#12257=VERTEX_POINT('',#12256);
#12258=CARTESIAN_POINT('',(3.013211633663E1,1.751759900990E1,-1.675E0));
#12259=VERTEX_POINT('',#12258);
#12260=CARTESIAN_POINT('',(3.013211633663E1,1.751759900990E1,
-1.740000000003E0));
#12261=VERTEX_POINT('',#12260);
#12262=CARTESIAN_POINT('',(3.013211633663E1,1.771759900990E1,
-1.740000000003E0));
#12263=VERTEX_POINT('',#12262);
#12264=CARTESIAN_POINT('',(3.013211633663E1,1.771759900990E1,
-1.462195226500E0));
#12265=VERTEX_POINT('',#12264);
#12266=CARTESIAN_POINT('',(3.013211633663E1,1.772696823125E1,
-1.419933400201E0));
#12267=VERTEX_POINT('',#12266);
#12268=CARTESIAN_POINT('',(3.013211633663E1,1.779978824351E1,
-1.263770379976E0));
#12269=VERTEX_POINT('',#12268);
#12270=CARTESIAN_POINT('',(3.013211633663E1,1.778759900989E1,
-1.225111069978E0));
#12271=VERTEX_POINT('',#12270);
#12272=CARTESIAN_POINT('',(3.013211633663E1,1.775259901010E1,
-1.204903810705E0));
#12273=VERTEX_POINT('',#12272);
#12274=CARTESIAN_POINT('',(3.013211633663E1,1.767759900989E1,
-1.075000000396E0));
#12275=VERTEX_POINT('',#12274);
#12276=CARTESIAN_POINT('',(3.013211633663E1,1.767759900990E1,
-1.025000000028E0));
#12277=VERTEX_POINT('',#12276);
#12278=CARTESIAN_POINT('',(3.024711633663E1,1.751759900990E1,
-1.774999999999E0));
#12279=VERTEX_POINT('',#12278);
#12280=CARTESIAN_POINT('',(3.016711633663E1,1.751759900990E1,-1.775E0));
#12281=VERTEX_POINT('',#12280);
#12282=CARTESIAN_POINT('',(3.024711633663E1,1.771759900990E1,
-1.774999999999E0));
#12283=VERTEX_POINT('',#12282);
#12284=CARTESIAN_POINT('',(3.016711633663E1,1.771759900990E1,-1.775E0));
#12285=VERTEX_POINT('',#12284);
#12286=CARTESIAN_POINT('',(3.096211633663E1,1.750259900990E1,-1.525E0));
#12287=VERTEX_POINT('',#12286);
#12288=CARTESIAN_POINT('',(3.145711633663E1,1.750259900990E1,-1.525E0));
#12289=VERTEX_POINT('',#12288);
#12290=CARTESIAN_POINT('',(3.145711633663E1,1.830259900990E1,-1.525E0));
#12291=VERTEX_POINT('',#12290);
#12292=CARTESIAN_POINT('',(3.135711633663E1,1.830259900990E1,-1.525E0));
#12293=VERTEX_POINT('',#12292);
#12294=CARTESIAN_POINT('',(3.145711633663E1,1.750259900990E1,8.75E-1));
#12295=VERTEX_POINT('',#12294);
#12296=CARTESIAN_POINT('',(3.106211633663E1,1.750259900990E1,1.375E0));
#12297=VERTEX_POINT('',#12296);
#12298=CARTESIAN_POINT('',(3.106211633663E1,1.750259900990E1,
7.749999999998E-1));
#12299=VERTEX_POINT('',#12298);
#12300=CARTESIAN_POINT('',(3.123211633663E1,1.750259900990E1,
7.749999999998E-1));
#12301=VERTEX_POINT('',#12300);
#12302=CARTESIAN_POINT('',(3.123211633663E1,1.750259900990E1,
8.750000000001E-1));
#12303=VERTEX_POINT('',#12302);
#12304=CARTESIAN_POINT('',(3.122211633663E1,1.768259900990E1,
8.750000000002E-1));
#12305=CARTESIAN_POINT('',(3.122211633663E1,1.760259900990E1,
8.750000000007E-1));
#12306=VERTEX_POINT('',#12304);
#12307=VERTEX_POINT('',#12305);
#12308=CARTESIAN_POINT('',(3.133211633663E1,1.768259900990E1,
8.749999999997E-1));
#12309=VERTEX_POINT('',#12308);
#12310=CARTESIAN_POINT('',(3.133211633663E1,1.830259900990E1,
8.749999999997E-1));
#12311=VERTEX_POINT('',#12310);
#12312=CARTESIAN_POINT('',(3.122211633663E1,1.830259900990E1,
8.750000000002E-1));
#12313=VERTEX_POINT('',#12312);
#12314=CARTESIAN_POINT('',(3.122211633663E1,1.838259900990E1,8.75E-1));
#12315=VERTEX_POINT('',#12314);
#12316=CARTESIAN_POINT('',(3.107211633663E1,1.838259900990E1,8.75E-1));
#12317=VERTEX_POINT('',#12316);
#12318=CARTESIAN_POINT('',(3.107211633663E1,1.830259900989E1,
8.750000000001E-1));
#12319=VERTEX_POINT('',#12318);
#12320=CARTESIAN_POINT('',(3.106211633663E1,1.830259900990E1,
8.749999999996E-1));
#12321=VERTEX_POINT('',#12320);
#12322=CARTESIAN_POINT('',(3.123211633663E1,1.760259900990E1,
8.750000000007E-1));
#12323=VERTEX_POINT('',#12322);
#12324=CARTESIAN_POINT('',(3.122211633663E1,1.760127053103E1,
8.726990071048E-1));
#12325=VERTEX_POINT('',#12324);
#12326=CARTESIAN_POINT('',(3.122211633663E1,1.753599647089E1,
8.250000023738E-1));
#12327=VERTEX_POINT('',#12326);
#12328=CARTESIAN_POINT('',(3.122211633663E1,1.744939392918E1,
7.750000000009E-1));
#12329=VERTEX_POINT('',#12328);
#12330=CARTESIAN_POINT('',(3.122211633663E1,1.738259900990E1,
7.750000000010E-1));
#12331=VERTEX_POINT('',#12330);
#12332=CARTESIAN_POINT('',(3.122211633663E1,1.738259900990E1,1.175000000003E0));
#12333=VERTEX_POINT('',#12332);
#12334=CARTESIAN_POINT('',(3.122211633663E1,1.748259900990E1,1.275000000001E0));
#12335=VERTEX_POINT('',#12334);
#12336=CARTESIAN_POINT('',(3.122211633663E1,1.773259900990E1,1.275000000001E0));
#12337=VERTEX_POINT('',#12336);
#12338=CARTESIAN_POINT('',(3.122211633663E1,1.783259900990E1,1.375000000001E0));
#12339=VERTEX_POINT('',#12338);
#12340=CARTESIAN_POINT('',(3.122211633663E1,1.783259900990E1,1.440000000002E0));
#12341=VERTEX_POINT('',#12340);
#12342=CARTESIAN_POINT('',(3.122211633663E1,1.808892403992E1,1.440000000003E0));
#12343=VERTEX_POINT('',#12342);
#12344=CARTESIAN_POINT('',(3.122211633663E1,1.818259900990E1,1.375000000001E0));
#12345=VERTEX_POINT('',#12344);
#12346=CARTESIAN_POINT('',(3.122211633663E1,1.828259900990E1,1.375000000001E0));
#12347=VERTEX_POINT('',#12346);
#12348=CARTESIAN_POINT('',(3.122211633663E1,1.838259900990E1,1.275000000001E0));
#12349=VERTEX_POINT('',#12348);
#12350=CARTESIAN_POINT('',(3.122211633663E1,1.820259900990E1,
7.749999999954E-1));
#12351=VERTEX_POINT('',#12350);
#12352=CARTESIAN_POINT('',(3.122211633663E1,1.820259900990E1,
7.250000000010E-1));
#12353=VERTEX_POINT('',#12352);
#12354=CARTESIAN_POINT('',(3.122211633663E1,1.820259900990E1,
-1.375000000025E0));
#12355=VERTEX_POINT('',#12354);
#12356=CARTESIAN_POINT('',(3.122211633663E1,1.819656827197E1,
-1.409202014380E0));
#12357=VERTEX_POINT('',#12356);
#12358=CARTESIAN_POINT('',(3.122211633663E1,1.816051033796E1,
-1.508270373932E0));
#12359=VERTEX_POINT('',#12358);
#12360=CARTESIAN_POINT('',(3.122211633663E1,1.815259900991E1,-1.525E0));
#12361=VERTEX_POINT('',#12360);
#12362=CARTESIAN_POINT('',(3.122211633663E1,1.812259900992E1,
-1.524999999999E0));
#12363=VERTEX_POINT('',#12362);
#12364=CARTESIAN_POINT('',(3.122211633663E1,1.802259900990E1,
-1.424999999974E0));
#12365=VERTEX_POINT('',#12364);
#12366=CARTESIAN_POINT('',(3.122211633663E1,1.802259900990E1,
-8.549999999989E-1));
#12367=VERTEX_POINT('',#12366);
#12368=CARTESIAN_POINT('',(3.122211633663E1,1.794259900990E1,
-7.749999999993E-1));
#12369=VERTEX_POINT('',#12368);
#12370=CARTESIAN_POINT('',(3.122211633663E1,1.790259900990E1,
-7.749999999993E-1));
#12371=VERTEX_POINT('',#12370);
#12372=CARTESIAN_POINT('',(3.122211633663E1,1.782259900990E1,
-6.950000000018E-1));
#12373=VERTEX_POINT('',#12372);
#12374=CARTESIAN_POINT('',(3.122211633663E1,1.782259900990E1,
-1.749999999994E-1));
#12375=VERTEX_POINT('',#12374);
#12376=CARTESIAN_POINT('',(3.122211633663E1,1.780759900990E1,
-1.223217312352E-1));
#12377=VERTEX_POINT('',#12376);
#12378=CARTESIAN_POINT('',(3.122211633663E1,1.779259900990E1,
-6.964346249977E-2));
#12379=VERTEX_POINT('',#12378);
#12380=CARTESIAN_POINT('',(3.122211633663E1,1.779259900990E1,
-1.964346249924E-2));
#12381=VERTEX_POINT('',#12380);
#12382=CARTESIAN_POINT('',(3.122211633663E1,1.780759900990E1,
3.303480626524E-2));
#12383=VERTEX_POINT('',#12382);
#12384=CARTESIAN_POINT('',(3.122211633663E1,1.782259900990E1,
8.571307510082E-2));
#12385=VERTEX_POINT('',#12384);
#12386=CARTESIAN_POINT('',(3.122211633663E1,1.782259900990E1,
1.250000000008E-1));
#12387=VERTEX_POINT('',#12386);
#12388=CARTESIAN_POINT('',(3.122211633663E1,1.779759900990E1,
1.911437827787E-1));
#12389=VERTEX_POINT('',#12388);
#12390=CARTESIAN_POINT('',(3.122211633663E1,1.778259900990E1,
2.136985761188E-1));
#12391=VERTEX_POINT('',#12390);
#12392=CARTESIAN_POINT('',(3.122211633663E1,1.778259900990E1,
5.508765550364E-1));
#12393=VERTEX_POINT('',#12392);
#12394=CARTESIAN_POINT('',(3.122211633663E1,1.779759900990E1,
5.734313483775E-1));
#12395=VERTEX_POINT('',#12394);
#12396=CARTESIAN_POINT('',(3.122211633663E1,1.782259900990E1,
6.395751311036E-1));
#12397=VERTEX_POINT('',#12396);
#12398=CARTESIAN_POINT('',(3.122211633663E1,1.782259900990E1,
7.749999999966E-1));
#12399=VERTEX_POINT('',#12398);
#12400=CARTESIAN_POINT('',(3.122211633663E1,1.772259900991E1,
8.750000000008E-1));
#12401=VERTEX_POINT('',#12400);
#12402=CARTESIAN_POINT('',(3.123211633663E1,1.754486398298E1,
7.749999999992E-1));
#12403=VERTEX_POINT('',#12402);
#12404=CARTESIAN_POINT('',(3.106211633663E1,1.754486398298E1,
7.749999999992E-1));
#12405=VERTEX_POINT('',#12404);
#12406=CARTESIAN_POINT('',(3.106211633663E1,1.760259900990E1,
8.750000000007E-1));
#12407=VERTEX_POINT('',#12406);
#12408=CARTESIAN_POINT('',(3.107211633663E1,1.760259900990E1,
8.750000000008E-1));
#12409=VERTEX_POINT('',#12408);
#12410=CARTESIAN_POINT('',(3.107211633663E1,1.760127053103E1,
8.726990071047E-1));
#12411=VERTEX_POINT('',#12410);
#12412=CARTESIAN_POINT('',(3.106211633663E1,1.820259900990E1,
7.250000000009E-1));
#12413=VERTEX_POINT('',#12412);
#12414=CARTESIAN_POINT('',(3.106211633663E1,1.778259900990E1,
7.250000000010E-1));
#12415=VERTEX_POINT('',#12414);
#12416=CARTESIAN_POINT('',(3.106211633663E1,1.768259900990E1,8.75E-1));
#12417=VERTEX_POINT('',#12416);
#12418=CARTESIAN_POINT('',(3.123211633663E1,1.820259900990E1,
7.250000000009E-1));
#12419=VERTEX_POINT('',#12418);
#12420=CARTESIAN_POINT('',(3.107211633663E1,1.820259900990E1,
7.250000000010E-1));
#12421=VERTEX_POINT('',#12420);
#12422=CARTESIAN_POINT('',(3.107211633663E1,1.820259900990E1,
7.749999999975E-1));
#12423=VERTEX_POINT('',#12422);
#12424=CARTESIAN_POINT('',(3.107211633663E1,1.768259900990E1,
8.750000000002E-1));
#12425=VERTEX_POINT('',#12424);
#12426=CARTESIAN_POINT('',(3.107211633663E1,1.772259900990E1,
8.750000000006E-1));
#12427=VERTEX_POINT('',#12426);
#12428=CARTESIAN_POINT('',(3.107211633663E1,1.782259900990E1,
7.749999999953E-1));
#12429=VERTEX_POINT('',#12428);
#12430=CARTESIAN_POINT('',(3.107211633663E1,1.782259900990E1,
6.395751311026E-1));
#12431=VERTEX_POINT('',#12430);
#12432=CARTESIAN_POINT('',(3.107211633663E1,1.779759900990E1,
5.734313483769E-1));
#12433=VERTEX_POINT('',#12432);
#12434=CARTESIAN_POINT('',(3.107211633663E1,1.778259900990E1,
5.508765550364E-1));
#12435=VERTEX_POINT('',#12434);
#12436=CARTESIAN_POINT('',(3.107211633663E1,1.778259900990E1,
2.136985761188E-1));
#12437=VERTEX_POINT('',#12436);
#12438=CARTESIAN_POINT('',(3.107211633663E1,1.779759900990E1,
1.911437827777E-1));
#12439=VERTEX_POINT('',#12438);
#12440=CARTESIAN_POINT('',(3.107211633663E1,1.782259900990E1,
1.250000000009E-1));
#12441=VERTEX_POINT('',#12440);
#12442=CARTESIAN_POINT('',(3.107211633663E1,1.782259900990E1,
8.571307510093E-2));
#12443=VERTEX_POINT('',#12442);
#12444=CARTESIAN_POINT('',(3.107211633663E1,1.780759900990E1,
3.303480626522E-2));
#12445=VERTEX_POINT('',#12444);
#12446=CARTESIAN_POINT('',(3.107211633663E1,1.779259900990E1,
-1.964346249937E-2));
#12447=VERTEX_POINT('',#12446);
#12448=CARTESIAN_POINT('',(3.107211633663E1,1.779259900990E1,
-6.964346250091E-2));
#12449=VERTEX_POINT('',#12448);
#12450=CARTESIAN_POINT('',(3.107211633663E1,1.780759900990E1,
-1.223217312352E-1));
#12451=VERTEX_POINT('',#12450);
#12452=CARTESIAN_POINT('',(3.107211633663E1,1.782259900990E1,
-1.749999999990E-1));
#12453=VERTEX_POINT('',#12452);
#12454=CARTESIAN_POINT('',(3.107211633663E1,1.782259900990E1,
-6.950000000007E-1));
#12455=VERTEX_POINT('',#12454);
#12456=CARTESIAN_POINT('',(3.107211633663E1,1.790259900990E1,
-7.749999999994E-1));
#12457=VERTEX_POINT('',#12456);
#12458=CARTESIAN_POINT('',(3.107211633663E1,1.794259900990E1,
-7.749999999993E-1));
#12459=VERTEX_POINT('',#12458);
#12460=CARTESIAN_POINT('',(3.107211633663E1,1.802259900990E1,
-8.549999999993E-1));
#12461=VERTEX_POINT('',#12460);
#12462=CARTESIAN_POINT('',(3.107211633663E1,1.802259900990E1,
-1.424999999984E0));
#12463=VERTEX_POINT('',#12462);
#12464=CARTESIAN_POINT('',(3.107211633663E1,1.812259900995E1,
-1.524999999998E0));
#12465=VERTEX_POINT('',#12464);
#12466=CARTESIAN_POINT('',(3.107211633663E1,1.815259900990E1,
-1.525000000001E0));
#12467=VERTEX_POINT('',#12466);
#12468=CARTESIAN_POINT('',(3.107211633663E1,1.816051033793E1,
-1.508270374012E0));
#12469=VERTEX_POINT('',#12468);
#12470=CARTESIAN_POINT('',(3.107211633663E1,1.819656827198E1,
-1.409202014354E0));
#12471=VERTEX_POINT('',#12470);
#12472=CARTESIAN_POINT('',(3.107211633663E1,1.820259900990E1,
-1.375000000021E0));
#12473=VERTEX_POINT('',#12472);
#12474=CARTESIAN_POINT('',(3.107211633663E1,1.838259900990E1,1.275000000001E0));
#12475=VERTEX_POINT('',#12474);
#12476=CARTESIAN_POINT('',(3.107211633663E1,1.828259900990E1,1.375000000001E0));
#12477=VERTEX_POINT('',#12476);
#12478=CARTESIAN_POINT('',(3.107211633663E1,1.818259900990E1,1.375000000001E0));
#12479=VERTEX_POINT('',#12478);
#12480=CARTESIAN_POINT('',(3.107211633663E1,1.808892403992E1,1.440000000001E0));
#12481=VERTEX_POINT('',#12480);
#12482=CARTESIAN_POINT('',(3.107211633663E1,1.783259900990E1,1.44E0));
#12483=VERTEX_POINT('',#12482);
#12484=CARTESIAN_POINT('',(3.107211633663E1,1.783259900990E1,1.375000000001E0));
#12485=VERTEX_POINT('',#12484);
#12486=CARTESIAN_POINT('',(3.107211633663E1,1.773259900990E1,1.275000000001E0));
#12487=VERTEX_POINT('',#12486);
#12488=CARTESIAN_POINT('',(3.107211633663E1,1.748259900990E1,1.275000000001E0));
#12489=VERTEX_POINT('',#12488);
#12490=CARTESIAN_POINT('',(3.107211633663E1,1.738259900990E1,1.175000000001E0));
#12491=VERTEX_POINT('',#12490);
#12492=CARTESIAN_POINT('',(3.107211633663E1,1.738259900990E1,
7.750000000010E-1));
#12493=VERTEX_POINT('',#12492);
#12494=CARTESIAN_POINT('',(3.107211633663E1,1.744939392931E1,
7.750000000010E-1));
#12495=VERTEX_POINT('',#12494);
#12496=CARTESIAN_POINT('',(3.107211633663E1,1.753599646954E1,
8.250000000331E-1));
#12497=VERTEX_POINT('',#12496);
#12498=CARTESIAN_POINT('',(3.123211633663E1,1.778259900990E1,
7.250000000008E-1));
#12499=VERTEX_POINT('',#12498);
#12500=CARTESIAN_POINT('',(3.125711633663E1,1.820259900990E1,
-1.375000000006E0));
#12501=VERTEX_POINT('',#12500);
#12502=CARTESIAN_POINT('',(3.132378300329E1,1.826926566990E1,
-1.474999999998E0));
#12503=VERTEX_POINT('',#12502);
#12504=CARTESIAN_POINT('',(3.105711633663E1,1.826926566990E1,
-1.474999999999E0));
#12505=VERTEX_POINT('',#12504);
#12506=CARTESIAN_POINT('',(3.100711633663E1,1.820259900990E1,
-1.375000000006E0));
#12507=VERTEX_POINT('',#12506);
#12508=CARTESIAN_POINT('',(3.132378300329E1,1.833593234323E1,
-1.474999999999E0));
#12509=VERTEX_POINT('',#12508);
#12510=CARTESIAN_POINT('',(3.105711633663E1,1.833593234323E1,-1.475E0));
#12511=VERTEX_POINT('',#12510);
#12512=VERTEX_POINT('',#10647);
#12513=CARTESIAN_POINT('',(3.110711633663E1,1.808259900990E1,1.475000000002E0));
#12514=VERTEX_POINT('',#12513);
#12515=CARTESIAN_POINT('',(3.118711633663E1,1.783259900990E1,1.475000000001E0));
#12516=VERTEX_POINT('',#12515);
#12517=CARTESIAN_POINT('',(3.110711633663E1,1.783259900990E1,1.475000000002E0));
#12518=VERTEX_POINT('',#12517);
#12519=CARTESIAN_POINT('',(3.028211633663E1,1.809500435772E1,
9.747172631265E-1));
#12520=VERTEX_POINT('',#12519);
#12521=VERTEX_POINT('',#11689);
#12522=CARTESIAN_POINT('',(3.028211633663E1,1.805259900990E1,1.028255000001E0));
#12523=VERTEX_POINT('',#12522);
#12524=CARTESIAN_POINT('',(3.028211633663E1,1.805730271859E1,1.045809479756E0));
#12525=VERTEX_POINT('',#12524);
#12526=CARTESIAN_POINT('',(3.028211633663E1,1.806729678770E1,1.065007907998E0));
#12527=VERTEX_POINT('',#12526);
#12528=CARTESIAN_POINT('',(3.013211633663E1,1.809500954996E1,
9.748659494202E-1));
#12529=VERTEX_POINT('',#12528);
#12530=CARTESIAN_POINT('',(3.013211633663E1,1.806729678769E1,1.065007907982E0));
#12531=VERTEX_POINT('',#12530);
#12532=CARTESIAN_POINT('',(3.013211633663E1,1.805730271857E1,1.045809479672E0));
#12533=VERTEX_POINT('',#12532);
#12534=CARTESIAN_POINT('',(3.013211633663E1,1.805259900990E1,1.028255000002E0));
#12535=VERTEX_POINT('',#12534);
#12536=CARTESIAN_POINT('',(3.013211633663E1,1.806603608405E1,1.021989189403E0));
#12537=VERTEX_POINT('',#12536);
#12538=CARTESIAN_POINT('',(3.028211633663E1,1.766759900990E1,1.139641016152E0));
#12539=VERTEX_POINT('',#12538);
#12540=CARTESIAN_POINT('',(3.028211633663E1,1.766759900990E1,1.005000000011E0));
#12541=VERTEX_POINT('',#12540);
#12542=CARTESIAN_POINT('',(3.028211633663E1,1.766759900990E1,
8.416987299951E-1));
#12543=VERTEX_POINT('',#12542);
#12544=CARTESIAN_POINT('',(3.028211633663E1,1.767429773963E1,
8.166987301301E-1));
#12545=VERTEX_POINT('',#12544);
#12546=CARTESIAN_POINT('',(3.028211633663E1,1.769259900990E1,
7.849999999984E-1));
#12547=VERTEX_POINT('',#12546);
#12548=CARTESIAN_POINT('',(3.028211633663E1,1.768759900992E1,
7.821132486727E-1));
#12549=VERTEX_POINT('',#12548);
#12550=CARTESIAN_POINT('',(3.028211633663E1,1.767259900990E1,
7.561324865467E-1));
#12551=VERTEX_POINT('',#12550);
#12552=CARTESIAN_POINT('',(3.013211633663E1,1.766759900990E1,1.139641016155E0));
#12553=VERTEX_POINT('',#12552);
#12554=CARTESIAN_POINT('',(3.017809709874E1,1.771357977200E1,1.060000000020E0));
#12555=VERTEX_POINT('',#12554);
#12556=CARTESIAN_POINT('',(3.023613557453E1,1.771357977200E1,1.060000000032E0));
#12557=VERTEX_POINT('',#12556);
#12558=CARTESIAN_POINT('',(3.013211633663E1,1.767259900990E1,
7.561324865468E-1));
#12559=VERTEX_POINT('',#12558);
#12560=CARTESIAN_POINT('',(3.013211633663E1,1.768759900990E1,
7.821132486576E-1));
#12561=VERTEX_POINT('',#12560);
#12562=CARTESIAN_POINT('',(3.013211633663E1,1.769259900990E1,
7.849999999973E-1));
#12563=VERTEX_POINT('',#12562);
#12564=CARTESIAN_POINT('',(3.013211633663E1,1.767429773966E1,
8.166987300740E-1));
#12565=VERTEX_POINT('',#12564);
#12566=CARTESIAN_POINT('',(3.013211633663E1,1.766759900990E1,
8.416987299927E-1));
#12567=VERTEX_POINT('',#12566);
#12568=CARTESIAN_POINT('',(3.013211633663E1,1.766759900990E1,1.005000000024E0));
#12569=VERTEX_POINT('',#12568);
#12570=VERTEX_POINT('',#11832);
#12571=VERTEX_POINT('',#11848);
#12572=CARTESIAN_POINT('',(3.018211633663E1,1.771759900990E1,1.035E0));
#12573=VERTEX_POINT('',#12572);
#12574=CARTESIAN_POINT('',(3.018211633663E1,1.771759900990E1,1.045000000012E0));
#12575=VERTEX_POINT('',#12574);
#12576=CARTESIAN_POINT('',(3.023211633663E1,1.771759900990E1,1.035E0));
#12577=VERTEX_POINT('',#12576);
#12578=VERTEX_POINT('',#11882);
#12579=CARTESIAN_POINT('',(2.978211633663E1,1.745259900990E1,-1.025E0));
#12580=VERTEX_POINT('',#12579);
#12581=CARTESIAN_POINT('',(2.978211633663E1,1.740259900990E1,-1.025E0));
#12582=VERTEX_POINT('',#12581);
#12583=CARTESIAN_POINT('',(2.978211633663E1,1.740259900990E1,1.525E0));
#12584=VERTEX_POINT('',#12583);
#12585=CARTESIAN_POINT('',(2.978211633663E1,1.756259900990E1,1.525E0));
#12586=VERTEX_POINT('',#12585);
#12587=CARTESIAN_POINT('',(2.978211633663E1,1.766259900990E1,1.324999999997E0));
#12588=VERTEX_POINT('',#12587);
#12589=CARTESIAN_POINT('',(2.978211633663E1,1.810259900990E1,1.324999999997E0));
#12590=VERTEX_POINT('',#12589);
#12591=CARTESIAN_POINT('',(2.978211633663E1,1.820259900990E1,1.425E0));
#12592=VERTEX_POINT('',#12591);
#12593=CARTESIAN_POINT('',(2.978211633663E1,1.840259900990E1,1.425E0));
#12594=VERTEX_POINT('',#12593);
#12595=CARTESIAN_POINT('',(2.978211633663E1,1.840259900990E1,
-1.750000000001E-1));
#12596=VERTEX_POINT('',#12595);
#12597=CARTESIAN_POINT('',(2.978211633663E1,1.834259900990E1,
-1.750000000001E-1));
#12598=VERTEX_POINT('',#12597);
#12599=CARTESIAN_POINT('',(2.978211633663E1,1.900259900988E1,
-4.750000000446E-1));
#12600=VERTEX_POINT('',#12599);
#12601=CARTESIAN_POINT('',(2.978211633663E1,1.782759900988E1,
-4.750000000446E-1));
#12602=VERTEX_POINT('',#12601);
#12603=CARTESIAN_POINT('',(2.978211633663E1,1.900259900988E1,
-9.250000000446E-1));
#12604=VERTEX_POINT('',#12603);
#12605=CARTESIAN_POINT('',(2.978211633663E1,1.880259900988E1,
-9.250000000446E-1));
#12606=VERTEX_POINT('',#12605);
#12607=CARTESIAN_POINT('',(2.978211633663E1,1.877614996278E1,
-1.075000000040E0));
#12608=VERTEX_POINT('',#12607);
#12609=CARTESIAN_POINT('',(2.978211633663E1,1.877614996278E1,
-1.150000000045E0));
#12610=VERTEX_POINT('',#12609);
#12611=CARTESIAN_POINT('',(2.978211633663E1,1.790259900989E1,
-1.150000000045E0));
#12612=VERTEX_POINT('',#12611);
#12613=CARTESIAN_POINT('',(2.978211633663E1,1.769434583443E1,
-1.012499999992E0));
#12614=VERTEX_POINT('',#12613);
#12615=CARTESIAN_POINT('',(2.978211633663E1,1.772759900988E1,
-9.549038106055E-1));
#12616=VERTEX_POINT('',#12615);
#12617=CARTESIAN_POINT('',(2.978211633663E1,1.766259900990E1,
-3.250000000023E-1));
#12618=CARTESIAN_POINT('',(2.978211633663E1,1.766259900990E1,
-1.425000000003E0));
#12619=VERTEX_POINT('',#12617);
#12620=VERTEX_POINT('',#12618);
#12621=CARTESIAN_POINT('',(2.978211633663E1,1.745259900990E1,
-1.425000000003E0));
#12622=VERTEX_POINT('',#12621);
#12623=CARTESIAN_POINT('',(2.978211633663E1,1.766259900990E1,2.25E-1));
#12624=VERTEX_POINT('',#12623);
#12625=CARTESIAN_POINT('',(2.978211633663E1,1.810259900990E1,2.25E-1));
#12626=VERTEX_POINT('',#12625);
#12627=CARTESIAN_POINT('',(2.978211633663E1,1.834259900990E1,
-3.250000000023E-1));
#12628=VERTEX_POINT('',#12627);
#12629=CARTESIAN_POINT('',(2.978211633663E1,1.772759900988E1,
-5.750000000449E-1));
#12630=VERTEX_POINT('',#12629);
#12631=CARTESIAN_POINT('',(2.670711633663E1,1.766259900990E1,
-4.101591617050E-1));
#12632=DIRECTION('',(0.E0,1.E0,0.E0));
#12633=DIRECTION('',(0.E0,0.E0,-1.E0));
#12634=AXIS2_PLACEMENT_3D('',#12631,#12632,#12633);
#12635=PLANE('',#12634);
#12637=ORIENTED_EDGE('',*,*,#12636,.T.);
#12639=ORIENTED_EDGE('',*,*,#12638,.F.);
#12641=ORIENTED_EDGE('',*,*,#12640,.T.);
#12643=ORIENTED_EDGE('',*,*,#12642,.T.);
#12645=ORIENTED_EDGE('',*,*,#12644,.T.);
#12647=ORIENTED_EDGE('',*,*,#12646,.F.);
#12649=ORIENTED_EDGE('',*,*,#12648,.T.);
#12651=ORIENTED_EDGE('',*,*,#12650,.F.);
#12653=ORIENTED_EDGE('',*,*,#12652,.F.);
#12655=ORIENTED_EDGE('',*,*,#12654,.F.);
#12657=ORIENTED_EDGE('',*,*,#12656,.T.);
#12659=ORIENTED_EDGE('',*,*,#12658,.T.);
#12661=ORIENTED_EDGE('',*,*,#12660,.T.);
#12663=ORIENTED_EDGE('',*,*,#12662,.T.);
#12665=ORIENTED_EDGE('',*,*,#12664,.F.);
#12667=ORIENTED_EDGE('',*,*,#12666,.F.);
#12669=ORIENTED_EDGE('',*,*,#12668,.T.);
#12671=ORIENTED_EDGE('',*,*,#12670,.T.);
#12673=ORIENTED_EDGE('',*,*,#12672,.T.);
#12675=ORIENTED_EDGE('',*,*,#12674,.F.);
#12677=ORIENTED_EDGE('',*,*,#12676,.F.);
#12679=ORIENTED_EDGE('',*,*,#12678,.T.);
#12681=ORIENTED_EDGE('',*,*,#12680,.T.);
#12683=ORIENTED_EDGE('',*,*,#12682,.T.);
#12685=ORIENTED_EDGE('',*,*,#12684,.T.);
#12687=ORIENTED_EDGE('',*,*,#12686,.T.);
#12689=ORIENTED_EDGE('',*,*,#12688,.T.);
#12690=EDGE_LOOP('',(#12637,#12639,#12641,#12643,#12645,#12647,#12649,#12651,
#12653,#12655,#12657,#12659,#12661,#12663,#12665,#12667,#12669,#12671,#12673,
#12675,#12677,#12679,#12681,#12683,#12685,#12687,#12689));
#12691=FACE_OUTER_BOUND('',#12690,.F.);
#12693=CARTESIAN_POINT('',(2.978211633663E1,2.055259900990E1,2.706473502181E0));
#12694=DIRECTION('',(1.E0,0.E0,0.E0));
#12695=DIRECTION('',(0.E0,0.E0,-1.E0));
#12696=AXIS2_PLACEMENT_3D('',#12693,#12694,#12695);
#12697=PLANE('',#12696);
#12698=ORIENTED_EDGE('',*,*,#12636,.F.);
#12700=ORIENTED_EDGE('',*,*,#12699,.F.);
#12702=ORIENTED_EDGE('',*,*,#12701,.F.);
#12704=ORIENTED_EDGE('',*,*,#12703,.T.);
#12706=ORIENTED_EDGE('',*,*,#12705,.F.);
#12708=ORIENTED_EDGE('',*,*,#12707,.T.);
#12710=ORIENTED_EDGE('',*,*,#12709,.F.);
#12712=ORIENTED_EDGE('',*,*,#12711,.F.);
#12714=ORIENTED_EDGE('',*,*,#12713,.F.);
#12716=ORIENTED_EDGE('',*,*,#12715,.F.);
#12718=ORIENTED_EDGE('',*,*,#12717,.F.);
#12720=ORIENTED_EDGE('',*,*,#12719,.T.);
#12722=ORIENTED_EDGE('',*,*,#12721,.T.);
#12724=ORIENTED_EDGE('',*,*,#12723,.F.);
#12726=ORIENTED_EDGE('',*,*,#12725,.F.);
#12728=ORIENTED_EDGE('',*,*,#12727,.T.);
#12729=EDGE_LOOP('',(#12698,#12700,#12702,#12704,#12706,#12708,#12710,#12712,
#12714,#12716,#12718,#12720,#12722,#12724,#12726,#12728));
#12730=FACE_OUTER_BOUND('',#12729,.F.);
#12732=CARTESIAN_POINT('',(2.978211633663E1,2.055259900990E1,2.706473502181E0));
#12733=DIRECTION('',(1.E0,0.E0,0.E0));
#12734=DIRECTION('',(0.E0,0.E0,-1.E0));
#12735=AXIS2_PLACEMENT_3D('',#12732,#12733,#12734);
#12736=PLANE('',#12735);
#12738=ORIENTED_EDGE('',*,*,#12737,.F.);
#12740=ORIENTED_EDGE('',*,*,#12739,.F.);
#12742=ORIENTED_EDGE('',*,*,#12741,.F.);
#12744=ORIENTED_EDGE('',*,*,#12743,.F.);
#12746=ORIENTED_EDGE('',*,*,#12745,.F.);
#12748=ORIENTED_EDGE('',*,*,#12747,.F.);
#12750=ORIENTED_EDGE('',*,*,#12749,.T.);
#12752=ORIENTED_EDGE('',*,*,#12751,.F.);
#12754=ORIENTED_EDGE('',*,*,#12753,.T.);
#12756=ORIENTED_EDGE('',*,*,#12755,.T.);
#12757=EDGE_LOOP('',(#12738,#12740,#12742,#12744,#12746,#12748,#12750,#12752,
#12754,#12756));
#12758=FACE_OUTER_BOUND('',#12757,.F.);
#12760=CARTESIAN_POINT('',(3.029211633663E1,1.766259900990E1,
-3.250000000023E-1));
#12761=DIRECTION('',(0.E0,0.E0,1.E0));
#12762=DIRECTION('',(0.E0,1.E0,0.E0));
#12763=AXIS2_PLACEMENT_3D('',#12760,#12761,#12762);
#12764=PLANE('',#12763);
#12765=ORIENTED_EDGE('',*,*,#12688,.F.);
#12767=ORIENTED_EDGE('',*,*,#12766,.F.);
#12769=ORIENTED_EDGE('',*,*,#12768,.T.);
#12770=ORIENTED_EDGE('',*,*,#12699,.T.);
#12771=EDGE_LOOP('',(#12765,#12767,#12769,#12770));
#12772=FACE_OUTER_BOUND('',#12771,.F.);
#12774=CARTESIAN_POINT('',(2.980961633663E1,1.800259900990E1,
-3.750000000016E-1));
#12775=DIRECTION('',(9.438583563574E-1,0.E0,3.303504247526E-1));
#12776=DIRECTION('',(-3.303504247526E-1,0.E0,9.438583563574E-1));
#12777=AXIS2_PLACEMENT_3D('',#12774,#12775,#12776);
#12778=PLANE('',#12777);
#12779=ORIENTED_EDGE('',*,*,#12766,.T.);
#12780=ORIENTED_EDGE('',*,*,#12686,.F.);
#12782=ORIENTED_EDGE('',*,*,#12781,.T.);
#12784=ORIENTED_EDGE('',*,*,#12783,.F.);
#12785=EDGE_LOOP('',(#12779,#12780,#12782,#12784));
#12786=FACE_OUTER_BOUND('',#12785,.F.);
#12788=CARTESIAN_POINT('',(2.995711633663E1,1.800259900990E1,
-4.250000000001E-1));
#12789=DIRECTION('',(0.E0,0.E0,-1.E0));
#12790=DIRECTION('',(-1.E0,0.E0,0.E0));
#12791=AXIS2_PLACEMENT_3D('',#12788,#12789,#12790);
#12792=PLANE('',#12791);
#12794=ORIENTED_EDGE('',*,*,#12793,.F.);
#12795=ORIENTED_EDGE('',*,*,#12781,.F.);
#12796=ORIENTED_EDGE('',*,*,#12684,.F.);
#12798=ORIENTED_EDGE('',*,*,#12797,.F.);
#12799=EDGE_LOOP('',(#12794,#12795,#12796,#12798));
#12800=FACE_OUTER_BOUND('',#12799,.F.);
#12802=CARTESIAN_POINT('',(2.995711633663E1,1.834259900990E1,
-3.000000000001E-1));
#12803=DIRECTION('',(0.E0,1.E0,0.E0));
#12804=DIRECTION('',(0.E0,0.E0,-1.E0));
#12805=AXIS2_PLACEMENT_3D('',#12802,#12803,#12804);
#12806=PLANE('',#12805);
#12808=ORIENTED_EDGE('',*,*,#12807,.T.);
#12809=ORIENTED_EDGE('',*,*,#12701,.T.);
#12810=ORIENTED_EDGE('',*,*,#12768,.F.);
#12811=ORIENTED_EDGE('',*,*,#12783,.T.);
#12812=ORIENTED_EDGE('',*,*,#12793,.T.);
#12814=ORIENTED_EDGE('',*,*,#12813,.T.);
#12816=ORIENTED_EDGE('',*,*,#12815,.F.);
#12818=ORIENTED_EDGE('',*,*,#12817,.T.);
#12820=ORIENTED_EDGE('',*,*,#12819,.T.);
#12822=ORIENTED_EDGE('',*,*,#12821,.T.);
#12823=EDGE_LOOP('',(#12808,#12809,#12810,#12811,#12812,#12814,#12816,#12818,
#12820,#12822));
#12824=FACE_OUTER_BOUND('',#12823,.F.);
#12826=CARTESIAN_POINT('',(2.745711633663E1,1.803259900990E1,
-1.750000000001E-1));
#12827=DIRECTION('',(0.E0,0.E0,1.E0));
#12828=DIRECTION('',(1.E0,0.E0,0.E0));
#12829=AXIS2_PLACEMENT_3D('',#12826,#12827,#12828);
#12830=PLANE('',#12829);
#12832=ORIENTED_EDGE('',*,*,#12831,.T.);
#12833=ORIENTED_EDGE('',*,*,#12703,.F.);
#12834=ORIENTED_EDGE('',*,*,#12807,.F.);
#12836=ORIENTED_EDGE('',*,*,#12835,.T.);
#12837=ORIENTED_EDGE('',*,*,#12664,.T.);
#12839=ORIENTED_EDGE('',*,*,#12838,.T.);
#12841=ORIENTED_EDGE('',*,*,#12840,.T.);
#12843=ORIENTED_EDGE('',*,*,#12842,.T.);
#12845=ORIENTED_EDGE('',*,*,#12844,.T.);
#12847=ORIENTED_EDGE('',*,*,#12846,.T.);
#12849=ORIENTED_EDGE('',*,*,#12848,.T.);
#12851=ORIENTED_EDGE('',*,*,#12850,.T.);
#12852=EDGE_LOOP('',(#12832,#12833,#12834,#12836,#12837,#12839,#12841,#12843,
#12845,#12847,#12849,#12851));
#12853=FACE_OUTER_BOUND('',#12852,.F.);
#12855=CARTESIAN_POINT('',(2.745711633663E1,1.840259900990E1,
7.499999999994E-2));
#12856=DIRECTION('',(0.E0,1.E0,0.E0));
#12857=DIRECTION('',(0.E0,0.E0,-1.E0));
#12858=AXIS2_PLACEMENT_3D('',#12855,#12856,#12857);
#12859=PLANE('',#12858);
#12861=ORIENTED_EDGE('',*,*,#12860,.T.);
#12862=ORIENTED_EDGE('',*,*,#12705,.T.);
#12863=ORIENTED_EDGE('',*,*,#12831,.F.);
#12865=ORIENTED_EDGE('',*,*,#12864,.T.);
#12867=ORIENTED_EDGE('',*,*,#12866,.T.);
#12869=ORIENTED_EDGE('',*,*,#12868,.T.);
#12871=ORIENTED_EDGE('',*,*,#12870,.T.);
#12873=ORIENTED_EDGE('',*,*,#12872,.T.);
#12875=ORIENTED_EDGE('',*,*,#12874,.T.);
#12877=ORIENTED_EDGE('',*,*,#12876,.F.);
#12879=ORIENTED_EDGE('',*,*,#12878,.T.);
#12880=EDGE_LOOP('',(#12861,#12862,#12863,#12865,#12867,#12869,#12871,#12873,
#12875,#12877,#12879));
#12881=FACE_OUTER_BOUND('',#12880,.F.);
#12883=CARTESIAN_POINT('',(2.745711633663E1,1.830259900990E1,1.425E0));
#12884=DIRECTION('',(0.E0,0.E0,1.E0));
#12885=DIRECTION('',(-1.E0,0.E0,0.E0));
#12886=AXIS2_PLACEMENT_3D('',#12883,#12884,#12885);
#12887=PLANE('',#12886);
#12889=ORIENTED_EDGE('',*,*,#12888,.F.);
#12890=ORIENTED_EDGE('',*,*,#12707,.F.);
#12891=ORIENTED_EDGE('',*,*,#12860,.F.);
#12893=ORIENTED_EDGE('',*,*,#12892,.T.);
#12894=EDGE_LOOP('',(#12889,#12890,#12891,#12893));
#12895=FACE_OUTER_BOUND('',#12894,.F.);
#12897=CARTESIAN_POINT('',(2.995711633663E1,1.815259900990E1,1.375E0));
#12898=DIRECTION('',(0.E0,7.071067812070E-1,-7.071067811661E-1));
#12899=DIRECTION('',(-1.E0,0.E0,0.E0));
#12900=AXIS2_PLACEMENT_3D('',#12897,#12898,#12899);
#12901=PLANE('',#12900);
#12903=ORIENTED_EDGE('',*,*,#12902,.F.);
#12904=ORIENTED_EDGE('',*,*,#12709,.T.);
#12905=ORIENTED_EDGE('',*,*,#12888,.T.);
#12907=ORIENTED_EDGE('',*,*,#12906,.F.);
#12908=EDGE_LOOP('',(#12903,#12904,#12905,#12907));
#12909=FACE_OUTER_BOUND('',#12908,.F.);
#12911=CARTESIAN_POINT('',(2.995711633663E1,1.810259900990E1,7.75E-1));
#12912=DIRECTION('',(0.E0,1.E0,0.E0));
#12913=DIRECTION('',(0.E0,0.E0,1.E0));
#12914=AXIS2_PLACEMENT_3D('',#12911,#12912,#12913);
#12915=PLANE('',#12914);
#12916=ORIENTED_EDGE('',*,*,#12902,.T.);
#12918=ORIENTED_EDGE('',*,*,#12917,.F.);
#12920=ORIENTED_EDGE('',*,*,#12919,.T.);
#12922=ORIENTED_EDGE('',*,*,#12921,.F.);
#12924=ORIENTED_EDGE('',*,*,#12923,.T.);
#12926=ORIENTED_EDGE('',*,*,#12925,.T.);
#12928=ORIENTED_EDGE('',*,*,#12927,.T.);
#12929=ORIENTED_EDGE('',*,*,#12711,.T.);
#12930=EDGE_LOOP('',(#12916,#12918,#12920,#12922,#12924,#12926,#12928,#12929));
#12931=FACE_OUTER_BOUND('',#12930,.F.);
#12933=CARTESIAN_POINT('',(3.072211633663E1,1.790759900990E1,8.25E-1));
#12934=DIRECTION('',(1.E0,0.E0,0.E0));
#12935=DIRECTION('',(0.E0,0.E0,1.E0));
#12936=AXIS2_PLACEMENT_3D('',#12933,#12934,#12935);
#12937=PLANE('',#12936);
#12938=ORIENTED_EDGE('',*,*,#12917,.T.);
#12939=ORIENTED_EDGE('',*,*,#12906,.T.);
#12941=ORIENTED_EDGE('',*,*,#12940,.F.);
#12943=ORIENTED_EDGE('',*,*,#12942,.T.);
#12945=ORIENTED_EDGE('',*,*,#12944,.T.);
#12947=ORIENTED_EDGE('',*,*,#12946,.F.);
#12948=EDGE_LOOP('',(#12938,#12939,#12941,#12943,#12945,#12947));
#12949=FACE_OUTER_BOUND('',#12948,.F.);
#12951=CARTESIAN_POINT('',(3.076211633663E1,1.798259900990E1,1.475000000002E0));
#12952=DIRECTION('',(7.808688094344E-1,0.E0,-6.246950475652E-1));
#12953=DIRECTION('',(6.246950475652E-1,0.E0,7.808688094344E-1));
#12954=AXIS2_PLACEMENT_3D('',#12951,#12952,#12953);
#12955=PLANE('',#12954);
#12956=ORIENTED_EDGE('',*,*,#12940,.T.);
#12957=ORIENTED_EDGE('',*,*,#12892,.F.);
#12958=ORIENTED_EDGE('',*,*,#12878,.F.);
#12960=ORIENTED_EDGE('',*,*,#12959,.F.);
#12962=ORIENTED_EDGE('',*,*,#12961,.F.);
#12963=EDGE_LOOP('',(#12956,#12957,#12958,#12960,#12962));
#12964=FACE_OUTER_BOUND('',#12963,.F.);
#12966=CARTESIAN_POINT('',(2.745711633663E1,1.790259900990E1,1.525E0));
#12967=DIRECTION('',(0.E0,0.E0,1.E0));
#12968=DIRECTION('',(-1.E0,0.E0,0.E0));
#12969=AXIS2_PLACEMENT_3D('',#12966,#12967,#12968);
#12970=PLANE('',#12969);
#12972=ORIENTED_EDGE('',*,*,#12971,.T.);
#12973=ORIENTED_EDGE('',*,*,#12719,.F.);
#12975=ORIENTED_EDGE('',*,*,#12974,.T.);
#12976=ORIENTED_EDGE('',*,*,#12959,.T.);
#12977=ORIENTED_EDGE('',*,*,#12876,.T.);
#12979=ORIENTED_EDGE('',*,*,#12978,.T.);
#12981=ORIENTED_EDGE('',*,*,#12980,.T.);
#12982=EDGE_LOOP('',(#12972,#12973,#12975,#12976,#12977,#12979,#12981));
#12983=FACE_OUTER_BOUND('',#12982,.F.);
#12985=CARTESIAN_POINT('',(2.745711633663E1,1.740259900990E1,0.E0));
#12986=DIRECTION('',(0.E0,1.E0,0.E0));
#12987=DIRECTION('',(0.E0,0.E0,-1.E0));
#12988=AXIS2_PLACEMENT_3D('',#12985,#12986,#12987);
#12989=PLANE('',#12988);
#12991=ORIENTED_EDGE('',*,*,#12990,.F.);
#12992=ORIENTED_EDGE('',*,*,#12721,.F.);
#12993=ORIENTED_EDGE('',*,*,#12971,.F.);
#12995=ORIENTED_EDGE('',*,*,#12994,.T.);
#12997=ORIENTED_EDGE('',*,*,#12996,.T.);
#12999=ORIENTED_EDGE('',*,*,#12998,.F.);
#13000=EDGE_LOOP('',(#12991,#12992,#12993,#12995,#12997,#12999));
#13001=FACE_OUTER_BOUND('',#13000,.F.);
#13003=CARTESIAN_POINT('',(3.244211633664E1,1.740259900990E1,-1.025E0));
#13004=DIRECTION('',(0.E0,0.E0,1.E0));
#13005=DIRECTION('',(-1.E0,0.E0,0.E0));
#13006=AXIS2_PLACEMENT_3D('',#13003,#13004,#13005);
#13007=PLANE('',#13006);
#13009=ORIENTED_EDGE('',*,*,#13008,.F.);
#13010=ORIENTED_EDGE('',*,*,#12723,.T.);
#13011=ORIENTED_EDGE('',*,*,#12990,.T.);
#13013=ORIENTED_EDGE('',*,*,#13012,.F.);
#13014=EDGE_LOOP('',(#13009,#13010,#13011,#13013));
#13015=FACE_OUTER_BOUND('',#13014,.F.);
#13017=CARTESIAN_POINT('',(2.262211633663E1,1.745259900990E1,-1.285E0));
#13018=DIRECTION('',(0.E0,-1.E0,0.E0));
#13019=DIRECTION('',(0.E0,0.E0,-1.E0));
#13020=AXIS2_PLACEMENT_3D('',#13017,#13018,#13019);
#13021=PLANE('',#13020);
#13022=ORIENTED_EDGE('',*,*,#13008,.T.);
#13024=ORIENTED_EDGE('',*,*,#13023,.F.);
#13026=ORIENTED_EDGE('',*,*,#13025,.T.);
#13028=ORIENTED_EDGE('',*,*,#13027,.T.);
#13030=ORIENTED_EDGE('',*,*,#13029,.T.);
#13032=ORIENTED_EDGE('',*,*,#13031,.F.);
#13034=ORIENTED_EDGE('',*,*,#13033,.F.);
#13036=ORIENTED_EDGE('',*,*,#13035,.T.);
#13038=ORIENTED_EDGE('',*,*,#13037,.T.);
#13040=ORIENTED_EDGE('',*,*,#13039,.T.);
#13042=ORIENTED_EDGE('',*,*,#13041,.F.);
#13044=ORIENTED_EDGE('',*,*,#13043,.T.);
#13046=ORIENTED_EDGE('',*,*,#13045,.T.);
#13047=ORIENTED_EDGE('',*,*,#12725,.T.);
#13048=EDGE_LOOP('',(#13022,#13024,#13026,#13028,#13030,#13032,#13034,#13036,
#13038,#13040,#13042,#13044,#13046,#13047));
#13049=FACE_OUTER_BOUND('',#13048,.F.);
#13051=CARTESIAN_POINT('',(3.044211633663E1,1.740259900990E1,-1.025E0));
#13052=DIRECTION('',(-1.E0,0.E0,0.E0));
#13053=DIRECTION('',(0.E0,0.E0,-1.E0));
#13054=AXIS2_PLACEMENT_3D('',#13051,#13052,#13053);
#13055=PLANE('',#13054);
#13057=ORIENTED_EDGE('',*,*,#13056,.F.);
#13058=ORIENTED_EDGE('',*,*,#13023,.T.);
#13059=ORIENTED_EDGE('',*,*,#13012,.T.);
#13060=ORIENTED_EDGE('',*,*,#12998,.T.);
#13061=EDGE_LOOP('',(#13057,#13058,#13059,#13060));
#13062=FACE_OUTER_BOUND('',#13061,.F.);
#13064=CARTESIAN_POINT('',(3.089961633663E1,1.785259900990E1,-1.525E0));
#13065=DIRECTION('',(0.E0,0.E0,-1.E0));
#13066=DIRECTION('',(-1.E0,0.E0,0.E0));
#13067=AXIS2_PLACEMENT_3D('',#13064,#13065,#13066);
#13068=PLANE('',#13067);
#13069=ORIENTED_EDGE('',*,*,#13025,.F.);
#13070=ORIENTED_EDGE('',*,*,#13056,.T.);
#13071=ORIENTED_EDGE('',*,*,#12996,.F.);
#13073=ORIENTED_EDGE('',*,*,#13072,.T.);
#13075=ORIENTED_EDGE('',*,*,#13074,.T.);
#13077=ORIENTED_EDGE('',*,*,#13076,.T.);
#13079=ORIENTED_EDGE('',*,*,#13078,.T.);
#13081=ORIENTED_EDGE('',*,*,#13080,.T.);
#13082=ORIENTED_EDGE('',*,*,#12658,.F.);
#13084=ORIENTED_EDGE('',*,*,#13083,.F.);
#13085=EDGE_LOOP('',(#13069,#13070,#13071,#13073,#13075,#13077,#13079,#13081,
#13082,#13084));
#13086=FACE_OUTER_BOUND('',#13085,.F.);
#13088=CARTESIAN_POINT('',(3.096211633663E1,1.745259900990E1,0.E0));
#13089=DIRECTION('',(1.E0,0.E0,0.E0));
#13090=DIRECTION('',(0.E0,0.E0,-1.E0));
#13091=AXIS2_PLACEMENT_3D('',#13088,#13089,#13090);
#13092=PLANE('',#13091);
#13093=ORIENTED_EDGE('',*,*,#13072,.F.);
#13094=ORIENTED_EDGE('',*,*,#12994,.F.);
#13095=ORIENTED_EDGE('',*,*,#12980,.F.);
#13097=ORIENTED_EDGE('',*,*,#13096,.F.);
#13098=EDGE_LOOP('',(#13093,#13094,#13095,#13097));
#13099=FACE_OUTER_BOUND('',#13098,.F.);
#13101=CARTESIAN_POINT('',(3.120961633663E1,1.750259900990E1,0.E0));
#13102=DIRECTION('',(0.E0,-1.E0,0.E0));
#13103=DIRECTION('',(0.E0,0.E0,1.E0));
#13104=AXIS2_PLACEMENT_3D('',#13101,#13102,#13103);
#13105=PLANE('',#13104);
#13107=ORIENTED_EDGE('',*,*,#13106,.F.);
#13108=ORIENTED_EDGE('',*,*,#13074,.F.);
#13109=ORIENTED_EDGE('',*,*,#13096,.T.);
#13111=ORIENTED_EDGE('',*,*,#13110,.T.);
#13113=ORIENTED_EDGE('',*,*,#13112,.F.);
#13115=ORIENTED_EDGE('',*,*,#13114,.F.);
#13117=ORIENTED_EDGE('',*,*,#13116,.T.);
#13119=ORIENTED_EDGE('',*,*,#13118,.F.);
#13120=EDGE_LOOP('',(#13107,#13108,#13109,#13111,#13113,#13115,#13117,#13119));
#13121=FACE_OUTER_BOUND('',#13120,.F.);
#13123=CARTESIAN_POINT('',(3.145711633663E1,1.795259900990E1,-3.25E-1));
#13124=DIRECTION('',(1.E0,0.E0,0.E0));
#13125=DIRECTION('',(0.E0,0.E0,-1.E0));
#13126=AXIS2_PLACEMENT_3D('',#13123,#13124,#13125);
#13127=PLANE('',#13126);
#13128=ORIENTED_EDGE('',*,*,#13076,.F.);
#13129=ORIENTED_EDGE('',*,*,#13106,.T.);
#13131=ORIENTED_EDGE('',*,*,#13130,.T.);
#13132=ORIENTED_EDGE('',*,*,#12868,.F.);
#13134=ORIENTED_EDGE('',*,*,#13133,.T.);
#13135=EDGE_LOOP('',(#13128,#13129,#13131,#13132,#13134));
#13136=FACE_OUTER_BOUND('',#13135,.F.);
#13138=CARTESIAN_POINT('',(3.125961633663E1,1.795259900990E1,8.75E-1));
#13139=DIRECTION('',(0.E0,0.E0,-1.E0));
#13140=DIRECTION('',(1.E0,0.E0,0.E0));
#13141=AXIS2_PLACEMENT_3D('',#13138,#13139,#13140);
#13142=PLANE('',#13141);
#13144=ORIENTED_EDGE('',*,*,#13143,.F.);
#13146=ORIENTED_EDGE('',*,*,#13145,.T.);
#13148=ORIENTED_EDGE('',*,*,#13147,.T.);
#13150=ORIENTED_EDGE('',*,*,#13149,.T.);
#13152=ORIENTED_EDGE('',*,*,#13151,.T.);
#13154=ORIENTED_EDGE('',*,*,#13153,.F.);
#13156=ORIENTED_EDGE('',*,*,#13155,.F.);
#13158=ORIENTED_EDGE('',*,*,#13157,.T.);
#13160=ORIENTED_EDGE('',*,*,#13159,.T.);
#13161=ORIENTED_EDGE('',*,*,#12870,.F.);
#13162=ORIENTED_EDGE('',*,*,#13130,.F.);
#13163=ORIENTED_EDGE('',*,*,#13118,.T.);
#13165=ORIENTED_EDGE('',*,*,#13164,.T.);
#13167=ORIENTED_EDGE('',*,*,#13166,.T.);
#13168=EDGE_LOOP('',(#13144,#13146,#13148,#13150,#13152,#13154,#13156,#13158,
#13160,#13161,#13162,#13163,#13165,#13167));
#13169=FACE_OUTER_BOUND('',#13168,.F.);
#13171=CARTESIAN_POINT('',(3.122211633663E1,1.788259900990E1,
-4.249999999925E-2));
#13172=DIRECTION('',(1.E0,0.E0,0.E0));
#13173=DIRECTION('',(0.E0,0.E0,-1.E0));
#13174=AXIS2_PLACEMENT_3D('',#13171,#13172,#13173);
#13175=PLANE('',#13174);
#13176=ORIENTED_EDGE('',*,*,#13143,.T.);
#13178=ORIENTED_EDGE('',*,*,#13177,.T.);
#13180=ORIENTED_EDGE('',*,*,#13179,.T.);
#13182=ORIENTED_EDGE('',*,*,#13181,.T.);
#13184=ORIENTED_EDGE('',*,*,#13183,.T.);
#13186=ORIENTED_EDGE('',*,*,#13185,.T.);
#13188=ORIENTED_EDGE('',*,*,#13187,.T.);
#13190=ORIENTED_EDGE('',*,*,#13189,.T.);
#13192=ORIENTED_EDGE('',*,*,#13191,.T.);
#13194=ORIENTED_EDGE('',*,*,#13193,.T.);
#13196=ORIENTED_EDGE('',*,*,#13195,.T.);
#13198=ORIENTED_EDGE('',*,*,#13197,.T.);
#13200=ORIENTED_EDGE('',*,*,#13199,.T.);
#13202=ORIENTED_EDGE('',*,*,#13201,.T.);
#13204=ORIENTED_EDGE('',*,*,#13203,.T.);
#13205=ORIENTED_EDGE('',*,*,#13151,.F.);
#13207=ORIENTED_EDGE('',*,*,#13206,.T.);
#13209=ORIENTED_EDGE('',*,*,#13208,.T.);
#13211=ORIENTED_EDGE('',*,*,#13210,.F.);
#13213=ORIENTED_EDGE('',*,*,#13212,.T.);
#13215=ORIENTED_EDGE('',*,*,#13214,.T.);
#13217=ORIENTED_EDGE('',*,*,#13216,.T.);
#13219=ORIENTED_EDGE('',*,*,#13218,.T.);
#13221=ORIENTED_EDGE('',*,*,#13220,.T.);
#13223=ORIENTED_EDGE('',*,*,#13222,.T.);
#13225=ORIENTED_EDGE('',*,*,#13224,.T.);
#13227=ORIENTED_EDGE('',*,*,#13226,.T.);
#13229=ORIENTED_EDGE('',*,*,#13228,.T.);
#13231=ORIENTED_EDGE('',*,*,#13230,.T.);
#13233=ORIENTED_EDGE('',*,*,#13232,.T.);
#13235=ORIENTED_EDGE('',*,*,#13234,.T.);
#13237=ORIENTED_EDGE('',*,*,#13236,.T.);
#13239=ORIENTED_EDGE('',*,*,#13238,.T.);
#13241=ORIENTED_EDGE('',*,*,#13240,.T.);
#13243=ORIENTED_EDGE('',*,*,#13242,.T.);
#13245=ORIENTED_EDGE('',*,*,#13244,.T.);
#13247=ORIENTED_EDGE('',*,*,#13246,.T.);
#13249=ORIENTED_EDGE('',*,*,#13248,.T.);
#13251=ORIENTED_EDGE('',*,*,#13250,.T.);
#13253=ORIENTED_EDGE('',*,*,#13252,.T.);
#13255=ORIENTED_EDGE('',*,*,#13254,.T.);
#13257=ORIENTED_EDGE('',*,*,#13256,.T.);
#13259=ORIENTED_EDGE('',*,*,#13258,.T.);
#13260=EDGE_LOOP('',(#13176,#13178,#13180,#13182,#13184,#13186,#13188,#13190,
#13192,#13194,#13196,#13198,#13200,#13202,#13204,#13205,#13207,#13209,#13211,
#13213,#13215,#13217,#13219,#13221,#13223,#13225,#13227,#13229,#13231,#13233,
#13235,#13237,#13239,#13241,#13243,#13245,#13247,#13249,#13251,#13253,#13255,
#13257,#13259));
#13261=FACE_OUTER_BOUND('',#13260,.F.);
#13263=CARTESIAN_POINT('',(3.114711633663E1,1.757373149644E1,8.25E-1));
#13264=DIRECTION('',(0.E0,-8.660254038015E-1,4.999999999705E-1));
#13265=DIRECTION('',(0.E0,-4.999999999705E-1,-8.660254038015E-1));
#13266=AXIS2_PLACEMENT_3D('',#13263,#13264,#13265);
#13267=PLANE('',#13266);
#13268=ORIENTED_EDGE('',*,*,#13177,.F.);
#13269=ORIENTED_EDGE('',*,*,#13166,.F.);
#13271=ORIENTED_EDGE('',*,*,#13270,.F.);
#13273=ORIENTED_EDGE('',*,*,#13272,.F.);
#13275=ORIENTED_EDGE('',*,*,#13274,.F.);
#13277=ORIENTED_EDGE('',*,*,#13276,.F.);
#13279=ORIENTED_EDGE('',*,*,#13278,.T.);
#13281=ORIENTED_EDGE('',*,*,#13280,.F.);
#13282=EDGE_LOOP('',(#13268,#13269,#13271,#13273,#13275,#13277,#13279,#13281));
#13283=FACE_OUTER_BOUND('',#13282,.F.);
#13285=CARTESIAN_POINT('',(3.123211633663E1,1.755259900990E1,
8.249999999999E-1));
#13286=DIRECTION('',(1.E0,0.E0,0.E0));
#13287=DIRECTION('',(0.E0,0.E0,-1.E0));
#13288=AXIS2_PLACEMENT_3D('',#13285,#13286,#13287);
#13289=PLANE('',#13288);
#13290=ORIENTED_EDGE('',*,*,#13116,.F.);
#13292=ORIENTED_EDGE('',*,*,#13291,.F.);
#13293=ORIENTED_EDGE('',*,*,#13270,.T.);
#13294=ORIENTED_EDGE('',*,*,#13164,.F.);
#13295=EDGE_LOOP('',(#13290,#13292,#13293,#13294));
#13296=FACE_OUTER_BOUND('',#13295,.F.);
#13298=CARTESIAN_POINT('',(3.114711633663E1,1.752373149644E1,7.75E-1));
#13299=DIRECTION('',(0.E0,0.E0,-1.E0));
#13300=DIRECTION('',(-1.E0,0.E0,0.E0));
#13301=AXIS2_PLACEMENT_3D('',#13298,#13299,#13300);
#13302=PLANE('',#13301);
#13303=ORIENTED_EDGE('',*,*,#13114,.T.);
#13305=ORIENTED_EDGE('',*,*,#13304,.F.);
#13306=ORIENTED_EDGE('',*,*,#13272,.T.);
#13307=ORIENTED_EDGE('',*,*,#13291,.T.);
#13308=EDGE_LOOP('',(#13303,#13305,#13306,#13307));
#13309=FACE_OUTER_BOUND('',#13308,.F.);
#13311=CARTESIAN_POINT('',(3.106211633663E1,1.795259900990E1,
5.999999999999E-1));
#13312=DIRECTION('',(1.E0,0.E0,0.E0));
#13313=DIRECTION('',(0.E0,0.E0,-1.E0));
#13314=AXIS2_PLACEMENT_3D('',#13311,#13312,#13313);
#13315=PLANE('',#13314);
#13316=ORIENTED_EDGE('',*,*,#13304,.T.);
#13317=ORIENTED_EDGE('',*,*,#13112,.T.);
#13319=ORIENTED_EDGE('',*,*,#13318,.T.);
#13320=ORIENTED_EDGE('',*,*,#12872,.F.);
#13321=ORIENTED_EDGE('',*,*,#13159,.F.);
#13323=ORIENTED_EDGE('',*,*,#13322,.T.);
#13325=ORIENTED_EDGE('',*,*,#13324,.T.);
#13326=ORIENTED_EDGE('',*,*,#12846,.F.);
#13328=ORIENTED_EDGE('',*,*,#13327,.T.);
#13330=ORIENTED_EDGE('',*,*,#13329,.T.);
#13332=ORIENTED_EDGE('',*,*,#13331,.F.);
#13333=ORIENTED_EDGE('',*,*,#13274,.T.);
#13334=EDGE_LOOP('',(#13316,#13317,#13319,#13320,#13321,#13323,#13325,#13326,
#13328,#13330,#13332,#13333));
#13335=FACE_OUTER_BOUND('',#13334,.F.);
#13337=CARTESIAN_POINT('',(3.101211633663E1,1.795259900990E1,1.45E0));
#13338=DIRECTION('',(8.320502943349E-1,0.E0,5.547001962296E-1));
#13339=DIRECTION('',(5.547001962296E-1,0.E0,-8.320502943349E-1));
#13340=AXIS2_PLACEMENT_3D('',#13337,#13338,#13339);
#13341=PLANE('',#13340);
#13342=ORIENTED_EDGE('',*,*,#13318,.F.);
#13343=ORIENTED_EDGE('',*,*,#13110,.F.);
#13344=ORIENTED_EDGE('',*,*,#12978,.F.);
#13345=ORIENTED_EDGE('',*,*,#12874,.F.);
#13346=EDGE_LOOP('',(#13342,#13343,#13344,#13345));
#13347=FACE_OUTER_BOUND('',#13346,.F.);
#13349=CARTESIAN_POINT('',(3.119711633663E1,1.825259900990E1,
7.999999999999E-1));
#13350=DIRECTION('',(0.E0,-8.320502943339E-1,5.547001962312E-1));
#13351=DIRECTION('',(-1.E0,0.E0,0.E0));
#13352=AXIS2_PLACEMENT_3D('',#13349,#13350,#13351);
#13353=PLANE('',#13352);
#13355=ORIENTED_EDGE('',*,*,#13354,.F.);
#13356=ORIENTED_EDGE('',*,*,#13149,.F.);
#13358=ORIENTED_EDGE('',*,*,#13357,.F.);
#13360=ORIENTED_EDGE('',*,*,#13359,.T.);
#13362=ORIENTED_EDGE('',*,*,#13361,.F.);
#13364=ORIENTED_EDGE('',*,*,#13363,.T.);
#13365=ORIENTED_EDGE('',*,*,#13322,.F.);
#13366=ORIENTED_EDGE('',*,*,#13157,.F.);
#13367=EDGE_LOOP('',(#13355,#13356,#13358,#13360,#13362,#13364,#13365,#13366));
#13368=FACE_OUTER_BOUND('',#13367,.F.);
#13370=CARTESIAN_POINT('',(3.106831733676E1,1.830259900990E1,
7.750000000010E-1));
#13371=DIRECTION('',(-1.E0,0.E0,0.E0));
#13372=DIRECTION('',(0.E0,0.E0,1.E0));
#13373=AXIS2_PLACEMENT_3D('',#13370,#13371,#13372);
#13374=CYLINDRICAL_SURFACE('',#13373,9.999999999980E-2);
#13375=ORIENTED_EDGE('',*,*,#13354,.T.);
#13377=ORIENTED_EDGE('',*,*,#13376,.F.);
#13379=ORIENTED_EDGE('',*,*,#13378,.T.);
#13380=ORIENTED_EDGE('',*,*,#13206,.F.);
#13381=EDGE_LOOP('',(#13375,#13377,#13379,#13380));
#13382=FACE_OUTER_BOUND('',#13381,.F.);
#13384=CARTESIAN_POINT('',(3.107211633663E1,1.788259900990E1,
-4.249999999925E-2));
#13385=DIRECTION('',(1.E0,0.E0,0.E0));
#13386=DIRECTION('',(0.E0,0.E0,-1.E0));
#13387=AXIS2_PLACEMENT_3D('',#13384,#13385,#13386);
#13388=PLANE('',#13387);
#13390=ORIENTED_EDGE('',*,*,#13389,.T.);
#13392=ORIENTED_EDGE('',*,*,#13391,.T.);
#13394=ORIENTED_EDGE('',*,*,#13393,.T.);
#13396=ORIENTED_EDGE('',*,*,#13395,.T.);
#13398=ORIENTED_EDGE('',*,*,#13397,.T.);
#13400=ORIENTED_EDGE('',*,*,#13399,.T.);
#13402=ORIENTED_EDGE('',*,*,#13401,.F.);
#13404=ORIENTED_EDGE('',*,*,#13403,.T.);
#13406=ORIENTED_EDGE('',*,*,#13405,.T.);
#13408=ORIENTED_EDGE('',*,*,#13407,.T.);
#13410=ORIENTED_EDGE('',*,*,#13409,.T.);
#13412=ORIENTED_EDGE('',*,*,#13411,.T.);
#13414=ORIENTED_EDGE('',*,*,#13413,.T.);
#13416=ORIENTED_EDGE('',*,*,#13415,.T.);
#13418=ORIENTED_EDGE('',*,*,#13417,.T.);
#13420=ORIENTED_EDGE('',*,*,#13419,.T.);
#13422=ORIENTED_EDGE('',*,*,#13421,.T.);
#13424=ORIENTED_EDGE('',*,*,#13423,.T.);
#13426=ORIENTED_EDGE('',*,*,#13425,.T.);
#13428=ORIENTED_EDGE('',*,*,#13427,.F.);
#13430=ORIENTED_EDGE('',*,*,#13429,.T.);
#13432=ORIENTED_EDGE('',*,*,#13431,.F.);
#13434=ORIENTED_EDGE('',*,*,#13433,.T.);
#13436=ORIENTED_EDGE('',*,*,#13435,.T.);
#13438=ORIENTED_EDGE('',*,*,#13437,.T.);
#13440=ORIENTED_EDGE('',*,*,#13439,.T.);
#13442=ORIENTED_EDGE('',*,*,#13441,.F.);
#13443=ORIENTED_EDGE('',*,*,#13376,.T.);
#13444=ORIENTED_EDGE('',*,*,#13155,.T.);
#13446=ORIENTED_EDGE('',*,*,#13445,.F.);
#13448=ORIENTED_EDGE('',*,*,#13447,.T.);
#13450=ORIENTED_EDGE('',*,*,#13449,.F.);
#13452=ORIENTED_EDGE('',*,*,#13451,.T.);
#13454=ORIENTED_EDGE('',*,*,#13453,.T.);
#13456=ORIENTED_EDGE('',*,*,#13455,.F.);
#13458=ORIENTED_EDGE('',*,*,#13457,.T.);
#13460=ORIENTED_EDGE('',*,*,#13459,.T.);
#13462=ORIENTED_EDGE('',*,*,#13461,.T.);
#13464=ORIENTED_EDGE('',*,*,#13463,.T.);
#13466=ORIENTED_EDGE('',*,*,#13465,.T.);
#13468=ORIENTED_EDGE('',*,*,#13467,.T.);
#13470=ORIENTED_EDGE('',*,*,#13469,.T.);
#13471=ORIENTED_EDGE('',*,*,#13278,.F.);
#13472=EDGE_LOOP('',(#13390,#13392,#13394,#13396,#13398,#13400,#13402,#13404,
#13406,#13408,#13410,#13412,#13414,#13416,#13418,#13420,#13422,#13424,#13426,
#13428,#13430,#13432,#13434,#13436,#13438,#13440,#13442,#13443,#13444,#13446,
#13448,#13450,#13452,#13454,#13456,#13458,#13460,#13462,#13464,#13466,#13468,
#13470,#13471));
#13473=FACE_OUTER_BOUND('',#13472,.F.);
#13475=CARTESIAN_POINT('',(3.125961633663E1,1.795259900990E1,8.75E-1));
#13476=DIRECTION('',(0.E0,0.E0,-1.E0));
#13477=DIRECTION('',(1.E0,0.E0,0.E0));
#13478=AXIS2_PLACEMENT_3D('',#13475,#13476,#13477);
#13479=PLANE('',#13478);
#13480=ORIENTED_EDGE('',*,*,#13389,.F.);
#13481=ORIENTED_EDGE('',*,*,#13276,.T.);
#13482=ORIENTED_EDGE('',*,*,#13331,.T.);
#13484=ORIENTED_EDGE('',*,*,#13483,.T.);
#13485=EDGE_LOOP('',(#13480,#13481,#13482,#13484));
#13486=FACE_OUTER_BOUND('',#13485,.F.);
#13488=CARTESIAN_POINT('',(3.119711633663E1,1.773259900990E1,
7.999999999999E-1));
#13489=DIRECTION('',(0.E0,-8.320502943339E-1,-5.547001962312E-1));
#13490=DIRECTION('',(1.E0,0.E0,0.E0));
#13491=AXIS2_PLACEMENT_3D('',#13488,#13489,#13490);
#13492=PLANE('',#13491);
#13494=ORIENTED_EDGE('',*,*,#13493,.T.);
#13495=ORIENTED_EDGE('',*,*,#13483,.F.);
#13496=ORIENTED_EDGE('',*,*,#13329,.F.);
#13498=ORIENTED_EDGE('',*,*,#13497,.T.);
#13500=ORIENTED_EDGE('',*,*,#13499,.T.);
#13501=ORIENTED_EDGE('',*,*,#13145,.F.);
#13502=EDGE_LOOP('',(#13494,#13495,#13496,#13498,#13500,#13501));
#13503=FACE_OUTER_BOUND('',#13502,.F.);
#13505=CARTESIAN_POINT('',(3.114711633663E1,1.767259900990E1,
8.750000000007E-1));
#13506=DIRECTION('',(0.E0,0.E0,-1.E0));
#13507=DIRECTION('',(-1.E0,0.E0,0.E0));
#13508=AXIS2_PLACEMENT_3D('',#13505,#13506,#13507);
#13509=PLANE('',#13508);
#13510=ORIENTED_EDGE('',*,*,#13493,.F.);
#13511=ORIENTED_EDGE('',*,*,#13258,.F.);
#13513=ORIENTED_EDGE('',*,*,#13512,.F.);
#13514=ORIENTED_EDGE('',*,*,#13391,.F.);
#13515=EDGE_LOOP('',(#13510,#13511,#13513,#13514));
#13516=FACE_OUTER_BOUND('',#13515,.F.);
#13518=CARTESIAN_POINT('',(3.106831733676E1,1.772259900990E1,
7.750000000010E-1));
#13519=DIRECTION('',(-1.E0,0.E0,0.E0));
#13520=DIRECTION('',(0.E0,0.E0,1.E0));
#13521=AXIS2_PLACEMENT_3D('',#13518,#13519,#13520);
#13522=CYLINDRICAL_SURFACE('',#13521,9.999999999980E-2);
#13523=ORIENTED_EDGE('',*,*,#13256,.F.);
#13525=ORIENTED_EDGE('',*,*,#13524,.T.);
#13526=ORIENTED_EDGE('',*,*,#13393,.F.);
#13527=ORIENTED_EDGE('',*,*,#13512,.T.);
#13528=EDGE_LOOP('',(#13523,#13525,#13526,#13527));
#13529=FACE_OUTER_BOUND('',#13528,.F.);
#13531=CARTESIAN_POINT('',(3.114711633663E1,1.782259900990E1,
7.072875655505E-1));
#13532=DIRECTION('',(0.E0,-1.E0,0.E0));
#13533=DIRECTION('',(0.E0,0.E0,1.E0));
#13534=AXIS2_PLACEMENT_3D('',#13531,#13532,#13533);
#13535=PLANE('',#13534);
#13536=ORIENTED_EDGE('',*,*,#13254,.F.);
#13538=ORIENTED_EDGE('',*,*,#13537,.F.);
#13539=ORIENTED_EDGE('',*,*,#13395,.F.);
#13540=ORIENTED_EDGE('',*,*,#13524,.F.);
#13541=EDGE_LOOP('',(#13536,#13538,#13539,#13540));
#13542=FACE_OUTER_BOUND('',#13541,.F.);
#13544=CARTESIAN_POINT('',(3.106831733676E1,1.772259900990E1,
6.395751311541E-1));
#13545=DIRECTION('',(-1.E0,0.E0,0.E0));
#13546=DIRECTION('',(0.E0,0.E0,1.E0));
#13547=AXIS2_PLACEMENT_3D('',#13544,#13545,#13546);
#13548=CYLINDRICAL_SURFACE('',#13547,9.999999999990E-2);
#13549=ORIENTED_EDGE('',*,*,#13252,.F.);
#13551=ORIENTED_EDGE('',*,*,#13550,.F.);
#13552=ORIENTED_EDGE('',*,*,#13397,.F.);
#13553=ORIENTED_EDGE('',*,*,#13537,.T.);
#13554=EDGE_LOOP('',(#13549,#13551,#13552,#13553));
#13555=FACE_OUTER_BOUND('',#13554,.F.);
#13557=CARTESIAN_POINT('',(3.106831733676E1,1.787259900990E1,
5.072875656010E-1));
#13558=DIRECTION('',(-1.E0,0.E0,0.E0));
#13559=DIRECTION('',(0.E0,0.E0,1.E0));
#13560=AXIS2_PLACEMENT_3D('',#13557,#13558,#13559);
#13561=CYLINDRICAL_SURFACE('',#13560,1.E-1);
#13563=ORIENTED_EDGE('',*,*,#13562,.T.);
#13564=ORIENTED_EDGE('',*,*,#13399,.F.);
#13565=ORIENTED_EDGE('',*,*,#13550,.T.);
#13566=ORIENTED_EDGE('',*,*,#13250,.F.);
#13567=EDGE_LOOP('',(#13563,#13564,#13565,#13566));
#13568=FACE_OUTER_BOUND('',#13567,.F.);
#13570=CARTESIAN_POINT('',(3.114711633663E1,1.778259900990E1,
2.749999999999E-1));
#13571=DIRECTION('',(0.E0,-1.E0,0.E0));
#13572=DIRECTION('',(0.E0,0.E0,1.E0));
#13573=AXIS2_PLACEMENT_3D('',#13570,#13571,#13572);
#13574=PLANE('',#13573);
#13576=ORIENTED_EDGE('',*,*,#13575,.F.);
#13577=ORIENTED_EDGE('',*,*,#13497,.F.);
#13578=ORIENTED_EDGE('',*,*,#13327,.F.);
#13579=ORIENTED_EDGE('',*,*,#12844,.F.);
#13580=EDGE_LOOP('',(#13576,#13577,#13578,#13579));
#13581=FACE_OUTER_BOUND('',#13580,.F.);
#13582=ORIENTED_EDGE('',*,*,#13248,.F.);
#13584=ORIENTED_EDGE('',*,*,#13583,.F.);
#13585=ORIENTED_EDGE('',*,*,#13401,.T.);
#13586=ORIENTED_EDGE('',*,*,#13562,.F.);
#13587=EDGE_LOOP('',(#13582,#13584,#13585,#13586));
#13588=FACE_BOUND('',#13587,.F.);
#13590=CARTESIAN_POINT('',(3.123211633663E1,1.799259900990E1,
2.749999999999E-1));
#13591=DIRECTION('',(1.E0,0.E0,0.E0));
#13592=DIRECTION('',(0.E0,0.E0,1.E0));
#13593=AXIS2_PLACEMENT_3D('',#13590,#13591,#13592);
#13594=PLANE('',#13593);
#13596=ORIENTED_EDGE('',*,*,#13595,.F.);
#13598=ORIENTED_EDGE('',*,*,#13597,.F.);
#13599=ORIENTED_EDGE('',*,*,#13575,.T.);
#13600=ORIENTED_EDGE('',*,*,#12842,.F.);
#13601=EDGE_LOOP('',(#13596,#13598,#13599,#13600));
#13602=FACE_OUTER_BOUND('',#13601,.F.);
#13604=CARTESIAN_POINT('',(3.113211633663E1,1.820259900990E1,-3.25E-1));
#13605=DIRECTION('',(0.E0,-1.E0,0.E0));
#13606=DIRECTION('',(1.E0,0.E0,0.E0));
#13607=AXIS2_PLACEMENT_3D('',#13604,#13605,#13606);
#13608=PLANE('',#13607);
#13609=ORIENTED_EDGE('',*,*,#13210,.T.);
#13610=ORIENTED_EDGE('',*,*,#13359,.F.);
#13611=ORIENTED_EDGE('',*,*,#13595,.T.);
#13612=ORIENTED_EDGE('',*,*,#12840,.F.);
#13614=ORIENTED_EDGE('',*,*,#13613,.T.);
#13616=ORIENTED_EDGE('',*,*,#13615,.T.);
#13617=EDGE_LOOP('',(#13609,#13610,#13611,#13612,#13614,#13616));
#13618=FACE_OUTER_BOUND('',#13617,.F.);
#13620=CARTESIAN_POINT('',(3.125711633663E1,1.793259900990E1,-7.75E-1));
#13621=DIRECTION('',(1.E0,0.E0,0.E0));
#13622=DIRECTION('',(0.E0,0.E0,1.E0));
#13623=AXIS2_PLACEMENT_3D('',#13620,#13621,#13622);
#13624=PLANE('',#13623);
#13625=ORIENTED_EDGE('',*,*,#12662,.F.);
#13627=ORIENTED_EDGE('',*,*,#13626,.F.);
#13628=ORIENTED_EDGE('',*,*,#13613,.F.);
#13629=ORIENTED_EDGE('',*,*,#12838,.F.);
#13630=EDGE_LOOP('',(#13625,#13627,#13628,#13629));
#13631=FACE_OUTER_BOUND('',#13630,.F.);
#13633=CARTESIAN_POINT('',(3.130711633663E1,1.799926567656E1,-1.45E0));
#13634=DIRECTION('',(8.320502943334E-1,0.E0,5.547001962318E-1));
#13635=DIRECTION('',(0.E0,1.E0,0.E0));
#13636=AXIS2_PLACEMENT_3D('',#13633,#13634,#13635);
#13637=PLANE('',#13636);
#13639=ORIENTED_EDGE('',*,*,#13638,.T.);
#13641=ORIENTED_EDGE('',*,*,#13640,.T.);
#13643=ORIENTED_EDGE('',*,*,#13642,.T.);
#13644=ORIENTED_EDGE('',*,*,#13626,.T.);
#13645=ORIENTED_EDGE('',*,*,#12660,.F.);
#13646=ORIENTED_EDGE('',*,*,#13080,.F.);
#13647=EDGE_LOOP('',(#13639,#13641,#13643,#13644,#13645,#13646));
#13648=FACE_OUTER_BOUND('',#13647,.F.);
#13650=CARTESIAN_POINT('',(3.123211633663E1,1.835259900990E1,-1.45E0));
#13651=DIRECTION('',(0.E0,-8.320502943349E-1,5.547001962296E-1));
#13652=DIRECTION('',(0.E0,-5.547001962296E-1,-8.320502943349E-1));
#13653=AXIS2_PLACEMENT_3D('',#13650,#13651,#13652);
#13654=PLANE('',#13653);
#13655=ORIENTED_EDGE('',*,*,#12866,.F.);
#13657=ORIENTED_EDGE('',*,*,#13656,.T.);
#13659=ORIENTED_EDGE('',*,*,#13658,.T.);
#13660=ORIENTED_EDGE('',*,*,#13638,.F.);
#13661=ORIENTED_EDGE('',*,*,#13078,.F.);
#13662=ORIENTED_EDGE('',*,*,#13133,.F.);
#13663=EDGE_LOOP('',(#13655,#13657,#13659,#13660,#13661,#13662));
#13664=FACE_OUTER_BOUND('',#13663,.F.);
#13666=CARTESIAN_POINT('',(3.103211633663E1,1.830259900990E1,
-1.425000000002E0));
#13667=DIRECTION('',(8.944271909801E-1,0.E0,4.472135955395E-1));
#13668=DIRECTION('',(0.E0,1.E0,0.E0));
#13669=AXIS2_PLACEMENT_3D('',#13666,#13667,#13668);
#13670=PLANE('',#13669);
#13672=ORIENTED_EDGE('',*,*,#13671,.F.);
#13674=ORIENTED_EDGE('',*,*,#13673,.T.);
#13676=ORIENTED_EDGE('',*,*,#13675,.T.);
#13677=ORIENTED_EDGE('',*,*,#13656,.F.);
#13678=EDGE_LOOP('',(#13672,#13674,#13676,#13677));
#13679=FACE_OUTER_BOUND('',#13678,.F.);
#13681=CARTESIAN_POINT('',(3.100711633663E1,1.830259900990E1,
-7.750000000001E-1));
#13682=DIRECTION('',(1.E0,0.E0,0.E0));
#13683=DIRECTION('',(0.E0,0.E0,1.E0));
#13684=AXIS2_PLACEMENT_3D('',#13681,#13682,#13683);
#13685=PLANE('',#13684);
#13687=ORIENTED_EDGE('',*,*,#13686,.F.);
#13688=ORIENTED_EDGE('',*,*,#13671,.T.);
#13689=ORIENTED_EDGE('',*,*,#12864,.F.);
#13690=ORIENTED_EDGE('',*,*,#12850,.F.);
#13691=EDGE_LOOP('',(#13687,#13688,#13689,#13690));
#13692=FACE_OUTER_BOUND('',#13691,.F.);
#13694=CARTESIAN_POINT('',(3.113211633663E1,1.820259900990E1,-3.25E-1));
#13695=DIRECTION('',(0.E0,-1.E0,0.E0));
#13696=DIRECTION('',(1.E0,0.E0,0.E0));
#13697=AXIS2_PLACEMENT_3D('',#13694,#13695,#13696);
#13698=PLANE('',#13697);
#13699=ORIENTED_EDGE('',*,*,#13439,.F.);
#13701=ORIENTED_EDGE('',*,*,#13700,.T.);
#13702=ORIENTED_EDGE('',*,*,#13686,.T.);
#13703=ORIENTED_EDGE('',*,*,#12848,.F.);
#13704=ORIENTED_EDGE('',*,*,#13324,.F.);
#13705=ORIENTED_EDGE('',*,*,#13363,.F.);
#13706=EDGE_LOOP('',(#13699,#13701,#13702,#13703,#13704,#13705));
#13707=FACE_OUTER_BOUND('',#13706,.F.);
#13709=CARTESIAN_POINT('',(3.116544966996E1,1.823593233990E1,-1.425E0));
#13710=DIRECTION('',(0.E0,-8.320503199178E-1,-5.547001578554E-1));
#13711=DIRECTION('',(1.E0,0.E0,0.E0));
#13712=AXIS2_PLACEMENT_3D('',#13709,#13710,#13711);
#13713=PLANE('',#13712);
#13715=ORIENTED_EDGE('',*,*,#13714,.F.);
#13716=ORIENTED_EDGE('',*,*,#13615,.F.);
#13717=ORIENTED_EDGE('',*,*,#13642,.F.);
#13719=ORIENTED_EDGE('',*,*,#13718,.F.);
#13720=ORIENTED_EDGE('',*,*,#13673,.F.);
#13721=ORIENTED_EDGE('',*,*,#13700,.F.);
#13722=EDGE_LOOP('',(#13715,#13716,#13717,#13719,#13720,#13721));
#13723=FACE_OUTER_BOUND('',#13722,.F.);
#13725=CARTESIAN_POINT('',(3.106831733676E1,1.810259900990E1,
-1.375000000025E0));
#13726=DIRECTION('',(-1.E0,0.E0,0.E0));
#13727=DIRECTION('',(0.E0,0.E0,1.E0));
#13728=AXIS2_PLACEMENT_3D('',#13725,#13726,#13727);
#13729=CYLINDRICAL_SURFACE('',#13728,1.E-1);
#13730=ORIENTED_EDGE('',*,*,#13714,.T.);
#13731=ORIENTED_EDGE('',*,*,#13437,.F.);
#13733=ORIENTED_EDGE('',*,*,#13732,.T.);
#13734=ORIENTED_EDGE('',*,*,#13212,.F.);
#13735=EDGE_LOOP('',(#13730,#13731,#13733,#13734));
#13736=FACE_OUTER_BOUND('',#13735,.F.);
#13738=CARTESIAN_POINT('',(3.114711633663E1,1.817853930496E1,
-1.458736194176E0));
#13739=DIRECTION('',(0.E0,-9.396926208540E-1,3.420201431385E-1));
#13740=DIRECTION('',(0.E0,-3.420201431385E-1,-9.396926208540E-1));
#13741=AXIS2_PLACEMENT_3D('',#13738,#13739,#13740);
#13742=PLANE('',#13741);
#13743=ORIENTED_EDGE('',*,*,#13214,.F.);
#13744=ORIENTED_EDGE('',*,*,#13732,.F.);
#13745=ORIENTED_EDGE('',*,*,#13435,.F.);
#13747=ORIENTED_EDGE('',*,*,#13746,.F.);
#13748=EDGE_LOOP('',(#13743,#13744,#13745,#13747));
#13749=FACE_OUTER_BOUND('',#13748,.F.);
#13751=CARTESIAN_POINT('',(3.106831733676E1,1.806654107585E1,
-1.474068359672E0));
#13752=DIRECTION('',(-1.E0,0.E0,0.E0));
#13753=DIRECTION('',(0.E0,0.E0,1.E0));
#13754=AXIS2_PLACEMENT_3D('',#13751,#13752,#13753);
#13755=CYLINDRICAL_SURFACE('',#13754,1.000000000040E-1);
#13756=ORIENTED_EDGE('',*,*,#13216,.F.);
#13757=ORIENTED_EDGE('',*,*,#13746,.T.);
#13758=ORIENTED_EDGE('',*,*,#13433,.F.);
#13760=ORIENTED_EDGE('',*,*,#13759,.T.);
#13761=EDGE_LOOP('',(#13756,#13757,#13758,#13760));
#13762=FACE_OUTER_BOUND('',#13761,.F.);
#13764=CARTESIAN_POINT('',(3.114711633663E1,1.813759900990E1,
-1.524999999999E0));
#13765=DIRECTION('',(0.E0,0.E0,-1.E0));
#13766=DIRECTION('',(-1.E0,0.E0,0.E0));
#13767=AXIS2_PLACEMENT_3D('',#13764,#13765,#13766);
#13768=PLANE('',#13767);
#13769=ORIENTED_EDGE('',*,*,#13218,.F.);
#13770=ORIENTED_EDGE('',*,*,#13759,.F.);
#13771=ORIENTED_EDGE('',*,*,#13431,.T.);
#13773=ORIENTED_EDGE('',*,*,#13772,.F.);
#13774=EDGE_LOOP('',(#13769,#13770,#13771,#13773));
#13775=FACE_OUTER_BOUND('',#13774,.F.);
#13777=CARTESIAN_POINT('',(3.106831733676E1,1.812259900990E1,
-1.424999999999E0));
#13778=DIRECTION('',(-1.E0,0.E0,0.E0));
#13779=DIRECTION('',(0.E0,0.E0,1.E0));
#13780=AXIS2_PLACEMENT_3D('',#13777,#13778,#13779);
#13781=CYLINDRICAL_SURFACE('',#13780,9.999999999900E-2);
#13782=ORIENTED_EDGE('',*,*,#13220,.F.);
#13783=ORIENTED_EDGE('',*,*,#13772,.T.);
#13784=ORIENTED_EDGE('',*,*,#13429,.F.);
#13786=ORIENTED_EDGE('',*,*,#13785,.T.);
#13787=EDGE_LOOP('',(#13782,#13783,#13784,#13786));
#13788=FACE_OUTER_BOUND('',#13787,.F.);
#13790=CARTESIAN_POINT('',(3.114711633663E1,1.802259900990E1,
-1.139999999999E0));
#13791=DIRECTION('',(0.E0,-1.E0,0.E0));
#13792=DIRECTION('',(0.E0,0.E0,1.E0));
#13793=AXIS2_PLACEMENT_3D('',#13790,#13791,#13792);
#13794=PLANE('',#13793);
#13795=ORIENTED_EDGE('',*,*,#13222,.F.);
#13796=ORIENTED_EDGE('',*,*,#13785,.F.);
#13797=ORIENTED_EDGE('',*,*,#13427,.T.);
#13799=ORIENTED_EDGE('',*,*,#13798,.F.);
#13800=EDGE_LOOP('',(#13795,#13796,#13797,#13799));
#13801=FACE_OUTER_BOUND('',#13800,.F.);
#13803=CARTESIAN_POINT('',(3.106831733676E1,1.794259900990E1,
-8.549999999993E-1));
#13804=DIRECTION('',(-1.E0,0.E0,0.E0));
#13805=DIRECTION('',(0.E0,0.E0,1.E0));
#13806=AXIS2_PLACEMENT_3D('',#13803,#13804,#13805);
#13807=CYLINDRICAL_SURFACE('',#13806,8.E-2);
#13808=ORIENTED_EDGE('',*,*,#13224,.F.);
#13809=ORIENTED_EDGE('',*,*,#13798,.T.);
#13810=ORIENTED_EDGE('',*,*,#13425,.F.);
#13812=ORIENTED_EDGE('',*,*,#13811,.T.);
#13813=EDGE_LOOP('',(#13808,#13809,#13810,#13812));
#13814=FACE_OUTER_BOUND('',#13813,.F.);
#13816=CARTESIAN_POINT('',(3.114711633663E1,1.792259900990E1,
-7.749999999992E-1));
#13817=DIRECTION('',(0.E0,0.E0,-1.E0));
#13818=DIRECTION('',(-1.E0,0.E0,0.E0));
#13819=AXIS2_PLACEMENT_3D('',#13816,#13817,#13818);
#13820=PLANE('',#13819);
#13821=ORIENTED_EDGE('',*,*,#13226,.F.);
#13822=ORIENTED_EDGE('',*,*,#13811,.F.);
#13823=ORIENTED_EDGE('',*,*,#13423,.F.);
#13825=ORIENTED_EDGE('',*,*,#13824,.F.);
#13826=EDGE_LOOP('',(#13821,#13822,#13823,#13825));
#13827=FACE_OUTER_BOUND('',#13826,.F.);
#13829=CARTESIAN_POINT('',(3.106831733676E1,1.790259900990E1,
-6.949999999993E-1));
#13830=DIRECTION('',(-1.E0,0.E0,0.E0));
#13831=DIRECTION('',(0.E0,0.E0,1.E0));
#13832=AXIS2_PLACEMENT_3D('',#13829,#13830,#13831);
#13833=CYLINDRICAL_SURFACE('',#13832,8.000000000010E-2);
#13834=ORIENTED_EDGE('',*,*,#13228,.F.);
#13835=ORIENTED_EDGE('',*,*,#13824,.T.);
#13836=ORIENTED_EDGE('',*,*,#13421,.F.);
#13838=ORIENTED_EDGE('',*,*,#13837,.T.);
#13839=EDGE_LOOP('',(#13834,#13835,#13836,#13838));
#13840=FACE_OUTER_BOUND('',#13839,.F.);
#13842=CARTESIAN_POINT('',(3.114711633663E1,1.782259900990E1,
-4.349999999993E-1));
#13843=DIRECTION('',(0.E0,-1.E0,0.E0));
#13844=DIRECTION('',(0.E0,0.E0,1.E0));
#13845=AXIS2_PLACEMENT_3D('',#13842,#13843,#13844);
#13846=PLANE('',#13845);
#13847=ORIENTED_EDGE('',*,*,#13230,.F.);
#13848=ORIENTED_EDGE('',*,*,#13837,.F.);
#13849=ORIENTED_EDGE('',*,*,#13419,.F.);
#13851=ORIENTED_EDGE('',*,*,#13850,.F.);
#13852=EDGE_LOOP('',(#13847,#13848,#13849,#13851));
#13853=FACE_OUTER_BOUND('',#13852,.F.);
#13855=CARTESIAN_POINT('',(3.106831733676E1,1.772259900990E1,
-1.749999999993E-1));
#13856=DIRECTION('',(-1.E0,0.E0,0.E0));
#13857=DIRECTION('',(0.E0,0.E0,1.E0));
#13858=AXIS2_PLACEMENT_3D('',#13855,#13856,#13857);
#13859=CYLINDRICAL_SURFACE('',#13858,1.E-1);
#13860=ORIENTED_EDGE('',*,*,#13232,.F.);
#13861=ORIENTED_EDGE('',*,*,#13850,.T.);
#13862=ORIENTED_EDGE('',*,*,#13417,.F.);
#13864=ORIENTED_EDGE('',*,*,#13863,.T.);
#13865=EDGE_LOOP('',(#13860,#13861,#13862,#13864));
#13866=FACE_OUTER_BOUND('',#13865,.F.);
#13868=CARTESIAN_POINT('',(3.106831733676E1,1.789259900990E1,
-6.964346247082E-2));
#13869=DIRECTION('',(-1.E0,0.E0,0.E0));
#13870=DIRECTION('',(0.E0,0.E0,1.E0));
#13871=AXIS2_PLACEMENT_3D('',#13868,#13869,#13870);
#13872=CYLINDRICAL_SURFACE('',#13871,9.999999999999E-2);
#13873=ORIENTED_EDGE('',*,*,#13234,.F.);
#13874=ORIENTED_EDGE('',*,*,#13863,.F.);
#13875=ORIENTED_EDGE('',*,*,#13415,.F.);
#13877=ORIENTED_EDGE('',*,*,#13876,.T.);
#13878=EDGE_LOOP('',(#13873,#13874,#13875,#13877));
#13879=FACE_OUTER_BOUND('',#13878,.F.);
#13881=CARTESIAN_POINT('',(3.114711633663E1,1.779259900990E1,
-4.464346249956E-2));
#13882=DIRECTION('',(0.E0,-1.E0,0.E0));
#13883=DIRECTION('',(0.E0,0.E0,1.E0));
#13884=AXIS2_PLACEMENT_3D('',#13881,#13882,#13883);
#13885=PLANE('',#13884);
#13886=ORIENTED_EDGE('',*,*,#13236,.F.);
#13887=ORIENTED_EDGE('',*,*,#13876,.F.);
#13888=ORIENTED_EDGE('',*,*,#13413,.F.);
#13890=ORIENTED_EDGE('',*,*,#13889,.F.);
#13891=EDGE_LOOP('',(#13886,#13887,#13888,#13890));
#13892=FACE_OUTER_BOUND('',#13891,.F.);
#13894=CARTESIAN_POINT('',(3.106831733676E1,1.789259900990E1,
-1.964346249906E-2));
#13895=DIRECTION('',(-1.E0,0.E0,0.E0));
#13896=DIRECTION('',(0.E0,0.E0,1.E0));
#13897=AXIS2_PLACEMENT_3D('',#13894,#13895,#13896);
#13898=CYLINDRICAL_SURFACE('',#13897,9.999999999999E-2);
#13899=ORIENTED_EDGE('',*,*,#13238,.F.);
#13900=ORIENTED_EDGE('',*,*,#13889,.T.);
#13901=ORIENTED_EDGE('',*,*,#13411,.F.);
#13903=ORIENTED_EDGE('',*,*,#13902,.T.);
#13904=EDGE_LOOP('',(#13899,#13900,#13901,#13903));
#13905=FACE_OUTER_BOUND('',#13904,.F.);
#13907=CARTESIAN_POINT('',(3.106831733676E1,1.772259900990E1,
8.571307502939E-2));
#13908=DIRECTION('',(-1.E0,0.E0,0.E0));
#13909=DIRECTION('',(0.E0,0.E0,1.E0));
#13910=AXIS2_PLACEMENT_3D('',#13907,#13908,#13909);
#13911=CYLINDRICAL_SURFACE('',#13910,1.E-1);
#13912=ORIENTED_EDGE('',*,*,#13240,.F.);
#13913=ORIENTED_EDGE('',*,*,#13902,.F.);
#13914=ORIENTED_EDGE('',*,*,#13409,.F.);
#13916=ORIENTED_EDGE('',*,*,#13915,.T.);
#13917=EDGE_LOOP('',(#13912,#13913,#13914,#13916));
#13918=FACE_OUTER_BOUND('',#13917,.F.);
#13920=CARTESIAN_POINT('',(3.114711633663E1,1.782259900990E1,
1.053565375509E-1));
#13921=DIRECTION('',(0.E0,-1.E0,0.E0));
#13922=DIRECTION('',(0.E0,0.E0,1.E0));
#13923=AXIS2_PLACEMENT_3D('',#13920,#13921,#13922);
#13924=PLANE('',#13923);
#13925=ORIENTED_EDGE('',*,*,#13242,.F.);
#13926=ORIENTED_EDGE('',*,*,#13915,.F.);
#13927=ORIENTED_EDGE('',*,*,#13407,.F.);
#13929=ORIENTED_EDGE('',*,*,#13928,.F.);
#13930=EDGE_LOOP('',(#13925,#13926,#13927,#13929));
#13931=FACE_OUTER_BOUND('',#13930,.F.);
#13933=CARTESIAN_POINT('',(3.106831733676E1,1.772259900990E1,
1.250000000009E-1));
#13934=DIRECTION('',(-1.E0,0.E0,0.E0));
#13935=DIRECTION('',(0.E0,0.E0,1.E0));
#13936=AXIS2_PLACEMENT_3D('',#13933,#13934,#13935);
#13937=CYLINDRICAL_SURFACE('',#13936,1.E-1);
#13938=ORIENTED_EDGE('',*,*,#13244,.F.);
#13939=ORIENTED_EDGE('',*,*,#13928,.T.);
#13940=ORIENTED_EDGE('',*,*,#13405,.F.);
#13942=ORIENTED_EDGE('',*,*,#13941,.T.);
#13943=EDGE_LOOP('',(#13938,#13939,#13940,#13942));
#13944=FACE_OUTER_BOUND('',#13943,.F.);
#13946=CARTESIAN_POINT('',(3.106831733676E1,1.787259900990E1,
2.572875655540E-1));
#13947=DIRECTION('',(-1.E0,0.E0,0.E0));
#13948=DIRECTION('',(0.E0,0.E0,1.E0));
#13949=AXIS2_PLACEMENT_3D('',#13946,#13947,#13948);
#13950=CYLINDRICAL_SURFACE('',#13949,9.999999999990E-2);
#13951=ORIENTED_EDGE('',*,*,#13583,.T.);
#13952=ORIENTED_EDGE('',*,*,#13246,.F.);
#13953=ORIENTED_EDGE('',*,*,#13941,.F.);
#13954=ORIENTED_EDGE('',*,*,#13403,.F.);
#13955=EDGE_LOOP('',(#13951,#13952,#13953,#13954));
#13956=FACE_OUTER_BOUND('',#13955,.F.);
#13958=CARTESIAN_POINT('',(3.119044966996E1,1.830259900656E1,-1.475E0));
#13959=DIRECTION('',(0.E0,0.E0,-1.E0));
#13960=DIRECTION('',(-1.E0,0.E0,0.E0));
#13961=AXIS2_PLACEMENT_3D('',#13958,#13959,#13960);
#13962=PLANE('',#13961);
#13963=ORIENTED_EDGE('',*,*,#13675,.F.);
#13964=ORIENTED_EDGE('',*,*,#13718,.T.);
#13965=ORIENTED_EDGE('',*,*,#13640,.F.);
#13966=ORIENTED_EDGE('',*,*,#13658,.F.);
#13967=EDGE_LOOP('',(#13963,#13964,#13965,#13966));
#13968=FACE_OUTER_BOUND('',#13967,.F.);
#13970=CARTESIAN_POINT('',(3.128211633663E1,1.799259900990E1,8.E-1));
#13971=DIRECTION('',(8.320502943339E-1,0.E0,-5.547001962312E-1));
#13972=DIRECTION('',(0.E0,1.E0,0.E0));
#13973=AXIS2_PLACEMENT_3D('',#13970,#13971,#13972);
#13974=PLANE('',#13973);
#13975=ORIENTED_EDGE('',*,*,#13357,.T.);
#13976=ORIENTED_EDGE('',*,*,#13147,.F.);
#13977=ORIENTED_EDGE('',*,*,#13499,.F.);
#13978=ORIENTED_EDGE('',*,*,#13597,.T.);
#13979=EDGE_LOOP('',(#13975,#13976,#13977,#13978));
#13980=FACE_OUTER_BOUND('',#13979,.F.);
#13982=CARTESIAN_POINT('',(3.114711633663E1,1.820259900990E1,
-2.999999999992E-1));
#13983=DIRECTION('',(0.E0,-1.E0,0.E0));
#13984=DIRECTION('',(0.E0,0.E0,-1.E0));
#13985=AXIS2_PLACEMENT_3D('',#13982,#13983,#13984);
#13986=PLANE('',#13985);
#13987=ORIENTED_EDGE('',*,*,#13361,.T.);
#13988=ORIENTED_EDGE('',*,*,#13208,.F.);
#13989=ORIENTED_EDGE('',*,*,#13378,.F.);
#13990=ORIENTED_EDGE('',*,*,#13441,.T.);
#13991=EDGE_LOOP('',(#13987,#13988,#13989,#13990));
#13992=FACE_OUTER_BOUND('',#13991,.F.);
#13994=CARTESIAN_POINT('',(3.114711633663E1,1.838259900990E1,1.075000000001E0));
#13995=DIRECTION('',(0.E0,-1.E0,0.E0));
#13996=DIRECTION('',(0.E0,0.E0,-1.E0));
#13997=AXIS2_PLACEMENT_3D('',#13994,#13995,#13996);
#13998=PLANE('',#13997);
#13999=ORIENTED_EDGE('',*,*,#13153,.T.);
#14000=ORIENTED_EDGE('',*,*,#13203,.F.);
#14002=ORIENTED_EDGE('',*,*,#14001,.F.);
#14003=ORIENTED_EDGE('',*,*,#13445,.T.);
#14004=EDGE_LOOP('',(#13999,#14000,#14002,#14003));
#14005=FACE_OUTER_BOUND('',#14004,.F.);
#14007=CARTESIAN_POINT('',(3.106831733676E1,1.828259900990E1,1.275000000001E0));
#14008=DIRECTION('',(-1.E0,0.E0,0.E0));
#14009=DIRECTION('',(0.E0,0.E0,1.E0));
#14010=AXIS2_PLACEMENT_3D('',#14007,#14008,#14009);
#14011=CYLINDRICAL_SURFACE('',#14010,1.E-1);
#14012=ORIENTED_EDGE('',*,*,#13201,.F.);
#14014=ORIENTED_EDGE('',*,*,#14013,.T.);
#14015=ORIENTED_EDGE('',*,*,#13447,.F.);
#14016=ORIENTED_EDGE('',*,*,#14001,.T.);
#14017=EDGE_LOOP('',(#14012,#14014,#14015,#14016));
#14018=FACE_OUTER_BOUND('',#14017,.F.);
#14020=CARTESIAN_POINT('',(3.114711633663E1,1.823259900990E1,1.375000000001E0));
#14021=DIRECTION('',(0.E0,0.E0,-1.E0));
#14022=DIRECTION('',(1.E0,0.E0,0.E0));
#14023=AXIS2_PLACEMENT_3D('',#14020,#14021,#14022);
#14024=PLANE('',#14023);
#14025=ORIENTED_EDGE('',*,*,#13199,.F.);
#14027=ORIENTED_EDGE('',*,*,#14026,.F.);
#14028=ORIENTED_EDGE('',*,*,#13449,.T.);
#14029=ORIENTED_EDGE('',*,*,#14013,.F.);
#14030=EDGE_LOOP('',(#14025,#14027,#14028,#14029));
#14031=FACE_OUTER_BOUND('',#14030,.F.);
#14033=CARTESIAN_POINT('',(3.106831733676E1,1.818259900990E1,1.475000000001E0));
#14034=DIRECTION('',(-1.E0,0.E0,0.E0));
#14035=DIRECTION('',(0.E0,0.E0,1.E0));
#14036=AXIS2_PLACEMENT_3D('',#14033,#14034,#14035);
#14037=CYLINDRICAL_SURFACE('',#14036,1.E-1);
#14038=ORIENTED_EDGE('',*,*,#13197,.F.);
#14040=ORIENTED_EDGE('',*,*,#14039,.T.);
#14042=ORIENTED_EDGE('',*,*,#14041,.T.);
#14044=ORIENTED_EDGE('',*,*,#14043,.T.);
#14045=ORIENTED_EDGE('',*,*,#13451,.F.);
#14046=ORIENTED_EDGE('',*,*,#14026,.T.);
#14047=EDGE_LOOP('',(#14038,#14040,#14042,#14044,#14045,#14046));
#14048=FACE_OUTER_BOUND('',#14047,.F.);
#14050=CARTESIAN_POINT('',(3.120461633663E1,1.796076152492E1,1.457500000001E0));
#14051=DIRECTION('',(-7.071067811603E-1,0.E0,-7.071067812128E-1));
#14052=DIRECTION('',(0.E0,-1.E0,0.E0));
#14053=AXIS2_PLACEMENT_3D('',#14050,#14051,#14052);
#14054=PLANE('',#14053);
#14055=ORIENTED_EDGE('',*,*,#14039,.F.);
#14056=ORIENTED_EDGE('',*,*,#13195,.F.);
#14058=ORIENTED_EDGE('',*,*,#14057,.F.);
#14060=ORIENTED_EDGE('',*,*,#14059,.F.);
#14061=EDGE_LOOP('',(#14055,#14056,#14058,#14060));
#14062=FACE_OUTER_BOUND('',#14061,.F.);
#14064=CARTESIAN_POINT('',(3.114711633663E1,1.783259900990E1,1.425000000001E0));
#14065=DIRECTION('',(0.E0,-1.E0,0.E0));
#14066=DIRECTION('',(0.E0,0.E0,1.E0));
#14067=AXIS2_PLACEMENT_3D('',#14064,#14065,#14066);
#14068=PLANE('',#14067);
#14070=ORIENTED_EDGE('',*,*,#14069,.T.);
#14071=ORIENTED_EDGE('',*,*,#14057,.T.);
#14072=ORIENTED_EDGE('',*,*,#13193,.F.);
#14074=ORIENTED_EDGE('',*,*,#14073,.F.);
#14075=ORIENTED_EDGE('',*,*,#13455,.T.);
#14077=ORIENTED_EDGE('',*,*,#14076,.T.);
#14078=EDGE_LOOP('',(#14070,#14071,#14072,#14074,#14075,#14077));
#14079=FACE_OUTER_BOUND('',#14078,.F.);
#14081=CARTESIAN_POINT('',(3.114711633663E1,1.795759900990E1,1.475000000001E0));
#14082=DIRECTION('',(0.E0,0.E0,-1.E0));
#14083=DIRECTION('',(1.E0,0.E0,0.E0));
#14084=AXIS2_PLACEMENT_3D('',#14081,#14082,#14083);
#14085=PLANE('',#14084);
#14086=ORIENTED_EDGE('',*,*,#14041,.F.);
#14087=ORIENTED_EDGE('',*,*,#14059,.T.);
#14088=ORIENTED_EDGE('',*,*,#14069,.F.);
#14090=ORIENTED_EDGE('',*,*,#14089,.T.);
#14091=EDGE_LOOP('',(#14086,#14087,#14088,#14090));
#14092=FACE_OUTER_BOUND('',#14091,.F.);
#14094=CARTESIAN_POINT('',(3.108961633663E1,1.796076152491E1,1.457500000003E0));
#14095=DIRECTION('',(7.071067812478E-1,0.E0,-7.071067811253E-1));
#14096=DIRECTION('',(0.E0,1.E0,0.E0));
#14097=AXIS2_PLACEMENT_3D('',#14094,#14095,#14096);
#14098=PLANE('',#14097);
#14099=ORIENTED_EDGE('',*,*,#14043,.F.);
#14100=ORIENTED_EDGE('',*,*,#14089,.F.);
#14101=ORIENTED_EDGE('',*,*,#14076,.F.);
#14102=ORIENTED_EDGE('',*,*,#13453,.F.);
#14103=EDGE_LOOP('',(#14099,#14100,#14101,#14102));
#14104=FACE_OUTER_BOUND('',#14103,.F.);
#14106=CARTESIAN_POINT('',(3.106831733676E1,1.773259900990E1,1.375000000001E0));
#14107=DIRECTION('',(-1.E0,0.E0,0.E0));
#14108=DIRECTION('',(0.E0,0.E0,1.E0));
#14109=AXIS2_PLACEMENT_3D('',#14106,#14107,#14108);
#14110=CYLINDRICAL_SURFACE('',#14109,1.E-1);
#14111=ORIENTED_EDGE('',*,*,#13191,.F.);
#14113=ORIENTED_EDGE('',*,*,#14112,.T.);
#14114=ORIENTED_EDGE('',*,*,#13457,.F.);
#14115=ORIENTED_EDGE('',*,*,#14073,.T.);
#14116=EDGE_LOOP('',(#14111,#14113,#14114,#14115));
#14117=FACE_OUTER_BOUND('',#14116,.F.);
#14119=CARTESIAN_POINT('',(3.114711633663E1,1.760759900990E1,1.275000000001E0));
#14120=DIRECTION('',(0.E0,0.E0,-1.E0));
#14121=DIRECTION('',(1.E0,0.E0,0.E0));
#14122=AXIS2_PLACEMENT_3D('',#14119,#14120,#14121);
#14123=PLANE('',#14122);
#14124=ORIENTED_EDGE('',*,*,#13189,.F.);
#14126=ORIENTED_EDGE('',*,*,#14125,.F.);
#14127=ORIENTED_EDGE('',*,*,#13459,.F.);
#14128=ORIENTED_EDGE('',*,*,#14112,.F.);
#14129=EDGE_LOOP('',(#14124,#14126,#14127,#14128));
#14130=FACE_OUTER_BOUND('',#14129,.F.);
#14132=CARTESIAN_POINT('',(3.106831733676E1,1.748259900990E1,1.175000000001E0));
#14133=DIRECTION('',(-1.E0,0.E0,0.E0));
#14134=DIRECTION('',(0.E0,0.E0,1.E0));
#14135=AXIS2_PLACEMENT_3D('',#14132,#14133,#14134);
#14136=CYLINDRICAL_SURFACE('',#14135,1.E-1);
#14137=ORIENTED_EDGE('',*,*,#13187,.F.);
#14139=ORIENTED_EDGE('',*,*,#14138,.T.);
#14140=ORIENTED_EDGE('',*,*,#13461,.F.);
#14141=ORIENTED_EDGE('',*,*,#14125,.T.);
#14142=EDGE_LOOP('',(#14137,#14139,#14140,#14141));
#14143=FACE_OUTER_BOUND('',#14142,.F.);
#14145=CARTESIAN_POINT('',(3.114711633663E1,1.738259900990E1,
9.750000000010E-1));
#14146=DIRECTION('',(0.E0,-1.E0,0.E0));
#14147=DIRECTION('',(0.E0,0.E0,1.E0));
#14148=AXIS2_PLACEMENT_3D('',#14145,#14146,#14147);
#14149=PLANE('',#14148);
#14150=ORIENTED_EDGE('',*,*,#13185,.F.);
#14152=ORIENTED_EDGE('',*,*,#14151,.F.);
#14153=ORIENTED_EDGE('',*,*,#13463,.F.);
#14154=ORIENTED_EDGE('',*,*,#14138,.F.);
#14155=EDGE_LOOP('',(#14150,#14152,#14153,#14154));
#14156=FACE_OUTER_BOUND('',#14155,.F.);
#14158=CARTESIAN_POINT('',(3.114711633663E1,1.741599646954E1,
7.750000000010E-1));
#14159=DIRECTION('',(0.E0,0.E0,-1.E0));
#14160=DIRECTION('',(-1.E0,0.E0,0.E0));
#14161=AXIS2_PLACEMENT_3D('',#14158,#14159,#14160);
#14162=PLANE('',#14161);
#14163=ORIENTED_EDGE('',*,*,#13183,.F.);
#14165=ORIENTED_EDGE('',*,*,#14164,.F.);
#14166=ORIENTED_EDGE('',*,*,#13465,.F.);
#14167=ORIENTED_EDGE('',*,*,#14151,.T.);
#14168=EDGE_LOOP('',(#14163,#14165,#14166,#14167));
#14169=FACE_OUTER_BOUND('',#14168,.F.);
#14171=CARTESIAN_POINT('',(3.106831733676E1,1.744939392914E1,
8.750000000009E-1));
#14172=DIRECTION('',(-1.E0,0.E0,0.E0));
#14173=DIRECTION('',(0.E0,0.E0,1.E0));
#14174=AXIS2_PLACEMENT_3D('',#14171,#14172,#14173);
#14175=CYLINDRICAL_SURFACE('',#14174,1.E-1);
#14176=ORIENTED_EDGE('',*,*,#13181,.F.);
#14178=ORIENTED_EDGE('',*,*,#14177,.F.);
#14179=ORIENTED_EDGE('',*,*,#13467,.F.);
#14180=ORIENTED_EDGE('',*,*,#14164,.T.);
#14181=EDGE_LOOP('',(#14176,#14178,#14179,#14180));
#14182=FACE_OUTER_BOUND('',#14181,.F.);
#14184=CARTESIAN_POINT('',(3.106831733676E1,1.762259900990E1,
7.750000000010E-1));
#14185=DIRECTION('',(-1.E0,0.E0,0.E0));
#14186=DIRECTION('',(0.E0,0.E0,1.E0));
#14187=AXIS2_PLACEMENT_3D('',#14184,#14185,#14186);
#14188=CYLINDRICAL_SURFACE('',#14187,9.999999999980E-2);
#14189=ORIENTED_EDGE('',*,*,#13280,.T.);
#14190=ORIENTED_EDGE('',*,*,#13469,.F.);
#14191=ORIENTED_EDGE('',*,*,#14177,.T.);
#14192=ORIENTED_EDGE('',*,*,#13179,.F.);
#14193=EDGE_LOOP('',(#14189,#14190,#14191,#14192));
#14194=FACE_OUTER_BOUND('',#14193,.F.);
#14196=CARTESIAN_POINT('',(3.031711633663E1,1.754509900990E1,
-1.475000000002E0));
#14197=DIRECTION('',(8.944271909801E-1,0.E0,4.472135955395E-1));
#14198=DIRECTION('',(-4.472135955395E-1,0.E0,8.944271909801E-1));
#14199=AXIS2_PLACEMENT_3D('',#14196,#14197,#14198);
#14200=PLANE('',#14199);
#14201=ORIENTED_EDGE('',*,*,#13027,.F.);
#14202=ORIENTED_EDGE('',*,*,#13083,.T.);
#14203=ORIENTED_EDGE('',*,*,#12656,.F.);
#14205=ORIENTED_EDGE('',*,*,#14204,.F.);
#14206=EDGE_LOOP('',(#14201,#14202,#14203,#14205));
#14207=FACE_OUTER_BOUND('',#14206,.F.);
#14209=CARTESIAN_POINT('',(3.029211633663E1,1.745259900990E1,
-1.425000000003E0));
#14210=DIRECTION('',(0.E0,0.E0,1.E0));
#14211=DIRECTION('',(0.E0,1.E0,0.E0));
#14212=AXIS2_PLACEMENT_3D('',#14209,#14210,#14211);
#14213=PLANE('',#14212);
#14214=ORIENTED_EDGE('',*,*,#13029,.F.);
#14215=ORIENTED_EDGE('',*,*,#14204,.T.);
#14216=ORIENTED_EDGE('',*,*,#12654,.T.);
#14218=ORIENTED_EDGE('',*,*,#14217,.F.);
#14219=EDGE_LOOP('',(#14214,#14215,#14216,#14218));
#14220=FACE_OUTER_BOUND('',#14219,.F.);
#14222=CARTESIAN_POINT('',(3.028211633663E1,1.784760051049E1,
-2.612083487540E-1));
#14223=DIRECTION('',(1.E0,0.E0,0.E0));
#14224=DIRECTION('',(0.E0,0.E0,-1.E0));
#14225=AXIS2_PLACEMENT_3D('',#14222,#14223,#14224);
#14226=PLANE('',#14225);
#14228=ORIENTED_EDGE('',*,*,#14227,.F.);
#14230=ORIENTED_EDGE('',*,*,#14229,.T.);
#14232=ORIENTED_EDGE('',*,*,#14231,.T.);
#14234=ORIENTED_EDGE('',*,*,#14233,.T.);
#14236=ORIENTED_EDGE('',*,*,#14235,.T.);
#14238=ORIENTED_EDGE('',*,*,#14237,.T.);
#14240=ORIENTED_EDGE('',*,*,#14239,.T.);
#14242=ORIENTED_EDGE('',*,*,#14241,.T.);
#14244=ORIENTED_EDGE('',*,*,#14243,.T.);
#14246=ORIENTED_EDGE('',*,*,#14245,.T.);
#14248=ORIENTED_EDGE('',*,*,#14247,.T.);
#14250=ORIENTED_EDGE('',*,*,#14249,.T.);
#14252=ORIENTED_EDGE('',*,*,#14251,.T.);
#14254=ORIENTED_EDGE('',*,*,#14253,.T.);
#14256=ORIENTED_EDGE('',*,*,#14255,.T.);
#14258=ORIENTED_EDGE('',*,*,#14257,.T.);
#14260=ORIENTED_EDGE('',*,*,#14259,.T.);
#14262=ORIENTED_EDGE('',*,*,#14261,.T.);
#14263=ORIENTED_EDGE('',*,*,#13031,.T.);
#14264=ORIENTED_EDGE('',*,*,#14217,.T.);
#14265=ORIENTED_EDGE('',*,*,#12652,.T.);
#14267=ORIENTED_EDGE('',*,*,#14266,.T.);
#14269=ORIENTED_EDGE('',*,*,#14268,.T.);
#14271=ORIENTED_EDGE('',*,*,#14270,.T.);
#14273=ORIENTED_EDGE('',*,*,#14272,.T.);
#14274=EDGE_LOOP('',(#14228,#14230,#14232,#14234,#14236,#14238,#14240,#14242,
#14244,#14246,#14248,#14250,#14252,#14254,#14256,#14258,#14260,#14262,#14263,
#14264,#14265,#14267,#14269,#14271,#14273));
#14275=FACE_OUTER_BOUND('',#14274,.F.);
#14277=CARTESIAN_POINT('',(3.263961633663E1,1.772759900988E1,
-7.649519053258E-1));
#14278=DIRECTION('',(0.E0,1.E0,0.E0));
#14279=DIRECTION('',(1.E0,0.E0,0.E0));
#14280=AXIS2_PLACEMENT_3D('',#14277,#14278,#14279);
#14281=PLANE('',#14280);
#14283=ORIENTED_EDGE('',*,*,#14282,.T.);
#14284=ORIENTED_EDGE('',*,*,#12741,.T.);
#14286=ORIENTED_EDGE('',*,*,#14285,.T.);
#14288=ORIENTED_EDGE('',*,*,#14287,.F.);
#14290=ORIENTED_EDGE('',*,*,#14289,.T.);
#14291=ORIENTED_EDGE('',*,*,#14227,.T.);
#14293=ORIENTED_EDGE('',*,*,#14292,.T.);
#14295=ORIENTED_EDGE('',*,*,#14294,.F.);
#14297=ORIENTED_EDGE('',*,*,#14296,.F.);
#14299=ORIENTED_EDGE('',*,*,#14298,.F.);
#14300=EDGE_LOOP('',(#14283,#14284,#14286,#14288,#14290,#14291,#14293,#14295,
#14297,#14299));
#14301=FACE_OUTER_BOUND('',#14300,.F.);
#14303=CARTESIAN_POINT('',(2.745711633663E1,1.774247242216E1,
-9.291423048567E-1));
#14304=DIRECTION('',(0.E0,8.660254037668E-1,-5.000000000306E-1));
#14305=DIRECTION('',(0.E0,5.000000000306E-1,8.660254037668E-1));
#14306=AXIS2_PLACEMENT_3D('',#14303,#14304,#14305);
#14307=PLANE('',#14306);
#14309=ORIENTED_EDGE('',*,*,#14308,.F.);
#14310=ORIENTED_EDGE('',*,*,#12743,.T.);
#14311=ORIENTED_EDGE('',*,*,#14282,.F.);
#14313=ORIENTED_EDGE('',*,*,#14312,.F.);
#14314=EDGE_LOOP('',(#14309,#14310,#14311,#14313));
#14315=FACE_OUTER_BOUND('',#14314,.F.);
#14317=CARTESIAN_POINT('',(3.346831633663E1,1.780259900991E1,-1.075E0));
#14318=DIRECTION('',(-1.E0,0.E0,0.E0));
#14319=DIRECTION('',(0.E0,-1.E0,0.E0));
#14320=AXIS2_PLACEMENT_3D('',#14317,#14318,#14319);
#14321=CYLINDRICAL_SURFACE('',#14320,1.250000000100E-1);
#14323=ORIENTED_EDGE('',*,*,#14322,.T.);
#14324=ORIENTED_EDGE('',*,*,#12745,.T.);
#14325=ORIENTED_EDGE('',*,*,#14308,.T.);
#14327=ORIENTED_EDGE('',*,*,#14326,.F.);
#14329=ORIENTED_EDGE('',*,*,#14328,.T.);
#14331=ORIENTED_EDGE('',*,*,#14330,.F.);
#14333=ORIENTED_EDGE('',*,*,#14332,.T.);
#14335=ORIENTED_EDGE('',*,*,#14334,.F.);
#14336=EDGE_LOOP('',(#14323,#14324,#14325,#14327,#14329,#14331,#14333,#14335));
#14337=FACE_OUTER_BOUND('',#14336,.F.);
#14339=CARTESIAN_POINT('',(2.745711633663E1,1.833937448633E1,
-1.150000000045E0));
#14340=DIRECTION('',(0.E0,0.E0,1.E0));
#14341=DIRECTION('',(0.E0,-1.E0,0.E0));
#14342=AXIS2_PLACEMENT_3D('',#14339,#14340,#14341);
#14343=PLANE('',#14342);
#14345=ORIENTED_EDGE('',*,*,#14344,.T.);
#14346=ORIENTED_EDGE('',*,*,#12747,.T.);
#14347=ORIENTED_EDGE('',*,*,#14322,.F.);
#14349=ORIENTED_EDGE('',*,*,#14348,.T.);
#14351=ORIENTED_EDGE('',*,*,#14350,.F.);
#14353=ORIENTED_EDGE('',*,*,#14352,.F.);
#14355=ORIENTED_EDGE('',*,*,#14354,.F.);
#14357=ORIENTED_EDGE('',*,*,#14356,.F.);
#14358=EDGE_LOOP('',(#14345,#14346,#14347,#14349,#14351,#14353,#14355,#14357));
#14359=FACE_OUTER_BOUND('',#14358,.F.);
#14361=ORIENTED_EDGE('',*,*,#14360,.F.);
#14363=ORIENTED_EDGE('',*,*,#14362,.F.);
#14365=ORIENTED_EDGE('',*,*,#14364,.T.);
#14367=ORIENTED_EDGE('',*,*,#14366,.T.);
#14368=EDGE_LOOP('',(#14361,#14363,#14365,#14367));
#14369=FACE_BOUND('',#14368,.F.);
#14371=CARTESIAN_POINT('',(3.013211633663E1,1.784760051049E1,
-2.612083487540E-1));
#14372=DIRECTION('',(1.E0,0.E0,0.E0));
#14373=DIRECTION('',(0.E0,0.E0,-1.E0));
#14374=AXIS2_PLACEMENT_3D('',#14371,#14372,#14373);
#14375=PLANE('',#14374);
#14376=ORIENTED_EDGE('',*,*,#14360,.T.);
#14378=ORIENTED_EDGE('',*,*,#14377,.F.);
#14380=ORIENTED_EDGE('',*,*,#14379,.T.);
#14382=ORIENTED_EDGE('',*,*,#14381,.T.);
#14384=ORIENTED_EDGE('',*,*,#14383,.T.);
#14386=ORIENTED_EDGE('',*,*,#14385,.T.);
#14388=ORIENTED_EDGE('',*,*,#14387,.T.);
#14390=ORIENTED_EDGE('',*,*,#14389,.T.);
#14391=EDGE_LOOP('',(#14376,#14378,#14380,#14382,#14384,#14386,#14388,#14390));
#14392=FACE_OUTER_BOUND('',#14391,.F.);
#14394=CARTESIAN_POINT('',(3.020711633663E1,1.806594950326E1,
-7.689918383389E-1));
#14395=DIRECTION('',(0.E0,-9.998476951557E-1,1.745240647805E-2));
#14396=DIRECTION('',(0.E0,1.745240647805E-2,9.998476951557E-1));
#14397=AXIS2_PLACEMENT_3D('',#14394,#14395,#14396);
#14398=PLANE('',#14397);
#14399=ORIENTED_EDGE('',*,*,#14366,.F.);
#14401=ORIENTED_EDGE('',*,*,#14400,.T.);
#14403=ORIENTED_EDGE('',*,*,#14402,.F.);
#14404=ORIENTED_EDGE('',*,*,#14377,.T.);
#14405=EDGE_LOOP('',(#14399,#14401,#14403,#14404));
#14406=FACE_OUTER_BOUND('',#14405,.F.);
#14408=CARTESIAN_POINT('',(3.028211633663E1,1.784760051049E1,
-2.612083487540E-1));
#14409=DIRECTION('',(1.E0,0.E0,0.E0));
#14410=DIRECTION('',(0.E0,0.E0,-1.E0));
#14411=AXIS2_PLACEMENT_3D('',#14408,#14409,#14410);
#14412=PLANE('',#14411);
#14413=ORIENTED_EDGE('',*,*,#14364,.F.);
#14415=ORIENTED_EDGE('',*,*,#14414,.T.);
#14417=ORIENTED_EDGE('',*,*,#14416,.T.);
#14419=ORIENTED_EDGE('',*,*,#14418,.T.);
#14421=ORIENTED_EDGE('',*,*,#14420,.T.);
#14423=ORIENTED_EDGE('',*,*,#14422,.T.);
#14425=ORIENTED_EDGE('',*,*,#14424,.T.);
#14426=ORIENTED_EDGE('',*,*,#14400,.F.);
#14427=EDGE_LOOP('',(#14413,#14415,#14417,#14419,#14421,#14423,#14425,#14426));
#14428=FACE_OUTER_BOUND('',#14427,.F.);
#14430=CARTESIAN_POINT('',(3.012835151169E1,1.810259900990E1,
-1.123262689185E0));
#14431=DIRECTION('',(-1.E0,0.E0,0.E0));
#14432=DIRECTION('',(0.E0,0.E0,1.E0));
#14433=AXIS2_PLACEMENT_3D('',#14430,#14431,#14432);
#14434=CYLINDRICAL_SURFACE('',#14433,1.499999999997E-1);
#14435=ORIENTED_EDGE('',*,*,#14362,.T.);
#14436=ORIENTED_EDGE('',*,*,#14389,.F.);
#14438=ORIENTED_EDGE('',*,*,#14437,.T.);
#14439=ORIENTED_EDGE('',*,*,#14414,.F.);
#14440=EDGE_LOOP('',(#14435,#14436,#14438,#14439));
#14441=FACE_OUTER_BOUND('',#14440,.F.);
#14443=CARTESIAN_POINT('',(3.020711633663E1,1.818920345423E1,
-1.253410105540E0));
#14444=DIRECTION('',(0.E0,-7.660444430221E-1,6.427876098020E-1));
#14445=DIRECTION('',(0.E0,-6.427876098020E-1,-7.660444430221E-1));
#14446=AXIS2_PLACEMENT_3D('',#14443,#14444,#14445);
#14447=PLANE('',#14446);
#14448=ORIENTED_EDGE('',*,*,#14416,.F.);
#14449=ORIENTED_EDGE('',*,*,#14437,.F.);
#14450=ORIENTED_EDGE('',*,*,#14387,.F.);
#14452=ORIENTED_EDGE('',*,*,#14451,.F.);
#14453=EDGE_LOOP('',(#14448,#14449,#14450,#14452));
#14454=FACE_OUTER_BOUND('',#14453,.F.);
#14456=CARTESIAN_POINT('',(3.012835151169E1,1.812259900990E1,-1.255E0));
#14457=DIRECTION('',(-1.E0,0.E0,0.E0));
#14458=DIRECTION('',(0.E0,0.E0,1.E0));
#14459=AXIS2_PLACEMENT_3D('',#14456,#14457,#14458);
#14460=CYLINDRICAL_SURFACE('',#14459,5.E-2);
#14461=ORIENTED_EDGE('',*,*,#14418,.F.);
#14462=ORIENTED_EDGE('',*,*,#14451,.T.);
#14463=ORIENTED_EDGE('',*,*,#14385,.F.);
#14465=ORIENTED_EDGE('',*,*,#14464,.T.);
#14466=EDGE_LOOP('',(#14461,#14462,#14463,#14465));
#14467=FACE_OUTER_BOUND('',#14466,.F.);
#14469=CARTESIAN_POINT('',(3.020711633663E1,1.811759900990E1,-1.305E0));
#14470=DIRECTION('',(0.E0,0.E0,-1.E0));
#14471=DIRECTION('',(0.E0,-1.E0,0.E0));
#14472=AXIS2_PLACEMENT_3D('',#14469,#14470,#14471);
#14473=PLANE('',#14472);
#14474=ORIENTED_EDGE('',*,*,#14420,.F.);
#14475=ORIENTED_EDGE('',*,*,#14464,.F.);
#14476=ORIENTED_EDGE('',*,*,#14383,.F.);
#14478=ORIENTED_EDGE('',*,*,#14477,.F.);
#14479=EDGE_LOOP('',(#14474,#14475,#14476,#14478));
#14480=FACE_OUTER_BOUND('',#14479,.F.);
#14482=CARTESIAN_POINT('',(3.012835151169E1,1.811259900990E1,-1.235E0));
#14483=DIRECTION('',(-1.E0,0.E0,0.E0));
#14484=DIRECTION('',(0.E0,0.E0,1.E0));
#14485=AXIS2_PLACEMENT_3D('',#14482,#14483,#14484);
#14486=CYLINDRICAL_SURFACE('',#14485,7.E-2);
#14487=ORIENTED_EDGE('',*,*,#14422,.F.);
#14488=ORIENTED_EDGE('',*,*,#14477,.T.);
#14489=ORIENTED_EDGE('',*,*,#14381,.F.);
#14491=ORIENTED_EDGE('',*,*,#14490,.F.);
#14492=EDGE_LOOP('',(#14487,#14488,#14489,#14491));
#14493=FACE_OUTER_BOUND('',#14492,.F.);
#14495=CARTESIAN_POINT('',(3.012835151169E1,1.800886054890E1,
-1.174681414895E0));
#14496=DIRECTION('',(-1.E0,0.E0,0.E0));
#14497=DIRECTION('',(0.E0,0.E0,1.E0));
#14498=AXIS2_PLACEMENT_3D('',#14495,#14496,#14497);
#14499=CYLINDRICAL_SURFACE('',#14498,5.000000002E-2);
#14500=ORIENTED_EDGE('',*,*,#14424,.F.);
#14501=ORIENTED_EDGE('',*,*,#14490,.T.);
#14502=ORIENTED_EDGE('',*,*,#14379,.F.);
#14503=ORIENTED_EDGE('',*,*,#14402,.T.);
#14504=EDGE_LOOP('',(#14500,#14501,#14502,#14503));
#14505=FACE_OUTER_BOUND('',#14504,.F.);
#14507=CARTESIAN_POINT('',(2.745711633663E1,1.877614996278E1,
-1.112500000045E0));
#14508=DIRECTION('',(0.E0,1.E0,0.E0));
#14509=DIRECTION('',(-1.E0,0.E0,0.E0));
#14510=AXIS2_PLACEMENT_3D('',#14507,#14508,#14509);
#14511=PLANE('',#14510);
#14513=ORIENTED_EDGE('',*,*,#14512,.F.);
#14514=ORIENTED_EDGE('',*,*,#12749,.F.);
#14515=ORIENTED_EDGE('',*,*,#14344,.F.);
#14517=ORIENTED_EDGE('',*,*,#14516,.F.);
#14518=EDGE_LOOP('',(#14513,#14514,#14515,#14517));
#14519=FACE_OUTER_BOUND('',#14518,.F.);
#14521=CARTESIAN_POINT('',(2.745711633663E1,1.878937448633E1,
-1.000000000045E0));
#14522=DIRECTION('',(0.E0,9.848077530173E-1,-1.736481776378E-1));
#14523=DIRECTION('',(0.E0,-1.736481776378E-1,-9.848077530173E-1));
#14524=AXIS2_PLACEMENT_3D('',#14521,#14522,#14523);
#14525=PLANE('',#14524);
#14527=ORIENTED_EDGE('',*,*,#14526,.F.);
#14528=ORIENTED_EDGE('',*,*,#12751,.T.);
#14529=ORIENTED_EDGE('',*,*,#14512,.T.);
#14531=ORIENTED_EDGE('',*,*,#14530,.F.);
#14532=EDGE_LOOP('',(#14527,#14528,#14529,#14531));
#14533=FACE_OUTER_BOUND('',#14532,.F.);
#14535=CARTESIAN_POINT('',(2.745711633663E1,1.890259900988E1,
-9.250000000446E-1));
#14536=DIRECTION('',(0.E0,0.E0,1.E0));
#14537=DIRECTION('',(1.E0,0.E0,0.E0));
#14538=AXIS2_PLACEMENT_3D('',#14535,#14536,#14537);
#14539=PLANE('',#14538);
#14541=ORIENTED_EDGE('',*,*,#14540,.F.);
#14542=ORIENTED_EDGE('',*,*,#12753,.F.);
#14543=ORIENTED_EDGE('',*,*,#14526,.T.);
#14545=ORIENTED_EDGE('',*,*,#14544,.F.);
#14546=EDGE_LOOP('',(#14541,#14542,#14543,#14545));
#14547=FACE_OUTER_BOUND('',#14546,.F.);
#14549=CARTESIAN_POINT('',(3.067211633663E1,1.900259900988E1,
-7.000000000446E-1));
#14550=DIRECTION('',(0.E0,1.E0,0.E0));
#14551=DIRECTION('',(-1.E0,0.E0,0.E0));
#14552=AXIS2_PLACEMENT_3D('',#14549,#14550,#14551);
#14553=PLANE('',#14552);
#14555=ORIENTED_EDGE('',*,*,#14554,.F.);
#14556=ORIENTED_EDGE('',*,*,#12755,.F.);
#14557=ORIENTED_EDGE('',*,*,#14540,.T.);
#14559=ORIENTED_EDGE('',*,*,#14558,.T.);
#14560=EDGE_LOOP('',(#14555,#14556,#14557,#14559));
#14561=FACE_OUTER_BOUND('',#14560,.F.);
#14563=CARTESIAN_POINT('',(2.745711633663E1,1.841509900988E1,
-4.750000000446E-1));
#14564=DIRECTION('',(0.E0,0.E0,1.E0));
#14565=DIRECTION('',(-1.E0,0.E0,0.E0));
#14566=AXIS2_PLACEMENT_3D('',#14563,#14564,#14565);
#14567=PLANE('',#14566);
#14568=ORIENTED_EDGE('',*,*,#14554,.T.);
#14570=ORIENTED_EDGE('',*,*,#14569,.T.);
#14572=ORIENTED_EDGE('',*,*,#14571,.T.);
#14574=ORIENTED_EDGE('',*,*,#14573,.T.);
#14576=ORIENTED_EDGE('',*,*,#14575,.T.);
#14577=ORIENTED_EDGE('',*,*,#12737,.T.);
#14578=EDGE_LOOP('',(#14568,#14570,#14572,#14574,#14576,#14577));
#14579=FACE_OUTER_BOUND('',#14578,.F.);
#14581=ORIENTED_EDGE('',*,*,#14580,.T.);
#14583=ORIENTED_EDGE('',*,*,#14582,.F.);
#14585=ORIENTED_EDGE('',*,*,#14584,.F.);
#14587=ORIENTED_EDGE('',*,*,#14586,.F.);
#14588=EDGE_LOOP('',(#14581,#14583,#14585,#14587));
#14589=FACE_BOUND('',#14588,.F.);
#14591=CARTESIAN_POINT('',(3.013211633663E1,1.784760051049E1,
-2.612083487540E-1));
#14592=DIRECTION('',(1.E0,0.E0,0.E0));
#14593=DIRECTION('',(0.E0,0.E0,-1.E0));
#14594=AXIS2_PLACEMENT_3D('',#14591,#14592,#14593);
#14595=PLANE('',#14594);
#14596=ORIENTED_EDGE('',*,*,#14580,.F.);
#14598=ORIENTED_EDGE('',*,*,#14597,.T.);
#14600=ORIENTED_EDGE('',*,*,#14599,.T.);
#14602=ORIENTED_EDGE('',*,*,#14601,.T.);
#14604=ORIENTED_EDGE('',*,*,#14603,.T.);
#14606=ORIENTED_EDGE('',*,*,#14605,.T.);
#14608=ORIENTED_EDGE('',*,*,#14607,.F.);
#14609=EDGE_LOOP('',(#14596,#14598,#14600,#14602,#14604,#14606,#14608));
#14610=FACE_OUTER_BOUND('',#14609,.F.);
#14612=CARTESIAN_POINT('',(3.012835151169E1,1.875259900990E1,
-6.114114232008E-1));
#14613=DIRECTION('',(-1.E0,0.E0,0.E0));
#14614=DIRECTION('',(0.E0,0.E0,1.E0));
#14615=AXIS2_PLACEMENT_3D('',#14612,#14613,#14614);
#14616=CYLINDRICAL_SURFACE('',#14615,5.E-1);
#14617=ORIENTED_EDGE('',*,*,#14586,.T.);
#14619=ORIENTED_EDGE('',*,*,#14618,.F.);
#14621=ORIENTED_EDGE('',*,*,#14620,.T.);
#14622=ORIENTED_EDGE('',*,*,#14597,.F.);
#14623=EDGE_LOOP('',(#14617,#14619,#14621,#14622));
#14624=FACE_OUTER_BOUND('',#14623,.F.);
#14626=CARTESIAN_POINT('',(3.028211633663E1,1.784760051049E1,
-2.612083487540E-1));
#14627=DIRECTION('',(1.E0,0.E0,0.E0));
#14628=DIRECTION('',(0.E0,0.E0,-1.E0));
#14629=AXIS2_PLACEMENT_3D('',#14626,#14627,#14628);
#14630=PLANE('',#14629);
#14631=ORIENTED_EDGE('',*,*,#14584,.T.);
#14633=ORIENTED_EDGE('',*,*,#14632,.F.);
#14635=ORIENTED_EDGE('',*,*,#14634,.T.);
#14637=ORIENTED_EDGE('',*,*,#14636,.F.);
#14639=ORIENTED_EDGE('',*,*,#14638,.T.);
#14641=ORIENTED_EDGE('',*,*,#14640,.T.);
#14642=ORIENTED_EDGE('',*,*,#14618,.T.);
#14643=EDGE_LOOP('',(#14631,#14633,#14635,#14637,#14639,#14641,#14642));
#14644=FACE_OUTER_BOUND('',#14643,.F.);
#14646=CARTESIAN_POINT('',(3.020711633663E1,1.806594950326E1,
-7.689918383389E-1));
#14647=DIRECTION('',(0.E0,-9.998476951557E-1,1.745240647805E-2));
#14648=DIRECTION('',(0.E0,1.745240647805E-2,9.998476951557E-1));
#14649=AXIS2_PLACEMENT_3D('',#14646,#14647,#14648);
#14650=PLANE('',#14649);
#14651=ORIENTED_EDGE('',*,*,#14582,.T.);
#14652=ORIENTED_EDGE('',*,*,#14607,.T.);
#14654=ORIENTED_EDGE('',*,*,#14653,.F.);
#14655=ORIENTED_EDGE('',*,*,#14632,.T.);
#14656=EDGE_LOOP('',(#14651,#14652,#14654,#14655));
#14657=FACE_OUTER_BOUND('',#14656,.F.);
#14659=CARTESIAN_POINT('',(3.012835151169E1,1.795306434940E1,
-3.603353528823E-1));
#14660=DIRECTION('',(-1.E0,0.E0,0.E0));
#14661=DIRECTION('',(0.E0,0.E0,1.E0));
#14662=AXIS2_PLACEMENT_3D('',#14659,#14660,#14661);
#14663=CYLINDRICAL_SURFACE('',#14662,1.2E-1);
#14665=ORIENTED_EDGE('',*,*,#14664,.T.);
#14666=ORIENTED_EDGE('',*,*,#14634,.F.);
#14667=ORIENTED_EDGE('',*,*,#14653,.T.);
#14668=ORIENTED_EDGE('',*,*,#14605,.F.);
#14669=EDGE_LOOP('',(#14665,#14666,#14667,#14668));
#14670=FACE_OUTER_BOUND('',#14669,.F.);
#14672=CARTESIAN_POINT('',(3.029211633663E1,1.766259900990E1,
-3.250000000023E-1));
#14673=DIRECTION('',(0.E0,0.E0,1.E0));
#14674=DIRECTION('',(0.E0,1.E0,0.E0));
#14675=AXIS2_PLACEMENT_3D('',#14672,#14673,#14674);
#14676=PLANE('',#14675);
#14678=ORIENTED_EDGE('',*,*,#14677,.T.);
#14679=ORIENTED_EDGE('',*,*,#12680,.F.);
#14681=ORIENTED_EDGE('',*,*,#14680,.F.);
#14683=ORIENTED_EDGE('',*,*,#14682,.F.);
#14685=ORIENTED_EDGE('',*,*,#14684,.T.);
#14686=ORIENTED_EDGE('',*,*,#12672,.F.);
#14688=ORIENTED_EDGE('',*,*,#14687,.F.);
#14689=ORIENTED_EDGE('',*,*,#12815,.T.);
#14690=EDGE_LOOP('',(#14678,#14679,#14681,#14683,#14685,#14686,#14688,#14689));
#14691=FACE_OUTER_BOUND('',#14690,.F.);
#14692=ORIENTED_EDGE('',*,*,#14603,.F.);
#14694=ORIENTED_EDGE('',*,*,#14693,.F.);
#14695=ORIENTED_EDGE('',*,*,#14636,.T.);
#14696=ORIENTED_EDGE('',*,*,#14664,.F.);
#14697=EDGE_LOOP('',(#14692,#14694,#14695,#14696));
#14698=FACE_BOUND('',#14697,.F.);
#14700=CARTESIAN_POINT('',(3.010461633663E1,1.800259900990E1,
-3.749999999985E-1));
#14701=DIRECTION('',(9.438583563574E-1,0.E0,-3.303504247526E-1));
#14702=DIRECTION('',(-3.303504247526E-1,0.E0,-9.438583563574E-1));
#14703=AXIS2_PLACEMENT_3D('',#14700,#14701,#14702);
#14704=PLANE('',#14703);
#14705=ORIENTED_EDGE('',*,*,#14677,.F.);
#14706=ORIENTED_EDGE('',*,*,#12813,.F.);
#14707=ORIENTED_EDGE('',*,*,#12797,.T.);
#14708=ORIENTED_EDGE('',*,*,#12682,.F.);
#14709=EDGE_LOOP('',(#14705,#14706,#14707,#14708));
#14710=FACE_OUTER_BOUND('',#14709,.F.);
#14712=CARTESIAN_POINT('',(3.013211633663E1,1.784760051049E1,
-2.612083487540E-1));
#14713=DIRECTION('',(1.E0,0.E0,0.E0));
#14714=DIRECTION('',(0.E0,0.E0,-1.E0));
#14715=AXIS2_PLACEMENT_3D('',#14712,#14713,#14714);
#14716=PLANE('',#14715);
#14717=ORIENTED_EDGE('',*,*,#12678,.F.);
#14719=ORIENTED_EDGE('',*,*,#14718,.T.);
#14720=ORIENTED_EDGE('',*,*,#14680,.T.);
#14721=EDGE_LOOP('',(#14717,#14719,#14720));
#14722=FACE_OUTER_BOUND('',#14721,.F.);
#14724=CARTESIAN_POINT('',(3.012835151169E1,1.774259900990E1,
-3.753183234132E-1));
#14725=DIRECTION('',(-1.E0,0.E0,0.E0));
#14726=DIRECTION('',(0.E0,0.E0,1.E0));
#14727=AXIS2_PLACEMENT_3D('',#14724,#14725,#14726);
#14728=CYLINDRICAL_SURFACE('',#14727,8.E-2);
#14729=ORIENTED_EDGE('',*,*,#14682,.T.);
#14730=ORIENTED_EDGE('',*,*,#14718,.F.);
#14731=ORIENTED_EDGE('',*,*,#12676,.T.);
#14733=ORIENTED_EDGE('',*,*,#14732,.F.);
#14734=EDGE_LOOP('',(#14729,#14730,#14731,#14733));
#14735=FACE_OUTER_BOUND('',#14734,.F.);
#14737=CARTESIAN_POINT('',(3.028211633663E1,1.784760051049E1,
-2.612083487540E-1));
#14738=DIRECTION('',(1.E0,0.E0,0.E0));
#14739=DIRECTION('',(0.E0,0.E0,-1.E0));
#14740=AXIS2_PLACEMENT_3D('',#14737,#14738,#14739);
#14741=PLANE('',#14740);
#14742=ORIENTED_EDGE('',*,*,#12674,.T.);
#14743=ORIENTED_EDGE('',*,*,#14684,.F.);
#14744=ORIENTED_EDGE('',*,*,#14732,.T.);
#14745=EDGE_LOOP('',(#14742,#14743,#14744));
#14746=FACE_OUTER_BOUND('',#14745,.F.);
#14748=CARTESIAN_POINT('',(3.030961633663E1,1.800259900990E1,
-3.750000000017E-1));
#14749=DIRECTION('',(9.438583563574E-1,0.E0,3.303504247526E-1));
#14750=DIRECTION('',(-3.303504247526E-1,0.E0,9.438583563574E-1));
#14751=AXIS2_PLACEMENT_3D('',#14748,#14749,#14750);
#14752=PLANE('',#14751);
#14753=ORIENTED_EDGE('',*,*,#14687,.T.);
#14754=ORIENTED_EDGE('',*,*,#12670,.F.);
#14756=ORIENTED_EDGE('',*,*,#14755,.T.);
#14757=ORIENTED_EDGE('',*,*,#12817,.F.);
#14758=EDGE_LOOP('',(#14753,#14754,#14756,#14757));
#14759=FACE_OUTER_BOUND('',#14758,.F.);
#14761=CARTESIAN_POINT('',(3.048211633663E1,1.800259900990E1,
-4.250000000001E-1));
#14762=DIRECTION('',(0.E0,0.E0,-1.E0));
#14763=DIRECTION('',(-1.E0,0.E0,0.E0));
#14764=AXIS2_PLACEMENT_3D('',#14761,#14762,#14763);
#14765=PLANE('',#14764);
#14766=ORIENTED_EDGE('',*,*,#12819,.F.);
#14767=ORIENTED_EDGE('',*,*,#14755,.F.);
#14768=ORIENTED_EDGE('',*,*,#12668,.F.);
#14770=ORIENTED_EDGE('',*,*,#14769,.F.);
#14771=EDGE_LOOP('',(#14766,#14767,#14768,#14770));
#14772=FACE_OUTER_BOUND('',#14771,.F.);
#14774=CARTESIAN_POINT('',(3.063711633663E1,1.800259900990E1,
-3.000000000001E-1));
#14775=DIRECTION('',(1.E0,0.E0,0.E0));
#14776=DIRECTION('',(0.E0,0.E0,-1.E0));
#14777=AXIS2_PLACEMENT_3D('',#14774,#14775,#14776);
#14778=PLANE('',#14777);
#14779=ORIENTED_EDGE('',*,*,#12666,.T.);
#14780=ORIENTED_EDGE('',*,*,#12835,.F.);
#14781=ORIENTED_EDGE('',*,*,#12821,.F.);
#14782=ORIENTED_EDGE('',*,*,#14769,.T.);
#14783=EDGE_LOOP('',(#14779,#14780,#14781,#14782));
#14784=FACE_OUTER_BOUND('',#14783,.F.);
#14786=CARTESIAN_POINT('',(3.012835151169E1,1.821259900991E1,
-3.178420558069E-1));
#14787=DIRECTION('',(-1.E0,0.E0,0.E0));
#14788=DIRECTION('',(0.E0,0.E0,1.E0));
#14789=AXIS2_PLACEMENT_3D('',#14786,#14787,#14788);
#14790=CYLINDRICAL_SURFACE('',#14789,9.999999999990E-2);
#14791=ORIENTED_EDGE('',*,*,#14693,.T.);
#14792=ORIENTED_EDGE('',*,*,#14601,.F.);
#14794=ORIENTED_EDGE('',*,*,#14793,.T.);
#14795=ORIENTED_EDGE('',*,*,#14638,.F.);
#14796=EDGE_LOOP('',(#14791,#14792,#14794,#14795));
#14797=FACE_OUTER_BOUND('',#14796,.F.);
#14799=CARTESIAN_POINT('',(3.020711633663E1,1.829034667070E1,
-4.094992684001E-1));
#14800=DIRECTION('',(0.E0,-9.612616958915E-1,2.756373559803E-1));
#14801=DIRECTION('',(0.E0,-2.756373559803E-1,-9.612616958915E-1));
#14802=AXIS2_PLACEMENT_3D('',#14799,#14800,#14801);
#14803=PLANE('',#14802);
#14804=ORIENTED_EDGE('',*,*,#14640,.F.);
#14805=ORIENTED_EDGE('',*,*,#14793,.F.);
#14806=ORIENTED_EDGE('',*,*,#14599,.F.);
#14807=ORIENTED_EDGE('',*,*,#14620,.F.);
#14808=EDGE_LOOP('',(#14804,#14805,#14806,#14807));
#14809=FACE_OUTER_BOUND('',#14808,.F.);
#14811=CARTESIAN_POINT('',(3.123711633663E1,1.877759900988E1,
-8.125000000448E-1));
#14812=DIRECTION('',(1.E0,0.E0,0.E0));
#14813=DIRECTION('',(0.E0,-1.E0,0.E0));
#14814=AXIS2_PLACEMENT_3D('',#14811,#14812,#14813);
#14815=PLANE('',#14814);
#14816=ORIENTED_EDGE('',*,*,#14569,.F.);
#14817=ORIENTED_EDGE('',*,*,#14558,.F.);
#14818=ORIENTED_EDGE('',*,*,#14544,.T.);
#14819=ORIENTED_EDGE('',*,*,#14530,.T.);
#14820=ORIENTED_EDGE('',*,*,#14516,.T.);
#14821=ORIENTED_EDGE('',*,*,#14356,.T.);
#14823=ORIENTED_EDGE('',*,*,#14822,.T.);
#14824=EDGE_LOOP('',(#14816,#14817,#14818,#14819,#14820,#14821,#14823));
#14825=FACE_OUTER_BOUND('',#14824,.F.);
#14827=CARTESIAN_POINT('',(3.111211633663E1,1.855259900988E1,
-8.125000000448E-1));
#14828=DIRECTION('',(0.E0,-1.E0,0.E0));
#14829=DIRECTION('',(1.E0,0.E0,0.E0));
#14830=AXIS2_PLACEMENT_3D('',#14827,#14828,#14829);
#14831=PLANE('',#14830);
#14833=ORIENTED_EDGE('',*,*,#14832,.T.);
#14834=ORIENTED_EDGE('',*,*,#14571,.F.);
#14835=ORIENTED_EDGE('',*,*,#14822,.F.);
#14836=ORIENTED_EDGE('',*,*,#14354,.T.);
#14837=EDGE_LOOP('',(#14833,#14834,#14835,#14836));
#14838=FACE_OUTER_BOUND('',#14837,.F.);
#14840=CARTESIAN_POINT('',(3.098711633663E1,1.814009900988E1,
-8.125000000448E-1));
#14841=DIRECTION('',(1.E0,0.E0,0.E0));
#14842=DIRECTION('',(0.E0,-1.E0,0.E0));
#14843=AXIS2_PLACEMENT_3D('',#14840,#14841,#14842);
#14844=PLANE('',#14843);
#14845=ORIENTED_EDGE('',*,*,#14352,.T.);
#14847=ORIENTED_EDGE('',*,*,#14846,.T.);
#14849=ORIENTED_EDGE('',*,*,#14848,.T.);
#14851=ORIENTED_EDGE('',*,*,#14850,.T.);
#14852=ORIENTED_EDGE('',*,*,#14294,.T.);
#14854=ORIENTED_EDGE('',*,*,#14853,.T.);
#14855=ORIENTED_EDGE('',*,*,#14573,.F.);
#14856=ORIENTED_EDGE('',*,*,#14832,.F.);
#14857=EDGE_LOOP('',(#14845,#14847,#14849,#14851,#14852,#14854,#14855,#14856));
#14858=FACE_OUTER_BOUND('',#14857,.F.);
#14860=CARTESIAN_POINT('',(3.111211633663E1,1.800259900988E1,
-1.087500000034E0));
#14861=DIRECTION('',(0.E0,-1.E0,0.E0));
#14862=DIRECTION('',(-1.E0,0.E0,0.E0));
#14863=AXIS2_PLACEMENT_3D('',#14860,#14861,#14862);
#14864=PLANE('',#14863);
#14865=ORIENTED_EDGE('',*,*,#14846,.F.);
#14867=ORIENTED_EDGE('',*,*,#14866,.F.);
#14869=ORIENTED_EDGE('',*,*,#14868,.F.);
#14871=ORIENTED_EDGE('',*,*,#14870,.F.);
#14872=EDGE_LOOP('',(#14865,#14867,#14869,#14871));
#14873=FACE_OUTER_BOUND('',#14872,.F.);
#14875=CARTESIAN_POINT('',(3.065312643370E1,1.795259900988E1,
-1.150000000001E0));
#14876=DIRECTION('',(-1.E0,0.E0,0.E0));
#14877=DIRECTION('',(0.E0,-1.E0,0.E0));
#14878=AXIS2_PLACEMENT_3D('',#14875,#14876,#14877);
#14879=CYLINDRICAL_SURFACE('',#14878,5.E-2);
#14881=ORIENTED_EDGE('',*,*,#14880,.T.);
#14883=ORIENTED_EDGE('',*,*,#14882,.F.);
#14884=ORIENTED_EDGE('',*,*,#14866,.T.);
#14885=ORIENTED_EDGE('',*,*,#14350,.T.);
#14887=ORIENTED_EDGE('',*,*,#14886,.F.);
#14888=EDGE_LOOP('',(#14881,#14883,#14884,#14885,#14887));
#14889=FACE_OUTER_BOUND('',#14888,.F.);
#14891=CARTESIAN_POINT('',(3.095211633663E1,1.787759900990E1,
-1.200000000003E0));
#14892=DIRECTION('',(0.E0,2.809307713527E-11,-1.E0));
#14893=DIRECTION('',(0.E0,1.E0,2.809307713527E-11));
#14894=AXIS2_PLACEMENT_3D('',#14891,#14892,#14893);
#14895=PLANE('',#14894);
#14896=ORIENTED_EDGE('',*,*,#14332,.F.);
#14898=ORIENTED_EDGE('',*,*,#14897,.F.);
#14899=ORIENTED_EDGE('',*,*,#14880,.F.);
#14901=ORIENTED_EDGE('',*,*,#14900,.T.);
#14902=EDGE_LOOP('',(#14896,#14898,#14899,#14901));
#14903=FACE_OUTER_BOUND('',#14902,.F.);
#14905=CARTESIAN_POINT('',(3.123711633663E1,1.784009900989E1,
-1.037500000025E0));
#14906=DIRECTION('',(1.E0,0.E0,0.E0));
#14907=DIRECTION('',(0.E0,1.E0,0.E0));
#14908=AXIS2_PLACEMENT_3D('',#14905,#14906,#14907);
#14909=PLANE('',#14908);
#14910=ORIENTED_EDGE('',*,*,#14330,.T.);
#14912=ORIENTED_EDGE('',*,*,#14911,.F.);
#14914=ORIENTED_EDGE('',*,*,#14913,.F.);
#14916=ORIENTED_EDGE('',*,*,#14915,.T.);
#14917=ORIENTED_EDGE('',*,*,#14868,.T.);
#14918=ORIENTED_EDGE('',*,*,#14882,.T.);
#14919=ORIENTED_EDGE('',*,*,#14897,.T.);
#14920=EDGE_LOOP('',(#14910,#14912,#14914,#14916,#14917,#14918,#14919));
#14921=FACE_OUTER_BOUND('',#14920,.F.);
#14923=CARTESIAN_POINT('',(3.095211633663E1,1.767759900991E1,
-9.750000000253E-1));
#14924=DIRECTION('',(0.E0,-1.E0,0.E0));
#14925=DIRECTION('',(1.E0,0.E0,0.E0));
#14926=AXIS2_PLACEMENT_3D('',#14923,#14924,#14925);
#14927=PLANE('',#14926);
#14929=ORIENTED_EDGE('',*,*,#14928,.T.);
#14930=ORIENTED_EDGE('',*,*,#14911,.T.);
#14931=ORIENTED_EDGE('',*,*,#14328,.F.);
#14933=ORIENTED_EDGE('',*,*,#14932,.F.);
#14934=EDGE_LOOP('',(#14929,#14930,#14931,#14933));
#14935=FACE_OUTER_BOUND('',#14934,.F.);
#14937=CARTESIAN_POINT('',(3.095211633663E1,1.776509900990E1,
-8.750000000447E-1));
#14938=DIRECTION('',(0.E0,0.E0,-1.E0));
#14939=DIRECTION('',(-1.E0,0.E0,0.E0));
#14940=AXIS2_PLACEMENT_3D('',#14937,#14938,#14939);
#14941=PLANE('',#14940);
#14942=ORIENTED_EDGE('',*,*,#14850,.F.);
#14944=ORIENTED_EDGE('',*,*,#14943,.F.);
#14945=ORIENTED_EDGE('',*,*,#14913,.T.);
#14946=ORIENTED_EDGE('',*,*,#14928,.F.);
#14948=ORIENTED_EDGE('',*,*,#14947,.F.);
#14949=ORIENTED_EDGE('',*,*,#14296,.T.);
#14950=EDGE_LOOP('',(#14942,#14944,#14945,#14946,#14948,#14949));
#14951=FACE_OUTER_BOUND('',#14950,.F.);
#14953=CARTESIAN_POINT('',(3.097312643370E1,1.785259900988E1,
-1.025000000045E0));
#14954=DIRECTION('',(-1.E0,0.E0,0.E0));
#14955=DIRECTION('',(0.E0,-1.E0,0.E0));
#14956=AXIS2_PLACEMENT_3D('',#14953,#14954,#14955);
#14957=CYLINDRICAL_SURFACE('',#14956,1.5E-1);
#14958=ORIENTED_EDGE('',*,*,#14848,.F.);
#14959=ORIENTED_EDGE('',*,*,#14870,.T.);
#14960=ORIENTED_EDGE('',*,*,#14915,.F.);
#14961=ORIENTED_EDGE('',*,*,#14943,.T.);
#14962=EDGE_LOOP('',(#14958,#14959,#14960,#14961));
#14963=FACE_OUTER_BOUND('',#14962,.F.);
#14965=CARTESIAN_POINT('',(3.066711633663E1,1.770259900989E1,
-9.750000000133E-1));
#14966=DIRECTION('',(1.E0,0.E0,0.E0));
#14967=DIRECTION('',(0.E0,1.E0,0.E0));
#14968=AXIS2_PLACEMENT_3D('',#14965,#14966,#14967);
#14969=PLANE('',#14968);
#14970=ORIENTED_EDGE('',*,*,#14326,.T.);
#14971=ORIENTED_EDGE('',*,*,#14312,.T.);
#14972=ORIENTED_EDGE('',*,*,#14298,.T.);
#14973=ORIENTED_EDGE('',*,*,#14947,.T.);
#14974=ORIENTED_EDGE('',*,*,#14932,.T.);
#14975=EDGE_LOOP('',(#14970,#14971,#14972,#14973,#14974));
#14976=FACE_OUTER_BOUND('',#14975,.F.);
#14978=CARTESIAN_POINT('',(3.066711633663E1,1.790259900990E1,
-1.175000000022E0));
#14979=DIRECTION('',(1.E0,0.E0,0.E0));
#14980=DIRECTION('',(0.E0,1.E0,0.E0));
#14981=AXIS2_PLACEMENT_3D('',#14978,#14979,#14980);
#14982=PLANE('',#14981);
#14983=ORIENTED_EDGE('',*,*,#14334,.T.);
#14984=ORIENTED_EDGE('',*,*,#14900,.F.);
#14985=ORIENTED_EDGE('',*,*,#14886,.T.);
#14986=ORIENTED_EDGE('',*,*,#14348,.F.);
#14987=EDGE_LOOP('',(#14983,#14984,#14985,#14986));
#14988=FACE_OUTER_BOUND('',#14987,.F.);
#14990=CARTESIAN_POINT('',(3.263961633663E1,1.777759900988E1,
-5.250000000447E-1));
#14991=DIRECTION('',(0.E0,7.071067811883E-1,-7.071067811848E-1));
#14992=DIRECTION('',(0.E0,7.071067811848E-1,7.071067811883E-1));
#14993=AXIS2_PLACEMENT_3D('',#14990,#14991,#14992);
#14994=PLANE('',#14993);
#14995=ORIENTED_EDGE('',*,*,#14575,.F.);
#14996=ORIENTED_EDGE('',*,*,#14853,.F.);
#14997=ORIENTED_EDGE('',*,*,#14292,.F.);
#14998=ORIENTED_EDGE('',*,*,#14272,.F.);
#15000=ORIENTED_EDGE('',*,*,#14999,.F.);
#15002=ORIENTED_EDGE('',*,*,#15001,.F.);
#15003=ORIENTED_EDGE('',*,*,#14285,.F.);
#15004=ORIENTED_EDGE('',*,*,#12739,.T.);
#15005=EDGE_LOOP('',(#14995,#14996,#14997,#14998,#15000,#15002,#15003,#15004));
#15006=FACE_OUTER_BOUND('',#15005,.F.);
#15008=CARTESIAN_POINT('',(3.012835151169E1,1.767259900990E1,
-5.893375673001E-1));
#15009=DIRECTION('',(-1.E0,0.E0,0.E0));
#15010=DIRECTION('',(0.E0,0.E0,1.E0));
#15011=AXIS2_PLACEMENT_3D('',#15008,#15009,#15010);
#15012=CYLINDRICAL_SURFACE('',#15011,8.E-2);
#15013=ORIENTED_EDGE('',*,*,#14999,.T.);
#15014=ORIENTED_EDGE('',*,*,#14270,.F.);
#15016=ORIENTED_EDGE('',*,*,#15015,.T.);
#15018=ORIENTED_EDGE('',*,*,#15017,.F.);
#15019=EDGE_LOOP('',(#15013,#15014,#15016,#15018));
#15020=FACE_OUTER_BOUND('',#15019,.F.);
#15022=CARTESIAN_POINT('',(3.020711633663E1,1.770759900989E1,
-5.171687836398E-1));
#15023=DIRECTION('',(0.E0,-5.000000001758E-1,-8.660254036829E-1));
#15024=DIRECTION('',(0.E0,8.660254036829E-1,-5.000000001758E-1));
#15025=AXIS2_PLACEMENT_3D('',#15022,#15023,#15024);
#15026=PLANE('',#15025);
#15027=ORIENTED_EDGE('',*,*,#14268,.F.);
#15029=ORIENTED_EDGE('',*,*,#15028,.F.);
#15031=ORIENTED_EDGE('',*,*,#15030,.F.);
#15032=ORIENTED_EDGE('',*,*,#15015,.F.);
#15033=EDGE_LOOP('',(#15027,#15029,#15031,#15032));
#15034=FACE_OUTER_BOUND('',#15033,.F.);
#15036=CARTESIAN_POINT('',(3.012835151169E1,1.774259900990E1,
-4.449999999972E-1));
#15037=DIRECTION('',(-1.E0,0.E0,0.E0));
#15038=DIRECTION('',(0.E0,0.E0,1.E0));
#15039=AXIS2_PLACEMENT_3D('',#15036,#15037,#15038);
#15040=CYLINDRICAL_SURFACE('',#15039,8.E-2);
#15042=ORIENTED_EDGE('',*,*,#15041,.F.);
#15043=ORIENTED_EDGE('',*,*,#15028,.T.);
#15044=ORIENTED_EDGE('',*,*,#14266,.F.);
#15045=ORIENTED_EDGE('',*,*,#12650,.T.);
#15046=EDGE_LOOP('',(#15042,#15043,#15044,#15045));
#15047=FACE_OUTER_BOUND('',#15046,.F.);
#15049=CARTESIAN_POINT('',(3.013211633663E1,1.784760051049E1,
-2.612083487540E-1));
#15050=DIRECTION('',(1.E0,0.E0,0.E0));
#15051=DIRECTION('',(0.E0,0.E0,-1.E0));
#15052=AXIS2_PLACEMENT_3D('',#15049,#15050,#15051);
#15053=PLANE('',#15052);
#15054=ORIENTED_EDGE('',*,*,#14287,.T.);
#15055=ORIENTED_EDGE('',*,*,#15001,.T.);
#15056=ORIENTED_EDGE('',*,*,#15017,.T.);
#15057=ORIENTED_EDGE('',*,*,#15030,.T.);
#15058=ORIENTED_EDGE('',*,*,#15041,.T.);
#15059=ORIENTED_EDGE('',*,*,#12648,.F.);
#15061=ORIENTED_EDGE('',*,*,#15060,.F.);
#15062=ORIENTED_EDGE('',*,*,#13035,.F.);
#15064=ORIENTED_EDGE('',*,*,#15063,.T.);
#15066=ORIENTED_EDGE('',*,*,#15065,.T.);
#15068=ORIENTED_EDGE('',*,*,#15067,.T.);
#15070=ORIENTED_EDGE('',*,*,#15069,.T.);
#15072=ORIENTED_EDGE('',*,*,#15071,.T.);
#15074=ORIENTED_EDGE('',*,*,#15073,.T.);
#15076=ORIENTED_EDGE('',*,*,#15075,.T.);
#15078=ORIENTED_EDGE('',*,*,#15077,.T.);
#15080=ORIENTED_EDGE('',*,*,#15079,.T.);
#15082=ORIENTED_EDGE('',*,*,#15081,.T.);
#15084=ORIENTED_EDGE('',*,*,#15083,.T.);
#15086=ORIENTED_EDGE('',*,*,#15085,.T.);
#15088=ORIENTED_EDGE('',*,*,#15087,.T.);
#15090=ORIENTED_EDGE('',*,*,#15089,.T.);
#15092=ORIENTED_EDGE('',*,*,#15091,.T.);
#15094=ORIENTED_EDGE('',*,*,#15093,.T.);
#15096=ORIENTED_EDGE('',*,*,#15095,.T.);
#15097=EDGE_LOOP('',(#15054,#15055,#15056,#15057,#15058,#15059,#15061,#15062,
#15064,#15066,#15068,#15070,#15072,#15074,#15076,#15078,#15080,#15082,#15084,
#15086,#15088,#15090,#15092,#15094,#15096));
#15098=FACE_OUTER_BOUND('',#15097,.F.);
#15100=CARTESIAN_POINT('',(3.029211633663E1,1.745259900990E1,
-1.425000000003E0));
#15101=DIRECTION('',(0.E0,0.E0,1.E0));
#15102=DIRECTION('',(0.E0,1.E0,0.E0));
#15103=AXIS2_PLACEMENT_3D('',#15100,#15101,#15102);
#15104=PLANE('',#15103);
#15105=ORIENTED_EDGE('',*,*,#13037,.F.);
#15106=ORIENTED_EDGE('',*,*,#15060,.T.);
#15107=ORIENTED_EDGE('',*,*,#12646,.T.);
#15109=ORIENTED_EDGE('',*,*,#15108,.F.);
#15110=EDGE_LOOP('',(#15105,#15106,#15107,#15109));
#15111=FACE_OUTER_BOUND('',#15110,.F.);
#15113=CARTESIAN_POINT('',(3.009711633663E1,1.754509900990E1,
-1.474999999998E0));
#15114=DIRECTION('',(8.944271909801E-1,0.E0,-4.472135955395E-1));
#15115=DIRECTION('',(-4.472135955395E-1,0.E0,-8.944271909801E-1));
#15116=AXIS2_PLACEMENT_3D('',#15113,#15114,#15115);
#15117=PLANE('',#15116);
#15118=ORIENTED_EDGE('',*,*,#13039,.F.);
#15119=ORIENTED_EDGE('',*,*,#15108,.T.);
#15120=ORIENTED_EDGE('',*,*,#12644,.F.);
#15122=ORIENTED_EDGE('',*,*,#15121,.T.);
#15123=EDGE_LOOP('',(#15118,#15119,#15120,#15122));
#15124=FACE_OUTER_BOUND('',#15123,.F.);
#15126=CARTESIAN_POINT('',(2.995711633663E1,1.753259900990E1,-1.525E0));
#15127=DIRECTION('',(0.E0,0.E0,-1.E0));
#15128=DIRECTION('',(-1.E0,0.E0,0.E0));
#15129=AXIS2_PLACEMENT_3D('',#15126,#15127,#15128);
#15130=PLANE('',#15129);
#15131=ORIENTED_EDGE('',*,*,#13041,.T.);
#15132=ORIENTED_EDGE('',*,*,#15121,.F.);
#15133=ORIENTED_EDGE('',*,*,#12642,.F.);
#15135=ORIENTED_EDGE('',*,*,#15134,.F.);
#15136=EDGE_LOOP('',(#15131,#15132,#15133,#15135));
#15137=FACE_OUTER_BOUND('',#15136,.F.);
#15139=CARTESIAN_POINT('',(2.981711633663E1,1.754509900990E1,-1.475E0));
#15140=DIRECTION('',(8.944271910084E-1,0.E0,4.472135954830E-1));
#15141=DIRECTION('',(-4.472135954830E-1,0.E0,8.944271910084E-1));
#15142=AXIS2_PLACEMENT_3D('',#15139,#15140,#15141);
#15143=PLANE('',#15142);
#15144=ORIENTED_EDGE('',*,*,#13043,.F.);
#15145=ORIENTED_EDGE('',*,*,#15134,.T.);
#15146=ORIENTED_EDGE('',*,*,#12640,.F.);
#15148=ORIENTED_EDGE('',*,*,#15147,.F.);
#15149=EDGE_LOOP('',(#15144,#15145,#15146,#15148));
#15150=FACE_OUTER_BOUND('',#15149,.F.);
#15152=CARTESIAN_POINT('',(3.029211633663E1,1.745259900990E1,
-1.425000000003E0));
#15153=DIRECTION('',(0.E0,0.E0,1.E0));
#15154=DIRECTION('',(0.E0,1.E0,0.E0));
#15155=AXIS2_PLACEMENT_3D('',#15152,#15153,#15154);
#15156=PLANE('',#15155);
#15157=ORIENTED_EDGE('',*,*,#12727,.F.);
#15158=ORIENTED_EDGE('',*,*,#13045,.F.);
#15159=ORIENTED_EDGE('',*,*,#15147,.T.);
#15160=ORIENTED_EDGE('',*,*,#12638,.T.);
#15161=EDGE_LOOP('',(#15157,#15158,#15159,#15160));
#15162=FACE_OUTER_BOUND('',#15161,.F.);
#15164=CARTESIAN_POINT('',(3.012835151169E1,1.743059900986E1,-1.345E0));
#15165=DIRECTION('',(-1.E0,0.E0,0.E0));
#15166=DIRECTION('',(0.E0,0.E0,1.E0));
#15167=AXIS2_PLACEMENT_3D('',#15164,#15165,#15166);
#15168=CYLINDRICAL_SURFACE('',#15167,4.E-2);
#15169=ORIENTED_EDGE('',*,*,#13033,.T.);
#15170=ORIENTED_EDGE('',*,*,#14261,.F.);
#15172=ORIENTED_EDGE('',*,*,#15171,.T.);
#15173=ORIENTED_EDGE('',*,*,#15063,.F.);
#15174=EDGE_LOOP('',(#15169,#15170,#15172,#15173));
#15175=FACE_OUTER_BOUND('',#15174,.F.);
#15177=CARTESIAN_POINT('',(3.020711633663E1,1.740659900989E1,-1.305E0));
#15178=DIRECTION('',(0.E0,0.E0,-1.E0));
#15179=DIRECTION('',(0.E0,1.E0,0.E0));
#15180=AXIS2_PLACEMENT_3D('',#15177,#15178,#15179);
#15181=PLANE('',#15180);
#15182=ORIENTED_EDGE('',*,*,#14259,.F.);
#15184=ORIENTED_EDGE('',*,*,#15183,.T.);
#15185=ORIENTED_EDGE('',*,*,#15065,.F.);
#15186=ORIENTED_EDGE('',*,*,#15171,.F.);
#15187=EDGE_LOOP('',(#15182,#15184,#15185,#15186));
#15188=FACE_OUTER_BOUND('',#15187,.F.);
#15190=CARTESIAN_POINT('',(3.020711633663E1,1.738259900990E1,-1.44E0));
#15191=DIRECTION('',(0.E0,-1.E0,0.E0));
#15192=DIRECTION('',(0.E0,0.E0,1.E0));
#15193=AXIS2_PLACEMENT_3D('',#15190,#15191,#15192);
#15194=PLANE('',#15193);
#15195=ORIENTED_EDGE('',*,*,#14257,.F.);
#15197=ORIENTED_EDGE('',*,*,#15196,.F.);
#15198=ORIENTED_EDGE('',*,*,#15067,.F.);
#15199=ORIENTED_EDGE('',*,*,#15183,.F.);
#15200=EDGE_LOOP('',(#15195,#15197,#15198,#15199));
#15201=FACE_OUTER_BOUND('',#15200,.F.);
#15203=CARTESIAN_POINT('',(3.012835151169E1,1.743259900990E1,-1.575E0));
#15204=DIRECTION('',(-1.E0,0.E0,0.E0));
#15205=DIRECTION('',(0.E0,0.E0,1.E0));
#15206=AXIS2_PLACEMENT_3D('',#15203,#15204,#15205);
#15207=CYLINDRICAL_SURFACE('',#15206,5.E-2);
#15208=ORIENTED_EDGE('',*,*,#14255,.F.);
#15210=ORIENTED_EDGE('',*,*,#15209,.T.);
#15211=ORIENTED_EDGE('',*,*,#15069,.F.);
#15212=ORIENTED_EDGE('',*,*,#15196,.T.);
#15213=EDGE_LOOP('',(#15208,#15210,#15211,#15212));
#15214=FACE_OUTER_BOUND('',#15213,.F.);
#15216=CARTESIAN_POINT('',(3.020711633663E1,1.745009900990E1,-1.625E0));
#15217=DIRECTION('',(0.E0,0.E0,-1.E0));
#15218=DIRECTION('',(0.E0,-1.E0,0.E0));
#15219=AXIS2_PLACEMENT_3D('',#15216,#15217,#15218);
#15220=PLANE('',#15219);
#15221=ORIENTED_EDGE('',*,*,#14253,.F.);
#15223=ORIENTED_EDGE('',*,*,#15222,.F.);
#15224=ORIENTED_EDGE('',*,*,#15071,.F.);
#15225=ORIENTED_EDGE('',*,*,#15209,.F.);
#15226=EDGE_LOOP('',(#15221,#15223,#15224,#15225));
#15227=FACE_OUTER_BOUND('',#15226,.F.);
#15229=CARTESIAN_POINT('',(3.012835151169E1,1.746759900990E1,-1.675E0));
#15230=DIRECTION('',(-1.E0,0.E0,0.E0));
#15231=DIRECTION('',(0.E0,0.E0,1.E0));
#15232=AXIS2_PLACEMENT_3D('',#15229,#15230,#15231);
#15233=CYLINDRICAL_SURFACE('',#15232,5.E-2);
#15234=ORIENTED_EDGE('',*,*,#14251,.F.);
#15236=ORIENTED_EDGE('',*,*,#15235,.T.);
#15237=ORIENTED_EDGE('',*,*,#15073,.F.);
#15238=ORIENTED_EDGE('',*,*,#15222,.T.);
#15239=EDGE_LOOP('',(#15234,#15236,#15237,#15238));
#15240=FACE_OUTER_BOUND('',#15239,.F.);
#15242=CARTESIAN_POINT('',(3.020711633663E1,1.751759900990E1,-1.725E0));
#15243=DIRECTION('',(0.E0,-1.E0,0.E0));
#15244=DIRECTION('',(0.E0,0.E0,1.E0));
#15245=AXIS2_PLACEMENT_3D('',#15242,#15243,#15244);
#15246=PLANE('',#15245);
#15247=ORIENTED_EDGE('',*,*,#14249,.F.);
#15249=ORIENTED_EDGE('',*,*,#15248,.T.);
#15251=ORIENTED_EDGE('',*,*,#15250,.T.);
#15253=ORIENTED_EDGE('',*,*,#15252,.T.);
#15254=ORIENTED_EDGE('',*,*,#15075,.F.);
#15255=ORIENTED_EDGE('',*,*,#15235,.F.);
#15256=EDGE_LOOP('',(#15247,#15249,#15251,#15253,#15254,#15255));
#15257=FACE_OUTER_BOUND('',#15256,.F.);
#15259=CARTESIAN_POINT('',(3.026461633663E1,1.761759900990E1,
-1.757499999997E0));
#15260=DIRECTION('',(7.071067811515E-1,0.E0,-7.071067812216E-1));
#15261=DIRECTION('',(0.E0,1.E0,0.E0));
#15262=AXIS2_PLACEMENT_3D('',#15259,#15260,#15261);
#15263=PLANE('',#15262);
#15264=ORIENTED_EDGE('',*,*,#15248,.F.);
#15265=ORIENTED_EDGE('',*,*,#14247,.F.);
#15267=ORIENTED_EDGE('',*,*,#15266,.F.);
#15269=ORIENTED_EDGE('',*,*,#15268,.F.);
#15270=EDGE_LOOP('',(#15264,#15265,#15267,#15269));
#15271=FACE_OUTER_BOUND('',#15270,.F.);
#15273=CARTESIAN_POINT('',(3.020711633663E1,1.771759900990E1,
-1.618597613250E0));
#15274=DIRECTION('',(0.E0,-1.E0,0.E0));
#15275=DIRECTION('',(0.E0,0.E0,-1.E0));
#15276=AXIS2_PLACEMENT_3D('',#15273,#15274,#15275);
#15277=PLANE('',#15276);
#15279=ORIENTED_EDGE('',*,*,#15278,.T.);
#15280=ORIENTED_EDGE('',*,*,#15266,.T.);
#15281=ORIENTED_EDGE('',*,*,#14245,.F.);
#15283=ORIENTED_EDGE('',*,*,#15282,.F.);
#15284=ORIENTED_EDGE('',*,*,#15079,.F.);
#15286=ORIENTED_EDGE('',*,*,#15285,.T.);
#15287=EDGE_LOOP('',(#15279,#15280,#15281,#15283,#15284,#15286));
#15288=FACE_OUTER_BOUND('',#15287,.F.);
#15290=CARTESIAN_POINT('',(3.020711633663E1,1.761759900990E1,-1.775E0));
#15291=DIRECTION('',(0.E0,0.E0,-1.E0));
#15292=DIRECTION('',(-1.E0,0.E0,0.E0));
#15293=AXIS2_PLACEMENT_3D('',#15290,#15291,#15292);
#15294=PLANE('',#15293);
#15295=ORIENTED_EDGE('',*,*,#15250,.F.);
#15296=ORIENTED_EDGE('',*,*,#15268,.T.);
#15297=ORIENTED_EDGE('',*,*,#15278,.F.);
#15299=ORIENTED_EDGE('',*,*,#15298,.F.);
#15300=EDGE_LOOP('',(#15295,#15296,#15297,#15299));
#15301=FACE_OUTER_BOUND('',#15300,.F.);
#15303=CARTESIAN_POINT('',(3.014961633663E1,1.761759900990E1,
-1.757500000003E0));
#15304=DIRECTION('',(-7.071067811515E-1,0.E0,-7.071067812216E-1));
#15305=DIRECTION('',(0.E0,-1.E0,0.E0));
#15306=AXIS2_PLACEMENT_3D('',#15303,#15304,#15305);
#15307=PLANE('',#15306);
#15308=ORIENTED_EDGE('',*,*,#15252,.F.);
#15309=ORIENTED_EDGE('',*,*,#15298,.T.);
#15310=ORIENTED_EDGE('',*,*,#15285,.F.);
#15311=ORIENTED_EDGE('',*,*,#15077,.F.);
#15312=EDGE_LOOP('',(#15308,#15309,#15310,#15311));
#15313=FACE_OUTER_BOUND('',#15312,.F.);
#15315=CARTESIAN_POINT('',(3.012835151169E1,1.781759900990E1,
-1.462195226482E0));
#15316=DIRECTION('',(-1.E0,0.E0,0.E0));
#15317=DIRECTION('',(0.E0,0.E0,1.E0));
#15318=AXIS2_PLACEMENT_3D('',#15315,#15316,#15317);
#15319=CYLINDRICAL_SURFACE('',#15318,1.E-1);
#15320=ORIENTED_EDGE('',*,*,#14243,.F.);
#15322=ORIENTED_EDGE('',*,*,#15321,.T.);
#15323=ORIENTED_EDGE('',*,*,#15081,.F.);
#15324=ORIENTED_EDGE('',*,*,#15282,.T.);
#15325=EDGE_LOOP('',(#15320,#15322,#15323,#15324));
#15326=FACE_OUTER_BOUND('',#15325,.F.);
#15328=CARTESIAN_POINT('',(3.020711633663E1,1.776337823735E1,
-1.341851890150E0));
#15329=DIRECTION('',(0.E0,-9.063077870102E-1,4.226182617975E-1));
#15330=DIRECTION('',(0.E0,-4.226182617975E-1,-9.063077870102E-1));
#15331=AXIS2_PLACEMENT_3D('',#15328,#15329,#15330);
#15332=PLANE('',#15331);
#15333=ORIENTED_EDGE('',*,*,#14241,.F.);
#15335=ORIENTED_EDGE('',*,*,#15334,.F.);
#15336=ORIENTED_EDGE('',*,*,#15083,.F.);
#15337=ORIENTED_EDGE('',*,*,#15321,.F.);
#15338=EDGE_LOOP('',(#15333,#15335,#15336,#15337));
#15339=FACE_OUTER_BOUND('',#15338,.F.);
#15341=CARTESIAN_POINT('',(3.012835151169E1,1.777259900991E1,
-1.251091832105E0));
#15342=DIRECTION('',(-1.E0,0.E0,0.E0));
#15343=DIRECTION('',(0.E0,0.E0,1.E0));
#15344=AXIS2_PLACEMENT_3D('',#15341,#15342,#15343);
#15345=CYLINDRICAL_SURFACE('',#15344,3.E-2);
#15346=ORIENTED_EDGE('',*,*,#14239,.F.);
#15348=ORIENTED_EDGE('',*,*,#15347,.T.);
#15349=ORIENTED_EDGE('',*,*,#15085,.F.);
#15350=ORIENTED_EDGE('',*,*,#15334,.T.);
#15351=EDGE_LOOP('',(#15346,#15348,#15349,#15350));
#15352=FACE_OUTER_BOUND('',#15351,.F.);
#15354=CARTESIAN_POINT('',(3.020711633663E1,1.777009900992E1,
-1.215007440304E0));
#15355=DIRECTION('',(0.E0,-4.999999992965E-1,-8.660254041906E-1));
#15356=DIRECTION('',(0.E0,8.660254041906E-1,-4.999999992965E-1));
#15357=AXIS2_PLACEMENT_3D('',#15354,#15355,#15356);
#15358=PLANE('',#15357);
#15359=ORIENTED_EDGE('',*,*,#14237,.F.);
#15361=ORIENTED_EDGE('',*,*,#15360,.F.);
#15362=ORIENTED_EDGE('',*,*,#15087,.F.);
#15363=ORIENTED_EDGE('',*,*,#15347,.F.);
#15364=EDGE_LOOP('',(#15359,#15361,#15362,#15363));
#15365=FACE_OUTER_BOUND('',#15364,.F.);
#15367=CARTESIAN_POINT('',(3.012835151169E1,1.782759900990E1,-1.075E0));
#15368=DIRECTION('',(-1.E0,0.E0,0.E0));
#15369=DIRECTION('',(0.E0,0.E0,1.E0));
#15370=AXIS2_PLACEMENT_3D('',#15367,#15368,#15369);
#15371=CYLINDRICAL_SURFACE('',#15370,1.500000000141E-1);
#15372=ORIENTED_EDGE('',*,*,#15089,.F.);
#15373=ORIENTED_EDGE('',*,*,#15360,.T.);
#15374=ORIENTED_EDGE('',*,*,#14235,.F.);
#15376=ORIENTED_EDGE('',*,*,#15375,.T.);
#15377=EDGE_LOOP('',(#15372,#15373,#15374,#15376));
#15378=FACE_OUTER_BOUND('',#15377,.F.);
#15380=CARTESIAN_POINT('',(3.020711633663E1,1.767759900990E1,
-1.050000000013E0));
#15381=DIRECTION('',(0.E0,-1.E0,0.E0));
#15382=DIRECTION('',(0.E0,0.E0,-1.E0));
#15383=AXIS2_PLACEMENT_3D('',#15380,#15381,#15382);
#15384=PLANE('',#15383);
#15385=ORIENTED_EDGE('',*,*,#14233,.F.);
#15387=ORIENTED_EDGE('',*,*,#15386,.F.);
#15388=ORIENTED_EDGE('',*,*,#15091,.F.);
#15389=ORIENTED_EDGE('',*,*,#15375,.F.);
#15390=EDGE_LOOP('',(#15385,#15387,#15388,#15389));
#15391=FACE_OUTER_BOUND('',#15390,.F.);
#15393=CARTESIAN_POINT('',(3.012835151169E1,1.782759900990E1,
-1.024999999944E0));
#15394=DIRECTION('',(-1.E0,0.E0,0.E0));
#15395=DIRECTION('',(0.E0,0.E0,1.E0));
#15396=AXIS2_PLACEMENT_3D('',#15393,#15394,#15395);
#15397=CYLINDRICAL_SURFACE('',#15396,1.500000000003E-1);
#15398=ORIENTED_EDGE('',*,*,#14231,.F.);
#15400=ORIENTED_EDGE('',*,*,#15399,.T.);
#15401=ORIENTED_EDGE('',*,*,#15093,.F.);
#15402=ORIENTED_EDGE('',*,*,#15386,.T.);
#15403=EDGE_LOOP('',(#15398,#15400,#15401,#15402));
#15404=FACE_OUTER_BOUND('',#15403,.F.);
#15406=CARTESIAN_POINT('',(3.020711633663E1,1.771978812075E1,
-9.117339375994E-1));
#15407=DIRECTION('',(0.E0,-8.660254035615E-1,5.000000003862E-1));
#15408=DIRECTION('',(0.E0,-5.000000003862E-1,-8.660254035615E-1));
#15409=AXIS2_PLACEMENT_3D('',#15406,#15407,#15408);
#15410=PLANE('',#15409);
#15411=ORIENTED_EDGE('',*,*,#14289,.F.);
#15412=ORIENTED_EDGE('',*,*,#15095,.F.);
#15413=ORIENTED_EDGE('',*,*,#15399,.F.);
#15414=ORIENTED_EDGE('',*,*,#14229,.F.);
#15415=EDGE_LOOP('',(#15411,#15412,#15413,#15414));
#15416=FACE_OUTER_BOUND('',#15415,.F.);
#15418=CARTESIAN_POINT('',(2.995711633663E1,1.761259900990E1,1.425E0));
#15419=DIRECTION('',(0.E0,8.944271910047E-1,4.472135954905E-1));
#15420=DIRECTION('',(1.E0,0.E0,0.E0));
#15421=AXIS2_PLACEMENT_3D('',#15418,#15419,#15420);
#15422=PLANE('',#15421);
#15423=ORIENTED_EDGE('',*,*,#12974,.F.);
#15424=ORIENTED_EDGE('',*,*,#12717,.T.);
#15426=ORIENTED_EDGE('',*,*,#15425,.T.);
#15427=ORIENTED_EDGE('',*,*,#12942,.F.);
#15428=ORIENTED_EDGE('',*,*,#12961,.T.);
#15429=EDGE_LOOP('',(#15423,#15424,#15426,#15427,#15428));
#15430=FACE_OUTER_BOUND('',#15429,.F.);
#15432=CARTESIAN_POINT('',(2.995711633663E1,1.766259900990E1,7.75E-1));
#15433=DIRECTION('',(0.E0,1.E0,0.E0));
#15434=DIRECTION('',(0.E0,0.E0,-1.E0));
#15435=AXIS2_PLACEMENT_3D('',#15432,#15433,#15434);
#15436=PLANE('',#15435);
#15437=ORIENTED_EDGE('',*,*,#15425,.F.);
#15438=ORIENTED_EDGE('',*,*,#12715,.T.);
#15440=ORIENTED_EDGE('',*,*,#15439,.F.);
#15442=ORIENTED_EDGE('',*,*,#15441,.F.);
#15444=ORIENTED_EDGE('',*,*,#15443,.T.);
#15446=ORIENTED_EDGE('',*,*,#15445,.T.);
#15448=ORIENTED_EDGE('',*,*,#15447,.F.);
#15449=ORIENTED_EDGE('',*,*,#12944,.F.);
#15450=EDGE_LOOP('',(#15437,#15438,#15440,#15442,#15444,#15446,#15448,#15449));
#15451=FACE_OUTER_BOUND('',#15450,.F.);
#15453=CARTESIAN_POINT('',(2.745711633663E1,1.788259900990E1,2.25E-1));
#15454=DIRECTION('',(0.E0,0.E0,1.E0));
#15455=DIRECTION('',(-1.E0,0.E0,0.E0));
#15456=AXIS2_PLACEMENT_3D('',#15453,#15454,#15455);
#15457=PLANE('',#15456);
#15458=ORIENTED_EDGE('',*,*,#12713,.T.);
#15459=ORIENTED_EDGE('',*,*,#12927,.F.);
#15461=ORIENTED_EDGE('',*,*,#15460,.T.);
#15463=ORIENTED_EDGE('',*,*,#15462,.F.);
#15465=ORIENTED_EDGE('',*,*,#15464,.F.);
#15466=ORIENTED_EDGE('',*,*,#12919,.F.);
#15467=ORIENTED_EDGE('',*,*,#12946,.T.);
#15468=ORIENTED_EDGE('',*,*,#15447,.T.);
#15470=ORIENTED_EDGE('',*,*,#15469,.F.);
#15472=ORIENTED_EDGE('',*,*,#15471,.F.);
#15474=ORIENTED_EDGE('',*,*,#15473,.T.);
#15475=ORIENTED_EDGE('',*,*,#15439,.T.);
#15476=EDGE_LOOP('',(#15458,#15459,#15461,#15463,#15465,#15466,#15467,#15468,
#15470,#15472,#15474,#15475));
#15477=FACE_OUTER_BOUND('',#15476,.F.);
#15479=CARTESIAN_POINT('',(3.013211633663E1,1.784760051049E1,
-2.612083487540E-1));
#15480=DIRECTION('',(1.E0,0.E0,0.E0));
#15481=DIRECTION('',(0.E0,0.E0,-1.E0));
#15482=AXIS2_PLACEMENT_3D('',#15479,#15480,#15481);
#15483=PLANE('',#15482);
#15484=ORIENTED_EDGE('',*,*,#12925,.F.);
#15486=ORIENTED_EDGE('',*,*,#15485,.T.);
#15488=ORIENTED_EDGE('',*,*,#15487,.T.);
#15490=ORIENTED_EDGE('',*,*,#15489,.T.);
#15492=ORIENTED_EDGE('',*,*,#15491,.T.);
#15494=ORIENTED_EDGE('',*,*,#15493,.T.);
#15496=ORIENTED_EDGE('',*,*,#15495,.T.);
#15497=ORIENTED_EDGE('',*,*,#15460,.F.);
#15498=EDGE_LOOP('',(#15484,#15486,#15488,#15490,#15492,#15494,#15496,#15497));
#15499=FACE_OUTER_BOUND('',#15498,.F.);
#15501=CARTESIAN_POINT('',(3.020711633663E1,1.809890118240E1,1.102672558884E0));
#15502=DIRECTION('',(0.E0,-7.660444428553E-1,6.427876100008E-1));
#15503=DIRECTION('',(0.E0,6.427876100008E-1,7.660444428553E-1));
#15504=AXIS2_PLACEMENT_3D('',#15501,#15502,#15503);
#15505=PLANE('',#15504);
#15506=ORIENTED_EDGE('',*,*,#12923,.F.);
#15508=ORIENTED_EDGE('',*,*,#15507,.F.);
#15510=ORIENTED_EDGE('',*,*,#15509,.F.);
#15511=ORIENTED_EDGE('',*,*,#15485,.F.);
#15512=EDGE_LOOP('',(#15506,#15508,#15510,#15511));
#15513=FACE_OUTER_BOUND('',#15512,.F.);
#15515=CARTESIAN_POINT('',(3.028211633663E1,1.784760051049E1,
-2.612083487540E-1));
#15516=DIRECTION('',(1.E0,0.E0,0.E0));
#15517=DIRECTION('',(0.E0,0.E0,-1.E0));
#15518=AXIS2_PLACEMENT_3D('',#15515,#15516,#15517);
#15519=PLANE('',#15518);
#15520=ORIENTED_EDGE('',*,*,#12921,.T.);
#15521=ORIENTED_EDGE('',*,*,#15464,.T.);
#15523=ORIENTED_EDGE('',*,*,#15522,.T.);
#15525=ORIENTED_EDGE('',*,*,#15524,.T.);
#15527=ORIENTED_EDGE('',*,*,#15526,.T.);
#15529=ORIENTED_EDGE('',*,*,#15528,.T.);
#15531=ORIENTED_EDGE('',*,*,#15530,.T.);
#15532=ORIENTED_EDGE('',*,*,#15507,.T.);
#15533=EDGE_LOOP('',(#15520,#15521,#15523,#15525,#15527,#15529,#15531,#15532));
#15534=FACE_OUTER_BOUND('',#15533,.F.);
#15536=CARTESIAN_POINT('',(3.020711633663E1,1.807809775590E1,
4.905755313701E-1));
#15537=DIRECTION('',(0.E0,-9.993908270192E-1,3.489949669860E-2));
#15538=DIRECTION('',(0.E0,3.489949669860E-2,9.993908270192E-1));
#15539=AXIS2_PLACEMENT_3D('',#15536,#15537,#15538);
#15540=PLANE('',#15539);
#15541=ORIENTED_EDGE('',*,*,#15462,.T.);
#15542=ORIENTED_EDGE('',*,*,#15495,.F.);
#15544=ORIENTED_EDGE('',*,*,#15543,.F.);
#15545=ORIENTED_EDGE('',*,*,#15522,.F.);
#15546=EDGE_LOOP('',(#15541,#15542,#15544,#15545));
#15547=FACE_OUTER_BOUND('',#15546,.F.);
#15549=CARTESIAN_POINT('',(3.012835151169E1,1.804504000861E1,
9.766109242265E-1));
#15550=DIRECTION('',(-1.E0,0.E0,0.E0));
#15551=DIRECTION('',(0.E0,0.E0,1.E0));
#15552=AXIS2_PLACEMENT_3D('',#15549,#15550,#15551);
#15553=CYLINDRICAL_SURFACE('',#15552,4.999999999950E-2);
#15554=ORIENTED_EDGE('',*,*,#15524,.F.);
#15555=ORIENTED_EDGE('',*,*,#15543,.T.);
#15556=ORIENTED_EDGE('',*,*,#15493,.F.);
#15558=ORIENTED_EDGE('',*,*,#15557,.T.);
#15559=EDGE_LOOP('',(#15554,#15555,#15556,#15558));
#15560=FACE_OUTER_BOUND('',#15559,.F.);
#15562=CARTESIAN_POINT('',(3.020711633663E1,1.805938496582E1,1.025090656780E0));
#15563=DIRECTION('',(0.E0,-4.226182626781E-1,-9.063077865995E-1));
#15564=DIRECTION('',(0.E0,-9.063077865995E-1,4.226182626781E-1));
#15565=AXIS2_PLACEMENT_3D('',#15562,#15563,#15564);
#15566=PLANE('',#15565);
#15567=ORIENTED_EDGE('',*,*,#15526,.F.);
#15568=ORIENTED_EDGE('',*,*,#15557,.F.);
#15569=ORIENTED_EDGE('',*,*,#15491,.F.);
#15571=ORIENTED_EDGE('',*,*,#15570,.F.);
#15572=EDGE_LOOP('',(#15567,#15568,#15569,#15571));
#15573=FACE_OUTER_BOUND('',#15572,.F.);
#15575=CARTESIAN_POINT('',(3.020711633663E1,1.805495086424E1,1.037032239879E0));
#15576=DIRECTION('',(0.E0,-9.659258261301E-1,2.588190456959E-1));
#15577=DIRECTION('',(0.E0,2.588190456959E-1,9.659258261301E-1));
#15578=AXIS2_PLACEMENT_3D('',#15575,#15576,#15577);
#15579=PLANE('',#15578);
#15580=ORIENTED_EDGE('',*,*,#15528,.F.);
#15581=ORIENTED_EDGE('',*,*,#15570,.T.);
#15582=ORIENTED_EDGE('',*,*,#15489,.F.);
#15584=ORIENTED_EDGE('',*,*,#15583,.F.);
#15585=EDGE_LOOP('',(#15580,#15581,#15582,#15584));
#15586=FACE_OUTER_BOUND('',#15585,.F.);
#15588=CARTESIAN_POINT('',(3.012835151169E1,1.810559900993E1,1.032868527600E0));
#15589=DIRECTION('',(-1.E0,0.E0,0.E0));
#15590=DIRECTION('',(0.E0,0.E0,1.E0));
#15591=AXIS2_PLACEMENT_3D('',#15588,#15589,#15590);
#15592=CYLINDRICAL_SURFACE('',#15591,5.E-2);
#15593=ORIENTED_EDGE('',*,*,#15530,.F.);
#15594=ORIENTED_EDGE('',*,*,#15583,.T.);
#15595=ORIENTED_EDGE('',*,*,#15487,.F.);
#15596=ORIENTED_EDGE('',*,*,#15509,.T.);
#15597=EDGE_LOOP('',(#15593,#15594,#15595,#15596));
#15598=FACE_OUTER_BOUND('',#15597,.F.);
#15600=CARTESIAN_POINT('',(3.028211633663E1,1.784760051049E1,
-2.612083487540E-1));
#15601=DIRECTION('',(1.E0,0.E0,0.E0));
#15602=DIRECTION('',(0.E0,0.E0,-1.E0));
#15603=AXIS2_PLACEMENT_3D('',#15600,#15601,#15602);
#15604=PLANE('',#15603);
#15605=ORIENTED_EDGE('',*,*,#15469,.T.);
#15606=ORIENTED_EDGE('',*,*,#15445,.F.);
#15608=ORIENTED_EDGE('',*,*,#15607,.T.);
#15610=ORIENTED_EDGE('',*,*,#15609,.T.);
#15612=ORIENTED_EDGE('',*,*,#15611,.F.);
#15614=ORIENTED_EDGE('',*,*,#15613,.T.);
#15616=ORIENTED_EDGE('',*,*,#15615,.T.);
#15618=ORIENTED_EDGE('',*,*,#15617,.T.);
#15620=ORIENTED_EDGE('',*,*,#15619,.T.);
#15622=ORIENTED_EDGE('',*,*,#15621,.T.);
#15623=EDGE_LOOP('',(#15605,#15606,#15608,#15610,#15612,#15614,#15616,#15618,
#15620,#15622));
#15624=FACE_OUTER_BOUND('',#15623,.F.);
#15626=CARTESIAN_POINT('',(3.020711633663E1,1.766808939096E1,1.138791651246E0));
#15627=DIRECTION('',(0.E0,-8.660254037851E-1,-4.999999999989E-1));
#15628=DIRECTION('',(0.E0,4.999999999989E-1,-8.660254037851E-1));
#15629=AXIS2_PLACEMENT_3D('',#15626,#15627,#15628);
#15630=PLANE('',#15629);
#15631=ORIENTED_EDGE('',*,*,#15443,.F.);
#15633=ORIENTED_EDGE('',*,*,#15632,.F.);
#15635=ORIENTED_EDGE('',*,*,#15634,.F.);
#15637=ORIENTED_EDGE('',*,*,#15636,.F.);
#15639=ORIENTED_EDGE('',*,*,#15638,.F.);
#15640=ORIENTED_EDGE('',*,*,#15607,.F.);
#15641=EDGE_LOOP('',(#15631,#15633,#15635,#15637,#15639,#15640));
#15642=FACE_OUTER_BOUND('',#15641,.F.);
#15644=CARTESIAN_POINT('',(3.013211633663E1,1.784760051049E1,
-2.612083487540E-1));
#15645=DIRECTION('',(1.E0,0.E0,0.E0));
#15646=DIRECTION('',(0.E0,0.E0,-1.E0));
#15647=AXIS2_PLACEMENT_3D('',#15644,#15645,#15646);
#15648=PLANE('',#15647);
#15649=ORIENTED_EDGE('',*,*,#15473,.F.);
#15651=ORIENTED_EDGE('',*,*,#15650,.T.);
#15653=ORIENTED_EDGE('',*,*,#15652,.T.);
#15655=ORIENTED_EDGE('',*,*,#15654,.T.);
#15657=ORIENTED_EDGE('',*,*,#15656,.T.);
#15659=ORIENTED_EDGE('',*,*,#15658,.T.);
#15661=ORIENTED_EDGE('',*,*,#15660,.T.);
#15663=ORIENTED_EDGE('',*,*,#15662,.T.);
#15664=ORIENTED_EDGE('',*,*,#15632,.T.);
#15665=ORIENTED_EDGE('',*,*,#15441,.T.);
#15666=EDGE_LOOP('',(#15649,#15651,#15653,#15655,#15657,#15659,#15661,#15663,
#15664,#15665));
#15667=FACE_OUTER_BOUND('',#15666,.F.);
#15669=CARTESIAN_POINT('',(3.020711633663E1,1.767259900990E1,
4.816322604513E-1));
#15670=DIRECTION('',(0.E0,-1.E0,0.E0));
#15671=DIRECTION('',(0.E0,0.E0,-1.E0));
#15672=AXIS2_PLACEMENT_3D('',#15669,#15670,#15671);
#15673=PLANE('',#15672);
#15674=ORIENTED_EDGE('',*,*,#15471,.T.);
#15675=ORIENTED_EDGE('',*,*,#15621,.F.);
#15677=ORIENTED_EDGE('',*,*,#15676,.F.);
#15678=ORIENTED_EDGE('',*,*,#15650,.F.);
#15679=EDGE_LOOP('',(#15674,#15675,#15677,#15678));
#15680=FACE_OUTER_BOUND('',#15679,.F.);
#15682=CARTESIAN_POINT('',(3.012835151169E1,1.770259900990E1,
7.561324865466E-1));
#15683=DIRECTION('',(-1.E0,0.E0,0.E0));
#15684=DIRECTION('',(0.E0,0.E0,1.E0));
#15685=AXIS2_PLACEMENT_3D('',#15682,#15683,#15684);
#15686=CYLINDRICAL_SURFACE('',#15685,3.E-2);
#15687=ORIENTED_EDGE('',*,*,#15619,.F.);
#15689=ORIENTED_EDGE('',*,*,#15688,.T.);
#15690=ORIENTED_EDGE('',*,*,#15652,.F.);
#15691=ORIENTED_EDGE('',*,*,#15676,.T.);
#15692=EDGE_LOOP('',(#15687,#15689,#15690,#15691));
#15693=FACE_OUTER_BOUND('',#15692,.F.);
#15695=CARTESIAN_POINT('',(3.020711633663E1,1.769009900991E1,
7.835566243346E-1));
#15696=DIRECTION('',(0.E0,4.999999993028E-1,-8.660254041870E-1));
#15697=DIRECTION('',(0.E0,-8.660254041870E-1,-4.999999993028E-1));
#15698=AXIS2_PLACEMENT_3D('',#15695,#15696,#15697);
#15699=PLANE('',#15698);
#15700=ORIENTED_EDGE('',*,*,#15617,.F.);
#15702=ORIENTED_EDGE('',*,*,#15701,.T.);
#15703=ORIENTED_EDGE('',*,*,#15654,.F.);
#15704=ORIENTED_EDGE('',*,*,#15688,.F.);
#15705=EDGE_LOOP('',(#15700,#15702,#15703,#15704));
#15706=FACE_OUTER_BOUND('',#15705,.F.);
#15708=CARTESIAN_POINT('',(3.020711633663E1,1.768344837477E1,
8.008493650522E-1));
#15709=DIRECTION('',(0.E0,-8.660254050664E-1,-4.999999977795E-1));
#15710=DIRECTION('',(0.E0,4.999999977795E-1,-8.660254050664E-1));
#15711=AXIS2_PLACEMENT_3D('',#15708,#15709,#15710);
#15712=PLANE('',#15711);
#15713=ORIENTED_EDGE('',*,*,#15615,.F.);
#15715=ORIENTED_EDGE('',*,*,#15714,.F.);
#15716=ORIENTED_EDGE('',*,*,#15656,.F.);
#15717=ORIENTED_EDGE('',*,*,#15701,.F.);
#15718=EDGE_LOOP('',(#15713,#15715,#15716,#15717));
#15719=FACE_OUTER_BOUND('',#15718,.F.);
#15721=CARTESIAN_POINT('',(3.012835151169E1,1.771759900990E1,
8.416987299953E-1));
#15722=DIRECTION('',(-1.E0,0.E0,0.E0));
#15723=DIRECTION('',(0.E0,0.E0,1.E0));
#15724=AXIS2_PLACEMENT_3D('',#15721,#15722,#15723);
#15725=CYLINDRICAL_SURFACE('',#15724,5.E-2);
#15726=ORIENTED_EDGE('',*,*,#15613,.F.);
#15728=ORIENTED_EDGE('',*,*,#15727,.T.);
#15729=ORIENTED_EDGE('',*,*,#15658,.F.);
#15730=ORIENTED_EDGE('',*,*,#15714,.T.);
#15731=EDGE_LOOP('',(#15726,#15728,#15729,#15730));
#15732=FACE_OUTER_BOUND('',#15731,.F.);
#15734=CARTESIAN_POINT('',(3.020711633663E1,1.766759900990E1,
9.233493649977E-1));
#15735=DIRECTION('',(0.E0,-1.E0,0.E0));
#15736=DIRECTION('',(0.E0,0.E0,-1.E0));
#15737=AXIS2_PLACEMENT_3D('',#15734,#15735,#15736);
#15738=PLANE('',#15737);
#15739=ORIENTED_EDGE('',*,*,#15611,.T.);
#15741=ORIENTED_EDGE('',*,*,#15740,.F.);
#15742=ORIENTED_EDGE('',*,*,#15660,.F.);
#15743=ORIENTED_EDGE('',*,*,#15727,.F.);
#15744=EDGE_LOOP('',(#15739,#15741,#15742,#15743));
#15745=FACE_OUTER_BOUND('',#15744,.F.);
#15747=CARTESIAN_POINT('',(3.012835151169E1,1.769759900990E1,1.005E0));
#15748=DIRECTION('',(-1.E0,0.E0,0.E0));
#15749=DIRECTION('',(0.E0,0.E0,1.E0));
#15750=AXIS2_PLACEMENT_3D('',#15747,#15748,#15749);
#15751=CYLINDRICAL_SURFACE('',#15750,3.E-2);
#15753=ORIENTED_EDGE('',*,*,#15752,.T.);
#15754=ORIENTED_EDGE('',*,*,#15740,.T.);
#15756=ORIENTED_EDGE('',*,*,#15755,.T.);
#15758=ORIENTED_EDGE('',*,*,#15757,.T.);
#15759=EDGE_LOOP('',(#15753,#15754,#15756,#15758));
#15760=FACE_OUTER_BOUND('',#15759,.F.);
#15762=CARTESIAN_POINT('',(3.015711633663E1,1.769259900990E1,1.072320508076E0));
#15763=DIRECTION('',(7.071067811226E-1,-7.071067812505E-1,0.E0));
#15764=DIRECTION('',(7.071067812505E-1,7.071067811226E-1,0.E0));
#15765=AXIS2_PLACEMENT_3D('',#15762,#15763,#15764);
#15766=PLANE('',#15765);
#15767=ORIENTED_EDGE('',*,*,#15752,.F.);
#15769=ORIENTED_EDGE('',*,*,#15768,.F.);
#15771=ORIENTED_EDGE('',*,*,#15770,.T.);
#15773=ORIENTED_EDGE('',*,*,#15772,.T.);
#15774=ORIENTED_EDGE('',*,*,#15634,.T.);
#15775=ORIENTED_EDGE('',*,*,#15662,.F.);
#15776=EDGE_LOOP('',(#15767,#15769,#15771,#15773,#15774,#15775));
#15777=FACE_OUTER_BOUND('',#15776,.F.);
#15779=CARTESIAN_POINT('',(3.020711633663E1,1.770759900990E1,1.035E0));
#15780=DIRECTION('',(0.E0,0.E0,-1.E0));
#15781=DIRECTION('',(-1.E0,0.E0,0.E0));
#15782=AXIS2_PLACEMENT_3D('',#15779,#15780,#15781);
#15783=PLANE('',#15782);
#15784=ORIENTED_EDGE('',*,*,#15768,.T.);
#15785=ORIENTED_EDGE('',*,*,#15757,.F.);
#15787=ORIENTED_EDGE('',*,*,#15786,.T.);
#15789=ORIENTED_EDGE('',*,*,#15788,.F.);
#15790=EDGE_LOOP('',(#15784,#15785,#15787,#15789));
#15791=FACE_OUTER_BOUND('',#15790,.F.);
#15793=CARTESIAN_POINT('',(3.025711633663E1,1.769259900990E1,1.072320508076E0));
#15794=DIRECTION('',(-7.071067811226E-1,-7.071067812505E-1,0.E0));
#15795=DIRECTION('',(7.071067812505E-1,-7.071067811226E-1,0.E0));
#15796=AXIS2_PLACEMENT_3D('',#15793,#15794,#15795);
#15797=PLANE('',#15796);
#15798=ORIENTED_EDGE('',*,*,#15755,.F.);
#15799=ORIENTED_EDGE('',*,*,#15609,.F.);
#15800=ORIENTED_EDGE('',*,*,#15638,.T.);
#15802=ORIENTED_EDGE('',*,*,#15801,.T.);
#15804=ORIENTED_EDGE('',*,*,#15803,.T.);
#15805=ORIENTED_EDGE('',*,*,#15786,.F.);
#15806=EDGE_LOOP('',(#15798,#15799,#15800,#15802,#15804,#15805));
#15807=FACE_OUTER_BOUND('',#15806,.F.);
#15809=CARTESIAN_POINT('',(3.017433227380E1,1.768759900990E1,1.045E0));
#15810=DIRECTION('',(-1.E0,0.E0,0.E0));
#15811=DIRECTION('',(0.E0,0.E0,1.E0));
#15812=AXIS2_PLACEMENT_3D('',#15809,#15810,#15811);
#15813=CYLINDRICAL_SURFACE('',#15812,3.E-2);
#15814=ORIENTED_EDGE('',*,*,#15772,.F.);
#15816=ORIENTED_EDGE('',*,*,#15815,.T.);
#15817=ORIENTED_EDGE('',*,*,#15801,.F.);
#15818=ORIENTED_EDGE('',*,*,#15636,.T.);
#15819=EDGE_LOOP('',(#15814,#15816,#15817,#15818));
#15820=FACE_OUTER_BOUND('',#15819,.F.);
#15822=CARTESIAN_POINT('',(3.020711633663E1,1.771759900990E1,1.04E0));
#15823=DIRECTION('',(0.E0,-1.E0,0.E0));
#15824=DIRECTION('',(0.E0,0.E0,-1.E0));
#15825=AXIS2_PLACEMENT_3D('',#15822,#15823,#15824);
#15826=PLANE('',#15825);
#15827=ORIENTED_EDGE('',*,*,#15770,.F.);
#15828=ORIENTED_EDGE('',*,*,#15788,.T.);
#15829=ORIENTED_EDGE('',*,*,#15803,.F.);
#15830=ORIENTED_EDGE('',*,*,#15815,.F.);
#15831=EDGE_LOOP('',(#15827,#15828,#15829,#15830));
#15832=FACE_OUTER_BOUND('',#15831,.F.);
#15834=CLOSED_SHELL('',(#12692,#12731,#12759,#12773,#12787,#12801,#12825,#12854,
#12882,#12896,#12910,#12932,#12950,#12965,#12984,#13002,#13016,#13050,#13063,
#13087,#13100,#13122,#13137,#13170,#13262,#13284,#13297,#13310,#13336,#13348,
#13369,#13383,#13474,#13487,#13504,#13517,#13530,#13543,#13556,#13569,#13589,
#13603,#13619,#13632,#13649,#13665,#13680,#13693,#13708,#13724,#13737,#13750,
#13763,#13776,#13789,#13802,#13815,#13828,#13841,#13854,#13867,#13880,#13893,
#13906,#13919,#13932,#13945,#13957,#13969,#13981,#13993,#14006,#14019,#14032,
#14049,#14063,#14080,#14093,#14105,#14118,#14131,#14144,#14157,#14170,#14183,
#14195,#14208,#14221,#14276,#14302,#14316,#14338,#14370,#14393,#14407,#14429,
#14442,#14455,#14468,#14481,#14494,#14506,#14520,#14534,#14548,#14562,#14590,
#14611,#14625,#14645,#14658,#14671,#14699,#14711,#14723,#14736,#14747,#14760,
#14773,#14785,#14798,#14810,#14826,#14839,#14859,#14874,#14890,#14904,#14922,
#14936,#14952,#14964,#14977,#14989,#15007,#15021,#15035,#15048,#15099,#15112,
#15125,#15138,#15151,#15163,#15176,#15189,#15202,#15215,#15228,#15241,#15258,
#15272,#15289,#15302,#15314,#15327,#15340,#15353,#15366,#15379,#15392,#15405,
#15417,#15431,#15452,#15478,#15500,#15514,#15535,#15548,#15561,#15574,#15587,
#15599,#15625,#15643,#15668,#15681,#15694,#15707,#15720,#15733,#15746,#15761,
#15778,#15792,#15808,#15821,#15833));
#15835=MANIFOLD_SOLID_BREP('',#15834);
#15838=PLANE_ANGLE_MEASURE_WITH_UNIT(PLANE_ANGLE_MEASURE(1.745329251994E-2),
#15837);
#15839=(CONVERSION_BASED_UNIT('DEGREE',#15838)NAMED_UNIT(*)PLANE_ANGLE_UNIT());
#15841=UNCERTAINTY_MEASURE_WITH_UNIT(LENGTH_MEASURE(1.065388750783E-3),#15836,
'distance_accuracy_value',
'Maximum model space distance between geometric entities at asserted connectivities');
#15843=CARTESIAN_POINT('',(0.E0,0.E0,0.E0));
#15844=DIRECTION('',(0.E0,0.E0,1.E0));
#15845=DIRECTION('',(1.E0,0.E0,0.E0));
#15848=PRODUCT_DEFINITION_CONTEXT('part definition',#5840,'design');
#15849=PRODUCT_CONTEXT('',#5840,'mechanical');
#15850=PRODUCT('F331_R','F331_R','NOT SPECIFIED',(#15849));
#15851=PRODUCT_DEFINITION_FORMATION('3','LAST_VERSION',#15850);
#15859=DERIVED_UNIT_ELEMENT(#15858,2.E0);
#15860=DERIVED_UNIT((#15859));
#15861=MEASURE_REPRESENTATION_ITEM('surface area measure',AREA_MEASURE(
3.377458266160E1),#15860);
#15866=DERIVED_UNIT_ELEMENT(#15865,3.E0);
#15867=DERIVED_UNIT((#15866));
#15868=MEASURE_REPRESENTATION_ITEM('volume measure',VOLUME_MEASURE(
4.054067502011E0),#15867);
#15872=CARTESIAN_POINT('centre point',(3.060975013517E1,1.799819521576E1,
-1.234518808021E-1));
#15877=DERIVED_UNIT_ELEMENT(#15876,2.E0);
#15878=DERIVED_UNIT((#15877));
#15879=MEASURE_REPRESENTATION_ITEM('surface area measure',AREA_MEASURE(
3.377458266160E1),#15878);
#15884=DERIVED_UNIT_ELEMENT(#15883,3.E0);
#15885=DERIVED_UNIT((#15884));
#15886=MEASURE_REPRESENTATION_ITEM('volume measure',VOLUME_MEASURE(
4.054067502011E0),#15885);
#15890=CARTESIAN_POINT('centre point',(3.060975013517E1,1.799819521576E1,
-1.234518808021E-1));
#15897=CARTESIAN_POINT('centre point',(1.482763379854E1,5.955962058554E-1,
-1.648451880802E0));
#15901=CARTESIAN_POINT('',(-1.578211633663E1,-1.740259900990E1,-1.525E0));
#15902=DIRECTION('',(0.E0,0.E0,1.E0));
#15903=DIRECTION('',(1.E0,0.E0,0.E0));
#15904=AXIS2_PLACEMENT_3D('',#15901,#15902,#15903);
#15905=ITEM_DEFINED_TRANSFORMATION('','',#15846,#15904);
#15906=(REPRESENTATION_RELATIONSHIP('','',#15847,#5891)REPRESENTATION_RELATIONSHIP_WITH_TRANSFORMATION(#15905)SHAPE_REPRESENTATION_RELATIONSHIP());
#15907=CONTEXT_DEPENDENT_SHAPE_REPRESENTATION(#15906,#15896);
#15910=PLANE_ANGLE_MEASURE_WITH_UNIT(PLANE_ANGLE_MEASURE(1.745329251994E-2),
#15909);
#15911=(CONVERSION_BASED_UNIT('DEGREE',#15910)NAMED_UNIT(*)PLANE_ANGLE_UNIT());
#15913=UNCERTAINTY_MEASURE_WITH_UNIT(LENGTH_MEASURE(1.739224537925E-3),#15908,
'distance_accuracy_value',
'Maximum model space distance between geometric entities at asserted connectivities');
#15915=CARTESIAN_POINT('',(0.E0,0.E0,0.E0));
#15916=DIRECTION('',(0.E0,0.E0,1.E0));
#15917=DIRECTION('',(1.E0,0.E0,0.E0));
#15919=PRODUCT_CONTEXT('',#5840,'mechanical');
#15920=PRODUCT('F331_30PIN_ASM','F331_30PIN_ASM','NOT SPECIFIED',(#15919));
#15921=PRODUCT_DEFINITION_FORMATION('6','LAST_VERSION',#15920);
#15924=DERIVED_UNIT_ELEMENT(#15923,2.E0);
#15925=DERIVED_UNIT((#15924));
#15926=MEASURE_REPRESENTATION_ITEM('surface area measure',AREA_MEASURE(
4.090032609329E2),#15925);
#15931=DERIVED_UNIT_ELEMENT(#15930,3.E0);
#15932=DERIVED_UNIT((#15931));
#15933=MEASURE_REPRESENTATION_ITEM('volume measure',VOLUME_MEASURE(
4.139496438785E1),#15932);
#15937=CARTESIAN_POINT('centre point',(7.175000025855E0,5.979610483150E-1,
-1.696890353816E0));
#15941=PRODUCT_RELATED_PRODUCT_CATEGORY('part','',(#15920,#5844,#9141,#15850));
#15943=GENERAL_PROPERTY('','DESCRIPTION','user defined attribute');
#15944=GENERAL_PROPERTY_ASSOCIATION('user defined attribute','',#15943,#15942);
#15945=DESCRIPTIVE_REPRESENTATION_ITEM('DESCRIPTION','');
#15949=GENERAL_PROPERTY('','MODELED_BY','user defined attribute');
#15950=GENERAL_PROPERTY_ASSOCIATION('user defined attribute','',#15949,#15948);
#15951=DESCRIPTIVE_REPRESENTATION_ITEM('MODELED_BY','');
#1=DRAUGHTING_PRE_DEFINED_COLOUR('green');
#2=COLOUR_RGB('',1.1E-2,1.2E-2,1.E0);
#3=COLOUR_RGB('',4.1E-1,2.61589E-1,1.12848E-1);
#4=COLOUR_RGB('',5.04854E-1,1.5455E-2,1.5455E-2);
#5=COLOUR_RGB('',6.40777E-1,6.40777E-1,6.40777E-1);
#6=COLOUR_RGB('',6.69062E-1,6.69903E-1,6.55217E-1);
#7=COLOUR_RGB('',6.952E-1,7.426E-1,7.9E-1);
#8=COLOUR_RGB('',9.21569E-1,7.05882E-1,4.70588E-1);
#9=DRAUGHTING_PRE_DEFINED_COLOUR('red');
#10=DRAUGHTING_PRE_DEFINED_COLOUR('yellow');
#11=COLOUR_RGB('',1.E0,1.E0,5.3E-1);
#12=COLOUR_RGB('',1.E0,1.E0,9.49E-1);
#13=DRAUGHTING_PRE_DEFINED_COLOUR('white');
#54=CIRCLE('',#53,1.499999999997E-1);
#63=CIRCLE('',#62,5.E-2);
#68=CIRCLE('',#67,7.E-2);
#73=CIRCLE('',#72,5.000000002E-2);
#86=CIRCLE('',#85,1.500000000003E-1);
#91=CIRCLE('',#90,1.500000000141E-1);
#100=CIRCLE('',#99,3.E-2);
#109=CIRCLE('',#108,1.E-1);
#114=CIRCLE('',#113,5.E-2);
#119=CIRCLE('',#118,5.E-2);
#124=CIRCLE('',#123,4.E-2);
#133=CIRCLE('',#132,5.E-2);
#146=CIRCLE('',#145,3.E-2);
#157=B_SPLINE_CURVE_WITH_KNOTS('',3,(#151,#152,#153,#154,#155,#156),
.UNSPECIFIED.,.F.,.F.,(4,1,1,4),(0.E0,3.333333333333E-1,6.666666666667E-1,1.E0),
.UNSPECIFIED.);
#170=CIRCLE('',#169,5.E-2);
#179=CIRCLE('',#178,9.999999999990E-2);
#188=CIRCLE('',#187,5.E-1);
#193=CIRCLE('',#192,8.E-2);
#198=CIRCLE('',#197,8.E-2);
#207=CIRCLE('',#206,8.E-2);
#216=CIRCLE('',#215,1.2E-1);
#313=CIRCLE('',#312,5.E-1);
#322=CIRCLE('',#321,9.999999999990E-2);
#331=CIRCLE('',#330,1.2E-1);
#460=CIRCLE('',#459,5.E-2);
#475=B_SPLINE_CURVE_WITH_KNOTS('',3,(#469,#470,#471,#472,#473,#474),
.UNSPECIFIED.,.F.,.F.,(4,1,1,4),(0.E0,3.333333333333E-1,6.666666666667E-1,1.E0),
.UNSPECIFIED.);
#536=CIRCLE('',#535,3.E-2);
#549=CIRCLE('',#548,5.E-2);
#584=B_SPLINE_CURVE_WITH_KNOTS('',3,(#578,#579,#580,#581,#582,#583),
.UNSPECIFIED.,.F.,.F.,(4,1,1,4),(0.E0,2.5E-1,5.E-1,1.E0),.UNSPECIFIED.);
#595=B_SPLINE_CURVE_WITH_KNOTS('',3,(#589,#590,#591,#592,#593,#594),
.UNSPECIFIED.,.F.,.F.,(4,1,1,4),(0.E0,5.E-1,7.5E-1,1.E0),.UNSPECIFIED.);
#716=CIRCLE('',#715,8.E-2);
#725=CIRCLE('',#724,8.E-2);
#730=CIRCLE('',#729,4.E-2);
#735=CIRCLE('',#734,5.E-2);
#740=CIRCLE('',#739,5.E-2);
#745=CIRCLE('',#744,1.E-1);
#754=CIRCLE('',#753,3.E-2);
#763=CIRCLE('',#762,1.500000000141E-1);
#768=CIRCLE('',#767,1.500000000003E-1);
#801=CIRCLE('',#800,1.250000000100E-1);
#822=CIRCLE('',#821,1.250000000100E-1);
#827=CIRCLE('',#826,1.250000000100E-1);
#836=CIRCLE('',#835,5.E-2);
#861=CIRCLE('',#860,1.250000000100E-1);
#866=CIRCLE('',#865,5.E-2);
#871=CIRCLE('',#870,1.5E-1);
#904=CIRCLE('',#903,1.5E-1);
#965=CIRCLE('',#964,1.250000000100E-1);
#1198=CIRCLE('',#1197,9.999999999980E-2);
#1203=CIRCLE('',#1202,9.999999999990E-2);
#1208=CIRCLE('',#1207,1.E-1);
#1213=CIRCLE('',#1212,9.999999999990E-2);
#1218=CIRCLE('',#1217,1.E-1);
#1223=CIRCLE('',#1222,1.E-1);
#1228=CIRCLE('',#1227,9.999999999999E-2);
#1233=CIRCLE('',#1232,9.999999999999E-2);
#1238=CIRCLE('',#1237,1.E-1);
#1243=CIRCLE('',#1242,8.000000000010E-2);
#1248=CIRCLE('',#1247,8.E-2);
#1253=CIRCLE('',#1252,9.999999999900E-2);
#1258=CIRCLE('',#1257,1.000000000040E-1);
#1267=CIRCLE('',#1266,1.E-1);
#1276=CIRCLE('',#1275,9.999999999980E-2);
#1285=CIRCLE('',#1284,1.E-1);
#1290=CIRCLE('',#1289,1.E-1);
#1295=CIRCLE('',#1294,1.E-1);
#1300=CIRCLE('',#1299,1.E-1);
#1305=CIRCLE('',#1304,1.E-1);
#1310=CIRCLE('',#1309,9.999999999980E-2);
#1375=CIRCLE('',#1374,9.999999999980E-2);
#1380=CIRCLE('',#1379,1.E-1);
#1385=CIRCLE('',#1384,1.E-1);
#1390=CIRCLE('',#1389,1.E-1);
#1399=CIRCLE('',#1398,1.E-1);
#1408=CIRCLE('',#1407,1.E-1);
#1417=CIRCLE('',#1416,9.999999999980E-2);
#1426=CIRCLE('',#1425,1.E-1);
#1435=CIRCLE('',#1434,1.000000000040E-1);
#1444=CIRCLE('',#1443,9.999999999900E-2);
#1453=CIRCLE('',#1452,8.E-2);
#1458=CIRCLE('',#1457,8.000000000010E-2);
#1463=CIRCLE('',#1462,1.E-1);
#1468=CIRCLE('',#1467,9.999999999999E-2);
#1473=CIRCLE('',#1472,9.999999999999E-2);
#1478=CIRCLE('',#1477,1.E-1);
#1483=CIRCLE('',#1482,1.E-1);
#1488=CIRCLE('',#1487,9.999999999990E-2);
#1497=CIRCLE('',#1496,1.E-1);
#1502=CIRCLE('',#1501,9.999999999990E-2);
#1507=CIRCLE('',#1506,9.999999999980E-2);
#1700=B_SPLINE_CURVE_WITH_KNOTS('',3,(#1696,#1697,#1698,#1699),.UNSPECIFIED.,
.F.,.F.,(4,4),(0.E0,1.E0),.UNSPECIFIED.);
#1713=B_SPLINE_CURVE_WITH_KNOTS('',3,(#1709,#1710,#1711,#1712),.UNSPECIFIED.,
.F.,.F.,(4,4),(0.E0,1.E0),.UNSPECIFIED.);
#2074=B_SPLINE_CURVE_WITH_KNOTS('',3,(#2070,#2071,#2072,#2073),.UNSPECIFIED.,
.F.,.F.,(4,4),(0.E0,1.E0),.UNSPECIFIED.);
#2083=B_SPLINE_CURVE_WITH_KNOTS('',3,(#2079,#2080,#2081,#2082),.UNSPECIFIED.,
.F.,.F.,(4,4),(0.E0,1.E0),.UNSPECIFIED.);
#2116=CIRCLE('',#2115,8.E-2);
#2149=CIRCLE('',#2148,5.000000002E-2);
#2154=CIRCLE('',#2153,7.E-2);
#2159=CIRCLE('',#2158,5.E-2);
#2168=CIRCLE('',#2167,1.499999999997E-1);
#2883=EDGE_CURVE('',#2806,#2807,#17,.T.);
#2885=EDGE_CURVE('',#2203,#2806,#2124,.T.);
#2887=EDGE_CURVE('',#2203,#2204,#21,.T.);
#2889=EDGE_CURVE('',#2206,#2204,#359,.T.);
#2891=EDGE_CURVE('',#2206,#2208,#25,.T.);
#2893=EDGE_CURVE('',#2210,#2208,#2107,.T.);
#2895=EDGE_CURVE('',#2210,#2212,#29,.T.);
#2897=EDGE_CURVE('',#2212,#2214,#33,.T.);
#2899=EDGE_CURVE('',#2216,#2214,#1973,.T.);
#2901=EDGE_CURVE('',#2216,#2218,#37,.T.);
#2903=EDGE_CURVE('',#2220,#2218,#1141,.T.);
#2905=EDGE_CURVE('',#2220,#2222,#41,.T.);
#2907=EDGE_CURVE('',#2222,#2224,#45,.T.);
#2909=EDGE_CURVE('',#2224,#2226,#49,.T.);
#2911=EDGE_CURVE('',#2807,#2226,#944,.T.);
#2915=ADVANCED_FACE('',(#2914),#2882,.T.);
#2921=EDGE_CURVE('',#2855,#2857,#220,.T.);
#2923=EDGE_CURVE('',#2857,#2705,#54,.T.);
#2925=EDGE_CURVE('',#2705,#2706,#58,.T.);
#2927=EDGE_CURVE('',#2706,#2708,#63,.T.);
#2929=EDGE_CURVE('',#2710,#2708,#2184,.T.);
#2931=EDGE_CURVE('',#2710,#2712,#68,.T.);
#2933=EDGE_CURVE('',#2712,#2714,#73,.T.);
#2935=EDGE_CURVE('',#2714,#2860,#77,.T.);
#2937=EDGE_CURVE('',#2860,#2861,#240,.T.);
#2939=EDGE_CURVE('',#2861,#2877,#801,.T.);
#2941=EDGE_CURVE('',#2877,#2864,#822,.T.);
#2943=EDGE_CURVE('',#2864,#2865,#796,.T.);
#2945=EDGE_CURVE('',#2867,#2865,#776,.T.);
#2947=EDGE_CURVE('',#2867,#2373,#81,.T.);
#2949=EDGE_CURVE('',#2373,#2374,#86,.T.);
#2951=EDGE_CURVE('',#2376,#2374,#1001,.T.);
#2953=EDGE_CURVE('',#2376,#2378,#91,.T.);
#2955=EDGE_CURVE('',#2378,#2380,#95,.T.);
#2957=EDGE_CURVE('',#2380,#2382,#100,.T.);
#2959=EDGE_CURVE('',#2382,#2384,#104,.T.);
#2961=EDGE_CURVE('',#2384,#2386,#109,.T.);
#2963=EDGE_CURVE('',#2388,#2386,#1033,.T.);
#2965=EDGE_CURVE('',#2390,#2388,#1109,.T.);
#2967=EDGE_CURVE('',#2392,#2390,#1061,.T.);
#2969=EDGE_CURVE('',#2392,#2394,#114,.T.);
#2971=EDGE_CURVE('',#2396,#2394,#1085,.T.);
#2973=EDGE_CURVE('',#2396,#2398,#119,.T.);
#2975=EDGE_CURVE('',#2400,#2398,#1105,.T.);
#2977=EDGE_CURVE('',#2402,#2400,#703,.T.);
#2979=EDGE_CURVE('',#2402,#2811,#124,.T.);
#2981=EDGE_CURVE('',#2810,#2811,#671,.T.);
#2983=EDGE_CURVE('',#2810,#2813,#659,.T.);
#2985=EDGE_CURVE('',#2815,#2813,#651,.T.);
#2987=EDGE_CURVE('',#2817,#2815,#639,.T.);
#2989=EDGE_CURVE('',#2817,#2819,#631,.T.);
#2991=EDGE_CURVE('',#2819,#2821,#619,.T.);
#2993=EDGE_CURVE('',#2821,#2766,#128,.T.);
#2995=EDGE_CURVE('',#2765,#2766,#603,.T.);
#2997=EDGE_CURVE('',#2768,#2765,#577,.T.);
#2999=EDGE_CURVE('',#2768,#2770,#133,.T.);
#3001=EDGE_CURVE('',#2770,#2772,#137,.T.);
#3003=EDGE_CURVE('',#2772,#2774,#141,.T.);
#3005=EDGE_CURVE('',#2774,#2776,#146,.T.);
#3007=EDGE_CURVE('',#2825,#2776,#519,.T.);
#3009=EDGE_CURVE('',#2824,#2825,#495,.T.);
#3011=EDGE_CURVE('',#2824,#2745,#150,.T.);
#3013=EDGE_CURVE('',#2745,#2746,#157,.T.);
#3015=EDGE_CURVE('',#2746,#2748,#161,.T.);
#3017=EDGE_CURVE('',#2748,#2750,#165,.T.);
#3019=EDGE_CURVE('',#2750,#2752,#170,.T.);
#3021=EDGE_CURVE('',#2752,#2828,#174,.T.);
#3023=EDGE_CURVE('',#2828,#2829,#427,.T.);
#3025=EDGE_CURVE('',#2829,#2831,#419,.T.);
#3027=EDGE_CURVE('',#2833,#2831,#415,.T.);
#3029=EDGE_CURVE('',#2833,#2835,#395,.T.);
#3031=EDGE_CURVE('',#2837,#2835,#387,.T.);
#3033=EDGE_CURVE('',#2837,#2839,#371,.T.);
#3035=EDGE_CURVE('',#2875,#2839,#351,.T.);
#3037=EDGE_CURVE('',#2875,#2735,#179,.T.);
#3039=EDGE_CURVE('',#2735,#2736,#183,.T.);
#3041=EDGE_CURVE('',#2736,#2843,#188,.T.);
#3043=EDGE_CURVE('',#2842,#2843,#280,.T.);
#3045=EDGE_CURVE('',#2849,#2842,#272,.T.);
#3047=EDGE_CURVE('',#2851,#2849,#260,.T.);
#3049=EDGE_CURVE('',#2851,#2853,#252,.T.);
#3051=EDGE_CURVE('',#2855,#2853,#244,.T.);
#3055=EDGE_CURVE('',#2872,#2873,#347,.T.);
#3057=EDGE_CURVE('',#2872,#2806,#193,.T.);
#3060=EDGE_CURVE('',#2807,#2405,#198,.T.);
#3062=EDGE_CURVE('',#2405,#2406,#202,.T.);
#3064=EDGE_CURVE('',#2406,#2869,#207,.T.);
#3066=EDGE_CURVE('',#2869,#2847,#928,.T.);
#3068=EDGE_CURVE('',#2846,#2847,#292,.T.);
#3070=EDGE_CURVE('',#2846,#2740,#211,.T.);
#3072=EDGE_CURVE('',#2740,#2873,#216,.T.);
#3076=ADVANCED_FACE('',(#3054,#3075),#2920,.T.);
#3083=EDGE_CURVE('',#2855,#2332,#224,.T.);
#3085=EDGE_CURVE('',#2332,#2334,#228,.T.);
#3087=EDGE_CURVE('',#2334,#2336,#232,.T.);
#3089=EDGE_CURVE('',#2336,#2338,#236,.T.);
#3091=EDGE_CURVE('',#2340,#2338,#848,.T.);
#3093=EDGE_CURVE('',#2342,#2340,#831,.T.);
#3095=EDGE_CURVE('',#2861,#2342,#805,.T.);
#3098=EDGE_CURVE('',#2346,#2860,#2132,.T.);
#3100=EDGE_CURVE('',#2345,#2346,#2140,.T.);
#3102=EDGE_CURVE('',#2857,#2345,#2196,.T.);
#3106=ADVANCED_FACE('',(#3105),#3081,.F.);
#3113=EDGE_CURVE('',#2330,#2853,#256,.T.);
#3115=EDGE_CURVE('',#2330,#2332,#248,.T.);
#3120=ADVANCED_FACE('',(#3119),#3111,.T.);
#3127=EDGE_CURVE('',#2328,#2851,#268,.T.);
#3129=EDGE_CURVE('',#2330,#2328,#920,.T.);
#3134=ADVANCED_FACE('',(#3133),#3125,.T.);
#3141=EDGE_CURVE('',#2326,#2849,#276,.T.);
#3143=EDGE_CURVE('',#2326,#2328,#264,.T.);
#3148=ADVANCED_FACE('',(#3147),#3139,.F.);
#3155=EDGE_CURVE('',#2320,#2842,#300,.T.);
#3157=EDGE_CURVE('',#2326,#2320,#924,.T.);
#3162=ADVANCED_FACE('',(#3161),#3153,.T.);
#3169=EDGE_CURVE('',#2323,#2843,#304,.T.);
#3171=EDGE_CURVE('',#2323,#2324,#284,.T.);
#3173=EDGE_CURVE('',#2324,#2846,#288,.T.);
#3176=EDGE_CURVE('',#2847,#2316,#296,.T.);
#3178=EDGE_CURVE('',#2315,#2316,#895,.T.);
#3180=EDGE_CURVE('',#2318,#2315,#912,.T.);
#3182=EDGE_CURVE('',#2320,#2318,#916,.T.);
#3187=ADVANCED_FACE('',(#3186),#3167,.T.);
#3195=EDGE_CURVE('',#2736,#2742,#308,.T.);
#3197=EDGE_CURVE('',#2323,#2742,#313,.T.);
#3201=ADVANCED_FACE('',(#3200),#3192,.F.);
#3207=EDGE_CURVE('',#2742,#2744,#317,.T.);
#3211=EDGE_CURVE('',#2744,#2735,#343,.T.);
#3215=ADVANCED_FACE('',(#3214),#3206,.T.);
#3224=EDGE_CURVE('',#2744,#2731,#322,.T.);
#3226=EDGE_CURVE('',#2731,#2732,#326,.T.);
#3228=EDGE_CURVE('',#2732,#2738,#331,.T.);
#3230=EDGE_CURVE('',#2738,#2324,#335,.T.);
#3234=ADVANCED_FACE('',(#3233),#3220,.F.);
#3240=EDGE_CURVE('',#2875,#2731,#339,.T.);
#3247=ADVANCED_FACE('',(#3246),#3239,.T.);
#3254=EDGE_CURVE('',#2732,#2873,#363,.T.);
#3259=EDGE_CURVE('',#2312,#2839,#383,.T.);
#3261=EDGE_CURVE('',#2312,#2206,#355,.T.);
#3264=EDGE_CURVE('',#2728,#2204,#2120,.T.);
#3266=EDGE_CURVE('',#2872,#2728,#2128,.T.);
#3270=ADVANCED_FACE('',(#3269),#3252,.T.);
#3278=EDGE_CURVE('',#2740,#2738,#367,.T.);
#3283=ADVANCED_FACE('',(#3282),#3275,.F.);
#3295=ADVANCED_FACE('',(#3294),#3288,.F.);
#3302=EDGE_CURVE('',#2837,#2306,#375,.T.);
#3304=EDGE_CURVE('',#2308,#2306,#2091,.T.);
#3306=EDGE_CURVE('',#2310,#2308,#2099,.T.);
#3308=EDGE_CURVE('',#2310,#2312,#379,.T.);
#3313=ADVANCED_FACE('',(#3312),#3300,.T.);
#3320=EDGE_CURVE('',#2835,#2292,#391,.T.);
#3322=EDGE_CURVE('',#2294,#2292,#1945,.T.);
#3324=EDGE_CURVE('',#2296,#2294,#1937,.T.);
#3326=EDGE_CURVE('',#2298,#2296,#1527,.T.);
#3328=EDGE_CURVE('',#2300,#2298,#1753,.T.);
#3330=EDGE_CURVE('',#2302,#2300,#1773,.T.);
#3332=EDGE_CURVE('',#2304,#2302,#1781,.T.);
#3334=EDGE_CURVE('',#2214,#2304,#1977,.T.);
#3337=EDGE_CURVE('',#2306,#2212,#2095,.T.);
#3342=ADVANCED_FACE('',(#3341),#3318,.F.);
#3349=EDGE_CURVE('',#2833,#2280,#399,.T.);
#3351=EDGE_CURVE('',#2280,#2252,#403,.T.);
#3353=EDGE_CURVE('',#2252,#2250,#407,.T.);
#3355=EDGE_CURVE('',#2250,#2282,#411,.T.);
#3357=EDGE_CURVE('',#2284,#2282,#1539,.T.);
#3359=EDGE_CURVE('',#2286,#2284,#1185,.T.);
#3361=EDGE_CURVE('',#2288,#2286,#1173,.T.);
#3363=EDGE_CURVE('',#2290,#2288,#1153,.T.);
#3365=EDGE_CURVE('',#2292,#2290,#1949,.T.);
#3370=ADVANCED_FACE('',(#3369),#3347,.T.);
#3377=EDGE_CURVE('',#2278,#2831,#423,.T.);
#3379=EDGE_CURVE('',#2280,#2278,#2029,.T.);
#3384=ADVANCED_FACE('',(#3383),#3375,.T.);
#3391=EDGE_CURVE('',#2276,#2829,#439,.T.);
#3393=EDGE_CURVE('',#2278,#2276,#2045,.T.);
#3398=ADVANCED_FACE('',(#3397),#3389,.F.);
#3405=EDGE_CURVE('',#2274,#2828,#443,.T.);
#3407=EDGE_CURVE('',#2274,#2270,#431,.T.);
#3409=EDGE_CURVE('',#2268,#2270,#507,.T.);
#3411=EDGE_CURVE('',#2268,#2276,#435,.T.);
#3416=ADVANCED_FACE('',(#3415),#3403,.F.);
#3424=EDGE_CURVE('',#2756,#2752,#447,.T.);
#3426=EDGE_CURVE('',#2274,#2756,#455,.T.);
#3430=ADVANCED_FACE('',(#3429),#3421,.F.);
#3436=EDGE_CURVE('',#2756,#2758,#460,.T.);
#3440=EDGE_CURVE('',#2750,#2758,#451,.T.);
#3444=ADVANCED_FACE('',(#3443),#3435,.T.);
#3453=EDGE_CURVE('',#2758,#2760,#464,.T.);
#3455=EDGE_CURVE('',#2760,#2762,#468,.T.);
#3457=EDGE_CURVE('',#2762,#2754,#475,.T.);
#3459=EDGE_CURVE('',#2754,#2272,#479,.T.);
#3461=EDGE_CURVE('',#2270,#2272,#511,.T.);
#3465=ADVANCED_FACE('',(#3464),#3449,.F.);
#3474=EDGE_CURVE('',#2760,#2748,#483,.T.);
#3478=ADVANCED_FACE('',(#3477),#3470,.F.);
#3487=EDGE_CURVE('',#2762,#2746,#487,.T.);
#3491=ADVANCED_FACE('',(#3490),#3483,.F.);
#3500=EDGE_CURVE('',#2745,#2754,#491,.T.);
#3504=ADVANCED_FACE('',(#3503),#3496,.F.);
#3510=EDGE_CURVE('',#2272,#2824,#515,.T.);
#3517=ADVANCED_FACE('',(#3516),#3509,.F.);
#3524=EDGE_CURVE('',#2825,#2266,#499,.T.);
#3526=EDGE_CURVE('',#2266,#2262,#503,.T.);
#3528=EDGE_CURVE('',#2260,#2262,#627,.T.);
#3530=EDGE_CURVE('',#2268,#2260,#2033,.T.);
#3537=ADVANCED_FACE('',(#3536),#3522,.T.);
#3545=EDGE_CURVE('',#2784,#2776,#527,.T.);
#3547=EDGE_CURVE('',#2784,#2266,#523,.T.);
#3551=ADVANCED_FACE('',(#3550),#3542,.T.);
#3557=EDGE_CURVE('',#2784,#2786,#536,.T.);
#3561=EDGE_CURVE('',#2774,#2786,#531,.T.);
#3565=ADVANCED_FACE('',(#3564),#3556,.F.);
#3574=EDGE_CURVE('',#2786,#2788,#540,.T.);
#3576=EDGE_CURVE('',#2788,#2790,#544,.T.);
#3578=EDGE_CURVE('',#2790,#2792,#549,.T.);
#3580=EDGE_CURVE('',#2792,#2794,#553,.T.);
#3582=EDGE_CURVE('',#2778,#2794,#2049,.T.);
#3584=EDGE_CURVE('',#2778,#2264,#557,.T.);
#3586=EDGE_CURVE('',#2264,#2262,#561,.T.);
#3590=ADVANCED_FACE('',(#3589),#3570,.F.);
#3599=EDGE_CURVE('',#2788,#2772,#565,.T.);
#3603=ADVANCED_FACE('',(#3602),#3595,.F.);
#3612=EDGE_CURVE('',#2790,#2770,#569,.T.);
#3616=ADVANCED_FACE('',(#3615),#3608,.T.);
#3625=EDGE_CURVE('',#2768,#2792,#573,.T.);
#3629=ADVANCED_FACE('',(#3628),#3621,.F.);
#3638=EDGE_CURVE('',#2794,#2765,#599,.T.);
#3642=ADVANCED_FACE('',(#3641),#3634,.T.);
#3648=EDGE_CURVE('',#2765,#2795,#584,.T.);
#3650=EDGE_CURVE('',#2795,#2797,#588,.T.);
#3652=EDGE_CURVE('',#2797,#2794,#595,.T.);
#3657=ADVANCED_FACE('',(#3656),#3647,.F.);
#3665=EDGE_CURVE('',#2782,#2766,#615,.T.);
#3667=EDGE_CURVE('',#2798,#2782,#2074,.T.);
#3669=EDGE_CURVE('',#2800,#2798,#2065,.T.);
#3671=EDGE_CURVE('',#2795,#2800,#2053,.T.);
#3675=ADVANCED_FACE('',(#3674),#3662,.T.);
#3681=EDGE_CURVE('',#2821,#2264,#607,.T.);
#3684=EDGE_CURVE('',#2778,#2780,#611,.T.);
#3686=EDGE_CURVE('',#2782,#2780,#2078,.T.);
#3692=ADVANCED_FACE('',(#3691),#3680,.T.);
#3699=EDGE_CURVE('',#2258,#2819,#635,.T.);
#3701=EDGE_CURVE('',#2258,#2260,#623,.T.);
#3708=ADVANCED_FACE('',(#3707),#3697,.T.);
#3715=EDGE_CURVE('',#2254,#2817,#647,.T.);
#3717=EDGE_CURVE('',#2256,#2254,#2021,.T.);
#3719=EDGE_CURVE('',#2258,#2256,#2037,.T.);
#3724=ADVANCED_FACE('',(#3723),#3713,.T.);
#3731=EDGE_CURVE('',#2815,#2246,#643,.T.);
#3733=EDGE_CURVE('',#2248,#2246,#1741,.T.);
#3735=EDGE_CURVE('',#2250,#2248,#1729,.T.);
#3738=EDGE_CURVE('',#2254,#2252,#2025,.T.);
#3743=ADVANCED_FACE('',(#3742),#3729,.T.);
#3750=EDGE_CURVE('',#2240,#2813,#667,.T.);
#3752=EDGE_CURVE('',#2240,#2242,#655,.T.);
#3754=EDGE_CURVE('',#2244,#2242,#1145,.T.);
#3756=EDGE_CURVE('',#2246,#2244,#1745,.T.);
#3761=ADVANCED_FACE('',(#3760),#3748,.F.);
#3768=EDGE_CURVE('',#2238,#2810,#687,.T.);
#3770=EDGE_CURVE('',#2238,#2240,#663,.T.);
#3775=ADVANCED_FACE('',(#3774),#3766,.F.);
#3782=EDGE_CURVE('',#2229,#2811,#691,.T.);
#3784=EDGE_CURVE('',#2229,#2230,#675,.T.);
#3786=EDGE_CURVE('',#2232,#2230,#1121,.T.);
#3788=EDGE_CURVE('',#2232,#2234,#679,.T.);
#3790=EDGE_CURVE('',#2236,#2234,#1133,.T.);
#3792=EDGE_CURVE('',#2236,#2238,#683,.T.);
#3797=ADVANCED_FACE('',(#3796),#3780,.T.);
#3805=EDGE_CURVE('',#2402,#2414,#695,.T.);
#3807=EDGE_CURVE('',#2229,#2414,#730,.T.);
#3811=ADVANCED_FACE('',(#3810),#3802,.T.);
#3817=EDGE_CURVE('',#2416,#2414,#699,.T.);
#3821=EDGE_CURVE('',#2416,#2400,#1101,.T.);
#3825=ADVANCED_FACE('',(#3824),#3816,.T.);
#3831=EDGE_CURVE('',#2368,#2366,#707,.T.);
#3833=EDGE_CURVE('',#2366,#2370,#711,.T.);
#3835=EDGE_CURVE('',#2370,#2410,#716,.T.);
#3837=EDGE_CURVE('',#2410,#2412,#720,.T.);
#3839=EDGE_CURVE('',#2412,#2226,#725,.T.);
#3842=EDGE_CURVE('',#2230,#2224,#1125,.T.);
#3847=EDGE_CURVE('',#2418,#2416,#1097,.T.);
#3849=EDGE_CURVE('',#2418,#2420,#735,.T.);
#3851=EDGE_CURVE('',#2422,#2420,#1081,.T.);
#3853=EDGE_CURVE('',#2422,#2424,#740,.T.);
#3855=EDGE_CURVE('',#2426,#2424,#1057,.T.);
#3857=EDGE_CURVE('',#2428,#2426,#1117,.T.);
#3859=EDGE_CURVE('',#2430,#2428,#1037,.T.);
#3861=EDGE_CURVE('',#2430,#2432,#745,.T.);
#3863=EDGE_CURVE('',#2432,#2434,#749,.T.);
#3865=EDGE_CURVE('',#2434,#2436,#754,.T.);
#3867=EDGE_CURVE('',#2436,#2438,#758,.T.);
#3869=EDGE_CURVE('',#2438,#2440,#763,.T.);
#3871=EDGE_CURVE('',#2442,#2440,#997,.T.);
#3873=EDGE_CURVE('',#2442,#2408,#768,.T.);
#3875=EDGE_CURVE('',#2408,#2368,#772,.T.);
#3879=ADVANCED_FACE('',(#3878),#3830,.F.);
#3886=EDGE_CURVE('',#2865,#2358,#780,.T.);
#3888=EDGE_CURVE('',#2358,#2360,#784,.T.);
#3890=EDGE_CURVE('',#2360,#2362,#788,.T.);
#3892=EDGE_CURVE('',#2362,#2364,#792,.T.);
#3894=EDGE_CURVE('',#2366,#2364,#932,.T.);
#3897=EDGE_CURVE('',#2867,#2368,#985,.T.);
#3901=ADVANCED_FACE('',(#3900),#3884,.F.);
#3908=EDGE_CURVE('',#2356,#2864,#817,.T.);
#3910=EDGE_CURVE('',#2358,#2356,#969,.T.);
#3915=ADVANCED_FACE('',(#3914),#3906,.F.);
#3923=EDGE_CURVE('',#2348,#2342,#827,.T.);
#3925=EDGE_CURVE('',#2348,#2350,#809,.T.);
#3927=EDGE_CURVE('',#2352,#2350,#861,.T.);
#3929=EDGE_CURVE('',#2352,#2354,#813,.T.);
#3931=EDGE_CURVE('',#2356,#2354,#965,.T.);
#3937=ADVANCED_FACE('',(#3936),#3920,.T.);
#3945=EDGE_CURVE('',#2340,#2702,#836,.T.);
#3947=EDGE_CURVE('',#2702,#2348,#840,.T.);
#3951=ADVANCED_FACE('',(#3950),#3942,.T.);
#3957=EDGE_CURVE('',#2696,#2702,#844,.T.);
#3961=EDGE_CURVE('',#2338,#2698,#852,.T.);
#3963=EDGE_CURVE('',#2696,#2698,#866,.T.);
#3967=ADVANCED_FACE('',(#3966),#3956,.T.);
#3976=EDGE_CURVE('',#2696,#2350,#856,.T.);
#3980=ADVANCED_FACE('',(#3979),#3972,.F.);
#3989=EDGE_CURVE('',#2700,#2698,#887,.T.);
#3991=EDGE_CURVE('',#2700,#2694,#871,.T.);
#3993=EDGE_CURVE('',#2694,#2692,#875,.T.);
#3995=EDGE_CURVE('',#2692,#2352,#879,.T.);
#3999=ADVANCED_FACE('',(#3998),#3985,.F.);
#4005=EDGE_CURVE('',#2338,#2688,#883,.T.);
#4007=EDGE_CURVE('',#2700,#2688,#981,.T.);
#4013=ADVANCED_FACE('',(#4012),#4004,.T.);
#4020=EDGE_CURVE('',#2336,#2315,#891,.T.);
#4023=EDGE_CURVE('',#2316,#2364,#899,.T.);
#4026=EDGE_CURVE('',#2686,#2362,#952,.T.);
#4028=EDGE_CURVE('',#2686,#2688,#904,.T.);
#4033=ADVANCED_FACE('',(#4032),#4018,.F.);
#4041=EDGE_CURVE('',#2334,#2318,#908,.T.);
#4046=ADVANCED_FACE('',(#4045),#4038,.F.);
#4061=ADVANCED_FACE('',(#4060),#4051,.F.);
#4068=EDGE_CURVE('',#2370,#2869,#936,.T.);
#4076=ADVANCED_FACE('',(#4075),#4066,.F.);
#4084=EDGE_CURVE('',#2406,#2410,#940,.T.);
#4089=ADVANCED_FACE('',(#4088),#4081,.T.);
#4098=EDGE_CURVE('',#2412,#2405,#948,.T.);
#4102=ADVANCED_FACE('',(#4101),#4094,.T.);
#4114=ADVANCED_FACE('',(#4113),#4107,.F.);
#4122=EDGE_CURVE('',#2360,#2690,#956,.T.);
#4124=EDGE_CURVE('',#2690,#2692,#960,.T.);
#4127=EDGE_CURVE('',#2686,#2694,#977,.T.);
#4131=ADVANCED_FACE('',(#4130),#4119,.T.);
#4138=EDGE_CURVE('',#2690,#2354,#973,.T.);
#4145=ADVANCED_FACE('',(#4144),#4136,.T.);
#4157=ADVANCED_FACE('',(#4156),#4150,.F.);
#4169=ADVANCED_FACE('',(#4168),#4162,.T.);
#4177=EDGE_CURVE('',#2373,#2408,#993,.T.);
#4182=ADVANCED_FACE('',(#4181),#4174,.T.);
#4189=EDGE_CURVE('',#2442,#2374,#989,.T.);
#4195=ADVANCED_FACE('',(#4194),#4187,.F.);
#4202=EDGE_CURVE('',#2376,#2440,#1009,.T.);
#4208=ADVANCED_FACE('',(#4207),#4200,.T.);
#4215=EDGE_CURVE('',#2438,#2378,#1005,.T.);
#4221=ADVANCED_FACE('',(#4220),#4213,.F.);
#4228=EDGE_CURVE('',#2380,#2436,#1017,.T.);
#4234=ADVANCED_FACE('',(#4233),#4226,.T.);
#4241=EDGE_CURVE('',#2434,#2382,#1013,.T.);
#4247=ADVANCED_FACE('',(#4246),#4239,.T.);
#4254=EDGE_CURVE('',#2384,#2432,#1025,.T.);
#4260=ADVANCED_FACE('',(#4259),#4252,.T.);
#4267=EDGE_CURVE('',#2430,#2386,#1021,.T.);
#4273=ADVANCED_FACE('',(#4272),#4265,.F.);
#4279=EDGE_CURVE('',#2682,#2684,#1053,.T.);
#4281=EDGE_CURVE('',#2682,#2388,#1029,.T.);
#4286=EDGE_CURVE('',#2428,#2684,#1041,.T.);
#4290=ADVANCED_FACE('',(#4289),#4278,.T.);
#4296=EDGE_CURVE('',#2680,#2678,#1045,.T.);
#4298=EDGE_CURVE('',#2678,#2682,#1049,.T.);
#4301=EDGE_CURVE('',#2680,#2684,#1113,.T.);
#4305=ADVANCED_FACE('',(#4304),#4295,.F.);
#4312=EDGE_CURVE('',#2392,#2424,#1077,.T.);
#4315=EDGE_CURVE('',#2390,#2678,#1065,.T.);
#4318=EDGE_CURVE('',#2680,#2426,#1069,.T.);
#4322=ADVANCED_FACE('',(#4321),#4310,.F.);
#4329=EDGE_CURVE('',#2422,#2394,#1073,.T.);
#4335=ADVANCED_FACE('',(#4334),#4327,.F.);
#4342=EDGE_CURVE('',#2396,#2420,#1093,.T.);
#4348=ADVANCED_FACE('',(#4347),#4340,.F.);
#4355=EDGE_CURVE('',#2418,#2398,#1089,.T.);
#4361=ADVANCED_FACE('',(#4360),#4353,.T.);
#4373=ADVANCED_FACE('',(#4372),#4366,.F.);
#4385=ADVANCED_FACE('',(#4384),#4378,.F.);
#4397=ADVANCED_FACE('',(#4396),#4390,.F.);
#4406=EDGE_CURVE('',#2232,#2222,#1129,.T.);
#4410=ADVANCED_FACE('',(#4409),#4402,.T.);
#4419=EDGE_CURVE('',#2234,#2220,#1137,.T.);
#4423=ADVANCED_FACE('',(#4422),#4415,.T.);
#4432=EDGE_CURVE('',#2444,#2218,#1149,.T.);
#4434=EDGE_CURVE('',#2446,#2444,#1157,.T.);
#4436=EDGE_CURVE('',#2448,#2446,#1165,.T.);
#4438=EDGE_CURVE('',#2450,#2448,#1567,.T.);
#4440=EDGE_CURVE('',#2244,#2450,#1733,.T.);
#4443=EDGE_CURVE('',#2236,#2242,#2017,.T.);
#4447=ADVANCED_FACE('',(#4446),#4428,.F.);
#4453=EDGE_CURVE('',#2444,#2452,#1161,.T.);
#4457=EDGE_CURVE('',#2454,#2216,#1985,.T.);
#4459=EDGE_CURVE('',#2456,#2454,#1801,.T.);
#4461=EDGE_CURVE('',#2452,#2456,#1969,.T.);
#4465=ADVANCED_FACE('',(#4464),#4452,.T.);
#4472=EDGE_CURVE('',#2446,#2288,#1169,.T.);
#4476=EDGE_CURVE('',#2458,#2452,#1965,.T.);
#4478=EDGE_CURVE('',#2290,#2458,#1957,.T.);
#4482=ADVANCED_FACE('',(#4481),#4470,.T.);
#4491=EDGE_CURVE('',#2460,#2286,#1181,.T.);
#4493=EDGE_CURVE('',#2448,#2460,#1547,.T.);
#4497=ADVANCED_FACE('',(#4496),#4487,.F.);
#4503=EDGE_CURVE('',#2463,#2464,#1177,.T.);
#4505=EDGE_CURVE('',#2466,#2464,#1599,.T.);
#4507=EDGE_CURVE('',#2468,#2466,#1575,.T.);
#4509=EDGE_CURVE('',#2460,#2468,#1551,.T.);
#4513=EDGE_CURVE('',#2470,#2284,#1535,.T.);
#4515=EDGE_CURVE('',#2472,#2470,#1342,.T.);
#4517=EDGE_CURVE('',#2472,#2474,#1189,.T.);
#4519=EDGE_CURVE('',#2474,#2476,#1193,.T.);
#4521=EDGE_CURVE('',#2478,#2476,#1280,.T.);
#4523=EDGE_CURVE('',#2480,#2478,#1354,.T.);
#4525=EDGE_CURVE('',#2482,#2480,#1338,.T.);
#4527=EDGE_CURVE('',#2463,#2482,#1326,.T.);
#4531=ADVANCED_FACE('',(#4530),#4502,.T.);
#4538=EDGE_CURVE('',#2484,#2463,#1322,.T.);
#4540=EDGE_CURVE('',#2484,#2486,#1198,.T.);
#4542=EDGE_CURVE('',#2488,#2486,#2001,.T.);
#4544=EDGE_CURVE('',#2488,#2490,#1203,.T.);
#4546=EDGE_CURVE('',#2490,#2492,#1208,.T.);
#4548=EDGE_CURVE('',#2494,#2492,#1765,.T.);
#4550=EDGE_CURVE('',#2494,#2496,#1213,.T.);
#4552=EDGE_CURVE('',#2496,#2498,#1218,.T.);
#4554=EDGE_CURVE('',#2500,#2498,#1905,.T.);
#4556=EDGE_CURVE('',#2500,#2502,#1223,.T.);
#4558=EDGE_CURVE('',#2502,#2504,#1228,.T.);
#4560=EDGE_CURVE('',#2506,#2504,#1885,.T.);
#4562=EDGE_CURVE('',#2506,#2508,#1233,.T.);
#4564=EDGE_CURVE('',#2508,#2510,#1238,.T.);
#4566=EDGE_CURVE('',#2512,#2510,#1865,.T.);
#4568=EDGE_CURVE('',#2512,#2514,#1243,.T.);
#4570=EDGE_CURVE('',#2516,#2514,#1849,.T.);
#4572=EDGE_CURVE('',#2516,#2518,#1248,.T.);
#4574=EDGE_CURVE('',#2520,#2518,#1837,.T.);
#4576=EDGE_CURVE('',#2520,#2522,#1253,.T.);
#4578=EDGE_CURVE('',#2524,#2522,#1825,.T.);
#4580=EDGE_CURVE('',#2524,#2526,#1258,.T.);
#4582=EDGE_CURVE('',#2526,#2528,#1262,.T.);
#4584=EDGE_CURVE('',#2528,#2530,#1267,.T.);
#4586=EDGE_CURVE('',#2530,#2532,#1271,.T.);
#4588=EDGE_CURVE('',#2534,#2532,#1366,.T.);
#4590=EDGE_CURVE('',#2534,#2478,#1276,.T.);
#4593=EDGE_CURVE('',#2536,#2476,#1695,.T.);
#4595=EDGE_CURVE('',#2536,#2538,#1285,.T.);
#4597=EDGE_CURVE('',#2540,#2538,#1683,.T.);
#4599=EDGE_CURVE('',#2540,#2542,#1290,.T.);
#4601=EDGE_CURVE('',#2544,#2542,#1721,.T.);
#4603=EDGE_CURVE('',#2546,#2544,#1663,.T.);
#4605=EDGE_CURVE('',#2546,#2548,#1295,.T.);
#4607=EDGE_CURVE('',#2550,#2548,#1643,.T.);
#4609=EDGE_CURVE('',#2550,#2552,#1300,.T.);
#4611=EDGE_CURVE('',#2554,#2552,#1623,.T.);
#4613=EDGE_CURVE('',#2556,#2554,#1615,.T.);
#4615=EDGE_CURVE('',#2556,#2558,#1305,.T.);
#4617=EDGE_CURVE('',#2558,#2560,#1310,.T.);
#4619=EDGE_CURVE('',#2464,#2560,#1587,.T.);
#4623=ADVANCED_FACE('',(#4622),#4536,.F.);
#4629=EDGE_CURVE('',#2463,#2562,#1314,.T.);
#4631=EDGE_CURVE('',#2562,#2564,#1318,.T.);
#4633=EDGE_CURVE('',#2484,#2564,#2009,.T.);
#4638=ADVANCED_FACE('',(#4637),#4628,.F.);
#4646=EDGE_CURVE('',#2566,#2482,#1334,.T.);
#4648=EDGE_CURVE('',#2568,#2566,#1761,.T.);
#4650=EDGE_CURVE('',#2570,#2568,#1523,.T.);
#4652=EDGE_CURVE('',#2570,#2562,#1330,.T.);
#4656=ADVANCED_FACE('',(#4655),#4643,.T.);
#4662=EDGE_CURVE('',#2572,#2480,#1350,.T.);
#4664=EDGE_CURVE('',#2566,#2572,#1777,.T.);
#4670=ADVANCED_FACE('',(#4669),#4661,.T.);
#4676=EDGE_CURVE('',#2472,#2478,#1358,.T.);
#4679=EDGE_CURVE('',#2574,#2470,#1531,.T.);
#4681=EDGE_CURVE('',#2576,#2574,#1929,.T.);
#4683=EDGE_CURVE('',#2576,#2532,#1346,.T.);
#4685=EDGE_CURVE('',#2572,#2532,#1785,.T.);
#4691=ADVANCED_FACE('',(#4690),#4675,.F.);
#4699=EDGE_CURVE('',#2534,#2578,#1362,.T.);
#4701=EDGE_CURVE('',#2472,#2578,#1417,.T.);
#4705=ADVANCED_FACE('',(#4704),#4696,.F.);
#4712=EDGE_CURVE('',#2578,#2576,#1421,.T.);
#4718=ADVANCED_FACE('',(#4717),#4710,.T.);
#4724=EDGE_CURVE('',#2580,#2562,#1511,.T.);
#4726=EDGE_CURVE('',#2580,#2582,#1370,.T.);
#4728=EDGE_CURVE('',#2582,#2584,#1375,.T.);
#4730=EDGE_CURVE('',#2584,#2586,#1380,.T.);
#4732=EDGE_CURVE('',#2588,#2586,#1619,.T.);
#4734=EDGE_CURVE('',#2590,#2588,#1627,.T.);
#4736=EDGE_CURVE('',#2590,#2592,#1385,.T.);
#4738=EDGE_CURVE('',#2594,#2592,#1647,.T.);
#4740=EDGE_CURVE('',#2594,#2596,#1390,.T.);
#4742=EDGE_CURVE('',#2596,#2598,#1394,.T.);
#4744=EDGE_CURVE('',#2600,#2598,#1704,.T.);
#4746=EDGE_CURVE('',#2600,#2602,#1399,.T.);
#4748=EDGE_CURVE('',#2602,#2604,#1403,.T.);
#4750=EDGE_CURVE('',#2604,#2606,#1408,.T.);
#4752=EDGE_CURVE('',#2606,#2474,#1412,.T.);
#4757=EDGE_CURVE('',#2608,#2576,#1925,.T.);
#4759=EDGE_CURVE('',#2608,#2610,#1426,.T.);
#4761=EDGE_CURVE('',#2610,#2612,#1430,.T.);
#4763=EDGE_CURVE('',#2612,#2614,#1435,.T.);
#4765=EDGE_CURVE('',#2614,#2616,#1439,.T.);
#4767=EDGE_CURVE('',#2616,#2618,#1444,.T.);
#4769=EDGE_CURVE('',#2618,#2620,#1448,.T.);
#4771=EDGE_CURVE('',#2620,#2622,#1453,.T.);
#4773=EDGE_CURVE('',#2624,#2622,#1853,.T.);
#4775=EDGE_CURVE('',#2624,#2626,#1458,.T.);
#4777=EDGE_CURVE('',#2628,#2626,#1869,.T.);
#4779=EDGE_CURVE('',#2628,#2630,#1463,.T.);
#4781=EDGE_CURVE('',#2630,#2632,#1468,.T.);
#4783=EDGE_CURVE('',#2634,#2632,#1889,.T.);
#4785=EDGE_CURVE('',#2634,#2636,#1473,.T.);
#4787=EDGE_CURVE('',#2636,#2638,#1478,.T.);
#4789=EDGE_CURVE('',#2640,#2638,#1909,.T.);
#4791=EDGE_CURVE('',#2640,#2642,#1483,.T.);
#4793=EDGE_CURVE('',#2642,#2644,#1488,.T.);
#4795=EDGE_CURVE('',#2644,#2646,#1492,.T.);
#4797=EDGE_CURVE('',#2646,#2648,#1497,.T.);
#4799=EDGE_CURVE('',#2648,#2650,#1502,.T.);
#4801=EDGE_CURVE('',#2652,#2650,#2005,.T.);
#4803=EDGE_CURVE('',#2652,#2564,#1507,.T.);
#4808=ADVANCED_FACE('',(#4807),#4723,.T.);
#4816=EDGE_CURVE('',#2654,#2570,#1519,.T.);
#4818=EDGE_CURVE('',#2580,#2654,#1591,.T.);
#4822=ADVANCED_FACE('',(#4821),#4813,.T.);
#4828=EDGE_CURVE('',#2657,#2658,#1543,.T.);
#4830=EDGE_CURVE('',#2657,#2654,#1515,.T.);
#4834=EDGE_CURVE('',#2298,#2568,#1757,.T.);
#4837=EDGE_CURVE('',#2574,#2296,#1933,.T.);
#4842=EDGE_CURVE('',#2660,#2282,#1725,.T.);
#4844=EDGE_CURVE('',#2658,#2660,#1559,.T.);
#4848=ADVANCED_FACE('',(#4847),#4827,.F.);
#4854=EDGE_CURVE('',#2662,#2658,#1555,.T.);
#4856=EDGE_CURVE('',#2664,#2662,#1583,.T.);
#4858=EDGE_CURVE('',#2657,#2664,#1595,.T.);
#4863=ADVANCED_FACE('',(#4862),#4853,.T.);
#4871=EDGE_CURVE('',#2662,#2468,#1571,.T.);
#4875=EDGE_CURVE('',#2660,#2248,#1563,.T.);
#4877=EDGE_CURVE('',#2450,#2248,#1737,.T.);
#4882=ADVANCED_FACE('',(#4881),#4868,.F.);
#4890=EDGE_CURVE('',#2466,#2664,#1579,.T.);
#4895=ADVANCED_FACE('',(#4894),#4887,.T.);
#4902=EDGE_CURVE('',#2582,#2560,#1603,.T.);
#4912=ADVANCED_FACE('',(#4911),#4900,.F.);
#4920=EDGE_CURVE('',#2584,#2558,#1611,.T.);
#4925=ADVANCED_FACE('',(#4924),#4917,.F.);
#4932=EDGE_CURVE('',#2556,#2586,#1607,.T.);
#4938=ADVANCED_FACE('',(#4937),#4930,.T.);
#4945=EDGE_CURVE('',#2588,#2554,#1631,.T.);
#4951=ADVANCED_FACE('',(#4950),#4943,.F.);
#4958=EDGE_CURVE('',#2590,#2552,#1639,.T.);
#4964=ADVANCED_FACE('',(#4963),#4956,.F.);
#4971=EDGE_CURVE('',#2550,#2592,#1635,.T.);
#4977=ADVANCED_FACE('',(#4976),#4969,.T.);
#4984=EDGE_CURVE('',#2594,#2548,#1655,.T.);
#4990=ADVANCED_FACE('',(#4989),#4982,.T.);
#4997=EDGE_CURVE('',#2546,#2596,#1651,.T.);
#5003=ADVANCED_FACE('',(#5002),#4995,.F.);
#5009=EDGE_CURVE('',#2667,#2668,#1671,.T.);
#5011=EDGE_CURVE('',#2667,#2598,#1659,.T.);
#5016=EDGE_CURVE('',#2544,#2668,#1667,.T.);
#5020=ADVANCED_FACE('',(#5019),#5008,.F.);
#5026=EDGE_CURVE('',#2671,#2672,#1679,.T.);
#5028=EDGE_CURVE('',#2667,#2671,#1708,.T.);
#5031=EDGE_CURVE('',#2672,#2668,#1717,.T.);
#5035=ADVANCED_FACE('',(#5034),#5025,.T.);
#5042=EDGE_CURVE('',#2540,#2602,#1675,.T.);
#5045=EDGE_CURVE('',#2671,#2600,#1700,.T.);
#5048=EDGE_CURVE('',#2542,#2672,#1713,.T.);
#5052=ADVANCED_FACE('',(#5051),#5040,.F.);
#5059=EDGE_CURVE('',#2604,#2538,#1691,.T.);
#5065=ADVANCED_FACE('',(#5064),#5057,.T.);
#5072=EDGE_CURVE('',#2536,#2606,#1687,.T.);
#5078=ADVANCED_FACE('',(#5077),#5070,.T.);
#5090=ADVANCED_FACE('',(#5089),#5083,.T.);
#5102=ADVANCED_FACE('',(#5101),#5095,.T.);
#5114=ADVANCED_FACE('',(#5113),#5107,.T.);
#5126=ADVANCED_FACE('',(#5125),#5119,.F.);
#5138=ADVANCED_FACE('',(#5137),#5131,.F.);
#5144=EDGE_CURVE('',#2566,#2300,#1749,.T.);
#5152=EDGE_CURVE('',#2646,#2492,#1989,.T.);
#5155=EDGE_CURVE('',#2494,#2644,#1917,.T.);
#5159=ADVANCED_FACE('',(#5150,#5158),#5143,.T.);
#5165=EDGE_CURVE('',#2572,#2302,#1769,.T.);
#5172=ADVANCED_FACE('',(#5171),#5164,.T.);
#5179=EDGE_CURVE('',#2454,#2530,#1805,.T.);
#5181=EDGE_CURVE('',#2304,#2454,#1981,.T.);
#5188=ADVANCED_FACE('',(#5187),#5177,.F.);
#5194=EDGE_CURVE('',#2608,#2530,#1809,.T.);
#5196=EDGE_CURVE('',#2608,#2674,#1789,.T.);
#5198=EDGE_CURVE('',#2674,#2676,#1793,.T.);
#5200=EDGE_CURVE('',#2676,#2456,#1797,.T.);
#5206=ADVANCED_FACE('',(#5205),#5193,.F.);
#5214=EDGE_CURVE('',#2528,#2610,#1813,.T.);
#5219=ADVANCED_FACE('',(#5218),#5211,.T.);
#5226=EDGE_CURVE('',#2612,#2526,#1821,.T.);
#5232=ADVANCED_FACE('',(#5231),#5224,.T.);
#5239=EDGE_CURVE('',#2524,#2614,#1817,.T.);
#5245=ADVANCED_FACE('',(#5244),#5237,.T.);
#5252=EDGE_CURVE('',#2616,#2522,#1833,.T.);
#5258=ADVANCED_FACE('',(#5257),#5250,.F.);
#5265=EDGE_CURVE('',#2520,#2618,#1829,.T.);
#5271=ADVANCED_FACE('',(#5270),#5263,.T.);
#5278=EDGE_CURVE('',#2620,#2518,#1845,.T.);
#5284=ADVANCED_FACE('',(#5283),#5276,.F.);
#5291=EDGE_CURVE('',#2516,#2622,#1841,.T.);
#5297=ADVANCED_FACE('',(#5296),#5289,.F.);
#5304=EDGE_CURVE('',#2624,#2514,#1861,.T.);
#5310=ADVANCED_FACE('',(#5309),#5302,.F.);
#5317=EDGE_CURVE('',#2512,#2626,#1857,.T.);
#5323=ADVANCED_FACE('',(#5322),#5315,.T.);
#5330=EDGE_CURVE('',#2628,#2510,#1873,.T.);
#5336=ADVANCED_FACE('',(#5335),#5328,.F.);
#5343=EDGE_CURVE('',#2630,#2508,#1881,.T.);
#5349=ADVANCED_FACE('',(#5348),#5341,.F.);
#5356=EDGE_CURVE('',#2506,#2632,#1877,.T.);
#5362=ADVANCED_FACE('',(#5361),#5354,.T.);
#5369=EDGE_CURVE('',#2634,#2504,#1893,.T.);
#5375=ADVANCED_FACE('',(#5374),#5367,.F.);
#5382=EDGE_CURVE('',#2636,#2502,#1901,.T.);
#5388=ADVANCED_FACE('',(#5387),#5380,.T.);
#5395=EDGE_CURVE('',#2500,#2638,#1897,.T.);
#5401=ADVANCED_FACE('',(#5400),#5393,.F.);
#5408=EDGE_CURVE('',#2640,#2498,#1913,.T.);
#5414=ADVANCED_FACE('',(#5413),#5406,.F.);
#5421=EDGE_CURVE('',#2642,#2496,#1921,.T.);
#5427=ADVANCED_FACE('',(#5426),#5419,.F.);
#5439=ADVANCED_FACE('',(#5438),#5432,.T.);
#5449=EDGE_CURVE('',#2674,#2294,#1941,.T.);
#5454=ADVANCED_FACE('',(#5453),#5444,.F.);
#5463=EDGE_CURVE('',#2674,#2290,#1953,.T.);
#5467=ADVANCED_FACE('',(#5466),#5459,.T.);
#5475=EDGE_CURVE('',#2676,#2458,#1961,.T.);
#5480=ADVANCED_FACE('',(#5479),#5472,.T.);
#5492=ADVANCED_FACE('',(#5491),#5485,.F.);
#5504=ADVANCED_FACE('',(#5503),#5497,.T.);
#5512=EDGE_CURVE('',#2648,#2490,#1997,.T.);
#5517=ADVANCED_FACE('',(#5516),#5509,.T.);
#5524=EDGE_CURVE('',#2488,#2650,#1993,.T.);
#5530=ADVANCED_FACE('',(#5529),#5522,.F.);
#5537=EDGE_CURVE('',#2652,#2486,#2013,.T.);
#5543=ADVANCED_FACE('',(#5542),#5535,.F.);
#5555=ADVANCED_FACE('',(#5554),#5548,.F.);
#5567=ADVANCED_FACE('',(#5566),#5560,.F.);
#5573=EDGE_CURVE('',#2256,#2278,#2041,.T.);
#5581=ADVANCED_FACE('',(#5580),#5572,.T.);
#5595=ADVANCED_FACE('',(#5594),#5586,.T.);
#5602=EDGE_CURVE('',#2803,#2797,#2061,.T.);
#5604=EDGE_CURVE('',#2801,#2803,#2069,.T.);
#5606=EDGE_CURVE('',#2780,#2801,#2083,.T.);
#5612=ADVANCED_FACE('',(#5611),#5600,.T.);
#5619=EDGE_CURVE('',#2800,#2803,#2057,.T.);
#5625=ADVANCED_FACE('',(#5624),#5617,.F.);
#5632=EDGE_CURVE('',#2801,#2798,#2087,.T.);
#5638=ADVANCED_FACE('',(#5637),#5630,.T.);
#5650=ADVANCED_FACE('',(#5649),#5643,.T.);
#5657=EDGE_CURVE('',#2308,#2210,#2103,.T.);
#5663=ADVANCED_FACE('',(#5662),#5655,.F.);
#5672=EDGE_CURVE('',#2208,#2310,#2111,.T.);
#5676=ADVANCED_FACE('',(#5675),#5668,.F.);
#5688=ADVANCED_FACE('',(#5687),#5681,.T.);
#5695=EDGE_CURVE('',#2203,#2728,#2116,.T.);
#5700=ADVANCED_FACE('',(#5699),#5693,.F.);
#5712=ADVANCED_FACE('',(#5711),#5705,.F.);
#5720=EDGE_CURVE('',#2718,#2714,#2136,.T.);
#5722=EDGE_CURVE('',#2346,#2718,#2144,.T.);
#5726=ADVANCED_FACE('',(#5725),#5717,.F.);
#5732=EDGE_CURVE('',#2718,#2720,#2149,.T.);
#5736=EDGE_CURVE('',#2720,#2712,#2172,.T.);
#5740=ADVANCED_FACE('',(#5739),#5731,.F.);
#5749=EDGE_CURVE('',#2720,#2722,#2154,.T.);
#5751=EDGE_CURVE('',#2724,#2722,#2180,.T.);
#5753=EDGE_CURVE('',#2724,#2726,#2159,.T.);
#5755=EDGE_CURVE('',#2726,#2716,#2163,.T.);
#5757=EDGE_CURVE('',#2716,#2345,#2168,.T.);
#5761=ADVANCED_FACE('',(#5760),#5745,.F.);
#5770=EDGE_CURVE('',#2710,#2722,#2176,.T.);
#5774=ADVANCED_FACE('',(#5773),#5766,.T.);
#5783=EDGE_CURVE('',#2724,#2708,#2188,.T.);
#5787=ADVANCED_FACE('',(#5786),#5779,.F.);
#5796=EDGE_CURVE('',#2706,#2726,#2192,.T.);
#5800=ADVANCED_FACE('',(#5799),#5792,.T.);
#5809=EDGE_CURVE('',#2716,#2705,#2200,.T.);
#5813=ADVANCED_FACE('',(#5812),#5805,.T.);
#5825=ADVANCED_FACE('',(#5824),#5818,.T.);
#5828=(LENGTH_UNIT()NAMED_UNIT(*)SI_UNIT(.MILLI.,.METRE.));
#5829=(NAMED_UNIT(*)PLANE_ANGLE_UNIT()SI_UNIT($,.RADIAN.));
#5832=(NAMED_UNIT(*)SI_UNIT($,.STERADIAN.)SOLID_ANGLE_UNIT());
#5834=(GEOMETRIC_REPRESENTATION_CONTEXT(3)GLOBAL_UNCERTAINTY_ASSIGNED_CONTEXT((
#5833))GLOBAL_UNIT_ASSIGNED_CONTEXT((#5828,#5831,#5832))REPRESENTATION_CONTEXT(
'ID1','3'));
#5838=AXIS2_PLACEMENT_3D('',#5835,#5836,#5837);
#5839=ADVANCED_BREP_SHAPE_REPRESENTATION('',(#5838,#5827),#5834);
#5846=PRODUCT_DEFINITION('part definition','',#5845,#5842);
#5847=PRODUCT_DEFINITION_SHAPE('','SHAPE FOR F331_L.',#5846);
#5848=SHAPE_ASPECT('','solid data associated with F331_L',#5847,.F.);
#5849=PROPERTY_DEFINITION('',
'shape for solid data with which properties are associated',#5848);
#5850=SHAPE_REPRESENTATION('',(#5827),#5834);
#5851=SHAPE_DEFINITION_REPRESENTATION(#5849,#5850);
#5852=(LENGTH_UNIT()NAMED_UNIT(*)SI_UNIT(.MILLI.,.METRE.));
#5856=PROPERTY_DEFINITION('geometric validation property','area of F331_L',
#5848);
#5857=REPRESENTATION('surface area',(#5855),#5834);
#5858=PROPERTY_DEFINITION_REPRESENTATION(#5856,#5857);
#5859=(LENGTH_UNIT()NAMED_UNIT(*)SI_UNIT(.MILLI.,.METRE.));
#5863=PROPERTY_DEFINITION('geometric validation property','volume of F331_L',
#5848);
#5864=REPRESENTATION('volume',(#5862),#5834);
#5865=PROPERTY_DEFINITION_REPRESENTATION(#5863,#5864);
#5867=PROPERTY_DEFINITION('geometric validation property','centroid of F331_L',
#5848);
#5868=REPRESENTATION('centroid',(#5866),#5834);
#5869=PROPERTY_DEFINITION_REPRESENTATION(#5867,#5868);
#5870=(LENGTH_UNIT()NAMED_UNIT(*)SI_UNIT(.MILLI.,.METRE.));
#5874=PROPERTY_DEFINITION('geometric validation property','area of F331_L',
#5847);
#5875=REPRESENTATION('surface area',(#5873),#5834);
#5876=PROPERTY_DEFINITION_REPRESENTATION(#5874,#5875);
#5877=(LENGTH_UNIT()NAMED_UNIT(*)SI_UNIT(.MILLI.,.METRE.));
#5881=PROPERTY_DEFINITION('geometric validation property','volume of F331_L',
#5847);
#5882=REPRESENTATION('volume',(#5880),#5834);
#5883=PROPERTY_DEFINITION_REPRESENTATION(#5881,#5882);
#5885=PROPERTY_DEFINITION('geometric validation property','centroid of F331_L',
#5847);
#5886=REPRESENTATION('centroid',(#5884),#5834);
#5887=PROPERTY_DEFINITION_REPRESENTATION(#5885,#5886);
#5888=SHAPE_DEFINITION_REPRESENTATION(#5847,#5839);
#5889=SHAPE_DEFINITION_REPRESENTATION(#5890,#5891);
#5890=PRODUCT_DEFINITION_SHAPE('','SHAPE FOR F331_30PIN_ASM.',#15922);
#5891=SHAPE_REPRESENTATION('',(#5901,#9195,#9208,#9221,#9234,#9247,#9260,#9273,
#9286,#9299,#9312,#9325,#9338,#9351,#9364,#9377,#9390,#9403,#9416,#9429,#9442,
#9455,#9468,#9481,#9494,#9507,#9520,#9533,#9546,#15904,#15918),#15914);
#5892=NEXT_ASSEMBLY_USAGE_OCCURRENCE('159','Next assembly relationship',
'F331_L',#15922,#5846,$);
#5893=PRODUCT_DEFINITION_SHAPE('Placement #159',
'Placement of F331_L with respect to F331_30PIN_ASM',#5892);
#5895=PROPERTY_DEFINITION('geometric validation property','centroid of F331_L',
#5893);
#5896=REPRESENTATION('centroid',(#5894),#5834);
#5897=PROPERTY_DEFINITION_REPRESENTATION(#5895,#5896);
#6021=CIRCLE('',#6020,1.499999999997E-1);
#6030=CIRCLE('',#6029,5.E-2);
#6035=CIRCLE('',#6034,7.E-2);
#6040=CIRCLE('',#6039,5.000000002E-2);
#6053=CIRCLE('',#6052,1.500000000003E-1);
#6058=CIRCLE('',#6057,1.500000000141E-1);
#6067=CIRCLE('',#6066,3.E-2);
#6076=CIRCLE('',#6075,1.E-1);
#6081=CIRCLE('',#6080,5.E-2);
#6086=CIRCLE('',#6085,5.E-2);
#6091=CIRCLE('',#6090,4.E-2);
#6100=CIRCLE('',#6099,5.E-2);
#6113=CIRCLE('',#6112,3.E-2);
#6124=B_SPLINE_CURVE_WITH_KNOTS('',3,(#6118,#6119,#6120,#6121,#6122,#6123),
.UNSPECIFIED.,.F.,.F.,(4,1,1,4),(0.E0,3.333333333333E-1,6.666666666667E-1,1.E0),
.UNSPECIFIED.);
#6137=CIRCLE('',#6136,5.E-2);
#6146=CIRCLE('',#6145,9.999999999990E-2);
#6155=CIRCLE('',#6154,5.E-1);
#6160=CIRCLE('',#6159,8.E-2);
#6165=CIRCLE('',#6164,8.E-2);
#6174=CIRCLE('',#6173,8.E-2);
#6183=CIRCLE('',#6182,1.2E-1);
#6204=CIRCLE('',#6203,1.250000000100E-1);
#6213=CIRCLE('',#6212,1.250000000100E-1);
#6218=CIRCLE('',#6217,1.250000000100E-1);
#6339=CIRCLE('',#6338,5.E-1);
#6348=CIRCLE('',#6347,9.999999999990E-2);
#6357=CIRCLE('',#6356,1.2E-1);
#6398=CIRCLE('',#6397,8.E-2);
#6407=CIRCLE('',#6406,8.E-2);
#6412=CIRCLE('',#6411,4.E-2);
#6417=CIRCLE('',#6416,5.E-2);
#6422=CIRCLE('',#6421,5.E-2);
#6427=CIRCLE('',#6426,1.E-1);
#6436=CIRCLE('',#6435,3.E-2);
#6445=CIRCLE('',#6444,1.500000000141E-1);
#6450=CIRCLE('',#6449,1.500000000003E-1);
#6667=CIRCLE('',#6666,5.E-2);
#6682=B_SPLINE_CURVE_WITH_KNOTS('',3,(#6676,#6677,#6678,#6679,#6680,#6681),
.UNSPECIFIED.,.F.,.F.,(4,1,1,4),(0.E0,3.333333333333E-1,6.666666666667E-1,1.E0),
.UNSPECIFIED.);
#6719=CIRCLE('',#6718,3.E-2);
#6732=CIRCLE('',#6731,5.E-2);
#6767=B_SPLINE_CURVE_WITH_KNOTS('',3,(#6761,#6762,#6763,#6764,#6765,#6766),
.UNSPECIFIED.,.F.,.F.,(4,1,1,4),(0.E0,2.5E-1,5.E-1,1.E0),.UNSPECIFIED.);
#6778=B_SPLINE_CURVE_WITH_KNOTS('',3,(#6772,#6773,#6774,#6775,#6776,#6777),
.UNSPECIFIED.,.F.,.F.,(4,1,1,4),(0.E0,5.E-1,7.5E-1,1.E0),.UNSPECIFIED.);
#6827=B_SPLINE_CURVE_WITH_KNOTS('',3,(#6823,#6824,#6825,#6826),.UNSPECIFIED.,
.F.,.F.,(4,4),(0.E0,1.E0),.UNSPECIFIED.);
#6836=B_SPLINE_CURVE_WITH_KNOTS('',3,(#6832,#6833,#6834,#6835),.UNSPECIFIED.,
.F.,.F.,(4,4),(0.E0,1.E0),.UNSPECIFIED.);
#7041=CIRCLE('',#7040,5.000000002E-2);
#7046=CIRCLE('',#7045,7.E-2);
#7051=CIRCLE('',#7050,5.E-2);
#7060=CIRCLE('',#7059,1.499999999997E-1);
#7105=CIRCLE('',#7104,8.E-2);
#7492=EDGE_CURVE('',#7445,#7446,#5908,.T.);
#7494=EDGE_CURVE('',#7446,#7124,#5912,.T.);
#7496=EDGE_CURVE('',#7124,#7125,#5916,.T.);
#7498=EDGE_CURVE('',#7127,#7125,#7004,.T.);
#7500=EDGE_CURVE('',#7127,#7129,#5920,.T.);
#7502=EDGE_CURVE('',#7129,#7131,#5924,.T.);
#7504=EDGE_CURVE('',#7131,#7133,#5928,.T.);
#7506=EDGE_CURVE('',#7450,#7133,#6458,.T.);
#7508=EDGE_CURVE('',#7449,#7450,#5932,.T.);
#7510=EDGE_CURVE('',#7112,#7449,#7096,.T.);
#7512=EDGE_CURVE('',#7112,#7113,#5936,.T.);
#7514=EDGE_CURVE('',#7115,#7113,#6016,.T.);
#7516=EDGE_CURVE('',#7115,#7117,#5940,.T.);
#7518=EDGE_CURVE('',#7119,#7117,#5968,.T.);
#7520=EDGE_CURVE('',#7119,#7121,#5944,.T.);
#7522=EDGE_CURVE('',#7445,#7121,#5952,.T.);
#7526=ADVANCED_FACE('',(#7525),#7491,.T.);
#7533=EDGE_CURVE('',#7386,#7445,#5948,.T.);
#7535=EDGE_CURVE('',#7384,#7386,#5976,.T.);
#7537=EDGE_CURVE('',#7382,#7384,#6638,.T.);
#7539=EDGE_CURVE('',#7380,#7382,#6626,.T.);
#7541=EDGE_CURVE('',#7378,#7380,#6618,.T.);
#7543=EDGE_CURVE('',#7377,#7378,#6606,.T.);
#7545=EDGE_CURVE('',#7456,#7377,#6590,.T.);
#7547=EDGE_CURVE('',#7374,#7456,#6562,.T.);
#7549=EDGE_CURVE('',#7372,#7374,#6550,.T.);
#7551=EDGE_CURVE('',#7370,#7372,#6538,.T.);
#7553=EDGE_CURVE('',#7368,#7370,#6522,.T.);
#7555=EDGE_CURVE('',#7366,#7368,#6514,.T.);
#7557=EDGE_CURVE('',#7364,#7366,#6502,.T.);
#7559=EDGE_CURVE('',#7363,#7364,#6474,.T.);
#7561=EDGE_CURVE('',#7363,#7446,#7012,.T.);
#7565=ADVANCED_FACE('',(#7564),#7531,.F.);
#7571=EDGE_CURVE('',#7389,#7390,#6258,.T.);
#7573=EDGE_CURVE('',#7474,#7389,#6246,.T.);
#7575=EDGE_CURVE('',#7404,#7474,#6234,.T.);
#7577=EDGE_CURVE('',#7402,#7404,#6226,.T.);
#7579=EDGE_CURVE('',#7400,#7402,#6204,.T.);
#7581=EDGE_CURVE('',#7398,#7400,#6187,.T.);
#7583=EDGE_CURVE('',#7396,#7398,#6322,.T.);
#7585=EDGE_CURVE('',#7394,#7396,#6310,.T.);
#7587=EDGE_CURVE('',#7392,#7394,#6298,.T.);
#7589=EDGE_CURVE('',#7390,#7392,#6286,.T.);
#7593=ADVANCED_FACE('',(#7592),#7570,.F.);
#7601=EDGE_CURVE('',#7160,#7121,#5956,.T.);
#7603=EDGE_CURVE('',#7386,#7160,#5980,.T.);
#7607=ADVANCED_FACE('',(#7606),#7598,.T.);
#7615=EDGE_CURVE('',#7161,#7119,#5964,.T.);
#7617=EDGE_CURVE('',#7160,#7161,#5984,.T.);
#7621=ADVANCED_FACE('',(#7620),#7612,.F.);
#7627=EDGE_CURVE('',#7163,#7161,#5960,.T.);
#7631=EDGE_CURVE('',#7117,#7163,#5972,.T.);
#7635=ADVANCED_FACE('',(#7634),#7626,.F.);
#7645=EDGE_CURVE('',#7163,#7165,#5988,.T.);
#7647=EDGE_CURVE('',#7165,#7464,#5992,.T.);
#7649=EDGE_CURVE('',#7424,#7464,#5996,.T.);
#7651=EDGE_CURVE('',#7424,#7384,#6000,.T.);
#7655=ADVANCED_FACE('',(#7654),#7640,.T.);
#7661=EDGE_CURVE('',#7165,#7115,#6012,.T.);
#7668=ADVANCED_FACE('',(#7667),#7660,.T.);
#7674=EDGE_CURVE('',#7481,#7482,#6004,.T.);
#7676=EDGE_CURVE('',#7289,#7482,#6373,.T.);
#7678=EDGE_CURVE('',#7288,#7289,#6352,.T.);
#7680=EDGE_CURVE('',#7484,#7288,#6365,.T.);
#7682=EDGE_CURVE('',#7484,#7464,#6008,.T.);
#7687=EDGE_CURVE('',#7285,#7113,#7109,.T.);
#7689=EDGE_CURVE('',#7481,#7285,#7100,.T.);
#7693=ADVANCED_FACE('',(#7692),#7673,.T.);
#7699=EDGE_CURVE('',#7436,#7470,#6195,.T.);
#7701=EDGE_CURVE('',#7470,#7262,#6021,.T.);
#7703=EDGE_CURVE('',#7262,#7263,#6025,.T.);
#7705=EDGE_CURVE('',#7263,#7265,#6030,.T.);
#7707=EDGE_CURVE('',#7267,#7265,#7076,.T.);
#7709=EDGE_CURVE('',#7267,#7269,#6035,.T.);
#7711=EDGE_CURVE('',#7269,#7271,#6040,.T.);
#7713=EDGE_CURVE('',#7271,#7472,#6044,.T.);
#7715=EDGE_CURVE('',#7472,#7438,#6191,.T.);
#7717=EDGE_CURVE('',#7438,#7486,#6218,.T.);
#7719=EDGE_CURVE('',#7486,#7440,#6213,.T.);
#7721=EDGE_CURVE('',#7440,#7442,#6230,.T.);
#7723=EDGE_CURVE('',#7476,#7442,#6238,.T.);
#7725=EDGE_CURVE('',#7476,#7182,#6048,.T.);
#7727=EDGE_CURVE('',#7182,#7183,#6053,.T.);
#7729=EDGE_CURVE('',#7185,#7183,#6980,.T.);
#7731=EDGE_CURVE('',#7185,#7187,#6058,.T.);
#7733=EDGE_CURVE('',#7187,#7189,#6062,.T.);
#7735=EDGE_CURVE('',#7189,#7191,#6067,.T.);
#7737=EDGE_CURVE('',#7191,#7193,#6071,.T.);
#7739=EDGE_CURVE('',#7193,#7195,#6076,.T.);
#7741=EDGE_CURVE('',#7197,#7195,#6920,.T.);
#7743=EDGE_CURVE('',#7199,#7197,#6912,.T.);
#7745=EDGE_CURVE('',#7201,#7199,#6900,.T.);
#7747=EDGE_CURVE('',#7201,#7203,#6081,.T.);
#7749=EDGE_CURVE('',#7205,#7203,#6884,.T.);
#7751=EDGE_CURVE('',#7205,#7207,#6086,.T.);
#7753=EDGE_CURVE('',#7209,#7207,#6868,.T.);
#7755=EDGE_CURVE('',#7211,#7209,#6856,.T.);
#7757=EDGE_CURVE('',#7211,#7452,#6091,.T.);
#7759=EDGE_CURVE('',#7406,#7452,#6482,.T.);
#7761=EDGE_CURVE('',#7406,#7408,#6510,.T.);
#7763=EDGE_CURVE('',#7410,#7408,#6518,.T.);
#7765=EDGE_CURVE('',#7412,#7410,#6530,.T.);
#7767=EDGE_CURVE('',#7412,#7414,#6546,.T.);
#7769=EDGE_CURVE('',#7414,#7454,#6558,.T.);
#7771=EDGE_CURVE('',#7454,#7323,#6095,.T.);
#7773=EDGE_CURVE('',#7322,#7323,#6786,.T.);
#7775=EDGE_CURVE('',#7325,#7322,#6760,.T.);
#7777=EDGE_CURVE('',#7325,#7327,#6100,.T.);
#7779=EDGE_CURVE('',#7327,#7329,#6104,.T.);
#7781=EDGE_CURVE('',#7329,#7331,#6108,.T.);
#7783=EDGE_CURVE('',#7331,#7333,#6113,.T.);
#7785=EDGE_CURVE('',#7460,#7333,#6702,.T.);
#7787=EDGE_CURVE('',#7459,#7460,#6578,.T.);
#7789=EDGE_CURVE('',#7459,#7302,#6117,.T.);
#7791=EDGE_CURVE('',#7302,#7303,#6124,.T.);
#7793=EDGE_CURVE('',#7303,#7305,#6128,.T.);
#7795=EDGE_CURVE('',#7305,#7307,#6132,.T.);
#7797=EDGE_CURVE('',#7307,#7309,#6137,.T.);
#7799=EDGE_CURVE('',#7309,#7462,#6141,.T.);
#7801=EDGE_CURVE('',#7462,#7416,#6598,.T.);
#7803=EDGE_CURVE('',#7416,#7418,#6614,.T.);
#7805=EDGE_CURVE('',#7420,#7418,#6622,.T.);
#7807=EDGE_CURVE('',#7420,#7422,#6630,.T.);
#7809=EDGE_CURVE('',#7424,#7422,#6642,.T.);
#7813=EDGE_CURVE('',#7484,#7292,#6146,.T.);
#7815=EDGE_CURVE('',#7292,#7293,#6150,.T.);
#7817=EDGE_CURVE('',#7293,#7466,#6155,.T.);
#7819=EDGE_CURVE('',#7426,#7466,#6266,.T.);
#7821=EDGE_CURVE('',#7430,#7426,#6294,.T.);
#7823=EDGE_CURVE('',#7432,#7430,#6306,.T.);
#7825=EDGE_CURVE('',#7432,#7434,#6318,.T.);
#7827=EDGE_CURVE('',#7436,#7434,#6326,.T.);
#7832=EDGE_CURVE('',#7481,#7449,#6160,.T.);
#7835=EDGE_CURVE('',#7450,#7214,#6165,.T.);
#7837=EDGE_CURVE('',#7214,#7215,#6169,.T.);
#7839=EDGE_CURVE('',#7215,#7478,#6174,.T.);
#7841=EDGE_CURVE('',#7478,#7428,#6250,.T.);
#7843=EDGE_CURVE('',#7468,#7428,#6278,.T.);
#7845=EDGE_CURVE('',#7468,#7297,#6178,.T.);
#7847=EDGE_CURVE('',#7297,#7482,#6183,.T.);
#7851=ADVANCED_FACE('',(#7830,#7850),#7698,.T.);
#7858=EDGE_CURVE('',#7438,#7400,#6222,.T.);
#7861=EDGE_CURVE('',#7173,#7472,#7024,.T.);
#7863=EDGE_CURVE('',#7172,#7173,#7032,.T.);
#7865=EDGE_CURVE('',#7470,#7172,#7088,.T.);
#7868=EDGE_CURVE('',#7436,#7398,#6199,.T.);
#7872=ADVANCED_FACE('',(#7871),#7856,.F.);
#7879=EDGE_CURVE('',#7402,#7440,#6208,.T.);
#7886=ADVANCED_FACE('',(#7885),#7877,.T.);
#7893=EDGE_CURVE('',#7442,#7404,#6242,.T.);
#7899=ADVANCED_FACE('',(#7898),#7891,.F.);
#7906=EDGE_CURVE('',#7177,#7474,#6254,.T.);
#7908=EDGE_CURVE('',#7176,#7177,#6389,.T.);
#7910=EDGE_CURVE('',#7476,#7176,#6992,.T.);
#7916=ADVANCED_FACE('',(#7915),#7904,.F.);
#7923=EDGE_CURVE('',#7428,#7389,#6282,.T.);
#7926=EDGE_CURVE('',#7179,#7478,#6381,.T.);
#7928=EDGE_CURVE('',#7177,#7179,#6393,.T.);
#7933=ADVANCED_FACE('',(#7932),#7921,.F.);
#7940=EDGE_CURVE('',#7390,#7426,#6262,.T.);
#7943=EDGE_CURVE('',#7168,#7466,#6330,.T.);
#7945=EDGE_CURVE('',#7168,#7169,#6270,.T.);
#7947=EDGE_CURVE('',#7169,#7468,#6274,.T.);
#7953=ADVANCED_FACE('',(#7952),#7938,.T.);
#7960=EDGE_CURVE('',#7392,#7430,#6290,.T.);
#7966=ADVANCED_FACE('',(#7965),#7958,.T.);
#7973=EDGE_CURVE('',#7394,#7432,#6302,.T.);
#7979=ADVANCED_FACE('',(#7978),#7971,.F.);
#7986=EDGE_CURVE('',#7396,#7434,#6314,.T.);
#7992=ADVANCED_FACE('',(#7991),#7984,.T.);
#8004=ADVANCED_FACE('',(#8003),#7997,.T.);
#8012=EDGE_CURVE('',#7293,#7299,#6334,.T.);
#8014=EDGE_CURVE('',#7168,#7299,#6339,.T.);
#8018=ADVANCED_FACE('',(#8017),#8009,.F.);
#8024=EDGE_CURVE('',#7299,#7301,#6343,.T.);
#8028=EDGE_CURVE('',#7301,#7292,#6369,.T.);
#8032=ADVANCED_FACE('',(#8031),#8023,.T.);
#8041=EDGE_CURVE('',#7301,#7288,#6348,.T.);
#8044=EDGE_CURVE('',#7289,#7295,#6357,.T.);
#8046=EDGE_CURVE('',#7295,#7169,#6361,.T.);
#8050=ADVANCED_FACE('',(#8049),#8037,.F.);
#8062=ADVANCED_FACE('',(#8061),#8055,.T.);
#8070=EDGE_CURVE('',#7297,#7295,#6377,.T.);
#8075=ADVANCED_FACE('',(#8074),#8067,.F.);
#8087=ADVANCED_FACE('',(#8086),#8080,.F.);
#8095=EDGE_CURVE('',#7215,#7219,#6385,.T.);
#8097=EDGE_CURVE('',#7179,#7219,#6398,.T.);
#8101=ADVANCED_FACE('',(#8100),#8092,.T.);
#8107=EDGE_CURVE('',#7219,#7221,#6402,.T.);
#8111=EDGE_CURVE('',#7221,#7214,#6462,.T.);
#8115=ADVANCED_FACE('',(#8114),#8106,.T.);
#8125=EDGE_CURVE('',#7221,#7133,#6407,.T.);
#8128=EDGE_CURVE('',#7137,#7131,#6470,.T.);
#8130=EDGE_CURVE('',#7136,#7137,#6486,.T.);
#8132=EDGE_CURVE('',#7136,#7223,#6412,.T.);
#8134=EDGE_CURVE('',#7225,#7223,#6852,.T.);
#8136=EDGE_CURVE('',#7227,#7225,#6860,.T.);
#8138=EDGE_CURVE('',#7227,#7229,#6417,.T.);
#8140=EDGE_CURVE('',#7231,#7229,#6880,.T.);
#8142=EDGE_CURVE('',#7231,#7233,#6422,.T.);
#8144=EDGE_CURVE('',#7235,#7233,#6896,.T.);
#8146=EDGE_CURVE('',#7237,#7235,#6948,.T.);
#8148=EDGE_CURVE('',#7239,#7237,#6924,.T.);
#8150=EDGE_CURVE('',#7239,#7241,#6427,.T.);
#8152=EDGE_CURVE('',#7241,#7243,#6431,.T.);
#8154=EDGE_CURVE('',#7243,#7245,#6436,.T.);
#8156=EDGE_CURVE('',#7245,#7247,#6440,.T.);
#8158=EDGE_CURVE('',#7247,#7249,#6445,.T.);
#8160=EDGE_CURVE('',#7251,#7249,#6976,.T.);
#8162=EDGE_CURVE('',#7251,#7217,#6450,.T.);
#8164=EDGE_CURVE('',#7217,#7176,#6454,.T.);
#8168=ADVANCED_FACE('',(#8167),#8120,.F.);
#8180=ADVANCED_FACE('',(#8179),#8173,.F.);
#8186=EDGE_CURVE('',#7139,#7137,#6466,.T.);
#8190=EDGE_CURVE('',#7139,#7129,#6996,.T.);
#8194=ADVANCED_FACE('',(#8193),#8185,.T.);
#8201=EDGE_CURVE('',#7364,#7406,#6478,.T.);
#8204=EDGE_CURVE('',#7136,#7452,#6844,.T.);
#8208=EDGE_CURVE('',#7139,#7141,#6490,.T.);
#8210=EDGE_CURVE('',#7141,#7143,#6494,.T.);
#8212=EDGE_CURVE('',#7143,#7145,#6498,.T.);
#8214=EDGE_CURVE('',#7363,#7145,#7016,.T.);
#8218=ADVANCED_FACE('',(#8217),#8199,.T.);
#8225=EDGE_CURVE('',#7366,#7408,#6506,.T.);
#8231=ADVANCED_FACE('',(#8230),#8223,.F.);
#8238=EDGE_CURVE('',#7410,#7368,#6534,.T.);
#8244=ADVANCED_FACE('',(#8243),#8236,.F.);
#8251=EDGE_CURVE('',#7370,#7412,#6526,.T.);
#8257=ADVANCED_FACE('',(#8256),#8249,.T.);
#8264=EDGE_CURVE('',#7372,#7414,#6542,.T.);
#8270=ADVANCED_FACE('',(#8269),#8262,.T.);
#8277=EDGE_CURVE('',#7374,#7149,#6554,.T.);
#8279=EDGE_CURVE('',#7148,#7149,#6744,.T.);
#8281=EDGE_CURVE('',#7454,#7148,#6790,.T.);
#8287=ADVANCED_FACE('',(#8286),#8275,.T.);
#8294=EDGE_CURVE('',#7456,#7154,#6566,.T.);
#8296=EDGE_CURVE('',#7154,#7155,#6570,.T.);
#8298=EDGE_CURVE('',#7155,#7459,#6574,.T.);
#8301=EDGE_CURVE('',#7460,#7151,#6582,.T.);
#8303=EDGE_CURVE('',#7151,#7149,#6586,.T.);
#8308=ADVANCED_FACE('',(#8307),#8292,.T.);
#8315=EDGE_CURVE('',#7377,#7416,#6594,.T.);
#8318=EDGE_CURVE('',#7157,#7462,#6650,.T.);
#8320=EDGE_CURVE('',#7157,#7154,#6602,.T.);
#8325=ADVANCED_FACE('',(#8324),#8313,.F.);
#8332=EDGE_CURVE('',#7378,#7418,#6610,.T.);
#8338=ADVANCED_FACE('',(#8337),#8330,.F.);
#8345=EDGE_CURVE('',#7420,#7380,#6634,.T.);
#8351=ADVANCED_FACE('',(#8350),#8343,.T.);
#8358=EDGE_CURVE('',#7422,#7382,#6646,.T.);
#8364=ADVANCED_FACE('',(#8363),#8356,.T.);
#8376=ADVANCED_FACE('',(#8375),#8369,.F.);
#8384=EDGE_CURVE('',#7313,#7309,#6654,.T.);
#8386=EDGE_CURVE('',#7157,#7313,#6662,.T.);
#8390=ADVANCED_FACE('',(#8389),#8381,.F.);
#8396=EDGE_CURVE('',#7313,#7315,#6667,.T.);
#8400=EDGE_CURVE('',#7307,#7315,#6658,.T.);
#8404=ADVANCED_FACE('',(#8403),#8395,.T.);
#8413=EDGE_CURVE('',#7315,#7317,#6671,.T.);
#8415=EDGE_CURVE('',#7317,#7319,#6675,.T.);
#8417=EDGE_CURVE('',#7319,#7311,#6682,.T.);
#8419=EDGE_CURVE('',#7311,#7155,#6686,.T.);
#8424=ADVANCED_FACE('',(#8423),#8409,.F.);
#8433=EDGE_CURVE('',#7317,#7305,#6690,.T.);
#8437=ADVANCED_FACE('',(#8436),#8429,.F.);
#8446=EDGE_CURVE('',#7319,#7303,#6694,.T.);
#8450=ADVANCED_FACE('',(#8449),#8442,.F.);
#8459=EDGE_CURVE('',#7302,#7311,#6698,.T.);
#8463=ADVANCED_FACE('',(#8462),#8455,.F.);
#8475=ADVANCED_FACE('',(#8474),#8468,.F.);
#8483=EDGE_CURVE('',#7341,#7333,#6710,.T.);
#8485=EDGE_CURVE('',#7341,#7151,#6706,.T.);
#8489=ADVANCED_FACE('',(#8488),#8480,.T.);
#8495=EDGE_CURVE('',#7341,#7343,#6719,.T.);
#8499=EDGE_CURVE('',#7331,#7343,#6714,.T.);
#8503=ADVANCED_FACE('',(#8502),#8494,.F.);
#8512=EDGE_CURVE('',#7343,#7345,#6723,.T.);
#8514=EDGE_CURVE('',#7345,#7347,#6727,.T.);
#8516=EDGE_CURVE('',#7347,#7349,#6732,.T.);
#8518=EDGE_CURVE('',#7349,#7351,#6736,.T.);
#8520=EDGE_CURVE('',#7335,#7351,#6802,.T.);
#8522=EDGE_CURVE('',#7335,#7148,#6740,.T.);
#8527=ADVANCED_FACE('',(#8526),#8508,.F.);
#8536=EDGE_CURVE('',#7345,#7329,#6748,.T.);
#8540=ADVANCED_FACE('',(#8539),#8532,.F.);
#8549=EDGE_CURVE('',#7347,#7327,#6752,.T.);
#8553=ADVANCED_FACE('',(#8552),#8545,.T.);
#8562=EDGE_CURVE('',#7325,#7349,#6756,.T.);
#8566=ADVANCED_FACE('',(#8565),#8558,.F.);
#8575=EDGE_CURVE('',#7351,#7322,#6782,.T.);
#8579=ADVANCED_FACE('',(#8578),#8571,.T.);
#8585=EDGE_CURVE('',#7322,#7352,#6767,.T.);
#8587=EDGE_CURVE('',#7352,#7354,#6771,.T.);
#8589=EDGE_CURVE('',#7354,#7351,#6778,.T.);
#8594=ADVANCED_FACE('',(#8593),#8584,.F.);
#8602=EDGE_CURVE('',#7339,#7323,#6798,.T.);
#8604=EDGE_CURVE('',#7355,#7339,#6827,.T.);
#8606=EDGE_CURVE('',#7357,#7355,#6818,.T.);
#8608=EDGE_CURVE('',#7352,#7357,#6806,.T.);
#8612=ADVANCED_FACE('',(#8611),#8599,.T.);
#8620=EDGE_CURVE('',#7335,#7337,#6794,.T.);
#8622=EDGE_CURVE('',#7339,#7337,#6831,.T.);
#8628=ADVANCED_FACE('',(#8627),#8617,.T.);
#8635=EDGE_CURVE('',#7360,#7354,#6814,.T.);
#8637=EDGE_CURVE('',#7358,#7360,#6822,.T.);
#8639=EDGE_CURVE('',#7337,#7358,#6836,.T.);
#8645=ADVANCED_FACE('',(#8644),#8633,.T.);
#8652=EDGE_CURVE('',#7357,#7360,#6810,.T.);
#8658=ADVANCED_FACE('',(#8657),#8650,.F.);
#8665=EDGE_CURVE('',#7358,#7355,#6840,.T.);
#8671=ADVANCED_FACE('',(#8670),#8663,.T.);
#8683=ADVANCED_FACE('',(#8682),#8676,.T.);
#8691=EDGE_CURVE('',#7211,#7223,#6848,.T.);
#8696=ADVANCED_FACE('',(#8695),#8688,.T.);
#8705=EDGE_CURVE('',#7225,#7209,#6864,.T.);
#8709=ADVANCED_FACE('',(#8708),#8701,.T.);
#8718=EDGE_CURVE('',#7227,#7207,#6872,.T.);
#8722=ADVANCED_FACE('',(#8721),#8714,.F.);
#8731=EDGE_CURVE('',#7205,#7229,#6876,.T.);
#8735=ADVANCED_FACE('',(#8734),#8727,.T.);
#8744=EDGE_CURVE('',#7231,#7203,#6888,.T.);
#8748=ADVANCED_FACE('',(#8747),#8740,.F.);
#8757=EDGE_CURVE('',#7201,#7233,#6892,.T.);
#8761=ADVANCED_FACE('',(#8760),#8753,.F.);
#8770=EDGE_CURVE('',#7199,#7253,#6904,.T.);
#8772=EDGE_CURVE('',#7255,#7253,#6932,.T.);
#8774=EDGE_CURVE('',#7255,#7235,#6908,.T.);
#8778=ADVANCED_FACE('',(#8777),#8766,.F.);
#8786=EDGE_CURVE('',#7257,#7197,#6916,.T.);
#8788=EDGE_CURVE('',#7253,#7257,#6936,.T.);
#8792=ADVANCED_FACE('',(#8791),#8783,.F.);
#8798=EDGE_CURVE('',#7257,#7259,#6940,.T.);
#8802=EDGE_CURVE('',#7239,#7195,#6952,.T.);
#8805=EDGE_CURVE('',#7237,#7259,#6928,.T.);
#8809=ADVANCED_FACE('',(#8808),#8797,.T.);
#8818=EDGE_CURVE('',#7255,#7259,#6944,.T.);
#8822=ADVANCED_FACE('',(#8821),#8814,.F.);
#8834=ADVANCED_FACE('',(#8833),#8827,.F.);
#8843=EDGE_CURVE('',#7193,#7241,#6956,.T.);
#8847=ADVANCED_FACE('',(#8846),#8839,.F.);
#8856=EDGE_CURVE('',#7243,#7191,#6960,.T.);
#8860=ADVANCED_FACE('',(#8859),#8852,.T.);
#8869=EDGE_CURVE('',#7189,#7245,#6964,.T.);
#8873=ADVANCED_FACE('',(#8872),#8865,.T.);
#8882=EDGE_CURVE('',#7247,#7187,#6968,.T.);
#8886=ADVANCED_FACE('',(#8885),#8878,.T.);
#8895=EDGE_CURVE('',#7185,#7249,#6972,.T.);
#8899=ADVANCED_FACE('',(#8898),#8891,.F.);
#8908=EDGE_CURVE('',#7251,#7183,#6984,.T.);
#8912=ADVANCED_FACE('',(#8911),#8904,.T.);
#8921=EDGE_CURVE('',#7182,#7217,#6988,.T.);
#8925=ADVANCED_FACE('',(#8924),#8917,.F.);
#8937=ADVANCED_FACE('',(#8936),#8930,.T.);
#8946=EDGE_CURVE('',#7141,#7127,#7000,.T.);
#8950=ADVANCED_FACE('',(#8949),#8942,.T.);
#8959=EDGE_CURVE('',#7125,#7143,#7008,.T.);
#8963=ADVANCED_FACE('',(#8962),#8955,.F.);
#8972=EDGE_CURVE('',#7145,#7124,#7020,.T.);
#8976=ADVANCED_FACE('',(#8975),#8968,.F.);
#8988=ADVANCED_FACE('',(#8987),#8981,.T.);
#8996=EDGE_CURVE('',#7275,#7271,#7028,.T.);
#8998=EDGE_CURVE('',#7173,#7275,#7036,.T.);
#9002=ADVANCED_FACE('',(#9001),#8993,.F.);
#9008=EDGE_CURVE('',#7275,#7277,#7041,.T.);
#9012=EDGE_CURVE('',#7277,#7269,#7064,.T.);
#9016=ADVANCED_FACE('',(#9015),#9007,.F.);
#9025=EDGE_CURVE('',#7277,#7279,#7046,.T.);
#9027=EDGE_CURVE('',#7281,#7279,#7072,.T.);
#9029=EDGE_CURVE('',#7281,#7283,#7051,.T.);
#9031=EDGE_CURVE('',#7283,#7273,#7055,.T.);
#9033=EDGE_CURVE('',#7273,#7172,#7060,.T.);
#9037=ADVANCED_FACE('',(#9036),#9021,.F.);
#9046=EDGE_CURVE('',#7267,#7279,#7068,.T.);
#9050=ADVANCED_FACE('',(#9049),#9042,.T.);
#9059=EDGE_CURVE('',#7281,#7265,#7080,.T.);
#9063=ADVANCED_FACE('',(#9062),#9055,.F.);
#9072=EDGE_CURVE('',#7263,#7283,#7084,.T.);
#9076=ADVANCED_FACE('',(#9075),#9068,.T.);
#9085=EDGE_CURVE('',#7273,#7262,#7092,.T.);
#9089=ADVANCED_FACE('',(#9088),#9081,.T.);
#9101=ADVANCED_FACE('',(#9100),#9094,.T.);
#9110=EDGE_CURVE('',#7112,#7285,#7105,.T.);
#9114=ADVANCED_FACE('',(#9113),#9106,.F.);
#9125=ADVANCED_FACE('',(#9124),#9119,.F.);
#9128=(LENGTH_UNIT()NAMED_UNIT(*)SI_UNIT(.MILLI.,.METRE.));
#9129=(NAMED_UNIT(*)PLANE_ANGLE_UNIT()SI_UNIT($,.RADIAN.));
#9132=(NAMED_UNIT(*)SI_UNIT($,.STERADIAN.)SOLID_ANGLE_UNIT());
#9134=(GEOMETRIC_REPRESENTATION_CONTEXT(3)GLOBAL_UNCERTAINTY_ASSIGNED_CONTEXT((
#9133))GLOBAL_UNIT_ASSIGNED_CONTEXT((#9128,#9131,#9132))REPRESENTATION_CONTEXT(
'ID2','3'));
#9138=AXIS2_PLACEMENT_3D('',#9135,#9136,#9137);
#9139=ADVANCED_BREP_SHAPE_REPRESENTATION('',(#9138,#9127),#9134);
#9143=PRODUCT_DEFINITION('part definition','',#9142,#5842);
#9144=PRODUCT_DEFINITION_SHAPE('','SHAPE FOR F331_M.',#9143);
#9145=SHAPE_ASPECT('','solid data associated with F331_M',#9144,.F.);
#9146=PROPERTY_DEFINITION('',
'shape for solid data with which properties are associated',#9145);
#9147=SHAPE_REPRESENTATION('',(#9127),#9134);
#9148=SHAPE_DEFINITION_REPRESENTATION(#9146,#9147);
#9149=(LENGTH_UNIT()NAMED_UNIT(*)SI_UNIT(.MILLI.,.METRE.));
#9153=PROPERTY_DEFINITION('geometric validation property','area of F331_M',
#9145);
#9154=REPRESENTATION('surface area',(#9152),#9134);
#9155=PROPERTY_DEFINITION_REPRESENTATION(#9153,#9154);
#9156=(LENGTH_UNIT()NAMED_UNIT(*)SI_UNIT(.MILLI.,.METRE.));
#9160=PROPERTY_DEFINITION('geometric validation property','volume of F331_M',
#9145);
#9161=REPRESENTATION('volume',(#9159),#9134);
#9162=PROPERTY_DEFINITION_REPRESENTATION(#9160,#9161);
#9164=PROPERTY_DEFINITION('geometric validation property','centroid of F331_M',
#9145);
#9165=REPRESENTATION('centroid',(#9163),#9134);
#9166=PROPERTY_DEFINITION_REPRESENTATION(#9164,#9165);
#9167=(LENGTH_UNIT()NAMED_UNIT(*)SI_UNIT(.MILLI.,.METRE.));
#9171=PROPERTY_DEFINITION('geometric validation property','area of F331_M',
#9144);
#9172=REPRESENTATION('surface area',(#9170),#9134);
#9173=PROPERTY_DEFINITION_REPRESENTATION(#9171,#9172);
#9174=(LENGTH_UNIT()NAMED_UNIT(*)SI_UNIT(.MILLI.,.METRE.));
#9178=PROPERTY_DEFINITION('geometric validation property','volume of F331_M',
#9144);
#9179=REPRESENTATION('volume',(#9177),#9134);
#9180=PROPERTY_DEFINITION_REPRESENTATION(#9178,#9179);
#9182=PROPERTY_DEFINITION('geometric validation property','centroid of F331_M',
#9144);
#9183=REPRESENTATION('centroid',(#9181),#9134);
#9184=PROPERTY_DEFINITION_REPRESENTATION(#9182,#9183);
#9185=SHAPE_DEFINITION_REPRESENTATION(#9144,#9139);
#9186=NEXT_ASSEMBLY_USAGE_OCCURRENCE('160','Next assembly relationship',
'F331_M',#15922,#9143,$);
#9187=PRODUCT_DEFINITION_SHAPE('Placement #160',
'Placement of F331_M with respect to F331_30PIN_ASM',#9186);
#9189=PROPERTY_DEFINITION('geometric validation property','centroid of F331_M',
#9187);
#9190=REPRESENTATION('centroid',(#9188),#9134);
#9191=PROPERTY_DEFINITION_REPRESENTATION(#9189,#9190);
#9199=NEXT_ASSEMBLY_USAGE_OCCURRENCE('161','Next assembly relationship',
'F331_M',#15922,#9143,$);
#9200=PRODUCT_DEFINITION_SHAPE('Placement #161',
'Placement of F331_M with respect to F331_30PIN_ASM',#9199);
#9202=PROPERTY_DEFINITION('geometric validation property','centroid of F331_M',
#9200);
#9203=REPRESENTATION('centroid',(#9201),#9134);
#9204=PROPERTY_DEFINITION_REPRESENTATION(#9202,#9203);
#9212=NEXT_ASSEMBLY_USAGE_OCCURRENCE('162','Next assembly relationship',
'F331_M',#15922,#9143,$);
#9213=PRODUCT_DEFINITION_SHAPE('Placement #162',
'Placement of F331_M with respect to F331_30PIN_ASM',#9212);
#9215=PROPERTY_DEFINITION('geometric validation property','centroid of F331_M',
#9213);
#9216=REPRESENTATION('centroid',(#9214),#9134);
#9217=PROPERTY_DEFINITION_REPRESENTATION(#9215,#9216);
#9225=NEXT_ASSEMBLY_USAGE_OCCURRENCE('163','Next assembly relationship',
'F331_M',#15922,#9143,$);
#9226=PRODUCT_DEFINITION_SHAPE('Placement #163',
'Placement of F331_M with respect to F331_30PIN_ASM',#9225);
#9228=PROPERTY_DEFINITION('geometric validation property','centroid of F331_M',
#9226);
#9229=REPRESENTATION('centroid',(#9227),#9134);
#9230=PROPERTY_DEFINITION_REPRESENTATION(#9228,#9229);
#9238=NEXT_ASSEMBLY_USAGE_OCCURRENCE('164','Next assembly relationship',
'F331_M',#15922,#9143,$);
#9239=PRODUCT_DEFINITION_SHAPE('Placement #164',
'Placement of F331_M with respect to F331_30PIN_ASM',#9238);
#9241=PROPERTY_DEFINITION('geometric validation property','centroid of F331_M',
#9239);
#9242=REPRESENTATION('centroid',(#9240),#9134);
#9243=PROPERTY_DEFINITION_REPRESENTATION(#9241,#9242);
#9251=NEXT_ASSEMBLY_USAGE_OCCURRENCE('165','Next assembly relationship',
'F331_M',#15922,#9143,$);
#9252=PRODUCT_DEFINITION_SHAPE('Placement #165',
'Placement of F331_M with respect to F331_30PIN_ASM',#9251);
#9254=PROPERTY_DEFINITION('geometric validation property','centroid of F331_M',
#9252);
#9255=REPRESENTATION('centroid',(#9253),#9134);
#9256=PROPERTY_DEFINITION_REPRESENTATION(#9254,#9255);
#9264=NEXT_ASSEMBLY_USAGE_OCCURRENCE('166','Next assembly relationship',
'F331_M',#15922,#9143,$);
#9265=PRODUCT_DEFINITION_SHAPE('Placement #166',
'Placement of F331_M with respect to F331_30PIN_ASM',#9264);
#9267=PROPERTY_DEFINITION('geometric validation property','centroid of F331_M',
#9265);
#9268=REPRESENTATION('centroid',(#9266),#9134);
#9269=PROPERTY_DEFINITION_REPRESENTATION(#9267,#9268);
#9277=NEXT_ASSEMBLY_USAGE_OCCURRENCE('167','Next assembly relationship',
'F331_M',#15922,#9143,$);
#9278=PRODUCT_DEFINITION_SHAPE('Placement #167',
'Placement of F331_M with respect to F331_30PIN_ASM',#9277);
#9280=PROPERTY_DEFINITION('geometric validation property','centroid of F331_M',
#9278);
#9281=REPRESENTATION('centroid',(#9279),#9134);
#9282=PROPERTY_DEFINITION_REPRESENTATION(#9280,#9281);
#9290=NEXT_ASSEMBLY_USAGE_OCCURRENCE('168','Next assembly relationship',
'F331_M',#15922,#9143,$);
#9291=PRODUCT_DEFINITION_SHAPE('Placement #168',
'Placement of F331_M with respect to F331_30PIN_ASM',#9290);
#9293=PROPERTY_DEFINITION('geometric validation property','centroid of F331_M',
#9291);
#9294=REPRESENTATION('centroid',(#9292),#9134);
#9295=PROPERTY_DEFINITION_REPRESENTATION(#9293,#9294);
#9303=NEXT_ASSEMBLY_USAGE_OCCURRENCE('169','Next assembly relationship',
'F331_M',#15922,#9143,$);
#9304=PRODUCT_DEFINITION_SHAPE('Placement #169',
'Placement of F331_M with respect to F331_30PIN_ASM',#9303);
#9306=PROPERTY_DEFINITION('geometric validation property','centroid of F331_M',
#9304);
#9307=REPRESENTATION('centroid',(#9305),#9134);
#9308=PROPERTY_DEFINITION_REPRESENTATION(#9306,#9307);
#9316=NEXT_ASSEMBLY_USAGE_OCCURRENCE('170','Next assembly relationship',
'F331_M',#15922,#9143,$);
#9317=PRODUCT_DEFINITION_SHAPE('Placement #170',
'Placement of F331_M with respect to F331_30PIN_ASM',#9316);
#9319=PROPERTY_DEFINITION('geometric validation property','centroid of F331_M',
#9317);
#9320=REPRESENTATION('centroid',(#9318),#9134);
#9321=PROPERTY_DEFINITION_REPRESENTATION(#9319,#9320);
#9329=NEXT_ASSEMBLY_USAGE_OCCURRENCE('171','Next assembly relationship',
'F331_M',#15922,#9143,$);
#9330=PRODUCT_DEFINITION_SHAPE('Placement #171',
'Placement of F331_M with respect to F331_30PIN_ASM',#9329);
#9332=PROPERTY_DEFINITION('geometric validation property','centroid of F331_M',
#9330);
#9333=REPRESENTATION('centroid',(#9331),#9134);
#9334=PROPERTY_DEFINITION_REPRESENTATION(#9332,#9333);
#9342=NEXT_ASSEMBLY_USAGE_OCCURRENCE('172','Next assembly relationship',
'F331_M',#15922,#9143,$);
#9343=PRODUCT_DEFINITION_SHAPE('Placement #172',
'Placement of F331_M with respect to F331_30PIN_ASM',#9342);
#9345=PROPERTY_DEFINITION('geometric validation property','centroid of F331_M',
#9343);
#9346=REPRESENTATION('centroid',(#9344),#9134);
#9347=PROPERTY_DEFINITION_REPRESENTATION(#9345,#9346);
#9355=NEXT_ASSEMBLY_USAGE_OCCURRENCE('173','Next assembly relationship',
'F331_M',#15922,#9143,$);
#9356=PRODUCT_DEFINITION_SHAPE('Placement #173',
'Placement of F331_M with respect to F331_30PIN_ASM',#9355);
#9358=PROPERTY_DEFINITION('geometric validation property','centroid of F331_M',
#9356);
#9359=REPRESENTATION('centroid',(#9357),#9134);
#9360=PROPERTY_DEFINITION_REPRESENTATION(#9358,#9359);
#9368=NEXT_ASSEMBLY_USAGE_OCCURRENCE('174','Next assembly relationship',
'F331_M',#15922,#9143,$);
#9369=PRODUCT_DEFINITION_SHAPE('Placement #174',
'Placement of F331_M with respect to F331_30PIN_ASM',#9368);
#9371=PROPERTY_DEFINITION('geometric validation property','centroid of F331_M',
#9369);
#9372=REPRESENTATION('centroid',(#9370),#9134);
#9373=PROPERTY_DEFINITION_REPRESENTATION(#9371,#9372);
#9381=NEXT_ASSEMBLY_USAGE_OCCURRENCE('175','Next assembly relationship',
'F331_M',#15922,#9143,$);
#9382=PRODUCT_DEFINITION_SHAPE('Placement #175',
'Placement of F331_M with respect to F331_30PIN_ASM',#9381);
#9384=PROPERTY_DEFINITION('geometric validation property','centroid of F331_M',
#9382);
#9385=REPRESENTATION('centroid',(#9383),#9134);
#9386=PROPERTY_DEFINITION_REPRESENTATION(#9384,#9385);
#9394=NEXT_ASSEMBLY_USAGE_OCCURRENCE('176','Next assembly relationship',
'F331_M',#15922,#9143,$);
#9395=PRODUCT_DEFINITION_SHAPE('Placement #176',
'Placement of F331_M with respect to F331_30PIN_ASM',#9394);
#9397=PROPERTY_DEFINITION('geometric validation property','centroid of F331_M',
#9395);
#9398=REPRESENTATION('centroid',(#9396),#9134);
#9399=PROPERTY_DEFINITION_REPRESENTATION(#9397,#9398);
#9407=NEXT_ASSEMBLY_USAGE_OCCURRENCE('177','Next assembly relationship',
'F331_M',#15922,#9143,$);
#9408=PRODUCT_DEFINITION_SHAPE('Placement #177',
'Placement of F331_M with respect to F331_30PIN_ASM',#9407);
#9410=PROPERTY_DEFINITION('geometric validation property','centroid of F331_M',
#9408);
#9411=REPRESENTATION('centroid',(#9409),#9134);
#9412=PROPERTY_DEFINITION_REPRESENTATION(#9410,#9411);
#9420=NEXT_ASSEMBLY_USAGE_OCCURRENCE('178','Next assembly relationship',
'F331_M',#15922,#9143,$);
#9421=PRODUCT_DEFINITION_SHAPE('Placement #178',
'Placement of F331_M with respect to F331_30PIN_ASM',#9420);
#9423=PROPERTY_DEFINITION('geometric validation property','centroid of F331_M',
#9421);
#9424=REPRESENTATION('centroid',(#9422),#9134);
#9425=PROPERTY_DEFINITION_REPRESENTATION(#9423,#9424);
#9433=NEXT_ASSEMBLY_USAGE_OCCURRENCE('179','Next assembly relationship',
'F331_M',#15922,#9143,$);
#9434=PRODUCT_DEFINITION_SHAPE('Placement #179',
'Placement of F331_M with respect to F331_30PIN_ASM',#9433);
#9436=PROPERTY_DEFINITION('geometric validation property','centroid of F331_M',
#9434);
#9437=REPRESENTATION('centroid',(#9435),#9134);
#9438=PROPERTY_DEFINITION_REPRESENTATION(#9436,#9437);
#9446=NEXT_ASSEMBLY_USAGE_OCCURRENCE('180','Next assembly relationship',
'F331_M',#15922,#9143,$);
#9447=PRODUCT_DEFINITION_SHAPE('Placement #180',
'Placement of F331_M with respect to F331_30PIN_ASM',#9446);
#9449=PROPERTY_DEFINITION('geometric validation property','centroid of F331_M',
#9447);
#9450=REPRESENTATION('centroid',(#9448),#9134);
#9451=PROPERTY_DEFINITION_REPRESENTATION(#9449,#9450);
#9459=NEXT_ASSEMBLY_USAGE_OCCURRENCE('181','Next assembly relationship',
'F331_M',#15922,#9143,$);
#9460=PRODUCT_DEFINITION_SHAPE('Placement #181',
'Placement of F331_M with respect to F331_30PIN_ASM',#9459);
#9462=PROPERTY_DEFINITION('geometric validation property','centroid of F331_M',
#9460);
#9463=REPRESENTATION('centroid',(#9461),#9134);
#9464=PROPERTY_DEFINITION_REPRESENTATION(#9462,#9463);
#9472=NEXT_ASSEMBLY_USAGE_OCCURRENCE('182','Next assembly relationship',
'F331_M',#15922,#9143,$);
#9473=PRODUCT_DEFINITION_SHAPE('Placement #182',
'Placement of F331_M with respect to F331_30PIN_ASM',#9472);
#9475=PROPERTY_DEFINITION('geometric validation property','centroid of F331_M',
#9473);
#9476=REPRESENTATION('centroid',(#9474),#9134);
#9477=PROPERTY_DEFINITION_REPRESENTATION(#9475,#9476);
#9485=NEXT_ASSEMBLY_USAGE_OCCURRENCE('183','Next assembly relationship',
'F331_M',#15922,#9143,$);
#9486=PRODUCT_DEFINITION_SHAPE('Placement #183',
'Placement of F331_M with respect to F331_30PIN_ASM',#9485);
#9488=PROPERTY_DEFINITION('geometric validation property','centroid of F331_M',
#9486);
#9489=REPRESENTATION('centroid',(#9487),#9134);
#9490=PROPERTY_DEFINITION_REPRESENTATION(#9488,#9489);
#9498=NEXT_ASSEMBLY_USAGE_OCCURRENCE('184','Next assembly relationship',
'F331_M',#15922,#9143,$);
#9499=PRODUCT_DEFINITION_SHAPE('Placement #184',
'Placement of F331_M with respect to F331_30PIN_ASM',#9498);
#9501=PROPERTY_DEFINITION('geometric validation property','centroid of F331_M',
#9499);
#9502=REPRESENTATION('centroid',(#9500),#9134);
#9503=PROPERTY_DEFINITION_REPRESENTATION(#9501,#9502);
#9511=NEXT_ASSEMBLY_USAGE_OCCURRENCE('185','Next assembly relationship',
'F331_M',#15922,#9143,$);
#9512=PRODUCT_DEFINITION_SHAPE('Placement #185',
'Placement of F331_M with respect to F331_30PIN_ASM',#9511);
#9514=PROPERTY_DEFINITION('geometric validation property','centroid of F331_M',
#9512);
#9515=REPRESENTATION('centroid',(#9513),#9134);
#9516=PROPERTY_DEFINITION_REPRESENTATION(#9514,#9515);
#9524=NEXT_ASSEMBLY_USAGE_OCCURRENCE('186','Next assembly relationship',
'F331_M',#15922,#9143,$);
#9525=PRODUCT_DEFINITION_SHAPE('Placement #186',
'Placement of F331_M with respect to F331_30PIN_ASM',#9524);
#9527=PROPERTY_DEFINITION('geometric validation property','centroid of F331_M',
#9525);
#9528=REPRESENTATION('centroid',(#9526),#9134);
#9529=PROPERTY_DEFINITION_REPRESENTATION(#9527,#9528);
#9537=NEXT_ASSEMBLY_USAGE_OCCURRENCE('187','Next assembly relationship',
'F331_M',#15922,#9143,$);
#9538=PRODUCT_DEFINITION_SHAPE('Placement #187',
'Placement of F331_M with respect to F331_30PIN_ASM',#9537);
#9540=PROPERTY_DEFINITION('geometric validation property','centroid of F331_M',
#9538);
#9541=REPRESENTATION('centroid',(#9539),#9134);
#9542=PROPERTY_DEFINITION_REPRESENTATION(#9540,#9541);
#10006=CIRCLE('',#10005,9.999999999980E-2);
#10011=CIRCLE('',#10010,1.E-1);
#10024=CIRCLE('',#10023,1.E-1);
#10033=CIRCLE('',#10032,1.E-1);
#10046=CIRCLE('',#10045,1.E-1);
#10055=CIRCLE('',#10054,1.E-1);
#10064=CIRCLE('',#10063,9.999999999980E-2);
#10073=CIRCLE('',#10072,1.E-1);
#10082=CIRCLE('',#10081,1.000000000040E-1);
#10091=CIRCLE('',#10090,9.999999999900E-2);
#10100=CIRCLE('',#10099,8.E-2);
#10109=CIRCLE('',#10108,8.000000000010E-2);
#10118=CIRCLE('',#10117,1.E-1);
#10123=CIRCLE('',#10122,9.999999999999E-2);
#10132=CIRCLE('',#10131,9.999999999999E-2);
#10137=CIRCLE('',#10136,1.E-1);
#10146=CIRCLE('',#10145,1.E-1);
#10151=CIRCLE('',#10150,9.999999999990E-2);
#10160=CIRCLE('',#10159,1.E-1);
#10165=CIRCLE('',#10164,9.999999999990E-2);
#10174=CIRCLE('',#10173,9.999999999980E-2);
#10259=CIRCLE('',#10258,9.999999999980E-2);
#10268=CIRCLE('',#10267,9.999999999990E-2);
#10273=CIRCLE('',#10272,1.E-1);
#10278=CIRCLE('',#10277,9.999999999990E-2);
#10283=CIRCLE('',#10282,1.E-1);
#10292=CIRCLE('',#10291,1.E-1);
#10297=CIRCLE('',#10296,9.999999999999E-2);
#10306=CIRCLE('',#10305,9.999999999999E-2);
#10311=CIRCLE('',#10310,1.E-1);
#10320=CIRCLE('',#10319,8.000000000010E-2);
#10329=CIRCLE('',#10328,8.E-2);
#10334=CIRCLE('',#10333,9.999999999900E-2);
#10339=CIRCLE('',#10338,1.000000000040E-1);
#10348=CIRCLE('',#10347,1.E-1);
#10357=CIRCLE('',#10356,9.999999999980E-2);
#10366=CIRCLE('',#10365,1.E-1);
#10371=CIRCLE('',#10370,1.E-1);
#10380=CIRCLE('',#10379,1.E-1);
#10389=CIRCLE('',#10388,1.E-1);
#10402=CIRCLE('',#10401,1.E-1);
#10407=CIRCLE('',#10406,9.999999999980E-2);
#10648=B_SPLINE_CURVE_WITH_KNOTS('',3,(#10644,#10645,#10646,#10647),
.UNSPECIFIED.,.F.,.F.,(4,4),(0.E0,1.E0),.UNSPECIFIED.);
#10657=B_SPLINE_CURVE_WITH_KNOTS('',3,(#10653,#10654,#10655,#10656),
.UNSPECIFIED.,.F.,.F.,(4,4),(0.E0,1.E0),.UNSPECIFIED.);
#10738=CIRCLE('',#10737,1.500000000003E-1);
#10747=CIRCLE('',#10746,1.500000000141E-1);
#10756=CIRCLE('',#10755,3.E-2);
#10765=CIRCLE('',#10764,1.E-1);
#10782=CIRCLE('',#10781,5.E-2);
#10791=CIRCLE('',#10790,5.E-2);
#10804=CIRCLE('',#10803,4.E-2);
#10821=CIRCLE('',#10820,8.E-2);
#10830=CIRCLE('',#10829,8.E-2);
#10871=CIRCLE('',#10870,1.250000000100E-1);
#10912=CIRCLE('',#10911,5.000000002E-2);
#10917=CIRCLE('',#10916,7.E-2);
#10926=CIRCLE('',#10925,5.E-2);
#10935=CIRCLE('',#10934,1.499999999997E-1);
#10948=CIRCLE('',#10947,1.499999999997E-1);
#10957=CIRCLE('',#10956,5.E-2);
#10966=CIRCLE('',#10965,7.E-2);
#10971=CIRCLE('',#10970,5.000000002E-2);
#11064=CIRCLE('',#11063,5.E-1);
#11073=CIRCLE('',#11072,9.999999999990E-2);
#11082=CIRCLE('',#11081,1.2E-1);
#11099=CIRCLE('',#11098,1.2E-1);
#11104=CIRCLE('',#11103,9.999999999990E-2);
#11113=CIRCLE('',#11112,5.E-1);
#11158=CIRCLE('',#11157,8.E-2);
#11179=CIRCLE('',#11178,8.E-2);
#11244=CIRCLE('',#11243,1.5E-1);
#11277=CIRCLE('',#11276,1.250000000100E-1);
#11282=CIRCLE('',#11281,1.5E-1);
#11291=CIRCLE('',#11290,5.E-2);
#11324=CIRCLE('',#11323,1.250000000100E-1);
#11345=CIRCLE('',#11344,1.250000000100E-1);
#11350=CIRCLE('',#11349,5.E-2);
#11383=CIRCLE('',#11382,8.E-2);
#11392=CIRCLE('',#11391,8.E-2);
#11397=CIRCLE('',#11396,4.E-2);
#11410=CIRCLE('',#11409,5.E-2);
#11419=CIRCLE('',#11418,5.E-2);
#11436=CIRCLE('',#11435,1.E-1);
#11445=CIRCLE('',#11444,3.E-2);
#11454=CIRCLE('',#11453,1.500000000141E-1);
#11463=CIRCLE('',#11462,1.500000000003E-1);
#11652=CIRCLE('',#11651,5.E-2);
#11667=B_SPLINE_CURVE_WITH_KNOTS('',3,(#11661,#11662,#11663,#11664,#11665,
#11666),.UNSPECIFIED.,.F.,.F.,(4,1,1,4),(0.E0,3.333333333333E-1,
6.666666666667E-1,1.E0),.UNSPECIFIED.);
#11690=B_SPLINE_CURVE_WITH_KNOTS('',3,(#11684,#11685,#11686,#11687,#11688,
#11689),.UNSPECIFIED.,.F.,.F.,(4,1,1,4),(0.E0,3.333333333333E-1,
6.666666666667E-1,1.E0),.UNSPECIFIED.);
#11703=CIRCLE('',#11702,5.E-2);
#11748=CIRCLE('',#11747,5.E-2);
#11761=CIRCLE('',#11760,3.E-2);
#11774=CIRCLE('',#11773,3.E-2);
#11787=CIRCLE('',#11786,5.E-2);
#11838=B_SPLINE_CURVE_WITH_KNOTS('',3,(#11832,#11833,#11834,#11835,#11836,
#11837),.UNSPECIFIED.,.F.,.F.,(4,1,1,4),(0.E0,5.E-1,7.5E-1,1.E0),.UNSPECIFIED.);
#11849=B_SPLINE_CURVE_WITH_KNOTS('',3,(#11843,#11844,#11845,#11846,#11847,
#11848),.UNSPECIFIED.,.F.,.F.,(4,1,1,4),(0.E0,2.5E-1,5.E-1,1.E0),.UNSPECIFIED.);
#11862=B_SPLINE_CURVE_WITH_KNOTS('',3,(#11858,#11859,#11860,#11861),
.UNSPECIFIED.,.F.,.F.,(4,4),(0.E0,1.E0),.UNSPECIFIED.);
#11883=B_SPLINE_CURVE_WITH_KNOTS('',3,(#11879,#11880,#11881,#11882),
.UNSPECIFIED.,.F.,.F.,(4,4),(0.E0,1.E0),.UNSPECIFIED.);
#12636=EDGE_CURVE('',#12619,#12620,#9553,.T.);
#12638=EDGE_CURVE('',#11902,#12620,#11503,.T.);
#12640=EDGE_CURVE('',#11902,#11903,#9557,.T.);
#12642=EDGE_CURVE('',#11903,#11905,#9561,.T.);
#12644=EDGE_CURVE('',#11905,#11907,#9565,.T.);
#12646=EDGE_CURVE('',#11909,#11907,#11475,.T.);
#12648=EDGE_CURVE('',#11909,#11911,#9569,.T.);
#12650=EDGE_CURVE('',#11913,#11911,#11370,.T.);
#12652=EDGE_CURVE('',#11915,#11913,#10816,.T.);
#12654=EDGE_CURVE('',#11917,#11915,#10729,.T.);
#12656=EDGE_CURVE('',#11917,#11919,#9573,.T.);
#12658=EDGE_CURVE('',#11919,#11921,#9577,.T.);
#12660=EDGE_CURVE('',#11921,#11923,#9581,.T.);
#12662=EDGE_CURVE('',#11923,#11925,#9585,.T.);
#12664=EDGE_CURVE('',#11927,#11925,#9685,.T.);
#12666=EDGE_CURVE('',#11929,#11927,#11191,.T.);
#12668=EDGE_CURVE('',#11929,#11931,#9589,.T.);
#12670=EDGE_CURVE('',#11931,#11933,#9593,.T.);
#12672=EDGE_CURVE('',#11933,#11935,#9597,.T.);
#12674=EDGE_CURVE('',#11937,#11935,#11174,.T.);
#12676=EDGE_CURVE('',#11939,#11937,#11170,.T.);
#12678=EDGE_CURVE('',#11939,#11941,#9601,.T.);
#12680=EDGE_CURVE('',#11941,#11943,#9605,.T.);
#12682=EDGE_CURVE('',#11943,#11945,#9609,.T.);
#12684=EDGE_CURVE('',#11945,#11947,#9613,.T.);
#12686=EDGE_CURVE('',#11947,#11949,#9617,.T.);
#12688=EDGE_CURVE('',#11949,#12619,#9621,.T.);
#12692=ADVANCED_FACE('',(#12691),#12635,.T.);
#12699=EDGE_CURVE('',#12628,#12619,#9629,.T.);
#12701=EDGE_CURVE('',#12598,#12628,#9645,.T.);
#12703=EDGE_CURVE('',#12598,#12596,#9677,.T.);
#12705=EDGE_CURVE('',#12594,#12596,#9721,.T.);
#12707=EDGE_CURVE('',#12594,#12592,#9753,.T.);
#12709=EDGE_CURVE('',#12590,#12592,#9761,.T.);
#12711=EDGE_CURVE('',#12626,#12590,#9789,.T.);
#12713=EDGE_CURVE('',#12624,#12626,#11623,.T.);
#12715=EDGE_CURVE('',#12588,#12624,#11611,.T.);
#12717=EDGE_CURVE('',#12586,#12588,#11599,.T.);
#12719=EDGE_CURVE('',#12586,#12584,#9817,.T.);
#12721=EDGE_CURVE('',#12584,#12582,#9841,.T.);
#12723=EDGE_CURVE('',#12580,#12582,#9853,.T.);
#12725=EDGE_CURVE('',#12622,#12580,#9897,.T.);
#12727=EDGE_CURVE('',#12622,#12620,#11495,.T.);
#12731=ADVANCED_FACE('',(#12730),#12697,.F.);
#12737=EDGE_CURVE('',#12602,#12600,#11059,.T.);
#12739=EDGE_CURVE('',#12630,#12602,#11354,.T.);
#12741=EDGE_CURVE('',#12616,#12630,#10842,.T.);
#12743=EDGE_CURVE('',#12614,#12616,#10862,.T.);
#12745=EDGE_CURVE('',#12612,#12614,#10871,.T.);
#12747=EDGE_CURVE('',#12610,#12612,#10899,.T.);
#12749=EDGE_CURVE('',#12610,#12608,#11003,.T.);
#12751=EDGE_CURVE('',#12606,#12608,#11007,.T.);
#12753=EDGE_CURVE('',#12606,#12604,#11015,.T.);
#12755=EDGE_CURVE('',#12604,#12600,#11023,.T.);
#12759=ADVANCED_FACE('',(#12758),#12736,.F.);
#12766=EDGE_CURVE('',#12056,#11949,#9633,.T.);
#12768=EDGE_CURVE('',#12056,#12628,#9625,.T.);
#12773=ADVANCED_FACE('',(#12772),#12764,.F.);
#12781=EDGE_CURVE('',#11947,#12057,#9637,.T.);
#12783=EDGE_CURVE('',#12056,#12057,#9649,.T.);
#12787=ADVANCED_FACE('',(#12786),#12778,.F.);
#12793=EDGE_CURVE('',#12057,#12059,#9653,.T.);
#12797=EDGE_CURVE('',#12059,#11945,#11153,.T.);
#12801=ADVANCED_FACE('',(#12800),#12792,.T.);
#12807=EDGE_CURVE('',#12041,#12598,#9641,.T.);
#12813=EDGE_CURVE('',#12059,#12061,#9657,.T.);
#12815=EDGE_CURVE('',#12063,#12061,#11145,.T.);
#12817=EDGE_CURVE('',#12063,#12065,#9661,.T.);
#12819=EDGE_CURVE('',#12065,#12067,#9665,.T.);
#12821=EDGE_CURVE('',#12067,#12041,#9669,.T.);
#12825=ADVANCED_FACE('',(#12824),#12806,.T.);
#12831=EDGE_CURVE('',#12030,#12596,#9673,.T.);
#12835=EDGE_CURVE('',#12041,#11927,#9681,.T.);
#12838=EDGE_CURVE('',#11925,#12043,#9689,.T.);
#12840=EDGE_CURVE('',#12043,#12045,#9693,.T.);
#12842=EDGE_CURVE('',#12045,#12047,#9697,.T.);
#12844=EDGE_CURVE('',#12047,#12049,#9701,.T.);
#12846=EDGE_CURVE('',#12049,#12051,#9705,.T.);
#12848=EDGE_CURVE('',#12051,#12053,#9709,.T.);
#12850=EDGE_CURVE('',#12053,#12030,#9713,.T.);
#12854=ADVANCED_FACE('',(#12853),#12830,.F.);
#12860=EDGE_CURVE('',#12027,#12594,#9717,.T.);
#12864=EDGE_CURVE('',#12030,#12031,#9725,.T.);
#12866=EDGE_CURVE('',#12031,#12033,#9729,.T.);
#12868=EDGE_CURVE('',#12033,#12035,#9733,.T.);
#12870=EDGE_CURVE('',#12035,#12037,#9737,.T.);
#12872=EDGE_CURVE('',#12037,#12039,#9741,.T.);
#12874=EDGE_CURVE('',#12039,#11987,#9745,.T.);
#12876=EDGE_CURVE('',#11985,#11987,#9829,.T.);
#12878=EDGE_CURVE('',#11985,#12027,#9749,.T.);
#12882=ADVANCED_FACE('',(#12881),#12859,.T.);
#12888=EDGE_CURVE('',#12592,#12025,#9765,.T.);
#12892=EDGE_CURVE('',#12027,#12025,#9757,.T.);
#12896=ADVANCED_FACE('',(#12895),#12887,.T.);
#12902=EDGE_CURVE('',#12590,#12019,#9769,.T.);
#12906=EDGE_CURVE('',#12019,#12025,#9797,.T.);
#12910=ADVANCED_FACE('',(#12909),#12901,.F.);
#12917=EDGE_CURVE('',#12013,#12019,#9793,.T.);
#12919=EDGE_CURVE('',#12013,#12011,#9773,.T.);
#12921=EDGE_CURVE('',#12021,#12011,#11675,.T.);
#12923=EDGE_CURVE('',#12021,#12023,#9777,.T.);
#12925=EDGE_CURVE('',#12023,#12006,#9781,.T.);
#12927=EDGE_CURVE('',#12006,#12626,#9785,.T.);
#12932=ADVANCED_FACE('',(#12931),#12915,.F.);
#12940=EDGE_CURVE('',#11992,#12025,#9809,.T.);
#12942=EDGE_CURVE('',#11992,#11993,#9801,.T.);
#12944=EDGE_CURVE('',#11993,#12003,#9805,.T.);
#12946=EDGE_CURVE('',#12013,#12003,#11631,.T.);
#12950=ADVANCED_FACE('',(#12949),#12937,.F.);
#12959=EDGE_CURVE('',#11984,#11985,#9825,.T.);
#12961=EDGE_CURVE('',#11992,#11984,#11607,.T.);
#12965=ADVANCED_FACE('',(#12964),#12955,.F.);
#12971=EDGE_CURVE('',#11978,#12584,#9813,.T.);
#12974=EDGE_CURVE('',#12586,#11984,#9821,.T.);
#12978=EDGE_CURVE('',#11987,#11989,#9833,.T.);
#12980=EDGE_CURVE('',#11989,#11978,#9837,.T.);
#12984=ADVANCED_FACE('',(#12983),#12970,.T.);
#12990=EDGE_CURVE('',#12582,#11975,#9857,.T.);
#12994=EDGE_CURVE('',#11978,#11979,#9845,.T.);
#12996=EDGE_CURVE('',#11979,#11981,#9849,.T.);
#12998=EDGE_CURVE('',#11975,#11981,#9909,.T.);
#13002=ADVANCED_FACE('',(#13001),#12989,.F.);
#13008=EDGE_CURVE('',#12580,#11953,#9861,.T.);
#13012=EDGE_CURVE('',#11953,#11975,#9905,.T.);
#13016=ADVANCED_FACE('',(#13015),#13007,.F.);
#13023=EDGE_CURVE('',#11952,#11953,#9901,.T.);
#13025=EDGE_CURVE('',#11952,#11955,#9865,.T.);
#13027=EDGE_CURVE('',#11955,#11957,#9869,.T.);
#13029=EDGE_CURVE('',#11957,#11959,#9873,.T.);
#13031=EDGE_CURVE('',#11961,#11959,#10808,.T.);
#13033=EDGE_CURVE('',#11963,#11961,#11507,.T.);
#13035=EDGE_CURVE('',#11963,#11965,#9877,.T.);
#13037=EDGE_CURVE('',#11965,#11967,#9881,.T.);
#13039=EDGE_CURVE('',#11967,#11969,#9885,.T.);
#13041=EDGE_CURVE('',#11971,#11969,#11487,.T.);
#13043=EDGE_CURVE('',#11971,#11973,#9889,.T.);
#13045=EDGE_CURVE('',#11973,#12622,#9893,.T.);
#13050=ADVANCED_FACE('',(#13049),#13021,.T.);
#13056=EDGE_CURVE('',#11952,#11981,#9913,.T.);
#13063=ADVANCED_FACE('',(#13062),#13055,.T.);
#13072=EDGE_CURVE('',#11979,#12287,#9917,.T.);
#13074=EDGE_CURVE('',#12287,#12289,#9921,.T.);
#13076=EDGE_CURVE('',#12289,#12291,#9925,.T.);
#13078=EDGE_CURVE('',#12291,#12293,#9929,.T.);
#13080=EDGE_CURVE('',#12293,#11921,#9933,.T.);
#13083=EDGE_CURVE('',#11955,#11919,#10721,.T.);
#13087=ADVANCED_FACE('',(#13086),#13068,.T.);
#13096=EDGE_CURVE('',#12287,#11989,#9937,.T.);
#13100=ADVANCED_FACE('',(#13099),#13092,.T.);
#13106=EDGE_CURVE('',#12289,#12295,#9949,.T.);
#13110=EDGE_CURVE('',#11989,#12297,#9941,.T.);
#13112=EDGE_CURVE('',#12299,#12297,#10206,.T.);
#13114=EDGE_CURVE('',#12301,#12299,#10190,.T.);
#13116=EDGE_CURVE('',#12301,#12303,#9945,.T.);
#13118=EDGE_CURVE('',#12295,#12303,#9985,.T.);
#13122=ADVANCED_FACE('',(#13121),#13105,.T.);
#13130=EDGE_CURVE('',#12295,#12035,#9953,.T.);
#13133=EDGE_CURVE('',#12033,#12291,#9957,.T.);
#13137=ADVANCED_FACE('',(#13136),#13127,.T.);
#13143=EDGE_CURVE('',#12306,#12307,#9997,.T.);
#13145=EDGE_CURVE('',#12306,#12309,#9961,.T.);
#13147=EDGE_CURVE('',#12309,#12311,#9965,.T.);
#13149=EDGE_CURVE('',#12311,#12313,#9969,.T.);
#13151=EDGE_CURVE('',#12313,#12315,#9973,.T.);
#13153=EDGE_CURVE('',#12317,#12315,#10627,.T.);
#13155=EDGE_CURVE('',#12319,#12317,#10361,.T.);
#13157=EDGE_CURVE('',#12319,#12321,#9977,.T.);
#13159=EDGE_CURVE('',#12321,#12037,#9981,.T.);
#13164=EDGE_CURVE('',#12303,#12323,#9989,.T.);
#13166=EDGE_CURVE('',#12323,#12307,#9993,.T.);
#13170=ADVANCED_FACE('',(#13169),#13142,.F.);
#13177=EDGE_CURVE('',#12307,#12325,#10001,.T.);
#13179=EDGE_CURVE('',#12325,#12327,#10006,.T.);
#13181=EDGE_CURVE('',#12327,#12329,#10011,.T.);
#13183=EDGE_CURVE('',#12329,#12331,#10015,.T.);
#13185=EDGE_CURVE('',#12331,#12333,#10019,.T.);
#13187=EDGE_CURVE('',#12333,#12335,#10024,.T.);
#13189=EDGE_CURVE('',#12335,#12337,#10028,.T.);
#13191=EDGE_CURVE('',#12337,#12339,#10033,.T.);
#13193=EDGE_CURVE('',#12339,#12341,#10037,.T.);
#13195=EDGE_CURVE('',#12341,#12343,#10041,.T.);
#13197=EDGE_CURVE('',#12343,#12345,#10046,.T.);
#13199=EDGE_CURVE('',#12345,#12347,#10050,.T.);
#13201=EDGE_CURVE('',#12347,#12349,#10055,.T.);
#13203=EDGE_CURVE('',#12349,#12315,#10059,.T.);
#13206=EDGE_CURVE('',#12313,#12351,#10064,.T.);
#13208=EDGE_CURVE('',#12351,#12353,#10068,.T.);
#13210=EDGE_CURVE('',#12355,#12353,#10463,.T.);
#13212=EDGE_CURVE('',#12355,#12357,#10073,.T.);
#13214=EDGE_CURVE('',#12357,#12359,#10077,.T.);
#13216=EDGE_CURVE('',#12359,#12361,#10082,.T.);
#13218=EDGE_CURVE('',#12361,#12363,#10086,.T.);
#13220=EDGE_CURVE('',#12363,#12365,#10091,.T.);
#13222=EDGE_CURVE('',#12365,#12367,#10095,.T.);
#13224=EDGE_CURVE('',#12367,#12369,#10100,.T.);
#13226=EDGE_CURVE('',#12369,#12371,#10104,.T.);
#13228=EDGE_CURVE('',#12371,#12373,#10109,.T.);
#13230=EDGE_CURVE('',#12373,#12375,#10113,.T.);
#13232=EDGE_CURVE('',#12375,#12377,#10118,.T.);
#13234=EDGE_CURVE('',#12377,#12379,#10123,.T.);
#13236=EDGE_CURVE('',#12379,#12381,#10127,.T.);
#13238=EDGE_CURVE('',#12381,#12383,#10132,.T.);
#13240=EDGE_CURVE('',#12383,#12385,#10137,.T.);
#13242=EDGE_CURVE('',#12385,#12387,#10141,.T.);
#13244=EDGE_CURVE('',#12387,#12389,#10146,.T.);
#13246=EDGE_CURVE('',#12389,#12391,#10151,.T.);
#13248=EDGE_CURVE('',#12391,#12393,#10155,.T.);
#13250=EDGE_CURVE('',#12393,#12395,#10160,.T.);
#13252=EDGE_CURVE('',#12395,#12397,#10165,.T.);
#13254=EDGE_CURVE('',#12397,#12399,#10169,.T.);
#13256=EDGE_CURVE('',#12399,#12401,#10174,.T.);
#13258=EDGE_CURVE('',#12401,#12306,#10178,.T.);
#13262=ADVANCED_FACE('',(#13261),#13175,.T.);
#13270=EDGE_CURVE('',#12403,#12323,#10186,.T.);
#13272=EDGE_CURVE('',#12405,#12403,#10194,.T.);
#13274=EDGE_CURVE('',#12407,#12405,#10230,.T.);
#13276=EDGE_CURVE('',#12409,#12407,#10411,.T.);
#13278=EDGE_CURVE('',#12409,#12411,#10182,.T.);
#13280=EDGE_CURVE('',#12325,#12411,#10713,.T.);
#13284=ADVANCED_FACE('',(#13283),#13267,.T.);
#13291=EDGE_CURVE('',#12403,#12301,#10198,.T.);
#13297=ADVANCED_FACE('',(#13296),#13289,.F.);
#13304=EDGE_CURVE('',#12405,#12299,#10202,.T.);
#13310=ADVANCED_FACE('',(#13309),#13302,.F.);
#13318=EDGE_CURVE('',#12297,#12039,#10210,.T.);
#13322=EDGE_CURVE('',#12321,#12413,#10214,.T.);
#13324=EDGE_CURVE('',#12413,#12051,#10218,.T.);
#13327=EDGE_CURVE('',#12049,#12415,#10222,.T.);
#13329=EDGE_CURVE('',#12415,#12417,#10226,.T.);
#13331=EDGE_CURVE('',#12407,#12417,#10415,.T.);
#13336=ADVANCED_FACE('',(#13335),#13315,.T.);
#13348=ADVANCED_FACE('',(#13347),#13341,.T.);
#13354=EDGE_CURVE('',#12313,#12319,#10242,.T.);
#13357=EDGE_CURVE('',#12419,#12311,#10611,.T.);
#13359=EDGE_CURVE('',#12419,#12353,#10234,.T.);
#13361=EDGE_CURVE('',#12421,#12353,#10619,.T.);
#13363=EDGE_CURVE('',#12421,#12413,#10238,.T.);
#13369=ADVANCED_FACE('',(#13368),#13353,.T.);
#13376=EDGE_CURVE('',#12423,#12319,#10357,.T.);
#13378=EDGE_CURVE('',#12423,#12351,#10246,.T.);
#13383=ADVANCED_FACE('',(#13382),#13374,.F.);
#13389=EDGE_CURVE('',#12409,#12425,#10250,.T.);
#13391=EDGE_CURVE('',#12425,#12427,#10254,.T.);
#13393=EDGE_CURVE('',#12427,#12429,#10259,.T.);
#13395=EDGE_CURVE('',#12429,#12431,#10263,.T.);
#13397=EDGE_CURVE('',#12431,#12433,#10268,.T.);
#13399=EDGE_CURVE('',#12433,#12435,#10273,.T.);
#13401=EDGE_CURVE('',#12437,#12435,#10455,.T.);
#13403=EDGE_CURVE('',#12437,#12439,#10278,.T.);
#13405=EDGE_CURVE('',#12439,#12441,#10283,.T.);
#13407=EDGE_CURVE('',#12441,#12443,#10287,.T.);
#13409=EDGE_CURVE('',#12443,#12445,#10292,.T.);
#13411=EDGE_CURVE('',#12445,#12447,#10297,.T.);
#13413=EDGE_CURVE('',#12447,#12449,#10301,.T.);
#13415=EDGE_CURVE('',#12449,#12451,#10306,.T.);
#13417=EDGE_CURVE('',#12451,#12453,#10311,.T.);
#13419=EDGE_CURVE('',#12453,#12455,#10315,.T.);
#13421=EDGE_CURVE('',#12455,#12457,#10320,.T.);
#13423=EDGE_CURVE('',#12457,#12459,#10324,.T.);
#13425=EDGE_CURVE('',#12459,#12461,#10329,.T.);
#13427=EDGE_CURVE('',#12463,#12461,#10551,.T.);
#13429=EDGE_CURVE('',#12463,#12465,#10334,.T.);
#13431=EDGE_CURVE('',#12467,#12465,#10539,.T.);
#13433=EDGE_CURVE('',#12467,#12469,#10339,.T.);
#13435=EDGE_CURVE('',#12469,#12471,#10343,.T.);
#13437=EDGE_CURVE('',#12471,#12473,#10348,.T.);
#13439=EDGE_CURVE('',#12473,#12421,#10352,.T.);
#13441=EDGE_CURVE('',#12423,#12421,#10623,.T.);
#13445=EDGE_CURVE('',#12475,#12317,#10631,.T.);
#13447=EDGE_CURVE('',#12475,#12477,#10366,.T.);
#13449=EDGE_CURVE('',#12479,#12477,#10643,.T.);
#13451=EDGE_CURVE('',#12479,#12481,#10371,.T.);
#13453=EDGE_CURVE('',#12481,#12483,#10375,.T.);
#13455=EDGE_CURVE('',#12485,#12483,#10673,.T.);
#13457=EDGE_CURVE('',#12485,#12487,#10380,.T.);
#13459=EDGE_CURVE('',#12487,#12489,#10384,.T.);
#13461=EDGE_CURVE('',#12489,#12491,#10389,.T.);
#13463=EDGE_CURVE('',#12491,#12493,#10393,.T.);
#13465=EDGE_CURVE('',#12493,#12495,#10397,.T.);
#13467=EDGE_CURVE('',#12495,#12497,#10402,.T.);
#13469=EDGE_CURVE('',#12497,#12411,#10407,.T.);
#13474=ADVANCED_FACE('',(#13473),#13388,.F.);
#13483=EDGE_CURVE('',#12417,#12425,#10419,.T.);
#13487=ADVANCED_FACE('',(#13486),#13479,.F.);
#13493=EDGE_CURVE('',#12306,#12425,#10423,.T.);
#13497=EDGE_CURVE('',#12415,#12499,#10427,.T.);
#13499=EDGE_CURVE('',#12499,#12309,#10431,.T.);
#13504=ADVANCED_FACE('',(#13503),#13492,.F.);
#13512=EDGE_CURVE('',#12427,#12401,#10439,.T.);
#13517=ADVANCED_FACE('',(#13516),#13509,.T.);
#13524=EDGE_CURVE('',#12399,#12429,#10435,.T.);
#13530=ADVANCED_FACE('',(#13529),#13522,.F.);
#13537=EDGE_CURVE('',#12431,#12397,#10443,.T.);
#13543=ADVANCED_FACE('',(#13542),#13535,.T.);
#13550=EDGE_CURVE('',#12433,#12395,#10451,.T.);
#13556=ADVANCED_FACE('',(#13555),#13548,.F.);
#13562=EDGE_CURVE('',#12393,#12435,#10447,.T.);
#13569=ADVANCED_FACE('',(#13568),#13561,.T.);
#13575=EDGE_CURVE('',#12499,#12047,#10459,.T.);
#13583=EDGE_CURVE('',#12437,#12391,#10603,.T.);
#13589=ADVANCED_FACE('',(#13581,#13588),#13574,.F.);
#13595=EDGE_CURVE('',#12419,#12045,#10467,.T.);
#13597=EDGE_CURVE('',#12499,#12419,#10615,.T.);
#13603=ADVANCED_FACE('',(#13602),#13594,.F.);
#13613=EDGE_CURVE('',#12043,#12501,#10471,.T.);
#13615=EDGE_CURVE('',#12501,#12355,#10475,.T.);
#13619=ADVANCED_FACE('',(#13618),#13608,.T.);
#13626=EDGE_CURVE('',#12501,#11923,#10491,.T.);
#13632=ADVANCED_FACE('',(#13631),#13624,.F.);
#13638=EDGE_CURVE('',#12293,#12509,#10479,.T.);
#13640=EDGE_CURVE('',#12509,#12503,#10483,.T.);
#13642=EDGE_CURVE('',#12503,#12501,#10487,.T.);
#13649=ADVANCED_FACE('',(#13648),#13637,.F.);
#13656=EDGE_CURVE('',#12031,#12511,#10495,.T.);
#13658=EDGE_CURVE('',#12511,#12509,#10499,.T.);
#13665=ADVANCED_FACE('',(#13664),#13654,.F.);
#13671=EDGE_CURVE('',#12507,#12031,#10511,.T.);
#13673=EDGE_CURVE('',#12507,#12505,#10503,.T.);
#13675=EDGE_CURVE('',#12505,#12511,#10507,.T.);
#13680=ADVANCED_FACE('',(#13679),#13670,.F.);
#13686=EDGE_CURVE('',#12507,#12053,#10519,.T.);
#13693=ADVANCED_FACE('',(#13692),#13685,.F.);
#13700=EDGE_CURVE('',#12473,#12507,#10515,.T.);
#13708=ADVANCED_FACE('',(#13707),#13698,.T.);
#13714=EDGE_CURVE('',#12355,#12473,#10523,.T.);
#13718=EDGE_CURVE('',#12505,#12503,#10607,.T.);
#13724=ADVANCED_FACE('',(#13723),#13713,.T.);
#13732=EDGE_CURVE('',#12471,#12357,#10527,.T.);
#13737=ADVANCED_FACE('',(#13736),#13729,.T.);
#13746=EDGE_CURVE('',#12359,#12469,#10531,.T.);
#13750=ADVANCED_FACE('',(#13749),#13742,.F.);
#13759=EDGE_CURVE('',#12467,#12361,#10535,.T.);
#13763=ADVANCED_FACE('',(#13762),#13755,.T.);
#13772=EDGE_CURVE('',#12363,#12465,#10543,.T.);
#13776=ADVANCED_FACE('',(#13775),#13768,.T.);
#13785=EDGE_CURVE('',#12463,#12365,#10547,.T.);
#13789=ADVANCED_FACE('',(#13788),#13781,.T.);
#13798=EDGE_CURVE('',#12367,#12461,#10555,.T.);
#13802=ADVANCED_FACE('',(#13801),#13794,.T.);
#13811=EDGE_CURVE('',#12459,#12369,#10559,.T.);
#13815=ADVANCED_FACE('',(#13814),#13807,.F.);
#13824=EDGE_CURVE('',#12371,#12457,#10563,.T.);
#13828=ADVANCED_FACE('',(#13827),#13820,.T.);
#13837=EDGE_CURVE('',#12455,#12373,#10567,.T.);
#13841=ADVANCED_FACE('',(#13840),#13833,.T.);
#13850=EDGE_CURVE('',#12375,#12453,#10571,.T.);
#13854=ADVANCED_FACE('',(#13853),#13846,.T.);
#13863=EDGE_CURVE('',#12451,#12377,#10575,.T.);
#13867=ADVANCED_FACE('',(#13866),#13859,.F.);
#13876=EDGE_CURVE('',#12449,#12379,#10579,.T.);
#13880=ADVANCED_FACE('',(#13879),#13872,.T.);
#13889=EDGE_CURVE('',#12381,#12447,#10583,.T.);
#13893=ADVANCED_FACE('',(#13892),#13885,.T.);
#13902=EDGE_CURVE('',#12445,#12383,#10587,.T.);
#13906=ADVANCED_FACE('',(#13905),#13898,.T.);
#13915=EDGE_CURVE('',#12443,#12385,#10591,.T.);
#13919=ADVANCED_FACE('',(#13918),#13911,.F.);
#13928=EDGE_CURVE('',#12387,#12441,#10595,.T.);
#13932=ADVANCED_FACE('',(#13931),#13924,.T.);
#13941=EDGE_CURVE('',#12439,#12389,#10599,.T.);
#13945=ADVANCED_FACE('',(#13944),#13937,.F.);
#13957=ADVANCED_FACE('',(#13956),#13950,.T.);
#13969=ADVANCED_FACE('',(#13968),#13962,.T.);
#13981=ADVANCED_FACE('',(#13980),#13974,.F.);
#13993=ADVANCED_FACE('',(#13992),#13986,.F.);
#14001=EDGE_CURVE('',#12475,#12349,#10639,.T.);
#14006=ADVANCED_FACE('',(#14005),#13998,.F.);
#14013=EDGE_CURVE('',#12347,#12477,#10635,.T.);
#14019=ADVANCED_FACE('',(#14018),#14011,.T.);
#14026=EDGE_CURVE('',#12479,#12345,#10661,.T.);
#14032=ADVANCED_FACE('',(#14031),#14024,.F.);
#14039=EDGE_CURVE('',#12343,#12512,#10648,.T.);
#14041=EDGE_CURVE('',#12512,#12514,#10652,.T.);
#14043=EDGE_CURVE('',#12514,#12481,#10657,.T.);
#14049=ADVANCED_FACE('',(#14048),#14037,.F.);
#14057=EDGE_CURVE('',#12516,#12341,#10669,.T.);
#14059=EDGE_CURVE('',#12512,#12516,#10681,.T.);
#14063=ADVANCED_FACE('',(#14062),#14054,.F.);
#14069=EDGE_CURVE('',#12518,#12516,#10665,.T.);
#14073=EDGE_CURVE('',#12485,#12339,#10693,.T.);
#14076=EDGE_CURVE('',#12483,#12518,#10677,.T.);
#14080=ADVANCED_FACE('',(#14079),#14068,.T.);
#14089=EDGE_CURVE('',#12518,#12514,#10685,.T.);
#14093=ADVANCED_FACE('',(#14092),#14085,.F.);
#14105=ADVANCED_FACE('',(#14104),#14098,.F.);
#14112=EDGE_CURVE('',#12337,#12487,#10689,.T.);
#14118=ADVANCED_FACE('',(#14117),#14110,.F.);
#14125=EDGE_CURVE('',#12489,#12335,#10701,.T.);
#14131=ADVANCED_FACE('',(#14130),#14123,.F.);
#14138=EDGE_CURVE('',#12333,#12491,#10697,.T.);
#14144=ADVANCED_FACE('',(#14143),#14136,.T.);
#14151=EDGE_CURVE('',#12493,#12331,#10705,.T.);
#14157=ADVANCED_FACE('',(#14156),#14149,.T.);
#14164=EDGE_CURVE('',#12495,#12329,#10709,.T.);
#14170=ADVANCED_FACE('',(#14169),#14162,.T.);
#14177=EDGE_CURVE('',#12497,#12327,#10717,.T.);
#14183=ADVANCED_FACE('',(#14182),#14175,.T.);
#14195=ADVANCED_FACE('',(#14194),#14188,.F.);
#14204=EDGE_CURVE('',#11957,#11917,#10725,.T.);
#14208=ADVANCED_FACE('',(#14207),#14200,.F.);
#14217=EDGE_CURVE('',#11959,#11915,#10812,.T.);
#14221=ADVANCED_FACE('',(#14220),#14213,.F.);
#14227=EDGE_CURVE('',#12175,#12177,#10854,.T.);
#14229=EDGE_CURVE('',#12175,#12207,#10733,.T.);
#14231=EDGE_CURVE('',#12207,#12209,#10738,.T.);
#14233=EDGE_CURVE('',#12209,#12211,#10742,.T.);
#14235=EDGE_CURVE('',#12211,#12213,#10747,.T.);
#14237=EDGE_CURVE('',#12213,#12215,#10751,.T.);
#14239=EDGE_CURVE('',#12215,#12217,#10756,.T.);
#14241=EDGE_CURVE('',#12217,#12219,#10760,.T.);
#14243=EDGE_CURVE('',#12219,#12221,#10765,.T.);
#14245=EDGE_CURVE('',#12221,#12223,#10769,.T.);
#14247=EDGE_CURVE('',#12223,#12225,#10773,.T.);
#14249=EDGE_CURVE('',#12225,#12227,#10777,.T.);
#14251=EDGE_CURVE('',#12227,#12229,#10782,.T.);
#14253=EDGE_CURVE('',#12229,#12231,#10786,.T.);
#14255=EDGE_CURVE('',#12231,#12233,#10791,.T.);
#14257=EDGE_CURVE('',#12233,#12235,#10795,.T.);
#14259=EDGE_CURVE('',#12235,#12237,#10799,.T.);
#14261=EDGE_CURVE('',#12237,#11961,#10804,.T.);
#14266=EDGE_CURVE('',#11913,#12239,#10821,.T.);
#14268=EDGE_CURVE('',#12239,#12241,#10825,.T.);
#14270=EDGE_CURVE('',#12241,#12185,#10830,.T.);
#14272=EDGE_CURVE('',#12185,#12177,#10834,.T.);
#14276=ADVANCED_FACE('',(#14275),#14226,.T.);
#14282=EDGE_CURVE('',#12169,#12616,#10838,.T.);
#14285=EDGE_CURVE('',#12630,#12173,#10846,.T.);
#14287=EDGE_CURVE('',#12172,#12173,#11374,.T.);
#14289=EDGE_CURVE('',#12172,#12175,#10850,.T.);
#14292=EDGE_CURVE('',#12177,#12179,#10858,.T.);
#14294=EDGE_CURVE('',#12181,#12179,#11252,.T.);
#14296=EDGE_CURVE('',#12183,#12181,#11311,.T.);
#14298=EDGE_CURVE('',#12169,#12183,#11332,.T.);
#14302=ADVANCED_FACE('',(#14301),#14281,.F.);
#14308=EDGE_CURVE('',#12614,#12161,#10875,.T.);
#14312=EDGE_CURVE('',#12161,#12169,#11328,.T.);
#14316=ADVANCED_FACE('',(#14315),#14307,.F.);
#14322=EDGE_CURVE('',#12118,#12612,#10866,.T.);
#14326=EDGE_CURVE('',#12160,#12161,#11324,.T.);
#14328=EDGE_CURVE('',#12160,#12163,#10879,.T.);
#14330=EDGE_CURVE('',#12165,#12163,#11277,.T.);
#14332=EDGE_CURVE('',#12165,#12167,#10883,.T.);
#14334=EDGE_CURVE('',#12118,#12167,#11345,.T.);
#14338=ADVANCED_FACE('',(#14337),#14321,.T.);
#14344=EDGE_CURVE('',#12115,#12610,#10895,.T.);
#14348=EDGE_CURVE('',#12118,#12119,#10903,.T.);
#14350=EDGE_CURVE('',#12121,#12119,#11268,.T.);
#14352=EDGE_CURVE('',#12123,#12121,#11235,.T.);
#14354=EDGE_CURVE('',#12125,#12123,#11231,.T.);
#14356=EDGE_CURVE('',#12115,#12125,#11219,.T.);
#14360=EDGE_CURVE('',#12128,#12129,#10907,.T.);
#14362=EDGE_CURVE('',#12131,#12128,#10975,.T.);
#14364=EDGE_CURVE('',#12131,#12133,#10887,.T.);
#14366=EDGE_CURVE('',#12133,#12129,#10891,.T.);
#14370=ADVANCED_FACE('',(#14359,#14369),#14343,.F.);
#14377=EDGE_CURVE('',#12135,#12129,#10943,.T.);
#14379=EDGE_CURVE('',#12135,#12137,#10912,.T.);
#14381=EDGE_CURVE('',#12137,#12139,#10917,.T.);
#14383=EDGE_CURVE('',#12139,#12141,#10921,.T.);
#14385=EDGE_CURVE('',#12141,#12143,#10926,.T.);
#14387=EDGE_CURVE('',#12143,#12145,#10930,.T.);
#14389=EDGE_CURVE('',#12145,#12128,#10935,.T.);
#14393=ADVANCED_FACE('',(#14392),#14375,.F.);
#14400=EDGE_CURVE('',#12133,#12147,#10939,.T.);
#14402=EDGE_CURVE('',#12135,#12147,#10999,.T.);
#14407=ADVANCED_FACE('',(#14406),#14398,.T.);
#14414=EDGE_CURVE('',#12131,#12149,#10948,.T.);
#14416=EDGE_CURVE('',#12149,#12151,#10952,.T.);
#14418=EDGE_CURVE('',#12151,#12153,#10957,.T.);
#14420=EDGE_CURVE('',#12153,#12155,#10961,.T.);
#14422=EDGE_CURVE('',#12155,#12157,#10966,.T.);
#14424=EDGE_CURVE('',#12157,#12147,#10971,.T.);
#14429=ADVANCED_FACE('',(#14428),#14412,.T.);
#14437=EDGE_CURVE('',#12145,#12149,#10979,.T.);
#14442=ADVANCED_FACE('',(#14441),#14434,.T.);
#14451=EDGE_CURVE('',#12151,#12143,#10983,.T.);
#14455=ADVANCED_FACE('',(#14454),#14447,.F.);
#14464=EDGE_CURVE('',#12141,#12153,#10987,.T.);
#14468=ADVANCED_FACE('',(#14467),#14460,.T.);
#14477=EDGE_CURVE('',#12155,#12139,#10991,.T.);
#14481=ADVANCED_FACE('',(#14480),#14473,.T.);
#14490=EDGE_CURVE('',#12157,#12137,#10995,.T.);
#14494=ADVANCED_FACE('',(#14493),#14486,.T.);
#14506=ADVANCED_FACE('',(#14505),#14499,.F.);
#14512=EDGE_CURVE('',#12608,#12113,#11011,.T.);
#14516=EDGE_CURVE('',#12113,#12115,#11215,.T.);
#14520=ADVANCED_FACE('',(#14519),#14511,.T.);
#14526=EDGE_CURVE('',#12606,#12111,#11019,.T.);
#14530=EDGE_CURVE('',#12111,#12113,#11211,.T.);
#14534=ADVANCED_FACE('',(#14533),#14525,.T.);
#14540=EDGE_CURVE('',#12604,#12109,#11027,.T.);
#14544=EDGE_CURVE('',#12109,#12111,#11207,.T.);
#14548=ADVANCED_FACE('',(#14547),#14539,.F.);
#14554=EDGE_CURVE('',#12600,#12070,#11039,.T.);
#14558=EDGE_CURVE('',#12109,#12070,#11031,.T.);
#14562=ADVANCED_FACE('',(#14561),#14553,.T.);
#14569=EDGE_CURVE('',#12070,#12071,#11043,.T.);
#14571=EDGE_CURVE('',#12071,#12073,#11047,.T.);
#14573=EDGE_CURVE('',#12073,#12075,#11051,.T.);
#14575=EDGE_CURVE('',#12075,#12602,#11055,.T.);
#14580=EDGE_CURVE('',#12078,#12079,#11035,.T.);
#14582=EDGE_CURVE('',#12081,#12079,#11117,.T.);
#14584=EDGE_CURVE('',#12083,#12081,#11094,.T.);
#14586=EDGE_CURVE('',#12078,#12083,#11086,.T.);
#14590=ADVANCED_FACE('',(#14579,#14589),#14567,.T.);
#14597=EDGE_CURVE('',#12078,#12097,#11064,.T.);
#14599=EDGE_CURVE('',#12097,#12099,#11068,.T.);
#14601=EDGE_CURVE('',#12099,#12090,#11073,.T.);
#14603=EDGE_CURVE('',#12090,#12091,#11077,.T.);
#14605=EDGE_CURVE('',#12091,#12101,#11082,.T.);
#14607=EDGE_CURVE('',#12079,#12101,#11121,.T.);
#14611=ADVANCED_FACE('',(#14610),#14595,.F.);
#14618=EDGE_CURVE('',#12103,#12083,#11113,.T.);
#14620=EDGE_CURVE('',#12103,#12097,#11090,.T.);
#14625=ADVANCED_FACE('',(#14624),#14616,.F.);
#14632=EDGE_CURVE('',#12105,#12081,#11125,.T.);
#14634=EDGE_CURVE('',#12105,#12095,#11099,.T.);
#14636=EDGE_CURVE('',#12093,#12095,#11149,.T.);
#14638=EDGE_CURVE('',#12093,#12107,#11104,.T.);
#14640=EDGE_CURVE('',#12107,#12103,#11108,.T.);
#14645=ADVANCED_FACE('',(#14644),#14630,.T.);
#14653=EDGE_CURVE('',#12105,#12101,#11133,.T.);
#14658=ADVANCED_FACE('',(#14657),#14650,.T.);
#14664=EDGE_CURVE('',#12091,#12095,#11129,.T.);
#14671=ADVANCED_FACE('',(#14670),#14663,.F.);
#14677=EDGE_CURVE('',#12061,#11943,#11137,.T.);
#14680=EDGE_CURVE('',#12085,#11941,#11162,.T.);
#14682=EDGE_CURVE('',#12087,#12085,#11166,.T.);
#14684=EDGE_CURVE('',#12087,#11935,#11141,.T.);
#14687=EDGE_CURVE('',#12063,#11933,#11183,.T.);
#14693=EDGE_CURVE('',#12093,#12090,#11199,.T.);
#14699=ADVANCED_FACE('',(#14691,#14698),#14676,.F.);
#14711=ADVANCED_FACE('',(#14710),#14704,.T.);
#14718=EDGE_CURVE('',#11939,#12085,#11158,.T.);
#14723=ADVANCED_FACE('',(#14722),#14716,.F.);
#14732=EDGE_CURVE('',#12087,#11937,#11179,.T.);
#14736=ADVANCED_FACE('',(#14735),#14728,.F.);
#14747=ADVANCED_FACE('',(#14746),#14741,.T.);
#14755=EDGE_CURVE('',#11931,#12065,#11187,.T.);
#14760=ADVANCED_FACE('',(#14759),#14752,.F.);
#14769=EDGE_CURVE('',#12067,#11929,#11195,.T.);
#14773=ADVANCED_FACE('',(#14772),#14765,.T.);
#14785=ADVANCED_FACE('',(#14784),#14778,.T.);
#14793=EDGE_CURVE('',#12099,#12107,#11203,.T.);
#14798=ADVANCED_FACE('',(#14797),#14790,.T.);
#14810=ADVANCED_FACE('',(#14809),#14803,.F.);
#14822=EDGE_CURVE('',#12125,#12071,#11223,.T.);
#14826=ADVANCED_FACE('',(#14825),#14815,.T.);
#14832=EDGE_CURVE('',#12123,#12073,#11227,.T.);
#14839=ADVANCED_FACE('',(#14838),#14831,.T.);
#14846=EDGE_CURVE('',#12121,#12189,#11239,.T.);
#14848=EDGE_CURVE('',#12189,#12191,#11244,.T.);
#14850=EDGE_CURVE('',#12191,#12181,#11248,.T.);
#14853=EDGE_CURVE('',#12179,#12075,#11256,.T.);
#14859=ADVANCED_FACE('',(#14858),#14844,.T.);
#14866=EDGE_CURVE('',#12193,#12121,#11264,.T.);
#14868=EDGE_CURVE('',#12195,#12193,#11286,.T.);
#14870=EDGE_CURVE('',#12189,#12195,#11315,.T.);
#14874=ADVANCED_FACE('',(#14873),#14864,.F.);
#14880=EDGE_CURVE('',#12198,#12199,#11260,.T.);
#14882=EDGE_CURVE('',#12193,#12199,#11291,.T.);
#14886=EDGE_CURVE('',#12198,#12119,#11350,.T.);
#14890=ADVANCED_FACE('',(#14889),#14879,.T.);
#14897=EDGE_CURVE('',#12199,#12165,#11295,.T.);
#14900=EDGE_CURVE('',#12198,#12167,#11272,.T.);
#14904=ADVANCED_FACE('',(#14903),#14895,.T.);
#14911=EDGE_CURVE('',#12201,#12163,#11303,.T.);
#14913=EDGE_CURVE('',#12203,#12201,#11307,.T.);
#14915=EDGE_CURVE('',#12203,#12195,#11282,.T.);
#14922=ADVANCED_FACE('',(#14921),#14909,.T.);
#14928=EDGE_CURVE('',#12205,#12201,#11299,.T.);
#14932=EDGE_CURVE('',#12205,#12160,#11340,.T.);
#14936=ADVANCED_FACE('',(#14935),#14927,.T.);
#14943=EDGE_CURVE('',#12203,#12191,#11319,.T.);
#14947=EDGE_CURVE('',#12183,#12205,#11336,.T.);
#14952=ADVANCED_FACE('',(#14951),#14941,.F.);
#14964=ADVANCED_FACE('',(#14963),#14957,.T.);
#14977=ADVANCED_FACE('',(#14976),#14969,.F.);
#14989=ADVANCED_FACE('',(#14988),#14982,.F.);
#14999=EDGE_CURVE('',#12187,#12185,#11358,.T.);
#15001=EDGE_CURVE('',#12173,#12187,#11378,.T.);
#15007=ADVANCED_FACE('',(#15006),#14994,.F.);
#15015=EDGE_CURVE('',#12241,#12245,#11362,.T.);
#15017=EDGE_CURVE('',#12187,#12245,#11383,.T.);
#15021=ADVANCED_FACE('',(#15020),#15012,.T.);
#15028=EDGE_CURVE('',#12247,#12239,#11366,.T.);
#15030=EDGE_CURVE('',#12245,#12247,#11387,.T.);
#15035=ADVANCED_FACE('',(#15034),#15026,.F.);
#15041=EDGE_CURVE('',#12247,#11911,#11392,.T.);
#15048=ADVANCED_FACE('',(#15047),#15040,.F.);
#15060=EDGE_CURVE('',#11965,#11909,#11471,.T.);
#15063=EDGE_CURVE('',#11963,#12249,#11397,.T.);
#15065=EDGE_CURVE('',#12249,#12251,#11401,.T.);
#15067=EDGE_CURVE('',#12251,#12253,#11405,.T.);
#15069=EDGE_CURVE('',#12253,#12255,#11410,.T.);
#15071=EDGE_CURVE('',#12255,#12257,#11414,.T.);
#15073=EDGE_CURVE('',#12257,#12259,#11419,.T.);
#15075=EDGE_CURVE('',#12259,#12261,#11423,.T.);
#15077=EDGE_CURVE('',#12261,#12263,#11427,.T.);
#15079=EDGE_CURVE('',#12263,#12265,#11431,.T.);
#15081=EDGE_CURVE('',#12265,#12267,#11436,.T.);
#15083=EDGE_CURVE('',#12267,#12269,#11440,.T.);
#15085=EDGE_CURVE('',#12269,#12271,#11445,.T.);
#15087=EDGE_CURVE('',#12271,#12273,#11449,.T.);
#15089=EDGE_CURVE('',#12273,#12275,#11454,.T.);
#15091=EDGE_CURVE('',#12275,#12277,#11458,.T.);
#15093=EDGE_CURVE('',#12277,#12243,#11463,.T.);
#15095=EDGE_CURVE('',#12243,#12172,#11467,.T.);
#15099=ADVANCED_FACE('',(#15098),#15053,.F.);
#15108=EDGE_CURVE('',#11967,#11907,#11479,.T.);
#15112=ADVANCED_FACE('',(#15111),#15104,.F.);
#15121=EDGE_CURVE('',#11905,#11969,#11483,.T.);
#15125=ADVANCED_FACE('',(#15124),#15117,.T.);
#15134=EDGE_CURVE('',#11971,#11903,#11491,.T.);
#15138=ADVANCED_FACE('',(#15137),#15130,.T.);
#15147=EDGE_CURVE('',#11973,#11902,#11499,.T.);
#15151=ADVANCED_FACE('',(#15150),#15143,.F.);
#15163=ADVANCED_FACE('',(#15162),#15156,.F.);
#15171=EDGE_CURVE('',#12237,#12249,#11511,.T.);
#15176=ADVANCED_FACE('',(#15175),#15168,.T.);
#15183=EDGE_CURVE('',#12235,#12251,#11515,.T.);
#15189=ADVANCED_FACE('',(#15188),#15181,.F.);
#15196=EDGE_CURVE('',#12253,#12233,#11523,.T.);
#15202=ADVANCED_FACE('',(#15201),#15194,.T.);
#15209=EDGE_CURVE('',#12231,#12255,#11519,.T.);
#15215=ADVANCED_FACE('',(#15214),#15207,.T.);
#15222=EDGE_CURVE('',#12257,#12229,#11531,.T.);
#15228=ADVANCED_FACE('',(#15227),#15220,.T.);
#15235=EDGE_CURVE('',#12227,#12259,#11527,.T.);
#15241=ADVANCED_FACE('',(#15240),#15233,.F.);
#15248=EDGE_CURVE('',#12225,#12279,#11535,.T.);
#15250=EDGE_CURVE('',#12279,#12281,#11539,.T.);
#15252=EDGE_CURVE('',#12281,#12261,#11543,.T.);
#15258=ADVANCED_FACE('',(#15257),#15246,.T.);
#15266=EDGE_CURVE('',#12283,#12223,#11551,.T.);
#15268=EDGE_CURVE('',#12279,#12283,#11559,.T.);
#15272=ADVANCED_FACE('',(#15271),#15263,.T.);
#15278=EDGE_CURVE('',#12285,#12283,#11547,.T.);
#15282=EDGE_CURVE('',#12265,#12221,#11571,.T.);
#15285=EDGE_CURVE('',#12263,#12285,#11555,.T.);
#15289=ADVANCED_FACE('',(#15288),#15277,.F.);
#15298=EDGE_CURVE('',#12281,#12285,#11563,.T.);
#15302=ADVANCED_FACE('',(#15301),#15294,.T.);
#15314=ADVANCED_FACE('',(#15313),#15307,.T.);
#15321=EDGE_CURVE('',#12219,#12267,#11567,.T.);
#15327=ADVANCED_FACE('',(#15326),#15319,.F.);
#15334=EDGE_CURVE('',#12269,#12217,#11579,.T.);
#15340=ADVANCED_FACE('',(#15339),#15332,.F.);
#15347=EDGE_CURVE('',#12215,#12271,#11575,.T.);
#15353=ADVANCED_FACE('',(#15352),#15345,.T.);
#15360=EDGE_CURVE('',#12273,#12213,#11583,.T.);
#15366=ADVANCED_FACE('',(#15365),#15358,.F.);
#15375=EDGE_CURVE('',#12211,#12275,#11587,.T.);
#15379=ADVANCED_FACE('',(#15378),#15371,.F.);
#15386=EDGE_CURVE('',#12277,#12209,#11595,.T.);
#15392=ADVANCED_FACE('',(#15391),#15384,.F.);
#15399=EDGE_CURVE('',#12207,#12243,#11591,.T.);
#15405=ADVANCED_FACE('',(#15404),#15397,.F.);
#15417=ADVANCED_FACE('',(#15416),#15410,.F.);
#15425=EDGE_CURVE('',#12588,#11993,#11603,.T.);
#15431=ADVANCED_FACE('',(#15430),#15422,.T.);
#15439=EDGE_CURVE('',#11997,#12624,#11643,.T.);
#15441=EDGE_CURVE('',#11996,#11997,#11803,.T.);
#15443=EDGE_CURVE('',#11996,#11999,#11615,.T.);
#15445=EDGE_CURVE('',#11999,#12001,#11619,.T.);
#15447=EDGE_CURVE('',#12003,#12001,#11635,.T.);
#15452=ADVANCED_FACE('',(#15451),#15436,.T.);
#15460=EDGE_CURVE('',#12006,#12007,#11627,.T.);
#15462=EDGE_CURVE('',#12009,#12007,#11711,.T.);
#15464=EDGE_CURVE('',#12011,#12009,#11679,.T.);
#15469=EDGE_CURVE('',#12015,#12001,#11735,.T.);
#15471=EDGE_CURVE('',#12017,#12015,#11807,.T.);
#15473=EDGE_CURVE('',#12017,#11997,#11639,.T.);
#15478=ADVANCED_FACE('',(#15477),#15457,.T.);
#15485=EDGE_CURVE('',#12023,#12531,#11647,.T.);
#15487=EDGE_CURVE('',#12531,#12533,#11652,.T.);
#15489=EDGE_CURVE('',#12533,#12535,#11656,.T.);
#15491=EDGE_CURVE('',#12535,#12537,#11660,.T.);
#15493=EDGE_CURVE('',#12537,#12529,#11667,.T.);
#15495=EDGE_CURVE('',#12529,#12007,#11671,.T.);
#15500=ADVANCED_FACE('',(#15499),#15483,.F.);
#15507=EDGE_CURVE('',#12527,#12021,#11707,.T.);
#15509=EDGE_CURVE('',#12531,#12527,#11731,.T.);
#15514=ADVANCED_FACE('',(#15513),#15505,.T.);
#15522=EDGE_CURVE('',#12009,#12520,#11683,.T.);
#15524=EDGE_CURVE('',#12520,#12521,#11690,.T.);
#15526=EDGE_CURVE('',#12521,#12523,#11694,.T.);
#15528=EDGE_CURVE('',#12523,#12525,#11698,.T.);
#15530=EDGE_CURVE('',#12525,#12527,#11703,.T.);
#15535=ADVANCED_FACE('',(#15534),#15519,.T.);
#15543=EDGE_CURVE('',#12520,#12529,#11715,.T.);
#15548=ADVANCED_FACE('',(#15547),#15540,.T.);
#15557=EDGE_CURVE('',#12537,#12521,#11719,.T.);
#15561=ADVANCED_FACE('',(#15560),#15553,.F.);
#15570=EDGE_CURVE('',#12523,#12535,#11723,.T.);
#15574=ADVANCED_FACE('',(#15573),#15566,.T.);
#15583=EDGE_CURVE('',#12525,#12533,#11727,.T.);
#15587=ADVANCED_FACE('',(#15586),#15579,.T.);
#15599=ADVANCED_FACE('',(#15598),#15592,.T.);
#15607=EDGE_CURVE('',#11999,#12539,#11739,.T.);
#15609=EDGE_CURVE('',#12539,#12541,#11743,.T.);
#15611=EDGE_CURVE('',#12543,#12541,#11831,.T.);
#15613=EDGE_CURVE('',#12543,#12545,#11748,.T.);
#15615=EDGE_CURVE('',#12545,#12547,#11752,.T.);
#15617=EDGE_CURVE('',#12547,#12549,#11756,.T.);
#15619=EDGE_CURVE('',#12549,#12551,#11761,.T.);
#15621=EDGE_CURVE('',#12551,#12015,#11765,.T.);
#15625=ADVANCED_FACE('',(#15624),#15604,.T.);
#15632=EDGE_CURVE('',#12553,#11996,#11799,.T.);
#15634=EDGE_CURVE('',#12555,#12553,#11866,.T.);
#15636=EDGE_CURVE('',#12557,#12555,#11895,.T.);
#15638=EDGE_CURVE('',#12539,#12557,#11878,.T.);
#15643=ADVANCED_FACE('',(#15642),#15630,.F.);
#15650=EDGE_CURVE('',#12017,#12559,#11769,.T.);
#15652=EDGE_CURVE('',#12559,#12561,#11774,.T.);
#15654=EDGE_CURVE('',#12561,#12563,#11778,.T.);
#15656=EDGE_CURVE('',#12563,#12565,#11782,.T.);
#15658=EDGE_CURVE('',#12565,#12567,#11787,.T.);
#15660=EDGE_CURVE('',#12567,#12569,#11791,.T.);
#15662=EDGE_CURVE('',#12569,#12553,#11795,.T.);
#15668=ADVANCED_FACE('',(#15667),#15648,.F.);
#15676=EDGE_CURVE('',#12559,#12551,#11815,.T.);
#15681=ADVANCED_FACE('',(#15680),#15673,.F.);
#15688=EDGE_CURVE('',#12549,#12561,#11811,.T.);
#15694=ADVANCED_FACE('',(#15693),#15686,.F.);
#15701=EDGE_CURVE('',#12547,#12563,#11819,.T.);
#15707=ADVANCED_FACE('',(#15706),#15699,.T.);
#15714=EDGE_CURVE('',#12565,#12545,#11827,.T.);
#15720=ADVANCED_FACE('',(#15719),#15712,.F.);
#15727=EDGE_CURVE('',#12543,#12567,#11823,.T.);
#15733=ADVANCED_FACE('',(#15732),#15725,.F.);
#15740=EDGE_CURVE('',#12569,#12541,#11842,.T.);
#15746=ADVANCED_FACE('',(#15745),#15738,.F.);
#15752=EDGE_CURVE('',#12570,#12569,#11838,.T.);
#15755=EDGE_CURVE('',#12541,#12571,#11849,.T.);
#15757=EDGE_CURVE('',#12571,#12570,#11853,.T.);
#15761=ADVANCED_FACE('',(#15760),#15751,.F.);
#15768=EDGE_CURVE('',#12573,#12570,#11870,.T.);
#15770=EDGE_CURVE('',#12573,#12575,#11857,.T.);
#15772=EDGE_CURVE('',#12575,#12555,#11862,.T.);
#15778=ADVANCED_FACE('',(#15777),#15766,.F.);
#15786=EDGE_CURVE('',#12571,#12577,#11874,.T.);
#15788=EDGE_CURVE('',#12573,#12577,#11899,.T.);
#15792=ADVANCED_FACE('',(#15791),#15783,.T.);
#15801=EDGE_CURVE('',#12557,#12578,#11883,.T.);
#15803=EDGE_CURVE('',#12578,#12577,#11887,.T.);
#15808=ADVANCED_FACE('',(#15807),#15797,.F.);
#15815=EDGE_CURVE('',#12575,#12578,#11891,.T.);
#15821=ADVANCED_FACE('',(#15820),#15813,.T.);
#15833=ADVANCED_FACE('',(#15832),#15826,.F.);
#15836=(LENGTH_UNIT()NAMED_UNIT(*)SI_UNIT(.MILLI.,.METRE.));
#15837=(NAMED_UNIT(*)PLANE_ANGLE_UNIT()SI_UNIT($,.RADIAN.));
#15840=(NAMED_UNIT(*)SI_UNIT($,.STERADIAN.)SOLID_ANGLE_UNIT());
#15842=(GEOMETRIC_REPRESENTATION_CONTEXT(3)GLOBAL_UNCERTAINTY_ASSIGNED_CONTEXT((
#15841))GLOBAL_UNIT_ASSIGNED_CONTEXT((#15836,#15839,#15840))REPRESENTATION_CONTEXT('ID3','3'));
#15846=AXIS2_PLACEMENT_3D('',#15843,#15844,#15845);
#15847=ADVANCED_BREP_SHAPE_REPRESENTATION('',(#15846,#15835),#15842);
#15852=PRODUCT_DEFINITION('part definition','',#15851,#15848);
#15853=PRODUCT_DEFINITION_SHAPE('','SHAPE FOR F331_R.',#15852);
#15854=SHAPE_ASPECT('','solid data associated with F331_R',#15853,.F.);
#15855=PROPERTY_DEFINITION('',
'shape for solid data with which properties are associated',#15854);
#15856=SHAPE_REPRESENTATION('',(#15835),#15842);
#15857=SHAPE_DEFINITION_REPRESENTATION(#15855,#15856);
#15858=(LENGTH_UNIT()NAMED_UNIT(*)SI_UNIT(.MILLI.,.METRE.));
#15862=PROPERTY_DEFINITION('geometric validation property','area of F331_R',
#15854);
#15863=REPRESENTATION('surface area',(#15861),#15842);
#15864=PROPERTY_DEFINITION_REPRESENTATION(#15862,#15863);
#15865=(LENGTH_UNIT()NAMED_UNIT(*)SI_UNIT(.MILLI.,.METRE.));
#15869=PROPERTY_DEFINITION('geometric validation property','volume of F331_R',
#15854);
#15870=REPRESENTATION('volume',(#15868),#15842);
#15871=PROPERTY_DEFINITION_REPRESENTATION(#15869,#15870);
#15873=PROPERTY_DEFINITION('geometric validation property','centroid of F331_R',
#15854);
#15874=REPRESENTATION('centroid',(#15872),#15842);
#15875=PROPERTY_DEFINITION_REPRESENTATION(#15873,#15874);
#15876=(LENGTH_UNIT()NAMED_UNIT(*)SI_UNIT(.MILLI.,.METRE.));
#15880=PROPERTY_DEFINITION('geometric validation property','area of F331_R',
#15853);
#15881=REPRESENTATION('surface area',(#15879),#15842);
#15882=PROPERTY_DEFINITION_REPRESENTATION(#15880,#15881);
#15883=(LENGTH_UNIT()NAMED_UNIT(*)SI_UNIT(.MILLI.,.METRE.));
#15887=PROPERTY_DEFINITION('geometric validation property','volume of F331_R',
#15853);
#15888=REPRESENTATION('volume',(#15886),#15842);
#15889=PROPERTY_DEFINITION_REPRESENTATION(#15887,#15888);
#15891=PROPERTY_DEFINITION('geometric validation property','centroid of F331_R',
#15853);
#15892=REPRESENTATION('centroid',(#15890),#15842);
#15893=PROPERTY_DEFINITION_REPRESENTATION(#15891,#15892);
#15894=SHAPE_DEFINITION_REPRESENTATION(#15853,#15847);
#15895=NEXT_ASSEMBLY_USAGE_OCCURRENCE('188','Next assembly relationship',
'F331_R',#15922,#15852,$);
#15896=PRODUCT_DEFINITION_SHAPE('Placement #188',
'Placement of F331_R with respect to F331_30PIN_ASM',#15895);
#15898=PROPERTY_DEFINITION('geometric validation property','centroid of F331_R',
#15896);
#15899=REPRESENTATION('centroid',(#15897),#15842);
#15900=PROPERTY_DEFINITION_REPRESENTATION(#15898,#15899);
#15908=(LENGTH_UNIT()NAMED_UNIT(*)SI_UNIT(.MILLI.,.METRE.));
#15909=(NAMED_UNIT(*)PLANE_ANGLE_UNIT()SI_UNIT($,.RADIAN.));
#15912=(NAMED_UNIT(*)SI_UNIT($,.STERADIAN.)SOLID_ANGLE_UNIT());
#15914=(GEOMETRIC_REPRESENTATION_CONTEXT(3)GLOBAL_UNCERTAINTY_ASSIGNED_CONTEXT((
#15913))GLOBAL_UNIT_ASSIGNED_CONTEXT((#15908,#15911,#15912))REPRESENTATION_CONTEXT('ID4','3'));
#15918=AXIS2_PLACEMENT_3D('',#15915,#15916,#15917);
#15922=PRODUCT_DEFINITION('part definition','',#15921,#15848);
#15923=(LENGTH_UNIT()NAMED_UNIT(*)SI_UNIT(.MILLI.,.METRE.));
#15927=PROPERTY_DEFINITION('geometric validation property',
'area of F331_30PIN_ASM',#5890);
#15928=REPRESENTATION('surface area',(#15926),#15914);
#15929=PROPERTY_DEFINITION_REPRESENTATION(#15927,#15928);
#15930=(LENGTH_UNIT()NAMED_UNIT(*)SI_UNIT(.MILLI.,.METRE.));
#15934=PROPERTY_DEFINITION('geometric validation property',
'volume of F331_30PIN_ASM',#5890);
#15935=REPRESENTATION('volume',(#15933),#15914);
#15936=PROPERTY_DEFINITION_REPRESENTATION(#15934,#15935);
#15938=PROPERTY_DEFINITION('geometric validation property',
'centroid of F331_30PIN_ASM',#5890);
#15939=REPRESENTATION('centroid',(#15937),#15914);
#15940=PROPERTY_DEFINITION_REPRESENTATION(#15938,#15939);
#15942=PROPERTY_DEFINITION('DESCRIPTION','user defined attribute',#15922);
#15946=REPRESENTATION('',(#15945),#15914);
#15947=PROPERTY_DEFINITION_REPRESENTATION(#15942,#15946);
#15948=PROPERTY_DEFINITION('MODELED_BY','user defined attribute',#15922);
#15952=REPRESENTATION('',(#15951),#15914);
#15953=PROPERTY_DEFINITION_REPRESENTATION(#15948,#15952);
ENDSEC;
END-ISO-10303-21;

