ISO-10303-21;
HEADER;
FILE_DESCRIPTION (( 'STEP AP214' ),
    '1' );
FILE_NAME ('22057025.STEP',
    '2024-02-28T05:31:33',
    ( '' ),
    ( '' ),
    'SwSTEP 2.0',
    'SolidWorks 2021',
    '' );
FILE_SCHEMA (( 'AUTOMOTIVE_DESIGN' ));
ENDSEC;

DATA;
#2 = FILL_AREA_STYLE ('',( #1480 ) ) ;
#1 = VECTOR ( 'NONE', #3292, 1000.000000000000000 ) ;
#3 = AXIS2_PLACEMENT_3D ( 'NONE', #420, #3617, #1605 ) ;
#4 =( GEOMETRIC_REPRESENTATION_CONTEXT ( 3 ) GLOBAL_UNCERTAINTY_ASSIGNED_CONTEXT ( ( #3768 ) ) GLOBAL_UNIT_ASSIGNED_CONTEXT ( ( #359, #3272, #2701 ) ) REPRESENTATION_CONTEXT ( 'NONE', 'WORKASPACE' ) );
#5 = SURFACE_SIDE_STYLE ('',( #2645 ) ) ;
#6 = STYLED_ITEM ( 'NONE', ( #1357 ), #3614 ) ;
#7 = DIRECTION ( 'NONE',  ( -1.000000000000000000, 0.000000000000000000, -0.000000000000000000 ) ) ;
#8 = CARTESIAN_POINT ( 'NONE',  ( -1.750000000000000222, 2.880000000000000338, 5.599999999999999645 ) ) ;
#9 = DIRECTION ( 'NONE',  ( 0.000000000000000000, -1.121588454295349533E-16, 1.000000000000000000 ) ) ;
#10 = AXIS2_PLACEMENT_3D ( 'NONE', #2866, #3132, #3415 ) ;
#11 = EDGE_CURVE ( 'NONE', #1286, #3197, #2380, .T. ) ;
#12 = PRESENTATION_LAYER_ASSIGNMENT (  '', '', ( #2534 ) ) ;
#13 = ORIENTED_EDGE ( 'NONE', *, *, #2736, .F. ) ;
#14 = FILL_AREA_STYLE_COLOUR ( '', #543 ) ;
#15 = FILL_AREA_STYLE_COLOUR ( '', #3145 ) ;
#16 = EDGE_LOOP ( 'NONE', ( #462, #297 ) ) ;
#17 = ORIENTED_EDGE ( 'NONE', *, *, #2565, .T. ) ;
#18 = DIRECTION ( 'NONE',  ( 0.000000000000000000, 0.000000000000000000, -1.000000000000000000 ) ) ;
#19 = ORIENTED_EDGE ( 'NONE', *, *, #354, .F. ) ;
#20 = FILL_AREA_STYLE_COLOUR ( '', #76 ) ;
#21 = COLOUR_RGB ( '',1.000000000000000000, 1.000000000000000000, 1.000000000000000000 ) ;
#22 = ORIENTED_EDGE ( 'NONE', *, *, #3418, .F. ) ;
#23 = DIRECTION ( 'NONE',  ( -0.000000000000000000, -0.000000000000000000, 1.000000000000000000 ) ) ;
#24 = VECTOR ( 'NONE', #3618, 1000.000000000000000 ) ;
#25 = CARTESIAN_POINT ( 'NONE',  ( 3.349999999999998757, 0.6799999999999999378, 2.600000000000000089 ) ) ;
#26 = FACE_OUTER_BOUND ( 'NONE', #789, .T. ) ;
#27 = VECTOR ( 'NONE', #1761, 1000.000000000000000 ) ;
#28 = PLANE ( 'NONE',  #306 ) ;
#29 = SURFACE_STYLE_USAGE ( .BOTH. , #593 ) ;
#30 = PLANE ( 'NONE',  #1814 ) ;
#31 = FACE_BOUND ( 'NONE', #3681, .T. ) ;
#32 = DIRECTION ( 'NONE',  ( 0.000000000000000000, 0.000000000000000000, 1.000000000000000000 ) ) ;
#33 =( NAMED_UNIT ( * ) SI_UNIT ( $, .STERADIAN. ) SOLID_ANGLE_UNIT ( ) );
#34 = ADVANCED_FACE ( 'NONE', ( #2634 ), #779, .T. ) ;
#35 = ORIENTED_EDGE ( 'NONE', *, *, #235, .T. ) ;
#36 = ORIENTED_EDGE ( 'NONE', *, *, #2901, .F. ) ;
#37 = PRESENTATION_STYLE_ASSIGNMENT (( #2680 ) ) ;
#38 = COLOUR_RGB ( '',1.000000000000000000, 1.000000000000000000, 1.000000000000000000 ) ;
#39 = CARTESIAN_POINT ( 'NONE',  ( -2.450000000000000178, 1.000000000000000000, -0.8000000000000059286 ) ) ;
#40 = AXIS2_PLACEMENT_3D ( 'NONE', #608, #1479, #1167 ) ;
#41 = EDGE_CURVE ( 'NONE', #3426, #3678, #3260, .T. ) ;
#42 = SURFACE_SIDE_STYLE ('',( #1063 ) ) ;
#43 = COLOUR_RGB ( '',1.000000000000000000, 1.000000000000000000, 1.000000000000000000 ) ;
#44 = CARTESIAN_POINT ( 'NONE',  ( 0.5606099295107936920, 0.000000000000000000, -1.300000000000000933 ) ) ;
#45 = FACE_OUTER_BOUND ( 'NONE', #2566, .T. ) ;
#46 = CARTESIAN_POINT ( 'NONE',  ( -2.450000000000000178, 3.679999999999999272, 6.099999999999994316 ) ) ;
#47 = PRESENTATION_STYLE_ASSIGNMENT (( #2676 ) ) ;
#48 = ORIENTED_EDGE ( 'NONE', *, *, #2386, .T. ) ;
#49 = DIRECTION ( 'NONE',  ( -0.7071067811865472397, -0.7071067811865479058, -0.000000000000000000 ) ) ;
#50 = CARTESIAN_POINT ( 'NONE',  ( -2.450000000000000178, 0.000000000000000000, -1.300000000000000711 ) ) ;
#51 = SURFACE_SIDE_STYLE ('',( #1011 ) ) ;
#52 = SURFACE_SIDE_STYLE ('',( #343 ) ) ;
#53 = MECHANICAL_DESIGN_GEOMETRIC_PRESENTATION_REPRESENTATION (  '', ( #3736 ), #3556 ) ;
#54 = CARTESIAN_POINT ( 'NONE',  ( 3.349999999999998757, 0.6799999999999999378, 2.600000000000000089 ) ) ;
#55 = DIRECTION ( 'NONE',  ( 0.000000000000000000, -1.000000000000000000, 0.000000000000000000 ) ) ;
#56 = CARTESIAN_POINT ( 'NONE',  ( -2.450000000000000178, 0.000000000000000000, -1.300000000000000711 ) ) ;
#57 = PRESENTATION_LAYER_ASSIGNMENT (  '', '', ( #868 ) ) ;
#58 = SURFACE_SIDE_STYLE ('',( #665 ) ) ;
#59 = EDGE_CURVE ( 'NONE', #2303, #1504, #3192, .T. ) ;
#60 =( GEOMETRIC_REPRESENTATION_CONTEXT ( 3 ) GLOBAL_UNCERTAINTY_ASSIGNED_CONTEXT ( ( #2031 ) ) GLOBAL_UNIT_ASSIGNED_CONTEXT ( ( #1678, #438, #3664 ) ) REPRESENTATION_CONTEXT ( 'NONE', 'WORKASPACE' ) );
#61 = COLOUR_RGB ( '',1.000000000000000000, 1.000000000000000000, 1.000000000000000000 ) ;
#62 = STYLED_ITEM ( 'NONE', ( #345 ), #2482 ) ;
#63 = PRESENTATION_STYLE_ASSIGNMENT (( #3000 ) ) ;
#64 = DIRECTION ( 'NONE',  ( -0.2164396139381042916, 0.000000000000000000, -0.9762960071199330292 ) ) ;
#65 = AXIS2_PLACEMENT_3D ( 'NONE', #3528, #903, #1997 ) ;
#66 = VECTOR ( 'NONE', #3774, 1000.000000000000000 ) ;
#67 = VERTEX_POINT ( 'NONE', #2082 ) ;
#68 = DIRECTION ( 'NONE',  ( -0.000000000000000000, 1.000000000000000000, 1.227398685832646557E-16 ) ) ;
#69 = UNCERTAINTY_MEASURE_WITH_UNIT (LENGTH_MEASURE( 1.000000000000000082E-05 ), #1586, 'distance_accuracy_value', 'NONE');
#70 =( NAMED_UNIT ( * ) SI_UNIT ( $, .STERADIAN. ) SOLID_ANGLE_UNIT ( ) );
#71 = ORIENTED_EDGE ( 'NONE', *, *, #2286, .T. ) ;
#72 = ORIENTED_EDGE ( 'NONE', *, *, #838, .T. ) ;
#73 = EDGE_CURVE ( 'NONE', #3373, #3435, #2674, .T. ) ;
#74 = FILL_AREA_STYLE_COLOUR ( '', #2403 ) ;
#75 = LINE ( 'NONE', #383, #3225 ) ;
#76 = COLOUR_RGB ( '',1.000000000000000000, 1.000000000000000000, 1.000000000000000000 ) ;
#77 = MECHANICAL_DESIGN_GEOMETRIC_PRESENTATION_REPRESENTATION (  '', ( #3159 ), #1749 ) ;
#78 = DIRECTION ( 'NONE',  ( 0.000000000000000000, 0.000000000000000000, 1.000000000000000000 ) ) ;
#79 = PLANE ( 'NONE',  #1855 ) ;
#80 = DIRECTION ( 'NONE',  ( 0.000000000000000000, -1.000000000000000000, -0.000000000000000000 ) ) ;
#81 = DIRECTION ( 'NONE',  ( 1.000000000000000000, -0.000000000000000000, -0.000000000000000000 ) ) ;
#82 = COLOUR_RGB ( '',1.000000000000000000, 1.000000000000000000, 1.000000000000000000 ) ;
#83 = COLOUR_RGB ( '',1.000000000000000000, 1.000000000000000000, 1.000000000000000000 ) ;
#84 = CARTESIAN_POINT ( 'NONE',  ( 2.500000000000000000, 1.800000000000000711, 5.899999999999999467 ) ) ;
#85 = CARTESIAN_POINT ( 'NONE',  ( -2.450000000000000178, 3.899999999999999911, 0.6999999999999992895 ) ) ;
#86 = CARTESIAN_POINT ( 'NONE',  ( 2.500000000000000000, 1.200000000000001066, 0.5999999999999998668 ) ) ;
#87 = EDGE_CURVE ( 'NONE', #2109, #2505, #1220, .T. ) ;
#88 = EDGE_LOOP ( 'NONE', ( #1033, #1652, #3445, #1463, #2766, #1948 ) ) ;
#89 = CARTESIAN_POINT ( 'NONE',  ( -1.750000000000000222, 1.580000000000000515, 2.600000000000000089 ) ) ;
#90 =( LENGTH_UNIT ( ) NAMED_UNIT ( * ) SI_UNIT ( .MILLI., .METRE. ) );
#91 = ORIENTED_EDGE ( 'NONE', *, *, #1490, .F. ) ;
#92 = VERTEX_POINT ( 'NONE', #3483 ) ;
#93 = LINE ( 'NONE', #2124, #1923 ) ;
#94 = LINE ( 'NONE', #641, #1207 ) ;
#95 = COLOUR_RGB ( '',1.000000000000000000, 1.000000000000000000, 1.000000000000000000 ) ;
#96 = SURFACE_STYLE_USAGE ( .BOTH. , #2413 ) ;
#97 = FACE_OUTER_BOUND ( 'NONE', #733, .T. ) ;
#98 = VERTEX_POINT ( 'NONE', #1772 ) ;
#99 = DIRECTION ( 'NONE',  ( -0.000000000000000000, 1.000000000000000000, 1.227398685832646557E-16 ) ) ;
#100 = CARTESIAN_POINT ( 'NONE',  ( -1.750000000000000222, 3.680000000000000604, 2.600000000000000089 ) ) ;
#101 =( GEOMETRIC_REPRESENTATION_CONTEXT ( 3 ) GLOBAL_UNCERTAINTY_ASSIGNED_CONTEXT ( ( #3607 ) ) GLOBAL_UNIT_ASSIGNED_CONTEXT ( ( #2683, #1892, #3247 ) ) REPRESENTATION_CONTEXT ( 'NONE', 'WORKASPACE' ) );
#102 = ADVANCED_FACE ( 'NONE', ( #2940 ), #3212, .F. ) ;
#103 = AXIS2_PLACEMENT_3D ( 'NONE', #2695, #280, #2943 ) ;
#104 = DIRECTION ( 'NONE',  ( 0.000000000000000000, 0.000000000000000000, 1.000000000000000000 ) ) ;
#105 = LINE ( 'NONE', #3035, #1899 ) ;
#106 = DIRECTION ( 'NONE',  ( 0.000000000000000000, 0.000000000000000000, -1.000000000000000000 ) ) ;
#107 = UNCERTAINTY_MEASURE_WITH_UNIT (LENGTH_MEASURE( 1.000000000000000082E-05 ), #1888, 'distance_accuracy_value', 'NONE');
#108 = ORIENTED_EDGE ( 'NONE', *, *, #149, .F. ) ;
#109 = DIRECTION ( 'NONE',  ( 1.000000000000000000, -0.000000000000000000, -0.000000000000000000 ) ) ;
#110 = LINE ( 'NONE', #3371, #720 ) ;
#111 = LINE ( 'NONE', #948, #321 ) ;
#112 = ADVANCED_FACE ( 'NONE', ( #1556 ), #1275, .F. ) ;
#113 = EDGE_LOOP ( 'NONE', ( #3797, #544, #1949, #2509 ) ) ;
#114 = CARTESIAN_POINT ( 'NONE',  ( 0.000000000000000000, 4.900000000000000355, 0.000000000000000000 ) ) ;
#115 = FACE_OUTER_BOUND ( 'NONE', #2262, .T. ) ;
#116 = DIRECTION ( 'NONE',  ( 0.000000000000000000, -0.7071067811865511255, -0.7071067811865440200 ) ) ;
#117 = CARTESIAN_POINT ( 'NONE',  ( 4.949999999999999289, 0.000000000000000000, -1.300000000000000711 ) ) ;
#118 = DIRECTION ( 'NONE',  ( -0.7071067811865476838, -0.7071067811865474617, -0.000000000000000000 ) ) ;
#119 = AXIS2_PLACEMENT_3D ( 'NONE', #1829, #3545, #3261 ) ;
#120 = VECTOR ( 'NONE', #841, 1000.000000000000000 ) ;
#121 = SURFACE_STYLE_FILL_AREA ( #2724 ) ;
#122 =( LENGTH_UNIT ( ) NAMED_UNIT ( * ) SI_UNIT ( .MILLI., .METRE. ) );
#123 = DIRECTION ( 'NONE',  ( -0.7071067811865472397, -0.7071067811865479058, 0.000000000000000000 ) ) ;
#124 = EDGE_CURVE ( 'NONE', #3424, #1705, #3593, .T. ) ;
#125 =( NAMED_UNIT ( * ) PLANE_ANGLE_UNIT ( ) SI_UNIT ( $, .RADIAN. ) );
#126 = MECHANICAL_DESIGN_GEOMETRIC_PRESENTATION_REPRESENTATION (  '', ( #2339 ), #2270 ) ;
#127 = EDGE_CURVE ( 'NONE', #1239, #1580, #666, .T. ) ;
#128 = EDGE_LOOP ( 'NONE', ( #3168, #434, #2948, #3150 ) ) ;
#129 = PRESENTATION_LAYER_ASSIGNMENT (  '', '', ( #3500 ) ) ;
#130 = SURFACE_STYLE_FILL_AREA ( #1596 ) ;
#131 = STYLED_ITEM ( 'NONE', ( #2322 ), #2578 ) ;
#132 = ADVANCED_FACE ( 'NONE', ( #705 ), #2477, .F. ) ;
#133 = ORIENTED_EDGE ( 'NONE', *, *, #320, .F. ) ;
#134 = VERTEX_POINT ( 'NONE', #2793 ) ;
#135 = SURFACE_SIDE_STYLE ('',( #1805 ) ) ;
#136 = PRESENTATION_STYLE_ASSIGNMENT (( #1101 ) ) ;
#137 = CARTESIAN_POINT ( 'NONE',  ( 4.249999999999999112, 2.180000000000000604, 5.599999999999999645 ) ) ;
#138 = CARTESIAN_POINT ( 'NONE',  ( 2.149999999999999911, 0.000000000000000000, 4.286263797015732281E-17 ) ) ;
#139 = CARTESIAN_POINT ( 'NONE',  ( 4.249999999999999112, 2.180000000000000604, 5.599999999999999645 ) ) ;
#140 = PRESENTATION_LAYER_ASSIGNMENT (  '', '', ( #2977 ) ) ;
#141 = CARTESIAN_POINT ( 'NONE',  ( 0.3500000000000000888, 1.800000000000000711, 2.600000000000000089 ) ) ;
#142 = ORIENTED_EDGE ( 'NONE', *, *, #2261, .F. ) ;
#143 = CIRCLE ( 'NONE', #2546, 0.1999999999999996503 ) ;
#144 = AXIS2_PLACEMENT_3D ( 'NONE', #933, #2390, #3615 ) ;
#145 = ORIENTED_EDGE ( 'NONE', *, *, #2675, .T. ) ;
#146 = CARTESIAN_POINT ( 'NONE',  ( -1.750000000000000222, 3.680000000000001048, 1.699999999999999067 ) ) ;
#147 = LINE ( 'NONE', #787, #243 ) ;
#148 = ORIENTED_EDGE ( 'NONE', *, *, #517, .F. ) ;
#149 = EDGE_CURVE ( 'NONE', #197, #224, #195, .T. ) ;
#150 = VERTEX_POINT ( 'NONE', #2204 ) ;
#151 = ORIENTED_EDGE ( 'NONE', *, *, #1150, .F. ) ;
#152 =( LENGTH_UNIT ( ) NAMED_UNIT ( * ) SI_UNIT ( .MILLI., .METRE. ) );
#153 = SURFACE_SIDE_STYLE ('',( #931 ) ) ;
#154 = CARTESIAN_POINT ( 'NONE',  ( 2.820250093061081653, 1.584193158212550578, -0.2158068417874614842 ) ) ;
#155 = DIRECTION ( 'NONE',  ( 0.000000000000000000, -1.000000000000000000, 0.000000000000000000 ) ) ;
#156 = DIRECTION ( 'NONE',  ( 0.000000000000000000, 0.000000000000000000, -1.000000000000000000 ) ) ;
#157 = STYLED_ITEM ( 'NONE', ( #1468 ), #342 ) ;
#158 = EDGE_CURVE ( 'NONE', #3678, #994, #1610, .T. ) ;
#159 = UNCERTAINTY_MEASURE_WITH_UNIT (LENGTH_MEASURE( 1.000000000000000082E-05 ), #630, 'distance_accuracy_value', 'NONE');
#160 = DIRECTION ( 'NONE',  ( -0.7071067811865474617, 0.7071067811865474617, -0.000000000000000000 ) ) ;
#161 = AXIS2_PLACEMENT_3D ( 'NONE', #690, #981, #2372 ) ;
#162 = FACE_OUTER_BOUND ( 'NONE', #1523, .T. ) ;
#163 = SURFACE_STYLE_FILL_AREA ( #2796 ) ;
#164 = VERTEX_POINT ( 'NONE', #2516 ) ;
#165 = ORIENTED_EDGE ( 'NONE', *, *, #2395, .F. ) ;
#166 = VECTOR ( 'NONE', #979, 1000.000000000000000 ) ;
#167 = ORIENTED_EDGE ( 'NONE', *, *, #2460, .T. ) ;
#168 =( NAMED_UNIT ( * ) SI_UNIT ( $, .STERADIAN. ) SOLID_ANGLE_UNIT ( ) );
#169 = ORIENTED_EDGE ( 'NONE', *, *, #2456, .T. ) ;
#170 = VERTEX_POINT ( 'NONE', #2571 ) ;
#171 = PLANE ( 'NONE',  #3381 ) ;
#172 =( NAMED_UNIT ( * ) SI_UNIT ( $, .STERADIAN. ) SOLID_ANGLE_UNIT ( ) );
#173 = DIRECTION ( 'NONE',  ( -0.000000000000000000, 1.000000000000000000, -0.000000000000000000 ) ) ;
#174 = EDGE_CURVE ( 'NONE', #477, #3268, #2223, .T. ) ;
#175 = CARTESIAN_POINT ( 'NONE',  ( -2.450000000000000178, 4.180000000000000604, 6.599999999999995204 ) ) ;
#176 =( LENGTH_UNIT ( ) NAMED_UNIT ( * ) SI_UNIT ( .MILLI., .METRE. ) );
#177 = SURFACE_SIDE_STYLE ('',( #1963 ) ) ;
#178 = DIRECTION ( 'NONE',  ( -1.000000000000000000, 1.445602896647339163E-16, 0.000000000000000000 ) ) ;
#179 = FILL_AREA_STYLE ('',( #2817 ) ) ;
#180 = LINE ( 'NONE', #1689, #3002 ) ;
#181 = VERTEX_POINT ( 'NONE', #1982 ) ;
#182 = VECTOR ( 'NONE', #2012, 1000.000000000000000 ) ;
#183 = EDGE_LOOP ( 'NONE', ( #3072, #2884, #829, #3026 ) ) ;
#184 =( LENGTH_UNIT ( ) NAMED_UNIT ( * ) SI_UNIT ( .MILLI., .METRE. ) );
#185 = FILL_AREA_STYLE_COLOUR ( '', #2400 ) ;
#186 = AXIS2_PLACEMENT_3D ( 'NONE', #644, #2126, #1552 ) ;
#187 = VECTOR ( 'NONE', #2784, 1000.000000000000114 ) ;
#188 = VERTEX_POINT ( 'NONE', #1687 ) ;
#189 = DIRECTION ( 'NONE',  ( -1.000000000000000000, 0.000000000000000000, 0.000000000000000000 ) ) ;
#190 = SURFACE_STYLE_USAGE ( .BOTH. , #3082 ) ;
#191 = SURFACE_STYLE_USAGE ( .BOTH. , #2789 ) ;
#192 = TOROIDAL_SURFACE ( 'NONE', #2347, 0.1499999999999998279, 0.2000000000000000111 ) ;
#193 = EDGE_CURVE ( 'NONE', #502, #2361, #3726, .T. ) ;
#194 = SURFACE_STYLE_USAGE ( .BOTH. , #2182 ) ;
#195 = LINE ( 'NONE', #3090, #714 ) ;
#196 = CARTESIAN_POINT ( 'NONE',  ( 2.500000000000000000, 2.150000000000000355, 0.6000000000000046407 ) ) ;
#197 = VERTEX_POINT ( 'NONE', #489 ) ;
#198 = PRESENTATION_LAYER_ASSIGNMENT (  '', '', ( #2542 ) ) ;
#199 = VECTOR ( 'NONE', #701, 1000.000000000000000 ) ;
#200 = ORIENTED_EDGE ( 'NONE', *, *, #3418, .T. ) ;
#201 = CARTESIAN_POINT ( 'NONE',  ( -2.450000000000000178, 4.900000000000000355, 6.599999999999999645 ) ) ;
#202 = LINE ( 'NONE', #1827, #2828 ) ;
#203 = CIRCLE ( 'NONE', #144, 0.2000000000000000111 ) ;
#204 = ADVANCED_FACE ( 'NONE', ( #1630 ), #3146, .F. ) ;
#205 = ORIENTED_EDGE ( 'NONE', *, *, #633, .T. ) ;
#206 = LINE ( 'NONE', #484, #2839 ) ;
#207 = CARTESIAN_POINT ( 'NONE',  ( 0.3499999999999999778, 0.000000000000000000, 4.065758146820642244E-17 ) ) ;
#208 = VERTEX_POINT ( 'NONE', #3404 ) ;
#209 = DIRECTION ( 'NONE',  ( -0.000000000000000000, -0.000000000000000000, 1.000000000000000000 ) ) ;
#210 = FILL_AREA_STYLE ('',( #3724 ) ) ;
#211 = LINE ( 'NONE', #3384, #1457 ) ;
#212 = CLOSED_SHELL ( 'NONE', ( #1383, #2320, #675, #2942, #399, #223, #2530, #1223, #3412, #508, #319, #3003 ) ) ;
#213 = CARTESIAN_POINT ( 'NONE',  ( -2.450000000000000178, 4.180000000000000604, 6.599999999999995204 ) ) ;
#214 = CARTESIAN_POINT ( 'NONE',  ( -1.084202172485504434E-16, 1.800000000000000711, 6.099999999999999645 ) ) ;
#215 = ORIENTED_EDGE ( 'NONE', *, *, #1150, .T. ) ;
#216 = STYLED_ITEM ( 'NONE', ( #3603 ), #132 ) ;
#217 = CIRCLE ( 'NONE', #3712, 0.3499999999999999223 ) ;
#218 = ORIENTED_EDGE ( 'NONE', *, *, #2250, .F. ) ;
#219 = MECHANICAL_DESIGN_GEOMETRIC_PRESENTATION_REPRESENTATION (  '', ( #2197 ), #783 ) ;
#220 = ORIENTED_EDGE ( 'NONE', *, *, #2911, .T. ) ;
#221 = DIRECTION ( 'NONE',  ( 0.000000000000000000, 0.000000000000000000, 1.000000000000000000 ) ) ;
#222 = AXIS2_PLACEMENT_3D ( 'NONE', #1435, #498, #3409 ) ;
#223 = ADVANCED_FACE ( 'NONE', ( #2500 ), #452, .T. ) ;
#224 = VERTEX_POINT ( 'NONE', #1665 ) ;
#225 = ORIENTED_EDGE ( 'NONE', *, *, #2726, .F. ) ;
#226 = DIRECTION ( 'NONE',  ( 0.000000000000000000, 0.000000000000000000, -1.000000000000000000 ) ) ;
#227 = FACE_OUTER_BOUND ( 'NONE', #1719, .T. ) ;
#228 = PLANE ( 'NONE',  #1878 ) ;
#229 = ORIENTED_EDGE ( 'NONE', *, *, #354, .T. ) ;
#230 = LINE ( 'NONE', #3223, #339 ) ;
#231 = DIRECTION ( 'NONE',  ( 0.7071067811865474617, -0.7071067811865474617, 0.000000000000000000 ) ) ;
#232 = CARTESIAN_POINT ( 'NONE',  ( -6.555757927839308978E-17, 1.200000000000001066, 0.5999999999999998668 ) ) ;
#233 = ORIENTED_EDGE ( 'NONE', *, *, #3361, .F. ) ;
#234 = UNCERTAINTY_MEASURE_WITH_UNIT (LENGTH_MEASURE( 1.000000000000000082E-05 ), #2083, 'distance_accuracy_value', 'NONE');
#235 = EDGE_CURVE ( 'NONE', #1967, #3678, #2837, .T. ) ;
#236 = VECTOR ( 'NONE', #478, 1000.000000000000000 ) ;
#237 = ORIENTED_EDGE ( 'NONE', *, *, #2386, .F. ) ;
#238 = CARTESIAN_POINT ( 'NONE',  ( 2.500000000000000000, 1.199999999999996625, 1.472878422999172072E-16 ) ) ;
#239 = DIRECTION ( 'NONE',  ( 1.000000000000000000, 0.000000000000000000, 0.000000000000000000 ) ) ;
#240 = ORIENTED_EDGE ( 'NONE', *, *, #2856, .T. ) ;
#241 = TOROIDAL_SURFACE ( 'NONE', #2961, 0.5999999999999996447, 0.3499999999999998113 ) ;
#242 = FILL_AREA_STYLE ('',( #20 ) ) ;
#243 = VECTOR ( 'NONE', #2760, 1000.000000000000000 ) ;
#244 = ORIENTED_EDGE ( 'NONE', *, *, #2744, .T. ) ;
#245 = ORIENTED_EDGE ( 'NONE', *, *, #2181, .T. ) ;
#246 = DIRECTION ( 'NONE',  ( 0.000000000000000000, -1.121588454295349533E-16, 1.000000000000000000 ) ) ;
#247 = UNCERTAINTY_MEASURE_WITH_UNIT (LENGTH_MEASURE( 1.000000000000000082E-05 ), #1938, 'distance_accuracy_value', 'NONE');
#248 = VECTOR ( 'NONE', #3053, 1000.000000000000000 ) ;
#249 = PRESENTATION_LAYER_ASSIGNMENT (  '', '', ( #2167 ) ) ;
#250 =( GEOMETRIC_REPRESENTATION_CONTEXT ( 3 ) GLOBAL_UNCERTAINTY_ASSIGNED_CONTEXT ( ( #1466 ) ) GLOBAL_UNIT_ASSIGNED_CONTEXT ( ( #3606, #125, #2479 ) ) REPRESENTATION_CONTEXT ( 'NONE', 'WORKASPACE' ) );
#251 = DIRECTION ( 'NONE',  ( -1.000000000000000000, 0.000000000000000000, -0.000000000000000000 ) ) ;
#252 = LINE ( 'NONE', #956, #471 ) ;
#253 = CARTESIAN_POINT ( 'NONE',  ( 2.500000000000000000, 1.199999999999996625, 0.3499999999999999778 ) ) ;
#254 = DIRECTION ( 'NONE',  ( -0.000000000000000000, -1.000000000000000000, -0.000000000000000000 ) ) ;
#255 = SURFACE_SIDE_STYLE ('',( #2100 ) ) ;
#256 = LINE ( 'NONE', #1157, #2099 ) ;
#257 = FACE_OUTER_BOUND ( 'NONE', #3739, .T. ) ;
#258 = AXIS2_PLACEMENT_3D ( 'NONE', #2647, #1471, #3205 ) ;
#259 = ORIENTED_EDGE ( 'NONE', *, *, #1659, .F. ) ;
#260 = DIRECTION ( 'NONE',  ( 1.000000000000000000, 0.000000000000000000, -0.000000000000000000 ) ) ;
#261 = ORIENTED_EDGE ( 'NONE', *, *, #796, .F. ) ;
#262 =( LENGTH_UNIT ( ) NAMED_UNIT ( * ) SI_UNIT ( .MILLI., .METRE. ) );
#263 = VECTOR ( 'NONE', #528, 1000.000000000000000 ) ;
#264 = EDGE_CURVE ( 'NONE', #1204, #1655, #3421, .T. ) ;
#265 = EDGE_LOOP ( 'NONE', ( #3101, #825, #2445, #2823 ) ) ;
#266 = MECHANICAL_DESIGN_GEOMETRIC_PRESENTATION_REPRESENTATION (  '', ( #828 ), #892 ) ;
#267 =( NAMED_UNIT ( * ) PLANE_ANGLE_UNIT ( ) SI_UNIT ( $, .RADIAN. ) );
#268 =( NAMED_UNIT ( * ) SI_UNIT ( $, .STERADIAN. ) SOLID_ANGLE_UNIT ( ) );
#269 = DIRECTION ( 'NONE',  ( 1.000000000000000000, 0.000000000000000000, 0.000000000000000000 ) ) ;
#270 = DIRECTION ( 'NONE',  ( -0.1548704352003978102, -0.6985753890242802910, -0.6985753890242731856 ) ) ;
#271 = DIRECTION ( 'NONE',  ( 0.000000000000000000, 1.227398685832646557E-16, -1.000000000000000000 ) ) ;
#272 = SURFACE_STYLE_FILL_AREA ( #2669 ) ;
#273 = DIRECTION ( 'NONE',  ( -0.000000000000000000, -1.000000000000000000, -0.000000000000000000 ) ) ;
#274 = PRESENTATION_STYLE_ASSIGNMENT (( #646 ) ) ;
#275 = EDGE_CURVE ( 'NONE', #3548, #3319, #2857, .T. ) ;
#276 = UNCERTAINTY_MEASURE_WITH_UNIT (LENGTH_MEASURE( 1.000000000000000082E-05 ), #1236, 'distance_accuracy_value', 'NONE');
#277 = ADVANCED_FACE ( 'NONE', ( #763 ), #1704, .T. ) ;
#278 = DIRECTION ( 'NONE',  ( 0.000000000000000000, 0.000000000000000000, -1.000000000000000000 ) ) ;
#279 = CARTESIAN_POINT ( 'NONE',  ( 2.500000000000000000, 1.800000000000000711, 5.899999999999999467 ) ) ;
#280 = DIRECTION ( 'NONE',  ( -0.000000000000000000, -0.000000000000000000, 1.000000000000000000 ) ) ;
#281 = MECHANICAL_DESIGN_GEOMETRIC_PRESENTATION_REPRESENTATION (  '', ( #2560 ), #3173 ) ;
#282 = VERTEX_POINT ( 'NONE', #1070 ) ;
#283 = VERTEX_POINT ( 'NONE', #2312 ) ;
#284 = LINE ( 'NONE', #2923, #3210 ) ;
#285 =( LENGTH_UNIT ( ) NAMED_UNIT ( * ) SI_UNIT ( .MILLI., .METRE. ) );
#286 = ORIENTED_EDGE ( 'NONE', *, *, #1573, .F. ) ;
#287 = STYLED_ITEM ( 'NONE', ( #1735 ), #943 ) ;
#288 = FILL_AREA_STYLE_COLOUR ( '', #2343 ) ;
#289 = CARTESIAN_POINT ( 'NONE',  ( 0.000000000000000000, 0.000000000000000000, 2.600000000000000089 ) ) ;
#290 =( NAMED_UNIT ( * ) SI_UNIT ( $, .STERADIAN. ) SOLID_ANGLE_UNIT ( ) );
#291 = FACE_OUTER_BOUND ( 'NONE', #334, .T. ) ;
#292 = SURFACE_SIDE_STYLE ('',( #2934 ) ) ;
#293 = DIRECTION ( 'NONE',  ( -0.000000000000000000, 1.000000000000000000, -0.000000000000000000 ) ) ;
#294 = CARTESIAN_POINT ( 'NONE',  ( 4.250000000000000000, 1.030000000000004912, 3.149999999999993250 ) ) ;
#295 = ORIENTED_EDGE ( 'NONE', *, *, #1881, .T. ) ;
#296 = CARTESIAN_POINT ( 'NONE',  ( -6.555757927839308978E-17, 1.199999999999996625, 0.3499999999999999778 ) ) ;
#297 = ORIENTED_EDGE ( 'NONE', *, *, #3634, .F. ) ;
#298 = FACE_OUTER_BOUND ( 'NONE', #3081, .T. ) ;
#299 = TOROIDAL_SURFACE ( 'NONE', #619, 0.1499999999999998279, 0.2000000000000000111 ) ;
#300 = STYLED_ITEM ( 'NONE', ( #2630 ), #3246 ) ;
#301 = PLANE ( 'NONE',  #807 ) ;
#302 = LINE ( 'NONE', #3780, #3775 ) ;
#303 = LINE ( 'NONE', #3475, #2673 ) ;
#304 = COLOUR_RGB ( '',1.000000000000000000, 1.000000000000000000, 1.000000000000000000 ) ;
#305 = EDGE_CURVE ( 'NONE', #867, #2575, #217, .T. ) ;
#306 = AXIS2_PLACEMENT_3D ( 'NONE', #2026, #592, #251 ) ;
#307 =( NAMED_UNIT ( * ) SI_UNIT ( $, .STERADIAN. ) SOLID_ANGLE_UNIT ( ) );
#308 = PRESENTATION_LAYER_ASSIGNMENT (  '', '', ( #2834 ) ) ;
#309 = LINE ( 'NONE', #1427, #1028 ) ;
#310 = SURFACE_STYLE_USAGE ( .BOTH. , #2689 ) ;
#311 = DIRECTION ( 'NONE',  ( 0.000000000000000000, 0.000000000000000000, -1.000000000000000000 ) ) ;
#312 = EDGE_CURVE ( 'NONE', #596, #867, #2061, .T. ) ;
#313 = VECTOR ( 'NONE', #378, 1000.000000000000000 ) ;
#314 = ORIENTED_EDGE ( 'NONE', *, *, #3458, .F. ) ;
#315 = DIRECTION ( 'NONE',  ( -1.000000000000000000, 0.000000000000000000, 0.000000000000000000 ) ) ;
#316 = FILL_AREA_STYLE_COLOUR ( '', #2897 ) ;
#317 = EDGE_LOOP ( 'NONE', ( #3551, #148, #421, #1593 ) ) ;
#318 = CARTESIAN_POINT ( 'NONE',  ( 0.3499999999999997002, 1.800000000000000711, 0.6000000000000046407 ) ) ;
#319 = ADVANCED_FACE ( 'NONE', ( #915 ), #3594, .T. ) ;
#320 = EDGE_CURVE ( 'NONE', #1261, #2731, #230, .T. ) ;
#321 = VECTOR ( 'NONE', #2122, 1000.000000000000000 ) ;
#322 = CARTESIAN_POINT ( 'NONE',  ( 2.850000000000000089, 1.800000000000000711, -1.300000000000000711 ) ) ;
#323 = VECTOR ( 'NONE', #3597, 1000.000000000000000 ) ;
#324 = DIRECTION ( 'NONE',  ( -0.000000000000000000, -0.000000000000000000, 1.000000000000000000 ) ) ;
#325 = PLANE ( 'NONE',  #3315 ) ;
#326 = ORIENTED_EDGE ( 'NONE', *, *, #1757, .T. ) ;
#327 = FACE_OUTER_BOUND ( 'NONE', #1444, .T. ) ;
#328 = TOROIDAL_SURFACE ( 'NONE', #1565, 0.1499999999999998279, 0.2000000000000000111 ) ;
#329 =( LENGTH_UNIT ( ) NAMED_UNIT ( * ) SI_UNIT ( .MILLI., .METRE. ) );
#330 = CARTESIAN_POINT ( 'NONE',  ( 4.250000000000000000, 3.899999999999999023, 0.6999999999999992895 ) ) ;
#331 = SURFACE_STYLE_FILL_AREA ( #2981 ) ;
#332 = DIRECTION ( 'NONE',  ( -0.000000000000000000, 1.121588454295349533E-16, -1.000000000000000000 ) ) ;
#333 = VECTOR ( 'NONE', #160, 1000.000000000000114 ) ;
#334 = EDGE_LOOP ( 'NONE', ( #91, #1690, #3529, #19 ) ) ;
#335 = SURFACE_STYLE_USAGE ( .BOTH. , #1502 ) ;
#336 = ORIENTED_EDGE ( 'NONE', *, *, #695, .F. ) ;
#337 = ORIENTED_EDGE ( 'NONE', *, *, #305, .T. ) ;
#338 = PRESENTATION_STYLE_ASSIGNMENT (( #1875 ) ) ;
#339 = VECTOR ( 'NONE', #3479, 1000.000000000000000 ) ;
#340 = DIRECTION ( 'NONE',  ( -1.000000000000000000, 0.000000000000000000, 0.000000000000000000 ) ) ;
#341 = CIRCLE ( 'NONE', #844, 0.3499999999999998113 ) ;
#342 = ADVANCED_FACE ( 'NONE', ( #530 ), #1197, .F. ) ;
#343 = SURFACE_STYLE_FILL_AREA ( #1511 ) ;
#344 = MECHANICAL_DESIGN_GEOMETRIC_PRESENTATION_REPRESENTATION (  '', ( #287 ), #1776 ) ;
#345 = PRESENTATION_STYLE_ASSIGNMENT (( #3102 ) ) ;
#346 = FILL_AREA_STYLE_COLOUR ( '', #2652 ) ;
#347 = AXIS2_PLACEMENT_3D ( 'NONE', #2882, #239, #2229 ) ;
#348 = LINE ( 'NONE', #938, #2983 ) ;
#349 = DIRECTION ( 'NONE',  ( 1.000000000000000000, 0.000000000000000000, 0.000000000000000000 ) ) ;
#350 = DIRECTION ( 'NONE',  ( 1.000000000000000000, 0.000000000000000000, -0.000000000000000000 ) ) ;
#351 = CARTESIAN_POINT ( 'NONE',  ( 2.149999999999999911, 0.000000000000000000, 4.286263797015732281E-17 ) ) ;
#352 = DIRECTION ( 'NONE',  ( 0.000000000000000000, 0.000000000000000000, 1.000000000000000000 ) ) ;
#353 = EDGE_LOOP ( 'NONE', ( #853, #151, #3525, #3792, #3144 ) ) ;
#354 = EDGE_CURVE ( 'NONE', #2521, #170, #1222, .T. ) ;
#355 = ORIENTED_EDGE ( 'NONE', *, *, #3478, .T. ) ;
#356 = CARTESIAN_POINT ( 'NONE',  ( 3.730000000000000870, 0.000000000000000000, 6.599999999999999645 ) ) ;
#357 = SURFACE_STYLE_FILL_AREA ( #2443 ) ;
#358 = ORIENTED_EDGE ( 'NONE', *, *, #1573, .T. ) ;
#359 =( LENGTH_UNIT ( ) NAMED_UNIT ( * ) SI_UNIT ( .MILLI., .METRE. ) );
#360 = PRESENTATION_LAYER_ASSIGNMENT (  '', '', ( #2331 ) ) ;
#361 = EDGE_CURVE ( 'NONE', #2136, #3646, #859, .T. ) ;
#362 = DIRECTION ( 'NONE',  ( -0.000000000000000000, -0.000000000000000000, 1.000000000000000000 ) ) ;
#363 = CARTESIAN_POINT ( 'NONE',  ( -1.750000000000000222, 4.180000000000000604, 6.599999999999995204 ) ) ;
#364 = SURFACE_STYLE_USAGE ( .BOTH. , #2142 ) ;
#365 = EDGE_CURVE ( 'NONE', #1286, #845, #2356, .T. ) ;
#366 = DIRECTION ( 'NONE',  ( -1.000000000000000000, -0.000000000000000000, -0.000000000000000000 ) ) ;
#367 =( GEOMETRIC_REPRESENTATION_CONTEXT ( 3 ) GLOBAL_UNCERTAINTY_ASSIGNED_CONTEXT ( ( #1725 ) ) GLOBAL_UNIT_ASSIGNED_CONTEXT ( ( #3558, #1289, #1863 ) ) REPRESENTATION_CONTEXT ( 'NONE', 'WORKASPACE' ) );
#368 = DIRECTION ( 'NONE',  ( 0.000000000000000000, -3.942553354492748461E-16, 1.000000000000000000 ) ) ;
#369 = CIRCLE ( 'NONE', #1609, 0.1499999999999999667 ) ;
#370 = SURFACE_STYLE_USAGE ( .BOTH. , #667 ) ;
#371 = DIRECTION ( 'NONE',  ( 0.000000000000000000, 0.000000000000000000, -1.000000000000000000 ) ) ;
#372 = ORIENTED_EDGE ( 'NONE', *, *, #2261, .T. ) ;
#373 = UNCERTAINTY_MEASURE_WITH_UNIT (LENGTH_MEASURE( 1.000000000000000082E-05 ), #3696, 'distance_accuracy_value', 'NONE');
#374 = PRESENTATION_LAYER_ASSIGNMENT (  '', '', ( #441 ) ) ;
#375 = VERTEX_POINT ( 'NONE', #1171 ) ;
#376 = CIRCLE ( 'NONE', #574, 0.3499999999999998113 ) ;
#377 = ORIENTED_EDGE ( 'NONE', *, *, #567, .T. ) ;
#378 = DIRECTION ( 'NONE',  ( -0.000000000000000000, 1.000000000000000000, 1.260700200564543542E-16 ) ) ;
#379 = DIRECTION ( 'NONE',  ( -1.224646799147353207E-16, 1.000000000000000000, 0.000000000000000000 ) ) ;
#380 = VERTEX_POINT ( 'NONE', #3521 ) ;
#381 = ORIENTED_EDGE ( 'NONE', *, *, #3329, .F. ) ;
#382 = SURFACE_SIDE_STYLE ('',( #3591 ) ) ;
#383 = CARTESIAN_POINT ( 'NONE',  ( -0.3500000000000000888, 0.000000000000000000, -0.3499999999999999223 ) ) ;
#384 = ADVANCED_FACE ( 'NONE', ( #898 ), #2076, .T. ) ;
#385 = AXIS2_PLACEMENT_3D ( 'NONE', #3670, #3120, #2771 ) ;
#386 = CIRCLE ( 'NONE', #258, 0.3499999999999998113 ) ;
#387 = PRESENTATION_STYLE_ASSIGNMENT (( #96 ) ) ;
#388 = DIRECTION ( 'NONE',  ( 1.000000000000000000, -0.000000000000000000, -0.000000000000000000 ) ) ;
#389 = VECTOR ( 'NONE', #2329, 1000.000000000000114 ) ;
#390 = SURFACE_STYLE_FILL_AREA ( #3294 ) ;
#391 = CARTESIAN_POINT ( 'NONE',  ( -1.084202172485504434E-16, 1.200000000000001066, 0.5999999999999998668 ) ) ;
#392 = EDGE_CURVE ( 'NONE', #208, #1478, #309, .T. ) ;
#393 = ORIENTED_EDGE ( 'NONE', *, *, #1881, .F. ) ;
#394 = LINE ( 'NONE', #2151, #1226 ) ;
#395 = ORIENTED_EDGE ( 'NONE', *, *, #1210, .T. ) ;
#396 = CARTESIAN_POINT ( 'NONE',  ( 2.500000000000000000, 1.450000000000000844, 0.6000000000000046407 ) ) ;
#397 = DIRECTION ( 'NONE',  ( -1.000000000000000000, -0.000000000000000000, -0.000000000000000000 ) ) ;
#398 =( GEOMETRIC_REPRESENTATION_CONTEXT ( 3 ) GLOBAL_UNCERTAINTY_ASSIGNED_CONTEXT ( ( #2776 ) ) GLOBAL_UNIT_ASSIGNED_CONTEXT ( ( #977, #1255, #2114 ) ) REPRESENTATION_CONTEXT ( 'NONE', 'WORKASPACE' ) );
#399 = ADVANCED_FACE ( 'NONE', ( #3459 ), #840, .T. ) ;
#400 = FILL_AREA_STYLE ('',( #3253 ) ) ;
#401 = VERTEX_POINT ( 'NONE', #576 ) ;
#402 = LINE ( 'NONE', #2111, #639 ) ;
#403 = CARTESIAN_POINT ( 'NONE',  ( 4.249999999999999112, 2.880000000000000338, 5.599999999999999645 ) ) ;
#404 = CIRCLE ( 'NONE', #1406, 0.3499999999999998113 ) ;
#405 = EDGE_CURVE ( 'NONE', #3395, #2195, #252, .T. ) ;
#406 = VECTOR ( 'NONE', #1060, 1000.000000000000000 ) ;
#407 = SURFACE_SIDE_STYLE ('',( #121 ) ) ;
#408 = FACE_OUTER_BOUND ( 'NONE', #1161, .T. ) ;
#409 = CARTESIAN_POINT ( 'NONE',  ( 2.500000000000000000, -3.300000000000000266, 0.1499999999999994116 ) ) ;
#410 = ORIENTED_EDGE ( 'NONE', *, *, #591, .T. ) ;
#411 = SURFACE_STYLE_USAGE ( .BOTH. , #2425 ) ;
#412 = FILL_AREA_STYLE ('',( #3631 ) ) ;
#413 = PRESENTATION_STYLE_ASSIGNMENT (( #711 ) ) ;
#414 = ORIENTED_EDGE ( 'NONE', *, *, #716, .F. ) ;
#415 = EDGE_LOOP ( 'NONE', ( #944, #3160, #13, #48, #1091, #1581, #3116, #3763 ) ) ;
#416 = ORIENTED_EDGE ( 'NONE', *, *, #1543, .F. ) ;
#417 = DIRECTION ( 'NONE',  ( 0.000000000000000000, 1.000000000000000000, 0.000000000000000000 ) ) ;
#418 = CYLINDRICAL_SURFACE ( 'NONE', #385, 0.3499999999999999223 ) ;
#419 = LINE ( 'NONE', #1901, #1525 ) ;
#420 = CARTESIAN_POINT ( 'NONE',  ( -2.450000000000000178, 1.000000000000000000, -0.8000000000000059286 ) ) ;
#421 = ORIENTED_EDGE ( 'NONE', *, *, #2113, .F. ) ;
#422 = CARTESIAN_POINT ( 'NONE',  ( 0.3500000000000000888, 1.800000000000000711, -1.300000000000000711 ) ) ;
#423 = ADVANCED_FACE ( 'NONE', ( #1806 ), #1567, .F. ) ;
#424 = COLOUR_RGB ( '',1.000000000000000000, 1.000000000000000000, 1.000000000000000000 ) ;
#425 = UNCERTAINTY_MEASURE_WITH_UNIT (LENGTH_MEASURE( 1.000000000000000082E-05 ), #2687, 'distance_accuracy_value', 'NONE');
#426 =( GEOMETRIC_REPRESENTATION_CONTEXT ( 3 ) GLOBAL_UNCERTAINTY_ASSIGNED_CONTEXT ( ( #3006 ) ) GLOBAL_UNIT_ASSIGNED_CONTEXT ( ( #2838, #3460, #531 ) ) REPRESENTATION_CONTEXT ( 'NONE', 'WORKASPACE' ) );
#427 = CARTESIAN_POINT ( 'NONE',  ( 0.1499999999999997169, 1.800000000000000711, 6.099999999999999645 ) ) ;
#428 = CARTESIAN_POINT ( 'NONE',  ( 4.249999999999999112, 3.679999999999999272, 6.099999999999994316 ) ) ;
#429 = VECTOR ( 'NONE', #118, 1000.000000000000000 ) ;
#430 = EDGE_CURVE ( 'NONE', #813, #2209, #3557, .T. ) ;
#431 = VECTOR ( 'NONE', #677, 1000.000000000000000 ) ;
#432 = VERTEX_POINT ( 'NONE', #699 ) ;
#433 = VECTOR ( 'NONE', #2327, 1000.000000000000000 ) ;
#434 = ORIENTED_EDGE ( 'NONE', *, *, #918, .F. ) ;
#435 = DIRECTION ( 'NONE',  ( -0.000000000000000000, -0.000000000000000000, 1.000000000000000000 ) ) ;
#436 = DIRECTION ( 'NONE',  ( 0.2164396139381042639, 0.000000000000000000, 0.9762960071199330292 ) ) ;
#437 = STYLED_ITEM ( 'NONE', ( #3063 ), #3629 ) ;
#438 =( NAMED_UNIT ( * ) PLANE_ANGLE_UNIT ( ) SI_UNIT ( $, .RADIAN. ) );
#439 = ORIENTED_EDGE ( 'NONE', *, *, #1077, .F. ) ;
#440 = STYLED_ITEM ( 'NONE', ( #2121 ), #2651 ) ;
#441 = STYLED_ITEM ( 'NONE', ( #3790 ), #3649 ) ;
#442 = ORIENTED_EDGE ( 'NONE', *, *, #2435, .F. ) ;
#443 = FACE_OUTER_BOUND ( 'NONE', #1637, .T. ) ;
#444 =( NAMED_UNIT ( * ) PLANE_ANGLE_UNIT ( ) SI_UNIT ( $, .RADIAN. ) );
#445 = EDGE_CURVE ( 'NONE', #814, #3194, #2737, .T. ) ;
#446 =( LENGTH_UNIT ( ) NAMED_UNIT ( * ) SI_UNIT ( .MILLI., .METRE. ) );
#447 = EDGE_CURVE ( 'NONE', #477, #3056, #2979, .T. ) ;
#448 = CARTESIAN_POINT ( 'NONE',  ( -1.084202172485504434E-16, 0.000000000000000000, 0.3499999999999999223 ) ) ;
#449 = EDGE_LOOP ( 'NONE', ( #244, #756, #3041, #1266 ) ) ;
#450 = CARTESIAN_POINT ( 'NONE',  ( 2.500000000000000000, -3.500000000000000000, -0.1500000000000002442 ) ) ;
#451 = ORIENTED_EDGE ( 'NONE', *, *, #1648, .T. ) ;
#452 = CYLINDRICAL_SURFACE ( 'NONE', #2300, 0.3499999999999998113 ) ;
#453 = DIRECTION ( 'NONE',  ( 0.000000000000000000, 0.000000000000000000, 1.000000000000000000 ) ) ;
#454 = CARTESIAN_POINT ( 'NONE',  ( 3.060609929510794025, 0.4999999999999997780, -1.300000000000000711 ) ) ;
#455 = CIRCLE ( 'NONE', #3698, 0.3499999999999999778 ) ;
#456 = ORIENTED_EDGE ( 'NONE', *, *, #2764, .T. ) ;
#457 =( GEOMETRIC_REPRESENTATION_CONTEXT ( 3 ) GLOBAL_UNCERTAINTY_ASSIGNED_CONTEXT ( ( #2555 ) ) GLOBAL_UNIT_ASSIGNED_CONTEXT ( ( #2469, #1304, #2735 ) ) REPRESENTATION_CONTEXT ( 'NONE', 'WORKASPACE' ) );
#458 = ORIENTED_EDGE ( 'NONE', *, *, #1780, .F. ) ;
#459 =( NAMED_UNIT ( * ) SI_UNIT ( $, .STERADIAN. ) SOLID_ANGLE_UNIT ( ) );
#460 = DIRECTION ( 'NONE',  ( 0.000000000000000000, 1.000000000000000000, 0.000000000000000000 ) ) ;
#461 =( LENGTH_UNIT ( ) NAMED_UNIT ( * ) SI_UNIT ( .MILLI., .METRE. ) );
#462 = ORIENTED_EDGE ( 'NONE', *, *, #3148, .F. ) ;
#463 = ORIENTED_EDGE ( 'NONE', *, *, #2005, .T. ) ;
#464 = DIRECTION ( 'NONE',  ( -1.000000000000000000, -0.000000000000000000, 0.000000000000000000 ) ) ;
#465 =( NAMED_UNIT ( * ) PLANE_ANGLE_UNIT ( ) SI_UNIT ( $, .RADIAN. ) );
#466 = FILL_AREA_STYLE ('',( #1322 ) ) ;
#467 = EDGE_CURVE ( 'NONE', #1165, #3194, #2720, .T. ) ;
#468 = FACE_BOUND ( 'NONE', #16, .T. ) ;
#469 =( NAMED_UNIT ( * ) PLANE_ANGLE_UNIT ( ) SI_UNIT ( $, .RADIAN. ) );
#470 = DIRECTION ( 'NONE',  ( -0.000000000000000000, 1.000000000000000000, 3.942553354492748461E-16 ) ) ;
#471 = VECTOR ( 'NONE', #973, 1000.000000000000000 ) ;
#472 = DIRECTION ( 'NONE',  ( 1.000000000000000000, -0.000000000000000000, -0.000000000000000000 ) ) ;
#473 = CARTESIAN_POINT ( 'NONE',  ( -2.450000000000000178, 4.900000000000000355, 6.599999999999999645 ) ) ;
#474 = TOROIDAL_SURFACE ( 'NONE', #2997, 0.1499999999999998279, 0.2000000000000000111 ) ;
#475 = ORIENTED_EDGE ( 'NONE', *, *, #2697, .T. ) ;
#476 =( GEOMETRIC_REPRESENTATION_CONTEXT ( 3 ) GLOBAL_UNCERTAINTY_ASSIGNED_CONTEXT ( ( #2148 ) ) GLOBAL_UNIT_ASSIGNED_CONTEXT ( ( #632, #1158, #33 ) ) REPRESENTATION_CONTEXT ( 'NONE', 'WORKASPACE' ) );
#477 = VERTEX_POINT ( 'NONE', #937 ) ;
#478 = DIRECTION ( 'NONE',  ( -0.000000000000000000, 1.000000000000000000, -0.000000000000000000 ) ) ;
#479 = CARTESIAN_POINT ( 'NONE',  ( -2.450000000000000178, 2.180000000000001492, 0.6999999999999990674 ) ) ;
#480 = DIRECTION ( 'NONE',  ( 0.000000000000000000, 0.000000000000000000, 1.000000000000000000 ) ) ;
#481 = EDGE_CURVE ( 'NONE', #170, #1705, #2248, .T. ) ;
#482 = ORIENTED_EDGE ( 'NONE', *, *, #1294, .F. ) ;
#483 = VERTEX_POINT ( 'NONE', #330 ) ;
#484 = CARTESIAN_POINT ( 'NONE',  ( 4.949999999999999289, 2.880000000000000338, 5.599999999999999645 ) ) ;
#485 =( LENGTH_UNIT ( ) NAMED_UNIT ( * ) SI_UNIT ( .MILLI., .METRE. ) );
#486 = CARTESIAN_POINT ( 'NONE',  ( -2.450000000000000178, 4.900000000000000355, 6.599999999999999645 ) ) ;
#487 = FILL_AREA_STYLE ('',( #3691 ) ) ;
#488 = FILL_AREA_STYLE_COLOUR ( '', #2730 ) ;
#489 = CARTESIAN_POINT ( 'NONE',  ( 2.149999999999999911, 1.000000000000000000, -0.3499999999999999223 ) ) ;
#490 = SURFACE_STYLE_USAGE ( .BOTH. , #514 ) ;
#491 = EDGE_LOOP ( 'NONE', ( #2288, #3155, #393, #3407 ) ) ;
#492 = VECTOR ( 'NONE', #2522, 1000.000000000000000 ) ;
#493 = ADVANCED_FACE ( 'NONE', ( #1825 ), #2432, .F. ) ;
#494 = TOROIDAL_SURFACE ( 'NONE', #560, 0.5999999999999996447, 0.3499999999999998113 ) ;
#495 = ORIENTED_EDGE ( 'NONE', *, *, #3400, .T. ) ;
#496 = FILL_AREA_STYLE_COLOUR ( '', #1914 ) ;
#497 = MECHANICAL_DESIGN_GEOMETRIC_PRESENTATION_REPRESENTATION (  '', ( #1370 ), #60 ) ;
#498 = DIRECTION ( 'NONE',  ( 0.000000000000000000, 1.000000000000000000, 0.000000000000000000 ) ) ;
#499 = SURFACE_SIDE_STYLE ('',( #3098 ) ) ;
#500 = COLOUR_RGB ( '',1.000000000000000000, 1.000000000000000000, 1.000000000000000000 ) ;
#501 = EDGE_LOOP ( 'NONE', ( #2232, #1349, #2120, #3778 ) ) ;
#502 = VERTEX_POINT ( 'NONE', #3065 ) ;
#503 =( NAMED_UNIT ( * ) PLANE_ANGLE_UNIT ( ) SI_UNIT ( $, .RADIAN. ) );
#504 = PRESENTATION_LAYER_ASSIGNMENT (  '', '', ( #131 ) ) ;
#505 = VECTOR ( 'NONE', #2779, 1000.000000000000000 ) ;
#506 = ORIENTED_EDGE ( 'NONE', *, *, #275, .F. ) ;
#507 = VECTOR ( 'NONE', #109, 1000.000000000000000 ) ;
#508 = ADVANCED_FACE ( 'NONE', ( #776 ), #2831, .F. ) ;
#509 =( NAMED_UNIT ( * ) SI_UNIT ( $, .STERADIAN. ) SOLID_ANGLE_UNIT ( ) );
#510 = DIRECTION ( 'NONE',  ( -0.000000000000000000, 1.000000000000000000, -0.000000000000000000 ) ) ;
#511 = LINE ( 'NONE', #1067, #3582 ) ;
#512 = DIRECTION ( 'NONE',  ( 0.7071067811865474617, -0.7071067811865474617, 0.000000000000000000 ) ) ;
#513 = CARTESIAN_POINT ( 'NONE',  ( 4.949999999999999289, 4.900000000000000355, 6.599999999999999645 ) ) ;
#514 = SURFACE_SIDE_STYLE ('',( #3092 ) ) ;
#515 = ORIENTED_EDGE ( 'NONE', *, *, #1808, .T. ) ;
#516 = UNCERTAINTY_MEASURE_WITH_UNIT (LENGTH_MEASURE( 1.000000000000000082E-05 ), #2545, 'distance_accuracy_value', 'NONE');
#517 = EDGE_CURVE ( 'NONE', #691, #2136, #760, .T. ) ;
#518 = APPLICATION_CONTEXT ( 'automotive_design' ) ;
#519 = ORIENTED_EDGE ( 'NONE', *, *, #3722, .F. ) ;
#520 = DIRECTION ( 'NONE',  ( 0.000000000000000000, 0.000000000000000000, 1.000000000000000000 ) ) ;
#521 = DIRECTION ( 'NONE',  ( -0.2164396139381042361, 0.000000000000000000, -0.9762960071199330292 ) ) ;
#522 = STYLED_ITEM ( 'NONE', ( #3693 ), #1619 ) ;
#523 = ORIENTED_EDGE ( 'NONE', *, *, #3784, .T. ) ;
#524 =( LENGTH_UNIT ( ) NAMED_UNIT ( * ) SI_UNIT ( .MILLI., .METRE. ) );
#525 = ORIENTED_EDGE ( 'NONE', *, *, #3565, .F. ) ;
#526 = VERTEX_POINT ( 'NONE', #137 ) ;
#527 =( LENGTH_UNIT ( ) NAMED_UNIT ( * ) SI_UNIT ( .MILLI., .METRE. ) );
#528 = DIRECTION ( 'NONE',  ( 0.000000000000000000, 0.000000000000000000, -1.000000000000000000 ) ) ;
#529 = ADVANCED_FACE ( 'NONE', ( #2813 ), #2548, .F. ) ;
#530 = FACE_OUTER_BOUND ( 'NONE', #3377, .T. ) ;
#531 =( NAMED_UNIT ( * ) SI_UNIT ( $, .STERADIAN. ) SOLID_ANGLE_UNIT ( ) );
#532 = COLOUR_RGB ( '',1.000000000000000000, 1.000000000000000000, 1.000000000000000000 ) ;
#533 = CARTESIAN_POINT ( 'NONE',  ( 2.500000000000000000, 1.800000000000000711, 6.099999999999999645 ) ) ;
#534 = ORIENTED_EDGE ( 'NONE', *, *, #1712, .T. ) ;
#535 = EDGE_CURVE ( 'NONE', #3194, #983, #3672, .T. ) ;
#536 = ORIENTED_EDGE ( 'NONE', *, *, #766, .F. ) ;
#537 = PRESENTATION_LAYER_ASSIGNMENT (  '', '', ( #2691 ) ) ;
#538 = ORIENTED_EDGE ( 'NONE', *, *, #3747, .T. ) ;
#539 = FACE_OUTER_BOUND ( 'NONE', #2231, .T. ) ;
#540 = PRESENTATION_LAYER_ASSIGNMENT (  '', '', ( #2197 ) ) ;
#541 = ORIENTED_EDGE ( 'NONE', *, *, #3240, .F. ) ;
#542 = FILL_AREA_STYLE ('',( #3430 ) ) ;
#543 = COLOUR_RGB ( '',1.000000000000000000, 1.000000000000000000, 1.000000000000000000 ) ;
#544 = ORIENTED_EDGE ( 'NONE', *, *, #1783, .T. ) ;
#545 = ORIENTED_EDGE ( 'NONE', *, *, #2736, .T. ) ;
#546 =( NAMED_UNIT ( * ) SI_UNIT ( $, .STERADIAN. ) SOLID_ANGLE_UNIT ( ) );
#547 = FILL_AREA_STYLE ('',( #3248 ) ) ;
#548 = CARTESIAN_POINT ( 'NONE',  ( 2.500000000000000000, 0.000000000000000000, 0.000000000000000000 ) ) ;
#549 = DIRECTION ( 'NONE',  ( 0.000000000000000000, 0.7071067811865474617, 0.7071067811865474617 ) ) ;
#550 = DIRECTION ( 'NONE',  ( 0.000000000000000000, 0.000000000000000000, -1.000000000000000000 ) ) ;
#551 = CARTESIAN_POINT ( 'NONE',  ( 1.939390070489205531, 0.000000000000000000, -1.300000000000000711 ) ) ;
#552 = CARTESIAN_POINT ( 'NONE',  ( 2.350000000000000089, 1.800000000000000711, 5.899999999999999467 ) ) ;
#553 = ORIENTED_EDGE ( 'NONE', *, *, #2812, .F. ) ;
#554 = UNCERTAINTY_MEASURE_WITH_UNIT (LENGTH_MEASURE( 1.000000000000000082E-05 ), #2409, 'distance_accuracy_value', 'NONE');
#555 = PRESENTATION_LAYER_ASSIGNMENT (  '', '', ( #1317 ) ) ;
#556 = CARTESIAN_POINT ( 'NONE',  ( 2.850000000000000089, 1.000000000000000000, 4.065758146820642244E-17 ) ) ;
#557 = DIRECTION ( 'NONE',  ( 0.000000000000000000, 1.000000000000000000, 0.000000000000000000 ) ) ;
#558 = CARTESIAN_POINT ( 'NONE',  ( 3.349999999999998757, 0.6799999999999999378, 6.599999999999999645 ) ) ;
#559 = EDGE_CURVE ( 'NONE', #1411, #92, #717, .T. ) ;
#560 = AXIS2_PLACEMENT_3D ( 'NONE', #391, #3070, #1907 ) ;
#561 = ORIENTED_EDGE ( 'NONE', *, *, #1116, .T. ) ;
#562 = PLANE ( 'NONE',  #628 ) ;
#563 = PRESENTATION_LAYER_ASSIGNMENT (  '', '', ( #3018 ) ) ;
#564 = VECTOR ( 'NONE', #1336, 1000.000000000000000 ) ;
#565 = VERTEX_POINT ( 'NONE', #1049 ) ;
#566 = ORIENTED_EDGE ( 'NONE', *, *, #392, .T. ) ;
#567 = EDGE_CURVE ( 'NONE', #3369, #526, #419, .T. ) ;
#568 = STYLED_ITEM ( 'NONE', ( #2767 ), #2489 ) ;
#569 = FILL_AREA_STYLE_COLOUR ( '', #2251 ) ;
#570 = FACE_OUTER_BOUND ( 'NONE', #3471, .T. ) ;
#571 = VERTEX_POINT ( 'NONE', #1961 ) ;
#572 = DIRECTION ( 'NONE',  ( 0.000000000000000000, 1.227398685832646557E-16, -1.000000000000000000 ) ) ;
#573 = MECHANICAL_DESIGN_GEOMETRIC_PRESENTATION_REPRESENTATION (  '', ( #2534 ), #2714 ) ;
#574 = AXIS2_PLACEMENT_3D ( 'NONE', #618, #68, #3005 ) ;
#575 = DIRECTION ( 'NONE',  ( 0.2164396139381043194, 0.000000000000000000, 0.9762960071199330292 ) ) ;
#576 = CARTESIAN_POINT ( 'NONE',  ( 0.4497625981893245140, 1.000000000000000000, -0.8000000000000061506 ) ) ;
#577 = CARTESIAN_POINT ( 'NONE',  ( 4.949999999999999289, 1.000000000000000000, -0.8000000000000059286 ) ) ;
#578 = PRESENTATION_STYLE_ASSIGNMENT (( #1454 ) ) ;
#579 = LINE ( 'NONE', #44, #1434 ) ;
#580 = ORIENTED_EDGE ( 'NONE', *, *, #2010, .T. ) ;
#581 =( NAMED_UNIT ( * ) SI_UNIT ( $, .STERADIAN. ) SOLID_ANGLE_UNIT ( ) );
#582 = CARTESIAN_POINT ( 'NONE',  ( 4.949999999999999289, 4.900000000000000355, 6.599999999999999645 ) ) ;
#583 = VECTOR ( 'NONE', #3303, 1000.000000000000000 ) ;
#584 = ORIENTED_EDGE ( 'NONE', *, *, #591, .F. ) ;
#585 = CARTESIAN_POINT ( 'NONE',  ( -1.750000000000000222, 2.180000000000000604, 5.599999999999999645 ) ) ;
#586 = AXIS2_PLACEMENT_3D ( 'NONE', #363, #3341, #1288 ) ;
#587 = ORIENTED_EDGE ( 'NONE', *, *, #2033, .F. ) ;
#588 = CARTESIAN_POINT ( 'NONE',  ( 4.249999999999999112, 3.679999999999999272, 6.099999999999994316 ) ) ;
#589 = FACE_OUTER_BOUND ( 'NONE', #183, .T. ) ;
#590 = CARTESIAN_POINT ( 'NONE',  ( 2.500000000000000000, -3.300000000000000266, 0.3499999999999994782 ) ) ;
#591 = EDGE_CURVE ( 'NONE', #1124, #965, #341, .T. ) ;
#592 = DIRECTION ( 'NONE',  ( 0.000000000000000000, 0.000000000000000000, -1.000000000000000000 ) ) ;
#593 = SURFACE_SIDE_STYLE ('',( #272 ) ) ;
#594 = DIRECTION ( 'NONE',  ( 4.646580739223590995E-16, 0.000000000000000000, 1.000000000000000000 ) ) ;
#595 = DIRECTION ( 'NONE',  ( 0.2164396139381042916, 0.000000000000000000, 0.9762960071199330292 ) ) ;
#596 = VERTEX_POINT ( 'NONE', #448 ) ;
#597 = PLANE ( 'NONE',  #65 ) ;
#598 =( GEOMETRIC_REPRESENTATION_CONTEXT ( 3 ) GLOBAL_UNCERTAINTY_ASSIGNED_CONTEXT ( ( #742 ) ) GLOBAL_UNIT_ASSIGNED_CONTEXT ( ( #880, #1129, #1498 ) ) REPRESENTATION_CONTEXT ( 'NONE', 'WORKASPACE' ) );
#599 = ORIENTED_EDGE ( 'NONE', *, *, #1770, .T. ) ;
#600 =( NAMED_UNIT ( * ) SI_UNIT ( $, .STERADIAN. ) SOLID_ANGLE_UNIT ( ) );
#601 = COLOUR_RGB ( '',0.7921568627450980005, 0.8196078431372548767, 0.9333333333333333481 ) ;
#602 = CARTESIAN_POINT ( 'NONE',  ( 2.149999999999999911, 1.800000000000000711, 5.899999999999999467 ) ) ;
#603 = EDGE_CURVE ( 'NONE', #3754, #1058, #3362, .T. ) ;
#604 = ORIENTED_EDGE ( 'NONE', *, *, #2093, .F. ) ;
#605 = MECHANICAL_DESIGN_GEOMETRIC_PRESENTATION_REPRESENTATION (  '', ( #2254 ), #1093 ) ;
#606 = VERTEX_POINT ( 'NONE', #2219 ) ;
#607 = FILL_AREA_STYLE_COLOUR ( '', #625 ) ;
#608 = CARTESIAN_POINT ( 'NONE',  ( -1.084202172485504434E-16, 1.800000000000000711, 6.099999999999999645 ) ) ;
#609 = SURFACE_STYLE_USAGE ( .BOTH. , #3743 ) ;
#610 = EDGE_CURVE ( 'NONE', #181, #3319, #404, .T. ) ;
#611 = CARTESIAN_POINT ( 'NONE',  ( -0.8500000000000003109, 0.6800000000000004929, 2.600000000000000089 ) ) ;
#612 = DIRECTION ( 'NONE',  ( 0.000000000000000000, -1.000000000000000000, -1.121588454295349533E-16 ) ) ;
#613 = EDGE_LOOP ( 'NONE', ( #1809, #3358 ) ) ;
#614 = SURFACE_STYLE_FILL_AREA ( #1773 ) ;
#615 = ADVANCED_FACE ( 'NONE', ( #3105, #468, #1645 ), #2532, .F. ) ;
#616 =( NAMED_UNIT ( * ) SI_UNIT ( $, .STERADIAN. ) SOLID_ANGLE_UNIT ( ) );
#617 = ORIENTED_EDGE ( 'NONE', *, *, #3510, .T. ) ;
#618 = CARTESIAN_POINT ( 'NONE',  ( 2.500000000000000000, -3.300000000000000266, -4.050415663247733490E-16 ) ) ;
#619 = AXIS2_PLACEMENT_3D ( 'NONE', #279, #2362, #315 ) ;
#620 = ORIENTED_EDGE ( 'NONE', *, *, #2815, .T. ) ;
#621 =( NAMED_UNIT ( * ) PLANE_ANGLE_UNIT ( ) SI_UNIT ( $, .RADIAN. ) );
#622 = CARTESIAN_POINT ( 'NONE',  ( 2.500000000000000000, 0.000000000000000000, 0.3500000000000000333 ) ) ;
#623 = VECTOR ( 'NONE', #349, 1000.000000000000000 ) ;
#624 =( GEOMETRIC_REPRESENTATION_CONTEXT ( 3 ) GLOBAL_UNCERTAINTY_ASSIGNED_CONTEXT ( ( #1541 ) ) GLOBAL_UNIT_ASSIGNED_CONTEXT ( ( #2392, #3480, #1499 ) ) REPRESENTATION_CONTEXT ( 'NONE', 'WORKASPACE' ) );
#625 = COLOUR_RGB ( '',1.000000000000000000, 1.000000000000000000, 1.000000000000000000 ) ;
#626 = DIRECTION ( 'NONE',  ( 0.000000000000000000, -1.000000000000000000, 0.000000000000000000 ) ) ;
#627 = DIRECTION ( 'NONE',  ( -0.9762960071199330292, 0.000000000000000000, 0.2164396139381042916 ) ) ;
#628 = AXIS2_PLACEMENT_3D ( 'NONE', #2015, #1415, #260 ) ;
#629 = ADVANCED_FACE ( 'NONE', ( #2306 ), #2950, .F. ) ;
#630 =( LENGTH_UNIT ( ) NAMED_UNIT ( * ) SI_UNIT ( .MILLI., .METRE. ) );
#631 = PRESENTATION_STYLE_ASSIGNMENT (( #1178 ) ) ;
#632 =( LENGTH_UNIT ( ) NAMED_UNIT ( * ) SI_UNIT ( .MILLI., .METRE. ) );
#633 = EDGE_CURVE ( 'NONE', #2508, #432, #2020, .T. ) ;
#634 = EDGE_LOOP ( 'NONE', ( #1563, #3589, #2502, #1356 ) ) ;
#635 = FILL_AREA_STYLE_COLOUR ( '', #1121 ) ;
#636 = DIRECTION ( 'NONE',  ( -0.000000000000000000, 1.000000000000000000, -0.000000000000000000 ) ) ;
#637 = MECHANICAL_DESIGN_GEOMETRIC_PRESENTATION_REPRESENTATION (  '', ( #2977 ), #870 ) ;
#638 = ORIENTED_EDGE ( 'NONE', *, *, #2208, .T. ) ;
#639 = VECTOR ( 'NONE', #1587, 1000.000000000000000 ) ;
#640 = CARTESIAN_POINT ( 'NONE',  ( -1.084202172485504434E-16, 1.800000000000000711, 0.6000000000000046407 ) ) ;
#641 = CARTESIAN_POINT ( 'NONE',  ( 2.149999999999999911, 0.000000000000000000, -0.3499999999999999223 ) ) ;
#642 = AXIS2_PLACEMENT_3D ( 'NONE', #762, #1382, #1662 ) ;
#643 =( LENGTH_UNIT ( ) NAMED_UNIT ( * ) SI_UNIT ( .MILLI., .METRE. ) );
#644 = CARTESIAN_POINT ( 'NONE',  ( -1.084202172485504434E-16, -3.500000000000000000, -4.295895400414262703E-16 ) ) ;
#645 = CARTESIAN_POINT ( 'NONE',  ( 3.349999999999998757, 0.6800000000000039346, 6.299999999999999822 ) ) ;
#646 = SURFACE_STYLE_USAGE ( .BOTH. , #2918 ) ;
#647 = EDGE_CURVE ( 'NONE', #3061, #994, #302, .T. ) ;
#648 = FILL_AREA_STYLE_COLOUR ( '', #1766 ) ;
#649 = SURFACE_SIDE_STYLE ('',( #2338 ) ) ;
#650 = LINE ( 'NONE', #85, #2936 ) ;
#651 = LINE ( 'NONE', #296, #2836 ) ;
#652 = ORIENTED_EDGE ( 'NONE', *, *, #1905, .F. ) ;
#653 = VECTOR ( 'NONE', #919, 1000.000000000000000 ) ;
#654 = FILL_AREA_STYLE_COLOUR ( '', #2117 ) ;
#655 = PRESENTATION_LAYER_ASSIGNMENT (  '', '', ( #157 ) ) ;
#656 = ORIENTED_EDGE ( 'NONE', *, *, #1659, .T. ) ;
#657 = DIRECTION ( 'NONE',  ( 0.000000000000000000, -3.942553354492747968E-16, 1.000000000000000000 ) ) ;
#658 = PRESENTATION_LAYER_ASSIGNMENT (  '', '', ( #3114 ) ) ;
#659 = DIRECTION ( 'NONE',  ( 1.000000000000000000, 0.000000000000000000, 0.000000000000000000 ) ) ;
#660 = FILL_AREA_STYLE_COLOUR ( '', #82 ) ;
#661 =( GEOMETRIC_REPRESENTATION_CONTEXT ( 3 ) GLOBAL_UNCERTAINTY_ASSIGNED_CONTEXT ( ( #2728 ) ) GLOBAL_UNIT_ASSIGNED_CONTEXT ( ( #2260, #827, #3732 ) ) REPRESENTATION_CONTEXT ( 'NONE', 'WORKASPACE' ) );
#662 =( NAMED_UNIT ( * ) SI_UNIT ( $, .STERADIAN. ) SOLID_ANGLE_UNIT ( ) );
#663 = DIRECTION ( 'NONE',  ( -1.000000000000000000, -0.000000000000000000, -0.000000000000000000 ) ) ;
#664 = CARTESIAN_POINT ( 'NONE',  ( -2.450000000000000178, 0.000000000000000000, -1.300000000000000711 ) ) ;
#665 = SURFACE_STYLE_FILL_AREA ( #2128 ) ;
#666 = LINE ( 'NONE', #3330, #2436 ) ;
#667 = SURFACE_SIDE_STYLE ('',( #978 ) ) ;
#668 = LINE ( 'NONE', #2501, #3209 ) ;
#669 = ADVANCED_FACE ( 'NONE', ( #873 ), #1146, .F. ) ;
#670 = ORIENTED_EDGE ( 'NONE', *, *, #3231, .F. ) ;
#671 = ORIENTED_EDGE ( 'NONE', *, *, #559, .T. ) ;
#672 = MECHANICAL_DESIGN_GEOMETRIC_PRESENTATION_REPRESENTATION (  '', ( #2331 ), #1485 ) ;
#673 = SURFACE_STYLE_USAGE ( .BOTH. , #382 ) ;
#674 = DIRECTION ( 'NONE',  ( -0.000000000000000000, -1.000000000000000000, -0.000000000000000000 ) ) ;
#675 = ADVANCED_FACE ( 'NONE', ( #589 ), #474, .T. ) ;
#676 =( NAMED_UNIT ( * ) SI_UNIT ( $, .STERADIAN. ) SOLID_ANGLE_UNIT ( ) );
#677 = DIRECTION ( 'NONE',  ( 0.000000000000000000, 0.000000000000000000, -1.000000000000000000 ) ) ;
#678 = CARTESIAN_POINT ( 'NONE',  ( 2.500000000000000000, 0.000000000000000000, 0.3500000000000000333 ) ) ;
#679 =( GEOMETRIC_REPRESENTATION_CONTEXT ( 3 ) GLOBAL_UNCERTAINTY_ASSIGNED_CONTEXT ( ( #2330 ) ) GLOBAL_UNIT_ASSIGNED_CONTEXT ( ( #176, #469, #3692 ) ) REPRESENTATION_CONTEXT ( 'NONE', 'WORKASPACE' ) );
#680 = AXIS2_PLACEMENT_3D ( 'NONE', #2307, #3518, #2057 ) ;
#681 = FILL_AREA_STYLE ('',( #1569 ) ) ;
#682 = VECTOR ( 'NONE', #2095, 1000.000000000000000 ) ;
#683 = FILL_AREA_STYLE_COLOUR ( '', #43 ) ;
#684 = SURFACE_STYLE_USAGE ( .BOTH. , #1348 ) ;
#685 = UNCERTAINTY_MEASURE_WITH_UNIT (LENGTH_MEASURE( 1.000000000000000082E-05 ), #724, 'distance_accuracy_value', 'NONE');
#686 = AXIS2_PLACEMENT_3D ( 'NONE', #1669, #1729, #821 ) ;
#687 = CIRCLE ( 'NONE', #10, 0.1499999999999999667 ) ;
#688 = ORIENTED_EDGE ( 'NONE', *, *, #3196, .T. ) ;
#689 = DIRECTION ( 'NONE',  ( -0.000000000000000000, -0.000000000000000000, 1.000000000000000000 ) ) ;
#690 = CARTESIAN_POINT ( 'NONE',  ( -2.450000000000000178, 1.000000000000000000, -0.8000000000000059286 ) ) ;
#691 = VERTEX_POINT ( 'NONE', #3456 ) ;
#692 = SURFACE_SIDE_STYLE ('',( #357 ) ) ;
#693 = EDGE_LOOP ( 'NONE', ( #2497, #2763, #1564, #1262, #923, #2345, #3117, #3495 ) ) ;
#694 = ORIENTED_EDGE ( 'NONE', *, *, #2294, .T. ) ;
#695 = EDGE_CURVE ( 'NONE', #224, #1885, #1287, .T. ) ;
#696 = DIRECTION ( 'NONE',  ( 0.000000000000000000, -0.7071067811865434649, -0.7071067811865516806 ) ) ;
#697 = DIRECTION ( 'NONE',  ( 1.000000000000000000, -0.000000000000000000, -0.000000000000000000 ) ) ;
#698 = VECTOR ( 'NONE', #254, 1000.000000000000000 ) ;
#699 = CARTESIAN_POINT ( 'NONE',  ( -2.450000000000000178, 3.680000000000001048, 1.699999999999999067 ) ) ;
#700 = SURFACE_STYLE_USAGE ( .BOTH. , #3012 ) ;
#701 = DIRECTION ( 'NONE',  ( -0.000000000000000000, 1.121588454295349533E-16, -1.000000000000000000 ) ) ;
#702 = CARTESIAN_POINT ( 'NONE',  ( -1.750000000000000222, 2.880000000000000338, 6.099999999999999645 ) ) ;
#703 = VECTOR ( 'NONE', #397, 1000.000000000000000 ) ;
#704 = VERTEX_POINT ( 'NONE', #855 ) ;
#705 = FACE_OUTER_BOUND ( 'NONE', #1842, .T. ) ;
#706 = DIRECTION ( 'NONE',  ( -1.000000000000000000, 0.000000000000000000, 0.000000000000000000 ) ) ;
#707 = LINE ( 'NONE', #3367, #505 ) ;
#708 = ORIENTED_EDGE ( 'NONE', *, *, #1887, .F. ) ;
#709 = ORIENTED_EDGE ( 'NONE', *, *, #1373, .T. ) ;
#710 = FILL_AREA_STYLE ('',( #3647 ) ) ;
#711 = SURFACE_STYLE_USAGE ( .BOTH. , #1320 ) ;
#712 = ORIENTED_EDGE ( 'NONE', *, *, #1500, .T. ) ;
#713 = DIRECTION ( 'NONE',  ( -1.000000000000000000, 0.000000000000000000, 0.000000000000000000 ) ) ;
#714 = VECTOR ( 'NONE', #1404, 1000.000000000000000 ) ;
#715 = VECTOR ( 'NONE', #116, 999.9999999999998863 ) ;
#716 = EDGE_CURVE ( 'NONE', #1183, #1224, #2803, .T. ) ;
#717 = LINE ( 'NONE', #3086, #2440 ) ;
#718 = CARTESIAN_POINT ( 'NONE',  ( 4.949999999999999289, 3.679999999999999272, 6.099999999999994316 ) ) ;
#719 = CARTESIAN_POINT ( 'NONE',  ( 4.249999999999999112, 2.379999999999998561, 6.599999999999998757 ) ) ;
#720 = VECTOR ( 'NONE', #3097, 1000.000000000000000 ) ;
#721 = ORIENTED_EDGE ( 'NONE', *, *, #535, .F. ) ;
#722 = VECTOR ( 'NONE', #2921, 1000.000000000000000 ) ;
#723 = DIRECTION ( 'NONE',  ( -1.000000000000000000, 0.000000000000000000, 0.000000000000000000 ) ) ;
#724 =( LENGTH_UNIT ( ) NAMED_UNIT ( * ) SI_UNIT ( .MILLI., .METRE. ) );
#725 = DIRECTION ( 'NONE',  ( 0.000000000000000000, -1.000000000000000000, -2.168404344971006896E-16 ) ) ;
#726 = EDGE_CURVE ( 'NONE', #2490, #2243, #1296, .T. ) ;
#727 = ORIENTED_EDGE ( 'NONE', *, *, #2729, .F. ) ;
#728 = PRESENTATION_STYLE_ASSIGNMENT (( #411 ) ) ;
#729 = FACE_OUTER_BOUND ( 'NONE', #634, .T. ) ;
#730 = CARTESIAN_POINT ( 'NONE',  ( 4.249999999999999112, 2.379999999999998561, 6.599999999999998757 ) ) ;
#731 = VERTEX_POINT ( 'NONE', #622 ) ;
#732 = ORIENTED_EDGE ( 'NONE', *, *, #2681, .T. ) ;
#733 = EDGE_LOOP ( 'NONE', ( #746, #167, #3190, #2429 ) ) ;
#734 = DIRECTION ( 'NONE',  ( 0.000000000000000000, 0.000000000000000000, 1.000000000000000000 ) ) ;
#735 = DIRECTION ( 'NONE',  ( -3.097720492815725686E-16, 0.000000000000000000, -1.000000000000000000 ) ) ;
#736 = SURFACE_STYLE_USAGE ( .BOTH. , #1359 ) ;
#737 = COLOUR_RGB ( '',1.000000000000000000, 1.000000000000000000, 1.000000000000000000 ) ;
#738 = PLANE ( 'NONE',  #1431 ) ;
#739 =( NAMED_UNIT ( * ) PLANE_ANGLE_UNIT ( ) SI_UNIT ( $, .RADIAN. ) );
#740 = AXIS2_PLACEMENT_3D ( 'NONE', #2572, #3727, #2044 ) ;
#741 = EDGE_CURVE ( 'NONE', #2309, #3468, #3354, .T. ) ;
#742 = UNCERTAINTY_MEASURE_WITH_UNIT (LENGTH_MEASURE( 1.000000000000000082E-05 ), #880, 'distance_accuracy_value', 'NONE');
#743 = CARTESIAN_POINT ( 'NONE',  ( -0.3499999999999999223, 1.800000000000000711, 6.099999999999999645 ) ) ;
#744 = PLANE ( 'NONE',  #1052 ) ;
#745 =( GEOMETRIC_REPRESENTATION_CONTEXT ( 3 ) GLOBAL_UNCERTAINTY_ASSIGNED_CONTEXT ( ( #1175 ) ) GLOBAL_UNIT_ASSIGNED_CONTEXT ( ( #461, #3410, #3130 ) ) REPRESENTATION_CONTEXT ( 'NONE', 'WORKASPACE' ) );
#746 = ORIENTED_EDGE ( 'NONE', *, *, #174, .T. ) ;
#747 = PRESENTATION_LAYER_ASSIGNMENT (  '', '', ( #568 ) ) ;
#748 = ORIENTED_EDGE ( 'NONE', *, *, #3791, .T. ) ;
#749 = DIRECTION ( 'NONE',  ( 0.000000000000000000, 0.000000000000000000, 1.000000000000000000 ) ) ;
#750 = AXIS2_PLACEMENT_3D ( 'NONE', #1416, #1180, #1697 ) ;
#751 = PLANE ( 'NONE',  #2650 ) ;
#752 = ORIENTED_EDGE ( 'NONE', *, *, #3240, .T. ) ;
#753 = ADVANCED_FACE ( 'NONE', ( #729 ), #1578, .F. ) ;
#754 = STYLED_ITEM ( 'NONE', ( #3451 ), #2633 ) ;
#755 = VERTEX_POINT ( 'NONE', #89 ) ;
#756 = ORIENTED_EDGE ( 'NONE', *, *, #1373, .F. ) ;
#757 = FACE_OUTER_BOUND ( 'NONE', #2592, .T. ) ;
#758 = FACE_OUTER_BOUND ( 'NONE', #1113, .T. ) ;
#759 = PRESENTATION_LAYER_ASSIGNMENT (  '', '', ( #949 ) ) ;
#760 = LINE ( 'NONE', #1604, #1154 ) ;
#761 = CARTESIAN_POINT ( 'NONE',  ( -1.750000000000000222, 2.180000000000001936, 1.699999999999999067 ) ) ;
#762 = CARTESIAN_POINT ( 'NONE',  ( 2.500000000000000000, 1.800000000000000711, 0.6000000000000046407 ) ) ;
#763 = FACE_OUTER_BOUND ( 'NONE', #3704, .T. ) ;
#764 = DIRECTION ( 'NONE',  ( 1.000000000000000000, 0.000000000000000000, -0.000000000000000000 ) ) ;
#765 = CARTESIAN_POINT ( 'NONE',  ( 2.500000000000000000, 1.199999999999997513, 0.3499999999999768296 ) ) ;
#766 = EDGE_CURVE ( 'NONE', #1411, #3077, #2932, .T. ) ;
#767 = ORIENTED_EDGE ( 'NONE', *, *, #2565, .F. ) ;
#768 = VECTOR ( 'NONE', #1743, 1000.000000000000000 ) ;
#769 = VECTOR ( 'NONE', #2431, 1000.000000000000000 ) ;
#770 = EDGE_LOOP ( 'NONE', ( #2428, #712, #2841, #2025 ) ) ;
#771 = CARTESIAN_POINT ( 'NONE',  ( -0.8500000000000003109, 0.6800000000000004929, 2.600000000000000089 ) ) ;
#772 = ORIENTED_EDGE ( 'NONE', *, *, #1681, .F. ) ;
#773 = ORIENTED_EDGE ( 'NONE', *, *, #1018, .T. ) ;
#774 = FILL_AREA_STYLE ('',( #3469 ) ) ;
#775 = FILL_AREA_STYLE ('',( #2528 ) ) ;
#776 = FACE_OUTER_BOUND ( 'NONE', #1209, .T. ) ;
#777 = CARTESIAN_POINT ( 'NONE',  ( 2.500000000000000000, 1.199999999999997513, -2.297690339878715088E-14 ) ) ;
#778 = PRESENTATION_STYLE_ASSIGNMENT (( #2236 ) ) ;
#779 = TOROIDAL_SURFACE ( 'NONE', #2305, 0.1499999999999998279, 0.2000000000000000111 ) ;
#780 = PRESENTATION_LAYER_ASSIGNMENT (  '', '', ( #2504 ) ) ;
#781 = DIRECTION ( 'NONE',  ( 0.000000000000000000, -1.000000000000000000, -1.227398685832646557E-16 ) ) ;
#782 = DIRECTION ( 'NONE',  ( 0.000000000000000000, 0.000000000000000000, -1.000000000000000000 ) ) ;
#783 =( GEOMETRIC_REPRESENTATION_CONTEXT ( 3 ) GLOBAL_UNCERTAINTY_ASSIGNED_CONTEXT ( ( #3088 ) ) GLOBAL_UNIT_ASSIGNED_CONTEXT ( ( #2486, #1874, #3075 ) ) REPRESENTATION_CONTEXT ( 'NONE', 'WORKASPACE' ) );
#784 = CARTESIAN_POINT ( 'NONE',  ( -0.3500000000000000888, 0.000000000000000000, -0.3499999999999999223 ) ) ;
#785 = EDGE_LOOP ( 'NONE', ( #3375, #3080, #2383, #3666, #1079, #3442 ) ) ;
#786 = ORIENTED_EDGE ( 'NONE', *, *, #361, .F. ) ;
#787 = CARTESIAN_POINT ( 'NONE',  ( -1.750000000000000222, 2.880000000000000338, 5.599999999999999645 ) ) ;
#788 = EDGE_CURVE ( 'NONE', #3214, #2564, #394, .T. ) ;
#789 = EDGE_LOOP ( 'NONE', ( #2194, #71, #1711, #2819 ) ) ;
#790 = ORIENTED_EDGE ( 'NONE', *, *, #3388, .F. ) ;
#791 = DIRECTION ( 'NONE',  ( -0.000000000000000000, -0.000000000000000000, 1.000000000000000000 ) ) ;
#792 = SURFACE_STYLE_USAGE ( .BOTH. , #1918 ) ;
#793 = PRESENTATION_STYLE_ASSIGNMENT (( #194 ) ) ;
#794 = CARTESIAN_POINT ( 'NONE',  ( 1.250000000000000444, 1.130000000000000338, 6.099999999999999645 ) ) ;
#795 = FILL_AREA_STYLE ('',( #488 ) ) ;
#796 = EDGE_CURVE ( 'NONE', #1372, #164, #1023, .T. ) ;
#797 = CARTESIAN_POINT ( 'NONE',  ( -1.750000000000000222, 1.580000000000000515, 6.599999999999999645 ) ) ;
#798 = CARTESIAN_POINT ( 'NONE',  ( 2.850000000000000089, 1.800000000000000711, 6.099999999999999645 ) ) ;
#799 = ORIENTED_EDGE ( 'NONE', *, *, #864, .F. ) ;
#800 = MECHANICAL_DESIGN_GEOMETRIC_PRESENTATION_REPRESENTATION (  '', ( #3251 ), #1787 ) ;
#801 = EDGE_LOOP ( 'NONE', ( #3131, #863, #2871, #833, #200 ) ) ;
#802 = CARTESIAN_POINT ( 'NONE',  ( 2.500000000000000000, 0.000000000000000000, 0.000000000000000000 ) ) ;
#803 = VECTOR ( 'NONE', #2523, 1000.000000000000000 ) ;
#804 = FILL_AREA_STYLE_COLOUR ( '', #601 ) ;
#805 = VECTOR ( 'NONE', #1104, 1000.000000000000000 ) ;
#806 = MANIFOLD_SOLID_BREP ( 'Cut-Extrude9', #2371 ) ;
#807 = AXIS2_PLACEMENT_3D ( 'NONE', #588, #3798, #1495 ) ;
#808 = COLOUR_RGB ( '',1.000000000000000000, 1.000000000000000000, 1.000000000000000000 ) ;
#809 = ORIENTED_EDGE ( 'NONE', *, *, #3484, .T. ) ;
#811 =( NAMED_UNIT ( * ) PLANE_ANGLE_UNIT ( ) SI_UNIT ( $, .RADIAN. ) );
#810 = AXIS2_PLACEMENT_3D ( 'NONE', #1142, #1162, #1394 ) ;
#812 = EDGE_CURVE ( 'NONE', #2023, #1680, #110, .T. ) ;
#813 = VERTEX_POINT ( 'NONE', #25 ) ;
#814 = VERTEX_POINT ( 'NONE', #1801 ) ;
#815 = MANIFOLD_SOLID_BREP ( 'LPattern1', #212 ) ;
#816 = DIRECTION ( 'NONE',  ( 0.000000000000000000, 0.000000000000000000, -1.000000000000000000 ) ) ;
#817 = DIRECTION ( 'NONE',  ( -1.000000000000000000, -0.000000000000000000, 0.000000000000000000 ) ) ;
#818 = EDGE_LOOP ( 'NONE', ( #439, #1295, #2543, #3730 ) ) ;
#819 = SURFACE_STYLE_FILL_AREA ( #1945 ) ;
#820 = DIRECTION ( 'NONE',  ( -1.000000000000000000, -0.000000000000000000, 0.000000000000000000 ) ) ;
#821 = DIRECTION ( 'NONE',  ( 1.000000000000000000, 0.000000000000000000, 0.000000000000000000 ) ) ;
#822 = ORIENTED_EDGE ( 'NONE', *, *, #1008, .T. ) ;
#823 = UNCERTAINTY_MEASURE_WITH_UNIT (LENGTH_MEASURE( 1.000000000000000082E-05 ), #285, 'distance_accuracy_value', 'NONE');
#824 = VECTOR ( 'NONE', #3291, 999.9999999999998863 ) ;
#825 = ORIENTED_EDGE ( 'NONE', *, *, #1820, .F. ) ;
#826 = CARTESIAN_POINT ( 'NONE',  ( 4.250000000000000000, 1.579999999999999849, 2.600000000000000089 ) ) ;
#827 =( NAMED_UNIT ( * ) PLANE_ANGLE_UNIT ( ) SI_UNIT ( $, .RADIAN. ) );
#828 = STYLED_ITEM ( 'NONE', ( #2891 ), #1771 ) ;
#829 = ORIENTED_EDGE ( 'NONE', *, *, #3791, .F. ) ;
#830 = CYLINDRICAL_SURFACE ( 'NONE', #2970, 0.3500000000000000333 ) ;
#831 = EDGE_LOOP ( 'NONE', ( #890, #587, #1836, #3717 ) ) ;
#832 = PRODUCT ( '22057025', '22057025', '', ( #1090 ) ) ;
#833 = ORIENTED_EDGE ( 'NONE', *, *, #3123, .F. ) ;
#834 = CARTESIAN_POINT ( 'NONE',  ( 1.111233856443706284E-16, 1.800000000000000711, 0.6999999999999988454 ) ) ;
#835 = CARTESIAN_POINT ( 'NONE',  ( 2.850000000000000089, 1.000000000000000000, -0.3500000000000000888 ) ) ;
#836 = UNCERTAINTY_MEASURE_WITH_UNIT (LENGTH_MEASURE( 1.000000000000000082E-05 ), #485, 'distance_accuracy_value', 'NONE');
#837 = ORIENTED_EDGE ( 'NONE', *, *, #11, .F. ) ;
#838 = EDGE_CURVE ( 'NONE', #1393, #3636, #3112, .T. ) ;
#839 = FACE_OUTER_BOUND ( 'NONE', #1722, .T. ) ;
#840 = CYLINDRICAL_SURFACE ( 'NONE', #3348, 0.3500000000000000333 ) ;
#841 = DIRECTION ( 'NONE',  ( -3.097720492815725686E-16, 0.000000000000000000, -1.000000000000000000 ) ) ;
#842 = CARTESIAN_POINT ( 'NONE',  ( 0.3499999999999997002, 1.800000000000000711, 5.899999999999999467 ) ) ;
#843 = ORIENTED_EDGE ( 'NONE', *, *, #2627, .F. ) ;
#844 = AXIS2_PLACEMENT_3D ( 'NONE', #3706, #2200, #1065 ) ;
#845 = VERTEX_POINT ( 'NONE', #1352 ) ;
#846 = LINE ( 'NONE', #2844, #1238 ) ;
#847 =( NAMED_UNIT ( * ) SI_UNIT ( $, .STERADIAN. ) SOLID_ANGLE_UNIT ( ) );
#848 = PRESENTATION_LAYER_ASSIGNMENT (  '', '', ( #287 ) ) ;
#849 = EDGE_CURVE ( 'NONE', #2195, #483, #1654, .T. ) ;
#850 = EDGE_LOOP ( 'NONE', ( #2189, #2715, #2321 ) ) ;
#851 = COLOUR_RGB ( '',1.000000000000000000, 1.000000000000000000, 1.000000000000000000 ) ;
#852 =( NAMED_UNIT ( * ) SI_UNIT ( $, .STERADIAN. ) SOLID_ANGLE_UNIT ( ) );
#853 = ORIENTED_EDGE ( 'NONE', *, *, #883, .T. ) ;
#854 = VERTEX_POINT ( 'NONE', #3129 ) ;
#855 = CARTESIAN_POINT ( 'NONE',  ( -0.8500000000000003109, 0.3800000000000005040, 6.599999999999999645 ) ) ;
#856 = LINE ( 'NONE', #1496, #3746 ) ;
#857 = CARTESIAN_POINT ( 'NONE',  ( 3.349999999999998757, 0.6799999999999999378, 6.599999999999999645 ) ) ;
#858 = CARTESIAN_POINT ( 'NONE',  ( -2.450000000000000178, 4.900000000000000355, 6.599999999999999645 ) ) ;
#859 = LINE ( 'NONE', #1746, #3772 ) ;
#860 = SURFACE_STYLE_FILL_AREA ( #1217 ) ;
#861 = UNCERTAINTY_MEASURE_WITH_UNIT (LENGTH_MEASURE( 1.000000000000000082E-05 ), #1526, 'distance_accuracy_value', 'NONE');
#862 = VECTOR ( 'NONE', #1459, 1000.000000000000227 ) ;
#863 = ORIENTED_EDGE ( 'NONE', *, *, #2242, .F. ) ;
#864 = EDGE_CURVE ( 'NONE', #2521, #3424, #3118, .T. ) ;
#865 = DIRECTION ( 'NONE',  ( 1.000000000000000000, 0.000000000000000000, 0.000000000000000000 ) ) ;
#866 = CIRCLE ( 'NONE', #740, 0.2499999999999997780 ) ;
#867 = VERTEX_POINT ( 'NONE', #2013 ) ;
#868 = STYLED_ITEM ( 'NONE', ( #2610 ), #3280 ) ;
#869 =( NAMED_UNIT ( * ) SI_UNIT ( $, .STERADIAN. ) SOLID_ANGLE_UNIT ( ) );
#870 =( GEOMETRIC_REPRESENTATION_CONTEXT ( 3 ) GLOBAL_UNCERTAINTY_ASSIGNED_CONTEXT ( ( #1092 ) ) GLOBAL_UNIT_ASSIGNED_CONTEXT ( ( #90, #1508, #3588 ) ) REPRESENTATION_CONTEXT ( 'NONE', 'WORKASPACE' ) );
#871 = STYLED_ITEM ( 'NONE', ( #1193 ), #3517 ) ;
#872 = CARTESIAN_POINT ( 'NONE',  ( -2.450000000000000178, 3.899999999999999911, 0.6999999999999992895 ) ) ;
#873 = FACE_OUTER_BOUND ( 'NONE', #88, .T. ) ;
#874 = CARTESIAN_POINT ( 'NONE',  ( -1.084202172485504434E-16, 1.199999999999997513, -2.297690339878715088E-14 ) ) ;
#875 = LINE ( 'NONE', #1213, #2853 ) ;
#876 = UNCERTAINTY_MEASURE_WITH_UNIT (LENGTH_MEASURE( 1.000000000000000082E-05 ), #881, 'distance_accuracy_value', 'NONE');
#877 = CIRCLE ( 'NONE', #3568, 0.9499999999999995115 ) ;
#878 = VECTOR ( 'NONE', #49, 1000.000000000000000 ) ;
#879 = FILL_AREA_STYLE_COLOUR ( '', #2108 ) ;
#880 =( LENGTH_UNIT ( ) NAMED_UNIT ( * ) SI_UNIT ( .MILLI., .METRE. ) );
#881 =( LENGTH_UNIT ( ) NAMED_UNIT ( * ) SI_UNIT ( .MILLI., .METRE. ) );
#882 = DIRECTION ( 'NONE',  ( -0.9762960071199330292, 0.000000000000000000, 0.2164396139381042361 ) ) ;
#883 = EDGE_CURVE ( 'NONE', #2902, #1127, #2035, .T. ) ;
#884 = VERTEX_POINT ( 'NONE', #3467 ) ;
#885 = CARTESIAN_POINT ( 'NONE',  ( -1.750000000000000222, 4.180000000000000604, 2.600000000000000089 ) ) ;
#886 = CYLINDRICAL_SURFACE ( 'NONE', #1647, 0.3500000000000000333 ) ;
#887 = SURFACE_SIDE_STYLE ('',( #3511 ) ) ;
#888 = VECTOR ( 'NONE', #2712, 1000.000000000000000 ) ;
#889 = VECTOR ( 'NONE', #2937, 999.9999999999998863 ) ;
#890 = ORIENTED_EDGE ( 'NONE', *, *, #3211, .T. ) ;
#891 = SURFACE_STYLE_FILL_AREA ( #1492 ) ;
#892 =( GEOMETRIC_REPRESENTATION_CONTEXT ( 3 ) GLOBAL_UNCERTAINTY_ASSIGNED_CONTEXT ( ( #3334 ) ) GLOBAL_UNIT_ASSIGNED_CONTEXT ( ( #2021, #896, #2290 ) ) REPRESENTATION_CONTEXT ( 'NONE', 'WORKASPACE' ) );
#893 = FACE_OUTER_BOUND ( 'NONE', #850, .T. ) ;
#894 = SURFACE_STYLE_USAGE ( .BOTH. , #2908 ) ;
#895 = CARTESIAN_POINT ( 'NONE',  ( 4.949999999999999289, 3.679999999999999272, 6.099999999999994316 ) ) ;
#896 =( NAMED_UNIT ( * ) PLANE_ANGLE_UNIT ( ) SI_UNIT ( $, .RADIAN. ) );
#897 = EDGE_CURVE ( 'NONE', #502, #3268, #3449, .T. ) ;
#898 = FACE_OUTER_BOUND ( 'NONE', #1199, .T. ) ;
#899 = FACE_OUTER_BOUND ( 'NONE', #2036, .T. ) ;
#900 = ORIENTED_EDGE ( 'NONE', *, *, #2719, .F. ) ;
#901 = PRESENTATION_STYLE_ASSIGNMENT (( #3508 ) ) ;
#902 = SURFACE_STYLE_USAGE ( .BOTH. , #2067 ) ;
#903 = DIRECTION ( 'NONE',  ( 0.000000000000000000, 0.000000000000000000, 1.000000000000000000 ) ) ;
#904 = MECHANICAL_DESIGN_GEOMETRIC_PRESENTATION_REPRESENTATION (  '', ( #216 ), #398 ) ;
#905 =( GEOMETRIC_REPRESENTATION_CONTEXT ( 3 ) GLOBAL_UNCERTAINTY_ASSIGNED_CONTEXT ( ( #3347 ) ) GLOBAL_UNIT_ASSIGNED_CONTEXT ( ( #643, #3011, #676 ) ) REPRESENTATION_CONTEXT ( 'NONE', 'WORKASPACE' ) );
#906 = ORIENTED_EDGE ( 'NONE', *, *, #3161, .T. ) ;
#907 = CARTESIAN_POINT ( 'NONE',  ( 4.949999999999999289, 3.680000000000001048, 1.699999999999999067 ) ) ;
#908 = COLOUR_RGB ( '',1.000000000000000000, 1.000000000000000000, 1.000000000000000000 ) ;
#909 = CARTESIAN_POINT ( 'NONE',  ( 2.649999999999999911, 1.800000000000000711, 5.899999999999999467 ) ) ;
#910 = ORIENTED_EDGE ( 'NONE', *, *, #447, .T. ) ;
#911 = CARTESIAN_POINT ( 'NONE',  ( 4.949999999999999289, 1.000000000000000000, 0.6999999999999989564 ) ) ;
#912 = PLANE ( 'NONE',  #995 ) ;
#913 = CARTESIAN_POINT ( 'NONE',  ( 4.249999999999999112, 3.680000000000000604, 2.600000000000000089 ) ) ;
#914 =( NAMED_UNIT ( * ) SI_UNIT ( $, .STERADIAN. ) SOLID_ANGLE_UNIT ( ) );
#915 = FACE_OUTER_BOUND ( 'NONE', #818, .T. ) ;
#916 = CARTESIAN_POINT ( 'NONE',  ( 1.111233856443706284E-16, 1.800000000000000711, 0.6999999999999988454 ) ) ;
#917 = CARTESIAN_POINT ( 'NONE',  ( -6.555757927839447028E-17, 1.199999999999997513, 0.3499999999999768296 ) ) ;
#918 = EDGE_CURVE ( 'NONE', #380, #596, #2512, .T. ) ;
#919 = DIRECTION ( 'NONE',  ( 0.000000000000000000, 0.000000000000000000, -1.000000000000000000 ) ) ;
#920 =( NAMED_UNIT ( * ) PLANE_ANGLE_UNIT ( ) SI_UNIT ( $, .RADIAN. ) );
#921 = LINE ( 'NONE', #2636, #722 ) ;
#922 =( LENGTH_UNIT ( ) NAMED_UNIT ( * ) SI_UNIT ( .MILLI., .METRE. ) );
#923 = ORIENTED_EDGE ( 'NONE', *, *, #2499, .F. ) ;
#924 = AXIS2_PLACEMENT_3D ( 'NONE', #84, #2205, #706 ) ;
#925 = ORIENTED_EDGE ( 'NONE', *, *, #2513, .F. ) ;
#926 = LINE ( 'NONE', #2733, #2154 ) ;
#927 = ORIENTED_EDGE ( 'NONE', *, *, #1280, .T. ) ;
#928 = VERTEX_POINT ( 'NONE', #2558 ) ;
#929 = AXIS2_PLACEMENT_3D ( 'NONE', #473, #3695, #782 ) ;
#930 = ADVANCED_FACE ( 'NONE', ( #1968 ), #2802, .F. ) ;
#931 = SURFACE_STYLE_FILL_AREA ( #3553 ) ;
#933 = CARTESIAN_POINT ( 'NONE',  ( 0.1499999999999997169, 1.800000000000000711, 5.899999999999999467 ) ) ;
#932 = COLOUR_RGB ( '',1.000000000000000000, 1.000000000000000000, 1.000000000000000000 ) ;
#934 =( GEOMETRIC_REPRESENTATION_CONTEXT ( 3 ) GLOBAL_UNCERTAINTY_ASSIGNED_CONTEXT ( ( #2606 ) ) GLOBAL_UNIT_ASSIGNED_CONTEXT ( ( #2976, #2373, #268 ) ) REPRESENTATION_CONTEXT ( 'NONE', 'WORKASPACE' ) );
#935 = EDGE_CURVE ( 'NONE', #845, #1095, #2965, .T. ) ;
#936 = FILL_AREA_STYLE ('',( #3637 ) ) ;
#937 = CARTESIAN_POINT ( 'NONE',  ( -2.450000000000000178, 1.000000000000000000, -0.8000000000000059286 ) ) ;
#938 = CARTESIAN_POINT ( 'NONE',  ( -1.750000000000000222, 3.679999999999999272, 6.099999999999994316 ) ) ;
#939 = DIRECTION ( 'NONE',  ( -0.000000000000000000, 1.000000000000000000, -0.000000000000000000 ) ) ;
#940 = AXIS2_PLACEMENT_3D ( 'NONE', #1225, #2384, #18 ) ;
#941 = EDGE_CURVE ( 'NONE', #2209, #3667, #921, .T. ) ;
#942 = CARTESIAN_POINT ( 'NONE',  ( 2.156382497598160253, 1.000000000000000000, -0.3212104138093752614 ) ) ;
#943 = ADVANCED_FACE ( 'NONE', ( #257 ), #2049, .F. ) ;
#944 = ORIENTED_EDGE ( 'NONE', *, *, #1074, .F. ) ;
#945 = MECHANICAL_DESIGN_GEOMETRIC_PRESENTATION_REPRESENTATION (  '', ( #2542 ), #1134 ) ;
#946 = ORIENTED_EDGE ( 'NONE', *, *, #1522, .T. ) ;
#947 = FACE_OUTER_BOUND ( 'NONE', #2071, .T. ) ;
#948 = CARTESIAN_POINT ( 'NONE',  ( 2.850000000000000089, 0.000000000000000000, 4.065758146820642244E-17 ) ) ;
#949 = STYLED_ITEM ( 'NONE', ( #2198 ), #1939 ) ;
#950 = ORIENTED_EDGE ( 'NONE', *, *, #1840, .T. ) ;
#951 = SURFACE_SIDE_STYLE ('',( #1799 ) ) ;
#952 = VECTOR ( 'NONE', #3067, 1000.000000000000000 ) ;
#953 = CARTESIAN_POINT ( 'NONE',  ( -1.084202172485504434E-16, 1.199999999999997513, -2.297690339878715088E-14 ) ) ;
#954 = CARTESIAN_POINT ( 'NONE',  ( -1.750000000000000222, 3.679999999999999272, 6.099999999999994316 ) ) ;
#955 = VECTOR ( 'NONE', #3554, 1000.000000000000000 ) ;
#956 = CARTESIAN_POINT ( 'NONE',  ( -2.450000000000000178, 3.899999999999999911, 1.699999999999999067 ) ) ;
#957 = FACE_OUTER_BOUND ( 'NONE', #2919, .T. ) ;
#958 = CARTESIAN_POINT ( 'NONE',  ( 2.500000000000000000, 1.200000000000001066, 0.5999999999999998668 ) ) ;
#959 = CARTESIAN_POINT ( 'NONE',  ( 4.249999999999999112, 3.680000000000001048, 1.699999999999999067 ) ) ;
#960 = EDGE_CURVE ( 'NONE', #814, #2824, #2363, .T. ) ;
#961 = DIRECTION ( 'NONE',  ( 0.7071067811865476838, 0.7071067811865474617, 0.000000000000000000 ) ) ;
#962 = CARTESIAN_POINT ( 'NONE',  ( 2.850000000000000089, 1.800000000000000711, 0.6999999999999988454 ) ) ;
#963 = PLANE ( 'NONE',  #1163 ) ;
#964 =( NAMED_UNIT ( * ) PLANE_ANGLE_UNIT ( ) SI_UNIT ( $, .RADIAN. ) );
#965 = VERTEX_POINT ( 'NONE', #3283 ) ;
#966 =( NAMED_UNIT ( * ) PLANE_ANGLE_UNIT ( ) SI_UNIT ( $, .RADIAN. ) );
#967 = EDGE_CURVE ( 'NONE', #1030, #1838, #3058, .T. ) ;
#968 = ORIENTED_EDGE ( 'NONE', *, *, #2805, .F. ) ;
#969 = STYLED_ITEM ( 'NONE', ( #2641 ), #669 ) ;
#970 = ADVANCED_FACE ( 'NONE', ( #2340 ), #886, .F. ) ;
#971 = LINE ( 'NONE', #2141, #1754 ) ;
#972 = VECTOR ( 'NONE', #865, 1000.000000000000000 ) ;
#973 = DIRECTION ( 'NONE',  ( 1.000000000000000000, -0.000000000000000000, -0.000000000000000000 ) ) ;
#974 = DIRECTION ( 'NONE',  ( 0.000000000000000000, 0.000000000000000000, -1.000000000000000000 ) ) ;
#975 = CARTESIAN_POINT ( 'NONE',  ( 4.949999999999999289, 1.000000000000000000, 0.6999999999999989564 ) ) ;
#976 = CARTESIAN_POINT ( 'NONE',  ( 2.850000000000000089, 0.000000000000000000, -0.3500000000000000888 ) ) ;
#977 =( LENGTH_UNIT ( ) NAMED_UNIT ( * ) SI_UNIT ( .MILLI., .METRE. ) );
#978 = SURFACE_STYLE_FILL_AREA ( #681 ) ;
#979 = DIRECTION ( 'NONE',  ( 1.000000000000000000, -0.000000000000000000, -0.000000000000000000 ) ) ;
#980 = ORIENTED_EDGE ( 'NONE', *, *, #1530, .T. ) ;
#981 = DIRECTION ( 'NONE',  ( 0.000000000000000000, -0.7071067811865440200, 0.7071067811865511255 ) ) ;
#982 = PLANE ( 'NONE',  #1813 ) ;
#983 = VERTEX_POINT ( 'NONE', #46 ) ;
#984 = VECTOR ( 'NONE', #3128, 1000.000000000000000 ) ;
#985 = SURFACE_STYLE_USAGE ( .BOTH. , #52 ) ;
#986 =( GEOMETRIC_REPRESENTATION_CONTEXT ( 3 ) GLOBAL_UNCERTAINTY_ASSIGNED_CONTEXT ( ( #3183 ) ) GLOBAL_UNIT_ASSIGNED_CONTEXT ( ( #122, #2185, #1035 ) ) REPRESENTATION_CONTEXT ( 'NONE', 'WORKASPACE' ) );
#987 = DIRECTION ( 'NONE',  ( -0.000000000000000000, -1.000000000000000000, -0.000000000000000000 ) ) ;
#988 = FILL_AREA_STYLE_COLOUR ( '', #304 ) ;
#989 = ORIENTED_EDGE ( 'NONE', *, *, #2719, .T. ) ;
#990 = LINE ( 'NONE', #3047, #2175 ) ;
#991 = VECTOR ( 'NONE', #2220, 1000.000000000000000 ) ;
#992 = CARTESIAN_POINT ( 'NONE',  ( -1.750000000000000222, 2.180000000000000604, 5.599999999999999645 ) ) ;
#993 = PRESENTATION_LAYER_ASSIGNMENT (  '', '', ( #3317 ) ) ;
#994 = VERTEX_POINT ( 'NONE', #2987 ) ;
#995 = AXIS2_PLACEMENT_3D ( 'NONE', #1822, #696, #659 ) ;
#996 = CARTESIAN_POINT ( 'NONE',  ( -9.005051526134017364E-17, -3.300000000000000266, 0.1499999999999994116 ) ) ;
#997 = SURFACE_SIDE_STYLE ('',( #3623 ) ) ;
#998 = MECHANICAL_DESIGN_GEOMETRIC_PRESENTATION_REPRESENTATION (  '', ( #754 ), #1378 ) ;
#999 = SURFACE_SIDE_STYLE ('',( #1570 ) ) ;
#1000 = DIRECTION ( 'NONE',  ( -0.000000000000000000, -1.000000000000000000, -0.000000000000000000 ) ) ;
#1001 = UNCERTAINTY_MEASURE_WITH_UNIT (LENGTH_MEASURE( 1.000000000000000082E-05 ), #2202, 'distance_accuracy_value', 'NONE');
#1002 = AXIS2_PLACEMENT_3D ( 'NONE', #2210, #3057, #749 ) ;
#1003 = EDGE_CURVE ( 'NONE', #2484, #983, #2398, .T. ) ;
#1004 = ORIENTED_EDGE ( 'NONE', *, *, #1780, .T. ) ;
#1005 = LINE ( 'NONE', #2746, #507 ) ;
#1006 = SURFACE_SIDE_STYLE ('',( #1595 ) ) ;
#1007 = FILL_AREA_STYLE_COLOUR ( '', #932 ) ;
#1008 = EDGE_CURVE ( 'NONE', #3713, #3512, #1258, .T. ) ;
#1009 = ORIENTED_EDGE ( 'NONE', *, *, #1849, .T. ) ;
#1010 = LINE ( 'NONE', #3062, #3690 ) ;
#1011 = SURFACE_STYLE_FILL_AREA ( #1510 ) ;
#1012 = CARTESIAN_POINT ( 'NONE',  ( 2.500000000000000000, -3.500000000000000000, -4.295895400414262210E-16 ) ) ;
#1013 = VECTOR ( 'NONE', #1089, 1000.000000000000000 ) ;
#1014 = DIRECTION ( 'NONE',  ( 0.000000000000000000, 0.000000000000000000, -1.000000000000000000 ) ) ;
#1015 =( NAMED_UNIT ( * ) SI_UNIT ( $, .STERADIAN. ) SOLID_ANGLE_UNIT ( ) );
#1016 = LINE ( 'NONE', #718, #1203 ) ;
#1017 = PRESENTATION_LAYER_ASSIGNMENT (  '', '', ( #828 ) ) ;
#1018 = EDGE_CURVE ( 'NONE', #3313, #224, #1869, .T. ) ;
#1019 = UNCERTAINTY_MEASURE_WITH_UNIT (LENGTH_MEASURE( 1.000000000000000082E-05 ), #1366, 'distance_accuracy_value', 'NONE');
#1020 = CARTESIAN_POINT ( 'NONE',  ( -2.450000000000000178, 1.000000000000000000, 0.6999999999999989564 ) ) ;
#1021 =( NAMED_UNIT ( * ) PLANE_ANGLE_UNIT ( ) SI_UNIT ( $, .RADIAN. ) );
#1022 = ORIENTED_EDGE ( 'NONE', *, *, #1271, .F. ) ;
#1023 = LINE ( 'NONE', #2190, #2379 ) ;
#1024 = VERTEX_POINT ( 'NONE', #1612 ) ;
#1025 = ORIENTED_EDGE ( 'NONE', *, *, #941, .F. ) ;
#1026 = DIRECTION ( 'NONE',  ( 0.000000000000000000, -1.000000000000000000, -1.227398685832646557E-16 ) ) ;
#1027 = DIRECTION ( 'NONE',  ( -1.000000000000000000, 0.000000000000000000, -0.000000000000000000 ) ) ;
#1028 = VECTOR ( 'NONE', #2590, 1000.000000000000000 ) ;
#1029 = DIRECTION ( 'NONE',  ( 0.000000000000000000, -1.000000000000000000, 0.000000000000000000 ) ) ;
#1030 = VERTEX_POINT ( 'NONE', #427 ) ;
#1031 = FACE_OUTER_BOUND ( 'NONE', #3198, .T. ) ;
#1032 = PRESENTATION_LAYER_ASSIGNMENT (  '', '', ( #969 ) ) ;
#1033 = ORIENTED_EDGE ( 'NONE', *, *, #2375, .T. ) ;
#1034 = SURFACE_STYLE_USAGE ( .BOTH. , #2006 ) ;
#1035 =( NAMED_UNIT ( * ) SI_UNIT ( $, .STERADIAN. ) SOLID_ANGLE_UNIT ( ) );
#1036 = EDGE_CURVE ( 'NONE', #1429, #3197, #105, .T. ) ;
#1037 = DIRECTION ( 'NONE',  ( -0.7071067811865479058, 0.7071067811865472397, 0.000000000000000000 ) ) ;
#1038 = ORIENTED_EDGE ( 'NONE', *, *, #3166, .F. ) ;
#1039 = ORIENTED_EDGE ( 'NONE', *, *, #883, .F. ) ;
#1040 = LINE ( 'NONE', #201, #3305 ) ;
#1041 = CARTESIAN_POINT ( 'NONE',  ( -1.750000000000000222, 4.180000000000000604, 6.599999999999995204 ) ) ;
#1042 = ORIENTED_EDGE ( 'NONE', *, *, #1271, .T. ) ;
#1043 = ORIENTED_EDGE ( 'NONE', *, *, #1257, .F. ) ;
#1044 = ORIENTED_EDGE ( 'NONE', *, *, #3329, .T. ) ;
#1045 = CARTESIAN_POINT ( 'NONE',  ( -1.084202172485504434E-16, -3.300000000000000266, -0.3500000000000001998 ) ) ;
#1046 = DIRECTION ( 'NONE',  ( 1.000000000000000000, 0.000000000000000000, -3.097720492815725686E-16 ) ) ;
#1047 = SURFACE_STYLE_FILL_AREA ( #1643 ) ;
#1048 = PRESENTATION_LAYER_ASSIGNMENT (  '', '', ( #2822 ) ) ;
#1049 = CARTESIAN_POINT ( 'NONE',  ( -0.8500000000000003109, 0.6800000000000004929, 6.299999999999999822 ) ) ;
#1050 = CARTESIAN_POINT ( 'NONE',  ( -1.750000000000000222, 3.899999999999999911, 1.699999999999999289 ) ) ;
#1051 = DIRECTION ( 'NONE',  ( -0.000000000000000000, -0.000000000000000000, 1.000000000000000000 ) ) ;
#1052 = AXIS2_PLACEMENT_3D ( 'NONE', #2754, #723, #3295 ) ;
#1053 = CARTESIAN_POINT ( 'NONE',  ( 1.250000000000000444, 1.130000000000000338, 2.600000000000000089 ) ) ;
#1054 = SURFACE_SIDE_STYLE ('',( #2591 ) ) ;
#1055 = FILL_AREA_STYLE_COLOUR ( '', #851 ) ;
#1056 = PRESENTATION_LAYER_ASSIGNMENT (  '', '', ( #1988 ) ) ;
#1057 = VECTOR ( 'NONE', #549, 1000.000000000000114 ) ;
#1058 = VERTEX_POINT ( 'NONE', #2727 ) ;
#1059 =( NAMED_UNIT ( * ) PLANE_ANGLE_UNIT ( ) SI_UNIT ( $, .RADIAN. ) );
#1060 = DIRECTION ( 'NONE',  ( -1.000000000000000000, -6.195440985631453345E-16, -0.000000000000000000 ) ) ;
#1061 = CIRCLE ( 'NONE', #3085, 0.3499999999999998113 ) ;
#1062 = ORIENTED_EDGE ( 'NONE', *, *, #3464, .T. ) ;
#1063 = SURFACE_STYLE_FILL_AREA ( #936 ) ;
#1064 = AXIS2_PLACEMENT_3D ( 'NONE', #909, #379, #1284 ) ;
#1065 = DIRECTION ( 'NONE',  ( 0.000000000000000000, 0.000000000000000000, -1.000000000000000000 ) ) ;
#1066 = SURFACE_STYLE_FILL_AREA ( #210 ) ;
#1067 = CARTESIAN_POINT ( 'NONE',  ( 4.250000000000000000, 3.899999999999999023, 0.6999999999999992895 ) ) ;
#1068 = AXIS2_PLACEMENT_3D ( 'NONE', #784, #3710, #1965 ) ;
#1069 = ORIENTED_EDGE ( 'NONE', *, *, #3161, .F. ) ;
#1070 = CARTESIAN_POINT ( 'NONE',  ( -1.750000000000000222, 4.480000000000001315, 6.599999999999999645 ) ) ;
#1071 = DIRECTION ( 'NONE',  ( 0.000000000000000000, 0.000000000000000000, 1.000000000000000000 ) ) ;
#1072 = PLANE ( 'NONE',  #1068 ) ;
#1073 = ORIENTED_EDGE ( 'NONE', *, *, #1391, .F. ) ;
#1074 = EDGE_CURVE ( 'NONE', #3636, #208, #650, .T. ) ;
#1075 = VECTOR ( 'NONE', #697, 1000.000000000000000 ) ;
#1076 = ORIENTED_EDGE ( 'NONE', *, *, #2359, .T. ) ;
#1077 = EDGE_CURVE ( 'NONE', #3453, #3060, #2314, .T. ) ;
#1078 = FILL_AREA_STYLE ('',( #804 ) ) ;
#1079 = ORIENTED_EDGE ( 'NONE', *, *, #2939, .F. ) ;
#1080 = DIRECTION ( 'NONE',  ( 0.000000000000000000, 0.000000000000000000, -1.000000000000000000 ) ) ;
#1081 = CARTESIAN_POINT ( 'NONE',  ( 0.3499999999999998668, 0.000000000000000000, -0.3500000000000000888 ) ) ;
#1082 = ADVANCED_FACE ( 'NONE', ( #3584 ), #1316, .F. ) ;
#1083 = FILL_AREA_STYLE_COLOUR ( '', #83 ) ;
#1084 = CARTESIAN_POINT ( 'NONE',  ( 2.500000000000000000, 1.800000000000000711, 6.099999999999999645 ) ) ;
#1085 = LINE ( 'NONE', #761, #1493 ) ;
#1086 = CYLINDRICAL_SURFACE ( 'NONE', #3455, 0.3500000000000000333 ) ;
#1087 = VECTOR ( 'NONE', #1308, 1000.000000000000000 ) ;
#1088 = CARTESIAN_POINT ( 'NONE',  ( -0.3500000000000000888, 1.000000000000000000, -0.3499999999999999223 ) ) ;
#1089 = DIRECTION ( 'NONE',  ( -0.000000000000000000, -1.000000000000000000, -0.000000000000000000 ) ) ;
#1090 = PRODUCT_CONTEXT ( 'NONE', #3403, 'mechanical' ) ;
#1091 = ORIENTED_EDGE ( 'NONE', *, *, #1597, .F. ) ;
#1092 = UNCERTAINTY_MEASURE_WITH_UNIT (LENGTH_MEASURE( 1.000000000000000082E-05 ), #90, 'distance_accuracy_value', 'NONE');
#1093 =( GEOMETRIC_REPRESENTATION_CONTEXT ( 3 ) GLOBAL_UNCERTAINTY_ASSIGNED_CONTEXT ( ( #107 ) ) GLOBAL_UNIT_ASSIGNED_CONTEXT ( ( #1888, #1536, #2169 ) ) REPRESENTATION_CONTEXT ( 'NONE', 'WORKASPACE' ) );
#1094 = ADVANCED_FACE ( 'NONE', ( #3624 ), #963, .F. ) ;
#1095 = VERTEX_POINT ( 'NONE', #2518 ) ;
#1096 = LINE ( 'NONE', #1653, #2396 ) ;
#1097 = ADVANCED_FACE ( 'NONE', ( #162 ), #3677, .T. ) ;
#1098 = ORIENTED_EDGE ( 'NONE', *, *, #3221, .T. ) ;
#1099 = CARTESIAN_POINT ( 'NONE',  ( 3.349999999999998757, 0.6799999999999999378, 6.299999999999999822 ) ) ;
#1100 = DIRECTION ( 'NONE',  ( 0.000000000000000000, -1.000000000000000000, 0.000000000000000000 ) ) ;
#1101 = SURFACE_STYLE_USAGE ( .BOTH. , #3720 ) ;
#1102 = ORIENTED_EDGE ( 'NONE', *, *, #1074, .T. ) ;
#1103 = SURFACE_STYLE_USAGE ( .BOTH. , #3742 ) ;
#1104 = DIRECTION ( 'NONE',  ( 0.000000000000000000, -1.000000000000000000, -1.227398685832646557E-16 ) ) ;
#1105 =( NAMED_UNIT ( * ) SI_UNIT ( $, .STERADIAN. ) SOLID_ANGLE_UNIT ( ) );
#1106 = ORIENTED_EDGE ( 'NONE', *, *, #1003, .T. ) ;
#1107 =( NAMED_UNIT ( * ) PLANE_ANGLE_UNIT ( ) SI_UNIT ( $, .RADIAN. ) );
#1108 = DIRECTION ( 'NONE',  ( 0.000000000000000000, 0.000000000000000000, 1.000000000000000000 ) ) ;
#1109 = CARTESIAN_POINT ( 'NONE',  ( 2.850000000000000089, 1.800000000000000711, 0.6000000000000046407 ) ) ;
#1110 = EDGE_LOOP ( 'NONE', ( #534, #2155, #169, #617, #220, #620, #2655, #3394, #790, #1164, #3137, #709, #772, #3487, #1073, #3391, #2463, #2520, #752, #561 ) ) ;
#1111 = AXIS2_PLACEMENT_3D ( 'NONE', #238, #1433, #2597 ) ;
#1112 = VECTOR ( 'NONE', #1847, 1000.000000000000114 ) ;
#1113 = EDGE_LOOP ( 'NONE', ( #1160, #3608, #1009, #2561 ) ) ;
#1114 = CARTESIAN_POINT ( 'NONE',  ( -1.084202172485504434E-16, 1.199999999999997513, -0.3500000000000227929 ) ) ;
#1115 = MECHANICAL_DESIGN_GEOMETRIC_PRESENTATION_REPRESENTATION (  '', ( #2531 ), #1603 ) ;
#1116 = EDGE_CURVE ( 'NONE', #2157, #854, #180, .T. ) ;
#1117 =( GEOMETRIC_REPRESENTATION_CONTEXT ( 3 ) GLOBAL_UNCERTAINTY_ASSIGNED_CONTEXT ( ( #554 ) ) GLOBAL_UNIT_ASSIGNED_CONTEXT ( ( #2409, #621, #2055 ) ) REPRESENTATION_CONTEXT ( 'NONE', 'WORKASPACE' ) );
#1118 = AXIS2_PLACEMENT_3D ( 'NONE', #207, #1046, #735 ) ;
#1119 = ORIENTED_EDGE ( 'NONE', *, *, #3211, .F. ) ;
#1120 =( NAMED_UNIT ( * ) SI_UNIT ( $, .STERADIAN. ) SOLID_ANGLE_UNIT ( ) );
#1122 = CARTESIAN_POINT ( 'NONE',  ( -1.750000000000000222, 2.880000000000000338, 6.099999999999999645 ) ) ;
#1121 = COLOUR_RGB ( '',1.000000000000000000, 1.000000000000000000, 1.000000000000000000 ) ;
#1123 = ADVANCED_FACE ( 'NONE', ( #3386 ), #1072, .F. ) ;
#1124 = VERTEX_POINT ( 'NONE', #765 ) ;
#1125 = ORIENTED_EDGE ( 'NONE', *, *, #1413, .T. ) ;
#1126 = ORIENTED_EDGE ( 'NONE', *, *, #897, .T. ) ;
#1127 = VERTEX_POINT ( 'NONE', #1709 ) ;
#1128 = DIRECTION ( 'NONE',  ( -1.290716872006553273E-16, -1.000000000000000000, 0.000000000000000000 ) ) ;
#1129 =( NAMED_UNIT ( * ) PLANE_ANGLE_UNIT ( ) SI_UNIT ( $, .RADIAN. ) );
#1130 = FACE_OUTER_BOUND ( 'NONE', #3759, .T. ) ;
#1131 = LINE ( 'NONE', #1407, #1013 ) ;
#1132 = ORIENTED_EDGE ( 'NONE', *, *, #2250, .T. ) ;
#1133 = EDGE_CURVE ( 'NONE', #98, #1224, #1947, .T. ) ;
#1134 =( GEOMETRIC_REPRESENTATION_CONTEXT ( 3 ) GLOBAL_UNCERTAINTY_ASSIGNED_CONTEXT ( ( #823 ) ) GLOBAL_UNIT_ASSIGNED_CONTEXT ( ( #285, #1185, #852 ) ) REPRESENTATION_CONTEXT ( 'NONE', 'WORKASPACE' ) );
#1135 = UNCERTAINTY_MEASURE_WITH_UNIT (LENGTH_MEASURE( 1.000000000000000082E-05 ), #2827, 'distance_accuracy_value', 'NONE');
#1136 = VECTOR ( 'NONE', #1786, 1000.000000000000000 ) ;
#1137 = DIRECTION ( 'NONE',  ( -0.000000000000000000, -0.000000000000000000, 1.000000000000000000 ) ) ;
#1138 = DIRECTION ( 'NONE',  ( 0.000000000000000000, 1.000000000000000000, 0.000000000000000000 ) ) ;
#1139 = DIRECTION ( 'NONE',  ( -0.000000000000000000, 1.000000000000000000, 1.227398685832646557E-16 ) ) ;
#1140 = STYLED_ITEM ( 'NONE', ( #2180 ), #1831 ) ;
#1141 = ORIENTED_EDGE ( 'NONE', *, *, #3221, .F. ) ;
#1142 = CARTESIAN_POINT ( 'NONE',  ( 2.500000000000000000, 1.800000000000000711, 0.6000000000000046407 ) ) ;
#1143 = ORIENTED_EDGE ( 'NONE', *, *, #1712, .F. ) ;
#1144 = ORIENTED_EDGE ( 'NONE', *, *, #2969, .F. ) ;
#1145 = EDGE_CURVE ( 'NONE', #1127, #2171, #3125, .T. ) ;
#1146 = PLANE ( 'NONE',  #2029 ) ;
#1147 = CARTESIAN_POINT ( 'NONE',  ( 4.949999999999999289, 4.900000000000000355, 1.699999999999999289 ) ) ;
#1148 = UNCERTAINTY_MEASURE_WITH_UNIT (LENGTH_MEASURE( 1.000000000000000082E-05 ), #1688, 'distance_accuracy_value', 'NONE');
#1149 =( GEOMETRIC_REPRESENTATION_CONTEXT ( 3 ) GLOBAL_UNCERTAINTY_ASSIGNED_CONTEXT ( ( #1019 ) ) GLOBAL_UNIT_ASSIGNED_CONTEXT ( ( #1366, #1107, #2777 ) ) REPRESENTATION_CONTEXT ( 'NONE', 'WORKASPACE' ) );
#1150 = EDGE_CURVE ( 'NONE', #2209, #1127, #3108, .T. ) ;
#1151 = FILL_AREA_STYLE ('',( #879 ) ) ;
#1152 = DIRECTION ( 'NONE',  ( 0.000000000000000000, -1.000000000000000000, -1.227398685832646557E-16 ) ) ;
#1153 = DIRECTION ( 'NONE',  ( 0.000000000000000000, 1.000000000000000000, 0.000000000000000000 ) ) ;
#1154 = VECTOR ( 'NONE', #2567, 1000.000000000000000 ) ;
#1155 = COLOUR_RGB ( '',0.7921568627450980005, 0.8196078431372548767, 0.9333333333333333481 ) ;
#1156 = PRODUCT_RELATED_PRODUCT_CATEGORY ( 'part', '', ( #832 ) ) ;
#1157 = CARTESIAN_POINT ( 'NONE',  ( 4.949999999999999289, 4.900000000000000355, 6.599999999999999645 ) ) ;
#1158 =( NAMED_UNIT ( * ) PLANE_ANGLE_UNIT ( ) SI_UNIT ( $, .RADIAN. ) );
#1159 = AXIS2_PLACEMENT_3D ( 'NONE', #582, #3485, #1179 ) ;
#1160 = ORIENTED_EDGE ( 'NONE', *, *, #2465, .F. ) ;
#1161 = EDGE_LOOP ( 'NONE', ( #727, #721, #1188, #553, #205 ) ) ;
#1162 = DIRECTION ( 'NONE',  ( 0.000000000000000000, 0.000000000000000000, -1.000000000000000000 ) ) ;
#1163 = AXIS2_PLACEMENT_3D ( 'NONE', #2186, #1908, #3071 ) ;
#1164 = ORIENTED_EDGE ( 'NONE', *, *, #1522, .F. ) ;
#1165 = VERTEX_POINT ( 'NONE', #2840 ) ;
#1166 = CARTESIAN_POINT ( 'NONE',  ( 2.149999999999999911, 1.800000000000000711, 0.6000000000000046407 ) ) ;
#1167 = DIRECTION ( 'NONE',  ( 0.000000000000000000, 1.000000000000000000, 0.000000000000000000 ) ) ;
#1168 =( LENGTH_UNIT ( ) NAMED_UNIT ( * ) SI_UNIT ( .MILLI., .METRE. ) );
#1169 = LINE ( 'NONE', #835, #389 ) ;
#1170 = LINE ( 'NONE', #1763, #682 ) ;
#1171 = CARTESIAN_POINT ( 'NONE',  ( 4.949999999999999289, 2.180000000000003713, 0.6999999999999990674 ) ) ;
#1172 =( NAMED_UNIT ( * ) PLANE_ANGLE_UNIT ( ) SI_UNIT ( $, .RADIAN. ) );
#1173 =( LENGTH_UNIT ( ) NAMED_UNIT ( * ) SI_UNIT ( .MILLI., .METRE. ) );
#1174 =( LENGTH_UNIT ( ) NAMED_UNIT ( * ) SI_UNIT ( .MILLI., .METRE. ) );
#1175 = UNCERTAINTY_MEASURE_WITH_UNIT (LENGTH_MEASURE( 1.000000000000000082E-05 ), #461, 'distance_accuracy_value', 'NONE');
#1176 = COLOUR_RGB ( '',1.000000000000000000, 1.000000000000000000, 1.000000000000000000 ) ;
#1177 = ORIENTED_EDGE ( 'NONE', *, *, #3055, .F. ) ;
#1178 = SURFACE_STYLE_USAGE ( .BOTH. , #2920 ) ;
#1179 = DIRECTION ( 'NONE',  ( 0.000000000000000000, 0.000000000000000000, 1.000000000000000000 ) ) ;
#1180 = DIRECTION ( 'NONE',  ( 0.000000000000000000, 0.000000000000000000, 1.000000000000000000 ) ) ;
#1181 = PRESENTATION_LAYER_ASSIGNMENT (  '', '', ( #1242 ) ) ;
#1182 = AXIS2_PLACEMENT_3D ( 'NONE', #2649, #9, #612 ) ;
#1183 = VERTEX_POINT ( 'NONE', #196 ) ;
#1184 =( GEOMETRIC_REPRESENTATION_CONTEXT ( 3 ) GLOBAL_UNCERTAINTY_ASSIGNED_CONTEXT ( ( #69 ) ) GLOBAL_UNIT_ASSIGNED_CONTEXT ( ( #1586, #1309, #1015 ) ) REPRESENTATION_CONTEXT ( 'NONE', 'WORKASPACE' ) );
#1185 =( NAMED_UNIT ( * ) PLANE_ANGLE_UNIT ( ) SI_UNIT ( $, .RADIAN. ) );
#1186 = EDGE_CURVE ( 'NONE', #1885, #2109, #1455, .T. ) ;
#1187 = STYLED_ITEM ( 'NONE', ( #274 ), #2178 ) ;
#1188 = ORIENTED_EDGE ( 'NONE', *, *, #445, .F. ) ;
#1189 =( GEOMETRIC_REPRESENTATION_CONTEXT ( 3 ) GLOBAL_UNCERTAINTY_ASSIGNED_CONTEXT ( ( #3745 ) ) GLOBAL_UNIT_ASSIGNED_CONTEXT ( ( #2411, #3043, #1228 ) ) REPRESENTATION_CONTEXT ( 'NONE', 'WORKASPACE' ) );
#1190 = CARTESIAN_POINT ( 'NONE',  ( 4.249999999999999112, 3.680000000000001048, 1.699999999999999067 ) ) ;
#1191 = MECHANICAL_DESIGN_GEOMETRIC_PRESENTATION_REPRESENTATION (  '', ( #2468 ), #1249 ) ;
#1192 = CARTESIAN_POINT ( 'NONE',  ( 2.500000000000000000, -3.300000000000000266, -4.050415663247733490E-16 ) ) ;
#1193 = PRESENTATION_STYLE_ASSIGNMENT (( #1422 ) ) ;
#1194 = SURFACE_STYLE_FILL_AREA ( #2 ) ;
#1195 = CIRCLE ( 'NONE', #810, 0.3499999999999998113 ) ;
#1196 = SURFACE_STYLE_USAGE ( .BOTH. , #5 ) ;
#1197 = PLANE ( 'NONE',  #1340 ) ;
#1198 = SURFACE_SIDE_STYLE ('',( #860 ) ) ;
#1199 = EDGE_LOOP ( 'NONE', ( #1915, #2066, #3242, #1679, #506 ) ) ;
#1200 = FILL_AREA_STYLE ('',( #14 ) ) ;
#1201 =( NAMED_UNIT ( * ) PLANE_ANGLE_UNIT ( ) SI_UNIT ( $, .RADIAN. ) );
#1202 = ORIENTED_EDGE ( 'NONE', *, *, #695, .T. ) ;
#1203 = VECTOR ( 'NONE', #1252, 1000.000000000000114 ) ;
#1204 = VERTEX_POINT ( 'NONE', #3149 ) ;
#1205 = DIRECTION ( 'NONE',  ( -0.000000000000000000, 1.000000000000000000, 1.227398685832646557E-16 ) ) ;
#1206 = SURFACE_SIDE_STYLE ('',( #1462 ) ) ;
#1207 = VECTOR ( 'NONE', #1566, 1000.000000000000000 ) ;
#1208 = EDGE_LOOP ( 'NONE', ( #1832, #1144, #1119, #1374, #2274, #2804, #1126, #2008, #1390, #566, #1076, #2214, #2140, #2758, #3777, #336, #108, #2596 ) ) ;
#1209 = EDGE_LOOP ( 'NONE', ( #17, #1640 ) ) ;
#1210 = EDGE_CURVE ( 'NONE', #282, #1165, #1131, .T. ) ;
#1211 = SURFACE_STYLE_USAGE ( .BOTH. , #1006 ) ;
#1212 = DIRECTION ( 'NONE',  ( 0.000000000000000000, -1.000000000000000000, -1.227398685832646557E-16 ) ) ;
#1213 = CARTESIAN_POINT ( 'NONE',  ( -0.5606099295107945801, 0.000000000000000000, -1.300000000000000711 ) ) ;
#1214 = LINE ( 'NONE', #2311, #3139 ) ;
#1215 = CARTESIAN_POINT ( 'NONE',  ( 3.730000000000000870, 0.000000000000000000, 1.699999999999999289 ) ) ;
#1216 = DIRECTION ( 'NONE',  ( -1.000000000000000000, 0.000000000000000000, -0.000000000000000000 ) ) ;
#1217 = FILL_AREA_STYLE ('',( #1483 ) ) ;
#1218 = CLOSED_SHELL ( 'NONE', ( #3093, #34, #1667, #3711, #384, #1804, #3434, #1097, #3318, #629, #277, #2541 ) ) ;
#1219 = MECHANICAL_DESIGN_GEOMETRIC_PRESENTATION_REPRESENTATION (  '', ( #1397 ), #1149 ) ;
#1220 = LINE ( 'NONE', #556, #653 ) ;
#1221 =( LENGTH_UNIT ( ) NAMED_UNIT ( * ) SI_UNIT ( .MILLI., .METRE. ) );
#1222 = CIRCLE ( 'NONE', #1473, 0.2000000000000000111 ) ;
#1223 = ADVANCED_FACE ( 'NONE', ( #2256 ), #3423, .T. ) ;
#1224 = VERTEX_POINT ( 'NONE', #1109 ) ;
#1225 = CARTESIAN_POINT ( 'NONE',  ( -0.1499999999999999389, 1.800000000000000711, 5.899999999999999467 ) ) ;
#1226 = VECTOR ( 'NONE', #3314, 999.9999999999998863 ) ;
#1227 = AXIS2_PLACEMENT_3D ( 'NONE', #3350, #1037, #123 ) ;
#1228 =( NAMED_UNIT ( * ) SI_UNIT ( $, .STERADIAN. ) SOLID_ANGLE_UNIT ( ) );
#1229 = DIRECTION ( 'NONE',  ( 0.000000000000000000, -1.000000000000000000, -1.227398685832646557E-16 ) ) ;
#1230 = CARTESIAN_POINT ( 'NONE',  ( -1.084202172485504434E-16, -3.500000000000000000, -4.295895400414262210E-16 ) ) ;
#1231 = DIRECTION ( 'NONE',  ( -1.000000000000000000, 0.000000000000000000, 0.000000000000000000 ) ) ;
#1232 = CARTESIAN_POINT ( 'NONE',  ( -0.8500000000000003109, 0.6800000000000004929, 6.299999999999999822 ) ) ;
#1233 = LINE ( 'NONE', #678, #24 ) ;
#1234 = CARTESIAN_POINT ( 'NONE',  ( 4.249999999999999112, 2.379999999999998561, 6.599999999999998757 ) ) ;
#1235 =( NAMED_UNIT ( * ) PLANE_ANGLE_UNIT ( ) SI_UNIT ( $, .RADIAN. ) );
#1236 =( LENGTH_UNIT ( ) NAMED_UNIT ( * ) SI_UNIT ( .MILLI., .METRE. ) );
#1237 = DIRECTION ( 'NONE',  ( -1.000000000000000000, 0.000000000000000000, 0.000000000000000000 ) ) ;
#1238 = VECTOR ( 'NONE', #3408, 1000.000000000000000 ) ;
#1239 = VERTEX_POINT ( 'NONE', #2273 ) ;
#1240 = DIRECTION ( 'NONE',  ( -0.000000000000000000, -0.000000000000000000, 1.000000000000000000 ) ) ;
#1241 = CARTESIAN_POINT ( 'NONE',  ( -2.450000000000000178, 4.900000000000000355, -1.300000000000000711 ) ) ;
#1242 = STYLED_ITEM ( 'NONE', ( #2478 ), #3143 ) ;
#1243 = CIRCLE ( 'NONE', #3259, 0.3499999999999998113 ) ;
#1244 = DIRECTION ( 'NONE',  ( -1.000000000000000000, 1.445602896647339163E-16, 0.000000000000000000 ) ) ;
#1245 = CARTESIAN_POINT ( 'NONE',  ( 2.500000000000000000, 1.800000000000000711, 6.099999999999999645 ) ) ;
#1246 = CARTESIAN_POINT ( 'NONE',  ( 4.249999999999999112, 2.180000000000000604, 5.599999999999999645 ) ) ;
#1247 = EDGE_CURVE ( 'NONE', #181, #2193, #2064, .T. ) ;
#1248 = CIRCLE ( 'NONE', #680, 0.3500000000000000333 ) ;
#1249 =( GEOMETRIC_REPRESENTATION_CONTEXT ( 3 ) GLOBAL_UNCERTAINTY_ASSIGNED_CONTEXT ( ( #1987 ) ) GLOBAL_UNIT_ASSIGNED_CONTEXT ( ( #1451, #2043, #914 ) ) REPRESENTATION_CONTEXT ( 'NONE', 'WORKASPACE' ) );
#1250 = CIRCLE ( 'NONE', #2657, 0.1499999999999998279 ) ;
#1251 = SURFACE_STYLE_FILL_AREA ( #2721 ) ;
#1252 = DIRECTION ( 'NONE',  ( 0.000000000000000000, 0.7071067811865474617, 0.7071067811865474617 ) ) ;
#1253 = CARTESIAN_POINT ( 'NONE',  ( 2.350000000000000089, 1.800000000000000711, 6.099999999999999645 ) ) ;
#1254 = PRESENTATION_LAYER_ASSIGNMENT (  '', '', ( #440 ) ) ;
#1255 =( NAMED_UNIT ( * ) PLANE_ANGLE_UNIT ( ) SI_UNIT ( $, .RADIAN. ) );
#1256 = FACE_OUTER_BOUND ( 'NONE', #3357, .T. ) ;
#1257 = EDGE_CURVE ( 'NONE', #164, #380, #1631, .T. ) ;
#1258 = LINE ( 'NONE', #3605, #166 ) ;
#1259 = PLANE ( 'NONE',  #2162 ) ;
#1260 = ORIENTED_EDGE ( 'NONE', *, *, #1247, .F. ) ;
#1261 = VERTEX_POINT ( 'NONE', #842 ) ;
#1262 = ORIENTED_EDGE ( 'NONE', *, *, #2790, .T. ) ;
#1263 = DIRECTION ( 'NONE',  ( 1.000000000000000000, 0.000000000000000000, -0.000000000000000000 ) ) ;
#1264 = STYLED_ITEM ( 'NONE', ( #578 ), #1324 ) ;
#1265 = VERTEX_POINT ( 'NONE', #8 ) ;
#1266 = ORIENTED_EDGE ( 'NONE', *, *, #11, .T. ) ;
#1267 = ORIENTED_EDGE ( 'NONE', *, *, #1133, .F. ) ;
#1268 = VECTOR ( 'NONE', #3744, 1000.000000000000000 ) ;
#1269 =( NAMED_UNIT ( * ) PLANE_ANGLE_UNIT ( ) SI_UNIT ( $, .RADIAN. ) );
#1270 = CARTESIAN_POINT ( 'NONE',  ( -1.750000000000000222, 4.180000000000000604, 2.600000000000000089 ) ) ;
#1271 = EDGE_CURVE ( 'NONE', #3056, #1414, #2611, .T. ) ;
#1272 = SURFACE_STYLE_USAGE ( .BOTH. , #1532 ) ;
#1273 = CARTESIAN_POINT ( 'NONE',  ( 3.349999999999998757, 0.6799999999999999378, 6.299999999999999822 ) ) ;
#1274 = CARTESIAN_POINT ( 'NONE',  ( 0.8000000000000004885, 0.6800000000000004929, 6.099999999999999645 ) ) ;
#1275 = PLANE ( 'NONE',  #1470 ) ;
#1276 = FACE_OUTER_BOUND ( 'NONE', #1910, .T. ) ;
#1277 = SURFACE_SIDE_STYLE ('',( #2778 ) ) ;
#1278 = LINE ( 'NONE', #1613, #3267 ) ;
#1279 = UNCERTAINTY_MEASURE_WITH_UNIT (LENGTH_MEASURE( 1.000000000000000082E-05 ), #184, 'distance_accuracy_value', 'NONE');
#1280 = EDGE_CURVE ( 'NONE', #3535, #2366, #386, .T. ) ;
#1281 = ORIENTED_EDGE ( 'NONE', *, *, #2613, .F. ) ;
#1282 = CARTESIAN_POINT ( 'NONE',  ( 4.250000000000000000, 4.179999999999999716, 2.600000000000000089 ) ) ;
#1283 = VECTOR ( 'NONE', #32, 1000.000000000000000 ) ;
#1284 = DIRECTION ( 'NONE',  ( -1.000000000000000000, 0.000000000000000000, 0.000000000000000000 ) ) ;
#1285 = AXIS2_PLACEMENT_3D ( 'NONE', #2854, #1943, #1921 ) ;
#1286 = VERTEX_POINT ( 'NONE', #3238 ) ;
#1287 = CIRCLE ( 'NONE', #1898, 0.3500000000000000333 ) ;
#1288 = DIRECTION ( 'NONE',  ( 0.000000000000000000, 0.7071067811865474617, 0.7071067811865474617 ) ) ;
#1289 =( NAMED_UNIT ( * ) PLANE_ANGLE_UNIT ( ) SI_UNIT ( $, .RADIAN. ) );
#1290 = DIRECTION ( 'NONE',  ( 0.000000000000000000, 0.000000000000000000, -1.000000000000000000 ) ) ;
#1291 = ADVANCED_FACE ( 'NONE', ( #899 ), #3461, .F. ) ;
#1292 = SURFACE_STYLE_USAGE ( .BOTH. , #2419 ) ;
#1293 = DIRECTION ( 'NONE',  ( -0.000000000000000000, 1.000000000000000000, -0.000000000000000000 ) ) ;
#1294 = EDGE_CURVE ( 'NONE', #2257, #1966, #143, .T. ) ;
#1295 = ORIENTED_EDGE ( 'NONE', *, *, #2675, .F. ) ;
#1296 = LINE ( 'NONE', #1282, #3054 ) ;
#1297 = LINE ( 'NONE', #3372, #803 ) ;
#1298 = ORIENTED_EDGE ( 'NONE', *, *, #405, .T. ) ;
#1299 = EDGE_CURVE ( 'NONE', #3773, #3413, #3523, .T. ) ;
#1300 = ORIENTED_EDGE ( 'NONE', *, *, #3555, .T. ) ;
#1301 = DIRECTION ( 'NONE',  ( 0.000000000000000000, -0.000000000000000000, -1.000000000000000000 ) ) ;
#1302 = CARTESIAN_POINT ( 'NONE',  ( -0.3499999999999999223, 1.800000000000000711, 5.899999999999999467 ) ) ;
#1303 = EDGE_CURVE ( 'NONE', #884, #994, #2957, .T. ) ;
#1304 =( NAMED_UNIT ( * ) PLANE_ANGLE_UNIT ( ) SI_UNIT ( $, .RADIAN. ) );
#1305 = VECTOR ( 'NONE', #293, 1000.000000000000000 ) ;
#1306 = EDGE_CURVE ( 'NONE', #3020, #2243, #2895, .T. ) ;
#1307 = PRESENTATION_LAYER_ASSIGNMENT (  '', '', ( #2339 ) ) ;
#1308 = DIRECTION ( 'NONE',  ( -1.000000000000000000, -0.000000000000000000, -0.000000000000000000 ) ) ;
#1309 =( NAMED_UNIT ( * ) PLANE_ANGLE_UNIT ( ) SI_UNIT ( $, .RADIAN. ) );
#1310 = LINE ( 'NONE', #2433, #3333 ) ;
#1311 = PRESENTATION_LAYER_ASSIGNMENT (  '', '', ( #2218 ) ) ;
#1312 = FACE_OUTER_BOUND ( 'NONE', #3336, .T. ) ;
#1313 = PRESENTATION_LAYER_ASSIGNMENT (  '', '', ( #3024 ) ) ;
#1314 = PRESENTATION_LAYER_ASSIGNMENT (  '', '', ( #6 ) ) ;
#1315 = CARTESIAN_POINT ( 'NONE',  ( 4.949999999999999289, 1.219999999999999973, 1.699999999999999289 ) ) ;
#1316 = PLANE ( 'NONE',  #1227 ) ;
#1317 = STYLED_ITEM ( 'NONE', ( #728 ), #2786 ) ;
#1318 = ORIENTED_EDGE ( 'NONE', *, *, #1481, .T. ) ;
#1319 = FILL_AREA_STYLE_COLOUR ( '', #908 ) ;
#1320 = SURFACE_SIDE_STYLE ('',( #130 ) ) ;
#1321 = ORIENTED_EDGE ( 'NONE', *, *, #1437, .F. ) ;
#1322 = FILL_AREA_STYLE_COLOUR ( '', #2904 ) ;
#1323 = MECHANICAL_DESIGN_GEOMETRIC_PRESENTATION_REPRESENTATION (  '', ( #949 ), #3154 ) ;
#1324 = ADVANCED_FACE ( 'NONE', ( #2670 ), #30, .F. ) ;
#1325 = CIRCLE ( 'NONE', #2293, 0.3499999999999998113 ) ;
#1326 = FILL_AREA_STYLE_COLOUR ( '', #95 ) ;
#1327 = VERTEX_POINT ( 'NONE', #117 ) ;
#1328 = UNCERTAINTY_MEASURE_WITH_UNIT (LENGTH_MEASURE( 1.000000000000000082E-05 ), #1626, 'distance_accuracy_value', 'NONE');
#1329 = DIRECTION ( 'NONE',  ( 1.022195611122251028E-16, 0.7071067811865486830, -0.7071067811865463515 ) ) ;
#1330 = PRESENTATION_STYLE_ASSIGNMENT (( #370 ) ) ;
#1331 = FILL_AREA_STYLE ('',( #683 ) ) ;
#1332 = CARTESIAN_POINT ( 'NONE',  ( 4.949999999999999289, 4.900000000000000355, 1.699999999999999289 ) ) ;
#1333 = ORIENTED_EDGE ( 'NONE', *, *, #3760, .T. ) ;
#1334 = EDGE_LOOP ( 'NONE', ( #1062, #1794 ) ) ;
#1335 = CYLINDRICAL_SURFACE ( 'NONE', #2042, 0.3499999999999999778 ) ;
#1336 = DIRECTION ( 'NONE',  ( -0.000000000000000000, 1.000000000000000000, -0.000000000000000000 ) ) ;
#1337 = EDGE_LOOP ( 'NONE', ( #536, #671, #2106, #3073 ) ) ;
#1338 = ORIENTED_EDGE ( 'NONE', *, *, #1391, .T. ) ;
#1339 = ORIENTED_EDGE ( 'NONE', *, *, #2075, .F. ) ;
#1340 = AXIS2_PLACEMENT_3D ( 'NONE', #2956, #2629, #2646 ) ;
#1341 = FACE_OUTER_BOUND ( 'NONE', #3654, .T. ) ;
#1342 = EDGE_CURVE ( 'NONE', #3741, #2188, #455, .T. ) ;
#1343 = DIRECTION ( 'NONE',  ( -0.1548704352003970053, 0.6985753890242805131, 0.6985753890242732966 ) ) ;
#1344 = CARTESIAN_POINT ( 'NONE',  ( 4.249999999999999112, 2.880000000000000338, 5.599999999999999645 ) ) ;
#1345 = DIRECTION ( 'NONE',  ( -1.000000000000000000, 1.445602896647339163E-16, -0.000000000000000000 ) ) ;
#1346 = CARTESIAN_POINT ( 'NONE',  ( -1.750000000000000222, 2.180000000000001936, 1.699999999999999067 ) ) ;
#1347 = CARTESIAN_POINT ( 'NONE',  ( -0.3500000000000000888, 0.000000000000000000, -0.3499999999999999223 ) ) ;
#1348 = SURFACE_SIDE_STYLE ('',( #163 ) ) ;
#1349 = ORIENTED_EDGE ( 'NONE', *, *, #1018, .F. ) ;
#1350 = ORIENTED_EDGE ( 'NONE', *, *, #3576, .F. ) ;
#1351 = LINE ( 'NONE', #3427, #492 ) ;
#1352 = CARTESIAN_POINT ( 'NONE',  ( 3.730000000000000870, 0.000000000000000000, 1.699999999999999289 ) ) ;
#1353 = LINE ( 'NONE', #1969, #564 ) ;
#1354 = ORIENTED_EDGE ( 'NONE', *, *, #2613, .T. ) ;
#1355 = ORIENTED_EDGE ( 'NONE', *, *, #2583, .F. ) ;
#1356 = ORIENTED_EDGE ( 'NONE', *, *, #788, .T. ) ;
#1357 = PRESENTATION_STYLE_ASSIGNMENT (( #190 ) ) ;
#1358 = ORIENTED_EDGE ( 'NONE', *, *, #3326, .T. ) ;
#1359 = SURFACE_SIDE_STYLE ('',( #1658 ) ) ;
#1360 = VECTOR ( 'NONE', #1950, 1000.000000000000000 ) ;
#1361 = EDGE_CURVE ( 'NONE', #3667, #1614, #3641, .T. ) ;
#1362 = DIRECTION ( 'NONE',  ( 0.000000000000000000, 0.000000000000000000, -1.000000000000000000 ) ) ;
#1363 = CARTESIAN_POINT ( 'NONE',  ( -1.750000000000000222, 3.679999999999999272, 6.099999999999994316 ) ) ;
#1364 = CIRCLE ( 'NONE', #3199, 0.3499999999999999223 ) ;
#1365 = EDGE_LOOP ( 'NONE', ( #1350, #580, #2698, #482 ) ) ;
#1366 =( LENGTH_UNIT ( ) NAMED_UNIT ( * ) SI_UNIT ( .MILLI., .METRE. ) );
#1367 = CARTESIAN_POINT ( 'NONE',  ( 2.500000000000000000, 1.800000000000000711, 2.600000000000000089 ) ) ;
#1368 = DIRECTION ( 'NONE',  ( -1.000000000000000000, 0.000000000000000000, 0.000000000000000000 ) ) ;
#1369 = VERTEX_POINT ( 'NONE', #1273 ) ;
#1370 = STYLED_ITEM ( 'NONE', ( #413 ), #2094 ) ;
#1371 = MECHANICAL_DESIGN_GEOMETRIC_PRESENTATION_REPRESENTATION (  '', ( #871 ), #2342 ) ;
#1372 = VERTEX_POINT ( 'NONE', #1606 ) ;
#1373 = EDGE_CURVE ( 'NONE', #845, #3661, #2393, .T. ) ;
#1374 = ORIENTED_EDGE ( 'NONE', *, *, #305, .F. ) ;
#1375 = FILL_AREA_STYLE ('',( #496 ) ) ;
#1376 = DIRECTION ( 'NONE',  ( 0.000000000000000000, 0.000000000000000000, -1.000000000000000000 ) ) ;
#1377 = PLANE ( 'NONE',  #2892 ) ;
#1378 =( GEOMETRIC_REPRESENTATION_CONTEXT ( 3 ) GLOBAL_UNCERTAINTY_ASSIGNED_CONTEXT ( ( #516 ) ) GLOBAL_UNIT_ASSIGNED_CONTEXT ( ( #2545, #3793, #600 ) ) REPRESENTATION_CONTEXT ( 'NONE', 'WORKASPACE' ) );
#1379 = ORIENTED_EDGE ( 'NONE', *, *, #1303, .T. ) ;
#1380 = STYLED_ITEM ( 'NONE', ( #2494 ), #1941 ) ;
#1381 = CARTESIAN_POINT ( 'NONE',  ( 1.939390070489205753, 0.4999999999999997780, -1.300000000000000711 ) ) ;
#1382 = DIRECTION ( 'NONE',  ( 0.000000000000000000, 0.000000000000000000, -1.000000000000000000 ) ) ;
#1383 = ADVANCED_FACE ( 'NONE', ( #1826 ), #3217, .T. ) ;
#1384 = DIRECTION ( 'NONE',  ( -0.7071067811865476838, -0.7071067811865474617, -0.000000000000000000 ) ) ;
#1385 = PLANE ( 'NONE',  #2648 ) ;
#1386 = DIRECTION ( 'NONE',  ( 0.000000000000000000, 0.000000000000000000, -1.000000000000000000 ) ) ;
#1387 = AXIS2_PLACEMENT_3D ( 'NONE', #1363, #470, #2498 ) ;
#1388 = EDGE_CURVE ( 'NONE', #1953, #1204, #1310, .T. ) ;
#1389 = ORIENTED_EDGE ( 'NONE', *, *, #2460, .F. ) ;
#1390 = ORIENTED_EDGE ( 'NONE', *, *, #2181, .F. ) ;
#1391 = EDGE_CURVE ( 'NONE', #1372, #1414, #2165, .T. ) ;
#1392 = SURFACE_SIDE_STYLE ('',( #3682 ) ) ;
#1393 = VERTEX_POINT ( 'NONE', #2775 ) ;
#1394 = DIRECTION ( 'NONE',  ( 0.000000000000000000, 1.000000000000000000, 0.000000000000000000 ) ) ;
#1395 = PLANE ( 'NONE',  #2406 ) ;
#1396 =( NAMED_UNIT ( * ) SI_UNIT ( $, .STERADIAN. ) SOLID_ANGLE_UNIT ( ) );
#1397 = STYLED_ITEM ( 'NONE', ( #2816 ), #204 ) ;
#1398 = ORIENTED_EDGE ( 'NONE', *, *, #2614, .T. ) ;
#1399 = DIRECTION ( 'NONE',  ( 0.7071067811865482389, 0.7071067811865469066, 0.000000000000000000 ) ) ;
#1400 = DIRECTION ( 'NONE',  ( 0.000000000000000000, 0.000000000000000000, 1.000000000000000000 ) ) ;
#1401 = SURFACE_SIDE_STYLE ('',( #1922 ) ) ;
#1402 = PRESENTATION_LAYER_ASSIGNMENT (  '', '', ( #216 ) ) ;
#1403 = VECTOR ( 'NONE', #2609, 1000.000000000000000 ) ;
#1404 = DIRECTION ( 'NONE',  ( 0.000000000000000000, 0.000000000000000000, 1.000000000000000000 ) ) ;
#1405 = FACE_OUTER_BOUND ( 'NONE', #801, .T. ) ;
#1406 = AXIS2_PLACEMENT_3D ( 'NONE', #3121, #1362, #3382 ) ;
#1407 = CARTESIAN_POINT ( 'NONE',  ( -1.750000000000000222, 1.580000000000000515, 6.599999999999999645 ) ) ;
#1408 = ORIENTED_EDGE ( 'NONE', *, *, #3123, .T. ) ;
#1409 = UNCERTAINTY_MEASURE_WITH_UNIT (LENGTH_MEASURE( 1.000000000000000082E-05 ), #1784, 'distance_accuracy_value', 'NONE');
#1410 = PRESENTATION_LAYER_ASSIGNMENT (  '', '', ( #2382 ) ) ;
#1411 = VERTEX_POINT ( 'NONE', #2184 ) ;
#1412 = DIRECTION ( 'NONE',  ( 1.000000000000000000, 0.000000000000000000, 0.000000000000000000 ) ) ;
#1413 = EDGE_CURVE ( 'NONE', #3512, #2298, #1016, .T. ) ;
#1414 = VERTEX_POINT ( 'NONE', #664 ) ;
#1415 = DIRECTION ( 'NONE',  ( 0.000000000000000000, 0.000000000000000000, 1.000000000000000000 ) ) ;
#1416 = CARTESIAN_POINT ( 'NONE',  ( 2.500000000000000000, 1.800000000000000711, 2.600000000000000089 ) ) ;
#1417 = CARTESIAN_POINT ( 'NONE',  ( 1.700000000000001066, 0.6800000000000000488, 2.600000000000000089 ) ) ;
#1418 = ORIENTED_EDGE ( 'NONE', *, *, #2242, .T. ) ;
#1419 = ORIENTED_EDGE ( 'NONE', *, *, #2102, .F. ) ;
#1420 = EDGE_CURVE ( 'NONE', #1680, #2490, #1903, .T. ) ;
#1421 =( NAMED_UNIT ( * ) PLANE_ANGLE_UNIT ( ) SI_UNIT ( $, .RADIAN. ) );
#1422 = SURFACE_STYLE_USAGE ( .BOTH. , #2039 ) ;
#1423 = UNCERTAINTY_MEASURE_WITH_UNIT (LENGTH_MEASURE( 1.000000000000000082E-05 ), #3573, 'distance_accuracy_value', 'NONE');
#1424 = ORIENTED_EDGE ( 'NONE', *, *, #275, .T. ) ;
#1425 = STYLED_ITEM ( 'NONE', ( #1330 ), #3078 ) ;
#1426 = CARTESIAN_POINT ( 'NONE',  ( -0.8500000000000003109, 0.6800000000000004929, 2.600000000000000089 ) ) ;
#1427 = CARTESIAN_POINT ( 'NONE',  ( -2.450000000000000178, 1.000000000000000000, 0.6999999999999989564 ) ) ;
#1428 = FILL_AREA_STYLE ('',( #1055 ) ) ;
#1429 = VERTEX_POINT ( 'NONE', #1884 ) ;
#1430 = MECHANICAL_DESIGN_GEOMETRIC_PRESENTATION_REPRESENTATION (  '', ( #1242 ), #986 ) ;
#1431 = AXIS2_PLACEMENT_3D ( 'NONE', #3764, #2930, #2091 ) ;
#1432 = EDGE_LOOP ( 'NONE', ( #2863, #843 ) ) ;
#1433 = DIRECTION ( 'NONE',  ( 0.000000000000000000, -1.000000000000000000, -1.227398685832646557E-16 ) ) ;
#1434 = VECTOR ( 'NONE', #939, 1000.000000000000000 ) ;
#1435 = CARTESIAN_POINT ( 'NONE',  ( -1.084202172485504434E-16, 0.000000000000000000, 0.000000000000000000 ) ) ;
#1436 =( GEOMETRIC_REPRESENTATION_CONTEXT ( 3 ) GLOBAL_UNCERTAINTY_ASSIGNED_CONTEXT ( ( #1409 ) ) GLOBAL_UNIT_ASSIGNED_CONTEXT ( ( #1784, #2955, #307 ) ) REPRESENTATION_CONTEXT ( 'NONE', 'WORKASPACE' ) );
#1437 = EDGE_CURVE ( 'NONE', #731, #1885, #1233, .T. ) ;
#1438 = MECHANICAL_DESIGN_GEOMETRIC_PRESENTATION_REPRESENTATION (  '', ( #437 ), #1677 ) ;
#1439 = ORIENTED_EDGE ( 'NONE', *, *, #3135, .F. ) ;
#1441 = SURFACE_STYLE_USAGE ( .BOTH. , #2870 ) ;
#1440 = VECTOR ( 'NONE', #3570, 1000.000000000000000 ) ;
#1442 = EDGE_CURVE ( 'NONE', #3395, #2408, #2144, .T. ) ;
#1443 = AXIS2_PLACEMENT_3D ( 'NONE', #3157, #2868, #371 ) ;
#1444 = EDGE_LOOP ( 'NONE', ( #2466, #1674, #1975, #1715 ) ) ;
#1445 = DIRECTION ( 'NONE',  ( -0.000000000000000000, -0.000000000000000000, -1.000000000000000000 ) ) ;
#1446 = CARTESIAN_POINT ( 'NONE',  ( -1.084202172485504434E-16, 1.800000000000000711, 0.6000000000000046407 ) ) ;
#1447 = CARTESIAN_POINT ( 'NONE',  ( 0.3802122223089815511, 1.313721471916358574, -0.4862785280836505741 ) ) ;
#1448 = EDGE_CURVE ( 'NONE', #704, #565, #2127, .T. ) ;
#1449 = ORIENTED_EDGE ( 'NONE', *, *, #1867, .T. ) ;
#1450 =( GEOMETRIC_REPRESENTATION_CONTEXT ( 3 ) GLOBAL_UNCERTAINTY_ASSIGNED_CONTEXT ( ( #3463 ) ) GLOBAL_UNIT_ASSIGNED_CONTEXT ( ( #262, #2947, #3158 ) ) REPRESENTATION_CONTEXT ( 'NONE', 'WORKASPACE' ) );
#1451 =( LENGTH_UNIT ( ) NAMED_UNIT ( * ) SI_UNIT ( .MILLI., .METRE. ) );
#1452 = CARTESIAN_POINT ( 'NONE',  ( -1.084202172485504434E-16, 0.000000000000000000, 0.3499999999999999223 ) ) ;
#1453 = DIRECTION ( 'NONE',  ( 0.000000000000000000, 0.000000000000000000, 1.000000000000000000 ) ) ;
#1454 = SURFACE_STYLE_USAGE ( .BOTH. , #1198 ) ;
#1455 = CIRCLE ( 'NONE', #1876, 0.3500000000000000333 ) ;
#1456 = UNCERTAINTY_MEASURE_WITH_UNIT (LENGTH_MEASURE( 1.000000000000000082E-05 ), #524, 'distance_accuracy_value', 'NONE');
#1457 = VECTOR ( 'NONE', #3725, 1000.000000000000000 ) ;
#1458 = SURFACE_STYLE_USAGE ( .BOTH. , #255 ) ;
#1459 = DIRECTION ( 'NONE',  ( 0.2164396139381036255, 0.000000000000000000, -0.9762960071199331402 ) ) ;
#1460 = COLOUR_RGB ( '',1.000000000000000000, 1.000000000000000000, 1.000000000000000000 ) ;
#1461 = ORIENTED_EDGE ( 'NONE', *, *, #2729, .T. ) ;
#1462 = SURFACE_STYLE_FILL_AREA ( #242 ) ;
#1463 = ORIENTED_EDGE ( 'NONE', *, *, #1306, .T. ) ;
#1464 = DIRECTION ( 'NONE',  ( 0.000000000000000000, 0.000000000000000000, -1.000000000000000000 ) ) ;
#1465 = CARTESIAN_POINT ( 'NONE',  ( -1.750000000000000222, 1.580000000000000515, 2.600000000000000089 ) ) ;
#1466 = UNCERTAINTY_MEASURE_WITH_UNIT (LENGTH_MEASURE( 1.000000000000000082E-05 ), #3606, 'distance_accuracy_value', 'NONE');
#1467 = EDGE_CURVE ( 'NONE', #1058, #3214, #990, .T. ) ;
#1468 = PRESENTATION_STYLE_ASSIGNMENT (( #2377 ) ) ;
#1469 = CARTESIAN_POINT ( 'NONE',  ( -1.084202172485504434E-16, 0.000000000000000000, 0.000000000000000000 ) ) ;
#1470 = AXIS2_PLACEMENT_3D ( 'NONE', #2437, #2693, #350 ) ;
#1471 = DIRECTION ( 'NONE',  ( 0.000000000000000000, 0.000000000000000000, -1.000000000000000000 ) ) ;
#1472 =( LENGTH_UNIT ( ) NAMED_UNIT ( * ) SI_UNIT ( .MILLI., .METRE. ) );
#1473 = AXIS2_PLACEMENT_3D ( 'NONE', #2333, #7, #1706 ) ;
#1474 = CARTESIAN_POINT ( 'NONE',  ( 1.250000000000000444, 1.130000000000000338, 6.099999999999999645 ) ) ;
#1475 = VECTOR ( 'NONE', #521, 1000.000000000000114 ) ;
#1476 = VERTEX_POINT ( 'NONE', #1568 ) ;
#1477 = CYLINDRICAL_SURFACE ( 'NONE', #1002, 0.3500000000000000333 ) ;
#1478 = VERTEX_POINT ( 'NONE', #975 ) ;
#1479 = DIRECTION ( 'NONE',  ( 0.000000000000000000, 0.000000000000000000, -1.000000000000000000 ) ) ;
#1480 = FILL_AREA_STYLE_COLOUR ( '', #1460 ) ;
#1481 = EDGE_CURVE ( 'NONE', #2484, #2246, #348, .T. ) ;
#1482 = FILL_AREA_STYLE_COLOUR ( '', #3687 ) ;
#1483 = FILL_AREA_STYLE_COLOUR ( '', #3037 ) ;
#1484 = PLANE ( 'NONE',  #1182 ) ;
#1485 =( GEOMETRIC_REPRESENTATION_CONTEXT ( 3 ) GLOBAL_UNCERTAINTY_ASSIGNED_CONTEXT ( ( #276 ) ) GLOBAL_UNIT_ASSIGNED_CONTEXT ( ( #1236, #1518, #581 ) ) REPRESENTATION_CONTEXT ( 'NONE', 'WORKASPACE' ) );
#1486 = PRESENTATION_STYLE_ASSIGNMENT (( #1458 ) ) ;
#1487 = FILL_AREA_STYLE ('',( #3509 ) ) ;
#1488 = DIRECTION ( 'NONE',  ( 0.000000000000000000, -1.000000000000000000, -1.227398685832646557E-16 ) ) ;
#1489 = MECHANICAL_DESIGN_GEOMETRIC_PRESENTATION_REPRESENTATION (  '', ( #1917 ), #426 ) ;
#1490 = EDGE_CURVE ( 'NONE', #3424, #2521, #1325, .T. ) ;
#1491 = VERTEX_POINT ( 'NONE', #3327 ) ;
#1492 = FILL_AREA_STYLE ('',( #635 ) ) ;
#1493 = VECTOR ( 'NONE', #1944, 1000.000000000000000 ) ;
#1494 = VECTOR ( 'NONE', #1244, 1000.000000000000000 ) ;
#1495 = DIRECTION ( 'NONE',  ( 0.000000000000000000, 0.7071067811865474617, 0.7071067811865474617 ) ) ;
#1496 = CARTESIAN_POINT ( 'NONE',  ( 2.149999999999999911, 0.000000000000000000, -0.3499999999999999223 ) ) ;
#1497 = FACE_OUTER_BOUND ( 'NONE', #317, .T. ) ;
#1498 =( NAMED_UNIT ( * ) SI_UNIT ( $, .STERADIAN. ) SOLID_ANGLE_UNIT ( ) );
#1499 =( NAMED_UNIT ( * ) SI_UNIT ( $, .STERADIAN. ) SOLID_ANGLE_UNIT ( ) );
#1500 = EDGE_CURVE ( 'NONE', #3468, #3754, #402, .T. ) ;
#1501 = ORIENTED_EDGE ( 'NONE', *, *, #2756, .F. ) ;
#1502 = SURFACE_SIDE_STYLE ('',( #3566 ) ) ;
#1503 = LINE ( 'NONE', #942, #1993 ) ;
#1504 = VERTEX_POINT ( 'NONE', #2996 ) ;
#1505 = EDGE_CURVE ( 'NONE', #1369, #3232, #2751, .T. ) ;
#1506 = ORIENTED_EDGE ( 'NONE', *, *, #3045, .T. ) ;
#1507 = CARTESIAN_POINT ( 'NONE',  ( 2.500000000000000000, -3.300000000000000266, -4.050415663247733490E-16 ) ) ;
#1508 =( NAMED_UNIT ( * ) PLANE_ANGLE_UNIT ( ) SI_UNIT ( $, .RADIAN. ) );
#1509 = SURFACE_STYLE_FILL_AREA ( #412 ) ;
#1510 = FILL_AREA_STYLE ('',( #3273 ) ) ;
#1511 = FILL_AREA_STYLE ('',( #660 ) ) ;
#1512 = CARTESIAN_POINT ( 'NONE',  ( 4.250000000000000000, 4.179999999999999716, 2.600000000000000089 ) ) ;
#1513 = PRESENTATION_STYLE_ASSIGNMENT (( #364 ) ) ;
#1514 = FILL_AREA_STYLE_COLOUR ( '', #2422 ) ;
#1515 = LINE ( 'NONE', #2394, #3079 ) ;
#1516 = PRESENTATION_LAYER_ASSIGNMENT (  '', '', ( #2621 ) ) ;
#1517 = ORIENTED_EDGE ( 'NONE', *, *, #788, .F. ) ;
#1518 =( NAMED_UNIT ( * ) PLANE_ANGLE_UNIT ( ) SI_UNIT ( $, .RADIAN. ) );
#1519 = VECTOR ( 'NONE', #1727, 1000.000000000000000 ) ;
#1520 = ORIENTED_EDGE ( 'NONE', *, *, #2005, .F. ) ;
#1521 = AXIS2_PLACEMENT_3D ( 'NONE', #3046, #2514, #1399 ) ;
#1522 = EDGE_CURVE ( 'NONE', #1095, #1327, #2550, .T. ) ;
#1523 = EDGE_LOOP ( 'NONE', ( #133, #3472, #1424, #1788, #2637 ) ) ;
#1524 = CARTESIAN_POINT ( 'NONE',  ( -0.3499999999999998668, 1.800000000000000711, -1.300000000000000711 ) ) ;
#1525 = VECTOR ( 'NONE', #1029, 1000.000000000000000 ) ;
#1526 =( LENGTH_UNIT ( ) NAMED_UNIT ( * ) SI_UNIT ( .MILLI., .METRE. ) );
#1527 = COLOUR_RGB ( '',1.000000000000000000, 1.000000000000000000, 1.000000000000000000 ) ;
#1528 = FILL_AREA_STYLE ('',( #74 ) ) ;
#1529 = DIRECTION ( 'NONE',  ( 0.000000000000000000, 0.000000000000000000, -1.000000000000000000 ) ) ;
#1530 = EDGE_CURVE ( 'NONE', #2490, #67, #2833, .T. ) ;
#1531 = DIRECTION ( 'NONE',  ( 0.7071067811865482389, 0.7071067811865469066, 0.000000000000000000 ) ) ;
#1532 = SURFACE_SIDE_STYLE ('',( #1251 ) ) ;
#1533 = CARTESIAN_POINT ( 'NONE',  ( 4.249999999999999112, 2.880000000000000338, 6.099999999999999645 ) ) ;
#1534 = PRESENTATION_STYLE_ASSIGNMENT (( #3068 ) ) ;
#1535 = DIRECTION ( 'NONE',  ( 1.000000000000000000, 1.503129871882618452E-32, -1.224646799147353207E-16 ) ) ;
#1536 =( NAMED_UNIT ( * ) PLANE_ANGLE_UNIT ( ) SI_UNIT ( $, .RADIAN. ) );
#1537 = CYLINDRICAL_SURFACE ( 'NONE', #1443, 0.3499999999999998113 ) ;
#1538 =( GEOMETRIC_REPRESENTATION_CONTEXT ( 3 ) GLOBAL_UNCERTAINTY_ASSIGNED_CONTEXT ( ( #2276 ) ) GLOBAL_UNIT_ASSIGNED_CONTEXT ( ( #1734, #1059, #2228 ) ) REPRESENTATION_CONTEXT ( 'NONE', 'WORKASPACE' ) );
#1539 = ORIENTED_EDGE ( 'NONE', *, *, #467, .T. ) ;
#1540 = DIRECTION ( 'NONE',  ( 0.000000000000000000, 0.000000000000000000, 1.000000000000000000 ) ) ;
#1541 = UNCERTAINTY_MEASURE_WITH_UNIT (LENGTH_MEASURE( 1.000000000000000082E-05 ), #2392, 'distance_accuracy_value', 'NONE');
#1542 = CARTESIAN_POINT ( 'NONE',  ( 4.249999999999999112, 3.680000000000001048, 1.699999999999999067 ) ) ;
#1543 = EDGE_CURVE ( 'NONE', #2303, #3636, #211, .T. ) ;
#1544 = MECHANICAL_DESIGN_GEOMETRIC_PRESENTATION_REPRESENTATION (  '', ( #3310 ), #1184 ) ;
#1545 = ORIENTED_EDGE ( 'NONE', *, *, #1133, .T. ) ;
#1546 = FACE_OUTER_BOUND ( 'NONE', #693, .T. ) ;
#1548 = CARTESIAN_POINT ( 'NONE',  ( -0.1499999999999999389, 1.800000000000000711, 6.099999999999999645 ) ) ;
#1547 = VECTOR ( 'NONE', #3642, 1000.000000000000000 ) ;
#1549 = MECHANICAL_DESIGN_GEOMETRIC_PRESENTATION_REPRESENTATION (  '', ( #3500 ), #1189 ) ;
#1550 = VECTOR ( 'NONE', #3245, 1000.000000000000000 ) ;
#1551 = PRODUCT_DEFINITION_FORMATION_WITH_SPECIFIED_SOURCE ( 'ANY', '', #832, .NOT_KNOWN. ) ;
#1552 = DIRECTION ( 'NONE',  ( 0.000000000000000000, 1.227398685832646557E-16, -1.000000000000000000 ) ) ;
#1553 = CARTESIAN_POINT ( 'NONE',  ( 4.250000000000000000, 2.180000000000003713, 1.699999999999999067 ) ) ;
#1554 = CARTESIAN_POINT ( 'NONE',  ( -0.8500000000000003109, 0.3800000000000005040, 6.599999999999999645 ) ) ;
#1555 = VECTOR ( 'NONE', #3243, 1000.000000000000000 ) ;
#1556 = FACE_OUTER_BOUND ( 'NONE', #2446, .T. ) ;
#1557 = PRESENTATION_STYLE_ASSIGNMENT (( #3296 ) ) ;
#1558 =( GEOMETRIC_REPRESENTATION_CONTEXT ( 3 ) GLOBAL_UNCERTAINTY_ASSIGNED_CONTEXT ( ( #1135 ) ) GLOBAL_UNIT_ASSIGNED_CONTEXT ( ( #2827, #811, #869 ) ) REPRESENTATION_CONTEXT ( 'NONE', 'WORKASPACE' ) );
#1559 = ORIENTED_EDGE ( 'NONE', *, *, #960, .T. ) ;
#1560 = CARTESIAN_POINT ( 'NONE',  ( -2.450000000000000178, 4.480000000000001315, 6.599999999999999645 ) ) ;
#1561 = DIRECTION ( 'NONE',  ( 0.000000000000000000, 0.000000000000000000, -1.000000000000000000 ) ) ;
#1562 = PRESENTATION_LAYER_ASSIGNMENT (  '', '', ( #3159 ) ) ;
#1563 = ORIENTED_EDGE ( 'NONE', *, *, #1970, .F. ) ;
#1564 = ORIENTED_EDGE ( 'NONE', *, *, #1210, .F. ) ;
#1565 = AXIS2_PLACEMENT_3D ( 'NONE', #2058, #3219, #572 ) ;
#1566 = DIRECTION ( 'NONE',  ( -0.000000000000000000, 1.000000000000000000, -0.000000000000000000 ) ) ;
#1567 = PLANE ( 'NONE',  #1769 ) ;
#1568 = CARTESIAN_POINT ( 'NONE',  ( 0.5606099295107936920, 0.000000000000000000, -1.300000000000000933 ) ) ;
#1569 = FILL_AREA_STYLE_COLOUR ( '', #424 ) ;
#1570 = SURFACE_STYLE_FILL_AREA ( #1331 ) ;
#1571 = DIRECTION ( 'NONE',  ( -1.000000000000000000, -0.000000000000000000, 0.000000000000000000 ) ) ;
#1572 = UNCERTAINTY_MEASURE_WITH_UNIT (LENGTH_MEASURE( 1.000000000000000082E-05 ), #1173, 'distance_accuracy_value', 'NONE');
#1573 = EDGE_CURVE ( 'NONE', #2366, #1183, #3581, .T. ) ;
#1574 = ORIENTED_EDGE ( 'NONE', *, *, #127, .T. ) ;
#1575 = EDGE_CURVE ( 'NONE', #1838, #1030, #3162, .T. ) ;
#1576 = ORIENTED_EDGE ( 'NONE', *, *, #2883, .F. ) ;
#1577 = DIRECTION ( 'NONE',  ( 0.000000000000000000, 0.000000000000000000, 1.000000000000000000 ) ) ;
#1578 = PLANE ( 'NONE',  #161 ) ;
#1579 = VECTOR ( 'NONE', #1925, 1000.000000000000000 ) ;
#1580 = VERTEX_POINT ( 'NONE', #3165 ) ;
#1581 = ORIENTED_EDGE ( 'NONE', *, *, #3734, .F. ) ;
#1582 = CARTESIAN_POINT ( 'NONE',  ( -2.450000000000000178, 4.900000000000000355, -1.300000000000000711 ) ) ;
#1583 = DIRECTION ( 'NONE',  ( 0.000000000000000000, 0.000000000000000000, -1.000000000000000000 ) ) ;
#1584 = DIRECTION ( 'NONE',  ( 0.000000000000000000, -0.7071067811865460184, -0.7071067811865490160 ) ) ;
#1585 = SURFACE_STYLE_FILL_AREA ( #400 ) ;
#1586 =( LENGTH_UNIT ( ) NAMED_UNIT ( * ) SI_UNIT ( .MILLI., .METRE. ) );
#1587 = DIRECTION ( 'NONE',  ( -0.000000000000000000, 1.000000000000000000, -0.000000000000000000 ) ) ;
#1588 = EDGE_CURVE ( 'NONE', #526, #3667, #2569, .T. ) ;
#1589 = ORIENTED_EDGE ( 'NONE', *, *, #3671, .T. ) ;
#1590 = DIRECTION ( 'NONE',  ( 0.000000000000000000, 0.000000000000000000, -1.000000000000000000 ) ) ;
#1591 = ORIENTED_EDGE ( 'NONE', *, *, #3166, .T. ) ;
#1592 = ORIENTED_EDGE ( 'NONE', *, *, #2310, .F. ) ;
#1593 = ORIENTED_EDGE ( 'NONE', *, *, #2269, .T. ) ;
#1594 =( NAMED_UNIT ( * ) PLANE_ANGLE_UNIT ( ) SI_UNIT ( $, .RADIAN. ) );
#1595 = SURFACE_STYLE_FILL_AREA ( #1912 ) ;
#1596 = FILL_AREA_STYLE ('',( #3076 ) ) ;
#1597 = EDGE_CURVE ( 'NONE', #1614, #483, #511, .T. ) ;
#1598 = VERTEX_POINT ( 'NONE', #450 ) ;
#1599 = CARTESIAN_POINT ( 'NONE',  ( 2.850000000000000089, 1.000000000000000000, -0.3500000000000000888 ) ) ;
#1600 = VECTOR ( 'NONE', #2694, 1000.000000000000000 ) ;
#1601 =( NAMED_UNIT ( * ) SI_UNIT ( $, .STERADIAN. ) SOLID_ANGLE_UNIT ( ) );
#1602 = AXIS2_PLACEMENT_3D ( 'NONE', #1367, #1071, #3752 ) ;
#1603 =( GEOMETRIC_REPRESENTATION_CONTEXT ( 3 ) GLOBAL_UNCERTAINTY_ASSIGNED_CONTEXT ( ( #1713 ) ) GLOBAL_UNIT_ASSIGNED_CONTEXT ( ( #2434, #2166, #3014 ) ) REPRESENTATION_CONTEXT ( 'NONE', 'WORKASPACE' ) );
#1604 = CARTESIAN_POINT ( 'NONE',  ( 4.249999999999999112, 2.880000000000000338, 6.099999999999999645 ) ) ;
#1605 = DIRECTION ( 'NONE',  ( 0.000000000000000000, -0.7071067811865511255, -0.7071067811865440200 ) ) ;
#1606 = CARTESIAN_POINT ( 'NONE',  ( -0.5606099295107945801, 0.000000000000000000, -1.300000000000000711 ) ) ;
#1607 = VECTOR ( 'NONE', #155, 1000.000000000000000 ) ;
#1608 = PRESENTATION_LAYER_ASSIGNMENT (  '', '', ( #62 ) ) ;
#1609 = AXIS2_PLACEMENT_3D ( 'NONE', #1245, #362, #3289 ) ;
#1610 = LINE ( 'NONE', #3675, #2867 ) ;
#1611 = FILL_AREA_STYLE ('',( #2454 ) ) ;
#1612 = CARTESIAN_POINT ( 'NONE',  ( -0.5606099295107945801, 0.5000000000000000000, -1.300000000000000711 ) ) ;
#1613 = CARTESIAN_POINT ( 'NONE',  ( 4.949999999999999289, 2.379999999999998561, 6.599999999999998757 ) ) ;
#1614 = VERTEX_POINT ( 'NONE', #2221 ) ;
#1615 = ORIENTED_EDGE ( 'NONE', *, *, #3458, .T. ) ;
#1616 = DIRECTION ( 'NONE',  ( 1.000000000000000000, 0.000000000000000000, 0.000000000000000000 ) ) ;
#1617 = SURFACE_STYLE_USAGE ( .BOTH. , #2173 ) ;
#1618 = ORIENTED_EDGE ( 'NONE', *, *, #59, .T. ) ;
#1619 = ADVANCED_FACE ( 'NONE', ( #2533 ), #3439, .F. ) ;
#1620 = ORIENTED_EDGE ( 'NONE', *, *, #124, .F. ) ;
#1621 = ORIENTED_EDGE ( 'NONE', *, *, #1490, .T. ) ;
#1622 = SURFACE_STYLE_USAGE ( .BOTH. , #153 ) ;
#1623 = CARTESIAN_POINT ( 'NONE',  ( -1.084202172485504434E-16, 1.800000000000000711, 5.899999999999999467 ) ) ;
#1624 = VECTOR ( 'NONE', #2152, 1000.000000000000114 ) ;
#1625 = VECTOR ( 'NONE', #2818, 1000.000000000000000 ) ;
#1626 =( LENGTH_UNIT ( ) NAMED_UNIT ( * ) SI_UNIT ( .MILLI., .METRE. ) );
#1627 = FILL_AREA_STYLE_COLOUR ( '', #2589 ) ;
#1628 = AXIS2_PLACEMENT_3D ( 'NONE', #2605, #1724, #2874 ) ;
#1629 = UNCERTAINTY_MEASURE_WITH_UNIT (LENGTH_MEASURE( 1.000000000000000082E-05 ), #2604, 'distance_accuracy_value', 'NONE');
#1630 = FACE_OUTER_BOUND ( 'NONE', #3099, .T. ) ;
#1631 = LINE ( 'NONE', #1347, #1940 ) ;
#1632 = FILL_AREA_STYLE_COLOUR ( '', #2282 ) ;
#1633 = ORIENTED_EDGE ( 'NONE', *, *, #1442, .F. ) ;
#1634 = VERTEX_POINT ( 'NONE', #3655 ) ;
#1635 = PRESENTATION_STYLE_ASSIGNMENT (( #1932 ) ) ;
#1636 = DIRECTION ( 'NONE',  ( 0.2164396139381032369, 0.000000000000000000, -0.9762960071199332512 ) ) ;
#1637 = EDGE_LOOP ( 'NONE', ( #3414, #1501, #1936, #1559 ) ) ;
#1638 = ADVANCED_FACE ( 'NONE', ( #1031 ), #1086, .F. ) ;
#1639 = ORIENTED_EDGE ( 'NONE', *, *, #3769, .F. ) ;
#1640 = ORIENTED_EDGE ( 'NONE', *, *, #3576, .T. ) ;
#1641 = MECHANICAL_DESIGN_GEOMETRIC_PRESENTATION_REPRESENTATION (  '', ( #2621 ), #3109 ) ;
#1642 = VECTOR ( 'NONE', #1531, 1000.000000000000000 ) ;
#1643 = FILL_AREA_STYLE ('',( #1083 ) ) ;
#1644 = COLOUR_RGB ( '',1.000000000000000000, 1.000000000000000000, 1.000000000000000000 ) ;
#1645 = FACE_OUTER_BOUND ( 'NONE', #2503, .T. ) ;
#1646 = CYLINDRICAL_SURFACE ( 'NONE', #2156, 0.3499999999999999223 ) ;
#1647 = AXIS2_PLACEMENT_3D ( 'NONE', #1790, #3263, #1811 ) ;
#1648 = EDGE_CURVE ( 'NONE', #3232, #2902, #2642, .T. ) ;
#1649 = PRESENTATION_LAYER_ASSIGNMENT (  '', '', ( #3297 ) ) ;
#1650 = SURFACE_STYLE_FILL_AREA ( #3444 ) ;
#1651 = ORIENTED_EDGE ( 'NONE', *, *, #158, .F. ) ;
#1652 = ORIENTED_EDGE ( 'NONE', *, *, #2435, .T. ) ;
#1653 = CARTESIAN_POINT ( 'NONE',  ( -1.750000000000000222, 1.030000000000005578, 3.149999999999993250 ) ) ;
#1654 = LINE ( 'NONE', #1992, #3602 ) ;
#1655 = VERTEX_POINT ( 'NONE', #2040 ) ;
#1656 = ORIENTED_EDGE ( 'NONE', *, *, #1681, .T. ) ;
#1657 = DIRECTION ( 'NONE',  ( 0.000000000000000000, -1.000000000000000000, 0.000000000000000000 ) ) ;
#1658 = SURFACE_STYLE_FILL_AREA ( #466 ) ;
#1659 = EDGE_CURVE ( 'NONE', #1372, #1024, #875, .T. ) ;
#1660 = SURFACE_STYLE_FILL_AREA ( #487 ) ;
#1661 = DIRECTION ( 'NONE',  ( 0.000000000000000000, 1.227398685832646557E-16, -1.000000000000000000 ) ) ;
#1662 = DIRECTION ( 'NONE',  ( 0.000000000000000000, 1.000000000000000000, 0.000000000000000000 ) ) ;
#1663 = VECTOR ( 'NONE', #1707, 1000.000000000000000 ) ;
#1664 = CIRCLE ( 'NONE', #1981, 0.3499999999999998113 ) ;
#1665 = CARTESIAN_POINT ( 'NONE',  ( 2.149999999999999911, 1.000000000000000000, 4.286263797015732281E-17 ) ) ;
#1666 = FILL_AREA_STYLE_COLOUR ( '', #2527 ) ;
#1667 = ADVANCED_FACE ( 'NONE', ( #291 ), #328, .T. ) ;
#1668 =( NAMED_UNIT ( * ) PLANE_ANGLE_UNIT ( ) SI_UNIT ( $, .RADIAN. ) );
#1669 = CARTESIAN_POINT ( 'NONE',  ( 0.000000000000000000, 0.000000000000000000, 0.000000000000000000 ) ) ;
#1670 = ORIENTED_EDGE ( 'NONE', *, *, #2602, .F. ) ;
#1671 = MECHANICAL_DESIGN_GEOMETRIC_PRESENTATION_REPRESENTATION (  '', ( #3024 ), #4 ) ;
#1672 = CIRCLE ( 'NONE', #3376, 0.3499999999999998113 ) ;
#1673 = AXIS2_PLACEMENT_3D ( 'NONE', #1582, #734, #1824 ) ;
#1674 = ORIENTED_EDGE ( 'NONE', *, *, #3534, .T. ) ;
#1675 = DIRECTION ( 'NONE',  ( -0.000000000000000000, -0.000000000000000000, 1.000000000000000000 ) ) ;
#1676 = FILL_AREA_STYLE ('',( #2598 ) ) ;
#1677 =( GEOMETRIC_REPRESENTATION_CONTEXT ( 3 ) GLOBAL_UNCERTAINTY_ASSIGNED_CONTEXT ( ( #247 ) ) GLOBAL_UNIT_ASSIGNED_CONTEXT ( ( #1938, #465, #172 ) ) REPRESENTATION_CONTEXT ( 'NONE', 'WORKASPACE' ) );
#1678 =( LENGTH_UNIT ( ) NAMED_UNIT ( * ) SI_UNIT ( .MILLI., .METRE. ) );
#1679 = ORIENTED_EDGE ( 'NONE', *, *, #2830, .F. ) ;
#1680 = VERTEX_POINT ( 'NONE', #913 ) ;
#1681 = EDGE_CURVE ( 'NONE', #606, #3661, #2931, .T. ) ;
#1682 = MECHANICAL_DESIGN_GEOMETRIC_PRESENTATION_REPRESENTATION (  '', ( #2603 ), #1450 ) ;
#1683 = CARTESIAN_POINT ( 'NONE',  ( -1.084202172485504434E-16, 1.199999999999996625, -0.3499999999999996447 ) ) ;
#1684 = SURFACE_STYLE_USAGE ( .BOTH. , #1401 ) ;
#1685 = VECTOR ( 'NONE', #3753, 1000.000000000000000 ) ;
#1686 = EDGE_CURVE ( 'NONE', #3373, #755, #1782, .T. ) ;
#1687 = CARTESIAN_POINT ( 'NONE',  ( -1.750000000000000222, 4.180000000000000604, 6.299999999999998046 ) ) ;
#1688 =( LENGTH_UNIT ( ) NAMED_UNIT ( * ) SI_UNIT ( .MILLI., .METRE. ) );
#1689 = CARTESIAN_POINT ( 'NONE',  ( 0.3499999999999999778, 0.000000000000000000, 4.065758146820642244E-17 ) ) ;
#1690 = ORIENTED_EDGE ( 'NONE', *, *, #124, .T. ) ;
#1691 = VECTOR ( 'NONE', #2374, 1000.000000000000000 ) ;
#1692 = ORIENTED_EDGE ( 'NONE', *, *, #1420, .T. ) ;
#1693 = PRODUCT_DEFINITION_SHAPE ( 'NONE', 'NONE',  #2517 ) ;
#1694 = EDGE_CURVE ( 'NONE', #884, #565, #3765, .T. ) ;
#1695 = ORIENTED_EDGE ( 'NONE', *, *, #1986, .F. ) ;
#1696 = FACE_OUTER_BOUND ( 'NONE', #2053, .T. ) ;
#1697 = DIRECTION ( 'NONE',  ( 1.000000000000000000, 0.000000000000000000, 0.000000000000000000 ) ) ;
#1698 = VECTOR ( 'NONE', #1137, 1000.000000000000000 ) ;
#1699 = SURFACE_STYLE_USAGE ( .BOTH. , #1206 ) ;
#1700 = VECTOR ( 'NONE', #3443, 1000.000000000000000 ) ;
#1701 = ORIENTED_EDGE ( 'NONE', *, *, #2889, .F. ) ;
#1702 = LINE ( 'NONE', #3401, #991 ) ;
#1703 = DIRECTION ( 'NONE',  ( -0.000000000000000000, 1.000000000000000000, 1.260700200564543542E-16 ) ) ;
#1704 = TOROIDAL_SURFACE ( 'NONE', #1830, 0.1499999999999998279, 0.2000000000000000111 ) ;
#1705 = VERTEX_POINT ( 'NONE', #3782 ) ;
#1706 = DIRECTION ( 'NONE',  ( 0.000000000000000000, 0.000000000000000000, 1.000000000000000000 ) ) ;
#1707 = DIRECTION ( 'NONE',  ( 0.000000000000000000, 1.000000000000000000, 0.000000000000000000 ) ) ;
#1708 = AXIS2_PLACEMENT_3D ( 'NONE', #289, #226, #2624 ) ;
#1709 = CARTESIAN_POINT ( 'NONE',  ( 4.250000000000000000, 1.579999999999999849, 6.599999999999999645 ) ) ;
#1710 = APPLICATION_PROTOCOL_DEFINITION ( 'draft international standard', 'automotive_design', 1998, #518 ) ;
#1711 = ORIENTED_EDGE ( 'NONE', *, *, #1505, .F. ) ;
#1712 = EDGE_CURVE ( 'NONE', #854, #1476, #303, .T. ) ;
#1713 = UNCERTAINTY_MEASURE_WITH_UNIT (LENGTH_MEASURE( 1.000000000000000082E-05 ), #2434, 'distance_accuracy_value', 'NONE');
#1714 = COLOUR_RGB ( '',1.000000000000000000, 1.000000000000000000, 1.000000000000000000 ) ;
#1715 = ORIENTED_EDGE ( 'NONE', *, *, #864, .T. ) ;
#1716 = FACE_OUTER_BOUND ( 'NONE', #3686, .T. ) ;
#1717 = ORIENTED_EDGE ( 'NONE', *, *, #41, .F. ) ;
#1718 = SURFACE_STYLE_USAGE ( .BOTH. , #2903 ) ;
#1719 = EDGE_LOOP ( 'NONE', ( #1670, #2452, #451 ) ) ;
#1720 = EDGE_CURVE ( 'NONE', #571, #401, #3496, .T. ) ;
#1721 = FACE_OUTER_BOUND ( 'NONE', #2574, .T. ) ;
#1722 = EDGE_LOOP ( 'NONE', ( #2369, #3325, #2488, #670 ) ) ;
#1723 = PRESENTATION_STYLE_ASSIGNMENT (( #609 ) ) ;
#1724 = DIRECTION ( 'NONE',  ( 0.000000000000000000, -1.121588454295349533E-16, 1.000000000000000000 ) ) ;
#1725 = UNCERTAINTY_MEASURE_WITH_UNIT (LENGTH_MEASURE( 1.000000000000000082E-05 ), #3558, 'distance_accuracy_value', 'NONE');
#1726 =( GEOMETRIC_REPRESENTATION_CONTEXT ( 3 ) GLOBAL_UNCERTAINTY_ASSIGNED_CONTEXT ( ( #3729 ) ) GLOBAL_UNIT_ASSIGNED_CONTEXT ( ( #2172, #1594, #168 ) ) REPRESENTATION_CONTEXT ( 'NONE', 'WORKASPACE' ) );
#1727 = DIRECTION ( 'NONE',  ( -0.000000000000000000, 1.000000000000000000, -0.000000000000000000 ) ) ;
#1728 = CARTESIAN_POINT ( 'NONE',  ( -0.5606099295107945801, 0.000000000000000000, -1.300000000000000711 ) ) ;
#1729 = DIRECTION ( 'NONE',  ( 0.000000000000000000, 0.000000000000000000, 1.000000000000000000 ) ) ;
#1730 = ORIENTED_EDGE ( 'NONE', *, *, #3326, .F. ) ;
#1731 = COLOUR_RGB ( '',1.000000000000000000, 1.000000000000000000, 1.000000000000000000 ) ;
#1732 = AXIS2_PLACEMENT_3D ( 'NONE', #874, #1212, #3800 ) ;
#1733 = FILL_AREA_STYLE_COLOUR ( '', #532 ) ;
#1734 =( LENGTH_UNIT ( ) NAMED_UNIT ( * ) SI_UNIT ( .MILLI., .METRE. ) );
#1735 = PRESENTATION_STYLE_ASSIGNMENT (( #335 ) ) ;
#1736 = MECHANICAL_DESIGN_GEOMETRIC_PRESENTATION_REPRESENTATION (  '', ( #441 ), #3750 ) ;
#1737 = ORIENTED_EDGE ( 'NONE', *, *, #2769, .T. ) ;
#1738 = LINE ( 'NONE', #1099, #2471 ) ;
#1739 = MECHANICAL_DESIGN_GEOMETRIC_PRESENTATION_REPRESENTATION (  '', ( #131 ), #2898 ) ;
#1740 = EDGE_LOOP ( 'NONE', ( #225, #2608, #372, #2544 ) ) ;
#1741 = ORIENTED_EDGE ( 'NONE', *, *, #941, .T. ) ;
#1742 = CARTESIAN_POINT ( 'NONE',  ( 2.500000000000000000, 1.000000000000000000, 0.000000000000000000 ) ) ;
#1743 = DIRECTION ( 'NONE',  ( -0.000000000000000000, 1.000000000000000000, -0.000000000000000000 ) ) ;
#1744 = AXIS2_PLACEMENT_3D ( 'NONE', #1623, #2810, #713 ) ;
#1745 = DIRECTION ( 'NONE',  ( 1.000000000000000000, -0.000000000000000000, 0.000000000000000000 ) ) ;
#1746 = CARTESIAN_POINT ( 'NONE',  ( 4.949999999999999289, 2.880000000000000338, 6.099999999999999645 ) ) ;
#1747 = LINE ( 'NONE', #551, #1305 ) ;
#1748 = CARTESIAN_POINT ( 'NONE',  ( 1.939390070489205531, 0.000000000000000000, -1.300000000000000711 ) ) ;
#1749 =( GEOMETRIC_REPRESENTATION_CONTEXT ( 3 ) GLOBAL_UNCERTAINTY_ASSIGNED_CONTEXT ( ( #3038 ) ) GLOBAL_UNIT_ASSIGNED_CONTEXT ( ( #3189, #3767, #2315 ) ) REPRESENTATION_CONTEXT ( 'NONE', 'WORKASPACE' ) );
#1750 = UNCERTAINTY_MEASURE_WITH_UNIT (LENGTH_MEASURE( 1.000000000000000082E-05 ), #2069, 'distance_accuracy_value', 'NONE');
#1751 = ORIENTED_EDGE ( 'NONE', *, *, #2744, .F. ) ;
#1752 = CARTESIAN_POINT ( 'NONE',  ( 2.500000000000000000, 1.199999999999996625, -0.3499999999999996447 ) ) ;
#1753 = PRESENTATION_STYLE_ASSIGNMENT (( #902 ) ) ;
#1754 = VECTOR ( 'NONE', #674, 1000.000000000000000 ) ;
#1755 = ORIENTED_EDGE ( 'NONE', *, *, #897, .F. ) ;
#1756 = DIRECTION ( 'NONE',  ( 0.000000000000000000, 0.000000000000000000, -1.000000000000000000 ) ) ;
#1757 = EDGE_CURVE ( 'NONE', #3077, #1411, #2177, .T. ) ;
#1758 = ORIENTED_EDGE ( 'NONE', *, *, #3428, .F. ) ;
#1759 = ORIENTED_EDGE ( 'NONE', *, *, #1361, .F. ) ;
#1760 =( NAMED_UNIT ( * ) SI_UNIT ( $, .STERADIAN. ) SOLID_ANGLE_UNIT ( ) );
#1761 = DIRECTION ( 'NONE',  ( -0.000000000000000000, -1.000000000000000000, -0.000000000000000000 ) ) ;
#1762 = PRODUCT_DEFINITION_CONTEXT ( 'detailed design', #518, 'design' ) ;
#1763 = CARTESIAN_POINT ( 'NONE',  ( -2.450000000000000178, 0.5000000000000000000, -1.300000000000000711 ) ) ;
#1764 = CARTESIAN_POINT ( 'NONE',  ( 2.500000000000000000, -3.300000000000000266, -4.050415663247733490E-16 ) ) ;
#1765 = SURFACE_SIDE_STYLE ('',( #3522 ) ) ;
#1766 = COLOUR_RGB ( '',1.000000000000000000, 1.000000000000000000, 1.000000000000000000 ) ;
#1767 = DIRECTION ( 'NONE',  ( -0.1548704352003978379, -0.6985753890242802910, -0.6985753890242731856 ) ) ;
#1768 = CARTESIAN_POINT ( 'NONE',  ( 0.3499999999999998113, 0.000000000000000000, 2.143131898507867681E-17 ) ) ;
#1769 = AXIS2_PLACEMENT_3D ( 'NONE', #3029, #1231, #78 ) ;
#1770 = EDGE_CURVE ( 'NONE', #2505, #1058, #1169, .T. ) ;
#1771 = ADVANCED_FACE ( 'NONE', ( #1497 ), #228, .F. ) ;
#1772 = CARTESIAN_POINT ( 'NONE',  ( 2.850000000000000089, 1.800000000000000711, 5.899999999999999467 ) ) ;
#1773 = FILL_AREA_STYLE ('',( #3564 ) ) ;
#1774 = CARTESIAN_POINT ( 'NONE',  ( 4.949999999999999289, 0.000000000000000000, 1.699999999999999289 ) ) ;
#1775 = CARTESIAN_POINT ( 'NONE',  ( 3.730000000000000870, 0.000000000000000000, 6.599999999999999645 ) ) ;
#1776 =( GEOMETRIC_REPRESENTATION_CONTEXT ( 3 ) GLOBAL_UNCERTAINTY_ASSIGNED_CONTEXT ( ( #1889 ) ) GLOBAL_UNIT_ASSIGNED_CONTEXT ( ( #1221, #2616, #2654 ) ) REPRESENTATION_CONTEXT ( 'NONE', 'WORKASPACE' ) );
#1777 = ORIENTED_EDGE ( 'NONE', *, *, #1929, .T. ) ;
#1778 = FILL_AREA_STYLE_COLOUR ( '', #21 ) ;
#1779 = FILL_AREA_STYLE ('',( #607 ) ) ;
#1780 = EDGE_CURVE ( 'NONE', #2246, #2797, #3274, .T. ) ;
#1781 = SURFACE_STYLE_FILL_AREA ( #547 ) ;
#1782 = LINE ( 'NONE', #1465, #27 ) ;
#1783 = EDGE_CURVE ( 'NONE', #1030, #1261, #203, .T. ) ;
#1784 =( LENGTH_UNIT ( ) NAMED_UNIT ( * ) SI_UNIT ( .MILLI., .METRE. ) );
#1785 =( NAMED_UNIT ( * ) SI_UNIT ( $, .STERADIAN. ) SOLID_ANGLE_UNIT ( ) );
#1786 = DIRECTION ( 'NONE',  ( 1.000000000000000000, -1.290716872006553273E-16, 0.000000000000000000 ) ) ;
#1787 =( GEOMETRIC_REPRESENTATION_CONTEXT ( 3 ) GLOBAL_UNCERTAINTY_ASSIGNED_CONTEXT ( ( #234 ) ) GLOBAL_UNIT_ASSIGNED_CONTEXT ( ( #2083, #920, #3771 ) ) REPRESENTATION_CONTEXT ( 'NONE', 'WORKASPACE' ) );
#1788 = ORIENTED_EDGE ( 'NONE', *, *, #610, .F. ) ;
#1789 = CARTESIAN_POINT ( 'NONE',  ( 0.3499999999999998668, 1.000000000000000000, -0.3500000000000000888 ) ) ;
#1790 = CARTESIAN_POINT ( 'NONE',  ( 2.500000000000000000, 1.800000000000000711, -1.300000000000000711 ) ) ;
#1791 = FACE_OUTER_BOUND ( 'NONE', #501, .T. ) ;
#1792 = PRESENTATION_LAYER_ASSIGNMENT (  '', '', ( #1425 ) ) ;
#1793 = VECTOR ( 'NONE', #2451, 1000.000000000000000 ) ;
#1794 = ORIENTED_EDGE ( 'NONE', *, *, #3252, .T. ) ;
#1795 = DIRECTION ( 'NONE',  ( -0.000000000000000000, -1.000000000000000000, -0.000000000000000000 ) ) ;
#1796 = COLOUR_RGB ( '',1.000000000000000000, 1.000000000000000000, 1.000000000000000000 ) ;
#1797 = CARTESIAN_POINT ( 'NONE',  ( 4.249999999999999112, 3.680000000000001048, 1.699999999999999067 ) ) ;
#1798 = AXIS2_PLACEMENT_3D ( 'NONE', #3474, #2951, #2666 ) ;
#1799 = SURFACE_STYLE_FILL_AREA ( #1779 ) ;
#1800 = COLOUR_RGB ( '',1.000000000000000000, 1.000000000000000000, 1.000000000000000000 ) ;
#1801 = CARTESIAN_POINT ( 'NONE',  ( -2.450000000000000178, 4.900000000000000355, 6.599999999999999645 ) ) ;
#1802 = SURFACE_STYLE_FILL_AREA ( #3457 ) ;
#1803 = FACE_OUTER_BOUND ( 'NONE', #3249, .T. ) ;
#1804 = ADVANCED_FACE ( 'NONE', ( #327 ), #3323, .T. ) ;
#1805 = SURFACE_STYLE_FILL_AREA ( #2807 ) ;
#1806 = FACE_OUTER_BOUND ( 'NONE', #2292, .T. ) ;
#1807 = FACE_BOUND ( 'NONE', #1334, .T. ) ;
#1808 = EDGE_CURVE ( 'NONE', #3060, #1598, #2009, .T. ) ;
#1809 = ORIENTED_EDGE ( 'NONE', *, *, #1575, .T. ) ;
#1810 = LINE ( 'NONE', #1752, #1600 ) ;
#1811 = DIRECTION ( 'NONE',  ( 1.000000000000000000, 0.000000000000000000, 0.000000000000000000 ) ) ;
#1812 = CARTESIAN_POINT ( 'NONE',  ( -2.450000000000000178, 2.180000000000001492, 0.6999999999999990674 ) ) ;
#1813 = AXIS2_PLACEMENT_3D ( 'NONE', #1241, #2700, #3270 ) ;
#1814 = AXIS2_PLACEMENT_3D ( 'NONE', #1533, #80, #2722 ) ;
#1815 = EDGE_LOOP ( 'NONE', ( #2030, #767, #3437, #2481 ) ) ;
#1816 = CARTESIAN_POINT ( 'NONE',  ( 2.500000000000000000, -3.300000000000000266, -0.3500000000000001998 ) ) ;
#1817 = FILL_AREA_STYLE_COLOUR ( '', #2059 ) ;
#1818 = EDGE_CURVE ( 'NONE', #283, #197, #94, .T. ) ;
#1819 = ORIENTED_EDGE ( 'NONE', *, *, #741, .F. ) ;
#1820 = EDGE_CURVE ( 'NONE', #2266, #1239, #2125, .T. ) ;
#1821 = AXIS2_PLACEMENT_3D ( 'NONE', #3107, #1329, #178 ) ;
#1822 = CARTESIAN_POINT ( 'NONE',  ( 0.000000000000000000, 0.6800000000000039346, 6.299999999999999822 ) ) ;
#1823 = CARTESIAN_POINT ( 'NONE',  ( -1.750000000000000222, 2.880000000000000338, 6.099999999999999645 ) ) ;
#1824 = DIRECTION ( 'NONE',  ( 1.000000000000000000, 0.000000000000000000, -0.000000000000000000 ) ) ;
#1825 = FACE_OUTER_BOUND ( 'NONE', #353, .T. ) ;
#1826 = FACE_OUTER_BOUND ( 'NONE', #2906, .T. ) ;
#1827 = CARTESIAN_POINT ( 'NONE',  ( -0.8500000000000003109, 0.6800000000000004929, 6.299999999999999822 ) ) ;
#1828 =( NAMED_UNIT ( * ) PLANE_ANGLE_UNIT ( ) SI_UNIT ( $, .RADIAN. ) );
#1829 = CARTESIAN_POINT ( 'NONE',  ( -2.450000000000000178, 4.900000000000000355, 1.699999999999999289 ) ) ;
#1830 = AXIS2_PLACEMENT_3D ( 'NONE', #2239, #781, #1964 ) ;
#1831 = ADVANCED_FACE ( 'NONE', ( #1803 ), #2684, .F. ) ;
#1832 = ORIENTED_EDGE ( 'NONE', *, *, #1849, .F. ) ;
#1833 =( NAMED_UNIT ( * ) PLANE_ANGLE_UNIT ( ) SI_UNIT ( $, .RADIAN. ) );
#1834 = VECTOR ( 'NONE', #2319, 1000.000000000000000 ) ;
#1835 =( NAMED_UNIT ( * ) PLANE_ANGLE_UNIT ( ) SI_UNIT ( $, .RADIAN. ) );
#1836 = ORIENTED_EDGE ( 'NONE', *, *, #1116, .F. ) ;
#1837 = MECHANICAL_DESIGN_GEOMETRIC_PRESENTATION_REPRESENTATION (  '', ( #3297 ), #3577 ) ;
#1838 = VERTEX_POINT ( 'NONE', #1548 ) ;
#1839 = PRESENTATION_STYLE_ASSIGNMENT (( #2949 ) ) ;
#1840 = EDGE_CURVE ( 'NONE', #526, #1856, #2718, .T. ) ;
#1841 = DIRECTION ( 'NONE',  ( 0.000000000000000000, 0.000000000000000000, -1.000000000000000000 ) ) ;
#1842 = EDGE_LOOP ( 'NONE', ( #2525, #3531, #1592, #3170 ) ) ;
#1843 = CARTESIAN_POINT ( 'NONE',  ( -1.750000000000000222, 3.680000000000001048, 1.699999999999999067 ) ) ;
#1844 = DIRECTION ( 'NONE',  ( 0.000000000000000000, 3.942553354492747968E-16, -1.000000000000000000 ) ) ;
#1845 = PLANE ( 'NONE',  #1920 ) ;
#1846 = CARTESIAN_POINT ( 'NONE',  ( 0.8000000000000004885, 0.6800000000000004929, 6.099999999999999645 ) ) ;
#1847 = DIRECTION ( 'NONE',  ( 0.7071067811865474617, -0.7071067811865474617, 0.000000000000000000 ) ) ;
#1848 = ORIENTED_EDGE ( 'NONE', *, *, #633, .F. ) ;
#1849 = EDGE_CURVE ( 'NONE', #401, #3773, #2994, .T. ) ;
#1850 = CIRCLE ( 'NONE', #2644, 0.3500000000000000333 ) ;
#1851 = ORIENTED_EDGE ( 'NONE', *, *, #716, .T. ) ;
#1852 = LINE ( 'NONE', #1560, #2149 ) ;
#1853 = PRESENTATION_STYLE_ASSIGNMENT (( #3244 ) ) ;
#1854 = MECHANICAL_DESIGN_GEOMETRIC_PRESENTATION_REPRESENTATION (  '', ( #300 ), #3431 ) ;
#1855 = AXIS2_PLACEMENT_3D ( 'NONE', #2414, #1902, #2473 ) ;
#1856 = VERTEX_POINT ( 'NONE', #2412 ) ;
#1857 = DIRECTION ( 'NONE',  ( 0.000000000000000000, -1.000000000000000000, -1.227398685832646557E-16 ) ) ;
#1859 = FACE_OUTER_BOUND ( 'NONE', #1911, .T. ) ;
#1858 = PRESENTATION_LAYER_ASSIGNMENT (  '', '', ( #3738 ) ) ;
#1860 = COLOUR_RGB ( '',1.000000000000000000, 1.000000000000000000, 1.000000000000000000 ) ;
#1861 = MECHANICAL_DESIGN_GEOMETRIC_PRESENTATION_REPRESENTATION (  '', ( #3689 ), #2344 ) ;
#1862 = FILL_AREA_STYLE ('',( #2448 ) ) ;
#1863 =( NAMED_UNIT ( * ) SI_UNIT ( $, .STERADIAN. ) SOLID_ANGLE_UNIT ( ) );
#1864 = CARTESIAN_POINT ( 'NONE',  ( 1.111233856443706284E-16, 1.800000000000000711, 2.600000000000000089 ) ) ;
#1865 = LINE ( 'NONE', #992, #1547 ) ;
#1866 = COLOUR_RGB ( '',1.000000000000000000, 1.000000000000000000, 1.000000000000000000 ) ;
#1867 = EDGE_CURVE ( 'NONE', #164, #502, #75, .T. ) ;
#1868 =( LENGTH_UNIT ( ) NAMED_UNIT ( * ) SI_UNIT ( .MILLI., .METRE. ) );
#1869 = LINE ( 'NONE', #351, #3663 ) ;
#1870 = APPLICATION_PROTOCOL_DEFINITION ( 'draft international standard', 'automotive_design', 1998, #3403 ) ;
#1871 = STYLED_ITEM ( 'NONE', ( #338 ), #2024 ) ;
#1872 = ORIENTED_EDGE ( 'NONE', *, *, #2511, .F. ) ;
#1873 = FACE_OUTER_BOUND ( 'NONE', #1740, .T. ) ;
#1874 =( NAMED_UNIT ( * ) PLANE_ANGLE_UNIT ( ) SI_UNIT ( $, .RADIAN. ) );
#1875 = SURFACE_STYLE_USAGE ( .BOTH. , #692 ) ;
#1876 = AXIS2_PLACEMENT_3D ( 'NONE', #3167, #2552, #2859 ) ;
#1877 = ORIENTED_EDGE ( 'NONE', *, *, #1036, .F. ) ;
#1878 = AXIS2_PLACEMENT_3D ( 'NONE', #2586, #1584, #3574 ) ;
#1879 = CARTESIAN_POINT ( 'NONE',  ( -2.450000000000000178, 4.900000000000000355, 6.599999999999999645 ) ) ;
#1880 = DIRECTION ( 'NONE',  ( -0.000000000000000000, 1.000000000000000000, -0.000000000000000000 ) ) ;
#1881 = EDGE_CURVE ( 'NONE', #67, #188, #3044, .T. ) ;
#1882 = CARTESIAN_POINT ( 'NONE',  ( -2.450000000000000178, 1.000000000000000000, -0.8000000000000059286 ) ) ;
#1883 = PRESENTATION_STYLE_ASSIGNMENT (( #700 ) ) ;
#1884 = CARTESIAN_POINT ( 'NONE',  ( 4.949999999999999289, 2.379999999999998561, 6.599999999999998757 ) ) ;
#1885 = VERTEX_POINT ( 'NONE', #3592 ) ;
#1886 = DIRECTION ( 'NONE',  ( 0.000000000000000000, -0.7071067811865490160, 0.7071067811865460184 ) ) ;
#1887 = EDGE_CURVE ( 'NONE', #67, #2246, #971, .T. ) ;
#1888 =( LENGTH_UNIT ( ) NAMED_UNIT ( * ) SI_UNIT ( .MILLI., .METRE. ) );
#1889 = UNCERTAINTY_MEASURE_WITH_UNIT (LENGTH_MEASURE( 1.000000000000000082E-05 ), #1221, 'distance_accuracy_value', 'NONE');
#1890 = ORIENTED_EDGE ( 'NONE', *, *, #3399, .T. ) ;
#1891 = SURFACE_STYLE_FILL_AREA ( #710 ) ;
#1892 =( NAMED_UNIT ( * ) PLANE_ANGLE_UNIT ( ) SI_UNIT ( $, .RADIAN. ) );
#1893 = COLOUR_RGB ( '',1.000000000000000000, 1.000000000000000000, 1.000000000000000000 ) ;
#1894 = PRESENTATION_STYLE_ASSIGNMENT (( #2846 ) ) ;
#1895 = VECTOR ( 'NONE', #987, 1000.000000000000000 ) ;
#1896 = ORIENTED_EDGE ( 'NONE', *, *, #3148, .T. ) ;
#1897 =( NAMED_UNIT ( * ) SI_UNIT ( $, .STERADIAN. ) SOLID_ANGLE_UNIT ( ) );
#1898 = AXIS2_PLACEMENT_3D ( 'NONE', #1742, #3799, #3473 ) ;
#1899 = VECTOR ( 'NONE', #2133, 1000.000000000000000 ) ;
#1900 = ADVANCED_FACE ( 'NONE', ( #1859 ), #2265, .F. ) ;
#1901 = CARTESIAN_POINT ( 'NONE',  ( 4.249999999999999112, 2.880000000000000338, 5.599999999999999645 ) ) ;
#1902 = DIRECTION ( 'NONE',  ( 0.000000000000000000, -1.000000000000000000, -0.000000000000000000 ) ) ;
#1903 = LINE ( 'NONE', #2450, #323 ) ;
#1904 = LINE ( 'NONE', #1274, #429 ) ;
#1905 = EDGE_CURVE ( 'NONE', #1261, #3548, #2170, .T. ) ;
#1906 = ORIENTED_EDGE ( 'NONE', *, *, #567, .F. ) ;
#1907 = DIRECTION ( 'NONE',  ( 0.000000000000000000, 0.000000000000000000, 1.000000000000000000 ) ) ;
#1908 = DIRECTION ( 'NONE',  ( -0.7071067811865475727, -0.7071067811865475727, 0.000000000000000000 ) ) ;
#1909 = DIRECTION ( 'NONE',  ( 0.000000000000000000, -1.000000000000000000, -1.227398685832646557E-16 ) ) ;
#1910 = EDGE_LOOP ( 'NONE', ( #395, #2072, #1318, #708, #295, #2952 ) ) ;
#1911 = EDGE_LOOP ( 'NONE', ( #2014, #2677, #2852, #1656, #1751, #1877, #2349, #3735, #1039, #2212, #3640, #233, #3039 ) ) ;
#1912 = FILL_AREA_STYLE ('',( #1319 ) ) ;
#1913 = ORIENTED_EDGE ( 'NONE', *, *, #2050, .F. ) ;
#1914 = COLOUR_RGB ( '',1.000000000000000000, 1.000000000000000000, 1.000000000000000000 ) ;
#1915 = ORIENTED_EDGE ( 'NONE', *, *, #3364, .T. ) ;
#1916 = ORIENTED_EDGE ( 'NONE', *, *, #2860, .T. ) ;
#1917 = STYLED_ITEM ( 'NONE', ( #3385 ), #3179 ) ;
#1918 = SURFACE_SIDE_STYLE ('',( #3417 ) ) ;
#1919 = LINE ( 'NONE', #3064, #3389 ) ;
#1920 = AXIS2_PLACEMENT_3D ( 'NONE', #959, #2704, #368 ) ;
#1921 = DIRECTION ( 'NONE',  ( 0.000000000000000000, 0.000000000000000000, 1.000000000000000000 ) ) ;
#1922 = SURFACE_STYLE_FILL_AREA ( #795 ) ;
#1923 = VECTOR ( 'NONE', #3009, 1000.000000000000000 ) ;
#1924 = CIRCLE ( 'NONE', #2967, 0.3499999999999998113 ) ;
#1925 = DIRECTION ( 'NONE',  ( 0.000000000000000000, 0.000000000000000000, -1.000000000000000000 ) ) ;
#1926 = COLOUR_RGB ( '',1.000000000000000000, 1.000000000000000000, 1.000000000000000000 ) ;
#1927 =( NAMED_UNIT ( * ) SI_UNIT ( $, .STERADIAN. ) SOLID_ANGLE_UNIT ( ) );
#1928 = DIRECTION ( 'NONE',  ( 0.000000000000000000, 0.7071067811865490160, -0.7071067811865460184 ) ) ;
#1929 = EDGE_CURVE ( 'NONE', #1985, #2109, #1919, .T. ) ;
#1930 = VECTOR ( 'NONE', #725, 1000.000000000000000 ) ;
#1931 = ORIENTED_EDGE ( 'NONE', *, *, #1299, .F. ) ;
#1932 = SURFACE_STYLE_USAGE ( .BOTH. , #2485 ) ;
#1933 = PRESENTATION_STYLE_ASSIGNMENT (( #1211 ) ) ;
#1934 = FILL_AREA_STYLE ('',( #185 ) ) ;
#1935 = EDGE_LOOP ( 'NONE', ( #3721, #3699, #525, #3360, #2283, #1102, #245, #910, #1042, #456 ) ) ;
#1936 = ORIENTED_EDGE ( 'NONE', *, *, #2812, .T. ) ;
#1937 = CARTESIAN_POINT ( 'NONE',  ( 2.500000000000000000, 1.200000000000001066, 0.5999999999999998668 ) ) ;
#1938 =( LENGTH_UNIT ( ) NAMED_UNIT ( * ) SI_UNIT ( .MILLI., .METRE. ) );
#1939 = ADVANCED_FACE ( 'NONE', ( #1341 ), #418, .F. ) ;
#1940 = VECTOR ( 'NONE', #594, 1000.000000000000000 ) ;
#1941 = ADVANCED_FACE ( 'NONE', ( #758 ), #3104, .F. ) ;
#1942 =( GEOMETRIC_REPRESENTATION_CONTEXT ( 3 ) GLOBAL_UNCERTAINTY_ASSIGNED_CONTEXT ( ( #2458 ) ) GLOBAL_UNIT_ASSIGNED_CONTEXT ( ( #3708, #739, #1105 ) ) REPRESENTATION_CONTEXT ( 'NONE', 'WORKASPACE' ) );
#1943 = DIRECTION ( 'NONE',  ( -1.000000000000000000, 0.000000000000000000, 0.000000000000000000 ) ) ;
#1944 = DIRECTION ( 'NONE',  ( -0.000000000000000000, 1.121588454295349533E-16, -1.000000000000000000 ) ) ;
#1945 = FILL_AREA_STYLE ('',( #2535 ) ) ;
#1946 = CARTESIAN_POINT ( 'NONE',  ( -1.084202172485504434E-16, 1.200000000000001066, 0.5999999999999998668 ) ) ;
#1947 = LINE ( 'NONE', #798, #1685 ) ;
#1948 = ORIENTED_EDGE ( 'NONE', *, *, #1420, .F. ) ;
#1949 = ORIENTED_EDGE ( 'NONE', *, *, #3364, .F. ) ;
#1950 = DIRECTION ( 'NONE',  ( 1.000000000000000000, -1.290716872006553273E-16, 0.000000000000000000 ) ) ;
#1951 = SURFACE_SIDE_STYLE ('',( #2281 ) ) ;
#1952 = CARTESIAN_POINT ( 'NONE',  ( 4.250000000000000000, 3.899999999999999023, 1.699999999999999289 ) ) ;
#1953 = VERTEX_POINT ( 'NONE', #2582 ) ;
#1954 = SURFACE_STYLE_FILL_AREA ( #774 ) ;
#1955 = AXIS2_PLACEMENT_3D ( 'NONE', #996, #1535, #3307 ) ;
#1956 =( NAMED_UNIT ( * ) SI_UNIT ( $, .STERADIAN. ) SOLID_ANGLE_UNIT ( ) );
#1957 = STYLED_ITEM ( 'NONE', ( #387 ), #423 ) ;
#1958 =( NAMED_UNIT ( * ) PLANE_ANGLE_UNIT ( ) SI_UNIT ( $, .RADIAN. ) );
#1959 = MECHANICAL_DESIGN_GEOMETRIC_PRESENTATION_REPRESENTATION (  '', ( #969 ), #2081 ) ;
#1960 = ADVANCED_FACE ( 'NONE', ( #298 ), #2348, .F. ) ;
#1961 = CARTESIAN_POINT ( 'NONE',  ( 0.5606099295107938030, 0.5000000000000001110, -1.300000000000000711 ) ) ;
#1962 = DIRECTION ( 'NONE',  ( 0.000000000000000000, -1.000000000000000000, -1.227398685832646557E-16 ) ) ;
#1963 = SURFACE_STYLE_FILL_AREA ( #2792 ) ;
#1964 = DIRECTION ( 'NONE',  ( 0.000000000000000000, 1.227398685832646557E-16, -1.000000000000000000 ) ) ;
#1965 = DIRECTION ( 'NONE',  ( 4.646580739223590995E-16, 0.000000000000000000, 1.000000000000000000 ) ) ;
#1966 = VERTEX_POINT ( 'NONE', #602 ) ;
#1967 = VERTEX_POINT ( 'NONE', #1417 ) ;
#1968 = FACE_OUTER_BOUND ( 'NONE', #3612, .T. ) ;
#1969 = CARTESIAN_POINT ( 'NONE',  ( 0.3499999999999998113, 0.000000000000000000, 2.143131898507867681E-17 ) ) ;
#1970 = EDGE_CURVE ( 'NONE', #3754, #2564, #2924, .T. ) ;
#1971 = EDGE_LOOP ( 'NONE', ( #1615, #1589, #1621, #1758 ) ) ;
#1972 = DIRECTION ( 'NONE',  ( 1.000000000000000000, 0.000000000000000000, 0.000000000000000000 ) ) ;
#1973 = PLANE ( 'NONE',  #1118 ) ;
#1974 = ADVANCED_FACE ( 'NONE', ( #1721 ), #3452, .F. ) ;
#1975 = ORIENTED_EDGE ( 'NONE', *, *, #3428, .T. ) ;
#1976 = VECTOR ( 'NONE', #3662, 1000.000000000000000 ) ;
#1977 = DIRECTION ( 'NONE',  ( 0.000000000000000000, 1.000000000000000000, 0.000000000000000000 ) ) ;
#1978 = CARTESIAN_POINT ( 'NONE',  ( -1.084202172485504434E-16, 1.800000000000000711, 5.899999999999999467 ) ) ;
#1979 = DIRECTION ( 'NONE',  ( -1.000000000000000000, 0.000000000000000000, 0.000000000000000000 ) ) ;
#1980 = COLOUR_RGB ( '',1.000000000000000000, 1.000000000000000000, 1.000000000000000000 ) ;
#1981 = AXIS2_PLACEMENT_3D ( 'NONE', #1978, #2235, #2832 ) ;
#1982 = CARTESIAN_POINT ( 'NONE',  ( -6.555757927839308978E-17, 1.450000000000000844, 0.6000000000000046407 ) ) ;
#1983 = LINE ( 'NONE', #513, #3679 ) ;
#1984 = PRESENTATION_STYLE_ASSIGNMENT (( #490 ) ) ;
#1985 = VERTEX_POINT ( 'NONE', #3794 ) ;
#1986 = EDGE_CURVE ( 'NONE', #134, #3426, #3514, .T. ) ;
#1987 = UNCERTAINTY_MEASURE_WITH_UNIT (LENGTH_MEASURE( 1.000000000000000082E-05 ), #1451, 'distance_accuracy_value', 'NONE');
#1988 = STYLED_ITEM ( 'NONE', ( #3028 ), #3530 ) ;
#1989 = CIRCLE ( 'NONE', #2537, 0.3499999999999999778 ) ;
#1990 = ORIENTED_EDGE ( 'NONE', *, *, #3191, .T. ) ;
#1991 = DIRECTION ( 'NONE',  ( -0.000000000000000000, 0.7071067811865463515, 0.7071067811865487940 ) ) ;
#1992 = CARTESIAN_POINT ( 'NONE',  ( 4.250000000000000000, 3.899999999999999023, 1.699999999999999289 ) ) ;
#1993 = VECTOR ( 'NONE', #64, 1000.000000000000114 ) ;
#1994 = VECTOR ( 'NONE', #689, 1000.000000000000000 ) ;
#1995 = ORIENTED_EDGE ( 'NONE', *, *, #1929, .F. ) ;
#1996 = SURFACE_STYLE_USAGE ( .BOTH. , #2618 ) ;
#1997 = DIRECTION ( 'NONE',  ( 1.000000000000000000, 0.000000000000000000, -0.000000000000000000 ) ) ;
#1998 = SURFACE_STYLE_FILL_AREA ( #2885 ) ;
#1999 = ORIENTED_EDGE ( 'NONE', *, *, #647, .T. ) ;
#2000 =( GEOMETRIC_REPRESENTATION_CONTEXT ( 3 ) GLOBAL_UNCERTAINTY_ASSIGNED_CONTEXT ( ( #861 ) ) GLOBAL_UNIT_ASSIGNED_CONTEXT ( ( #1526, #1835, #70 ) ) REPRESENTATION_CONTEXT ( 'NONE', 'WORKASPACE' ) );
#2001 = DIRECTION ( 'NONE',  ( 0.000000000000000000, -1.000000000000000000, -2.168404344971006896E-16 ) ) ;
#2002 = DIRECTION ( 'NONE',  ( 0.000000000000000000, 0.000000000000000000, 1.000000000000000000 ) ) ;
#2003 = CARTESIAN_POINT ( 'NONE',  ( -1.750000000000000222, 4.180000000000000604, 2.600000000000000089 ) ) ;
#2004 =( GEOMETRIC_REPRESENTATION_CONTEXT ( 3 ) GLOBAL_UNCERTAINTY_ASSIGNED_CONTEXT ( ( #1572 ) ) GLOBAL_UNIT_ASSIGNED_CONTEXT ( ( #1173, #3542, #3255 ) ) REPRESENTATION_CONTEXT ( 'NONE', 'WORKASPACE' ) );
#2005 = EDGE_CURVE ( 'NONE', #2023, #2287, #2404, .T. ) ;
#2006 = SURFACE_SIDE_STYLE ('',( #819 ) ) ;
#2007 = LINE ( 'NONE', #2536, #1663 ) ;
#2008 = ORIENTED_EDGE ( 'NONE', *, *, #174, .F. ) ;
#2009 = CIRCLE ( 'NONE', #2360, 0.1499999999999998279 ) ;
#2010 = EDGE_CURVE ( 'NONE', #1634, #98, #3033, .T. ) ;
#2011 = EDGE_LOOP ( 'NONE', ( #2038, #3185, #2183, #2865, #1931 ) ) ;
#2012 = DIRECTION ( 'NONE',  ( 0.000000000000000000, 1.000000000000000000, 0.000000000000000000 ) ) ;
#2013 = CARTESIAN_POINT ( 'NONE',  ( -1.084202172485504434E-16, 1.000000000000000000, 0.3499999999999999223 ) ) ;
#2014 = ORIENTED_EDGE ( 'NONE', *, *, #1388, .F. ) ;
#2015 = CARTESIAN_POINT ( 'NONE',  ( 0.000000000000000000, 0.000000000000000000, 1.699999999999999289 ) ) ;
#2016 = ORIENTED_EDGE ( 'NONE', *, *, #1437, .T. ) ;
#2017 = EDGE_LOOP ( 'NONE', ( #2945, #1851, #1354, #688, #2990 ) ) ;
#2018 = PRESENTATION_LAYER_ASSIGNMENT (  '', '', ( #2560 ) ) ;
#2019 = AXIS2_PLACEMENT_3D ( 'NONE', #2472, #3595, #1014 ) ;
#2020 = LINE ( 'NONE', #2890, #2507 ) ;
#2021 =( LENGTH_UNIT ( ) NAMED_UNIT ( * ) SI_UNIT ( .MILLI., .METRE. ) );
#2022 = PRESENTATION_LAYER_ASSIGNMENT (  '', '', ( #3411 ) ) ;
#2023 = VERTEX_POINT ( 'NONE', #1797 ) ;
#2024 = ADVANCED_FACE ( 'NONE', ( #3316 ), #982, .F. ) ;
#2025 = ORIENTED_EDGE ( 'NONE', *, *, #2662, .T. ) ;
#2026 = CARTESIAN_POINT ( 'NONE',  ( 0.000000000000000000, 0.000000000000000000, 6.099999999999999645 ) ) ;
#2027 = CARTESIAN_POINT ( 'NONE',  ( -1.084202172485504434E-16, 1.000000000000000000, 0.000000000000000000 ) ) ;
#2028 = CARTESIAN_POINT ( 'NONE',  ( 0.000000000000000000, 0.000000000000000000, 0.000000000000000000 ) ) ;
#2029 = AXIS2_PLACEMENT_3D ( 'NONE', #2328, #3493, #816 ) ;
#2030 = ORIENTED_EDGE ( 'NONE', *, *, #2010, .F. ) ;
#2031 = UNCERTAINTY_MEASURE_WITH_UNIT (LENGTH_MEASURE( 1.000000000000000082E-05 ), #1678, 'distance_accuracy_value', 'NONE');
#2032 = DIRECTION ( 'NONE',  ( -1.000000000000000000, 0.000000000000000000, 0.000000000000000000 ) ) ;
#2033 = EDGE_CURVE ( 'NONE', #854, #3590, #2747, .T. ) ;
#2034 = DIRECTION ( 'NONE',  ( -0.000000000000000000, -0.000000000000000000, 1.000000000000000000 ) ) ;
#2035 = LINE ( 'NONE', #558, #3416 ) ;
#2036 = EDGE_LOOP ( 'NONE', ( #1755, #3660, #261, #656, #1389 ) ) ;
#2037 = LINE ( 'NONE', #2304, #3748 ) ;
#2038 = ORIENTED_EDGE ( 'NONE', *, *, #3639, .F. ) ;
#2039 = SURFACE_SIDE_STYLE ('',( #1781 ) ) ;
#2040 = CARTESIAN_POINT ( 'NONE',  ( -0.8500000000000003109, 0.6800000000000004929, 6.599999999999999645 ) ) ;
#2041 = UNCERTAINTY_MEASURE_WITH_UNIT (LENGTH_MEASURE( 1.000000000000000082E-05 ), #922, 'distance_accuracy_value', 'NONE');
#2042 = AXIS2_PLACEMENT_3D ( 'NONE', #3074, #435, #1616 ) ;
#2043 =( NAMED_UNIT ( * ) PLANE_ANGLE_UNIT ( ) SI_UNIT ( $, .RADIAN. ) );
#2044 = DIRECTION ( 'NONE',  ( 0.000000000000000000, 0.000000000000000000, 1.000000000000000000 ) ) ;
#2045 = COLOUR_RGB ( '',1.000000000000000000, 1.000000000000000000, 1.000000000000000000 ) ;
#2046 = DIRECTION ( 'NONE',  ( 0.000000000000000000, 1.000000000000000000, 0.000000000000000000 ) ) ;
#2047 = DIRECTION ( 'NONE',  ( -1.000000000000000000, 1.445602896647339163E-16, 0.000000000000000000 ) ) ;
#2048 = MECHANICAL_DESIGN_GEOMETRIC_PRESENTATION_REPRESENTATION (  '', ( #3738 ), #745 ) ;
#2049 = PLANE ( 'NONE',  #1159 ) ;
#2050 = EDGE_CURVE ( 'NONE', #1985, #2309, #111, .T. ) ;
#2051 =( GEOMETRIC_REPRESENTATION_CONTEXT ( 3 ) GLOBAL_UNCERTAINTY_ASSIGNED_CONTEXT ( ( #1423 ) ) GLOBAL_UNIT_ASSIGNED_CONTEXT ( ( #3573, #1269, #2430 ) ) REPRESENTATION_CONTEXT ( 'NONE', 'WORKASPACE' ) );
#2052 = STYLED_ITEM ( 'NONE', ( #3520 ), #2467 ) ;
#2053 = EDGE_LOOP ( 'NONE', ( #2847, #2820, #2617 ) ) ;
#2054 = ORIENTED_EDGE ( 'NONE', *, *, #1247, .T. ) ;
#2055 =( NAMED_UNIT ( * ) SI_UNIT ( $, .STERADIAN. ) SOLID_ANGLE_UNIT ( ) );
#2056 = ADVANCED_FACE ( 'NONE', ( #2088 ), #2385, .F. ) ;
#2057 = DIRECTION ( 'NONE',  ( -1.000000000000000000, 0.000000000000000000, 0.000000000000000000 ) ) ;
#2058 = CARTESIAN_POINT ( 'NONE',  ( -1.084202172485504434E-16, -3.300000000000000266, -4.050415663247733490E-16 ) ) ;
#2059 = COLOUR_RGB ( '',1.000000000000000000, 1.000000000000000000, 1.000000000000000000 ) ;
#2060 = CARTESIAN_POINT ( 'NONE',  ( -0.4977379956348684242, 0.7835969667758198032, -1.016403033224184016 ) ) ;
#2061 = LINE ( 'NONE', #1452, #1519 ) ;
#2062 = PLANE ( 'NONE',  #2708 ) ;
#2063 = DIRECTION ( 'NONE',  ( 0.2164396139381042361, 0.000000000000000000, 0.9762960071199330292 ) ) ;
#2064 = CIRCLE ( 'NONE', #3390, 0.2499999999999997780 ) ;
#2065 = COLOUR_RGB ( '',1.000000000000000000, 1.000000000000000000, 1.000000000000000000 ) ;
#2066 = ORIENTED_EDGE ( 'NONE', *, *, #320, .T. ) ;
#2067 = SURFACE_SIDE_STYLE ('',( #2103 ) ) ;
#2068 = ORIENTED_EDGE ( 'NONE', *, *, #2790, .F. ) ;
#2069 =( LENGTH_UNIT ( ) NAMED_UNIT ( * ) SI_UNIT ( .MILLI., .METRE. ) );
#2070 = CARTESIAN_POINT ( 'NONE',  ( -2.450000000000000178, 1.000000000000000000, -0.8000000000000059286 ) ) ;
#2071 = EDGE_LOOP ( 'NONE', ( #1321, #3151, #773, #1202 ) ) ;
#2072 = ORIENTED_EDGE ( 'NONE', *, *, #2089, .T. ) ;
#2073 = PRESENTATION_STYLE_ASSIGNMENT (( #894 ) ) ;
#2074 = VECTOR ( 'NONE', #2046, 1000.000000000000000 ) ;
#2075 = EDGE_CURVE ( 'NONE', #813, #1369, #926, .T. ) ;
#2076 = CYLINDRICAL_SURFACE ( 'NONE', #2799, 0.3499999999999998113 ) ;
#2077 = FILL_AREA_STYLE_COLOUR ( '', #1796 ) ;
#2078 = PRESENTATION_STYLE_ASSIGNMENT (( #310 ) ) ;
#2079 = FILL_AREA_STYLE_COLOUR ( '', #3258 ) ;
#2080 = MECHANICAL_DESIGN_GEOMETRIC_PRESENTATION_REPRESENTATION (  '', ( #2691 ), #3177 ) ;
#2081 =( GEOMETRIC_REPRESENTATION_CONTEXT ( 3 ) GLOBAL_UNCERTAINTY_ASSIGNED_CONTEXT ( ( #1629 ) ) GLOBAL_UNIT_ASSIGNED_CONTEXT ( ( #2604, #267, #1760 ) ) REPRESENTATION_CONTEXT ( 'NONE', 'WORKASPACE' ) );
#2082 = CARTESIAN_POINT ( 'NONE',  ( -1.750000000000000222, 4.180000000000000604, 2.600000000000000089 ) ) ;
#2083 =( LENGTH_UNIT ( ) NAMED_UNIT ( * ) SI_UNIT ( .MILLI., .METRE. ) );
#2084 = CARTESIAN_POINT ( 'NONE',  ( 1.250000000000000444, 1.130000000000000115, 2.600000000000000089 ) ) ;
#2085 = MECHANICAL_DESIGN_GEOMETRIC_PRESENTATION_REPRESENTATION (  '', ( #3293 ), #476 ) ;
#2086 = ORIENTED_EDGE ( 'NONE', *, *, #2939, .T. ) ;
#2087 = LINE ( 'NONE', #2107, #1555 ) ;
#2088 = FACE_OUTER_BOUND ( 'NONE', #3454, .T. ) ;
#2089 = EDGE_CURVE ( 'NONE', #1165, #2484, #2487, .T. ) ;
#2090 = CARTESIAN_POINT ( 'NONE',  ( -0.3499999999999999223, 1.000000000000000000, 4.286263797015732281E-17 ) ) ;
#2091 = DIRECTION ( 'NONE',  ( 0.000000000000000000, 0.000000000000000000, -1.000000000000000000 ) ) ;
#2092 =( NAMED_UNIT ( * ) SI_UNIT ( $, .STERADIAN. ) SOLID_ANGLE_UNIT ( ) );
#2093 = EDGE_CURVE ( 'NONE', #1265, #1504, #147, .T. ) ;
#2094 = MANIFOLD_SOLID_BREP ( 'Fillet1', #1218 ) ;
#2095 = DIRECTION ( 'NONE',  ( 1.000000000000000000, -0.000000000000000000, -0.000000000000000000 ) ) ;
#2096 = DIRECTION ( 'NONE',  ( 0.000000000000000000, -1.121588454295349533E-16, 1.000000000000000000 ) ) ;
#2097 = CARTESIAN_POINT ( 'NONE',  ( 4.250000000000000000, 3.899999999999999911, 1.699999999999999067 ) ) ;
#2098 = MECHANICAL_DESIGN_GEOMETRIC_PRESENTATION_REPRESENTATION (  '', ( #2822 ), #1538 ) ;
#2099 = VECTOR ( 'NONE', #2318, 1000.000000000000000 ) ;
#2100 = SURFACE_STYLE_FILL_AREA ( #2899 ) ;
#2101 = LINE ( 'NONE', #3526, #2459 ) ;
#2102 = EDGE_CURVE ( 'NONE', #2258, #2298, #1297, .T. ) ;
#2103 = SURFACE_STYLE_FILL_AREA ( #1487 ) ;
#2104 =( NAMED_UNIT ( * ) PLANE_ANGLE_UNIT ( ) SI_UNIT ( $, .RADIAN. ) );
#2105 = PRESENTATION_LAYER_ASSIGNMENT (  '', '', ( #1917 ) ) ;
#2106 = ORIENTED_EDGE ( 'NONE', *, *, #3634, .T. ) ;
#2107 = CARTESIAN_POINT ( 'NONE',  ( -2.450000000000000178, 3.679999999999999272, 6.099999999999994316 ) ) ;
#2108 = COLOUR_RGB ( '',1.000000000000000000, 1.000000000000000000, 1.000000000000000000 ) ;
#2109 = VERTEX_POINT ( 'NONE', #2191 ) ;
#2110 = CARTESIAN_POINT ( 'NONE',  ( -1.084202172485504434E-16, 1.199999999999996625, 1.472878422999172072E-16 ) ) ;
#2111 = CARTESIAN_POINT ( 'NONE',  ( 3.060609929510793581, 0.000000000000000000, -1.300000000000000933 ) ) ;
#2112 =( NAMED_UNIT ( * ) SI_UNIT ( $, .STERADIAN. ) SOLID_ANGLE_UNIT ( ) );
#2113 = EDGE_CURVE ( 'NONE', #2171, #691, #3356, .T. ) ;
#2114 =( NAMED_UNIT ( * ) SI_UNIT ( $, .STERADIAN. ) SOLID_ANGLE_UNIT ( ) );
#2115 = PLANE ( 'NONE',  #3620 ) ;
#2116 = CARTESIAN_POINT ( 'NONE',  ( -1.750000000000000222, 3.679999999999999272, 6.099999999999994316 ) ) ;
#2117 = COLOUR_RGB ( '',1.000000000000000000, 1.000000000000000000, 1.000000000000000000 ) ;
#2118 = EDGE_CURVE ( 'NONE', #2157, #2575, #1353, .T. ) ;
#2119 = AXIS2_PLACEMENT_3D ( 'NONE', #1728, #882, #2063 ) ;
#2120 = ORIENTED_EDGE ( 'NONE', *, *, #3510, .F. ) ;
#2121 = PRESENTATION_STYLE_ASSIGNMENT (( #2367 ) ) ;
#2122 = DIRECTION ( 'NONE',  ( 0.000000000000000000, 0.000000000000000000, -1.000000000000000000 ) ) ;
#2123 =( GEOMETRIC_REPRESENTATION_CONTEXT ( 3 ) GLOBAL_UNCERTAINTY_ASSIGNED_CONTEXT ( ( #1001 ) ) GLOBAL_UNIT_ASSIGNED_CONTEXT ( ( #2202, #3420, #2092 ) ) REPRESENTATION_CONTEXT ( 'NONE', 'WORKASPACE' ) );
#2124 = CARTESIAN_POINT ( 'NONE',  ( -2.450000000000000178, 2.880000000000000338, 5.599999999999999645 ) ) ;
#2125 = LINE ( 'NONE', #1823, #703 ) ;
#2126 = DIRECTION ( 'NONE',  ( 0.000000000000000000, -1.000000000000000000, -1.227398685832646557E-16 ) ) ;
#2127 = LINE ( 'NONE', #3277, #824 ) ;
#2128 = FILL_AREA_STYLE ('',( #3032 ) ) ;
#2129 = ADVANCED_FACE ( 'NONE', ( #2211 ), #751, .F. ) ;
#2130 =( NAMED_UNIT ( * ) SI_UNIT ( $, .STERADIAN. ) SOLID_ANGLE_UNIT ( ) );
#2131 = CARTESIAN_POINT ( 'NONE',  ( 2.500000000000000000, -3.300000000000000266, -0.1500000000000002442 ) ) ;
#2132 = COLOUR_RGB ( '',1.000000000000000000, 1.000000000000000000, 1.000000000000000000 ) ;
#2133 = DIRECTION ( 'NONE',  ( -0.000000000000000000, -1.000000000000000000, -0.000000000000000000 ) ) ;
#2134 = LINE ( 'NONE', #2147, #248 ) ;
#2135 = AXIS2_PLACEMENT_3D ( 'NONE', #2352, #1464, #460 ) ;
#2136 = VERTEX_POINT ( 'NONE', #3702 ) ;
#2137 =( LENGTH_UNIT ( ) NAMED_UNIT ( * ) SI_UNIT ( .MILLI., .METRE. ) );
#2138 = PRESENTATION_LAYER_ASSIGNMENT (  '', '', ( #2254 ) ) ;
#2139 = ORIENTED_EDGE ( 'NONE', *, *, #193, .T. ) ;
#2140 = ORIENTED_EDGE ( 'NONE', *, *, #1770, .F. ) ;
#2141 = CARTESIAN_POINT ( 'NONE',  ( -1.750000000000000222, 1.580000000000000515, 2.600000000000000089 ) ) ;
#2142 = SURFACE_SIDE_STYLE ('',( #1585 ) ) ;
#2143 = DIRECTION ( 'NONE',  ( 0.000000000000000000, -0.000000000000000000, -1.000000000000000000 ) ) ;
#2144 = LINE ( 'NONE', #3559, #952 ) ;
#2145 = LINE ( 'NONE', #719, #1 ) ;
#2146 = DIRECTION ( 'NONE',  ( 1.000000000000000000, 1.503129871882618452E-32, -1.224646799147353207E-16 ) ) ;
#2147 = CARTESIAN_POINT ( 'NONE',  ( 4.949999999999999289, 3.899999999999999911, 0.6999999999999992895 ) ) ;
#2148 = UNCERTAINTY_MEASURE_WITH_UNIT (LENGTH_MEASURE( 1.000000000000000082E-05 ), #632, 'distance_accuracy_value', 'NONE');
#2149 = VECTOR ( 'NONE', #3021, 1000.000000000000000 ) ;
#2150 = ORIENTED_EDGE ( 'NONE', *, *, #2756, .T. ) ;
#2151 = CARTESIAN_POINT ( 'NONE',  ( 4.949999999999999289, 1.000000000000000000, -0.8000000000000059286 ) ) ;
#2152 = DIRECTION ( 'NONE',  ( -0.7071067811865474617, 0.7071067811865474617, -0.000000000000000000 ) ) ;
#2153 = ADVANCED_FACE ( 'NONE', ( #2464 ), #1377, .F. ) ;
#2154 = VECTOR ( 'NONE', #3610, 1000.000000000000000 ) ;
#2155 = ORIENTED_EDGE ( 'NONE', *, *, #2365, .F. ) ;
#2156 = AXIS2_PLACEMENT_3D ( 'NONE', #3363, #510, #1400 ) ;
#2157 = VERTEX_POINT ( 'NONE', #1768 ) ;
#2158 = AXIS2_PLACEMENT_3D ( 'NONE', #858, #1745, #3222 ) ;
#2159 = MECHANICAL_DESIGN_GEOMETRIC_PRESENTATION_REPRESENTATION (  '', ( #6 ), #3440 ) ;
#2160 = EDGE_CURVE ( 'NONE', #1476, #571, #579, .T. ) ;
#2161 = CIRCLE ( 'NONE', #3441, 0.1499999999999998279 ) ;
#2162 = AXIS2_PLACEMENT_3D ( 'NONE', #2966, #1237, #352 ) ;
#2163 = CARTESIAN_POINT ( 'NONE',  ( -1.750000000000000222, 4.180000000000000604, 6.599999999999995204 ) ) ;
#2164 = FILL_AREA_STYLE ('',( #988 ) ) ;
#2165 = LINE ( 'NONE', #56, #2851 ) ;
#2166 =( NAMED_UNIT ( * ) PLANE_ANGLE_UNIT ( ) SI_UNIT ( $, .RADIAN. ) );
#2167 = STYLED_ITEM ( 'NONE', ( #1635 ), #2753 ) ;
#2168 = PRESENTATION_STYLE_ASSIGNMENT (( #1292 ) ) ;
#2169 =( NAMED_UNIT ( * ) SI_UNIT ( $, .STERADIAN. ) SOLID_ANGLE_UNIT ( ) );
#2170 = CIRCLE ( 'NONE', #1744, 0.3499999999999998113 ) ;
#2171 = VERTEX_POINT ( 'NONE', #1234 ) ;
#2172 =( LENGTH_UNIT ( ) NAMED_UNIT ( * ) SI_UNIT ( .MILLI., .METRE. ) );
#2173 = SURFACE_SIDE_STYLE ('',( #1509 ) ) ;
#2174 = SURFACE_STYLE_FILL_AREA ( #3633 ) ;
#2175 = VECTOR ( 'NONE', #388, 1000.000000000000000 ) ;
#2176 = ORIENTED_EDGE ( 'NONE', *, *, #2199, .F. ) ;
#2177 = CIRCLE ( 'NONE', #1628, 0.3500000000000002554 ) ;
#2178 = ADVANCED_FACE ( 'NONE', ( #1807, #31, #2938 ), #1484, .F. ) ;
#2179 = PRESENTATION_STYLE_ASSIGNMENT (( #673 ) ) ;
#2180 = PRESENTATION_STYLE_ASSIGNMENT (( #985 ) ) ;
#2181 = EDGE_CURVE ( 'NONE', #208, #477, #3239, .T. ) ;
#2182 = SURFACE_SIDE_STYLE ('',( #2774 ) ) ;
#2183 = ORIENTED_EDGE ( 'NONE', *, *, #2456, .F. ) ;
#2184 = CARTESIAN_POINT ( 'NONE',  ( 2.149999999999999911, 1.800000000000000711, 0.6999999999999988454 ) ) ;
#2185 =( NAMED_UNIT ( * ) PLANE_ANGLE_UNIT ( ) SI_UNIT ( $, .RADIAN. ) );
#2186 = CARTESIAN_POINT ( 'NONE',  ( 1.250000000000000444, 1.130000000000000338, 6.099999999999999645 ) ) ;
#2187 = DIRECTION ( 'NONE',  ( 0.000000000000000000, 0.000000000000000000, 1.000000000000000000 ) ) ;
#2188 = VERTEX_POINT ( 'NONE', #2378 ) ;
#2189 = ORIENTED_EDGE ( 'NONE', *, *, #3010, .T. ) ;
#2190 = CARTESIAN_POINT ( 'NONE',  ( -0.5606099295107945801, 0.000000000000000000, -1.300000000000000711 ) ) ;
#2191 = CARTESIAN_POINT ( 'NONE',  ( 2.850000000000000089, 1.000000000000000000, 2.143131898507868297E-17 ) ) ;
#2192 = PRESENTATION_LAYER_ASSIGNMENT (  '', '', ( #1957 ) ) ;
#2193 = VERTEX_POINT ( 'NONE', #917 ) ;
#2194 = ORIENTED_EDGE ( 'NONE', *, *, #1448, .F. ) ;
#2195 = VERTEX_POINT ( 'NONE', #2097 ) ;
#2196 = DIRECTION ( 'NONE',  ( 0.000000000000000000, 0.000000000000000000, -1.000000000000000000 ) ) ;
#2197 = STYLED_ITEM ( 'NONE', ( #1933 ), #753 ) ;
#2198 = PRESENTATION_STYLE_ASSIGNMENT (( #191 ) ) ;
#2199 = EDGE_CURVE ( 'NONE', #1856, #375, #2982, .T. ) ;
#2200 = DIRECTION ( 'NONE',  ( 0.000000000000000000, -1.000000000000000000, -1.227398685832646557E-16 ) ) ;
#2201 = PRESENTATION_STYLE_ASSIGNMENT (( #2791 ) ) ;
#2202 =( LENGTH_UNIT ( ) NAMED_UNIT ( * ) SI_UNIT ( .MILLI., .METRE. ) );
#2203 = UNCERTAINTY_MEASURE_WITH_UNIT (LENGTH_MEASURE( 1.000000000000000082E-05 ), #527, 'distance_accuracy_value', 'NONE');
#2204 = CARTESIAN_POINT ( 'NONE',  ( -0.3499999999999998668, 1.800000000000000711, 0.6999999999999988454 ) ) ;
#2205 = DIRECTION ( 'NONE',  ( 0.000000000000000000, 0.000000000000000000, -1.000000000000000000 ) ) ;
#2206 = CARTESIAN_POINT ( 'NONE',  ( 2.500000000000000000, -3.500000000000000000, -4.295895400414262210E-16 ) ) ;
#2207 = ORIENTED_EDGE ( 'NONE', *, *, #3010, .F. ) ;
#2208 = EDGE_CURVE ( 'NONE', #2309, #2505, #1515, .T. ) ;
#2209 = VERTEX_POINT ( 'NONE', #3561 ) ;
#2210 = CARTESIAN_POINT ( 'NONE',  ( 2.500000000000000000, 0.000000000000000000, 0.000000000000000000 ) ) ;
#2211 = FACE_OUTER_BOUND ( 'NONE', #785, .T. ) ;
#2212 = ORIENTED_EDGE ( 'NONE', *, *, #1648, .F. ) ;
#2213 = AXIS2_PLACEMENT_3D ( 'NONE', #3392, #1675, #1412 ) ;
#2214 = ORIENTED_EDGE ( 'NONE', *, *, #1467, .F. ) ;
#2215 = FACE_OUTER_BOUND ( 'NONE', #2017, .T. ) ;
#2216 = VECTOR ( 'NONE', #2688, 1000.000000000000000 ) ;
#2217 = FACE_OUTER_BOUND ( 'NONE', #265, .T. ) ;
#2218 = STYLED_ITEM ( 'NONE', ( #1723 ), #3446 ) ;
#2219 = CARTESIAN_POINT ( 'NONE',  ( -2.450000000000000178, 0.000000000000000000, 6.599999999999999645 ) ) ;
#2220 = DIRECTION ( 'NONE',  ( -1.000000000000000000, -0.000000000000000000, -0.000000000000000000 ) ) ;
#2221 = CARTESIAN_POINT ( 'NONE',  ( 4.250000000000000000, 2.180000000000003713, 0.6999999999999990674 ) ) ;
#2222 = MECHANICAL_DESIGN_GEOMETRIC_PRESENTATION_REPRESENTATION (  '', ( #62 ), #2653 ) ;
#2223 = LINE ( 'NONE', #3709, #3536 ) ;
#2224 = VECTOR ( 'NONE', #1795, 1000.000000000000000 ) ;
#2225 = DIRECTION ( 'NONE',  ( 0.000000000000000000, 1.000000000000000000, 0.000000000000000000 ) ) ;
#2226 = VERTEX_POINT ( 'NONE', #3278 ) ;
#2227 = EDGE_LOOP ( 'NONE', ( #1618, #604, #1038, #1132 ) ) ;
#2228 =( NAMED_UNIT ( * ) SI_UNIT ( $, .STERADIAN. ) SOLID_ANGLE_UNIT ( ) );
#2229 = DIRECTION ( 'NONE',  ( 0.000000000000000000, 0.000000000000000000, -1.000000000000000000 ) ) ;
#2230 = COLOUR_RGB ( '',1.000000000000000000, 1.000000000000000000, 1.000000000000000000 ) ;
#2231 = EDGE_LOOP ( 'NONE', ( #1890, #1098, #475, #2787 ) ) ;
#2232 = ORIENTED_EDGE ( 'NONE', *, *, #149, .T. ) ;
#2233 = FACE_OUTER_BOUND ( 'NONE', #831, .T. ) ;
#2234 =( NAMED_UNIT ( * ) PLANE_ANGLE_UNIT ( ) SI_UNIT ( $, .RADIAN. ) );
#2235 = DIRECTION ( 'NONE',  ( 0.000000000000000000, 0.000000000000000000, -1.000000000000000000 ) ) ;
#2236 = SURFACE_STYLE_USAGE ( .BOTH. , #177 ) ;
#2237 = STYLED_ITEM ( 'NONE', ( #136 ), #1900 ) ;
#2238 = ORIENTED_EDGE ( 'NONE', *, *, #3784, .F. ) ;
#2239 = CARTESIAN_POINT ( 'NONE',  ( -1.084202172485504434E-16, -3.300000000000000266, -4.050415663247733490E-16 ) ) ;
#2240 = PRESENTATION_STYLE_ASSIGNMENT (( #2272 ) ) ;
#2241 = DIRECTION ( 'NONE',  ( -3.097720492815725686E-16, 0.000000000000000000, -1.000000000000000000 ) ) ;
#2242 = EDGE_CURVE ( 'NONE', #565, #1655, #202, .T. ) ;
#2243 = VERTEX_POINT ( 'NONE', #2740 ) ;
#2244 = CARTESIAN_POINT ( 'NONE',  ( -1.084202172485504434E-16, 1.800000000000000711, 0.6000000000000046407 ) ) ;
#2245 = CARTESIAN_POINT ( 'NONE',  ( -0.2265022361976508081, 1.000000000000000000, 0.2070624133665025235 ) ) ;
#2246 = VERTEX_POINT ( 'NONE', #100 ) ;
#2247 = DIRECTION ( 'NONE',  ( -0.000000000000000000, -1.000000000000000000, -0.000000000000000000 ) ) ;
#2248 = CIRCLE ( 'NONE', #2019, 0.1499999999999998279 ) ;
#2249 = DIRECTION ( 'NONE',  ( 0.000000000000000000, 0.000000000000000000, -1.000000000000000000 ) ) ;
#2250 = EDGE_CURVE ( 'NONE', #3435, #2303, #1865, .T. ) ;
#2251 = COLOUR_RGB ( '',1.000000000000000000, 1.000000000000000000, 1.000000000000000000 ) ;
#2252 = ADVANCED_FACE ( 'NONE', ( #3328 ), #1845, .F. ) ;
#2253 = FILL_AREA_STYLE_COLOUR ( '', #2065 ) ;
#2254 = STYLED_ITEM ( 'NONE', ( #63 ), #1082 ) ;
#2255 = DIRECTION ( 'NONE',  ( -0.000000000000000000, 0.000000000000000000, -1.000000000000000000 ) ) ;
#2256 = FACE_OUTER_BOUND ( 'NONE', #2584, .T. ) ;
#2257 = VERTEX_POINT ( 'NONE', #1253 ) ;
#2258 = VERTEX_POINT ( 'NONE', #2417 ) ;
#2259 = DIRECTION ( 'NONE',  ( 0.000000000000000000, 0.000000000000000000, -1.000000000000000000 ) ) ;
#2260 =( LENGTH_UNIT ( ) NAMED_UNIT ( * ) SI_UNIT ( .MILLI., .METRE. ) );
#2261 = EDGE_CURVE ( 'NONE', #2226, #3741, #3346, .T. ) ;
#2262 = EDGE_LOOP ( 'NONE', ( #3233, #1143, #3320, #3486, #3749 ) ) ;
#2263 = DIRECTION ( 'NONE',  ( 0.000000000000000000, 0.000000000000000000, 1.000000000000000000 ) ) ;
#2264 = PRESENTATION_STYLE_ASSIGNMENT (( #1622 ) ) ;
#2265 = PLANE ( 'NONE',  #3215 ) ;
#2266 = VERTEX_POINT ( 'NONE', #702 ) ;
#2267 = FACE_OUTER_BOUND ( 'NONE', #2491, .T. ) ;
#2268 = AXIS2_PLACEMENT_3D ( 'NONE', #1232, #1216, #2313 ) ;
#2269 = EDGE_CURVE ( 'NONE', #2171, #1429, #2145, .T. ) ;
#2270 =( GEOMETRIC_REPRESENTATION_CONTEXT ( 3 ) GLOBAL_UNCERTAINTY_ASSIGNED_CONTEXT ( ( #3208 ) ) GLOBAL_UNIT_ASSIGNED_CONTEXT ( ( #1174, #2671, #3524 ) ) REPRESENTATION_CONTEXT ( 'NONE', 'WORKASPACE' ) );
#2271 = VECTOR ( 'NONE', #974, 1000.000000000000000 ) ;
#2272 = SURFACE_STYLE_USAGE ( .BOTH. , #1054 ) ;
#2273 = CARTESIAN_POINT ( 'NONE',  ( -2.450000000000000178, 2.880000000000000338, 6.099999999999999645 ) ) ;
#2274 = ORIENTED_EDGE ( 'NONE', *, *, #2780, .F. ) ;
#2275 = MECHANICAL_DESIGN_GEOMETRIC_PRESENTATION_REPRESENTATION (  '', ( #2052 ), #1436 ) ;
#2276 = UNCERTAINTY_MEASURE_WITH_UNIT (LENGTH_MEASURE( 1.000000000000000082E-05 ), #1734, 'distance_accuracy_value', 'NONE');
#2277 =( GEOMETRIC_REPRESENTATION_CONTEXT ( 3 ) GLOBAL_UNCERTAINTY_ASSIGNED_CONTEXT ( ( #836 ) ) GLOBAL_UNIT_ASSIGNED_CONTEXT ( ( #485, #444, #3432 ) ) REPRESENTATION_CONTEXT ( 'NONE', 'WORKASPACE' ) );
#2278 = TOROIDAL_SURFACE ( 'NONE', #3266, 0.5999999999999996447, 0.3499999999999998113 ) ;
#2279 = ORIENTED_EDGE ( 'NONE', *, *, #1686, .T. ) ;
#2280 = LINE ( 'NONE', #826, #182 ) ;
#2281 = SURFACE_STYLE_FILL_AREA ( #1078 ) ;
#2282 = COLOUR_RGB ( '',0.7921568627450980005, 0.8196078431372548767, 0.9333333333333333481 ) ;
#2283 = ORIENTED_EDGE ( 'NONE', *, *, #1543, .T. ) ;
#2284 = FACE_OUTER_BOUND ( 'NONE', #2638, .T. ) ;
#2285 = CARTESIAN_POINT ( 'NONE',  ( -2.450000000000000178, 0.5000000000000000000, -1.300000000000000711 ) ) ;
#2286 = EDGE_CURVE ( 'NONE', #704, #3232, #3619, .T. ) ;
#2287 = VERTEX_POINT ( 'NONE', #3048 ) ;
#2288 = ORIENTED_EDGE ( 'NONE', *, *, #726, .T. ) ;
#2289 = VECTOR ( 'NONE', #636, 1000.000000000000000 ) ;
#2290 =( NAMED_UNIT ( * ) SI_UNIT ( $, .STERADIAN. ) SOLID_ANGLE_UNIT ( ) );
#2291 = UNCERTAINTY_MEASURE_WITH_UNIT (LENGTH_MEASURE( 1.000000000000000082E-05 ), #3119, 'distance_accuracy_value', 'NONE');
#2292 = EDGE_LOOP ( 'NONE', ( #2176, #2679, #786, #1639, #2585, #837, #1439, #946, #3089, #1517, #2971, #519 ) ) ;
#2293 = AXIS2_PLACEMENT_3D ( 'NONE', #2474, #99, #1290 ) ;
#2294 = EDGE_CURVE ( 'NONE', #3369, #3646, #2723, .T. ) ;
#2295 = DIRECTION ( 'NONE',  ( 1.000000000000000000, -1.290716872006553273E-16, 0.000000000000000000 ) ) ;
#2296 = DIRECTION ( 'NONE',  ( 0.000000000000000000, 0.000000000000000000, -1.000000000000000000 ) ) ;
#2297 = DIRECTION ( 'NONE',  ( -1.000000000000000000, -0.000000000000000000, 0.000000000000000000 ) ) ;
#2298 = VERTEX_POINT ( 'NONE', #3598 ) ;
#2299 = AXIS2_PLACEMENT_3D ( 'NONE', #2110, #2703, #1529 ) ;
#2300 = AXIS2_PLACEMENT_3D ( 'NONE', #3365, #3694, #3658 ) ;
#2301 = ORIENTED_EDGE ( 'NONE', *, *, #405, .F. ) ;
#2302 = DIRECTION ( 'NONE',  ( 0.7071067811865482389, 0.7071067811865469066, 0.000000000000000000 ) ) ;
#2303 = VERTEX_POINT ( 'NONE', #2752 ) ;
#2304 = CARTESIAN_POINT ( 'NONE',  ( -2.450000000000000178, 4.900000000000000355, 6.599999999999999645 ) ) ;
#2305 = AXIS2_PLACEMENT_3D ( 'NONE', #3544, #278, #2032 ) ;
#2306 = FACE_OUTER_BOUND ( 'NONE', #613, .T. ) ;
#2307 = CARTESIAN_POINT ( 'NONE',  ( 2.500000000000000000, 1.800000000000000711, 5.899999999999999467 ) ) ;
#2308 = DIRECTION ( 'NONE',  ( -0.000000000000000000, 1.000000000000000000, -0.000000000000000000 ) ) ;
#2309 = VERTEX_POINT ( 'NONE', #976 ) ;
#2310 = EDGE_CURVE ( 'NONE', #3426, #3061, #1904, .T. ) ;
#2311 = CARTESIAN_POINT ( 'NONE',  ( 1.939390070489205531, 0.000000000000000000, -1.300000000000000711 ) ) ;
#2312 = CARTESIAN_POINT ( 'NONE',  ( 2.149999999999999911, 0.000000000000000000, -0.3499999999999999223 ) ) ;
#2313 = DIRECTION ( 'NONE',  ( -0.000000000000000000, 0.000000000000000000, 1.000000000000000000 ) ) ;
#2314 = CIRCLE ( 'NONE', #2875, 0.2000000000000000111 ) ;
#2315 =( NAMED_UNIT ( * ) SI_UNIT ( $, .STERADIAN. ) SOLID_ANGLE_UNIT ( ) );
#2316 = UNCERTAINTY_MEASURE_WITH_UNIT (LENGTH_MEASURE( 1.000000000000000082E-05 ), #329, 'distance_accuracy_value', 'NONE');
#2317 = CARTESIAN_POINT ( 'NONE',  ( -2.450000000000000178, 2.180000000000000604, 5.599999999999999645 ) ) ;
#2318 = DIRECTION ( 'NONE',  ( 0.000000000000000000, 0.000000000000000000, -1.000000000000000000 ) ) ;
#2319 = DIRECTION ( 'NONE',  ( -1.000000000000000000, -0.000000000000000000, -0.000000000000000000 ) ) ;
#2320 = ADVANCED_FACE ( 'NONE', ( #3304 ), #2588, .T. ) ;
#2321 = ORIENTED_EDGE ( 'NONE', *, *, #2310, .T. ) ;
#2322 = PRESENTATION_STYLE_ASSIGNMENT (( #1996 ) ) ;
#2323 = CARTESIAN_POINT ( 'NONE',  ( 2.850000000000000089, 0.000000000000000000, -0.3500000000000000888 ) ) ;
#2324 = ADVANCED_FACE ( 'NONE', ( #1312 ), #301, .F. ) ;
#2325 = ORIENTED_EDGE ( 'NONE', *, *, #3311, .T. ) ;
#2326 = ORIENTED_EDGE ( 'NONE', *, *, #1306, .F. ) ;
#2327 = DIRECTION ( 'NONE',  ( 0.000000000000000000, 0.000000000000000000, -1.000000000000000000 ) ) ;
#2328 = CARTESIAN_POINT ( 'NONE',  ( 4.250000000000000000, 1.579999999999999849, 2.600000000000000089 ) ) ;
#2329 = DIRECTION ( 'NONE',  ( 0.2164396139381032369, 0.000000000000000000, -0.9762960071199332512 ) ) ;
#2330 = UNCERTAINTY_MEASURE_WITH_UNIT (LENGTH_MEASURE( 1.000000000000000082E-05 ), #176, 'distance_accuracy_value', 'NONE');
#2331 = STYLED_ITEM ( 'NONE', ( #631 ), #2954 ) ;
#2332 = LINE ( 'NONE', #2628, #1057 ) ;
#2333 = CARTESIAN_POINT ( 'NONE',  ( -1.084202172485504434E-16, -3.300000000000000266, -0.1500000000000002442 ) ) ;
#2334 = PLANE ( 'NONE',  #2268 ) ;
#2335 = CIRCLE ( 'NONE', #3368, 0.9499999999999995115 ) ;
#2336 = STYLED_ITEM ( 'NONE', ( #2201 ), #3349 ) ;
#2337 = EDGE_LOOP ( 'NONE', ( #1398, #3387, #1906, #694 ) ) ;
#2338 = SURFACE_STYLE_FILL_AREA ( #3789 ) ;
#2339 = STYLED_ITEM ( 'NONE', ( #3206 ), #2153 ) ;
#2340 = FACE_OUTER_BOUND ( 'NONE', #1337, .T. ) ;
#2341 = FILL_AREA_STYLE ('',( #15 ) ) ;
#2342 =( GEOMETRIC_REPRESENTATION_CONTEXT ( 3 ) GLOBAL_UNCERTAINTY_ASSIGNED_CONTEXT ( ( #3476 ) ) GLOBAL_UNIT_ASSIGNED_CONTEXT ( ( #1168, #3494, #290 ) ) REPRESENTATION_CONTEXT ( 'NONE', 'WORKASPACE' ) );
#2343 = COLOUR_RGB ( '',1.000000000000000000, 1.000000000000000000, 1.000000000000000000 ) ;
#2344 =( GEOMETRIC_REPRESENTATION_CONTEXT ( 3 ) GLOBAL_UNCERTAINTY_ASSIGNED_CONTEXT ( ( #3220 ) ) GLOBAL_UNIT_ASSIGNED_CONTEXT ( ( #2742, #964, #2457 ) ) REPRESENTATION_CONTEXT ( 'NONE', 'WORKASPACE' ) );
#2345 = ORIENTED_EDGE ( 'NONE', *, *, #2102, .T. ) ;
#2346 = DIRECTION ( 'NONE',  ( 1.000000000000000000, 0.000000000000000000, 0.000000000000000000 ) ) ;
#2348 = PLANE ( 'NONE',  #3275 ) ;
#2347 = AXIS2_PLACEMENT_3D ( 'NONE', #2562, #1080, #189 ) ;
#2349 = ORIENTED_EDGE ( 'NONE', *, *, #2269, .F. ) ;
#2350 = ORIENTED_EDGE ( 'NONE', *, *, #235, .F. ) ;
#2351 = LINE ( 'NONE', #872, #1550 ) ;
#2352 = CARTESIAN_POINT ( 'NONE',  ( 2.500000000000000000, 1.800000000000000711, 0.6000000000000046407 ) ) ;
#2353 = SURFACE_SIDE_STYLE ('',( #1194 ) ) ;
#2354 = PRESENTATION_LAYER_ASSIGNMENT (  '', '', ( #1871 ) ) ;
#2355 = SURFACE_STYLE_FILL_AREA ( #1151 ) ;
#2356 = LINE ( 'NONE', #1215, #1403 ) ;
#2357 = CARTESIAN_POINT ( 'NONE',  ( 4.949999999999999289, 1.219999999999999973, 6.599999999999999645 ) ) ;
#2358 = AXIS2_PLACEMENT_3D ( 'NONE', #958, #3580, #2739 ) ;
#2359 = EDGE_CURVE ( 'NONE', #1478, #3214, #2622, .T. ) ;
#2360 = AXIS2_PLACEMENT_3D ( 'NONE', #1012, #1229, #2750 ) ;
#2361 = VERTEX_POINT ( 'NONE', #2090 ) ;
#2362 = DIRECTION ( 'NONE',  ( 0.000000000000000000, 0.000000000000000000, -1.000000000000000000 ) ) ;
#2363 = LINE ( 'NONE', #3527, #972 ) ;
#2364 = EDGE_LOOP ( 'NONE', ( #355, #1545, #414, #286, #381 ) ) ;
#2365 = EDGE_CURVE ( 'NONE', #1491, #1476, #2664, .T. ) ;
#2366 = VERTEX_POINT ( 'NONE', #1166 ) ;
#2367 = SURFACE_STYLE_USAGE ( .BOTH. , #3488 ) ;
#2368 = SURFACE_SIDE_STYLE ('',( #2426 ) ) ;
#2369 = ORIENTED_EDGE ( 'NONE', *, *, #2365, .T. ) ;
#2370 = CARTESIAN_POINT ( 'NONE',  ( -1.750000000000000222, 3.899999999999999911, 0.6999999999999992895 ) ) ;
#2371 = CLOSED_SHELL ( 'NONE', ( #2925, #970, #1939, #1638, #2482, #2024, #1941, #753, #2467, #615, #2444, #3586, #529, #423, #2056, #943, #112, #3143, #1900, #2489, #3280, #3342, #102, #2178, #3287, #3042, #1082, #2578, #669, #493, #3175, #3078, #2954, #3246, #3446, #3530, #204, #3179, #342, #2129, #3517, #3649, #1324, #1771, #2324, #2252, #1831, #1960, #3629, #2651, #1619, #1094, #132, #2418, #1974, #2153, #930, #2753, #3680, #3600, #1291, #3614, #3349, #1123, #2633, #2786 ) ) ;
#2372 = DIRECTION ( 'NONE',  ( 0.000000000000000000, -0.7071067811865511255, -0.7071067811865440200 ) ) ;
#2373 =( NAMED_UNIT ( * ) PLANE_ANGLE_UNIT ( ) SI_UNIT ( $, .RADIAN. ) );
#2374 = DIRECTION ( 'NONE',  ( -0.1548704352003973106, 0.6985753890242804021, 0.6985753890242732966 ) ) ;
#2375 = EDGE_CURVE ( 'NONE', #1680, #3713, #3492, .T. ) ;
#2376 = FILL_AREA_STYLE ('',( #1482 ) ) ;
#2377 = SURFACE_STYLE_USAGE ( .BOTH. , #292 ) ;
#2378 = CARTESIAN_POINT ( 'NONE',  ( -0.3499999999999998668, 1.800000000000000711, 2.600000000000000089 ) ) ;
#2379 = VECTOR ( 'NONE', #436, 1000.000000000000000 ) ;
#2380 = LINE ( 'NONE', #3755, #1698 ) ;
#2381 = SURFACE_STYLE_FILL_AREA ( #3547 ) ;
#2382 = STYLED_ITEM ( 'NONE', ( #2845 ), #930 ) ;
#2383 = ORIENTED_EDGE ( 'NONE', *, *, #2769, .F. ) ;
#2384 = DIRECTION ( 'NONE',  ( -0.000000000000000000, -1.000000000000000000, -0.000000000000000000 ) ) ;
#2385 = PLANE ( 'NONE',  #3019 ) ;
#2386 = EDGE_CURVE ( 'NONE', #2408, #483, #2351, .T. ) ;
#2387 = DIRECTION ( 'NONE',  ( 0.000000000000000000, 0.000000000000000000, -1.000000000000000000 ) ) ;
#2388 = EDGE_CURVE ( 'NONE', #3077, #2879, #3572, .T. ) ;
#2389 = SURFACE_STYLE_USAGE ( .BOTH. , #51 ) ;
#2390 = DIRECTION ( 'NONE',  ( -1.224646799147353207E-16, 1.000000000000000000, 0.000000000000000000 ) ) ;
#2391 = DIRECTION ( 'NONE',  ( 0.000000000000000000, -0.7071067811865490160, 0.7071067811865460184 ) ) ;
#2392 =( LENGTH_UNIT ( ) NAMED_UNIT ( * ) SI_UNIT ( .MILLI., .METRE. ) );
#2393 = LINE ( 'NONE', #2416, #583 ) ;
#2394 = CARTESIAN_POINT ( 'NONE',  ( 2.850000000000000089, 0.000000000000000000, -0.3500000000000000888 ) ) ;
#2395 = EDGE_CURVE ( 'NONE', #2243, #188, #3234, .T. ) ;
#2396 = VECTOR ( 'NONE', #1991, 999.9999999999998863 ) ;
#2397 = CIRCLE ( 'NONE', #3256, 0.2000000000000000111 ) ;
#2398 = LINE ( 'NONE', #2116, #1834 ) ;
#2399 = CIRCLE ( 'NONE', #1732, 0.3499999999999998113 ) ;
#2400 = COLOUR_RGB ( '',1.000000000000000000, 1.000000000000000000, 1.000000000000000000 ) ;
#2401 = ORIENTED_EDGE ( 'NONE', *, *, #3252, .F. ) ;
#2402 = CARTESIAN_POINT ( 'NONE',  ( 4.949999999999999289, 4.900000000000000355, -1.300000000000000711 ) ) ;
#2403 = COLOUR_RGB ( '',1.000000000000000000, 1.000000000000000000, 1.000000000000000000 ) ;
#2404 = LINE ( 'NONE', #1542, #888 ) ;
#2405 = COLOUR_RGB ( '',1.000000000000000000, 1.000000000000000000, 1.000000000000000000 ) ;
#2406 = AXIS2_PLACEMENT_3D ( 'NONE', #3719, #1100, #2768 ) ;
#2407 = ORIENTED_EDGE ( 'NONE', *, *, #2208, .F. ) ;
#2408 = VERTEX_POINT ( 'NONE', #2370 ) ;
#2409 =( LENGTH_UNIT ( ) NAMED_UNIT ( * ) SI_UNIT ( .MILLI., .METRE. ) );
#2410 = MECHANICAL_DESIGN_GEOMETRIC_PRESENTATION_REPRESENTATION (  '', ( #440 ), #2656 ) ;
#2411 =( LENGTH_UNIT ( ) NAMED_UNIT ( * ) SI_UNIT ( .MILLI., .METRE. ) );
#2412 = CARTESIAN_POINT ( 'NONE',  ( 4.949999999999999289, 2.180000000000000604, 5.599999999999999645 ) ) ;
#2413 = SURFACE_SIDE_STYLE ('',( #3300 ) ) ;
#2414 = CARTESIAN_POINT ( 'NONE',  ( -2.450000000000000178, 3.899999999999999911, 1.699999999999999067 ) ) ;
#2415 = ORIENTED_EDGE ( 'NONE', *, *, #2830, .T. ) ;
#2416 = CARTESIAN_POINT ( 'NONE',  ( 3.730000000000000870, 0.000000000000000000, 1.699999999999999289 ) ) ;
#2417 = CARTESIAN_POINT ( 'NONE',  ( 4.249999999999999112, 4.180000000000000604, 6.599999999999995204 ) ) ;
#2418 = ADVANCED_FACE ( 'NONE', ( #893 ), #28, .F. ) ;
#2419 = SURFACE_SIDE_STYLE ('',( #390 ) ) ;
#2420 = CARTESIAN_POINT ( 'NONE',  ( -1.750000000000000222, 1.580000000000000515, 2.600000000000000089 ) ) ;
#2421 =( LENGTH_UNIT ( ) NAMED_UNIT ( * ) SI_UNIT ( .MILLI., .METRE. ) );
#2422 = COLOUR_RGB ( '',1.000000000000000000, 1.000000000000000000, 1.000000000000000000 ) ;
#2423 = STYLED_ITEM ( 'NONE', ( #778 ), #1638 ) ;
#2424 = ORIENTED_EDGE ( 'NONE', *, *, #2815, .F. ) ;
#2425 = SURFACE_SIDE_STYLE ('',( #2462 ) ) ;
#2426 = SURFACE_STYLE_FILL_AREA ( #3007 ) ;
#2427 = PRESENTATION_LAYER_ASSIGNMENT (  '', '', ( #2237 ) ) ;
#2428 = ORIENTED_EDGE ( 'NONE', *, *, #3388, .T. ) ;
#2429 = ORIENTED_EDGE ( 'NONE', *, *, #447, .F. ) ;
#2430 =( NAMED_UNIT ( * ) SI_UNIT ( $, .STERADIAN. ) SOLID_ANGLE_UNIT ( ) );
#2431 = DIRECTION ( 'NONE',  ( -0.000000000000000000, -0.000000000000000000, 1.000000000000000000 ) ) ;
#2432 = PLANE ( 'NONE',  #1521 ) ;
#2433 = CARTESIAN_POINT ( 'NONE',  ( -1.750000000000000222, 1.580000000000000515, 6.599999999999999645 ) ) ;
#2434 =( LENGTH_UNIT ( ) NAMED_UNIT ( * ) SI_UNIT ( .MILLI., .METRE. ) );
#2435 = EDGE_CURVE ( 'NONE', #3713, #2258, #2332, .T. ) ;
#2436 = VECTOR ( 'NONE', #1886, 1000.000000000000114 ) ;
#2437 = CARTESIAN_POINT ( 'NONE',  ( -2.450000000000000178, 4.900000000000000355, -1.300000000000000711 ) ) ;
#2438 =( NAMED_UNIT ( * ) SI_UNIT ( $, .STERADIAN. ) SOLID_ANGLE_UNIT ( ) );
#2439 = LINE ( 'NONE', #1332, #1930 ) ;
#2440 = VECTOR ( 'NONE', #209, 1000.000000000000000 ) ;
#2441 = ORIENTED_EDGE ( 'NONE', *, *, #3734, .T. ) ;
#2442 = CARTESIAN_POINT ( 'NONE',  ( 4.250000000000000000, 3.899999999999999023, 1.699999999999999289 ) ) ;
#2443 = FILL_AREA_STYLE ('',( #1817 ) ) ;
#2444 = ADVANCED_FACE ( 'NONE', ( #3201 ), #3766, .F. ) ;
#2445 = ORIENTED_EDGE ( 'NONE', *, *, #2856, .F. ) ;
#2446 = EDGE_LOOP ( 'NONE', ( #1916, #259, #1338, #1022 ) ) ;
#2447 = DIRECTION ( 'NONE',  ( 0.000000000000000000, 3.942553354492747968E-16, -1.000000000000000000 ) ) ;
#2448 = FILL_AREA_STYLE_COLOUR ( '', #38 ) ;
#2449 = CARTESIAN_POINT ( 'NONE',  ( 2.149999999999999911, 1.800000000000000711, 6.099999999999999645 ) ) ;
#2450 = CARTESIAN_POINT ( 'NONE',  ( 4.250000000000000000, 1.579999999999999849, 2.600000000000000089 ) ) ;
#2451 = DIRECTION ( 'NONE',  ( -0.000000000000000000, -0.000000000000000000, 1.000000000000000000 ) ) ;
#2452 = ORIENTED_EDGE ( 'NONE', *, *, #1505, .T. ) ;
#2453 =( LENGTH_UNIT ( ) NAMED_UNIT ( * ) SI_UNIT ( .MILLI., .METRE. ) );
#2454 = FILL_AREA_STYLE_COLOUR ( '', #2045 ) ;
#2455 = FILL_AREA_STYLE ('',( #2741 ) ) ;
#2456 = EDGE_CURVE ( 'NONE', #1491, #283, #1214, .T. ) ;
#2457 =( NAMED_UNIT ( * ) SI_UNIT ( $, .STERADIAN. ) SOLID_ANGLE_UNIT ( ) );
#2458 = UNCERTAINTY_MEASURE_WITH_UNIT (LENGTH_MEASURE( 1.000000000000000082E-05 ), #3708, 'distance_accuracy_value', 'NONE');
#2459 = VECTOR ( 'NONE', #2963, 1000.000000000000000 ) ;
#2460 = EDGE_CURVE ( 'NONE', #3268, #1024, #2913, .T. ) ;
#2461 = ORIENTED_EDGE ( 'NONE', *, *, #2583, .T. ) ;
#2462 = SURFACE_STYLE_FILL_AREA ( #3609 ) ;
#2463 = ORIENTED_EDGE ( 'NONE', *, *, #1257, .T. ) ;
#2464 = FACE_OUTER_BOUND ( 'NONE', #2011, .T. ) ;
#2465 = EDGE_CURVE ( 'NONE', #571, #3413, #1170, .T. ) ;
#2466 = ORIENTED_EDGE ( 'NONE', *, *, #3671, .F. ) ;
#2467 = ADVANCED_FACE ( 'NONE', ( #2933 ), #3785, .F. ) ;
#2469 =( LENGTH_UNIT ( ) NAMED_UNIT ( * ) SI_UNIT ( .MILLI., .METRE. ) );
#2468 = STYLED_ITEM ( 'NONE', ( #2876 ), #2444 ) ;
#2470 = CIRCLE ( 'NONE', #3022, 0.3499999999999998113 ) ;
#2471 = VECTOR ( 'NONE', #791, 1000.000000000000000 ) ;
#2472 = CARTESIAN_POINT ( 'NONE',  ( -1.084202172485504434E-16, -3.500000000000000000, -4.295895400414262210E-16 ) ) ;
#2473 = DIRECTION ( 'NONE',  ( 0.000000000000000000, 0.000000000000000000, -1.000000000000000000 ) ) ;
#2474 = CARTESIAN_POINT ( 'NONE',  ( -1.084202172485504434E-16, -3.300000000000000266, -4.050415663247733490E-16 ) ) ;
#2475 = CARTESIAN_POINT ( 'NONE',  ( 2.500000000000000000, 1.800000000000000711, 5.899999999999999467 ) ) ;
#2476 = COLOUR_RGB ( '',1.000000000000000000, 1.000000000000000000, 1.000000000000000000 ) ;
#2477 = PLANE ( 'NONE',  #3049 ) ;
#2478 = PRESENTATION_STYLE_ASSIGNMENT (( #3331 ) ) ;
#2479 =( NAMED_UNIT ( * ) SI_UNIT ( $, .STERADIAN. ) SOLID_ANGLE_UNIT ( ) );
#2480 = ORIENTED_EDGE ( 'NONE', *, *, #2375, .F. ) ;
#2481 = ORIENTED_EDGE ( 'NONE', *, *, #3069, .F. ) ;
#2482 = ADVANCED_FACE ( 'NONE', ( #839 ), #2978, .F. ) ;
#2483 = MECHANICAL_DESIGN_GEOMETRIC_PRESENTATION_REPRESENTATION (  '', ( #1380 ), #1558 ) ;
#2484 = VERTEX_POINT ( 'NONE', #2526 ) ;
#2485 = SURFACE_SIDE_STYLE ('',( #1891 ) ) ;
#2486 =( LENGTH_UNIT ( ) NAMED_UNIT ( * ) SI_UNIT ( .MILLI., .METRE. ) );
#2487 = LINE ( 'NONE', #1041, #3498 ) ;
#2488 = ORIENTED_EDGE ( 'NONE', *, *, #2465, .T. ) ;
#2489 = ADVANCED_FACE ( 'NONE', ( #443 ), #171, .F. ) ;
#2490 = VERTEX_POINT ( 'NONE', #1512 ) ;
#2491 = EDGE_LOOP ( 'NONE', ( #1069, #1300, #809, #2054, #314 ) ) ;
#2492 = CARTESIAN_POINT ( 'NONE',  ( -2.450000000000000178, 4.900000000000000355, 1.699999999999999289 ) ) ;
#2493 = MECHANICAL_DESIGN_GEOMETRIC_PRESENTATION_REPRESENTATION (  '', ( #2423 ), #2123 ) ;
#2494 = PRESENTATION_STYLE_ASSIGNMENT (( #736 ) ) ;
#2495 = DIRECTION ( 'NONE',  ( 0.000000000000000000, 0.000000000000000000, -1.000000000000000000 ) ) ;
#2496 = DIRECTION ( 'NONE',  ( -0.000000000000000000, -0.000000000000000000, 1.000000000000000000 ) ) ;
#2497 = ORIENTED_EDGE ( 'NONE', *, *, #445, .T. ) ;
#2498 = DIRECTION ( 'NONE',  ( 0.000000000000000000, -3.942553354492748461E-16, 1.000000000000000000 ) ) ;
#2499 = EDGE_CURVE ( 'NONE', #2258, #3020, #1010, .T. ) ;
#2500 = FACE_OUTER_BOUND ( 'NONE', #3507, .T. ) ;
#2501 = CARTESIAN_POINT ( 'NONE',  ( 1.700000000000000400, 0.6800000000000004929, 6.099999999999999645 ) ) ;
#2502 = ORIENTED_EDGE ( 'NONE', *, *, #1467, .T. ) ;
#2503 = EDGE_LOOP ( 'NONE', ( #2350, #2905, #3352, #1741, #2086, #1692, #980, #3229, #538, #2279, #1408, #1379, #1651 ) ) ;
#2504 = STYLED_ITEM ( 'NONE', ( #793 ), #529 ) ;
#2505 = VERTEX_POINT ( 'NONE', #1599 ) ;
#2506 = LINE ( 'NONE', #3370, #1976 ) ;
#2507 = VECTOR ( 'NONE', #2001, 1000.000000000000000 ) ;
#2508 = VERTEX_POINT ( 'NONE', #2492 ) ;
#2509 = ORIENTED_EDGE ( 'NONE', *, *, #2681, .F. ) ;
#2510 = COLOUR_RGB ( '',1.000000000000000000, 1.000000000000000000, 1.000000000000000000 ) ;
#2511 = EDGE_CURVE ( 'NONE', #1705, #170, #2161, .T. ) ;
#2512 = CIRCLE ( 'NONE', #222, 0.3499999999999999223 ) ;
#2513 = EDGE_CURVE ( 'NONE', #2266, #1953, #3359, .T. ) ;
#2514 = DIRECTION ( 'NONE',  ( 0.7071067811865469066, -0.7071067811865482389, 0.000000000000000000 ) ) ;
#2515 = CARTESIAN_POINT ( 'NONE',  ( -1.750000000000000222, 2.180000000000000604, 2.600000000000000089 ) ) ;
#2516 = CARTESIAN_POINT ( 'NONE',  ( -0.3500000000000000888, 0.000000000000000000, -0.3499999999999999223 ) ) ;
#2517 = PRODUCT_DEFINITION ( 'UNKNOWN', '', #1551, #1762 ) ;
#2518 = CARTESIAN_POINT ( 'NONE',  ( 4.949999999999999289, 0.000000000000000000, 1.699999999999999289 ) ) ;
#2519 = ORIENTED_EDGE ( 'NONE', *, *, #1413, .F. ) ;
#2520 = ORIENTED_EDGE ( 'NONE', *, *, #918, .T. ) ;
#2521 = VERTEX_POINT ( 'NONE', #1045 ) ;
#2522 = DIRECTION ( 'NONE',  ( 1.000000000000000000, -0.000000000000000000, -0.000000000000000000 ) ) ;
#2523 = DIRECTION ( 'NONE',  ( 1.000000000000000000, -0.000000000000000000, -0.000000000000000000 ) ) ;
#2524 = ORIENTED_EDGE ( 'NONE', *, *, #3069, .T. ) ;
#2525 = ORIENTED_EDGE ( 'NONE', *, *, #158, .T. ) ;
#2526 = CARTESIAN_POINT ( 'NONE',  ( -1.750000000000000222, 3.679999999999999272, 6.099999999999994316 ) ) ;
#2527 = COLOUR_RGB ( '',1.000000000000000000, 1.000000000000000000, 1.000000000000000000 ) ;
#2528 = FILL_AREA_STYLE_COLOUR ( '', #808 ) ;
#2529 = MECHANICAL_DESIGN_GEOMETRIC_PRESENTATION_REPRESENTATION (  '', ( #868 ), #624 ) ;
#2530 = ADVANCED_FACE ( 'NONE', ( #2215 ), #2278, .T. ) ;
#2531 = STYLED_ITEM ( 'NONE', ( #1534 ), #2252 ) ;
#2532 = PLANE ( 'NONE',  #1708 ) ;
#2533 = FACE_OUTER_BOUND ( 'NONE', #3126, .T. ) ;
#2534 = STYLED_ITEM ( 'NONE', ( #47 ), #3680 ) ;
#2535 = FILL_AREA_STYLE_COLOUR ( '', #2862 ) ;
#2536 = CARTESIAN_POINT ( 'NONE',  ( -1.750000000000000222, 2.180000000000000604, 5.599999999999999645 ) ) ;
#2537 = AXIS2_PLACEMENT_3D ( 'NONE', #3156, #2263, #1972 ) ;
#2538 = ORIENTED_EDGE ( 'NONE', *, *, #2118, .F. ) ;
#2539 = ORIENTED_EDGE ( 'NONE', *, *, #2726, .T. ) ;
#2540 = CARTESIAN_POINT ( 'NONE',  ( -0.3499999999999999223, 0.000000000000000000, 4.286263797015732281E-17 ) ) ;
#2541 = ADVANCED_FACE ( 'NONE', ( #757 ), #192, .T. ) ;
#2542 = STYLED_ITEM ( 'NONE', ( #2601 ), #1974 ) ;
#2543 = ORIENTED_EDGE ( 'NONE', *, *, #3115, .T. ) ;
#2544 = ORIENTED_EDGE ( 'NONE', *, *, #1342, .T. ) ;
#2545 =( LENGTH_UNIT ( ) NAMED_UNIT ( * ) SI_UNIT ( .MILLI., .METRE. ) );
#2546 = AXIS2_PLACEMENT_3D ( 'NONE', #552, #273, #2631 ) ;
#2547 = MECHANICAL_DESIGN_GEOMETRIC_PRESENTATION_REPRESENTATION (  '', ( #522 ), #1942 ) ;
#2548 = PLANE ( 'NONE',  #1285 ) ;
#2549 = LINE ( 'NONE', #3653, #3740 ) ;
#2550 = LINE ( 'NONE', #3402, #3100 ) ;
#2551 = SURFACE_SIDE_STYLE ('',( #1650 ) ) ;
#2552 = DIRECTION ( 'NONE',  ( 0.000000000000000000, 1.000000000000000000, 0.000000000000000000 ) ) ;
#2553 = EDGE_LOOP ( 'NONE', ( #3344, #2207, #1999, #2556, #2619, #36, #1339, #3569 ) ) ;
#2554 = EDGE_CURVE ( 'NONE', #1580, #606, #2037, .T. ) ;
#2555 = UNCERTAINTY_MEASURE_WITH_UNIT (LENGTH_MEASURE( 1.000000000000000082E-05 ), #2469, 'distance_accuracy_value', 'NONE');
#2556 = ORIENTED_EDGE ( 'NONE', *, *, #1303, .F. ) ;
#2557 = CARTESIAN_POINT ( 'NONE',  ( 2.850000000000000089, 1.800000000000000711, 2.600000000000000089 ) ) ;
#2558 = CARTESIAN_POINT ( 'NONE',  ( -1.084202172485504434E-16, 2.150000000000000355, 0.6000000000000046407 ) ) ;
#2559 = SURFACE_STYLE_USAGE ( .BOTH. , #3338 ) ;
#2560 = STYLED_ITEM ( 'NONE', ( #1486 ), #102 ) ;
#2561 = ORIENTED_EDGE ( 'NONE', *, *, #1299, .T. ) ;
#2562 = CARTESIAN_POINT ( 'NONE',  ( -1.084202172485504434E-16, 1.800000000000000711, 5.899999999999999467 ) ) ;
#2563 = MECHANICAL_DESIGN_GEOMETRIC_PRESENTATION_REPRESENTATION (  '', ( #1957 ), #905 ) ;
#2564 = VERTEX_POINT ( 'NONE', #2848 ) ;
#2565 = EDGE_CURVE ( 'NONE', #2257, #1634, #687, .T. ) ;
#2566 = EDGE_LOOP ( 'NONE', ( #2461, #1358, #1848, #2150, #523, #1520, #1737, #2301 ) ) ;
#2567 = DIRECTION ( 'NONE',  ( 1.000000000000000000, -0.000000000000000000, -0.000000000000000000 ) ) ;
#2568 = LINE ( 'NONE', #1683, #805 ) ;
#2569 = LINE ( 'NONE', #139, #263 ) ;
#2570 = VECTOR ( 'NONE', #3546, 1000.000000000000000 ) ;
#2571 = CARTESIAN_POINT ( 'NONE',  ( -1.084202172485504434E-16, -3.500000000000000000, -0.1500000000000002442 ) ) ;
#2572 = CARTESIAN_POINT ( 'NONE',  ( 2.500000000000000000, 1.200000000000001066, 0.5999999999999998668 ) ) ;
#2573 = DIRECTION ( 'NONE',  ( 0.000000000000000000, 0.000000000000000000, -1.000000000000000000 ) ) ;
#2574 = EDGE_LOOP ( 'NONE', ( #3796, #1819, #638, #599, #3462 ) ) ;
#2575 = VERTEX_POINT ( 'NONE', #2600 ) ;
#2576 = DIRECTION ( 'NONE',  ( 0.000000000000000000, 0.000000000000000000, 1.000000000000000000 ) ) ;
#2577 = SURFACE_SIDE_STYLE ('',( #3172 ) ) ;
#2578 = ADVANCED_FACE ( 'NONE', ( #1696 ), #562, .T. ) ;
#2579 = ORIENTED_EDGE ( 'NONE', *, *, #1757, .F. ) ;
#2580 = LINE ( 'NONE', #3195, #66 ) ;
#2581 = SURFACE_STYLE_USAGE ( .BOTH. , #887 ) ;
#2582 = CARTESIAN_POINT ( 'NONE',  ( -1.750000000000000222, 2.379999999999998561, 6.599999999999998757 ) ) ;
#2583 = EDGE_CURVE ( 'NONE', #3395, #2797, #2580, .T. ) ;
#2584 = EDGE_LOOP ( 'NONE', ( #1267, #2524, #1044, #3762, #1281 ) ) ;
#2585 = ORIENTED_EDGE ( 'NONE', *, *, #1036, .T. ) ;
#2586 = CARTESIAN_POINT ( 'NONE',  ( 4.249999999999999112, 2.379999999999998561, 6.599999999999998757 ) ) ;
#2587 = AXIS2_PLACEMENT_3D ( 'NONE', #916, #2096, #626 ) ;
#2588 = TOROIDAL_SURFACE ( 'NONE', #3379, 0.1499999999999998279, 0.2000000000000000111 ) ;
#2589 = COLOUR_RGB ( '',1.000000000000000000, 1.000000000000000000, 1.000000000000000000 ) ;
#2590 = DIRECTION ( 'NONE',  ( 1.000000000000000000, -0.000000000000000000, -0.000000000000000000 ) ) ;
#2591 = SURFACE_STYLE_FILL_AREA ( #179 ) ;
#2592 = EDGE_LOOP ( 'NONE', ( #3216, #3299, #732, #652 ) ) ;
#2593 = PRESENTATION_LAYER_ASSIGNMENT (  '', '', ( #2468 ) ) ;
#2594 = UNCERTAINTY_MEASURE_WITH_UNIT (LENGTH_MEASURE( 1.000000000000000082E-05 ), #1868, 'distance_accuracy_value', 'NONE');
#2595 = PRESENTATION_LAYER_ASSIGNMENT (  '', '', ( #437 ) ) ;
#2596 = ORIENTED_EDGE ( 'NONE', *, *, #3639, .T. ) ;
#2597 = DIRECTION ( 'NONE',  ( 0.000000000000000000, 0.000000000000000000, -1.000000000000000000 ) ) ;
#2598 = FILL_AREA_STYLE_COLOUR ( '', #2510 ) ;
#2599 = ORIENTED_EDGE ( 'NONE', *, *, #312, .T. ) ;
#2600 = CARTESIAN_POINT ( 'NONE',  ( 0.3499999999999998113, 1.000000000000000000, 2.143131898507867681E-17 ) ) ;
#2601 = PRESENTATION_STYLE_ASSIGNMENT (( #1699 ) ) ;
#2602 = EDGE_CURVE ( 'NONE', #1369, #2902, #1738, .T. ) ;
#2603 = STYLED_ITEM ( 'NONE', ( #3737 ), #1960 ) ;
#2604 =( LENGTH_UNIT ( ) NAMED_UNIT ( * ) SI_UNIT ( .MILLI., .METRE. ) );
#2605 = CARTESIAN_POINT ( 'NONE',  ( 2.500000000000000000, 1.800000000000000711, 0.6999999999999988454 ) ) ;
#2606 = UNCERTAINTY_MEASURE_WITH_UNIT (LENGTH_MEASURE( 1.000000000000000082E-05 ), #2976, 'distance_accuracy_value', 'NONE');
#2607 = PRESENTATION_LAYER_ASSIGNMENT (  '', '', ( #1264 ) ) ;
#2608 = ORIENTED_EDGE ( 'NONE', *, *, #3464, .F. ) ;
#2609 = DIRECTION ( 'NONE',  ( -0.7071067811865472397, -0.7071067811865479058, -0.000000000000000000 ) ) ;
#2610 = PRESENTATION_STYLE_ASSIGNMENT (( #2935 ) ) ;
#2611 = LINE ( 'NONE', #2916, #698 ) ;
#2612 = PRESENTATION_LAYER_ASSIGNMENT (  '', '', ( #1140 ) ) ;
#2613 = EDGE_CURVE ( 'NONE', #1224, #3535, #1195, .T. ) ;
#2614 = EDGE_CURVE ( 'NONE', #3646, #1856, #206, .T. ) ;
#2615 = PLANE ( 'NONE',  #119 ) ;
#2616 =( NAMED_UNIT ( * ) PLANE_ANGLE_UNIT ( ) SI_UNIT ( $, .RADIAN. ) );
#2617 = ORIENTED_EDGE ( 'NONE', *, *, #365, .T. ) ;
#2618 = SURFACE_SIDE_STYLE ('',( #1954 ) ) ;
#2619 = ORIENTED_EDGE ( 'NONE', *, *, #1694, .T. ) ;
#2620 = ORIENTED_EDGE ( 'NONE', *, *, #2511, .T. ) ;
#2621 = STYLED_ITEM ( 'NONE', ( #2168 ), #112 ) ;
#2622 = LINE ( 'NONE', #911, #433 ) ;
#2623 = MECHANICAL_DESIGN_GEOMETRIC_PRESENTATION_REPRESENTATION (  '', ( #2504 ), #2928 ) ;
#2624 = DIRECTION ( 'NONE',  ( -1.000000000000000000, 0.000000000000000000, -0.000000000000000000 ) ) ;
#2625 = DIRECTION ( 'NONE',  ( 0.000000000000000000, -1.000000000000000000, 0.000000000000000000 ) ) ;
#2626 = CARTESIAN_POINT ( 'NONE',  ( -0.8500000000000003109, 0.6800000000000004929, 2.600000000000000089 ) ) ;
#2627 = EDGE_CURVE ( 'NONE', #2188, #3741, #1989, .T. ) ;
#2628 = CARTESIAN_POINT ( 'NONE',  ( 4.249999999999999112, 3.679999999999999272, 6.099999999999994316 ) ) ;
#2629 = DIRECTION ( 'NONE',  ( 6.195440985631453345E-16, -1.000000000000000000, -1.121588454295349533E-16 ) ) ;
#2630 = PRESENTATION_STYLE_ASSIGNMENT (( #29 ) ) ;
#2631 = DIRECTION ( 'NONE',  ( 0.000000000000000000, 0.000000000000000000, -1.000000000000000000 ) ) ;
#2632 = UNCERTAINTY_MEASURE_WITH_UNIT (LENGTH_MEASURE( 1.000000000000000082E-05 ), #1472, 'distance_accuracy_value', 'NONE');
#2633 = ADVANCED_FACE ( 'NONE', ( #2284 ), #830, .F. ) ;
#2634 = FACE_OUTER_BOUND ( 'NONE', #113, .T. ) ;
#2635 = FILL_AREA_STYLE_COLOUR ( '', #1176 ) ;
#2636 = CARTESIAN_POINT ( 'NONE',  ( 4.250000000000000000, 1.579999999999999849, 2.600000000000000089 ) ) ;
#2637 = ORIENTED_EDGE ( 'NONE', *, *, #3484, .F. ) ;
#2638 = EDGE_LOOP ( 'NONE', ( #3227, #2579, #3587, #1896 ) ) ;
#2639 = DIRECTION ( 'NONE',  ( 0.9762960071199332512, 0.000000000000000000, 0.2164396139381031814 ) ) ;
#2640 = ORIENTED_EDGE ( 'NONE', *, *, #517, .T. ) ;
#2641 = PRESENTATION_STYLE_ASSIGNMENT (( #1103 ) ) ;
#2642 = LINE ( 'NONE', #857, #768 ) ;
#2643 = UNCERTAINTY_MEASURE_WITH_UNIT (LENGTH_MEASURE( 1.000000000000000082E-05 ), #2421, 'distance_accuracy_value', 'NONE');
#2644 = AXIS2_PLACEMENT_3D ( 'NONE', #802, #1138, #2576 ) ;
#2645 = SURFACE_STYLE_FILL_AREA ( #2376 ) ;
#2646 = DIRECTION ( 'NONE',  ( 1.000000000000000000, 6.195440985631453345E-16, 0.000000000000000000 ) ) ;
#2647 = CARTESIAN_POINT ( 'NONE',  ( 2.500000000000000000, 1.800000000000000711, 0.6000000000000046407 ) ) ;
#2648 = AXIS2_PLACEMENT_3D ( 'NONE', #1346, #764, #2255 ) ;
#2649 = CARTESIAN_POINT ( 'NONE',  ( -2.450000000000000178, 3.899999999999999911, 0.6999999999999992895 ) ) ;
#2650 = AXIS2_PLACEMENT_3D ( 'NONE', #1952, #3113, #480 ) ;
#2651 = ADVANCED_FACE ( 'NONE', ( #3513 ), #3286, .F. ) ;
#2652 = COLOUR_RGB ( '',1.000000000000000000, 1.000000000000000000, 1.000000000000000000 ) ;
#2653 =( GEOMETRIC_REPRESENTATION_CONTEXT ( 3 ) GLOBAL_UNCERTAINTY_ASSIGNED_CONTEXT ( ( #2316 ) ) GLOBAL_UNIT_ASSIGNED_CONTEXT ( ( #329, #2686, #1897 ) ) REPRESENTATION_CONTEXT ( 'NONE', 'WORKASPACE' ) );
#2654 =( NAMED_UNIT ( * ) SI_UNIT ( $, .STERADIAN. ) SOLID_ANGLE_UNIT ( ) );
#2655 = ORIENTED_EDGE ( 'NONE', *, *, #2050, .T. ) ;
#2656 =( GEOMETRIC_REPRESENTATION_CONTEXT ( 3 ) GLOBAL_UNCERTAINTY_ASSIGNED_CONTEXT ( ( #1750 ) ) GLOBAL_UNIT_ASSIGNED_CONTEXT ( ( #2069, #1833, #2659 ) ) REPRESENTATION_CONTEXT ( 'NONE', 'WORKASPACE' ) );
#2657 = AXIS2_PLACEMENT_3D ( 'NONE', #2206, #1909, #106 ) ;
#2658 = ORIENTED_EDGE ( 'NONE', *, *, #2199, .T. ) ;
#2659 =( NAMED_UNIT ( * ) SI_UNIT ( $, .STERADIAN. ) SOLID_ANGLE_UNIT ( ) );
#2661 = DIRECTION ( 'NONE',  ( 0.000000000000000000, -0.7071067811865511255, -0.7071067811865440200 ) ) ;
#2660 = CIRCLE ( 'NONE', #2973, 0.3499999999999999223 ) ;
#2662 = EDGE_CURVE ( 'NONE', #2564, #1327, #2678, .T. ) ;
#2663 = ORIENTED_EDGE ( 'NONE', *, *, #1186, .T. ) ;
#2664 = LINE ( 'NONE', #50, #3312 ) ;
#2665 = FILL_AREA_STYLE ('',( #569 ) ) ;
#2666 = DIRECTION ( 'NONE',  ( 0.000000000000000000, 1.121588454295349533E-16, -1.000000000000000000 ) ) ;
#2667 = DIRECTION ( 'NONE',  ( 0.2164396139381036255, 0.000000000000000000, -0.9762960071199331402 ) ) ;
#2668 = AXIS2_PLACEMENT_3D ( 'NONE', #2323, #2639, #3489 ) ;
#2669 = FILL_AREA_STYLE ('',( #3787 ) ) ;
#2670 = FACE_OUTER_BOUND ( 'NONE', #2922, .T. ) ;
#2671 =( NAMED_UNIT ( * ) PLANE_ANGLE_UNIT ( ) SI_UNIT ( $, .RADIAN. ) );
#2672 = VECTOR ( 'NONE', #2225, 1000.000000000000000 ) ;
#2673 = VECTOR ( 'NONE', #2667, 1000.000000000000227 ) ;
#2674 = LINE ( 'NONE', #3241, #1283 ) ;
#2675 = EDGE_CURVE ( 'NONE', #2734, #3453, #376, .T. ) ;
#2676 = SURFACE_STYLE_USAGE ( .BOTH. , #2707 ) ;
#2677 = ORIENTED_EDGE ( 'NONE', *, *, #2805, .T. ) ;
#2678 = LINE ( 'NONE', #2402, #2224 ) ;
#2679 = ORIENTED_EDGE ( 'NONE', *, *, #2614, .F. ) ;
#2680 = SURFACE_STYLE_USAGE ( .BOTH. , #951 ) ;
#2681 = EDGE_CURVE ( 'NONE', #1838, #3548, #2716, .T. ) ;
#2682 = PRESENTATION_LAYER_ASSIGNMENT (  '', '', ( #1397 ) ) ;
#2683 =( LENGTH_UNIT ( ) NAMED_UNIT ( * ) SI_UNIT ( .MILLI., .METRE. ) );
#2684 = PLANE ( 'NONE',  #586 ) ;
#2685 = VECTOR ( 'NONE', #3770, 1000.000000000000000 ) ;
#2686 =( NAMED_UNIT ( * ) PLANE_ANGLE_UNIT ( ) SI_UNIT ( $, .RADIAN. ) );
#2687 =( LENGTH_UNIT ( ) NAMED_UNIT ( * ) SI_UNIT ( .MILLI., .METRE. ) );
#2688 = DIRECTION ( 'NONE',  ( 0.000000000000000000, -1.000000000000000000, -1.227398685832646557E-16 ) ) ;
#2689 = SURFACE_SIDE_STYLE ('',( #331 ) ) ;
#2690 = DIRECTION ( 'NONE',  ( -0.000000000000000000, 1.000000000000000000, -0.000000000000000000 ) ) ;
#2691 = STYLED_ITEM ( 'NONE', ( #1513 ), #493 ) ;
#2692 = MECHANICAL_DESIGN_GEOMETRIC_PRESENTATION_REPRESENTATION (  '', ( #3411 ), #101 ) ;
#2693 = DIRECTION ( 'NONE',  ( 0.000000000000000000, 0.000000000000000000, 1.000000000000000000 ) ) ;
#2694 = DIRECTION ( 'NONE',  ( 0.000000000000000000, -1.000000000000000000, -1.227398685832646557E-16 ) ) ;
#2695 = CARTESIAN_POINT ( 'NONE',  ( -1.084202172485504434E-16, 1.800000000000000711, 6.099999999999999645 ) ) ;
#2696 = STYLED_ITEM ( 'NONE', ( #1557 ), #1094 ) ;
#2697 = EDGE_CURVE ( 'NONE', #3453, #2734, #1061, .T. ) ;
#2698 = ORIENTED_EDGE ( 'NONE', *, *, #3478, .F. ) ;
#2699 = LINE ( 'NONE', #356, #878 ) ;
#2700 = DIRECTION ( 'NONE',  ( 0.000000000000000000, 0.000000000000000000, 1.000000000000000000 ) ) ;
#2701 =( NAMED_UNIT ( * ) SI_UNIT ( $, .STERADIAN. ) SOLID_ANGLE_UNIT ( ) );
#2702 = FILL_AREA_STYLE_COLOUR ( '', #61 ) ;
#2703 = DIRECTION ( 'NONE',  ( 0.000000000000000000, -1.000000000000000000, -1.227398685832646557E-16 ) ) ;
#2704 = DIRECTION ( 'NONE',  ( 0.000000000000000000, 1.000000000000000000, 3.942553354492748461E-16 ) ) ;
#2705 = MECHANICAL_DESIGN_GEOMETRIC_PRESENTATION_REPRESENTATION (  '', ( #1317 ), #1726 ) ;
#2706 = SURFACE_STYLE_USAGE ( .BOTH. , #407 ) ;
#2707 = SURFACE_SIDE_STYLE ('',( #2381 ) ) ;
#2708 = AXIS2_PLACEMENT_3D ( 'NONE', #2028, #55, #2143 ) ;
#2709 = EDGE_LOOP ( 'NONE', ( #240, #3110, #2880, #22, #3627, #3650, #1591 ) ) ;
#2710 = PRESENTATION_LAYER_ASSIGNMENT (  '', '', ( #1187 ) ) ;
#2711 = ORIENTED_EDGE ( 'NONE', *, *, #87, .T. ) ;
#2712 = DIRECTION ( 'NONE',  ( 1.000000000000000000, -0.000000000000000000, -0.000000000000000000 ) ) ;
#2713 = MECHANICAL_DESIGN_GEOMETRIC_PRESENTATION_REPRESENTATION (  '', ( #568 ), #3504 ) ;
#2714 =( GEOMETRIC_REPRESENTATION_CONTEXT ( 3 ) GLOBAL_UNCERTAINTY_ASSIGNED_CONTEXT ( ( #2041 ) ) GLOBAL_UNIT_ASSIGNED_CONTEXT ( ( #922, #2104, #2988 ) ) REPRESENTATION_CONTEXT ( 'NONE', 'WORKASPACE' ) );
#2715 = ORIENTED_EDGE ( 'NONE', *, *, #1986, .T. ) ;
#2716 = CIRCLE ( 'NONE', #940, 0.1999999999999996503 ) ;
#2717 = DIRECTION ( 'NONE',  ( 0.000000000000000000, 0.000000000000000000, -1.000000000000000000 ) ) ;
#2718 = LINE ( 'NONE', #1246, #955 ) ;
#2719 = EDGE_CURVE ( 'NONE', #2287, #3512, #3532, .T. ) ;
#2720 = LINE ( 'NONE', #2163, #1087 ) ;
#2721 = FILL_AREA_STYLE ('',( #346 ) ) ;
#2722 = DIRECTION ( 'NONE',  ( 0.000000000000000000, 0.000000000000000000, -1.000000000000000000 ) ) ;
#2723 = LINE ( 'NONE', #403, #2762 ) ;
#2724 = FILL_AREA_STYLE ('',( #3050 ) ) ;
#2725 =( NAMED_UNIT ( * ) SI_UNIT ( $, .STERADIAN. ) SOLID_ANGLE_UNIT ( ) );
#2726 = EDGE_CURVE ( 'NONE', #150, #2188, #3549, .T. ) ;
#2727 = CARTESIAN_POINT ( 'NONE',  ( 2.949762598189324958, 1.000000000000000000, -0.8000000000000064837 ) ) ;
#2728 = UNCERTAINTY_MEASURE_WITH_UNIT (LENGTH_MEASURE( 1.000000000000000082E-05 ), #2260, 'distance_accuracy_value', 'NONE');
#2729 = EDGE_CURVE ( 'NONE', #983, #432, #2087, .T. ) ;
#2730 = COLOUR_RGB ( '',1.000000000000000000, 1.000000000000000000, 1.000000000000000000 ) ;
#2731 = VERTEX_POINT ( 'NONE', #318 ) ;
#2732 = LINE ( 'NONE', #2442, #313 ) ;
#2733 = CARTESIAN_POINT ( 'NONE',  ( 3.349999999999998757, 0.6799999999999999378, 2.600000000000000089 ) ) ;
#2734 = VERTEX_POINT ( 'NONE', #1816 ) ;
#2735 =( NAMED_UNIT ( * ) SI_UNIT ( $, .STERADIAN. ) SOLID_ANGLE_UNIT ( ) );
#2736 = EDGE_CURVE ( 'NONE', #2408, #1393, #284, .T. ) ;
#2737 = LINE ( 'NONE', #3616, #1895 ) ;
#2738 = LINE ( 'NONE', #3596, #2271 ) ;
#2739 = DIRECTION ( 'NONE',  ( 0.000000000000000000, 0.000000000000000000, 1.000000000000000000 ) ) ;
#2740 = CARTESIAN_POINT ( 'NONE',  ( 4.250000000000000000, 4.179999999999999716, 6.299999999999998046 ) ) ;
#2741 = FILL_AREA_STYLE_COLOUR ( '', #1714 ) ;
#2742 =( LENGTH_UNIT ( ) NAMED_UNIT ( * ) SI_UNIT ( .MILLI., .METRE. ) );
#2743 = STYLED_ITEM ( 'NONE', ( #3393 ), #815 ) ;
#2744 = EDGE_CURVE ( 'NONE', #3197, #3661, #2699, .T. ) ;
#2745 = EDGE_LOOP ( 'NONE', ( #237, #1633, #1298, #3490 ) ) ;
#2746 = CARTESIAN_POINT ( 'NONE',  ( -2.450000000000000178, 4.900000000000000355, 1.699999999999999289 ) ) ;
#2747 = LINE ( 'NONE', #3571, #2289 ) ;
#2748 = ORIENTED_EDGE ( 'NONE', *, *, #812, .F. ) ;
#2749 = DIRECTION ( 'NONE',  ( -1.000000000000000000, 0.000000000000000000, -0.000000000000000000 ) ) ;
#2750 = DIRECTION ( 'NONE',  ( 0.000000000000000000, 0.000000000000000000, -1.000000000000000000 ) ) ;
#2751 = LINE ( 'NONE', #645, #2785 ) ;
#2752 = CARTESIAN_POINT ( 'NONE',  ( -2.450000000000000178, 2.180000000000000604, 5.599999999999999645 ) ) ;
#2753 = ADVANCED_FACE ( 'NONE', ( #947 ), #1477, .F. ) ;
#2754 = CARTESIAN_POINT ( 'NONE',  ( -1.750000000000000222, 1.580000000000000515, 2.600000000000000089 ) ) ;
#2755 = DIRECTION ( 'NONE',  ( -0.000000000000000000, -0.000000000000000000, -1.000000000000000000 ) ) ;
#2756 = EDGE_CURVE ( 'NONE', #2508, #3465, #1005, .T. ) ;
#2757 = PRESENTATION_LAYER_ASSIGNMENT (  '', '', ( #3251 ) ) ;
#2758 = ORIENTED_EDGE ( 'NONE', *, *, #87, .F. ) ;
#2759 = DIRECTION ( 'NONE',  ( 0.000000000000000000, -1.121588454295349533E-16, 1.000000000000000000 ) ) ;
#2760 = DIRECTION ( 'NONE',  ( -1.000000000000000000, -0.000000000000000000, -0.000000000000000000 ) ) ;
#2761 = CIRCLE ( 'NONE', #2587, 0.3500000000000000333 ) ;
#2762 = VECTOR ( 'NONE', #81, 1000.000000000000000 ) ;
#2763 = ORIENTED_EDGE ( 'NONE', *, *, #467, .F. ) ;
#2764 = EDGE_CURVE ( 'NONE', #1414, #606, #2801, .T. ) ;
#2765 = MECHANICAL_DESIGN_GEOMETRIC_PRESENTATION_REPRESENTATION (  '', ( #2336 ), #679 ) ;
#2766 = ORIENTED_EDGE ( 'NONE', *, *, #726, .F. ) ;
#2767 = PRESENTATION_STYLE_ASSIGNMENT (( #2788 ) ) ;
#2768 = DIRECTION ( 'NONE',  ( 0.000000000000000000, -0.000000000000000000, -1.000000000000000000 ) ) ;
#2769 = EDGE_CURVE ( 'NONE', #2023, #2195, #2732, .T. ) ;
#2771 = DIRECTION ( 'NONE',  ( 0.000000000000000000, 0.000000000000000000, 1.000000000000000000 ) ) ;
#2770 = VECTOR ( 'NONE', #270, 1000.000000000000114 ) ;
#2772 = MECHANICAL_DESIGN_GEOMETRIC_PRESENTATION_REPRESENTATION (  '', ( #1988 ), #2051 ) ;
#2773 = PRESENTATION_LAYER_ASSIGNMENT (  '', '', ( #754 ) ) ;
#2774 = SURFACE_STYLE_FILL_AREA ( #3723 ) ;
#2775 = CARTESIAN_POINT ( 'NONE',  ( -1.750000000000000222, 2.180000000000001936, 0.6999999999999990674 ) ) ;
#2776 = UNCERTAINTY_MEASURE_WITH_UNIT (LENGTH_MEASURE( 1.000000000000000082E-05 ), #977, 'distance_accuracy_value', 'NONE');
#2777 =( NAMED_UNIT ( * ) SI_UNIT ( $, .STERADIAN. ) SOLID_ANGLE_UNIT ( ) );
#2778 = SURFACE_STYLE_FILL_AREA ( #2455 ) ;
#2779 = DIRECTION ( 'NONE',  ( -1.000000000000000000, -0.000000000000000000, -0.000000000000000000 ) ) ;
#2780 = EDGE_CURVE ( 'NONE', #2361, #867, #2660, .T. ) ;
#2781 = PRESENTATION_LAYER_ASSIGNMENT (  '', '', ( #1380 ) ) ;
#2782 = EDGE_LOOP ( 'NONE', ( #2139, #1576, #1043, #1449 ) ) ;
#2783 = CARTESIAN_POINT ( 'NONE',  ( -1.084202172485504434E-16, 1.000000000000000000, 0.000000000000000000 ) ) ;
#2784 = DIRECTION ( 'NONE',  ( 0.000000000000000000, 0.7071067811865490160, -0.7071067811865460184 ) ) ;
#2785 = VECTOR ( 'NONE', #3674, 999.9999999999998863 ) ;
#2786 = ADVANCED_FACE ( 'NONE', ( #1873 ), #1335, .F. ) ;
#2787 = ORIENTED_EDGE ( 'NONE', *, *, #3045, .F. ) ;
#2788 = SURFACE_STYLE_USAGE ( .BOTH. , #42 ) ;
#2789 = SURFACE_SIDE_STYLE ('',( #3688 ) ) ;
#2790 = EDGE_CURVE ( 'NONE', #282, #3020, #1852, .T. ) ;
#2791 = SURFACE_STYLE_USAGE ( .BOTH. , #2814 ) ;
#2792 = FILL_AREA_STYLE ('',( #2253 ) ) ;
#2793 = CARTESIAN_POINT ( 'NONE',  ( 1.700000000000000400, 0.6800000000000001599, 6.099999999999999645 ) ) ;
#2794 =( NAMED_UNIT ( * ) SI_UNIT ( $, .STERADIAN. ) SOLID_ANGLE_UNIT ( ) );
#2795 = CARTESIAN_POINT ( 'NONE',  ( 4.250000000000000000, 1.579999999999999849, 2.600000000000000089 ) ) ;
#2796 = FILL_AREA_STYLE ('',( #1632 ) ) ;
#2797 = VERTEX_POINT ( 'NONE', #146 ) ;
#2798 = AXIS2_PLACEMENT_3D ( 'NONE', #1020, #3563, #3622 ) ;
#2799 = AXIS2_PLACEMENT_3D ( 'NONE', #3501, #3203, #2877 ) ;
#2800 = ORIENTED_EDGE ( 'NONE', *, *, #1820, .T. ) ;
#2801 = LINE ( 'NONE', #3040, #1994 ) ;
#2802 = PLANE ( 'NONE',  #347 ) ;
#2803 = CIRCLE ( 'NONE', #2135, 0.3499999999999998113 ) ;
#2804 = ORIENTED_EDGE ( 'NONE', *, *, #193, .F. ) ;
#2805 = EDGE_CURVE ( 'NONE', #1953, #1580, #2506, .T. ) ;
#2806 = ORIENTED_EDGE ( 'NONE', *, *, #535, .T. ) ;
#2807 = FILL_AREA_STYLE ('',( #2995 ) ) ;
#2808 = MECHANICAL_DESIGN_GEOMETRIC_PRESENTATION_REPRESENTATION (  '', ( #2382 ), #661 ) ;
#2809 = DIRECTION ( 'NONE',  ( 0.9762960071199332512, 0.000000000000000000, 0.2164396139381035977 ) ) ;
#2810 = DIRECTION ( 'NONE',  ( 0.000000000000000000, 0.000000000000000000, -1.000000000000000000 ) ) ;
#2811 =( GEOMETRIC_REPRESENTATION_CONTEXT ( 3 ) GLOBAL_UNCERTAINTY_ASSIGNED_CONTEXT ( ( #685 ) ) GLOBAL_UNIT_ASSIGNED_CONTEXT ( ( #724, #3332, #2438 ) ) REPRESENTATION_CONTEXT ( 'NONE', 'WORKASPACE' ) );
#2812 = EDGE_CURVE ( 'NONE', #2508, #814, #1040, .T. ) ;
#2813 = FACE_OUTER_BOUND ( 'NONE', #2709, .T. ) ;
#2814 = SURFACE_SIDE_STYLE ('',( #1066 ) ) ;
#2815 = EDGE_CURVE ( 'NONE', #731, #1985, #1850, .T. ) ;
#2816 = PRESENTATION_STYLE_ASSIGNMENT (( #1034 ) ) ;
#2817 = FILL_AREA_STYLE_COLOUR ( '', #1731 ) ;
#2818 = DIRECTION ( 'NONE',  ( -0.000000000000000000, -0.000000000000000000, 1.000000000000000000 ) ) ;
#2819 = ORIENTED_EDGE ( 'NONE', *, *, #2901, .T. ) ;
#2820 = ORIENTED_EDGE ( 'NONE', *, *, #3135, .T. ) ;
#2821 = LINE ( 'NONE', #3111, #984 ) ;
#2822 = STYLED_ITEM ( 'NONE', ( #3714 ), #2925 ) ;
#2823 = ORIENTED_EDGE ( 'NONE', *, *, #2093, .T. ) ;
#2824 = VERTEX_POINT ( 'NONE', #3731 ) ;
#2825 = SURFACE_STYLE_FILL_AREA ( #542 ) ;
#2826 = VECTOR ( 'NONE', #1293, 1000.000000000000000 ) ;
#2827 =( LENGTH_UNIT ( ) NAMED_UNIT ( * ) SI_UNIT ( .MILLI., .METRE. ) );
#2828 = VECTOR ( 'NONE', #3482, 1000.000000000000000 ) ;
#2829 = VECTOR ( 'NONE', #311, 1000.000000000000000 ) ;
#2830 = EDGE_CURVE ( 'NONE', #3319, #928, #3795, .T. ) ;
#2831 = PLANE ( 'NONE',  #3174 ) ;
#2832 = DIRECTION ( 'NONE',  ( -1.000000000000000000, 0.000000000000000000, 0.000000000000000000 ) ) ;
#2833 = LINE ( 'NONE', #2003, #3279 ) ;
#2834 = STYLED_ITEM ( 'NONE', ( #2264 ), #3600 ) ;
#2835 = AXIS2_PLACEMENT_3D ( 'NONE', #1426, #1128, #2295 ) ;
#2836 = VECTOR ( 'NONE', #1488, 1000.000000000000000 ) ;
#2837 = LINE ( 'NONE', #1053, #333 ) ;
#2838 =( LENGTH_UNIT ( ) NAMED_UNIT ( * ) SI_UNIT ( .MILLI., .METRE. ) );
#2839 = VECTOR ( 'NONE', #1657, 1000.000000000000000 ) ;
#2840 = CARTESIAN_POINT ( 'NONE',  ( -1.750000000000000222, 4.180000000000000604, 6.599999999999995204 ) ) ;
#2841 = ORIENTED_EDGE ( 'NONE', *, *, #1970, .T. ) ;
#2842 = EDGE_CURVE ( 'NONE', #1967, #813, #3466, .T. ) ;
#2843 = ORIENTED_EDGE ( 'NONE', *, *, #481, .T. ) ;
#2844 = CARTESIAN_POINT ( 'NONE',  ( -0.8500000000000003109, 0.6800000000000004929, 6.299999999999999822 ) ) ;
#2845 = PRESENTATION_STYLE_ASSIGNMENT (( #2864 ) ) ;
#2846 = SURFACE_STYLE_USAGE ( .BOTH. , #499 ) ;
#2847 = ORIENTED_EDGE ( 'NONE', *, *, #935, .T. ) ;
#2848 = CARTESIAN_POINT ( 'NONE',  ( 4.949999999999999289, 0.5000000000000000000, -1.300000000000000711 ) ) ;
#2849 = SURFACE_STYLE_FILL_AREA ( #775 ) ;
#2850 =( NAMED_UNIT ( * ) PLANE_ANGLE_UNIT ( ) SI_UNIT ( $, .RADIAN. ) );
#2851 = VECTOR ( 'NONE', #366, 1000.000000000000000 ) ;
#2852 = ORIENTED_EDGE ( 'NONE', *, *, #2554, .T. ) ;
#2853 = VECTOR ( 'NONE', #2953, 1000.000000000000000 ) ;
#2854 = CARTESIAN_POINT ( 'NONE',  ( -1.750000000000000222, 1.580000000000000515, 2.600000000000000089 ) ) ;
#2855 = PLANE ( 'NONE',  #3626 ) ;
#2856 = EDGE_CURVE ( 'NONE', #1265, #2266, #2821, .T. ) ;
#2857 = LINE ( 'NONE', #743, #1579 ) ;
#2858 = DIRECTION ( 'NONE',  ( -0.000000000000000000, -1.000000000000000000, -0.000000000000000000 ) ) ;
#2859 = DIRECTION ( 'NONE',  ( 0.000000000000000000, 0.000000000000000000, 1.000000000000000000 ) ) ;
#2860 = EDGE_CURVE ( 'NONE', #3056, #1024, #1351, .T. ) ;
#2861 = UNCERTAINTY_MEASURE_WITH_UNIT (LENGTH_MEASURE( 1.000000000000000082E-05 ), #152, 'distance_accuracy_value', 'NONE');
#2862 = COLOUR_RGB ( '',1.000000000000000000, 1.000000000000000000, 1.000000000000000000 ) ;
#2863 = ORIENTED_EDGE ( 'NONE', *, *, #1342, .F. ) ;
#2864 = SURFACE_STYLE_USAGE ( .BOTH. , #2577 ) ;
#2865 = ORIENTED_EDGE ( 'NONE', *, *, #3231, .T. ) ;
#2866 = CARTESIAN_POINT ( 'NONE',  ( 2.500000000000000000, 1.800000000000000711, 6.099999999999999645 ) ) ;
#2867 = VECTOR ( 'NONE', #1384, 1000.000000000000000 ) ;
#2868 = DIRECTION ( 'NONE',  ( 0.000000000000000000, -1.000000000000000000, -1.227398685832646557E-16 ) ) ;
#2869 = AXIS2_PLACEMENT_3D ( 'NONE', #1764, #1152, #271 ) ;
#2870 = SURFACE_SIDE_STYLE ('',( #1998 ) ) ;
#2871 = ORIENTED_EDGE ( 'NONE', *, *, #1694, .F. ) ;
#2872 = PRESENTATION_LAYER_ASSIGNMENT (  '', '', ( #2743 ) ) ;
#2873 = CARTESIAN_POINT ( 'NONE',  ( -1.750000000000000222, 2.180000000000000604, 5.599999999999999645 ) ) ;
#2874 = DIRECTION ( 'NONE',  ( 0.000000000000000000, -1.000000000000000000, 0.000000000000000000 ) ) ;
#2875 = AXIS2_PLACEMENT_3D ( 'NONE', #409, #2146, #1590 ) ;
#2876 = PRESENTATION_STYLE_ASSIGNMENT (( #3499 ) ) ;
#2877 = DIRECTION ( 'NONE',  ( -1.000000000000000000, 0.000000000000000000, 0.000000000000000000 ) ) ;
#2878 = CARTESIAN_POINT ( 'NONE',  ( 4.250000000000000000, 1.579999999999999849, 6.599999999999999645 ) ) ;
#2879 = VERTEX_POINT ( 'NONE', #2557 ) ;
#2880 = ORIENTED_EDGE ( 'NONE', *, *, #1388, .T. ) ;
#2881 = CYLINDRICAL_SURFACE ( 'NONE', #1111, 0.3499999999999998113 ) ;
#2882 = CARTESIAN_POINT ( 'NONE',  ( 2.850000000000000089, 0.000000000000000000, 4.065758146820642244E-17 ) ) ;
#2883 = EDGE_CURVE ( 'NONE', #380, #2361, #3171, .T. ) ;
#2884 = ORIENTED_EDGE ( 'NONE', *, *, #1077, .T. ) ;
#2885 = FILL_AREA_STYLE ('',( #1778 ) ) ;
#2886 = AXIS2_PLACEMENT_3D ( 'NONE', #2244, #2259, #557 ) ;
#2887 = ORIENTED_EDGE ( 'NONE', *, *, #1588, .T. ) ;
#2888 = ORIENTED_EDGE ( 'NONE', *, *, #2113, .T. ) ;
#2889 = EDGE_CURVE ( 'NONE', #188, #282, #1096, .T. ) ;
#2890 = CARTESIAN_POINT ( 'NONE',  ( -2.450000000000000178, 4.900000000000000355, 1.699999999999999289 ) ) ;
#2891 = PRESENTATION_STYLE_ASSIGNMENT (( #3250 ) ) ;
#2892 = AXIS2_PLACEMENT_3D ( 'NONE', #1748, #627, #595 ) ;
#2893 = CIRCLE ( 'NONE', #3567, 0.3500000000000000333 ) ;
#2894 = DIRECTION ( 'NONE',  ( -1.000000000000000000, 0.000000000000000000, 0.000000000000000000 ) ) ;
#2895 = LINE ( 'NONE', #294, #889 ) ;
#2896 = UNCERTAINTY_MEASURE_WITH_UNIT (LENGTH_MEASURE( 1.000000000000000082E-05 ), #3084, 'distance_accuracy_value', 'NONE');
#2897 = COLOUR_RGB ( '',1.000000000000000000, 1.000000000000000000, 1.000000000000000000 ) ;
#2898 =( GEOMETRIC_REPRESENTATION_CONTEXT ( 3 ) GLOBAL_UNCERTAINTY_ASSIGNED_CONTEXT ( ( #1456 ) ) GLOBAL_UNIT_ASSIGNED_CONTEXT ( ( #524, #503, #1120 ) ) REPRESENTATION_CONTEXT ( 'NONE', 'WORKASPACE' ) );
#2899 = FILL_AREA_STYLE ('',( #1733 ) ) ;
#2900 = CYLINDRICAL_SURFACE ( 'NONE', #2213, 0.3499999999999999778 ) ;
#2901 = EDGE_CURVE ( 'NONE', #1369, #565, #846, .T. ) ;
#2902 = VERTEX_POINT ( 'NONE', #3152 ) ;
#2903 = SURFACE_SIDE_STYLE ('',( #2825 ) ) ;
#2904 = COLOUR_RGB ( '',1.000000000000000000, 1.000000000000000000, 1.000000000000000000 ) ;
#2905 = ORIENTED_EDGE ( 'NONE', *, *, #2842, .T. ) ;
#2906 = EDGE_LOOP ( 'NONE', ( #358, #3176, #584, #3008, #927 ) ) ;
#2907 = VECTOR ( 'NONE', #1767, 1000.000000000000114 ) ;
#2908 = SURFACE_SIDE_STYLE ('',( #1660 ) ) ;
#2909 = DIRECTION ( 'NONE',  ( 0.000000000000000000, 1.000000000000000000, 0.000000000000000000 ) ) ;
#2910 = CARTESIAN_POINT ( 'NONE',  ( -2.450000000000000178, 0.000000000000000000, 6.599999999999999645 ) ) ;
#2911 = EDGE_CURVE ( 'NONE', #3313, #731, #3552, .T. ) ;
#2912 = PRESENTATION_LAYER_ASSIGNMENT (  '', '', ( #2423 ) ) ;
#2913 = LINE ( 'NONE', #2060, #2770 ) ;
#2914 = DIRECTION ( 'NONE',  ( 0.000000000000000000, 0.000000000000000000, 1.000000000000000000 ) ) ;
#2915 = CARTESIAN_POINT ( 'NONE',  ( 3.349999999999998757, 0.3800000000000005040, 6.599999999999999645 ) ) ;
#2916 = CARTESIAN_POINT ( 'NONE',  ( -2.450000000000000178, 4.900000000000000355, -1.300000000000000711 ) ) ;
#2917 = MECHANICAL_DESIGN_GEOMETRIC_PRESENTATION_REPRESENTATION (  '', ( #2237 ), #3397 ) ;
#2918 = SURFACE_SIDE_STYLE ('',( #3543 ) ) ;
#2919 = EDGE_LOOP ( 'NONE', ( #2843, #2620 ) ) ;
#2920 = SURFACE_SIDE_STYLE ('',( #614 ) ) ;
#2921 = DIRECTION ( 'NONE',  ( 0.000000000000000000, 1.000000000000000000, 0.000000000000000000 ) ) ;
#2922 = EDGE_LOOP ( 'NONE', ( #3630, #3447, #3285, #2640 ) ) ;
#2923 = CARTESIAN_POINT ( 'NONE',  ( -1.750000000000000222, 2.180000000000001936, 0.6999999999999990674 ) ) ;
#2924 = LINE ( 'NONE', #2285, #3697 ) ;
#2925 = ADVANCED_FACE ( 'NONE', ( #1716 ), #2900, .F. ) ;
#2926 = EDGE_LOOP ( 'NONE', ( #35, #1717, #1695, #1333 ) ) ;
#2927 = VERTEX_POINT ( 'NONE', #1114 ) ;
#2928 =( GEOMETRIC_REPRESENTATION_CONTEXT ( 3 ) GLOBAL_UNCERTAINTY_ASSIGNED_CONTEXT ( ( #1328 ) ) GLOBAL_UNIT_ASSIGNED_CONTEXT ( ( #1626, #2234, #509 ) ) REPRESENTATION_CONTEXT ( 'NONE', 'WORKASPACE' ) );
#2929 = DIRECTION ( 'NONE',  ( 0.000000000000000000, -1.000000000000000000, -1.227398685832646557E-16 ) ) ;
#2930 = DIRECTION ( 'NONE',  ( 1.000000000000000000, 0.000000000000000000, 0.000000000000000000 ) ) ;
#2931 = LINE ( 'NONE', #2910, #2984 ) ;
#2932 = CIRCLE ( 'NONE', #3659, 0.3500000000000002554 ) ;
#2933 = FACE_OUTER_BOUND ( 'NONE', #2553, .T. ) ;
#2934 = SURFACE_STYLE_FILL_AREA ( #3236 ) ;
#2935 = SURFACE_STYLE_USAGE ( .BOTH. , #1765 ) ;
#2936 = VECTOR ( 'NONE', #3052, 1000.000000000000000 ) ;
#2937 = DIRECTION ( 'NONE',  ( -0.000000000000000000, -0.7071067811865463515, -0.7071067811865487940 ) ) ;
#2938 = FACE_OUTER_BOUND ( 'NONE', #415, .T. ) ;
#2939 = EDGE_CURVE ( 'NONE', #3667, #1680, #2280, .T. ) ;
#2940 = FACE_OUTER_BOUND ( 'NONE', #1208, .T. ) ;
#2941 = DIRECTION ( 'NONE',  ( 1.445602896647339163E-16, 1.000000000000000000, 0.000000000000000000 ) ) ;
#2942 = ADVANCED_FACE ( 'NONE', ( #539 ), #2881, .T. ) ;
#2943 = DIRECTION ( 'NONE',  ( -1.000000000000000000, 0.000000000000000000, 0.000000000000000000 ) ) ;
#2944 = CARTESIAN_POINT ( 'NONE',  ( 4.249999999999999112, 2.180000000000000604, 2.600000000000000089 ) ) ;
#2945 = ORIENTED_EDGE ( 'NONE', *, *, #3715, .F. ) ;
#2946 = ORIENTED_EDGE ( 'NONE', *, *, #766, .T. ) ;
#2947 =( NAMED_UNIT ( * ) PLANE_ANGLE_UNIT ( ) SI_UNIT ( $, .RADIAN. ) );
#2948 = ORIENTED_EDGE ( 'NONE', *, *, #2883, .T. ) ;
#2949 = SURFACE_STYLE_USAGE ( .BOTH. , #3537 ) ;
#2950 = PLANE ( 'NONE',  #40 ) ;
#2951 = DIRECTION ( 'NONE',  ( 0.000000000000000000, -1.000000000000000000, -1.121588454295349533E-16 ) ) ;
#2952 = ORIENTED_EDGE ( 'NONE', *, *, #2889, .T. ) ;
#2953 = DIRECTION ( 'NONE',  ( -0.000000000000000000, 1.000000000000000000, -0.000000000000000000 ) ) ;
#2954 = ADVANCED_FACE ( 'NONE', ( #2986 ), #2115, .F. ) ;
#2955 =( NAMED_UNIT ( * ) PLANE_ANGLE_UNIT ( ) SI_UNIT ( $, .RADIAN. ) );
#2956 = CARTESIAN_POINT ( 'NONE',  ( -2.450000000000000178, 2.180000000000001492, 1.699999999999999067 ) ) ;
#2957 = LINE ( 'NONE', #611, #1136 ) ;
#2958 = AXIS2_PLACEMENT_3D ( 'NONE', #3422, #3091, #231 ) ;
#2959 = CARTESIAN_POINT ( 'NONE',  ( -2.450000000000000178, 1.000000000000000000, 0.6999999999999989564 ) ) ;
#2960 = PRESENTATION_LAYER_ASSIGNMENT (  '', '', ( #1370 ) ) ;
#2961 = AXIS2_PLACEMENT_3D ( 'NONE', #3438, #817, #2002 ) ;
#2962 = ORIENTED_EDGE ( 'NONE', *, *, #3747, .F. ) ;
#2963 = DIRECTION ( 'NONE',  ( 1.000000000000000000, -0.000000000000000000, -0.000000000000000000 ) ) ;
#2964 = VECTOR ( 'NONE', #23, 1000.000000000000000 ) ;
#2965 = LINE ( 'NONE', #1774, #2570 ) ;
#2966 = CARTESIAN_POINT ( 'NONE',  ( 2.149999999999999911, 0.000000000000000000, -0.3499999999999999223 ) ) ;
#2967 = AXIS2_PLACEMENT_3D ( 'NONE', #640, #2717, #3613 ) ;
#2968 = EDGE_LOOP ( 'NONE', ( #989, #3271, #2480, #2748, #463 ) ) ;
#2969 = EDGE_CURVE ( 'NONE', #3590, #401, #3228, .T. ) ;
#2970 = AXIS2_PLACEMENT_3D ( 'NONE', #2972, #3269, #2346 ) ;
#2971 = ORIENTED_EDGE ( 'NONE', *, *, #2359, .F. ) ;
#2972 = CARTESIAN_POINT ( 'NONE',  ( 2.500000000000000000, 1.800000000000000711, -1.300000000000000711 ) ) ;
#2973 = AXIS2_PLACEMENT_3D ( 'NONE', #2783, #3096, #1577 ) ;
#2974 = CARTESIAN_POINT ( 'NONE',  ( -1.750000000000000222, 4.180000000000000604, 6.299999999999998046 ) ) ;
#2975 = CARTESIAN_POINT ( 'NONE',  ( 2.850000000000000089, 0.000000000000000000, -0.3500000000000000888 ) ) ;
#2976 =( LENGTH_UNIT ( ) NAMED_UNIT ( * ) SI_UNIT ( .MILLI., .METRE. ) );
#2977 = STYLED_ITEM ( 'NONE', ( #1853 ), #2056 ) ;
#2978 = PLANE ( 'NONE',  #1673 ) ;
#2979 = LINE ( 'NONE', #1882, #715 ) ;
#2980 = CARTESIAN_POINT ( 'NONE',  ( 0.3499999999999999778, 1.000000000000000000, 4.065758146820642244E-17 ) ) ;
#2981 = FILL_AREA_STYLE ('',( #1514 ) ) ;
#2982 = LINE ( 'NONE', #3257, #3200 ) ;
#2983 = VECTOR ( 'NONE', #1844, 1000.000000000000000 ) ;
#2984 = VECTOR ( 'NONE', #269, 1000.000000000000000 ) ;
#2985 = ORIENTED_EDGE ( 'NONE', *, *, #3361, .T. ) ;
#2986 = FACE_OUTER_BOUND ( 'NONE', #491, .T. ) ;
#2987 = CARTESIAN_POINT ( 'NONE',  ( 0.8000000000000004885, 0.6800000000000004929, 2.600000000000000089 ) ) ;
#2988 =( NAMED_UNIT ( * ) SI_UNIT ( $, .STERADIAN. ) SOLID_ANGLE_UNIT ( ) );
#2989 = EDGE_LOOP ( 'NONE', ( #2985, #3450, #1418 ) ) ;
#2990 = ORIENTED_EDGE ( 'NONE', *, *, #3399, .F. ) ;
#2991 = DIRECTION ( 'NONE',  ( -0.000000000000000000, -1.000000000000000000, -1.260700200564541570E-16 ) ) ;
#2992 = SURFACE_STYLE_FILL_AREA ( #3516 ) ;
#2993 = CARTESIAN_POINT ( 'NONE',  ( 0.3499999999999998668, 1.000000000000000000, -0.3500000000000000888 ) ) ;
#2994 = LINE ( 'NONE', #39, #1075 ) ;
#2995 = FILL_AREA_STYLE_COLOUR ( '', #3262 ) ;
#2996 = CARTESIAN_POINT ( 'NONE',  ( -2.450000000000000178, 2.880000000000000338, 5.599999999999999645 ) ) ;
#2997 = AXIS2_PLACEMENT_3D ( 'NONE', #1192, #2929, #3163 ) ;
#2998 = PRESENTATION_LAYER_ASSIGNMENT (  '', '', ( #3293 ) ) ;
#2999 = LINE ( 'NONE', #1315, #2826 ) ;
#3000 = SURFACE_STYLE_USAGE ( .BOTH. , #1277 ) ;
#3001 = FACE_OUTER_BOUND ( 'NONE', #2337, .T. ) ;
#3002 = VECTOR ( 'NONE', #2241, 1000.000000000000000 ) ;
#3003 = ADVANCED_FACE ( 'NONE', ( #3213 ), #299, .T. ) ;
#3004 = EDGE_LOOP ( 'NONE', ( #748, #515 ) ) ;
#3005 = DIRECTION ( 'NONE',  ( 0.000000000000000000, 0.000000000000000000, -1.000000000000000000 ) ) ;
#3006 = UNCERTAINTY_MEASURE_WITH_UNIT (LENGTH_MEASURE( 1.000000000000000082E-05 ), #2838, 'distance_accuracy_value', 'NONE');
#3007 = FILL_AREA_STYLE ('',( #654 ) ) ;
#3008 = ORIENTED_EDGE ( 'NONE', *, *, #3196, .F. ) ;
#3009 = DIRECTION ( 'NONE',  ( 0.000000000000000000, 0.000000000000000000, 1.000000000000000000 ) ) ;
#3010 = EDGE_CURVE ( 'NONE', #3061, #134, #2101, .T. ) ;
#3011 =( NAMED_UNIT ( * ) PLANE_ANGLE_UNIT ( ) SI_UNIT ( $, .RADIAN. ) );
#3012 = SURFACE_SIDE_STYLE ('',( #3343 ) ) ;
#3013 = DIRECTION ( 'NONE',  ( 1.000000000000000000, 0.000000000000000000, 0.000000000000000000 ) ) ;
#3014 =( NAMED_UNIT ( * ) SI_UNIT ( $, .STERADIAN. ) SOLID_ANGLE_UNIT ( ) );
#3015 = AXIS2_PLACEMENT_3D ( 'NONE', #3700, #3448, #520 ) ;
#3016 = PRESENTATION_LAYER_ASSIGNMENT (  '', '', ( #300 ) ) ;
#3017 = PLANE ( 'NONE',  #929 ) ;
#3018 = STYLED_ITEM ( 'NONE', ( #3324 ), #3287 ) ;
#3019 = AXIS2_PLACEMENT_3D ( 'NONE', #3550, #3023, #1561 ) ;
#3020 = VERTEX_POINT ( 'NONE', #3282 ) ;
#3021 = DIRECTION ( 'NONE',  ( 1.000000000000000000, -1.445602896647339163E-16, 0.000000000000000000 ) ) ;
#3022 = AXIS2_PLACEMENT_3D ( 'NONE', #1446, #3781, #2909 ) ;
#3023 = DIRECTION ( 'NONE',  ( 1.000000000000000000, -0.000000000000000000, 0.000000000000000000 ) ) ;
#3024 = STYLED_ITEM ( 'NONE', ( #37 ), #2418 ) ;
#3025 = CIRCLE ( 'NONE', #750, 0.3500000000000000333 ) ;
#3026 = ORIENTED_EDGE ( 'NONE', *, *, #3115, .F. ) ;
#3027 = AXIS2_PLACEMENT_3D ( 'NONE', #585, #1540, #1263 ) ;
#3028 = PRESENTATION_STYLE_ASSIGNMENT (( #2389 ) ) ;
#3029 = CARTESIAN_POINT ( 'NONE',  ( 4.949999999999999289, 4.900000000000000355, 6.599999999999999645 ) ) ;
#3030 = CARTESIAN_POINT ( 'NONE',  ( -0.3499999999999999223, 1.800000000000000711, 0.6000000000000046407 ) ) ;
#3031 = DIRECTION ( 'NONE',  ( -0.000000000000000000, -1.000000000000000000, -0.000000000000000000 ) ) ;
#3032 = FILL_AREA_STYLE_COLOUR ( '', #3684 ) ;
#3033 = CIRCLE ( 'NONE', #1064, 0.2000000000000000944 ) ;
#3034 =( NAMED_UNIT ( * ) SI_UNIT ( $, .STERADIAN. ) SOLID_ANGLE_UNIT ( ) );
#3035 = CARTESIAN_POINT ( 'NONE',  ( 4.949999999999999289, 4.900000000000000355, 6.599999999999999645 ) ) ;
#3036 = PRESENTATION_STYLE_ASSIGNMENT (( #684 ) ) ;
#3037 = COLOUR_RGB ( '',1.000000000000000000, 1.000000000000000000, 1.000000000000000000 ) ;
#3038 = UNCERTAINTY_MEASURE_WITH_UNIT (LENGTH_MEASURE( 1.000000000000000082E-05 ), #3189, 'distance_accuracy_value', 'NONE');
#3039 = ORIENTED_EDGE ( 'NONE', *, *, #264, .F. ) ;
#3040 = CARTESIAN_POINT ( 'NONE',  ( -2.450000000000000178, 0.000000000000000000, 6.599999999999999645 ) ) ;
#3041 = ORIENTED_EDGE ( 'NONE', *, *, #365, .F. ) ;
#3042 = ADVANCED_FACE ( 'NONE', ( #45 ), #2615, .F. ) ;
#3043 =( NAMED_UNIT ( * ) PLANE_ANGLE_UNIT ( ) SI_UNIT ( $, .RADIAN. ) );
#3044 = LINE ( 'NONE', #1270, #769 ) ;
#3045 = EDGE_CURVE ( 'NONE', #965, #2734, #1810, .T. ) ;
#3046 = CARTESIAN_POINT ( 'NONE',  ( 3.349999999999998757, 0.6799999999999999378, 2.600000000000000089 ) ) ;
#3047 = CARTESIAN_POINT ( 'NONE',  ( -2.450000000000000178, 1.000000000000000000, -0.8000000000000059286 ) ) ;
#3048 = CARTESIAN_POINT ( 'NONE',  ( 4.949999999999999289, 3.680000000000001048, 1.699999999999999067 ) ) ;
#3049 = AXIS2_PLACEMENT_3D ( 'NONE', #1846, #3281, #961 ) ;
#3050 = FILL_AREA_STYLE_COLOUR ( '', #1893 ) ;
#3051 = DIRECTION ( 'NONE',  ( -1.000000000000000000, 0.000000000000000000, -0.000000000000000000 ) ) ;
#3052 = DIRECTION ( 'NONE',  ( 0.000000000000000000, -1.000000000000000000, -1.121588454295349533E-16 ) ) ;
#3053 = DIRECTION ( 'NONE',  ( 0.000000000000000000, -1.000000000000000000, -1.121588454295349533E-16 ) ) ;
#3054 = VECTOR ( 'NONE', #324, 1000.000000000000000 ) ;
#3055 = EDGE_CURVE ( 'NONE', #2824, #3465, #256, .T. ) ;
#3056 = VERTEX_POINT ( 'NONE', #3604 ) ;
#3057 = DIRECTION ( 'NONE',  ( -0.000000000000000000, 1.000000000000000000, -0.000000000000000000 ) ) ;
#3058 = CIRCLE ( 'NONE', #103, 0.1499999999999998279 ) ;
#3059 = DIRECTION ( 'NONE',  ( 0.000000000000000000, -0.7071067811865474617, -0.7071067811865474617 ) ) ;
#3060 = VERTEX_POINT ( 'NONE', #3308 ) ;
#3061 = VERTEX_POINT ( 'NONE', #3583 ) ;
#3062 = CARTESIAN_POINT ( 'NONE',  ( 4.250000000000000000, 1.579999999999999849, 6.599999999999999645 ) ) ;
#3063 = PRESENTATION_STYLE_ASSIGNMENT (( #792 ) ) ;
#3064 = CARTESIAN_POINT ( 'NONE',  ( 2.850000000000000089, 0.000000000000000000, 2.143131898507868297E-17 ) ) ;
#3065 = CARTESIAN_POINT ( 'NONE',  ( -0.3500000000000000888, 1.000000000000000000, -0.3499999999999999223 ) ) ;
#3066 = PLANE ( 'NONE',  #3 ) ;
#3067 = DIRECTION ( 'NONE',  ( -0.000000000000000000, 1.121588454295349533E-16, -1.000000000000000000 ) ) ;
#3068 = SURFACE_STYLE_USAGE ( .BOTH. , #58 ) ;
#3069 = EDGE_CURVE ( 'NONE', #98, #1966, #3733, .T. ) ;
#3070 = DIRECTION ( 'NONE',  ( -1.000000000000000000, -0.000000000000000000, 0.000000000000000000 ) ) ;
#3071 = DIRECTION ( 'NONE',  ( 0.7071067811865474617, -0.7071067811865474617, 0.000000000000000000 ) ) ;
#3072 = ORIENTED_EDGE ( 'NONE', *, *, #2697, .F. ) ;
#3073 = ORIENTED_EDGE ( 'NONE', *, *, #2388, .F. ) ;
#3074 = CARTESIAN_POINT ( 'NONE',  ( 1.111233856443706284E-16, 1.800000000000000711, -1.300000000000000711 ) ) ;
#3075 =( NAMED_UNIT ( * ) SI_UNIT ( $, .STERADIAN. ) SOLID_ANGLE_UNIT ( ) );
#3076 = FILL_AREA_STYLE_COLOUR ( '', #3562 ) ;
#3077 = VERTEX_POINT ( 'NONE', #962 ) ;
#3078 = ADVANCED_FACE ( 'NONE', ( #1276 ), #744, .F. ) ;
#3079 = VECTOR ( 'NONE', #2690, 1000.000000000000000 ) ;
#3080 = ORIENTED_EDGE ( 'NONE', *, *, #849, .F. ) ;
#3081 = EDGE_LOOP ( 'NONE', ( #1574, #968, #925, #2800 ) ) ;
#3082 = SURFACE_SIDE_STYLE ('',( #2849 ) ) ;
#3084 =( LENGTH_UNIT ( ) NAMED_UNIT ( * ) SI_UNIT ( .MILLI., .METRE. ) );
#3083 = PRESENTATION_LAYER_ASSIGNMENT (  '', '', ( #2052 ) ) ;
#3085 = AXIS2_PLACEMENT_3D ( 'NONE', #1507, #1205, #1756 ) ;
#3086 = CARTESIAN_POINT ( 'NONE',  ( 2.149999999999999911, 1.800000000000000711, -1.300000000000000711 ) ) ;
#3087 = FACE_OUTER_BOUND ( 'NONE', #3004, .T. ) ;
#3088 = UNCERTAINTY_MEASURE_WITH_UNIT (LENGTH_MEASURE( 1.000000000000000082E-05 ), #2486, 'distance_accuracy_value', 'NONE');
#3089 = ORIENTED_EDGE ( 'NONE', *, *, #2662, .F. ) ;
#3090 = CARTESIAN_POINT ( 'NONE',  ( 2.149999999999999911, 1.000000000000000000, -0.3499999999999999223 ) ) ;
#3091 = DIRECTION ( 'NONE',  ( -0.7071067811865475727, -0.7071067811865475727, 0.000000000000000000 ) ) ;
#3092 = SURFACE_STYLE_FILL_AREA ( #1428 ) ;
#3093 = ADVANCED_FACE ( 'NONE', ( #1256 ), #494, .T. ) ;
#3094 = CARTESIAN_POINT ( 'NONE',  ( 2.050237401810674154, 1.000000000000000000, -0.8000000000000060396 ) ) ;
#3095 = ORIENTED_EDGE ( 'NONE', *, *, #610, .T. ) ;
#3096 = DIRECTION ( 'NONE',  ( 0.000000000000000000, 1.000000000000000000, 0.000000000000000000 ) ) ;
#3097 = DIRECTION ( 'NONE',  ( 0.000000000000000000, -3.942553354492747968E-16, 1.000000000000000000 ) ) ;
#3098 = SURFACE_STYLE_FILL_AREA ( #1934 ) ;
#3099 = EDGE_LOOP ( 'NONE', ( #2326, #2068, #1701, #165 ) ) ;
#3100 = VECTOR ( 'NONE', #156, 1000.000000000000000 ) ;
#3101 = ORIENTED_EDGE ( 'NONE', *, *, #3565, .T. ) ;
#3102 = SURFACE_STYLE_USAGE ( .BOTH. , #135 ) ;
#3103 = AXIS2_PLACEMENT_3D ( 'NONE', #3106, #1051, #1979 ) ;
#3104 = PLANE ( 'NONE',  #3515 ) ;
#3105 = FACE_BOUND ( 'NONE', #1432, .T. ) ;
#3106 = CARTESIAN_POINT ( 'NONE',  ( -1.084202172485504434E-16, 1.800000000000000711, 6.099999999999999645 ) ) ;
#3107 = CARTESIAN_POINT ( 'NONE',  ( -1.750000000000000222, 4.180000000000000604, 6.299999999999998046 ) ) ;
#3108 = LINE ( 'NONE', #2795, #1625 ) ;
#3109 =( GEOMETRIC_REPRESENTATION_CONTEXT ( 3 ) GLOBAL_UNCERTAINTY_ASSIGNED_CONTEXT ( ( #3657 ) ) GLOBAL_UNIT_ASSIGNED_CONTEXT ( ( #2453, #1235, #3034 ) ) REPRESENTATION_CONTEXT ( 'NONE', 'WORKASPACE' ) );
#3110 = ORIENTED_EDGE ( 'NONE', *, *, #2513, .T. ) ;
#3111 = CARTESIAN_POINT ( 'NONE',  ( -1.750000000000000222, 2.880000000000000338, 5.599999999999999645 ) ) ;
#3112 = LINE ( 'NONE', #479, #406 ) ;
#3113 = DIRECTION ( 'NONE',  ( -1.000000000000000000, -0.000000000000000000, 0.000000000000000000 ) ) ;
#3114 = STYLED_ITEM ( 'NONE', ( #2073 ), #615 ) ;
#3115 = EDGE_CURVE ( 'NONE', #2734, #1598, #2397, .T. ) ;
#3116 = ORIENTED_EDGE ( 'NONE', *, *, #3722, .T. ) ;
#3117 = ORIENTED_EDGE ( 'NONE', *, *, #3191, .F. ) ;
#3118 = CIRCLE ( 'NONE', #3355, 0.3499999999999998113 ) ;
#3119 =( LENGTH_UNIT ( ) NAMED_UNIT ( * ) SI_UNIT ( .MILLI., .METRE. ) );
#3120 = DIRECTION ( 'NONE',  ( -0.000000000000000000, 1.000000000000000000, -0.000000000000000000 ) ) ;
#3121 = CARTESIAN_POINT ( 'NONE',  ( -1.084202172485504434E-16, 1.800000000000000711, 0.6000000000000046407 ) ) ;
#3122 = DIRECTION ( 'NONE',  ( 0.000000000000000000, -1.000000000000000000, -1.227398685832646557E-16 ) ) ;
#3123 = EDGE_CURVE ( 'NONE', #755, #884, #3366, .T. ) ;
#3124 =( NAMED_UNIT ( * ) PLANE_ANGLE_UNIT ( ) SI_UNIT ( $, .RADIAN. ) );
#3125 = LINE ( 'NONE', #2878, #2672 ) ;
#3126 = EDGE_LOOP ( 'NONE', ( #1461, #1730, #458, #3611, #1106 ) ) ;
#3127 = ORIENTED_EDGE ( 'NONE', *, *, #73, .F. ) ;
#3128 = DIRECTION ( 'NONE',  ( 0.000000000000000000, 0.000000000000000000, 1.000000000000000000 ) ) ;
#3129 = CARTESIAN_POINT ( 'NONE',  ( 0.3499999999999998668, 0.000000000000000000, -0.3500000000000000888 ) ) ;
#3130 =( NAMED_UNIT ( * ) SI_UNIT ( $, .STERADIAN. ) SOLID_ANGLE_UNIT ( ) );
#3131 = ORIENTED_EDGE ( 'NONE', *, *, #264, .T. ) ;
#3132 = DIRECTION ( 'NONE',  ( -0.000000000000000000, -0.000000000000000000, 1.000000000000000000 ) ) ;
#3133 = PRESENTATION_LAYER_ASSIGNMENT (  '', '', ( #3736 ) ) ;
#3134 = FILL_AREA_STYLE_COLOUR ( '', #2230 ) ;
#3135 = EDGE_CURVE ( 'NONE', #1095, #1286, #2999, .T. ) ;
#3136 = MECHANICAL_DESIGN_GEOMETRIC_PRESENTATION_REPRESENTATION (  '', ( #1187 ), #3374 ) ;
#3137 = ORIENTED_EDGE ( 'NONE', *, *, #935, .F. ) ;
#3138 = PRESENTATION_LAYER_ASSIGNMENT (  '', '', ( #3310 ) ) ;
#3139 = VECTOR ( 'NONE', #575, 1000.000000000000000 ) ;
#3140 = LINE ( 'NONE', #3707, #1607 ) ;
#3141 = PRESENTATION_LAYER_ASSIGNMENT (  '', '', ( #871 ) ) ;
#3142 = MECHANICAL_DESIGN_GEOMETRIC_PRESENTATION_REPRESENTATION (  '', ( #2167 ), #3638 ) ;
#3143 = ADVANCED_FACE ( 'NONE', ( #408 ), #3017, .F. ) ;
#3144 = ORIENTED_EDGE ( 'NONE', *, *, #2602, .T. ) ;
#3145 = COLOUR_RGB ( '',1.000000000000000000, 1.000000000000000000, 1.000000000000000000 ) ;
#3146 = PLANE ( 'NONE',  #1821 ) ;
#3147 = PLANE ( 'NONE',  #2958 ) ;
#3148 = EDGE_CURVE ( 'NONE', #2879, #92, #3306, .T. ) ;
#3149 = CARTESIAN_POINT ( 'NONE',  ( -1.750000000000000222, 1.580000000000000515, 6.599999999999999645 ) ) ;
#3150 = ORIENTED_EDGE ( 'NONE', *, *, #2780, .T. ) ;
#3151 = ORIENTED_EDGE ( 'NONE', *, *, #2911, .F. ) ;
#3152 = CARTESIAN_POINT ( 'NONE',  ( 3.349999999999998757, 0.6799999999999999378, 6.599999999999999645 ) ) ;
#3153 = CARTESIAN_POINT ( 'NONE',  ( -1.084202172485504434E-16, -3.300000000000000266, -4.050415663247733490E-16 ) ) ;
#3154 =( GEOMETRIC_REPRESENTATION_CONTEXT ( 3 ) GLOBAL_UNCERTAINTY_ASSIGNED_CONTEXT ( ( #3425 ) ) GLOBAL_UNIT_ASSIGNED_CONTEXT ( ( #446, #1958, #1601 ) ) REPRESENTATION_CONTEXT ( 'NONE', 'WORKASPACE' ) );
#3155 = ORIENTED_EDGE ( 'NONE', *, *, #2395, .T. ) ;
#3156 = CARTESIAN_POINT ( 'NONE',  ( 1.111233856443706284E-16, 1.800000000000000711, 2.600000000000000089 ) ) ;
#3157 = CARTESIAN_POINT ( 'NONE',  ( -1.084202172485504434E-16, 1.199999999999996625, 1.472878422999172072E-16 ) ) ;
#3158 =( NAMED_UNIT ( * ) SI_UNIT ( $, .STERADIAN. ) SOLID_ANGLE_UNIT ( ) );
#3159 = STYLED_ITEM ( 'NONE', ( #2078 ), #1291 ) ;
#3160 = ORIENTED_EDGE ( 'NONE', *, *, #838, .F. ) ;
#3161 = EDGE_CURVE ( 'NONE', #928, #2927, #2335, .T. ) ;
#3162 = CIRCLE ( 'NONE', #3103, 0.1499999999999998279 ) ;
#3163 = DIRECTION ( 'NONE',  ( 0.000000000000000000, 1.227398685832646557E-16, -1.000000000000000000 ) ) ;
#3164 = CARTESIAN_POINT ( 'NONE',  ( 2.500000000000000000, -3.500000000000000000, -4.295895400414262703E-16 ) ) ;
#3165 = CARTESIAN_POINT ( 'NONE',  ( -2.450000000000000178, 2.379999999999998561, 6.599999999999998757 ) ) ;
#3166 = EDGE_CURVE ( 'NONE', #3435, #1265, #2007, .T. ) ;
#3167 = CARTESIAN_POINT ( 'NONE',  ( 2.500000000000000000, 1.000000000000000000, 0.000000000000000000 ) ) ;
#3168 = ORIENTED_EDGE ( 'NONE', *, *, #312, .F. ) ;
#3169 = UNCERTAINTY_MEASURE_WITH_UNIT (LENGTH_MEASURE( 1.000000000000000082E-05 ), #2137, 'distance_accuracy_value', 'NONE');
#3170 = ORIENTED_EDGE ( 'NONE', *, *, #41, .T. ) ;
#3171 = LINE ( 'NONE', #2540, #236 ) ;
#3172 = SURFACE_STYLE_FILL_AREA ( #1676 ) ;
#3173 =( GEOMETRIC_REPRESENTATION_CONTEXT ( 3 ) GLOBAL_UNCERTAINTY_ASSIGNED_CONTEXT ( ( #159 ) ) GLOBAL_UNIT_ASSIGNED_CONTEXT ( ( #630, #1828, #2130 ) ) REPRESENTATION_CONTEXT ( 'NONE', 'WORKASPACE' ) );
#3174 = AXIS2_PLACEMENT_3D ( 'NONE', #1084, #2495, #1977 ) ;
#3175 = ADVANCED_FACE ( 'NONE', ( #1405 ), #3147, .F. ) ;
#3176 = ORIENTED_EDGE ( 'NONE', *, *, #3715, .T. ) ;
#3177 =( GEOMETRIC_REPRESENTATION_CONTEXT ( 3 ) GLOBAL_UNCERTAINTY_ASSIGNED_CONTEXT ( ( #425 ) ) GLOBAL_UNIT_ASSIGNED_CONTEXT ( ( #2687, #3578, #662 ) ) REPRESENTATION_CONTEXT ( 'NONE', 'WORKASPACE' ) );
#3178 = DIRECTION ( 'NONE',  ( 0.000000000000000000, 0.7071067811865490160, -0.7071067811865460184 ) ) ;
#3179 = ADVANCED_FACE ( 'NONE', ( #1130 ), #1385, .F. ) ;
#3180 = MECHANICAL_DESIGN_GEOMETRIC_PRESENTATION_REPRESENTATION (  '', ( #3114 ), #3599 ) ;
#3181 = SURFACE_STYLE_FILL_AREA ( #2665 ) ;
#3182 = PLANE ( 'NONE',  #1798 ) ;
#3183 = UNCERTAINTY_MEASURE_WITH_UNIT (LENGTH_MEASURE( 1.000000000000000082E-05 ), #122, 'distance_accuracy_value', 'NONE');
#3184 = MECHANICAL_DESIGN_GEOMETRIC_PRESENTATION_REPRESENTATION (  '', ( #2696 ), #2811 ) ;
#3185 = ORIENTED_EDGE ( 'NONE', *, *, #1818, .F. ) ;
#3186 = SURFACE_SIDE_STYLE ('',( #2355 ) ) ;
#3187 = CARTESIAN_POINT ( 'NONE',  ( 2.500000000000000000, 1.800000000000000711, 6.099999999999999645 ) ) ;
#3188 = LINE ( 'NONE', #253, #2216 ) ;
#3189 =( LENGTH_UNIT ( ) NAMED_UNIT ( * ) SI_UNIT ( .MILLI., .METRE. ) );
#3190 = ORIENTED_EDGE ( 'NONE', *, *, #2860, .F. ) ;
#3191 = EDGE_CURVE ( 'NONE', #2824, #2298, #1983, .T. ) ;
#3192 = LINE ( 'NONE', #2317, #2074 ) ;
#3193 = SURFACE_STYLE_USAGE ( .BOTH. , #1951 ) ;
#3194 = VERTEX_POINT ( 'NONE', #213 ) ;
#3195 = CARTESIAN_POINT ( 'NONE',  ( -1.750000000000000222, 2.180000000000001936, 1.699999999999999067 ) ) ;
#3196 = EDGE_CURVE ( 'NONE', #3535, #1124, #866, .T. ) ;
#3197 = VERTEX_POINT ( 'NONE', #2357 ) ;
#3198 = EDGE_LOOP ( 'NONE', ( #2424, #2016, #2663, #1995 ) ) ;
#3199 = AXIS2_PLACEMENT_3D ( 'NONE', #1469, #1153, #1453 ) ;
#3200 = VECTOR ( 'NONE', #332, 1000.000000000000000 ) ;
#3201 = FACE_OUTER_BOUND ( 'NONE', #1935, .T. ) ;
#3202 = COLOUR_RGB ( '',1.000000000000000000, 1.000000000000000000, 1.000000000000000000 ) ;
#3203 = DIRECTION ( 'NONE',  ( 0.000000000000000000, 0.000000000000000000, -1.000000000000000000 ) ) ;
#3204 = LINE ( 'NONE', #2980, #120 ) ;
#3205 = DIRECTION ( 'NONE',  ( 0.000000000000000000, 1.000000000000000000, 0.000000000000000000 ) ) ;
#3206 = PRESENTATION_STYLE_ASSIGNMENT (( #2559 ) ) ;
#3207 = MECHANICAL_DESIGN_GEOMETRIC_PRESENTATION_REPRESENTATION (  '', ( #3317 ), #1117 ) ;
#3208 = UNCERTAINTY_MEASURE_WITH_UNIT (LENGTH_MEASURE( 1.000000000000000082E-05 ), #1174, 'distance_accuracy_value', 'NONE');
#3209 = VECTOR ( 'NONE', #2755, 1000.000000000000000 ) ;
#3210 = VECTOR ( 'NONE', #2991, 1000.000000000000000 ) ;
#3211 = EDGE_CURVE ( 'NONE', #2575, #3590, #3204, .T. ) ;
#3212 = PLANE ( 'NONE',  #2798 ) ;
#3213 = FACE_OUTER_BOUND ( 'NONE', #1815, .T. ) ;
#3214 = VERTEX_POINT ( 'NONE', #577 ) ;
#3215 = AXIS2_PLACEMENT_3D ( 'NONE', #486, #2249, #1027 ) ;
#3216 = ORIENTED_EDGE ( 'NONE', *, *, #1783, .F. ) ;
#3217 = TOROIDAL_SURFACE ( 'NONE', #2358, 0.5999999999999996447, 0.3499999999999998113 ) ;
#3218 = CARTESIAN_POINT ( 'NONE',  ( 3.060609929510793581, 0.000000000000000000, -1.300000000000000933 ) ) ;
#3219 = DIRECTION ( 'NONE',  ( 0.000000000000000000, -1.000000000000000000, -1.227398685832646557E-16 ) ) ;
#3220 = UNCERTAINTY_MEASURE_WITH_UNIT (LENGTH_MEASURE( 1.000000000000000082E-05 ), #2742, 'distance_accuracy_value', 'NONE');
#3221 = EDGE_CURVE ( 'NONE', #1124, #3453, #3188, .T. ) ;
#3222 = DIRECTION ( 'NONE',  ( 0.000000000000000000, 0.000000000000000000, -1.000000000000000000 ) ) ;
#3223 = CARTESIAN_POINT ( 'NONE',  ( 0.3499999999999997002, 1.800000000000000711, 6.099999999999999645 ) ) ;
#3224 = FILL_AREA_STYLE ('',( #2077 ) ) ;
#3225 = VECTOR ( 'NONE', #1880, 1000.000000000000000 ) ;
#3226 =( NAMED_UNIT ( * ) PLANE_ANGLE_UNIT ( ) SI_UNIT ( $, .RADIAN. ) );
#3227 = ORIENTED_EDGE ( 'NONE', *, *, #559, .F. ) ;
#3228 = LINE ( 'NONE', #1789, #862 ) ;
#3229 = ORIENTED_EDGE ( 'NONE', *, *, #1887, .T. ) ;
#3230 = DIRECTION ( 'NONE',  ( 0.000000000000000000, -0.7071067811865460184, -0.7071067811865490160 ) ) ;
#3231 = EDGE_CURVE ( 'NONE', #1491, #3413, #1747, .T. ) ;
#3232 = VERTEX_POINT ( 'NONE', #2915 ) ;
#3233 = ORIENTED_EDGE ( 'NONE', *, *, #2160, .F. ) ;
#3234 = LINE ( 'NONE', #2974, #1494 ) ;
#3235 = MECHANICAL_DESIGN_GEOMETRIC_PRESENTATION_REPRESENTATION (  '', ( #2743 ), #3718 ) ;
#3236 = FILL_AREA_STYLE ('',( #3786 ) ) ;
#3237 = PRESENTATION_LAYER_ASSIGNMENT (  '', '', ( #2696 ) ) ;
#3238 = CARTESIAN_POINT ( 'NONE',  ( 4.949999999999999289, 1.219999999999999973, 1.699999999999999289 ) ) ;
#3239 = LINE ( 'NONE', #2959, #2829 ) ;
#3240 = EDGE_CURVE ( 'NONE', #596, #2157, #1364, .T. ) ;
#3241 = CARTESIAN_POINT ( 'NONE',  ( -1.750000000000000222, 2.180000000000000604, 1.699999999999999067 ) ) ;
#3242 = ORIENTED_EDGE ( 'NONE', *, *, #3555, .F. ) ;
#3243 = DIRECTION ( 'NONE',  ( 0.000000000000000000, 3.942553354492747968E-16, -1.000000000000000000 ) ) ;
#3244 = SURFACE_STYLE_USAGE ( .BOTH. , #2368 ) ;
#3245 = DIRECTION ( 'NONE',  ( 1.000000000000000000, -0.000000000000000000, -0.000000000000000000 ) ) ;
#3246 = ADVANCED_FACE ( 'NONE', ( #3541 ), #2334, .F. ) ;
#3247 =( NAMED_UNIT ( * ) SI_UNIT ( $, .STERADIAN. ) SOLID_ANGLE_UNIT ( ) );
#3248 = FILL_AREA_STYLE_COLOUR ( '', #1860 ) ;
#3249 = EDGE_LOOP ( 'NONE', ( #2806, #3783, #3298, #1539 ) ) ;
#3250 = SURFACE_STYLE_USAGE ( .BOTH. , #2353 ) ;
#3251 = STYLED_ITEM ( 'NONE', ( #901 ), #3042 ) ;
#3252 = EDGE_CURVE ( 'NONE', #150, #2226, #2761, .T. ) ;
#3253 = FILL_AREA_STYLE_COLOUR ( '', #2132 ) ;
#3254 = FACE_OUTER_BOUND ( 'NONE', #1110, .T. ) ;
#3255 =( NAMED_UNIT ( * ) SI_UNIT ( $, .STERADIAN. ) SOLID_ANGLE_UNIT ( ) );
#3256 = AXIS2_PLACEMENT_3D ( 'NONE', #2131, #3051, #104 ) ;
#3257 = CARTESIAN_POINT ( 'NONE',  ( 4.949999999999999289, 2.180000000000003713, 1.699999999999999067 ) ) ;
#3258 = COLOUR_RGB ( '',1.000000000000000000, 1.000000000000000000, 1.000000000000000000 ) ;
#3259 = AXIS2_PLACEMENT_3D ( 'NONE', #777, #1962, #3383 ) ;
#3260 = LINE ( 'NONE', #1474, #2685 ) ;
#3261 = DIRECTION ( 'NONE',  ( 0.000000000000000000, -1.000000000000000000, -2.168404344971006896E-16 ) ) ;
#3262 = COLOUR_RGB ( '',1.000000000000000000, 1.000000000000000000, 1.000000000000000000 ) ;
#3263 = DIRECTION ( 'NONE',  ( -0.000000000000000000, -0.000000000000000000, 1.000000000000000000 ) ) ;
#3264 = CARTESIAN_POINT ( 'NONE',  ( 4.949999999999999289, 2.880000000000000338, 5.599999999999999645 ) ) ;
#3265 = COLOUR_RGB ( '',1.000000000000000000, 1.000000000000000000, 1.000000000000000000 ) ;
#3266 = AXIS2_PLACEMENT_3D ( 'NONE', #1937, #464, #221 ) ;
#3267 = VECTOR ( 'NONE', #1928, 1000.000000000000114 ) ;
#3268 = VERTEX_POINT ( 'NONE', #3502 ) ;
#3269 = DIRECTION ( 'NONE',  ( -0.000000000000000000, -0.000000000000000000, 1.000000000000000000 ) ) ;
#3270 = DIRECTION ( 'NONE',  ( 1.000000000000000000, 0.000000000000000000, -0.000000000000000000 ) ) ;
#3271 = ORIENTED_EDGE ( 'NONE', *, *, #1008, .F. ) ;
#3272 =( NAMED_UNIT ( * ) PLANE_ANGLE_UNIT ( ) SI_UNIT ( $, .RADIAN. ) );
#3273 = FILL_AREA_STYLE_COLOUR ( '', #3202 ) ;
#3274 = LINE ( 'NONE', #954, #3645 ) ;
#3275 = AXIS2_PLACEMENT_3D ( 'NONE', #1122, #3230, #3178 ) ;
#3276 = FACE_OUTER_BOUND ( 'NONE', #2745, .T. ) ;
#3277 = CARTESIAN_POINT ( 'NONE',  ( -0.8500000000000003109, 0.6800000000000039346, 6.299999999999999822 ) ) ;
#3278 = CARTESIAN_POINT ( 'NONE',  ( 0.3500000000000000888, 1.800000000000000711, 0.6999999999999988454 ) ) ;
#3279 = VECTOR ( 'NONE', #1345, 1000.000000000000000 ) ;
#3280 = ADVANCED_FACE ( 'NONE', ( #3254 ), #2062, .T. ) ;
#3281 = DIRECTION ( 'NONE',  ( 0.7071067811865474617, -0.7071067811865476838, 0.000000000000000000 ) ) ;
#3282 = CARTESIAN_POINT ( 'NONE',  ( 4.250000000000000000, 4.480000000000000426, 6.599999999999999645 ) ) ;
#3283 = CARTESIAN_POINT ( 'NONE',  ( 2.500000000000000000, 1.199999999999997513, -0.3500000000000227929 ) ) ;
#3284 = VECTOR ( 'NONE', #512, 1000.000000000000114 ) ;
#3285 = ORIENTED_EDGE ( 'NONE', *, *, #3311, .F. ) ;
#3286 = PLANE ( 'NONE',  #3027 ) ;
#3287 = ADVANCED_FACE ( 'NONE', ( #3276 ), #79, .F. ) ;
#3288 = ORIENTED_EDGE ( 'NONE', *, *, #1145, .T. ) ;
#3289 = DIRECTION ( 'NONE',  ( -1.000000000000000000, 0.000000000000000000, 0.000000000000000000 ) ) ;
#3290 = LINE ( 'NONE', #1843, #3560 ) ;
#3291 = DIRECTION ( 'NONE',  ( 0.000000000000000000, 0.7071067811865516806, -0.7071067811865434649 ) ) ;
#3292 = DIRECTION ( 'NONE',  ( 1.000000000000000000, -0.000000000000000000, -0.000000000000000000 ) ) ;
#3293 = STYLED_ITEM ( 'NONE', ( #1753 ), #970 ) ;
#3294 = FILL_AREA_STYLE ('',( #648 ) ) ;
#3295 = DIRECTION ( 'NONE',  ( 0.000000000000000000, 0.000000000000000000, 1.000000000000000000 ) ) ;
#3296 = SURFACE_STYLE_USAGE ( .BOTH. , #999 ) ;
#3297 = STYLED_ITEM ( 'NONE', ( #1984 ), #1123 ) ;
#3298 = ORIENTED_EDGE ( 'NONE', *, *, #2089, .F. ) ;
#3299 = ORIENTED_EDGE ( 'NONE', *, *, #1575, .F. ) ;
#3300 = SURFACE_STYLE_FILL_AREA ( #1862 ) ;
#3301 = LINE ( 'NONE', #2449, #431 ) ;
#3302 = ORIENTED_EDGE ( 'NONE', *, *, #3534, .F. ) ;
#3303 = DIRECTION ( 'NONE',  ( -0.000000000000000000, -0.000000000000000000, 1.000000000000000000 ) ) ;
#3304 = FACE_OUTER_BOUND ( 'NONE', #1365, .T. ) ;
#3305 = VECTOR ( 'NONE', #2034, 1000.000000000000000 ) ;
#3306 = CIRCLE ( 'NONE', #1602, 0.3500000000000000333 ) ;
#3307 = DIRECTION ( 'NONE',  ( -1.224646799147352468E-16, 0.000000000000000000, -1.000000000000000000 ) ) ;
#3308 = CARTESIAN_POINT ( 'NONE',  ( 2.500000000000000000, -3.500000000000000000, 0.1499999999999993838 ) ) ;
#3309 = DIRECTION ( 'NONE',  ( -0.000000000000000000, 1.000000000000000000, -0.000000000000000000 ) ) ;
#3310 = STYLED_ITEM ( 'NONE', ( #1883 ), #3342 ) ;
#3311 = EDGE_CURVE ( 'NONE', #691, #3369, #2738, .T. ) ;
#3312 = VECTOR ( 'NONE', #3779, 1000.000000000000000 ) ;
#3313 = VERTEX_POINT ( 'NONE', #138 ) ;
#3314 = DIRECTION ( 'NONE',  ( 0.000000000000000000, -0.7071067811865511255, -0.7071067811865440200 ) ) ;
#3315 = AXIS2_PLACEMENT_3D ( 'NONE', #1081, #2809, #3669 ) ;
#3316 = FACE_OUTER_BOUND ( 'NONE', #770, .T. ) ;
#3317 = STYLED_ITEM ( 'NONE', ( #1839 ), #2324 ) ;
#3318 = ADVANCED_FACE ( 'NONE', ( #957 ), #3579, .T. ) ;
#3319 = VERTEX_POINT ( 'NONE', #3030 ) ;
#3320 = ORIENTED_EDGE ( 'NONE', *, *, #2033, .T. ) ;
#3321 = VECTOR ( 'NONE', #2391, 1000.000000000000114 ) ;
#3322 = PLANE ( 'NONE',  #3632 ) ;
#3323 = CYLINDRICAL_SURFACE ( 'NONE', #2299, 0.3499999999999998113 ) ;
#3324 = PRESENTATION_STYLE_ASSIGNMENT (( #1272 ) ) ;
#3325 = ORIENTED_EDGE ( 'NONE', *, *, #2160, .T. ) ;
#3326 = EDGE_CURVE ( 'NONE', #2797, #432, #3290, .T. ) ;
#3327 = CARTESIAN_POINT ( 'NONE',  ( 1.939390070489205531, 0.000000000000000000, -1.300000000000000711 ) ) ;
#3328 = FACE_OUTER_BOUND ( 'NONE', #2968, .T. ) ;
#3329 = EDGE_CURVE ( 'NONE', #1966, #2366, #3301, .T. ) ;
#3330 = CARTESIAN_POINT ( 'NONE',  ( -2.450000000000000178, 2.880000000000000338, 6.099999999999999645 ) ) ;
#3331 = SURFACE_STYLE_USAGE ( .BOTH. , #997 ) ;
#3332 =( NAMED_UNIT ( * ) PLANE_ANGLE_UNIT ( ) SI_UNIT ( $, .RADIAN. ) );
#3333 = VECTOR ( 'NONE', #3031, 1000.000000000000000 ) ;
#3334 = UNCERTAINTY_MEASURE_WITH_UNIT (LENGTH_MEASURE( 1.000000000000000082E-05 ), #2021, 'distance_accuracy_value', 'NONE');
#3335 = MECHANICAL_DESIGN_GEOMETRIC_PRESENTATION_REPRESENTATION (  '', ( #1140 ), #457 ) ;
#3336 = EDGE_LOOP ( 'NONE', ( #1125, #1419, #442, #822 ) ) ;
#3337 = PRESENTATION_STYLE_ASSIGNMENT (( #1617 ) ) ;
#3338 = SURFACE_SIDE_STYLE ('',( #2174 ) ) ;
#3339 = ORIENTED_EDGE ( 'NONE', *, *, #1442, .T. ) ;
#3340 = DIRECTION ( 'NONE',  ( 0.000000000000000000, -1.000000000000000000, 0.000000000000000000 ) ) ;
#3341 = DIRECTION ( 'NONE',  ( 0.000000000000000000, 0.7071067811865475727, -0.7071067811865475727 ) ) ;
#3342 = ADVANCED_FACE ( 'NONE', ( #97 ), #3066, .F. ) ;
#3343 = SURFACE_STYLE_FILL_AREA ( #2164 ) ;
#3344 = ORIENTED_EDGE ( 'NONE', *, *, #3760, .F. ) ;
#3345 = DIRECTION ( 'NONE',  ( 0.000000000000000000, 0.000000000000000000, 1.000000000000000000 ) ) ;
#3346 = LINE ( 'NONE', #422, #1793 ) ;
#3347 = UNCERTAINTY_MEASURE_WITH_UNIT (LENGTH_MEASURE( 1.000000000000000082E-05 ), #643, 'distance_accuracy_value', 'NONE');
#3348 = AXIS2_PLACEMENT_3D ( 'NONE', #3187, #550, #2894 ) ;
#3349 = ADVANCED_FACE ( 'NONE', ( #3673 ), #1646, .F. ) ;
#3350 = CARTESIAN_POINT ( 'NONE',  ( 3.730000000000000870, 0.000000000000000000, 1.699999999999999289 ) ) ;
#3351 = CARTESIAN_POINT ( 'NONE',  ( -1.750000000000000222, 1.580000000000000515, 2.600000000000000089 ) ) ;
#3352 = ORIENTED_EDGE ( 'NONE', *, *, #430, .T. ) ;
#3353 = FILL_AREA_STYLE_COLOUR ( '', #2476 ) ;
#3354 = LINE ( 'NONE', #2975, #3470 ) ;
#3355 = AXIS2_PLACEMENT_3D ( 'NONE', #3153, #1139, #1376 ) ;
#3356 = LINE ( 'NONE', #730, #187 ) ;
#3357 = EDGE_LOOP ( 'NONE', ( #2415, #906, #3302, #1260, #3095 ) ) ;
#3358 = ORIENTED_EDGE ( 'NONE', *, *, #967, .T. ) ;
#3359 = LINE ( 'NONE', #3668, #3321 ) ;
#3360 = ORIENTED_EDGE ( 'NONE', *, *, #59, .F. ) ;
#3361 = EDGE_CURVE ( 'NONE', #1655, #704, #3140, .T. ) ;
#3362 = LINE ( 'NONE', #154, #3716 ) ;
#3363 = CARTESIAN_POINT ( 'NONE',  ( -1.084202172485504434E-16, 0.000000000000000000, 0.000000000000000000 ) ) ;
#3364 = EDGE_CURVE ( 'NONE', #3548, #1261, #1664, .T. ) ;
#3365 = CARTESIAN_POINT ( 'NONE',  ( 2.500000000000000000, 1.199999999999996625, 1.472878422999172072E-16 ) ) ;
#3366 = LINE ( 'NONE', #2420, #1112 ) ;
#3367 = CARTESIAN_POINT ( 'NONE',  ( 4.250000000000000000, 2.180000000000003713, 0.6999999999999990674 ) ) ;
#3368 = AXIS2_PLACEMENT_3D ( 'NONE', #1946, #2297, #1108 ) ;
#3369 = VERTEX_POINT ( 'NONE', #1344 ) ;
#3370 = CARTESIAN_POINT ( 'NONE',  ( -1.750000000000000222, 2.379999999999998561, 6.599999999999998757 ) ) ;
#3371 = CARTESIAN_POINT ( 'NONE',  ( 4.249999999999999112, 3.680000000000001048, 1.699999999999999067 ) ) ;
#3372 = CARTESIAN_POINT ( 'NONE',  ( 4.249999999999999112, 4.180000000000000604, 6.599999999999995204 ) ) ;
#3373 = VERTEX_POINT ( 'NONE', #2515 ) ;
#3374 =( GEOMETRIC_REPRESENTATION_CONTEXT ( 3 ) GLOBAL_UNCERTAINTY_ASSIGNED_CONTEXT ( ( #2632 ) ) GLOBAL_UNIT_ASSIGNED_CONTEXT ( ( #1472, #3226, #2112 ) ) REPRESENTATION_CONTEXT ( 'NONE', 'WORKASPACE' ) );
#3375 = ORIENTED_EDGE ( 'NONE', *, *, #1597, .T. ) ;
#3376 = AXIS2_PLACEMENT_3D ( 'NONE', #953, #1857, #1841 ) ;
#3377 = EDGE_LOOP ( 'NONE', ( #72, #416, #218, #3127, #495 ) ) ;
#3378 = FILL_AREA_STYLE ('',( #3705 ) ) ;
#3380 = FILL_AREA_STYLE ('',( #3134 ) ) ;
#3379 = AXIS2_PLACEMENT_3D ( 'NONE', #2475, #2387, #340 ) ;
#3381 = AXIS2_PLACEMENT_3D ( 'NONE', #114, #3340, #1301 ) ;
#3382 = DIRECTION ( 'NONE',  ( 0.000000000000000000, 1.000000000000000000, 0.000000000000000000 ) ) ;
#3383 = DIRECTION ( 'NONE',  ( 0.000000000000000000, 0.000000000000000000, -1.000000000000000000 ) ) ;
#3384 = CARTESIAN_POINT ( 'NONE',  ( -2.450000000000000178, 2.180000000000001492, 1.699999999999999067 ) ) ;
#3385 = PRESENTATION_STYLE_ASSIGNMENT (( #3676 ) ) ;
#3386 = FACE_OUTER_BOUND ( 'NONE', #2782, .T. ) ;
#3387 = ORIENTED_EDGE ( 'NONE', *, *, #1840, .F. ) ;
#3388 = EDGE_CURVE ( 'NONE', #1327, #3468, #1702, .T. ) ;
#3389 = VECTOR ( 'NONE', #173, 1000.000000000000000 ) ;
#3390 = AXIS2_PLACEMENT_3D ( 'NONE', #232, #820, #453 ) ;
#3391 = ORIENTED_EDGE ( 'NONE', *, *, #796, .T. ) ;
#3392 = CARTESIAN_POINT ( 'NONE',  ( 1.111233856443706284E-16, 1.800000000000000711, -1.300000000000000711 ) ) ;
#3393 = PRESENTATION_STYLE_ASSIGNMENT (( #3193 ) ) ;
#3394 = ORIENTED_EDGE ( 'NONE', *, *, #741, .T. ) ;
#3395 = VERTEX_POINT ( 'NONE', #1050 ) ;
#3396 =( NAMED_UNIT ( * ) PLANE_ANGLE_UNIT ( ) SI_UNIT ( $, .RADIAN. ) );
#3397 =( GEOMETRIC_REPRESENTATION_CONTEXT ( 3 ) GLOBAL_UNCERTAINTY_ASSIGNED_CONTEXT ( ( #2896 ) ) GLOBAL_UNIT_ASSIGNED_CONTEXT ( ( #3084, #2850, #1396 ) ) REPRESENTATION_CONTEXT ( 'NONE', 'WORKASPACE' ) );
#3398 =( NAMED_UNIT ( * ) PLANE_ANGLE_UNIT ( ) SI_UNIT ( $, .RADIAN. ) );
#3399 = EDGE_CURVE ( 'NONE', #965, #1124, #1243, .T. ) ;
#3400 = EDGE_CURVE ( 'NONE', #3373, #1393, #1085, .T. ) ;
#3401 = CARTESIAN_POINT ( 'NONE',  ( -2.450000000000000178, 0.000000000000000000, -1.300000000000000711 ) ) ;
#3402 = CARTESIAN_POINT ( 'NONE',  ( 4.949999999999999289, 0.000000000000000000, 6.599999999999999645 ) ) ;
#3403 = APPLICATION_CONTEXT ( 'automotive_design' ) ;
#3404 = CARTESIAN_POINT ( 'NONE',  ( -2.450000000000000178, 1.000000000000000000, 0.6999999999999989564 ) ) ;
#3405 = SHAPE_DEFINITION_REPRESENTATION ( #1693, #3601 ) ;
#3406 = VECTOR ( 'NONE', #3652, 1000.000000000000114 ) ;
#3407 = ORIENTED_EDGE ( 'NONE', *, *, #1530, .F. ) ;
#3408 = DIRECTION ( 'NONE',  ( -1.000000000000000000, 1.290716872006553273E-16, -0.000000000000000000 ) ) ;
#3409 = DIRECTION ( 'NONE',  ( 0.000000000000000000, 0.000000000000000000, 1.000000000000000000 ) ) ;
#3410 =( NAMED_UNIT ( * ) PLANE_ANGLE_UNIT ( ) SI_UNIT ( $, .RADIAN. ) );
#3411 = STYLED_ITEM ( 'NONE', ( #3337 ), #806 ) ;
#3412 = ADVANCED_FACE ( 'NONE', ( #3087 ), #2855, .T. ) ;
#3413 = VERTEX_POINT ( 'NONE', #1381 ) ;
#3414 = ORIENTED_EDGE ( 'NONE', *, *, #3055, .T. ) ;
#3415 = DIRECTION ( 'NONE',  ( -1.000000000000000000, 0.000000000000000000, 0.000000000000000000 ) ) ;
#3416 = VECTOR ( 'NONE', #2302, 1000.000000000000000 ) ;
#3417 = SURFACE_STYLE_FILL_AREA ( #3378 ) ;
#3418 = EDGE_CURVE ( 'NONE', #755, #1204, #2549, .T. ) ;
#3419 = CARTESIAN_POINT ( 'NONE',  ( -6.555757927839308978E-17, -3.300000000000000266, 0.3499999999999994782 ) ) ;
#3420 =( NAMED_UNIT ( * ) PLANE_ANGLE_UNIT ( ) SI_UNIT ( $, .RADIAN. ) );
#3421 = LINE ( 'NONE', #797, #3284 ) ;
#3422 = CARTESIAN_POINT ( 'NONE',  ( -1.750000000000000222, 1.580000000000000515, 2.600000000000000089 ) ) ;
#3423 = CYLINDRICAL_SURFACE ( 'NONE', #3761, 0.3500000000000000333 ) ;
#3424 = VERTEX_POINT ( 'NONE', #3419 ) ;
#3425 = UNCERTAINTY_MEASURE_WITH_UNIT (LENGTH_MEASURE( 1.000000000000000082E-05 ), #446, 'distance_accuracy_value', 'NONE');
#3426 = VERTEX_POINT ( 'NONE', #794 ) ;
#3427 = CARTESIAN_POINT ( 'NONE',  ( -2.450000000000000178, 0.5000000000000000000, -1.300000000000000711 ) ) ;
#3428 = EDGE_CURVE ( 'NONE', #2927, #2521, #2568, .T. ) ;
#3429 = ORIENTED_EDGE ( 'NONE', *, *, #3400, .F. ) ;
#3430 = FILL_AREA_STYLE_COLOUR ( '', #1926 ) ;
#3431 =( GEOMETRIC_REPRESENTATION_CONTEXT ( 3 ) GLOBAL_UNCERTAINTY_ASSIGNED_CONTEXT ( ( #876 ) ) GLOBAL_UNIT_ASSIGNED_CONTEXT ( ( #881, #1172, #1785 ) ) REPRESENTATION_CONTEXT ( 'NONE', 'WORKASPACE' ) );
#3432 =( NAMED_UNIT ( * ) SI_UNIT ( $, .STERADIAN. ) SOLID_ANGLE_UNIT ( ) );
#3433 = DIRECTION ( 'NONE',  ( 0.000000000000000000, -0.7071067811865440200, 0.7071067811865511255 ) ) ;
#3434 = ADVANCED_FACE ( 'NONE', ( #2267 ), #241, .T. ) ;
#3435 = VERTEX_POINT ( 'NONE', #2873 ) ;
#3436 = MECHANICAL_DESIGN_GEOMETRIC_PRESENTATION_REPRESENTATION (  '', ( #2218 ), #934 ) ;
#3437 = ORIENTED_EDGE ( 'NONE', *, *, #1294, .T. ) ;
#3438 = CARTESIAN_POINT ( 'NONE',  ( -1.084202172485504434E-16, 1.200000000000001066, 0.5999999999999998668 ) ) ;
#3439 = PLANE ( 'NONE',  #1387 ) ;
#3440 =( GEOMETRIC_REPRESENTATION_CONTEXT ( 3 ) GLOBAL_UNCERTAINTY_ASSIGNED_CONTEXT ( ( #2291 ) ) GLOBAL_UNIT_ASSIGNED_CONTEXT ( ( #3119, #3398, #1956 ) ) REPRESENTATION_CONTEXT ( 'NONE', 'WORKASPACE' ) );
#3441 = AXIS2_PLACEMENT_3D ( 'NONE', #1230, #1026, #2196 ) ;
#3442 = ORIENTED_EDGE ( 'NONE', *, *, #1361, .T. ) ;
#3443 = DIRECTION ( 'NONE',  ( 4.646580739223590995E-16, 0.000000000000000000, 1.000000000000000000 ) ) ;
#3444 = FILL_AREA_STYLE ('',( #1666 ) ) ;
#3445 = ORIENTED_EDGE ( 'NONE', *, *, #2499, .T. ) ;
#3446 = ADVANCED_FACE ( 'NONE', ( #227 ), #738, .F. ) ;
#3447 = ORIENTED_EDGE ( 'NONE', *, *, #2294, .F. ) ;
#3448 = DIRECTION ( 'NONE',  ( 0.000000000000000000, 1.000000000000000000, 0.000000000000000000 ) ) ;
#3449 = LINE ( 'NONE', #2245, #1475 ) ;
#3450 = ORIENTED_EDGE ( 'NONE', *, *, #1448, .T. ) ;
#3451 = PRESENTATION_STYLE_ASSIGNMENT (( #1718 ) ) ;
#3452 = PLANE ( 'NONE',  #2668 ) ;
#3453 = VERTEX_POINT ( 'NONE', #590 ) ;
#3454 = EDGE_LOOP ( 'NONE', ( #377, #2887, #1025, #215, #3288, #2888, #2325 ) ) ;
#3455 = AXIS2_PLACEMENT_3D ( 'NONE', #548, #2308, #3519 ) ;
#3456 = CARTESIAN_POINT ( 'NONE',  ( 4.249999999999999112, 2.880000000000000338, 6.099999999999999645 ) ) ;
#3457 = FILL_AREA_STYLE ('',( #1627 ) ) ;
#3458 = EDGE_CURVE ( 'NONE', #2927, #2193, #2399, .T. ) ;
#3459 = FACE_OUTER_BOUND ( 'NONE', #2364, .T. ) ;
#3460 =( NAMED_UNIT ( * ) PLANE_ANGLE_UNIT ( ) SI_UNIT ( $, .RADIAN. ) );
#3461 = PLANE ( 'NONE',  #2119 ) ;
#3462 = ORIENTED_EDGE ( 'NONE', *, *, #603, .F. ) ;
#3463 = UNCERTAINTY_MEASURE_WITH_UNIT (LENGTH_MEASURE( 1.000000000000000082E-05 ), #262, 'distance_accuracy_value', 'NONE');
#3464 = EDGE_CURVE ( 'NONE', #2226, #150, #2893, .T. ) ;
#3465 = VERTEX_POINT ( 'NONE', #1147 ) ;
#3466 = LINE ( 'NONE', #771, #1360 ) ;
#3467 = CARTESIAN_POINT ( 'NONE',  ( -0.8500000000000003109, 0.6800000000000004929, 2.600000000000000089 ) ) ;
#3468 = VERTEX_POINT ( 'NONE', #3218 ) ;
#3469 = FILL_AREA_STYLE_COLOUR ( '', #1800 ) ;
#3470 = VECTOR ( 'NONE', #1636, 1000.000000000000114 ) ;
#3471 = EDGE_LOOP ( 'NONE', ( #2441, #1759, #3788, #950, #2658 ) ) ;
#3472 = ORIENTED_EDGE ( 'NONE', *, *, #1905, .T. ) ;
#3473 = DIRECTION ( 'NONE',  ( 0.000000000000000000, 0.000000000000000000, 1.000000000000000000 ) ) ;
#3474 = CARTESIAN_POINT ( 'NONE',  ( 4.250000000000000000, 2.180000000000003713, 1.699999999999999067 ) ) ;
#3475 = CARTESIAN_POINT ( 'NONE',  ( 0.3499999999999998668, 0.000000000000000000, -0.3500000000000000888 ) ) ;
#3476 = UNCERTAINTY_MEASURE_WITH_UNIT (LENGTH_MEASURE( 1.000000000000000082E-05 ), #1168, 'distance_accuracy_value', 'NONE');
#3477 = AXIS2_PLACEMENT_3D ( 'NONE', #214, #1386, #1368 ) ;
#3478 = EDGE_CURVE ( 'NONE', #1966, #98, #1248, .T. ) ;
#3479 = DIRECTION ( 'NONE',  ( 0.000000000000000000, 0.000000000000000000, -1.000000000000000000 ) ) ;
#3480 =( NAMED_UNIT ( * ) PLANE_ANGLE_UNIT ( ) SI_UNIT ( $, .RADIAN. ) );
#3481 = CARTESIAN_POINT ( 'NONE',  ( 1.942299875117230679, 0.5131252804796260225, -1.286874719520375132 ) ) ;
#3482 = DIRECTION ( 'NONE',  ( -0.000000000000000000, -0.000000000000000000, 1.000000000000000000 ) ) ;
#3483 = CARTESIAN_POINT ( 'NONE',  ( 2.149999999999999911, 1.800000000000000711, 2.600000000000000089 ) ) ;
#3484 = EDGE_CURVE ( 'NONE', #2731, #181, #2470, .T. ) ;
#3485 = DIRECTION ( 'NONE',  ( -1.000000000000000000, 0.000000000000000000, 0.000000000000000000 ) ) ;
#3486 = ORIENTED_EDGE ( 'NONE', *, *, #2969, .T. ) ;
#3487 = ORIENTED_EDGE ( 'NONE', *, *, #2764, .F. ) ;
#3488 = SURFACE_SIDE_STYLE ('',( #891 ) ) ;
#3489 = DIRECTION ( 'NONE',  ( 0.2164396139381031814, 0.000000000000000000, -0.9762960071199332512 ) ) ;
#3490 = ORIENTED_EDGE ( 'NONE', *, *, #849, .T. ) ;
#3491 = MECHANICAL_DESIGN_GEOMETRIC_PRESENTATION_REPRESENTATION (  '', ( #1425 ), #3621 ) ;
#3492 = LINE ( 'NONE', #1190, #3628 ) ;
#3493 = DIRECTION ( 'NONE',  ( 1.000000000000000000, -0.000000000000000000, 0.000000000000000000 ) ) ;
#3494 =( NAMED_UNIT ( * ) PLANE_ANGLE_UNIT ( ) SI_UNIT ( $, .RADIAN. ) );
#3495 = ORIENTED_EDGE ( 'NONE', *, *, #960, .F. ) ;
#3496 = LINE ( 'NONE', #1447, #1691 ) ;
#3497 = MECHANICAL_DESIGN_GEOMETRIC_PRESENTATION_REPRESENTATION (  '', ( #3018 ), #367 ) ;
#3498 = VECTOR ( 'NONE', #3059, 1000.000000000000114 ) ;
#3499 = SURFACE_STYLE_USAGE ( .BOTH. , #3186 ) ;
#3500 = STYLED_ITEM ( 'NONE', ( #2179 ), #3586 ) ;
#3501 = CARTESIAN_POINT ( 'NONE',  ( -1.084202172485504434E-16, 1.800000000000000711, 6.099999999999999645 ) ) ;
#3502 = CARTESIAN_POINT ( 'NONE',  ( -0.4497625981893254576, 1.000000000000000000, -0.8000000000000060396 ) ) ;
#3503 = FILL_AREA_STYLE ('',( #2079 ) ) ;
#3504 =( GEOMETRIC_REPRESENTATION_CONTEXT ( 3 ) GLOBAL_UNCERTAINTY_ASSIGNED_CONTEXT ( ( #2861 ) ) GLOBAL_UNIT_ASSIGNED_CONTEXT ( ( #152, #3396, #3651 ) ) REPRESENTATION_CONTEXT ( 'NONE', 'WORKASPACE' ) );
#3505 = PRESENTATION_LAYER_ASSIGNMENT (  '', '', ( #3689 ) ) ;
#3506 = VECTOR ( 'NONE', #1240, 1000.000000000000000 ) ;
#3507 = EDGE_LOOP ( 'NONE', ( #1141, #410, #1506, #145 ) ) ;
#3508 = SURFACE_STYLE_USAGE ( .BOTH. , #649 ) ;
#3509 = FILL_AREA_STYLE_COLOUR ( '', #1527 ) ;
#3510 = EDGE_CURVE ( 'NONE', #283, #3313, #856, .T. ) ;
#3511 = SURFACE_STYLE_FILL_AREA ( #2341 ) ;
#3512 = VERTEX_POINT ( 'NONE', #895 ) ;
#3513 = FACE_OUTER_BOUND ( 'NONE', #2227, .T. ) ;
#3514 = LINE ( 'NONE', #3533, #1624 ) ;
#3515 = AXIS2_PLACEMENT_3D ( 'NONE', #2070, #3433, #2661 ) ;
#3516 = FILL_AREA_STYLE ('',( #288 ) ) ;
#3517 = ADVANCED_FACE ( 'NONE', ( #570 ), #3182, .F. ) ;
#3518 = DIRECTION ( 'NONE',  ( 0.000000000000000000, 0.000000000000000000, -1.000000000000000000 ) ) ;
#3519 = DIRECTION ( 'NONE',  ( 0.000000000000000000, 0.000000000000000000, 1.000000000000000000 ) ) ;
#3520 = PRESENTATION_STYLE_ASSIGNMENT (( #1196 ) ) ;
#3521 = CARTESIAN_POINT ( 'NONE',  ( -0.3499999999999999223, 0.000000000000000000, 4.286263797015732281E-17 ) ) ;
#3522 = SURFACE_STYLE_FILL_AREA ( #3224 ) ;
#3523 = LINE ( 'NONE', #3481, #2907 ) ;
#3524 =( NAMED_UNIT ( * ) SI_UNIT ( $, .STERADIAN. ) SOLID_ANGLE_UNIT ( ) );
#3525 = ORIENTED_EDGE ( 'NONE', *, *, #430, .F. ) ;
#3526 = CARTESIAN_POINT ( 'NONE',  ( 1.700000000000000400, 0.6800000000000004929, 6.099999999999999645 ) ) ;
#3527 = CARTESIAN_POINT ( 'NONE',  ( -2.450000000000000178, 4.900000000000000355, 6.599999999999999645 ) ) ;
#3528 = CARTESIAN_POINT ( 'NONE',  ( 4.249999999999999112, 2.880000000000000338, 5.599999999999999645 ) ) ;
#3529 = ORIENTED_EDGE ( 'NONE', *, *, #481, .F. ) ;
#3530 = ADVANCED_FACE ( 'NONE', ( #26 ), #912, .F. ) ;
#3531 = ORIENTED_EDGE ( 'NONE', *, *, #647, .F. ) ;
#3532 = LINE ( 'NONE', #907, #1440 ) ;
#3533 = CARTESIAN_POINT ( 'NONE',  ( 1.250000000000000444, 1.130000000000000338, 6.099999999999999645 ) ) ;
#3534 = EDGE_CURVE ( 'NONE', #2193, #2927, #1672, .T. ) ;
#3535 = VERTEX_POINT ( 'NONE', #396 ) ;
#3536 = VECTOR ( 'NONE', #472, 1000.000000000000000 ) ;
#3537 = SURFACE_SIDE_STYLE ('',( #2992 ) ) ;
#3538 = MECHANICAL_DESIGN_GEOMETRIC_PRESENTATION_REPRESENTATION (  '', ( #157 ), #598 ) ;
#3539 = DIRECTION ( 'NONE',  ( 0.000000000000000000, -1.000000000000000000, 0.000000000000000000 ) ) ;
#3540 = DIRECTION ( 'NONE',  ( 0.000000000000000000, 0.000000000000000000, 1.000000000000000000 ) ) ;
#3541 = FACE_OUTER_BOUND ( 'NONE', #2989, .T. ) ;
#3542 =( NAMED_UNIT ( * ) PLANE_ANGLE_UNIT ( ) SI_UNIT ( $, .RADIAN. ) );
#3543 = SURFACE_STYLE_FILL_AREA ( #3503 ) ;
#3544 = CARTESIAN_POINT ( 'NONE',  ( -1.084202172485504434E-16, 1.800000000000000711, 5.899999999999999467 ) ) ;
#3545 = DIRECTION ( 'NONE',  ( 0.000000000000000000, -2.168404344971006896E-16, 1.000000000000000000 ) ) ;
#3546 = DIRECTION ( 'NONE',  ( 1.000000000000000000, -0.000000000000000000, -0.000000000000000000 ) ) ;
#3547 = FILL_AREA_STYLE ('',( #316 ) ) ;
#3548 = VERTEX_POINT ( 'NONE', #1302 ) ;
#3549 = LINE ( 'NONE', #1524, #3506 ) ;
#3550 = CARTESIAN_POINT ( 'NONE',  ( 4.250000000000000000, 1.579999999999999849, 2.600000000000000089 ) ) ;
#3551 = ORIENTED_EDGE ( 'NONE', *, *, #3769, .T. ) ;
#3552 = CIRCLE ( 'NONE', #3015, 0.3500000000000000333 ) ;
#3553 = FILL_AREA_STYLE ('',( #2702 ) ) ;
#3554 = DIRECTION ( 'NONE',  ( 1.000000000000000000, -0.000000000000000000, -0.000000000000000000 ) ) ;
#3555 = EDGE_CURVE ( 'NONE', #928, #2731, #1924, .T. ) ;
#3556 =( GEOMETRIC_REPRESENTATION_CONTEXT ( 3 ) GLOBAL_UNCERTAINTY_ASSIGNED_CONTEXT ( ( #1148 ) ) GLOBAL_UNIT_ASSIGNED_CONTEXT ( ( #1688, #3124, #2794 ) ) REPRESENTATION_CONTEXT ( 'NONE', 'WORKASPACE' ) );
#3557 = LINE ( 'NONE', #54, #1642 ) ;
#3558 =( LENGTH_UNIT ( ) NAMED_UNIT ( * ) SI_UNIT ( .MILLI., .METRE. ) );
#3559 = CARTESIAN_POINT ( 'NONE',  ( -1.750000000000000222, 3.899999999999999911, 1.699999999999999289 ) ) ;
#3560 = VECTOR ( 'NONE', #663, 1000.000000000000000 ) ;
#3561 = CARTESIAN_POINT ( 'NONE',  ( 4.250000000000000000, 1.579999999999999849, 2.600000000000000089 ) ) ;
#3562 = COLOUR_RGB ( '',0.7921568627450980005, 0.8196078431372548767, 0.9333333333333333481 ) ;
#3563 = DIRECTION ( 'NONE',  ( 0.000000000000000000, -1.000000000000000000, -0.000000000000000000 ) ) ;
#3564 = FILL_AREA_STYLE_COLOUR ( '', #737 ) ;
#3565 = EDGE_CURVE ( 'NONE', #1504, #1239, #93, .T. ) ;
#3566 = SURFACE_STYLE_FILL_AREA ( #1200 ) ;
#3567 = AXIS2_PLACEMENT_3D ( 'NONE', #834, #246, #2625 ) ;
#3568 = AXIS2_PLACEMENT_3D ( 'NONE', #86, #1571, #2187 ) ;
#3569 = ORIENTED_EDGE ( 'NONE', *, *, #2842, .F. ) ;
#3570 = DIRECTION ( 'NONE',  ( 0.000000000000000000, -3.942553354492747968E-16, 1.000000000000000000 ) ) ;
#3571 = CARTESIAN_POINT ( 'NONE',  ( 0.3499999999999998668, 0.000000000000000000, -0.3500000000000000888 ) ) ;
#3572 = LINE ( 'NONE', #322, #2964 ) ;
#3573 =( LENGTH_UNIT ( ) NAMED_UNIT ( * ) SI_UNIT ( .MILLI., .METRE. ) );
#3574 = DIRECTION ( 'NONE',  ( 0.000000000000000000, 0.7071067811865490160, -0.7071067811865460184 ) ) ;
#3575 = PRESENTATION_LAYER_ASSIGNMENT (  '', '', ( #2603 ) ) ;
#3576 = EDGE_CURVE ( 'NONE', #1634, #2257, #369, .T. ) ;
#3577 =( GEOMETRIC_REPRESENTATION_CONTEXT ( 3 ) GLOBAL_UNCERTAINTY_ASSIGNED_CONTEXT ( ( #373 ) ) GLOBAL_UNIT_ASSIGNED_CONTEXT ( ( #3696, #1668, #1927 ) ) REPRESENTATION_CONTEXT ( 'NONE', 'WORKASPACE' ) );
#3578 =( NAMED_UNIT ( * ) PLANE_ANGLE_UNIT ( ) SI_UNIT ( $, .RADIAN. ) );
#3579 = PLANE ( 'NONE',  #186 ) ;
#3580 = DIRECTION ( 'NONE',  ( -1.000000000000000000, -0.000000000000000000, 0.000000000000000000 ) ) ;
#3581 = CIRCLE ( 'NONE', #642, 0.3499999999999998113 ) ;
#3582 = VECTOR ( 'NONE', #1703, 1000.000000000000000 ) ;
#3583 = CARTESIAN_POINT ( 'NONE',  ( 0.8000000000000003775, 0.6800000000000002709, 6.099999999999999645 ) ) ;
#3584 = FACE_OUTER_BOUND ( 'NONE', #449, .T. ) ;
#3585 = FACE_OUTER_BOUND ( 'NONE', #1971, .T. ) ;
#3586 = ADVANCED_FACE ( 'NONE', ( #1546 ), #3322, .F. ) ;
#3587 = ORIENTED_EDGE ( 'NONE', *, *, #2388, .T. ) ;
#3588 =( NAMED_UNIT ( * ) SI_UNIT ( $, .STERADIAN. ) SOLID_ANGLE_UNIT ( ) );
#3589 = ORIENTED_EDGE ( 'NONE', *, *, #603, .T. ) ;
#3590 = VERTEX_POINT ( 'NONE', #2993 ) ;
#3591 = SURFACE_STYLE_FILL_AREA ( #1528 ) ;
#3592 = CARTESIAN_POINT ( 'NONE',  ( 2.500000000000000000, 1.000000000000000000, 0.3500000000000000333 ) ) ;
#3593 = CIRCLE ( 'NONE', #1955, 0.2000000000000000111 ) ;
#3594 = TOROIDAL_SURFACE ( 'NONE', #2869, 0.1499999999999998279, 0.2000000000000000111 ) ;
#3595 = DIRECTION ( 'NONE',  ( 0.000000000000000000, -1.000000000000000000, -1.227398685832646557E-16 ) ) ;
#3596 = CARTESIAN_POINT ( 'NONE',  ( 4.249999999999999112, 2.880000000000000338, 6.099999999999999645 ) ) ;
#3597 = DIRECTION ( 'NONE',  ( 0.000000000000000000, 1.000000000000000000, 0.000000000000000000 ) ) ;
#3598 = CARTESIAN_POINT ( 'NONE',  ( 4.949999999999999289, 4.180000000000000604, 6.599999999999995204 ) ) ;
#3599 =( GEOMETRIC_REPRESENTATION_CONTEXT ( 3 ) GLOBAL_UNCERTAINTY_ASSIGNED_CONTEXT ( ( #2203 ) ) GLOBAL_UNIT_ASSIGNED_CONTEXT ( ( #527, #1421, #546 ) ) REPRESENTATION_CONTEXT ( 'NONE', 'WORKASPACE' ) );
#3600 = ADVANCED_FACE ( 'NONE', ( #115 ), #325, .F. ) ;
#3601 = ADVANCED_BREP_SHAPE_REPRESENTATION ( '22057025', ( #806, #2094, #815, #686 ), #250 ) ;
#3602 = VECTOR ( 'NONE', #3701, 1000.000000000000000 ) ;
#3603 = PRESENTATION_STYLE_ASSIGNMENT (( #2706 ) ) ;
#3604 = CARTESIAN_POINT ( 'NONE',  ( -2.450000000000000178, 0.5000000000000000000, -1.300000000000000711 ) ) ;
#3605 = CARTESIAN_POINT ( 'NONE',  ( 4.249999999999999112, 3.679999999999999272, 6.099999999999994316 ) ) ;
#3606 =( LENGTH_UNIT ( ) NAMED_UNIT ( * ) SI_UNIT ( .MILLI., .METRE. ) );
#3607 = UNCERTAINTY_MEASURE_WITH_UNIT (LENGTH_MEASURE( 1.000000000000000082E-05 ), #2683, 'distance_accuracy_value', 'NONE');
#3608 = ORIENTED_EDGE ( 'NONE', *, *, #1720, .T. ) ;
#3609 = FILL_AREA_STYLE ('',( #3353 ) ) ;
#3610 = DIRECTION ( 'NONE',  ( -0.000000000000000000, -0.000000000000000000, 1.000000000000000000 ) ) ;
#3611 = ORIENTED_EDGE ( 'NONE', *, *, #1481, .F. ) ;
#3612 = EDGE_LOOP ( 'NONE', ( #2711, #2407, #1913, #1777 ) ) ;
#3613 = DIRECTION ( 'NONE',  ( 0.000000000000000000, 1.000000000000000000, 0.000000000000000000 ) ) ;
#3614 = ADVANCED_FACE ( 'NONE', ( #2233 ), #1973, .F. ) ;
#3615 = DIRECTION ( 'NONE',  ( -1.000000000000000000, 0.000000000000000000, 0.000000000000000000 ) ) ;
#3616 = CARTESIAN_POINT ( 'NONE',  ( -2.450000000000000178, 4.900000000000000355, 6.599999999999999645 ) ) ;
#3617 = DIRECTION ( 'NONE',  ( 0.000000000000000000, -0.7071067811865440200, 0.7071067811865511255 ) ) ;
#3618 = DIRECTION ( 'NONE',  ( -0.000000000000000000, 1.000000000000000000, -0.000000000000000000 ) ) ;
#3619 = LINE ( 'NONE', #1554, #623 ) ;
#3620 = AXIS2_PLACEMENT_3D ( 'NONE', #885, #2941, #2047 ) ;
#3621 =( GEOMETRIC_REPRESENTATION_CONTEXT ( 3 ) GLOBAL_UNCERTAINTY_ASSIGNED_CONTEXT ( ( #2594 ) ) GLOBAL_UNIT_ASSIGNED_CONTEXT ( ( #1868, #1021, #2725 ) ) REPRESENTATION_CONTEXT ( 'NONE', 'WORKASPACE' ) );
#3622 = DIRECTION ( 'NONE',  ( 0.000000000000000000, 0.000000000000000000, -1.000000000000000000 ) ) ;
#3623 = SURFACE_STYLE_FILL_AREA ( #1611 ) ;
#3624 = FACE_OUTER_BOUND ( 'NONE', #2926, .T. ) ;
#3625 = PRESENTATION_LAYER_ASSIGNMENT (  '', '', ( #2531 ) ) ;
#3626 = AXIS2_PLACEMENT_3D ( 'NONE', #3164, #3122, #1661 ) ;
#3627 = ORIENTED_EDGE ( 'NONE', *, *, #1686, .F. ) ;
#3628 = VECTOR ( 'NONE', #657, 1000.000000000000000 ) ;
#3629 = ADVANCED_FACE ( 'NONE', ( #2217 ), #1395, .F. ) ;
#3630 = ORIENTED_EDGE ( 'NONE', *, *, #361, .T. ) ;
#3631 = FILL_AREA_STYLE_COLOUR ( '', #1155 ) ;
#3632 = AXIS2_PLACEMENT_3D ( 'NONE', #1879, #1583, #2749 ) ;
#3633 = FILL_AREA_STYLE ('',( #1007 ) ) ;
#3634 = EDGE_CURVE ( 'NONE', #92, #2879, #3025, .T. ) ;
#3635 = VECTOR ( 'NONE', #1000, 1000.000000000000000 ) ;
#3636 = VERTEX_POINT ( 'NONE', #1812 ) ;
#3637 = FILL_AREA_STYLE_COLOUR ( '', #2405 ) ;
#3638 =( GEOMETRIC_REPRESENTATION_CONTEXT ( 3 ) GLOBAL_UNCERTAINTY_ASSIGNED_CONTEXT ( ( #3169 ) ) GLOBAL_UNIT_ASSIGNED_CONTEXT ( ( #2137, #966, #459 ) ) REPRESENTATION_CONTEXT ( 'NONE', 'WORKASPACE' ) );
#3639 = EDGE_CURVE ( 'NONE', #197, #3773, #1503, .T. ) ;
#3640 = ORIENTED_EDGE ( 'NONE', *, *, #2286, .F. ) ;
#3641 = LINE ( 'NONE', #1553, #199 ) ;
#3642 = DIRECTION ( 'NONE',  ( -1.000000000000000000, -0.000000000000000000, -0.000000000000000000 ) ) ;
#3643 = LINE ( 'NONE', #3351, #3635 ) ;
#3644 = MECHANICAL_DESIGN_GEOMETRIC_PRESENTATION_REPRESENTATION (  '', ( #1264 ), #2004 ) ;
#3645 = VECTOR ( 'NONE', #2447, 1000.000000000000000 ) ;
#3646 = VERTEX_POINT ( 'NONE', #3264 ) ;
#3647 = FILL_AREA_STYLE_COLOUR ( '', #1866 ) ;
#3648 = CARTESIAN_POINT ( 'NONE',  ( 2.500000000000000000, 1.800000000000000711, 0.6999999999999988454 ) ) ;
#3649 = ADVANCED_FACE ( 'NONE', ( #3001 ), #597, .F. ) ;
#3650 = ORIENTED_EDGE ( 'NONE', *, *, #73, .T. ) ;
#3651 =( NAMED_UNIT ( * ) SI_UNIT ( $, .STERADIAN. ) SOLID_ANGLE_UNIT ( ) );
#3652 = DIRECTION ( 'NONE',  ( 0.000000000000000000, -0.7071067811865474617, -0.7071067811865474617 ) ) ;
#3653 = CARTESIAN_POINT ( 'NONE',  ( -1.750000000000000222, 1.580000000000000515, 2.600000000000000089 ) ) ;
#3654 = EDGE_LOOP ( 'NONE', ( #541, #2599, #337, #2538 ) ) ;
#3655 = CARTESIAN_POINT ( 'NONE',  ( 2.649999999999999911, 1.800000000000000711, 6.099999999999999645 ) ) ;
#3656 = COLOUR_RGB ( '',1.000000000000000000, 1.000000000000000000, 1.000000000000000000 ) ;
#3657 = UNCERTAINTY_MEASURE_WITH_UNIT (LENGTH_MEASURE( 1.000000000000000082E-05 ), #2453, 'distance_accuracy_value', 'NONE');
#3658 = DIRECTION ( 'NONE',  ( 0.000000000000000000, 0.000000000000000000, -1.000000000000000000 ) ) ;
#3659 = AXIS2_PLACEMENT_3D ( 'NONE', #3648, #2759, #3539 ) ;
#3660 = ORIENTED_EDGE ( 'NONE', *, *, #1867, .F. ) ;
#3661 = VERTEX_POINT ( 'NONE', #1775 ) ;
#3662 = DIRECTION ( 'NONE',  ( -1.000000000000000000, -0.000000000000000000, -0.000000000000000000 ) ) ;
#3663 = VECTOR ( 'NONE', #3309, 1000.000000000000000 ) ;
#3664 =( NAMED_UNIT ( * ) SI_UNIT ( $, .STERADIAN. ) SOLID_ANGLE_UNIT ( ) );
#3665 = ORIENTED_EDGE ( 'NONE', *, *, #2627, .T. ) ;
#3666 = ORIENTED_EDGE ( 'NONE', *, *, #812, .T. ) ;
#3667 = VERTEX_POINT ( 'NONE', #2944 ) ;
#3668 = CARTESIAN_POINT ( 'NONE',  ( -1.750000000000000222, 2.880000000000000338, 6.099999999999999645 ) ) ;
#3669 = DIRECTION ( 'NONE',  ( 0.2164396139381035700, 0.000000000000000000, -0.9762960071199331402 ) ) ;
#3670 = CARTESIAN_POINT ( 'NONE',  ( -1.084202172485504434E-16, 0.000000000000000000, 0.000000000000000000 ) ) ;
#3671 = EDGE_CURVE ( 'NONE', #2193, #3424, #651, .T. ) ;
#3672 = LINE ( 'NONE', #175, #3406 ) ;
#3673 = FACE_OUTER_BOUND ( 'NONE', #128, .T. ) ;
#3674 = DIRECTION ( 'NONE',  ( 0.000000000000000000, -0.7071067811865516806, 0.7071067811865434649 ) ) ;
#3675 = CARTESIAN_POINT ( 'NONE',  ( 0.8000000000000004885, 0.6800000000000004929, 2.600000000000000089 ) ) ;
#3676 = SURFACE_STYLE_USAGE ( .BOTH. , #2551 ) ;
#3677 = CYLINDRICAL_SURFACE ( 'NONE', #3477, 0.3499999999999998113 ) ;
#3678 = VERTEX_POINT ( 'NONE', #2084 ) ;
#3679 = VECTOR ( 'NONE', #2858, 1000.000000000000000 ) ;
#3680 = ADVANCED_FACE ( 'NONE', ( #1791 ), #1259, .F. ) ;
#3681 = EDGE_LOOP ( 'NONE', ( #326, #2946 ) ) ;
#3682 = SURFACE_STYLE_FILL_AREA ( #1375 ) ;
#3683 = PRESENTATION_LAYER_ASSIGNMENT (  '', '', ( #2336 ) ) ;
#3684 = COLOUR_RGB ( '',1.000000000000000000, 1.000000000000000000, 1.000000000000000000 ) ;
#3685 = MECHANICAL_DESIGN_GEOMETRIC_PRESENTATION_REPRESENTATION (  '', ( #2834 ), #2277 ) ;
#3686 = EDGE_LOOP ( 'NONE', ( #2401, #2539, #3665, #142 ) ) ;
#3688 = SURFACE_STYLE_FILL_AREA ( #3380 ) ;
#3687 = COLOUR_RGB ( '',1.000000000000000000, 1.000000000000000000, 1.000000000000000000 ) ;
#3689 = STYLED_ITEM ( 'NONE', ( #3036 ), #3601 ) ;
#3690 = VECTOR ( 'NONE', #417, 1000.000000000000000 ) ;
#3691 = FILL_AREA_STYLE_COLOUR ( '', #1644 ) ;
#3692 =( NAMED_UNIT ( * ) SI_UNIT ( $, .STERADIAN. ) SOLID_ANGLE_UNIT ( ) );
#3693 = PRESENTATION_STYLE_ASSIGNMENT (( #1684 ) ) ;
#3694 = DIRECTION ( 'NONE',  ( 0.000000000000000000, -1.000000000000000000, -1.227398685832646557E-16 ) ) ;
#3695 = DIRECTION ( 'NONE',  ( 1.000000000000000000, -0.000000000000000000, 0.000000000000000000 ) ) ;
#3696 =( LENGTH_UNIT ( ) NAMED_UNIT ( * ) SI_UNIT ( .MILLI., .METRE. ) );
#3697 = VECTOR ( 'NONE', #3776, 1000.000000000000000 ) ;
#3698 = AXIS2_PLACEMENT_3D ( 'NONE', #1864, #3345, #3013 ) ;
#3699 = ORIENTED_EDGE ( 'NONE', *, *, #127, .F. ) ;
#3700 = CARTESIAN_POINT ( 'NONE',  ( 2.500000000000000000, 0.000000000000000000, 0.000000000000000000 ) ) ;
#3701 = DIRECTION ( 'NONE',  ( -0.000000000000000000, 1.121588454295349533E-16, -1.000000000000000000 ) ) ;
#3702 = CARTESIAN_POINT ( 'NONE',  ( 4.949999999999999289, 2.880000000000000338, 6.099999999999999645 ) ) ;
#3703 = PRESENTATION_LAYER_ASSIGNMENT (  '', '', ( #522 ) ) ;
#3704 = EDGE_LOOP ( 'NONE', ( #1620, #799, #229, #1872 ) ) ;
#3705 = FILL_AREA_STYLE_COLOUR ( '', #3265 ) ;
#3706 = CARTESIAN_POINT ( 'NONE',  ( 2.500000000000000000, 1.199999999999997513, -2.297690339878715088E-14 ) ) ;
#3707 = CARTESIAN_POINT ( 'NONE',  ( -0.8500000000000003109, 0.6800000000000004929, 6.599999999999999645 ) ) ;
#3708 =( LENGTH_UNIT ( ) NAMED_UNIT ( * ) SI_UNIT ( .MILLI., .METRE. ) );
#3709 = CARTESIAN_POINT ( 'NONE',  ( -2.450000000000000178, 1.000000000000000000, -0.8000000000000059286 ) ) ;
#3710 = DIRECTION ( 'NONE',  ( -1.000000000000000000, 0.000000000000000000, 4.646580739223590995E-16 ) ) ;
#3711 = ADVANCED_FACE ( 'NONE', ( #3585 ), #1537, .T. ) ;
#3712 = AXIS2_PLACEMENT_3D ( 'NONE', #2027, #3751, #2914 ) ;
#3713 = VERTEX_POINT ( 'NONE', #428 ) ;
#3714 = PRESENTATION_STYLE_ASSIGNMENT (( #3756 ) ) ;
#3715 = EDGE_CURVE ( 'NONE', #1183, #965, #877, .T. ) ;
#3716 = VECTOR ( 'NONE', #1343, 1000.000000000000000 ) ;
#3717 = ORIENTED_EDGE ( 'NONE', *, *, #2118, .T. ) ;
#3718 =( GEOMETRIC_REPRESENTATION_CONTEXT ( 3 ) GLOBAL_UNCERTAINTY_ASSIGNED_CONTEXT ( ( #1279 ) ) GLOBAL_UNIT_ASSIGNED_CONTEXT ( ( #184, #3757, #847 ) ) REPRESENTATION_CONTEXT ( 'NONE', 'WORKASPACE' ) );
#3719 = CARTESIAN_POINT ( 'NONE',  ( -1.750000000000000222, 2.880000000000000338, 5.599999999999999645 ) ) ;
#3720 = SURFACE_SIDE_STYLE ('',( #1047 ) ) ;
#3721 = ORIENTED_EDGE ( 'NONE', *, *, #2554, .F. ) ;
#3722 = EDGE_CURVE ( 'NONE', #375, #1478, #2134, .T. ) ;
#3723 = FILL_AREA_STYLE ('',( #1326 ) ) ;
#3724 = FILL_AREA_STYLE_COLOUR ( '', #500 ) ;
#3725 = DIRECTION ( 'NONE',  ( -0.000000000000000000, 1.121588454295349533E-16, -1.000000000000000000 ) ) ;
#3726 = LINE ( 'NONE', #1088, #1700 ) ;
#3727 = DIRECTION ( 'NONE',  ( -1.000000000000000000, -0.000000000000000000, 0.000000000000000000 ) ) ;
#3728 = DIRECTION ( 'NONE',  ( -1.000000000000000000, 0.000000000000000000, 0.000000000000000000 ) ) ;
#3729 = UNCERTAINTY_MEASURE_WITH_UNIT (LENGTH_MEASURE( 1.000000000000000082E-05 ), #2172, 'distance_accuracy_value', 'NONE');
#3730 = ORIENTED_EDGE ( 'NONE', *, *, #1808, .F. ) ;
#3731 = CARTESIAN_POINT ( 'NONE',  ( 4.949999999999999289, 4.900000000000000355, 6.599999999999999645 ) ) ;
#3732 =( NAMED_UNIT ( * ) SI_UNIT ( $, .STERADIAN. ) SOLID_ANGLE_UNIT ( ) );
#3733 = CIRCLE ( 'NONE', #924, 0.3500000000000000333 ) ;
#3734 = EDGE_CURVE ( 'NONE', #375, #1614, #707, .T. ) ;
#3735 = ORIENTED_EDGE ( 'NONE', *, *, #1145, .F. ) ;
#3736 = STYLED_ITEM ( 'NONE', ( #2240 ), #3175 ) ;
#3737 = PRESENTATION_STYLE_ASSIGNMENT (( #1441 ) ) ;
#3738 = STYLED_ITEM ( 'NONE', ( #1894 ), #2129 ) ;
#3739 = EDGE_LOOP ( 'NONE', ( #1990, #2519, #900, #2238, #1177 ) ) ;
#3740 = VECTOR ( 'NONE', #2496, 1000.000000000000000 ) ;
#3741 = VERTEX_POINT ( 'NONE', #141 ) ;
#3742 = SURFACE_SIDE_STYLE ('',( #3181 ) ) ;
#3743 = SURFACE_SIDE_STYLE ('',( #1802 ) ) ;
#3744 = DIRECTION ( 'NONE',  ( -0.000000000000000000, -0.000000000000000000, 1.000000000000000000 ) ) ;
#3745 = UNCERTAINTY_MEASURE_WITH_UNIT (LENGTH_MEASURE( 1.000000000000000082E-05 ), #2411, 'distance_accuracy_value', 'NONE');
#3746 = VECTOR ( 'NONE', #3540, 1000.000000000000000 ) ;
#3747 = EDGE_CURVE ( 'NONE', #2246, #3373, #3643, .T. ) ;
#3748 = VECTOR ( 'NONE', #2247, 1000.000000000000000 ) ;
#3749 = ORIENTED_EDGE ( 'NONE', *, *, #1720, .F. ) ;
#3750 =( GEOMETRIC_REPRESENTATION_CONTEXT ( 3 ) GLOBAL_UNCERTAINTY_ASSIGNED_CONTEXT ( ( #2643 ) ) GLOBAL_UNIT_ASSIGNED_CONTEXT ( ( #2421, #1201, #616 ) ) REPRESENTATION_CONTEXT ( 'NONE', 'WORKASPACE' ) );
#3751 = DIRECTION ( 'NONE',  ( 0.000000000000000000, 1.000000000000000000, 0.000000000000000000 ) ) ;
#3752 = DIRECTION ( 'NONE',  ( 1.000000000000000000, 0.000000000000000000, 0.000000000000000000 ) ) ;
#3753 = DIRECTION ( 'NONE',  ( 0.000000000000000000, 0.000000000000000000, -1.000000000000000000 ) ) ;
#3754 = VERTEX_POINT ( 'NONE', #454 ) ;
#3755 = CARTESIAN_POINT ( 'NONE',  ( 4.949999999999999289, 1.219999999999999973, 1.699999999999999289 ) ) ;
#3756 = SURFACE_STYLE_USAGE ( .BOTH. , #1392 ) ;
#3757 =( NAMED_UNIT ( * ) PLANE_ANGLE_UNIT ( ) SI_UNIT ( $, .RADIAN. ) );
#3758 = MECHANICAL_DESIGN_GEOMETRIC_PRESENTATION_REPRESENTATION (  '', ( #1871 ), #2000 ) ;
#3759 = EDGE_LOOP ( 'NONE', ( #545, #3429, #2962, #1004, #1355, #3339 ) ) ;
#3760 = EDGE_CURVE ( 'NONE', #134, #1967, #668, .T. ) ;
#3761 = AXIS2_PLACEMENT_3D ( 'NONE', #533, #2573, #3728 ) ;
#3762 = ORIENTED_EDGE ( 'NONE', *, *, #1280, .F. ) ;
#3763 = ORIENTED_EDGE ( 'NONE', *, *, #392, .F. ) ;
#3764 = CARTESIAN_POINT ( 'NONE',  ( 3.349999999999998757, 0.6799999999999999378, 6.299999999999999822 ) ) ;
#3765 = LINE ( 'NONE', #2626, #1268 ) ;
#3766 = PLANE ( 'NONE',  #2158 ) ;
#3767 =( NAMED_UNIT ( * ) PLANE_ANGLE_UNIT ( ) SI_UNIT ( $, .RADIAN. ) );
#3768 = UNCERTAINTY_MEASURE_WITH_UNIT (LENGTH_MEASURE( 1.000000000000000082E-05 ), #359, 'distance_accuracy_value', 'NONE');
#3769 = EDGE_CURVE ( 'NONE', #1429, #2136, #1278, .T. ) ;
#3770 = DIRECTION ( 'NONE',  ( -0.000000000000000000, -0.000000000000000000, -1.000000000000000000 ) ) ;
#3771 =( NAMED_UNIT ( * ) SI_UNIT ( $, .STERADIAN. ) SOLID_ANGLE_UNIT ( ) );
#3772 = VECTOR ( 'NONE', #2296, 1000.000000000000000 ) ;
#3773 = VERTEX_POINT ( 'NONE', #3094 ) ;
#3774 = DIRECTION ( 'NONE',  ( -0.000000000000000000, -1.000000000000000000, -1.260700200564541570E-16 ) ) ;
#3775 = VECTOR ( 'NONE', #1445, 1000.000000000000000 ) ;
#3776 = DIRECTION ( 'NONE',  ( 1.000000000000000000, -0.000000000000000000, -0.000000000000000000 ) ) ;
#3777 = ORIENTED_EDGE ( 'NONE', *, *, #1186, .F. ) ;
#3778 = ORIENTED_EDGE ( 'NONE', *, *, #1818, .T. ) ;
#3779 = DIRECTION ( 'NONE',  ( -1.000000000000000000, -0.000000000000000000, -0.000000000000000000 ) ) ;
#3780 = CARTESIAN_POINT ( 'NONE',  ( 0.8000000000000004885, 0.6800000000000004929, 6.099999999999999645 ) ) ;
#3781 = DIRECTION ( 'NONE',  ( 0.000000000000000000, 0.000000000000000000, -1.000000000000000000 ) ) ;
#3782 = CARTESIAN_POINT ( 'NONE',  ( -7.780404726986663171E-17, -3.500000000000000000, 0.1499999999999993838 ) ) ;
#3783 = ORIENTED_EDGE ( 'NONE', *, *, #1003, .F. ) ;
#3784 = EDGE_CURVE ( 'NONE', #3465, #2287, #2439, .T. ) ;
#3785 = PLANE ( 'NONE',  #2835 ) ;
#3786 = FILL_AREA_STYLE_COLOUR ( '', #3656 ) ;
#3787 = FILL_AREA_STYLE_COLOUR ( '', #1980 ) ;
#3788 = ORIENTED_EDGE ( 'NONE', *, *, #1588, .F. ) ;
#3789 = FILL_AREA_STYLE ('',( #2635 ) ) ;
#3790 = PRESENTATION_STYLE_ASSIGNMENT (( #2581 ) ) ;
#3791 = EDGE_CURVE ( 'NONE', #1598, #3060, #1250, .T. ) ;
#3792 = ORIENTED_EDGE ( 'NONE', *, *, #2075, .T. ) ;
#3793 =( NAMED_UNIT ( * ) PLANE_ANGLE_UNIT ( ) SI_UNIT ( $, .RADIAN. ) );
#3794 = CARTESIAN_POINT ( 'NONE',  ( 2.850000000000000089, 0.000000000000000000, 2.143131898507868297E-17 ) ) ;
#3795 = CIRCLE ( 'NONE', #2886, 0.3499999999999998113 ) ;
#3796 = ORIENTED_EDGE ( 'NONE', *, *, #1500, .F. ) ;
#3797 = ORIENTED_EDGE ( 'NONE', *, *, #967, .F. ) ;
#3798 = DIRECTION ( 'NONE',  ( 0.000000000000000000, 0.7071067811865475727, -0.7071067811865475727 ) ) ;
#3799 = DIRECTION ( 'NONE',  ( 0.000000000000000000, 1.000000000000000000, 0.000000000000000000 ) ) ;
#3800 = DIRECTION ( 'NONE',  ( 0.000000000000000000, 0.000000000000000000, -1.000000000000000000 ) ) ;
ENDSEC;
END-ISO-10303-21;
