ISO-10303-21;
HEADER;
FILE_DESCRIPTION (( 'STEP AP214' ),
    '1' );
FILE_NAME ('HSMG-C110.STEP',
    '2022-03-01T02:30:30',
    ( '' ),
    ( '' ),
    'SwSTEP 2.0',
    'SolidWorks 2017',
    '' );
FILE_SCHEMA (( 'AUTOMOTIVE_DESIGN' ));
ENDSEC;

DATA;
#1 = ORIENTED_EDGE ( 'NONE', *, *, #1922, .F. ) ;
#2 = CARTESIAN_POINT ( 'NONE',  ( -1.010000000000000000, 0.4849999999999999900, 0.5000000000000001100 ) ) ;
#3 = LINE ( 'NONE', #211, #475 ) ;
#4 = ORIENTED_EDGE ( 'NONE', *, *, #16, .T. ) ;
#5 =( NAMED_UNIT ( * ) SI_UNIT ( $, .STERADIAN. ) SOLID_ANGLE_UNIT ( ) );
#6 = SURFACE_SIDE_STYLE ('',( #1872 ) ) ;
#7 = ORIENTED_EDGE ( 'NONE', *, *, #2232, .F. ) ;
#8 = PRODUCT_DEFINITION ( 'UNKNOWN', '', #262, #2192 ) ;
#9 = DIRECTION ( 'NONE',  ( 0.0000000000000000000, -1.000000000000000000, 0.0000000000000000000 ) ) ;
#10 = COLOUR_RGB ( '',1.000000000000000000, 0.8117647058823529400, 0.5019607843137254800 ) ;
#11 = EDGE_CURVE ( 'NONE', #1717, #941, #2410, .T. ) ;
#12 = CARTESIAN_POINT ( 'NONE',  ( 1.284999999999999500, 0.01499999999999998600, 0.4999999999999998900 ) ) ;
#13 = CARTESIAN_POINT ( 'NONE',  ( -1.010000000000000000, 0.4500000000000000100, 0.4990000000000000000 ) ) ;
#14 = DIRECTION ( 'NONE',  ( -1.000000000000000000, 0.0000000000000000000, -2.168404344971008400E-016 ) ) ;
#15 = LINE ( 'NONE', #1994, #1791 ) ;
#16 = EDGE_CURVE ( 'NONE', #1046, #953, #1871, .T. ) ;
#17 = FACE_OUTER_BOUND ( 'NONE', #1991, .T. ) ;
#18 = DIRECTION ( 'NONE',  ( 0.0000000000000000000, 1.000000000000000000, 0.0000000000000000000 ) ) ;
#19 = VECTOR ( 'NONE', #432, 1000.000000000000000 ) ;
#20 = ORIENTED_EDGE ( 'NONE', *, *, #2429, .T. ) ;
#21 = FACE_OUTER_BOUND ( 'NONE', #624, .T. ) ;
#22 = EDGE_CURVE ( 'NONE', #941, #143, #858, .T. ) ;
#23 = SURFACE_STYLE_USAGE ( .BOTH. , #2198 ) ;
#24 = DIRECTION ( 'NONE',  ( 0.0000000000000000000, 0.0000000000000000000, -1.000000000000000000 ) ) ;
#25 = ORIENTED_EDGE ( 'NONE', *, *, #1311, .T. ) ;
#26 = FACE_OUTER_BOUND ( 'NONE', #2500, .T. ) ;
#27 = CARTESIAN_POINT ( 'NONE',  ( 1.599999999999999900, 0.01499999999999998600, -0.1849999999999995500 ) ) ;
#28 = VERTEX_POINT ( 'NONE', #2537 ) ;
#29 = DIRECTION ( 'NONE',  ( 0.0000000000000000000, 0.0000000000000000000, 1.000000000000000000 ) ) ;
#30 = CARTESIAN_POINT ( 'NONE',  ( 1.599999999999999900, 0.01499999999999998600, -0.5000000000000000000 ) ) ;
#31 = ORIENTED_EDGE ( 'NONE', *, *, #374, .F. ) ;
#32 = SURFACE_STYLE_USAGE ( .BOTH. , #409 ) ;
#33 = DIRECTION ( 'NONE',  ( -0.0000000000000000000, 1.000000000000000000, -0.0000000000000000000 ) ) ;
#34 = DIRECTION ( 'NONE',  ( 1.000000000000000000, 0.0000000000000000000, 0.0000000000000000000 ) ) ;
#35 = AXIS2_PLACEMENT_3D ( 'NONE', #76, #503, #1130 ) ;
#36 = ORIENTED_EDGE ( 'NONE', *, *, #1570, .T. ) ;
#37 = ORIENTED_EDGE ( 'NONE', *, *, #1887, .T. ) ;
#38 = EDGE_CURVE ( 'NONE', #2050, #294, #1331, .T. ) ;
#39 = VECTOR ( 'NONE', #1455, 1000.000000000000000 ) ;
#40 = VERTEX_POINT ( 'NONE', #2528 ) ;
#41 = CARTESIAN_POINT ( 'NONE',  ( 1.599999999999999900, 0.4850000000000001000, 0.5000000000000000000 ) ) ;
#42 = EDGE_LOOP ( 'NONE', ( #399, #2564, #2271, #1487, #586, #636 ) ) ;
#43 = DIRECTION ( 'NONE',  ( -1.000000000000000000, 0.0000000000000000000, 0.0000000000000000000 ) ) ;
#44 = VERTEX_POINT ( 'NONE', #318 ) ;
#45 = PLANE ( 'NONE',  #2311 ) ;
#46 = DIRECTION ( 'NONE',  ( 1.000000000000000000, 0.0000000000000000000, -0.0000000000000000000 ) ) ;
#47 = VECTOR ( 'NONE', #1999, 1000.000000000000000 ) ;
#48 = PLANE ( 'NONE',  #341 ) ;
#49 = COLOUR_RGB ( '',0.0000000000000000000, 0.5019607843137254800, 0.0000000000000000000 ) ;
#50 = DIRECTION ( 'NONE',  ( -0.0000000000000000000, 0.0000000000000000000, -1.000000000000000000 ) ) ;
#51 = ORIENTED_EDGE ( 'NONE', *, *, #2026, .T. ) ;
#52 = ORIENTED_EDGE ( 'NONE', *, *, #1880, .T. ) ;
#53 = EDGE_CURVE ( 'NONE', #1686, #89, #2345, .T. ) ;
#54 = DIRECTION ( 'NONE',  ( 0.0000000000000000000, -0.0000000000000000000, 1.000000000000000000 ) ) ;
#55 = CARTESIAN_POINT ( 'NONE',  ( -1.010000000000000000, 0.5000000000000000000, 0.4990000000000000000 ) ) ;
#56 = ORIENTED_EDGE ( 'NONE', *, *, #1620, .T. ) ;
#57 = DIRECTION ( 'NONE',  ( 0.0000000000000000000, 1.000000000000000000, 0.0000000000000000000 ) ) ;
#58 = PLANE ( 'NONE',  #1224 ) ;
#59 = AXIS2_PLACEMENT_3D ( 'NONE', #217, #2221, #2248 ) ;
#60 = FILL_AREA_STYLE_COLOUR ( '', #1856 ) ;
#61 = EDGE_LOOP ( 'NONE', ( #1220, #1384, #2242, #982 ) ) ;
#62 = EDGE_LOOP ( 'NONE', ( #580, #1017, #2465, #2373 ) ) ;
#63 = EDGE_CURVE ( 'NONE', #953, #1984, #1267, .T. ) ;
#64 = FACE_OUTER_BOUND ( 'NONE', #1512, .T. ) ;
#65 = ORIENTED_EDGE ( 'NONE', *, *, #2381, .T. ) ;
#66 = ORIENTED_EDGE ( 'NONE', *, *, #585, .F. ) ;
#67 = AXIS2_PLACEMENT_3D ( 'NONE', #894, #713, #495 ) ;
#68 = EDGE_CURVE ( 'NONE', #1063, #667, #1747, .T. ) ;
#69 = ORIENTED_EDGE ( 'NONE', *, *, #119, .T. ) ;
#70 = DIRECTION ( 'NONE',  ( 0.0000000000000000000, 1.000000000000000000, 0.0000000000000000000 ) ) ;
#71 = DIRECTION ( 'NONE',  ( -0.0000000000000000000, -1.000000000000000000, -0.0000000000000000000 ) ) ;
#72 = VECTOR ( 'NONE', #977, 1000.000000000000000 ) ;
#73 = ADVANCED_FACE ( 'NONE', ( #1807 ), #2341, .F. ) ;
#74 = CARTESIAN_POINT ( 'NONE',  ( -0.8900000000000007900, 0.01499999999999999900, -0.4990000000000001100 ) ) ;
#75 = ORIENTED_EDGE ( 'NONE', *, *, #199, .T. ) ;
#76 = CARTESIAN_POINT ( 'NONE',  ( -1.010000000000000200, 0.4850000000000000400, -0.5000000000000001100 ) ) ;
#77 = VERTEX_POINT ( 'NONE', #297 ) ;
#78 = FACE_BOUND ( 'NONE', #2019, .T. ) ;
#79 = DIRECTION ( 'NONE',  ( 0.0000000000000000000, 1.000000000000000000, 0.0000000000000000000 ) ) ;
#80 = VECTOR ( 'NONE', #1831, 1000.000000000000000 ) ;
#81 = EDGE_LOOP ( 'NONE', ( #611, #1454, #1448, #1457 ) ) ;
#82 = FACE_OUTER_BOUND ( 'NONE', #1480, .T. ) ;
#83 = CARTESIAN_POINT ( 'NONE',  ( -0.2100000000000000200, 0.4500000000000000100, -0.2989999999999999900 ) ) ;
#84 = ORIENTED_EDGE ( 'NONE', *, *, #2594, .T. ) ;
#85 = AXIS2_PLACEMENT_3D ( 'NONE', #1523, #1938, #1106 ) ;
#86 = ORIENTED_EDGE ( 'NONE', *, *, #38, .F. ) ;
#87 = LINE ( 'NONE', #1353, #207 ) ;
#88 = CARTESIAN_POINT ( 'NONE',  ( 1.299999999999999800, 0.0000000000000000000, 0.5000000000000001100 ) ) ;
#89 = VERTEX_POINT ( 'NONE', #928 ) ;
#90 = ADVANCED_FACE ( 'NONE', ( #213 ), #2575, .F. ) ;
#91 = VERTEX_POINT ( 'NONE', #156 ) ;
#92 = CARTESIAN_POINT ( 'NONE',  ( -1.000000000000000000, 0.5000000000000000000, 2.736067977499789400 ) ) ;
#93 = CARTESIAN_POINT ( 'NONE',  ( -1.010000000000000200, 0.5000000000000000000, -0.5000000000000001100 ) ) ;
#94 = CARTESIAN_POINT ( 'NONE',  ( -0.5500000000000001600, 0.06500000000000000200, 0.4990000000000001100 ) ) ;
#95 = ORIENTED_EDGE ( 'NONE', *, *, #1719, .F. ) ;
#96 = DIRECTION ( 'NONE',  ( -1.000000000000000000, 0.0000000000000000000, 0.0000000000000000000 ) ) ;
#97 = DIRECTION ( 'NONE',  ( -1.000000000000000000, 0.0000000000000000000, 0.0000000000000000000 ) ) ;
#98 = LINE ( 'NONE', #1011, #2162 ) ;
#99 = AXIS2_PLACEMENT_3D ( 'NONE', #1213, #34, #835 ) ;
#100 = CARTESIAN_POINT ( 'NONE',  ( 1.010000000000000000, 0.5000000000000000000, 0.5000000000000001100 ) ) ;
#101 = DIRECTION ( 'NONE',  ( -2.168404344971008400E-016, -0.0000000000000000000, -1.000000000000000000 ) ) ;
#102 = ORIENTED_EDGE ( 'NONE', *, *, #529, .T. ) ;
#103 = EDGE_CURVE ( 'NONE', #2332, #1434, #1394, .T. ) ;
#104 = VERTEX_POINT ( 'NONE', #353 ) ;
#105 = VECTOR ( 'NONE', #538, 1000.000000000000000 ) ;
#106 = FACE_OUTER_BOUND ( 'NONE', #956, .T. ) ;
#107 = DIRECTION ( 'NONE',  ( 0.0000000000000000000, 0.0000000000000000000, -1.000000000000000000 ) ) ;
#108 = DIRECTION ( 'NONE',  ( 0.0000000000000000000, -1.000000000000000000, 0.0000000000000000000 ) ) ;
#109 = CIRCLE ( 'NONE', #1550, 0.3000000000000005400 ) ;
#110 = ORIENTED_EDGE ( 'NONE', *, *, #2429, .F. ) ;
#111 = VECTOR ( 'NONE', #958, 1000.000000000000000 ) ;
#112 = CARTESIAN_POINT ( 'NONE',  ( -1.040000000000000700, 0.01499999999999999900, 0.5000000000000001100 ) ) ;
#113 = EDGE_CURVE ( 'NONE', #302, #1240, #798, .T. ) ;
#114 = EDGE_LOOP ( 'NONE', ( #1694, #1047, #293, #1260 ) ) ;
#115 = DIRECTION ( 'NONE',  ( 1.000000000000000000, -0.0000000000000000000, 0.0000000000000000000 ) ) ;
#116 = STYLED_ITEM ( 'NONE', ( #673 ), #1697 ) ;
#117 = CARTESIAN_POINT ( 'NONE',  ( -1.600000000000000300, 0.0000000000000000000, -0.5000000000000000000 ) ) ;
#118 = ORIENTED_EDGE ( 'NONE', *, *, #1754, .T. ) ;
#119 = EDGE_CURVE ( 'NONE', #2340, #1194, #860, .T. ) ;
#120 = DIRECTION ( 'NONE',  ( -1.000000000000000000, 0.0000000000000000000, -0.0000000000000000000 ) ) ;
#121 = CARTESIAN_POINT ( 'NONE',  ( -0.2100000000000000200, 0.4500000000000000100, -0.2989999999999999900 ) ) ;
#122 = ORIENTED_EDGE ( 'NONE', *, *, #1532, .F. ) ;
#123 =( NAMED_UNIT ( * ) SI_UNIT ( $, .STERADIAN. ) SOLID_ANGLE_UNIT ( ) );
#124 =( LENGTH_UNIT ( ) NAMED_UNIT ( * ) SI_UNIT ( .MILLI., .METRE. ) );
#125 = EDGE_LOOP ( 'NONE', ( #2444, #1555, #828, #234 ) ) ;
#126 = LINE ( 'NONE', #1635, #1749 ) ;
#127 = EDGE_LOOP ( 'NONE', ( #1370, #1494, #1958, #1191 ) ) ;
#128 = ORIENTED_EDGE ( 'NONE', *, *, #1880, .F. ) ;
#129 = DIRECTION ( 'NONE',  ( 1.000000000000000000, 0.0000000000000000000, -0.0000000000000000000 ) ) ;
#130 = DIRECTION ( 'NONE',  ( -0.0000000000000000000, -0.0000000000000000000, -1.000000000000000000 ) ) ;
#131 = ADVANCED_FACE ( 'NONE', ( #1746 ), #2237, .F. ) ;
#132 = DIRECTION ( 'NONE',  ( 0.0000000000000000000, -0.0000000000000000000, 1.000000000000000000 ) ) ;
#133 = MECHANICAL_DESIGN_GEOMETRIC_PRESENTATION_REPRESENTATION (  '', ( #2369 ), #1742 ) ;
#134 = DIRECTION ( 'NONE',  ( -0.0000000000000000000, 1.000000000000000000, -0.0000000000000000000 ) ) ;
#135 = LINE ( 'NONE', #981, #378 ) ;
#136 = DIRECTION ( 'NONE',  ( 0.0000000000000000000, -1.000000000000000000, 0.0000000000000000000 ) ) ;
#137 = FACE_BOUND ( 'NONE', #1833, .T. ) ;
#138 = LINE ( 'NONE', #1275, #410 ) ;
#139 = ORIENTED_EDGE ( 'NONE', *, *, #762, .T. ) ;
#140 = LINE ( 'NONE', #767, #568 ) ;
#141 = FILL_AREA_STYLE_COLOUR ( '', #1981 ) ;
#142 = ORIENTED_EDGE ( 'NONE', *, *, #821, .T. ) ;
#143 = VERTEX_POINT ( 'NONE', #1438 ) ;
#144 = CARTESIAN_POINT ( 'NONE',  ( -1.010000000000000000, -0.3746211251235321800, -0.4990000000000000000 ) ) ;
#145 = VECTOR ( 'NONE', #2147, 1000.000000000000000 ) ;
#146 = ADVANCED_FACE ( 'NONE', ( #638 ), #1806, .F. ) ;
#147 = ORIENTED_EDGE ( 'NONE', *, *, #551, .F. ) ;
#148 = DIRECTION ( 'NONE',  ( 0.0000000000000000000, 0.0000000000000000000, -1.000000000000000000 ) ) ;
#149 = ORIENTED_EDGE ( 'NONE', *, *, #113, .T. ) ;
#150 = EDGE_CURVE ( 'NONE', #2382, #845, #1200, .T. ) ;
#151 = ORIENTED_EDGE ( 'NONE', *, *, #1658, .T. ) ;
#152 = DIRECTION ( 'NONE',  ( -0.0000000000000000000, 1.000000000000000000, 0.0000000000000000000 ) ) ;
#153 = AXIS2_PLACEMENT_3D ( 'NONE', #1221, #2245, #2226 ) ;
#154 = DIRECTION ( 'NONE',  ( 0.0000000000000000000, 0.0000000000000000000, 1.000000000000000000 ) ) ;
#155 = EDGE_CURVE ( 'NONE', #1610, #1040, #2477, .T. ) ;
#156 = CARTESIAN_POINT ( 'NONE',  ( -1.284999999999999500, 0.4849999999999999300, -0.5000000000000001100 ) ) ;
#157 = DIRECTION ( 'NONE',  ( 0.0000000000000000000, 0.0000000000000000000, 1.000000000000000000 ) ) ;
#158 = LINE ( 'NONE', #2134, #2195 ) ;
#159 = ORIENTED_EDGE ( 'NONE', *, *, #1186, .T. ) ;
#160 = CARTESIAN_POINT ( 'NONE',  ( -1.599999999999999900, -0.4304772721475256200, 0.5000000000000000000 ) ) ;
#161 = DIRECTION ( 'NONE',  ( 0.0000000000000000000, -0.0000000000000000000, 1.000000000000000000 ) ) ;
#162 = VECTOR ( 'NONE', #1291, 1000.000000000000000 ) ;
#163 = CARTESIAN_POINT ( 'NONE',  ( -1.599999999999999900, 0.4850000000000000400, 0.5000000000000000000 ) ) ;
#164 = VERTEX_POINT ( 'NONE', #1628 ) ;
#165 = DIRECTION ( 'NONE',  ( 0.0000000000000000000, 0.0000000000000000000, -1.000000000000000000 ) ) ;
#166 = ORIENTED_EDGE ( 'NONE', *, *, #1054, .F. ) ;
#167 = EDGE_CURVE ( 'NONE', #1576, #235, #126, .T. ) ;
#168 = CARTESIAN_POINT ( 'NONE',  ( -1.010000000000000000, -0.3746211251235321800, 0.4990000000000000000 ) ) ;
#169 = CIRCLE ( 'NONE', #1447, 0.3150000000000003900 ) ;
#170 = PLANE ( 'NONE',  #1023 ) ;
#171 = LINE ( 'NONE', #238, #2331 ) ;
#172 = ADVANCED_FACE ( 'NONE', ( #2348 ), #1836, .F. ) ;
#173 = ORIENTED_EDGE ( 'NONE', *, *, #850, .F. ) ;
#174 = CARTESIAN_POINT ( 'NONE',  ( 0.0000000000000000000, 0.4500000000000000100, 0.0000000000000000000 ) ) ;
#175 = VERTEX_POINT ( 'NONE', #630 ) ;
#176 = LINE ( 'NONE', #2470, #2078 ) ;
#177 = CARTESIAN_POINT ( 'NONE',  ( 1.010000000000000200, 0.4850000000000000400, -0.5000000000000001100 ) ) ;
#178 = DIRECTION ( 'NONE',  ( 1.000000000000000000, -0.0000000000000000000, -0.0000000000000000000 ) ) ;
#179 = ORIENTED_EDGE ( 'NONE', *, *, #711, .F. ) ;
#180 = DIRECTION ( 'NONE',  ( 0.0000000000000000000, 0.0000000000000000000, -1.000000000000000000 ) ) ;
#181 = ORIENTED_EDGE ( 'NONE', *, *, #646, .T. ) ;
#182 = DIRECTION ( 'NONE',  ( 0.0000000000000000000, 1.000000000000000000, 0.0000000000000000000 ) ) ;
#183 = EDGE_CURVE ( 'NONE', #2109, #2400, #277, .T. ) ;
#184 = DIRECTION ( 'NONE',  ( -0.0000000000000000000, 0.0000000000000000000, 1.000000000000000000 ) ) ;
#185 = ADVANCED_FACE ( 'NONE', ( #1269 ), #45, .T. ) ;
#186 = CARTESIAN_POINT ( 'NONE',  ( 1.040000000000000700, 0.01499999999999999900, 0.5000000000000001100 ) ) ;
#187 = EDGE_CURVE ( 'NONE', #104, #596, #1810, .T. ) ;
#188 = ORIENTED_EDGE ( 'NONE', *, *, #244, .F. ) ;
#189 = ORIENTED_EDGE ( 'NONE', *, *, #1071, .T. ) ;
#190 = DIRECTION ( 'NONE',  ( 0.0000000000000000000, 0.0000000000000000000, 1.000000000000000000 ) ) ;
#191 = ORIENTED_EDGE ( 'NONE', *, *, #1117, .T. ) ;
#192 = VERTEX_POINT ( 'NONE', #2039 ) ;
#193 = SURFACE_STYLE_USAGE ( .BOTH. , #6 ) ;
#194 =( NAMED_UNIT ( * ) PLANE_ANGLE_UNIT ( ) SI_UNIT ( $, .RADIAN. ) );
#195 = CARTESIAN_POINT ( 'NONE',  ( -1.010000000000000000, -0.3746211251235321800, -0.2989999999999999900 ) ) ;
#196 = STYLED_ITEM ( 'NONE', ( #1333 ), #301 ) ;
#197 = CIRCLE ( 'NONE', #1567, 0.3150000000000003900 ) ;
#198 = FACE_OUTER_BOUND ( 'NONE', #554, .T. ) ;
#199 = EDGE_CURVE ( 'NONE', #2529, #1686, #158, .T. ) ;
#200 = CIRCLE ( 'NONE', #1838, 1.000000000000000000 ) ;
#201 = CARTESIAN_POINT ( 'NONE',  ( -1.010000000000000000, 0.4500000000000000100, 0.2989999999999999900 ) ) ;
#202 = EDGE_LOOP ( 'NONE', ( #1845, #1583, #1848, #411 ) ) ;
#203 = FILL_AREA_STYLE ('',( #2598 ) ) ;
#204 = VECTOR ( 'NONE', #96, 1000.000000000000000 ) ;
#205 = VERTEX_POINT ( 'NONE', #1363 ) ;
#206 = ORIENTED_EDGE ( 'NONE', *, *, #1038, .T. ) ;
#207 = VECTOR ( 'NONE', #1548, 1000.000000000000000 ) ;
#208 = VERTEX_POINT ( 'NONE', #1901 ) ;
#209 = ORIENTED_EDGE ( 'NONE', *, *, #2179, .F. ) ;
#210 = DIRECTION ( 'NONE',  ( 0.0000000000000000000, 0.0000000000000000000, 1.000000000000000000 ) ) ;
#211 = CARTESIAN_POINT ( 'NONE',  ( 1.010000000000000200, 0.4849999999999999900, -0.5000000000000001100 ) ) ;
#212 = EDGE_CURVE ( 'NONE', #259, #1418, #731, .T. ) ;
#213 = FACE_OUTER_BOUND ( 'NONE', #877, .T. ) ;
#214 = DIRECTION ( 'NONE',  ( 6.883823317368273900E-016, 0.0000000000000000000, 1.000000000000000000 ) ) ;
#215 = VECTOR ( 'NONE', #1310, 1000.000000000000000 ) ;
#216 = VECTOR ( 'NONE', #1077, 1000.000000000000000 ) ;
#217 = CARTESIAN_POINT ( 'NONE',  ( -1.010000000000000200, -0.6760770861575040600, -0.5000000000000001100 ) ) ;
#218 = PLANE ( 'NONE',  #1034 ) ;
#219 =( NAMED_UNIT ( * ) PLANE_ANGLE_UNIT ( ) SI_UNIT ( $, .RADIAN. ) );
#220 = MANIFOLD_SOLID_BREP ( 'Boss-Extrude6[1]', #1302 ) ;
#221 = CIRCLE ( 'NONE', #1586, 0.3150000000000003900 ) ;
#222 = CARTESIAN_POINT ( 'NONE',  ( -1.010000000000000000, -0.3746211251235321800, -0.4990000000000000000 ) ) ;
#223 = EDGE_CURVE ( 'NONE', #28, #626, #1266, .T. ) ;
#224 = CYLINDRICAL_SURFACE ( 'NONE', #1002, 1.000000000000000000 ) ;
#225 = CARTESIAN_POINT ( 'NONE',  ( 1.600000000000000300, 0.0000000000000000000, -0.1999999999999994300 ) ) ;
#226 = AXIS2_PLACEMENT_3D ( 'NONE', #2118, #316, #2523 ) ;
#227 = FACE_OUTER_BOUND ( 'NONE', #263, .T. ) ;
#228 = VERTEX_POINT ( 'NONE', #1499 ) ;
#229 = EDGE_CURVE ( 'NONE', #1240, #1458, #736, .T. ) ;
#230 = DIRECTION ( 'NONE',  ( 0.0000000000000000000, -0.0000000000000000000, 1.000000000000000000 ) ) ;
#231 = ORIENTED_EDGE ( 'NONE', *, *, #2467, .T. ) ;
#232 = CIRCLE ( 'NONE', #2259, 0.3150000000000003900 ) ;
#233 = DIRECTION ( 'NONE',  ( -0.0000000000000000000, 1.000000000000000000, -0.0000000000000000000 ) ) ;
#234 = ORIENTED_EDGE ( 'NONE', *, *, #1430, .T. ) ;
#235 = VERTEX_POINT ( 'NONE', #311 ) ;
#236 = DIRECTION ( 'NONE',  ( 0.0000000000000000000, 0.0000000000000000000, -1.000000000000000000 ) ) ;
#237 = ORIENTED_EDGE ( 'NONE', *, *, #2299, .F. ) ;
#238 = CARTESIAN_POINT ( 'NONE',  ( -1.599999999999999900, 0.4849999999999999900, 0.1999999999999994300 ) ) ;
#239 = AXIS2_PLACEMENT_3D ( 'NONE', #1031, #1013, #2450 ) ;
#240 = CARTESIAN_POINT ( 'NONE',  ( -1.599999999999999900, 0.01499999999999998600, 0.1849999999999995500 ) ) ;
#241 = CARTESIAN_POINT ( 'NONE',  ( -0.8900000000000007900, 1.119326325195383300, -0.4990000000000001100 ) ) ;
#242 = ORIENTED_EDGE ( 'NONE', *, *, #2594, .F. ) ;
#243 = VERTEX_POINT ( 'NONE', #1318 ) ;
#244 = EDGE_CURVE ( 'NONE', #368, #941, #2125, .T. ) ;
#245 = VECTOR ( 'NONE', #1488, 1000.000000000000000 ) ;
#246 = EDGE_LOOP ( 'NONE', ( #1824, #565, #2513, #2449 ) ) ;
#247 = ORIENTED_EDGE ( 'NONE', *, *, #1790, .T. ) ;
#248 = CARTESIAN_POINT ( 'NONE',  ( -0.8900000000000007900, 0.06500000000000000200, -0.4990000000000001100 ) ) ;
#249 = VERTEX_POINT ( 'NONE', #1713 ) ;
#250 = ADVANCED_FACE ( 'NONE', ( #1461, #1594 ), #1294, .T. ) ;
#251 = CARTESIAN_POINT ( 'NONE',  ( 1.299999999999999400, 4.352610922848041900, -0.5000000000000001100 ) ) ;
#252 = DIRECTION ( 'NONE',  ( 0.0000000000000000000, 0.0000000000000000000, 1.000000000000000000 ) ) ;
#253 = SURFACE_STYLE_FILL_AREA ( #267 ) ;
#254 = DIRECTION ( 'NONE',  ( 0.0000000000000000000, 1.000000000000000000, 0.0000000000000000000 ) ) ;
#255 = LINE ( 'NONE', #1789, #591 ) ;
#256 = CARTESIAN_POINT ( 'NONE',  ( -0.5499999999999999300, 0.01499999999999999900, 0.4990000000000001100 ) ) ;
#257 = AXIS2_PLACEMENT_3D ( 'NONE', #1601, #395, #190 ) ;
#258 = EDGE_CURVE ( 'NONE', #953, #2178, #2281, .T. ) ;
#259 = VERTEX_POINT ( 'NONE', #1030 ) ;
#260 = VECTOR ( 'NONE', #1978, 1000.000000000000000 ) ;
#261 = ADVANCED_FACE ( 'NONE', ( #1935 ), #1825, .T. ) ;
#262 = PRODUCT_DEFINITION_FORMATION_WITH_SPECIFIED_SOURCE ( 'ANY', '', #1008, .NOT_KNOWN. ) ;
#263 = EDGE_LOOP ( 'NONE', ( #550, #1765, #700, #4 ) ) ;
#264 = EDGE_LOOP ( 'NONE', ( #1888, #692, #464, #1437, #1261 ) ) ;
#265 = LINE ( 'NONE', #1965, #792 ) ;
#266 = DIRECTION ( 'NONE',  ( 1.000000000000000000, 0.0000000000000000000, 0.0000000000000000000 ) ) ;
#267 = FILL_AREA_STYLE ('',( #60 ) ) ;
#268 = ORIENTED_EDGE ( 'NONE', *, *, #1974, .T. ) ;
#269 = DIRECTION ( 'NONE',  ( 0.0000000000000000000, 0.0000000000000000000, -1.000000000000000000 ) ) ;
#270 = CARTESIAN_POINT ( 'NONE',  ( 1.600000000000000300, 0.01499999999999999900, 0.5000000000000000000 ) ) ;
#271 = AXIS2_PLACEMENT_3D ( 'NONE', #1802, #2419, #2020 ) ;
#272 =( NAMED_UNIT ( * ) PLANE_ANGLE_UNIT ( ) SI_UNIT ( $, .RADIAN. ) );
#273 = VECTOR ( 'NONE', #1489, 1000.000000000000000 ) ;
#274 = ADVANCED_FACE ( 'NONE', ( #1048 ), #1233, .F. ) ;
#275 = EDGE_CURVE ( 'NONE', #298, #704, #921, .T. ) ;
#276 = DIRECTION ( 'NONE',  ( -0.0000000000000000000, 1.000000000000000000, -0.0000000000000000000 ) ) ;
#277 = LINE ( 'NONE', #1234, #2223 ) ;
#278 = SURFACE_STYLE_FILL_AREA ( #2187 ) ;
#279 = DIRECTION ( 'NONE',  ( 1.000000000000000000, -0.0000000000000000000, 0.0000000000000000000 ) ) ;
#280 = ORIENTED_EDGE ( 'NONE', *, *, #283, .F. ) ;
#281 = AXIS2_PLACEMENT_3D ( 'NONE', #1407, #43, #2018 ) ;
#282 = LINE ( 'NONE', #308, #1812 ) ;
#283 = EDGE_CURVE ( 'NONE', #2382, #1387, #456, .T. ) ;
#284 = DIRECTION ( 'NONE',  ( -1.000000000000000000, -0.0000000000000000000, -0.0000000000000000000 ) ) ;
#285 = FACE_OUTER_BOUND ( 'NONE', #530, .T. ) ;
#286 = CARTESIAN_POINT ( 'NONE',  ( 0.0000000000000000000, 0.4500000000000000100, 0.0000000000000000000 ) ) ;
#287 = DIRECTION ( 'NONE',  ( 1.000000000000000000, 0.0000000000000000000, -2.168404344971008400E-016 ) ) ;
#288 = LINE ( 'NONE', #1705, #2359 ) ;
#289 = DIRECTION ( 'NONE',  ( -0.0000000000000000000, 1.000000000000000000, 0.0000000000000000000 ) ) ;
#290 =( NAMED_UNIT ( * ) SI_UNIT ( $, .STERADIAN. ) SOLID_ANGLE_UNIT ( ) );
#291 = VECTOR ( 'NONE', #1900, 1000.000000000000000 ) ;
#292 = VERTEX_POINT ( 'NONE', #1170 ) ;
#293 = ORIENTED_EDGE ( 'NONE', *, *, #53, .T. ) ;
#294 = VERTEX_POINT ( 'NONE', #1786 ) ;
#295 = VECTOR ( 'NONE', #372, 1000.000000000000000 ) ;
#296 = EDGE_CURVE ( 'NONE', #2082, #893, #2064, .T. ) ;
#297 = CARTESIAN_POINT ( 'NONE',  ( 1.284999999999999500, 0.01499999999999998600, -0.5000000000000001100 ) ) ;
#298 = VERTEX_POINT ( 'NONE', #980 ) ;
#299 = ORIENTED_EDGE ( 'NONE', *, *, #2536, .T. ) ;
#300 = ORIENTED_EDGE ( 'NONE', *, *, #1366, .F. ) ;
#301 = MANIFOLD_SOLID_BREP ( 'Boss-Extrude4[1]', #1615 ) ;
#302 = VERTEX_POINT ( 'NONE', #484 ) ;
#303 = DIRECTION ( 'NONE',  ( 6.883823317368273900E-016, 0.0000000000000000000, 1.000000000000000000 ) ) ;
#304 = ORIENTED_EDGE ( 'NONE', *, *, #150, .F. ) ;
#305 = LINE ( 'NONE', #222, #340 ) ;
#306 = ORIENTED_EDGE ( 'NONE', *, *, #1587, .F. ) ;
#307 = ORIENTED_EDGE ( 'NONE', *, *, #2402, .F. ) ;
#308 = CARTESIAN_POINT ( 'NONE',  ( -0.4000000000000000800, 0.01499999999999999900, -0.5000000000000001100 ) ) ;
#309 = DIRECTION ( 'NONE',  ( 0.0000000000000000000, 1.000000000000000000, 0.0000000000000000000 ) ) ;
#310 = ORIENTED_EDGE ( 'NONE', *, *, #167, .T. ) ;
#311 = CARTESIAN_POINT ( 'NONE',  ( -1.010000000000000200, 0.4850000000000000400, -0.4990000000000000000 ) ) ;
#312 = CARTESIAN_POINT ( 'NONE',  ( -1.010000000000000000, 0.4500000000000000100, 0.2989999999999999900 ) ) ;
#313 = EDGE_CURVE ( 'NONE', #1435, #717, #1829, .T. ) ;
#314 = LINE ( 'NONE', #2567, #1504 ) ;
#315 = VECTOR ( 'NONE', #2225, 1000.000000000000000 ) ;
#316 = DIRECTION ( 'NONE',  ( 0.0000000000000000000, 1.000000000000000000, 0.0000000000000000000 ) ) ;
#317 = CARTESIAN_POINT ( 'NONE',  ( -1.599999999999999900, 0.4850000000000000400, 0.1999999999999994300 ) ) ;
#318 = CARTESIAN_POINT ( 'NONE',  ( 1.284999999999999500, 0.4850000000000000400, -0.5000000000000001100 ) ) ;
#319 = FACE_OUTER_BOUND ( 'NONE', #2110, .T. ) ;
#320 = AXIS2_PLACEMENT_3D ( 'NONE', #270, #289, #465 ) ;
#321 = ADVANCED_FACE ( 'NONE', ( #82 ), #2572, .F. ) ;
#322 = VERTEX_POINT ( 'NONE', #384 ) ;
#323 = LINE ( 'NONE', #2315, #683 ) ;
#324 = CARTESIAN_POINT ( 'NONE',  ( -0.8900000000000007900, 0.06500000000000000200, -0.4990000000000001100 ) ) ;
#325 = EDGE_CURVE ( 'NONE', #228, #1968, #1643, .T. ) ;
#326 = ORIENTED_EDGE ( 'NONE', *, *, #374, .T. ) ;
#327 = EDGE_LOOP ( 'NONE', ( #1382, #209, #517, #1782 ) ) ;
#328 = VECTOR ( 'NONE', #607, 1000.000000000000000 ) ;
#329 = CARTESIAN_POINT ( 'NONE',  ( -1.299999999999999800, 0.0000000000000000000, -0.5000000000000001100 ) ) ;
#330 = ORIENTED_EDGE ( 'NONE', *, *, #570, .F. ) ;
#331 = EDGE_CURVE ( 'NONE', #1298, #298, #383, .T. ) ;
#332 = CARTESIAN_POINT ( 'NONE',  ( -0.4000000000000000800, -1.280624847486569800, -0.5000000000000001100 ) ) ;
#333 = DIRECTION ( 'NONE',  ( -1.000000000000000000, 0.0000000000000000000, -0.0000000000000000000 ) ) ;
#334 = ADVANCED_FACE ( 'NONE', ( #788 ), #775, .T. ) ;
#335 = VERTEX_POINT ( 'NONE', #1975 ) ;
#336 = CARTESIAN_POINT ( 'NONE',  ( 1.010000000000000000, 0.4850000000000000400, 0.5000000000000001100 ) ) ;
#337 = ORIENTED_EDGE ( 'NONE', *, *, #529, .F. ) ;
#338 = DIRECTION ( 'NONE',  ( 0.0000000000000000000, 0.0000000000000000000, 1.000000000000000000 ) ) ;
#339 = DIRECTION ( 'NONE',  ( 0.0000000000000000000, 1.000000000000000000, 0.0000000000000000000 ) ) ;
#340 = VECTOR ( 'NONE', #57, 1000.000000000000000 ) ;
#341 = AXIS2_PLACEMENT_3D ( 'NONE', #1045, #634, #2268 ) ;
#342 = EDGE_CURVE ( 'NONE', #420, #912, #1917, .T. ) ;
#343 = CARTESIAN_POINT ( 'NONE',  ( -0.2100000000000000200, -0.3746211251235321800, -0.2989999999999999900 ) ) ;
#344 = PLANE ( 'NONE',  #2262 ) ;
#345 = VECTOR ( 'NONE', #1377, 1000.000000000000000 ) ;
#346 = DIRECTION ( 'NONE',  ( -1.000000000000000000, 0.0000000000000000000, 0.0000000000000000000 ) ) ;
#347 = ORIENTED_EDGE ( 'NONE', *, *, #1839, .T. ) ;
#348 = ADVANCED_FACE ( 'NONE', ( #844 ), #2401, .F. ) ;
#349 = CARTESIAN_POINT ( 'NONE',  ( -0.5500000000000001600, 0.06499999999999994700, -0.4990000000000001100 ) ) ;
#350 = VECTOR ( 'NONE', #1243, 1000.000000000000000 ) ;
#351 = VERTEX_POINT ( 'NONE', #1816 ) ;
#352 = VECTOR ( 'NONE', #2083, 1000.000000000000000 ) ;
#353 = CARTESIAN_POINT ( 'NONE',  ( 0.3999999999999999700, 0.0000000000000000000, 0.5000000000000001100 ) ) ;
#354 = ORIENTED_EDGE ( 'NONE', *, *, #1478, .T. ) ;
#355 = DIRECTION ( 'NONE',  ( -1.000000000000000000, 0.0000000000000000000, -0.0000000000000000000 ) ) ;
#356 = FACE_OUTER_BOUND ( 'NONE', #125, .T. ) ;
#357 = ORIENTED_EDGE ( 'NONE', *, *, #821, .F. ) ;
#358 = AXIS2_PLACEMENT_3D ( 'NONE', #490, #887, #537 ) ;
#359 = EDGE_LOOP ( 'NONE', ( #1737, #166, #1479, #280, #642, #428 ) ) ;
#360 = DIRECTION ( 'NONE',  ( 0.0000000000000000000, -0.0000000000000000000, 1.000000000000000000 ) ) ;
#361 = AXIS2_PLACEMENT_3D ( 'NONE', #121, #518, #500 ) ;
#362 = DIRECTION ( 'NONE',  ( 1.000000000000000000, 0.0000000000000000000, 0.0000000000000000000 ) ) ;
#363 = EDGE_CURVE ( 'NONE', #1300, #2247, #649, .T. ) ;
#364 = CARTESIAN_POINT ( 'NONE',  ( -0.5500000000000001600, 0.06500000000000000200, 0.4990000000000001100 ) ) ;
#365 = ORIENTED_EDGE ( 'NONE', *, *, #2574, .F. ) ;
#366 = FACE_OUTER_BOUND ( 'NONE', #1801, .T. ) ;
#367 = ORIENTED_EDGE ( 'NONE', *, *, #1462, .F. ) ;
#368 = VERTEX_POINT ( 'NONE', #1718 ) ;
#369 = ORIENTED_EDGE ( 'NONE', *, *, #834, .F. ) ;
#370 = EDGE_CURVE ( 'NONE', #494, #1074, #323, .T. ) ;
#371 = ADVANCED_FACE ( 'NONE', ( #21 ), #898, .F. ) ;
#372 = DIRECTION ( 'NONE',  ( -2.168404344971008400E-016, -0.0000000000000000000, -1.000000000000000000 ) ) ;
#373 = AXIS2_PLACEMENT_3D ( 'NONE', #2314, #2306, #2491 ) ;
#374 = EDGE_CURVE ( 'NONE', #667, #1576, #2143, .T. ) ;
#375 = LINE ( 'NONE', #2075, #1944 ) ;
#376 = DIRECTION ( 'NONE',  ( 0.0000000000000000000, 1.000000000000000000, 0.0000000000000000000 ) ) ;
#377 = DIRECTION ( 'NONE',  ( 1.000000000000000000, 0.0000000000000000000, -0.0000000000000000000 ) ) ;
#378 = VECTOR ( 'NONE', #1780, 1000.000000000000000 ) ;
#379 = LINE ( 'NONE', #760, #2329 ) ;
#380 = DIRECTION ( 'NONE',  ( 2.168404344971008400E-016, 0.0000000000000000000, -1.000000000000000000 ) ) ;
#381 = DIRECTION ( 'NONE',  ( 0.0000000000000000000, 0.0000000000000000000, 1.000000000000000000 ) ) ;
#382 = CLOSED_SHELL ( 'NONE', ( #1977, #2476, #1937, #716, #1326, #2324 ) ) ;
#383 = LINE ( 'NONE', #2, #260 ) ;
#384 = CARTESIAN_POINT ( 'NONE',  ( 1.600000000000000300, 0.01499999999999998600, 0.1849999999999996600 ) ) ;
#385 = VERTEX_POINT ( 'NONE', #781 ) ;
#386 = DIRECTION ( 'NONE',  ( -1.000000000000000000, -0.0000000000000000000, -0.0000000000000000000 ) ) ;
#387 = ORIENTED_EDGE ( 'NONE', *, *, #1839, .F. ) ;
#388 = VECTOR ( 'NONE', #1091, 1000.000000000000000 ) ;
#389 = ORIENTED_EDGE ( 'NONE', *, *, #1381, .F. ) ;
#390 = AXIS2_PLACEMENT_3D ( 'NONE', #2420, #1585, #46 ) ;
#391 = EDGE_CURVE ( 'NONE', #44, #335, #140, .T. ) ;
#392 = FILL_AREA_STYLE_COLOUR ( '', #2103 ) ;
#393 = ORIENTED_EDGE ( 'NONE', *, *, #244, .T. ) ;
#394 = ORIENTED_EDGE ( 'NONE', *, *, #2381, .F. ) ;
#395 = DIRECTION ( 'NONE',  ( 0.0000000000000000000, 1.000000000000000000, 0.0000000000000000000 ) ) ;
#396 = VECTOR ( 'NONE', #2155, 1000.000000000000000 ) ;
#397 = ORIENTED_EDGE ( 'NONE', *, *, #2232, .T. ) ;
#398 = PLANE ( 'NONE',  #675 ) ;
#399 = ORIENTED_EDGE ( 'NONE', *, *, #1462, .T. ) ;
#400 = CARTESIAN_POINT ( 'NONE',  ( -1.010000000000000000, 0.4500000000000000100, 0.2989999999999999900 ) ) ;
#401 = VECTOR ( 'NONE', #794, 1000.000000000000000 ) ;
#402 = DIRECTION ( 'NONE',  ( 1.000000000000000000, 0.0000000000000000000, 0.0000000000000000000 ) ) ;
#403 = EDGE_CURVE ( 'NONE', #228, #1905, #2244, .T. ) ;
#404 = CARTESIAN_POINT ( 'NONE',  ( 1.284999999999999500, 0.01499999999999998600, -0.5000000000000001100 ) ) ;
#405 = FACE_OUTER_BOUND ( 'NONE', #1078, .T. ) ;
#406 = EDGE_CURVE ( 'NONE', #880, #1893, #1162, .T. ) ;
#407 = CARTESIAN_POINT ( 'NONE',  ( -1.010000000000000000, 0.4500000000000000100, 0.2989999999999999900 ) ) ;
#408 = MANIFOLD_SOLID_BREP ( 'Boss-Extrude3[2]', #2512 ) ;
#409 = SURFACE_SIDE_STYLE ('',( #1090 ) ) ;
#410 = VECTOR ( 'NONE', #1283, 1000.000000000000000 ) ;
#411 = ORIENTED_EDGE ( 'NONE', *, *, #1773, .T. ) ;
#412 = VECTOR ( 'NONE', #1933, 1000.000000000000000 ) ;
#413 = EDGE_LOOP ( 'NONE', ( #2303, #1660, #65, #1592 ) ) ;
#414 = CARTESIAN_POINT ( 'NONE',  ( -1.284999999999999500, 0.01499999999999998600, -0.5000000000000001100 ) ) ;
#415 = VERTEX_POINT ( 'NONE', #1472 ) ;
#416 = LINE ( 'NONE', #577, #1005 ) ;
#417 = ORIENTED_EDGE ( 'NONE', *, *, #1444, .T. ) ;
#418 = DIRECTION ( 'NONE',  ( 1.000000000000000000, 0.0000000000000000000, 0.0000000000000000000 ) ) ;
#419 =( NAMED_UNIT ( * ) PLANE_ANGLE_UNIT ( ) SI_UNIT ( $, .RADIAN. ) );
#420 = VERTEX_POINT ( 'NONE', #1891 ) ;
#421 = DIRECTION ( 'NONE',  ( 1.000000000000000000, 0.0000000000000000000, 0.0000000000000000000 ) ) ;
#422 = AXIS2_PLACEMENT_3D ( 'NONE', #1376, #2584, #377 ) ;
#423 = DIRECTION ( 'NONE',  ( 0.0000000000000000000, 0.0000000000000000000, 1.000000000000000000 ) ) ;
#424 = EDGE_CURVE ( 'NONE', #351, #91, #718, .T. ) ;
#425 = ORIENTED_EDGE ( 'NONE', *, *, #976, .T. ) ;
#426 = CARTESIAN_POINT ( 'NONE',  ( -1.600000000000000300, 4.352610922848041900, -0.1999999999999994300 ) ) ;
#427 = LINE ( 'NONE', #1881, #2579 ) ;
#428 = ORIENTED_EDGE ( 'NONE', *, *, #1347, .F. ) ;
#429 = ORIENTED_EDGE ( 'NONE', *, *, #2446, .F. ) ;
#430 = DIRECTION ( 'NONE',  ( 0.0000000000000000000, 1.000000000000000000, 0.0000000000000000000 ) ) ;
#431 = ORIENTED_EDGE ( 'NONE', *, *, #1940, .T. ) ;
#432 = DIRECTION ( 'NONE',  ( 0.0000000000000000000, 1.000000000000000000, 0.0000000000000000000 ) ) ;
#433 = ORIENTED_EDGE ( 'NONE', *, *, #2504, .T. ) ;
#434 = DIRECTION ( 'NONE',  ( -0.0000000000000000000, 0.0000000000000000000, 1.000000000000000000 ) ) ;
#435 = CIRCLE ( 'NONE', #714, 0.3150000000000003900 ) ;
#436 = CARTESIAN_POINT ( 'NONE',  ( 1.284999999999999500, 0.01499999999999998600, 0.4999999999999998900 ) ) ;
#437 = CARTESIAN_POINT ( 'NONE',  ( -0.5500000000000001600, 0.06500000000000000200, -0.4990000000000001100 ) ) ;
#438 = CIRCLE ( 'NONE', #549, 0.3150000000000003900 ) ;
#439 = AXIS2_PLACEMENT_3D ( 'NONE', #2312, #727, #1702 ) ;
#440 = VECTOR ( 'NONE', #1087, 1000.000000000000000 ) ;
#441 = EDGE_CURVE ( 'NONE', #1501, #789, #1317, .T. ) ;
#442 = CARTESIAN_POINT ( 'NONE',  ( -1.010000000000000000, 0.5000000000000000000, 0.2989999999999999900 ) ) ;
#443 = EDGE_LOOP ( 'NONE', ( #1673, #654, #2164, #1715 ) ) ;
#444 = CARTESIAN_POINT ( 'NONE',  ( 1.599999999999999900, 0.4849999999999999300, -0.1849999999999995500 ) ) ;
#445 = ORIENTED_EDGE ( 'NONE', *, *, #187, .T. ) ;
#446 = LINE ( 'NONE', #916, #597 ) ;
#447 = ORIENTED_EDGE ( 'NONE', *, *, #2590, .F. ) ;
#448 = DIRECTION ( 'NONE',  ( 0.0000000000000000000, 0.0000000000000000000, 1.000000000000000000 ) ) ;
#449 = PRESENTATION_LAYER_ASSIGNMENT (  '', '', ( #657 ) ) ;
#450 = PLANE ( 'NONE',  #2593 ) ;
#451 = EDGE_CURVE ( 'NONE', #656, #1710, #176, .T. ) ;
#452 = AXIS2_PLACEMENT_3D ( 'NONE', #2183, #799, #180 ) ;
#453 = ORIENTED_EDGE ( 'NONE', *, *, #1276, .F. ) ;
#454 = EDGE_LOOP ( 'NONE', ( #920, #1022, #474, #2393 ) ) ;
#455 = EDGE_CURVE ( 'NONE', #235, #351, #758, .T. ) ;
#456 = CIRCLE ( 'NONE', #2531, 0.3000000000000005400 ) ;
#457 = CARTESIAN_POINT ( 'NONE',  ( -1.010000000000000200, 0.5000000000000000000, -0.5000000000000001100 ) ) ;
#458 = ORIENTED_EDGE ( 'NONE', *, *, #1347, .T. ) ;
#459 = DIRECTION ( 'NONE',  ( -0.0000000000000000000, -0.0000000000000000000, -1.000000000000000000 ) ) ;
#460 = VECTOR ( 'NONE', #1060, 1000.000000000000000 ) ;
#461 = PLANE ( 'NONE',  #1883 ) ;
#462 = CARTESIAN_POINT ( 'NONE',  ( -1.299999999999999400, 0.5000000000000000000, -0.5000000000000001100 ) ) ;
#463 = VECTOR ( 'NONE', #567, 1000.000000000000000 ) ;
#464 = ORIENTED_EDGE ( 'NONE', *, *, #68, .F. ) ;
#465 = DIRECTION ( 'NONE',  ( 0.0000000000000000000, 0.0000000000000000000, 1.000000000000000000 ) ) ;
#466 = LINE ( 'NONE', #1598, #2520 ) ;
#467 = CARTESIAN_POINT ( 'NONE',  ( -1.299999999999999800, 0.0000000000000000000, -0.5000000000000001100 ) ) ;
#468 = LINE ( 'NONE', #1167, #1119 ) ;
#469 = CARTESIAN_POINT ( 'NONE',  ( 1.284999999999999500, 0.01499999999999998600, -0.5000000000000001100 ) ) ;
#470 = MECHANICAL_DESIGN_GEOMETRIC_PRESENTATION_REPRESENTATION (  '', ( #1365 ), #2502 ) ;
#471 = FACE_OUTER_BOUND ( 'NONE', #1098, .T. ) ;
#472 = ORIENTED_EDGE ( 'NONE', *, *, #2253, .T. ) ;
#473 = FACE_OUTER_BOUND ( 'NONE', #2426, .T. ) ;
#474 = ORIENTED_EDGE ( 'NONE', *, *, #313, .T. ) ;
#475 = VECTOR ( 'NONE', #380, 1000.000000000000000 ) ;
#476 = DIRECTION ( 'NONE',  ( 0.0000000000000000000, -1.000000000000000000, 0.0000000000000000000 ) ) ;
#477 = ORIENTED_EDGE ( 'NONE', *, *, #63, .F. ) ;
#478 = VERTEX_POINT ( 'NONE', #2486 ) ;
#479 = DIRECTION ( 'NONE',  ( -0.0000000000000000000, 1.000000000000000000, -0.0000000000000000000 ) ) ;
#480 = CARTESIAN_POINT ( 'NONE',  ( -0.8900000000000007900, 0.01499999999999999900, 0.4990000000000001100 ) ) ;
#481 = ORIENTED_EDGE ( 'NONE', *, *, #22, .T. ) ;
#482 = CARTESIAN_POINT ( 'NONE',  ( -1.010000000000000200, 0.4850000000000000400, -0.5000000000000001100 ) ) ;
#483 = ORIENTED_EDGE ( 'NONE', *, *, #1114, .F. ) ;
#484 = CARTESIAN_POINT ( 'NONE',  ( -1.599999999999999900, 0.01499999999999998600, -0.1849999999999995500 ) ) ;
#485 = EDGE_CURVE ( 'NONE', #1139, #1188, #2210, .T. ) ;
#486 = CARTESIAN_POINT ( 'NONE',  ( -1.040000000000000700, -1.280624847486569800, 0.5000000000000001100 ) ) ;
#487 = ORIENTED_EDGE ( 'NONE', *, *, #1818, .T. ) ;
#488 = VECTOR ( 'NONE', #2150, 1000.000000000000000 ) ;
#489 = CARTESIAN_POINT ( 'NONE',  ( -1.599999999999999900, 0.5000000000000000000, 0.5000000000000000000 ) ) ;
#490 = CARTESIAN_POINT ( 'NONE',  ( -0.2100000000000000200, 0.4500000000000000100, 0.2989999999999999900 ) ) ;
#491 = VECTOR ( 'NONE', #479, 1000.000000000000000 ) ;
#492 = EDGE_CURVE ( 'NONE', #1046, #1998, #232, .T. ) ;
#493 = VERTEX_POINT ( 'NONE', #2276 ) ;
#494 = VERTEX_POINT ( 'NONE', #856 ) ;
#495 = DIRECTION ( 'NONE',  ( 0.0000000000000000000, -0.0000000000000000000, 1.000000000000000000 ) ) ;
#496 = LINE ( 'NONE', #2132, #1911 ) ;
#497 = DIRECTION ( 'NONE',  ( 7.228014483236682800E-016, 0.0000000000000000000, 1.000000000000000000 ) ) ;
#498 = EDGE_CURVE ( 'NONE', #833, #2558, #1510, .T. ) ;
#499 = VECTOR ( 'NONE', #418, 1000.000000000000000 ) ;
#500 = DIRECTION ( 'NONE',  ( 0.0000000000000000000, 0.0000000000000000000, -1.000000000000000000 ) ) ;
#501 = VERTEX_POINT ( 'NONE', #2506 ) ;
#502 = PRESENTATION_STYLE_ASSIGNMENT (( #2139 ) ) ;
#503 = DIRECTION ( 'NONE',  ( 1.000000000000000000, 0.0000000000000000000, -2.168404344971008400E-016 ) ) ;
#504 = CARTESIAN_POINT ( 'NONE',  ( -1.040000000000000700, -1.280624847486569800, 0.5000000000000001100 ) ) ;
#505 = EDGE_CURVE ( 'NONE', #2400, #2503, #1037, .T. ) ;
#506 = VERTEX_POINT ( 'NONE', #1663 ) ;
#507 = FACE_OUTER_BOUND ( 'NONE', #264, .T. ) ;
#508 = DIRECTION ( 'NONE',  ( -0.0000000000000000000, 1.000000000000000000, -0.0000000000000000000 ) ) ;
#509 = ORIENTED_EDGE ( 'NONE', *, *, #1857, .T. ) ;
#510 = DIRECTION ( 'NONE',  ( -0.0000000000000000000, 1.000000000000000000, -0.0000000000000000000 ) ) ;
#511 = DIRECTION ( 'NONE',  ( -0.0000000000000000000, 1.000000000000000000, -0.0000000000000000000 ) ) ;
#512 = VERTEX_POINT ( 'NONE', #2092 ) ;
#513 = ORIENTED_EDGE ( 'NONE', *, *, #1424, .F. ) ;
#514 = AXIS2_PLACEMENT_3D ( 'NONE', #2560, #1340, #2374 ) ;
#515 = VECTOR ( 'NONE', #742, 1000.000000000000000 ) ;
#516 = LINE ( 'NONE', #2159, #1687 ) ;
#517 = ORIENTED_EDGE ( 'NONE', *, *, #931, .F. ) ;
#518 = DIRECTION ( 'NONE',  ( 1.000000000000000000, 0.0000000000000000000, 0.0000000000000000000 ) ) ;
#519 = ADVANCED_FACE ( 'NONE', ( #1287 ), #1466, .T. ) ;
#520 = LINE ( 'NONE', #1808, #463 ) ;
#521 = ORIENTED_EDGE ( 'NONE', *, *, #2316, .T. ) ;
#522 = FACE_OUTER_BOUND ( 'NONE', #2273, .T. ) ;
#523 = DIRECTION ( 'NONE',  ( 0.0000000000000000000, 0.0000000000000000000, -1.000000000000000000 ) ) ;
#524 = PLANE ( 'NONE',  #1496 ) ;
#525 = VECTOR ( 'NONE', #1543, 1000.000000000000000 ) ;
#526 = CARTESIAN_POINT ( 'NONE',  ( 1.040000000000000700, 0.01499999999999999900, 0.5000000000000001100 ) ) ;
#527 = LINE ( 'NONE', #2224, #754 ) ;
#528 = ORIENTED_EDGE ( 'NONE', *, *, #762, .F. ) ;
#529 = EDGE_CURVE ( 'NONE', #2200, #1677, #2526, .T. ) ;
#530 = EDGE_LOOP ( 'NONE', ( #2388, #998, #1069, #2061 ) ) ;
#531 = ORIENTED_EDGE ( 'NONE', *, *, #2294, .T. ) ;
#532 = VECTOR ( 'NONE', #339, 1000.000000000000000 ) ;
#533 = AXIS2_PLACEMENT_3D ( 'NONE', #251, #824, #2418 ) ;
#534 = ADVANCED_FACE ( 'NONE', ( #2108 ), #1878, .F. ) ;
#535 = ORIENTED_EDGE ( 'NONE', *, *, #1773, .F. ) ;
#536 = EDGE_CURVE ( 'NONE', #302, #849, #1413, .T. ) ;
#537 = DIRECTION ( 'NONE',  ( -0.0000000000000000000, 0.0000000000000000000, -1.000000000000000000 ) ) ;
#538 = DIRECTION ( 'NONE',  ( 0.0000000000000000000, -0.0000000000000000000, 1.000000000000000000 ) ) ;
#539 = ORIENTED_EDGE ( 'NONE', *, *, #1153, .F. ) ;
#540 = CARTESIAN_POINT ( 'NONE',  ( -1.000000000000000000, 0.5000000000000000000, -0.5000000000000000000 ) ) ;
#541 = CARTESIAN_POINT ( 'NONE',  ( -1.010000000000000000, 0.4500000000000000100, -0.4990000000000000000 ) ) ;
#542 = CARTESIAN_POINT ( 'NONE',  ( 1.599999999999999900, 0.01499999999999999900, -0.1999999999999994300 ) ) ;
#543 = ORIENTED_EDGE ( 'NONE', *, *, #2163, .T. ) ;
#544 = DIRECTION ( 'NONE',  ( -0.0000000000000000000, 1.000000000000000000, -0.0000000000000000000 ) ) ;
#545 = ADVANCED_FACE ( 'NONE', ( #2012 ), #2266, .F. ) ;
#546 = DIRECTION ( 'NONE',  ( -1.000000000000000000, 0.0000000000000000000, 0.0000000000000000000 ) ) ;
#547 = LINE ( 'NONE', #1625, #923 ) ;
#548 = ORIENTED_EDGE ( 'NONE', *, *, #2436, .F. ) ;
#549 = AXIS2_PLACEMENT_3D ( 'NONE', #41, #1422, #214 ) ;
#550 = ORIENTED_EDGE ( 'NONE', *, *, #63, .T. ) ;
#551 = EDGE_CURVE ( 'NONE', #2529, #2356, #878, .T. ) ;
#552 = DIRECTION ( 'NONE',  ( -0.0000000000000000000, 0.0000000000000000000, -1.000000000000000000 ) ) ;
#553 = DIRECTION ( 'NONE',  ( 1.000000000000000000, 0.0000000000000000000, 0.0000000000000000000 ) ) ;
#554 = EDGE_LOOP ( 'NONE', ( #147, #75, #548, #242 ) ) ;
#555 = ORIENTED_EDGE ( 'NONE', *, *, #258, .T. ) ;
#556 =( GEOMETRIC_REPRESENTATION_CONTEXT ( 3 ) GLOBAL_UNCERTAINTY_ASSIGNED_CONTEXT ( ( #594 ) ) GLOBAL_UNIT_ASSIGNED_CONTEXT ( ( #1356, #194, #1814 ) ) REPRESENTATION_CONTEXT ( 'NONE', 'WORKASPACE' ) );
#557 = EDGE_LOOP ( 'NONE', ( #357, #1795, #826, #86 ) ) ;
#558 = LINE ( 'NONE', #2173, #1787 ) ;
#559 = DIRECTION ( 'NONE',  ( -1.000000000000000000, 0.0000000000000000000, -0.0000000000000000000 ) ) ;
#560 = VECTOR ( 'NONE', #71, 1000.000000000000000 ) ;
#561 = LINE ( 'NONE', #1882, #811 ) ;
#562 = ADVANCED_FACE ( 'NONE', ( #1476 ), #875, .F. ) ;
#563 = CARTESIAN_POINT ( 'NONE',  ( 0.0000000000000000000, 0.0000000000000000000, 0.0000000000000000000 ) ) ;
#564 = UNCERTAINTY_MEASURE_WITH_UNIT (LENGTH_MEASURE( 1.000000000000000100E-005 ), #2416, 'distance_accuracy_value', 'NONE');
#565 = ORIENTED_EDGE ( 'NONE', *, *, #1902, .T. ) ;
#566 = ORIENTED_EDGE ( 'NONE', *, *, #2201, .T. ) ;
#567 = DIRECTION ( 'NONE',  ( 0.0000000000000000000, 0.0000000000000000000, 1.000000000000000000 ) ) ;
#568 = VECTOR ( 'NONE', #1360, 1000.000000000000000 ) ;
#569 = ORIENTED_EDGE ( 'NONE', *, *, #1366, .T. ) ;
#570 = EDGE_CURVE ( 'NONE', #2158, #322, #1886, .T. ) ;
#571 = ORIENTED_EDGE ( 'NONE', *, *, #2482, .T. ) ;
#572 = DIRECTION ( 'NONE',  ( 0.0000000000000000000, 0.0000000000000000000, 1.000000000000000000 ) ) ;
#573 = PRESENTATION_LAYER_ASSIGNMENT (  '', '', ( #2369 ) ) ;
#574 = CARTESIAN_POINT ( 'NONE',  ( 1.299999999999999800, 0.0000000000000000000, 0.5000000000000001100 ) ) ;
#575 = EDGE_CURVE ( 'NONE', #2440, #1257, #1352, .T. ) ;
#576 = DIRECTION ( 'NONE',  ( 0.0000000000000000000, 1.000000000000000000, 0.0000000000000000000 ) ) ;
#577 = CARTESIAN_POINT ( 'NONE',  ( -0.8900000000000007900, 0.06500000000000000200, 0.4990000000000001100 ) ) ;
#578 = ORIENTED_EDGE ( 'NONE', *, *, #1204, .F. ) ;
#579 = CARTESIAN_POINT ( 'NONE',  ( 0.0000000000000000000, 0.5000000000000000000, 0.5000000000000000000 ) ) ;
#580 = ORIENTED_EDGE ( 'NONE', *, *, #155, .F. ) ;
#581 = ORIENTED_EDGE ( 'NONE', *, *, #906, .F. ) ;
#582 = AXIS2_PLACEMENT_3D ( 'NONE', #1280, #1693, #1683 ) ;
#583 = CARTESIAN_POINT ( 'NONE',  ( 1.299999999999999400, 0.01499999999999999900, -0.5000000000000001100 ) ) ;
#584 = PRODUCT_DEFINITION_SHAPE ( 'NONE', 'NONE',  #8 ) ;
#585 = EDGE_CURVE ( 'NONE', #1239, #493, #2559, .T. ) ;
#586 = ORIENTED_EDGE ( 'NONE', *, *, #1209, .T. ) ;
#587 = DIRECTION ( 'NONE',  ( 0.0000000000000000000, 1.000000000000000000, 0.0000000000000000000 ) ) ;
#588 = AXIS2_PLACEMENT_3D ( 'NONE', #1926, #523, #333 ) ;
#589 = EDGE_CURVE ( 'NONE', #1043, #2047, #1542, .T. ) ;
#590 = DIRECTION ( 'NONE',  ( 0.0000000000000000000, 1.000000000000000000, 0.0000000000000000000 ) ) ;
#591 = VECTOR ( 'NONE', #1766, 1000.000000000000000 ) ;
#592 = LINE ( 'NONE', #1637, #1794 ) ;
#593 = ORIENTED_EDGE ( 'NONE', *, *, #363, .F. ) ;
#594 = UNCERTAINTY_MEASURE_WITH_UNIT (LENGTH_MEASURE( 1.000000000000000100E-005 ), #1356, 'distance_accuracy_value', 'NONE');
#595 = CARTESIAN_POINT ( 'NONE',  ( -0.2100000000000000200, -0.3746211251235321800, -0.2989999999999999900 ) ) ;
#596 = VERTEX_POINT ( 'NONE', #2318 ) ;
#597 = VECTOR ( 'NONE', #1491, 1000.000000000000000 ) ;
#598 = CARTESIAN_POINT ( 'NONE',  ( -1.010000000000000200, 0.4850000000000000400, -0.5000000000000001100 ) ) ;
#599 = ORIENTED_EDGE ( 'NONE', *, *, #779, .T. ) ;
#600 = CARTESIAN_POINT ( 'NONE',  ( -1.599999999999999900, 0.4850000000000001000, 0.5000000000000000000 ) ) ;
#601 = AXIS2_PLACEMENT_3D ( 'NONE', #563, #2367, #161 ) ;
#602 = CARTESIAN_POINT ( 'NONE',  ( 1.599999999999999900, 0.01499999999999998600, -0.5000000000000000000 ) ) ;
#603 = ORIENTED_EDGE ( 'NONE', *, *, #1444, .F. ) ;
#604 = EDGE_CURVE ( 'NONE', #1074, #478, #1950, .T. ) ;
#605 =( LENGTH_UNIT ( ) NAMED_UNIT ( * ) SI_UNIT ( .MILLI., .METRE. ) );
#606 = PLANE ( 'NONE',  #153 ) ;
#607 = DIRECTION ( 'NONE',  ( -1.000000000000000000, 0.0000000000000000000, 0.0000000000000000000 ) ) ;
#608 = VERTEX_POINT ( 'NONE', #1314 ) ;
#609 = VECTOR ( 'NONE', #918, 1000.000000000000000 ) ;
#610 = CARTESIAN_POINT ( 'NONE',  ( -1.010000000000000000, 0.5000000000000000000, 0.4990000000000000000 ) ) ;
#611 = ORIENTED_EDGE ( 'NONE', *, *, #2041, .F. ) ;
#612 = VERTEX_POINT ( 'NONE', #1530 ) ;
#613 = ORIENTED_EDGE ( 'NONE', *, *, #1689, .F. ) ;
#614 = ORIENTED_EDGE ( 'NONE', *, *, #331, .F. ) ;
#615 = EDGE_CURVE ( 'NONE', #1304, #1432, #935, .T. ) ;
#616 = DIRECTION ( 'NONE',  ( -2.168404344971008400E-016, 0.0000000000000000000, -1.000000000000000000 ) ) ;
#617 = CARTESIAN_POINT ( 'NONE',  ( 1.010000000000000000, 0.4849999999999999900, 0.5000000000000001100 ) ) ;
#618 = LINE ( 'NONE', #1271, #2589 ) ;
#619 =( GEOMETRIC_REPRESENTATION_CONTEXT ( 3 ) GLOBAL_UNCERTAINTY_ASSIGNED_CONTEXT ( ( #2442 ) ) GLOBAL_UNIT_ASSIGNED_CONTEXT ( ( #2405, #2588, #5 ) ) REPRESENTATION_CONTEXT ( 'NONE', 'WORKASPACE' ) );
#620 = EDGE_CURVE ( 'NONE', #912, #1109, #2495, .T. ) ;
#621 = CARTESIAN_POINT ( 'NONE',  ( 1.599999999999999900, 0.5000000000000000000, 0.5000000000000000000 ) ) ;
#622 = LINE ( 'NONE', #1426, #19 ) ;
#623 = CARTESIAN_POINT ( 'NONE',  ( -1.010000000000000000, 0.4500000000000000100, 0.4990000000000000000 ) ) ;
#624 = EDGE_LOOP ( 'NONE', ( #189, #151, #1885, #1895, #1096, #843 ) ) ;
#625 = VECTOR ( 'NONE', #852, 1000.000000000000000 ) ;
#626 = VERTEX_POINT ( 'NONE', #112 ) ;
#627 = VERTEX_POINT ( 'NONE', #2101 ) ;
#628 = ADVANCED_FACE ( 'NONE', ( #473 ), #1924, .F. ) ;
#629 = AXIS2_PLACEMENT_3D ( 'NONE', #2430, #2028, #616 ) ;
#630 = CARTESIAN_POINT ( 'NONE',  ( 0.3999999999999999700, 0.01499999999999999900, -0.5000000000000001100 ) ) ;
#631 = AXIS2_PLACEMENT_3D ( 'NONE', #579, #780, #2573 ) ;
#632 = EDGE_CURVE ( 'NONE', #164, #1188, #2404, .T. ) ;
#633 = DIRECTION ( 'NONE',  ( 0.0000000000000000000, 0.0000000000000000000, 1.000000000000000000 ) ) ;
#634 = DIRECTION ( 'NONE',  ( 0.0000000000000000000, 0.0000000000000000000, 1.000000000000000000 ) ) ;
#635 = VERTEX_POINT ( 'NONE', #2532 ) ;
#636 = ORIENTED_EDGE ( 'NONE', *, *, #589, .T. ) ;
#637 = CARTESIAN_POINT ( 'NONE',  ( -0.2100000000000000200, 0.5000000000000000000, 0.2989999999999999900 ) ) ;
#638 = FACE_OUTER_BOUND ( 'NONE', #127, .T. ) ;
#639 = VECTOR ( 'NONE', #1367, 1000.000000000000000 ) ;
#640 = ORIENTED_EDGE ( 'NONE', *, *, #1974, .F. ) ;
#641 = ORIENTED_EDGE ( 'NONE', *, *, #258, .F. ) ;
#642 = ORIENTED_EDGE ( 'NONE', *, *, #1857, .F. ) ;
#643 = CARTESIAN_POINT ( 'NONE',  ( 1.010000000000000000, 0.4850000000000000400, 0.5000000000000001100 ) ) ;
#644 = FACE_OUTER_BOUND ( 'NONE', #791, .T. ) ;
#645 = CARTESIAN_POINT ( 'NONE',  ( -1.040000000000000700, 0.01499999999999999900, 0.5000000000000001100 ) ) ;
#646 = EDGE_CURVE ( 'NONE', #1949, #635, #2497, .T. ) ;
#647 = VECTOR ( 'NONE', #1244, 1000.000000000000000 ) ;
#648 = ORIENTED_EDGE ( 'NONE', *, *, #801, .T. ) ;
#649 = LINE ( 'NONE', #1760, #2048 ) ;
#650 = ADVANCED_FACE ( 'NONE', ( #507 ), #710, .F. ) ;
#651 = ORIENTED_EDGE ( 'NONE', *, *, #2218, .F. ) ;
#652 = FACE_OUTER_BOUND ( 'NONE', #327, .T. ) ;
#653 = PLANE ( 'NONE',  #1086 ) ;
#654 = ORIENTED_EDGE ( 'NONE', *, *, #937, .F. ) ;
#655 = ORIENTED_EDGE ( 'NONE', *, *, #1153, .T. ) ;
#656 = VERTEX_POINT ( 'NONE', #1112 ) ;
#657 = STYLED_ITEM ( 'NONE', ( #502 ), #408 ) ;
#658 = DIRECTION ( 'NONE',  ( -1.000000000000000000, 0.0000000000000000000, -0.0000000000000000000 ) ) ;
#659 = EDGE_CURVE ( 'NONE', #2054, #880, #1416, .T. ) ;
#660 = DIRECTION ( 'NONE',  ( -0.0000000000000000000, -1.000000000000000000, 0.0000000000000000000 ) ) ;
#661 = VECTOR ( 'NONE', #1690, 1000.000000000000000 ) ;
#662 = EDGE_CURVE ( 'NONE', #667, #893, #446, .T. ) ;
#663 = VECTOR ( 'NONE', #2398, 1000.000000000000000 ) ;
#664 = CARTESIAN_POINT ( 'NONE',  ( 1.599999999999999900, 0.4850000000000000400, 0.5000000000000000000 ) ) ;
#665 = ORIENTED_EDGE ( 'NONE', *, *, #632, .F. ) ;
#666 = VECTOR ( 'NONE', #2236, 1000.000000000000000 ) ;
#667 = VERTEX_POINT ( 'NONE', #690 ) ;
#668 =( NAMED_UNIT ( * ) SI_UNIT ( $, .STERADIAN. ) SOLID_ANGLE_UNIT ( ) );
#669 = ORIENTED_EDGE ( 'NONE', *, *, #485, .T. ) ;
#670 = ORIENTED_EDGE ( 'NONE', *, *, #1638, .T. ) ;
#671 = LINE ( 'NONE', #1161, #2487 ) ;
#672 = FILL_AREA_STYLE_COLOUR ( '', #1861 ) ;
#673 = PRESENTATION_STYLE_ASSIGNMENT (( #2277 ) ) ;
#674 = DIRECTION ( 'NONE',  ( 0.0000000000000000000, -0.0000000000000000000, 1.000000000000000000 ) ) ;
#675 = AXIS2_PLACEMENT_3D ( 'NONE', #2409, #2027, #1218 ) ;
#676 =( NAMED_UNIT ( * ) PLANE_ANGLE_UNIT ( ) SI_UNIT ( $, .RADIAN. ) );
#677 = EDGE_CURVE ( 'NONE', #849, #91, #87, .T. ) ;
#678 = VECTOR ( 'NONE', #1021, 1000.000000000000000 ) ;
#679 = ORIENTED_EDGE ( 'NONE', *, *, #1759, .T. ) ;
#680 = AXIS2_PLACEMENT_3D ( 'NONE', #924, #1614, #1993 ) ;
#681 = ORIENTED_EDGE ( 'NONE', *, *, #801, .F. ) ;
#682 = ORIENTED_EDGE ( 'NONE', *, *, #441, .F. ) ;
#683 = VECTOR ( 'NONE', #1910, 1000.000000000000000 ) ;
#684 = EDGE_LOOP ( 'NONE', ( #1129, #1796, #1475, #1865 ) ) ;
#685 = EDGE_LOOP ( 'NONE', ( #818, #1176, #1988, #1289, #2323, #1798 ) ) ;
#686 = CARTESIAN_POINT ( 'NONE',  ( -0.8900000000000007900, 0.01499999999999999900, -0.4990000000000001100 ) ) ;
#687 = CARTESIAN_POINT ( 'NONE',  ( -0.2100000000000000200, 0.5000000000000000000, -0.2989999999999999900 ) ) ;
#688 = ORIENTED_EDGE ( 'NONE', *, *, #2469, .F. ) ;
#689 = FILL_AREA_STYLE_COLOUR ( '', #10 ) ;
#690 = CARTESIAN_POINT ( 'NONE',  ( -1.010000000000000000, 0.4850000000000001000, 0.2989999999999999900 ) ) ;
#691 = EDGE_CURVE ( 'NONE', #1139, #1610, #1954, .T. ) ;
#692 = ORIENTED_EDGE ( 'NONE', *, *, #662, .F. ) ;
#693 = SURFACE_STYLE_USAGE ( .BOTH. , #1116 ) ;
#694 = FILL_AREA_STYLE ('',( #689 ) ) ;
#695 = ORIENTED_EDGE ( 'NONE', *, *, #1587, .T. ) ;
#696 = AXIS2_PLACEMENT_3D ( 'NONE', #1755, #552, #1155 ) ;
#697 = VECTOR ( 'NONE', #768, 1000.000000000000000 ) ;
#698 = ORIENTED_EDGE ( 'NONE', *, *, #1724, .F. ) ;
#699 = EDGE_CURVE ( 'NONE', #2145, #656, #1890, .T. ) ;
#700 = ORIENTED_EDGE ( 'NONE', *, *, #492, .F. ) ;
#701 = ORIENTED_EDGE ( 'NONE', *, *, #1379, .T. ) ;
#702 = ADVANCED_FACE ( 'NONE', ( #26 ), #1961, .F. ) ;
#703 = DIRECTION ( 'NONE',  ( -2.168404344971008400E-016, 0.0000000000000000000, 1.000000000000000000 ) ) ;
#704 = VERTEX_POINT ( 'NONE', #1554 ) ;
#705 = DIRECTION ( 'NONE',  ( -0.0000000000000000000, -0.0000000000000000000, -1.000000000000000000 ) ) ;
#706 = CARTESIAN_POINT ( 'NONE',  ( 1.299999999999999800, 0.01499999999999999900, -0.5000000000000001100 ) ) ;
#707 = VECTOR ( 'NONE', #2283, 1000.000000000000000 ) ;
#708 = LINE ( 'NONE', #823, #47 ) ;
#709 = AXIS2_PLACEMENT_3D ( 'NONE', #1778, #1197, #2408 ) ;
#710 = PLANE ( 'NONE',  #1099 ) ;
#711 = EDGE_CURVE ( 'NONE', #2566, #1648, #2275, .T. ) ;
#712 = VECTOR ( 'NONE', #2113, 1000.000000000000000 ) ;
#713 = DIRECTION ( 'NONE',  ( 0.0000000000000000000, 1.000000000000000000, 0.0000000000000000000 ) ) ;
#714 = AXIS2_PLACEMENT_3D ( 'NONE', #163, #939, #1110 ) ;
#715 = LINE ( 'NONE', #1837, #876 ) ;
#716 = ADVANCED_FACE ( 'NONE', ( #1066 ), #1776, .T. ) ;
#717 = VERTEX_POINT ( 'NONE', #540 ) ;
#718 = LINE ( 'NONE', #482, #204 ) ;
#719 = DIRECTION ( 'NONE',  ( 2.168404344971008400E-016, -0.0000000000000000000, 1.000000000000000000 ) ) ;
#720 = EDGE_CURVE ( 'NONE', #2109, #235, #265, .T. ) ;
#721 = ORIENTED_EDGE ( 'NONE', *, *, #223, .F. ) ;
#722 = CARTESIAN_POINT ( 'NONE',  ( 1.299999999999999400, 0.01499999999999999900, 0.5000000000000001100 ) ) ;
#723 = FACE_OUTER_BOUND ( 'NONE', #1590, .T. ) ;
#724 = ORIENTED_EDGE ( 'NONE', *, *, #1254, .T. ) ;
#725 = CARTESIAN_POINT ( 'NONE',  ( -0.8900000000000007900, 0.06500000000000000200, -0.4990000000000001100 ) ) ;
#726 = ORIENTED_EDGE ( 'NONE', *, *, #677, .F. ) ;
#727 = DIRECTION ( 'NONE',  ( 0.0000000000000000000, -1.000000000000000000, 0.0000000000000000000 ) ) ;
#728 = CARTESIAN_POINT ( 'NONE',  ( -1.600000000000000300, 0.0000000000000000000, -0.1999999999999994300 ) ) ;
#729 = CARTESIAN_POINT ( 'NONE',  ( 1.040000000000000700, -1.280624847486569800, 0.5000000000000001100 ) ) ;
#730 = DIRECTION ( 'NONE',  ( -0.0000000000000000000, 1.000000000000000000, -0.0000000000000000000 ) ) ;
#731 = LINE ( 'NONE', #1507, #215 ) ;
#732 = ADVANCED_FACE ( 'NONE', ( #1921 ), #734, .F. ) ;
#733 = ORIENTED_EDGE ( 'NONE', *, *, #2536, .F. ) ;
#734 = PLANE ( 'NONE',  #1651 ) ;
#735 = MECHANICAL_DESIGN_GEOMETRIC_PRESENTATION_REPRESENTATION (  '', ( #116 ), #1870 ) ;
#736 = LINE ( 'NONE', #317, #1174 ) ;
#737 = EDGE_LOOP ( 'NONE', ( #613, #139, #679, #20 ) ) ;
#738 = EDGE_CURVE ( 'NONE', #2451, #1194, #2336, .T. ) ;
#739 = DIRECTION ( 'NONE',  ( 1.000000000000000000, -0.0000000000000000000, 0.0000000000000000000 ) ) ;
#740 = CARTESIAN_POINT ( 'NONE',  ( 0.0000000000000000000, 0.5000000000000000000, 2.736067977499789400 ) ) ;
#741 = LINE ( 'NONE', #74, #216 ) ;
#742 = DIRECTION ( 'NONE',  ( -0.0000000000000000000, 1.000000000000000000, -0.0000000000000000000 ) ) ;
#743 = AXIS2_PLACEMENT_3D ( 'NONE', #1973, #184, #1578 ) ;
#744 = EDGE_LOOP ( 'NONE', ( #2350, #793, #688, #2066, #1632, #66 ) ) ;
#745 = DIRECTION ( 'NONE',  ( 1.000000000000000000, -0.0000000000000000000, -0.0000000000000000000 ) ) ;
#746 = ORIENTED_EDGE ( 'NONE', *, *, #720, .F. ) ;
#747 = DIRECTION ( 'NONE',  ( -1.000000000000000000, 0.0000000000000000000, -0.0000000000000000000 ) ) ;
#748 = FACE_OUTER_BOUND ( 'NONE', #413, .T. ) ;
#749 = DIRECTION ( 'NONE',  ( 0.0000000000000000000, 1.000000000000000000, 0.0000000000000000000 ) ) ;
#750 = ADVANCED_FACE ( 'NONE', ( #910 ), #756, .T. ) ;
#751 = CARTESIAN_POINT ( 'NONE',  ( -1.000000000000000000, 0.5000000000000000000, 0.5000000000000000000 ) ) ;
#752 = DIRECTION ( 'NONE',  ( 0.0000000000000000000, 1.000000000000000000, 0.0000000000000000000 ) ) ;
#753 = VECTOR ( 'NONE', #2188, 1000.000000000000000 ) ;
#754 = VECTOR ( 'NONE', #813, 1000.000000000000000 ) ;
#755 = ORIENTED_EDGE ( 'NONE', *, *, #1617, .T. ) ;
#756 = PLANE ( 'NONE',  #2056 ) ;
#757 = ORIENTED_EDGE ( 'NONE', *, *, #296, .F. ) ;
#758 = LINE ( 'NONE', #1675, #1734 ) ;
#759 = DIRECTION ( 'NONE',  ( 1.000000000000000000, 0.0000000000000000000, -0.0000000000000000000 ) ) ;
#760 = CARTESIAN_POINT ( 'NONE',  ( -0.2100000000000000200, 0.5000000000000000000, 0.2989999999999999900 ) ) ;
#761 = ORIENTED_EDGE ( 'NONE', *, *, #662, .T. ) ;
#762 = EDGE_CURVE ( 'NONE', #596, #501, #1674, .T. ) ;
#763 = UNCERTAINTY_MEASURE_WITH_UNIT (LENGTH_MEASURE( 1.000000000000000100E-005 ), #891, 'distance_accuracy_value', 'NONE');
#764 = ORIENTED_EDGE ( 'NONE', *, *, #1500, .F. ) ;
#765 = ADVANCED_FACE ( 'NONE', ( #356 ), #1355, .F. ) ;
#766 = DIRECTION ( 'NONE',  ( 0.0000000000000000000, 1.000000000000000000, 0.0000000000000000000 ) ) ;
#767 = CARTESIAN_POINT ( 'NONE',  ( 1.010000000000000200, 0.4850000000000000400, -0.5000000000000001100 ) ) ;
#768 = DIRECTION ( 'NONE',  ( -1.000000000000000000, -0.0000000000000000000, -0.0000000000000000000 ) ) ;
#769 = CARTESIAN_POINT ( 'NONE',  ( 1.600000000000000300, 0.01499999999999999900, -0.1999999999999994300 ) ) ;
#770 = AXIS2_PLACEMENT_3D ( 'NONE', #1621, #2254, #1216 ) ;
#771 = EDGE_LOOP ( 'NONE', ( #2246, #978, #1126, #369 ) ) ;
#772 = CARTESIAN_POINT ( 'NONE',  ( 1.010000000000000000, -0.6760770861575040600, 0.5000000000000001100 ) ) ;
#773 = ORIENTED_EDGE ( 'NONE', *, *, #1835, .T. ) ;
#774 = DIRECTION ( 'NONE',  ( 0.0000000000000000000, 1.000000000000000000, 0.0000000000000000000 ) ) ;
#775 = PLANE ( 'NONE',  #1983 ) ;
#776 = VECTOR ( 'NONE', #2063, 1000.000000000000000 ) ;
#777 = EDGE_LOOP ( 'NONE', ( #1237, #84, #2251, #1368 ) ) ;
#778 = ORIENTED_EDGE ( 'NONE', *, *, #1805, .F. ) ;
#779 = EDGE_CURVE ( 'NONE', #1998, #1984, #846, .T. ) ;
#780 = DIRECTION ( 'NONE',  ( 0.0000000000000000000, 0.0000000000000000000, -1.000000000000000000 ) ) ;
#781 = CARTESIAN_POINT ( 'NONE',  ( 1.284999999999999500, 0.4850000000000001000, 0.5000000000000001100 ) ) ;
#782 = CARTESIAN_POINT ( 'NONE',  ( -1.600000000000000300, 0.01499999999999999900, -0.1999999999999994300 ) ) ;
#783 = FACE_OUTER_BOUND ( 'NONE', #202, .T. ) ;
#784 = PLANE ( 'NONE',  #390 ) ;
#785 = LINE ( 'NONE', #1052, #647 ) ;
#786 = LINE ( 'NONE', #1722, #712 ) ;
#787 = EDGE_LOOP ( 'NONE', ( #726, #1334, #149, #1160 ) ) ;
#788 = FACE_OUTER_BOUND ( 'NONE', #2317, .T. ) ;
#789 = VERTEX_POINT ( 'NONE', #364 ) ;
#790 = AXIS2_PLACEMENT_3D ( 'NONE', #1305, #1896, #129 ) ;
#791 = EDGE_LOOP ( 'NONE', ( #304, #2576, #773, #2338 ) ) ;
#792 = VECTOR ( 'NONE', #1364, 1000.000000000000000 ) ;
#793 = ORIENTED_EDGE ( 'NONE', *, *, #1902, .F. ) ;
#794 = DIRECTION ( 'NONE',  ( -0.0000000000000000000, 1.000000000000000000, -0.0000000000000000000 ) ) ;
#795 = SURFACE_STYLE_FILL_AREA ( #694 ) ;
#796 = VECTOR ( 'NONE', #1319, 1000.000000000000000 ) ;
#797 = DIRECTION ( 'NONE',  ( 1.000000000000000000, -0.0000000000000000000, 0.0000000000000000000 ) ) ;
#798 = LINE ( 'NONE', #2368, #515 ) ;
#799 = DIRECTION ( 'NONE',  ( 1.000000000000000000, 0.0000000000000000000, 0.0000000000000000000 ) ) ;
#800 = LINE ( 'NONE', #2534, #1429 ) ;
#801 = EDGE_CURVE ( 'NONE', #2247, #845, #1041, .T. ) ;
#802 = DIRECTION ( 'NONE',  ( 1.000000000000000000, 0.0000000000000000000, 0.0000000000000000000 ) ) ;
#803 = STYLED_ITEM ( 'NONE', ( #2204 ), #1970 ) ;
#804 = EDGE_CURVE ( 'NONE', #1231, #1630, #975, .T. ) ;
#805 = VECTOR ( 'NONE', #1445, 1000.000000000000000 ) ;
#806 = DIRECTION ( 'NONE',  ( 0.0000000000000000000, 1.000000000000000000, 0.0000000000000000000 ) ) ;
#807 = DIRECTION ( 'NONE',  ( -2.168404344971008400E-016, -0.0000000000000000000, -1.000000000000000000 ) ) ;
#808 = VECTOR ( 'NONE', #79, 1000.000000000000000 ) ;
#809 = CARTESIAN_POINT ( 'NONE',  ( -1.010000000000000200, 0.5000000000000000000, -0.4990000000000000000 ) ) ;
#810 = DIRECTION ( 'NONE',  ( 0.0000000000000000000, 1.000000000000000000, 0.0000000000000000000 ) ) ;
#811 = VECTOR ( 'NONE', #279, 1000.000000000000000 ) ;
#812 = ORIENTED_EDGE ( 'NONE', *, *, #150, .T. ) ;
#813 = DIRECTION ( 'NONE',  ( 0.0000000000000000000, 0.0000000000000000000, -1.000000000000000000 ) ) ;
#814 = EDGE_LOOP ( 'NONE', ( #247, #1279, #578, #755, #1972 ) ) ;
#815 = ORIENTED_EDGE ( 'NONE', *, *, #970, .F. ) ;
#816 = VECTOR ( 'NONE', #18, 1000.000000000000000 ) ;
#817 = DIRECTION ( 'NONE',  ( 0.0000000000000000000, -0.0000000000000000000, 1.000000000000000000 ) ) ;
#818 = ORIENTED_EDGE ( 'NONE', *, *, #331, .T. ) ;
#819 = DIRECTION ( 'NONE',  ( 0.0000000000000000000, -1.000000000000000000, 0.0000000000000000000 ) ) ;
#820 = EDGE_LOOP ( 'NONE', ( #1420, #2391, #56, #1608 ) ) ;
#821 = EDGE_CURVE ( 'NONE', #506, #2050, #2051, .T. ) ;
#822 = PLANE ( 'NONE',  #2088 ) ;
#823 = CARTESIAN_POINT ( 'NONE',  ( -0.8900000000000007900, 0.06500000000000000200, -0.4990000000000001100 ) ) ;
#824 = DIRECTION ( 'NONE',  ( 0.0000000000000000000, -0.0000000000000000000, 1.000000000000000000 ) ) ;
#825 = DIRECTION ( 'NONE',  ( -2.168404344971008400E-016, -0.0000000000000000000, -1.000000000000000000 ) ) ;
#826 = ORIENTED_EDGE ( 'NONE', *, *, #1803, .T. ) ;
#827 = FACE_OUTER_BOUND ( 'NONE', #2390, .T. ) ;
#828 = ORIENTED_EDGE ( 'NONE', *, *, #585, .T. ) ;
#829 = EDGE_LOOP ( 'NONE', ( #778, #2127, #1095, #815 ) ) ;
#830 = DIRECTION ( 'NONE',  ( 0.0000000000000000000, 1.000000000000000000, 0.0000000000000000000 ) ) ;
#831 = EDGE_LOOP ( 'NONE', ( #1579, #268, #337, #2209, #2496, #2474, #1899, #757, #513, #1916, #1164, #2258 ) ) ;
#832 = DIRECTION ( 'NONE',  ( 1.000000000000000000, 0.0000000000000000000, 0.0000000000000000000 ) ) ;
#833 = VERTEX_POINT ( 'NONE', #2156 ) ;
#834 = EDGE_CURVE ( 'NONE', #2054, #2322, #2146, .T. ) ;
#835 = DIRECTION ( 'NONE',  ( 0.0000000000000000000, 0.0000000000000000000, -1.000000000000000000 ) ) ;
#836 = LINE ( 'NONE', #1079, #1089 ) ;
#837 = EDGE_CURVE ( 'NONE', #2200, #235, #1481, .T. ) ;
#838 = DIRECTION ( 'NONE',  ( 0.0000000000000000000, 0.0000000000000000000, -1.000000000000000000 ) ) ;
#839 = LINE ( 'NONE', #201, #2133 ) ;
#840 = ADVANCED_FACE ( 'NONE', ( #2433 ), #2214, .T. ) ;
#841 = DIRECTION ( 'NONE',  ( 0.0000000000000000000, -0.0000000000000000000, -1.000000000000000000 ) ) ;
#842 = DIRECTION ( 'NONE',  ( 0.0000000000000000000, -1.000000000000000000, 0.0000000000000000000 ) ) ;
#843 = ORIENTED_EDGE ( 'NONE', *, *, #906, .T. ) ;
#844 = FACE_OUTER_BOUND ( 'NONE', #787, .T. ) ;
#845 = VERTEX_POINT ( 'NONE', #979 ) ;
#846 = LINE ( 'NONE', #957, #2017 ) ;
#847 = DIRECTION ( 'NONE',  ( -2.168404344971008400E-016, -0.0000000000000000000, -1.000000000000000000 ) ) ;
#848 = AXIS2_PLACEMENT_3D ( 'NONE', #2498, #1867, #1659 ) ;
#849 = VERTEX_POINT ( 'NONE', #414 ) ;
#850 = EDGE_CURVE ( 'NONE', #259, #1435, #1611, .T. ) ;
#851 = CARTESIAN_POINT ( 'NONE',  ( -0.2100000000000000200, 0.4500000000000000100, 0.2989999999999999900 ) ) ;
#852 = DIRECTION ( 'NONE',  ( -0.0000000000000000000, -0.0000000000000000000, -1.000000000000000000 ) ) ;
#853 = AXIS2_PLACEMENT_3D ( 'NONE', #1650, #2055, #841 ) ;
#854 = EDGE_CURVE ( 'NONE', #1576, #249, #1799, .T. ) ;
#855 = ADVANCED_FACE ( 'NONE', ( #723 ), #2230, .F. ) ;
#856 = CARTESIAN_POINT ( 'NONE',  ( 1.299999999999999400, 0.5000000000000000000, -0.5000000000000001100 ) ) ;
#857 = VECTOR ( 'NONE', #1423, 1000.000000000000000 ) ;
#858 = LINE ( 'NONE', #1482, #661 ) ;
#859 = PLANE ( 'NONE',  #2298 ) ;
#860 = LINE ( 'NONE', #2046, #1329 ) ;
#861 = VECTOR ( 'NONE', #749, 1000.000000000000000 ) ;
#862 = DIRECTION ( 'NONE',  ( 1.000000000000000000, 0.0000000000000000000, 0.0000000000000000000 ) ) ;
#863 = ORIENTED_EDGE ( 'NONE', *, *, #2571, .F. ) ;
#864 = DIRECTION ( 'NONE',  ( -0.0000000000000000000, 1.000000000000000000, -0.0000000000000000000 ) ) ;
#865 = FACE_OUTER_BOUND ( 'NONE', #2302, .T. ) ;
#866 = CARTESIAN_POINT ( 'NONE',  ( 1.600000000000000300, 0.0000000000000000000, -0.5000000000000000000 ) ) ;
#867 = DIRECTION ( 'NONE',  ( 0.0000000000000000000, 1.000000000000000000, 0.0000000000000000000 ) ) ;
#868 = CARTESIAN_POINT ( 'NONE',  ( -1.599999999999999900, 0.01499999999999998600, -0.5000000000000000000 ) ) ;
#869 = LINE ( 'NONE', #2007, #805 ) ;
#870 = PRESENTATION_LAYER_ASSIGNMENT (  '', '', ( #2119 ) ) ;
#871 = CARTESIAN_POINT ( 'NONE',  ( -1.284999999999999500, 0.01499999999999998600, -0.5000000000000001100 ) ) ;
#872 = EDGE_CURVE ( 'NONE', #880, #2145, #2372, .T. ) ;
#873 = LINE ( 'NONE', #772, #72 ) ;
#874 = VECTOR ( 'NONE', #1927, 1000.000000000000000 ) ;
#875 = PLANE ( 'NONE',  #790 ) ;
#876 = VECTOR ( 'NONE', #423, 1000.000000000000000 ) ;
#877 = EDGE_LOOP ( 'NONE', ( #173, #2090 ) ) ;
#878 = LINE ( 'NONE', #1051, #352 ) ;
#879 = CARTESIAN_POINT ( 'NONE',  ( 1.010000000000000200, 0.5000000000000000000, -0.5000000000000001100 ) ) ;
#880 = VERTEX_POINT ( 'NONE', #2004 ) ;
#881 = VECTOR ( 'NONE', #766, 1000.000000000000000 ) ;
#882 = ORIENTED_EDGE ( 'NONE', *, *, #363, .T. ) ;
#883 = ORIENTED_EDGE ( 'NONE', *, *, #837, .F. ) ;
#884 = ORIENTED_EDGE ( 'NONE', *, *, #370, .F. ) ;
#885 = PLANE ( 'NONE',  #67 ) ;
#886 = DIRECTION ( 'NONE',  ( 1.000000000000000000, 0.0000000000000000000, 0.0000000000000000000 ) ) ;
#887 = DIRECTION ( 'NONE',  ( 1.000000000000000000, 0.0000000000000000000, -0.0000000000000000000 ) ) ;
#888 = EDGE_CURVE ( 'NONE', #205, #1640, #1581, .T. ) ;
#889 = VERTEX_POINT ( 'NONE', #1996 ) ;
#890 = DIRECTION ( 'NONE',  ( 0.0000000000000000000, 0.0000000000000000000, -1.000000000000000000 ) ) ;
#891 =( LENGTH_UNIT ( ) NAMED_UNIT ( * ) SI_UNIT ( .MILLI., .METRE. ) );
#892 = VECTOR ( 'NONE', #130, 1000.000000000000000 ) ;
#893 = VERTEX_POINT ( 'NONE', #1409 ) ;
#894 = CARTESIAN_POINT ( 'NONE',  ( 1.599999999999999900, 0.4850000000000000400, 0.5000000000000000000 ) ) ;
#895 = DIRECTION ( 'NONE',  ( 0.0000000000000000000, 0.0000000000000000000, 1.000000000000000000 ) ) ;
#896 = ORIENTED_EDGE ( 'NONE', *, *, #2484, .F. ) ;
#897 =( LENGTH_UNIT ( ) NAMED_UNIT ( * ) SI_UNIT ( .MILLI., .METRE. ) );
#898 = PLANE ( 'NONE',  #271 ) ;
#899 = ORIENTED_EDGE ( 'NONE', *, *, #1620, .F. ) ;
#900 = AXIS2_PLACEMENT_3D ( 'NONE', #30, #1809, #1817 ) ;
#901 = DIRECTION ( 'NONE',  ( -0.0000000000000000000, 1.000000000000000000, -0.0000000000000000000 ) ) ;
#902 = EDGE_CURVE ( 'NONE', #1304, #420, #416, .T. ) ;
#903 = VECTOR ( 'NONE', #254, 1000.000000000000000 ) ;
#904 = CARTESIAN_POINT ( 'NONE',  ( -1.600000000000000300, 0.01499999999999999900, -0.1999999999999994300 ) ) ;
#905 = CARTESIAN_POINT ( 'NONE',  ( -1.010000000000000000, 0.4500000000000000100, -0.4990000000000000000 ) ) ;
#906 = EDGE_CURVE ( 'NONE', #1395, #208, #3, .T. ) ;
#907 = LINE ( 'NONE', #2161, #2423 ) ;
#908 = ORIENTED_EDGE ( 'NONE', *, *, #1396, .T. ) ;
#909 = EDGE_LOOP ( 'NONE', ( #483, #110, #535, #1751 ) ) ;
#910 = FACE_OUTER_BOUND ( 'NONE', #2581, .T. ) ;
#911 = FILL_AREA_STYLE ('',( #141 ) ) ;
#912 = VERTEX_POINT ( 'NONE', #1593 ) ;
#913 =( NAMED_UNIT ( * ) PLANE_ANGLE_UNIT ( ) SI_UNIT ( $, .RADIAN. ) );
#914 = CARTESIAN_POINT ( 'NONE',  ( -1.010000000000000000, 0.5000000000000000000, -0.4990000000000000000 ) ) ;
#915 = ADVANCED_FACE ( 'NONE', ( #652 ), #1864, .F. ) ;
#916 = CARTESIAN_POINT ( 'NONE',  ( -1.010000000000000000, 0.4500000000000000100, 0.2989999999999999900 ) ) ;
#917 = AXIS2_PLACEMENT_3D ( 'NONE', #2521, #1503, #497 ) ;
#918 = DIRECTION ( 'NONE',  ( 0.0000000000000000000, 0.0000000000000000000, -1.000000000000000000 ) ) ;
#919 = EDGE_LOOP ( 'NONE', ( #648, #159, #25, #36, #69, #566 ) ) ;
#920 = ORIENTED_EDGE ( 'NONE', *, *, #212, .F. ) ;
#921 = CIRCLE ( 'NONE', #2395, 0.3150000000000003900 ) ;
#922 = CARTESIAN_POINT ( 'NONE',  ( -0.2100000000000000200, 0.4500000000000000100, 0.4990000000000000000 ) ) ;
#923 = VECTOR ( 'NONE', #1018, 1000.000000000000000 ) ;
#924 = CARTESIAN_POINT ( 'NONE',  ( 0.0000000000000000000, 0.0000000000000000000, 0.0000000000000000000 ) ) ;
#925 = ADVANCED_FACE ( 'NONE', ( #2111 ), #1189, .T. ) ;
#926 = DIRECTION ( 'NONE',  ( 1.000000000000000000, -0.0000000000000000000, -0.0000000000000000000 ) ) ;
#927 = CYLINDRICAL_SURFACE ( 'NONE', #988, 0.3000000000000005400 ) ;
#928 = CARTESIAN_POINT ( 'NONE',  ( -1.010000000000000000, 0.5000000000000000000, -0.4990000000000000000 ) ) ;
#929 = DIRECTION ( 'NONE',  ( 0.0000000000000000000, 1.000000000000000000, -0.0000000000000000000 ) ) ;
#930 = DIRECTION ( 'NONE',  ( 0.0000000000000000000, 1.000000000000000000, 0.0000000000000000000 ) ) ;
#931 = EDGE_CURVE ( 'NONE', #77, #1657, #1738, .T. ) ;
#932 = LINE ( 'NONE', #905, #525 ) ;
#933 = SURFACE_STYLE_FILL_AREA ( #2071 ) ;
#934 = EDGE_LOOP ( 'NONE', ( #2084, #2533, #1084, #51, #640, #539, #1484, #2234 ) ) ;
#935 = LINE ( 'NONE', #324, #412 ) ;
#936 = CARTESIAN_POINT ( 'NONE',  ( 0.0000000000000000000, 0.06500000000000000200, 0.0000000000000000000 ) ) ;
#937 = EDGE_CURVE ( 'NONE', #889, #298, #1513, .T. ) ;
#938 = ORIENTED_EDGE ( 'NONE', *, *, #536, .T. ) ;
#939 = DIRECTION ( 'NONE',  ( -0.0000000000000000000, -1.000000000000000000, 0.0000000000000000000 ) ) ;
#940 = VECTOR ( 'NONE', #986, 1000.000000000000000 ) ;
#941 = VERTEX_POINT ( 'NONE', #404 ) ;
#942 = DIRECTION ( 'NONE',  ( 0.0000000000000000000, -0.0000000000000000000, 1.000000000000000000 ) ) ;
#943 = ORIENTED_EDGE ( 'NONE', *, *, #212, .T. ) ;
#944 = ORIENTED_EDGE ( 'NONE', *, *, #2316, .F. ) ;
#945 = DIRECTION ( 'NONE',  ( 0.0000000000000000000, 1.000000000000000000, 0.0000000000000000000 ) ) ;
#946 = DIRECTION ( 'NONE',  ( 0.0000000000000000000, 0.0000000000000000000, 1.000000000000000000 ) ) ;
#947 = AXIS2_PLACEMENT_3D ( 'NONE', #991, #24, #2424 ) ;
#948 = ORIENTED_EDGE ( 'NONE', *, *, #620, .T. ) ;
#949 = EDGE_CURVE ( 'NONE', #2356, #833, #1192, .T. ) ;
#950 = DIRECTION ( 'NONE',  ( -0.0000000000000000000, 1.000000000000000000, -0.0000000000000000000 ) ) ;
#951 = ADVANCED_FACE ( 'NONE', ( #1607 ), #1156, .F. ) ;
#952 = FACE_OUTER_BOUND ( 'NONE', #1362, .T. ) ;
#953 = VERTEX_POINT ( 'NONE', #1003 ) ;
#954 = ORIENTED_EDGE ( 'NONE', *, *, #1024, .F. ) ;
#955 = DIRECTION ( 'NONE',  ( 0.0000000000000000000, 0.0000000000000000000, -1.000000000000000000 ) ) ;
#956 = EDGE_LOOP ( 'NONE', ( #118, #2037, #651, #1772 ) ) ;
#957 = CARTESIAN_POINT ( 'NONE',  ( 1.284999999999999500, 0.01499999999999998600, 0.4999999999999998900 ) ) ;
#958 = DIRECTION ( 'NONE',  ( -0.0000000000000000000, 1.000000000000000000, -0.0000000000000000000 ) ) ;
#959 = LINE ( 'NONE', #240, #1258 ) ;
#960 = DIRECTION ( 'NONE',  ( 0.0000000000000000000, -1.000000000000000000, 0.0000000000000000000 ) ) ;
#961 = DIRECTION ( 'NONE',  ( 0.0000000000000000000, 0.0000000000000000000, -1.000000000000000000 ) ) ;
#962 = VECTOR ( 'NONE', #2015, 1000.000000000000000 ) ;
#963 = DIRECTION ( 'NONE',  ( -2.168404344971008400E-016, -0.0000000000000000000, -1.000000000000000000 ) ) ;
#964 = FACE_OUTER_BOUND ( 'NONE', #1564, .T. ) ;
#965 = ADVANCED_FACE ( 'NONE', ( #1092 ), #784, .T. ) ;
#966 = AXIS2_PLACEMENT_3D ( 'NONE', #725, #1097, #120 ) ;
#967 = CARTESIAN_POINT ( 'NONE',  ( -0.4000000000000000800, 0.0000000000000000000, -0.5000000000000001100 ) ) ;
#968 = DIRECTION ( 'NONE',  ( -1.000000000000000000, 0.0000000000000000000, 0.0000000000000000000 ) ) ;
#969 = FILL_AREA_STYLE ('',( #2392 ) ) ;
#970 = EDGE_CURVE ( 'NONE', #1545, #164, #715, .T. ) ;
#971 = ORIENTED_EDGE ( 'NONE', *, *, #1325, .T. ) ;
#972 = VECTOR ( 'NONE', #1248, 1000.000000000000000 ) ;
#973 = CARTESIAN_POINT ( 'NONE',  ( -1.010000000000000000, 0.4850000000000000400, 0.5000000000000001100 ) ) ;
#974 = EDGE_LOOP ( 'NONE', ( #31, #761, #1783, #1375 ) ) ;
#975 = LINE ( 'NONE', #2591, #1127 ) ;
#976 = EDGE_CURVE ( 'NONE', #1717, #1101, #622, .T. ) ;
#977 = DIRECTION ( 'NONE',  ( 0.0000000000000000000, 1.000000000000000000, 0.0000000000000000000 ) ) ;
#978 = ORIENTED_EDGE ( 'NONE', *, *, #451, .T. ) ;
#979 = CARTESIAN_POINT ( 'NONE',  ( -1.599999999999999900, 0.5000000000000000000, 0.1999999999999994300 ) ) ;
#980 = CARTESIAN_POINT ( 'NONE',  ( -1.284999999999999700, 0.4849999999999999900, 0.5000000000000001100 ) ) ;
#981 = CARTESIAN_POINT ( 'NONE',  ( -1.010000000000000000, 0.5000000000000000000, -0.2989999999999999900 ) ) ;
#982 = ORIENTED_EDGE ( 'NONE', *, *, #902, .T. ) ;
#983 = SURFACE_SIDE_STYLE ('',( #1215 ) ) ;
#984 = ORIENTED_EDGE ( 'NONE', *, *, #1992, .F. ) ;
#985 = AXIS2_PLACEMENT_3D ( 'NONE', #1446, #842, #1662 ) ;
#986 = DIRECTION ( 'NONE',  ( 0.0000000000000000000, -1.000000000000000000, 0.0000000000000000000 ) ) ;
#987 = COLOUR_RGB ( '',1.000000000000000000, 0.8117647058823529400, 0.5019607843137254800 ) ;
#988 = AXIS2_PLACEMENT_3D ( 'NONE', #1390, #576, #2411 ) ;
#989 = LINE ( 'NONE', #2129, #2353 ) ;
#990 = EDGE_CURVE ( 'NONE', #493, #228, #2076, .T. ) ;
#991 = CARTESIAN_POINT ( 'NONE',  ( 1.299999999999999400, 4.352610922848041900, 0.5000000000000001100 ) ) ;
#992 = CARTESIAN_POINT ( 'NONE',  ( 1.599999999999999900, 0.5000000000000000000, 0.1999999999999994300 ) ) ;
#993 = LINE ( 'NONE', #2203, #1341 ) ;
#994 = CIRCLE ( 'NONE', #1600, 0.3150000000000003900 ) ;
#995 = CYLINDRICAL_SURFACE ( 'NONE', #2552, 0.3150000000000003900 ) ;
#996 = DIRECTION ( 'NONE',  ( 0.0000000000000000000, 1.000000000000000000, 0.0000000000000000000 ) ) ;
#997 = LINE ( 'NONE', #2233, #1884 ) ;
#998 = ORIENTED_EDGE ( 'NONE', *, *, #834, .T. ) ;
#999 = PLANE ( 'NONE',  #2384 ) ;
#1000 = VECTOR ( 'NONE', #703, 1000.000000000000000 ) ;
#1001 = DIRECTION ( 'NONE',  ( 0.0000000000000000000, 1.000000000000000000, 0.0000000000000000000 ) ) ;
#1002 = AXIS2_PLACEMENT_3D ( 'NONE', #740, #2152, #1309 ) ;
#1003 = CARTESIAN_POINT ( 'NONE',  ( 1.599999999999999900, 0.4850000000000000400, 0.1849999999999995500 ) ) ;
#1004 = EDGE_LOOP ( 'NONE', ( #354, #2494, #1177, #52, #1402 ) ) ;
#1005 = VECTOR ( 'NONE', #2431, 1000.000000000000000 ) ;
#1006 = ORIENTED_EDGE ( 'NONE', *, *, #406, .T. ) ;
#1007 = AXIS2_PLACEMENT_3D ( 'NONE', #1774, #960, #1128 ) ;
#1008 = PRODUCT ( 'HSMG-C110', 'HSMG-C110', '', ( #1597 ) ) ;
#1009 = DIRECTION ( 'NONE',  ( -2.168404344971008400E-016, 0.0000000000000000000, 1.000000000000000000 ) ) ;
#1010 = ORIENTED_EDGE ( 'NONE', *, *, #1227, .T. ) ;
#1011 = CARTESIAN_POINT ( 'NONE',  ( 1.040000000000000700, -1.280624847486569800, -0.5000000000000001100 ) ) ;
#1012 = DIRECTION ( 'NONE',  ( -0.0000000000000000000, -1.000000000000000000, -0.0000000000000000000 ) ) ;
#1013 = DIRECTION ( 'NONE',  ( -0.0000000000000000000, 1.000000000000000000, -0.0000000000000000000 ) ) ;
#1014 = DIRECTION ( 'NONE',  ( 0.0000000000000000000, 0.0000000000000000000, 1.000000000000000000 ) ) ;
#1015 = DIRECTION ( 'NONE',  ( -0.0000000000000000000, 1.000000000000000000, -0.0000000000000000000 ) ) ;
#1016 = DIRECTION ( 'NONE',  ( 0.0000000000000000000, 0.0000000000000000000, -1.000000000000000000 ) ) ;
#1017 = ORIENTED_EDGE ( 'NONE', *, *, #1391, .T. ) ;
#1018 = DIRECTION ( 'NONE',  ( -0.0000000000000000000, 0.0000000000000000000, 1.000000000000000000 ) ) ;
#1019 = FACE_OUTER_BOUND ( 'NONE', #934, .T. ) ;
#1020 = ORIENTED_EDGE ( 'NONE', *, *, #199, .F. ) ;
#1021 = DIRECTION ( 'NONE',  ( 0.0000000000000000000, 1.000000000000000000, 0.0000000000000000000 ) ) ;
#1022 = ORIENTED_EDGE ( 'NONE', *, *, #850, .T. ) ;
#1023 = AXIS2_PLACEMENT_3D ( 'NONE', #332, #1321, #1338 ) ;
#1024 = EDGE_CURVE ( 'NONE', #2145, #1741, #2208, .T. ) ;
#1025 = DIRECTION ( 'NONE',  ( 0.0000000000000000000, 0.0000000000000000000, 1.000000000000000000 ) ) ;
#1026 = ORIENTED_EDGE ( 'NONE', *, *, #68, .T. ) ;
#1027 = CARTESIAN_POINT ( 'NONE',  ( 1.600000000000000300, -1.280624847486569800, -0.1999999999999994300 ) ) ;
#1028 = CARTESIAN_POINT ( 'NONE',  ( -0.2100000000000000200, 0.4500000000000000100, 0.2989999999999999900 ) ) ;
#1029 = UNCERTAINTY_MEASURE_WITH_UNIT (LENGTH_MEASURE( 1.000000000000000100E-005 ), #124, 'distance_accuracy_value', 'NONE');
#1030 = CARTESIAN_POINT ( 'NONE',  ( 0.9999999999999995600, 0.5000000000000000000, 0.5000000000000000000 ) ) ;
#1031 = CARTESIAN_POINT ( 'NONE',  ( 1.600000000000000300, -1.280624847486569800, -0.5000000000000000000 ) ) ;
#1032 = VECTOR ( 'NONE', #1015, 1000.000000000000000 ) ;
#1033 = CARTESIAN_POINT ( 'NONE',  ( 0.0000000000000000000, 0.0000000000000000000, 0.0000000000000000000 ) ) ;
#1034 = AXIS2_PLACEMENT_3D ( 'NONE', #621, #1840, #230 ) ;
#1035 = DIRECTION ( 'NONE',  ( -1.000000000000000000, 0.0000000000000000000, 0.0000000000000000000 ) ) ;
#1036 = ORIENTED_EDGE ( 'NONE', *, *, #492, .T. ) ;
#1037 = LINE ( 'NONE', #1270, #1704 ) ;
#1038 = EDGE_CURVE ( 'NONE', #1893, #2322, #592, .T. ) ;
#1039 = CARTESIAN_POINT ( 'NONE',  ( -1.299999999999999400, 0.5000000000000000000, 0.5000000000000001100 ) ) ;
#1040 = VERTEX_POINT ( 'NONE', #2029 ) ;
#1041 = LINE ( 'NONE', #1372, #145 ) ;
#1042 = PRESENTATION_LAYER_ASSIGNMENT (  '', '', ( #1365 ) ) ;
#1043 = VERTEX_POINT ( 'NONE', #2239 ) ;
#1044 = EDGE_CURVE ( 'NONE', #385, #1395, #1121, .T. ) ;
#1045 = CARTESIAN_POINT ( 'NONE',  ( -0.8900000000000007900, 0.06500000000000000200, 0.4990000000000001100 ) ) ;
#1046 = VERTEX_POINT ( 'NONE', #2437 ) ;
#1047 = ORIENTED_EDGE ( 'NONE', *, *, #2436, .T. ) ;
#1048 = FACE_OUTER_BOUND ( 'NONE', #1758, .T. ) ;
#1049 = LINE ( 'NONE', #177, #1811 ) ;
#1050 = ORIENTED_EDGE ( 'NONE', *, *, #1584, .T. ) ;
#1051 = CARTESIAN_POINT ( 'NONE',  ( -0.2100000000000000200, 0.4500000000000000100, -0.2989999999999999900 ) ) ;
#1052 = CARTESIAN_POINT ( 'NONE',  ( 0.3999999999999999700, -1.280624847486569800, -0.5000000000000001100 ) ) ;
#1053 = ADVANCED_FACE ( 'NONE', ( #227 ), #2364, .F. ) ;
#1054 = EDGE_CURVE ( 'NONE', #28, #608, #527, .T. ) ;
#1055 = LINE ( 'NONE', #1591, #2485 ) ;
#1056 = PRODUCT_RELATED_PRODUCT_CATEGORY ( 'part', '', ( #1008 ) ) ;
#1057 = CARTESIAN_POINT ( 'NONE',  ( -0.5500000000000001600, 0.06500000000000000200, -0.4990000000000001100 ) ) ;
#1058 = VECTOR ( 'NONE', #178, 1000.000000000000000 ) ;
#1059 = VECTOR ( 'NONE', #926, 1000.000000000000000 ) ;
#1060 = DIRECTION ( 'NONE',  ( -0.0000000000000000000, -1.000000000000000000, -0.0000000000000000000 ) ) ;
#1061 = CARTESIAN_POINT ( 'NONE',  ( -1.010000000000000000, 0.4500000000000000100, 0.4990000000000000000 ) ) ;
#1062 = FACE_OUTER_BOUND ( 'NONE', #909, .T. ) ;
#1063 = VERTEX_POINT ( 'NONE', #407 ) ;
#1064 = VECTOR ( 'NONE', #476, 1000.000000000000000 ) ;
#1065 = ORIENTED_EDGE ( 'NONE', *, *, #1100, .F. ) ;
#1066 = FACE_OUTER_BOUND ( 'NONE', #771, .T. ) ;
#1067 = CARTESIAN_POINT ( 'NONE',  ( 1.599999999999999900, 0.01499999999999998600, 0.5000000000000000000 ) ) ;
#1068 = CARTESIAN_POINT ( 'NONE',  ( 1.599999999999999900, 4.352610922848041900, -0.1999999999999994300 ) ) ;
#1069 = ORIENTED_EDGE ( 'NONE', *, *, #1038, .F. ) ;
#1070 = ORIENTED_EDGE ( 'NONE', *, *, #229, .F. ) ;
#1071 = EDGE_CURVE ( 'NONE', #208, #143, #1670, .T. ) ;
#1072 = DIRECTION ( 'NONE',  ( -1.000000000000000000, 0.0000000000000000000, -0.0000000000000000000 ) ) ;
#1073 = CARTESIAN_POINT ( 'NONE',  ( -1.010000000000000000, 0.5000000000000000000, -0.4990000000000000000 ) ) ;
#1074 = VERTEX_POINT ( 'NONE', #2257 ) ;
#1075 = EDGE_CURVE ( 'NONE', #506, #1172, #1411, .T. ) ;
#1076 = DIRECTION ( 'NONE',  ( -2.168404344971008400E-016, -0.0000000000000000000, -1.000000000000000000 ) ) ;
#1077 = DIRECTION ( 'NONE',  ( 1.000000000000000000, 0.0000000000000000000, 0.0000000000000000000 ) ) ;
#1078 = EDGE_LOOP ( 'NONE', ( #2334, #1125, #347, #571 ) ) ;
#1079 = CARTESIAN_POINT ( 'NONE',  ( -0.4000000000000000800, 0.01499999999999999900, -0.5000000000000001100 ) ) ;
#1080 = ORIENTED_EDGE ( 'NONE', *, *, #1381, .T. ) ;
#1081 = FACE_OUTER_BOUND ( 'NONE', #2168, .T. ) ;
#1082 = EDGE_LOOP ( 'NONE', ( #1450, #458, #882, #1354 ) ) ;
#1083 = ORIENTED_EDGE ( 'NONE', *, *, #187, .F. ) ;
#1084 = ORIENTED_EDGE ( 'NONE', *, *, #424, .F. ) ;
#1085 = CARTESIAN_POINT ( 'NONE',  ( -0.2100000000000000200, 0.4500000000000000100, 0.4990000000000000000 ) ) ;
#1086 = AXIS2_PLACEMENT_3D ( 'NONE', #2483, #287, #2296 ) ;
#1087 = DIRECTION ( 'NONE',  ( -0.0000000000000000000, -1.000000000000000000, -0.0000000000000000000 ) ) ;
#1088 = EDGE_CURVE ( 'NONE', #89, #612, #1823, .T. ) ;
#1089 = VECTOR ( 'NONE', #459, 1000.000000000000000 ) ;
#1090 = SURFACE_STYLE_FILL_AREA ( #1405 ) ;
#1091 = DIRECTION ( 'NONE',  ( 1.000000000000000000, 0.0000000000000000000, 0.0000000000000000000 ) ) ;
#1092 = FACE_OUTER_BOUND ( 'NONE', #1492, .T. ) ;
#1093 = ORIENTED_EDGE ( 'NONE', *, *, #738, .T. ) ;
#1094 = VECTOR ( 'NONE', #2478, 1000.000000000000000 ) ;
#1095 = ORIENTED_EDGE ( 'NONE', *, *, #1169, .T. ) ;
#1096 = ORIENTED_EDGE ( 'NONE', *, *, #1044, .T. ) ;
#1097 = DIRECTION ( 'NONE',  ( 0.0000000000000000000, 0.0000000000000000000, -1.000000000000000000 ) ) ;
#1098 = EDGE_LOOP ( 'NONE', ( #2278, #2587, #1934, #1907 ) ) ;
#1099 = AXIS2_PLACEMENT_3D ( 'NONE', #1699, #890, #2128 ) ;
#1100 = EDGE_CURVE ( 'NONE', #704, #512, #171, .T. ) ;
#1101 = VERTEX_POINT ( 'NONE', #1421 ) ;
#1102 = PRESENTATION_STYLE_ASSIGNMENT (( #1918 ) ) ;
#1103 = VECTOR ( 'NONE', #739, 1000.000000000000000 ) ;
#1104 = ORIENTED_EDGE ( 'NONE', *, *, #1449, .T. ) ;
#1105 = ADVANCED_FACE ( 'NONE', ( #2425 ), #218, .T. ) ;
#1106 = DIRECTION ( 'NONE',  ( 0.0000000000000000000, 0.0000000000000000000, 1.000000000000000000 ) ) ;
#1107 = CARTESIAN_POINT ( 'NONE',  ( -1.600000000000000300, 0.01499999999999999900, -0.5000000000000000000 ) ) ;
#1108 = CARTESIAN_POINT ( 'NONE',  ( -1.010000000000000000, 0.4500000000000000100, 0.4990000000000000000 ) ) ;
#1109 = VERTEX_POINT ( 'NONE', #2459 ) ;
#1110 = DIRECTION ( 'NONE',  ( 0.0000000000000000000, 0.0000000000000000000, -1.000000000000000000 ) ) ;
#1111 = AXIS2_PLACEMENT_3D ( 'NONE', #437, #402, #1846 ) ;
#1112 = CARTESIAN_POINT ( 'NONE',  ( -1.010000000000000000, 0.4500000000000000100, 0.2989999999999999900 ) ) ;
#1113 = COLOUR_RGB ( '',0.0000000000000000000, 0.5019607843137254800, 0.0000000000000000000 ) ;
#1114 = EDGE_CURVE ( 'NONE', #175, #2166, #997, .T. ) ;
#1115 = AXIS2_PLACEMENT_3D ( 'NONE', #426, #421, #2044 ) ;
#1116 = SURFACE_SIDE_STYLE ('',( #2074 ) ) ;
#1117 = EDGE_CURVE ( 'NONE', #1231, #292, #2270, .T. ) ;
#1118 = CARTESIAN_POINT ( 'NONE',  ( 1.599999999999999900, 0.4850000000000000400, 0.5000000000000000000 ) ) ;
#1119 = VECTOR ( 'NONE', #2181, 1000.000000000000000 ) ;
#1120 = PLANE ( 'NONE',  #1483 ) ;
#1121 = LINE ( 'NONE', #617, #1947 ) ;
#1122 = ADVANCED_FACE ( 'NONE', ( #1350 ), #1820, .F. ) ;
#1123 = ORIENTED_EDGE ( 'NONE', *, *, #2021, .T. ) ;
#1124 = CARTESIAN_POINT ( 'NONE',  ( -0.8900000000000007900, 0.01499999999999999900, -0.4990000000000001100 ) ) ;
#1125 = ORIENTED_EDGE ( 'NONE', *, *, #2387, .T. ) ;
#1126 = ORIENTED_EDGE ( 'NONE', *, *, #1396, .F. ) ;
#1127 = VECTOR ( 'NONE', #182, 1000.000000000000000 ) ;
#1128 = DIRECTION ( 'NONE',  ( 0.0000000000000000000, -0.0000000000000000000, -1.000000000000000000 ) ) ;
#1129 = ORIENTED_EDGE ( 'NONE', *, *, #1424, .T. ) ;
#1130 = DIRECTION ( 'NONE',  ( -2.168404344971008400E-016, 0.0000000000000000000, -1.000000000000000000 ) ) ;
#1131 = ORIENTED_EDGE ( 'NONE', *, *, #1570, .F. ) ;
#1132 = CARTESIAN_POINT ( 'NONE',  ( 1.299999999999999400, 4.352610922848041900, 0.5000000000000001100 ) ) ;
#1133 = EDGE_LOOP ( 'NONE', ( #721, #2435, #2475, #1860 ) ) ;
#1134 = DIRECTION ( 'NONE',  ( 0.0000000000000000000, -0.0000000000000000000, 1.000000000000000000 ) ) ;
#1135 = AXIS2_PLACEMENT_3D ( 'NONE', #936, #309, #132 ) ;
#1136 = CARTESIAN_POINT ( 'NONE',  ( -0.2100000000000000200, 0.4500000000000000100, -0.4990000000000000000 ) ) ;
#1137 = ADVANCED_FACE ( 'NONE', ( #1062 ), #1235, .T. ) ;
#1138 = UNCERTAINTY_MEASURE_WITH_UNIT (LENGTH_MEASURE( 1.000000000000000100E-005 ), #897, 'distance_accuracy_value', 'NONE');
#1139 = VERTEX_POINT ( 'NONE', #1649 ) ;
#1140 = DIRECTION ( 'NONE',  ( 1.000000000000000000, 0.0000000000000000000, -0.0000000000000000000 ) ) ;
#1141 = VECTOR ( 'NONE', #1763, 1000.000000000000000 ) ;
#1142 = CARTESIAN_POINT ( 'NONE',  ( -1.010000000000000000, 0.4500000000000000100, 0.2989999999999999900 ) ) ;
#1143 = VECTOR ( 'NONE', #705, 1000.000000000000000 ) ;
#1144 = VERTEX_POINT ( 'NONE', #2013 ) ;
#1145 = ORIENTED_EDGE ( 'NONE', *, *, #1242, .T. ) ;
#1146 = CARTESIAN_POINT ( 'NONE',  ( 1.600000000000000300, -1.280624847486569800, -0.1999999999999994300 ) ) ;
#1147 = CARTESIAN_POINT ( 'NONE',  ( -1.010000000000000200, 0.4849999999999999900, -0.5000000000000001100 ) ) ;
#1148 = ORIENTED_EDGE ( 'NONE', *, *, #646, .F. ) ;
#1149 = ORIENTED_EDGE ( 'NONE', *, *, #615, .T. ) ;
#1150 = DIRECTION ( 'NONE',  ( -0.0000000000000000000, 1.000000000000000000, -0.0000000000000000000 ) ) ;
#1151 = CARTESIAN_POINT ( 'NONE',  ( -1.599999999999999900, 0.01499999999999998600, 0.5000000000000000000 ) ) ;
#1152 = ADVANCED_FACE ( 'NONE', ( #471 ), #58, .T. ) ;
#1153 = EDGE_CURVE ( 'NONE', #335, #627, #1732, .T. ) ;
#1154 = VECTOR ( 'NONE', #1181, 1000.000000000000000 ) ;
#1155 = DIRECTION ( 'NONE',  ( -1.000000000000000000, 0.0000000000000000000, 0.0000000000000000000 ) ) ;
#1156 = CYLINDRICAL_SURFACE ( 'NONE', #257, 0.3000000000000005400 ) ;
#1157 = PLANE ( 'NONE',  #422 ) ;
#1158 = EDGE_CURVE ( 'NONE', #1968, #494, #109, .T. ) ;
#1159 = CARTESIAN_POINT ( 'NONE',  ( -0.8900000000000007900, 0.01499999999999999900, -0.4990000000000001100 ) ) ;
#1160 = ORIENTED_EDGE ( 'NONE', *, *, #1254, .F. ) ;
#1161 = CARTESIAN_POINT ( 'NONE',  ( -1.010000000000000200, 0.4850000000000000400, -0.5000000000000001100 ) ) ;
#1162 = LINE ( 'NONE', #2505, #2272 ) ;
#1163 = EDGE_LOOP ( 'NONE', ( #1703, #1707, #938, #984, #2189, #764, #1036, #2508 ) ) ;
#1164 = ORIENTED_EDGE ( 'NONE', *, *, #1803, .F. ) ;
#1165 = PLANE ( 'NONE',  #2399 ) ;
#1166 = ADVANCED_FACE ( 'NONE', ( #2301 ), #822, .F. ) ;
#1167 = CARTESIAN_POINT ( 'NONE',  ( -0.8900000000000007900, 0.06499999999999994700, -0.4990000000000001100 ) ) ;
#1168 = CARTESIAN_POINT ( 'NONE',  ( 0.0000000000000000000, 0.5000000000000000000, 0.0000000000000000000 ) ) ;
#1169 = EDGE_CURVE ( 'NONE', #1648, #164, #1539, .T. ) ;
#1170 = CARTESIAN_POINT ( 'NONE',  ( -1.040000000000000700, 0.01499999999999999900, -0.5000000000000001100 ) ) ;
#1171 = PRESENTATION_LAYER_ASSIGNMENT (  '', '', ( #116 ) ) ;
#1172 = VERTEX_POINT ( 'NONE', #1265 ) ;
#1173 = EDGE_CURVE ( 'NONE', #612, #40, #2557, .T. ) ;
#1174 = VECTOR ( 'NONE', #2123, 1000.000000000000000 ) ;
#1175 = LINE ( 'NONE', #1745, #488 ) ;
#1176 = ORIENTED_EDGE ( 'NONE', *, *, #275, .T. ) ;
#1177 = ORIENTED_EDGE ( 'NONE', *, *, #505, .F. ) ;
#1178 = CARTESIAN_POINT ( 'NONE',  ( 1.599999999999999900, 0.5000000000000000000, -0.1999999999999994300 ) ) ;
#1179 = ORIENTED_EDGE ( 'NONE', *, *, #2519, .F. ) ;
#1180 = DIRECTION ( 'NONE',  ( 0.0000000000000000000, -0.0000000000000000000, 1.000000000000000000 ) ) ;
#1181 = DIRECTION ( 'NONE',  ( -1.000000000000000000, 0.0000000000000000000, 0.0000000000000000000 ) ) ;
#1182 = VECTOR ( 'NONE', #1868, 1000.000000000000000 ) ;
#1183 = DIRECTION ( 'NONE',  ( 0.0000000000000000000, 1.000000000000000000, 0.0000000000000000000 ) ) ;
#1184 = LINE ( 'NONE', #574, #2206 ) ;
#1185 = CARTESIAN_POINT ( 'NONE',  ( -1.010000000000000200, 0.4500000000000000100, -0.4990000000000000000 ) ) ;
#1186 = EDGE_CURVE ( 'NONE', #845, #2176, #1764, .T. ) ;
#1187 = VECTOR ( 'NONE', #862, 1000.000000000000000 ) ;
#1188 = VERTEX_POINT ( 'NONE', #480 ) ;
#1189 = CYLINDRICAL_SURFACE ( 'NONE', #2464, 0.3150000000000003900 ) ;
#1190 = CARTESIAN_POINT ( 'NONE',  ( -1.000000000000000000, 0.5000000000000000000, -0.5000000000000000000 ) ) ;
#1191 = ORIENTED_EDGE ( 'NONE', *, *, #1158, .F. ) ;
#1192 = LINE ( 'NONE', #1392, #1931 ) ;
#1193 = PLANE ( 'NONE',  #1756 ) ;
#1194 = VERTEX_POINT ( 'NONE', #462 ) ;
#1195 = ORIENTED_EDGE ( 'NONE', *, *, #1835, .F. ) ;
#1196 = ORIENTED_EDGE ( 'NONE', *, *, #167, .F. ) ;
#1197 = DIRECTION ( 'NONE',  ( -1.000000000000000000, 0.0000000000000000000, 0.0000000000000000000 ) ) ;
#1198 = APPLICATION_CONTEXT ( 'automotive_design' ) ;
#1199 = CARTESIAN_POINT ( 'NONE',  ( -1.599999999999999900, -0.4304772721475256200, 0.1849999999999995500 ) ) ;
#1200 = LINE ( 'NONE', #1826, #2414 ) ;
#1201 = VECTOR ( 'NONE', #2097, 1000.000000000000000 ) ;
#1202 = CARTESIAN_POINT ( 'NONE',  ( 0.3999999999999999700, 0.01499999999999999900, 0.5000000000000001100 ) ) ;
#1203 = CARTESIAN_POINT ( 'NONE',  ( -1.600000000000000300, 0.0000000000000000000, 0.5000000000000000000 ) ) ;
#1204 = EDGE_CURVE ( 'NONE', #1969, #2440, #2010, .T. ) ;
#1205 = DIRECTION ( 'NONE',  ( -1.000000000000000000, 0.0000000000000000000, 0.0000000000000000000 ) ) ;
#1206 = VERTEX_POINT ( 'NONE', #687 ) ;
#1207 = AXIS2_PLACEMENT_3D ( 'NONE', #2516, #1908, #1495 ) ;
#1208 = LINE ( 'NONE', #2070, #460 ) ;
#1209 = EDGE_CURVE ( 'NONE', #478, #1043, #138, .T. ) ;
#1210 = CARTESIAN_POINT ( 'NONE',  ( -1.299999999999999800, 0.01499999999999999900, -0.5000000000000001100 ) ) ;
#1211 = CARTESIAN_POINT ( 'NONE',  ( -1.010000000000000200, 0.5000000000000000000, -0.5000000000000001100 ) ) ;
#1212 = ORIENTED_EDGE ( 'NONE', *, *, #325, .T. ) ;
#1213 = CARTESIAN_POINT ( 'NONE',  ( 1.040000000000000700, -1.280624847486569800, 0.5000000000000001100 ) ) ;
#1214 = DIRECTION ( 'NONE',  ( 0.0000000000000000000, 0.0000000000000000000, 1.000000000000000000 ) ) ;
#1215 = SURFACE_STYLE_FILL_AREA ( #203 ) ;
#1216 = DIRECTION ( 'NONE',  ( 0.0000000000000000000, 0.0000000000000000000, 1.000000000000000000 ) ) ;
#1217 = LINE ( 'NONE', #248, #560 ) ;
#1218 = DIRECTION ( 'NONE',  ( 1.000000000000000000, 0.0000000000000000000, 0.0000000000000000000 ) ) ;
#1219 = VECTOR ( 'NONE', #886, 1000.000000000000000 ) ;
#1220 = ORIENTED_EDGE ( 'NONE', *, *, #342, .T. ) ;
#1221 = CARTESIAN_POINT ( 'NONE',  ( -1.010000000000000000, 0.4500000000000000100, 0.4990000000000000000 ) ) ;
#1222 = UNCERTAINTY_MEASURE_WITH_UNIT (LENGTH_MEASURE( 1.000000000000000100E-005 ), #2144, 'distance_accuracy_value', 'NONE');
#1223 = CARTESIAN_POINT ( 'NONE',  ( -1.010000000000000200, 0.4850000000000000400, -0.5000000000000001100 ) ) ;
#1224 = AXIS2_PLACEMENT_3D ( 'NONE', #1452, #1441, #1025 ) ;
#1225 = DIRECTION ( 'NONE',  ( -1.000000000000000000, 0.0000000000000000000, 0.0000000000000000000 ) ) ;
#1226 = ORIENTED_EDGE ( 'NONE', *, *, #2073, .T. ) ;
#1227 = EDGE_CURVE ( 'NONE', #635, #2200, #1474, .T. ) ;
#1228 = ORIENTED_EDGE ( 'NONE', *, *, #1410, .F. ) ;
#1229 = ORIENTED_EDGE ( 'NONE', *, *, #103, .F. ) ;
#1230 = DIRECTION ( 'NONE',  ( 6.883823317368273300E-015, 0.0000000000000000000, 1.000000000000000000 ) ) ;
#1231 = VERTEX_POINT ( 'NONE', #871 ) ;
#1232 = PLANE ( 'NONE',  #853 ) ;
#1233 = PLANE ( 'NONE',  #1111 ) ;
#1234 = CARTESIAN_POINT ( 'NONE',  ( -1.010000000000000000, 0.4500000000000000100, -0.2989999999999999900 ) ) ;
#1235 = PLANE ( 'NONE',  #1952 ) ;
#1236 = CARTESIAN_POINT ( 'NONE',  ( 1.599999999999999900, 0.01499999999999998600, -0.1849999999999995500 ) ) ;
#1237 = ORIENTED_EDGE ( 'NONE', *, *, #949, .F. ) ;
#1238 = FACE_OUTER_BOUND ( 'NONE', #114, .T. ) ;
#1239 = VERTEX_POINT ( 'NONE', #88 ) ;
#1240 = VERTEX_POINT ( 'NONE', #2095 ) ;
#1241 = EDGE_CURVE ( 'NONE', #893, #249, #2105, .T. ) ;
#1242 = EDGE_CURVE ( 'NONE', #1387, #28, #561, .T. ) ;
#1243 = DIRECTION ( 'NONE',  ( -0.0000000000000000000, 1.000000000000000000, -0.0000000000000000000 ) ) ;
#1244 = DIRECTION ( 'NONE',  ( -0.0000000000000000000, 1.000000000000000000, -0.0000000000000000000 ) ) ;
#1245 = LINE ( 'NONE', #2165, #105 ) ;
#1246 = CARTESIAN_POINT ( 'NONE',  ( -1.010000000000000000, 0.4500000000000000100, -0.2989999999999999900 ) ) ;
#1247 = ADVANCED_FACE ( 'NONE', ( #1639 ), #653, .T. ) ;
#1248 = DIRECTION ( 'NONE',  ( -2.168404344971008400E-016, -0.0000000000000000000, -1.000000000000000000 ) ) ;
#1249 = AXIS2_PLACEMENT_3D ( 'NONE', #2333, #2136, #2116 ) ;
#1250 = CARTESIAN_POINT ( 'NONE',  ( -0.5500000000000001600, 0.06499999999999994700, 0.4990000000000001100 ) ) ;
#1251 = LINE ( 'NONE', #94, #440 ) ;
#1252 = EDGE_LOOP ( 'NONE', ( #102, #2479, #1784, #883 ) ) ;
#1253 = MANIFOLD_SOLID_BREP ( 'Boss-Extrude3[1]', #382 ) ;
#1254 = EDGE_CURVE ( 'NONE', #91, #1240, #2493, .T. ) ;
#1255 = DIRECTION ( 'NONE',  ( -2.168404344971008400E-016, 0.0000000000000000000, 1.000000000000000000 ) ) ;
#1256 = EDGE_LOOP ( 'NONE', ( #1485, #1196, #128, #1522 ) ) ;
#1257 = VERTEX_POINT ( 'NONE', #2509 ) ;
#1258 = VECTOR ( 'NONE', #33, 1000.000000000000000 ) ;
#1259 = PLANE ( 'NONE',  #35 ) ;
#1260 = ORIENTED_EDGE ( 'NONE', *, *, #1088, .T. ) ;
#1261 = ORIENTED_EDGE ( 'NONE', *, *, #2343, .T. ) ;
#1262 = EDGE_CURVE ( 'NONE', #789, #2260, #1251, .T. ) ;
#1263 = SURFACE_SIDE_STYLE ('',( #253 ) ) ;
#1264 = ADVANCED_FACE ( 'NONE', ( #319 ), #995, .T. ) ;
#1265 = CARTESIAN_POINT ( 'NONE',  ( -1.010000000000000000, 0.5000000000000000000, 0.5000000000000001100 ) ) ;
#1266 = LINE ( 'NONE', #504, #1525 ) ;
#1267 = CIRCLE ( 'NONE', #2157, 0.3150000000000003900 ) ;
#1268 = DIRECTION ( 'NONE',  ( -0.0000000000000000000, -1.000000000000000000, -0.0000000000000000000 ) ) ;
#1269 = FACE_OUTER_BOUND ( 'NONE', #820, .T. ) ;
#1270 = CARTESIAN_POINT ( 'NONE',  ( -1.010000000000000000, 0.4500000000000000100, -0.2989999999999999900 ) ) ;
#1271 = CARTESIAN_POINT ( 'NONE',  ( -0.8900000000000007900, 0.01499999999999999900, 0.4990000000000001100 ) ) ;
#1272 = VECTOR ( 'NONE', #276, 1000.000000000000000 ) ;
#1273 = CARTESIAN_POINT ( 'NONE',  ( -1.599999999999999900, 0.5000000000000000000, -0.5000000000000000000 ) ) ;
#1274 =( GEOMETRIC_REPRESENTATION_CONTEXT ( 3 ) GLOBAL_UNCERTAINTY_ASSIGNED_CONTEXT ( ( #2561 ) ) GLOBAL_UNIT_ASSIGNED_CONTEXT ( ( #2104, #676, #668 ) ) REPRESENTATION_CONTEXT ( 'NONE', 'WORKASPACE' ) );
#1275 = CARTESIAN_POINT ( 'NONE',  ( 1.284999999999999500, 0.5000000000000000000, 0.5000000000000001100 ) ) ;
#1276 = EDGE_CURVE ( 'NONE', #512, #1630, #2458, .T. ) ;
#1277 = VECTOR ( 'NONE', #2456, 1000.000000000000000 ) ;
#1278 = ADVANCED_FACE ( 'NONE', ( #1408 ), #1259, .F. ) ;
#1279 = ORIENTED_EDGE ( 'NONE', *, *, #575, .F. ) ;
#1280 = CARTESIAN_POINT ( 'NONE',  ( -1.599999999999999900, 0.01499999999999998600, -0.5000000000000000000 ) ) ;
#1281 = LINE ( 'NONE', #2377, #1315 ) ;
#1282 = DIRECTION ( 'NONE',  ( 0.0000000000000000000, 1.000000000000000000, 0.0000000000000000000 ) ) ;
#1283 = DIRECTION ( 'NONE',  ( 1.000000000000000000, 0.0000000000000000000, 0.0000000000000000000 ) ) ;
#1284 = VECTOR ( 'NONE', #236, 1000.000000000000000 ) ;
#1285 = CLOSED_SHELL ( 'NONE', ( #1743, #1339, #90, #1477 ) ) ;
#1286 = ORIENTED_EDGE ( 'NONE', *, *, #1410, .T. ) ;
#1287 = FACE_OUTER_BOUND ( 'NONE', #2366, .T. ) ;
#1288 = CARTESIAN_POINT ( 'NONE',  ( -0.8900000000000007900, 1.119326325195383300, 0.4990000000000001100 ) ) ;
#1289 = ORIENTED_EDGE ( 'NONE', *, *, #1276, .T. ) ;
#1290 = ORIENTED_EDGE ( 'NONE', *, *, #2211, .F. ) ;
#1291 = DIRECTION ( 'NONE',  ( -1.000000000000000000, -0.0000000000000000000, -0.0000000000000000000 ) ) ;
#1292 = CARTESIAN_POINT ( 'NONE',  ( -1.599999999999999900, -0.4304772721475256200, -0.5000000000000000000 ) ) ;
#1293 = EDGE_LOOP ( 'NONE', ( #179, #2256, #2383, #306 ) ) ;
#1294 = PLANE ( 'NONE',  #1528 ) ;
#1295 = AXIS2_PLACEMENT_3D ( 'NONE', #168, #2583, #759 ) ;
#1296 = EDGE_CURVE ( 'NONE', #243, #1298, #1605, .T. ) ;
#1297 = DIRECTION ( 'NONE',  ( -0.0000000000000000000, 1.000000000000000000, -0.0000000000000000000 ) ) ;
#1298 = VERTEX_POINT ( 'NONE', #1335 ) ;
#1299 = DIRECTION ( 'NONE',  ( -1.000000000000000000, 0.0000000000000000000, 0.0000000000000000000 ) ) ;
#1300 = VERTEX_POINT ( 'NONE', #728 ) ;
#1301 = LINE ( 'NONE', #1721, #162 ) ;
#1302 = CLOSED_SHELL ( 'NONE', ( #925, #519, #1644, #146, #562, #131, #2554, #765, #1122, #1105, #1540, #371, #840 ) ) ;
#1303 =( GEOMETRIC_REPRESENTATION_CONTEXT ( 3 ) GLOBAL_UNCERTAINTY_ASSIGNED_CONTEXT ( ( #763 ) ) GLOBAL_UNIT_ASSIGNED_CONTEXT ( ( #891, #2292, #290 ) ) REPRESENTATION_CONTEXT ( 'NONE', 'WORKASPACE' ) );
#1304 = VERTEX_POINT ( 'NONE', #1748 ) ;
#1305 = CARTESIAN_POINT ( 'NONE',  ( 1.299999999999999800, -1.280624847486569800, -0.5000000000000001100 ) ) ;
#1306 = STYLED_ITEM ( 'NONE', ( #1102 ), #220 ) ;
#1307 = ORIENTED_EDGE ( 'NONE', *, *, #2124, .T. ) ;
#1308 = PLANE ( 'NONE',  #1295 ) ;
#1309 = DIRECTION ( 'NONE',  ( -1.000000000000000000, 0.0000000000000000000, 0.0000000000000000000 ) ) ;
#1310 = DIRECTION ( 'NONE',  ( -0.0000000000000000000, -0.0000000000000000000, -1.000000000000000000 ) ) ;
#1311 = EDGE_CURVE ( 'NONE', #2176, #2542, #1913, .T. ) ;
#1312 = LINE ( 'NONE', #526, #1761 ) ;
#1313 = FACE_OUTER_BOUND ( 'NONE', #1920, .T. ) ;
#1314 = CARTESIAN_POINT ( 'NONE',  ( -1.040000000000000700, 0.0000000000000000000, -0.5000000000000001100 ) ) ;
#1315 = VECTOR ( 'NONE', #386, 1000.000000000000000 ) ;
#1316 = ORIENTED_EDGE ( 'NONE', *, *, #16, .F. ) ;
#1317 = LINE ( 'NONE', #1057, #1577 ) ;
#1318 = CARTESIAN_POINT ( 'NONE',  ( -1.010000000000000200, 0.4849999999999999900, -0.5000000000000001100 ) ) ;
#1319 = DIRECTION ( 'NONE',  ( -1.000000000000000000, -0.0000000000000000000, -0.0000000000000000000 ) ) ;
#1320 = EDGE_LOOP ( 'NONE', ( #1179, #1541, #191, #2432, #2231, #1093, #2016, #2309 ) ) ;
#1321 = DIRECTION ( 'NONE',  ( 1.000000000000000000, 0.0000000000000000000, -0.0000000000000000000 ) ) ;
#1322 = VECTOR ( 'NONE', #747, 1000.000000000000000 ) ;
#1323 = VERTEX_POINT ( 'NONE', #1909 ) ;
#1324 = AXIS2_PLACEMENT_3D ( 'NONE', #1520, #136, #303 ) ;
#1325 = EDGE_CURVE ( 'NONE', #1206, #635, #2489, .T. ) ;
#1326 = ADVANCED_FACE ( 'NONE', ( #17 ), #344, .T. ) ;
#1327 = CARTESIAN_POINT ( 'NONE',  ( -1.010000000000000200, 0.4849999999999999900, -0.5000000000000001100 ) ) ;
#1328 = CARTESIAN_POINT ( 'NONE',  ( 0.3999999999999999700, -1.280624847486569800, 0.5000000000000001100 ) ) ;
#1329 = VECTOR ( 'NONE', #1419, 1000.000000000000000 ) ;
#1330 =( NAMED_UNIT ( * ) SI_UNIT ( $, .STERADIAN. ) SOLID_ANGLE_UNIT ( ) );
#1331 = LINE ( 'NONE', #1108, #273 ) ;
#1332 = DIRECTION ( 'NONE',  ( 0.0000000000000000000, 0.0000000000000000000, 1.000000000000000000 ) ) ;
#1333 = PRESENTATION_STYLE_ASSIGNMENT (( #193 ) ) ;
#1334 = ORIENTED_EDGE ( 'NONE', *, *, #536, .F. ) ;
#1335 = CARTESIAN_POINT ( 'NONE',  ( -1.010000000000000000, 0.4849999999999999900, 0.5000000000000001100 ) ) ;
#1336 = FACE_OUTER_BOUND ( 'NONE', #1351, .T. ) ;
#1337 = MANIFOLD_SOLID_BREP ( 'Boss-Extrude6[2]', #2100 ) ;
#1338 = DIRECTION ( 'NONE',  ( -0.0000000000000000000, 0.0000000000000000000, -1.000000000000000000 ) ) ;
#1339 = ADVANCED_FACE ( 'NONE', ( #1471 ), #224, .T. ) ;
#1340 = DIRECTION ( 'NONE',  ( 0.0000000000000000000, 0.0000000000000000000, -1.000000000000000000 ) ) ;
#1341 = VECTOR ( 'NONE', #1183, 1000.000000000000000 ) ;
#1342 = EDGE_CURVE ( 'NONE', #2220, #1984, #1821, .T. ) ;
#1343 = FACE_OUTER_BOUND ( 'NONE', #1256, .T. ) ;
#1344 = PLANE ( 'NONE',  #743 ) ;
#1345 = AXIS2_PLACEMENT_3D ( 'NONE', #144, #955, #355 ) ;
#1346 = CARTESIAN_POINT ( 'NONE',  ( -1.299999999999999800, 0.0000000000000000000, 0.5000000000000001100 ) ) ;
#1347 = EDGE_CURVE ( 'NONE', #2451, #1300, #1508, .T. ) ;
#1348 = PRESENTATION_STYLE_ASSIGNMENT (( #693 ) ) ;
#1349 = DIRECTION ( 'NONE',  ( 0.0000000000000000000, -1.000000000000000000, 0.0000000000000000000 ) ) ;
#1350 = FACE_OUTER_BOUND ( 'NONE', #744, .T. ) ;
#1351 = EDGE_LOOP ( 'NONE', ( #1849, #1681, #299, #1623, #477, #555 ) ) ;
#1352 = LINE ( 'NONE', #922, #2428 ) ;
#1353 = CARTESIAN_POINT ( 'NONE',  ( -1.284999999999999500, 0.01499999999999998600, -0.5000000000000001100 ) ) ;
#1354 = ORIENTED_EDGE ( 'NONE', *, *, #2201, .F. ) ;
#1355 = CYLINDRICAL_SURFACE ( 'NONE', #1460, 0.3000000000000005400 ) ;
#1356 =( LENGTH_UNIT ( ) NAMED_UNIT ( * ) SI_UNIT ( .MILLI., .METRE. ) );
#1357 = ADVANCED_FACE ( 'NONE', ( #137, #1858 ), #524, .T. ) ;
#1358 = CARTESIAN_POINT ( 'NONE',  ( 1.000000000000000000, 0.5000000000000000000, -0.5000000000000000000 ) ) ;
#1359 = ORIENTED_EDGE ( 'NONE', *, *, #223, .T. ) ;
#1360 = DIRECTION ( 'NONE',  ( -1.000000000000000000, -0.0000000000000000000, -0.0000000000000000000 ) ) ;
#1361 = PLANE ( 'NONE',  #2434 ) ;
#1362 = EDGE_LOOP ( 'NONE', ( #2515, #1562, #433, #2024 ) ) ;
#1363 = CARTESIAN_POINT ( 'NONE',  ( -0.4000000000000000800, 0.0000000000000000000, 0.5000000000000001100 ) ) ;
#1364 = DIRECTION ( 'NONE',  ( -0.0000000000000000000, 1.000000000000000000, -0.0000000000000000000 ) ) ;
#1365 = STYLED_ITEM ( 'NONE', ( #1348 ), #1337 ) ;
#1366 = EDGE_CURVE ( 'NONE', #1949, #2109, #932, .T. ) ;
#1367 = DIRECTION ( 'NONE',  ( 1.000000000000000000, -0.0000000000000000000, 0.0000000000000000000 ) ) ;
#1368 = ORIENTED_EDGE ( 'NONE', *, *, #1672, .F. ) ;
#1369 = CARTESIAN_POINT ( 'NONE',  ( -0.4000000000000000800, -1.280624847486569800, 0.5000000000000001100 ) ) ;
#1370 = ORIENTED_EDGE ( 'NONE', *, *, #325, .F. ) ;
#1371 = ADVANCED_FACE ( 'NONE', ( #964 ), #2328, .F. ) ;
#1372 = CARTESIAN_POINT ( 'NONE',  ( -1.599999999999999900, 0.5000000000000000000, 0.1999999999999994300 ) ) ;
#1373 = CIRCLE ( 'NONE', #226, 0.3150000000000003900 ) ;
#1374 = VERTEX_POINT ( 'NONE', #1712 ) ;
#1375 = ORIENTED_EDGE ( 'NONE', *, *, #854, .F. ) ;
#1376 = CARTESIAN_POINT ( 'NONE',  ( 1.299999999999999400, 4.352610922848041900, -0.5000000000000001100 ) ) ;
#1377 = DIRECTION ( 'NONE',  ( -1.000000000000000000, -0.0000000000000000000, -0.0000000000000000000 ) ) ;
#1378 = LINE ( 'NONE', #1561, #1565 ) ;
#1379 = EDGE_CURVE ( 'NONE', #1435, #259, #2137, .T. ) ;
#1380 = VECTOR ( 'NONE', #807, 1000.000000000000000 ) ;
#1381 = EDGE_CURVE ( 'NONE', #2158, #1434, #786, .T. ) ;
#1382 = ORIENTED_EDGE ( 'NONE', *, *, #2362, .T. ) ;
#1383 = DIRECTION ( 'NONE',  ( -1.000000000000000000, 0.0000000000000000000, 0.0000000000000000000 ) ) ;
#1384 = ORIENTED_EDGE ( 'NONE', *, *, #1652, .F. ) ;
#1385 = VECTOR ( 'NONE', #1134, 1000.000000000000000 ) ;
#1386 =( NAMED_UNIT ( * ) PLANE_ANGLE_UNIT ( ) SI_UNIT ( $, .RADIAN. ) );
#1387 = VERTEX_POINT ( 'NONE', #1346 ) ;
#1388 = CARTESIAN_POINT ( 'NONE',  ( -0.8900000000000007900, 0.06499999999999994700, 0.4990000000000001100 ) ) ;
#1389 = AXIS2_PLACEMENT_3D ( 'NONE', #664, #867, #2067 ) ;
#1390 = CARTESIAN_POINT ( 'NONE',  ( -1.599999999999999900, -0.6760770861575040600, 0.5000000000000000000 ) ) ;
#1391 = EDGE_CURVE ( 'NONE', #1610, #2566, #468, .T. ) ;
#1392 = CARTESIAN_POINT ( 'NONE',  ( -1.010000000000000000, 0.4500000000000000100, -0.2989999999999999900 ) ) ;
#1393 = AXIS2_PLACEMENT_3D ( 'NONE', #1273, #660, #1679 ) ;
#1394 = LINE ( 'NONE', #729, #1655 ) ;
#1395 = VERTEX_POINT ( 'NONE', #2346 ) ;
#1396 = EDGE_CURVE ( 'NONE', #2322, #1710, #1281, .T. ) ;
#1397 = APPLICATION_CONTEXT ( 'automotive_design' ) ;
#1398 = CARTESIAN_POINT ( 'NONE',  ( -1.010000000000000000, 0.4500000000000000100, 0.4990000000000000000 ) ) ;
#1399 = CYLINDRICAL_SURFACE ( 'NONE', #1604, 0.3150000000000003900 ) ;
#1400 = ORIENTED_EDGE ( 'NONE', *, *, #1075, .F. ) ;
#1401 = FACE_OUTER_BOUND ( 'NONE', #62, .T. ) ;
#1402 = ORIENTED_EDGE ( 'NONE', *, *, #854, .T. ) ;
#1403 = DIRECTION ( 'NONE',  ( 0.0000000000000000000, 1.000000000000000000, 0.0000000000000000000 ) ) ;
#1404 = FACE_OUTER_BOUND ( 'NONE', #814, .T. ) ;
#1405 = FILL_AREA_STYLE ('',( #392 ) ) ;
#1406 = FACE_OUTER_BOUND ( 'NONE', #454, .T. ) ;
#1407 = CARTESIAN_POINT ( 'NONE',  ( -0.8900000000000007900, 0.06500000000000000200, -0.4990000000000001100 ) ) ;
#1408 = FACE_OUTER_BOUND ( 'NONE', #1252, .T. ) ;
#1409 = CARTESIAN_POINT ( 'NONE',  ( -1.010000000000000000, 0.5000000000000000000, 0.2989999999999999900 ) ) ;
#1410 = EDGE_CURVE ( 'NONE', #1741, #1893, #907, .T. ) ;
#1411 = LINE ( 'NONE', #1850, #350 ) ;
#1412 = ORIENTED_EDGE ( 'NONE', *, *, #505, .T. ) ;
#1413 = CIRCLE ( 'NONE', #582, 0.3150000000000003900 ) ;
#1414 = DIRECTION ( 'NONE',  ( -0.0000000000000000000, -1.000000000000000000, -0.0000000000000000000 ) ) ;
#1415 = ORIENTED_EDGE ( 'NONE', *, *, #183, .T. ) ;
#1416 = LINE ( 'NONE', #1716, #1989 ) ;
#1417 = DIRECTION ( 'NONE',  ( 0.0000000000000000000, 1.000000000000000000, 0.0000000000000000000 ) ) ;
#1418 = VERTEX_POINT ( 'NONE', #1358 ) ;
#1419 = DIRECTION ( 'NONE',  ( -1.000000000000000000, 0.0000000000000000000, 0.0000000000000000000 ) ) ;
#1420 = ORIENTED_EDGE ( 'NONE', *, *, #2089, .T. ) ;
#1421 = CARTESIAN_POINT ( 'NONE',  ( 1.599999999999999900, 0.4850000000000001000, -0.1849999999999995500 ) ) ;
#1422 = DIRECTION ( 'NONE',  ( -0.0000000000000000000, -1.000000000000000000, -0.0000000000000000000 ) ) ;
#1423 = DIRECTION ( 'NONE',  ( 0.0000000000000000000, 0.0000000000000000000, -1.000000000000000000 ) ) ;
#1424 = EDGE_CURVE ( 'NONE', #1257, #2082, #379, .T. ) ;
#1425 = DIRECTION ( 'NONE',  ( 0.0000000000000000000, -0.0000000000000000000, 1.000000000000000000 ) ) ;
#1426 = CARTESIAN_POINT ( 'NONE',  ( 1.599999999999999900, -0.4304772721475256200, -0.1849999999999995500 ) ) ;
#1427 = ORIENTED_EDGE ( 'NONE', *, *, #699, .F. ) ;
#1428 = ORIENTED_EDGE ( 'NONE', *, *, #837, .T. ) ;
#1429 = VECTOR ( 'NONE', #510, 1000.000000000000000 ) ;
#1430 = EDGE_CURVE ( 'NONE', #493, #2047, #255, .T. ) ;
#1431 = CARTESIAN_POINT ( 'NONE',  ( -1.010000000000000000, 0.5000000000000000000, -0.2989999999999999900 ) ) ;
#1432 = VERTEX_POINT ( 'NONE', #2199 ) ;
#1433 = CARTESIAN_POINT ( 'NONE',  ( -1.599999999999999900, 0.01499999999999998600, 0.1849999999999995500 ) ) ;
#1434 = VERTEX_POINT ( 'NONE', #186 ) ;
#1435 = VERTEX_POINT ( 'NONE', #751 ) ;
#1436 = CARTESIAN_POINT ( 'NONE',  ( -1.010000000000000000, 0.4500000000000000100, -0.4990000000000000000 ) ) ;
#1437 = ORIENTED_EDGE ( 'NONE', *, *, #2057, .F. ) ;
#1438 = CARTESIAN_POINT ( 'NONE',  ( 1.284999999999999500, 0.4849999999999999900, -0.5000000000000001100 ) ) ;
#1439 = LINE ( 'NONE', #610, #2394 ) ;
#1440 = ADVANCED_FACE ( 'NONE', ( #2300 ), #1775, .F. ) ;
#1441 = DIRECTION ( 'NONE',  ( -1.000000000000000000, 0.0000000000000000000, 0.0000000000000000000 ) ) ;
#1442 =( GEOMETRIC_REPRESENTATION_CONTEXT ( 3 ) GLOBAL_UNCERTAINTY_ASSIGNED_CONTEXT ( ( #1138 ) ) GLOBAL_UNIT_ASSIGNED_CONTEXT ( ( #897, #1386, #1330 ) ) REPRESENTATION_CONTEXT ( 'NONE', 'WORKASPACE' ) );
#1443 = CARTESIAN_POINT ( 'NONE',  ( 1.284999999999999500, -0.4304772721475256200, 0.4999999999999998900 ) ) ;
#1444 = EDGE_CURVE ( 'NONE', #1717, #322, #1793, .T. ) ;
#1445 = DIRECTION ( 'NONE',  ( -0.0000000000000000000, 1.000000000000000000, -0.0000000000000000000 ) ) ;
#1446 = CARTESIAN_POINT ( 'NONE',  ( 1.599999999999999900, 0.01499999999999998600, -0.5000000000000000000 ) ) ;
#1447 = AXIS2_PLACEMENT_3D ( 'NONE', #1852, #830, #2255 ) ;
#1448 = ORIENTED_EDGE ( 'NONE', *, *, #342, .F. ) ;
#1449 = EDGE_CURVE ( 'NONE', #2332, #1239, #1184, .T. ) ;
#1450 = ORIENTED_EDGE ( 'NONE', *, *, #738, .F. ) ;
#1451 = VECTOR ( 'NONE', #165, 1000.000000000000000 ) ;
#1452 = CARTESIAN_POINT ( 'NONE',  ( -1.010000000000000000, -0.3746211251235321800, -0.2989999999999999900 ) ) ;
#1453 = CARTESIAN_POINT ( 'NONE',  ( -1.010000000000000000, -0.3746211251235321800, -0.2989999999999999900 ) ) ;
#1454 = ORIENTED_EDGE ( 'NONE', *, *, #620, .F. ) ;
#1455 = DIRECTION ( 'NONE',  ( -1.000000000000000000, -0.0000000000000000000, -0.0000000000000000000 ) ) ;
#1456 = DIRECTION ( 'NONE',  ( 0.0000000000000000000, 1.000000000000000000, 0.0000000000000000000 ) ) ;
#1457 = ORIENTED_EDGE ( 'NONE', *, *, #1754, .F. ) ;
#1458 = VERTEX_POINT ( 'NONE', #1963 ) ;
#1459 = DIRECTION ( 'NONE',  ( 1.000000000000000000, 0.0000000000000000000, 0.0000000000000000000 ) ) ;
#1460 = AXIS2_PLACEMENT_3D ( 'NONE', #1563, #1537, #157 ) ;
#1461 = FACE_BOUND ( 'NONE', #81, .T. ) ;
#1462 = EDGE_CURVE ( 'NONE', #2047, #1968, #2327, .T. ) ;
#1463 = FACE_OUTER_BOUND ( 'NONE', #919, .T. ) ;
#1464 = ADVANCED_FACE ( 'NONE', ( #1571 ), #2596, .T. ) ;
#1465 = EDGE_LOOP ( 'NONE', ( #581, #2196, #2321, #7 ) ) ;
#1466 = PLANE ( 'NONE',  #320 ) ;
#1467 = PLANE ( 'NONE',  #1736 ) ;
#1468 = LINE ( 'NONE', #400, #345 ) ;
#1469 = DIRECTION ( 'NONE',  ( -0.0000000000000000000, 0.0000000000000000000, 1.000000000000000000 ) ) ;
#1470 = VECTOR ( 'NONE', #1985, 1000.000000000000000 ) ;
#1471 = FACE_OUTER_BOUND ( 'NONE', #2376, .T. ) ;
#1472 = CARTESIAN_POINT ( 'NONE',  ( -1.599999999999999900, 0.01499999999999998600, 0.1849999999999995500 ) ) ;
#1473 = CARTESIAN_POINT ( 'NONE',  ( -0.4000000000000000800, -1.280624847486569800, -0.5000000000000001100 ) ) ;
#1474 = LINE ( 'NONE', #1073, #2240 ) ;
#1475 = ORIENTED_EDGE ( 'NONE', *, *, #2089, .F. ) ;
#1476 = FACE_OUTER_BOUND ( 'NONE', #2184, .T. ) ;
#1477 = ADVANCED_FACE ( 'NONE', ( #1313 ), #1157, .F. ) ;
#1478 = EDGE_CURVE ( 'NONE', #249, #1206, #135, .T. ) ;
#1479 = ORIENTED_EDGE ( 'NONE', *, *, #1242, .F. ) ;
#1480 = EDGE_LOOP ( 'NONE', ( #387, #445, #1596, #1735 ) ) ;
#1481 = LINE ( 'NONE', #1185, #940 ) ;
#1482 = CARTESIAN_POINT ( 'NONE',  ( 1.284999999999999500, -0.4304772721475256200, -0.5000000000000001100 ) ) ;
#1483 = AXIS2_PLACEMENT_3D ( 'NONE', #2358, #1140, #2549 ) ;
#1484 = ORIENTED_EDGE ( 'NONE', *, *, #391, .F. ) ;
#1485 = ORIENTED_EDGE ( 'NONE', *, *, #720, .T. ) ;
#1486 = EDGE_CURVE ( 'NONE', #1144, #506, #1912, .T. ) ;
#1487 = ORIENTED_EDGE ( 'NONE', *, *, #604, .T. ) ;
#1488 = DIRECTION ( 'NONE',  ( 0.0000000000000000000, 1.000000000000000000, 0.0000000000000000000 ) ) ;
#1489 = DIRECTION ( 'NONE',  ( 0.0000000000000000000, 1.000000000000000000, 0.0000000000000000000 ) ) ;
#1490 = ORIENTED_EDGE ( 'NONE', *, *, #1024, .T. ) ;
#1491 = DIRECTION ( 'NONE',  ( -0.0000000000000000000, 1.000000000000000000, -0.0000000000000000000 ) ) ;
#1492 = EDGE_LOOP ( 'NONE', ( #1997, #1692, #1195, #1145, #1359, #231, #1863, #614 ) ) ;
#1493 = VECTOR ( 'NONE', #269, 1000.000000000000000 ) ;
#1494 = ORIENTED_EDGE ( 'NONE', *, *, #403, .T. ) ;
#1495 = DIRECTION ( 'NONE',  ( -2.168404344971008400E-016, 0.0000000000000000000, 1.000000000000000000 ) ) ;
#1496 = AXIS2_PLACEMENT_3D ( 'NONE', #2555, #1299, #154 ) ;
#1497 = DIRECTION ( 'NONE',  ( 0.0000000000000000000, 1.000000000000000000, 0.0000000000000000000 ) ) ;
#1498 = ORIENTED_EDGE ( 'NONE', *, *, #1514, .T. ) ;
#1499 = CARTESIAN_POINT ( 'NONE',  ( 1.600000000000000300, 0.0000000000000000000, -0.1999999999999994300 ) ) ;
#1500 = EDGE_CURVE ( 'NONE', #1046, #1657, #1636, .T. ) ;
#1501 = VERTEX_POINT ( 'NONE', #1569 ) ;
#1502 = ADVANCED_BREP_SHAPE_REPRESENTATION ( 'HSMG-C110', ( #1616, #1253, #408, #301, #220, #1337, #1697, #1970, #680 ), #556 ) ;
#1503 = DIRECTION ( 'NONE',  ( -0.0000000000000000000, -1.000000000000000000, -0.0000000000000000000 ) ) ;
#1504 = VECTOR ( 'NONE', #338, 1000.000000000000000 ) ;
#1505 = LINE ( 'NONE', #1398, #2553 ) ;
#1506 = CARTESIAN_POINT ( 'NONE',  ( -0.2100000000000000200, 0.5000000000000000000, -0.2989999999999999900 ) ) ;
#1507 = CARTESIAN_POINT ( 'NONE',  ( 1.000000000000000000, 0.5000000000000000000, 2.736067977499789400 ) ) ;
#1508 = CIRCLE ( 'NONE', #2361, 0.3000000000000005400 ) ;
#1509 = ORIENTED_EDGE ( 'NONE', *, *, #2504, .F. ) ;
#1510 = LINE ( 'NONE', #2059, #1094 ) ;
#1511 = DIRECTION ( 'NONE',  ( -0.0000000000000000000, -0.0000000000000000000, -1.000000000000000000 ) ) ;
#1512 = EDGE_LOOP ( 'NONE', ( #1904, #1953, #1892, #95, #1080, #1229, #1104, #2080 ) ) ;
#1513 = LINE ( 'NONE', #1609, #1986 ) ;
#1514 = EDGE_CURVE ( 'NONE', #656, #2054, #15, .T. ) ;
#1515 = DIRECTION ( 'NONE',  ( 1.000000000000000000, 0.0000000000000000000, 0.0000000000000000000 ) ) ;
#1516 = ADVANCED_FACE ( 'NONE', ( #522 ), #2207, .F. ) ;
#1517 = ORIENTED_EDGE ( 'NONE', *, *, #699, .T. ) ;
#1518 =( NAMED_UNIT ( * ) SI_UNIT ( $, .STERADIAN. ) SOLID_ANGLE_UNIT ( ) );
#1519 = EDGE_CURVE ( 'NONE', #385, #2586, #438, .T. ) ;
#1520 = CARTESIAN_POINT ( 'NONE',  ( 1.599999999999999900, 0.01499999999999998600, 0.5000000000000000000 ) ) ;
#1521 = PLANE ( 'NONE',  #1207 ) ;
#1522 = ORIENTED_EDGE ( 'NONE', *, *, #183, .F. ) ;
#1523 = CARTESIAN_POINT ( 'NONE',  ( -1.599999999999999900, 0.4850000000000001000, -0.5000000000000000000 ) ) ;
#1524 = ORIENTED_EDGE ( 'NONE', *, *, #1955, .T. ) ;
#1525 = VECTOR ( 'NONE', #511, 1000.000000000000000 ) ;
#1526 = LINE ( 'NONE', #343, #861 ) ;
#1527 = ORIENTED_EDGE ( 'NONE', *, *, #2021, .F. ) ;
#1528 = AXIS2_PLACEMENT_3D ( 'NONE', #1107, #108, #1706 ) ;
#1529 = ADVANCED_FACE ( 'NONE', ( #2172 ), #398, .T. ) ;
#1530 = CARTESIAN_POINT ( 'NONE',  ( -1.010000000000000000, 0.5000000000000000000, -0.2989999999999999900 ) ) ;
#1531 = LINE ( 'NONE', #879, #1939 ) ;
#1532 = EDGE_CURVE ( 'NONE', #1678, #704, #2072, .T. ) ;
#1533 = DIRECTION ( 'NONE',  ( 0.0000000000000000000, 0.0000000000000000000, 1.000000000000000000 ) ) ;
#1534 = CARTESIAN_POINT ( 'NONE',  ( -1.010000000000000000, 0.4500000000000000100, -0.2989999999999999900 ) ) ;
#1535 = EDGE_CURVE ( 'NONE', #1418, #717, #2457, .T. ) ;
#1536 = FACE_OUTER_BOUND ( 'NONE', #1465, .T. ) ;
#1537 = DIRECTION ( 'NONE',  ( -0.0000000000000000000, 1.000000000000000000, -0.0000000000000000000 ) ) ;
#1538 = CARTESIAN_POINT ( 'NONE',  ( -1.010000000000000000, 0.4500000000000000100, -0.4990000000000000000 ) ) ;
#1539 = LINE ( 'NONE', #1928, #291 ) ;
#1540 = ADVANCED_FACE ( 'NONE', ( #1536 ), #1633, .T. ) ;
#1541 = ORIENTED_EDGE ( 'NONE', *, *, #804, .F. ) ;
#1542 = CIRCLE ( 'NONE', #1249, 0.3000000000000005400 ) ;
#1543 = DIRECTION ( 'NONE',  ( -1.000000000000000000, -0.0000000000000000000, -0.0000000000000000000 ) ) ;
#1544 = DIRECTION ( 'NONE',  ( -1.000000000000000000, 0.0000000000000000000, -0.0000000000000000000 ) ) ;
#1545 = VERTEX_POINT ( 'NONE', #1957 ) ;
#1546 = DIRECTION ( 'NONE',  ( 0.0000000000000000000, 0.0000000000000000000, -1.000000000000000000 ) ) ;
#1547 = VECTOR ( 'NONE', #1785, 1000.000000000000000 ) ;
#1548 = DIRECTION ( 'NONE',  ( -0.0000000000000000000, 1.000000000000000000, -0.0000000000000000000 ) ) ;
#1549 = ORIENTED_EDGE ( 'NONE', *, *, #1724, .T. ) ;
#1550 = AXIS2_PLACEMENT_3D ( 'NONE', #1813, #1414, #2291 ) ;
#1551 = EDGE_LOOP ( 'NONE', ( #1612, #2525, #2288, #472 ) ) ;
#1552 = EDGE_CURVE ( 'NONE', #1678, #889, #994, .T. ) ;
#1553 = DIRECTION ( 'NONE',  ( 1.000000000000000000, -0.0000000000000000000, 0.0000000000000000000 ) ) ;
#1554 = CARTESIAN_POINT ( 'NONE',  ( -1.599999999999999900, 0.4850000000000001000, 0.1849999999999995500 ) ) ;
#1555 = ORIENTED_EDGE ( 'NONE', *, *, #1709, .F. ) ;
#1556 = COLOUR_RGB ( '',0.7921568627450980000, 0.8196078431372548800, 0.9333333333333333500 ) ;
#1557 = CARTESIAN_POINT ( 'NONE',  ( -0.4000000000000000800, 0.01499999999999999900, 0.5000000000000001100 ) ) ;
#1558 = DIRECTION ( 'NONE',  ( 1.000000000000000000, 0.0000000000000000000, -0.0000000000000000000 ) ) ;
#1559 = LINE ( 'NONE', #1869, #39 ) ;
#1560 = EDGE_LOOP ( 'NONE', ( #812, #681, #593, #509 ) ) ;
#1561 = CARTESIAN_POINT ( 'NONE',  ( -1.010000000000000000, 0.4500000000000000100, -0.2989999999999999900 ) ) ;
#1562 = ORIENTED_EDGE ( 'NONE', *, *, #498, .T. ) ;
#1563 = CARTESIAN_POINT ( 'NONE',  ( 1.600000000000000300, -1.280624847486569800, 0.5000000000000000000 ) ) ;
#1564 = EDGE_LOOP ( 'NONE', ( #1767, #2077, #1149, #1050 ) ) ;
#1565 = VECTOR ( 'NONE', #730, 1000.000000000000000 ) ;
#1566 = DIRECTION ( 'NONE',  ( -2.168404344971008400E-016, 0.0000000000000000000, 1.000000000000000000 ) ) ;
#1567 = AXIS2_PLACEMENT_3D ( 'NONE', #1151, #929, #1546 ) ;
#1568 = ADVANCED_FACE ( 'NONE', ( #198 ), #1606, .T. ) ;
#1569 = CARTESIAN_POINT ( 'NONE',  ( -0.5500000000000001600, 0.06500000000000000200, -0.4990000000000001100 ) ) ;
#1570 = EDGE_CURVE ( 'NONE', #2542, #2340, #2267, .T. ) ;
#1571 = FACE_OUTER_BOUND ( 'NONE', #777, .T. ) ;
#1572 = CARTESIAN_POINT ( 'NONE',  ( -1.010000000000000000, 0.4850000000000000400, 0.4990000000000000000 ) ) ;
#1573 = CARTESIAN_POINT ( 'NONE',  ( 0.3999999999999999700, 0.0000000000000000000, -0.5000000000000001100 ) ) ;
#1574 = PRESENTATION_STYLE_ASSIGNMENT (( #1894 ) ) ;
#1575 = CARTESIAN_POINT ( 'NONE',  ( -1.299999999999999400, -0.6760770861575040600, -0.5000000000000001100 ) ) ;
#1576 = VERTEX_POINT ( 'NONE', #1832 ) ;
#1577 = VECTOR ( 'NONE', #252, 1000.000000000000000 ) ;
#1578 = DIRECTION ( 'NONE',  ( 1.000000000000000000, 0.0000000000000000000, 0.0000000000000000000 ) ) ;
#1579 = ORIENTED_EDGE ( 'NONE', *, *, #2249, .F. ) ;
#1580 = ORIENTED_EDGE ( 'NONE', *, *, #2106, .T. ) ;
#1581 = LINE ( 'NONE', #2023, #1547 ) ;
#1582 = DIRECTION ( 'NONE',  ( 0.0000000000000000000, -0.0000000000000000000, 1.000000000000000000 ) ) ;
#1583 = ORIENTED_EDGE ( 'NONE', *, *, #2484, .T. ) ;
#1584 = EDGE_CURVE ( 'NONE', #1432, #1501, #708, .T. ) ;
#1585 = DIRECTION ( 'NONE',  ( 0.0000000000000000000, -0.0000000000000000000, 1.000000000000000000 ) ) ;
#1586 = AXIS2_PLACEMENT_3D ( 'NONE', #868, #2443, #1230 ) ;
#1587 = EDGE_CURVE ( 'NONE', #1648, #1139, #1664, .T. ) ;
#1588 = APPLICATION_PROTOCOL_DEFINITION ( 'draft international standard', 'automotive_design', 1998, #1198 ) ;
#1589 = DIRECTION ( 'NONE',  ( 0.0000000000000000000, 0.0000000000000000000, 1.000000000000000000 ) ) ;
#1590 = EDGE_LOOP ( 'NONE', ( #1631, #896, #528, #1083 ) ) ;
#1591 = CARTESIAN_POINT ( 'NONE',  ( 1.299999999999999400, 0.5000000000000000000, -0.5000000000000001100 ) ) ;
#1592 = ORIENTED_EDGE ( 'NONE', *, *, #1887, .F. ) ;
#1593 = CARTESIAN_POINT ( 'NONE',  ( -0.8900000000000007900, 0.01499999999999999900, -0.4990000000000001100 ) ) ;
#1594 = FACE_OUTER_BOUND ( 'NONE', #1163, .T. ) ;
#1595 = LINE ( 'NONE', #1538, #639 ) ;
#1596 = ORIENTED_EDGE ( 'NONE', *, *, #1689, .T. ) ;
#1597 = PRODUCT_CONTEXT ( 'NONE', #1397, 'mechanical' ) ;
#1598 = CARTESIAN_POINT ( 'NONE',  ( -1.010000000000000200, -0.6760770861575040600, -0.5000000000000001100 ) ) ;
#1599 = SURFACE_STYLE_USAGE ( .BOTH. , #983 ) ;
#1600 = AXIS2_PLACEMENT_3D ( 'NONE', #1815, #9, #210 ) ;
#1601 = CARTESIAN_POINT ( 'NONE',  ( -1.599999999999999900, -0.6760770861575040600, -0.5000000000000000000 ) ) ;
#1602 = EDGE_CURVE ( 'NONE', #243, #2340, #466, .T. ) ;
#1603 = VECTOR ( 'NONE', #961, 1000.000000000000000 ) ;
#1604 = AXIS2_PLACEMENT_3D ( 'NONE', #160, #376, #572 ) ;
#1605 = LINE ( 'NONE', #1327, #2522 ) ;
#1606 = PLANE ( 'NONE',  #1898 ) ;
#1607 = FACE_OUTER_BOUND ( 'NONE', #1082, .T. ) ;
#1608 = ORIENTED_EDGE ( 'NONE', *, *, #1204, .T. ) ;
#1609 = CARTESIAN_POINT ( 'NONE',  ( -1.284999999999999500, -0.4304772721475256200, 0.5000000000000001100 ) ) ;
#1610 = VERTEX_POINT ( 'NONE', #1622 ) ;
#1611 = LINE ( 'NONE', #1618, #2081 ) ;
#1612 = ORIENTED_EDGE ( 'NONE', *, *, #970, .T. ) ;
#1613 = DIRECTION ( 'NONE',  ( 0.0000000000000000000, 1.000000000000000000, 0.0000000000000000000 ) ) ;
#1614 = DIRECTION ( 'NONE',  ( 0.0000000000000000000, 0.0000000000000000000, 1.000000000000000000 ) ) ;
#1615 = CLOSED_SHELL ( 'NONE', ( #1137, #2539, #1923, #1962, #321, #855 ) ) ;
#1616 = MANIFOLD_SOLID_BREP ( 'Boss-Extrude2', #1285 ) ;
#1617 = EDGE_CURVE ( 'NONE', #1969, #2050, #1505, .T. ) ;
#1618 = CARTESIAN_POINT ( 'NONE',  ( -1.000000000000000000, 0.5000000000000000000, 0.5000000000000000000 ) ) ;
#1619 = AXIS2_PLACEMENT_3D ( 'NONE', #2349, #346, #1750 ) ;
#1620 = EDGE_CURVE ( 'NONE', #1063, #1969, #839, .T. ) ;
#1621 = CARTESIAN_POINT ( 'NONE',  ( 1.599999999999999900, 0.01499999999999998600, 0.5000000000000000000 ) ) ;
#1622 = CARTESIAN_POINT ( 'NONE',  ( -0.8900000000000007900, 0.06499999999999994700, -0.4990000000000001100 ) ) ;
#1623 = ORIENTED_EDGE ( 'NONE', *, *, #1342, .T. ) ;
#1624 = SURFACE_SIDE_STYLE ('',( #2599 ) ) ;
#1625 = CARTESIAN_POINT ( 'NONE',  ( 1.599999999999999900, 0.4849999999999999900, 0.1999999999999994300 ) ) ;
#1626 = LINE ( 'NONE', #851, #491 ) ;
#1627 = ORIENTED_EDGE ( 'NONE', *, *, #1500, .T. ) ;
#1628 = CARTESIAN_POINT ( 'NONE',  ( -0.5500000000000001600, 0.01499999999999999900, 0.4990000000000001100 ) ) ;
#1629 = CARTESIAN_POINT ( 'NONE',  ( -1.010000000000000000, -0.3746211251235321800, 0.4990000000000000000 ) ) ;
#1630 = VERTEX_POINT ( 'NONE', #2043 ) ;
#1631 = ORIENTED_EDGE ( 'NONE', *, *, #2387, .F. ) ;
#1632 = ORIENTED_EDGE ( 'NONE', *, *, #990, .F. ) ;
#1633 = PLANE ( 'NONE',  #2040 ) ;
#1634 = PLANE ( 'NONE',  #1115 ) ;
#1635 = CARTESIAN_POINT ( 'NONE',  ( -1.010000000000000200, 0.4850000000000000400, -0.5000000000000001100 ) ) ;
#1636 = LINE ( 'NONE', #542, #2592 ) ;
#1637 = CARTESIAN_POINT ( 'NONE',  ( -0.2100000000000000200, 0.5000000000000000000, 0.2989999999999999900 ) ) ;
#1638 = EDGE_CURVE ( 'NONE', #2220, #2304, #2238, .T. ) ;
#1639 = FACE_OUTER_BOUND ( 'NONE', #2197, .T. ) ;
#1640 = VERTEX_POINT ( 'NONE', #2417 ) ;
#1641 = CARTESIAN_POINT ( 'NONE',  ( -1.010000000000000200, 0.5000000000000000000, -0.5000000000000001100 ) ) ;
#1642 = ORIENTED_EDGE ( 'NONE', *, *, #691, .T. ) ;
#1643 = LINE ( 'NONE', #1146, #111 ) ;
#1644 = ADVANCED_FACE ( 'NONE', ( #1762, #78 ), #450, .F. ) ;
#1645 = CARTESIAN_POINT ( 'NONE',  ( 0.0000000000000000000, 0.06500000000000000200, 0.0000000000000000000 ) ) ;
#1646 = VERTEX_POINT ( 'NONE', #1822 ) ;
#1647 = ORIENTED_EDGE ( 'NONE', *, *, #804, .T. ) ;
#1648 = VERTEX_POINT ( 'NONE', #1250 ) ;
#1649 = CARTESIAN_POINT ( 'NONE',  ( -0.8900000000000007900, 0.06499999999999994700, 0.4990000000000001100 ) ) ;
#1650 = CARTESIAN_POINT ( 'NONE',  ( -1.599999999999999900, 0.4850000000000000400, -0.5000000000000000000 ) ) ;
#1651 = AXIS2_PLACEMENT_3D ( 'NONE', #1770, #546, #1951 ) ;
#1652 = EDGE_CURVE ( 'NONE', #1432, #912, #1217, .T. ) ;
#1653 = ORIENTED_EDGE ( 'NONE', *, *, #113, .F. ) ;
#1654 = ORIENTED_EDGE ( 'NONE', *, *, #485, .F. ) ;
#1655 = VECTOR ( 'NONE', #1150, 1000.000000000000000 ) ;
#1656 = LINE ( 'NONE', #2363, #2000 ) ;
#1657 = VERTEX_POINT ( 'NONE', #1236 ) ;
#1658 = EDGE_CURVE ( 'NONE', #143, #1101, #169, .T. ) ;
#1659 = DIRECTION ( 'NONE',  ( -2.168404344971008400E-016, 0.0000000000000000000, -1.000000000000000000 ) ) ;
#1660 = ORIENTED_EDGE ( 'NONE', *, *, #1914, .F. ) ;
#1661 = ORIENTED_EDGE ( 'NONE', *, *, #11, .F. ) ;
#1662 = DIRECTION ( 'NONE',  ( 0.0000000000000000000, 0.0000000000000000000, 1.000000000000000000 ) ) ;
#1663 = CARTESIAN_POINT ( 'NONE',  ( -1.010000000000000000, 0.4850000000000000400, 0.5000000000000001100 ) ) ;
#1664 = LINE ( 'NONE', #1388, #962 ) ;
#1665 = MECHANICAL_DESIGN_GEOMETRIC_PRESENTATION_REPRESENTATION (  '', ( #196 ), #1303 ) ;
#1666 = DIRECTION ( 'NONE',  ( -0.0000000000000000000, 1.000000000000000000, -0.0000000000000000000 ) ) ;
#1667 = PLANE ( 'NONE',  #2252 ) ;
#1668 = CARTESIAN_POINT ( 'NONE',  ( -1.010000000000000200, 0.5000000000000000000, -0.5000000000000001100 ) ) ;
#1669 = AXIS2_PLACEMENT_3D ( 'NONE', #286, #2094, #2261 ) ;
#1670 = LINE ( 'NONE', #2441, #80 ) ;
#1671 = ORIENTED_EDGE ( 'NONE', *, *, #22, .F. ) ;
#1672 = EDGE_CURVE ( 'NONE', #833, #612, #1698, .T. ) ;
#1673 = ORIENTED_EDGE ( 'NONE', *, *, #275, .F. ) ;
#1674 = LINE ( 'NONE', #967, #1322 ) ;
#1675 = CARTESIAN_POINT ( 'NONE',  ( -1.010000000000000200, 0.4850000000000000400, -0.5000000000000001100 ) ) ;
#1676 = CARTESIAN_POINT ( 'NONE',  ( -1.010000000000000000, 0.4500000000000000100, -0.2989999999999999900 ) ) ;
#1677 = VERTEX_POINT ( 'NONE', #1641 ) ;
#1678 = VERTEX_POINT ( 'NONE', #1433 ) ;
#1679 = DIRECTION ( 'NONE',  ( 0.0000000000000000000, 0.0000000000000000000, -1.000000000000000000 ) ) ;
#1680 = FILL_AREA_STYLE_COLOUR ( '', #49 ) ;
#1681 = ORIENTED_EDGE ( 'NONE', *, *, #391, .T. ) ;
#1682 = ADVANCED_FACE ( 'NONE', ( #106 ), #48, .F. ) ;
#1683 = DIRECTION ( 'NONE',  ( 0.0000000000000000000, 0.0000000000000000000, 1.000000000000000000 ) ) ;
#1684 = DIRECTION ( 'NONE',  ( 0.0000000000000000000, 0.0000000000000000000, 1.000000000000000000 ) ) ;
#1685 = CARTESIAN_POINT ( 'NONE',  ( -1.599999999999999900, 0.5000000000000000000, -0.1999999999999994300 ) ) ;
#1686 = VERTEX_POINT ( 'NONE', #2460 ) ;
#1687 = VECTOR ( 'NONE', #945, 1000.000000000000000 ) ;
#1688 = CARTESIAN_POINT ( 'NONE',  ( -1.010000000000000000, 0.5000000000000000000, -0.2989999999999999900 ) ) ;
#1689 = EDGE_CURVE ( 'NONE', #596, #175, #785, .T. ) ;
#1690 = DIRECTION ( 'NONE',  ( 0.0000000000000000000, 1.000000000000000000, 0.0000000000000000000 ) ) ;
#1691 = FACE_OUTER_BOUND ( 'NONE', #1133, .T. ) ;
#1692 = ORIENTED_EDGE ( 'NONE', *, *, #1311, .F. ) ;
#1693 = DIRECTION ( 'NONE',  ( 0.0000000000000000000, 1.000000000000000000, 0.0000000000000000000 ) ) ;
#1694 = ORIENTED_EDGE ( 'NONE', *, *, #1173, .T. ) ;
#1695 = CARTESIAN_POINT ( 'NONE',  ( -1.010000000000000000, 0.5000000000000000000, 0.2989999999999999900 ) ) ;
#1696 = FACE_OUTER_BOUND ( 'NONE', #831, .T. ) ;
#1697 = MANIFOLD_SOLID_BREP ( 'Cut-Extrude4', #2354 ) ;
#1698 = LINE ( 'NONE', #1453, #903 ) ;
#1699 = CARTESIAN_POINT ( 'NONE',  ( -1.010000000000000000, 0.4500000000000000100, 0.2989999999999999900 ) ) ;
#1700 = FACE_OUTER_BOUND ( 'NONE', #1293, .T. ) ;
#1701 = EDGE_CURVE ( 'NONE', #608, #2451, #2455, .T. ) ;
#1702 = DIRECTION ( 'NONE',  ( 0.0000000000000000000, -0.0000000000000000000, -1.000000000000000000 ) ) ;
#1703 = ORIENTED_EDGE ( 'NONE', *, *, #1914, .T. ) ;
#1704 = VECTOR ( 'NONE', #266, 1000.000000000000000 ) ;
#1705 = CARTESIAN_POINT ( 'NONE',  ( -1.010000000000000200, 0.5000000000000000000, -0.5000000000000001100 ) ) ;
#1706 = DIRECTION ( 'NONE',  ( 0.0000000000000000000, -0.0000000000000000000, -1.000000000000000000 ) ) ;
#1707 = ORIENTED_EDGE ( 'NONE', *, *, #1940, .F. ) ;
#1708 = ORIENTED_EDGE ( 'NONE', *, *, #570, .T. ) ;
#1709 = EDGE_CURVE ( 'NONE', #1239, #1043, #375, .T. ) ;
#1710 = VERTEX_POINT ( 'NONE', #442 ) ;
#1711 = PLANE ( 'NONE',  #588 ) ;
#1712 = CARTESIAN_POINT ( 'NONE',  ( -1.600000000000000300, 0.01499999999999998600, -0.1849999999999996600 ) ) ;
#1713 = CARTESIAN_POINT ( 'NONE',  ( -1.010000000000000200, 0.5000000000000000000, -0.2989999999999999900 ) ) ;
#1714 = AXIS2_PLACEMENT_3D ( 'NONE', #2212, #1403, #1180 ) ;
#1715 = ORIENTED_EDGE ( 'NONE', *, *, #1532, .T. ) ;
#1716 = CARTESIAN_POINT ( 'NONE',  ( -0.2100000000000000200, 0.4500000000000000100, 0.2989999999999999900 ) ) ;
#1717 = VERTEX_POINT ( 'NONE', #2471 ) ;
#1718 = CARTESIAN_POINT ( 'NONE',  ( 1.040000000000000700, 0.01499999999999999900, -0.5000000000000001100 ) ) ;
#1719 = EDGE_CURVE ( 'NONE', #2158, #385, #2325, .T. ) ;
#1720 = PRESENTATION_STYLE_ASSIGNMENT (( #23 ) ) ;
#1721 = CARTESIAN_POINT ( 'NONE',  ( -1.299999999999999800, 0.01499999999999999900, 0.5000000000000001100 ) ) ;
#1722 = CARTESIAN_POINT ( 'NONE',  ( 1.299999999999999800, 0.01499999999999999900, 0.5000000000000001100 ) ) ;
#1723 = CLOSED_SHELL ( 'NONE', ( #2120, #1166, #1529, #334, #2365, #1876 ) ) ;
#1724 = EDGE_CURVE ( 'NONE', #1231, #1374, #221, .T. ) ;
#1725 = CARTESIAN_POINT ( 'NONE',  ( -0.2100000000000000200, 0.4500000000000000100, -0.4990000000000000000 ) ) ;
#1726 = LINE ( 'NONE', #782, #1470 ) ;
#1727 = CARTESIAN_POINT ( 'NONE',  ( 1.299999999999999400, 0.5000000000000000000, 0.5000000000000001100 ) ) ;
#1728 = ADVANCED_FACE ( 'NONE', ( #1343 ), #1467, .F. ) ;
#1729 = CARTESIAN_POINT ( 'NONE',  ( -1.010000000000000000, 0.5000000000000000000, 0.5000000000000001100 ) ) ;
#1730 = FACE_OUTER_BOUND ( 'NONE', #61, .T. ) ;
#1731 = PLANE ( 'NONE',  #1619 ) ;
#1732 = LINE ( 'NONE', #2422, #1032 ) ;
#1733 = ORIENTED_EDGE ( 'NONE', *, *, #1519, .T. ) ;
#1734 = VECTOR ( 'NONE', #847, 1000.000000000000000 ) ;
#1735 = ORIENTED_EDGE ( 'NONE', *, *, #1114, .T. ) ;
#1736 = AXIS2_PLACEMENT_3D ( 'NONE', #1676, #658, #434 ) ;
#1737 = ORIENTED_EDGE ( 'NONE', *, *, #1701, .F. ) ;
#1738 = CIRCLE ( 'NONE', #2193, 0.3150000000000003900 ) ;
#1739 = DIRECTION ( 'NONE',  ( 1.000000000000000000, -0.0000000000000000000, 0.0000000000000000000 ) ) ;
#1740 = DIRECTION ( 'NONE',  ( 1.445602896647336600E-015, 0.0000000000000000000, 1.000000000000000000 ) ) ;
#1741 = VERTEX_POINT ( 'NONE', #55 ) ;
#1742 =( GEOMETRIC_REPRESENTATION_CONTEXT ( 3 ) GLOBAL_UNCERTAINTY_ASSIGNED_CONTEXT ( ( #564 ) ) GLOBAL_UNIT_ASSIGNED_CONTEXT ( ( #2416, #219, #2014 ) ) REPRESENTATION_CONTEXT ( 'NONE', 'WORKASPACE' ) );
#1743 = ADVANCED_FACE ( 'NONE', ( #1406 ), #2499, .F. ) ;
#1744 = DIRECTION ( 'NONE',  ( -0.0000000000000000000, 1.000000000000000000, 0.0000000000000000000 ) ) ;
#1745 = CARTESIAN_POINT ( 'NONE',  ( -0.4000000000000000800, 0.0000000000000000000, -0.5000000000000001100 ) ) ;
#1746 = FACE_OUTER_BOUND ( 'NONE', #246, .T. ) ;
#1747 = LINE ( 'NONE', #312, #1201 ) ;
#1748 = CARTESIAN_POINT ( 'NONE',  ( -0.8900000000000007900, 0.06500000000000000200, 0.4990000000000001100 ) ) ;
#1749 = VECTOR ( 'NONE', #2228, 1000.000000000000000 ) ;
#1750 = DIRECTION ( 'NONE',  ( 0.0000000000000000000, 0.0000000000000000000, 1.000000000000000000 ) ) ;
#1751 = ORIENTED_EDGE ( 'NONE', *, *, #2482, .F. ) ;
#1752 = CARTESIAN_POINT ( 'NONE',  ( -1.010000000000000000, 0.4500000000000000100, -0.4990000000000000000 ) ) ;
#1753 = LINE ( 'NONE', #1506, #609 ) ;
#1754 = EDGE_CURVE ( 'NONE', #2260, #420, #618, .T. ) ;
#1755 = CARTESIAN_POINT ( 'NONE',  ( 1.299999999999999800, -1.280624847486569800, 0.5000000000000001100 ) ) ;
#1756 = AXIS2_PLACEMENT_3D ( 'NONE', #1369, #2396, #2190 ) ;
#1757 = ADVANCED_FACE ( 'NONE', ( #2235 ), #1879, .F. ) ;
#1758 = EDGE_LOOP ( 'NONE', ( #2585, #2562, #682, #531 ) ) ;
#1759 = EDGE_CURVE ( 'NONE', #501, #1646, #1819, .T. ) ;
#1760 = CARTESIAN_POINT ( 'NONE',  ( -1.599999999999999900, -0.6760770861575040600, -0.1999999999999994300 ) ) ;
#1761 = VECTOR ( 'NONE', #2371, 1000.000000000000000 ) ;
#1762 = FACE_OUTER_BOUND ( 'NONE', #2540, .T. ) ;
#1763 = DIRECTION ( 'NONE',  ( 0.0000000000000000000, 1.000000000000000000, 0.0000000000000000000 ) ) ;
#1764 = CIRCLE ( 'NONE', #1990, 0.3000000000000005400 ) ;
#1765 = ORIENTED_EDGE ( 'NONE', *, *, #779, .F. ) ;
#1766 = DIRECTION ( 'NONE',  ( -0.0000000000000000000, 1.000000000000000000, -0.0000000000000000000 ) ) ;
#1767 = ORIENTED_EDGE ( 'NONE', *, *, #441, .T. ) ;
#1768 = ORIENTED_EDGE ( 'NONE', *, *, #1071, .F. ) ;
#1769 = DIRECTION ( 'NONE',  ( 0.0000000000000000000, 1.000000000000000000, 0.0000000000000000000 ) ) ;
#1770 = CARTESIAN_POINT ( 'NONE',  ( -1.010000000000000000, 0.4500000000000000100, 0.2989999999999999900 ) ) ;
#1771 = EDGE_LOOP ( 'NONE', ( #1509, #543, #2568, #1020 ) ) ;
#1772 = ORIENTED_EDGE ( 'NONE', *, *, #1262, .T. ) ;
#1773 = EDGE_CURVE ( 'NONE', #1640, #1646, #836, .T. ) ;
#1774 = CARTESIAN_POINT ( 'NONE',  ( -1.600000000000000300, 0.01499999999999999900, -0.5000000000000000000 ) ) ;
#1775 = PLANE ( 'NONE',  #601 ) ;
#1776 = PLANE ( 'NONE',  #514 ) ;
#1777 = ORIENTED_EDGE ( 'NONE', *, *, #872, .F. ) ;
#1778 = CARTESIAN_POINT ( 'NONE',  ( 0.3999999999999999700, -1.280624847486569800, -0.5000000000000001100 ) ) ;
#1779 = CARTESIAN_POINT ( 'NONE',  ( 0.0000000000000000000, 0.5000000000000000000, 0.0000000000000000000 ) ) ;
#1780 = DIRECTION ( 'NONE',  ( 1.000000000000000000, 0.0000000000000000000, 0.0000000000000000000 ) ) ;
#1781 = LINE ( 'NONE', #2507, #2481 ) ;
#1782 = ORIENTED_EDGE ( 'NONE', *, *, #2263, .T. ) ;
#1783 = ORIENTED_EDGE ( 'NONE', *, *, #1241, .T. ) ;
#1784 = ORIENTED_EDGE ( 'NONE', *, *, #455, .F. ) ;
#1785 = DIRECTION ( 'NONE',  ( -0.0000000000000000000, 1.000000000000000000, -0.0000000000000000000 ) ) ;
#1786 = CARTESIAN_POINT ( 'NONE',  ( -1.010000000000000000, 0.5000000000000000000, 0.4990000000000000000 ) ) ;
#1787 = VECTOR ( 'NONE', #1349, 1000.000000000000000 ) ;
#1788 = FILL_AREA_STYLE_COLOUR ( '', #1556 ) ;
#1789 = CARTESIAN_POINT ( 'NONE',  ( 1.600000000000000300, -1.280624847486569800, 0.1999999999999994300 ) ) ;
#1790 = EDGE_CURVE ( 'NONE', #294, #1257, #1439, .T. ) ;
#1791 = VECTOR ( 'NONE', #1553, 1000.000000000000000 ) ;
#1792 = DIRECTION ( 'NONE',  ( -1.000000000000000000, 0.0000000000000000000, 0.0000000000000000000 ) ) ;
#1793 = LINE ( 'NONE', #769, #753 ) ;
#1794 = VECTOR ( 'NONE', #1827, 1000.000000000000000 ) ;
#1795 = ORIENTED_EDGE ( 'NONE', *, *, #1075, .T. ) ;
#1796 = ORIENTED_EDGE ( 'NONE', *, *, #2343, .F. ) ;
#1797 =( NAMED_UNIT ( * ) SI_UNIT ( $, .STERADIAN. ) SOLID_ANGLE_UNIT ( ) );
#1798 = ORIENTED_EDGE ( 'NONE', *, *, #1296, .T. ) ;
#1799 = LINE ( 'NONE', #2413, #816 ) ;
#1800 = AXIS2_PLACEMENT_3D ( 'NONE', #2202, #2473, #2045 ) ;
#1801 = EDGE_LOOP ( 'NONE', ( #2582, #2182, #733, #655 ) ) ;
#1802 = CARTESIAN_POINT ( 'NONE',  ( 1.599999999999999900, 0.4850000000000000400, 0.5000000000000000000 ) ) ;
#1803 = EDGE_CURVE ( 'NONE', #1172, #294, #288, .T. ) ;
#1804 = PRESENTATION_LAYER_ASSIGNMENT (  '', '', ( #803 ) ) ;
#1805 = EDGE_CURVE ( 'NONE', #2566, #1545, #558, .T. ) ;
#1806 = CYLINDRICAL_SURFACE ( 'NONE', #239, 0.3000000000000005400 ) ;
#1807 = FACE_OUTER_BOUND ( 'NONE', #684, .T. ) ;
#1808 = CARTESIAN_POINT ( 'NONE',  ( -0.5500000000000001600, 0.01499999999999999900, -0.4990000000000001100 ) ) ;
#1809 = DIRECTION ( 'NONE',  ( -0.0000000000000000000, 1.000000000000000000, -0.0000000000000000000 ) ) ;
#1810 = LINE ( 'NONE', #1573, #396 ) ;
#1811 = VECTOR ( 'NONE', #1566, 1000.000000000000000 ) ;
#1812 = VECTOR ( 'NONE', #1515, 1000.000000000000000 ) ;
#1813 = CARTESIAN_POINT ( 'NONE',  ( 1.599999999999999900, 0.5000000000000000000, -0.5000000000000000000 ) ) ;
#1814 =( NAMED_UNIT ( * ) SI_UNIT ( $, .STERADIAN. ) SOLID_ANGLE_UNIT ( ) );
#1815 = CARTESIAN_POINT ( 'NONE',  ( -1.599999999999999900, 0.01499999999999998600, 0.5000000000000000000 ) ) ;
#1816 = CARTESIAN_POINT ( 'NONE',  ( -1.010000000000000200, 0.4850000000000000400, -0.5000000000000001100 ) ) ;
#1817 = DIRECTION ( 'NONE',  ( 0.0000000000000000000, 0.0000000000000000000, 1.000000000000000000 ) ) ;
#1818 = EDGE_CURVE ( 'NONE', #2099, #1998, #2102, .T. ) ;
#1819 = LINE ( 'NONE', #1473, #707 ) ;
#1820 = PLANE ( 'NONE',  #1851 ) ;
#1821 = LINE ( 'NONE', #336, #874 ) ;
#1822 = CARTESIAN_POINT ( 'NONE',  ( -0.4000000000000000800, 0.01499999999999999900, -0.5000000000000001100 ) ) ;
#1823 = LINE ( 'NONE', #1431, #2141 ) ;
#1824 = ORIENTED_EDGE ( 'NONE', *, *, #2124, .F. ) ;
#1825 = PLANE ( 'NONE',  #59 ) ;
#1826 = CARTESIAN_POINT ( 'NONE',  ( -1.599999999999999900, -0.6760770861575040600, 0.1999999999999994300 ) ) ;
#1827 = DIRECTION ( 'NONE',  ( -0.0000000000000000000, -0.0000000000000000000, -1.000000000000000000 ) ) ;
#1828 = EDGE_LOOP ( 'NONE', ( #1026, #2370, #2191, #899 ) ) ;
#1829 = LINE ( 'NONE', #2282, #2462 ) ;
#1830 = ORIENTED_EDGE ( 'NONE', *, *, #2452, .F. ) ;
#1831 = DIRECTION ( 'NONE',  ( 1.000000000000000000, -0.0000000000000000000, 0.0000000000000000000 ) ) ;
#1832 = CARTESIAN_POINT ( 'NONE',  ( -1.010000000000000200, 0.4850000000000000400, -0.2989999999999999900 ) ) ;
#1833 = EDGE_LOOP ( 'NONE', ( #1065, #122, #1936, #2030 ) ) ;
#1834 = PLANE ( 'NONE',  #533 ) ;
#1835 = EDGE_CURVE ( 'NONE', #1387, #2176, #496, .T. ) ;
#1836 = PLANE ( 'NONE',  #629 ) ;
#1837 = CARTESIAN_POINT ( 'NONE',  ( -0.5500000000000001600, 0.01499999999999999900, -0.4990000000000001100 ) ) ;
#1838 = AXIS2_PLACEMENT_3D ( 'NONE', #2036, #50, #832 ) ;
#1839 = EDGE_CURVE ( 'NONE', #104, #2166, #2297, .T. ) ;
#1840 = DIRECTION ( 'NONE',  ( 0.0000000000000000000, 1.000000000000000000, 0.0000000000000000000 ) ) ;
#1841 =( LENGTH_UNIT ( ) NAMED_UNIT ( * ) SI_UNIT ( .MILLI., .METRE. ) );
#1842 = ORIENTED_EDGE ( 'NONE', *, *, #1486, .F. ) ;
#1843 = VECTOR ( 'NONE', #1739, 1000.000000000000000 ) ;
#1844 = EDGE_LOOP ( 'NONE', ( #1627, #2307, #641, #1316 ) ) ;
#1845 = ORIENTED_EDGE ( 'NONE', *, *, #1759, .F. ) ;
#1846 = DIRECTION ( 'NONE',  ( 0.0000000000000000000, 0.0000000000000000000, -1.000000000000000000 ) ) ;
#1847 = DIRECTION ( 'NONE',  ( -0.0000000000000000000, -0.0000000000000000000, 1.000000000000000000 ) ) ;
#1848 = ORIENTED_EDGE ( 'NONE', *, *, #888, .T. ) ;
#1849 = ORIENTED_EDGE ( 'NONE', *, *, #2362, .F. ) ;
#1850 = CARTESIAN_POINT ( 'NONE',  ( -1.010000000000000000, 0.4850000000000000400, 0.5000000000000001100 ) ) ;
#1851 = AXIS2_PLACEMENT_3D ( 'NONE', #1033, #1613, #2454 ) ;
#1852 = CARTESIAN_POINT ( 'NONE',  ( 1.599999999999999900, 0.4850000000000001000, -0.5000000000000000000 ) ) ;
#1853 = VECTOR ( 'NONE', #544, 1000.000000000000000 ) ;
#1854 = ADVANCED_FACE ( 'NONE', ( #748 ), #2042, .F. ) ;
#1855 = AXIS2_PLACEMENT_3D ( 'NONE', #1132, #2153, #1544 ) ;
#1856 = COLOUR_RGB ( '',1.000000000000000000, 1.000000000000000000, 1.000000000000000000 ) ;
#1857 = EDGE_CURVE ( 'NONE', #1300, #2382, #1245, .T. ) ;
#1858 = FACE_OUTER_BOUND ( 'NONE', #1560, .T. ) ;
#1859 = DIRECTION ( 'NONE',  ( 0.0000000000000000000, 1.000000000000000000, 0.0000000000000000000 ) ) ;
#1860 = ORIENTED_EDGE ( 'NONE', *, *, #2299, .T. ) ;
#1861 = COLOUR_RGB ( '',0.0000000000000000000, 0.5019607843137254800, 0.0000000000000000000 ) ;
#1862 = CARTESIAN_POINT ( 'NONE',  ( -0.2100000000000000200, 0.4500000000000000100, -0.2989999999999999900 ) ) ;
#1863 = ORIENTED_EDGE ( 'NONE', *, *, #937, .T. ) ;
#1864 = CYLINDRICAL_SURFACE ( 'NONE', #900, 0.3150000000000003900 ) ;
#1865 = ORIENTED_EDGE ( 'NONE', *, *, #575, .T. ) ;
#1866 = ADVANCED_FACE ( 'NONE', ( #2421 ), #2154, .T. ) ;
#1867 = DIRECTION ( 'NONE',  ( 1.000000000000000000, 0.0000000000000000000, -2.168404344971008400E-016 ) ) ;
#1868 = DIRECTION ( 'NONE',  ( -0.0000000000000000000, 1.000000000000000000, -0.0000000000000000000 ) ) ;
#1869 = CARTESIAN_POINT ( 'NONE',  ( -0.8900000000000007900, 0.06500000000000000200, 0.4990000000000001100 ) ) ;
#1870 =( GEOMETRIC_REPRESENTATION_CONTEXT ( 3 ) GLOBAL_UNCERTAINTY_ASSIGNED_CONTEXT ( ( #2360 ) ) GLOBAL_UNIT_ASSIGNED_CONTEXT ( ( #1841, #272, #2480 ) ) REPRESENTATION_CONTEXT ( 'NONE', 'WORKASPACE' ) );
#1871 = LINE ( 'NONE', #2492, #2284 ) ;
#1872 = SURFACE_STYLE_FILL_AREA ( #969 ) ;
#1873 = SHAPE_DEFINITION_REPRESENTATION ( #584, #1502 ) ;
#1874 = EDGE_LOOP ( 'NONE', ( #2038, #1733, #1527, #330 ) ) ;
#1875 = CIRCLE ( 'NONE', #1393, 0.3000000000000005400 ) ;
#1876 = ADVANCED_FACE ( 'NONE', ( #2518 ), #1120, .T. ) ;
#1877 = SURFACE_SIDE_STYLE ('',( #933 ) ) ;
#1878 = PLANE ( 'NONE',  #848 ) ;
#1879 = PLANE ( 'NONE',  #2025 ) ;
#1880 = EDGE_CURVE ( 'NONE', #2400, #1576, #1378, .T. ) ;
#1881 = CARTESIAN_POINT ( 'NONE',  ( -1.040000000000000700, -1.280624847486569800, -0.5000000000000001100 ) ) ;
#1882 = CARTESIAN_POINT ( 'NONE',  ( -1.299999999999999800, 0.0000000000000000000, 0.5000000000000001100 ) ) ;
#1883 = AXIS2_PLACEMENT_3D ( 'NONE', #1246, #2087, #1459 ) ;
#1884 = VECTOR ( 'NONE', #633, 1000.000000000000000 ) ;
#1885 = ORIENTED_EDGE ( 'NONE', *, *, #2211, .T. ) ;
#1886 = CIRCLE ( 'NONE', #1324, 0.3150000000000003900 ) ;
#1887 = EDGE_CURVE ( 'NONE', #1458, #1144, #435, .T. ) ;
#1888 = ORIENTED_EDGE ( 'NONE', *, *, #296, .T. ) ;
#1889 = ORIENTED_EDGE ( 'NONE', *, *, #2330, .F. ) ;
#1890 = LINE ( 'NONE', #1142, #2466 ) ;
#1891 = CARTESIAN_POINT ( 'NONE',  ( -0.8900000000000007900, 0.01499999999999999900, 0.4990000000000001100 ) ) ;
#1892 = ORIENTED_EDGE ( 'NONE', *, *, #1044, .F. ) ;
#1893 = VERTEX_POINT ( 'NONE', #1959 ) ;
#1894 = SURFACE_STYLE_USAGE ( .BOTH. , #1877 ) ;
#1895 = ORIENTED_EDGE ( 'NONE', *, *, #1519, .F. ) ;
#1896 = DIRECTION ( 'NONE',  ( 0.0000000000000000000, 0.0000000000000000000, 1.000000000000000000 ) ) ;
#1897 = CARTESIAN_POINT ( 'NONE',  ( -1.600000000000000300, 0.0000000000000000000, 0.1999999999999994300 ) ) ;
#1898 = AXIS2_PLACEMENT_3D ( 'NONE', #595, #797, #1016 ) ;
#1899 = ORIENTED_EDGE ( 'NONE', *, *, #1241, .F. ) ;
#1900 = DIRECTION ( 'NONE',  ( 0.0000000000000000000, -1.000000000000000000, 0.0000000000000000000 ) ) ;
#1901 = CARTESIAN_POINT ( 'NONE',  ( 1.010000000000000200, 0.4849999999999999900, -0.5000000000000001100 ) ) ;
#1902 = EDGE_CURVE ( 'NONE', #1323, #2332, #314, .T. ) ;
#1903 = FACE_OUTER_BOUND ( 'NONE', #1004, .T. ) ;
#1904 = ORIENTED_EDGE ( 'NONE', *, *, #1209, .F. ) ;
#1905 = VERTEX_POINT ( 'NONE', #2538 ) ;
#1906 = CARTESIAN_POINT ( 'NONE',  ( -0.8900000000000007900, 0.01499999999999999900, 0.4990000000000001100 ) ) ;
#1907 = ORIENTED_EDGE ( 'NONE', *, *, #2163, .F. ) ;
#1908 = DIRECTION ( 'NONE',  ( -1.000000000000000000, 0.0000000000000000000, -2.168404344971008400E-016 ) ) ;
#1909 = CARTESIAN_POINT ( 'NONE',  ( 1.040000000000000700, 0.0000000000000000000, -0.5000000000000001100 ) ) ;
#1910 = DIRECTION ( 'NONE',  ( -1.000000000000000000, -0.0000000000000000000, -0.0000000000000000000 ) ) ;
#1911 = VECTOR ( 'NONE', #1769, 1000.000000000000000 ) ;
#1912 = LINE ( 'NONE', #973, #1058 ) ;
#1913 = LINE ( 'NONE', #1729, #1059 ) ;
#1914 = EDGE_CURVE ( 'NONE', #2099, #415, #197, .T. ) ;
#1915 = DIRECTION ( 'NONE',  ( -1.000000000000000000, 0.0000000000000000000, 0.0000000000000000000 ) ) ;
#1916 = ORIENTED_EDGE ( 'NONE', *, *, #1790, .F. ) ;
#1917 = LINE ( 'NONE', #1159, #625 ) ;
#1918 = SURFACE_STYLE_USAGE ( .BOTH. , #2510 ) ;
#1919 = UNCERTAINTY_MEASURE_WITH_UNIT (LENGTH_MEASURE( 1.000000000000000100E-005 ), #605, 'distance_accuracy_value', 'NONE');
#1920 = EDGE_LOOP ( 'NONE', ( #1226, #2335 ) ) ;
#1921 = FACE_OUTER_BOUND ( 'NONE', #1828, .T. ) ;
#1922 = EDGE_CURVE ( 'NONE', #1434, #368, #1312, .T. ) ;
#1923 = ADVANCED_FACE ( 'NONE', ( #783 ), #170, .F. ) ;
#1924 = PLANE ( 'NONE',  #966 ) ;
#1925 = ORIENTED_EDGE ( 'NONE', *, *, #1169, .F. ) ;
#1926 = CARTESIAN_POINT ( 'NONE',  ( -0.8900000000000007900, 1.119326325195383300, -0.4990000000000001100 ) ) ;
#1927 = DIRECTION ( 'NONE',  ( 1.000000000000000000, 0.0000000000000000000, 0.0000000000000000000 ) ) ;
#1928 = CARTESIAN_POINT ( 'NONE',  ( -0.5500000000000001600, 1.119326325195383300, 0.4990000000000001100 ) ) ;
#1929 = CARTESIAN_POINT ( 'NONE',  ( -0.2100000000000000200, 0.4500000000000000100, -0.4990000000000000000 ) ) ;
#1930 = AXIS2_PLACEMENT_3D ( 'NONE', #866, #1268, #1533 ) ;
#1931 = VECTOR ( 'NONE', #2194, 1000.000000000000000 ) ;
#1932 = ORIENTED_EDGE ( 'NONE', *, *, #2058, .T. ) ;
#1933 = DIRECTION ( 'NONE',  ( -0.0000000000000000000, -0.0000000000000000000, -1.000000000000000000 ) ) ;
#1934 = ORIENTED_EDGE ( 'NONE', *, *, #1088, .F. ) ;
#1935 = FACE_OUTER_BOUND ( 'NONE', #1320, .T. ) ;
#1936 = ORIENTED_EDGE ( 'NONE', *, *, #2446, .T. ) ;
#1937 = ADVANCED_FACE ( 'NONE', ( #2264 ), #1731, .T. ) ;
#1938 = DIRECTION ( 'NONE',  ( 0.0000000000000000000, 1.000000000000000000, 0.0000000000000000000 ) ) ;
#1939 = VECTOR ( 'NONE', #1255, 1000.000000000000000 ) ;
#1940 = EDGE_CURVE ( 'NONE', #302, #415, #1726, .T. ) ;
#1941 = CARTESIAN_POINT ( 'NONE',  ( -1.599999999999999900, 0.01499999999999998600, 0.5000000000000000000 ) ) ;
#1942 = CARTESIAN_POINT ( 'NONE',  ( 1.599999999999999900, -0.4304772721475256200, -0.5000000000000000000 ) ) ;
#1943 = LINE ( 'NONE', #598, #401 ) ;
#1944 = VECTOR ( 'NONE', #1666, 1000.000000000000000 ) ;
#1945 = PLANE ( 'NONE',  #1007 ) ;
#1946 = CARTESIAN_POINT ( 'NONE',  ( -0.2100000000000000200, 0.5000000000000000000, -0.2989999999999999900 ) ) ;
#1947 = VECTOR ( 'NONE', #1225, 1000.000000000000000 ) ;
#1948 = ADVANCED_FACE ( 'NONE', ( #1696 ), #1361, .T. ) ;
#1949 = VERTEX_POINT ( 'NONE', #1929 ) ;
#1950 = LINE ( 'NONE', #2514, #1000 ) ;
#1951 = DIRECTION ( 'NONE',  ( 0.0000000000000000000, 0.0000000000000000000, 1.000000000000000000 ) ) ;
#1952 = AXIS2_PLACEMENT_3D ( 'NONE', #2033, #806, #54 ) ;
#1953 = ORIENTED_EDGE ( 'NONE', *, *, #1971, .F. ) ;
#1954 = LINE ( 'NONE', #2167, #1451 ) ;
#1955 = EDGE_CURVE ( 'NONE', #2050, #667, #671, .T. ) ;
#1956 = CARTESIAN_POINT ( 'NONE',  ( -0.5500000000000001600, 0.06499999999999994700, -0.4990000000000001100 ) ) ;
#1957 = CARTESIAN_POINT ( 'NONE',  ( -0.5500000000000001600, 0.01499999999999999900, -0.4990000000000001100 ) ) ;
#1958 = ORIENTED_EDGE ( 'NONE', *, *, #2574, .T. ) ;
#1959 = CARTESIAN_POINT ( 'NONE',  ( -0.2100000000000000200, 0.5000000000000000000, 0.4990000000000000000 ) ) ;
#1960 = ORIENTED_EDGE ( 'NONE', *, *, #11, .T. ) ;
#1961 = PLANE ( 'NONE',  #2342 ) ;
#1962 = ADVANCED_FACE ( 'NONE', ( #405 ), #1193, .F. ) ;
#1963 = CARTESIAN_POINT ( 'NONE',  ( -1.599999999999999900, 0.4849999999999999300, 0.1849999999999995500 ) ) ;
#1964 = ORIENTED_EDGE ( 'NONE', *, *, #1342, .F. ) ;
#1965 = CARTESIAN_POINT ( 'NONE',  ( -1.010000000000000000, 0.4500000000000000100, -0.4990000000000000000 ) ) ;
#1966 = FILL_AREA_STYLE ('',( #672 ) ) ;
#1967 = LINE ( 'NONE', #686, #1143 ) ;
#1968 = VERTEX_POINT ( 'NONE', #1178 ) ;
#1969 = VERTEX_POINT ( 'NONE', #1995 ) ;
#1970 = MANIFOLD_SOLID_BREP ( 'Boss-Extrude7', #1723 ) ;
#1971 = EDGE_CURVE ( 'NONE', #1395, #478, #873, .T. ) ;
#1972 = ORIENTED_EDGE ( 'NONE', *, *, #38, .T. ) ;
#1973 = CARTESIAN_POINT ( 'NONE',  ( -0.4000000000000000800, -1.280624847486569800, -0.5000000000000001100 ) ) ;
#1974 = EDGE_CURVE ( 'NONE', #627, #1677, #1055, .T. ) ;
#1975 = CARTESIAN_POINT ( 'NONE',  ( 1.010000000000000200, 0.4850000000000000400, -0.5000000000000001100 ) ) ;
#1976 = VECTOR ( 'NONE', #2053, 1000.000000000000000 ) ;
#1977 = ADVANCED_FACE ( 'NONE', ( #285 ), #2002, .T. ) ;
#1978 = DIRECTION ( 'NONE',  ( -1.000000000000000000, 0.0000000000000000000, 0.0000000000000000000 ) ) ;
#1979 = PRESENTATION_STYLE_ASSIGNMENT (( #32 ) ) ;
#1980 = CARTESIAN_POINT ( 'NONE',  ( -1.599999999999999900, -0.4304772721475256200, -0.1849999999999995500 ) ) ;
#1981 = COLOUR_RGB ( '',1.000000000000000000, 0.8117647058823529400, 0.5019607843137254800 ) ;
#1982 = DIRECTION ( 'NONE',  ( -0.0000000000000000000, -0.0000000000000000000, -1.000000000000000000 ) ) ;
#1983 = AXIS2_PLACEMENT_3D ( 'NONE', #2185, #968, #2175 ) ;
#1984 = VERTEX_POINT ( 'NONE', #2378 ) ;
#1985 = DIRECTION ( 'NONE',  ( 0.0000000000000000000, 0.0000000000000000000, 1.000000000000000000 ) ) ;
#1986 = VECTOR ( 'NONE', #2205, 1000.000000000000000 ) ;
#1987 = PRESENTATION_LAYER_ASSIGNMENT (  '', '', ( #1306 ) ) ;
#1988 = ORIENTED_EDGE ( 'NONE', *, *, #1100, .T. ) ;
#1989 = VECTOR ( 'NONE', #1332, 1000.000000000000000 ) ;
#1990 = AXIS2_PLACEMENT_3D ( 'NONE', #489, #2280, #107 ) ;
#1991 = EDGE_LOOP ( 'NONE', ( #206, #908, #521, #1286 ) ) ;
#1992 = EDGE_CURVE ( 'NONE', #77, #849, #2357, .T. ) ;
#1993 = DIRECTION ( 'NONE',  ( 1.000000000000000000, 0.0000000000000000000, 0.0000000000000000000 ) ) ;
#1994 = CARTESIAN_POINT ( 'NONE',  ( -1.010000000000000000, 0.4500000000000000100, 0.2989999999999999900 ) ) ;
#1995 = CARTESIAN_POINT ( 'NONE',  ( -1.010000000000000000, 0.4500000000000000100, 0.4990000000000000000 ) ) ;
#1996 = CARTESIAN_POINT ( 'NONE',  ( -1.284999999999999500, 0.01499999999999998600, 0.5000000000000001100 ) ) ;
#1997 = ORIENTED_EDGE ( 'NONE', *, *, #2571, .T. ) ;
#1998 = VERTEX_POINT ( 'NONE', #12 ) ;
#1999 = DIRECTION ( 'NONE',  ( 1.000000000000000000, 0.0000000000000000000, 0.0000000000000000000 ) ) ;
#2000 = VECTOR ( 'NONE', #950, 1000.000000000000000 ) ;
#2001 = EDGE_LOOP ( 'NONE', ( #2149, #2580, #1517, #1498 ) ) ;
#2002 = PLANE ( 'NONE',  #452 ) ;
#2003 = LINE ( 'NONE', #1695, #776 ) ;
#2004 = CARTESIAN_POINT ( 'NONE',  ( -0.2100000000000000200, 0.4500000000000000100, 0.4990000000000000000 ) ) ;
#2005 = APPLICATION_PROTOCOL_DEFINITION ( 'draft international standard', 'automotive_design', 1998, #1397 ) ;
#2006 = DIRECTION ( 'NONE',  ( -0.0000000000000000000, 1.000000000000000000, -0.0000000000000000000 ) ) ;
#2007 = CARTESIAN_POINT ( 'NONE',  ( -0.2100000000000000200, 0.4500000000000000100, -0.2989999999999999900 ) ) ;
#2008 = CARTESIAN_POINT ( 'NONE',  ( 1.599999999999999900, 0.4850000000000000400, 0.1999999999999994300 ) ) ;
#2009 = DIRECTION ( 'NONE',  ( 0.0000000000000000000, 1.000000000000000000, -0.0000000000000000000 ) ) ;
#2010 = LINE ( 'NONE', #1061, #1219 ) ;
#2011 = EDGE_LOOP ( 'NONE', ( #429, #2319, #2406, #237, #2034, #1549 ) ) ;
#2012 = FACE_OUTER_BOUND ( 'NONE', #685, .T. ) ;
#2013 = CARTESIAN_POINT ( 'NONE',  ( -1.284999999999999500, 0.4850000000000000400, 0.5000000000000001100 ) ) ;
#2014 =( NAMED_UNIT ( * ) SI_UNIT ( $, .STERADIAN. ) SOLID_ANGLE_UNIT ( ) );
#2015 = DIRECTION ( 'NONE',  ( -1.000000000000000000, 0.0000000000000000000, -0.0000000000000000000 ) ) ;
#2016 = ORIENTED_EDGE ( 'NONE', *, *, #119, .F. ) ;
#2017 = VECTOR ( 'NONE', #2578, 1000.000000000000000 ) ;
#2018 = DIRECTION ( 'NONE',  ( 0.0000000000000000000, 0.0000000000000000000, 1.000000000000000000 ) ) ;
#2019 = EDGE_LOOP ( 'NONE', ( #1290, #2445, #417, #1123 ) ) ;
#2020 = DIRECTION ( 'NONE',  ( 0.0000000000000000000, -0.0000000000000000000, 1.000000000000000000 ) ) ;
#2021 = EDGE_CURVE ( 'NONE', #322, #2586, #993, .T. ) ;
#2022 = CARTESIAN_POINT ( 'NONE',  ( 0.0000000000000000000, 0.4500000000000000100, 0.0000000000000000000 ) ) ;
#2023 = CARTESIAN_POINT ( 'NONE',  ( -0.4000000000000000800, -1.280624847486569800, 0.5000000000000001100 ) ) ;
#2024 = ORIENTED_EDGE ( 'NONE', *, *, #551, .T. ) ;
#2025 = AXIS2_PLACEMENT_3D ( 'NONE', #1068, #97, #1684 ) ;
#2026 = EDGE_CURVE ( 'NONE', #351, #1677, #1943, .T. ) ;
#2027 = DIRECTION ( 'NONE',  ( -0.0000000000000000000, 0.0000000000000000000, 1.000000000000000000 ) ) ;
#2028 = DIRECTION ( 'NONE',  ( 1.000000000000000000, 0.0000000000000000000, -2.168404344971008400E-016 ) ) ;
#2029 = CARTESIAN_POINT ( 'NONE',  ( -0.8900000000000007900, 0.01499999999999999900, -0.4990000000000001100 ) ) ;
#2030 = ORIENTED_EDGE ( 'NONE', *, *, #2590, .T. ) ;
#2031 = FACE_OUTER_BOUND ( 'NONE', #2011, .T. ) ;
#2032 = LINE ( 'NONE', #1862, #1493 ) ;
#2033 = CARTESIAN_POINT ( 'NONE',  ( 0.0000000000000000000, 0.01499999999999999900, 0.0000000000000000000 ) ) ;
#2034 = ORIENTED_EDGE ( 'NONE', *, *, #1117, .F. ) ;
#2035 = CARTESIAN_POINT ( 'NONE',  ( 1.010000000000000200, -0.6760770861575040600, -0.5000000000000001100 ) ) ;
#2036 = CARTESIAN_POINT ( 'NONE',  ( 0.0000000000000000000, 0.5000000000000000000, -0.5000000000000000000 ) ) ;
#2037 = ORIENTED_EDGE ( 'NONE', *, *, #902, .F. ) ;
#2038 = ORIENTED_EDGE ( 'NONE', *, *, #1719, .T. ) ;
#2039 = CARTESIAN_POINT ( 'NONE',  ( -0.2100000000000000200, 0.4500000000000000100, 0.2989999999999999900 ) ) ;
#2040 = AXIS2_PLACEMENT_3D ( 'NONE', #2035, #14, #1009 ) ;
#2041 = EDGE_CURVE ( 'NONE', #1109, #2260, #520, .T. ) ;
#2042 = CYLINDRICAL_SURFACE ( 'NONE', #2160, 0.3150000000000003900 ) ;
#2043 = CARTESIAN_POINT ( 'NONE',  ( -1.284999999999999500, 0.4850000000000001000, -0.5000000000000001100 ) ) ;
#2044 = DIRECTION ( 'NONE',  ( 0.0000000000000000000, 0.0000000000000000000, -1.000000000000000000 ) ) ;
#2045 = DIRECTION ( 'NONE',  ( 0.0000000000000000000, 0.0000000000000000000, 1.000000000000000000 ) ) ;
#2046 = CARTESIAN_POINT ( 'NONE',  ( -1.010000000000000200, 0.5000000000000000000, -0.5000000000000001100 ) ) ;
#2047 = VERTEX_POINT ( 'NONE', #992 ) ;
#2048 = VECTOR ( 'NONE', #752, 1000.000000000000000 ) ;
#2049 = ADVANCED_FACE ( 'NONE', ( #644 ), #927, .F. ) ;
#2050 = VERTEX_POINT ( 'NONE', #1572 ) ;
#2051 = LINE ( 'NONE', #2352, #295 ) ;
#2052 = DIRECTION ( 'NONE',  ( -0.0000000000000000000, -0.0000000000000000000, 1.000000000000000000 ) ) ;
#2053 = DIRECTION ( 'NONE',  ( -1.000000000000000000, 0.0000000000000000000, -0.0000000000000000000 ) ) ;
#2054 = VERTEX_POINT ( 'NONE', #2389 ) ;
#2055 = DIRECTION ( 'NONE',  ( 0.0000000000000000000, -1.000000000000000000, 0.0000000000000000000 ) ) ;
#2056 = AXIS2_PLACEMENT_3D ( 'NONE', #174, #1744, #942 ) ;
#2057 = EDGE_CURVE ( 'NONE', #192, #1063, #1468, .T. ) ;
#2058 = EDGE_CURVE ( 'NONE', #2503, #1206, #869, .T. ) ;
#2059 = CARTESIAN_POINT ( 'NONE',  ( -1.010000000000000000, 0.4500000000000000100, -0.2989999999999999900 ) ) ;
#2060 = EDGE_LOOP ( 'NONE', ( #1427, #1490, #944, #2461 ) ) ;
#2061 = ORIENTED_EDGE ( 'NONE', *, *, #406, .F. ) ;
#2062 = ADVANCED_FACE ( 'NONE', ( #1404 ), #606, .F. ) ;
#2063 = DIRECTION ( 'NONE',  ( 0.0000000000000000000, 0.0000000000000000000, 1.000000000000000000 ) ) ;
#2064 = LINE ( 'NONE', #2186, #663 ) ;
#2065 = LINE ( 'NONE', #1980, #1141 ) ;
#2066 = ORIENTED_EDGE ( 'NONE', *, *, #403, .F. ) ;
#2067 = DIRECTION ( 'NONE',  ( 0.0000000000000000000, -0.0000000000000000000, 1.000000000000000000 ) ) ;
#2068 = MECHANICAL_DESIGN_GEOMETRIC_PRESENTATION_REPRESENTATION (  '', ( #657 ), #1442 ) ;
#2069 = DIRECTION ( 'NONE',  ( 0.0000000000000000000, 0.0000000000000000000, 1.000000000000000000 ) ) ;
#2070 = CARTESIAN_POINT ( 'NONE',  ( -0.5500000000000001600, 0.06500000000000000200, -0.4990000000000001100 ) ) ;
#2071 = FILL_AREA_STYLE ('',( #1680 ) ) ;
#2072 = LINE ( 'NONE', #1199, #315 ) ;
#2073 = EDGE_CURVE ( 'NONE', #717, #1418, #200, .T. ) ;
#2074 = SURFACE_STYLE_FILL_AREA ( #911 ) ;
#2075 = CARTESIAN_POINT ( 'NONE',  ( 1.299999999999999800, -1.280624847486569800, 0.5000000000000001100 ) ) ;
#2076 = LINE ( 'NONE', #225, #1284 ) ;
#2077 = ORIENTED_EDGE ( 'NONE', *, *, #2218, .T. ) ;
#2078 = VECTOR ( 'NONE', #1456, 1000.000000000000000 ) ;
#2079 = PLANE ( 'NONE',  #1669 ) ;
#2080 = ORIENTED_EDGE ( 'NONE', *, *, #1709, .T. ) ;
#2081 = VECTOR ( 'NONE', #1205, 1000.000000000000000 ) ;
#2082 = VERTEX_POINT ( 'NONE', #637 ) ;
#2083 = DIRECTION ( 'NONE',  ( -0.0000000000000000000, 0.0000000000000000000, 1.000000000000000000 ) ) ;
#2084 = ORIENTED_EDGE ( 'NONE', *, *, #1992, .T. ) ;
#2085 = DIRECTION ( 'NONE',  ( 0.0000000000000000000, -0.0000000000000000000, 1.000000000000000000 ) ) ;
#2086 = ADVANCED_FACE ( 'NONE', ( #1730 ), #2439, .F. ) ;
#2087 = DIRECTION ( 'NONE',  ( -0.0000000000000000000, 0.0000000000000000000, 1.000000000000000000 ) ) ;
#2088 = AXIS2_PLACEMENT_3D ( 'NONE', #2241, #1859, #2541 ) ;
#2089 = EDGE_CURVE ( 'NONE', #2440, #192, #2551, .T. ) ;
#2090 = ORIENTED_EDGE ( 'NONE', *, *, #1379, .F. ) ;
#2091 = LINE ( 'NONE', #1147, #1103 ) ;
#2092 = CARTESIAN_POINT ( 'NONE',  ( -1.599999999999999900, 0.4849999999999999900, -0.1849999999999996100 ) ) ;
#2093 = FACE_OUTER_BOUND ( 'NONE', #2001, .T. ) ;
#2094 = DIRECTION ( 'NONE',  ( 0.0000000000000000000, 1.000000000000000000, 0.0000000000000000000 ) ) ;
#2095 = CARTESIAN_POINT ( 'NONE',  ( -1.599999999999999900, 0.4850000000000000400, -0.1849999999999994400 ) ) ;
#2096 = ORIENTED_EDGE ( 'NONE', *, *, #2294, .F. ) ;
#2097 = DIRECTION ( 'NONE',  ( -0.0000000000000000000, 1.000000000000000000, -0.0000000000000000000 ) ) ;
#2098 = ORIENTED_EDGE ( 'NONE', *, *, #1430, .F. ) ;
#2099 = VERTEX_POINT ( 'NONE', #2427 ) ;
#2100 = CLOSED_SHELL ( 'NONE', ( #951, #261, #1247, #965, #2049, #1357, #2463, #545, #1264, #2524, #2265, #1440, #2569 ) ) ;
#2101 = CARTESIAN_POINT ( 'NONE',  ( 1.010000000000000200, 0.5000000000000000000, -0.5000000000000001100 ) ) ;
#2102 = LINE ( 'NONE', #722, #2170 ) ;
#2103 = COLOUR_RGB ( '',1.000000000000000000, 1.000000000000000000, 1.000000000000000000 ) ;
#2104 =( LENGTH_UNIT ( ) NAMED_UNIT ( * ) SI_UNIT ( .MILLI., .METRE. ) );
#2105 = LINE ( 'NONE', #1668, #2174 ) ;
#2106 = EDGE_CURVE ( 'NONE', #415, #1458, #959, .T. ) ;
#2107 = EDGE_LOOP ( 'NONE', ( #2597, #1671, #1661, #425 ) ) ;
#2108 = FACE_OUTER_BOUND ( 'NONE', #557, .T. ) ;
#2109 = VERTEX_POINT ( 'NONE', #1436 ) ;
#2110 = EDGE_LOOP ( 'NONE', ( #453, #447, #698, #1647 ) ) ;
#2111 = FACE_OUTER_BOUND ( 'NONE', #1874, .T. ) ;
#2112 = PLANE ( 'NONE',  #439 ) ;
#2113 = DIRECTION ( 'NONE',  ( -1.000000000000000000, 0.0000000000000000000, 0.0000000000000000000 ) ) ;
#2114 = ORIENTED_EDGE ( 'NONE', *, *, #1486, .T. ) ;
#2115 = PRESENTATION_LAYER_ASSIGNMENT (  '', '', ( #196 ) ) ;
#2116 = DIRECTION ( 'NONE',  ( 0.0000000000000000000, 0.0000000000000000000, 1.000000000000000000 ) ) ;
#2117 = MECHANICAL_DESIGN_GEOMETRIC_PRESENTATION_REPRESENTATION (  '', ( #1306 ), #2397 ) ;
#2118 = CARTESIAN_POINT ( 'NONE',  ( 1.599999999999999900, 0.4850000000000000400, -0.5000000000000000000 ) ) ;
#2119 = STYLED_ITEM ( 'NONE', ( #1574 ), #1253 ) ;
#2120 = ADVANCED_FACE ( 'NONE', ( #1700 ), #999, .T. ) ;
#2121 = ORIENTED_EDGE ( 'NONE', *, *, #2469, .T. ) ;
#2122 = DIRECTION ( 'NONE',  ( 0.0000000000000000000, 0.0000000000000000000, -1.000000000000000000 ) ) ;
#2123 = DIRECTION ( 'NONE',  ( -0.0000000000000000000, -0.0000000000000000000, 1.000000000000000000 ) ) ;
#2124 = EDGE_CURVE ( 'NONE', #1323, #368, #98, .T. ) ;
#2125 = LINE ( 'NONE', #706, #2286 ) ;
#2126 = LINE ( 'NONE', #1557, #697 ) ;
#2127 = ORIENTED_EDGE ( 'NONE', *, *, #711, .T. ) ;
#2128 = DIRECTION ( 'NONE',  ( -1.000000000000000000, 0.0000000000000000000, -0.0000000000000000000 ) ) ;
#2129 = CARTESIAN_POINT ( 'NONE',  ( -0.4000000000000000800, 0.0000000000000000000, 0.5000000000000001100 ) ) ;
#2130 = CARTESIAN_POINT ( 'NONE',  ( 0.0000000000000000000, 0.5000000000000000000, 0.0000000000000000000 ) ) ;
#2131 = VECTOR ( 'NONE', #1383, 1000.000000000000000 ) ;
#2132 = CARTESIAN_POINT ( 'NONE',  ( -1.299999999999999400, -0.6760770861575040600, 0.5000000000000001100 ) ) ;
#2133 = VECTOR ( 'NONE', #2219, 1000.000000000000000 ) ;
#2134 = CARTESIAN_POINT ( 'NONE',  ( -0.2100000000000000200, -0.3746211251235321800, -0.4990000000000000000 ) ) ;
#2135 = ADVANCED_FACE ( 'NONE', ( #865 ), #1634, .F. ) ;
#2136 = DIRECTION ( 'NONE',  ( -0.0000000000000000000, -1.000000000000000000, -0.0000000000000000000 ) ) ;
#2137 = CIRCLE ( 'NONE', #631, 1.000000000000000000 ) ;
#2138 = PRESENTATION_LAYER_ASSIGNMENT (  '', '', ( #2177 ) ) ;
#2139 = SURFACE_STYLE_USAGE ( .BOTH. , #1624 ) ;
#2140 = CARTESIAN_POINT ( 'NONE',  ( 1.599999999999999900, 0.4850000000000001000, 0.1849999999999995500 ) ) ;
#2141 = VECTOR ( 'NONE', #2052, 1000.000000000000000 ) ;
#2142 = ORIENTED_EDGE ( 'NONE', *, *, #455, .T. ) ;
#2143 = LINE ( 'NONE', #1223, #2305 ) ;
#2144 =( LENGTH_UNIT ( ) NAMED_UNIT ( * ) SI_UNIT ( .MILLI., .METRE. ) );
#2145 = VERTEX_POINT ( 'NONE', #623 ) ;
#2146 = LINE ( 'NONE', #2380, #532 ) ;
#2147 = DIRECTION ( 'NONE',  ( -0.0000000000000000000, -0.0000000000000000000, 1.000000000000000000 ) ) ;
#2148 = ORIENTED_EDGE ( 'NONE', *, *, #313, .F. ) ;
#2149 = ORIENTED_EDGE ( 'NONE', *, *, #659, .T. ) ;
#2150 = DIRECTION ( 'NONE',  ( 0.0000000000000000000, -0.0000000000000000000, 1.000000000000000000 ) ) ;
#2151 = ADVANCED_FACE ( 'NONE', ( #1019 ), #1834, .F. ) ;
#2152 = DIRECTION ( 'NONE',  ( -0.0000000000000000000, -0.0000000000000000000, -1.000000000000000000 ) ) ;
#2153 = DIRECTION ( 'NONE',  ( 0.0000000000000000000, 0.0000000000000000000, -1.000000000000000000 ) ) ;
#2154 = PLANE ( 'NONE',  #1345 ) ;
#2155 = DIRECTION ( 'NONE',  ( 0.0000000000000000000, 0.0000000000000000000, -1.000000000000000000 ) ) ;
#2156 = CARTESIAN_POINT ( 'NONE',  ( -1.010000000000000000, 0.4500000000000000100, -0.2989999999999999900 ) ) ;
#2157 = AXIS2_PLACEMENT_3D ( 'NONE', #1118, #2548, #2308 ) ;
#2158 = VERTEX_POINT ( 'NONE', #436 ) ;
#2159 = CARTESIAN_POINT ( 'NONE',  ( -1.010000000000000000, -0.6760770861575040600, 0.5000000000000001100 ) ) ;
#2160 = AXIS2_PLACEMENT_3D ( 'NONE', #1941, #134, #946 ) ;
#2161 = CARTESIAN_POINT ( 'NONE',  ( -1.010000000000000000, 0.5000000000000000000, 0.4990000000000000000 ) ) ;
#2162 = VECTOR ( 'NONE', #233, 1000.000000000000000 ) ;
#2163 = EDGE_CURVE ( 'NONE', #2558, #89, #305, .T. ) ;
#2164 = ORIENTED_EDGE ( 'NONE', *, *, #1552, .F. ) ;
#2165 = CARTESIAN_POINT ( 'NONE',  ( -1.600000000000000300, 0.0000000000000000000, -0.1999999999999994300 ) ) ;
#2166 = VERTEX_POINT ( 'NONE', #1202 ) ;
#2167 = CARTESIAN_POINT ( 'NONE',  ( -0.8900000000000007900, 0.06499999999999994700, -0.4990000000000001100 ) ) ;
#2168 = EDGE_LOOP ( 'NONE', ( #2213, #37, #2114, #142, #1524, #326, #310, #2142, #2310, #724 ) ) ;
#2169 = EDGE_LOOP ( 'NONE', ( #971, #1148, #1889, #1932 ) ) ;
#2170 = VECTOR ( 'NONE', #745, 1000.000000000000000 ) ;
#2171 = CARTESIAN_POINT ( 'NONE',  ( -1.010000000000000000, 0.5000000000000000000, 0.5000000000000001100 ) ) ;
#2172 = FACE_OUTER_BOUND ( 'NONE', #2403, .T. ) ;
#2173 = CARTESIAN_POINT ( 'NONE',  ( -0.5500000000000001600, 1.119326325195383300, -0.4990000000000001100 ) ) ;
#2174 = VECTOR ( 'NONE', #101, 1000.000000000000000 ) ;
#2175 = DIRECTION ( 'NONE',  ( 0.0000000000000000000, 0.0000000000000000000, 1.000000000000000000 ) ) ;
#2176 = VERTEX_POINT ( 'NONE', #1039 ) ;
#2177 = STYLED_ITEM ( 'NONE', ( #1979 ), #1616 ) ;
#2178 = VERTEX_POINT ( 'NONE', #444 ) ;
#2179 = EDGE_CURVE ( 'NONE', #1657, #2178, #2227, .T. ) ;
#2180 = ADVANCED_FACE ( 'NONE', ( #1081 ), #1232, .F. ) ;
#2181 = DIRECTION ( 'NONE',  ( 1.000000000000000000, -0.0000000000000000000, 0.0000000000000000000 ) ) ;
#2182 = ORIENTED_EDGE ( 'NONE', *, *, #1638, .F. ) ;
#2183 = CARTESIAN_POINT ( 'NONE',  ( -0.2100000000000000200, -0.3746211251235321800, 0.2989999999999999900 ) ) ;
#2184 = EDGE_LOOP ( 'NONE', ( #365, #2121, #1307, #393, #481, #1768, #397, #884 ) ) ;
#2185 = CARTESIAN_POINT ( 'NONE',  ( -0.8900000000000007900, 1.119326325195383300, -0.4990000000000001100 ) ) ;
#2186 = CARTESIAN_POINT ( 'NONE',  ( -1.010000000000000000, 0.5000000000000000000, 0.2989999999999999900 ) ) ;
#2187 = FILL_AREA_STYLE ('',( #1788 ) ) ;
#2188 = DIRECTION ( 'NONE',  ( 0.0000000000000000000, 0.0000000000000000000, 1.000000000000000000 ) ) ;
#2189 = ORIENTED_EDGE ( 'NONE', *, *, #931, .T. ) ;
#2190 = DIRECTION ( 'NONE',  ( -1.000000000000000000, 0.0000000000000000000, -0.0000000000000000000 ) ) ;
#2191 = ORIENTED_EDGE ( 'NONE', *, *, #1617, .F. ) ;
#2192 = PRODUCT_DEFINITION_CONTEXT ( 'detailed design', #1198, 'design' ) ;
#2193 = AXIS2_PLACEMENT_3D ( 'NONE', #602, #2009, #2222 ) ;
#2194 = DIRECTION ( 'NONE',  ( -1.000000000000000000, 0.0000000000000000000, 0.0000000000000000000 ) ) ;
#2195 = VECTOR ( 'NONE', #774, 1000.000000000000000 ) ;
#2196 = ORIENTED_EDGE ( 'NONE', *, *, #1971, .T. ) ;
#2197 = EDGE_LOOP ( 'NONE', ( #2438, #2375, #1131, #863 ) ) ;
#2198 = SURFACE_SIDE_STYLE ('',( #278 ) ) ;
#2199 = CARTESIAN_POINT ( 'NONE',  ( -0.8900000000000007900, 0.06500000000000000200, -0.4990000000000001100 ) ) ;
#2200 = VERTEX_POINT ( 'NONE', #809 ) ;
#2201 = EDGE_CURVE ( 'NONE', #1194, #2247, #1875, .T. ) ;
#2202 = CARTESIAN_POINT ( 'NONE',  ( -1.599999999999999900, 0.01499999999999998600, -0.5000000000000000000 ) ) ;
#2203 = CARTESIAN_POINT ( 'NONE',  ( 1.599999999999999900, -0.4304772721475256200, 0.1849999999999995500 ) ) ;
#2204 = PRESENTATION_STYLE_ASSIGNMENT (( #1599 ) ) ;
#2205 = DIRECTION ( 'NONE',  ( 0.0000000000000000000, 1.000000000000000000, 0.0000000000000000000 ) ) ;
#2206 = VECTOR ( 'NONE', #553, 1000.000000000000000 ) ;
#2207 = PLANE ( 'NONE',  #947 ) ;
#2208 = LINE ( 'NONE', #1629, #678 ) ;
#2209 = ORIENTED_EDGE ( 'NONE', *, *, #1227, .F. ) ;
#2210 = LINE ( 'NONE', #1288, #1064 ) ;
#2211 = EDGE_CURVE ( 'NONE', #1101, #2586, #547, .T. ) ;
#2212 = CARTESIAN_POINT ( 'NONE',  ( 0.0000000000000000000, 0.0000000000000000000, 0.0000000000000000000 ) ) ;
#2213 = ORIENTED_EDGE ( 'NONE', *, *, #229, .T. ) ;
#2214 = CYLINDRICAL_SURFACE ( 'NONE', #2326, 0.3150000000000003900 ) ;
#2215 = MECHANICAL_DESIGN_GEOMETRIC_PRESENTATION_REPRESENTATION (  '', ( #803 ), #619 ) ;
#2216 = ORIENTED_EDGE ( 'NONE', *, *, #2330, .T. ) ;
#2217 = ORIENTED_EDGE ( 'NONE', *, *, #155, .T. ) ;
#2218 = EDGE_CURVE ( 'NONE', #789, #1304, #1559, .T. ) ;
#2219 = DIRECTION ( 'NONE',  ( 0.0000000000000000000, 0.0000000000000000000, 1.000000000000000000 ) ) ;
#2220 = VERTEX_POINT ( 'NONE', #2295 ) ;
#2221 = DIRECTION ( 'NONE',  ( 0.0000000000000000000, 0.0000000000000000000, -1.000000000000000000 ) ) ;
#2222 = DIRECTION ( 'NONE',  ( 0.0000000000000000000, 0.0000000000000000000, -1.000000000000000000 ) ) ;
#2223 = VECTOR ( 'NONE', #1847, 1000.000000000000000 ) ;
#2224 = CARTESIAN_POINT ( 'NONE',  ( -1.040000000000000700, 0.0000000000000000000, 0.5000000000000001100 ) ) ;
#2225 = DIRECTION ( 'NONE',  ( 0.0000000000000000000, 1.000000000000000000, 0.0000000000000000000 ) ) ;
#2226 = DIRECTION ( 'NONE',  ( 1.000000000000000000, 0.0000000000000000000, 0.0000000000000000000 ) ) ;
#2227 = LINE ( 'NONE', #27, #666 ) ;
#2228 = DIRECTION ( 'NONE',  ( -2.168404344971008400E-016, -0.0000000000000000000, -1.000000000000000000 ) ) ;
#2229 = MECHANICAL_DESIGN_GEOMETRIC_PRESENTATION_REPRESENTATION (  '', ( #2119 ), #1274 ) ;
#2230 = PLANE ( 'NONE',  #1714 ) ;
#2231 = ORIENTED_EDGE ( 'NONE', *, *, #1701, .T. ) ;
#2232 = EDGE_CURVE ( 'NONE', #208, #1074, #2320, .T. ) ;
#2233 = CARTESIAN_POINT ( 'NONE',  ( 0.3999999999999999700, 0.01499999999999999900, -0.5000000000000001100 ) ) ;
#2234 = ORIENTED_EDGE ( 'NONE', *, *, #2263, .F. ) ;
#2235 = FACE_OUTER_BOUND ( 'NONE', #1844, .T. ) ;
#2236 = DIRECTION ( 'NONE',  ( -0.0000000000000000000, 1.000000000000000000, -0.0000000000000000000 ) ) ;
#2237 = PLANE ( 'NONE',  #99 ) ;
#2238 = LINE ( 'NONE', #643, #1182 ) ;
#2239 = CARTESIAN_POINT ( 'NONE',  ( 1.299999999999999400, 0.5000000000000000000, 0.5000000000000001100 ) ) ;
#2240 = VECTOR ( 'NONE', #2287, 1000.000000000000000 ) ;
#2241 = CARTESIAN_POINT ( 'NONE',  ( 0.0000000000000000000, 0.01499999999999999900, 0.0000000000000000000 ) ) ;
#2242 = ORIENTED_EDGE ( 'NONE', *, *, #615, .F. ) ;
#2243 = ORIENTED_EDGE ( 'NONE', *, *, #990, .T. ) ;
#2244 = CIRCLE ( 'NONE', #1930, 0.3000000000000005400 ) ;
#2245 = DIRECTION ( 'NONE',  ( -0.0000000000000000000, 0.0000000000000000000, 1.000000000000000000 ) ) ;
#2246 = ORIENTED_EDGE ( 'NONE', *, *, #1514, .F. ) ;
#2247 = VERTEX_POINT ( 'NONE', #1685 ) ;
#2248 = DIRECTION ( 'NONE',  ( -1.000000000000000000, 0.0000000000000000000, -0.0000000000000000000 ) ) ;
#2249 = EDGE_CURVE ( 'NONE', #627, #2304, #1531, .T. ) ;
#2250 = DIRECTION ( 'NONE',  ( 0.0000000000000000000, 1.000000000000000000, 0.0000000000000000000 ) ) ;
#2251 = ORIENTED_EDGE ( 'NONE', *, *, #1173, .F. ) ;
#2252 = AXIS2_PLACEMENT_3D ( 'NONE', #486, #1072, #1469 ) ;
#2253 = EDGE_CURVE ( 'NONE', #1040, #1545, #741, .T. ) ;
#2254 = DIRECTION ( 'NONE',  ( -0.0000000000000000000, 1.000000000000000000, -0.0000000000000000000 ) ) ;
#2255 = DIRECTION ( 'NONE',  ( 0.0000000000000000000, 0.0000000000000000000, 1.000000000000000000 ) ) ;
#2256 = ORIENTED_EDGE ( 'NONE', *, *, #1391, .F. ) ;
#2257 = CARTESIAN_POINT ( 'NONE',  ( 1.010000000000000200, 0.5000000000000000000, -0.5000000000000001100 ) ) ;
#2258 = ORIENTED_EDGE ( 'NONE', *, *, #2452, .T. ) ;
#2259 = AXIS2_PLACEMENT_3D ( 'NONE', #1067, #70, #448 ) ;
#2260 = VERTEX_POINT ( 'NONE', #256 ) ;
#2261 = DIRECTION ( 'NONE',  ( 0.0000000000000000000, -0.0000000000000000000, 1.000000000000000000 ) ) ;
#2262 = AXIS2_PLACEMENT_3D ( 'NONE', #2130, #2517, #2527 ) ;
#2263 = EDGE_CURVE ( 'NONE', #77, #44, #2289, .T. ) ;
#2264 = FACE_OUTER_BOUND ( 'NONE', #2060, .T. ) ;
#2265 = ADVANCED_FACE ( 'NONE', ( #1691 ), #1667, .F. ) ;
#2266 = PLANE ( 'NONE',  #1389 ) ;
#2267 = LINE ( 'NONE', #1211, #1380 ) ;
#2268 = DIRECTION ( 'NONE',  ( 1.000000000000000000, 0.0000000000000000000, -0.0000000000000000000 ) ) ;
#2269 = CARTESIAN_POINT ( 'NONE',  ( 1.040000000000000700, 0.0000000000000000000, 0.5000000000000001100 ) ) ;
#2270 = LINE ( 'NONE', #1210, #499 ) ;
#2271 = ORIENTED_EDGE ( 'NONE', *, *, #370, .T. ) ;
#2272 = VECTOR ( 'NONE', #810, 1000.000000000000000 ) ;
#2273 = EDGE_LOOP ( 'NONE', ( #1842, #394, #487, #599, #1964, #670, #1830, #1400 ) ) ;
#2274 = ORIENTED_EDGE ( 'NONE', *, *, #2073, .F. ) ;
#2275 = LINE ( 'NONE', #349, #1385 ) ;
#2276 = CARTESIAN_POINT ( 'NONE',  ( 1.600000000000000300, 0.0000000000000000000, 0.1999999999999994800 ) ) ;
#2277 = SURFACE_STYLE_USAGE ( .BOTH. , #1263 ) ;
#2278 = ORIENTED_EDGE ( 'NONE', *, *, #498, .F. ) ;
#2279 =( GEOMETRIC_REPRESENTATION_CONTEXT ( 3 ) GLOBAL_UNCERTAINTY_ASSIGNED_CONTEXT ( ( #1919 ) ) GLOBAL_UNIT_ASSIGNED_CONTEXT ( ( #605, #419, #1797 ) ) REPRESENTATION_CONTEXT ( 'NONE', 'WORKASPACE' ) );
#2280 = DIRECTION ( 'NONE',  ( -0.0000000000000000000, -1.000000000000000000, 0.0000000000000000000 ) ) ;
#2281 = LINE ( 'NONE', #2008, #857 ) ;
#2282 = CARTESIAN_POINT ( 'NONE',  ( -1.000000000000000000, 0.5000000000000000000, 2.736067977499789400 ) ) ;
#2283 = DIRECTION ( 'NONE',  ( -0.0000000000000000000, 1.000000000000000000, -0.0000000000000000000 ) ) ;
#2284 = VECTOR ( 'NONE', #864, 1000.000000000000000 ) ;
#2285 = DIRECTION ( 'NONE',  ( -0.0000000000000000000, -0.0000000000000000000, 1.000000000000000000 ) ) ;
#2286 = VECTOR ( 'NONE', #2535, 1000.000000000000000 ) ;
#2287 = DIRECTION ( 'NONE',  ( -1.000000000000000000, -0.0000000000000000000, -0.0000000000000000000 ) ) ;
#2288 = ORIENTED_EDGE ( 'NONE', *, *, #2402, .T. ) ;
#2289 = LINE ( 'NONE', #469, #1272 ) ;
#2290 = ADVANCED_FACE ( 'NONE', ( #1903 ), #461, .F. ) ;
#2291 = DIRECTION ( 'NONE',  ( 0.0000000000000000000, 0.0000000000000000000, 1.000000000000000000 ) ) ;
#2292 =( NAMED_UNIT ( * ) PLANE_ANGLE_UNIT ( ) SI_UNIT ( $, .RADIAN. ) );
#2293 = DIRECTION ( 'NONE',  ( 0.0000000000000000000, 1.000000000000000000, 0.0000000000000000000 ) ) ;
#2294 = EDGE_CURVE ( 'NONE', #1501, #1109, #1208, .T. ) ;
#2295 = CARTESIAN_POINT ( 'NONE',  ( 1.010000000000000000, 0.4850000000000000400, 0.5000000000000001100 ) ) ;
#2296 = DIRECTION ( 'NONE',  ( -2.168404344971008400E-016, 0.0000000000000000000, -1.000000000000000000 ) ) ;
#2297 = LINE ( 'NONE', #1328, #1853 ) ;
#2298 = AXIS2_PLACEMENT_3D ( 'NONE', #2490, #1282, #674 ) ;
#2299 = EDGE_CURVE ( 'NONE', #292, #626, #2415, .T. ) ;
#2300 = FACE_OUTER_BOUND ( 'NONE', #359, .T. ) ;
#2301 = FACE_OUTER_BOUND ( 'NONE', #1551, .T. ) ;
#2302 = EDGE_LOOP ( 'NONE', ( #431, #1580, #1070, #1653 ) ) ;
#2303 = ORIENTED_EDGE ( 'NONE', *, *, #2106, .F. ) ;
#2304 = VERTEX_POINT ( 'NONE', #100 ) ;
#2305 = VECTOR ( 'NONE', #825, 1000.000000000000000 ) ;
#2306 = DIRECTION ( 'NONE',  ( -0.0000000000000000000, -1.000000000000000000, 0.0000000000000000000 ) ) ;
#2307 = ORIENTED_EDGE ( 'NONE', *, *, #2179, .T. ) ;
#2308 = DIRECTION ( 'NONE',  ( 0.0000000000000000000, 0.0000000000000000000, 1.000000000000000000 ) ) ;
#2309 = ORIENTED_EDGE ( 'NONE', *, *, #1602, .F. ) ;
#2310 = ORIENTED_EDGE ( 'NONE', *, *, #424, .T. ) ;
#2311 = AXIS2_PLACEMENT_3D ( 'NONE', #2022, #2250, #1425 ) ;
#2312 = CARTESIAN_POINT ( 'NONE',  ( -1.599999999999999900, 0.5000000000000000000, -0.5000000000000000000 ) ) ;
#2313 = MECHANICAL_DESIGN_GEOMETRIC_PRESENTATION_REPRESENTATION (  '', ( #2177 ), #2279 ) ;
#2314 = CARTESIAN_POINT ( 'NONE',  ( -1.599999999999999900, 0.4850000000000000400, -0.5000000000000000000 ) ) ;
#2315 = CARTESIAN_POINT ( 'NONE',  ( 1.010000000000000200, 0.5000000000000000000, -0.5000000000000001100 ) ) ;
#2316 = EDGE_CURVE ( 'NONE', #1710, #1741, #2003, .T. ) ;
#2317 = EDGE_LOOP ( 'NONE', ( #1654, #1642, #2217, #307 ) ) ;
#2318 = CARTESIAN_POINT ( 'NONE',  ( 0.3999999999999999700, 0.0000000000000000000, -0.5000000000000001100 ) ) ;
#2319 = ORIENTED_EDGE ( 'NONE', *, *, #1552, .T. ) ;
#2320 = LINE ( 'NONE', #2472, #245 ) ;
#2321 = ORIENTED_EDGE ( 'NONE', *, *, #604, .F. ) ;
#2322 = VERTEX_POINT ( 'NONE', #2501 ) ;
#2323 = ORIENTED_EDGE ( 'NONE', *, *, #2519, .T. ) ;
#2324 = ADVANCED_FACE ( 'NONE', ( #2093 ), #859, .F. ) ;
#2325 = LINE ( 'NONE', #1443, #808 ) ;
#2326 = AXIS2_PLACEMENT_3D ( 'NONE', #1942, #930, #1014 ) ;
#2327 = LINE ( 'NONE', #2385, #1603 ) ;
#2328 = PLANE ( 'NONE',  #1135 ) ;
#2329 = VECTOR ( 'NONE', #1982, 1000.000000000000000 ) ;
#2330 = EDGE_CURVE ( 'NONE', #2503, #1949, #2032, .T. ) ;
#2331 = VECTOR ( 'NONE', #838, 1000.000000000000000 ) ;
#2332 = VERTEX_POINT ( 'NONE', #2269 ) ;
#2333 = CARTESIAN_POINT ( 'NONE',  ( 1.599999999999999900, 0.5000000000000000000, 0.5000000000000000000 ) ) ;
#2334 = ORIENTED_EDGE ( 'NONE', *, *, #888, .F. ) ;
#2335 = ORIENTED_EDGE ( 'NONE', *, *, #1535, .T. ) ;
#2336 = LINE ( 'NONE', #1575, #881 ) ;
#2337 = ADVANCED_FACE ( 'NONE', ( #952 ), #2079, .F. ) ;
#2338 = ORIENTED_EDGE ( 'NONE', *, *, #1186, .F. ) ;
#2339 = DIRECTION ( 'NONE',  ( -0.0000000000000000000, -1.000000000000000000, -0.0000000000000000000 ) ) ;
#2340 = VERTEX_POINT ( 'NONE', #93 ) ;
#2341 = PLANE ( 'NONE',  #358 ) ;
#2342 = AXIS2_PLACEMENT_3D ( 'NONE', #1752, #148, #559 ) ;
#2343 = EDGE_CURVE ( 'NONE', #192, #2082, #1626, .T. ) ;
#2344 = AXIS2_PLACEMENT_3D ( 'NONE', #92, #2293, #2085 ) ;
#2345 = LINE ( 'NONE', #914, #796 ) ;
#2346 = CARTESIAN_POINT ( 'NONE',  ( 1.010000000000000000, 0.4849999999999999900, 0.5000000000000001100 ) ) ;
#2347 = EDGE_CURVE ( 'NONE', #608, #292, #427, .T. ) ;
#2348 = FACE_OUTER_BOUND ( 'NONE', #974, .T. ) ;
#2349 = CARTESIAN_POINT ( 'NONE',  ( -1.010000000000000000, -0.3746211251235321800, 0.2989999999999999900 ) ) ;
#2350 = ORIENTED_EDGE ( 'NONE', *, *, #1449, .F. ) ;
#2351 = ADVANCED_FACE ( 'NONE', ( #366 ), #1521, .F. ) ;
#2352 = CARTESIAN_POINT ( 'NONE',  ( -1.010000000000000200, 0.4850000000000000400, -0.5000000000000001100 ) ) ;
#2353 = VECTOR ( 'NONE', #115, 1000.000000000000000 ) ;
#2354 = CLOSED_SHELL ( 'NONE', ( #1757, #2135, #1516, #2151, #250, #1948, #2290, #1728, #702, #2453, #750, #73, #2062, #732, #650, #185, #172, #1278, #534, #2180, #2351, #2379, #1053, #915, #348, #1854, #274, #628, #2086, #1682, #1371 ) ) ;
#2355 = PLANE ( 'NONE',  #696 ) ;
#2356 = VERTEX_POINT ( 'NONE', #83 ) ;
#2357 = LINE ( 'NONE', #583, #2131 ) ;
#2358 = CARTESIAN_POINT ( 'NONE',  ( -0.5500000000000001600, 1.119326325195383300, -0.4990000000000001100 ) ) ;
#2359 = VECTOR ( 'NONE', #1076, 1000.000000000000000 ) ;
#2360 = UNCERTAINTY_MEASURE_WITH_UNIT (LENGTH_MEASURE( 1.000000000000000100E-005 ), #1841, 'distance_accuracy_value', 'NONE');
#2361 = AXIS2_PLACEMENT_3D ( 'NONE', #117, #2339, #1740 ) ;
#2362 = EDGE_CURVE ( 'NONE', #44, #2178, #1373, .T. ) ;
#2363 = CARTESIAN_POINT ( 'NONE',  ( 1.299999999999999800, -1.280624847486569800, -0.5000000000000001100 ) ) ;
#2364 = CYLINDRICAL_SURFACE ( 'NONE', #770, 0.3150000000000003900 ) ;
#2365 = ADVANCED_FACE ( 'NONE', ( #1401 ), #1711, .T. ) ;
#2366 = EDGE_LOOP ( 'NONE', ( #1960, #188, #1, #389, #1708, #603 ) ) ;
#2367 = DIRECTION ( 'NONE',  ( 0.0000000000000000000, 1.000000000000000000, 0.0000000000000000000 ) ) ;
#2368 = CARTESIAN_POINT ( 'NONE',  ( -1.599999999999999900, 0.01499999999999998600, -0.1849999999999995500 ) ) ;
#2369 = STYLED_ITEM ( 'NONE', ( #1720 ), #1502 ) ;
#2370 = ORIENTED_EDGE ( 'NONE', *, *, #1955, .F. ) ;
#2371 = DIRECTION ( 'NONE',  ( 0.0000000000000000000, 0.0000000000000000000, -1.000000000000000000 ) ) ;
#2372 = LINE ( 'NONE', #13, #328 ) ;
#2373 = ORIENTED_EDGE ( 'NONE', *, *, #2253, .F. ) ;
#2374 = DIRECTION ( 'NONE',  ( -1.000000000000000000, 0.0000000000000000000, -0.0000000000000000000 ) ) ;
#2375 = ORIENTED_EDGE ( 'NONE', *, *, #1602, .T. ) ;
#2376 = EDGE_LOOP ( 'NONE', ( #2148, #701, #943, #2274 ) ) ;
#2377 = CARTESIAN_POINT ( 'NONE',  ( -1.010000000000000000, 0.5000000000000000000, 0.2989999999999999900 ) ) ;
#2378 = CARTESIAN_POINT ( 'NONE',  ( 1.284999999999999500, 0.4849999999999999300, 0.4999999999999998900 ) ) ;
#2379 = ADVANCED_FACE ( 'NONE', ( #1336 ), #885, .T. ) ;
#2380 = CARTESIAN_POINT ( 'NONE',  ( -0.2100000000000000200, -0.3746211251235321800, 0.2989999999999999900 ) ) ;
#2381 = EDGE_CURVE ( 'NONE', #2099, #1144, #800, .T. ) ;
#2382 = VERTEX_POINT ( 'NONE', #1897 ) ;
#2383 = ORIENTED_EDGE ( 'NONE', *, *, #691, .F. ) ;
#2384 = AXIS2_PLACEMENT_3D ( 'NONE', #1645, #1417, #817 ) ;
#2385 = CARTESIAN_POINT ( 'NONE',  ( 1.599999999999999900, 0.5000000000000000000, 0.1999999999999994300 ) ) ;
#2386 = LINE ( 'NONE', #1727, #1843 ) ;
#2387 = EDGE_CURVE ( 'NONE', #205, #104, #989, .T. ) ;
#2388 = ORIENTED_EDGE ( 'NONE', *, *, #659, .F. ) ;
#2389 = CARTESIAN_POINT ( 'NONE',  ( -0.2100000000000000200, 0.4500000000000000100, 0.2989999999999999900 ) ) ;
#2390 = EDGE_LOOP ( 'NONE', ( #1777, #1006, #1228, #954 ) ) ;
#2391 = ORIENTED_EDGE ( 'NONE', *, *, #2057, .T. ) ;
#2392 = FILL_AREA_STYLE_COLOUR ( '', #987 ) ;
#2393 = ORIENTED_EDGE ( 'NONE', *, *, #1535, .F. ) ;
#2394 = VECTOR ( 'NONE', #802, 1000.000000000000000 ) ;
#2395 = AXIS2_PLACEMENT_3D ( 'NONE', #600, #1001, #29 ) ;
#2396 = DIRECTION ( 'NONE',  ( 0.0000000000000000000, 0.0000000000000000000, -1.000000000000000000 ) ) ;
#2397 =( GEOMETRIC_REPRESENTATION_CONTEXT ( 3 ) GLOBAL_UNCERTAINTY_ASSIGNED_CONTEXT ( ( #1029 ) ) GLOBAL_UNIT_ASSIGNED_CONTEXT ( ( #124, #913, #1518 ) ) REPRESENTATION_CONTEXT ( 'NONE', 'WORKASPACE' ) );
#2398 = DIRECTION ( 'NONE',  ( -1.000000000000000000, -0.0000000000000000000, -0.0000000000000000000 ) ) ;
#2399 = AXIS2_PLACEMENT_3D ( 'NONE', #1779, #152, #360 ) ;
#2400 = VERTEX_POINT ( 'NONE', #1534 ) ;
#2401 = CYLINDRICAL_SURFACE ( 'NONE', #1800, 0.3150000000000003900 ) ;
#2402 = EDGE_CURVE ( 'NONE', #1188, #1040, #1967, .T. ) ;
#2403 = EDGE_LOOP ( 'NONE', ( #1925, #695, #669, #665 ) ) ;
#2404 = LINE ( 'NONE', #1906, #2563 ) ;
#2405 =( LENGTH_UNIT ( ) NAMED_UNIT ( * ) SI_UNIT ( .MILLI., .METRE. ) );
#2406 = ORIENTED_EDGE ( 'NONE', *, *, #2467, .F. ) ;
#2407 = CARTESIAN_POINT ( 'NONE',  ( 1.599999999999999900, -0.4304772721475256200, 0.5000000000000000000 ) ) ;
#2408 = DIRECTION ( 'NONE',  ( 0.0000000000000000000, 0.0000000000000000000, 1.000000000000000000 ) ) ;
#2409 = CARTESIAN_POINT ( 'NONE',  ( -0.8900000000000007900, 1.119326325195383300, 0.4990000000000001100 ) ) ;
#2410 = CIRCLE ( 'NONE', #985, 0.3150000000000003900 ) ;
#2411 = DIRECTION ( 'NONE',  ( 0.0000000000000000000, 0.0000000000000000000, 1.000000000000000000 ) ) ;
#2412 = AXIS2_PLACEMENT_3D ( 'NONE', #195, #1589, #1558 ) ;
#2413 = CARTESIAN_POINT ( 'NONE',  ( -1.010000000000000200, 0.4500000000000000100, -0.2989999999999999900 ) ) ;
#2414 = VECTOR ( 'NONE', #430, 1000.000000000000000 ) ;
#2415 = LINE ( 'NONE', #645, #2547 ) ;
#2416 =( LENGTH_UNIT ( ) NAMED_UNIT ( * ) SI_UNIT ( .MILLI., .METRE. ) );
#2417 = CARTESIAN_POINT ( 'NONE',  ( -0.4000000000000000800, 0.01499999999999999900, 0.5000000000000001100 ) ) ;
#2418 = DIRECTION ( 'NONE',  ( 1.000000000000000000, 0.0000000000000000000, -0.0000000000000000000 ) ) ;
#2419 = DIRECTION ( 'NONE',  ( 0.0000000000000000000, 1.000000000000000000, 0.0000000000000000000 ) ) ;
#2420 = CARTESIAN_POINT ( 'NONE',  ( -1.010000000000000000, -0.6760770861575040600, 0.5000000000000001100 ) ) ;
#2421 = FACE_OUTER_BOUND ( 'NONE', #1771, .T. ) ;
#2422 = CARTESIAN_POINT ( 'NONE',  ( 1.010000000000000200, 0.4850000000000000400, -0.5000000000000001100 ) ) ;
#2423 = VECTOR ( 'NONE', #362, 1000.000000000000000 ) ;
#2424 = DIRECTION ( 'NONE',  ( -1.000000000000000000, 0.0000000000000000000, -0.0000000000000000000 ) ) ;
#2425 = FACE_OUTER_BOUND ( 'NONE', #42, .T. ) ;
#2426 = EDGE_LOOP ( 'NONE', ( #948, #2096, #2468, #2448 ) ) ;
#2427 = CARTESIAN_POINT ( 'NONE',  ( -1.284999999999999500, 0.01499999999999998600, 0.5000000000000001100 ) ) ;
#2428 = VECTOR ( 'NONE', #901, 1000.000000000000000 ) ;
#2429 = EDGE_CURVE ( 'NONE', #1646, #175, #282, .T. ) ;
#2430 = CARTESIAN_POINT ( 'NONE',  ( -1.010000000000000200, 0.4850000000000000400, -0.5000000000000001100 ) ) ;
#2431 = DIRECTION ( 'NONE',  ( -0.0000000000000000000, -1.000000000000000000, -0.0000000000000000000 ) ) ;
#2432 = ORIENTED_EDGE ( 'NONE', *, *, #2347, .F. ) ;
#2433 = FACE_OUTER_BOUND ( 'NONE', #2107, .T. ) ;
#2434 = AXIS2_PLACEMENT_3D ( 'NONE', #1168, #590, #1582 ) ;
#2435 = ORIENTED_EDGE ( 'NONE', *, *, #1054, .T. ) ;
#2436 = EDGE_CURVE ( 'NONE', #40, #1686, #1753, .T. ) ;
#2437 = CARTESIAN_POINT ( 'NONE',  ( 1.599999999999999900, 0.01499999999999998600, 0.1849999999999995500 ) ) ;
#2438 = ORIENTED_EDGE ( 'NONE', *, *, #1296, .F. ) ;
#2439 = PLANE ( 'NONE',  #281 ) ;
#2440 = VERTEX_POINT ( 'NONE', #1085 ) ;
#2441 = CARTESIAN_POINT ( 'NONE',  ( 1.010000000000000200, 0.4849999999999999900, -0.5000000000000001100 ) ) ;
#2442 = UNCERTAINTY_MEASURE_WITH_UNIT (LENGTH_MEASURE( 1.000000000000000100E-005 ), #2405, 'distance_accuracy_value', 'NONE');
#2443 = DIRECTION ( 'NONE',  ( 0.0000000000000000000, -1.000000000000000000, 0.0000000000000000000 ) ) ;
#2444 = ORIENTED_EDGE ( 'NONE', *, *, #589, .F. ) ;
#2445 = ORIENTED_EDGE ( 'NONE', *, *, #976, .F. ) ;
#2446 = EDGE_CURVE ( 'NONE', #1678, #1374, #2511, .T. ) ;
#2447 = FACE_OUTER_BOUND ( 'NONE', #2169, .T. ) ;
#2448 = ORIENTED_EDGE ( 'NONE', *, *, #1652, .T. ) ;
#2449 = ORIENTED_EDGE ( 'NONE', *, *, #1922, .T. ) ;
#2450 = DIRECTION ( 'NONE',  ( 0.0000000000000000000, 0.0000000000000000000, 1.000000000000000000 ) ) ;
#2451 = VERTEX_POINT ( 'NONE', #329 ) ;
#2452 = EDGE_CURVE ( 'NONE', #1172, #2304, #2386, .T. ) ;
#2453 = ADVANCED_FACE ( 'NONE', ( #2447 ), #2545, .F. ) ;
#2454 = DIRECTION ( 'NONE',  ( 0.0000000000000000000, -0.0000000000000000000, 1.000000000000000000 ) ) ;
#2455 = LINE ( 'NONE', #467, #1976 ) ;
#2456 = DIRECTION ( 'NONE',  ( -0.0000000000000000000, -0.0000000000000000000, -1.000000000000000000 ) ) ;
#2457 = LINE ( 'NONE', #1190, #1154 ) ;
#2458 = CIRCLE ( 'NONE', #85, 0.3150000000000003900 ) ;
#2459 = CARTESIAN_POINT ( 'NONE',  ( -0.5500000000000001600, 0.01499999999999999900, -0.4990000000000001100 ) ) ;
#2460 = CARTESIAN_POINT ( 'NONE',  ( -0.2100000000000000200, 0.5000000000000000000, -0.4990000000000000000 ) ) ;
#2461 = ORIENTED_EDGE ( 'NONE', *, *, #451, .F. ) ;
#2462 = VECTOR ( 'NONE', #1511, 1000.000000000000000 ) ;
#2463 = ADVANCED_FACE ( 'NONE', ( #1463 ), #2112, .F. ) ;
#2464 = AXIS2_PLACEMENT_3D ( 'NONE', #2407, #587, #1214 ) ;
#2465 = ORIENTED_EDGE ( 'NONE', *, *, #1805, .T. ) ;
#2466 = VECTOR ( 'NONE', #2570, 1000.000000000000000 ) ;
#2467 = EDGE_CURVE ( 'NONE', #626, #889, #1301, .T. ) ;
#2468 = ORIENTED_EDGE ( 'NONE', *, *, #1584, .F. ) ;
#2469 = EDGE_CURVE ( 'NONE', #1905, #1323, #1781, .T. ) ;
#2470 = CARTESIAN_POINT ( 'NONE',  ( -1.010000000000000000, -0.3746211251235321800, 0.2989999999999999900 ) ) ;
#2471 = CARTESIAN_POINT ( 'NONE',  ( 1.599999999999999900, 0.01499999999999998600, -0.1849999999999995500 ) ) ;
#2472 = CARTESIAN_POINT ( 'NONE',  ( 1.010000000000000200, -0.6760770861575040600, -0.5000000000000001100 ) ) ;
#2473 = DIRECTION ( 'NONE',  ( -0.0000000000000000000, 1.000000000000000000, -0.0000000000000000000 ) ) ;
#2474 = ORIENTED_EDGE ( 'NONE', *, *, #1478, .F. ) ;
#2475 = ORIENTED_EDGE ( 'NONE', *, *, #2347, .T. ) ;
#2476 = ADVANCED_FACE ( 'NONE', ( #827 ), #1308, .T. ) ;
#2477 = LINE ( 'NONE', #241, #2543 ) ;
#2478 = DIRECTION ( 'NONE',  ( 0.0000000000000000000, 0.0000000000000000000, -1.000000000000000000 ) ) ;
#2479 = ORIENTED_EDGE ( 'NONE', *, *, #2026, .F. ) ;
#2480 =( NAMED_UNIT ( * ) SI_UNIT ( $, .STERADIAN. ) SOLID_ANGLE_UNIT ( ) );
#2481 = VECTOR ( 'NONE', #1915, 1000.000000000000000 ) ;
#2482 = EDGE_CURVE ( 'NONE', #2166, #1640, #2126, .T. ) ;
#2483 = CARTESIAN_POINT ( 'NONE',  ( -1.010000000000000200, -0.6760770861575040600, -0.5000000000000001100 ) ) ;
#2484 = EDGE_CURVE ( 'NONE', #501, #205, #1175, .T. ) ;
#2485 = VECTOR ( 'NONE', #1792, 1000.000000000000000 ) ;
#2486 = CARTESIAN_POINT ( 'NONE',  ( 1.010000000000000000, 0.5000000000000000000, 0.5000000000000001100 ) ) ;
#2487 = VECTOR ( 'NONE', #963, 1000.000000000000000 ) ;
#2488 = ADVANCED_FACE ( 'NONE', ( #1238 ), #1165, .T. ) ;
#2489 = LINE ( 'NONE', #1946, #2556 ) ;
#2490 = CARTESIAN_POINT ( 'NONE',  ( 0.0000000000000000000, 0.4500000000000000100, 0.0000000000000000000 ) ) ;
#2491 = DIRECTION ( 'NONE',  ( 0.0000000000000000000, 0.0000000000000000000, -1.000000000000000000 ) ) ;
#2492 = CARTESIAN_POINT ( 'NONE',  ( 1.599999999999999900, 0.01499999999999998600, 0.1849999999999995500 ) ) ;
#2493 = CIRCLE ( 'NONE', #373, 0.3150000000000003900 ) ;
#2494 = ORIENTED_EDGE ( 'NONE', *, *, #2058, .F. ) ;
#2495 = LINE ( 'NONE', #1124, #388 ) ;
#2496 = ORIENTED_EDGE ( 'NONE', *, *, #1325, .F. ) ;
#2497 = LINE ( 'NONE', #1725, #2530 ) ;
#2498 = CARTESIAN_POINT ( 'NONE',  ( -1.010000000000000200, 0.4850000000000000400, -0.5000000000000001100 ) ) ;
#2499 = PLANE ( 'NONE',  #2344 ) ;
#2500 = EDGE_LOOP ( 'NONE', ( #1010, #1428, #746, #300, #181 ) ) ;
#2501 = CARTESIAN_POINT ( 'NONE',  ( -0.2100000000000000200, 0.5000000000000000000, 0.2989999999999999900 ) ) ;
#2502 =( GEOMETRIC_REPRESENTATION_CONTEXT ( 3 ) GLOBAL_UNCERTAINTY_ASSIGNED_CONTEXT ( ( #1222 ) ) GLOBAL_UNIT_ASSIGNED_CONTEXT ( ( #2144, #2546, #123 ) ) REPRESENTATION_CONTEXT ( 'NONE', 'WORKASPACE' ) );
#2503 = VERTEX_POINT ( 'NONE', #2595 ) ;
#2504 = EDGE_CURVE ( 'NONE', #2558, #2529, #1595, .T. ) ;
#2505 = CARTESIAN_POINT ( 'NONE',  ( -0.2100000000000000200, -0.3746211251235321800, 0.4990000000000000000 ) ) ;
#2506 = CARTESIAN_POINT ( 'NONE',  ( -0.4000000000000000800, 0.0000000000000000000, -0.5000000000000001100 ) ) ;
#2507 = CARTESIAN_POINT ( 'NONE',  ( 1.299999999999999800, 0.0000000000000000000, -0.5000000000000001100 ) ) ;
#2508 = ORIENTED_EDGE ( 'NONE', *, *, #1818, .F. ) ;
#2509 = CARTESIAN_POINT ( 'NONE',  ( -0.2100000000000000200, 0.5000000000000000000, 0.4990000000000000000 ) ) ;
#2510 = SURFACE_SIDE_STYLE ('',( #795 ) ) ;
#2511 = LINE ( 'NONE', #904, #892 ) ;
#2512 = CLOSED_SHELL ( 'NONE', ( #1464, #1152, #1866, #1568, #2488, #2337 ) ) ;
#2513 = ORIENTED_EDGE ( 'NONE', *, *, #103, .T. ) ;
#2514 = CARTESIAN_POINT ( 'NONE',  ( 1.010000000000000200, 0.5000000000000000000, -0.5000000000000001100 ) ) ;
#2515 = ORIENTED_EDGE ( 'NONE', *, *, #949, .T. ) ;
#2516 = CARTESIAN_POINT ( 'NONE',  ( 1.010000000000000200, 0.4850000000000000400, -0.5000000000000001100 ) ) ;
#2517 = DIRECTION ( 'NONE',  ( 0.0000000000000000000, 1.000000000000000000, 0.0000000000000000000 ) ) ;
#2518 = FACE_OUTER_BOUND ( 'NONE', #829, .T. ) ;
#2519 = EDGE_CURVE ( 'NONE', #1630, #243, #2091, .T. ) ;
#2520 = VECTOR ( 'NONE', #996, 1000.000000000000000 ) ;
#2521 = CARTESIAN_POINT ( 'NONE',  ( 1.600000000000000300, 0.0000000000000000000, 0.5000000000000000000 ) ) ;
#2522 = VECTOR ( 'NONE', #719, 1000.000000000000000 ) ;
#2523 = DIRECTION ( 'NONE',  ( 0.0000000000000000000, 0.0000000000000000000, 1.000000000000000000 ) ) ;
#2524 = ADVANCED_FACE ( 'NONE', ( #2031 ), #1945, .F. ) ;
#2525 = ORIENTED_EDGE ( 'NONE', *, *, #632, .T. ) ;
#2526 = LINE ( 'NONE', #457, #972 ) ;
#2527 = DIRECTION ( 'NONE',  ( 0.0000000000000000000, -0.0000000000000000000, 1.000000000000000000 ) ) ;
#2528 = CARTESIAN_POINT ( 'NONE',  ( -0.2100000000000000200, 0.5000000000000000000, -0.2989999999999999900 ) ) ;
#2529 = VERTEX_POINT ( 'NONE', #1136 ) ;
#2530 = VECTOR ( 'NONE', #508, 1000.000000000000000 ) ;
#2531 = AXIS2_PLACEMENT_3D ( 'NONE', #1203, #1012, #381 ) ;
#2532 = CARTESIAN_POINT ( 'NONE',  ( -0.2100000000000000200, 0.5000000000000000000, -0.4990000000000000000 ) ) ;
#2533 = ORIENTED_EDGE ( 'NONE', *, *, #677, .T. ) ;
#2534 = CARTESIAN_POINT ( 'NONE',  ( -1.284999999999999500, 0.01499999999999998600, 0.5000000000000001100 ) ) ;
#2535 = DIRECTION ( 'NONE',  ( 1.000000000000000000, -0.0000000000000000000, -0.0000000000000000000 ) ) ;
#2536 = EDGE_CURVE ( 'NONE', #335, #2220, #1049, .T. ) ;
#2537 = CARTESIAN_POINT ( 'NONE',  ( -1.040000000000000700, 0.0000000000000000000, 0.5000000000000001100 ) ) ;
#2538 = CARTESIAN_POINT ( 'NONE',  ( 1.299999999999999800, 0.0000000000000000000, -0.5000000000000001100 ) ) ;
#2539 = ADVANCED_FACE ( 'NONE', ( #2544 ), #1344, .F. ) ;
#2540 = EDGE_LOOP ( 'NONE', ( #1212, #367, #2098, #2243 ) ) ;
#2541 = DIRECTION ( 'NONE',  ( 0.0000000000000000000, -0.0000000000000000000, 1.000000000000000000 ) ) ;
#2542 = VERTEX_POINT ( 'NONE', #2171 ) ;
#2543 = VECTOR ( 'NONE', #819, 1000.000000000000000 ) ;
#2544 = FACE_OUTER_BOUND ( 'NONE', #737, .T. ) ;
#2545 = PLANE ( 'NONE',  #361 ) ;
#2546 =( NAMED_UNIT ( * ) PLANE_ANGLE_UNIT ( ) SI_UNIT ( $, .RADIAN. ) );
#2547 = VECTOR ( 'NONE', #2285, 1000.000000000000000 ) ;
#2548 = DIRECTION ( 'NONE',  ( 0.0000000000000000000, 1.000000000000000000, 0.0000000000000000000 ) ) ;
#2549 = DIRECTION ( 'NONE',  ( -0.0000000000000000000, 0.0000000000000000000, -1.000000000000000000 ) ) ;
#2550 = DIRECTION ( 'NONE',  ( -1.000000000000000000, -0.0000000000000000000, -0.0000000000000000000 ) ) ;
#2551 = LINE ( 'NONE', #1028, #1277 ) ;
#2552 = AXIS2_PLACEMENT_3D ( 'NONE', #1292, #1497, #895 ) ;
#2553 = VECTOR ( 'NONE', #2006, 1000.000000000000000 ) ;
#2554 = ADVANCED_FACE ( 'NONE', ( #64 ), #2355, .F. ) ;
#2555 = CARTESIAN_POINT ( 'NONE',  ( -1.599999999999999900, -0.6760770861575040600, 0.1999999999999994300 ) ) ;
#2556 = VECTOR ( 'NONE', #2122, 1000.000000000000000 ) ;
#2557 = LINE ( 'NONE', #1688, #1187 ) ;
#2558 = VERTEX_POINT ( 'NONE', #541 ) ;
#2559 = CIRCLE ( 'NONE', #917, 0.3000000000000005400 ) ;
#2560 = CARTESIAN_POINT ( 'NONE',  ( -1.010000000000000000, -0.3746211251235321800, 0.2989999999999999900 ) ) ;
#2561 = UNCERTAINTY_MEASURE_WITH_UNIT (LENGTH_MEASURE( 1.000000000000000100E-005 ), #2104, 'distance_accuracy_value', 'NONE');
#2562 = ORIENTED_EDGE ( 'NONE', *, *, #1262, .F. ) ;
#2563 = VECTOR ( 'NONE', #2550, 1000.000000000000000 ) ;
#2564 = ORIENTED_EDGE ( 'NONE', *, *, #1158, .T. ) ;
#2565 = DIRECTION ( 'NONE',  ( -0.0000000000000000000, -0.0000000000000000000, -1.000000000000000000 ) ) ;
#2566 = VERTEX_POINT ( 'NONE', #1956 ) ;
#2567 = CARTESIAN_POINT ( 'NONE',  ( 1.040000000000000700, 0.0000000000000000000, 0.5000000000000001100 ) ) ;
#2568 = ORIENTED_EDGE ( 'NONE', *, *, #53, .F. ) ;
#2569 = ADVANCED_FACE ( 'NONE', ( #2577 ), #1399, .T. ) ;
#2570 = DIRECTION ( 'NONE',  ( 0.0000000000000000000, 0.0000000000000000000, -1.000000000000000000 ) ) ;
#2571 = EDGE_CURVE ( 'NONE', #1298, #2542, #516, .T. ) ;
#2572 = PLANE ( 'NONE',  #709 ) ;
#2573 = DIRECTION ( 'NONE',  ( -1.000000000000000000, 0.0000000000000000000, 0.0000000000000000000 ) ) ;
#2574 = EDGE_CURVE ( 'NONE', #1905, #494, #1656, .T. ) ;
#2575 = PLANE ( 'NONE',  #1855 ) ;
#2576 = ORIENTED_EDGE ( 'NONE', *, *, #283, .T. ) ;
#2577 = FACE_OUTER_BOUND ( 'NONE', #443, .T. ) ;
#2578 = DIRECTION ( 'NONE',  ( -0.0000000000000000000, 1.000000000000000000, -0.0000000000000000000 ) ) ;
#2579 = VECTOR ( 'NONE', #1297, 1000.000000000000000 ) ;
#2580 = ORIENTED_EDGE ( 'NONE', *, *, #872, .T. ) ;
#2581 = EDGE_LOOP ( 'NONE', ( #1412, #2216, #569, #1415 ) ) ;
#2582 = ORIENTED_EDGE ( 'NONE', *, *, #2249, .T. ) ;
#2583 = DIRECTION ( 'NONE',  ( 0.0000000000000000000, 0.0000000000000000000, 1.000000000000000000 ) ) ;
#2584 = DIRECTION ( 'NONE',  ( 0.0000000000000000000, -0.0000000000000000000, 1.000000000000000000 ) ) ;
#2585 = ORIENTED_EDGE ( 'NONE', *, *, #2041, .T. ) ;
#2586 = VERTEX_POINT ( 'NONE', #2140 ) ;
#2587 = ORIENTED_EDGE ( 'NONE', *, *, #1672, .T. ) ;
#2588 =( NAMED_UNIT ( * ) PLANE_ANGLE_UNIT ( ) SI_UNIT ( $, .RADIAN. ) );
#2589 = VECTOR ( 'NONE', #284, 1000.000000000000000 ) ;
#2590 = EDGE_CURVE ( 'NONE', #1374, #512, #2065, .T. ) ;
#2591 = CARTESIAN_POINT ( 'NONE',  ( -1.284999999999999500, -0.4304772721475256200, -0.5000000000000001100 ) ) ;
#2592 = VECTOR ( 'NONE', #2565, 1000.000000000000000 ) ;
#2593 = AXIS2_PLACEMENT_3D ( 'NONE', #1027, #1035, #2069 ) ;
#2594 = EDGE_CURVE ( 'NONE', #2356, #40, #1526, .T. ) ;
#2595 = CARTESIAN_POINT ( 'NONE',  ( -0.2100000000000000200, 0.4500000000000000100, -0.2989999999999999900 ) ) ;
#2596 = PLANE ( 'NONE',  #2412 ) ;
#2597 = ORIENTED_EDGE ( 'NONE', *, *, #1658, .F. ) ;
#2598 = FILL_AREA_STYLE_COLOUR ( '', #1113 ) ;
#2599 = SURFACE_STYLE_FILL_AREA ( #1966 ) ;
ENDSEC;
END-ISO-10303-21;
