ISO-10303-21;
HEADER;
FILE_DESCRIPTION(('FreeCAD Model'),'2;1');
FILE_NAME('Open CASCADE Shape Model','2025-08-30T13:16:14',(''),(''),
  'Open CASCADE STEP processor 7.8','FreeCAD','Unknown');
FILE_SCHEMA(('AUTOMOTIVE_DESIGN { 1 0 10303 214 1 1 1 1 }'));
ENDSEC;
DATA;
#1 = APPLICATION_PROTOCOL_DEFINITION('international standard',
  'automotive_design',2000,#2);
#2 = APPLICATION_CONTEXT(
  'core data for automotive mechanical design processes');
#3 = SHAPE_DEFINITION_REPRESENTATION(#4,#10);
#4 = PRODUCT_DEFINITION_SHAPE('','',#5);
#5 = PRODUCT_DEFINITION('design','',#6,#9);
#6 = PRODUCT_DEFINITION_FORMATION('','',#7);
#7 = PRODUCT('DFN_standard','DFN_standard','',(#8));
#8 = PRODUCT_CONTEXT('',#2,'mechanical');
#9 = PRODUCT_DEFINITION_CONTEXT('part definition',#2,'design');
#10 = SHAPE_REPRESENTATION('',(#11,#15,#19,#23,#27,#31,#35,#39,#43,#47,
    #51,#55,#59,#63,#67),#71);
#11 = AXIS2_PLACEMENT_3D('',#12,#13,#14);
#12 = CARTESIAN_POINT('',(0.,0.,0.));
#13 = DIRECTION('',(0.,0.,1.));
#14 = DIRECTION('',(1.,0.,-0.));
#15 = AXIS2_PLACEMENT_3D('',#16,#17,#18);
#16 = CARTESIAN_POINT('',(0.,0.,0.));
#17 = DIRECTION('',(0.,0.,1.));
#18 = DIRECTION('',(1.,0.,0.));
#19 = AXIS2_PLACEMENT_3D('',#20,#21,#22);
#20 = CARTESIAN_POINT('',(0.,0.,0.));
#21 = DIRECTION('',(0.,0.,1.));
#22 = DIRECTION('',(1.,0.,0.));
#23 = AXIS2_PLACEMENT_3D('',#24,#25,#26);
#24 = CARTESIAN_POINT('',(0.,0.,0.));
#25 = DIRECTION('',(0.,0.,1.));
#26 = DIRECTION('',(1.,0.,0.));
#27 = AXIS2_PLACEMENT_3D('',#28,#29,#30);
#28 = CARTESIAN_POINT('',(0.,0.,-0.5));
#29 = DIRECTION('',(0.,0.,1.));
#30 = DIRECTION('',(1.,0.,0.));
#31 = AXIS2_PLACEMENT_3D('',#32,#33,#34);
#32 = CARTESIAN_POINT('',(0.,0.,-1.));
#33 = DIRECTION('',(0.,0.,1.));
#34 = DIRECTION('',(1.,0.,0.));
#35 = AXIS2_PLACEMENT_3D('',#36,#37,#38);
#36 = CARTESIAN_POINT('',(0.,0.,-1.5));
#37 = DIRECTION('',(0.,0.,1.));
#38 = DIRECTION('',(1.,0.,0.));
#39 = AXIS2_PLACEMENT_3D('',#40,#41,#42);
#40 = CARTESIAN_POINT('',(0.,0.,-2.));
#41 = DIRECTION('',(0.,0.,1.));
#42 = DIRECTION('',(1.,0.,0.));
#43 = AXIS2_PLACEMENT_3D('',#44,#45,#46);
#44 = CARTESIAN_POINT('',(0.,0.,-2.5));
#45 = DIRECTION('',(0.,0.,1.));
#46 = DIRECTION('',(1.,0.,0.));
#47 = AXIS2_PLACEMENT_3D('',#48,#49,#50);
#48 = CARTESIAN_POINT('',(0.,0.,-0.5));
#49 = DIRECTION('',(0.,0.,1.));
#50 = DIRECTION('',(1.,0.,0.));
#51 = AXIS2_PLACEMENT_3D('',#52,#53,#54);
#52 = CARTESIAN_POINT('',(0.,0.,-1.));
#53 = DIRECTION('',(0.,0.,1.));
#54 = DIRECTION('',(1.,0.,0.));
#55 = AXIS2_PLACEMENT_3D('',#56,#57,#58);
#56 = CARTESIAN_POINT('',(0.,0.,-1.5));
#57 = DIRECTION('',(0.,0.,1.));
#58 = DIRECTION('',(1.,0.,0.));
#59 = AXIS2_PLACEMENT_3D('',#60,#61,#62);
#60 = CARTESIAN_POINT('',(0.,0.,-2.));
#61 = DIRECTION('',(0.,0.,1.));
#62 = DIRECTION('',(1.,0.,0.));
#63 = AXIS2_PLACEMENT_3D('',#64,#65,#66);
#64 = CARTESIAN_POINT('',(0.,0.,-2.5));
#65 = DIRECTION('',(0.,0.,1.));
#66 = DIRECTION('',(1.,0.,0.));
#67 = AXIS2_PLACEMENT_3D('',#68,#69,#70);
#68 = CARTESIAN_POINT('',(0.,0.,0.));
#69 = DIRECTION('',(0.,0.,1.));
#70 = DIRECTION('',(1.,0.,0.));
#71 = ( GEOMETRIC_REPRESENTATION_CONTEXT(3) 
GLOBAL_UNCERTAINTY_ASSIGNED_CONTEXT((#75)) GLOBAL_UNIT_ASSIGNED_CONTEXT(
(#72,#73,#74)) REPRESENTATION_CONTEXT('Context #1',
  '3D Context with UNIT and UNCERTAINTY') );
#72 = ( LENGTH_UNIT() NAMED_UNIT(*) SI_UNIT(.MILLI.,.METRE.) );
#73 = ( NAMED_UNIT(*) PLANE_ANGLE_UNIT() SI_UNIT($,.RADIAN.) );
#74 = ( NAMED_UNIT(*) SI_UNIT($,.STERADIAN.) SOLID_ANGLE_UNIT() );
#75 = UNCERTAINTY_MEASURE_WITH_UNIT(LENGTH_MEASURE(5.E-07),#72,
  'distance_accuracy_value','confusion accuracy');
#76 = PRODUCT_RELATED_PRODUCT_CATEGORY('part',$,(#7));
#77 = SHAPE_DEFINITION_REPRESENTATION(#78,#84);
#78 = PRODUCT_DEFINITION_SHAPE('','',#79);
#79 = PRODUCT_DEFINITION('design','',#80,#83);
#80 = PRODUCT_DEFINITION_FORMATION('','',#81);
#81 = PRODUCT('Body_Solid1','Body_Solid1','',(#82));
#82 = PRODUCT_CONTEXT('',#2,'mechanical');
#83 = PRODUCT_DEFINITION_CONTEXT('part definition',#2,'design');
#84 = ADVANCED_BREP_SHAPE_REPRESENTATION('',(#11,#85),#1888);
#85 = MANIFOLD_SOLID_BREP('',#86);
#86 = CLOSED_SHELL('',(#87,#319,#692,#716,#741,#758,#782,#807,#824,#848,
    #873,#890,#914,#939,#956,#980,#1005,#1022,#1046,#1071,#1088,#1112,
    #1147,#1164,#1176,#1188,#1200,#1212,#1224,#1236,#1386,#1410,#1435,
    #1452,#1476,#1501,#1518,#1542,#1567,#1584,#1608,#1633,#1650,#1674,
    #1699,#1716,#1740,#1765,#1782,#1807,#1819,#1831,#1843,#1855,#1867,
    #1879));
#87 = ADVANCED_FACE('',(#88),#314,.T.);
#88 = FACE_BOUND('',#89,.T.);
#89 = EDGE_LOOP('',(#90,#100,#108,#116,#124,#132,#140,#148,#156,#164,
    #172,#180,#188,#196,#204,#212,#220,#228,#236,#244,#252,#260,#268,
    #276,#284,#292,#300,#308));
#90 = ORIENTED_EDGE('',*,*,#91,.F.);
#91 = EDGE_CURVE('',#92,#94,#96,.T.);
#92 = VERTEX_POINT('',#93);
#93 = CARTESIAN_POINT('',(1.,5.E-02,-1.5));
#94 = VERTEX_POINT('',#95);
#95 = CARTESIAN_POINT('',(1.,5.E-02,-1.36));
#96 = LINE('',#97,#98);
#97 = CARTESIAN_POINT('',(1.,5.E-02,-1.5));
#98 = VECTOR('',#99,1.);
#99 = DIRECTION('',(0.,2.22044604925E-16,1.));
#100 = ORIENTED_EDGE('',*,*,#101,.T.);
#101 = EDGE_CURVE('',#92,#102,#104,.T.);
#102 = VERTEX_POINT('',#103);
#103 = CARTESIAN_POINT('',(1.,1.,-1.5));
#104 = LINE('',#105,#106);
#105 = CARTESIAN_POINT('',(1.,-3.330669073875E-16,-1.5));
#106 = VECTOR('',#107,1.);
#107 = DIRECTION('',(0.,1.,-2.22044604925E-16));
#108 = ORIENTED_EDGE('',*,*,#109,.T.);
#109 = EDGE_CURVE('',#102,#110,#112,.T.);
#110 = VERTEX_POINT('',#111);
#111 = CARTESIAN_POINT('',(1.,1.,1.5));
#112 = LINE('',#113,#114);
#113 = CARTESIAN_POINT('',(1.,1.,-1.5));
#114 = VECTOR('',#115,1.);
#115 = DIRECTION('',(0.,2.22044604925E-16,1.));
#116 = ORIENTED_EDGE('',*,*,#117,.F.);
#117 = EDGE_CURVE('',#118,#110,#120,.T.);
#118 = VERTEX_POINT('',#119);
#119 = CARTESIAN_POINT('',(1.,5.E-02,1.5));
#120 = LINE('',#121,#122);
#121 = CARTESIAN_POINT('',(1.,3.330669073875E-16,1.5));
#122 = VECTOR('',#123,1.);
#123 = DIRECTION('',(0.,1.,-2.22044604925E-16));
#124 = ORIENTED_EDGE('',*,*,#125,.F.);
#125 = EDGE_CURVE('',#126,#118,#128,.T.);
#126 = VERTEX_POINT('',#127);
#127 = CARTESIAN_POINT('',(1.,5.E-02,1.36));
#128 = LINE('',#129,#130);
#129 = CARTESIAN_POINT('',(1.,5.E-02,-1.5));
#130 = VECTOR('',#131,1.);
#131 = DIRECTION('',(0.,2.22044604925E-16,1.));
#132 = ORIENTED_EDGE('',*,*,#133,.T.);
#133 = EDGE_CURVE('',#126,#134,#136,.T.);
#134 = VERTEX_POINT('',#135);
#135 = CARTESIAN_POINT('',(1.,0.2,1.36));
#136 = LINE('',#137,#138);
#137 = CARTESIAN_POINT('',(1.,0.,1.36));
#138 = VECTOR('',#139,1.);
#139 = DIRECTION('',(0.,1.,-2.22044604925E-16));
#140 = ORIENTED_EDGE('',*,*,#141,.T.);
#141 = EDGE_CURVE('',#134,#142,#144,.T.);
#142 = VERTEX_POINT('',#143);
#143 = CARTESIAN_POINT('',(1.,0.2,1.14));
#144 = LINE('',#145,#146);
#145 = CARTESIAN_POINT('',(1.,0.2,1.36));
#146 = VECTOR('',#147,1.);
#147 = DIRECTION('',(0.,-2.22044604925E-16,-1.));
#148 = ORIENTED_EDGE('',*,*,#149,.F.);
#149 = EDGE_CURVE('',#150,#142,#152,.T.);
#150 = VERTEX_POINT('',#151);
#151 = CARTESIAN_POINT('',(1.,5.E-02,1.14));
#152 = LINE('',#153,#154);
#153 = CARTESIAN_POINT('',(1.,0.,1.14));
#154 = VECTOR('',#155,1.);
#155 = DIRECTION('',(0.,1.,-2.22044604925E-16));
#156 = ORIENTED_EDGE('',*,*,#157,.F.);
#157 = EDGE_CURVE('',#158,#150,#160,.T.);
#158 = VERTEX_POINT('',#159);
#159 = CARTESIAN_POINT('',(1.,5.E-02,0.86));
#160 = LINE('',#161,#162);
#161 = CARTESIAN_POINT('',(1.,5.E-02,-1.5));
#162 = VECTOR('',#163,1.);
#163 = DIRECTION('',(0.,2.22044604925E-16,1.));
#164 = ORIENTED_EDGE('',*,*,#165,.T.);
#165 = EDGE_CURVE('',#158,#166,#168,.T.);
#166 = VERTEX_POINT('',#167);
#167 = CARTESIAN_POINT('',(1.,0.2,0.86));
#168 = LINE('',#169,#170);
#169 = CARTESIAN_POINT('',(1.,0.,0.86));
#170 = VECTOR('',#171,1.);
#171 = DIRECTION('',(0.,1.,-2.22044604925E-16));
#172 = ORIENTED_EDGE('',*,*,#173,.T.);
#173 = EDGE_CURVE('',#166,#174,#176,.T.);
#174 = VERTEX_POINT('',#175);
#175 = CARTESIAN_POINT('',(1.,0.2,0.64));
#176 = LINE('',#177,#178);
#177 = CARTESIAN_POINT('',(1.,0.2,0.86));
#178 = VECTOR('',#179,1.);
#179 = DIRECTION('',(0.,-2.22044604925E-16,-1.));
#180 = ORIENTED_EDGE('',*,*,#181,.F.);
#181 = EDGE_CURVE('',#182,#174,#184,.T.);
#182 = VERTEX_POINT('',#183);
#183 = CARTESIAN_POINT('',(1.,5.E-02,0.64));
#184 = LINE('',#185,#186);
#185 = CARTESIAN_POINT('',(1.,0.,0.64));
#186 = VECTOR('',#187,1.);
#187 = DIRECTION('',(0.,1.,-2.22044604925E-16));
#188 = ORIENTED_EDGE('',*,*,#189,.F.);
#189 = EDGE_CURVE('',#190,#182,#192,.T.);
#190 = VERTEX_POINT('',#191);
#191 = CARTESIAN_POINT('',(1.,5.E-02,0.36));
#192 = LINE('',#193,#194);
#193 = CARTESIAN_POINT('',(1.,5.E-02,-1.5));
#194 = VECTOR('',#195,1.);
#195 = DIRECTION('',(0.,2.22044604925E-16,1.));
#196 = ORIENTED_EDGE('',*,*,#197,.T.);
#197 = EDGE_CURVE('',#190,#198,#200,.T.);
#198 = VERTEX_POINT('',#199);
#199 = CARTESIAN_POINT('',(1.,0.2,0.36));
#200 = LINE('',#201,#202);
#201 = CARTESIAN_POINT('',(1.,0.,0.36));
#202 = VECTOR('',#203,1.);
#203 = DIRECTION('',(0.,1.,-2.22044604925E-16));
#204 = ORIENTED_EDGE('',*,*,#205,.T.);
#205 = EDGE_CURVE('',#198,#206,#208,.T.);
#206 = VERTEX_POINT('',#207);
#207 = CARTESIAN_POINT('',(1.,0.2,0.14));
#208 = LINE('',#209,#210);
#209 = CARTESIAN_POINT('',(1.,0.2,0.36));
#210 = VECTOR('',#211,1.);
#211 = DIRECTION('',(0.,-2.22044604925E-16,-1.));
#212 = ORIENTED_EDGE('',*,*,#213,.F.);
#213 = EDGE_CURVE('',#214,#206,#216,.T.);
#214 = VERTEX_POINT('',#215);
#215 = CARTESIAN_POINT('',(1.,5.E-02,0.14));
#216 = LINE('',#217,#218);
#217 = CARTESIAN_POINT('',(1.,0.,0.14));
#218 = VECTOR('',#219,1.);
#219 = DIRECTION('',(0.,1.,-2.22044604925E-16));
#220 = ORIENTED_EDGE('',*,*,#221,.F.);
#221 = EDGE_CURVE('',#222,#214,#224,.T.);
#222 = VERTEX_POINT('',#223);
#223 = CARTESIAN_POINT('',(1.,5.E-02,-0.14));
#224 = LINE('',#225,#226);
#225 = CARTESIAN_POINT('',(1.,5.E-02,-1.5));
#226 = VECTOR('',#227,1.);
#227 = DIRECTION('',(0.,2.22044604925E-16,1.));
#228 = ORIENTED_EDGE('',*,*,#229,.T.);
#229 = EDGE_CURVE('',#222,#230,#232,.T.);
#230 = VERTEX_POINT('',#231);
#231 = CARTESIAN_POINT('',(1.,0.2,-0.14));
#232 = LINE('',#233,#234);
#233 = CARTESIAN_POINT('',(1.,-2.22044604925E-16,-0.14));
#234 = VECTOR('',#235,1.);
#235 = DIRECTION('',(0.,1.,-2.22044604925E-16));
#236 = ORIENTED_EDGE('',*,*,#237,.T.);
#237 = EDGE_CURVE('',#230,#238,#240,.T.);
#238 = VERTEX_POINT('',#239);
#239 = CARTESIAN_POINT('',(1.,0.2,-0.36));
#240 = LINE('',#241,#242);
#241 = CARTESIAN_POINT('',(1.,0.2,-0.14));
#242 = VECTOR('',#243,1.);
#243 = DIRECTION('',(0.,-2.22044604925E-16,-1.));
#244 = ORIENTED_EDGE('',*,*,#245,.F.);
#245 = EDGE_CURVE('',#246,#238,#248,.T.);
#246 = VERTEX_POINT('',#247);
#247 = CARTESIAN_POINT('',(1.,5.E-02,-0.36));
#248 = LINE('',#249,#250);
#249 = CARTESIAN_POINT('',(1.,-2.22044604925E-16,-0.36));
#250 = VECTOR('',#251,1.);
#251 = DIRECTION('',(0.,1.,-2.22044604925E-16));
#252 = ORIENTED_EDGE('',*,*,#253,.F.);
#253 = EDGE_CURVE('',#254,#246,#256,.T.);
#254 = VERTEX_POINT('',#255);
#255 = CARTESIAN_POINT('',(1.,5.E-02,-0.64));
#256 = LINE('',#257,#258);
#257 = CARTESIAN_POINT('',(1.,5.E-02,-1.5));
#258 = VECTOR('',#259,1.);
#259 = DIRECTION('',(0.,2.22044604925E-16,1.));
#260 = ORIENTED_EDGE('',*,*,#261,.T.);
#261 = EDGE_CURVE('',#254,#262,#264,.T.);
#262 = VERTEX_POINT('',#263);
#263 = CARTESIAN_POINT('',(1.,0.2,-0.64));
#264 = LINE('',#265,#266);
#265 = CARTESIAN_POINT('',(1.,-2.22044604925E-16,-0.64));
#266 = VECTOR('',#267,1.);
#267 = DIRECTION('',(0.,1.,-2.22044604925E-16));
#268 = ORIENTED_EDGE('',*,*,#269,.T.);
#269 = EDGE_CURVE('',#262,#270,#272,.T.);
#270 = VERTEX_POINT('',#271);
#271 = CARTESIAN_POINT('',(1.,0.2,-0.86));
#272 = LINE('',#273,#274);
#273 = CARTESIAN_POINT('',(1.,0.2,-0.64));
#274 = VECTOR('',#275,1.);
#275 = DIRECTION('',(0.,-2.22044604925E-16,-1.));
#276 = ORIENTED_EDGE('',*,*,#277,.F.);
#277 = EDGE_CURVE('',#278,#270,#280,.T.);
#278 = VERTEX_POINT('',#279);
#279 = CARTESIAN_POINT('',(1.,5.E-02,-0.86));
#280 = LINE('',#281,#282);
#281 = CARTESIAN_POINT('',(1.,-2.22044604925E-16,-0.86));
#282 = VECTOR('',#283,1.);
#283 = DIRECTION('',(0.,1.,-2.22044604925E-16));
#284 = ORIENTED_EDGE('',*,*,#285,.F.);
#285 = EDGE_CURVE('',#286,#278,#288,.T.);
#286 = VERTEX_POINT('',#287);
#287 = CARTESIAN_POINT('',(1.,5.E-02,-1.14));
#288 = LINE('',#289,#290);
#289 = CARTESIAN_POINT('',(1.,5.E-02,-1.5));
#290 = VECTOR('',#291,1.);
#291 = DIRECTION('',(0.,2.22044604925E-16,1.));
#292 = ORIENTED_EDGE('',*,*,#293,.T.);
#293 = EDGE_CURVE('',#286,#294,#296,.T.);
#294 = VERTEX_POINT('',#295);
#295 = CARTESIAN_POINT('',(1.,0.2,-1.14));
#296 = LINE('',#297,#298);
#297 = CARTESIAN_POINT('',(1.,-2.531308496145E-16,-1.14));
#298 = VECTOR('',#299,1.);
#299 = DIRECTION('',(0.,1.,-2.22044604925E-16));
#300 = ORIENTED_EDGE('',*,*,#301,.T.);
#301 = EDGE_CURVE('',#294,#302,#304,.T.);
#302 = VERTEX_POINT('',#303);
#303 = CARTESIAN_POINT('',(1.,0.2,-1.36));
#304 = LINE('',#305,#306);
#305 = CARTESIAN_POINT('',(1.,0.2,-1.14));
#306 = VECTOR('',#307,1.);
#307 = DIRECTION('',(0.,-2.22044604925E-16,-1.));
#308 = ORIENTED_EDGE('',*,*,#309,.F.);
#309 = EDGE_CURVE('',#94,#302,#310,.T.);
#310 = LINE('',#311,#312);
#311 = CARTESIAN_POINT('',(1.,-3.01980662698E-16,-1.36));
#312 = VECTOR('',#313,1.);
#313 = DIRECTION('',(0.,1.,-2.22044604925E-16));
#314 = PLANE('',#315);
#315 = AXIS2_PLACEMENT_3D('',#316,#317,#318);
#316 = CARTESIAN_POINT('',(1.,-3.330669073875E-16,-1.5));
#317 = DIRECTION('',(1.,0.,0.));
#318 = DIRECTION('',(0.,2.22044604925E-16,1.));
#319 = ADVANCED_FACE('',(#320),#687,.F.);
#320 = FACE_BOUND('',#321,.F.);
#321 = EDGE_LOOP('',(#322,#323,#331,#339,#347,#356,#364,#372,#380,#389,
    #397,#405,#413,#422,#430,#438,#446,#455,#463,#471,#479,#488,#496,
    #504,#512,#521,#529,#537,#543,#544,#552,#561,#567,#568,#576,#585,
    #591,#592,#600,#609,#615,#616,#624,#633,#639,#640,#648,#657,#663,
    #664,#672,#681));
#322 = ORIENTED_EDGE('',*,*,#91,.F.);
#323 = ORIENTED_EDGE('',*,*,#324,.F.);
#324 = EDGE_CURVE('',#325,#92,#327,.T.);
#325 = VERTEX_POINT('',#326);
#326 = CARTESIAN_POINT('',(-1.,5.E-02,-1.5));
#327 = LINE('',#328,#329);
#328 = CARTESIAN_POINT('',(-1.,5.E-02,-1.5));
#329 = VECTOR('',#330,1.);
#330 = DIRECTION('',(1.,0.,0.));
#331 = ORIENTED_EDGE('',*,*,#332,.F.);
#332 = EDGE_CURVE('',#333,#325,#335,.T.);
#333 = VERTEX_POINT('',#334);
#334 = CARTESIAN_POINT('',(-1.,5.E-02,-1.36));
#335 = LINE('',#336,#337);
#336 = CARTESIAN_POINT('',(-1.,5.E-02,1.5));
#337 = VECTOR('',#338,1.);
#338 = DIRECTION('',(0.,-2.22044604925E-16,-1.));
#339 = ORIENTED_EDGE('',*,*,#340,.T.);
#340 = EDGE_CURVE('',#333,#341,#343,.T.);
#341 = VERTEX_POINT('',#342);
#342 = CARTESIAN_POINT('',(-0.475,5.E-02,-1.36));
#343 = LINE('',#344,#345);
#344 = CARTESIAN_POINT('',(-0.2375,5.E-02,-1.36));
#345 = VECTOR('',#346,1.);
#346 = DIRECTION('',(1.,0.,0.));
#347 = ORIENTED_EDGE('',*,*,#348,.T.);
#348 = EDGE_CURVE('',#341,#349,#351,.T.);
#349 = VERTEX_POINT('',#350);
#350 = CARTESIAN_POINT('',(-0.475,5.E-02,-1.14));
#351 = CIRCLE('',#352,0.11);
#352 = AXIS2_PLACEMENT_3D('',#353,#354,#355);
#353 = CARTESIAN_POINT('',(-0.475,5.E-02,-1.25));
#354 = DIRECTION('',(0.,-1.,2.22044604925E-16));
#355 = DIRECTION('',(1.,0.,0.));
#356 = ORIENTED_EDGE('',*,*,#357,.T.);
#357 = EDGE_CURVE('',#349,#358,#360,.T.);
#358 = VERTEX_POINT('',#359);
#359 = CARTESIAN_POINT('',(-1.,5.E-02,-1.14));
#360 = LINE('',#361,#362);
#361 = CARTESIAN_POINT('',(-0.5,5.E-02,-1.14));
#362 = VECTOR('',#363,1.);
#363 = DIRECTION('',(-1.,0.,0.));
#364 = ORIENTED_EDGE('',*,*,#365,.F.);
#365 = EDGE_CURVE('',#366,#358,#368,.T.);
#366 = VERTEX_POINT('',#367);
#367 = CARTESIAN_POINT('',(-1.,5.E-02,-0.86));
#368 = LINE('',#369,#370);
#369 = CARTESIAN_POINT('',(-1.,5.E-02,1.5));
#370 = VECTOR('',#371,1.);
#371 = DIRECTION('',(0.,-2.22044604925E-16,-1.));
#372 = ORIENTED_EDGE('',*,*,#373,.T.);
#373 = EDGE_CURVE('',#366,#374,#376,.T.);
#374 = VERTEX_POINT('',#375);
#375 = CARTESIAN_POINT('',(-0.475,5.E-02,-0.86));
#376 = LINE('',#377,#378);
#377 = CARTESIAN_POINT('',(-0.2375,5.E-02,-0.86));
#378 = VECTOR('',#379,1.);
#379 = DIRECTION('',(1.,0.,0.));
#380 = ORIENTED_EDGE('',*,*,#381,.T.);
#381 = EDGE_CURVE('',#374,#382,#384,.T.);
#382 = VERTEX_POINT('',#383);
#383 = CARTESIAN_POINT('',(-0.475,5.E-02,-0.64));
#384 = CIRCLE('',#385,0.11);
#385 = AXIS2_PLACEMENT_3D('',#386,#387,#388);
#386 = CARTESIAN_POINT('',(-0.475,5.E-02,-0.75));
#387 = DIRECTION('',(0.,-1.,2.22044604925E-16));
#388 = DIRECTION('',(1.,0.,0.));
#389 = ORIENTED_EDGE('',*,*,#390,.T.);
#390 = EDGE_CURVE('',#382,#391,#393,.T.);
#391 = VERTEX_POINT('',#392);
#392 = CARTESIAN_POINT('',(-1.,5.E-02,-0.64));
#393 = LINE('',#394,#395);
#394 = CARTESIAN_POINT('',(-0.5,5.E-02,-0.64));
#395 = VECTOR('',#396,1.);
#396 = DIRECTION('',(-1.,0.,0.));
#397 = ORIENTED_EDGE('',*,*,#398,.F.);
#398 = EDGE_CURVE('',#399,#391,#401,.T.);
#399 = VERTEX_POINT('',#400);
#400 = CARTESIAN_POINT('',(-1.,5.E-02,-0.36));
#401 = LINE('',#402,#403);
#402 = CARTESIAN_POINT('',(-1.,5.E-02,1.5));
#403 = VECTOR('',#404,1.);
#404 = DIRECTION('',(0.,-2.22044604925E-16,-1.));
#405 = ORIENTED_EDGE('',*,*,#406,.T.);
#406 = EDGE_CURVE('',#399,#407,#409,.T.);
#407 = VERTEX_POINT('',#408);
#408 = CARTESIAN_POINT('',(-0.475,5.E-02,-0.36));
#409 = LINE('',#410,#411);
#410 = CARTESIAN_POINT('',(-0.2375,5.E-02,-0.36));
#411 = VECTOR('',#412,1.);
#412 = DIRECTION('',(1.,0.,0.));
#413 = ORIENTED_EDGE('',*,*,#414,.T.);
#414 = EDGE_CURVE('',#407,#415,#417,.T.);
#415 = VERTEX_POINT('',#416);
#416 = CARTESIAN_POINT('',(-0.475,5.E-02,-0.14));
#417 = CIRCLE('',#418,0.11);
#418 = AXIS2_PLACEMENT_3D('',#419,#420,#421);
#419 = CARTESIAN_POINT('',(-0.475,5.E-02,-0.25));
#420 = DIRECTION('',(0.,-1.,2.22044604925E-16));
#421 = DIRECTION('',(1.,0.,0.));
#422 = ORIENTED_EDGE('',*,*,#423,.T.);
#423 = EDGE_CURVE('',#415,#424,#426,.T.);
#424 = VERTEX_POINT('',#425);
#425 = CARTESIAN_POINT('',(-1.,5.E-02,-0.14));
#426 = LINE('',#427,#428);
#427 = CARTESIAN_POINT('',(-0.5,5.E-02,-0.14));
#428 = VECTOR('',#429,1.);
#429 = DIRECTION('',(-1.,0.,0.));
#430 = ORIENTED_EDGE('',*,*,#431,.F.);
#431 = EDGE_CURVE('',#432,#424,#434,.T.);
#432 = VERTEX_POINT('',#433);
#433 = CARTESIAN_POINT('',(-1.,5.E-02,0.14));
#434 = LINE('',#435,#436);
#435 = CARTESIAN_POINT('',(-1.,5.E-02,1.5));
#436 = VECTOR('',#437,1.);
#437 = DIRECTION('',(0.,-2.22044604925E-16,-1.));
#438 = ORIENTED_EDGE('',*,*,#439,.T.);
#439 = EDGE_CURVE('',#432,#440,#442,.T.);
#440 = VERTEX_POINT('',#441);
#441 = CARTESIAN_POINT('',(-0.475,5.E-02,0.14));
#442 = LINE('',#443,#444);
#443 = CARTESIAN_POINT('',(-0.2375,5.E-02,0.14));
#444 = VECTOR('',#445,1.);
#445 = DIRECTION('',(1.,0.,0.));
#446 = ORIENTED_EDGE('',*,*,#447,.T.);
#447 = EDGE_CURVE('',#440,#448,#450,.T.);
#448 = VERTEX_POINT('',#449);
#449 = CARTESIAN_POINT('',(-0.475,5.E-02,0.36));
#450 = CIRCLE('',#451,0.11);
#451 = AXIS2_PLACEMENT_3D('',#452,#453,#454);
#452 = CARTESIAN_POINT('',(-0.475,5.E-02,0.25));
#453 = DIRECTION('',(0.,-1.,2.22044604925E-16));
#454 = DIRECTION('',(1.,0.,0.));
#455 = ORIENTED_EDGE('',*,*,#456,.T.);
#456 = EDGE_CURVE('',#448,#457,#459,.T.);
#457 = VERTEX_POINT('',#458);
#458 = CARTESIAN_POINT('',(-1.,5.E-02,0.36));
#459 = LINE('',#460,#461);
#460 = CARTESIAN_POINT('',(-0.5,5.E-02,0.36));
#461 = VECTOR('',#462,1.);
#462 = DIRECTION('',(-1.,0.,0.));
#463 = ORIENTED_EDGE('',*,*,#464,.F.);
#464 = EDGE_CURVE('',#465,#457,#467,.T.);
#465 = VERTEX_POINT('',#466);
#466 = CARTESIAN_POINT('',(-1.,5.E-02,0.64));
#467 = LINE('',#468,#469);
#468 = CARTESIAN_POINT('',(-1.,5.E-02,1.5));
#469 = VECTOR('',#470,1.);
#470 = DIRECTION('',(0.,-2.22044604925E-16,-1.));
#471 = ORIENTED_EDGE('',*,*,#472,.T.);
#472 = EDGE_CURVE('',#465,#473,#475,.T.);
#473 = VERTEX_POINT('',#474);
#474 = CARTESIAN_POINT('',(-0.475,5.E-02,0.64));
#475 = LINE('',#476,#477);
#476 = CARTESIAN_POINT('',(-0.2375,5.E-02,0.64));
#477 = VECTOR('',#478,1.);
#478 = DIRECTION('',(1.,0.,0.));
#479 = ORIENTED_EDGE('',*,*,#480,.T.);
#480 = EDGE_CURVE('',#473,#481,#483,.T.);
#481 = VERTEX_POINT('',#482);
#482 = CARTESIAN_POINT('',(-0.475,5.E-02,0.86));
#483 = CIRCLE('',#484,0.11);
#484 = AXIS2_PLACEMENT_3D('',#485,#486,#487);
#485 = CARTESIAN_POINT('',(-0.475,5.E-02,0.75));
#486 = DIRECTION('',(0.,-1.,2.22044604925E-16));
#487 = DIRECTION('',(1.,0.,0.));
#488 = ORIENTED_EDGE('',*,*,#489,.T.);
#489 = EDGE_CURVE('',#481,#490,#492,.T.);
#490 = VERTEX_POINT('',#491);
#491 = CARTESIAN_POINT('',(-1.,5.E-02,0.86));
#492 = LINE('',#493,#494);
#493 = CARTESIAN_POINT('',(-0.5,5.E-02,0.86));
#494 = VECTOR('',#495,1.);
#495 = DIRECTION('',(-1.,0.,0.));
#496 = ORIENTED_EDGE('',*,*,#497,.F.);
#497 = EDGE_CURVE('',#498,#490,#500,.T.);
#498 = VERTEX_POINT('',#499);
#499 = CARTESIAN_POINT('',(-1.,5.E-02,1.14));
#500 = LINE('',#501,#502);
#501 = CARTESIAN_POINT('',(-1.,5.E-02,1.5));
#502 = VECTOR('',#503,1.);
#503 = DIRECTION('',(0.,-2.22044604925E-16,-1.));
#504 = ORIENTED_EDGE('',*,*,#505,.T.);
#505 = EDGE_CURVE('',#498,#506,#508,.T.);
#506 = VERTEX_POINT('',#507);
#507 = CARTESIAN_POINT('',(-0.475,5.E-02,1.14));
#508 = LINE('',#509,#510);
#509 = CARTESIAN_POINT('',(-0.2375,5.E-02,1.14));
#510 = VECTOR('',#511,1.);
#511 = DIRECTION('',(1.,0.,0.));
#512 = ORIENTED_EDGE('',*,*,#513,.T.);
#513 = EDGE_CURVE('',#506,#514,#516,.T.);
#514 = VERTEX_POINT('',#515);
#515 = CARTESIAN_POINT('',(-0.475,5.E-02,1.36));
#516 = CIRCLE('',#517,0.11);
#517 = AXIS2_PLACEMENT_3D('',#518,#519,#520);
#518 = CARTESIAN_POINT('',(-0.475,5.E-02,1.25));
#519 = DIRECTION('',(0.,-1.,2.22044604925E-16));
#520 = DIRECTION('',(1.,0.,0.));
#521 = ORIENTED_EDGE('',*,*,#522,.T.);
#522 = EDGE_CURVE('',#514,#523,#525,.T.);
#523 = VERTEX_POINT('',#524);
#524 = CARTESIAN_POINT('',(-1.,5.E-02,1.36));
#525 = LINE('',#526,#527);
#526 = CARTESIAN_POINT('',(-0.5,5.E-02,1.36));
#527 = VECTOR('',#528,1.);
#528 = DIRECTION('',(-1.,0.,0.));
#529 = ORIENTED_EDGE('',*,*,#530,.F.);
#530 = EDGE_CURVE('',#531,#523,#533,.T.);
#531 = VERTEX_POINT('',#532);
#532 = CARTESIAN_POINT('',(-1.,5.E-02,1.5));
#533 = LINE('',#534,#535);
#534 = CARTESIAN_POINT('',(-1.,5.E-02,1.5));
#535 = VECTOR('',#536,1.);
#536 = DIRECTION('',(0.,-2.22044604925E-16,-1.));
#537 = ORIENTED_EDGE('',*,*,#538,.F.);
#538 = EDGE_CURVE('',#118,#531,#539,.T.);
#539 = LINE('',#540,#541);
#540 = CARTESIAN_POINT('',(1.,5.E-02,1.5));
#541 = VECTOR('',#542,1.);
#542 = DIRECTION('',(-1.,0.,0.));
#543 = ORIENTED_EDGE('',*,*,#125,.F.);
#544 = ORIENTED_EDGE('',*,*,#545,.T.);
#545 = EDGE_CURVE('',#126,#546,#548,.T.);
#546 = VERTEX_POINT('',#547);
#547 = CARTESIAN_POINT('',(0.475,5.E-02,1.36));
#548 = LINE('',#549,#550);
#549 = CARTESIAN_POINT('',(0.2375,5.E-02,1.36));
#550 = VECTOR('',#551,1.);
#551 = DIRECTION('',(-1.,0.,0.));
#552 = ORIENTED_EDGE('',*,*,#553,.T.);
#553 = EDGE_CURVE('',#546,#554,#556,.T.);
#554 = VERTEX_POINT('',#555);
#555 = CARTESIAN_POINT('',(0.475,5.E-02,1.14));
#556 = CIRCLE('',#557,0.11);
#557 = AXIS2_PLACEMENT_3D('',#558,#559,#560);
#558 = CARTESIAN_POINT('',(0.475,5.E-02,1.25));
#559 = DIRECTION('',(0.,-1.,2.22044604925E-16));
#560 = DIRECTION('',(1.,0.,0.));
#561 = ORIENTED_EDGE('',*,*,#562,.T.);
#562 = EDGE_CURVE('',#554,#150,#563,.T.);
#563 = LINE('',#564,#565);
#564 = CARTESIAN_POINT('',(0.5,5.E-02,1.14));
#565 = VECTOR('',#566,1.);
#566 = DIRECTION('',(1.,0.,0.));
#567 = ORIENTED_EDGE('',*,*,#157,.F.);
#568 = ORIENTED_EDGE('',*,*,#569,.T.);
#569 = EDGE_CURVE('',#158,#570,#572,.T.);
#570 = VERTEX_POINT('',#571);
#571 = CARTESIAN_POINT('',(0.475,5.E-02,0.86));
#572 = LINE('',#573,#574);
#573 = CARTESIAN_POINT('',(0.2375,5.E-02,0.86));
#574 = VECTOR('',#575,1.);
#575 = DIRECTION('',(-1.,0.,0.));
#576 = ORIENTED_EDGE('',*,*,#577,.T.);
#577 = EDGE_CURVE('',#570,#578,#580,.T.);
#578 = VERTEX_POINT('',#579);
#579 = CARTESIAN_POINT('',(0.475,5.E-02,0.64));
#580 = CIRCLE('',#581,0.11);
#581 = AXIS2_PLACEMENT_3D('',#582,#583,#584);
#582 = CARTESIAN_POINT('',(0.475,5.E-02,0.75));
#583 = DIRECTION('',(0.,-1.,2.22044604925E-16));
#584 = DIRECTION('',(1.,0.,0.));
#585 = ORIENTED_EDGE('',*,*,#586,.T.);
#586 = EDGE_CURVE('',#578,#182,#587,.T.);
#587 = LINE('',#588,#589);
#588 = CARTESIAN_POINT('',(0.5,5.E-02,0.64));
#589 = VECTOR('',#590,1.);
#590 = DIRECTION('',(1.,0.,0.));
#591 = ORIENTED_EDGE('',*,*,#189,.F.);
#592 = ORIENTED_EDGE('',*,*,#593,.T.);
#593 = EDGE_CURVE('',#190,#594,#596,.T.);
#594 = VERTEX_POINT('',#595);
#595 = CARTESIAN_POINT('',(0.475,5.E-02,0.36));
#596 = LINE('',#597,#598);
#597 = CARTESIAN_POINT('',(0.2375,5.E-02,0.36));
#598 = VECTOR('',#599,1.);
#599 = DIRECTION('',(-1.,0.,0.));
#600 = ORIENTED_EDGE('',*,*,#601,.T.);
#601 = EDGE_CURVE('',#594,#602,#604,.T.);
#602 = VERTEX_POINT('',#603);
#603 = CARTESIAN_POINT('',(0.475,5.E-02,0.14));
#604 = CIRCLE('',#605,0.11);
#605 = AXIS2_PLACEMENT_3D('',#606,#607,#608);
#606 = CARTESIAN_POINT('',(0.475,5.E-02,0.25));
#607 = DIRECTION('',(0.,-1.,2.22044604925E-16));
#608 = DIRECTION('',(1.,0.,0.));
#609 = ORIENTED_EDGE('',*,*,#610,.T.);
#610 = EDGE_CURVE('',#602,#214,#611,.T.);
#611 = LINE('',#612,#613);
#612 = CARTESIAN_POINT('',(0.5,5.E-02,0.14));
#613 = VECTOR('',#614,1.);
#614 = DIRECTION('',(1.,0.,0.));
#615 = ORIENTED_EDGE('',*,*,#221,.F.);
#616 = ORIENTED_EDGE('',*,*,#617,.T.);
#617 = EDGE_CURVE('',#222,#618,#620,.T.);
#618 = VERTEX_POINT('',#619);
#619 = CARTESIAN_POINT('',(0.475,5.E-02,-0.14));
#620 = LINE('',#621,#622);
#621 = CARTESIAN_POINT('',(0.2375,5.E-02,-0.14));
#622 = VECTOR('',#623,1.);
#623 = DIRECTION('',(-1.,0.,0.));
#624 = ORIENTED_EDGE('',*,*,#625,.T.);
#625 = EDGE_CURVE('',#618,#626,#628,.T.);
#626 = VERTEX_POINT('',#627);
#627 = CARTESIAN_POINT('',(0.475,5.E-02,-0.36));
#628 = CIRCLE('',#629,0.11);
#629 = AXIS2_PLACEMENT_3D('',#630,#631,#632);
#630 = CARTESIAN_POINT('',(0.475,5.E-02,-0.25));
#631 = DIRECTION('',(0.,-1.,2.22044604925E-16));
#632 = DIRECTION('',(1.,0.,0.));
#633 = ORIENTED_EDGE('',*,*,#634,.T.);
#634 = EDGE_CURVE('',#626,#246,#635,.T.);
#635 = LINE('',#636,#637);
#636 = CARTESIAN_POINT('',(0.5,5.E-02,-0.36));
#637 = VECTOR('',#638,1.);
#638 = DIRECTION('',(1.,0.,0.));
#639 = ORIENTED_EDGE('',*,*,#253,.F.);
#640 = ORIENTED_EDGE('',*,*,#641,.T.);
#641 = EDGE_CURVE('',#254,#642,#644,.T.);
#642 = VERTEX_POINT('',#643);
#643 = CARTESIAN_POINT('',(0.475,5.E-02,-0.64));
#644 = LINE('',#645,#646);
#645 = CARTESIAN_POINT('',(0.2375,5.E-02,-0.64));
#646 = VECTOR('',#647,1.);
#647 = DIRECTION('',(-1.,0.,0.));
#648 = ORIENTED_EDGE('',*,*,#649,.T.);
#649 = EDGE_CURVE('',#642,#650,#652,.T.);
#650 = VERTEX_POINT('',#651);
#651 = CARTESIAN_POINT('',(0.475,5.E-02,-0.86));
#652 = CIRCLE('',#653,0.11);
#653 = AXIS2_PLACEMENT_3D('',#654,#655,#656);
#654 = CARTESIAN_POINT('',(0.475,5.E-02,-0.75));
#655 = DIRECTION('',(0.,-1.,2.22044604925E-16));
#656 = DIRECTION('',(1.,0.,0.));
#657 = ORIENTED_EDGE('',*,*,#658,.T.);
#658 = EDGE_CURVE('',#650,#278,#659,.T.);
#659 = LINE('',#660,#661);
#660 = CARTESIAN_POINT('',(0.5,5.E-02,-0.86));
#661 = VECTOR('',#662,1.);
#662 = DIRECTION('',(1.,0.,0.));
#663 = ORIENTED_EDGE('',*,*,#285,.F.);
#664 = ORIENTED_EDGE('',*,*,#665,.T.);
#665 = EDGE_CURVE('',#286,#666,#668,.T.);
#666 = VERTEX_POINT('',#667);
#667 = CARTESIAN_POINT('',(0.475,5.E-02,-1.14));
#668 = LINE('',#669,#670);
#669 = CARTESIAN_POINT('',(0.2375,5.E-02,-1.14));
#670 = VECTOR('',#671,1.);
#671 = DIRECTION('',(-1.,0.,0.));
#672 = ORIENTED_EDGE('',*,*,#673,.T.);
#673 = EDGE_CURVE('',#666,#674,#676,.T.);
#674 = VERTEX_POINT('',#675);
#675 = CARTESIAN_POINT('',(0.475,5.E-02,-1.36));
#676 = CIRCLE('',#677,0.11);
#677 = AXIS2_PLACEMENT_3D('',#678,#679,#680);
#678 = CARTESIAN_POINT('',(0.475,5.E-02,-1.25));
#679 = DIRECTION('',(0.,-1.,2.22044604925E-16));
#680 = DIRECTION('',(1.,0.,0.));
#681 = ORIENTED_EDGE('',*,*,#682,.T.);
#682 = EDGE_CURVE('',#674,#94,#683,.T.);
#683 = LINE('',#684,#685);
#684 = CARTESIAN_POINT('',(0.5,5.E-02,-1.36));
#685 = VECTOR('',#686,1.);
#686 = DIRECTION('',(1.,0.,0.));
#687 = PLANE('',#688);
#688 = AXIS2_PLACEMENT_3D('',#689,#690,#691);
#689 = CARTESIAN_POINT('',(0.,5.E-02,-1.387778780781E-17));
#690 = DIRECTION('',(0.,1.,0.));
#691 = DIRECTION('',(0.,0.,1.));
#692 = ADVANCED_FACE('',(#693),#711,.T.);
#693 = FACE_BOUND('',#694,.T.);
#694 = EDGE_LOOP('',(#695,#696,#697,#705));
#695 = ORIENTED_EDGE('',*,*,#682,.T.);
#696 = ORIENTED_EDGE('',*,*,#309,.T.);
#697 = ORIENTED_EDGE('',*,*,#698,.T.);
#698 = EDGE_CURVE('',#302,#699,#701,.T.);
#699 = VERTEX_POINT('',#700);
#700 = CARTESIAN_POINT('',(0.475,0.2,-1.36));
#701 = LINE('',#702,#703);
#702 = CARTESIAN_POINT('',(1.,0.2,-1.36));
#703 = VECTOR('',#704,1.);
#704 = DIRECTION('',(-1.,0.,0.));
#705 = ORIENTED_EDGE('',*,*,#706,.F.);
#706 = EDGE_CURVE('',#674,#699,#707,.T.);
#707 = LINE('',#708,#709);
#708 = CARTESIAN_POINT('',(0.475,-3.01980662698E-16,-1.36));
#709 = VECTOR('',#710,1.);
#710 = DIRECTION('',(0.,1.,-2.22044604925E-16));
#711 = PLANE('',#712);
#712 = AXIS2_PLACEMENT_3D('',#713,#714,#715);
#713 = CARTESIAN_POINT('',(1.,-3.01980662698E-16,-1.36));
#714 = DIRECTION('',(0.,2.22044604925E-16,1.));
#715 = DIRECTION('',(-1.,0.,0.));
#716 = ADVANCED_FACE('',(#717),#736,.F.);
#717 = FACE_BOUND('',#718,.F.);
#718 = EDGE_LOOP('',(#719,#720,#721,#730));
#719 = ORIENTED_EDGE('',*,*,#301,.T.);
#720 = ORIENTED_EDGE('',*,*,#698,.T.);
#721 = ORIENTED_EDGE('',*,*,#722,.F.);
#722 = EDGE_CURVE('',#723,#699,#725,.T.);
#723 = VERTEX_POINT('',#724);
#724 = CARTESIAN_POINT('',(0.475,0.2,-1.14));
#725 = CIRCLE('',#726,0.11);
#726 = AXIS2_PLACEMENT_3D('',#727,#728,#729);
#727 = CARTESIAN_POINT('',(0.475,0.2,-1.25));
#728 = DIRECTION('',(0.,-1.,2.22044604925E-16));
#729 = DIRECTION('',(1.,0.,0.));
#730 = ORIENTED_EDGE('',*,*,#731,.T.);
#731 = EDGE_CURVE('',#723,#294,#732,.T.);
#732 = LINE('',#733,#734);
#733 = CARTESIAN_POINT('',(0.475,0.2,-1.14));
#734 = VECTOR('',#735,1.);
#735 = DIRECTION('',(1.,0.,0.));
#736 = PLANE('',#737);
#737 = AXIS2_PLACEMENT_3D('',#738,#739,#740);
#738 = CARTESIAN_POINT('',(0.706354490768,0.2,-1.25));
#739 = DIRECTION('',(0.,1.,0.));
#740 = DIRECTION('',(0.,0.,1.));
#741 = ADVANCED_FACE('',(#742),#753,.T.);
#742 = FACE_BOUND('',#743,.T.);
#743 = EDGE_LOOP('',(#744,#745,#751,#752));
#744 = ORIENTED_EDGE('',*,*,#665,.T.);
#745 = ORIENTED_EDGE('',*,*,#746,.T.);
#746 = EDGE_CURVE('',#666,#723,#747,.T.);
#747 = LINE('',#748,#749);
#748 = CARTESIAN_POINT('',(0.475,-2.531308496145E-16,-1.14));
#749 = VECTOR('',#750,1.);
#750 = DIRECTION('',(0.,1.,-2.22044604925E-16));
#751 = ORIENTED_EDGE('',*,*,#731,.T.);
#752 = ORIENTED_EDGE('',*,*,#293,.F.);
#753 = PLANE('',#754);
#754 = AXIS2_PLACEMENT_3D('',#755,#756,#757);
#755 = CARTESIAN_POINT('',(0.475,-2.531308496145E-16,-1.14));
#756 = DIRECTION('',(0.,-2.22044604925E-16,-1.));
#757 = DIRECTION('',(1.,0.,0.));
#758 = ADVANCED_FACE('',(#759),#777,.T.);
#759 = FACE_BOUND('',#760,.T.);
#760 = EDGE_LOOP('',(#761,#762,#763,#771));
#761 = ORIENTED_EDGE('',*,*,#658,.T.);
#762 = ORIENTED_EDGE('',*,*,#277,.T.);
#763 = ORIENTED_EDGE('',*,*,#764,.T.);
#764 = EDGE_CURVE('',#270,#765,#767,.T.);
#765 = VERTEX_POINT('',#766);
#766 = CARTESIAN_POINT('',(0.475,0.2,-0.86));
#767 = LINE('',#768,#769);
#768 = CARTESIAN_POINT('',(1.,0.2,-0.86));
#769 = VECTOR('',#770,1.);
#770 = DIRECTION('',(-1.,0.,0.));
#771 = ORIENTED_EDGE('',*,*,#772,.F.);
#772 = EDGE_CURVE('',#650,#765,#773,.T.);
#773 = LINE('',#774,#775);
#774 = CARTESIAN_POINT('',(0.475,-2.22044604925E-16,-0.86));
#775 = VECTOR('',#776,1.);
#776 = DIRECTION('',(0.,1.,-2.22044604925E-16));
#777 = PLANE('',#778);
#778 = AXIS2_PLACEMENT_3D('',#779,#780,#781);
#779 = CARTESIAN_POINT('',(1.,-2.22044604925E-16,-0.86));
#780 = DIRECTION('',(0.,2.22044604925E-16,1.));
#781 = DIRECTION('',(-1.,0.,0.));
#782 = ADVANCED_FACE('',(#783),#802,.F.);
#783 = FACE_BOUND('',#784,.F.);
#784 = EDGE_LOOP('',(#785,#786,#787,#796));
#785 = ORIENTED_EDGE('',*,*,#269,.T.);
#786 = ORIENTED_EDGE('',*,*,#764,.T.);
#787 = ORIENTED_EDGE('',*,*,#788,.F.);
#788 = EDGE_CURVE('',#789,#765,#791,.T.);
#789 = VERTEX_POINT('',#790);
#790 = CARTESIAN_POINT('',(0.475,0.2,-0.64));
#791 = CIRCLE('',#792,0.11);
#792 = AXIS2_PLACEMENT_3D('',#793,#794,#795);
#793 = CARTESIAN_POINT('',(0.475,0.2,-0.75));
#794 = DIRECTION('',(0.,-1.,2.22044604925E-16));
#795 = DIRECTION('',(1.,0.,0.));
#796 = ORIENTED_EDGE('',*,*,#797,.T.);
#797 = EDGE_CURVE('',#789,#262,#798,.T.);
#798 = LINE('',#799,#800);
#799 = CARTESIAN_POINT('',(0.475,0.2,-0.64));
#800 = VECTOR('',#801,1.);
#801 = DIRECTION('',(1.,0.,0.));
#802 = PLANE('',#803);
#803 = AXIS2_PLACEMENT_3D('',#804,#805,#806);
#804 = CARTESIAN_POINT('',(0.706354490768,0.2,-0.75));
#805 = DIRECTION('',(0.,1.,0.));
#806 = DIRECTION('',(0.,0.,1.));
#807 = ADVANCED_FACE('',(#808),#819,.T.);
#808 = FACE_BOUND('',#809,.T.);
#809 = EDGE_LOOP('',(#810,#811,#817,#818));
#810 = ORIENTED_EDGE('',*,*,#641,.T.);
#811 = ORIENTED_EDGE('',*,*,#812,.T.);
#812 = EDGE_CURVE('',#642,#789,#813,.T.);
#813 = LINE('',#814,#815);
#814 = CARTESIAN_POINT('',(0.475,-2.22044604925E-16,-0.64));
#815 = VECTOR('',#816,1.);
#816 = DIRECTION('',(0.,1.,-2.22044604925E-16));
#817 = ORIENTED_EDGE('',*,*,#797,.T.);
#818 = ORIENTED_EDGE('',*,*,#261,.F.);
#819 = PLANE('',#820);
#820 = AXIS2_PLACEMENT_3D('',#821,#822,#823);
#821 = CARTESIAN_POINT('',(0.475,-2.22044604925E-16,-0.64));
#822 = DIRECTION('',(0.,-2.22044604925E-16,-1.));
#823 = DIRECTION('',(1.,0.,0.));
#824 = ADVANCED_FACE('',(#825),#843,.T.);
#825 = FACE_BOUND('',#826,.T.);
#826 = EDGE_LOOP('',(#827,#828,#829,#837));
#827 = ORIENTED_EDGE('',*,*,#634,.T.);
#828 = ORIENTED_EDGE('',*,*,#245,.T.);
#829 = ORIENTED_EDGE('',*,*,#830,.T.);
#830 = EDGE_CURVE('',#238,#831,#833,.T.);
#831 = VERTEX_POINT('',#832);
#832 = CARTESIAN_POINT('',(0.475,0.2,-0.36));
#833 = LINE('',#834,#835);
#834 = CARTESIAN_POINT('',(1.,0.2,-0.36));
#835 = VECTOR('',#836,1.);
#836 = DIRECTION('',(-1.,0.,0.));
#837 = ORIENTED_EDGE('',*,*,#838,.F.);
#838 = EDGE_CURVE('',#626,#831,#839,.T.);
#839 = LINE('',#840,#841);
#840 = CARTESIAN_POINT('',(0.475,-2.22044604925E-16,-0.36));
#841 = VECTOR('',#842,1.);
#842 = DIRECTION('',(0.,1.,-2.22044604925E-16));
#843 = PLANE('',#844);
#844 = AXIS2_PLACEMENT_3D('',#845,#846,#847);
#845 = CARTESIAN_POINT('',(1.,-2.22044604925E-16,-0.36));
#846 = DIRECTION('',(0.,2.22044604925E-16,1.));
#847 = DIRECTION('',(-1.,0.,0.));
#848 = ADVANCED_FACE('',(#849),#868,.F.);
#849 = FACE_BOUND('',#850,.F.);
#850 = EDGE_LOOP('',(#851,#852,#853,#862));
#851 = ORIENTED_EDGE('',*,*,#237,.T.);
#852 = ORIENTED_EDGE('',*,*,#830,.T.);
#853 = ORIENTED_EDGE('',*,*,#854,.F.);
#854 = EDGE_CURVE('',#855,#831,#857,.T.);
#855 = VERTEX_POINT('',#856);
#856 = CARTESIAN_POINT('',(0.475,0.2,-0.14));
#857 = CIRCLE('',#858,0.11);
#858 = AXIS2_PLACEMENT_3D('',#859,#860,#861);
#859 = CARTESIAN_POINT('',(0.475,0.2,-0.25));
#860 = DIRECTION('',(0.,-1.,2.22044604925E-16));
#861 = DIRECTION('',(1.,0.,0.));
#862 = ORIENTED_EDGE('',*,*,#863,.T.);
#863 = EDGE_CURVE('',#855,#230,#864,.T.);
#864 = LINE('',#865,#866);
#865 = CARTESIAN_POINT('',(0.475,0.2,-0.14));
#866 = VECTOR('',#867,1.);
#867 = DIRECTION('',(1.,0.,0.));
#868 = PLANE('',#869);
#869 = AXIS2_PLACEMENT_3D('',#870,#871,#872);
#870 = CARTESIAN_POINT('',(0.706354490768,0.2,-0.25));
#871 = DIRECTION('',(0.,1.,0.));
#872 = DIRECTION('',(0.,0.,1.));
#873 = ADVANCED_FACE('',(#874),#885,.T.);
#874 = FACE_BOUND('',#875,.T.);
#875 = EDGE_LOOP('',(#876,#877,#883,#884));
#876 = ORIENTED_EDGE('',*,*,#617,.T.);
#877 = ORIENTED_EDGE('',*,*,#878,.T.);
#878 = EDGE_CURVE('',#618,#855,#879,.T.);
#879 = LINE('',#880,#881);
#880 = CARTESIAN_POINT('',(0.475,-2.22044604925E-16,-0.14));
#881 = VECTOR('',#882,1.);
#882 = DIRECTION('',(0.,1.,-2.22044604925E-16));
#883 = ORIENTED_EDGE('',*,*,#863,.T.);
#884 = ORIENTED_EDGE('',*,*,#229,.F.);
#885 = PLANE('',#886);
#886 = AXIS2_PLACEMENT_3D('',#887,#888,#889);
#887 = CARTESIAN_POINT('',(0.475,-2.22044604925E-16,-0.14));
#888 = DIRECTION('',(0.,-2.22044604925E-16,-1.));
#889 = DIRECTION('',(1.,0.,0.));
#890 = ADVANCED_FACE('',(#891),#909,.T.);
#891 = FACE_BOUND('',#892,.T.);
#892 = EDGE_LOOP('',(#893,#894,#895,#903));
#893 = ORIENTED_EDGE('',*,*,#610,.T.);
#894 = ORIENTED_EDGE('',*,*,#213,.T.);
#895 = ORIENTED_EDGE('',*,*,#896,.T.);
#896 = EDGE_CURVE('',#206,#897,#899,.T.);
#897 = VERTEX_POINT('',#898);
#898 = CARTESIAN_POINT('',(0.475,0.2,0.14));
#899 = LINE('',#900,#901);
#900 = CARTESIAN_POINT('',(1.,0.2,0.14));
#901 = VECTOR('',#902,1.);
#902 = DIRECTION('',(-1.,0.,0.));
#903 = ORIENTED_EDGE('',*,*,#904,.F.);
#904 = EDGE_CURVE('',#602,#897,#905,.T.);
#905 = LINE('',#906,#907);
#906 = CARTESIAN_POINT('',(0.475,0.,0.14));
#907 = VECTOR('',#908,1.);
#908 = DIRECTION('',(0.,1.,-2.22044604925E-16));
#909 = PLANE('',#910);
#910 = AXIS2_PLACEMENT_3D('',#911,#912,#913);
#911 = CARTESIAN_POINT('',(1.,0.,0.14));
#912 = DIRECTION('',(0.,2.22044604925E-16,1.));
#913 = DIRECTION('',(-1.,0.,0.));
#914 = ADVANCED_FACE('',(#915),#934,.F.);
#915 = FACE_BOUND('',#916,.F.);
#916 = EDGE_LOOP('',(#917,#918,#919,#928));
#917 = ORIENTED_EDGE('',*,*,#205,.T.);
#918 = ORIENTED_EDGE('',*,*,#896,.T.);
#919 = ORIENTED_EDGE('',*,*,#920,.F.);
#920 = EDGE_CURVE('',#921,#897,#923,.T.);
#921 = VERTEX_POINT('',#922);
#922 = CARTESIAN_POINT('',(0.475,0.2,0.36));
#923 = CIRCLE('',#924,0.11);
#924 = AXIS2_PLACEMENT_3D('',#925,#926,#927);
#925 = CARTESIAN_POINT('',(0.475,0.2,0.25));
#926 = DIRECTION('',(0.,-1.,2.22044604925E-16));
#927 = DIRECTION('',(1.,0.,0.));
#928 = ORIENTED_EDGE('',*,*,#929,.T.);
#929 = EDGE_CURVE('',#921,#198,#930,.T.);
#930 = LINE('',#931,#932);
#931 = CARTESIAN_POINT('',(0.475,0.2,0.36));
#932 = VECTOR('',#933,1.);
#933 = DIRECTION('',(1.,0.,0.));
#934 = PLANE('',#935);
#935 = AXIS2_PLACEMENT_3D('',#936,#937,#938);
#936 = CARTESIAN_POINT('',(0.706354490768,0.2,0.25));
#937 = DIRECTION('',(0.,1.,0.));
#938 = DIRECTION('',(0.,0.,1.));
#939 = ADVANCED_FACE('',(#940),#951,.T.);
#940 = FACE_BOUND('',#941,.T.);
#941 = EDGE_LOOP('',(#942,#943,#949,#950));
#942 = ORIENTED_EDGE('',*,*,#593,.T.);
#943 = ORIENTED_EDGE('',*,*,#944,.T.);
#944 = EDGE_CURVE('',#594,#921,#945,.T.);
#945 = LINE('',#946,#947);
#946 = CARTESIAN_POINT('',(0.475,0.,0.36));
#947 = VECTOR('',#948,1.);
#948 = DIRECTION('',(0.,1.,-2.22044604925E-16));
#949 = ORIENTED_EDGE('',*,*,#929,.T.);
#950 = ORIENTED_EDGE('',*,*,#197,.F.);
#951 = PLANE('',#952);
#952 = AXIS2_PLACEMENT_3D('',#953,#954,#955);
#953 = CARTESIAN_POINT('',(0.475,0.,0.36));
#954 = DIRECTION('',(0.,-2.22044604925E-16,-1.));
#955 = DIRECTION('',(1.,0.,0.));
#956 = ADVANCED_FACE('',(#957),#975,.T.);
#957 = FACE_BOUND('',#958,.T.);
#958 = EDGE_LOOP('',(#959,#960,#961,#969));
#959 = ORIENTED_EDGE('',*,*,#586,.T.);
#960 = ORIENTED_EDGE('',*,*,#181,.T.);
#961 = ORIENTED_EDGE('',*,*,#962,.T.);
#962 = EDGE_CURVE('',#174,#963,#965,.T.);
#963 = VERTEX_POINT('',#964);
#964 = CARTESIAN_POINT('',(0.475,0.2,0.64));
#965 = LINE('',#966,#967);
#966 = CARTESIAN_POINT('',(1.,0.2,0.64));
#967 = VECTOR('',#968,1.);
#968 = DIRECTION('',(-1.,0.,0.));
#969 = ORIENTED_EDGE('',*,*,#970,.F.);
#970 = EDGE_CURVE('',#578,#963,#971,.T.);
#971 = LINE('',#972,#973);
#972 = CARTESIAN_POINT('',(0.475,0.,0.64));
#973 = VECTOR('',#974,1.);
#974 = DIRECTION('',(0.,1.,-2.22044604925E-16));
#975 = PLANE('',#976);
#976 = AXIS2_PLACEMENT_3D('',#977,#978,#979);
#977 = CARTESIAN_POINT('',(1.,0.,0.64));
#978 = DIRECTION('',(0.,2.22044604925E-16,1.));
#979 = DIRECTION('',(-1.,0.,0.));
#980 = ADVANCED_FACE('',(#981),#1000,.F.);
#981 = FACE_BOUND('',#982,.F.);
#982 = EDGE_LOOP('',(#983,#984,#985,#994));
#983 = ORIENTED_EDGE('',*,*,#173,.T.);
#984 = ORIENTED_EDGE('',*,*,#962,.T.);
#985 = ORIENTED_EDGE('',*,*,#986,.F.);
#986 = EDGE_CURVE('',#987,#963,#989,.T.);
#987 = VERTEX_POINT('',#988);
#988 = CARTESIAN_POINT('',(0.475,0.2,0.86));
#989 = CIRCLE('',#990,0.11);
#990 = AXIS2_PLACEMENT_3D('',#991,#992,#993);
#991 = CARTESIAN_POINT('',(0.475,0.2,0.75));
#992 = DIRECTION('',(0.,-1.,2.22044604925E-16));
#993 = DIRECTION('',(1.,0.,0.));
#994 = ORIENTED_EDGE('',*,*,#995,.T.);
#995 = EDGE_CURVE('',#987,#166,#996,.T.);
#996 = LINE('',#997,#998);
#997 = CARTESIAN_POINT('',(0.475,0.2,0.86));
#998 = VECTOR('',#999,1.);
#999 = DIRECTION('',(1.,0.,0.));
#1000 = PLANE('',#1001);
#1001 = AXIS2_PLACEMENT_3D('',#1002,#1003,#1004);
#1002 = CARTESIAN_POINT('',(0.706354490768,0.2,0.75));
#1003 = DIRECTION('',(0.,1.,0.));
#1004 = DIRECTION('',(0.,0.,1.));
#1005 = ADVANCED_FACE('',(#1006),#1017,.T.);
#1006 = FACE_BOUND('',#1007,.T.);
#1007 = EDGE_LOOP('',(#1008,#1009,#1015,#1016));
#1008 = ORIENTED_EDGE('',*,*,#569,.T.);
#1009 = ORIENTED_EDGE('',*,*,#1010,.T.);
#1010 = EDGE_CURVE('',#570,#987,#1011,.T.);
#1011 = LINE('',#1012,#1013);
#1012 = CARTESIAN_POINT('',(0.475,0.,0.86));
#1013 = VECTOR('',#1014,1.);
#1014 = DIRECTION('',(0.,1.,-2.22044604925E-16));
#1015 = ORIENTED_EDGE('',*,*,#995,.T.);
#1016 = ORIENTED_EDGE('',*,*,#165,.F.);
#1017 = PLANE('',#1018);
#1018 = AXIS2_PLACEMENT_3D('',#1019,#1020,#1021);
#1019 = CARTESIAN_POINT('',(0.475,0.,0.86));
#1020 = DIRECTION('',(0.,-2.22044604925E-16,-1.));
#1021 = DIRECTION('',(1.,0.,0.));
#1022 = ADVANCED_FACE('',(#1023),#1041,.T.);
#1023 = FACE_BOUND('',#1024,.T.);
#1024 = EDGE_LOOP('',(#1025,#1026,#1027,#1035));
#1025 = ORIENTED_EDGE('',*,*,#562,.T.);
#1026 = ORIENTED_EDGE('',*,*,#149,.T.);
#1027 = ORIENTED_EDGE('',*,*,#1028,.T.);
#1028 = EDGE_CURVE('',#142,#1029,#1031,.T.);
#1029 = VERTEX_POINT('',#1030);
#1030 = CARTESIAN_POINT('',(0.475,0.2,1.14));
#1031 = LINE('',#1032,#1033);
#1032 = CARTESIAN_POINT('',(1.,0.2,1.14));
#1033 = VECTOR('',#1034,1.);
#1034 = DIRECTION('',(-1.,0.,0.));
#1035 = ORIENTED_EDGE('',*,*,#1036,.F.);
#1036 = EDGE_CURVE('',#554,#1029,#1037,.T.);
#1037 = LINE('',#1038,#1039);
#1038 = CARTESIAN_POINT('',(0.475,0.,1.14));
#1039 = VECTOR('',#1040,1.);
#1040 = DIRECTION('',(0.,1.,-2.22044604925E-16));
#1041 = PLANE('',#1042);
#1042 = AXIS2_PLACEMENT_3D('',#1043,#1044,#1045);
#1043 = CARTESIAN_POINT('',(1.,0.,1.14));
#1044 = DIRECTION('',(0.,2.22044604925E-16,1.));
#1045 = DIRECTION('',(-1.,0.,0.));
#1046 = ADVANCED_FACE('',(#1047),#1066,.F.);
#1047 = FACE_BOUND('',#1048,.F.);
#1048 = EDGE_LOOP('',(#1049,#1050,#1051,#1060));
#1049 = ORIENTED_EDGE('',*,*,#141,.T.);
#1050 = ORIENTED_EDGE('',*,*,#1028,.T.);
#1051 = ORIENTED_EDGE('',*,*,#1052,.F.);
#1052 = EDGE_CURVE('',#1053,#1029,#1055,.T.);
#1053 = VERTEX_POINT('',#1054);
#1054 = CARTESIAN_POINT('',(0.475,0.2,1.36));
#1055 = CIRCLE('',#1056,0.11);
#1056 = AXIS2_PLACEMENT_3D('',#1057,#1058,#1059);
#1057 = CARTESIAN_POINT('',(0.475,0.2,1.25));
#1058 = DIRECTION('',(0.,-1.,2.22044604925E-16));
#1059 = DIRECTION('',(1.,0.,0.));
#1060 = ORIENTED_EDGE('',*,*,#1061,.T.);
#1061 = EDGE_CURVE('',#1053,#134,#1062,.T.);
#1062 = LINE('',#1063,#1064);
#1063 = CARTESIAN_POINT('',(0.475,0.2,1.36));
#1064 = VECTOR('',#1065,1.);
#1065 = DIRECTION('',(1.,0.,0.));
#1066 = PLANE('',#1067);
#1067 = AXIS2_PLACEMENT_3D('',#1068,#1069,#1070);
#1068 = CARTESIAN_POINT('',(0.706354490768,0.2,1.25));
#1069 = DIRECTION('',(0.,1.,0.));
#1070 = DIRECTION('',(0.,0.,1.));
#1071 = ADVANCED_FACE('',(#1072),#1083,.T.);
#1072 = FACE_BOUND('',#1073,.T.);
#1073 = EDGE_LOOP('',(#1074,#1075,#1081,#1082));
#1074 = ORIENTED_EDGE('',*,*,#545,.T.);
#1075 = ORIENTED_EDGE('',*,*,#1076,.T.);
#1076 = EDGE_CURVE('',#546,#1053,#1077,.T.);
#1077 = LINE('',#1078,#1079);
#1078 = CARTESIAN_POINT('',(0.475,0.,1.36));
#1079 = VECTOR('',#1080,1.);
#1080 = DIRECTION('',(0.,1.,-2.22044604925E-16));
#1081 = ORIENTED_EDGE('',*,*,#1061,.T.);
#1082 = ORIENTED_EDGE('',*,*,#133,.F.);
#1083 = PLANE('',#1084);
#1084 = AXIS2_PLACEMENT_3D('',#1085,#1086,#1087);
#1085 = CARTESIAN_POINT('',(0.475,0.,1.36));
#1086 = DIRECTION('',(0.,-2.22044604925E-16,-1.));
#1087 = DIRECTION('',(1.,0.,0.));
#1088 = ADVANCED_FACE('',(#1089),#1107,.T.);
#1089 = FACE_BOUND('',#1090,.T.);
#1090 = EDGE_LOOP('',(#1091,#1092,#1093,#1101));
#1091 = ORIENTED_EDGE('',*,*,#538,.F.);
#1092 = ORIENTED_EDGE('',*,*,#117,.T.);
#1093 = ORIENTED_EDGE('',*,*,#1094,.T.);
#1094 = EDGE_CURVE('',#110,#1095,#1097,.T.);
#1095 = VERTEX_POINT('',#1096);
#1096 = CARTESIAN_POINT('',(-1.,1.,1.5));
#1097 = LINE('',#1098,#1099);
#1098 = CARTESIAN_POINT('',(1.,1.,1.5));
#1099 = VECTOR('',#1100,1.);
#1100 = DIRECTION('',(-1.,0.,0.));
#1101 = ORIENTED_EDGE('',*,*,#1102,.F.);
#1102 = EDGE_CURVE('',#531,#1095,#1103,.T.);
#1103 = LINE('',#1104,#1105);
#1104 = CARTESIAN_POINT('',(-1.,3.330669073875E-16,1.5));
#1105 = VECTOR('',#1106,1.);
#1106 = DIRECTION('',(0.,1.,-2.22044604925E-16));
#1107 = PLANE('',#1108);
#1108 = AXIS2_PLACEMENT_3D('',#1109,#1110,#1111);
#1109 = CARTESIAN_POINT('',(1.,3.330669073875E-16,1.5));
#1110 = DIRECTION('',(0.,2.22044604925E-16,1.));
#1111 = DIRECTION('',(-1.,0.,0.));
#1112 = ADVANCED_FACE('',(#1113,#1131),#1142,.T.);
#1113 = FACE_BOUND('',#1114,.T.);
#1114 = EDGE_LOOP('',(#1115,#1116,#1124,#1130));
#1115 = ORIENTED_EDGE('',*,*,#109,.F.);
#1116 = ORIENTED_EDGE('',*,*,#1117,.F.);
#1117 = EDGE_CURVE('',#1118,#102,#1120,.T.);
#1118 = VERTEX_POINT('',#1119);
#1119 = CARTESIAN_POINT('',(-1.,1.,-1.5));
#1120 = LINE('',#1121,#1122);
#1121 = CARTESIAN_POINT('',(-1.,1.,-1.5));
#1122 = VECTOR('',#1123,1.);
#1123 = DIRECTION('',(1.,0.,0.));
#1124 = ORIENTED_EDGE('',*,*,#1125,.F.);
#1125 = EDGE_CURVE('',#1095,#1118,#1126,.T.);
#1126 = LINE('',#1127,#1128);
#1127 = CARTESIAN_POINT('',(-1.,1.,1.5));
#1128 = VECTOR('',#1129,1.);
#1129 = DIRECTION('',(0.,-2.22044604925E-16,-1.));
#1130 = ORIENTED_EDGE('',*,*,#1094,.F.);
#1131 = FACE_BOUND('',#1132,.T.);
#1132 = EDGE_LOOP('',(#1133));
#1133 = ORIENTED_EDGE('',*,*,#1134,.F.);
#1134 = EDGE_CURVE('',#1135,#1135,#1137,.T.);
#1135 = VERTEX_POINT('',#1136);
#1136 = CARTESIAN_POINT('',(-0.646,1.,-1.246));
#1137 = CIRCLE('',#1138,0.1);
#1138 = AXIS2_PLACEMENT_3D('',#1139,#1140,#1141);
#1139 = CARTESIAN_POINT('',(-0.746,1.,-1.246));
#1140 = DIRECTION('',(-0.,1.,2.22044604925E-16));
#1141 = DIRECTION('',(1.,0.,0.));
#1142 = PLANE('',#1143);
#1143 = AXIS2_PLACEMENT_3D('',#1144,#1145,#1146);
#1144 = CARTESIAN_POINT('',(0.,1.,-2.22044604925E-16));
#1145 = DIRECTION('',(0.,1.,0.));
#1146 = DIRECTION('',(0.,0.,1.));
#1147 = ADVANCED_FACE('',(#1148),#1159,.T.);
#1148 = FACE_BOUND('',#1149,.T.);
#1149 = EDGE_LOOP('',(#1150,#1151,#1157,#1158));
#1150 = ORIENTED_EDGE('',*,*,#324,.F.);
#1151 = ORIENTED_EDGE('',*,*,#1152,.T.);
#1152 = EDGE_CURVE('',#325,#1118,#1153,.T.);
#1153 = LINE('',#1154,#1155);
#1154 = CARTESIAN_POINT('',(-1.,-3.330669073875E-16,-1.5));
#1155 = VECTOR('',#1156,1.);
#1156 = DIRECTION('',(0.,1.,-2.22044604925E-16));
#1157 = ORIENTED_EDGE('',*,*,#1117,.T.);
#1158 = ORIENTED_EDGE('',*,*,#101,.F.);
#1159 = PLANE('',#1160);
#1160 = AXIS2_PLACEMENT_3D('',#1161,#1162,#1163);
#1161 = CARTESIAN_POINT('',(-1.,-3.330669073875E-16,-1.5));
#1162 = DIRECTION('',(0.,-2.22044604925E-16,-1.));
#1163 = DIRECTION('',(1.,0.,0.));
#1164 = ADVANCED_FACE('',(#1165),#1171,.F.);
#1165 = FACE_BOUND('',#1166,.F.);
#1166 = EDGE_LOOP('',(#1167,#1168,#1169,#1170));
#1167 = ORIENTED_EDGE('',*,*,#673,.F.);
#1168 = ORIENTED_EDGE('',*,*,#746,.T.);
#1169 = ORIENTED_EDGE('',*,*,#722,.T.);
#1170 = ORIENTED_EDGE('',*,*,#706,.F.);
#1171 = CYLINDRICAL_SURFACE('',#1172,0.11);
#1172 = AXIS2_PLACEMENT_3D('',#1173,#1174,#1175);
#1173 = CARTESIAN_POINT('',(0.475,-2.775557561563E-16,-1.25));
#1174 = DIRECTION('',(0.,-1.,2.22044604925E-16));
#1175 = DIRECTION('',(1.,0.,0.));
#1176 = ADVANCED_FACE('',(#1177),#1183,.F.);
#1177 = FACE_BOUND('',#1178,.F.);
#1178 = EDGE_LOOP('',(#1179,#1180,#1181,#1182));
#1179 = ORIENTED_EDGE('',*,*,#649,.F.);
#1180 = ORIENTED_EDGE('',*,*,#812,.T.);
#1181 = ORIENTED_EDGE('',*,*,#788,.T.);
#1182 = ORIENTED_EDGE('',*,*,#772,.F.);
#1183 = CYLINDRICAL_SURFACE('',#1184,0.11);
#1184 = AXIS2_PLACEMENT_3D('',#1185,#1186,#1187);
#1185 = CARTESIAN_POINT('',(0.475,-2.22044604925E-16,-0.75));
#1186 = DIRECTION('',(0.,-1.,2.22044604925E-16));
#1187 = DIRECTION('',(1.,0.,0.));
#1188 = ADVANCED_FACE('',(#1189),#1195,.F.);
#1189 = FACE_BOUND('',#1190,.F.);
#1190 = EDGE_LOOP('',(#1191,#1192,#1193,#1194));
#1191 = ORIENTED_EDGE('',*,*,#625,.F.);
#1192 = ORIENTED_EDGE('',*,*,#878,.T.);
#1193 = ORIENTED_EDGE('',*,*,#854,.T.);
#1194 = ORIENTED_EDGE('',*,*,#838,.F.);
#1195 = CYLINDRICAL_SURFACE('',#1196,0.11);
#1196 = AXIS2_PLACEMENT_3D('',#1197,#1198,#1199);
#1197 = CARTESIAN_POINT('',(0.475,-2.22044604925E-16,-0.25));
#1198 = DIRECTION('',(0.,-1.,2.22044604925E-16));
#1199 = DIRECTION('',(1.,0.,0.));
#1200 = ADVANCED_FACE('',(#1201),#1207,.F.);
#1201 = FACE_BOUND('',#1202,.F.);
#1202 = EDGE_LOOP('',(#1203,#1204,#1205,#1206));
#1203 = ORIENTED_EDGE('',*,*,#601,.F.);
#1204 = ORIENTED_EDGE('',*,*,#944,.T.);
#1205 = ORIENTED_EDGE('',*,*,#920,.T.);
#1206 = ORIENTED_EDGE('',*,*,#904,.F.);
#1207 = CYLINDRICAL_SURFACE('',#1208,0.11);
#1208 = AXIS2_PLACEMENT_3D('',#1209,#1210,#1211);
#1209 = CARTESIAN_POINT('',(0.475,0.,0.25));
#1210 = DIRECTION('',(0.,-1.,2.22044604925E-16));
#1211 = DIRECTION('',(1.,0.,0.));
#1212 = ADVANCED_FACE('',(#1213),#1219,.F.);
#1213 = FACE_BOUND('',#1214,.F.);
#1214 = EDGE_LOOP('',(#1215,#1216,#1217,#1218));
#1215 = ORIENTED_EDGE('',*,*,#577,.F.);
#1216 = ORIENTED_EDGE('',*,*,#1010,.T.);
#1217 = ORIENTED_EDGE('',*,*,#986,.T.);
#1218 = ORIENTED_EDGE('',*,*,#970,.F.);
#1219 = CYLINDRICAL_SURFACE('',#1220,0.11);
#1220 = AXIS2_PLACEMENT_3D('',#1221,#1222,#1223);
#1221 = CARTESIAN_POINT('',(0.475,0.,0.75));
#1222 = DIRECTION('',(0.,-1.,2.22044604925E-16));
#1223 = DIRECTION('',(1.,0.,0.));
#1224 = ADVANCED_FACE('',(#1225),#1231,.F.);
#1225 = FACE_BOUND('',#1226,.F.);
#1226 = EDGE_LOOP('',(#1227,#1228,#1229,#1230));
#1227 = ORIENTED_EDGE('',*,*,#553,.F.);
#1228 = ORIENTED_EDGE('',*,*,#1076,.T.);
#1229 = ORIENTED_EDGE('',*,*,#1052,.T.);
#1230 = ORIENTED_EDGE('',*,*,#1036,.F.);
#1231 = CYLINDRICAL_SURFACE('',#1232,0.11);
#1232 = AXIS2_PLACEMENT_3D('',#1233,#1234,#1235);
#1233 = CARTESIAN_POINT('',(0.475,0.,1.25));
#1234 = DIRECTION('',(0.,-1.,2.22044604925E-16));
#1235 = DIRECTION('',(1.,0.,0.));
#1236 = ADVANCED_FACE('',(#1237),#1381,.T.);
#1237 = FACE_BOUND('',#1238,.T.);
#1238 = EDGE_LOOP('',(#1239,#1240,#1241,#1242,#1243,#1244,#1252,#1260,
    #1266,#1267,#1275,#1283,#1289,#1290,#1298,#1306,#1312,#1313,#1321,
    #1329,#1335,#1336,#1344,#1352,#1358,#1359,#1367,#1375));
#1239 = ORIENTED_EDGE('',*,*,#530,.F.);
#1240 = ORIENTED_EDGE('',*,*,#1102,.T.);
#1241 = ORIENTED_EDGE('',*,*,#1125,.T.);
#1242 = ORIENTED_EDGE('',*,*,#1152,.F.);
#1243 = ORIENTED_EDGE('',*,*,#332,.F.);
#1244 = ORIENTED_EDGE('',*,*,#1245,.T.);
#1245 = EDGE_CURVE('',#333,#1246,#1248,.T.);
#1246 = VERTEX_POINT('',#1247);
#1247 = CARTESIAN_POINT('',(-1.,0.2,-1.36));
#1248 = LINE('',#1249,#1250);
#1249 = CARTESIAN_POINT('',(-1.,-3.01980662698E-16,-1.36));
#1250 = VECTOR('',#1251,1.);
#1251 = DIRECTION('',(0.,1.,-2.22044604925E-16));
#1252 = ORIENTED_EDGE('',*,*,#1253,.T.);
#1253 = EDGE_CURVE('',#1246,#1254,#1256,.T.);
#1254 = VERTEX_POINT('',#1255);
#1255 = CARTESIAN_POINT('',(-1.,0.2,-1.14));
#1256 = LINE('',#1257,#1258);
#1257 = CARTESIAN_POINT('',(-1.,0.2,-1.36));
#1258 = VECTOR('',#1259,1.);
#1259 = DIRECTION('',(0.,2.22044604925E-16,1.));
#1260 = ORIENTED_EDGE('',*,*,#1261,.F.);
#1261 = EDGE_CURVE('',#358,#1254,#1262,.T.);
#1262 = LINE('',#1263,#1264);
#1263 = CARTESIAN_POINT('',(-1.,-2.531308496145E-16,-1.14));
#1264 = VECTOR('',#1265,1.);
#1265 = DIRECTION('',(0.,1.,-2.22044604925E-16));
#1266 = ORIENTED_EDGE('',*,*,#365,.F.);
#1267 = ORIENTED_EDGE('',*,*,#1268,.T.);
#1268 = EDGE_CURVE('',#366,#1269,#1271,.T.);
#1269 = VERTEX_POINT('',#1270);
#1270 = CARTESIAN_POINT('',(-1.,0.2,-0.86));
#1271 = LINE('',#1272,#1273);
#1272 = CARTESIAN_POINT('',(-1.,-2.22044604925E-16,-0.86));
#1273 = VECTOR('',#1274,1.);
#1274 = DIRECTION('',(0.,1.,-2.22044604925E-16));
#1275 = ORIENTED_EDGE('',*,*,#1276,.T.);
#1276 = EDGE_CURVE('',#1269,#1277,#1279,.T.);
#1277 = VERTEX_POINT('',#1278);
#1278 = CARTESIAN_POINT('',(-1.,0.2,-0.64));
#1279 = LINE('',#1280,#1281);
#1280 = CARTESIAN_POINT('',(-1.,0.2,-0.86));
#1281 = VECTOR('',#1282,1.);
#1282 = DIRECTION('',(0.,2.22044604925E-16,1.));
#1283 = ORIENTED_EDGE('',*,*,#1284,.F.);
#1284 = EDGE_CURVE('',#391,#1277,#1285,.T.);
#1285 = LINE('',#1286,#1287);
#1286 = CARTESIAN_POINT('',(-1.,-2.22044604925E-16,-0.64));
#1287 = VECTOR('',#1288,1.);
#1288 = DIRECTION('',(0.,1.,-2.22044604925E-16));
#1289 = ORIENTED_EDGE('',*,*,#398,.F.);
#1290 = ORIENTED_EDGE('',*,*,#1291,.T.);
#1291 = EDGE_CURVE('',#399,#1292,#1294,.T.);
#1292 = VERTEX_POINT('',#1293);
#1293 = CARTESIAN_POINT('',(-1.,0.2,-0.36));
#1294 = LINE('',#1295,#1296);
#1295 = CARTESIAN_POINT('',(-1.,-2.22044604925E-16,-0.36));
#1296 = VECTOR('',#1297,1.);
#1297 = DIRECTION('',(0.,1.,-2.22044604925E-16));
#1298 = ORIENTED_EDGE('',*,*,#1299,.T.);
#1299 = EDGE_CURVE('',#1292,#1300,#1302,.T.);
#1300 = VERTEX_POINT('',#1301);
#1301 = CARTESIAN_POINT('',(-1.,0.2,-0.14));
#1302 = LINE('',#1303,#1304);
#1303 = CARTESIAN_POINT('',(-1.,0.2,-0.36));
#1304 = VECTOR('',#1305,1.);
#1305 = DIRECTION('',(0.,2.22044604925E-16,1.));
#1306 = ORIENTED_EDGE('',*,*,#1307,.F.);
#1307 = EDGE_CURVE('',#424,#1300,#1308,.T.);
#1308 = LINE('',#1309,#1310);
#1309 = CARTESIAN_POINT('',(-1.,-2.22044604925E-16,-0.14));
#1310 = VECTOR('',#1311,1.);
#1311 = DIRECTION('',(0.,1.,-2.22044604925E-16));
#1312 = ORIENTED_EDGE('',*,*,#431,.F.);
#1313 = ORIENTED_EDGE('',*,*,#1314,.T.);
#1314 = EDGE_CURVE('',#432,#1315,#1317,.T.);
#1315 = VERTEX_POINT('',#1316);
#1316 = CARTESIAN_POINT('',(-1.,0.2,0.14));
#1317 = LINE('',#1318,#1319);
#1318 = CARTESIAN_POINT('',(-1.,0.,0.14));
#1319 = VECTOR('',#1320,1.);
#1320 = DIRECTION('',(0.,1.,-2.22044604925E-16));
#1321 = ORIENTED_EDGE('',*,*,#1322,.T.);
#1322 = EDGE_CURVE('',#1315,#1323,#1325,.T.);
#1323 = VERTEX_POINT('',#1324);
#1324 = CARTESIAN_POINT('',(-1.,0.2,0.36));
#1325 = LINE('',#1326,#1327);
#1326 = CARTESIAN_POINT('',(-1.,0.2,0.14));
#1327 = VECTOR('',#1328,1.);
#1328 = DIRECTION('',(0.,2.22044604925E-16,1.));
#1329 = ORIENTED_EDGE('',*,*,#1330,.F.);
#1330 = EDGE_CURVE('',#457,#1323,#1331,.T.);
#1331 = LINE('',#1332,#1333);
#1332 = CARTESIAN_POINT('',(-1.,0.,0.36));
#1333 = VECTOR('',#1334,1.);
#1334 = DIRECTION('',(0.,1.,-2.22044604925E-16));
#1335 = ORIENTED_EDGE('',*,*,#464,.F.);
#1336 = ORIENTED_EDGE('',*,*,#1337,.T.);
#1337 = EDGE_CURVE('',#465,#1338,#1340,.T.);
#1338 = VERTEX_POINT('',#1339);
#1339 = CARTESIAN_POINT('',(-1.,0.2,0.64));
#1340 = LINE('',#1341,#1342);
#1341 = CARTESIAN_POINT('',(-1.,0.,0.64));
#1342 = VECTOR('',#1343,1.);
#1343 = DIRECTION('',(0.,1.,-2.22044604925E-16));
#1344 = ORIENTED_EDGE('',*,*,#1345,.T.);
#1345 = EDGE_CURVE('',#1338,#1346,#1348,.T.);
#1346 = VERTEX_POINT('',#1347);
#1347 = CARTESIAN_POINT('',(-1.,0.2,0.86));
#1348 = LINE('',#1349,#1350);
#1349 = CARTESIAN_POINT('',(-1.,0.2,0.64));
#1350 = VECTOR('',#1351,1.);
#1351 = DIRECTION('',(0.,2.22044604925E-16,1.));
#1352 = ORIENTED_EDGE('',*,*,#1353,.F.);
#1353 = EDGE_CURVE('',#490,#1346,#1354,.T.);
#1354 = LINE('',#1355,#1356);
#1355 = CARTESIAN_POINT('',(-1.,0.,0.86));
#1356 = VECTOR('',#1357,1.);
#1357 = DIRECTION('',(0.,1.,-2.22044604925E-16));
#1358 = ORIENTED_EDGE('',*,*,#497,.F.);
#1359 = ORIENTED_EDGE('',*,*,#1360,.T.);
#1360 = EDGE_CURVE('',#498,#1361,#1363,.T.);
#1361 = VERTEX_POINT('',#1362);
#1362 = CARTESIAN_POINT('',(-1.,0.2,1.14));
#1363 = LINE('',#1364,#1365);
#1364 = CARTESIAN_POINT('',(-1.,0.,1.14));
#1365 = VECTOR('',#1366,1.);
#1366 = DIRECTION('',(0.,1.,-2.22044604925E-16));
#1367 = ORIENTED_EDGE('',*,*,#1368,.T.);
#1368 = EDGE_CURVE('',#1361,#1369,#1371,.T.);
#1369 = VERTEX_POINT('',#1370);
#1370 = CARTESIAN_POINT('',(-1.,0.2,1.36));
#1371 = LINE('',#1372,#1373);
#1372 = CARTESIAN_POINT('',(-1.,0.2,1.14));
#1373 = VECTOR('',#1374,1.);
#1374 = DIRECTION('',(0.,2.22044604925E-16,1.));
#1375 = ORIENTED_EDGE('',*,*,#1376,.F.);
#1376 = EDGE_CURVE('',#523,#1369,#1377,.T.);
#1377 = LINE('',#1378,#1379);
#1378 = CARTESIAN_POINT('',(-1.,0.,1.36));
#1379 = VECTOR('',#1380,1.);
#1380 = DIRECTION('',(0.,1.,-2.22044604925E-16));
#1381 = PLANE('',#1382);
#1382 = AXIS2_PLACEMENT_3D('',#1383,#1384,#1385);
#1383 = CARTESIAN_POINT('',(-1.,3.330669073875E-16,1.5));
#1384 = DIRECTION('',(-1.,0.,0.));
#1385 = DIRECTION('',(0.,-2.22044604925E-16,-1.));
#1386 = ADVANCED_FACE('',(#1387),#1405,.T.);
#1387 = FACE_BOUND('',#1388,.T.);
#1388 = EDGE_LOOP('',(#1389,#1390,#1391,#1399));
#1389 = ORIENTED_EDGE('',*,*,#522,.T.);
#1390 = ORIENTED_EDGE('',*,*,#1376,.T.);
#1391 = ORIENTED_EDGE('',*,*,#1392,.T.);
#1392 = EDGE_CURVE('',#1369,#1393,#1395,.T.);
#1393 = VERTEX_POINT('',#1394);
#1394 = CARTESIAN_POINT('',(-0.475,0.2,1.36));
#1395 = LINE('',#1396,#1397);
#1396 = CARTESIAN_POINT('',(-1.,0.2,1.36));
#1397 = VECTOR('',#1398,1.);
#1398 = DIRECTION('',(1.,0.,0.));
#1399 = ORIENTED_EDGE('',*,*,#1400,.F.);
#1400 = EDGE_CURVE('',#514,#1393,#1401,.T.);
#1401 = LINE('',#1402,#1403);
#1402 = CARTESIAN_POINT('',(-0.475,0.,1.36));
#1403 = VECTOR('',#1404,1.);
#1404 = DIRECTION('',(0.,1.,-2.22044604925E-16));
#1405 = PLANE('',#1406);
#1406 = AXIS2_PLACEMENT_3D('',#1407,#1408,#1409);
#1407 = CARTESIAN_POINT('',(-1.,0.,1.36));
#1408 = DIRECTION('',(0.,-2.22044604925E-16,-1.));
#1409 = DIRECTION('',(1.,0.,0.));
#1410 = ADVANCED_FACE('',(#1411),#1430,.F.);
#1411 = FACE_BOUND('',#1412,.F.);
#1412 = EDGE_LOOP('',(#1413,#1414,#1422,#1429));
#1413 = ORIENTED_EDGE('',*,*,#513,.F.);
#1414 = ORIENTED_EDGE('',*,*,#1415,.T.);
#1415 = EDGE_CURVE('',#506,#1416,#1418,.T.);
#1416 = VERTEX_POINT('',#1417);
#1417 = CARTESIAN_POINT('',(-0.475,0.2,1.14));
#1418 = LINE('',#1419,#1420);
#1419 = CARTESIAN_POINT('',(-0.475,0.,1.14));
#1420 = VECTOR('',#1421,1.);
#1421 = DIRECTION('',(0.,1.,-2.22044604925E-16));
#1422 = ORIENTED_EDGE('',*,*,#1423,.T.);
#1423 = EDGE_CURVE('',#1416,#1393,#1424,.T.);
#1424 = CIRCLE('',#1425,0.11);
#1425 = AXIS2_PLACEMENT_3D('',#1426,#1427,#1428);
#1426 = CARTESIAN_POINT('',(-0.475,0.2,1.25));
#1427 = DIRECTION('',(0.,-1.,2.22044604925E-16));
#1428 = DIRECTION('',(1.,0.,0.));
#1429 = ORIENTED_EDGE('',*,*,#1400,.F.);
#1430 = CYLINDRICAL_SURFACE('',#1431,0.11);
#1431 = AXIS2_PLACEMENT_3D('',#1432,#1433,#1434);
#1432 = CARTESIAN_POINT('',(-0.475,0.,1.25));
#1433 = DIRECTION('',(0.,-1.,2.22044604925E-16));
#1434 = DIRECTION('',(1.,0.,0.));
#1435 = ADVANCED_FACE('',(#1436),#1447,.T.);
#1436 = FACE_BOUND('',#1437,.T.);
#1437 = EDGE_LOOP('',(#1438,#1439,#1440,#1446));
#1438 = ORIENTED_EDGE('',*,*,#505,.T.);
#1439 = ORIENTED_EDGE('',*,*,#1415,.T.);
#1440 = ORIENTED_EDGE('',*,*,#1441,.T.);
#1441 = EDGE_CURVE('',#1416,#1361,#1442,.T.);
#1442 = LINE('',#1443,#1444);
#1443 = CARTESIAN_POINT('',(-0.475,0.2,1.14));
#1444 = VECTOR('',#1445,1.);
#1445 = DIRECTION('',(-1.,0.,0.));
#1446 = ORIENTED_EDGE('',*,*,#1360,.F.);
#1447 = PLANE('',#1448);
#1448 = AXIS2_PLACEMENT_3D('',#1449,#1450,#1451);
#1449 = CARTESIAN_POINT('',(-0.475,0.,1.14));
#1450 = DIRECTION('',(0.,2.22044604925E-16,1.));
#1451 = DIRECTION('',(-1.,0.,0.));
#1452 = ADVANCED_FACE('',(#1453),#1471,.T.);
#1453 = FACE_BOUND('',#1454,.T.);
#1454 = EDGE_LOOP('',(#1455,#1456,#1457,#1465));
#1455 = ORIENTED_EDGE('',*,*,#489,.T.);
#1456 = ORIENTED_EDGE('',*,*,#1353,.T.);
#1457 = ORIENTED_EDGE('',*,*,#1458,.T.);
#1458 = EDGE_CURVE('',#1346,#1459,#1461,.T.);
#1459 = VERTEX_POINT('',#1460);
#1460 = CARTESIAN_POINT('',(-0.475,0.2,0.86));
#1461 = LINE('',#1462,#1463);
#1462 = CARTESIAN_POINT('',(-1.,0.2,0.86));
#1463 = VECTOR('',#1464,1.);
#1464 = DIRECTION('',(1.,0.,0.));
#1465 = ORIENTED_EDGE('',*,*,#1466,.F.);
#1466 = EDGE_CURVE('',#481,#1459,#1467,.T.);
#1467 = LINE('',#1468,#1469);
#1468 = CARTESIAN_POINT('',(-0.475,0.,0.86));
#1469 = VECTOR('',#1470,1.);
#1470 = DIRECTION('',(0.,1.,-2.22044604925E-16));
#1471 = PLANE('',#1472);
#1472 = AXIS2_PLACEMENT_3D('',#1473,#1474,#1475);
#1473 = CARTESIAN_POINT('',(-1.,0.,0.86));
#1474 = DIRECTION('',(0.,-2.22044604925E-16,-1.));
#1475 = DIRECTION('',(1.,0.,0.));
#1476 = ADVANCED_FACE('',(#1477),#1496,.F.);
#1477 = FACE_BOUND('',#1478,.F.);
#1478 = EDGE_LOOP('',(#1479,#1480,#1488,#1495));
#1479 = ORIENTED_EDGE('',*,*,#480,.F.);
#1480 = ORIENTED_EDGE('',*,*,#1481,.T.);
#1481 = EDGE_CURVE('',#473,#1482,#1484,.T.);
#1482 = VERTEX_POINT('',#1483);
#1483 = CARTESIAN_POINT('',(-0.475,0.2,0.64));
#1484 = LINE('',#1485,#1486);
#1485 = CARTESIAN_POINT('',(-0.475,0.,0.64));
#1486 = VECTOR('',#1487,1.);
#1487 = DIRECTION('',(0.,1.,-2.22044604925E-16));
#1488 = ORIENTED_EDGE('',*,*,#1489,.T.);
#1489 = EDGE_CURVE('',#1482,#1459,#1490,.T.);
#1490 = CIRCLE('',#1491,0.11);
#1491 = AXIS2_PLACEMENT_3D('',#1492,#1493,#1494);
#1492 = CARTESIAN_POINT('',(-0.475,0.2,0.75));
#1493 = DIRECTION('',(0.,-1.,2.22044604925E-16));
#1494 = DIRECTION('',(1.,0.,0.));
#1495 = ORIENTED_EDGE('',*,*,#1466,.F.);
#1496 = CYLINDRICAL_SURFACE('',#1497,0.11);
#1497 = AXIS2_PLACEMENT_3D('',#1498,#1499,#1500);
#1498 = CARTESIAN_POINT('',(-0.475,0.,0.75));
#1499 = DIRECTION('',(0.,-1.,2.22044604925E-16));
#1500 = DIRECTION('',(1.,0.,0.));
#1501 = ADVANCED_FACE('',(#1502),#1513,.T.);
#1502 = FACE_BOUND('',#1503,.T.);
#1503 = EDGE_LOOP('',(#1504,#1505,#1506,#1512));
#1504 = ORIENTED_EDGE('',*,*,#472,.T.);
#1505 = ORIENTED_EDGE('',*,*,#1481,.T.);
#1506 = ORIENTED_EDGE('',*,*,#1507,.T.);
#1507 = EDGE_CURVE('',#1482,#1338,#1508,.T.);
#1508 = LINE('',#1509,#1510);
#1509 = CARTESIAN_POINT('',(-0.475,0.2,0.64));
#1510 = VECTOR('',#1511,1.);
#1511 = DIRECTION('',(-1.,0.,0.));
#1512 = ORIENTED_EDGE('',*,*,#1337,.F.);
#1513 = PLANE('',#1514);
#1514 = AXIS2_PLACEMENT_3D('',#1515,#1516,#1517);
#1515 = CARTESIAN_POINT('',(-0.475,0.,0.64));
#1516 = DIRECTION('',(0.,2.22044604925E-16,1.));
#1517 = DIRECTION('',(-1.,0.,0.));
#1518 = ADVANCED_FACE('',(#1519),#1537,.T.);
#1519 = FACE_BOUND('',#1520,.T.);
#1520 = EDGE_LOOP('',(#1521,#1522,#1523,#1531));
#1521 = ORIENTED_EDGE('',*,*,#456,.T.);
#1522 = ORIENTED_EDGE('',*,*,#1330,.T.);
#1523 = ORIENTED_EDGE('',*,*,#1524,.T.);
#1524 = EDGE_CURVE('',#1323,#1525,#1527,.T.);
#1525 = VERTEX_POINT('',#1526);
#1526 = CARTESIAN_POINT('',(-0.475,0.2,0.36));
#1527 = LINE('',#1528,#1529);
#1528 = CARTESIAN_POINT('',(-1.,0.2,0.36));
#1529 = VECTOR('',#1530,1.);
#1530 = DIRECTION('',(1.,0.,0.));
#1531 = ORIENTED_EDGE('',*,*,#1532,.F.);
#1532 = EDGE_CURVE('',#448,#1525,#1533,.T.);
#1533 = LINE('',#1534,#1535);
#1534 = CARTESIAN_POINT('',(-0.475,0.,0.36));
#1535 = VECTOR('',#1536,1.);
#1536 = DIRECTION('',(0.,1.,-2.22044604925E-16));
#1537 = PLANE('',#1538);
#1538 = AXIS2_PLACEMENT_3D('',#1539,#1540,#1541);
#1539 = CARTESIAN_POINT('',(-1.,0.,0.36));
#1540 = DIRECTION('',(0.,-2.22044604925E-16,-1.));
#1541 = DIRECTION('',(1.,0.,0.));
#1542 = ADVANCED_FACE('',(#1543),#1562,.F.);
#1543 = FACE_BOUND('',#1544,.F.);
#1544 = EDGE_LOOP('',(#1545,#1546,#1554,#1561));
#1545 = ORIENTED_EDGE('',*,*,#447,.F.);
#1546 = ORIENTED_EDGE('',*,*,#1547,.T.);
#1547 = EDGE_CURVE('',#440,#1548,#1550,.T.);
#1548 = VERTEX_POINT('',#1549);
#1549 = CARTESIAN_POINT('',(-0.475,0.2,0.14));
#1550 = LINE('',#1551,#1552);
#1551 = CARTESIAN_POINT('',(-0.475,0.,0.14));
#1552 = VECTOR('',#1553,1.);
#1553 = DIRECTION('',(0.,1.,-2.22044604925E-16));
#1554 = ORIENTED_EDGE('',*,*,#1555,.T.);
#1555 = EDGE_CURVE('',#1548,#1525,#1556,.T.);
#1556 = CIRCLE('',#1557,0.11);
#1557 = AXIS2_PLACEMENT_3D('',#1558,#1559,#1560);
#1558 = CARTESIAN_POINT('',(-0.475,0.2,0.25));
#1559 = DIRECTION('',(0.,-1.,2.22044604925E-16));
#1560 = DIRECTION('',(1.,0.,0.));
#1561 = ORIENTED_EDGE('',*,*,#1532,.F.);
#1562 = CYLINDRICAL_SURFACE('',#1563,0.11);
#1563 = AXIS2_PLACEMENT_3D('',#1564,#1565,#1566);
#1564 = CARTESIAN_POINT('',(-0.475,0.,0.25));
#1565 = DIRECTION('',(0.,-1.,2.22044604925E-16));
#1566 = DIRECTION('',(1.,0.,0.));
#1567 = ADVANCED_FACE('',(#1568),#1579,.T.);
#1568 = FACE_BOUND('',#1569,.T.);
#1569 = EDGE_LOOP('',(#1570,#1571,#1572,#1578));
#1570 = ORIENTED_EDGE('',*,*,#439,.T.);
#1571 = ORIENTED_EDGE('',*,*,#1547,.T.);
#1572 = ORIENTED_EDGE('',*,*,#1573,.T.);
#1573 = EDGE_CURVE('',#1548,#1315,#1574,.T.);
#1574 = LINE('',#1575,#1576);
#1575 = CARTESIAN_POINT('',(-0.475,0.2,0.14));
#1576 = VECTOR('',#1577,1.);
#1577 = DIRECTION('',(-1.,0.,0.));
#1578 = ORIENTED_EDGE('',*,*,#1314,.F.);
#1579 = PLANE('',#1580);
#1580 = AXIS2_PLACEMENT_3D('',#1581,#1582,#1583);
#1581 = CARTESIAN_POINT('',(-0.475,0.,0.14));
#1582 = DIRECTION('',(0.,2.22044604925E-16,1.));
#1583 = DIRECTION('',(-1.,0.,0.));
#1584 = ADVANCED_FACE('',(#1585),#1603,.T.);
#1585 = FACE_BOUND('',#1586,.T.);
#1586 = EDGE_LOOP('',(#1587,#1588,#1589,#1597));
#1587 = ORIENTED_EDGE('',*,*,#423,.T.);
#1588 = ORIENTED_EDGE('',*,*,#1307,.T.);
#1589 = ORIENTED_EDGE('',*,*,#1590,.T.);
#1590 = EDGE_CURVE('',#1300,#1591,#1593,.T.);
#1591 = VERTEX_POINT('',#1592);
#1592 = CARTESIAN_POINT('',(-0.475,0.2,-0.14));
#1593 = LINE('',#1594,#1595);
#1594 = CARTESIAN_POINT('',(-1.,0.2,-0.14));
#1595 = VECTOR('',#1596,1.);
#1596 = DIRECTION('',(1.,0.,0.));
#1597 = ORIENTED_EDGE('',*,*,#1598,.F.);
#1598 = EDGE_CURVE('',#415,#1591,#1599,.T.);
#1599 = LINE('',#1600,#1601);
#1600 = CARTESIAN_POINT('',(-0.475,-2.22044604925E-16,-0.14));
#1601 = VECTOR('',#1602,1.);
#1602 = DIRECTION('',(0.,1.,-2.22044604925E-16));
#1603 = PLANE('',#1604);
#1604 = AXIS2_PLACEMENT_3D('',#1605,#1606,#1607);
#1605 = CARTESIAN_POINT('',(-1.,-2.22044604925E-16,-0.14));
#1606 = DIRECTION('',(0.,-2.22044604925E-16,-1.));
#1607 = DIRECTION('',(1.,0.,0.));
#1608 = ADVANCED_FACE('',(#1609),#1628,.F.);
#1609 = FACE_BOUND('',#1610,.F.);
#1610 = EDGE_LOOP('',(#1611,#1612,#1620,#1627));
#1611 = ORIENTED_EDGE('',*,*,#414,.F.);
#1612 = ORIENTED_EDGE('',*,*,#1613,.T.);
#1613 = EDGE_CURVE('',#407,#1614,#1616,.T.);
#1614 = VERTEX_POINT('',#1615);
#1615 = CARTESIAN_POINT('',(-0.475,0.2,-0.36));
#1616 = LINE('',#1617,#1618);
#1617 = CARTESIAN_POINT('',(-0.475,-2.22044604925E-16,-0.36));
#1618 = VECTOR('',#1619,1.);
#1619 = DIRECTION('',(0.,1.,-2.22044604925E-16));
#1620 = ORIENTED_EDGE('',*,*,#1621,.T.);
#1621 = EDGE_CURVE('',#1614,#1591,#1622,.T.);
#1622 = CIRCLE('',#1623,0.11);
#1623 = AXIS2_PLACEMENT_3D('',#1624,#1625,#1626);
#1624 = CARTESIAN_POINT('',(-0.475,0.2,-0.25));
#1625 = DIRECTION('',(0.,-1.,2.22044604925E-16));
#1626 = DIRECTION('',(1.,0.,0.));
#1627 = ORIENTED_EDGE('',*,*,#1598,.F.);
#1628 = CYLINDRICAL_SURFACE('',#1629,0.11);
#1629 = AXIS2_PLACEMENT_3D('',#1630,#1631,#1632);
#1630 = CARTESIAN_POINT('',(-0.475,-2.22044604925E-16,-0.25));
#1631 = DIRECTION('',(0.,-1.,2.22044604925E-16));
#1632 = DIRECTION('',(1.,0.,0.));
#1633 = ADVANCED_FACE('',(#1634),#1645,.T.);
#1634 = FACE_BOUND('',#1635,.T.);
#1635 = EDGE_LOOP('',(#1636,#1637,#1638,#1644));
#1636 = ORIENTED_EDGE('',*,*,#406,.T.);
#1637 = ORIENTED_EDGE('',*,*,#1613,.T.);
#1638 = ORIENTED_EDGE('',*,*,#1639,.T.);
#1639 = EDGE_CURVE('',#1614,#1292,#1640,.T.);
#1640 = LINE('',#1641,#1642);
#1641 = CARTESIAN_POINT('',(-0.475,0.2,-0.36));
#1642 = VECTOR('',#1643,1.);
#1643 = DIRECTION('',(-1.,0.,0.));
#1644 = ORIENTED_EDGE('',*,*,#1291,.F.);
#1645 = PLANE('',#1646);
#1646 = AXIS2_PLACEMENT_3D('',#1647,#1648,#1649);
#1647 = CARTESIAN_POINT('',(-0.475,-2.22044604925E-16,-0.36));
#1648 = DIRECTION('',(0.,2.22044604925E-16,1.));
#1649 = DIRECTION('',(-1.,0.,0.));
#1650 = ADVANCED_FACE('',(#1651),#1669,.T.);
#1651 = FACE_BOUND('',#1652,.T.);
#1652 = EDGE_LOOP('',(#1653,#1654,#1655,#1663));
#1653 = ORIENTED_EDGE('',*,*,#390,.T.);
#1654 = ORIENTED_EDGE('',*,*,#1284,.T.);
#1655 = ORIENTED_EDGE('',*,*,#1656,.T.);
#1656 = EDGE_CURVE('',#1277,#1657,#1659,.T.);
#1657 = VERTEX_POINT('',#1658);
#1658 = CARTESIAN_POINT('',(-0.475,0.2,-0.64));
#1659 = LINE('',#1660,#1661);
#1660 = CARTESIAN_POINT('',(-1.,0.2,-0.64));
#1661 = VECTOR('',#1662,1.);
#1662 = DIRECTION('',(1.,0.,0.));
#1663 = ORIENTED_EDGE('',*,*,#1664,.F.);
#1664 = EDGE_CURVE('',#382,#1657,#1665,.T.);
#1665 = LINE('',#1666,#1667);
#1666 = CARTESIAN_POINT('',(-0.475,-2.22044604925E-16,-0.64));
#1667 = VECTOR('',#1668,1.);
#1668 = DIRECTION('',(0.,1.,-2.22044604925E-16));
#1669 = PLANE('',#1670);
#1670 = AXIS2_PLACEMENT_3D('',#1671,#1672,#1673);
#1671 = CARTESIAN_POINT('',(-1.,-2.22044604925E-16,-0.64));
#1672 = DIRECTION('',(0.,-2.22044604925E-16,-1.));
#1673 = DIRECTION('',(1.,0.,0.));
#1674 = ADVANCED_FACE('',(#1675),#1694,.F.);
#1675 = FACE_BOUND('',#1676,.F.);
#1676 = EDGE_LOOP('',(#1677,#1678,#1686,#1693));
#1677 = ORIENTED_EDGE('',*,*,#381,.F.);
#1678 = ORIENTED_EDGE('',*,*,#1679,.T.);
#1679 = EDGE_CURVE('',#374,#1680,#1682,.T.);
#1680 = VERTEX_POINT('',#1681);
#1681 = CARTESIAN_POINT('',(-0.475,0.2,-0.86));
#1682 = LINE('',#1683,#1684);
#1683 = CARTESIAN_POINT('',(-0.475,-2.22044604925E-16,-0.86));
#1684 = VECTOR('',#1685,1.);
#1685 = DIRECTION('',(0.,1.,-2.22044604925E-16));
#1686 = ORIENTED_EDGE('',*,*,#1687,.T.);
#1687 = EDGE_CURVE('',#1680,#1657,#1688,.T.);
#1688 = CIRCLE('',#1689,0.11);
#1689 = AXIS2_PLACEMENT_3D('',#1690,#1691,#1692);
#1690 = CARTESIAN_POINT('',(-0.475,0.2,-0.75));
#1691 = DIRECTION('',(0.,-1.,2.22044604925E-16));
#1692 = DIRECTION('',(1.,0.,0.));
#1693 = ORIENTED_EDGE('',*,*,#1664,.F.);
#1694 = CYLINDRICAL_SURFACE('',#1695,0.11);
#1695 = AXIS2_PLACEMENT_3D('',#1696,#1697,#1698);
#1696 = CARTESIAN_POINT('',(-0.475,-2.22044604925E-16,-0.75));
#1697 = DIRECTION('',(0.,-1.,2.22044604925E-16));
#1698 = DIRECTION('',(1.,0.,0.));
#1699 = ADVANCED_FACE('',(#1700),#1711,.T.);
#1700 = FACE_BOUND('',#1701,.T.);
#1701 = EDGE_LOOP('',(#1702,#1703,#1704,#1710));
#1702 = ORIENTED_EDGE('',*,*,#373,.T.);
#1703 = ORIENTED_EDGE('',*,*,#1679,.T.);
#1704 = ORIENTED_EDGE('',*,*,#1705,.T.);
#1705 = EDGE_CURVE('',#1680,#1269,#1706,.T.);
#1706 = LINE('',#1707,#1708);
#1707 = CARTESIAN_POINT('',(-0.475,0.2,-0.86));
#1708 = VECTOR('',#1709,1.);
#1709 = DIRECTION('',(-1.,0.,0.));
#1710 = ORIENTED_EDGE('',*,*,#1268,.F.);
#1711 = PLANE('',#1712);
#1712 = AXIS2_PLACEMENT_3D('',#1713,#1714,#1715);
#1713 = CARTESIAN_POINT('',(-0.475,-2.22044604925E-16,-0.86));
#1714 = DIRECTION('',(0.,2.22044604925E-16,1.));
#1715 = DIRECTION('',(-1.,0.,0.));
#1716 = ADVANCED_FACE('',(#1717),#1735,.T.);
#1717 = FACE_BOUND('',#1718,.T.);
#1718 = EDGE_LOOP('',(#1719,#1720,#1721,#1729));
#1719 = ORIENTED_EDGE('',*,*,#357,.T.);
#1720 = ORIENTED_EDGE('',*,*,#1261,.T.);
#1721 = ORIENTED_EDGE('',*,*,#1722,.T.);
#1722 = EDGE_CURVE('',#1254,#1723,#1725,.T.);
#1723 = VERTEX_POINT('',#1724);
#1724 = CARTESIAN_POINT('',(-0.475,0.2,-1.14));
#1725 = LINE('',#1726,#1727);
#1726 = CARTESIAN_POINT('',(-1.,0.2,-1.14));
#1727 = VECTOR('',#1728,1.);
#1728 = DIRECTION('',(1.,0.,0.));
#1729 = ORIENTED_EDGE('',*,*,#1730,.F.);
#1730 = EDGE_CURVE('',#349,#1723,#1731,.T.);
#1731 = LINE('',#1732,#1733);
#1732 = CARTESIAN_POINT('',(-0.475,-2.531308496145E-16,-1.14));
#1733 = VECTOR('',#1734,1.);
#1734 = DIRECTION('',(0.,1.,-2.22044604925E-16));
#1735 = PLANE('',#1736);
#1736 = AXIS2_PLACEMENT_3D('',#1737,#1738,#1739);
#1737 = CARTESIAN_POINT('',(-1.,-2.531308496145E-16,-1.14));
#1738 = DIRECTION('',(0.,-2.22044604925E-16,-1.));
#1739 = DIRECTION('',(1.,0.,0.));
#1740 = ADVANCED_FACE('',(#1741),#1760,.F.);
#1741 = FACE_BOUND('',#1742,.F.);
#1742 = EDGE_LOOP('',(#1743,#1744,#1752,#1759));
#1743 = ORIENTED_EDGE('',*,*,#348,.F.);
#1744 = ORIENTED_EDGE('',*,*,#1745,.T.);
#1745 = EDGE_CURVE('',#341,#1746,#1748,.T.);
#1746 = VERTEX_POINT('',#1747);
#1747 = CARTESIAN_POINT('',(-0.475,0.2,-1.36));
#1748 = LINE('',#1749,#1750);
#1749 = CARTESIAN_POINT('',(-0.475,-3.01980662698E-16,-1.36));
#1750 = VECTOR('',#1751,1.);
#1751 = DIRECTION('',(0.,1.,-2.22044604925E-16));
#1752 = ORIENTED_EDGE('',*,*,#1753,.T.);
#1753 = EDGE_CURVE('',#1746,#1723,#1754,.T.);
#1754 = CIRCLE('',#1755,0.11);
#1755 = AXIS2_PLACEMENT_3D('',#1756,#1757,#1758);
#1756 = CARTESIAN_POINT('',(-0.475,0.2,-1.25));
#1757 = DIRECTION('',(0.,-1.,2.22044604925E-16));
#1758 = DIRECTION('',(1.,0.,0.));
#1759 = ORIENTED_EDGE('',*,*,#1730,.F.);
#1760 = CYLINDRICAL_SURFACE('',#1761,0.11);
#1761 = AXIS2_PLACEMENT_3D('',#1762,#1763,#1764);
#1762 = CARTESIAN_POINT('',(-0.475,-2.775557561563E-16,-1.25));
#1763 = DIRECTION('',(0.,-1.,2.22044604925E-16));
#1764 = DIRECTION('',(1.,0.,0.));
#1765 = ADVANCED_FACE('',(#1766),#1777,.T.);
#1766 = FACE_BOUND('',#1767,.T.);
#1767 = EDGE_LOOP('',(#1768,#1769,#1770,#1776));
#1768 = ORIENTED_EDGE('',*,*,#340,.T.);
#1769 = ORIENTED_EDGE('',*,*,#1745,.T.);
#1770 = ORIENTED_EDGE('',*,*,#1771,.T.);
#1771 = EDGE_CURVE('',#1746,#1246,#1772,.T.);
#1772 = LINE('',#1773,#1774);
#1773 = CARTESIAN_POINT('',(-0.475,0.2,-1.36));
#1774 = VECTOR('',#1775,1.);
#1775 = DIRECTION('',(-1.,0.,0.));
#1776 = ORIENTED_EDGE('',*,*,#1245,.F.);
#1777 = PLANE('',#1778);
#1778 = AXIS2_PLACEMENT_3D('',#1779,#1780,#1781);
#1779 = CARTESIAN_POINT('',(-0.475,-3.01980662698E-16,-1.36));
#1780 = DIRECTION('',(0.,2.22044604925E-16,1.));
#1781 = DIRECTION('',(-1.,0.,0.));
#1782 = ADVANCED_FACE('',(#1783),#1802,.F.);
#1783 = FACE_BOUND('',#1784,.F.);
#1784 = EDGE_LOOP('',(#1785,#1793,#1800,#1801));
#1785 = ORIENTED_EDGE('',*,*,#1786,.T.);
#1786 = EDGE_CURVE('',#1135,#1787,#1789,.T.);
#1787 = VERTEX_POINT('',#1788);
#1788 = CARTESIAN_POINT('',(-0.646,0.746,-1.246));
#1789 = LINE('',#1790,#1791);
#1790 = CARTESIAN_POINT('',(-0.646,1.,-1.246));
#1791 = VECTOR('',#1792,1.);
#1792 = DIRECTION('',(0.,-1.,-2.22044604925E-16));
#1793 = ORIENTED_EDGE('',*,*,#1794,.T.);
#1794 = EDGE_CURVE('',#1787,#1787,#1795,.T.);
#1795 = CIRCLE('',#1796,0.1);
#1796 = AXIS2_PLACEMENT_3D('',#1797,#1798,#1799);
#1797 = CARTESIAN_POINT('',(-0.746,0.746,-1.246));
#1798 = DIRECTION('',(-0.,1.,2.22044604925E-16));
#1799 = DIRECTION('',(1.,0.,0.));
#1800 = ORIENTED_EDGE('',*,*,#1786,.F.);
#1801 = ORIENTED_EDGE('',*,*,#1134,.F.);
#1802 = CYLINDRICAL_SURFACE('',#1803,0.1);
#1803 = AXIS2_PLACEMENT_3D('',#1804,#1805,#1806);
#1804 = CARTESIAN_POINT('',(-0.746,1.,-1.246));
#1805 = DIRECTION('',(0.,1.,2.22044604925E-16));
#1806 = DIRECTION('',(1.,0.,0.));
#1807 = ADVANCED_FACE('',(#1808),#1814,.F.);
#1808 = FACE_BOUND('',#1809,.F.);
#1809 = EDGE_LOOP('',(#1810,#1811,#1812,#1813));
#1810 = ORIENTED_EDGE('',*,*,#1368,.T.);
#1811 = ORIENTED_EDGE('',*,*,#1392,.T.);
#1812 = ORIENTED_EDGE('',*,*,#1423,.F.);
#1813 = ORIENTED_EDGE('',*,*,#1441,.T.);
#1814 = PLANE('',#1815);
#1815 = AXIS2_PLACEMENT_3D('',#1816,#1817,#1818);
#1816 = CARTESIAN_POINT('',(-0.706354490768,0.2,1.25));
#1817 = DIRECTION('',(0.,1.,0.));
#1818 = DIRECTION('',(0.,0.,1.));
#1819 = ADVANCED_FACE('',(#1820),#1826,.F.);
#1820 = FACE_BOUND('',#1821,.F.);
#1821 = EDGE_LOOP('',(#1822,#1823,#1824,#1825));
#1822 = ORIENTED_EDGE('',*,*,#1345,.T.);
#1823 = ORIENTED_EDGE('',*,*,#1458,.T.);
#1824 = ORIENTED_EDGE('',*,*,#1489,.F.);
#1825 = ORIENTED_EDGE('',*,*,#1507,.T.);
#1826 = PLANE('',#1827);
#1827 = AXIS2_PLACEMENT_3D('',#1828,#1829,#1830);
#1828 = CARTESIAN_POINT('',(-0.706354490768,0.2,0.75));
#1829 = DIRECTION('',(0.,1.,0.));
#1830 = DIRECTION('',(0.,0.,1.));
#1831 = ADVANCED_FACE('',(#1832),#1838,.F.);
#1832 = FACE_BOUND('',#1833,.F.);
#1833 = EDGE_LOOP('',(#1834,#1835,#1836,#1837));
#1834 = ORIENTED_EDGE('',*,*,#1322,.T.);
#1835 = ORIENTED_EDGE('',*,*,#1524,.T.);
#1836 = ORIENTED_EDGE('',*,*,#1555,.F.);
#1837 = ORIENTED_EDGE('',*,*,#1573,.T.);
#1838 = PLANE('',#1839);
#1839 = AXIS2_PLACEMENT_3D('',#1840,#1841,#1842);
#1840 = CARTESIAN_POINT('',(-0.706354490768,0.2,0.25));
#1841 = DIRECTION('',(0.,1.,0.));
#1842 = DIRECTION('',(0.,0.,1.));
#1843 = ADVANCED_FACE('',(#1844),#1850,.F.);
#1844 = FACE_BOUND('',#1845,.F.);
#1845 = EDGE_LOOP('',(#1846,#1847,#1848,#1849));
#1846 = ORIENTED_EDGE('',*,*,#1299,.T.);
#1847 = ORIENTED_EDGE('',*,*,#1590,.T.);
#1848 = ORIENTED_EDGE('',*,*,#1621,.F.);
#1849 = ORIENTED_EDGE('',*,*,#1639,.T.);
#1850 = PLANE('',#1851);
#1851 = AXIS2_PLACEMENT_3D('',#1852,#1853,#1854);
#1852 = CARTESIAN_POINT('',(-0.706354490768,0.2,-0.25));
#1853 = DIRECTION('',(0.,1.,0.));
#1854 = DIRECTION('',(0.,0.,1.));
#1855 = ADVANCED_FACE('',(#1856),#1862,.F.);
#1856 = FACE_BOUND('',#1857,.F.);
#1857 = EDGE_LOOP('',(#1858,#1859,#1860,#1861));
#1858 = ORIENTED_EDGE('',*,*,#1276,.T.);
#1859 = ORIENTED_EDGE('',*,*,#1656,.T.);
#1860 = ORIENTED_EDGE('',*,*,#1687,.F.);
#1861 = ORIENTED_EDGE('',*,*,#1705,.T.);
#1862 = PLANE('',#1863);
#1863 = AXIS2_PLACEMENT_3D('',#1864,#1865,#1866);
#1864 = CARTESIAN_POINT('',(-0.706354490768,0.2,-0.75));
#1865 = DIRECTION('',(0.,1.,0.));
#1866 = DIRECTION('',(0.,0.,1.));
#1867 = ADVANCED_FACE('',(#1868),#1874,.F.);
#1868 = FACE_BOUND('',#1869,.F.);
#1869 = EDGE_LOOP('',(#1870,#1871,#1872,#1873));
#1870 = ORIENTED_EDGE('',*,*,#1253,.T.);
#1871 = ORIENTED_EDGE('',*,*,#1722,.T.);
#1872 = ORIENTED_EDGE('',*,*,#1753,.F.);
#1873 = ORIENTED_EDGE('',*,*,#1771,.T.);
#1874 = PLANE('',#1875);
#1875 = AXIS2_PLACEMENT_3D('',#1876,#1877,#1878);
#1876 = CARTESIAN_POINT('',(-0.706354490768,0.2,-1.25));
#1877 = DIRECTION('',(0.,1.,0.));
#1878 = DIRECTION('',(0.,0.,1.));
#1879 = ADVANCED_FACE('',(#1880),#1883,.T.);
#1880 = FACE_BOUND('',#1881,.T.);
#1881 = EDGE_LOOP('',(#1882));
#1882 = ORIENTED_EDGE('',*,*,#1794,.T.);
#1883 = PLANE('',#1884);
#1884 = AXIS2_PLACEMENT_3D('',#1885,#1886,#1887);
#1885 = CARTESIAN_POINT('',(-0.746,0.746,-1.246));
#1886 = DIRECTION('',(0.,1.,0.));
#1887 = DIRECTION('',(0.,0.,1.));
#1888 = ( GEOMETRIC_REPRESENTATION_CONTEXT(3) 
GLOBAL_UNCERTAINTY_ASSIGNED_CONTEXT((#1892)) 
GLOBAL_UNIT_ASSIGNED_CONTEXT((#1889,#1890,#1891)) REPRESENTATION_CONTEXT
('Context #1','3D Context with UNIT and UNCERTAINTY') );
#1889 = ( LENGTH_UNIT() NAMED_UNIT(*) SI_UNIT(.MILLI.,.METRE.) );
#1890 = ( NAMED_UNIT(*) PLANE_ANGLE_UNIT() SI_UNIT($,.RADIAN.) );
#1891 = ( NAMED_UNIT(*) SI_UNIT($,.STERADIAN.) SOLID_ANGLE_UNIT() );
#1892 = UNCERTAINTY_MEASURE_WITH_UNIT(LENGTH_MEASURE(1.E-06),#1889,
  'distance_accuracy_value','confusion accuracy');
#1893 = CONTEXT_DEPENDENT_SHAPE_REPRESENTATION(#1894,#1896);
#1894 = ( REPRESENTATION_RELATIONSHIP('','',#84,#10) 
REPRESENTATION_RELATIONSHIP_WITH_TRANSFORMATION(#1895) 
SHAPE_REPRESENTATION_RELATIONSHIP() );
#1895 = ITEM_DEFINED_TRANSFORMATION('','',#11,#15);
#1896 = PRODUCT_DEFINITION_SHAPE('Placement','Placement of an item',
  #1897);
#1897 = NEXT_ASSEMBLY_USAGE_OCCURRENCE('2534','Body_Solid1','',#5,#79,$
  );
#1898 = PRODUCT_RELATED_PRODUCT_CATEGORY('part',$,(#81));
#1899 = SHAPE_DEFINITION_REPRESENTATION(#1900,#1906);
#1900 = PRODUCT_DEFINITION_SHAPE('','',#1901);
#1901 = PRODUCT_DEFINITION('design','',#1902,#1905);
#1902 = PRODUCT_DEFINITION_FORMATION('','',#1903);
#1903 = PRODUCT('Body002_Solid1','Body002_Solid1','',(#1904));
#1904 = PRODUCT_CONTEXT('',#2,'mechanical');
#1905 = PRODUCT_DEFINITION_CONTEXT('part definition',#2,'design');
#1906 = ADVANCED_BREP_SHAPE_REPRESENTATION('',(#11,#1907),#2059);
#1907 = MANIFOLD_SOLID_BREP('',#1908);
#1908 = CLOSED_SHELL('',(#1909,#1949,#1980,#2013,#2035,#2047));
#1909 = ADVANCED_FACE('',(#1910),#1944,.F.);
#1910 = FACE_BOUND('',#1911,.F.);
#1911 = EDGE_LOOP('',(#1912,#1922,#1930,#1938));
#1912 = ORIENTED_EDGE('',*,*,#1913,.T.);
#1913 = EDGE_CURVE('',#1914,#1916,#1918,.T.);
#1914 = VERTEX_POINT('',#1915);
#1915 = CARTESIAN_POINT('',(1.,3.01980662698E-16,1.36));
#1916 = VERTEX_POINT('',#1917);
#1917 = CARTESIAN_POINT('',(1.,0.2,1.36));
#1918 = LINE('',#1919,#1920);
#1919 = CARTESIAN_POINT('',(1.,3.01980662698E-16,1.36));
#1920 = VECTOR('',#1921,1.);
#1921 = DIRECTION('',(-0.,1.,-2.22044604925E-16));
#1922 = ORIENTED_EDGE('',*,*,#1923,.T.);
#1923 = EDGE_CURVE('',#1916,#1924,#1926,.T.);
#1924 = VERTEX_POINT('',#1925);
#1925 = CARTESIAN_POINT('',(1.,0.2,1.14));
#1926 = LINE('',#1927,#1928);
#1927 = CARTESIAN_POINT('',(1.,0.2,1.36));
#1928 = VECTOR('',#1929,1.);
#1929 = DIRECTION('',(0.,-2.22044604925E-16,-1.));
#1930 = ORIENTED_EDGE('',*,*,#1931,.F.);
#1931 = EDGE_CURVE('',#1932,#1924,#1934,.T.);
#1932 = VERTEX_POINT('',#1933);
#1933 = CARTESIAN_POINT('',(1.,2.531308496145E-16,1.14));
#1934 = LINE('',#1935,#1936);
#1935 = CARTESIAN_POINT('',(1.,2.531308496145E-16,1.14));
#1936 = VECTOR('',#1937,1.);
#1937 = DIRECTION('',(-0.,1.,-2.22044604925E-16));
#1938 = ORIENTED_EDGE('',*,*,#1939,.F.);
#1939 = EDGE_CURVE('',#1914,#1932,#1940,.T.);
#1940 = LINE('',#1941,#1942);
#1941 = CARTESIAN_POINT('',(1.,3.01980662698E-16,1.36));
#1942 = VECTOR('',#1943,1.);
#1943 = DIRECTION('',(0.,-2.22044604925E-16,-1.));
#1944 = PLANE('',#1945);
#1945 = AXIS2_PLACEMENT_3D('',#1946,#1947,#1948);
#1946 = CARTESIAN_POINT('',(1.,3.01980662698E-16,1.36));
#1947 = DIRECTION('',(-1.,-0.,0.));
#1948 = DIRECTION('',(0.,-2.22044604925E-16,-1.));
#1949 = ADVANCED_FACE('',(#1950),#1975,.F.);
#1950 = FACE_BOUND('',#1951,.F.);
#1951 = EDGE_LOOP('',(#1952,#1953,#1961,#1969));
#1952 = ORIENTED_EDGE('',*,*,#1931,.T.);
#1953 = ORIENTED_EDGE('',*,*,#1954,.T.);
#1954 = EDGE_CURVE('',#1924,#1955,#1957,.T.);
#1955 = VERTEX_POINT('',#1956);
#1956 = CARTESIAN_POINT('',(0.475,0.2,1.14));
#1957 = LINE('',#1958,#1959);
#1958 = CARTESIAN_POINT('',(1.,0.2,1.14));
#1959 = VECTOR('',#1960,1.);
#1960 = DIRECTION('',(-1.,0.,0.));
#1961 = ORIENTED_EDGE('',*,*,#1962,.F.);
#1962 = EDGE_CURVE('',#1963,#1955,#1965,.T.);
#1963 = VERTEX_POINT('',#1964);
#1964 = CARTESIAN_POINT('',(0.475,2.531308496145E-16,1.14));
#1965 = LINE('',#1966,#1967);
#1966 = CARTESIAN_POINT('',(0.475,2.531308496145E-16,1.14));
#1967 = VECTOR('',#1968,1.);
#1968 = DIRECTION('',(-0.,1.,-2.22044604925E-16));
#1969 = ORIENTED_EDGE('',*,*,#1970,.F.);
#1970 = EDGE_CURVE('',#1932,#1963,#1971,.T.);
#1971 = LINE('',#1972,#1973);
#1972 = CARTESIAN_POINT('',(1.,2.531308496145E-16,1.14));
#1973 = VECTOR('',#1974,1.);
#1974 = DIRECTION('',(-1.,0.,0.));
#1975 = PLANE('',#1976);
#1976 = AXIS2_PLACEMENT_3D('',#1977,#1978,#1979);
#1977 = CARTESIAN_POINT('',(1.,2.531308496145E-16,1.14));
#1978 = DIRECTION('',(0.,2.22044604925E-16,1.));
#1979 = DIRECTION('',(-1.,-0.,0.));
#1980 = ADVANCED_FACE('',(#1981),#2008,.T.);
#1981 = FACE_BOUND('',#1982,.T.);
#1982 = EDGE_LOOP('',(#1983,#1993,#2000,#2001));
#1983 = ORIENTED_EDGE('',*,*,#1984,.T.);
#1984 = EDGE_CURVE('',#1985,#1987,#1989,.T.);
#1985 = VERTEX_POINT('',#1986);
#1986 = CARTESIAN_POINT('',(0.475,3.01980662698E-16,1.36));
#1987 = VERTEX_POINT('',#1988);
#1988 = CARTESIAN_POINT('',(0.475,0.2,1.36));
#1989 = LINE('',#1990,#1991);
#1990 = CARTESIAN_POINT('',(0.475,3.01980662698E-16,1.36));
#1991 = VECTOR('',#1992,1.);
#1992 = DIRECTION('',(-0.,1.,-2.22044604925E-16));
#1993 = ORIENTED_EDGE('',*,*,#1994,.T.);
#1994 = EDGE_CURVE('',#1987,#1955,#1995,.T.);
#1995 = CIRCLE('',#1996,0.11);
#1996 = AXIS2_PLACEMENT_3D('',#1997,#1998,#1999);
#1997 = CARTESIAN_POINT('',(0.475,0.2,1.25));
#1998 = DIRECTION('',(0.,-1.,2.22044604925E-16));
#1999 = DIRECTION('',(1.,0.,0.));
#2000 = ORIENTED_EDGE('',*,*,#1962,.F.);
#2001 = ORIENTED_EDGE('',*,*,#2002,.F.);
#2002 = EDGE_CURVE('',#1985,#1963,#2003,.T.);
#2003 = CIRCLE('',#2004,0.11);
#2004 = AXIS2_PLACEMENT_3D('',#2005,#2006,#2007);
#2005 = CARTESIAN_POINT('',(0.475,2.775557561563E-16,1.25));
#2006 = DIRECTION('',(0.,-1.,2.22044604925E-16));
#2007 = DIRECTION('',(1.,0.,0.));
#2008 = CYLINDRICAL_SURFACE('',#2009,0.11);
#2009 = AXIS2_PLACEMENT_3D('',#2010,#2011,#2012);
#2010 = CARTESIAN_POINT('',(0.475,2.775557561563E-16,1.25));
#2011 = DIRECTION('',(0.,-1.,2.22044604925E-16));
#2012 = DIRECTION('',(1.,0.,0.));
#2013 = ADVANCED_FACE('',(#2014),#2030,.F.);
#2014 = FACE_BOUND('',#2015,.F.);
#2015 = EDGE_LOOP('',(#2016,#2017,#2023,#2024));
#2016 = ORIENTED_EDGE('',*,*,#1984,.T.);
#2017 = ORIENTED_EDGE('',*,*,#2018,.T.);
#2018 = EDGE_CURVE('',#1987,#1916,#2019,.T.);
#2019 = LINE('',#2020,#2021);
#2020 = CARTESIAN_POINT('',(0.475,0.2,1.36));
#2021 = VECTOR('',#2022,1.);
#2022 = DIRECTION('',(1.,0.,0.));
#2023 = ORIENTED_EDGE('',*,*,#1913,.F.);
#2024 = ORIENTED_EDGE('',*,*,#2025,.F.);
#2025 = EDGE_CURVE('',#1985,#1914,#2026,.T.);
#2026 = LINE('',#2027,#2028);
#2027 = CARTESIAN_POINT('',(0.475,3.01980662698E-16,1.36));
#2028 = VECTOR('',#2029,1.);
#2029 = DIRECTION('',(1.,0.,0.));
#2030 = PLANE('',#2031);
#2031 = AXIS2_PLACEMENT_3D('',#2032,#2033,#2034);
#2032 = CARTESIAN_POINT('',(0.475,3.01980662698E-16,1.36));
#2033 = DIRECTION('',(0.,-2.22044604925E-16,-1.));
#2034 = DIRECTION('',(1.,0.,0.));
#2035 = ADVANCED_FACE('',(#2036),#2042,.F.);
#2036 = FACE_BOUND('',#2037,.F.);
#2037 = EDGE_LOOP('',(#2038,#2039,#2040,#2041));
#2038 = ORIENTED_EDGE('',*,*,#1939,.T.);
#2039 = ORIENTED_EDGE('',*,*,#1970,.T.);
#2040 = ORIENTED_EDGE('',*,*,#2002,.F.);
#2041 = ORIENTED_EDGE('',*,*,#2025,.T.);
#2042 = PLANE('',#2043);
#2043 = AXIS2_PLACEMENT_3D('',#2044,#2045,#2046);
#2044 = CARTESIAN_POINT('',(0.706354490768,2.775557561563E-16,1.25));
#2045 = DIRECTION('',(0.,1.,0.));
#2046 = DIRECTION('',(0.,0.,1.));
#2047 = ADVANCED_FACE('',(#2048),#2054,.T.);
#2048 = FACE_BOUND('',#2049,.T.);
#2049 = EDGE_LOOP('',(#2050,#2051,#2052,#2053));
#2050 = ORIENTED_EDGE('',*,*,#1923,.T.);
#2051 = ORIENTED_EDGE('',*,*,#1954,.T.);
#2052 = ORIENTED_EDGE('',*,*,#1994,.F.);
#2053 = ORIENTED_EDGE('',*,*,#2018,.T.);
#2054 = PLANE('',#2055);
#2055 = AXIS2_PLACEMENT_3D('',#2056,#2057,#2058);
#2056 = CARTESIAN_POINT('',(0.706354490768,0.2,1.25));
#2057 = DIRECTION('',(0.,1.,0.));
#2058 = DIRECTION('',(0.,0.,1.));
#2059 = ( GEOMETRIC_REPRESENTATION_CONTEXT(3) 
GLOBAL_UNCERTAINTY_ASSIGNED_CONTEXT((#2063)) 
GLOBAL_UNIT_ASSIGNED_CONTEXT((#2060,#2061,#2062)) REPRESENTATION_CONTEXT
('Context #1','3D Context with UNIT and UNCERTAINTY') );
#2060 = ( LENGTH_UNIT() NAMED_UNIT(*) SI_UNIT(.MILLI.,.METRE.) );
#2061 = ( NAMED_UNIT(*) PLANE_ANGLE_UNIT() SI_UNIT($,.RADIAN.) );
#2062 = ( NAMED_UNIT(*) SI_UNIT($,.STERADIAN.) SOLID_ANGLE_UNIT() );
#2063 = UNCERTAINTY_MEASURE_WITH_UNIT(LENGTH_MEASURE(1.E-07),#2060,
  'distance_accuracy_value','confusion accuracy');
#2064 = CONTEXT_DEPENDENT_SHAPE_REPRESENTATION(#2065,#2067);
#2065 = ( REPRESENTATION_RELATIONSHIP('','',#1906,#10) 
REPRESENTATION_RELATIONSHIP_WITH_TRANSFORMATION(#2066) 
SHAPE_REPRESENTATION_RELATIONSHIP() );
#2066 = ITEM_DEFINED_TRANSFORMATION('','',#11,#19);
#2067 = PRODUCT_DEFINITION_SHAPE('Placement','Placement of an item',
  #2068);
#2068 = NEXT_ASSEMBLY_USAGE_OCCURRENCE('2535','Body002_Solid1','',#5,
  #1901,$);
#2069 = PRODUCT_RELATED_PRODUCT_CATEGORY('part',$,(#1903));
#2070 = SHAPE_DEFINITION_REPRESENTATION(#2071,#2077);
#2071 = PRODUCT_DEFINITION_SHAPE('','',#2072);
#2072 = PRODUCT_DEFINITION('design','',#2073,#2076);
#2073 = PRODUCT_DEFINITION_FORMATION('','',#2074);
#2074 = PRODUCT('Array002_Solid1','Array002_Solid1','',(#2075));
#2075 = PRODUCT_CONTEXT('',#2,'mechanical');
#2076 = PRODUCT_DEFINITION_CONTEXT('part definition',#2,'design');
#2077 = ADVANCED_BREP_SHAPE_REPRESENTATION('',(#11,#2078),#2230);
#2078 = MANIFOLD_SOLID_BREP('',#2079);
#2079 = CLOSED_SHELL('',(#2080,#2120,#2151,#2184,#2206,#2218));
#2080 = ADVANCED_FACE('',(#2081),#2115,.F.);
#2081 = FACE_BOUND('',#2082,.T.);
#2082 = EDGE_LOOP('',(#2083,#2093,#2101,#2109));
#2083 = ORIENTED_EDGE('',*,*,#2084,.T.);
#2084 = EDGE_CURVE('',#2085,#2087,#2089,.T.);
#2085 = VERTEX_POINT('',#2086);
#2086 = CARTESIAN_POINT('',(-1.,3.01980662698E-16,1.36));
#2087 = VERTEX_POINT('',#2088);
#2088 = CARTESIAN_POINT('',(-1.,0.2,1.36));
#2089 = LINE('',#2090,#2091);
#2090 = CARTESIAN_POINT('',(-1.,3.01980662698E-16,1.36));
#2091 = VECTOR('',#2092,1.);
#2092 = DIRECTION('',(-0.,1.,-2.22044604925E-16));
#2093 = ORIENTED_EDGE('',*,*,#2094,.T.);
#2094 = EDGE_CURVE('',#2087,#2095,#2097,.T.);
#2095 = VERTEX_POINT('',#2096);
#2096 = CARTESIAN_POINT('',(-1.,0.2,1.14));
#2097 = LINE('',#2098,#2099);
#2098 = CARTESIAN_POINT('',(-1.,0.2,1.36));
#2099 = VECTOR('',#2100,1.);
#2100 = DIRECTION('',(0.,-2.22044604925E-16,-1.));
#2101 = ORIENTED_EDGE('',*,*,#2102,.F.);
#2102 = EDGE_CURVE('',#2103,#2095,#2105,.T.);
#2103 = VERTEX_POINT('',#2104);
#2104 = CARTESIAN_POINT('',(-1.,2.531308496145E-16,1.14));
#2105 = LINE('',#2106,#2107);
#2106 = CARTESIAN_POINT('',(-1.,2.531308496145E-16,1.14));
#2107 = VECTOR('',#2108,1.);
#2108 = DIRECTION('',(-0.,1.,-2.22044604925E-16));
#2109 = ORIENTED_EDGE('',*,*,#2110,.F.);
#2110 = EDGE_CURVE('',#2085,#2103,#2111,.T.);
#2111 = LINE('',#2112,#2113);
#2112 = CARTESIAN_POINT('',(-1.,3.01980662698E-16,1.36));
#2113 = VECTOR('',#2114,1.);
#2114 = DIRECTION('',(0.,-2.22044604925E-16,-1.));
#2115 = PLANE('',#2116);
#2116 = AXIS2_PLACEMENT_3D('',#2117,#2118,#2119);
#2117 = CARTESIAN_POINT('',(-1.,3.01980662698E-16,1.36));
#2118 = DIRECTION('',(1.,-0.,0.));
#2119 = DIRECTION('',(0.,2.22044604925E-16,1.));
#2120 = ADVANCED_FACE('',(#2121),#2146,.F.);
#2121 = FACE_BOUND('',#2122,.T.);
#2122 = EDGE_LOOP('',(#2123,#2124,#2132,#2140));
#2123 = ORIENTED_EDGE('',*,*,#2102,.T.);
#2124 = ORIENTED_EDGE('',*,*,#2125,.T.);
#2125 = EDGE_CURVE('',#2095,#2126,#2128,.T.);
#2126 = VERTEX_POINT('',#2127);
#2127 = CARTESIAN_POINT('',(-0.475,0.2,1.14));
#2128 = LINE('',#2129,#2130);
#2129 = CARTESIAN_POINT('',(-1.,0.2,1.14));
#2130 = VECTOR('',#2131,1.);
#2131 = DIRECTION('',(1.,0.,0.));
#2132 = ORIENTED_EDGE('',*,*,#2133,.F.);
#2133 = EDGE_CURVE('',#2134,#2126,#2136,.T.);
#2134 = VERTEX_POINT('',#2135);
#2135 = CARTESIAN_POINT('',(-0.475,2.531308496145E-16,1.14));
#2136 = LINE('',#2137,#2138);
#2137 = CARTESIAN_POINT('',(-0.475,2.531308496145E-16,1.14));
#2138 = VECTOR('',#2139,1.);
#2139 = DIRECTION('',(-0.,1.,-2.22044604925E-16));
#2140 = ORIENTED_EDGE('',*,*,#2141,.F.);
#2141 = EDGE_CURVE('',#2103,#2134,#2142,.T.);
#2142 = LINE('',#2143,#2144);
#2143 = CARTESIAN_POINT('',(-1.,2.531308496145E-16,1.14));
#2144 = VECTOR('',#2145,1.);
#2145 = DIRECTION('',(1.,0.,0.));
#2146 = PLANE('',#2147);
#2147 = AXIS2_PLACEMENT_3D('',#2148,#2149,#2150);
#2148 = CARTESIAN_POINT('',(-1.,2.531308496145E-16,1.14));
#2149 = DIRECTION('',(-0.,2.22044604925E-16,1.));
#2150 = DIRECTION('',(-1.,0.,-0.));
#2151 = ADVANCED_FACE('',(#2152),#2179,.T.);
#2152 = FACE_BOUND('',#2153,.F.);
#2153 = EDGE_LOOP('',(#2154,#2164,#2171,#2172));
#2154 = ORIENTED_EDGE('',*,*,#2155,.T.);
#2155 = EDGE_CURVE('',#2156,#2158,#2160,.T.);
#2156 = VERTEX_POINT('',#2157);
#2157 = CARTESIAN_POINT('',(-0.475,3.01980662698E-16,1.36));
#2158 = VERTEX_POINT('',#2159);
#2159 = CARTESIAN_POINT('',(-0.475,0.2,1.36));
#2160 = LINE('',#2161,#2162);
#2161 = CARTESIAN_POINT('',(-0.475,3.01980662698E-16,1.36));
#2162 = VECTOR('',#2163,1.);
#2163 = DIRECTION('',(-0.,1.,-2.22044604925E-16));
#2164 = ORIENTED_EDGE('',*,*,#2165,.T.);
#2165 = EDGE_CURVE('',#2158,#2126,#2166,.T.);
#2166 = CIRCLE('',#2167,0.11);
#2167 = AXIS2_PLACEMENT_3D('',#2168,#2169,#2170);
#2168 = CARTESIAN_POINT('',(-0.475,0.2,1.25));
#2169 = DIRECTION('',(-0.,1.,-2.22044604925E-16));
#2170 = DIRECTION('',(-1.,-0.,0.));
#2171 = ORIENTED_EDGE('',*,*,#2133,.F.);
#2172 = ORIENTED_EDGE('',*,*,#2173,.F.);
#2173 = EDGE_CURVE('',#2156,#2134,#2174,.T.);
#2174 = CIRCLE('',#2175,0.11);
#2175 = AXIS2_PLACEMENT_3D('',#2176,#2177,#2178);
#2176 = CARTESIAN_POINT('',(-0.475,2.775557561563E-16,1.25));
#2177 = DIRECTION('',(-0.,1.,-2.22044604925E-16));
#2178 = DIRECTION('',(-1.,-0.,0.));
#2179 = CYLINDRICAL_SURFACE('',#2180,0.11);
#2180 = AXIS2_PLACEMENT_3D('',#2181,#2182,#2183);
#2181 = CARTESIAN_POINT('',(-0.475,2.775557561563E-16,1.25));
#2182 = DIRECTION('',(-0.,-1.,2.22044604925E-16));
#2183 = DIRECTION('',(-1.,-0.,-0.));
#2184 = ADVANCED_FACE('',(#2185),#2201,.F.);
#2185 = FACE_BOUND('',#2186,.T.);
#2186 = EDGE_LOOP('',(#2187,#2188,#2194,#2195));
#2187 = ORIENTED_EDGE('',*,*,#2155,.T.);
#2188 = ORIENTED_EDGE('',*,*,#2189,.T.);
#2189 = EDGE_CURVE('',#2158,#2087,#2190,.T.);
#2190 = LINE('',#2191,#2192);
#2191 = CARTESIAN_POINT('',(-0.475,0.2,1.36));
#2192 = VECTOR('',#2193,1.);
#2193 = DIRECTION('',(-1.,-0.,0.));
#2194 = ORIENTED_EDGE('',*,*,#2084,.F.);
#2195 = ORIENTED_EDGE('',*,*,#2196,.F.);
#2196 = EDGE_CURVE('',#2156,#2085,#2197,.T.);
#2197 = LINE('',#2198,#2199);
#2198 = CARTESIAN_POINT('',(-0.475,3.01980662698E-16,1.36));
#2199 = VECTOR('',#2200,1.);
#2200 = DIRECTION('',(-1.,-0.,0.));
#2201 = PLANE('',#2202);
#2202 = AXIS2_PLACEMENT_3D('',#2203,#2204,#2205);
#2203 = CARTESIAN_POINT('',(-0.475,3.01980662698E-16,1.36));
#2204 = DIRECTION('',(-0.,-2.22044604925E-16,-1.));
#2205 = DIRECTION('',(1.,0.,0.));
#2206 = ADVANCED_FACE('',(#2207),#2213,.F.);
#2207 = FACE_BOUND('',#2208,.T.);
#2208 = EDGE_LOOP('',(#2209,#2210,#2211,#2212));
#2209 = ORIENTED_EDGE('',*,*,#2110,.T.);
#2210 = ORIENTED_EDGE('',*,*,#2141,.T.);
#2211 = ORIENTED_EDGE('',*,*,#2173,.F.);
#2212 = ORIENTED_EDGE('',*,*,#2196,.T.);
#2213 = PLANE('',#2214);
#2214 = AXIS2_PLACEMENT_3D('',#2215,#2216,#2217);
#2215 = CARTESIAN_POINT('',(-0.706354490768,2.775557561563E-16,1.25));
#2216 = DIRECTION('',(0.,1.,0.));
#2217 = DIRECTION('',(0.,0.,-1.));
#2218 = ADVANCED_FACE('',(#2219),#2225,.T.);
#2219 = FACE_BOUND('',#2220,.F.);
#2220 = EDGE_LOOP('',(#2221,#2222,#2223,#2224));
#2221 = ORIENTED_EDGE('',*,*,#2094,.T.);
#2222 = ORIENTED_EDGE('',*,*,#2125,.T.);
#2223 = ORIENTED_EDGE('',*,*,#2165,.F.);
#2224 = ORIENTED_EDGE('',*,*,#2189,.T.);
#2225 = PLANE('',#2226);
#2226 = AXIS2_PLACEMENT_3D('',#2227,#2228,#2229);
#2227 = CARTESIAN_POINT('',(-0.706354490768,0.2,1.25));
#2228 = DIRECTION('',(0.,1.,0.));
#2229 = DIRECTION('',(0.,0.,-1.));
#2230 = ( GEOMETRIC_REPRESENTATION_CONTEXT(3) 
GLOBAL_UNCERTAINTY_ASSIGNED_CONTEXT((#2234)) 
GLOBAL_UNIT_ASSIGNED_CONTEXT((#2231,#2232,#2233)) REPRESENTATION_CONTEXT
('Context #1','3D Context with UNIT and UNCERTAINTY') );
#2231 = ( LENGTH_UNIT() NAMED_UNIT(*) SI_UNIT(.MILLI.,.METRE.) );
#2232 = ( NAMED_UNIT(*) PLANE_ANGLE_UNIT() SI_UNIT($,.RADIAN.) );
#2233 = ( NAMED_UNIT(*) SI_UNIT($,.STERADIAN.) SOLID_ANGLE_UNIT() );
#2234 = UNCERTAINTY_MEASURE_WITH_UNIT(LENGTH_MEASURE(1.E-07),#2231,
  'distance_accuracy_value','confusion accuracy');
#2235 = CONTEXT_DEPENDENT_SHAPE_REPRESENTATION(#2236,#2238);
#2236 = ( REPRESENTATION_RELATIONSHIP('','',#2077,#10) 
REPRESENTATION_RELATIONSHIP_WITH_TRANSFORMATION(#2237) 
SHAPE_REPRESENTATION_RELATIONSHIP() );
#2237 = ITEM_DEFINED_TRANSFORMATION('','',#11,#23);
#2238 = PRODUCT_DEFINITION_SHAPE('Placement','Placement of an item',
  #2239);
#2239 = NEXT_ASSEMBLY_USAGE_OCCURRENCE('2536','Array002_Solid1','',#5,
  #2072,$);
#2240 = PRODUCT_RELATED_PRODUCT_CATEGORY('part',$,(#2074));
#2241 = CONTEXT_DEPENDENT_SHAPE_REPRESENTATION(#2242,#2244);
#2242 = ( REPRESENTATION_RELATIONSHIP('','',#2077,#10) 
REPRESENTATION_RELATIONSHIP_WITH_TRANSFORMATION(#2243) 
SHAPE_REPRESENTATION_RELATIONSHIP() );
#2243 = ITEM_DEFINED_TRANSFORMATION('','',#11,#27);
#2244 = PRODUCT_DEFINITION_SHAPE('Placement','Placement of an item',
  #2245);
#2245 = NEXT_ASSEMBLY_USAGE_OCCURRENCE('2537','Array002_Solid2','',#5,
  #2072,$);
#2246 = CONTEXT_DEPENDENT_SHAPE_REPRESENTATION(#2247,#2249);
#2247 = ( REPRESENTATION_RELATIONSHIP('','',#2077,#10) 
REPRESENTATION_RELATIONSHIP_WITH_TRANSFORMATION(#2248) 
SHAPE_REPRESENTATION_RELATIONSHIP() );
#2248 = ITEM_DEFINED_TRANSFORMATION('','',#11,#31);
#2249 = PRODUCT_DEFINITION_SHAPE('Placement','Placement of an item',
  #2250);
#2250 = NEXT_ASSEMBLY_USAGE_OCCURRENCE('2538','Array002_Solid3','',#5,
  #2072,$);
#2251 = CONTEXT_DEPENDENT_SHAPE_REPRESENTATION(#2252,#2254);
#2252 = ( REPRESENTATION_RELATIONSHIP('','',#2077,#10) 
REPRESENTATION_RELATIONSHIP_WITH_TRANSFORMATION(#2253) 
SHAPE_REPRESENTATION_RELATIONSHIP() );
#2253 = ITEM_DEFINED_TRANSFORMATION('','',#11,#35);
#2254 = PRODUCT_DEFINITION_SHAPE('Placement','Placement of an item',
  #2255);
#2255 = NEXT_ASSEMBLY_USAGE_OCCURRENCE('2539','Array002_Solid4','',#5,
  #2072,$);
#2256 = CONTEXT_DEPENDENT_SHAPE_REPRESENTATION(#2257,#2259);
#2257 = ( REPRESENTATION_RELATIONSHIP('','',#2077,#10) 
REPRESENTATION_RELATIONSHIP_WITH_TRANSFORMATION(#2258) 
SHAPE_REPRESENTATION_RELATIONSHIP() );
#2258 = ITEM_DEFINED_TRANSFORMATION('','',#11,#39);
#2259 = PRODUCT_DEFINITION_SHAPE('Placement','Placement of an item',
  #2260);
#2260 = NEXT_ASSEMBLY_USAGE_OCCURRENCE('2540','Array002_Solid5','',#5,
  #2072,$);
#2261 = CONTEXT_DEPENDENT_SHAPE_REPRESENTATION(#2262,#2264);
#2262 = ( REPRESENTATION_RELATIONSHIP('','',#2077,#10) 
REPRESENTATION_RELATIONSHIP_WITH_TRANSFORMATION(#2263) 
SHAPE_REPRESENTATION_RELATIONSHIP() );
#2263 = ITEM_DEFINED_TRANSFORMATION('','',#11,#43);
#2264 = PRODUCT_DEFINITION_SHAPE('Placement','Placement of an item',
  #2265);
#2265 = NEXT_ASSEMBLY_USAGE_OCCURRENCE('2541','Array002_Solid6','',#5,
  #2072,$);
#2266 = SHAPE_DEFINITION_REPRESENTATION(#2267,#2273);
#2267 = PRODUCT_DEFINITION_SHAPE('','',#2268);
#2268 = PRODUCT_DEFINITION('design','',#2269,#2272);
#2269 = PRODUCT_DEFINITION_FORMATION('','',#2270);
#2270 = PRODUCT('Array003_Solid2','Array003_Solid2','',(#2271));
#2271 = PRODUCT_CONTEXT('',#2,'mechanical');
#2272 = PRODUCT_DEFINITION_CONTEXT('part definition',#2,'design');
#2273 = ADVANCED_BREP_SHAPE_REPRESENTATION('',(#11,#2274),#2426);
#2274 = MANIFOLD_SOLID_BREP('',#2275);
#2275 = CLOSED_SHELL('',(#2276,#2316,#2347,#2380,#2402,#2414));
#2276 = ADVANCED_FACE('',(#2277),#2311,.F.);
#2277 = FACE_BOUND('',#2278,.F.);
#2278 = EDGE_LOOP('',(#2279,#2289,#2297,#2305));
#2279 = ORIENTED_EDGE('',*,*,#2280,.T.);
#2280 = EDGE_CURVE('',#2281,#2283,#2285,.T.);
#2281 = VERTEX_POINT('',#2282);
#2282 = CARTESIAN_POINT('',(1.,3.01980662698E-16,1.36));
#2283 = VERTEX_POINT('',#2284);
#2284 = CARTESIAN_POINT('',(1.,0.2,1.36));
#2285 = LINE('',#2286,#2287);
#2286 = CARTESIAN_POINT('',(1.,3.01980662698E-16,1.36));
#2287 = VECTOR('',#2288,1.);
#2288 = DIRECTION('',(-0.,1.,-2.22044604925E-16));
#2289 = ORIENTED_EDGE('',*,*,#2290,.T.);
#2290 = EDGE_CURVE('',#2283,#2291,#2293,.T.);
#2291 = VERTEX_POINT('',#2292);
#2292 = CARTESIAN_POINT('',(1.,0.2,1.14));
#2293 = LINE('',#2294,#2295);
#2294 = CARTESIAN_POINT('',(1.,0.2,1.36));
#2295 = VECTOR('',#2296,1.);
#2296 = DIRECTION('',(0.,-2.22044604925E-16,-1.));
#2297 = ORIENTED_EDGE('',*,*,#2298,.F.);
#2298 = EDGE_CURVE('',#2299,#2291,#2301,.T.);
#2299 = VERTEX_POINT('',#2300);
#2300 = CARTESIAN_POINT('',(1.,2.531308496145E-16,1.14));
#2301 = LINE('',#2302,#2303);
#2302 = CARTESIAN_POINT('',(1.,2.531308496145E-16,1.14));
#2303 = VECTOR('',#2304,1.);
#2304 = DIRECTION('',(-0.,1.,-2.22044604925E-16));
#2305 = ORIENTED_EDGE('',*,*,#2306,.F.);
#2306 = EDGE_CURVE('',#2281,#2299,#2307,.T.);
#2307 = LINE('',#2308,#2309);
#2308 = CARTESIAN_POINT('',(1.,3.01980662698E-16,1.36));
#2309 = VECTOR('',#2310,1.);
#2310 = DIRECTION('',(0.,-2.22044604925E-16,-1.));
#2311 = PLANE('',#2312);
#2312 = AXIS2_PLACEMENT_3D('',#2313,#2314,#2315);
#2313 = CARTESIAN_POINT('',(1.,3.01980662698E-16,1.36));
#2314 = DIRECTION('',(-1.,-0.,0.));
#2315 = DIRECTION('',(0.,-2.22044604925E-16,-1.));
#2316 = ADVANCED_FACE('',(#2317),#2342,.F.);
#2317 = FACE_BOUND('',#2318,.F.);
#2318 = EDGE_LOOP('',(#2319,#2320,#2328,#2336));
#2319 = ORIENTED_EDGE('',*,*,#2298,.T.);
#2320 = ORIENTED_EDGE('',*,*,#2321,.T.);
#2321 = EDGE_CURVE('',#2291,#2322,#2324,.T.);
#2322 = VERTEX_POINT('',#2323);
#2323 = CARTESIAN_POINT('',(0.475,0.2,1.14));
#2324 = LINE('',#2325,#2326);
#2325 = CARTESIAN_POINT('',(1.,0.2,1.14));
#2326 = VECTOR('',#2327,1.);
#2327 = DIRECTION('',(-1.,0.,0.));
#2328 = ORIENTED_EDGE('',*,*,#2329,.F.);
#2329 = EDGE_CURVE('',#2330,#2322,#2332,.T.);
#2330 = VERTEX_POINT('',#2331);
#2331 = CARTESIAN_POINT('',(0.475,2.531308496145E-16,1.14));
#2332 = LINE('',#2333,#2334);
#2333 = CARTESIAN_POINT('',(0.475,2.531308496145E-16,1.14));
#2334 = VECTOR('',#2335,1.);
#2335 = DIRECTION('',(-0.,1.,-2.22044604925E-16));
#2336 = ORIENTED_EDGE('',*,*,#2337,.F.);
#2337 = EDGE_CURVE('',#2299,#2330,#2338,.T.);
#2338 = LINE('',#2339,#2340);
#2339 = CARTESIAN_POINT('',(1.,2.531308496145E-16,1.14));
#2340 = VECTOR('',#2341,1.);
#2341 = DIRECTION('',(-1.,0.,0.));
#2342 = PLANE('',#2343);
#2343 = AXIS2_PLACEMENT_3D('',#2344,#2345,#2346);
#2344 = CARTESIAN_POINT('',(1.,2.531308496145E-16,1.14));
#2345 = DIRECTION('',(0.,2.22044604925E-16,1.));
#2346 = DIRECTION('',(-1.,-0.,0.));
#2347 = ADVANCED_FACE('',(#2348),#2375,.T.);
#2348 = FACE_BOUND('',#2349,.T.);
#2349 = EDGE_LOOP('',(#2350,#2360,#2367,#2368));
#2350 = ORIENTED_EDGE('',*,*,#2351,.T.);
#2351 = EDGE_CURVE('',#2352,#2354,#2356,.T.);
#2352 = VERTEX_POINT('',#2353);
#2353 = CARTESIAN_POINT('',(0.475,3.01980662698E-16,1.36));
#2354 = VERTEX_POINT('',#2355);
#2355 = CARTESIAN_POINT('',(0.475,0.2,1.36));
#2356 = LINE('',#2357,#2358);
#2357 = CARTESIAN_POINT('',(0.475,3.01980662698E-16,1.36));
#2358 = VECTOR('',#2359,1.);
#2359 = DIRECTION('',(-0.,1.,-2.22044604925E-16));
#2360 = ORIENTED_EDGE('',*,*,#2361,.T.);
#2361 = EDGE_CURVE('',#2354,#2322,#2362,.T.);
#2362 = CIRCLE('',#2363,0.11);
#2363 = AXIS2_PLACEMENT_3D('',#2364,#2365,#2366);
#2364 = CARTESIAN_POINT('',(0.475,0.2,1.25));
#2365 = DIRECTION('',(0.,-1.,2.22044604925E-16));
#2366 = DIRECTION('',(1.,0.,0.));
#2367 = ORIENTED_EDGE('',*,*,#2329,.F.);
#2368 = ORIENTED_EDGE('',*,*,#2369,.F.);
#2369 = EDGE_CURVE('',#2352,#2330,#2370,.T.);
#2370 = CIRCLE('',#2371,0.11);
#2371 = AXIS2_PLACEMENT_3D('',#2372,#2373,#2374);
#2372 = CARTESIAN_POINT('',(0.475,2.775557561563E-16,1.25));
#2373 = DIRECTION('',(0.,-1.,2.22044604925E-16));
#2374 = DIRECTION('',(1.,0.,0.));
#2375 = CYLINDRICAL_SURFACE('',#2376,0.11);
#2376 = AXIS2_PLACEMENT_3D('',#2377,#2378,#2379);
#2377 = CARTESIAN_POINT('',(0.475,2.775557561563E-16,1.25));
#2378 = DIRECTION('',(0.,-1.,2.22044604925E-16));
#2379 = DIRECTION('',(1.,0.,0.));
#2380 = ADVANCED_FACE('',(#2381),#2397,.F.);
#2381 = FACE_BOUND('',#2382,.F.);
#2382 = EDGE_LOOP('',(#2383,#2384,#2390,#2391));
#2383 = ORIENTED_EDGE('',*,*,#2351,.T.);
#2384 = ORIENTED_EDGE('',*,*,#2385,.T.);
#2385 = EDGE_CURVE('',#2354,#2283,#2386,.T.);
#2386 = LINE('',#2387,#2388);
#2387 = CARTESIAN_POINT('',(0.475,0.2,1.36));
#2388 = VECTOR('',#2389,1.);
#2389 = DIRECTION('',(1.,0.,0.));
#2390 = ORIENTED_EDGE('',*,*,#2280,.F.);
#2391 = ORIENTED_EDGE('',*,*,#2392,.F.);
#2392 = EDGE_CURVE('',#2352,#2281,#2393,.T.);
#2393 = LINE('',#2394,#2395);
#2394 = CARTESIAN_POINT('',(0.475,3.01980662698E-16,1.36));
#2395 = VECTOR('',#2396,1.);
#2396 = DIRECTION('',(1.,0.,0.));
#2397 = PLANE('',#2398);
#2398 = AXIS2_PLACEMENT_3D('',#2399,#2400,#2401);
#2399 = CARTESIAN_POINT('',(0.475,3.01980662698E-16,1.36));
#2400 = DIRECTION('',(0.,-2.22044604925E-16,-1.));
#2401 = DIRECTION('',(1.,0.,0.));
#2402 = ADVANCED_FACE('',(#2403),#2409,.F.);
#2403 = FACE_BOUND('',#2404,.F.);
#2404 = EDGE_LOOP('',(#2405,#2406,#2407,#2408));
#2405 = ORIENTED_EDGE('',*,*,#2306,.T.);
#2406 = ORIENTED_EDGE('',*,*,#2337,.T.);
#2407 = ORIENTED_EDGE('',*,*,#2369,.F.);
#2408 = ORIENTED_EDGE('',*,*,#2392,.T.);
#2409 = PLANE('',#2410);
#2410 = AXIS2_PLACEMENT_3D('',#2411,#2412,#2413);
#2411 = CARTESIAN_POINT('',(0.706354490768,2.775557561563E-16,1.25));
#2412 = DIRECTION('',(0.,1.,0.));
#2413 = DIRECTION('',(0.,0.,1.));
#2414 = ADVANCED_FACE('',(#2415),#2421,.T.);
#2415 = FACE_BOUND('',#2416,.T.);
#2416 = EDGE_LOOP('',(#2417,#2418,#2419,#2420));
#2417 = ORIENTED_EDGE('',*,*,#2290,.T.);
#2418 = ORIENTED_EDGE('',*,*,#2321,.T.);
#2419 = ORIENTED_EDGE('',*,*,#2361,.F.);
#2420 = ORIENTED_EDGE('',*,*,#2385,.T.);
#2421 = PLANE('',#2422);
#2422 = AXIS2_PLACEMENT_3D('',#2423,#2424,#2425);
#2423 = CARTESIAN_POINT('',(0.706354490768,0.2,1.25));
#2424 = DIRECTION('',(0.,1.,0.));
#2425 = DIRECTION('',(0.,0.,1.));
#2426 = ( GEOMETRIC_REPRESENTATION_CONTEXT(3) 
GLOBAL_UNCERTAINTY_ASSIGNED_CONTEXT((#2430)) 
GLOBAL_UNIT_ASSIGNED_CONTEXT((#2427,#2428,#2429)) REPRESENTATION_CONTEXT
('Context #1','3D Context with UNIT and UNCERTAINTY') );
#2427 = ( LENGTH_UNIT() NAMED_UNIT(*) SI_UNIT(.MILLI.,.METRE.) );
#2428 = ( NAMED_UNIT(*) PLANE_ANGLE_UNIT() SI_UNIT($,.RADIAN.) );
#2429 = ( NAMED_UNIT(*) SI_UNIT($,.STERADIAN.) SOLID_ANGLE_UNIT() );
#2430 = UNCERTAINTY_MEASURE_WITH_UNIT(LENGTH_MEASURE(1.E-07),#2427,
  'distance_accuracy_value','confusion accuracy');
#2431 = CONTEXT_DEPENDENT_SHAPE_REPRESENTATION(#2432,#2434);
#2432 = ( REPRESENTATION_RELATIONSHIP('','',#2273,#10) 
REPRESENTATION_RELATIONSHIP_WITH_TRANSFORMATION(#2433) 
SHAPE_REPRESENTATION_RELATIONSHIP() );
#2433 = ITEM_DEFINED_TRANSFORMATION('','',#11,#47);
#2434 = PRODUCT_DEFINITION_SHAPE('Placement','Placement of an item',
  #2435);
#2435 = NEXT_ASSEMBLY_USAGE_OCCURRENCE('2542','Array003_Solid2','',#5,
  #2268,$);
#2436 = PRODUCT_RELATED_PRODUCT_CATEGORY('part',$,(#2270));
#2437 = CONTEXT_DEPENDENT_SHAPE_REPRESENTATION(#2438,#2440);
#2438 = ( REPRESENTATION_RELATIONSHIP('','',#2273,#10) 
REPRESENTATION_RELATIONSHIP_WITH_TRANSFORMATION(#2439) 
SHAPE_REPRESENTATION_RELATIONSHIP() );
#2439 = ITEM_DEFINED_TRANSFORMATION('','',#11,#51);
#2440 = PRODUCT_DEFINITION_SHAPE('Placement','Placement of an item',
  #2441);
#2441 = NEXT_ASSEMBLY_USAGE_OCCURRENCE('2543','Array003_Solid3','',#5,
  #2268,$);
#2442 = CONTEXT_DEPENDENT_SHAPE_REPRESENTATION(#2443,#2445);
#2443 = ( REPRESENTATION_RELATIONSHIP('','',#2273,#10) 
REPRESENTATION_RELATIONSHIP_WITH_TRANSFORMATION(#2444) 
SHAPE_REPRESENTATION_RELATIONSHIP() );
#2444 = ITEM_DEFINED_TRANSFORMATION('','',#11,#55);
#2445 = PRODUCT_DEFINITION_SHAPE('Placement','Placement of an item',
  #2446);
#2446 = NEXT_ASSEMBLY_USAGE_OCCURRENCE('2544','Array003_Solid4','',#5,
  #2268,$);
#2447 = CONTEXT_DEPENDENT_SHAPE_REPRESENTATION(#2448,#2450);
#2448 = ( REPRESENTATION_RELATIONSHIP('','',#2273,#10) 
REPRESENTATION_RELATIONSHIP_WITH_TRANSFORMATION(#2449) 
SHAPE_REPRESENTATION_RELATIONSHIP() );
#2449 = ITEM_DEFINED_TRANSFORMATION('','',#11,#59);
#2450 = PRODUCT_DEFINITION_SHAPE('Placement','Placement of an item',
  #2451);
#2451 = NEXT_ASSEMBLY_USAGE_OCCURRENCE('2545','Array003_Solid5','',#5,
  #2268,$);
#2452 = CONTEXT_DEPENDENT_SHAPE_REPRESENTATION(#2453,#2455);
#2453 = ( REPRESENTATION_RELATIONSHIP('','',#2273,#10) 
REPRESENTATION_RELATIONSHIP_WITH_TRANSFORMATION(#2454) 
SHAPE_REPRESENTATION_RELATIONSHIP() );
#2454 = ITEM_DEFINED_TRANSFORMATION('','',#11,#63);
#2455 = PRODUCT_DEFINITION_SHAPE('Placement','Placement of an item',
  #2456);
#2456 = NEXT_ASSEMBLY_USAGE_OCCURRENCE('2546','Array003_Solid6','',#5,
  #2268,$);
#2457 = SHAPE_DEFINITION_REPRESENTATION(#2458,#2464);
#2458 = PRODUCT_DEFINITION_SHAPE('','',#2459);
#2459 = PRODUCT_DEFINITION('design','',#2460,#2463);
#2460 = PRODUCT_DEFINITION_FORMATION('','',#2461);
#2461 = PRODUCT('Body004_Solid1','Body004_Solid1','',(#2462));
#2462 = PRODUCT_CONTEXT('',#2,'mechanical');
#2463 = PRODUCT_DEFINITION_CONTEXT('part definition',#2,'design');
#2464 = ADVANCED_BREP_SHAPE_REPRESENTATION('',(#11,#2465),#2518);
#2465 = MANIFOLD_SOLID_BREP('',#2466);
#2466 = CLOSED_SHELL('',(#2467,#2500,#2509));
#2467 = ADVANCED_FACE('',(#2468),#2495,.T.);
#2468 = FACE_BOUND('',#2469,.F.);
#2469 = EDGE_LOOP('',(#2470,#2480,#2487,#2488));
#2470 = ORIENTED_EDGE('',*,*,#2471,.T.);
#2471 = EDGE_CURVE('',#2472,#2474,#2476,.T.);
#2472 = VERTEX_POINT('',#2473);
#2473 = CARTESIAN_POINT('',(-0.846,0.746,-1.246));
#2474 = VERTEX_POINT('',#2475);
#2475 = CARTESIAN_POINT('',(-0.846,1.,-1.246));
#2476 = LINE('',#2477,#2478);
#2477 = CARTESIAN_POINT('',(-0.846,0.746,-1.246));
#2478 = VECTOR('',#2479,1.);
#2479 = DIRECTION('',(0.,1.,-2.22044604925E-16));
#2480 = ORIENTED_EDGE('',*,*,#2481,.T.);
#2481 = EDGE_CURVE('',#2474,#2474,#2482,.T.);
#2482 = CIRCLE('',#2483,0.1);
#2483 = AXIS2_PLACEMENT_3D('',#2484,#2485,#2486);
#2484 = CARTESIAN_POINT('',(-0.746,1.,-1.246));
#2485 = DIRECTION('',(0.,1.,-2.22044604925E-16));
#2486 = DIRECTION('',(-1.,0.,0.));
#2487 = ORIENTED_EDGE('',*,*,#2471,.F.);
#2488 = ORIENTED_EDGE('',*,*,#2489,.F.);
#2489 = EDGE_CURVE('',#2472,#2472,#2490,.T.);
#2490 = CIRCLE('',#2491,0.1);
#2491 = AXIS2_PLACEMENT_3D('',#2492,#2493,#2494);
#2492 = CARTESIAN_POINT('',(-0.746,0.746,-1.246));
#2493 = DIRECTION('',(0.,1.,-2.22044604925E-16));
#2494 = DIRECTION('',(-1.,0.,0.));
#2495 = CYLINDRICAL_SURFACE('',#2496,0.1);
#2496 = AXIS2_PLACEMENT_3D('',#2497,#2498,#2499);
#2497 = CARTESIAN_POINT('',(-0.746,0.746,-1.246));
#2498 = DIRECTION('',(0.,-1.,2.22044604925E-16));
#2499 = DIRECTION('',(-1.,0.,0.));
#2500 = ADVANCED_FACE('',(#2501),#2504,.F.);
#2501 = FACE_BOUND('',#2502,.F.);
#2502 = EDGE_LOOP('',(#2503));
#2503 = ORIENTED_EDGE('',*,*,#2489,.T.);
#2504 = PLANE('',#2505);
#2505 = AXIS2_PLACEMENT_3D('',#2506,#2507,#2508);
#2506 = CARTESIAN_POINT('',(-0.746,0.746,-1.246));
#2507 = DIRECTION('',(3.700743415417E-16,1.,-6.409875621279E-16));
#2508 = DIRECTION('',(0.,6.409875621279E-16,1.));
#2509 = ADVANCED_FACE('',(#2510),#2513,.T.);
#2510 = FACE_BOUND('',#2511,.T.);
#2511 = EDGE_LOOP('',(#2512));
#2512 = ORIENTED_EDGE('',*,*,#2481,.T.);
#2513 = PLANE('',#2514);
#2514 = AXIS2_PLACEMENT_3D('',#2515,#2516,#2517);
#2515 = CARTESIAN_POINT('',(-0.746,1.,-1.246));
#2516 = DIRECTION('',(3.700743415417E-16,1.,-6.409875621279E-16));
#2517 = DIRECTION('',(0.,6.409875621279E-16,1.));
#2518 = ( GEOMETRIC_REPRESENTATION_CONTEXT(3) 
GLOBAL_UNCERTAINTY_ASSIGNED_CONTEXT((#2522)) 
GLOBAL_UNIT_ASSIGNED_CONTEXT((#2519,#2520,#2521)) REPRESENTATION_CONTEXT
('Context #1','3D Context with UNIT and UNCERTAINTY') );
#2519 = ( LENGTH_UNIT() NAMED_UNIT(*) SI_UNIT(.MILLI.,.METRE.) );
#2520 = ( NAMED_UNIT(*) PLANE_ANGLE_UNIT() SI_UNIT($,.RADIAN.) );
#2521 = ( NAMED_UNIT(*) SI_UNIT($,.STERADIAN.) SOLID_ANGLE_UNIT() );
#2522 = UNCERTAINTY_MEASURE_WITH_UNIT(LENGTH_MEASURE(1.E-07),#2519,
  'distance_accuracy_value','confusion accuracy');
#2523 = CONTEXT_DEPENDENT_SHAPE_REPRESENTATION(#2524,#2526);
#2524 = ( REPRESENTATION_RELATIONSHIP('','',#2464,#10) 
REPRESENTATION_RELATIONSHIP_WITH_TRANSFORMATION(#2525) 
SHAPE_REPRESENTATION_RELATIONSHIP() );
#2525 = ITEM_DEFINED_TRANSFORMATION('','',#11,#67);
#2526 = PRODUCT_DEFINITION_SHAPE('Placement','Placement of an item',
  #2527);
#2527 = NEXT_ASSEMBLY_USAGE_OCCURRENCE('2547','Body004_Solid1','',#5,
  #2459,$);
#2528 = PRODUCT_RELATED_PRODUCT_CATEGORY('part',$,(#2461));
#2529 = SHAPE_DEFINITION_REPRESENTATION(#2244,#2530);
#2530 = SHAPE_REPRESENTATION('',(#27),#2230);
#2531 = SHAPE_DEFINITION_REPRESENTATION(#2249,#2532);
#2532 = SHAPE_REPRESENTATION('',(#31),#2230);
#2533 = SHAPE_DEFINITION_REPRESENTATION(#2254,#2534);
#2534 = SHAPE_REPRESENTATION('',(#35),#2230);
#2535 = SHAPE_DEFINITION_REPRESENTATION(#2259,#2536);
#2536 = SHAPE_REPRESENTATION('',(#39),#2230);
#2537 = SHAPE_DEFINITION_REPRESENTATION(#2264,#2538);
#2538 = SHAPE_REPRESENTATION('',(#43),#2230);
#2539 = SHAPE_DEFINITION_REPRESENTATION(#2440,#2540);
#2540 = SHAPE_REPRESENTATION('',(#51),#2426);
#2541 = SHAPE_DEFINITION_REPRESENTATION(#2445,#2542);
#2542 = SHAPE_REPRESENTATION('',(#55),#2426);
#2543 = SHAPE_DEFINITION_REPRESENTATION(#2450,#2544);
#2544 = SHAPE_REPRESENTATION('',(#59),#2426);
#2545 = SHAPE_DEFINITION_REPRESENTATION(#2455,#2546);
#2546 = SHAPE_REPRESENTATION('',(#63),#2426);
#2547 = SHAPE_DEFINITION_REPRESENTATION(#2244,#2548);
#2548 = SHAPE_REPRESENTATION('',(#27),#2230);
#2549 = SHAPE_DEFINITION_REPRESENTATION(#2249,#2550);
#2550 = SHAPE_REPRESENTATION('',(#31),#2230);
#2551 = SHAPE_DEFINITION_REPRESENTATION(#2254,#2552);
#2552 = SHAPE_REPRESENTATION('',(#35),#2230);
#2553 = SHAPE_DEFINITION_REPRESENTATION(#2259,#2554);
#2554 = SHAPE_REPRESENTATION('',(#39),#2230);
#2555 = SHAPE_DEFINITION_REPRESENTATION(#2264,#2556);
#2556 = SHAPE_REPRESENTATION('',(#43),#2230);
#2557 = SHAPE_DEFINITION_REPRESENTATION(#2440,#2558);
#2558 = SHAPE_REPRESENTATION('',(#51),#2426);
#2559 = SHAPE_DEFINITION_REPRESENTATION(#2445,#2560);
#2560 = SHAPE_REPRESENTATION('',(#55),#2426);
#2561 = SHAPE_DEFINITION_REPRESENTATION(#2450,#2562);
#2562 = SHAPE_REPRESENTATION('',(#59),#2426);
#2563 = SHAPE_DEFINITION_REPRESENTATION(#2455,#2564);
#2564 = SHAPE_REPRESENTATION('',(#63),#2426);
#2565 = MECHANICAL_DESIGN_GEOMETRIC_PRESENTATION_REPRESENTATION('',(
    #2566),#2518);
#2566 = STYLED_ITEM('color',(#2567),#2465);
#2567 = PRESENTATION_STYLE_ASSIGNMENT((#2568,#2574));
#2568 = SURFACE_STYLE_USAGE(.BOTH.,#2569);
#2569 = SURFACE_SIDE_STYLE('',(#2570));
#2570 = SURFACE_STYLE_FILL_AREA(#2571);
#2571 = FILL_AREA_STYLE('',(#2572));
#2572 = FILL_AREA_STYLE_COLOUR('',#2573);
#2573 = DRAUGHTING_PRE_DEFINED_COLOUR('white');
#2574 = CURVE_STYLE('',#2575,POSITIVE_LENGTH_MEASURE(0.1),#2576);
#2575 = DRAUGHTING_PRE_DEFINED_CURVE_FONT('continuous');
#2576 = COLOUR_RGB('',9.803921802644E-02,9.803921802644E-02,
  9.803921802644E-02);
#2577 = MECHANICAL_DESIGN_GEOMETRIC_PRESENTATION_REPRESENTATION('',(
    #2578),#2059);
#2578 = STYLED_ITEM('color',(#2579),#1907);
#2579 = PRESENTATION_STYLE_ASSIGNMENT((#2580,#2586));
#2580 = SURFACE_STYLE_USAGE(.BOTH.,#2581);
#2581 = SURFACE_SIDE_STYLE('',(#2582));
#2582 = SURFACE_STYLE_FILL_AREA(#2583);
#2583 = FILL_AREA_STYLE('',(#2584));
#2584 = FILL_AREA_STYLE_COLOUR('',#2585);
#2585 = COLOUR_RGB('',0.796078452645,0.823529417451,0.937254901616);
#2586 = CURVE_STYLE('',#2587,POSITIVE_LENGTH_MEASURE(0.1),#2576);
#2587 = DRAUGHTING_PRE_DEFINED_CURVE_FONT('continuous');
#2588 = MECHANICAL_DESIGN_GEOMETRIC_PRESENTATION_REPRESENTATION('',(
    #2589,#2598,#2607,#2616,#2625,#2634,#2643,#2654,#2663,#2672,#2681),
  #2230);
#2589 = STYLED_ITEM('color',(#2590),#2078);
#2590 = PRESENTATION_STYLE_ASSIGNMENT((#2591,#2596));
#2591 = SURFACE_STYLE_USAGE(.BOTH.,#2592);
#2592 = SURFACE_SIDE_STYLE('',(#2593));
#2593 = SURFACE_STYLE_FILL_AREA(#2594);
#2594 = FILL_AREA_STYLE('',(#2595));
#2595 = FILL_AREA_STYLE_COLOUR('',#2585);
#2596 = CURVE_STYLE('',#2597,POSITIVE_LENGTH_MEASURE(0.1),#2576);
#2597 = DRAUGHTING_PRE_DEFINED_CURVE_FONT('continuous');
#2598 = OVER_RIDING_STYLED_ITEM('overriding color',(#2599),#2078,#2589);
#2599 = PRESENTATION_STYLE_BY_CONTEXT((#2600,#2605),#2530);
#2600 = SURFACE_STYLE_USAGE(.BOTH.,#2601);
#2601 = SURFACE_SIDE_STYLE('',(#2602));
#2602 = SURFACE_STYLE_FILL_AREA(#2603);
#2603 = FILL_AREA_STYLE('',(#2604));
#2604 = FILL_AREA_STYLE_COLOUR('',#2585);
#2605 = CURVE_STYLE('',#2606,POSITIVE_LENGTH_MEASURE(0.1),#2576);
#2606 = DRAUGHTING_PRE_DEFINED_CURVE_FONT('continuous');
#2607 = OVER_RIDING_STYLED_ITEM('overriding color',(#2608),#2078,#2589);
#2608 = PRESENTATION_STYLE_BY_CONTEXT((#2609,#2614),#2532);
#2609 = SURFACE_STYLE_USAGE(.BOTH.,#2610);
#2610 = SURFACE_SIDE_STYLE('',(#2611));
#2611 = SURFACE_STYLE_FILL_AREA(#2612);
#2612 = FILL_AREA_STYLE('',(#2613));
#2613 = FILL_AREA_STYLE_COLOUR('',#2585);
#2614 = CURVE_STYLE('',#2615,POSITIVE_LENGTH_MEASURE(0.1),#2576);
#2615 = DRAUGHTING_PRE_DEFINED_CURVE_FONT('continuous');
#2616 = OVER_RIDING_STYLED_ITEM('overriding color',(#2617),#2078,#2589);
#2617 = PRESENTATION_STYLE_BY_CONTEXT((#2618,#2623),#2534);
#2618 = SURFACE_STYLE_USAGE(.BOTH.,#2619);
#2619 = SURFACE_SIDE_STYLE('',(#2620));
#2620 = SURFACE_STYLE_FILL_AREA(#2621);
#2621 = FILL_AREA_STYLE('',(#2622));
#2622 = FILL_AREA_STYLE_COLOUR('',#2585);
#2623 = CURVE_STYLE('',#2624,POSITIVE_LENGTH_MEASURE(0.1),#2576);
#2624 = DRAUGHTING_PRE_DEFINED_CURVE_FONT('continuous');
#2625 = OVER_RIDING_STYLED_ITEM('overriding color',(#2626),#2078,#2589);
#2626 = PRESENTATION_STYLE_BY_CONTEXT((#2627,#2632),#2536);
#2627 = SURFACE_STYLE_USAGE(.BOTH.,#2628);
#2628 = SURFACE_SIDE_STYLE('',(#2629));
#2629 = SURFACE_STYLE_FILL_AREA(#2630);
#2630 = FILL_AREA_STYLE('',(#2631));
#2631 = FILL_AREA_STYLE_COLOUR('',#2585);
#2632 = CURVE_STYLE('',#2633,POSITIVE_LENGTH_MEASURE(0.1),#2576);
#2633 = DRAUGHTING_PRE_DEFINED_CURVE_FONT('continuous');
#2634 = OVER_RIDING_STYLED_ITEM('overriding color',(#2635),#2078,#2589);
#2635 = PRESENTATION_STYLE_BY_CONTEXT((#2636,#2641),#2538);
#2636 = SURFACE_STYLE_USAGE(.BOTH.,#2637);
#2637 = SURFACE_SIDE_STYLE('',(#2638));
#2638 = SURFACE_STYLE_FILL_AREA(#2639);
#2639 = FILL_AREA_STYLE('',(#2640));
#2640 = FILL_AREA_STYLE_COLOUR('',#2585);
#2641 = CURVE_STYLE('',#2642,POSITIVE_LENGTH_MEASURE(0.1),#2576);
#2642 = DRAUGHTING_PRE_DEFINED_CURVE_FONT('continuous');
#2643 = OVER_RIDING_STYLED_ITEM('overriding color',(#2644),#2078,#2589);
#2644 = PRESENTATION_STYLE_BY_CONTEXT((#2645,#2651),#2548);
#2645 = SURFACE_STYLE_USAGE(.BOTH.,#2646);
#2646 = SURFACE_SIDE_STYLE('',(#2647));
#2647 = SURFACE_STYLE_FILL_AREA(#2648);
#2648 = FILL_AREA_STYLE('',(#2649));
#2649 = FILL_AREA_STYLE_COLOUR('',#2650);
#2650 = COLOUR_RGB('',0.796078452645,0.823529417451,0.937254901616);
#2651 = CURVE_STYLE('',#2652,POSITIVE_LENGTH_MEASURE(0.1),#2653);
#2652 = DRAUGHTING_PRE_DEFINED_CURVE_FONT('continuous');
#2653 = COLOUR_RGB('',9.803921802644E-02,9.803921802644E-02,
  9.803921802644E-02);
#2654 = OVER_RIDING_STYLED_ITEM('overriding color',(#2655),#2078,#2589);
#2655 = PRESENTATION_STYLE_BY_CONTEXT((#2656,#2661),#2550);
#2656 = SURFACE_STYLE_USAGE(.BOTH.,#2657);
#2657 = SURFACE_SIDE_STYLE('',(#2658));
#2658 = SURFACE_STYLE_FILL_AREA(#2659);
#2659 = FILL_AREA_STYLE('',(#2660));
#2660 = FILL_AREA_STYLE_COLOUR('',#2650);
#2661 = CURVE_STYLE('',#2662,POSITIVE_LENGTH_MEASURE(0.1),#2653);
#2662 = DRAUGHTING_PRE_DEFINED_CURVE_FONT('continuous');
#2663 = OVER_RIDING_STYLED_ITEM('overriding color',(#2664),#2078,#2589);
#2664 = PRESENTATION_STYLE_BY_CONTEXT((#2665,#2670),#2552);
#2665 = SURFACE_STYLE_USAGE(.BOTH.,#2666);
#2666 = SURFACE_SIDE_STYLE('',(#2667));
#2667 = SURFACE_STYLE_FILL_AREA(#2668);
#2668 = FILL_AREA_STYLE('',(#2669));
#2669 = FILL_AREA_STYLE_COLOUR('',#2650);
#2670 = CURVE_STYLE('',#2671,POSITIVE_LENGTH_MEASURE(0.1),#2653);
#2671 = DRAUGHTING_PRE_DEFINED_CURVE_FONT('continuous');
#2672 = OVER_RIDING_STYLED_ITEM('overriding color',(#2673),#2078,#2589);
#2673 = PRESENTATION_STYLE_BY_CONTEXT((#2674,#2679),#2554);
#2674 = SURFACE_STYLE_USAGE(.BOTH.,#2675);
#2675 = SURFACE_SIDE_STYLE('',(#2676));
#2676 = SURFACE_STYLE_FILL_AREA(#2677);
#2677 = FILL_AREA_STYLE('',(#2678));
#2678 = FILL_AREA_STYLE_COLOUR('',#2650);
#2679 = CURVE_STYLE('',#2680,POSITIVE_LENGTH_MEASURE(0.1),#2653);
#2680 = DRAUGHTING_PRE_DEFINED_CURVE_FONT('continuous');
#2681 = OVER_RIDING_STYLED_ITEM('overriding color',(#2682),#2078,#2589);
#2682 = PRESENTATION_STYLE_BY_CONTEXT((#2683,#2688),#2556);
#2683 = SURFACE_STYLE_USAGE(.BOTH.,#2684);
#2684 = SURFACE_SIDE_STYLE('',(#2685));
#2685 = SURFACE_STYLE_FILL_AREA(#2686);
#2686 = FILL_AREA_STYLE('',(#2687));
#2687 = FILL_AREA_STYLE_COLOUR('',#2650);
#2688 = CURVE_STYLE('',#2689,POSITIVE_LENGTH_MEASURE(0.1),#2653);
#2689 = DRAUGHTING_PRE_DEFINED_CURVE_FONT('continuous');
#2690 = MECHANICAL_DESIGN_GEOMETRIC_PRESENTATION_REPRESENTATION('',(
    #2691,#2700,#2709,#2718,#2727,#2736,#2745,#2754,#2763),#2426);
#2691 = STYLED_ITEM('color',(#2692),#2274);
#2692 = PRESENTATION_STYLE_ASSIGNMENT((#2693,#2698));
#2693 = SURFACE_STYLE_USAGE(.BOTH.,#2694);
#2694 = SURFACE_SIDE_STYLE('',(#2695));
#2695 = SURFACE_STYLE_FILL_AREA(#2696);
#2696 = FILL_AREA_STYLE('',(#2697));
#2697 = FILL_AREA_STYLE_COLOUR('',#2585);
#2698 = CURVE_STYLE('',#2699,POSITIVE_LENGTH_MEASURE(0.1),#2576);
#2699 = DRAUGHTING_PRE_DEFINED_CURVE_FONT('continuous');
#2700 = OVER_RIDING_STYLED_ITEM('overriding color',(#2701),#2274,#2691);
#2701 = PRESENTATION_STYLE_BY_CONTEXT((#2702,#2707),#2540);
#2702 = SURFACE_STYLE_USAGE(.BOTH.,#2703);
#2703 = SURFACE_SIDE_STYLE('',(#2704));
#2704 = SURFACE_STYLE_FILL_AREA(#2705);
#2705 = FILL_AREA_STYLE('',(#2706));
#2706 = FILL_AREA_STYLE_COLOUR('',#2585);
#2707 = CURVE_STYLE('',#2708,POSITIVE_LENGTH_MEASURE(0.1),#2576);
#2708 = DRAUGHTING_PRE_DEFINED_CURVE_FONT('continuous');
#2709 = OVER_RIDING_STYLED_ITEM('overriding color',(#2710),#2274,#2691);
#2710 = PRESENTATION_STYLE_BY_CONTEXT((#2711,#2716),#2542);
#2711 = SURFACE_STYLE_USAGE(.BOTH.,#2712);
#2712 = SURFACE_SIDE_STYLE('',(#2713));
#2713 = SURFACE_STYLE_FILL_AREA(#2714);
#2714 = FILL_AREA_STYLE('',(#2715));
#2715 = FILL_AREA_STYLE_COLOUR('',#2585);
#2716 = CURVE_STYLE('',#2717,POSITIVE_LENGTH_MEASURE(0.1),#2576);
#2717 = DRAUGHTING_PRE_DEFINED_CURVE_FONT('continuous');
#2718 = OVER_RIDING_STYLED_ITEM('overriding color',(#2719),#2274,#2691);
#2719 = PRESENTATION_STYLE_BY_CONTEXT((#2720,#2725),#2544);
#2720 = SURFACE_STYLE_USAGE(.BOTH.,#2721);
#2721 = SURFACE_SIDE_STYLE('',(#2722));
#2722 = SURFACE_STYLE_FILL_AREA(#2723);
#2723 = FILL_AREA_STYLE('',(#2724));
#2724 = FILL_AREA_STYLE_COLOUR('',#2585);
#2725 = CURVE_STYLE('',#2726,POSITIVE_LENGTH_MEASURE(0.1),#2576);
#2726 = DRAUGHTING_PRE_DEFINED_CURVE_FONT('continuous');
#2727 = OVER_RIDING_STYLED_ITEM('overriding color',(#2728),#2274,#2691);
#2728 = PRESENTATION_STYLE_BY_CONTEXT((#2729,#2734),#2546);
#2729 = SURFACE_STYLE_USAGE(.BOTH.,#2730);
#2730 = SURFACE_SIDE_STYLE('',(#2731));
#2731 = SURFACE_STYLE_FILL_AREA(#2732);
#2732 = FILL_AREA_STYLE('',(#2733));
#2733 = FILL_AREA_STYLE_COLOUR('',#2585);
#2734 = CURVE_STYLE('',#2735,POSITIVE_LENGTH_MEASURE(0.1),#2576);
#2735 = DRAUGHTING_PRE_DEFINED_CURVE_FONT('continuous');
#2736 = OVER_RIDING_STYLED_ITEM('overriding color',(#2737),#2274,#2691);
#2737 = PRESENTATION_STYLE_BY_CONTEXT((#2738,#2743),#2558);
#2738 = SURFACE_STYLE_USAGE(.BOTH.,#2739);
#2739 = SURFACE_SIDE_STYLE('',(#2740));
#2740 = SURFACE_STYLE_FILL_AREA(#2741);
#2741 = FILL_AREA_STYLE('',(#2742));
#2742 = FILL_AREA_STYLE_COLOUR('',#2650);
#2743 = CURVE_STYLE('',#2744,POSITIVE_LENGTH_MEASURE(0.1),#2653);
#2744 = DRAUGHTING_PRE_DEFINED_CURVE_FONT('continuous');
#2745 = OVER_RIDING_STYLED_ITEM('overriding color',(#2746),#2274,#2691);
#2746 = PRESENTATION_STYLE_BY_CONTEXT((#2747,#2752),#2560);
#2747 = SURFACE_STYLE_USAGE(.BOTH.,#2748);
#2748 = SURFACE_SIDE_STYLE('',(#2749));
#2749 = SURFACE_STYLE_FILL_AREA(#2750);
#2750 = FILL_AREA_STYLE('',(#2751));
#2751 = FILL_AREA_STYLE_COLOUR('',#2650);
#2752 = CURVE_STYLE('',#2753,POSITIVE_LENGTH_MEASURE(0.1),#2653);
#2753 = DRAUGHTING_PRE_DEFINED_CURVE_FONT('continuous');
#2754 = OVER_RIDING_STYLED_ITEM('overriding color',(#2755),#2274,#2691);
#2755 = PRESENTATION_STYLE_BY_CONTEXT((#2756,#2761),#2562);
#2756 = SURFACE_STYLE_USAGE(.BOTH.,#2757);
#2757 = SURFACE_SIDE_STYLE('',(#2758));
#2758 = SURFACE_STYLE_FILL_AREA(#2759);
#2759 = FILL_AREA_STYLE('',(#2760));
#2760 = FILL_AREA_STYLE_COLOUR('',#2650);
#2761 = CURVE_STYLE('',#2762,POSITIVE_LENGTH_MEASURE(0.1),#2653);
#2762 = DRAUGHTING_PRE_DEFINED_CURVE_FONT('continuous');
#2763 = OVER_RIDING_STYLED_ITEM('overriding color',(#2764),#2274,#2691);
#2764 = PRESENTATION_STYLE_BY_CONTEXT((#2765,#2770),#2564);
#2765 = SURFACE_STYLE_USAGE(.BOTH.,#2766);
#2766 = SURFACE_SIDE_STYLE('',(#2767));
#2767 = SURFACE_STYLE_FILL_AREA(#2768);
#2768 = FILL_AREA_STYLE('',(#2769));
#2769 = FILL_AREA_STYLE_COLOUR('',#2650);
#2770 = CURVE_STYLE('',#2771,POSITIVE_LENGTH_MEASURE(0.1),#2653);
#2771 = DRAUGHTING_PRE_DEFINED_CURVE_FONT('continuous');
#2772 = MECHANICAL_DESIGN_GEOMETRIC_PRESENTATION_REPRESENTATION('',(
    #2773),#1888);
#2773 = STYLED_ITEM('color',(#2774),#85);
#2774 = PRESENTATION_STYLE_ASSIGNMENT((#2775,#2781));
#2775 = SURFACE_STYLE_USAGE(.BOTH.,#2776);
#2776 = SURFACE_SIDE_STYLE('',(#2777));
#2777 = SURFACE_STYLE_FILL_AREA(#2778);
#2778 = FILL_AREA_STYLE('',(#2779));
#2779 = FILL_AREA_STYLE_COLOUR('',#2780);
#2780 = COLOUR_RGB('',0.250980406631,0.250980406631,0.250980406631);
#2781 = CURVE_STYLE('',#2782,POSITIVE_LENGTH_MEASURE(0.1),#2576);
#2782 = DRAUGHTING_PRE_DEFINED_CURVE_FONT('continuous');
ENDSEC;
END-ISO-10303-21;
