ISO-10303-21;
HEADER;
FILE_DESCRIPTION (( 'STEP AP214' ),
    '1' );
FILE_NAME ('CUI_DEVICES_PJ-014CH-SMT-TR.step',
    '2024-06-26T15:18:57',
    ( '' ),
    ( '' ),
    'SwSTEP 2.0',
    'SolidWorks 2024',
    '' );
FILE_SCHEMA (( 'AUTOMOTIVE_DESIGN' ));
ENDSEC;

DATA;
#1 = CARTESIAN_POINT ( 'NONE',  ( 0.000000000000000000, 0.1102362204724409572, -0.2795275589763779878 ) ) ;
#2 = CARTESIAN_POINT ( 'NONE',  ( 0.02080943157674803451, 0.08832911661610239051, -0.3216535433070866201 ) ) ;
#3 = AXIS2_PLACEMENT_3D ( 'NONE', #9748, #10569, #123 ) ;
#4 = VECTOR ( 'NONE', #9957, 39.37007874015748143 ) ;
#5 = CARTESIAN_POINT ( 'NONE',  ( 0.1150571981277251910, -0.05104656000089397017, -0.05271617636795437878 ) ) ;
#6 = DIRECTION ( 'NONE',  ( 0.01745240833009312556, 9.675641410923320086E-26, -0.9998476951233520316 ) ) ;
#7 = EDGE_CURVE ( 'NONE', #1499, #11524, #8921, .T. ) ;
#8 = DIRECTION ( 'NONE',  ( 0.000000000000000000, 1.000000000000000000, 0.000000000000000000 ) ) ;
#9 = EDGE_LOOP ( 'NONE', ( #5383, #11261, #8662, #5526 ) ) ;
#10 = ORIENTED_EDGE ( 'NONE', *, *, #8798, .T. ) ;
#11 = AXIS2_PLACEMENT_3D ( 'NONE', #6767, #6707, #7640 ) ;
#12 = VECTOR ( 'NONE', #6191, 39.37007874015748143 ) ;
#13 = CARTESIAN_POINT ( 'NONE',  ( 0.1555118110242875162, 0.03149606299212465849, -0.1023622047244062416 ) ) ;
#14 = VERTEX_POINT ( 'NONE', #7342 ) ;
#15 = CARTESIAN_POINT ( 'NONE',  ( -0.1444881680708549332, -0.06968503937007874960, -0.2755905511811023723 ) ) ;
#16 = DIRECTION ( 'NONE',  ( 1.000000000000000000, 0.000000000000000000, -7.542275982507854188E-16 ) ) ;
#17 = CARTESIAN_POINT ( 'NONE',  ( 0.09449759350173228545, -0.08581736531495980091, -0.3208661417487008172 ) ) ;
#19 = DIRECTION ( 'NONE',  ( 0.03489949675390371236, 2.891205793305871770E-15, 0.9993908270173006425 ) ) ;
#18 = AXIS2_PLACEMENT_3D ( 'NONE', #8920, #4610, #8100 ) ;
#20 = VECTOR ( 'NONE', #6387, 39.37007874015748143 ) ;
#21 = EDGE_CURVE ( 'NONE', #498, #7543, #2041, .T. ) ;
#22 = AXIS2_PLACEMENT_3D ( 'NONE', #10939, #1911, #6503 ) ;
#23 = LINE ( 'NONE', #3592, #1685 ) ;
#24 = CARTESIAN_POINT ( 'NONE',  ( 0.03348337688755904235, -0.006491359822834640199, -0.3661417322998818391 ) ) ;
#25 = EDGE_LOOP ( 'NONE', ( #1191, #4716, #10803, #8066, #7925 ) ) ;
#26 = ORIENTED_EDGE ( 'NONE', *, *, #4812, .F. ) ;
#27 = CARTESIAN_POINT ( 'NONE',  ( 0.1841685624169292768, -0.06456692913546653589, -0.1708661417546245009 ) ) ;
#28 = EDGE_LOOP ( 'NONE', ( #9109, #8632, #7571, #2477, #2128, #11033, #2503, #3643 ) ) ;
#29 = DIRECTION ( 'NONE',  ( 0.000000000000000000, -1.000000000000000000, 0.000000000000000000 ) ) ;
#30 = VERTEX_POINT ( 'NONE', #2749 ) ;
#31 = AXIS2_PLACEMENT_3D ( 'NONE', #4262, #6869, #11190 ) ;
#32 = AXIS2_PLACEMENT_3D ( 'NONE', #4820, #5808, #11228 ) ;
#33 = VECTOR ( 'NONE', #4095, 39.37007874015748143 ) ;
#34 = VERTEX_POINT ( 'NONE', #8981 ) ;
#35 = CARTESIAN_POINT ( 'NONE',  ( 0.03348337688755905622, -0.08267716535433072833, -0.3090551181266535385 ) ) ;
#36 = LINE ( 'NONE', #204, #11405 ) ;
#37 = LINE ( 'NONE', #8073, #5537 ) ;
#38 = EDGE_CURVE ( 'NONE', #3749, #4377, #7990, .T. ) ;
#39 = ADVANCED_FACE ( 'NONE', ( #995 ), #1983, .T. ) ;
#40 = FACE_OUTER_BOUND ( 'NONE', #6094, .T. ) ;
#41 = DIRECTION ( 'NONE',  ( -1.000000000000000000, 0.000000000000000000, 0.000000000000000000 ) ) ;
#42 = DIRECTION ( 'NONE',  ( 0.01745240646099089840, 2.890765448653407597E-15, -0.9998476951559774895 ) ) ;
#43 = CIRCLE ( 'NONE', #8218, 0.01476377952755910349 ) ;
#44 = ORIENTED_EDGE ( 'NONE', *, *, #3424, .F. ) ;
#45 = ORIENTED_EDGE ( 'NONE', *, *, #3523, .T. ) ;
#46 = B_SPLINE_CURVE_WITH_KNOTS ( 'NONE', 3,
 ( #7973, #11535, #7266, #4651, #2905, #3027 ),
 .UNSPECIFIED., .F., .F.,
 ( 4, 2, 4 ),
 ( 1.448562533320417156E-13, 0.0006269790478920743686, 0.001253958095639291521 ),
 .UNSPECIFIED. ) ;
#47 = UNCERTAINTY_MEASURE_WITH_UNIT (LENGTH_MEASURE( 1.000000000000000082E-05 ), #5317, 'distance_accuracy_value', 'NONE');
#48 = ORIENTED_EDGE ( 'NONE', *, *, #10710, .T. ) ;
#49 = LINE ( 'NONE', #6926, #10181 ) ;
#50 = CARTESIAN_POINT ( 'NONE',  ( 0.05505236430811023818, 0.06206747361889765335, -0.1859270328015354135 ) ) ;
#51 = FACE_OUTER_BOUND ( 'NONE', #1061, .T. ) ;
#52 = CYLINDRICAL_SURFACE ( 'NONE', #8834, 0.005905511811000759177 ) ;
#53 = DIRECTION ( 'NONE',  ( 0.9998476951726752437, 0.000000000000000000, 0.01745240550437366159 ) ) ;
#54 = ORIENTED_EDGE ( 'NONE', *, *, #3453, .T. ) ;
#55 = CARTESIAN_POINT ( 'NONE',  ( 0.1082677165354330728, 0.1102362204724409434, -0.1830708661417323191 ) ) ;
#56 = ORIENTED_EDGE ( 'NONE', *, *, #5366, .F. ) ;
#57 = CARTESIAN_POINT ( 'NONE',  ( 0.03668618018236614181, 0.06260377197370078917, -0.1667808594098031671 ) ) ;
#58 = EDGE_CURVE ( 'NONE', #9823, #3207, #9479, .T. ) ;
#59 = EDGE_CURVE ( 'NONE', #2732, #10307, #119, .T. ) ;
#60 = DIRECTION ( 'NONE',  ( 1.000000000000000000, 0.000000000000000000, 0.000000000000000000 ) ) ;
#61 = LINE ( 'NONE', #2688, #672 ) ;
#62 = DIRECTION ( 'NONE',  ( 3.771137991253928573E-16, 0.000000000000000000, 1.000000000000000000 ) ) ;
#63 = DIRECTION ( 'NONE',  ( 7.228014483236656126E-16, 1.000000000000000000, 0.000000000000000000 ) ) ;
#64 = CARTESIAN_POINT ( 'NONE',  ( -0.1574803149606299191, 0.1144094488188976272, -0.3734645669291339343 ) ) ;
#65 = CARTESIAN_POINT ( 'NONE',  ( 0.001968503932283466058, -0.06102362204724971068, -0.3307086614488188303 ) ) ;
#66 = VECTOR ( 'NONE', #4871, 39.37007874015748143 ) ;
#67 = EDGE_LOOP ( 'NONE', ( #6911, #1463, #10746, #6717 ) ) ;
#68 = ORIENTED_EDGE ( 'NONE', *, *, #5994, .F. ) ;
#69 = ADVANCED_FACE ( 'NONE', ( #2810 ), #6355, .F. ) ;
#70 = EDGE_CURVE ( 'NONE', #10959, #11459, #7425, .T. ) ;
#71 = ORIENTED_EDGE ( 'NONE', *, *, #6442, .T. ) ;
#72 = AXIS2_PLACEMENT_3D ( 'NONE', #7278, #5424, #2091 ) ;
#73 = CARTESIAN_POINT ( 'NONE',  ( 0.1078100336708267826, 0.08006140008094489446, -0.3538730257968110138 ) ) ;
#74 = CARTESIAN_POINT ( 'NONE',  ( 0.1087837973041689832, -0.07874015748032425766, -0.2396863077461745539 ) ) ;
#75 = DIRECTION ( 'NONE',  ( 1.000000000000000000, 0.000000000000000000, 0.000000000000000000 ) ) ;
#76 = CARTESIAN_POINT ( 'NONE',  ( 0.1075472009651510519, 0.005905492437618096307, -0.2750977937428507603 ) ) ;
#77 = DIRECTION ( 'NONE',  ( -0.000000000000000000, -1.000000000000000000, -0.000000000000000000 ) ) ;
#78 = LINE ( 'NONE', #24, #9367 ) ;
#79 = ORIENTED_EDGE ( 'NONE', *, *, #4074, .F. ) ;
#80 = VERTEX_POINT ( 'NONE', #4731 ) ;
#81 = ORIENTED_EDGE ( 'NONE', *, *, #855, .T. ) ;
#82 = CIRCLE ( 'NONE', #6587, 0.003937007874015792212 ) ;
#83 = CARTESIAN_POINT ( 'NONE',  ( 0.1113880137756420308, 0.06660101811759173984, -0.03908367652134846215 ) ) ;
#84 = ORIENTED_EDGE ( 'NONE', *, *, #3464, .T. ) ;
#85 = EDGE_CURVE ( 'NONE', #8761, #2542, #3908, .T. ) ;
#86 = ORIENTED_EDGE ( 'NONE', *, *, #8469, .F. ) ;
#87 = DIRECTION ( 'NONE',  ( 1.000000000000000000, 0.000000000000000000, 0.000000000000000000 ) ) ;
#88 = CARTESIAN_POINT ( 'NONE',  ( 0.1437007874162314069, 0.02047622795910734872, -0.1092519684816049969 ) ) ;
#89 = DIRECTION ( 'NONE',  ( 0.9998476951573036509, 5.041746477510024425E-16, 0.01745240638502150790 ) ) ;
#90 = VECTOR ( 'NONE', #5616, 39.37007874015748143 ) ;
#91 = CARTESIAN_POINT ( 'NONE',  ( -0.05118110236220472370, -6.341789985291833771E-17, -0.2795275590551197231 ) ) ;
#92 = DIRECTION ( 'NONE',  ( 0.000000000000000000, 0.000000000000000000, -1.000000000000000000 ) ) ;
#93 = LINE ( 'NONE', #4639, #7403 ) ;
#94 = ORIENTED_EDGE ( 'NONE', *, *, #8968, .F. ) ;
#95 = DIRECTION ( 'NONE',  ( 0.000000000000000000, 1.000000000000000000, 0.000000000000000000 ) ) ;
#96 = ORIENTED_EDGE ( 'NONE', *, *, #10961, .T. ) ;
#97 = EDGE_CURVE ( 'NONE', #10529, #8577, #6673, .T. ) ;
#98 = VERTEX_POINT ( 'NONE', #9971 ) ;
#99 = VERTEX_POINT ( 'NONE', #292 ) ;
#100 = EDGE_CURVE ( 'NONE', #5111, #3669, #3861, .T. ) ;
#101 = VECTOR ( 'NONE', #8397, 39.37007874015748143 ) ;
#102 = FACE_OUTER_BOUND ( 'NONE', #3120, .T. ) ;
#103 = CARTESIAN_POINT ( 'NONE',  ( 0.1071239220374409495, -0.05225914724877953055, -0.05680759512185040022 ) ) ;
#104 = CARTESIAN_POINT ( 'NONE',  ( 0.07257752784143388369, -0.03543307086614173179, -0.2482816212704944403 ) ) ;
#105 = CARTESIAN_POINT ( 'NONE',  ( 0.1020642330660236213, 0.06649020986299213065, -0.03833657341485827152 ) ) ;
#106 = CARTESIAN_POINT ( 'NONE',  ( 0.1100203936427242013, 0.09251968503937006705, -0.2042748217494719520 ) ) ;
#107 = ORIENTED_EDGE ( 'NONE', *, *, #2159, .F. ) ;
#108 = ORIENTED_EDGE ( 'NONE', *, *, #3190, .T. ) ;
#109 = DIRECTION ( 'NONE',  ( 1.000000000000000000, 0.000000000000000000, 0.000000000000000000 ) ) ;
#110 = EDGE_CURVE ( 'NONE', #5159, #3548, #6524, .T. ) ;
#111 = CARTESIAN_POINT ( 'NONE',  ( 0.02145669291338432941, -0.08779527559055115560, -0.2795275590551181133 ) ) ;
#112 = CARTESIAN_POINT ( 'NONE',  ( 0.1063086171237795086, -0.006491359822834640199, -0.3661417322998819501 ) ) ;
#113 = CYLINDRICAL_SURFACE ( 'NONE', #10247, 0.04527559055118111908 ) ;
#114 = VECTOR ( 'NONE', #10504, 39.37007874015748143 ) ;
#115 = CARTESIAN_POINT ( 'NONE',  ( -0.04527559055118111214, 0.01771653543307086937, -0.2480314960629922127 ) ) ;
#116 = CARTESIAN_POINT ( 'NONE',  ( 0.09448818897637396852, -0.09842519685039784194, -0.2370078739604331020 ) ) ;
#117 = CYLINDRICAL_SURFACE ( 'NONE', #2628, 0.03149606299212599769 ) ;
#118 = ORIENTED_EDGE ( 'NONE', *, *, #8424, .T. ) ;
#119 = LINE ( 'NONE', #6407, #4821 ) ;
#120 = VECTOR ( 'NONE', #2970, 39.37007874015748143 ) ;
#121 = ORIENTED_EDGE ( 'NONE', *, *, #3217, .T. ) ;
#122 = LINE ( 'NONE', #6951, #8472 ) ;
#123 = DIRECTION ( 'NONE',  ( 1.000000000000000000, 0.000000000000000000, -2.668805347656626087E-15 ) ) ;
#124 = DIRECTION ( 'NONE',  ( 0.000000000000000000, 0.000000000000000000, 1.000000000000000000 ) ) ;
#125 = FACE_OUTER_BOUND ( 'NONE', #4072, .T. ) ;
#126 = DIRECTION ( 'NONE',  ( -1.000000000000000000, 0.000000000000000000, 0.000000000000000000 ) ) ;
#127 = ADVANCED_FACE ( 'NONE', ( #7569 ), #2274, .F. ) ;
#128 = CARTESIAN_POINT ( 'NONE',  ( -0.05118110236220472370, 0.02755905511811016992, -0.2795275590551196676 ) ) ;
#129 = ADVANCED_FACE ( 'NONE', ( #5017 ), #2212, .T. ) ;
#130 = VERTEX_POINT ( 'NONE', #5766 ) ;
#131 = EDGE_CURVE ( 'NONE', #555, #6715, #344, .T. ) ;
#132 = ORIENTED_EDGE ( 'NONE', *, *, #1133, .T. ) ;
#133 = ORIENTED_EDGE ( 'NONE', *, *, #10701, .F. ) ;
#134 = CARTESIAN_POINT ( 'NONE',  ( 0.02167235326569487419, -0.03937007878294539881, -0.3208641732447838901 ) ) ;
#135 = ORIENTED_EDGE ( 'NONE', *, *, #2418, .T. ) ;
#136 = ORIENTED_EDGE ( 'NONE', *, *, #6992, .T. ) ;
#137 = AXIS2_PLACEMENT_3D ( 'NONE', #10668, #5306, #8803 ) ;
#138 = VERTEX_POINT ( 'NONE', #5883 ) ;
#139 = LINE ( 'NONE', #3704, #2419 ) ;
#140 = LINE ( 'NONE', #3705, #1850 ) ;
#141 = CARTESIAN_POINT ( 'NONE',  ( 0.03348337688755917418, 0.09153543309793307770, -0.2992125985318376258 ) ) ;
#142 = CARTESIAN_POINT ( 'NONE',  ( -0.1850393700787401619, -0.1015748031496178233, -0.1377952755905511861 ) ) ;
#143 = DIRECTION ( 'NONE',  ( 1.000000000000000000, 0.000000000000000000, 0.000000000000000000 ) ) ;
#144 = CARTESIAN_POINT ( 'NONE',  ( -0.1583405708803149459, 0.06417322834645669549, -0.3478740157480315065 ) ) ;
#145 = DIRECTION ( 'NONE',  ( 1.000000000000000000, 0.000000000000000000, 0.000000000000000000 ) ) ;
#146 = ORIENTED_EDGE ( 'NONE', *, *, #6367, .T. ) ;
#147 = ADVANCED_FACE ( 'NONE', ( #5824 ), #8499, .T. ) ;
#148 = DIRECTION ( 'NONE',  ( 1.000000000000000000, 0.000000000000000000, 0.000000000000000000 ) ) ;
#149 = VECTOR ( 'NONE', #6109, 39.37007874015748143 ) ;
#150 = VERTEX_POINT ( 'NONE', #11128 ) ;
#151 = EDGE_LOOP ( 'NONE', ( #10199, #5671, #3283, #9180 ) ) ;
#152 = UNCERTAINTY_MEASURE_WITH_UNIT (LENGTH_MEASURE( 1.000000000000000082E-05 ), #10454, 'distance_accuracy_value', 'NONE');
#153 = ORIENTED_EDGE ( 'NONE', *, *, #256, .T. ) ;
#154 = ORIENTED_EDGE ( 'NONE', *, *, #8829, .F. ) ;
#155 = CIRCLE ( 'NONE', #6662, 0.04724409448818897572 ) ;
#156 = DIRECTION ( 'NONE',  ( -0.01745240646098185008, 0.000000000000000000, 0.9998476951559776005 ) ) ;
#157 = CARTESIAN_POINT ( 'NONE',  ( 0.1071393657002756156, -0.05134126404811024946, -0.05427106952555119102 ) ) ;
#158 = LINE ( 'NONE', #1087, #5978 ) ;
#159 = CARTESIAN_POINT ( 'NONE',  ( 0.1150222220613779517, 0.06671602609893703684, -0.04586237361338582619 ) ) ;
#160 = FACE_OUTER_BOUND ( 'NONE', #2936, .T. ) ;
#161 = ORIENTED_EDGE ( 'NONE', *, *, #6356, .T. ) ;
#162 = ADVANCED_FACE ( 'NONE', ( #8559 ), #3918, .F. ) ;
#163 = CARTESIAN_POINT ( 'NONE',  ( 0.1086463977106580936, -0.07086614173228347746, -0.2436209173013678952 ) ) ;
#164 = ORIENTED_EDGE ( 'NONE', *, *, #7352, .T. ) ;
#165 = VECTOR ( 'NONE', #1971, 39.37007874015748143 ) ;
#166 = DIRECTION ( 'NONE',  ( 0.000000000000000000, -1.000000000000000000, 0.000000000000000000 ) ) ;
#167 = VECTOR ( 'NONE', #9048, 39.37007874015748143 ) ;
#168 = AXIS2_PLACEMENT_3D ( 'NONE', #5659, #7395, #9852 ) ;
#169 = PLANE ( 'NONE',  #1007 ) ;
#170 = CARTESIAN_POINT ( 'NONE',  ( -0.1562992113779585746, -0.06968503937007874960, -0.3385826771653543399 ) ) ;
#171 = CARTESIAN_POINT ( 'NONE',  ( 0.09893791284051178803, -0.01968503935433986093, -0.1832059228473425505 ) ) ;
#172 = CIRCLE ( 'NONE', #4090, 0.007874015748578520185 ) ;
#173 = CARTESIAN_POINT ( 'NONE',  ( 0.06696060807326771613, -0.04977920192736220301, -0.02554493119831103068 ) ) ;
#174 = CARTESIAN_POINT ( 'NONE',  ( 0.04135739263559055218, -0.03937007874015747977, -0.3661417322998817836 ) ) ;
#175 = EDGE_CURVE ( 'NONE', #1218, #1518, #8348, .T. ) ;
#176 = VECTOR ( 'NONE', #9000, 39.37007874015748143 ) ;
#177 = CARTESIAN_POINT ( 'NONE',  ( -0.1509275418129527591, 0.01275590551181102726, -0.06692913385826772255 ) ) ;
#178 = CARTESIAN_POINT ( 'NONE',  ( 0.1515795054111811202, -0.1015653968110236255, -0.3267716535597244287 ) ) ;
#179 = VERTEX_POINT ( 'NONE', #11193 ) ;
#180 = CARTESIAN_POINT ( 'NONE',  ( 0.1152827980640635797, 0.07193953059055119281, -0.05357927578588807943 ) ) ;
#181 = AXIS2_PLACEMENT_3D ( 'NONE', #4284, #5037, #9344 ) ;
#182 = EDGE_LOOP ( 'NONE', ( #3342, #9166, #5858, #9234, #2002 ) ) ;
#183 = DIRECTION ( 'NONE',  ( 0.01745240656153577985, 0.000000000000000000, -0.9998476951542223379 ) ) ;
#184 = DIRECTION ( 'NONE',  ( 0.000000000000000000, 0.000000000000000000, 1.000000000000000000 ) ) ;
#185 = DIRECTION ( 'NONE',  ( 0.000000000000000000, 0.000000000000000000, 1.000000000000000000 ) ) ;
#186 = CARTESIAN_POINT ( 'NONE',  ( 0.1085439861004462991, -0.06824146981573421533, -0.2465536021126489286 ) ) ;
#187 = DIRECTION ( 'NONE',  ( 0.000000000000000000, -0.8944271909996172054, 0.4472135955005554497 ) ) ;
#188 = DIRECTION ( 'NONE',  ( 0.000000000000000000, 0.000000000000000000, -1.000000000000000000 ) ) ;
#189 = VECTOR ( 'NONE', #2824, 39.37007874015748143 ) ;
#190 = EDGE_LOOP ( 'NONE', ( #11457, #6289, #1775, #396 ) ) ;
#191 = VECTOR ( 'NONE', #9113, 39.37007874015748143 ) ;
#192 = EDGE_LOOP ( 'NONE', ( #1533, #132, #10489, #1236 ) ) ;
#193 = VECTOR ( 'NONE', #11200, 39.37007874015748143 ) ;
#194 = ORIENTED_EDGE ( 'NONE', *, *, #6241, .F. ) ;
#195 = CARTESIAN_POINT ( 'NONE',  ( 0.1033003499267269309, 0.005905492437618096307, -0.05828206943161882286 ) ) ;
#196 = EDGE_LOOP ( 'NONE', ( #7492, #8877, #4297, #9572 ) ) ;
#197 = CIRCLE ( 'NONE', #7268, 0.007874015748041593779 ) ;
#198 = EDGE_CURVE ( 'NONE', #834, #9207, #7457, .T. ) ;
#199 = ORIENTED_EDGE ( 'NONE', *, *, #1377, .F. ) ;
#200 = LINE ( 'NONE', #3772, #11277 ) ;
#201 = AXIS2_PLACEMENT_3D ( 'NONE', #11240, #1382, #4143 ) ;
#202 = EDGE_CURVE ( 'NONE', #2935, #2886, #4957, .T. ) ;
#203 = FACE_OUTER_BOUND ( 'NONE', #9051, .T. ) ;
#204 = CARTESIAN_POINT ( 'NONE',  ( 0.1092709640566715268, 0.06790529800045726205, -0.05652086403325390362 ) ) ;
#205 = CARTESIAN_POINT ( 'NONE',  ( -0.1444881680708661464, -0.01082677165354330173, -0.3267716535433070058 ) ) ;
#206 = PLANE ( 'NONE',  #7467 ) ;
#207 = CARTESIAN_POINT ( 'NONE',  ( -0.05118110236220473064, 0.000000000000000000, -0.03937007874015184539 ) ) ;
#208 = CARTESIAN_POINT ( 'NONE',  ( 0.06473174838176491697, 0.06185148643091059606, -0.1929016589485692545 ) ) ;
#209 = ORIENTED_EDGE ( 'NONE', *, *, #9943, .T. ) ;
#210 = CARTESIAN_POINT ( 'NONE',  ( -0.1850393700787398010, -0.08976377952754727163, -0.3267716535433071723 ) ) ;
#211 = ORIENTED_EDGE ( 'NONE', *, *, #1271, .F. ) ;
#212 = AXIS2_PLACEMENT_3D ( 'NONE', #4704, #10057, #9888 ) ;
#213 = CIRCLE ( 'NONE', #6168, 0.01574803149606299885 ) ;
#214 = CIRCLE ( 'NONE', #1322, 0.05252058937007873796 ) ;
#215 = ORIENTED_EDGE ( 'NONE', *, *, #11115, .F. ) ;
#216 = ORIENTED_EDGE ( 'NONE', *, *, #7745, .T. ) ;
#217 = EDGE_CURVE ( 'NONE', #9224, #10606, #521, .T. ) ;
#218 = EDGE_CURVE ( 'NONE', #356, #4521, #11159, .T. ) ;
#219 = CARTESIAN_POINT ( 'NONE',  ( 0.07550767562903408503, 0.02387208003937008050, -0.3033569816228611771 ) ) ;
#220 = CARTESIAN_POINT ( 'NONE',  ( 0.1114041987142126017, -0.05134124262055118904, -0.05402419146881891343 ) ) ;
#221 = AXIS2_PLACEMENT_3D ( 'NONE', #6230, #5428, #3681 ) ;
#222 = CARTESIAN_POINT ( 'NONE',  ( -0.1483974141651585588, 0.01986819767553070146, -0.06420061252295118648 ) ) ;
#223 = DIRECTION ( 'NONE',  ( -1.000000000000000000, -0.000000000000000000, -0.000000000000000000 ) ) ;
#224 = DIRECTION ( 'NONE',  ( 0.000000000000000000, 1.000000000000000000, 0.000000000000000000 ) ) ;
#225 = VERTEX_POINT ( 'NONE', #6635 ) ;
#226 = DIRECTION ( 'NONE',  ( 0.000000000000000000, -1.000000000000000000, 0.000000000000000000 ) ) ;
#227 = ORIENTED_EDGE ( 'NONE', *, *, #3885, .T. ) ;
#228 = CARTESIAN_POINT ( 'NONE',  ( 0.03416330323017323367, 0.06260377197192913690, -0.1702228894859449393 ) ) ;
#229 = ADVANCED_FACE ( 'NONE', ( #5710 ), #6815, .T. ) ;
#230 = ADVANCED_FACE ( 'NONE', ( #2330 ), #2392, .T. ) ;
#231 = CARTESIAN_POINT ( 'NONE',  ( -0.05118110236220472370, 0.02755905511811023237, -0.3307086614173228023 ) ) ;
#232 = CARTESIAN_POINT ( 'NONE',  ( -0.01377952755905512312, 0.07480314960630453369, -0.3661417322834646382 ) ) ;
#233 = DIRECTION ( 'NONE',  ( 0.9993908270173006425, 0.000000000000000000, -0.03489949675390672384 ) ) ;
#234 = CARTESIAN_POINT ( 'NONE',  ( 0.05391332207653543040, -0.04933997437086613813, -0.04390603001220473589 ) ) ;
#235 = DIRECTION ( 'NONE',  ( 0.000000000000000000, 0.000000000000000000, -1.000000000000000000 ) ) ;
#236 = CARTESIAN_POINT ( 'NONE',  ( 0.03366141733031496885, -0.06102362204724410405, -0.3543307086614173596 ) ) ;
#237 = DIRECTION ( 'NONE',  ( 0.000000000000000000, 1.000000000000000000, 0.000000000000000000 ) ) ;
#238 = ORIENTED_EDGE ( 'NONE', *, *, #10906, .F. ) ;
#239 = EDGE_CURVE ( 'NONE', #11509, #9178, #6581, .T. ) ;
#240 = DIRECTION ( 'NONE',  ( 0.9993908270173006425, 1.696093478331718812E-15, -0.03489949675390779937 ) ) ;
#241 = ADVANCED_FACE ( 'NONE', ( #1335 ), #4840, .T. ) ;
#242 = EDGE_CURVE ( 'NONE', #2225, #7074, #10196, .T. ) ;
#243 = VERTEX_POINT ( 'NONE', #7871 ) ;
#244 = CARTESIAN_POINT ( 'NONE',  ( 0.1070137589874409628, 0.06669299978811024654, -0.05307008322755905894 ) ) ;
#245 = LINE ( 'NONE', #1989, #4467 ) ;
#246 = DIRECTION ( 'NONE',  ( 1.000000000000000000, 0.000000000000000000, 0.000000000000000000 ) ) ;
#247 = DIRECTION ( 'NONE',  ( 0.000000000000000000, 1.000000000000000000, 0.000000000000000000 ) ) ;
#248 = CARTESIAN_POINT ( 'NONE',  ( -0.05423123625984252461, 0.01173551366141732319, -0.3307086614173109229 ) ) ;
#249 = FACE_OUTER_BOUND ( 'NONE', #3111, .T. ) ;
#250 = VERTEX_POINT ( 'NONE', #7045 ) ;
#251 = ORIENTED_EDGE ( 'NONE', *, *, #6095, .T. ) ;
#252 = VERTEX_POINT ( 'NONE', #10444 ) ;
#253 = DIRECTION ( 'NONE',  ( 0.000000000000000000, 1.000000000000000000, 0.000000000000000000 ) ) ;
#254 = VERTEX_POINT ( 'NONE', #6116 ) ;
#255 = AXIS2_PLACEMENT_3D ( 'NONE', #5212, #8759, #1544 ) ;
#256 = EDGE_CURVE ( 'NONE', #5973, #1815, #8733, .T. ) ;
#257 = ORIENTED_EDGE ( 'NONE', *, *, #9459, .F. ) ;
#258 = DIRECTION ( 'NONE',  ( 0.04636984872347932329, 1.871598387421796827E-09, -0.9989243400425086294 ) ) ;
#259 = LINE ( 'NONE', #1899, #4138 ) ;
#260 = DIRECTION ( 'NONE',  ( 0.03489949675490201797, 0.000000000000000000, 0.9993908270172658925 ) ) ;
#261 = CARTESIAN_POINT ( 'NONE',  ( -0.1503936897244094739, 0.009448818897637795144, -0.1062992125984252023 ) ) ;
#262 = CARTESIAN_POINT ( 'NONE',  ( 0.07408915357891260323, 0.009314084518941020616, -0.3348826027227205238 ) ) ;
#263 = CARTESIAN_POINT ( 'NONE',  ( 0.1069088766247881656, 0.07874015748031404360, -0.2933770112381971495 ) ) ;
#264 = EDGE_LOOP ( 'NONE', ( #4272, #8359, #7427, #9873, #2760, #888, #3347, #3504, #3017, #10462, #8157, #3753, #6300, #7554, #8115 ) ) ;
#265 = VECTOR ( 'NONE', #3623, 39.37007874015748854 ) ;
#266 = DIRECTION ( 'NONE',  ( 0.000000000000000000, 0.000000000000000000, 1.000000000000000000 ) ) ;
#267 = VERTEX_POINT ( 'NONE', #864 ) ;
#268 = ADVANCED_FACE ( 'NONE', ( #642 ), #4432, .T. ) ;
#269 = ORIENTED_EDGE ( 'NONE', *, *, #7290, .T. ) ;
#270 = ORIENTED_EDGE ( 'NONE', *, *, #8225, .F. ) ;
#271 = VECTOR ( 'NONE', #622, 39.37007874015748143 ) ;
#272 = LINE ( 'NONE', #7372, #4603 ) ;
#273 = DIRECTION ( 'NONE',  ( 0.000000000000000000, 1.000000000000000000, 0.000000000000000000 ) ) ;
#274 = DIRECTION ( 'NONE',  ( -0.9956022336251798555, -2.234635497220253175E-12, -0.09368133432307990116 ) ) ;
#275 = CARTESIAN_POINT ( 'NONE',  ( 0.06790970016687009059, 0.02337201444882214610, -0.3192400351337599251 ) ) ;
#276 = ORIENTED_EDGE ( 'NONE', *, *, #8968, .T. ) ;
#277 = EDGE_LOOP ( 'NONE', ( #6098, #7243 ) ) ;
#278 = EDGE_CURVE ( 'NONE', #6232, #6055, #6057, .T. ) ;
#279 = ADVANCED_FACE ( 'NONE', ( #8799 ), #9674, .T. ) ;
#280 = EDGE_CURVE ( 'NONE', #3177, #8634, #11304, .T. ) ;
#281 = CARTESIAN_POINT ( 'NONE',  ( -0.03346456692913386127, 0.000000000000000000, -0.3484251968589627824 ) ) ;
#282 = LINE ( 'NONE', #7382, #6579 ) ;
#283 = DIRECTION ( 'NONE',  ( 1.678764645502110597E-15, 0.000000000000000000, 1.000000000000000000 ) ) ;
#284 = LINE ( 'NONE', #8316, #6329 ) ;
#285 = CARTESIAN_POINT ( 'NONE',  ( 0.07142841467082677864, -0.04977920196314960383, -0.03357606897427952569 ) ) ;
#286 = DIRECTION ( 'NONE',  ( 0.000000000000000000, 1.000000000000000000, 0.000000000000000000 ) ) ;
#287 = CARTESIAN_POINT ( 'NONE',  ( -0.1425196850393700698, -0.09842519685039370636, -0.1830708661417323191 ) ) ;
#288 = CARTESIAN_POINT ( 'NONE',  ( 0.09993023138333365085, -0.07086614177166018769, -0.1547896376864806023 ) ) ;
#289 = AXIS2_PLACEMENT_3D ( 'NONE', #6891, #6720, #8636 ) ;
#290 = VERTEX_POINT ( 'NONE', #7744 ) ;
#291 = EDGE_CURVE ( 'NONE', #9926, #5143, #8676, .T. ) ;
#292 = CARTESIAN_POINT ( 'NONE',  ( 0.03366141732283538246, 0.08897637795275181727, -0.2795275590551264400 ) ) ;
#293 = ORIENTED_EDGE ( 'NONE', *, *, #4458, .T. ) ;
#294 = CARTESIAN_POINT ( 'NONE',  ( 0.1028739676299212785, 0.06711802608311025209, -0.05450180161291340308 ) ) ;
#295 = LINE ( 'NONE', #5490, #9297 ) ;
#296 = CARTESIAN_POINT ( 'NONE',  ( 0.1080423336918110433, -0.07157480314960630585, -0.2751150841587007845 ) ) ;
#297 = FACE_OUTER_BOUND ( 'NONE', #6492, .T. ) ;
#298 = ORIENTED_EDGE ( 'NONE', *, *, #7867, .T. ) ;
#299 = EDGE_LOOP ( 'NONE', ( #363, #4247, #893, #2670 ) ) ;
#300 = ADVANCED_FACE ( 'NONE', ( #11369 ), #2571, .F. ) ;
#301 = ORIENTED_EDGE ( 'NONE', *, *, #8842, .T. ) ;
#302 = DIRECTION ( 'NONE',  ( 0.000000000000000000, 0.000000000000000000, -1.000000000000000000 ) ) ;
#303 = VERTEX_POINT ( 'NONE', #11544 ) ;
#304 = ORIENTED_EDGE ( 'NONE', *, *, #4030, .T. ) ;
#305 = CARTESIAN_POINT ( 'NONE',  ( 0.1437007874005153674, 0.01536190468503937159, -0.1122047243996850269 ) ) ;
#306 = DIRECTION ( 'NONE',  ( 0.000000000000000000, -1.000000000000000000, 0.000000000000000000 ) ) ;
#307 = AXIS2_PLACEMENT_3D ( 'NONE', #3910, #10841, #5425 ) ;
#308 = CARTESIAN_POINT ( 'NONE',  ( 0.1594488189042099213, -0.1015748031495984777, -0.1708661417527674864 ) ) ;
#309 = CYLINDRICAL_SURFACE ( 'NONE', #5916, 0.007874015731705139021 ) ;
#310 = CARTESIAN_POINT ( 'NONE',  ( 0.1850393700642217198, -0.08975437318897884487, -0.3267716535597243177 ) ) ;
#311 = DIRECTION ( 'NONE',  ( 0.000000000000000000, 1.000000000000000000, 0.000000000000000000 ) ) ;
#312 = CARTESIAN_POINT ( 'NONE',  ( 0.1033003499268017877, -0.06299212598424945575, -0.05828206942934051338 ) ) ;
#313 = ORIENTED_EDGE ( 'NONE', *, *, #1845, .T. ) ;
#314 = CARTESIAN_POINT ( 'NONE',  ( 0.1082677165354331006, -0.03740157480314960925, -0.3503937007874015630 ) ) ;
#315 = EDGE_CURVE ( 'NONE', #6890, #2116, #3397, .T. ) ;
#316 = ORIENTED_EDGE ( 'NONE', *, *, #5688, .F. ) ;
#317 = EDGE_LOOP ( 'NONE', ( #7842, #6831, #11024, #3296, #2304, #4707, #9600, #9786, #4102, #11367, #8661, #9011, #293, #1402, #10918, #9038 ) ) ;
#318 = VECTOR ( 'NONE', #2019, 39.37007874015748143 ) ;
#319 = EDGE_LOOP ( 'NONE', ( #10331, #10234, #9587, #7629 ) ) ;
#320 = ORIENTED_EDGE ( 'NONE', *, *, #6185, .T. ) ;
#321 = CIRCLE ( 'NONE', #6839, 0.007874015748008843935 ) ;
#322 = CARTESIAN_POINT ( 'NONE',  ( 0.1574803149606299191, -0.1025984251968503902, -0.3734645669291339343 ) ) ;
#323 = CARTESIAN_POINT ( 'NONE',  ( 0.06218330290681928219, 0.05900717705578512051, -0.3295530372076526660 ) ) ;
#324 = CARTESIAN_POINT ( 'NONE',  ( 0.09546857311251912004, 0.08267716535433070058, -0.2825548140726486523 ) ) ;
#325 = VECTOR ( 'NONE', #6312, 39.37007874015748143 ) ;
#326 = CYLINDRICAL_SURFACE ( 'NONE', #6897, 0.01181102362204730985 ) ;
#327 = CARTESIAN_POINT ( 'NONE',  ( 0.1028221700134645672, 0.06683143904153544812, -0.05416785544374017047 ) ) ;
#328 = CARTESIAN_POINT ( 'NONE',  ( 0.1030255507397906667, -0.07086614177164901607, -0.06615128853892610072 ) ) ;
#329 = VERTEX_POINT ( 'NONE', #1692 ) ;
#330 = ORIENTED_EDGE ( 'NONE', *, *, #2266, .T. ) ;
#331 = CARTESIAN_POINT ( 'NONE',  ( 0.1408815756601181357, -0.006491359822834640199, -0.3661417322998819501 ) ) ;
#332 = DIRECTION ( 'NONE',  ( 0.000000000000000000, 0.000000000000000000, 1.000000000000000000 ) ) ;
#333 = EDGE_CURVE ( 'NONE', #9599, #5784, #4381, .T. ) ;
#334 = LINE ( 'NONE', #112, #6263 ) ;
#335 = LINE ( 'NONE', #171, #2057 ) ;
#336 = EDGE_CURVE ( 'NONE', #10306, #6324, #7806, .T. ) ;
#337 = CARTESIAN_POINT ( 'NONE',  ( 0.1020860485511023291, -0.05062422304322834743, -0.03834837854231496618 ) ) ;
#338 = CARTESIAN_POINT ( 'NONE',  ( 0.1850393700812150988, -0.09565988500000001393, -0.2834645669455511663 ) ) ;
#339 = VECTOR ( 'NONE', #3295, 39.37007874015748143 ) ;
#340 = LINE ( 'NONE', #8155, #11332 ) ;
#341 = CARTESIAN_POINT ( 'NONE',  ( -0.1850393700787450468, -0.09566929133858267931, -0.1259842519685039353 ) ) ;
#342 = ORIENTED_EDGE ( 'NONE', *, *, #6636, .T. ) ;
#343 = AXIS2_PLACEMENT_3D ( 'NONE', #5959, #5095, #6830 ) ;
#344 = LINE ( 'NONE', #1276, #9850 ) ;
#345 = AXIS2_PLACEMENT_3D ( 'NONE', #5300, #2683, #2625 ) ;
#346 = EDGE_CURVE ( 'NONE', #2340, #359, #3736, .T. ) ;
#347 = ORIENTED_EDGE ( 'NONE', *, *, #1163, .F. ) ;
#348 = CARTESIAN_POINT ( 'NONE',  ( 0.1113859205239763617, 0.06803486890480316129, -0.05702280957204724360 ) ) ;
#349 = CARTESIAN_POINT ( 'NONE',  ( 0.02145669291338432941, -0.08779527559055115560, -0.3216535433070866201 ) ) ;
#350 = EDGE_CURVE ( 'NONE', #4855, #3284, #2627, .T. ) ;
#351 = CIRCLE ( 'NONE', #2967, 0.003937007874015758385 ) ;
#352 = AXIS2_PLACEMENT_3D ( 'NONE', #9155, #6462, #9208 ) ;
#353 = CARTESIAN_POINT ( 'NONE',  ( -0.1169854687214566813, -0.02383716362170078609, -0.3302176370167716479 ) ) ;
#354 = DIRECTION ( 'NONE',  ( -0.03489949667887868451, 0.000000000000000000, -0.9993908270199205468 ) ) ;
#355 = PLANE ( 'NONE',  #7894 ) ;
#356 = VERTEX_POINT ( 'NONE', #5303 ) ;
#357 = VERTEX_POINT ( 'NONE', #9735 ) ;
#358 = AXIS2_PLACEMENT_3D ( 'NONE', #1949, #10867, #11037 ) ;
#359 = VERTEX_POINT ( 'NONE', #10553 ) ;
#360 = DIRECTION ( 'NONE',  ( -0.000000000000000000, 1.000000000000000000, 0.000000000000000000 ) ) ;
#361 = VECTOR ( 'NONE', #6189, 39.37007874015748143 ) ;
#362 = AXIS2_PLACEMENT_3D ( 'NONE', #4264, #1628, #11430 ) ;
#363 = ORIENTED_EDGE ( 'NONE', *, *, #7290, .F. ) ;
#364 = EDGE_CURVE ( 'NONE', #5740, #3096, #8852, .T. ) ;
#365 = ORIENTED_EDGE ( 'NONE', *, *, #464, .F. ) ;
#366 = PLANE ( 'NONE',  #3279 ) ;
#367 = DIRECTION ( 'NONE',  ( 0.000000000000000000, 1.000000000000000000, 0.000000000000000000 ) ) ;
#368 = ADVANCED_FACE ( 'NONE', ( #10665 ), #9502, .F. ) ;
#370 = DIRECTION ( 'NONE',  ( 0.000000000000000000, -0.4472135954977874417, 0.8944271910010010984 ) ) ;
#369 = VECTOR ( 'NONE', #10162, 39.37007874015748143 ) ;
#371 = CARTESIAN_POINT ( 'NONE',  ( 0.03348337688755975011, 0.08255061175626852987, -0.3285714193659822757 ) ) ;
#372 = VECTOR ( 'NONE', #1356, 39.37007874015748143 ) ;
#373 = AXIS2_PLACEMENT_3D ( 'NONE', #8449, #4907, #5950 ) ;
#374 = LINE ( 'NONE', #2295, #2233 ) ;
#375 = CIRCLE ( 'NONE', #2798, 0.007874015748031516770 ) ;
#376 = LINE ( 'NONE', #11216, #4364 ) ;
#377 = LINE ( 'NONE', #1477, #5744 ) ;
#378 = ORIENTED_EDGE ( 'NONE', *, *, #5273, .T. ) ;
#379 = DIRECTION ( 'NONE',  ( 0.000000000000000000, 0.000000000000000000, -1.000000000000000000 ) ) ;
#380 = ORIENTED_EDGE ( 'NONE', *, *, #7381, .T. ) ;
#381 = ORIENTED_EDGE ( 'NONE', *, *, #8858, .T. ) ;
#382 = UNCERTAINTY_MEASURE_WITH_UNIT (LENGTH_MEASURE( 1.000000000000000082E-05 ), #5776, 'distance_accuracy_value', 'NONE');
#383 = ORIENTED_EDGE ( 'NONE', *, *, #9127, .T. ) ;
#384 = ADVANCED_FACE ( 'NONE', ( #9563 ), #1575, .T. ) ;
#385 = VECTOR ( 'NONE', #3859, 39.37007874015748143 ) ;
#386 = VECTOR ( 'NONE', #1031, 39.37007874015748143 ) ;
#387 = VECTOR ( 'NONE', #5693, 39.37007874015748143 ) ;
#388 = EDGE_CURVE ( 'NONE', #3030, #5145, #9909, .T. ) ;
#389 = EDGE_CURVE ( 'NONE', #5233, #491, #7216, .T. ) ;
#390 = LINE ( 'NONE', #10120, #1943 ) ;
#391 = DIRECTION ( 'NONE',  ( 0.000000000000000000, 0.000000000000000000, 1.000000000000000000 ) ) ;
#392 = DIRECTION ( 'NONE',  ( -0.000000000000000000, -1.000000000000000000, -0.000000000000000000 ) ) ;
#393 = CARTESIAN_POINT ( 'NONE',  ( 0.06227992885963892777, 0.009314084488189024180, -0.3350887335122105237 ) ) ;
#394 = DIRECTION ( 'NONE',  ( 0.000000000000000000, -1.000000000000000000, 0.000000000000000000 ) ) ;
#395 = VECTOR ( 'NONE', #10317, 39.37007874015748143 ) ;
#396 = ORIENTED_EDGE ( 'NONE', *, *, #2745, .F. ) ;
#397 = AXIS2_PLACEMENT_3D ( 'NONE', #6942, #8684, #5088 ) ;
#398 = EDGE_LOOP ( 'NONE', ( #11172, #2955, #5956, #4158, #775, #7471, #5898, #4282 ) ) ;
#399 = B_SPLINE_SURFACE_WITH_KNOTS ( 'NONE', 3, 3, ( 
 ( #2705, #9044, #10205, #3167 ),
 ( #7578, #11028, #7404, #9216 ),
 ( #11080, #3985, #4791, #473 ),
 ( #9334, #4040, #11138, #10277 ),
 ( #10971, #5668, #1227, #5719 ),
 ( #3051, #6535, #6591, #4911 ),
 ( #7522, #2989, #10097, #8336 ) ),
 .UNSPECIFIED., .F., .F., .F.,
 ( 4, 1, 1, 1, 4 ),
 ( 4, 4 ),
 ( -0.009995968459106000653, 0.000000000000000000, 0.5000000000000000000, 1.000000000000000000, 1.009996503328999706 ),
 ( -0.03129631818820000771, 1.031237257082999736 ),
 .UNSPECIFIED. ) ;
#400 = CARTESIAN_POINT ( 'NONE',  ( 0.1150535526112504564, 0.06682257791338107322, -0.05267717345665199474 ) ) ;
#401 = AXIS2_PLACEMENT_3D ( 'NONE', #5924, #8539, #4886 ) ;
#402 = ADVANCED_FACE ( 'NONE', ( #8094 ), #7362, .F. ) ;
#403 = VECTOR ( 'NONE', #6457, 39.37007874015748143 ) ;
#404 = CARTESIAN_POINT ( 'NONE',  ( 0.02167235326551181229, 0.005905511811023620231, -0.3208661417487008172 ) ) ;
#405 = DIRECTION ( 'NONE',  ( -1.000000000000000000, -0.000000000000000000, -0.000000000000000000 ) ) ;
#406 = DIRECTION ( 'NONE',  ( -0.000000000000000000, -0.000000000000000000, -1.000000000000000000 ) ) ;
#407 = CARTESIAN_POINT ( 'NONE',  ( 0.1028434791002755949, -0.05106345868314960540, -0.05436041253874016738 ) ) ;
#408 = CARTESIAN_POINT ( 'NONE',  ( -0.05118110236220473064, 0.000000000000000000, -0.3425196850393611991 ) ) ;
#409 = DIRECTION ( 'NONE',  ( -0.000000000000000000, -1.000000000000000000, -0.000000000000000000 ) ) ;
#410 = CARTESIAN_POINT ( 'NONE',  ( -0.1444881680708661187, 0.06417322834645670937, -0.07480314960629928789 ) ) ;
#411 = ORIENTED_EDGE ( 'NONE', *, *, #4733, .F. ) ;
#412 = CARTESIAN_POINT ( 'NONE',  ( 0.1428914319080314688, -0.1030551181101574676, -0.1708661417515354164 ) ) ;
#413 = EDGE_CURVE ( 'NONE', #6814, #525, #3622, .T. ) ;
#414 = ORIENTED_EDGE ( 'NONE', *, *, #10146, .F. ) ;
#415 = CARTESIAN_POINT ( 'NONE',  ( 0.03612023721032056600, -0.04569806696263662565, -0.1669788117135948546 ) ) ;
#416 = CARTESIAN_POINT ( 'NONE',  ( 0.03156005252456040022, 0.06275224914900776052, -0.1635424661407285096 ) ) ;
#417 = CARTESIAN_POINT ( 'NONE',  ( -0.1550618660461238196, 0.01456692913385848782, -0.07480314960629932952 ) ) ;
#418 = CARTESIAN_POINT ( 'NONE',  ( -0.05118110236220473064, 1.747519108820122716E-44, -0.3307086614173109229 ) ) ;
#419 = CYLINDRICAL_SURFACE ( 'NONE', #5842, 0.01968503937013193691 ) ;
#420 = ORIENTED_EDGE ( 'NONE', *, *, #2928, .F. ) ;
#421 = VERTEX_POINT ( 'NONE', #1973 ) ;
#422 = ORIENTED_EDGE ( 'NONE', *, *, #9722, .T. ) ;
#423 = EDGE_CURVE ( 'NONE', #8952, #2302, #1037, .T. ) ;
#424 = EDGE_CURVE ( 'NONE', #8992, #5469, #4600, .T. ) ;
#425 = ADVANCED_FACE ( 'NONE', ( #1159 ), #8149, .T. ) ;
#426 = CYLINDRICAL_SURFACE ( 'NONE', #2779, 0.007874015767213722941 ) ;
#427 = ORIENTED_EDGE ( 'NONE', *, *, #7787, .F. ) ;
#428 = ORIENTED_EDGE ( 'NONE', *, *, #5154, .F. ) ;
#429 = FACE_BOUND ( 'NONE', #2724, .T. ) ;
#430 = CARTESIAN_POINT ( 'NONE',  ( 0.09448818897636603042, 0.08740157480708250770, -0.2303149606299212948 ) ) ;
#431 = CARTESIAN_POINT ( 'NONE',  ( 0.1100837809232844966, -0.07147206380675771853, -0.2024596475524831352 ) ) ;
#432 = DIRECTION ( 'NONE',  ( 0.000000000000000000, 0.000000000000000000, 1.000000000000000000 ) ) ;
#433 = DIRECTION ( 'NONE',  ( 0.9993908270173006425, 0.000000000000000000, -0.03489949675390680017 ) ) ;
#434 = CARTESIAN_POINT ( 'NONE',  ( 0.02145669291338525922, -0.06102362204725250011, -0.3543307086614168044 ) ) ;
#435 = DIRECTION ( 'NONE',  ( -1.112002228190260508E-15, 1.000000000000000000, 0.000000000000000000 ) ) ;
#436 = ORIENTED_EDGE ( 'NONE', *, *, #9972, .T. ) ;
#437 = CARTESIAN_POINT ( 'NONE',  ( 0.02901218574591703236, 0.008344503736653543363, -0.1764115146387294220 ) ) ;
#438 = ORIENTED_EDGE ( 'NONE', *, *, #11292, .T. ) ;
#439 = AXIS2_PLACEMENT_3D ( 'NONE', #6727, #9230, #10224 ) ;
#440 = EDGE_CURVE ( 'NONE', #2515, #7705, #3796, .T. ) ;
#441 = ORIENTED_EDGE ( 'NONE', *, *, #9037, .T. ) ;
#442 = EDGE_LOOP ( 'NONE', ( #1279, #5571, #10332, #6143 ) ) ;
#443 = CARTESIAN_POINT ( 'NONE',  ( -0.05118110236220473064, 0.000000000000000000, -0.3110236220472589741 ) ) ;
#444 = AXIS2_PLACEMENT_3D ( 'NONE', #8989, #2825, #6475 ) ;
#445 = CARTESIAN_POINT ( 'NONE',  ( -0.1444881680708662020, -0.08956692913385826127, -0.2834645669291339098 ) ) ;
#446 = FACE_OUTER_BOUND ( 'NONE', #192, .T. ) ;
#447 = LINE ( 'NONE', #10357, #8646 ) ;
#448 = CARTESIAN_POINT ( 'NONE',  ( 0.07550767562895041585, 0.02337201444881889870, -0.3033569816167804856 ) ) ;
#449 = ORIENTED_EDGE ( 'NONE', *, *, #4276, .T. ) ;
#450 = VERTEX_POINT ( 'NONE', #983 ) ;
#451 = EDGE_CURVE ( 'NONE', #6370, #5686, #6450, .T. ) ;
#452 = VECTOR ( 'NONE', #9819, 39.37007874015748854 ) ;
#453 = FACE_OUTER_BOUND ( 'NONE', #6276, .T. ) ;
#454 = DIRECTION ( 'NONE',  ( 0.000000000000000000, 1.000000000000000000, 0.000000000000000000 ) ) ;
#455 = FACE_OUTER_BOUND ( 'NONE', #2347, .T. ) ;
#456 = FACE_OUTER_BOUND ( 'NONE', #2847, .T. ) ;
#457 = FACE_OUTER_BOUND ( 'NONE', #2243, .T. ) ;
#458 = CARTESIAN_POINT ( 'NONE',  ( -0.05437248908438612610, -0.05787401574803148485, -0.3307086614173114225 ) ) ;
#459 = CARTESIAN_POINT ( 'NONE',  ( -0.1484251968504114172, 0.06496062992125986590, -0.05984251968503939006 ) ) ;
#460 = CIRCLE ( 'NONE', #1557, 0.005905511811000007175 ) ;
#461 = DIRECTION ( 'NONE',  ( -0.000000000000000000, -1.000000000000000000, -0.000000000000000000 ) ) ;
#462 = DIRECTION ( 'NONE',  ( -0.5773502692496415012, -0.5773502691596178460, 0.5773502691596178460 ) ) ;
#463 = ORIENTED_EDGE ( 'NONE', *, *, #7937, .T. ) ;
#464 = EDGE_CURVE ( 'NONE', #10426, #8052, #9500, .T. ) ;
#465 = DIRECTION ( 'NONE',  ( 0.000000000000000000, 0.000000000000000000, 1.000000000000000000 ) ) ;
#466 = ORIENTED_EDGE ( 'NONE', *, *, #8659, .T. ) ;
#467 = ORIENTED_EDGE ( 'NONE', *, *, #4510, .F. ) ;
#468 = FACE_OUTER_BOUND ( 'NONE', #2492, .T. ) ;
#469 = CARTESIAN_POINT ( 'NONE',  ( 0.1437007874010360620, -0.01968503937783463650, -0.1787401574833235307 ) ) ;
#470 = VECTOR ( 'NONE', #4105, 39.37007874015748143 ) ;
#471 = DIRECTION ( 'NONE',  ( 0.000000000000000000, 1.000000000000000000, 0.000000000000000000 ) ) ;
#472 = DIRECTION ( 'NONE',  ( -0.000000000000000000, -1.000000000000000000, -0.000000000000000000 ) ) ;
#473 = CARTESIAN_POINT ( 'NONE',  ( 0.05968277509996062352, -0.04428298980637796617, -0.2131433025223228583 ) ) ;
#474 = VERTEX_POINT ( 'NONE', #4719 ) ;
#475 = VERTEX_POINT ( 'NONE', #6510 ) ;
#476 = ORIENTED_EDGE ( 'NONE', *, *, #7059, .T. ) ;
#477 = CARTESIAN_POINT ( 'NONE',  ( 0.02145669287926507685, 0.07480314960629921850, -0.2507874016797901340 ) ) ;
#478 = ORIENTED_EDGE ( 'NONE', *, *, #3340, .T. ) ;
#479 = EDGE_CURVE ( 'NONE', #11524, #10639, #9251, .T. ) ;
#480 = ORIENTED_EDGE ( 'NONE', *, *, #4038, .F. ) ;
#481 = DIRECTION ( 'NONE',  ( 0.000000000000000000, 1.000000000000000000, 0.000000000000000000 ) ) ;
#482 = CYLINDRICAL_SURFACE ( 'NONE', #11353, 0.005905511809751962105 ) ;
#483 = ADVANCED_FACE ( 'NONE', ( #725 ), #3907, .F. ) ;
#484 = CARTESIAN_POINT ( 'NONE',  ( 0.03348337688755905622, -0.07677165360236219704, -0.3090551181266535385 ) ) ;
#485 = EDGE_CURVE ( 'NONE', #5515, #6883, #11354, .T. ) ;
#486 = EDGE_CURVE ( 'NONE', #9303, #450, #6315, .T. ) ;
#487 = B_SPLINE_SURFACE_WITH_KNOTS ( 'NONE', 3, 3, ( 
 ( #3841, #2959, #5519, #10829 ),
 ( #9187, #8137, #2020, #1201 ),
 ( #2849, #220, #157, #9830 ),
 ( #5465, #3726, #10706, #9129 ),
 ( #4649, #7206, #103, #5579 ),
 ( #7152, #4538, #4712, #10767 ) ),
 .UNSPECIFIED., .F., .F., .F.,
 ( 4, 1, 1, 4 ),
 ( 4, 4 ),
 ( -0.1812913006470000254, 0.000000000000000000, 1.000000000000000000, 1.181291300646999831 ),
 ( -0.04194679082265000136, 1.041947040171999905 ),
 .UNSPECIFIED. ) ;
#488 = CARTESIAN_POINT ( 'NONE',  ( 0.02855386486917322816, -0.04676682493283464137, -0.1364307148736614295 ) ) ;
#489 = DIRECTION ( 'NONE',  ( -0.000000000000000000, -4.336808689942043768E-15, -1.000000000000000000 ) ) ;
#490 = DIRECTION ( 'NONE',  ( 0.000000000000000000, -1.000000000000000000, -1.239088197126291063E-15 ) ) ;
#491 = VERTEX_POINT ( 'NONE', #6567 ) ;
#492 = DIRECTION ( 'NONE',  ( 0.9993908270172987551, 0.000000000000000000, -0.03489949675395728063 ) ) ;
#493 = EDGE_LOOP ( 'NONE', ( #5384, #7647 ) ) ;
#494 = ORIENTED_EDGE ( 'NONE', *, *, #5921, .F. ) ;
#495 = VERTEX_POINT ( 'NONE', #4295 ) ;
#496 = ORIENTED_EDGE ( 'NONE', *, *, #6871, .F. ) ;
#497 = VECTOR ( 'NONE', #3970, 39.37007874015748143 ) ;
#498 = VERTEX_POINT ( 'NONE', #1264 ) ;
#499 = LINE ( 'NONE', #6795, #4735 ) ;
#500 = DIRECTION ( 'NONE',  ( -0.000000000000000000, -1.000000000000000000, -0.000000000000000000 ) ) ;
#501 = EDGE_CURVE ( 'NONE', #6247, #4153, #10410, .T. ) ;
#502 = CARTESIAN_POINT ( 'NONE',  ( 0.1841685624166350121, -0.08976377952756478540, -0.1708661417546349648 ) ) ;
#503 = CARTESIAN_POINT ( 'NONE',  ( 0.000000000000000000, -0.09842519685039372024, -0.3216535434330710097 ) ) ;
#504 = CARTESIAN_POINT ( 'NONE',  ( -0.05118110236220472370, -8.738097052277950697E-45, -0.3307086614173228023 ) ) ;
#505 = VERTEX_POINT ( 'NONE', #2090 ) ;
#506 = VECTOR ( 'NONE', #500, 39.37007874015748143 ) ;
#507 = VERTEX_POINT ( 'NONE', #10129 ) ;
#508 = ORIENTED_EDGE ( 'NONE', *, *, #8533, .F. ) ;
#509 = DIRECTION ( 'NONE',  ( 1.000000000000000000, 0.000000000000000000, 0.000000000000000000 ) ) ;
#510 = CARTESIAN_POINT ( 'NONE',  ( 0.1574803149606299191, 0.005905511811023612424, -0.3661417322834646382 ) ) ;
#511 = CARTESIAN_POINT ( 'NONE',  ( -0.1562992113779587133, -0.07755905511810456954, -0.1692913385826771144 ) ) ;
#512 = EDGE_CURVE ( 'NONE', #2089, #4632, #1548, .T. ) ;
#513 = DIRECTION ( 'NONE',  ( 0.000000000000000000, 0.000000000000000000, -1.000000000000000000 ) ) ;
#514 = VECTOR ( 'NONE', #7155, 39.37007874015748143 ) ;
#515 = CARTESIAN_POINT ( 'NONE',  ( 0.1850393700519079865, -0.09565988500000001393, -0.3267716535597243177 ) ) ;
#516 = DIRECTION ( 'NONE',  ( 1.000000000000000000, 0.000000000000000000, 0.000000000000000000 ) ) ;
#517 = CARTESIAN_POINT ( 'NONE',  ( 0.06763485913782306402, 0.02387208004035513975, -0.3034944021271093195 ) ) ;
#518 = DIRECTION ( 'NONE',  ( 0.000000000000000000, 0.000000000000000000, -1.000000000000000000 ) ) ;
#519 = LINE ( 'NONE', #1215, #5062 ) ;
#520 = ORIENTED_EDGE ( 'NONE', *, *, #512, .T. ) ;
#521 = LINE ( 'NONE', #4087, #1669 ) ;
#522 = EDGE_LOOP ( 'NONE', ( #6622, #11246, #5379, #11383 ) ) ;
#523 = VECTOR ( 'NONE', #8295, 39.37007874015748143 ) ;
#524 = EDGE_CURVE ( 'NONE', #7705, #10740, #10475, .T. ) ;
#525 = VERTEX_POINT ( 'NONE', #2143 ) ;
#526 = DIRECTION ( 'NONE',  ( 0.000000000000000000, -1.000000000000000000, 0.000000000000000000 ) ) ;
#527 = DIRECTION ( 'NONE',  ( 0.000000000000000000, -6.501850099240823255E-16, 1.000000000000000000 ) ) ;
#528 = EDGE_CURVE ( 'NONE', #3420, #9823, #669, .T. ) ;
#529 = CIRCLE ( 'NONE', #899, 0.02755905511811023237 ) ;
#530 = EDGE_CURVE ( 'NONE', #80, #6735, #1207, .T. ) ;
#531 = CYLINDRICAL_SURFACE ( 'NONE', #2077, 0.005905511847738189116 ) ;
#532 = PRESENTATION_STYLE_ASSIGNMENT (( #2165 ) ) ;
#533 = ORIENTED_EDGE ( 'NONE', *, *, #661, .T. ) ;
#534 = EDGE_LOOP ( 'NONE', ( #6211, #11095, #7325, #7775 ) ) ;
#535 = VERTEX_POINT ( 'NONE', #400 ) ;
#536 = CARTESIAN_POINT ( 'NONE',  ( -0.01377952755905511965, 0.06052866766823252614, -0.2480314960846457251 ) ) ;
#537 = CIRCLE ( 'NONE', #9090, 0.01476377952755905144 ) ;
#538 = VERTEX_POINT ( 'NONE', #5050 ) ;
#539 = VECTOR ( 'NONE', #7117, 39.37007874015748143 ) ;
#540 = ORIENTED_EDGE ( 'NONE', *, *, #131, .F. ) ;
#541 = DIRECTION ( 'NONE',  ( 0.000000000000000000, -1.000000000000000000, 0.000000000000000000 ) ) ;
#542 = CARTESIAN_POINT ( 'NONE',  ( 0.03382447258843701565, 0.09482928467724409394, -0.3208661417487008172 ) ) ;
#543 = FACE_OUTER_BOUND ( 'NONE', #6772, .T. ) ;
#544 = CARTESIAN_POINT ( 'NONE',  ( 0.09674015743486334695, -0.06824146981573793458, -0.2461414033320741823 ) ) ;
#545 = VECTOR ( 'NONE', #10046, 39.37007874015748143 ) ;
#546 = CARTESIAN_POINT ( 'NONE',  ( 0.03659659281847638806, -0.04569101482452756630, -0.1667152851210236542 ) ) ;
#547 = CARTESIAN_POINT ( 'NONE',  ( 0.1259842519684994666, -0.08740157480314611482, -0.2992125984252013149 ) ) ;
#548 = LINE ( 'NONE', #5908, #7791 ) ;
#549 = VERTEX_POINT ( 'NONE', #3967 ) ;
#550 = CARTESIAN_POINT ( 'NONE',  ( 0.09893791284051180190, -0.07874015748032887896, -0.1832059228473425505 ) ) ;
#551 = AXIS2_PLACEMENT_3D ( 'NONE', #9712, #4410, #2664 ) ;
#552 = VERTEX_POINT ( 'NONE', #4234 ) ;
#553 = ORIENTED_EDGE ( 'NONE', *, *, #8978, .F. ) ;
#554 = ORIENTED_EDGE ( 'NONE', *, *, #6223, .F. ) ;
#555 = VERTEX_POINT ( 'NONE', #8704 ) ;
#556 = EDGE_CURVE ( 'NONE', #11179, #6761, #375, .T. ) ;
#557 = EDGE_CURVE ( 'NONE', #3894, #10056, #7844, .T. ) ;
#558 = ORIENTED_EDGE ( 'NONE', *, *, #3646, .F. ) ;
#559 = DIRECTION ( 'NONE',  ( -0.000000000000000000, -0.000000000000000000, -1.000000000000000000 ) ) ;
#560 = CARTESIAN_POINT ( 'NONE',  ( 0.1841685623916141934, -0.1015748031496008508, -0.1196850393756693082 ) ) ;
#561 = CARTESIAN_POINT ( 'NONE',  ( 0.1063106044659845456, 0.02952755905511810289, -0.3105092798127088161 ) ) ;
#562 = DIRECTION ( 'NONE',  ( -0.000000000000000000, -1.000000000000000000, -0.000000000000000000 ) ) ;
#563 = DIRECTION ( 'NONE',  ( 0.03489949667906376563, 0.000000000000000000, 0.9993908270199142185 ) ) ;
#564 = ORIENTED_EDGE ( 'NONE', *, *, #2197, .T. ) ;
#565 = ORIENTED_EDGE ( 'NONE', *, *, #2982, .T. ) ;
#566 = AXIS2_PLACEMENT_3D ( 'NONE', #7766, #2482, #8640 ) ;
#567 = AXIS2_PLACEMENT_3D ( 'NONE', #7518, #527, #6820 ) ;
#568 = ADVANCED_FACE ( 'NONE', ( #10183 ), #3299, .T. ) ;
#569 = ORIENTED_EDGE ( 'NONE', *, *, #4668, .T. ) ;
#570 = ADVANCED_FACE ( 'NONE', ( #5975 ), #8313, .F. ) ;
#571 = CARTESIAN_POINT ( 'NONE',  ( -0.1850393700787397733, -0.1015748031496179343, -0.1496062992125984092 ) ) ;
#572 = AXIS2_PLACEMENT_3D ( 'NONE', #418, #9443, #2524 ) ;
#573 = DIRECTION ( 'NONE',  ( -0.9993908270172691122, 3.160050195438655285E-15, 0.03489949675480958496 ) ) ;
#574 = CARTESIAN_POINT ( 'NONE',  ( 0.07000512185574023216, -0.04446345212173019590, -0.2032482035049092695 ) ) ;
#575 = VECTOR ( 'NONE', #3616, 39.37007874015748143 ) ;
#576 = AXIS2_PLACEMENT_3D ( 'NONE', #3557, #10599, #2617 ) ;
#577 = CARTESIAN_POINT ( 'NONE',  ( 1.808041534174247599E-18, -0.09842519685037785793, -0.2706692913385827515 ) ) ;
#578 = DIRECTION ( 'NONE',  ( 0.9998476951559774895, 0.000000000000000000, 0.01745240646098231499 ) ) ;
#579 = CARTESIAN_POINT ( 'NONE',  ( -0.1574803149606299191, 0.01377952755905513700, -0.08937007874015752418 ) ) ;
#580 = PLANE ( 'NONE',  #4647 ) ;
#581 = CARTESIAN_POINT ( 'NONE',  ( 0.1089149778720866074, 0.07415588826964567004, -0.05787401574803149873 ) ) ;
#582 = FACE_OUTER_BOUND ( 'NONE', #7340, .T. ) ;
#583 = EDGE_CURVE ( 'NONE', #4955, #1180, #7773, .T. ) ;
#584 = EDGE_LOOP ( 'NONE', ( #2359, #10284, #6646, #9758 ) ) ;
#585 = CARTESIAN_POINT ( 'NONE',  ( 0.06763485913782306402, 0.02387208004035513975, -0.3034944021271093195 ) ) ;
#586 = VECTOR ( 'NONE', #10499, 39.37007874015748143 ) ;
#587 = ADVANCED_FACE ( 'NONE', ( #6029 ), #745, .T. ) ;
#588 = AXIS2_PLACEMENT_3D ( 'NONE', #296, #3867, #8333 ) ;
#589 = ORIENTED_EDGE ( 'NONE', *, *, #1228, .F. ) ;
#590 = LINE ( 'NONE', #3980, #4211 ) ;
#591 = CARTESIAN_POINT ( 'NONE',  ( 0.02828106883466818128, 0.06288841351295271220, -0.1586762190425951846 ) ) ;
#592 = VECTOR ( 'NONE', #8947, 39.37007874015748143 ) ;
#593 = CARTESIAN_POINT ( 'NONE',  ( 0.1833811608370637947, -0.08976377952756478540, -0.1496062992391349877 ) ) ;
#594 = VECTOR ( 'NONE', #1567, 39.37007874015748143 ) ;
#595 =( NAMED_UNIT ( * ) SI_UNIT ( $, .STERADIAN. ) SOLID_ANGLE_UNIT ( ) );
#596 = EDGE_CURVE ( 'NONE', #9761, #150, #7251, .T. ) ;
#597 = EDGE_LOOP ( 'NONE', ( #9718, #7703, #618, #2168, #9046, #1777, #9076, #9211, #2240, #11139, #4810, #11049, #1022, #10171, #10673, #7104, #10073, #6666, #8175, #10351, #10458, #9065, #8570 ) ) ;
#598 = ORIENTED_EDGE ( 'NONE', *, *, #6650, .T. ) ;
#599 = ORIENTED_EDGE ( 'NONE', *, *, #6083, .T. ) ;
#600 = EDGE_CURVE ( 'NONE', #7069, #9219, #10236, .T. ) ;
#601 = DIRECTION ( 'NONE',  ( 1.000000000000000000, 0.000000000000000000, -7.380767424530601004E-11 ) ) ;
#602 = ORIENTED_EDGE ( 'NONE', *, *, #4486, .F. ) ;
#603 = ORIENTED_EDGE ( 'NONE', *, *, #11512, .F. ) ;
#604 = FACE_OUTER_BOUND ( 'NONE', #7204, .T. ) ;
#605 = FACE_OUTER_BOUND ( 'NONE', #10548, .T. ) ;
#606 = CARTESIAN_POINT ( 'NONE',  ( 0.1437007874033179033, -0.08582677165360057259, -0.1062992125906605384 ) ) ;
#607 = DIRECTION ( 'NONE',  ( -3.614007241618349264E-16, 0.000000000000000000, 1.000000000000000000 ) ) ;
#608 = FACE_BOUND ( 'NONE', #7060, .T. ) ;
#609 = LINE ( 'NONE', #5044, #11432 ) ;
#610 = CARTESIAN_POINT ( 'NONE',  ( 0.1140298728718110027, -0.1015653968110177691, -0.2893700787565747778 ) ) ;
#611 = ORIENTED_EDGE ( 'NONE', *, *, #4337, .T. ) ;
#612 = LINE ( 'NONE', #7542, #2646 ) ;
#613 = ORIENTED_EDGE ( 'NONE', *, *, #7776, .F. ) ;
#614 = EDGE_CURVE ( 'NONE', #4825, #1218, #8939, .T. ) ;
#615 = ORIENTED_EDGE ( 'NONE', *, *, #9958, .T. ) ;
#616 = DIRECTION ( 'NONE',  ( 0.000000000000000000, 1.000000000000000000, 0.000000000000000000 ) ) ;
#617 = EDGE_LOOP ( 'NONE', ( #4857, #3020, #11538, #1294 ) ) ;
#618 = ORIENTED_EDGE ( 'NONE', *, *, #5079, .F. ) ;
#619 = DIRECTION ( 'NONE',  ( 0.000000000000000000, -1.000000000000000000, 0.000000000000000000 ) ) ;
#620 = CARTESIAN_POINT ( 'NONE',  ( 0.06728795439982054871, 0.06560468226801249858, -0.04390269122188981965 ) ) ;
#621 = DIRECTION ( 'NONE',  ( 0.01745240832994942454, 1.789987539689846883E-15, -0.9998476951233546961 ) ) ;
#622 = DIRECTION ( 'NONE',  ( -1.000000000000000000, -0.000000000000000000, -0.000000000000000000 ) ) ;
#623 = CARTESIAN_POINT ( 'NONE',  ( 0.02755905511811023931, 0.08897637795275592509, -0.3543307086614173596 ) ) ;
#624 = EDGE_CURVE ( 'NONE', #8411, #535, #2373, .T. ) ;
#625 = VERTEX_POINT ( 'NONE', #1776 ) ;
#626 = VERTEX_POINT ( 'NONE', #11402 ) ;
#627 = ORIENTED_EDGE ( 'NONE', *, *, #10734, .F. ) ;
#628 = VECTOR ( 'NONE', #3737, 39.37007874015748143 ) ;
#629 = CARTESIAN_POINT ( 'NONE',  ( -0.05118110236220473064, -0.02755905511811023237, -0.3307086614173109229 ) ) ;
#630 = CARTESIAN_POINT ( 'NONE',  ( -0.1503936897244094739, -0.02637795275590635105, -0.3149606299212597826 ) ) ;
#631 = CYLINDRICAL_SURFACE ( 'NONE', #10998, 0.01181102361548802375 ) ;
#632 = FACE_OUTER_BOUND ( 'NONE', #4306, .T. ) ;
#633 = ADVANCED_FACE ( 'NONE', ( #2711 ), #5446, .F. ) ;
#634 = CARTESIAN_POINT ( 'NONE',  ( 0.1092789300308661532, -0.07037070720027560622, -0.2397035981620078970 ) ) ;
#635 = DIRECTION ( 'NONE',  ( 0.000000000000000000, 1.000000000000000000, 0.000000000000000000 ) ) ;
#636 = ADVANCED_FACE ( 'NONE', ( #10583 ), #4571, .T. ) ;
#637 = CARTESIAN_POINT ( 'NONE',  ( -0.05118110236220472370, 0.01771653542830678787, -0.3484251968574438862 ) ) ;
#638 = ADVANCED_FACE ( 'NONE', ( #8993 ), #8766, .T. ) ;
#639 = CARTESIAN_POINT ( 'NONE',  ( 0.009187986411003937898, 0.07480314960629921850, -0.3665994151638188869 ) ) ;
#640 = CARTESIAN_POINT ( 'NONE',  ( -0.1555528904466535189, 0.06439282113409448838, -0.07524233518157480427 ) ) ;
#641 = ORIENTED_EDGE ( 'NONE', *, *, #7746, .F. ) ;
#642 = FACE_OUTER_BOUND ( 'NONE', #11098, .T. ) ;
#643 = ORIENTED_EDGE ( 'NONE', *, *, #2733, .F. ) ;
#644 = ORIENTED_EDGE ( 'NONE', *, *, #7036, .T. ) ;
#645 = DIRECTION ( 'NONE',  ( 0.000000000000000000, -1.000000000000000000, 0.000000000000000000 ) ) ;
#646 = CARTESIAN_POINT ( 'NONE',  ( 0.03612023719712932623, 0.06261210290795365951, -0.1669788117036544450 ) ) ;
#647 = VECTOR ( 'NONE', #223, 39.37007874015748143 ) ;
#648 = CARTESIAN_POINT ( 'NONE',  ( 0.04458124995335051993, -0.04517137866047812172, -0.1881436458276376233 ) ) ;
#649 = CARTESIAN_POINT ( 'NONE',  ( 0.1496062992125984370, 0.02952755905511811677, -0.07795275590551181688 ) ) ;
#650 = ADVANCED_FACE ( 'NONE', ( #7186 ), #9808, .F. ) ;
#651 = VERTEX_POINT ( 'NONE', #9705 ) ;
#652 = EDGE_LOOP ( 'NONE', ( #2040, #4461, #10022, #11514 ) ) ;
#653 = VERTEX_POINT ( 'NONE', #10640 ) ;
#654 = LINE ( 'NONE', #4219, #5016 ) ;
#655 = ORIENTED_EDGE ( 'NONE', *, *, #5720, .F. ) ;
#656 = ORIENTED_EDGE ( 'NONE', *, *, #5906, .F. ) ;
#657 = CARTESIAN_POINT ( 'NONE',  ( 0.09484722496681104176, -0.07525356054925197435, -0.2868630208174803853 ) ) ;
#658 = CARTESIAN_POINT ( 'NONE',  ( -0.07677165354330701963, 3.133938659235352413E-18, -0.2795275590551200562 ) ) ;
#659 = DIRECTION ( 'NONE',  ( 0.000000000000000000, 0.000000000000000000, -1.000000000000000000 ) ) ;
#660 = LINE ( 'NONE', #4226, #5402 ) ;
#661 = EDGE_CURVE ( 'NONE', #11210, #9590, #4459, .T. ) ;
#662 = CARTESIAN_POINT ( 'NONE',  ( 0.1082677165354446053, -0.07165354330709439168, -0.05787401577165354749 ) ) ;
#663 = CARTESIAN_POINT ( 'NONE',  ( 0.09993023138333394229, -0.07677165354330708902, -0.1547896376864726364 ) ) ;
#664 = DIRECTION ( 'NONE',  ( -0.000000000000000000, -1.000000000000000000, -0.000000000000000000 ) ) ;
#665 = VERTEX_POINT ( 'NONE', #4352 ) ;
#666 = LINE ( 'NONE', #1655, #4691 ) ;
#667 = ORIENTED_EDGE ( 'NONE', *, *, #1708, .T. ) ;
#668 = VECTOR ( 'NONE', #7999, 39.37007874015748143 ) ;
#669 = LINE ( 'NONE', #9468, #5404 ) ;
#670 = ORIENTED_EDGE ( 'NONE', *, *, #7977, .F. ) ;
#671 = VERTEX_POINT ( 'NONE', #7951 ) ;
#672 = VECTOR ( 'NONE', #816, 39.37007874015748143 ) ;
#673 = FACE_OUTER_BOUND ( 'NONE', #6935, .T. ) ;
#674 = DIRECTION ( 'NONE',  ( -0.000000000000000000, -0.000000000000000000, -1.000000000000000000 ) ) ;
#675 = EDGE_CURVE ( 'NONE', #626, #356, #1009, .T. ) ;
#676 = CARTESIAN_POINT ( 'NONE',  ( -0.1444881680708661187, -0.08582677165354336835, -0.3464566929133848228 ) ) ;
#677 = CARTESIAN_POINT ( 'NONE',  ( 0.1828857262945275675, -0.1020702376816141760, -0.1496062992403149605 ) ) ;
#678 = CARTESIAN_POINT ( 'NONE',  ( 0.09450677580039414105, 0.02952755905511810289, -0.3100970810321527771 ) ) ;
#679 = ORIENTED_EDGE ( 'NONE', *, *, #5540, .T. ) ;
#680 = ORIENTED_EDGE ( 'NONE', *, *, #8707, .F. ) ;
#681 = CIRCLE ( 'NONE', #6252, 0.007874015748031516770 ) ;
#682 = ORIENTED_EDGE ( 'NONE', *, *, #5724, .F. ) ;
#683 = ORIENTED_EDGE ( 'NONE', *, *, #9168, .T. ) ;
#684 = CARTESIAN_POINT ( 'NONE',  ( -0.1444881680708661464, 0.01456692913385828139, -0.2047244094488188948 ) ) ;
#685 = DIRECTION ( 'NONE',  ( 1.000000000000000000, 0.000000000000000000, 7.228014483236696555E-16 ) ) ;
#686 = CARTESIAN_POINT ( 'NONE',  ( 0.1841685620179550065, -0.09566929133858269318, -0.1275590551480643986 ) ) ;
#687 = VECTOR ( 'NONE', #3305, 39.37007874015748143 ) ;
#688 = DIRECTION ( 'NONE',  ( -0.000000000000000000, -1.000000000000000000, -0.000000000000000000 ) ) ;
#689 = DIRECTION ( 'NONE',  ( 0.000000000000000000, 1.000000000000000000, 0.000000000000000000 ) ) ;
#690 = CARTESIAN_POINT ( 'NONE',  ( -0.1929133858267716994, -0.08976377952755332235, -0.3346456692913385988 ) ) ;
#691 = CARTESIAN_POINT ( 'NONE',  ( -0.1602362192519684869, -0.08582677165354331283, -0.1692913385826751160 ) ) ;
#692 = LINE ( 'NONE', #1569, #11143 ) ;
#693 = LINE ( 'NONE', #2569, #3578 ) ;
#694 = ORIENTED_EDGE ( 'NONE', *, *, #9004, .T. ) ;
#695 = DIRECTION ( 'NONE',  ( 0.7071067811865469066, 0.000000000000000000, -0.7071067811865481278 ) ) ;
#696 = ADVANCED_FACE ( 'NONE', ( #2660 ), #3421, .F. ) ;
#697 = AXIS2_PLACEMENT_3D ( 'NONE', #3709, #3830, #9002 ) ;
#698 = EDGE_CURVE ( 'NONE', #1792, #1222, #11513, .T. ) ;
#699 = EDGE_CURVE ( 'NONE', #1587, #839, #1659, .T. ) ;
#700 = CARTESIAN_POINT ( 'NONE',  ( -0.03346456691589582561, -0.03543307087225061602, -0.3484251968250784981 ) ) ;
#701 = CYLINDRICAL_SURFACE ( 'NONE', #10802, 0.03937007874005776092 ) ;
#702 = CARTESIAN_POINT ( 'NONE',  ( 0.03348337688755975011, 0.08640325050859277989, -0.3208661417694845253 ) ) ;
#703 = DIRECTION ( 'NONE',  ( 0.000000000000000000, 0.000000000000000000, 1.000000000000000000 ) ) ;
#704 = AXIS2_PLACEMENT_3D ( 'NONE', #3092, #1444, #6630 ) ;
#705 = PRESENTATION_STYLE_ASSIGNMENT (( #4389 ) ) ;
#706 = VERTEX_POINT ( 'NONE', #9644 ) ;
#707 = ORIENTED_EDGE ( 'NONE', *, *, #1439, .F. ) ;
#708 = ORIENTED_EDGE ( 'NONE', *, *, #6914, .F. ) ;
#709 = PLANE ( 'NONE',  #4299 ) ;
#710 = ADVANCED_FACE ( 'NONE', ( #1290 ), #8118, .F. ) ;
#711 = VERTEX_POINT ( 'NONE', #3055 ) ;
#712 = EDGE_CURVE ( 'NONE', #4263, #6508, #8771, .T. ) ;
#713 = AXIS2_PLACEMENT_3D ( 'NONE', #7838, #8760, #11398 ) ;
#714 = ORIENTED_EDGE ( 'NONE', *, *, #291, .F. ) ;
#715 = DIRECTION ( 'NONE',  ( 1.334402673828313043E-15, 0.000000000000000000, 1.000000000000000000 ) ) ;
#716 = CARTESIAN_POINT ( 'NONE',  ( -0.1602362192519686812, -0.08976377952755917877, -0.3464566929133848228 ) ) ;
#717 = CARTESIAN_POINT ( 'NONE',  ( -0.1765747926968504189, -0.1015748031496063186, -0.1062992125984251746 ) ) ;
#718 = DIRECTION ( 'NONE',  ( 0.000000000000000000, 0.000000000000000000, 1.000000000000000000 ) ) ;
#719 = CARTESIAN_POINT ( 'NONE',  ( -0.003937007874015758385, 0.000000000000000000, -0.2795275590551348222 ) ) ;
#720 = CARTESIAN_POINT ( 'NONE',  ( 0.03366141732283462612, -0.09842519685039777255, -0.3216535433391732868 ) ) ;
#721 = EDGE_LOOP ( 'NONE', ( #8893, #7343, #8531, #2570 ) ) ;
#722 = CIRCLE ( 'NONE', #5367, 0.03149606299212599769 ) ;
#723 = EDGE_LOOP ( 'NONE', ( #644, #2024, #3249, #9571 ) ) ;
#724 = ADVANCED_FACE ( 'NONE', ( #10804 ), #3700, .F. ) ;
#725 = FACE_OUTER_BOUND ( 'NONE', #1889, .T. ) ;
#726 = AXIS2_PLACEMENT_3D ( 'NONE', #2544, #8878, #29 ) ;
#727 = EDGE_LOOP ( 'NONE', ( #5930, #7859, #1367, #9628 ) ) ;
#728 = EDGE_CURVE ( 'NONE', #7991, #9711, #1125, .T. ) ;
#729 = ORIENTED_EDGE ( 'NONE', *, *, #9476, .T. ) ;
#730 = VECTOR ( 'NONE', #2327, 39.37007874015748143 ) ;
#731 = DIRECTION ( 'NONE',  ( -0.000000000000000000, -0.000000000000000000, -1.000000000000000000 ) ) ;
#732 = LINE ( 'NONE', #5114, #687 ) ;
#733 = VECTOR ( 'NONE', #1779, 39.37007874015748143 ) ;
#734 = FACE_OUTER_BOUND ( 'NONE', #8259, .T. ) ;
#735 = CARTESIAN_POINT ( 'NONE',  ( 0.1151728783891717151, 0.06790529799865228922, -0.05672696343000683400 ) ) ;
#736 = LINE ( 'NONE', #9546, #4796 ) ;
#737 = ORIENTED_EDGE ( 'NONE', *, *, #5068, .T. ) ;
#738 = ORIENTED_EDGE ( 'NONE', *, *, #4932, .T. ) ;
#739 = EDGE_CURVE ( 'NONE', #7102, #2427, #2937, .T. ) ;
#740 = VERTEX_POINT ( 'NONE', #1945 ) ;
#741 = ORIENTED_EDGE ( 'NONE', *, *, #7, .F. ) ;
#742 = EDGE_CURVE ( 'NONE', #3439, #9926, #1064, .T. ) ;
#743 = AXIS2_PLACEMENT_3D ( 'NONE', #9692, #942, #6293 ) ;
#744 = EDGE_CURVE ( 'NONE', #10325, #3271, #11034, .T. ) ;
#745 = TOROIDAL_SURFACE ( 'NONE', #6695, 0.02755905511307072536, 0.01377952757024026274 ) ;
#746 = DIRECTION ( 'NONE',  ( -0.9993908270172656705, 8.349043018323282101E-13, 0.03489949675490471026 ) ) ;
#747 = DIRECTION ( 'NONE',  ( 0.000000000000000000, 0.000000000000000000, -1.000000000000000000 ) ) ;
#748 = PLANE ( 'NONE',  #576 ) ;
#749 = DIRECTION ( 'NONE',  ( -1.000000000000000000, 0.000000000000000000, 0.000000000000000000 ) ) ;
#750 = CARTESIAN_POINT ( 'NONE',  ( 0.1080423336918110433, 0.08218173082090553250, -0.2751150841587007845 ) ) ;
#751 = CARTESIAN_POINT ( 'NONE',  ( 0.02145669291338582821, 0.1102362204724409434, -0.3025590551181102650 ) ) ;
#752 = VECTOR ( 'NONE', #1650, 39.37007874015748854 ) ;
#753 = ORIENTED_EDGE ( 'NONE', *, *, #6383, .T. ) ;
#754 = CIRCLE ( 'NONE', #5041, 0.003937007874015758385 ) ;
#755 = AXIS2_PLACEMENT_3D ( 'NONE', #6228, #11374, #2576 ) ;
#756 = CARTESIAN_POINT ( 'NONE',  ( 0.1417322834645658725, -0.02215360887167446002, -0.3543307086555123608 ) ) ;
#757 = DIRECTION ( 'NONE',  ( 1.000000000000000000, 0.000000000000000000, 0.000000000000000000 ) ) ;
#758 = ORIENTED_EDGE ( 'NONE', *, *, #3393, .F. ) ;
#759 = DIRECTION ( 'NONE',  ( 0.000000000000000000, 0.4961389383569826395, 0.8682431421243741454 ) ) ;
#760 = EDGE_CURVE ( 'NONE', #3096, #34, #2884, .T. ) ;
#761 = AXIS2_PLACEMENT_3D ( 'NONE', #5295, #858, #4256 ) ;
#762 = AXIS2_PLACEMENT_3D ( 'NONE', #1086, #3664, #8086 ) ;
#763 = CARTESIAN_POINT ( 'NONE',  ( 0.03348337688755975011, 0.08070866141732122023, -0.2519685039534251825 ) ) ;
#764 = DIRECTION ( 'NONE',  ( 0.000000000000000000, 0.000000000000000000, -1.000000000000000000 ) ) ;
#765 = CARTESIAN_POINT ( 'NONE',  ( 0.07408915357882564501, 0.008625928917283476327, -0.3348826027177387865 ) ) ;
#766 = CYLINDRICAL_SURFACE ( 'NONE', #7656, 0.07677165354330710290 ) ;
#767 = LINE ( 'NONE', #4214, #4673 ) ;
#768 = AXIS2_PLACEMENT_3D ( 'NONE', #8420, #8470, #9464 ) ;
#769 = VERTEX_POINT ( 'NONE', #5499 ) ;
#770 = CIRCLE ( 'NONE', #8769, 0.007874015748008861282 ) ;
#771 = ORIENTED_EDGE ( 'NONE', *, *, #2114, .T. ) ;
#772 = TOROIDAL_SURFACE ( 'NONE', #1523, 0.0002500327787707238734, 0.01968503931262597165 ) ;
#773 = ORIENTED_EDGE ( 'NONE', *, *, #11177, .F. ) ;
#774 = DIRECTION ( 'NONE',  ( 0.000000000000000000, 0.000000000000000000, 1.000000000000000000 ) ) ;
#775 = ORIENTED_EDGE ( 'NONE', *, *, #8322, .F. ) ;
#776 = PLANE ( 'NONE',  #5872 ) ;
#777 = DIRECTION ( 'NONE',  ( 1.000000000000000000, 0.000000000000000000, 0.000000000000000000 ) ) ;
#778 = VECTOR ( 'NONE', #7987, 39.37007874015748143 ) ;
#779 = FILL_AREA_STYLE_COLOUR ( '', #1312 ) ;
#780 = DIRECTION ( 'NONE',  ( 0.000000000000000000, 0.000000000000000000, 1.000000000000000000 ) ) ;
#781 = B_SPLINE_CURVE_WITH_KNOTS ( 'NONE', 3,
 ( #3237, #2231, #6776, #5787, #5099, #4222, #7762, #9452, #1470, #11324 ),
 .UNSPECIFIED., .F., .F.,
 ( 4, 2, 2, 2, 4 ),
 ( 6.505213034913027567E-19, 0.0003289059673320150496, 0.0006578119346640294487, 0.0009867179019960438478, 0.001315623869328057596 ),
 .UNSPECIFIED. ) ;
#782 = DIRECTION ( 'NONE',  ( 7.577186451344536928E-11, 0.000000000000000000, 1.000000000000000000 ) ) ;
#783 = PLANE ( 'NONE',  #7319 ) ;
#784 = DIRECTION ( 'NONE',  ( -0.000000000000000000, -1.000000000000000000, -0.000000000000000000 ) ) ;
#785 = EDGE_CURVE ( 'NONE', #802, #10739, #10154, .T. ) ;
#786 = ORIENTED_EDGE ( 'NONE', *, *, #1151, .F. ) ;
#787 = ADVANCED_FACE ( 'NONE', ( #9165 ), #9107, .T. ) ;
#788 = ORIENTED_EDGE ( 'NONE', *, *, #6073, .T. ) ;
#789 = EDGE_LOOP ( 'NONE', ( #8603, #1453, #11498, #6288, #5051, #199, #3580, #5415 ) ) ;
#790 = CARTESIAN_POINT ( 'NONE',  ( 0.1432053528695669542, 0.03739374485823227651, -0.08267716535429132929 ) ) ;
#791 = ORIENTED_EDGE ( 'NONE', *, *, #100, .F. ) ;
#792 = EDGE_LOOP ( 'NONE', ( #4353, #4604, #4473, #8534 ) ) ;
#793 = FACE_OUTER_BOUND ( 'NONE', #10347, .T. ) ;
#794 = CARTESIAN_POINT ( 'NONE',  ( 0.03366141732283464694, 0.08897637795275589734, -0.3025590551181102650 ) ) ;
#795 = CARTESIAN_POINT ( 'NONE',  ( 0.01634046350957475344, 0.06340429970765661116, -0.1336994503477054175 ) ) ;
#796 = LINE ( 'NONE', #3372, #3760 ) ;
#797 = DIRECTION ( 'NONE',  ( 1.000000000000000000, 0.000000000000000000, 0.000000000000000000 ) ) ;
#798 = CARTESIAN_POINT ( 'NONE',  ( -0.1647637690748031403, -0.07755905511809889352, -0.1692913385826771699 ) ) ;
#799 = ORIENTED_EDGE ( 'NONE', *, *, #5870, .T. ) ;
#800 = EDGE_CURVE ( 'NONE', #4064, #3749, #1179, .T. ) ;
#801 = EDGE_LOOP ( 'NONE', ( #7355, #9378, #6770, #1723 ) ) ;
#802 = VERTEX_POINT ( 'NONE', #10919 ) ;
#803 = ORIENTED_EDGE ( 'NONE', *, *, #9755, .T. ) ;
#804 = CARTESIAN_POINT ( 'NONE',  ( 0.1024372485465679522, -0.07086614173229353886, -0.2522128723542559903 ) ) ;
#805 = CARTESIAN_POINT ( 'NONE',  ( 0.05326314172483379711, -0.04481741539584505052, -0.1964062323420314171 ) ) ;
#806 = CARTESIAN_POINT ( 'NONE',  ( 0.06394131299944882940, 0.06149477496889763778, -0.2124368575001181203 ) ) ;
#807 = DIRECTION ( 'NONE',  ( -1.000000000000000000, -0.000000000000000000, -0.000000000000000000 ) ) ;
#808 = LINE ( 'NONE', #3444, #149 ) ;
#809 = CARTESIAN_POINT ( 'NONE',  ( -0.02559055118110236532, 0.000000000000000000, -0.3425196850393700809 ) ) ;
#810 = ORIENTED_EDGE ( 'NONE', *, *, #1397, .T. ) ;
#811 = ADVANCED_FACE ( 'NONE', ( #8173 ), #3767, .F. ) ;
#812 = CARTESIAN_POINT ( 'NONE',  ( 0.02796478878080972674, -0.04675624386553446643, -0.1365422638000596545 ) ) ;
#813 = ORIENTED_EDGE ( 'NONE', *, *, #4994, .F. ) ;
#814 = DIRECTION ( 'NONE',  ( 0.000000000000000000, 1.000000000000000000, 0.000000000000000000 ) ) ;
#815 = AXIS2_PLACEMENT_3D ( 'NONE', #10343, #10989, #3948 ) ;
#816 = DIRECTION ( 'NONE',  ( -0.000000000000000000, -1.000000000000000000, -0.000000000000000000 ) ) ;
#817 = CYLINDRICAL_SURFACE ( 'NONE', #10439, 0.007874015748008143106 ) ;
#818 = CARTESIAN_POINT ( 'NONE',  ( -0.1850393700787401341, -0.08976377952755348888, -0.1062992125984251746 ) ) ;
#819 = CARTESIAN_POINT ( 'NONE',  ( -0.003937007874015747977, 0.02750640325641339271, -0.3430107094399212908 ) ) ;
#820 = EDGE_CURVE ( 'NONE', #7370, #10056, #3936, .T. ) ;
#821 = LENGTH_MEASURE_WITH_UNIT ( LENGTH_MEASURE( 0.02539999999999999897 ), #7934 );
#822 = ORIENTED_EDGE ( 'NONE', *, *, #7686, .T. ) ;
#823 = ORIENTED_EDGE ( 'NONE', *, *, #4210, .F. ) ;
#824 = DIRECTION ( 'NONE',  ( 0.000000000000000000, 1.000000000000000000, 0.000000000000000000 ) ) ;
#825 = VECTOR ( 'NONE', #10175, 39.37007874015748854 ) ;
#826 = AXIS2_PLACEMENT_3D ( 'NONE', #8127, #8294, #5393 ) ;
#827 = EDGE_LOOP ( 'NONE', ( #1878, #11315, #11471, #216 ) ) ;
#828 = CARTESIAN_POINT ( 'NONE',  ( 0.03612023721032056600, -0.04569806696263662565, -0.1669788117135948546 ) ) ;
#829 = CARTESIAN_POINT ( 'NONE',  ( 0.03991403192527556015, 0.07480314960629921850, -0.03937007880314961211 ) ) ;
#830 = DIRECTION ( 'NONE',  ( 0.000000000000000000, -1.000000000000000000, 0.000000000000000000 ) ) ;
#831 = LINE ( 'NONE', #11504, #5401 ) ;
#832 = FACE_OUTER_BOUND ( 'NONE', #8660, .T. ) ;
#833 = CARTESIAN_POINT ( 'NONE',  ( -0.1444881680708583194, 0.01456692913385732209, -0.07480314960629873278 ) ) ;
#834 = VERTEX_POINT ( 'NONE', #6596 ) ;
#835 = VERTEX_POINT ( 'NONE', #7477 ) ;
#836 = CARTESIAN_POINT ( 'NONE',  ( 0.1841685624166345958, -0.1015748031495957437, -0.1708661417546244454 ) ) ;
#837 = VERTEX_POINT ( 'NONE', #10863 ) ;
#838 = DIRECTION ( 'NONE',  ( 0.000000000000000000, 1.000000000000000000, 0.000000000000000000 ) ) ;
#839 = VERTEX_POINT ( 'NONE', #2171 ) ;
#840 = EDGE_CURVE ( 'NONE', #10335, #2993, #1303, .T. ) ;
#841 = ADVANCED_FACE ( 'NONE', ( #9984 ), #3876, .T. ) ;
#842 = EDGE_LOOP ( 'NONE', ( #3594, #9266, #823, #5323 ) ) ;
#843 = EDGE_CURVE ( 'NONE', #3284, #5362, #6671, .T. ) ;
#844 = CARTESIAN_POINT ( 'NONE',  ( 0.1833811608497169510, -0.08976377952755906775, -0.1496062992391199165 ) ) ;
#845 = DIRECTION ( 'NONE',  ( 0.000000000000000000, 0.000000000000000000, 1.000000000000000000 ) ) ;
#846 = CARTESIAN_POINT ( 'NONE',  ( 0.04813527560744915862, 0.06219741842520930264, -0.1834272944195035060 ) ) ;
#847 = DIRECTION ( 'NONE',  ( -0.9998476951559778225, 0.000000000000000000, -0.01745240646096819434 ) ) ;
#848 = FACE_OUTER_BOUND ( 'NONE', #996, .T. ) ;
#849 = AXIS2_PLACEMENT_3D ( 'NONE', #1590, #715, #4283 ) ;
#850 = LINE ( 'NONE', #798, #1454 ) ;
#851 = ORIENTED_EDGE ( 'NONE', *, *, #8048, .F. ) ;
#852 = ORIENTED_EDGE ( 'NONE', *, *, #600, .T. ) ;
#853 = VERTEX_POINT ( 'NONE', #1535 ) ;
#854 = ORIENTED_EDGE ( 'NONE', *, *, #3241, .F. ) ;
#855 = EDGE_CURVE ( 'NONE', #3405, #3688, #11262, .T. ) ;
#856 = DIRECTION ( 'NONE',  ( 0.000000000000000000, 1.000000000000000000, 0.000000000000000000 ) ) ;
#857 = DIRECTION ( 'NONE',  ( 0.9993908270173007535, 5.045081359918695292E-17, -0.03489949675390354583 ) ) ;
#858 = DIRECTION ( 'NONE',  ( 1.000000000000000000, 1.445602887658981243E-15, -5.300302987601647220E-11 ) ) ;
#859 = DIRECTION ( 'NONE',  ( -0.5773502694464545115, 0.5773502694464552887, -0.5773502686759673930 ) ) ;
#860 = DIRECTION ( 'NONE',  ( 0.000000000000000000, 0.000000000000000000, -1.000000000000000000 ) ) ;
#861 = ORIENTED_EDGE ( 'NONE', *, *, #10552, .T. ) ;
#862 = DIRECTION ( 'NONE',  ( 0.000000000000000000, -1.000000000000000000, 0.000000000000000000 ) ) ;
#863 = VERTEX_POINT ( 'NONE', #477 ) ;
#864 = CARTESIAN_POINT ( 'NONE',  ( 0.1555118110196181125, 0.07788995724649237784, -0.08715038016799860066 ) ) ;
#865 = ADVANCED_FACE ( 'NONE', ( #2287 ), #8513, .F. ) ;
#866 = ADVANCED_FACE ( 'NONE', ( #9575 ), #4858, .T. ) ;
#867 = CIRCLE ( 'NONE', #7378, 0.03051181118118235711 ) ;
#868 = CARTESIAN_POINT ( 'NONE',  ( 0.1141826319805777507, -0.09303521308398948753, -0.3208657712979153809 ) ) ;
#869 = CARTESIAN_POINT ( 'NONE',  ( 0.09056058562771611420, -0.05905511811023620578, -0.3435039370242913281 ) ) ;
#870 = CARTESIAN_POINT ( 'NONE',  ( 0.001968503929934587154, -0.05539861134328333964, -0.2480314960629919352 ) ) ;
#871 = PLANE ( 'NONE',  #9710 ) ;
#872 = CARTESIAN_POINT ( 'NONE',  ( -0.1850393700787401341, -0.08976377952755339173, -0.3464566929133858775 ) ) ;
#873 = ORIENTED_EDGE ( 'NONE', *, *, #7490, .T. ) ;
#874 = AXIS2_PLACEMENT_3D ( 'NONE', #4885, #8427, #2250 ) ;
#875 = ORIENTED_EDGE ( 'NONE', *, *, #8351, .F. ) ;
#876 = ORIENTED_EDGE ( 'NONE', *, *, #3555, .T. ) ;
#877 = CYLINDRICAL_SURFACE ( 'NONE', #6295, 0.01968503937007873988 ) ;
#878 = ADVANCED_FACE ( 'NONE', ( #6771 ), #9395, .T. ) ;
#879 = ADVANCED_FACE ( 'NONE', ( #7649 ), #426, .F. ) ;
#880 = EDGE_LOOP ( 'NONE', ( #2786, #10512, #7840, #5729 ) ) ;
#881 = CARTESIAN_POINT ( 'NONE',  ( -0.1935669291582677587, -0.08976377952755906775, -0.3512598425196851171 ) ) ;
#882 = CARTESIAN_POINT ( 'NONE',  ( 0.06595898913165354482, -0.04724409448818896184, -0.3208661417487007617 ) ) ;
#883 = VECTOR ( 'NONE', #8683, 39.37007874015748143 ) ;
#884 = CARTESIAN_POINT ( 'NONE',  ( -0.1929133858267716994, -0.08927275512700789950, -0.2903937007874016207 ) ) ;
#885 = LINE ( 'NONE', #8988, #8745 ) ;
#886 = AXIS2_PLACEMENT_3D ( 'NONE', #6621, #10179, #8430 ) ;
#887 = DIRECTION ( 'NONE',  ( -1.000000000000000000, 0.000000000000000000, 0.000000000000000000 ) ) ;
#888 = ORIENTED_EDGE ( 'NONE', *, *, #6466, .T. ) ;
#889 = ORIENTED_EDGE ( 'NONE', *, *, #10827, .F. ) ;
#890 = DIRECTION ( 'NONE',  ( -1.000000000000000000, -0.000000000000000000, -0.000000000000000000 ) ) ;
#891 = ORIENTED_EDGE ( 'NONE', *, *, #6697, .T. ) ;
#892 = CARTESIAN_POINT ( 'NONE',  ( 0.1018251591327753308, 0.06637841100943030204, -0.02894653548687038322 ) ) ;
#893 = ORIENTED_EDGE ( 'NONE', *, *, #9964, .T. ) ;
#894 = CIRCLE ( 'NONE', #7588, 0.009842519659826774042 ) ;
#895 = ORIENTED_EDGE ( 'NONE', *, *, #7513, .T. ) ;
#896 = CARTESIAN_POINT ( 'NONE',  ( 0.1515795054111811202, -0.08975437318897638850, -0.3464566929298031894 ) ) ;
#897 = CARTESIAN_POINT ( 'NONE',  ( 0.02757786507653543773, 0.09448818897636880598, -0.3208661417487008172 ) ) ;
#898 = DIRECTION ( 'NONE',  ( 0.000000000000000000, 1.000000000000000000, 0.000000000000000000 ) ) ;
#899 = AXIS2_PLACEMENT_3D ( 'NONE', #4927, #1415, #490 ) ;
#900 = DIRECTION ( 'NONE',  ( 1.000000000000000000, 0.000000000000000000, 0.000000000000000000 ) ) ;
#901 = CARTESIAN_POINT ( 'NONE',  ( 0.1152200476295946463, 0.06754485889542129196, -0.05537621311385711870 ) ) ;
#902 = LINE ( 'NONE', #3715, #9081 ) ;
#903 = VERTEX_POINT ( 'NONE', #10392 ) ;
#904 = VECTOR ( 'NONE', #5620, 39.37007874015748143 ) ;
#905 = ORIENTED_EDGE ( 'NONE', *, *, #10210, .T. ) ;
#906 = EDGE_CURVE ( 'NONE', #357, #267, #4162, .T. ) ;
#907 = ADVANCED_FACE ( 'NONE', ( #1404 ), #8407, .F. ) ;
#908 = ORIENTED_EDGE ( 'NONE', *, *, #5954, .T. ) ;
#909 = VECTOR ( 'NONE', #9431, 39.37007874015748143 ) ;
#910 = VECTOR ( 'NONE', #3942, 39.37007874015748143 ) ;
#911 = LINE ( 'NONE', #7795, #10728 ) ;
#912 = CARTESIAN_POINT ( 'NONE',  ( 0.05161178784433070876, 0.06220515813925197451, -0.1780348086174802780 ) ) ;
#913 = DIRECTION ( 'NONE',  ( 0.000000000000000000, -0.5999999999970574427, 0.8000000000022068347 ) ) ;
#914 = CARTESIAN_POINT ( 'NONE',  ( 0.02167235326551181229, 0.08858267716535432601, -0.3090551181266535385 ) ) ;
#915 = CARTESIAN_POINT ( 'NONE',  ( 0.06761941456196851608, 0.02336201313700787124, -0.3026095822190551510 ) ) ;
#916 = EDGE_LOOP ( 'NONE', ( #679, #7902, #611, #1181 ) ) ;
#917 = CIRCLE ( 'NONE', #11540, 0.007874015746530824839 ) ;
#918 = CARTESIAN_POINT ( 'NONE',  ( -0.003937007874015767059, 0.000000000000000000, -0.2480314960629760035 ) ) ;
#919 = EDGE_CURVE ( 'NONE', #10691, #3434, #2405, .T. ) ;
#920 = EDGE_CURVE ( 'NONE', #8135, #11127, #654, .T. ) ;
#921 = EDGE_LOOP ( 'NONE', ( #5459, #6858, #2277, #8120 ) ) ;
#922 = EDGE_CURVE ( 'NONE', #11274, #11526, #7758, .T. ) ;
#923 = AXIS2_PLACEMENT_3D ( 'NONE', #5664, #8331, #7293 ) ;
#924 = CARTESIAN_POINT ( 'NONE',  ( 0.03405854647344882385, 0.06260654911531494948, -0.1701461790509448679 ) ) ;
#925 = ORIENTED_EDGE ( 'NONE', *, *, #6764, .F. ) ;
#926 = AXIS2_PLACEMENT_3D ( 'NONE', #6642, #7521, #8278 ) ;
#927 = CARTESIAN_POINT ( 'NONE',  ( -0.06889763780840552077, 1.673258336765148506E-11, -0.3484251968898058882 ) ) ;
#928 = DIRECTION ( 'NONE',  ( 0.000000000000000000, 1.000000000000000000, 0.000000000000000000 ) ) ;
#929 = VECTOR ( 'NONE', #3573, 39.37007874015748143 ) ;
#930 = CARTESIAN_POINT ( 'NONE',  ( 0.1082677165354448551, -0.06496062992126462599, -0.2874015748031493178 ) ) ;
#931 = EDGE_CURVE ( 'NONE', #4632, #9591, #9308, .T. ) ;
#932 = DIRECTION ( 'NONE',  ( 0.000000000000000000, -0.000000000000000000, 1.000000000000000000 ) ) ;
#933 = DIRECTION ( 'NONE',  ( 0.000000000000000000, 0.000000000000000000, 1.000000000000000000 ) ) ;
#934 = ORIENTED_EDGE ( 'NONE', *, *, #1739, .F. ) ;
#935 = EDGE_CURVE ( 'NONE', #5233, #7530, #11142, .T. ) ;
#936 = VERTEX_POINT ( 'NONE', #2226 ) ;
#937 = AXIS2_PLACEMENT_3D ( 'NONE', #5429, #8979, #992 ) ;
#938 = AXIS2_PLACEMENT_3D ( 'NONE', #6546, #6725, #8291 ) ;
#939 = CIRCLE ( 'NONE', #762, 0.01968503937007874682 ) ;
#940 = VERTEX_POINT ( 'NONE', #5783 ) ;
#941 = CARTESIAN_POINT ( 'NONE',  ( 0.1107417415062401655, -0.07086614173229674463, -0.1836181216241142000 ) ) ;
#942 = DIRECTION ( 'NONE',  ( 0.000000000000000000, -0.000000000000000000, 1.000000000000000000 ) ) ;
#943 = EDGE_CURVE ( 'NONE', #9354, #5619, #3900, .T. ) ;
#944 = PLANE ( 'NONE',  #8956 ) ;
#946 = PLANE ( 'NONE',  #1695 ) ;
#945 = VECTOR ( 'NONE', #4531, 39.37007874015748143 ) ;
#947 = AXIS2_PLACEMENT_3D ( 'NONE', #7374, #10942, #2960 ) ;
#948 = CIRCLE ( 'NONE', #5969, 0.005118110236220486248 ) ;
#949 = PLANE ( 'NONE',  #5591 ) ;
#950 = CARTESIAN_POINT ( 'NONE',  ( 0.04135739263559055218, -0.03937007874015747977, -0.3208661417487008172 ) ) ;
#951 = ORIENTED_EDGE ( 'NONE', *, *, #4309, .T. ) ;
#952 = ORIENTED_EDGE ( 'NONE', *, *, #7085, .F. ) ;
#953 = ADVANCED_FACE ( 'NONE', ( #4969 ), #8459, .T. ) ;
#954 = ORIENTED_EDGE ( 'NONE', *, *, #5205, .F. ) ;
#955 = DIRECTION ( 'NONE',  ( 0.000000000000000000, 0.000000000000000000, -1.000000000000000000 ) ) ;
#956 = ORIENTED_EDGE ( 'NONE', *, *, #10423, .T. ) ;
#957 = CIRCLE ( 'NONE', #7098, 0.01476377952755910349 ) ;
#958 = CIRCLE ( 'NONE', #4867, 0.007874015748031449116 ) ;
#959 = ORIENTED_EDGE ( 'NONE', *, *, #9509, .T. ) ;
#960 = FACE_OUTER_BOUND ( 'NONE', #2315, .T. ) ;
#961 = DIRECTION ( 'NONE',  ( 0.000000000000000000, 0.000000000000000000, 1.000000000000000000 ) ) ;
#962 = CARTESIAN_POINT ( 'NONE',  ( 0.09893791284051178803, -0.07086614173229674463, -0.1832059228473425505 ) ) ;
#963 = CIRCLE ( 'NONE', #1333, 0.01968503931262600287 ) ;
#964 = CARTESIAN_POINT ( 'NONE',  ( 0.1141806282618756385, -0.08975437318897765138, -0.3208660471387583257 ) ) ;
#965 = FACE_OUTER_BOUND ( 'NONE', #9825, .T. ) ;
#966 = LINE ( 'NONE', #5455, #11130 ) ;
#967 = VERTEX_POINT ( 'NONE', #536 ) ;
#968 = LINE ( 'NONE', #5635, #6165 ) ;
#969 = EDGE_CURVE ( 'NONE', #4742, #5369, #11208, .T. ) ;
#970 = EDGE_LOOP ( 'NONE', ( #10920, #5328, #6222, #4335, #11044, #7472, #5456, #9903, #3232 ) ) ;
#971 = ORIENTED_EDGE ( 'NONE', *, *, #1049, .T. ) ;
#972 = UNCERTAINTY_MEASURE_WITH_UNIT (LENGTH_MEASURE( 1.000000000000000082E-05 ), #3360, 'distance_accuracy_value', 'NONE');
#973 = EDGE_LOOP ( 'NONE', ( #9390, #6497, #6823, #7998 ) ) ;
#974 = ORIENTED_EDGE ( 'NONE', *, *, #3217, .F. ) ;
#975 = PLANE ( 'NONE',  #4050 ) ;
#976 = DIRECTION ( 'NONE',  ( 0.000000000000000000, 0.000000000000000000, -1.000000000000000000 ) ) ;
#977 = CARTESIAN_POINT ( 'NONE',  ( 0.02559055118110236879, 0.000000000000000000, -0.2480314960629919352 ) ) ;
#978 = CARTESIAN_POINT ( 'NONE',  ( 0.06398279829425197740, 0.06559938252228346423, -0.04185606441633858699 ) ) ;
#979 = CARTESIAN_POINT ( 'NONE',  ( 0.1082677165354330728, 0.08070866140944882305, -0.1929133858267716994 ) ) ;
#980 = ORIENTED_EDGE ( 'NONE', *, *, #1739, .T. ) ;
#981 = FACE_OUTER_BOUND ( 'NONE', #2855, .T. ) ;
#982 = VERTEX_POINT ( 'NONE', #10676 ) ;
#983 = CARTESIAN_POINT ( 'NONE',  ( -0.06181102240157478750, 0.06417322834645669549, -0.3307086614173168626 ) ) ;
#984 = LINE ( 'NONE', #9198, #10318 ) ;
#985 = EDGE_CURVE ( 'NONE', #1400, #2899, #4392, .T. ) ;
#986 = EDGE_CURVE ( 'NONE', #10214, #9646, #10215, .T. ) ;
#987 = CARTESIAN_POINT ( 'NONE',  ( 0.1574803149606299191, -0.09842519685039370636, -1.920830620545185230E-17 ) ) ;
#988 = CARTESIAN_POINT ( 'NONE',  ( 0.1639346750171653544, 0.01536190468503936812, -0.1062992125915944996 ) ) ;
#989 = EDGE_CURVE ( 'NONE', #625, #4177, #7055, .T. ) ;
#990 = LINE ( 'NONE', #3511, #6641 ) ;
#991 = DIRECTION ( 'NONE',  ( 0.000000000000000000, 0.000000000000000000, 1.000000000000000000 ) ) ;
#992 = DIRECTION ( 'NONE',  ( 0.000000000000000000, 0.000000000000000000, 1.000000000000000000 ) ) ;
#993 = VECTOR ( 'NONE', #5271, 39.37007874015748143 ) ;
#994 = EDGE_LOOP ( 'NONE', ( #694, #7524, #276, #6434 ) ) ;
#995 = FACE_OUTER_BOUND ( 'NONE', #6826, .T. ) ;
#996 = EDGE_LOOP ( 'NONE', ( #6580, #5882, #11349, #3716 ) ) ;
#997 = DIRECTION ( 'NONE',  ( 0.000000000000000000, -1.000000000000000000, 0.000000000000000000 ) ) ;
#998 = CARTESIAN_POINT ( 'NONE',  ( 0.1496062992106102496, 0.07874015748031418238, -0.1023622047244113625 ) ) ;
#999 = EDGE_CURVE ( 'NONE', #5277, #1400, #2696, .T. ) ;
#1000 = CARTESIAN_POINT ( 'NONE',  ( -0.1562992113779646530, -0.06181102362204724671, -0.3228346456692913202 ) ) ;
#1001 = CARTESIAN_POINT ( 'NONE',  ( 0.09448818897636361569, -0.06633858267716535861, -0.05787401574803149873 ) ) ;
#1002 = DIRECTION ( 'NONE',  ( 0.000000000000000000, 0.000000000000000000, 1.000000000000000000 ) ) ;
#1003 = LINE ( 'NONE', #2758, #90 ) ;
#1004 = ORIENTED_EDGE ( 'NONE', *, *, #3329, .F. ) ;
#1005 = VERTEX_POINT ( 'NONE', #6234 ) ;
#1006 = ORIENTED_EDGE ( 'NONE', *, *, #7222, .F. ) ;
#1007 = AXIS2_PLACEMENT_3D ( 'NONE', #7434, #8477, #2249 ) ;
#1008 = VECTOR ( 'NONE', #2851, 39.37007874015748143 ) ;
#1009 = LINE ( 'NONE', #10742, #3156 ) ;
#1010 = VERTEX_POINT ( 'NONE', #1709 ) ;
#1011 = VERTEX_POINT ( 'NONE', #8690 ) ;
#1012 = EDGE_LOOP ( 'NONE', ( #7115, #3155, #1999, #4505 ) ) ;
#1013 = LINE ( 'NONE', #10428, #2604 ) ;
#1014 = LINE ( 'NONE', #7080, #8174 ) ;
#1015 = ADVANCED_FACE ( 'NONE', ( #1816 ), #709, .T. ) ;
#1016 = LINE ( 'NONE', #4465, #8589 ) ;
#1017 = DIRECTION ( 'NONE',  ( -0.000000000000000000, -0.000000000000000000, -1.000000000000000000 ) ) ;
#1018 = VECTOR ( 'NONE', #8585, 39.37007874015748143 ) ;
#1019 = LINE ( 'NONE', #4581, #8390 ) ;
#1020 = CARTESIAN_POINT ( 'NONE',  ( 0.1244200889829527867, -0.08515109548066929213, -0.3677165354330708680 ) ) ;
#1021 = CARTESIAN_POINT ( 'NONE',  ( 0.05168930137632980065, 0.06219741842124026920, -0.1787109429182702769 ) ) ;
#1022 = ORIENTED_EDGE ( 'NONE', *, *, #8213, .F. ) ;
#1023 = DIRECTION ( 'NONE',  ( -0.000000000000000000, -1.000000000000000000, -0.000000000000000000 ) ) ;
#1024 = ORIENTED_EDGE ( 'NONE', *, *, #6342, .F. ) ;
#1025 = ORIENTED_EDGE ( 'NONE', *, *, #6816, .F. ) ;
#1026 = VERTEX_POINT ( 'NONE', #2643 ) ;
#1027 = EDGE_CURVE ( 'NONE', #2075, #3436, #8808, .T. ) ;
#1028 = AXIS2_PLACEMENT_3D ( 'NONE', #5022, #4960, #10200 ) ;
#1029 = DIRECTION ( 'NONE',  ( 0.000000000000000000, -1.000000000000000000, 0.000000000000000000 ) ) ;
#1030 = LINE ( 'NONE', #4592, #4856 ) ;
#1031 = DIRECTION ( 'NONE',  ( -1.000000000000000000, 0.000000000000000000, 0.000000000000000000 ) ) ;
#1032 = CARTESIAN_POINT ( 'NONE',  ( 0.06584771735165355355, 0.06547953405492128176, -0.04860312089925196422 ) ) ;
#1033 = DIRECTION ( 'NONE',  ( 1.000000000000000000, 0.000000000000000000, 0.000000000000000000 ) ) ;
#1034 = ORIENTED_EDGE ( 'NONE', *, *, #8250, .F. ) ;
#1035 = CARTESIAN_POINT ( 'NONE',  ( 0.1408815756636023764, -0.1015653968110223904, -0.3661417322998818391 ) ) ;
#1036 = ORIENTED_EDGE ( 'NONE', *, *, #4419, .T. ) ;
#1037 = LINE ( 'NONE', #3675, #10052 ) ;
#1038 = CARTESIAN_POINT ( 'NONE',  ( -0.1602362192519684869, -0.08582677165354331283, -0.2834645669291338543 ) ) ;
#1039 = CARTESIAN_POINT ( 'NONE',  ( -0.1481623191240157844, 0.01275590551181102726, -0.05925104480062992618 ) ) ;
#1040 = LINE ( 'NONE', #3037, #6151 ) ;
#1041 = CIRCLE ( 'NONE', #11296, 0.01673228346453284332 ) ;
#1042 = DIRECTION ( 'NONE',  ( 0.9993908270173007535, 0.000000000000000000, -0.03489949675390513484 ) ) ;
#1043 = CARTESIAN_POINT ( 'NONE',  ( 0.1107417415062401655, -0.07874015748032887896, -0.1836181216241142555 ) ) ;
#1044 = CARTESIAN_POINT ( 'NONE',  ( 0.1033690497234405203, -0.05212857075900691889, -0.05631476465323494163 ) ) ;
#1045 = DIRECTION ( 'NONE',  ( 0.9998476951559774895, 0.000000000000000000, 0.01745240646098231499 ) ) ;
#1046 = EDGE_CURVE ( 'NONE', #9045, #8248, #7823, .T. ) ;
#1047 = ORIENTED_EDGE ( 'NONE', *, *, #8483, .F. ) ;
#1048 = VERTEX_POINT ( 'NONE', #4278 ) ;
#1049 = EDGE_CURVE ( 'NONE', #2897, #99, #6129, .T. ) ;
#1050 = ADVANCED_FACE ( 'NONE', ( #4446 ), #877, .T. ) ;
#1051 = AXIS2_PLACEMENT_3D ( 'NONE', #2616, #5996, #747 ) ;
#1052 = ORIENTED_EDGE ( 'NONE', *, *, #4046, .T. ) ;
#1053 = FACE_OUTER_BOUND ( 'NONE', #8937, .T. ) ;
#1054 = DIRECTION ( 'NONE',  ( -0.9993908270173007535, 0.000000000000000000, 0.03489949675390380951 ) ) ;
#1055 = PLANE ( 'NONE',  #3205 ) ;
#1056 = LINE ( 'NONE', #8003, #6517 ) ;
#1057 = CIRCLE ( 'NONE', #11112, 0.04724409448818897572 ) ;
#1058 = CARTESIAN_POINT ( 'NONE',  ( 0.02167235326551111840, -0.06889763779527560694, -0.2598425197014566645 ) ) ;
#1059 = LINE ( 'NONE', #7127, #5122 ) ;
#1060 = ORIENTED_EDGE ( 'NONE', *, *, #5828, .F. ) ;
#1061 = EDGE_LOOP ( 'NONE', ( #8882, #5538, #5884, #1572, #11525, #5015, #3965, #4406, #9759, #1613, #4970, #3366 ) ) ;
#1062 = ORIENTED_EDGE ( 'NONE', *, *, #3988, .T. ) ;
#1063 = EDGE_CURVE ( 'NONE', #1499, #4263, #2529, .T. ) ;
#1064 = LINE ( 'NONE', #6368, #4270 ) ;
#1065 = VERTEX_POINT ( 'NONE', #13 ) ;
#1066 = CIRCLE ( 'NONE', #9822, 0.007874015748031516770 ) ;
#1067 = EDGE_LOOP ( 'NONE', ( #3631, #708, #1170, #5743, #8090, #9798, #11260, #7950, #7241, #7019 ) ) ;
#1068 = FACE_OUTER_BOUND ( 'NONE', #1248, .T. ) ;
#1069 = FACE_OUTER_BOUND ( 'NONE', #5645, .T. ) ;
#1070 = AXIS2_PLACEMENT_3D ( 'NONE', #3560, #6171, #860 ) ;
#1071 = LINE ( 'NONE', #141, #191 ) ;
#1072 = LINE ( 'NONE', #9882, #9442 ) ;
#1073 = DIRECTION ( 'NONE',  ( 0.000000000000000000, -1.000000000000000000, -1.239088197126291063E-15 ) ) ;
#1074 = PLANE ( 'NONE',  #4190 ) ;
#1075 = CARTESIAN_POINT ( 'NONE',  ( 0.1437007874012204978, -0.08914248420287403107, -0.07810747010377952493 ) ) ;
#1076 = ORIENTED_EDGE ( 'NONE', *, *, #70, .F. ) ;
#1077 = CARTESIAN_POINT ( 'NONE',  ( -0.05118110236220473064, 0.000000000000000000, -0.01968503937008575164 ) ) ;
#1078 = AXIS2_PLACEMENT_3D ( 'NONE', #6865, #10433, #11064 ) ;
#1079 = ORIENTED_EDGE ( 'NONE', *, *, #3879, .T. ) ;
#1080 = EDGE_CURVE ( 'NONE', #5661, #11210, #9278, .T. ) ;
#1081 = ORIENTED_EDGE ( 'NONE', *, *, #8456, .F. ) ;
#1082 = AXIS2_PLACEMENT_3D ( 'NONE', #2610, #8657, #10535 ) ;
#1083 = EDGE_LOOP ( 'NONE', ( #4409, #11485, #5955 ) ) ;
#1084 = AXIS2_PLACEMENT_3D ( 'NONE', #177, #1166, #3915 ) ;
#1085 = FACE_OUTER_BOUND ( 'NONE', #5280, .T. ) ;
#1086 = CARTESIAN_POINT ( 'NONE',  ( -0.05118110236220473064, 0.000000000000000000, -0.2401574803149604254 ) ) ;
#1087 = CARTESIAN_POINT ( 'NONE',  ( 0.1091740103483846563, 0.06682257791337899155, -0.05323040982558718826 ) ) ;
#1088 = LINE ( 'NONE', #10886, #647 ) ;
#1089 = CARTESIAN_POINT ( 'NONE',  ( 0.1033003499268015657, -0.05616280334645668698, -0.05828206942934049950 ) ) ;
#1090 = EDGE_CURVE ( 'NONE', #7136, #3818, #4336, .T. ) ;
#1091 = VERTEX_POINT ( 'NONE', #3463 ) ;
#1092 = LINE ( 'NONE', #9904, #1466 ) ;
#1093 = ORIENTED_EDGE ( 'NONE', *, *, #7666, .F. ) ;
#1094 = EDGE_CURVE ( 'NONE', #6275, #30, #7001, .T. ) ;
#1095 = AXIS2_PLACEMENT_3D ( 'NONE', #11541, #4322, #10773 ) ;
#1096 = CARTESIAN_POINT ( 'NONE',  ( 0.01657898937022047811, 0.06302867711248030802, -0.1559039764654724380 ) ) ;
#1097 = AXIS2_PLACEMENT_3D ( 'NONE', #7527, #11084, #3109 ) ;
#1098 = FACE_OUTER_BOUND ( 'NONE', #8572, .T. ) ;
#1099 = CARTESIAN_POINT ( 'NONE',  ( 0.1082677165354330728, 0.08070866141149490858, -0.3543307086771653736 ) ) ;
#1100 = CARTESIAN_POINT ( 'NONE',  ( -0.05118110236220473064, 0.000000000000000000, -0.2795275590551180578 ) ) ;
#1101 = CIRCLE ( 'NONE', #9105, 0.003937007874015758385 ) ;
#1102 = CARTESIAN_POINT ( 'NONE',  ( 0.1033982491902355472, -0.05176831445889288480, -0.05547860132563004615 ) ) ;
#1103 = DIRECTION ( 'NONE',  ( 0.000000000000000000, 1.000000000000000000, 0.000000000000000000 ) ) ;
#1104 = AXIS2_PLACEMENT_3D ( 'NONE', #3323, #5011, #1385 ) ;
#1105 = PLANE ( 'NONE',  #2773 ) ;
#1106 = CARTESIAN_POINT ( 'NONE',  ( 0.1140298728718110027, -0.1015653968110138694, -0.2893700787565747778 ) ) ;
#1107 = AXIS2_PLACEMENT_3D ( 'NONE', #8445, #6758, #9323 ) ;
#1108 = ORIENTED_EDGE ( 'NONE', *, *, #6356, .F. ) ;
#1109 = EDGE_CURVE ( 'NONE', #10639, #7949, #351, .T. ) ;
#1110 = DIRECTION ( 'NONE',  ( 0.000000000000000000, -1.000000000000000000, 0.000000000000000000 ) ) ;
#1111 = CIRCLE ( 'NONE', #10050, 0.007874015748031551465 ) ;
#1112 = ORIENTED_EDGE ( 'NONE', *, *, #10193, .T. ) ;
#1113 = CARTESIAN_POINT ( 'NONE',  ( 0.1114511039427558969, 0.06760989281952756169, -0.05562048647259841549 ) ) ;
#1114 = LINE ( 'NONE', #349, #7431 ) ;
#1115 = DIRECTION ( 'NONE',  ( 0.000000000000000000, -6.501850099240823255E-16, 1.000000000000000000 ) ) ;
#1116 = LINE ( 'NONE', #1001, #2804 ) ;
#1117 = FACE_OUTER_BOUND ( 'NONE', #9335, .T. ) ;
#1118 = CARTESIAN_POINT ( 'NONE',  ( 0.05470372310210878247, 0.06549283287378604435, -0.04332127444016969919 ) ) ;
#1119 = AXIS2_PLACEMENT_3D ( 'NONE', #11328, #6838, #8641 ) ;
#1120 = ORIENTED_EDGE ( 'NONE', *, *, #10581, .F. ) ;
#1121 = AXIS2_PLACEMENT_3D ( 'NONE', #7064, #8986, #19 ) ;
#1122 = ORIENTED_EDGE ( 'NONE', *, *, #7275, .F. ) ;
#1123 = AXIS2_PLACEMENT_3D ( 'NONE', #8212, #9029, #4606 ) ;
#1124 = ORIENTED_EDGE ( 'NONE', *, *, #1631, .F. ) ;
#1125 = LINE ( 'NONE', #2059, #8913 ) ;
#1126 = VERTEX_POINT ( 'NONE', #637 ) ;
#1127 = VECTOR ( 'NONE', #4670, 39.37007874015748143 ) ;
#1128 = ORIENTED_EDGE ( 'NONE', *, *, #10726, .F. ) ;
#1129 = DIRECTION ( 'NONE',  ( -0.6666666666668312757, -0.3333333333316503277, -0.6666666666673435326 ) ) ;
#1130 = AXIS2_PLACEMENT_3D ( 'NONE', #8439, #3814, #2323 ) ;
#1131 = LINE ( 'NONE', #8290, #7240 ) ;
#1132 = AXIS2_PLACEMENT_3D ( 'NONE', #324, #6893, #1541 ) ;
#1133 = EDGE_CURVE ( 'NONE', #740, #7377, #1515, .T. ) ;
#1134 = LINE ( 'NONE', #2945, #5768 ) ;
#1135 = ADVANCED_FACE ( 'NONE', ( #3218 ), #5076, .T. ) ;
#1136 = DIRECTION ( 'NONE',  ( 0.000000000000000000, 1.000000000000000000, 0.000000000000000000 ) ) ;
#1137 = EDGE_CURVE ( 'NONE', #11083, #10881, #6867, .T. ) ;
#1138 = DIRECTION ( 'NONE',  ( -0.9993908270172413566, 6.215102310745528681E-13, 0.03489949675560041764 ) ) ;
#1139 = PLANE ( 'NONE',  #10880 ) ;
#1140 = CARTESIAN_POINT ( 'NONE',  ( 0.05480643824107885032, 0.06213200635158869917, -0.1810598739566323112 ) ) ;
#1141 = VERTEX_POINT ( 'NONE', #7565 ) ;
#1142 = DIRECTION ( 'NONE',  ( 1.445602896647339706E-15, 0.000000000000000000, 1.000000000000000000 ) ) ;
#1143 = ORIENTED_EDGE ( 'NONE', *, *, #217, .T. ) ;
#1144 = CIRCLE ( 'NONE', #5977, 0.01968503937007874682 ) ;
#1145 = CIRCLE ( 'NONE', #1894, 0.007874015748031584425 ) ;
#1146 = CIRCLE ( 'NONE', #2257, 0.01968503936389074532 ) ;
#1147 = ORIENTED_EDGE ( 'NONE', *, *, #6724, .T. ) ;
#1148 =( GEOMETRIC_REPRESENTATION_CONTEXT ( 3 ) GLOBAL_UNCERTAINTY_ASSIGNED_CONTEXT ( ( #972 ) ) GLOBAL_UNIT_ASSIGNED_CONTEXT ( ( #3360, #1724, #6961 ) ) REPRESENTATION_CONTEXT ( 'NONE', 'WORKASPACE' ) );
#1149 = DIRECTION ( 'NONE',  ( 0.000000000000000000, 1.000000000000000000, 0.000000000000000000 ) ) ;
#1150 = LINE ( 'NONE', #2728, #3934 ) ;
#1151 = EDGE_CURVE ( 'NONE', #5111, #11307, #9673, .T. ) ;
#1152 = AXIS2_PLACEMENT_3D ( 'NONE', #6753, #6810, #516 ) ;
#1153 = DIRECTION ( 'NONE',  ( 0.03489949667904205383, 0.000000000000000000, 0.9993908270199149957 ) ) ;
#1154 = CARTESIAN_POINT ( 'NONE',  ( 0.1028334009242913294, 0.06683587039259841767, -0.05433668939874016640 ) ) ;
#1155 = DIRECTION ( 'NONE',  ( -7.521964043354022120E-11, 0.000000000000000000, 1.000000000000000000 ) ) ;
#1156 = ORIENTED_EDGE ( 'NONE', *, *, #3857, .F. ) ;
#1157 = CARTESIAN_POINT ( 'NONE',  ( 0.1555118110258977282, 0.03149606299212598381, -0.1043307086495580821 ) ) ;
#1158 = ORIENTED_EDGE ( 'NONE', *, *, #8424, .F. ) ;
#1159 = FACE_OUTER_BOUND ( 'NONE', #973, .T. ) ;
#1160 = CARTESIAN_POINT ( 'NONE',  ( -0.1858503941188976438, 0.01166929133858267756, -0.1062992125984252023 ) ) ;
#1161 = PLANE ( 'NONE',  #3491 ) ;
#1162 = CARTESIAN_POINT ( 'NONE',  ( 0.1016973084657283449, -0.02358868277058661853, -0.2734019839548229025 ) ) ;
#1163 = EDGE_CURVE ( 'NONE', #7370, #4204, #3392, .T. ) ;
#1164 = CARTESIAN_POINT ( 'NONE',  ( 0.06756939957913386807, -0.04949225966086613637, -0.04435929237866142322 ) ) ;
#1165 = DIRECTION ( 'NONE',  ( 0.8660254038968480117, 1.060575238862569922E-16, -0.4999999998053011874 ) ) ;
#1166 = DIRECTION ( 'NONE',  ( 0.000000000000000000, 0.000000000000000000, -1.000000000000000000 ) ) ;
#1167 = DIRECTION ( 'NONE',  ( 7.228014483236656126E-16, 1.000000000000000000, 0.000000000000000000 ) ) ;
#1168 = ORIENTED_EDGE ( 'NONE', *, *, #6829, .F. ) ;
#1169 = DIRECTION ( 'NONE',  ( 0.000000000000000000, -1.000000000000000000, -1.445602896647339706E-15 ) ) ;
#1170 = ORIENTED_EDGE ( 'NONE', *, *, #2390, .F. ) ;
#1171 = CARTESIAN_POINT ( 'NONE',  ( 0.1029069919936220628, 0.06760984982370078777, -0.05562261333464566665 ) ) ;
#1172 = LINE ( 'NONE', #10967, #10977 ) ;
#1173 = EDGE_CURVE ( 'NONE', #5830, #10128, #5940, .T. ) ;
#1174 = DIRECTION ( 'NONE',  ( 0.000000000000000000, -1.000000000000000000, 0.000000000000000000 ) ) ;
#1175 = CARTESIAN_POINT ( 'NONE',  ( 0.1151041785924890870, 0.07193953059055370469, -0.05869426820761221297 ) ) ;
#1176 = ORIENTED_EDGE ( 'NONE', *, *, #9781, .F. ) ;
#1177 = ORIENTED_EDGE ( 'NONE', *, *, #4205, .F. ) ;
#1178 = ORIENTED_EDGE ( 'NONE', *, *, #2156, .T. ) ;
#1179 = LINE ( 'NONE', #195, #167 ) ;
#1180 = VERTEX_POINT ( 'NONE', #2456 ) ;
#1181 = ORIENTED_EDGE ( 'NONE', *, *, #7000, .F. ) ;
#1182 = LINE ( 'NONE', #10157, #5575 ) ;
#1183 = DIRECTION ( 'NONE',  ( 0.000000000000000000, 0.000000000000000000, 1.000000000000000000 ) ) ;
#1184 = CARTESIAN_POINT ( 'NONE',  ( -0.01377952755905514221, 0.06791338582677165780, -0.3602362204724410266 ) ) ;
#1185 = LINE ( 'NONE', #4753, #7576 ) ;
#1186 = DIRECTION ( 'NONE',  ( 0.000000000000000000, 0.000000000000000000, 1.000000000000000000 ) ) ;
#1187 = CARTESIAN_POINT ( 'NONE',  ( 0.009645669291338556522, -0.08267716535433068670, -0.3661417322834645272 ) ) ;
#1188 = LINE ( 'NONE', #5394, #523 ) ;
#1189 = ORIENTED_EDGE ( 'NONE', *, *, #2374, .F. ) ;
#1190 = DIRECTION ( 'NONE',  ( 0.000000000000000000, 1.000000000000000000, 0.000000000000000000 ) ) ;
#1191 = ORIENTED_EDGE ( 'NONE', *, *, #989, .F. ) ;
#1192 = EDGE_CURVE ( 'NONE', #10476, #1424, #4026, .T. ) ;
#1193 = ORIENTED_EDGE ( 'NONE', *, *, #8880, .F. ) ;
#1194 = ADVANCED_FACE ( 'NONE', ( #7687 ), #6691, .T. ) ;
#1195 = VERTEX_POINT ( 'NONE', #1568 ) ;
#1196 = VERTEX_POINT ( 'NONE', #8553 ) ;
#1197 = EDGE_CURVE ( 'NONE', #3530, #7043, #8614, .T. ) ;
#1198 = EDGE_CURVE ( 'NONE', #2752, #5159, #6501, .T. ) ;
#1199 = AXIS2_PLACEMENT_3D ( 'NONE', #8429, #4128, #4822 ) ;
#1200 = LINE ( 'NONE', #8252, #4425 ) ;
#1201 = CARTESIAN_POINT ( 'NONE',  ( 0.1027744032515354455, -0.05091597623720471588, -0.05355949817429134230 ) ) ;
#1202 = CARTESIAN_POINT ( 'NONE',  ( -0.1850393700787401619, -0.08976377952754754919, -0.3346456692913385988 ) ) ;
#1203 = CARTESIAN_POINT ( 'NONE',  ( 0.1013779527559055121, 0.08740157480313319460, -0.2303149606299212671 ) ) ;
#1204 = DIRECTION ( 'NONE',  ( 0.000000000000000000, 0.000000000000000000, 1.000000000000000000 ) ) ;
#1205 = ORIENTED_EDGE ( 'NONE', *, *, #8147, .T. ) ;
#1206 = ORIENTED_EDGE ( 'NONE', *, *, #7120, .F. ) ;
#1207 = LINE ( 'NONE', #4178, #11165 ) ;
#1208 = ADVANCED_FACE ( 'NONE', ( #8672 ), #7800, .T. ) ;
#1209 = DIRECTION ( 'NONE',  ( 0.000000000000000000, 0.000000000000000000, -1.000000000000000000 ) ) ;
#1210 = LINE ( 'NONE', #1976, #2924 ) ;
#1211 = DIRECTION ( 'NONE',  ( 1.000000000000000000, 0.000000000000000000, 0.000000000000000000 ) ) ;
#1212 = CARTESIAN_POINT ( 'NONE',  ( 0.09873725800141734676, -0.05062422301818898102, -0.04149491940267716061 ) ) ;
#1213 = CARTESIAN_POINT ( 'NONE',  ( -0.01377952755905512833, 0.09055118110236221041, -0.3661417322834646382 ) ) ;
#1214 = PLANE ( 'NONE',  #1272 ) ;
#1215 = CARTESIAN_POINT ( 'NONE',  ( 0.1200787401574968521, 0.09921259842452451183, -0.3661417322827922316 ) ) ;
#1216 = VECTOR ( 'NONE', #1933, 39.37007874015748143 ) ;
#1217 = ADVANCED_FACE ( 'NONE', ( #6932 ), #580, .F. ) ;
#1218 = VERTEX_POINT ( 'NONE', #517 ) ;
#1219 = CARTESIAN_POINT ( 'NONE',  ( 0.01588441361824803263, 0.06340429970763777900, -0.1335058686539763728 ) ) ;
#1220 = ADVANCED_FACE ( 'NONE', ( #7624 ), #5820, .T. ) ;
#1221 = VECTOR ( 'NONE', #3624, 39.37007874015748143 ) ;
#1222 = VERTEX_POINT ( 'NONE', #459 ) ;
#1223 = CARTESIAN_POINT ( 'NONE',  ( 0.1850393700757227700, -0.1015653968110210165, -0.3031496063156299270 ) ) ;
#1224 = CARTESIAN_POINT ( 'NONE',  ( 0.09448818897636204750, -0.08503937007874014242, -0.2370078740157480213 ) ) ;
#1225 = DIRECTION ( 'NONE',  ( 0.8650311892619704235, 0.5017180897715581844, 0.000000000000000000 ) ) ;
#1226 = PLANE ( 'NONE',  #5603 ) ;
#1227 = CARTESIAN_POINT ( 'NONE',  ( 0.05197840761165355150, -0.04499787788814960110, -0.1889574990464173432 ) ) ;
#1228 = EDGE_CURVE ( 'NONE', #5176, #2473, #10315, .T. ) ;
#1229 = VERTEX_POINT ( 'NONE', #9430 ) ;
#1230 = VERTEX_POINT ( 'NONE', #11243 ) ;
#1231 = AXIS2_PLACEMENT_3D ( 'NONE', #4141, #6806, #8378 ) ;
#1232 = ORIENTED_EDGE ( 'NONE', *, *, #4771, .F. ) ;
#1233 = EDGE_CURVE ( 'NONE', #3001, #6945, #6811, .T. ) ;
#1234 = CARTESIAN_POINT ( 'NONE',  ( 0.02167235326581691546, -0.03805774278329149274, -0.3208622047408267175 ) ) ;
#1235 = ADVANCED_FACE ( 'NONE', ( #960 ), #2836, .T. ) ;
#1236 = ORIENTED_EDGE ( 'NONE', *, *, #10384, .F. ) ;
#1237 = ORIENTED_EDGE ( 'NONE', *, *, #4382, .T. ) ;
#1238 = LINE ( 'NONE', #2887, #545 ) ;
#1239 = CARTESIAN_POINT ( 'NONE',  ( 0.1841685624129527632, -0.1015748031496008508, -0.1141732283442519480 ) ) ;
#1240 = CIRCLE ( 'NONE', #11305, 0.01771653544619684537 ) ;
#1241 = CARTESIAN_POINT ( 'NONE',  ( -0.009842519681966558839, -1.687505431709033550E-18, -0.3444881889770938788 ) ) ;
#1242 = DIRECTION ( 'NONE',  ( 1.000000000000000000, 0.000000000000000000, 0.000000000000000000 ) ) ;
#1243 = CARTESIAN_POINT ( 'NONE',  ( 0.09574337229955509621, 0.005905492437618096307, -0.2746855949622935555 ) ) ;
#1244 = LINE ( 'NONE', #4926, #8434 ) ;
#1245 = DIRECTION ( 'NONE',  ( -1.927470528863265284E-15, 0.000000000000000000, -1.000000000000000000 ) ) ;
#1246 = ORIENTED_EDGE ( 'NONE', *, *, #5054, .T. ) ;
#1247 = FACE_OUTER_BOUND ( 'NONE', #2922, .T. ) ;
#1248 = EDGE_LOOP ( 'NONE', ( #4073, #7169, #11470, #7599 ) ) ;
#1249 = ADVANCED_FACE ( 'NONE', ( #8070 ), #7616, .F. ) ;
#1250 = VERTEX_POINT ( 'NONE', #6203 ) ;
#1251 = AXIS2_PLACEMENT_3D ( 'NONE', #5746, #391, #4937 ) ;
#1252 = ORIENTED_EDGE ( 'NONE', *, *, #3311, .F. ) ;
#1253 = PLANE ( 'NONE',  #7706 ) ;
#1254 = DIRECTION ( 'NONE',  ( 0.9993908270173006425, 0.000000000000000000, -0.03489949675390672384 ) ) ;
#1255 = VECTOR ( 'NONE', #4496, 39.37007874015748143 ) ;
#1256 = CYLINDRICAL_SURFACE ( 'NONE', #5788, 0.03937007874015747977 ) ;
#1257 = DIRECTION ( 'NONE',  ( -0.03489949667903968072, -0.000000000000000000, -0.9993908270199149957 ) ) ;
#1258 = CARTESIAN_POINT ( 'NONE',  ( 0.02796478882076080044, 0.06344525138070813974, -0.1365422638352534190 ) ) ;
#1259 = EDGE_CURVE ( 'NONE', #2601, #1405, #7955, .T. ) ;
#1260 = ORIENTED_EDGE ( 'NONE', *, *, #10026, .F. ) ;
#1261 = ADVANCED_FACE ( 'NONE', ( #3540 ), #1834, .T. ) ;
#1262 = AXIS2_PLACEMENT_3D ( 'NONE', #3833, #5566, #9885 ) ;
#1263 = VERTEX_POINT ( 'NONE', #8945 ) ;
#1264 = CARTESIAN_POINT ( 'NONE',  ( 0.1732283464520717464, -0.1015653968110211830, -0.3267716535597244287 ) ) ;
#1265 = DIRECTION ( 'NONE',  ( 0.000000000000000000, 0.000000000000000000, -1.000000000000000000 ) ) ;
#1266 = LINE ( 'NONE', #3318, #6825 ) ;
#1267 = EDGE_CURVE ( 'NONE', #9102, #10279, #8773, .T. ) ;
#1268 = CARTESIAN_POINT ( 'NONE',  ( 0.06193998322027560038, -0.04934560525566929201, -0.04684259926448820083 ) ) ;
#1269 = DIRECTION ( 'NONE',  ( 1.000000000000000000, 0.000000000000000000, 0.000000000000000000 ) ) ;
#1270 = EDGE_CURVE ( 'NONE', #4521, #1546, #7191, .T. ) ;
#1271 = EDGE_CURVE ( 'NONE', #10654, #1419, #1730, .T. ) ;
#1272 = AXIS2_PLACEMENT_3D ( 'NONE', #8323, #4609, #1273 ) ;
#1273 = DIRECTION ( 'NONE',  ( -0.7984548838801701631, 0.02126697230787043952, 0.6016789129567032823 ) ) ;
#1274 = DIRECTION ( 'NONE',  ( 0.000000000000000000, -1.000000000000000000, 0.000000000000000000 ) ) ;
#1275 = ORIENTED_EDGE ( 'NONE', *, *, #7760, .T. ) ;
#1276 = CARTESIAN_POINT ( 'NONE',  ( 0.1421899664039763811, -0.02165354330708661040, -0.3125344430448425137 ) ) ;
#1277 = ORIENTED_EDGE ( 'NONE', *, *, #5235, .F. ) ;
#1278 = VECTOR ( 'NONE', #7802, 39.37007874015748854 ) ;
#1279 = ORIENTED_EDGE ( 'NONE', *, *, #9050, .T. ) ;
#1280 = CARTESIAN_POINT ( 'NONE',  ( 0.1071386749346850686, 0.06711800457417323174, -0.05425133202570867064 ) ) ;
#1281 = DIRECTION ( 'NONE',  ( 1.000000000000000000, 0.000000000000000000, 0.000000000000000000 ) ) ;
#1282 = AXIS2_PLACEMENT_3D ( 'NONE', #9763, #10692, #3651 ) ;
#1283 = FACE_OUTER_BOUND ( 'NONE', #8590, .T. ) ;
#1284 = EDGE_CURVE ( 'NONE', #9783, #538, #10748, .T. ) ;
#1285 = FILL_AREA_STYLE_COLOUR ( '', #9124 ) ;
#1286 = PLANE ( 'NONE',  #10875 ) ;
#1287 = ORIENTED_EDGE ( 'NONE', *, *, #7368, .T. ) ;
#1288 = ORIENTED_EDGE ( 'NONE', *, *, #336, .F. ) ;
#1289 = ORIENTED_EDGE ( 'NONE', *, *, #1647, .T. ) ;
#1290 = FACE_OUTER_BOUND ( 'NONE', #6960, .T. ) ;
#1291 = VECTOR ( 'NONE', #6952, 39.37007874015748143 ) ;
#1292 = AXIS2_PLACEMENT_3D ( 'NONE', #3363, #5915, #6906 ) ;
#1293 = ORIENTED_EDGE ( 'NONE', *, *, #855, .F. ) ;
#1294 = ORIENTED_EDGE ( 'NONE', *, *, #4458, .F. ) ;
#1295 = DIRECTION ( 'NONE',  ( 1.000000000000000000, 0.000000000000000000, 0.000000000000000000 ) ) ;
#1296 = LINE ( 'NONE', #3003, #9848 ) ;
#1298 = DIRECTION ( 'NONE',  ( 0.000000000000000000, 1.000000000000000000, 0.000000000000000000 ) ) ;
#1297 = VECTOR ( 'NONE', #5734, 39.37007874015748143 ) ;
#1299 = FACE_OUTER_BOUND ( 'NONE', #9734, .T. ) ;
#1300 = AXIS2_PLACEMENT_3D ( 'NONE', #10856, #6413, #2702 ) ;
#1301 = EDGE_CURVE ( 'NONE', #2275, #863, #9879, .T. ) ;
#1302 = DIRECTION ( 'NONE',  ( -0.000000000000000000, -1.000000000000000000, -0.000000000000000000 ) ) ;
#1303 = CIRCLE ( 'NONE', #10411, 0.007874015748031516770 ) ;
#1304 = CARTESIAN_POINT ( 'NONE',  ( -0.1850393700787401619, -0.1015748031496182119, -0.3346456692913385988 ) ) ;
#1305 = CARTESIAN_POINT ( 'NONE',  ( 0.1555118110505127049, -0.02755905511811022890, -0.1787401574838700935 ) ) ;
#1306 = ORIENTED_EDGE ( 'NONE', *, *, #2832, .T. ) ;
#1307 = CARTESIAN_POINT ( 'NONE',  ( 0.1417322834645668994, -0.09842519685039370636, -0.2834645668582677636 ) ) ;
#1308 = ORIENTED_EDGE ( 'NONE', *, *, #2631, .F. ) ;
#1309 = ORIENTED_EDGE ( 'NONE', *, *, #919, .F. ) ;
#1310 = ORIENTED_EDGE ( 'NONE', *, *, #10480, .T. ) ;
#1311 = VECTOR ( 'NONE', #5667, 39.37007874015748143 ) ;
#1312 = COLOUR_RGB ( '',0.7921568627450980005, 0.8196078431372548767, 0.9333333333333333481 ) ;
#1313 = PLANE ( 'NONE',  #6785 ) ;
#1314 = DIRECTION ( 'NONE',  ( 0.000000000000000000, 0.000000000000000000, -1.000000000000000000 ) ) ;
#1315 = EDGE_CURVE ( 'NONE', #1536, #10904, #1014, .T. ) ;
#1316 = LINE ( 'NONE', #561, #3379 ) ;
#1317 = FACE_OUTER_BOUND ( 'NONE', #10595, .T. ) ;
#1318 = DIRECTION ( 'NONE',  ( 0.9989681913810062319, -0.04193449255830167255, 0.01743705659906802027 ) ) ;
#1319 = AXIS2_PLACEMENT_3D ( 'NONE', #9151, #1167, #4728 ) ;
#1320 = ORIENTED_EDGE ( 'NONE', *, *, #10581, .T. ) ;
#1321 = VECTOR ( 'NONE', #1901, 39.37007874015748143 ) ;
#1322 = AXIS2_PLACEMENT_3D ( 'NONE', #4679, #1115, #10203 ) ;
#1323 = ORIENTED_EDGE ( 'NONE', *, *, #10288, .F. ) ;
#1324 = VECTOR ( 'NONE', #5878, 39.37007874015748143 ) ;
#1325 = CARTESIAN_POINT ( 'NONE',  ( 0.09852379980802052073, 0.08464566929133858497, -0.1950645685287561715 ) ) ;
#1326 = CARTESIAN_POINT ( 'NONE',  ( -0.1550618660461289267, 0.01456692913385826925, -0.07480314960629921850 ) ) ;
#1327 = DIRECTION ( 'NONE',  ( -3.522454312827708936E-30, 1.000000000000000000, 1.826756116670931896E-09 ) ) ;
#1328 = CARTESIAN_POINT ( 'NONE',  ( 0.02757786507653544120, -0.07677165354330710290, -0.2598425197030717060 ) ) ;
#1329 = LINE ( 'NONE', #6752, #2191 ) ;
#1330 = FACE_OUTER_BOUND ( 'NONE', #8731, .T. ) ;
#1331 = CARTESIAN_POINT ( 'NONE',  ( 0.02755905511811023931, -0.07716535433070866035, -0.3543307086614173596 ) ) ;
#1333 = AXIS2_PLACEMENT_3D ( 'NONE', #2771, #9935, #6311 ) ;
#1332 = CARTESIAN_POINT ( 'NONE',  ( -0.1444881680708531291, 0.05989995985581229171, -0.06625661262500945337 ) ) ;
#1334 = ORIENTED_EDGE ( 'NONE', *, *, #5167, .T. ) ;
#1335 = FACE_OUTER_BOUND ( 'NONE', #28, .T. ) ;
#1336 = ORIENTED_EDGE ( 'NONE', *, *, #661, .F. ) ;
#1337 = ADVANCED_FACE ( 'NONE', ( #793 ), #8122, .T. ) ;
#1338 = EDGE_CURVE ( 'NONE', #5112, #5830, #140, .T. ) ;
#1339 = ADVANCED_FACE ( 'NONE', ( #9814 ), #10810, .F. ) ;
#1340 = ORIENTED_EDGE ( 'NONE', *, *, #3315, .T. ) ;
#1341 = LINE ( 'NONE', #2334, #8101 ) ;
#1342 = DIRECTION ( 'NONE',  ( 1.000000000000000000, 0.000000000000000000, 0.000000000000000000 ) ) ;
#1343 = DIRECTION ( 'NONE',  ( 0.9998476951500682164, 0.000000000000000000, 0.01745240679953360963 ) ) ;
#1344 = CARTESIAN_POINT ( 'NONE',  ( 0.07408915357883325004, -0.01181102362204724046, -0.3348826027177272402 ) ) ;
#1345 = DIRECTION ( 'NONE',  ( 1.000000000000000000, 0.000000000000000000, 0.000000000000000000 ) ) ;
#1346 = VERTEX_POINT ( 'NONE', #6149 ) ;
#1347 = VERTEX_POINT ( 'NONE', #5281 ) ;
#1348 = ORIENTED_EDGE ( 'NONE', *, *, #3424, .T. ) ;
#1349 = DIRECTION ( 'NONE',  ( -0.9993908270173007535, 0.000000000000000000, 0.03489949675390380951 ) ) ;
#1350 = EDGE_CURVE ( 'NONE', #8906, #9641, #2714, .T. ) ;
#1351 = ORIENTED_EDGE ( 'NONE', *, *, #8250, .T. ) ;
#1352 = EDGE_CURVE ( 'NONE', #7553, #5314, #10646, .T. ) ;
#1353 = ORIENTED_EDGE ( 'NONE', *, *, #6845, .F. ) ;
#1354 = LINE ( 'NONE', #11266, #3465 ) ;
#1355 = DIRECTION ( 'NONE',  ( -1.000000000000000000, 0.000000000000000000, 0.000000000000000000 ) ) ;
#1356 = DIRECTION ( 'NONE',  ( -0.000000000000000000, -0.000000000000000000, -1.000000000000000000 ) ) ;
#1357 = CARTESIAN_POINT ( 'NONE',  ( -0.1850393700787401341, -0.1015748031496122722, -0.1062992125984251746 ) ) ;
#1358 = LINE ( 'NONE', #4113, #1018 ) ;
#1359 = LINE ( 'NONE', #8586, #6480 ) ;
#1360 = ORIENTED_EDGE ( 'NONE', *, *, #2344, .T. ) ;
#1361 = CARTESIAN_POINT ( 'NONE',  ( 0.1028818829713779720, -0.07086614173228859836, -0.2394802083558858763 ) ) ;
#1362 = ORIENTED_EDGE ( 'NONE', *, *, #5726, .F. ) ;
#1363 = VECTOR ( 'NONE', #6299, 39.37007874015748854 ) ;
#1364 = ORIENTED_EDGE ( 'NONE', *, *, #9409, .T. ) ;
#1365 = ORIENTED_EDGE ( 'NONE', *, *, #11206, .T. ) ;
#1366 = EDGE_CURVE ( 'NONE', #5784, #130, #8020, .T. ) ;
#1367 = ORIENTED_EDGE ( 'NONE', *, *, #5652, .T. ) ;
#1368 = CARTESIAN_POINT ( 'NONE',  ( 0.1141794541016952769, -0.1015653968110223487, -0.3208660309957792611 ) ) ;
#1369 = CYLINDRICAL_SURFACE ( 'NONE', #9246, 0.007874015748031516770 ) ;
#1370 = LINE ( 'NONE', #5748, #8208 ) ;
#1371 = DIRECTION ( 'NONE',  ( 1.000000000000000000, 0.000000000000000000, 3.269398054335835202E-09 ) ) ;
#1372 = DIRECTION ( 'NONE',  ( -5.406691112249058316E-14, 0.2095290887308764727, 0.9778024140774087547 ) ) ;
#1373 = VERTEX_POINT ( 'NONE', #10983 ) ;
#1374 = ORIENTED_EDGE ( 'NONE', *, *, #3782, .T. ) ;
#1375 = ORIENTED_EDGE ( 'NONE', *, *, #423, .F. ) ;
#1376 = VECTOR ( 'NONE', #5984, 39.37007874015748143 ) ;
#1377 = EDGE_CURVE ( 'NONE', #1598, #549, #9112, .T. ) ;
#1378 = AXIS2_PLACEMENT_3D ( 'NONE', #3307, #3200, #5809 ) ;
#1379 = FACE_OUTER_BOUND ( 'NONE', #9, .T. ) ;
#1380 = CARTESIAN_POINT ( 'NONE',  ( -0.1476377940551180101, 0.02412224796505905641, -0.06299212598425102394 ) ) ;
#1381 = DIRECTION ( 'NONE',  ( -0.01744845905438420844, 0.02126697109131768168, 0.9996215620009546443 ) ) ;
#1382 = DIRECTION ( 'NONE',  ( 0.000000000000000000, 0.000000000000000000, 1.000000000000000000 ) ) ;
#1383 = FACE_OUTER_BOUND ( 'NONE', #7478, .T. ) ;
#1384 = CYLINDRICAL_SURFACE ( 'NONE', #7856, 0.007874015748031516770 ) ;
#1385 = DIRECTION ( 'NONE',  ( 0.7983441959430569446, 0.02700731081870793096, -0.6015955036121658495 ) ) ;
#1386 = LINE ( 'NONE', #10316, #5378 ) ;
#1387 = LINE ( 'NONE', #4954, #1507 ) ;
#1388 = EDGE_LOOP ( 'NONE', ( #3476, #6291, #2346, #5234 ) ) ;
#1389 = DIRECTION ( 'NONE',  ( -0.008309667877480877637, 0.9997738323818239348, -0.01957635063863582409 ) ) ;
#1390 = ORIENTED_EDGE ( 'NONE', *, *, #1080, .F. ) ;
#1391 = ORIENTED_EDGE ( 'NONE', *, *, #3809, .T. ) ;
#1392 = DIRECTION ( 'NONE',  ( 0.000000000000000000, -1.000000000000000000, 0.000000000000000000 ) ) ;
#1393 = DIRECTION ( 'NONE',  ( 0.000000000000000000, 1.000000000000000000, 0.000000000000000000 ) ) ;
#1394 = AXIS2_PLACEMENT_3D ( 'NONE', #3101, #3163, #7517 ) ;
#1395 = CARTESIAN_POINT ( 'NONE',  ( 0.1082677165354402338, -0.09842519685040199140, -0.1948818898080708628 ) ) ;
#1396 = SURFACE_SIDE_STYLE ('',( #10204 ) ) ;
#1397 = EDGE_CURVE ( 'NONE', #5619, #225, #6602, .T. ) ;
#1398 = CARTESIAN_POINT ( 'NONE',  ( -0.1602361995669307759, -0.1015748031496062770, -0.1377952755905511861 ) ) ;
#1399 = EDGE_CURVE ( 'NONE', #491, #6324, #10043, .T. ) ;
#1400 = VERTEX_POINT ( 'NONE', #4803 ) ;
#1401 = EDGE_CURVE ( 'NONE', #4064, #5619, #1131, .T. ) ;
#1402 = ORIENTED_EDGE ( 'NONE', *, *, #7549, .T. ) ;
#1403 = EDGE_LOOP ( 'NONE', ( #8927, #4876, #9872, #5097, #8219, #8281, #6365, #5798 ) ) ;
#1404 = FACE_OUTER_BOUND ( 'NONE', #11161, .T. ) ;
#1405 = VERTEX_POINT ( 'NONE', #4697 ) ;
#1406 = ORIENTED_EDGE ( 'NONE', *, *, #1488, .F. ) ;
#1407 = CYLINDRICAL_SURFACE ( 'NONE', #289, 0.003937007874015758385 ) ;
#1408 = CARTESIAN_POINT ( 'NONE',  ( 0.1151728783891717151, -0.05212857075455592376, -0.05672696343000683400 ) ) ;
#1409 = CARTESIAN_POINT ( 'NONE',  ( -0.1929133858267717272, -0.08976377952755332235, -0.3385826771653539513 ) ) ;
#1410 = CARTESIAN_POINT ( 'NONE',  ( 1.808041534174241436E-18, -0.1151574803149768567, -0.07381889763779526936 ) ) ;
#1411 = PRODUCT ( 'CUI_DEVICES_PJ-014CH-SMT-TR', 'CUI_DEVICES_PJ-014CH-SMT-TR', '', ( #3532 ) ) ;
#1412 = CARTESIAN_POINT ( 'NONE',  ( 0.01683621421853937622, -0.04676682494082677610, -0.1312723830449606111 ) ) ;
#1413 = EDGE_CURVE ( 'NONE', #7410, #8116, #8347, .T. ) ;
#1414 = FACE_OUTER_BOUND ( 'NONE', #10825, .T. ) ;
#1415 = DIRECTION ( 'NONE',  ( -3.838348900644203348E-31, 1.239088197126290472E-15, -1.000000000000000000 ) ) ;
#1416 = ORIENTED_EDGE ( 'NONE', *, *, #6898, .F. ) ;
#1417 = ADVANCED_FACE ( 'NONE', ( #1069 ), #11038, .F. ) ;
#1418 = DIRECTION ( 'NONE',  ( 1.000000000000000000, 0.000000000000000000, 0.000000000000000000 ) ) ;
#1419 = VERTEX_POINT ( 'NONE', #430 ) ;
#1420 = ORIENTED_EDGE ( 'NONE', *, *, #1027, .T. ) ;
#1421 = ORIENTED_EDGE ( 'NONE', *, *, #2693, .F. ) ;
#1422 = EDGE_LOOP ( 'NONE', ( #10377, #2546, #2640, #10578 ) ) ;
#1423 = AXIS2_PLACEMENT_3D ( 'NONE', #4494, #8046, #3799 ) ;
#1424 = VERTEX_POINT ( 'NONE', #7481 ) ;
#1425 = EDGE_CURVE ( 'NONE', #8761, #2026, #5560, .T. ) ;
#1426 = LINE ( 'NONE', #6669, #8447 ) ;
#1427 = FACE_OUTER_BOUND ( 'NONE', #1859, .T. ) ;
#1428 = CARTESIAN_POINT ( 'NONE',  ( 0.05499989399055118383, -0.04940887742275591049, -0.04135557164299212551 ) ) ;
#1429 = CARTESIAN_POINT ( 'NONE',  ( 0.1569324215332283667, -0.1015653968110187683, -0.2952755905675984449 ) ) ;
#1430 = DIRECTION ( 'NONE',  ( 1.000000000000000000, 0.000000000000000000, 0.000000000000000000 ) ) ;
#1431 = ORIENTED_EDGE ( 'NONE', *, *, #7352, .F. ) ;
#1432 = EDGE_CURVE ( 'NONE', #1970, #9859, #8436, .T. ) ;
#1433 = CIRCLE ( 'NONE', #3677, 0.003937007874015895428 ) ;
#1434 = ORIENTED_EDGE ( 'NONE', *, *, #423, .T. ) ;
#1435 = ORIENTED_EDGE ( 'NONE', *, *, #11537, .F. ) ;
#1436 = CARTESIAN_POINT ( 'NONE',  ( 0.1437007874033410793, -0.002933957919803146033, -0.1062992125900748125 ) ) ;
#1437 = VECTOR ( 'NONE', #8626, 39.37007874015748143 ) ;
#1438 = EDGE_CURVE ( 'NONE', #4519, #9102, #4460, .T. ) ;
#1439 = EDGE_CURVE ( 'NONE', #538, #11210, #9281, .T. ) ;
#1440 = DIRECTION ( 'NONE',  ( -0.000000000000000000, -1.000000000000000000, -0.000000000000000000 ) ) ;
#1441 = FACE_OUTER_BOUND ( 'NONE', #10995, .T. ) ;
#1442 = DIRECTION ( 'NONE',  ( 0.000000000000000000, 1.000000000000000000, 0.000000000000000000 ) ) ;
#1443 = VECTOR ( 'NONE', #4481, 39.37007874015748143 ) ;
#1444 = DIRECTION ( 'NONE',  ( -1.000000000000000000, -0.000000000000000000, -0.000000000000000000 ) ) ;
#1445 = CARTESIAN_POINT ( 'NONE',  ( 0.1555118110193540737, 0.07216076925350395355, -0.08858267716630575939 ) ) ;
#1446 = CARTESIAN_POINT ( 'NONE',  ( -0.04527559055118111214, -0.01377952755905511965, -0.2480314960629922127 ) ) ;
#1447 = EDGE_CURVE ( 'NONE', #7189, #1521, #1296, .T. ) ;
#1448 = CARTESIAN_POINT ( 'NONE',  ( 0.09384092763972441686, -0.07165354330708662012, -0.2359999999999999876 ) ) ;
#1449 = LINE ( 'NONE', #6003, #9707 ) ;
#1450 = ORIENTED_EDGE ( 'NONE', *, *, #3340, .F. ) ;
#1451 = AXIS2_PLACEMENT_3D ( 'NONE', #2730, #2563, #1854 ) ;
#1452 = CARTESIAN_POINT ( 'NONE',  ( 0.1437007873932820701, -0.02755905511811023931, -0.1787401574832677142 ) ) ;
#1453 = ORIENTED_EDGE ( 'NONE', *, *, #2303, .F. ) ;
#1454 = VECTOR ( 'NONE', #3485, 39.37007874015748143 ) ;
#1455 = VERTEX_POINT ( 'NONE', #7359 ) ;
#1456 = FACE_OUTER_BOUND ( 'NONE', #3446, .T. ) ;
#1457 = CARTESIAN_POINT ( 'NONE',  ( 0.02532784718386859799, 0.06316855785328966133, -0.1476680486191994102 ) ) ;
#1458 = AXIS2_PLACEMENT_3D ( 'NONE', #6079, #10901, #5762 ) ;
#1459 = CARTESIAN_POINT ( 'NONE',  ( 0.04697899391096601457, 0.06212721622792897330, -0.1899504754070314716 ) ) ;
#1460 = ADVANCED_FACE ( 'NONE', ( #203 ), #6545, .F. ) ;
#1461 = CARTESIAN_POINT ( 'NONE',  ( 0.07395173305619399950, -0.01181102362204723873, -0.3270097862248645959 ) ) ;
#1462 = ORIENTED_EDGE ( 'NONE', *, *, #9248, .F. ) ;
#1463 = ORIENTED_EDGE ( 'NONE', *, *, #8393, .T. ) ;
#1464 = ORIENTED_EDGE ( 'NONE', *, *, #4150, .T. ) ;
#1465 = CARTESIAN_POINT ( 'NONE',  ( 0.02167235326551042451, 0.08858267716535433989, -0.3267716535597244287 ) ) ;
#1466 = VECTOR ( 'NONE', #4655, 39.37007874015748143 ) ;
#1467 = VERTEX_POINT ( 'NONE', #6427 ) ;
#1468 = VECTOR ( 'NONE', #5184, 39.37007874015748143 ) ;
#1469 = ORIENTED_EDGE ( 'NONE', *, *, #9886, .F. ) ;
#1470 = CARTESIAN_POINT ( 'NONE',  ( 0.06728875927561442372, -0.04949899104971949154, -0.04390079505240748747 ) ) ;
#1471 = CARTESIAN_POINT ( 'NONE',  ( 0.03348337688755976399, -0.07592304658436435649, -0.2557323886778368194 ) ) ;
#1472 = LINE ( 'NONE', #11269, #6899 ) ;
#1473 = CARTESIAN_POINT ( 'NONE',  ( -0.05118110236220472370, 0.000000000000000000, -0.3307086614173228023 ) ) ;
#1474 = AXIS2_PLACEMENT_3D ( 'NONE', #4946, #5873, #2262 ) ;
#1475 = DIRECTION ( 'NONE',  ( -0.4061384660486018205, 0.000000000000000000, -0.9138115486224107631 ) ) ;
#1476 = DIRECTION ( 'NONE',  ( 0.000000000000000000, 1.000000000000000000, 0.000000000000000000 ) ) ;
#1477 = CARTESIAN_POINT ( 'NONE',  ( 0.1089274650732442451, 0.08661417322834646937, -0.06635738792770264072 ) ) ;
#1478 = VERTEX_POINT ( 'NONE', #1950 ) ;
#1479 = CARTESIAN_POINT ( 'NONE',  ( -0.1425196850393700976, -0.06102362204724409711, -0.1870078740157480324 ) ) ;
#1480 = VECTOR ( 'NONE', #9686, 39.37007874015748143 ) ;
#1481 = AXIS2_PLACEMENT_3D ( 'NONE', #4783, #8327, #11023 ) ;
#1482 = ORIENTED_EDGE ( 'NONE', *, *, #3853, .F. ) ;
#1483 = ORIENTED_EDGE ( 'NONE', *, *, #2816, .F. ) ;
#1484 = CARTESIAN_POINT ( 'NONE',  ( 0.000000000000000000, -0.1151574803149768567, -0.04429133858267716994 ) ) ;
#1485 = VERTEX_POINT ( 'NONE', #6654 ) ;
#1486 = EDGE_CURVE ( 'NONE', #1792, #5176, #6485, .T. ) ;
#1487 = MECHANICAL_DESIGN_GEOMETRIC_PRESENTATION_REPRESENTATION (  '', ( #2801 ), #9305 ) ;
#1488 = EDGE_CURVE ( 'NONE', #1478, #2225, #2942, .T. ) ;
#1489 = EDGE_LOOP ( 'NONE', ( #1602, #10528, #5376, #2834, #1948, #4215, #6554, #9824, #10672 ) ) ;
#1490 = EDGE_CURVE ( 'NONE', #9770, #1180, #4281, .T. ) ;
#1491 = ORIENTED_EDGE ( 'NONE', *, *, #9152, .T. ) ;
#1492 = VECTOR ( 'NONE', #4787, 39.37007874015748143 ) ;
#1493 = VECTOR ( 'NONE', #109, 39.37007874015748143 ) ;
#1494 = DIRECTION ( 'NONE',  ( -0.8466365492110641267, 0.000000000000000000, 0.5321715452182516071 ) ) ;
#1495 = CARTESIAN_POINT ( 'NONE',  ( 0.02080943157674803451, -0.07716535433070866035, -0.3549842519685040276 ) ) ;
#1496 = CARTESIAN_POINT ( 'NONE',  ( 0.000000000000000000, -0.1151574803149768567, -0.05905511811023622659 ) ) ;
#1497 = CARTESIAN_POINT ( 'NONE',  ( 0.08165785051792215365, -0.05006038342559211013, -0.02343099591770114037 ) ) ;
#1498 = LINE ( 'NONE', #1258, #6100 ) ;
#1499 = VERTEX_POINT ( 'NONE', #5625 ) ;
#1500 = VERTEX_POINT ( 'NONE', #9172 ) ;
#1501 = AXIS2_PLACEMENT_3D ( 'NONE', #9741, #8861, #1045 ) ;
#1502 = VECTOR ( 'NONE', #5373, 39.37007874015748143 ) ;
#1503 = VECTOR ( 'NONE', #1393, 39.37007874015748143 ) ;
#1504 = ORIENTED_EDGE ( 'NONE', *, *, #739, .T. ) ;
#1505 = EDGE_CURVE ( 'NONE', #10905, #5576, #2004, .T. ) ;
#1506 = LINE ( 'NONE', #1436, #7995 ) ;
#1507 = VECTOR ( 'NONE', #8497, 39.37007874015748143 ) ;
#1508 = LINE ( 'NONE', #630, #9615 ) ;
#1509 = CARTESIAN_POINT ( 'NONE',  ( -0.1444881680708552940, -0.06968503937007874960, -0.2263779527559055260 ) ) ;
#1510 = VECTOR ( 'NONE', #10831, 39.37007874015748143 ) ;
#1511 = AXIS2_PLACEMENT_3D ( 'NONE', #9016, #10067, #976 ) ;
#1512 = DIRECTION ( 'NONE',  ( -0.000000000000000000, -0.000000000000000000, -1.000000000000000000 ) ) ;
#1513 = DIRECTION ( 'NONE',  ( 1.175494350822289610E-30, 1.084202172485505617E-15, 1.000000000000000000 ) ) ;
#1514 = FACE_OUTER_BOUND ( 'NONE', #5957, .T. ) ;
#1515 = LINE ( 'NONE', #4081, #6683 ) ;
#1516 = LINE ( 'NONE', #5133, #10781 ) ;
#1517 = DIRECTION ( 'NONE',  ( 1.000000000000000000, 0.000000000000000000, 0.000000000000000000 ) ) ;
#1518 = VERTEX_POINT ( 'NONE', #2232 ) ;
#1519 = DIRECTION ( 'NONE',  ( 0.000000000000000000, 0.000000000000000000, 1.000000000000000000 ) ) ;
#1520 = AXIS2_PLACEMENT_3D ( 'NONE', #4323, #9499, #2388 ) ;
#1521 = VERTEX_POINT ( 'NONE', #11150 ) ;
#1522 = AXIS2_PLACEMENT_3D ( 'NONE', #6091, #8835, #900 ) ;
#1523 = AXIS2_PLACEMENT_3D ( 'NONE', #1811, #1870, #6 ) ;
#1524 = ADVANCED_FACE ( 'NONE', ( #10339 ), #482, .F. ) ;
#1525 = ORIENTED_EDGE ( 'NONE', *, *, #11418, .F. ) ;
#1526 = CARTESIAN_POINT ( 'NONE',  ( -0.1850393700787401341, -0.08956692913385826127, -0.2834645669291339098 ) ) ;
#1527 = FACE_OUTER_BOUND ( 'NONE', #7702, .T. ) ;
#1528 = DIRECTION ( 'NONE',  ( 0.000000000000000000, 0.000000000000000000, 1.000000000000000000 ) ) ;
#1529 = CARTESIAN_POINT ( 'NONE',  ( 0.05461388195883280783, 0.06184910853824589910, -0.1990595435162349491 ) ) ;
#1530 = DIRECTION ( 'NONE',  ( -0.000000000000000000, -0.000000000000000000, -1.000000000000000000 ) ) ;
#1531 = EDGE_LOOP ( 'NONE', ( #81, #1462, #6634, #5838 ) ) ;
#1532 = ORIENTED_EDGE ( 'NONE', *, *, #6601, .T. ) ;
#1533 = ORIENTED_EDGE ( 'NONE', *, *, #4251, .T. ) ;
#1534 = EDGE_CURVE ( 'NONE', #2062, #5326, #4106, .T. ) ;
#1535 = CARTESIAN_POINT ( 'NONE',  ( 0.03366141732283461224, 0.1102362204724483263, -0.3216535433385827036 ) ) ;
#1536 = VERTEX_POINT ( 'NONE', #716 ) ;
#1537 = ADVANCED_FACE ( 'NONE', ( #2479 ), #7587, .F. ) ;
#1538 = VERTEX_POINT ( 'NONE', #6834 ) ;
#1539 = CARTESIAN_POINT ( 'NONE',  ( 0.02145669291338408308, 0.08897637795134140382, -0.3543307086600028244 ) ) ;
#1540 = LINE ( 'NONE', #5789, #5217 ) ;
#1541 = DIRECTION ( 'NONE',  ( 0.03489949675390752182, 0.000000000000000000, 0.9993908270173005315 ) ) ;
#1542 = CARTESIAN_POINT ( 'NONE',  ( 0.1417322834645669549, -0.008858267716535431213, -0.2834645669291338543 ) ) ;
#1543 = FACE_OUTER_BOUND ( 'NONE', #9218, .T. ) ;
#1544 = DIRECTION ( 'NONE',  ( -1.000000000000000000, 0.000000000000000000, 0.000000000000000000 ) ) ;
#1545 = CARTESIAN_POINT ( 'NONE',  ( -0.05118110236220473064, 0.000000000000000000, -7.888211081705560117E-15 ) ) ;
#1546 = VERTEX_POINT ( 'NONE', #8637 ) ;
#1547 = VERTEX_POINT ( 'NONE', #1408 ) ;
#1548 = LINE ( 'NONE', #1484, #10442 ) ;
#1549 = ORIENTED_EDGE ( 'NONE', *, *, #3154, .T. ) ;
#1550 = VERTEX_POINT ( 'NONE', #8519 ) ;
#1551 = PLANE ( 'NONE',  #7150 ) ;
#1552 = DIRECTION ( 'NONE',  ( -7.499968528168469167E-11, -1.084202725629576131E-15, 1.000000000000000000 ) ) ;
#1553 = CARTESIAN_POINT ( 'NONE',  ( 0.08221948247397639631, 0.07480314960629735888, -0.3665994151638188869 ) ) ;
#1554 = FACE_OUTER_BOUND ( 'NONE', #5711, .T. ) ;
#1555 = CARTESIAN_POINT ( 'NONE',  ( -0.07874015748031495954, 0.1023622047243944455, -0.2480314960629921017 ) ) ;
#1556 = ORIENTED_EDGE ( 'NONE', *, *, #4325, .T. ) ;
#1557 = AXIS2_PLACEMENT_3D ( 'NONE', #663, #4229, #7769 ) ;
#1558 = ORIENTED_EDGE ( 'NONE', *, *, #843, .F. ) ;
#1559 = EDGE_CURVE ( 'NONE', #4985, #5914, #1540, .T. ) ;
#1560 = EDGE_CURVE ( 'NONE', #6324, #1627, #4923, .T. ) ;
#1561 = VERTEX_POINT ( 'NONE', #11267 ) ;
#1562 = CARTESIAN_POINT ( 'NONE',  ( -0.1444881680708597071, 0.02412224796505905641, -0.06299212598425196763 ) ) ;
#1563 = CARTESIAN_POINT ( 'NONE',  ( 0.02191437579372047112, -0.08962363928129918333, -0.3538730257810629998 ) ) ;
#1564 = CARTESIAN_POINT ( 'NONE',  ( 0.05673305297917323464, 0.06177938251905511213, -0.2013218921130314476 ) ) ;
#1565 = CARTESIAN_POINT ( 'NONE',  ( -0.1602361995669291383, -0.08582677165354331283, -0.2834645669291337988 ) ) ;
#1566 = CARTESIAN_POINT ( 'NONE',  ( -0.1850393700787401619, -0.1015748031496182119, -0.3346456692913385988 ) ) ;
#1567 = DIRECTION ( 'NONE',  ( -0.9993908270172915387, 0.000000000000000000, 0.03489949675416729319 ) ) ;
#1568 = CARTESIAN_POINT ( 'NONE',  ( 0.09448818897637792369, -0.06102362204724360445, -0.2874015748031406581 ) ) ;
#1569 = CARTESIAN_POINT ( 'NONE',  ( 0.09893791284051178803, 0.07874015746456571041, -0.1832059228473425505 ) ) ;
#1570 = FACE_OUTER_BOUND ( 'NONE', #2828, .T. ) ;
#1571 = CIRCLE ( 'NONE', #3070, 0.01771653543307086937 ) ;
#1572 = ORIENTED_EDGE ( 'NONE', *, *, #8896, .T. ) ;
#1573 = ADVANCED_FACE ( 'NONE', ( #7763 ), #7829, .F. ) ;
#1574 = CIRCLE ( 'NONE', #1378, 0.01181102362204724046 ) ;
#1575 = CYLINDRICAL_SURFACE ( 'NONE', #8737, 0.01476377952755910349 ) ;
#1576 = CARTESIAN_POINT ( 'NONE',  ( 0.03348337688759125963, -0.08267716535433070058, -0.3208622047329527383 ) ) ;
#1577 = CARTESIAN_POINT ( 'NONE',  ( -0.09251968503937010868, 0.000000000000000000, -0.3425196850393611991 ) ) ;
#1578 = AXIS2_PLACEMENT_3D ( 'NONE', #11506, #3528, #7067 ) ;
#1579 = DIRECTION ( 'NONE',  ( 0.000000000000000000, 1.000000000000000000, 0.000000000000000000 ) ) ;
#1580 = LINE ( 'NONE', #649, #10459 ) ;
#1581 = CARTESIAN_POINT ( 'NONE',  ( 0.02167235326551172556, 0.08622047242937865008, -0.3334645669301352089 ) ) ;
#1582 = EDGE_LOOP ( 'NONE', ( #9870, #8431, #6140, #3141 ) ) ;
#1583 = EDGE_LOOP ( 'NONE', ( #6923, #6610, #9356, #2826 ) ) ;
#1584 = ADVANCED_FACE ( 'NONE', ( #605 ), #6722, .F. ) ;
#1585 = ORIENTED_EDGE ( 'NONE', *, *, #4696, .F. ) ;
#1586 = CARTESIAN_POINT ( 'NONE',  ( 0.02167235326551181229, 0.09153543307086613179, -0.2992125984416145745 ) ) ;
#1587 = VERTEX_POINT ( 'NONE', #658 ) ;
#1588 = VECTOR ( 'NONE', #526, 39.37007874015748143 ) ;
#1589 = ORIENTED_EDGE ( 'NONE', *, *, #2052, .T. ) ;
#1590 = CARTESIAN_POINT ( 'NONE',  ( -0.05118110236220473064, 0.000000000000000000, -0.3425196850393699699 ) ) ;
#1591 = CARTESIAN_POINT ( 'NONE',  ( -0.1405511601968504054, -0.01850393700787397386, -0.3307086614173229133 ) ) ;
#1592 = ADVANCED_FACE ( 'NONE', ( #2413 ), #4223, .F. ) ;
#1593 = CARTESIAN_POINT ( 'NONE',  ( 0.1515795054111811202, -0.1015653968110236255, -0.2834645669455511663 ) ) ;
#1594 = PLANE ( 'NONE',  #7079 ) ;
#1595 = LINE ( 'NONE', #11271, #7821 ) ;
#1596 = DIRECTION ( 'NONE',  ( 1.000000000000000000, 5.560011140951304512E-16, 0.000000000000000000 ) ) ;
#1597 = CARTESIAN_POINT ( 'NONE',  ( -0.1425196850393700976, 0.06496062992125981039, -0.2129921259842520453 ) ) ;
#1598 = VERTEX_POINT ( 'NONE', #8463 ) ;
#1599 = EDGE_CURVE ( 'NONE', #3096, #4172, #10219, .T. ) ;
#1600 = EDGE_CURVE ( 'NONE', #2658, #11082, #10788, .T. ) ;
#1601 = VERTEX_POINT ( 'NONE', #3238 ) ;
#1602 = ORIENTED_EDGE ( 'NONE', *, *, #6198, .T. ) ;
#1603 = ORIENTED_EDGE ( 'NONE', *, *, #5909, .T. ) ;
#1604 = AXIS2_PLACEMENT_3D ( 'NONE', #6993, #7982, #3456 ) ;
#1605 = DIRECTION ( 'NONE',  ( 0.000000000000000000, 1.000000000000000000, 0.000000000000000000 ) ) ;
#1606 = LINE ( 'NONE', #2606, #8507 ) ;
#1607 = DIRECTION ( 'NONE',  ( 1.000000000000000000, 0.000000000000000000, 0.000000000000000000 ) ) ;
#1608 = CARTESIAN_POINT ( 'NONE',  ( 0.1082677165354330728, 0.005905511811023628904, -0.05787401584251970071 ) ) ;
#1609 = DIRECTION ( 'NONE',  ( 1.000000000000000000, 0.000000000000000000, -7.542275982507854188E-16 ) ) ;
#1610 = ORIENTED_EDGE ( 'NONE', *, *, #8665, .T. ) ;
#1611 = EDGE_CURVE ( 'NONE', #10197, #9118, #11415, .T. ) ;
#1612 = VERTEX_POINT ( 'NONE', #1591 ) ;
#1613 = ORIENTED_EDGE ( 'NONE', *, *, #4626, .T. ) ;
#1614 = VECTOR ( 'NONE', #9775, 39.37007874015748143 ) ;
#1615 = ORIENTED_EDGE ( 'NONE', *, *, #9892, .F. ) ;
#1616 = B_SPLINE_CURVE_WITH_KNOTS ( 'NONE', 3,
 ( #7960, #5118, #2669, #1788 ),
 .UNSPECIFIED., .F., .F.,
 ( 4, 4 ),
 ( 0.000000000000000000, 1.000000000000000000 ),
 .UNSPECIFIED. ) ;
#1617 = CARTESIAN_POINT ( 'NONE',  ( -0.1515748031495951775, 0.01377952755905511965, -0.06692913385827196915 ) ) ;
#1618 = EDGE_CURVE ( 'NONE', #6498, #450, #3412, .T. ) ;
#1619 = CARTESIAN_POINT ( 'NONE',  ( 0.1732283464544900620, -0.1015653968110211830, -0.3031496063156299270 ) ) ;
#1620 = FACE_OUTER_BOUND ( 'NONE', #9260, .T. ) ;
#1621 = CARTESIAN_POINT ( 'NONE',  ( 0.1850393700757264337, -0.08975437318897884487, -0.3464566929298031894 ) ) ;
#1622 = CARTESIAN_POINT ( 'NONE',  ( 0.09646754549610235541, -0.07874015748031495954, -0.2397519512764567373 ) ) ;
#1623 = LINE ( 'NONE', #9731, #8317 ) ;
#1624 = CARTESIAN_POINT ( 'NONE',  ( 0.02145669291338590454, -0.06909448818897638567, -0.2507874015748031704 ) ) ;
#1625 = CARTESIAN_POINT ( 'NONE',  ( -0.05118110236220472370, 0.02755905511811023584, -0.3307086614173228023 ) ) ;
#1626 = CARTESIAN_POINT ( 'NONE',  ( 0.02167235326551042451, 0.08070866141732283006, -0.2598425197014566645 ) ) ;
#1627 = VERTEX_POINT ( 'NONE', #6777 ) ;
#1628 = DIRECTION ( 'NONE',  ( 0.000000000000000000, 1.000000000000000000, 0.000000000000000000 ) ) ;
#1629 = VECTOR ( 'NONE', #7985, 39.37007874015748854 ) ;
#1630 = VECTOR ( 'NONE', #394, 39.37007874015748143 ) ;
#1631 = EDGE_CURVE ( 'NONE', #10426, #9207, #10680, .T. ) ;
#1632 = EDGE_CURVE ( 'NONE', #9106, #8356, #3522, .T. ) ;
#1633 = DIRECTION ( 'NONE',  ( -1.000000000000000000, -0.000000000000000000, -0.000000000000000000 ) ) ;
#1634 = LINE ( 'NONE', #9844, #3183 ) ;
#1635 = ADVANCED_FACE ( 'NONE', ( #1646 ), #8984, .T. ) ;
#1636 = DIRECTION ( 'NONE',  ( 0.000000000000000000, 1.239088197126290866E-15, -1.000000000000000000 ) ) ;
#1637 = CARTESIAN_POINT ( 'NONE',  ( 0.03348337688755904928, -0.03937007874015788916, -0.3661417322998818391 ) ) ;
#1638 = SURFACE_SIDE_STYLE ('',( #6943 ) ) ;
#1639 = ORIENTED_EDGE ( 'NONE', *, *, #8083, .T. ) ;
#1640 = ORIENTED_EDGE ( 'NONE', *, *, #10552, .F. ) ;
#1641 = VERTEX_POINT ( 'NONE', #9800 ) ;
#1642 = DIRECTION ( 'NONE',  ( 0.000000000000000000, 0.000000000000000000, 1.000000000000000000 ) ) ;
#1643 = AXIS2_PLACEMENT_3D ( 'NONE', #8819, #5272, #5972 ) ;
#1644 = VERTEX_POINT ( 'NONE', #3468 ) ;
#1645 = DIRECTION ( 'NONE',  ( 0.000000000000000000, 0.000000000000000000, 1.000000000000000000 ) ) ;
#1646 = FACE_OUTER_BOUND ( 'NONE', #4928, .T. ) ;
#1647 = EDGE_CURVE ( 'NONE', #2531, #6543, #6313, .T. ) ;
#1648 = DIRECTION ( 'NONE',  ( 0.000000000000000000, 1.000000000000000000, 0.000000000000000000 ) ) ;
#1649 = LINE ( 'NONE', #5210, #5412 ) ;
#1650 = DIRECTION ( 'NONE',  ( -0.7984548838801701631, 0.02126697230787043605, 0.6016789129567032823 ) ) ;
#1651 = FACE_OUTER_BOUND ( 'NONE', #10774, .T. ) ;
#1652 = DIRECTION ( 'NONE',  ( 3.771137991253928573E-16, 0.000000000000000000, 1.000000000000000000 ) ) ;
#1653 = ORIENTED_EDGE ( 'NONE', *, *, #10258, .T. ) ;
#1654 = ORIENTED_EDGE ( 'NONE', *, *, #6185, .F. ) ;
#1655 = CARTESIAN_POINT ( 'NONE',  ( 0.04593012382523622289, 0.07480314960629921850, -0.3665994151638188869 ) ) ;
#1656 = AXIS2_PLACEMENT_3D ( 'NONE', #581, #518, #9376 ) ;
#1657 = ORIENTED_EDGE ( 'NONE', *, *, #4782, .F. ) ;
#1658 = DIRECTION ( 'NONE',  ( -0.01745240550437366506, 0.000000000000000000, 0.9998476951726752437 ) ) ;
#1659 = CIRCLE ( 'NONE', #3336, 0.02559055118110236532 ) ;
#1660 = AXIS2_PLACEMENT_3D ( 'NONE', #180, #7287, #10849 ) ;
#1661 = VERTEX_POINT ( 'NONE', #8753 ) ;
#1662 = VERTEX_POINT ( 'NONE', #8929 ) ;
#1663 = ADVANCED_FACE ( 'NONE', ( #10517 ), #2587, .T. ) ;
#1664 = VECTOR ( 'NONE', #6925, 39.37007874015748143 ) ;
#1665 = LINE ( 'NONE', #7903, #1376 ) ;
#1666 = CARTESIAN_POINT ( 'NONE',  ( -0.05437248907428406108, -0.05787401574803148485, -0.3366141732283464694 ) ) ;
#1667 = AXIS2_PLACEMENT_3D ( 'NONE', #1446, #7740, #11124 ) ;
#1668 = DIRECTION ( 'NONE',  ( -1.000000000000000000, 0.000000000000000000, 0.000000000000000000 ) ) ;
#1669 = VECTOR ( 'NONE', #3223, 39.37007874015748143 ) ;
#1670 = DIRECTION ( 'NONE',  ( -0.000000000000000000, -1.000000000000000000, -0.000000000000000000 ) ) ;
#1671 = CARTESIAN_POINT ( 'NONE',  ( 0.1033690497234404926, 0.06790529800310327047, -0.05631476465323494163 ) ) ;
#1672 = ORIENTED_EDGE ( 'NONE', *, *, #1770, .T. ) ;
#1673 = ORIENTED_EDGE ( 'NONE', *, *, #5480, .T. ) ;
#1674 = ORIENTED_EDGE ( 'NONE', *, *, #1486, .F. ) ;
#1675 = VERTEX_POINT ( 'NONE', #829 ) ;
#1676 = CIRCLE ( 'NONE', #3, 0.02559055118110236532 ) ;
#1677 = VECTOR ( 'NONE', #1658, 39.37007874015748143 ) ;
#1678 = EDGE_CURVE ( 'NONE', #8967, #9264, #4507, .T. ) ;
#1679 = CARTESIAN_POINT ( 'NONE',  ( 0.06763049545537443141, 0.02362204724397404601, -0.3032444074329007089 ) ) ;
#1680 = CARTESIAN_POINT ( 'NONE',  ( 0.1151728783891717151, -0.05212857075455592376, -0.05672696343000683400 ) ) ;
#1681 = CARTESIAN_POINT ( 'NONE',  ( 0.06819987368681103279, 0.06149129132019685168, -0.2117304767253543052 ) ) ;
#1682 = CARTESIAN_POINT ( 'NONE',  ( 0.1833811608257323589, -0.09566929133858269318, -0.1496062992391500590 ) ) ;
#1683 = CARTESIAN_POINT ( 'NONE',  ( -9.040207670871211033E-19, -0.1151574803149606335, -0.05905511811023622659 ) ) ;
#1684 = CARTESIAN_POINT ( 'NONE',  ( -0.1602362192519686812, -0.08976377952755905387, -0.1062992125984252023 ) ) ;
#1685 = VECTOR ( 'NONE', #2049, 39.37007874015748143 ) ;
#1686 = ORIENTED_EDGE ( 'NONE', *, *, #10024, .T. ) ;
#1687 = VECTOR ( 'NONE', #1298, 39.37007874015748143 ) ;
#1688 = CIRCLE ( 'NONE', #8194, 0.02755905511811023237 ) ;
#1689 = PLANE ( 'NONE',  #2965 ) ;
#1690 = CARTESIAN_POINT ( 'NONE',  ( -0.1503936897244094739, -0.06968503937007874960, -0.2755905511811023723 ) ) ;
#1691 = ORIENTED_EDGE ( 'NONE', *, *, #5167, .F. ) ;
#1692 = CARTESIAN_POINT ( 'NONE',  ( 0.1082677165348566589, 0.08740157483070865041, -0.3543307086771653736 ) ) ;
#1693 = B_SPLINE_CURVE_WITH_KNOTS ( 'NONE', 3,
 ( #3334, #702, #10221, #10451, #371, #2469 ),
 .UNSPECIFIED., .F., .F.,
 ( 4, 2, 4 ),
 ( 0.000000000000000000, 0.5000000000000000000, 1.000000000000000000 ),
 .UNSPECIFIED. ) ;
#1694 = AXIS2_PLACEMENT_3D ( 'NONE', #2866, #5535, #5361 ) ;
#1695 = AXIS2_PLACEMENT_3D ( 'NONE', #884, #3640, #8166 ) ;
#1696 = VECTOR ( 'NONE', #7034, 39.37007874015748143 ) ;
#1697 = CARTESIAN_POINT ( 'NONE',  ( 0.09522812382622521110, -0.02755905511811023931, -0.2894403807942882434 ) ) ;
#1698 = DIRECTION ( 'NONE',  ( -0.9993908270172994213, -4.401252709326230373E-14, 0.03489949675393992645 ) ) ;
#1699 = DIRECTION ( 'NONE',  ( 0.000000000000000000, 1.000000000000000000, 0.000000000000000000 ) ) ;
#1700 = DIRECTION ( 'NONE',  ( 0.000000000000000000, 0.000000000000000000, 1.000000000000000000 ) ) ;
#1701 = VECTOR ( 'NONE', #8526, 39.37007874015748143 ) ;
#1702 = VECTOR ( 'NONE', #4938, 39.37007874015748143 ) ;
#1703 = EDGE_LOOP ( 'NONE', ( #6308, #10388, #11073, #2298 ) ) ;
#1704 = AXIS2_PLACEMENT_3D ( 'NONE', #11257, #9512, #8627 ) ;
#1705 = EDGE_LOOP ( 'NONE', ( #2255, #8542, #7142, #211, #11144, #6608, #4615, #11291 ) ) ;
#1706 = ADVANCED_FACE ( 'NONE', ( #7062 ), #6133, .T. ) ;
#1707 = ADVANCED_FACE ( 'NONE', ( #4340 ), #5371, .T. ) ;
#1708 = EDGE_CURVE ( 'NONE', #1346, #4855, #2649, .T. ) ;
#1709 = CARTESIAN_POINT ( 'NONE',  ( 0.1452317264424493048, -0.08975437318897931671, -0.2936649964348317376 ) ) ;
#1710 = VECTOR ( 'NONE', #8009, 39.37007874015748854 ) ;
#1711 = EDGE_LOOP ( 'NONE', ( #6644, #11232, #10526, #655, #7318 ) ) ;
#1712 = CARTESIAN_POINT ( 'NONE',  ( 0.1082677165354330728, -0.02165354337007876703, -0.1929133858267716994 ) ) ;
#1713 = FACE_OUTER_BOUND ( 'NONE', #25, .T. ) ;
#1714 = VECTOR ( 'NONE', #1103, 39.37007874015748143 ) ;
#1715 = DIRECTION ( 'NONE',  ( 1.000000000000000000, 0.000000000000000000, 0.000000000000000000 ) ) ;
#1716 = DIRECTION ( 'NONE',  ( 0.5547001962240581951, 0.000000000000000000, -0.8320502943386242078 ) ) ;
#1717 = APPLICATION_CONTEXT ( 'automotive_design' ) ;
#1718 = B_SPLINE_CURVE_WITH_KNOTS ( 'NONE', 3,
 ( #3484, #1786, #901, #735 ),
 .UNSPECIFIED., .F., .F.,
 ( 4, 4 ),
 ( 0.000000000000000000, 1.000000000000000000 ),
 .UNSPECIFIED. ) ;
#1719 = DIRECTION ( 'NONE',  ( -1.826024696172763202E-15, 0.000000000000000000, 1.000000000000000000 ) ) ;
#1720 = PLANE ( 'NONE',  #6595 ) ;
#1721 = CARTESIAN_POINT ( 'NONE',  ( 0.02167235326551111493, 0.08070866141732283006, -0.2598425197014566645 ) ) ;
#1722 = ORIENTED_EDGE ( 'NONE', *, *, #4559, .T. ) ;
#1723 = ORIENTED_EDGE ( 'NONE', *, *, #11264, .F. ) ;
#1724 =( NAMED_UNIT ( * ) PLANE_ANGLE_UNIT ( ) SI_UNIT ( $, .RADIAN. ) );
#1725 = VERTEX_POINT ( 'NONE', #74 ) ;
#1726 = EDGE_CURVE ( 'NONE', #9894, #7002, #11500, .T. ) ;
#1727 = CARTESIAN_POINT ( 'NONE',  ( -0.05118110236220473064, 0.000000000000000000, -0.3444881889770938788 ) ) ;
#1728 = EDGE_LOOP ( 'NONE', ( #3766, #6181, #3454, #10209 ) ) ;
#1729 = VERTEX_POINT ( 'NONE', #7174 ) ;
#1730 = LINE ( 'NONE', #3480, #733 ) ;
#1731 = DIRECTION ( 'NONE',  ( 0.000000000000000000, -1.000000000000000000, 0.000000000000000000 ) ) ;
#1732 = DIRECTION ( 'NONE',  ( -1.000000000000000000, 0.000000000000000000, 0.000000000000000000 ) ) ;
#1733 = DIRECTION ( 'NONE',  ( -0.000000000000000000, -0.000000000000000000, -1.000000000000000000 ) ) ;
#1734 = CARTESIAN_POINT ( 'NONE',  ( 0.1240157480314908189, -0.08464566929133435225, -0.2992125984251968185 ) ) ;
#1735 = DIRECTION ( 'NONE',  ( 0.000000000000000000, 1.000000000000000000, 1.302425177218710172E-15 ) ) ;
#1736 = EDGE_CURVE ( 'NONE', #5782, #10298, #1676, .T. ) ;
#1737 = ORIENTED_EDGE ( 'NONE', *, *, #7836, .T. ) ;
#1738 = ORIENTED_EDGE ( 'NONE', *, *, #596, .T. ) ;
#1739 = EDGE_CURVE ( 'NONE', #2985, #9783, #5391, .T. ) ;
#1740 = EDGE_LOOP ( 'NONE', ( #959, #9389, #4942, #9985 ) ) ;
#1741 = LINE ( 'NONE', #5124, #2555 ) ;
#1742 = CYLINDRICAL_SURFACE ( 'NONE', #9316, 0.05314960629921259422 ) ;
#1743 = LINE ( 'NONE', #11533, #575 ) ;
#1744 = LINE ( 'NONE', #8847, #7160 ) ;
#1745 = CARTESIAN_POINT ( 'NONE',  ( 0.1929133858245669908, -0.1015653968110236255, -0.3248031496227165582 ) ) ;
#1746 = VERTEX_POINT ( 'NONE', #4563 ) ;
#1747 = CARTESIAN_POINT ( 'NONE',  ( 0.1728872507536220460, -0.08941327748811025988, -0.3031496063156299270 ) ) ;
#1748 = ORIENTED_EDGE ( 'NONE', *, *, #1284, .F. ) ;
#1749 = ADVANCED_FACE ( 'NONE', ( #1713 ), #10731, .F. ) ;
#1750 = EDGE_CURVE ( 'NONE', #552, #10100, #8011, .T. ) ;
#1751 = DIRECTION ( 'NONE',  ( 0.000000000000000000, -1.000000000000000000, 0.000000000000000000 ) ) ;
#1752 = VECTOR ( 'NONE', #1209, 39.37007874015748143 ) ;
#1753 = LINE ( 'NONE', #1, #7184 ) ;
#1754 = CARTESIAN_POINT ( 'NONE',  ( 0.06227992884927204681, -0.01181102362204724567, -0.3350887334942898033 ) ) ;
#1755 = CYLINDRICAL_SURFACE ( 'NONE', #137, 0.01574803149606303354 ) ;
#1756 = FACE_OUTER_BOUND ( 'NONE', #3872, .T. ) ;
#1757 = CIRCLE ( 'NONE', #6766, 0.003937007874015724558 ) ;
#1758 = CARTESIAN_POINT ( 'NONE',  ( 0.1555118110384950680, -0.02755905511972522523, -0.1708661417521971093 ) ) ;
#1759 = ORIENTED_EDGE ( 'NONE', *, *, #9709, .T. ) ;
#1760 = EDGE_LOOP ( 'NONE', ( #8569, #6699, #5447, #2501 ) ) ;
#1761 = CARTESIAN_POINT ( 'NONE',  ( 0.02757786507653543773, 0.08858267716535424274, -0.2893700787565744448 ) ) ;
#1762 = AXIS2_PLACEMENT_3D ( 'NONE', #677, #2496, #9545 ) ;
#1763 = EDGE_LOOP ( 'NONE', ( #8337, #6784, #1434, #5173, #6597, #2273 ) ) ;
#1764 = CYLINDRICAL_SURFACE ( 'NONE', #6991, 0.05314960629921259422 ) ;
#1765 = CARTESIAN_POINT ( 'NONE',  ( -0.05118110236220473064, 0.000000000000000000, -0.3484251968589627824 ) ) ;
#1766 = EDGE_CURVE ( 'NONE', #1627, #2963, #4657, .T. ) ;
#1767 = LINE ( 'NONE', #4508, #8381 ) ;
#1768 = FACE_OUTER_BOUND ( 'NONE', #2602, .T. ) ;
#1769 = ADVANCED_FACE ( 'NONE', ( #4396 ), #2927, .T. ) ;
#1770 = EDGE_CURVE ( 'NONE', #8064, #1424, #8398, .T. ) ;
#1771 = DIRECTION ( 'NONE',  ( 0.000000000000000000, 1.000000000000000000, 0.000000000000000000 ) ) ;
#1772 = DIRECTION ( 'NONE',  ( 0.000000000000000000, 0.000000000000000000, -1.000000000000000000 ) ) ;
#1773 = ORIENTED_EDGE ( 'NONE', *, *, #9874, .T. ) ;
#1774 = ORIENTED_EDGE ( 'NONE', *, *, #3301, .F. ) ;
#1775 = ORIENTED_EDGE ( 'NONE', *, *, #2445, .T. ) ;
#1776 = CARTESIAN_POINT ( 'NONE',  ( -0.06889763780840289786, -1.794777945343928064E-11, -0.3484251968898070539 ) ) ;
#1777 = ORIENTED_EDGE ( 'NONE', *, *, #8854, .T. ) ;
#1778 = VERTEX_POINT ( 'NONE', #9268 ) ;
#1779 = DIRECTION ( 'NONE',  ( -0.000000000000000000, -0.000000000000000000, -1.000000000000000000 ) ) ;
#1780 = ADVANCED_FACE ( 'NONE', ( #2046 ), #10791, .F. ) ;
#1781 = CARTESIAN_POINT ( 'NONE',  ( -0.01377952755905511271, 0.06052866766823254696, -0.3307086614173215255 ) ) ;
#1782 = EDGE_CURVE ( 'NONE', #4018, #5238, #245, .T. ) ;
#1783 = LINE ( 'NONE', #846, #4237 ) ;
#1784 = EDGE_CURVE ( 'NONE', #5215, #8923, #1172, .T. ) ;
#1785 = CARTESIAN_POINT ( 'NONE',  ( 0.1047329489702330668, 0.08661417322836932609, -0.1864726135205190261 ) ) ;
#1786 = CARTESIAN_POINT ( 'NONE',  ( 0.1151801698355777587, 0.06718301704125927143, -0.05402280320725883628 ) ) ;
#1787 = VECTOR ( 'NONE', #9747, 39.37007874015748143 ) ;
#1788 = CARTESIAN_POINT ( 'NONE',  ( 0.05582563438589183136, 0.02387208005267589528, -0.3037005329345572879 ) ) ;
#1789 = ORIENTED_EDGE ( 'NONE', *, *, #10024, .F. ) ;
#1790 = ORIENTED_EDGE ( 'NONE', *, *, #3742, .F. ) ;
#1791 = VERTEX_POINT ( 'NONE', #7345 ) ;
#1792 = VERTEX_POINT ( 'NONE', #6411 ) ;
#1793 = EDGE_CURVE ( 'NONE', #3382, #5973, #1111, .T. ) ;
#1794 = DIRECTION ( 'NONE',  ( 7.520114042243920820E-11, 0.000000000000000000, -1.000000000000000000 ) ) ;
#1795 = DIRECTION ( 'NONE',  ( 0.000000000000000000, 1.000000000000000000, 0.000000000000000000 ) ) ;
#1796 = EDGE_CURVE ( 'NONE', #4202, #9541, #7249, .T. ) ;
#1797 = LINE ( 'NONE', #7863, #7092 ) ;
#1798 = DIRECTION ( 'NONE',  ( 0.9993908270173046393, -1.073638918490458516E-13, -0.03489949675378719446 ) ) ;
#1799 = CYLINDRICAL_SURFACE ( 'NONE', #1070, 0.05118110247964287318 ) ;
#1800 = EDGE_LOOP ( 'NONE', ( #1006, #1062, #9446, #10818, #6043, #5636, #6537, #8471, #1420, #9774, #8475, #10704, #8444, #7156 ) ) ;
#1801 = FACE_OUTER_BOUND ( 'NONE', #4983, .T. ) ;
#1802 = ORIENTED_EDGE ( 'NONE', *, *, #2957, .T. ) ;
#1803 = CARTESIAN_POINT ( 'NONE',  ( 0.02101318503961024237, 0.06302867711956693098, -0.1547158373296850520 ) ) ;
#1804 = ORIENTED_EDGE ( 'NONE', *, *, #5720, .T. ) ;
#1805 = EDGE_CURVE ( 'NONE', #9591, #4632, #2227, .T. ) ;
#1806 = AXIS2_PLACEMENT_3D ( 'NONE', #9312, #573, #4830 ) ;
#1807 = DIRECTION ( 'NONE',  ( 0.01745240646108212404, 1.022955174508596385E-13, -0.9998476951559758241 ) ) ;
#1808 = CARTESIAN_POINT ( 'NONE',  ( 0.1166483451082770822, 0.08070866141732278842, -0.3213727545570959632 ) ) ;
#1809 = EDGE_CURVE ( 'NONE', #11127, #11473, #10030, .T. ) ;
#1810 = DIRECTION ( 'NONE',  ( 1.000000000000000000, 0.000000000000000000, 0.000000000000000000 ) ) ;
#1811 = CARTESIAN_POINT ( 'NONE',  ( 0.07550767557375727412, 0.02362204724430353592, -0.3033569815648022860 ) ) ;
#1812 = CARTESIAN_POINT ( 'NONE',  ( 0.02757786507653543773, 0.08858267716535433989, -0.2598425197014566645 ) ) ;
#1813 = EDGE_LOOP ( 'NONE', ( #6260, #5067 ) ) ;
#1814 = AXIS2_PLACEMENT_3D ( 'NONE', #5639, #1029, #7151 ) ;
#1815 = VERTEX_POINT ( 'NONE', #7231 ) ;
#1816 = FACE_OUTER_BOUND ( 'NONE', #5976, .T. ) ;
#1817 = AXIS2_PLACEMENT_3D ( 'NONE', #6675, #2253, #9363 ) ;
#1818 = ORIENTED_EDGE ( 'NONE', *, *, #85, .F. ) ;
#1819 = PLANE ( 'NONE',  #4393 ) ;
#1820 = CARTESIAN_POINT ( 'NONE',  ( 0.09449759350173228545, -0.06253562119763779459, -0.3199606299376770990 ) ) ;
#1821 = ADVANCED_FACE ( 'NONE', ( #5544 ), #2819, .T. ) ;
#1822 = VECTOR ( 'NONE', #3371, 39.37007874015748143 ) ;
#1823 = LENGTH_MEASURE_WITH_UNIT ( LENGTH_MEASURE( 0.02539999999999999897 ), #11450 );
#1824 = LINE ( 'NONE', #76, #1502 ) ;
#1825 = CARTESIAN_POINT ( 'NONE',  ( -0.05118110236220472370, -0.02755905511811029482, -0.2795275590551197231 ) ) ;
#1826 = CARTESIAN_POINT ( 'NONE',  ( 0.09056058562771632237, -0.05905511811023620578, -0.3208661417487009837 ) ) ;
#1827 = ORIENTED_EDGE ( 'NONE', *, *, #4661, .F. ) ;
#1828 = ORIENTED_EDGE ( 'NONE', *, *, #8829, .T. ) ;
#1829 = EDGE_LOOP ( 'NONE', ( #3110, #56, #7090, #9702, #2881, #449 ) ) ;
#1830 = DIRECTION ( 'NONE',  ( 0.000000000000000000, -1.000000000000000000, 0.000000000000000000 ) ) ;
#1831 = AXIS2_PLACEMENT_3D ( 'NONE', #115, #4387, #1869 ) ;
#1832 = ORIENTED_EDGE ( 'NONE', *, *, #9720, .F. ) ;
#1833 = EDGE_LOOP ( 'NONE', ( #7650, #436 ) ) ;
#1834 = SPHERICAL_SURFACE ( 'NONE', #1282, 0.01968503937007873988 ) ;
#1835 = CARTESIAN_POINT ( 'NONE',  ( 0.1555118110200349735, 0.03192116310903346521, -0.08885078063561301087 ) ) ;
#1836 = CARTESIAN_POINT ( 'NONE',  ( 0.04135739263559054524, -0.04724409448818896184, -0.3208661417526385007 ) ) ;
#1837 = VECTOR ( 'NONE', #784, 39.37007874015748143 ) ;
#1838 = DIRECTION ( 'NONE',  ( 0.000000000000000000, 1.000000000000000000, 0.000000000000000000 ) ) ;
#1839 = FACE_OUTER_BOUND ( 'NONE', #5722, .T. ) ;
#1840 = CARTESIAN_POINT ( 'NONE',  ( -0.07874015746822835005, -1.797984714866465861E-11, -0.3484251968898032237 ) ) ;
#1841 = ORIENTED_EDGE ( 'NONE', *, *, #1915, .T. ) ;
#1842 = VECTOR ( 'NONE', #9627, 39.37007874015748143 ) ;
#1843 = ORIENTED_EDGE ( 'NONE', *, *, #2289, .F. ) ;
#1844 = VERTEX_POINT ( 'NONE', #10854 ) ;
#1845 = EDGE_CURVE ( 'NONE', #2306, #6172, #295, .T. ) ;
#1846 = ORIENTED_EDGE ( 'NONE', *, *, #336, .T. ) ;
#1847 = EDGE_CURVE ( 'NONE', #3176, #9541, #2987, .T. ) ;
#1848 = EDGE_CURVE ( 'NONE', #9162, #10118, #3926, .T. ) ;
#1849 = VECTOR ( 'NONE', #9075, 39.37007874015748143 ) ;
#1850 = VECTOR ( 'NONE', #11461, 39.37007874015748143 ) ;
#1851 = LINE ( 'NONE', #5405, #6835 ) ;
#1852 = CARTESIAN_POINT ( 'NONE',  ( 0.1082677165354366533, 0.1102362204724446348, -0.2303149606240157965 ) ) ;
#1853 = FACE_OUTER_BOUND ( 'NONE', #7910, .T. ) ;
#1854 = DIRECTION ( 'NONE',  ( -1.000000000000000000, 0.000000000000000000, 0.000000000000000000 ) ) ;
#1855 = LINE ( 'NONE', #5409, #6463 ) ;
#1856 = EDGE_LOOP ( 'NONE', ( #7883, #5030, #1558, #10165, #6556, #2284, #2747, #1906, #554, #4694, #9675, #4569, #6394, #1774, #3860, #5802, #9805, #10565, #8592, #7225, #4530, #3073, #9328, #889, #9523, #9640, #8970, #1827, #3422, #2286, #2078, #10653, #6380, #3046 ) ) ;
#1857 = AXIS2_PLACEMENT_3D ( 'NONE', #3826, #3002, #9280 ) ;
#1858 = CYLINDRICAL_SURFACE ( 'NONE', #2783, 0.005905511810936714054 ) ;
#1859 = EDGE_LOOP ( 'NONE', ( #10045, #4599, #4390, #4545 ) ) ;
#1860 = AXIS2_PLACEMENT_3D ( 'NONE', #7709, #11212, #5901 ) ;
#1861 = CARTESIAN_POINT ( 'NONE',  ( 0.000000000000000000, -0.1151574803149768567, -0.2559055118110236671 ) ) ;
#1862 = EDGE_CURVE ( 'NONE', #4204, #3162, #9093, .T. ) ;
#1863 = CARTESIAN_POINT ( 'NONE',  ( 0.05637531648553225500, 0.01968503937007873988, -0.3351917988825598993 ) ) ;
#1864 = VECTOR ( 'NONE', #1302, 39.37007874015748143 ) ;
#1865 = CARTESIAN_POINT ( 'NONE',  ( 0.03348337688755977787, 0.08858267719488190084, -0.2598425199622198534 ) ) ;
#1866 = CARTESIAN_POINT ( 'NONE',  ( 0.06681033599976378412, -0.03543307086613987911, -0.2562575031602362108 ) ) ;
#1867 = VECTOR ( 'NONE', #6780, 39.37007874015748143 ) ;
#1868 = VECTOR ( 'NONE', #7274, 39.37007874015748143 ) ;
#1869 = DIRECTION ( 'NONE',  ( 0.000000000000000000, 1.000000000000000000, 6.424901762877064481E-16 ) ) ;
#1870 = DIRECTION ( 'NONE',  ( 0.9998476951233522536, -1.606676669929499119E-09, 0.01745240833009312903 ) ) ;
#1871 = CARTESIAN_POINT ( 'NONE',  ( 0.09251968503937006705, -0.09842519685040117261, -0.2992125984251968740 ) ) ;
#1872 = ORIENTED_EDGE ( 'NONE', *, *, #6773, .T. ) ;
#1873 = EDGE_LOOP ( 'NONE', ( #9163, #4429, #7772, #8026, #9471, #6017 ) ) ;
#1874 = VECTOR ( 'NONE', #4899, 39.37007874015748143 ) ;
#1875 = CIRCLE ( 'NONE', #9516, 0.007874015748578520185 ) ;
#1876 = ADVANCED_FACE ( 'NONE', ( #7399 ), #2104, .F. ) ;
#1877 = AXIS2_PLACEMENT_3D ( 'NONE', #11502, #7006, #8813 ) ;
#1878 = ORIENTED_EDGE ( 'NONE', *, *, #501, .F. ) ;
#1879 = CARTESIAN_POINT ( 'NONE',  ( 0.1929133858245669908, -0.1015653968110211969, -0.3346456693070517519 ) ) ;
#1880 = DIRECTION ( 'NONE',  ( 0.000000000000000000, 0.000000000000000000, 1.000000000000000000 ) ) ;
#1881 = CARTESIAN_POINT ( 'NONE',  ( 0.1058321457165607576, -0.07086614173228347746, -0.1549957370767841569 ) ) ;
#1883 = DIRECTION ( 'NONE',  ( 1.000000000000000000, 0.000000000000000000, 0.000000000000000000 ) ) ;
#1882 = VECTOR ( 'NONE', #3071, 39.37007874015748143 ) ;
#1884 = AXIS2_PLACEMENT_3D ( 'NONE', #8184, #9057, #9818 ) ;
#1885 = CIRCLE ( 'NONE', #1704, 0.01181102362204724046 ) ;
#1886 = CARTESIAN_POINT ( 'NONE',  ( 0.02145669291338582821, -0.09917322834645667107, -0.2487165354330708456 ) ) ;
#1887 = CARTESIAN_POINT ( 'NONE',  ( 0.1030255507398435133, -0.06299212598425196763, -0.06615128853741250592 ) ) ;
#1888 = ORIENTED_EDGE ( 'NONE', *, *, #3489, .T. ) ;
#1889 = EDGE_LOOP ( 'NONE', ( #3636, #2372, #1034, #8013 ) ) ;
#1890 = ORIENTED_EDGE ( 'NONE', *, *, #4812, .T. ) ;
#1891 = EDGE_CURVE ( 'NONE', #5866, #1662, #1114, .T. ) ;
#1892 = CARTESIAN_POINT ( 'NONE',  ( 0.06790751834486222216, 0.02387208003937008396, -0.3191150377692716922 ) ) ;
#1893 = ORIENTED_EDGE ( 'NONE', *, *, #10675, .T. ) ;
#1894 = AXIS2_PLACEMENT_3D ( 'NONE', #9715, #9653, #7086 ) ;
#1895 = AXIS2_PLACEMENT_3D ( 'NONE', #1445, #4145, #7564 ) ;
#1896 = ORIENTED_EDGE ( 'NONE', *, *, #8225, .T. ) ;
#1897 = CARTESIAN_POINT ( 'NONE',  ( 0.1102456249977952635, -0.08581736531496061970, -0.3661417322998805068 ) ) ;
#1898 = DIRECTION ( 'NONE',  ( -1.000000000000000000, 0.000000000000000000, 0.000000000000000000 ) ) ;
#1899 = CARTESIAN_POINT ( 'NONE',  ( 0.02145669286220470290, 0.07480314960629921850, -0.1929133858267716994 ) ) ;
#1900 = CARTESIAN_POINT ( 'NONE',  ( -0.07362204602362203143, 0.06417322834645670937, -0.3425196850393758541 ) ) ;
#1901 = DIRECTION ( 'NONE',  ( 1.000000000000000000, 0.000000000000000000, 0.000000000000000000 ) ) ;
#1902 = FACE_OUTER_BOUND ( 'NONE', #182, .T. ) ;
#1903 = LINE ( 'NONE', #2010, #9647 ) ;
#1904 = ORIENTED_EDGE ( 'NONE', *, *, #8410, .F. ) ;
#1905 = CARTESIAN_POINT ( 'NONE',  ( 0.09448818897637795144, 0.09251968503937008093, -0.2303149606299213503 ) ) ;
#1906 = ORIENTED_EDGE ( 'NONE', *, *, #9539, .F. ) ;
#1907 = ORIENTED_EDGE ( 'NONE', *, *, #5068, .F. ) ;
#1908 = ORIENTED_EDGE ( 'NONE', *, *, #6615, .F. ) ;
#1909 = EDGE_CURVE ( 'NONE', #6649, #3490, #3048, .T. ) ;
#1910 = CARTESIAN_POINT ( 'NONE',  ( -0.1929133858267716994, -0.08976377952755906775, -0.2263779527559055538 ) ) ;
#1911 = DIRECTION ( 'NONE',  ( 0.000000000000000000, 1.000000000000000000, 0.000000000000000000 ) ) ;
#1912 = CARTESIAN_POINT ( 'NONE',  ( 0.07271494838451418585, -0.02755905511972522523, -0.2561544377432460329 ) ) ;
#1913 = CARTESIAN_POINT ( 'NONE',  ( 0.05391334351314960860, 0.06547953404381891274, -0.04390604553125984633 ) ) ;
#1914 = DIRECTION ( 'NONE',  ( -1.000000000000000000, -1.445602896959033243E-15, 5.200122740941017372E-11 ) ) ;
#1915 = EDGE_CURVE ( 'NONE', #8923, #2225, #8926, .T. ) ;
#1916 = ORIENTED_EDGE ( 'NONE', *, *, #7182, .T. ) ;
#1917 = ADVANCED_FACE ( 'NONE', ( #8504 ), #8625, .T. ) ;
#1918 = CARTESIAN_POINT ( 'NONE',  ( 0.06595898913165354482, -0.04724409448818897572, -0.3661417322998820056 ) ) ;
#1919 = VERTEX_POINT ( 'NONE', #9567 ) ;
#1920 = CARTESIAN_POINT ( 'NONE',  ( 0.1920425781544018995, -0.1015748031496063186, -0.1196850410605699716 ) ) ;
#1921 = DIRECTION ( 'NONE',  ( 0.000000000000000000, 1.000000000000000000, 0.000000000000000000 ) ) ;
#1922 = CARTESIAN_POINT ( 'NONE',  ( 0.1574803149606299191, 0.005905511811023620231, -0.07795275597637797704 ) ) ;
#1923 = DIRECTION ( 'NONE',  ( 0.03489949667903968072, 0.000000000000000000, 0.9993908270199149957 ) ) ;
#1924 = CARTESIAN_POINT ( 'NONE',  ( 0.07366231796960631684, -0.04977920198106298988, -0.03759163786225984405 ) ) ;
#1925 = DIRECTION ( 'NONE',  ( 0.000000000000000000, 0.000000000000000000, -1.000000000000000000 ) ) ;
#1926 = EDGE_CURVE ( 'NONE', #7043, #243, #3278, .T. ) ;
#1927 = DIRECTION ( 'NONE',  ( -0.000000000000000000, -1.000000000000000000, -0.000000000000000000 ) ) ;
#1928 = VECTOR ( 'NONE', #5681, 39.37007874015748143 ) ;
#1929 = ORIENTED_EDGE ( 'NONE', *, *, #2856, .F. ) ;
#1930 = CARTESIAN_POINT ( 'NONE',  ( 0.1034789693984559528, 0.07193953059055117893, -0.05316707700532840447 ) ) ;
#1931 = EDGE_CURVE ( 'NONE', #1546, #7201, #4835, .T. ) ;
#1932 = EDGE_LOOP ( 'NONE', ( #4631, #2767, #7523, #3127 ) ) ;
#1933 = DIRECTION ( 'NONE',  ( 0.000000000000000000, 1.000000000000000000, 0.000000000000000000 ) ) ;
#1934 = DIRECTION ( 'NONE',  ( 0.000000000000000000, 1.000000000000000000, 0.000000000000000000 ) ) ;
#1935 = CARTESIAN_POINT ( 'NONE',  ( 0.08070866141731401766, -0.09842519685039370636, -0.3661417322834734089 ) ) ;
#1936 = LINE ( 'NONE', #10733, #9125 ) ;
#1937 = EDGE_CURVE ( 'NONE', #6039, #3169, #2335, .T. ) ;
#1938 = CARTESIAN_POINT ( 'NONE',  ( -0.1850393700787393847, -0.09566929133858267931, -0.3267716535433071723 ) ) ;
#1939 = FACE_OUTER_BOUND ( 'NONE', #4133, .T. ) ;
#1940 = ORIENTED_EDGE ( 'NONE', *, *, #9491, .F. ) ;
#1941 = ORIENTED_EDGE ( 'NONE', *, *, #9841, .T. ) ;
#1942 = ORIENTED_EDGE ( 'NONE', *, *, #8105, .F. ) ;
#1943 = VECTOR ( 'NONE', #7547, 39.37007874015748143 ) ;
#1944 = CIRCLE ( 'NONE', #9385, 0.007874015748031482076 ) ;
#1945 = CARTESIAN_POINT ( 'NONE',  ( -0.07874015748031495954, 0.1023622047243944455, -0.3267716535433070058 ) ) ;
#1946 = ORIENTED_EDGE ( 'NONE', *, *, #2414, .F. ) ;
#1947 = ADVANCED_FACE ( 'NONE', ( #1527 ), #11076, .T. ) ;
#1948 = ORIENTED_EDGE ( 'NONE', *, *, #291, .T. ) ;
#1949 = CARTESIAN_POINT ( 'NONE',  ( 0.08369600194751967981, 0.06862550120422203359, -0.05562776668185039075 ) ) ;
#1950 = CARTESIAN_POINT ( 'NONE',  ( -0.1444881680708541838, -0.06968503937007874960, -0.3385826771653543399 ) ) ;
#1951 = LINE ( 'NONE', #7137, #3952 ) ;
#1952 = LINE ( 'NONE', #205, #10006 ) ;
#1953 = ADVANCED_FACE ( 'NONE', ( #3332 ), #5960, .T. ) ;
#1954 = EDGE_CURVE ( 'NONE', #6814, #2712, #7573, .T. ) ;
#1955 = CARTESIAN_POINT ( 'NONE',  ( -0.01377952755905511618, 0.06496062992125983815, -0.2070866141732283505 ) ) ;
#1956 = CARTESIAN_POINT ( 'NONE',  ( -0.07086614173228347746, 2.410722045565656147E-18, -0.2401574803149604254 ) ) ;
#1957 = DIRECTION ( 'NONE',  ( 0.6018150227142088360, 0.000000000000000000, 0.7986355103772286856 ) ) ;
#1958 = ORIENTED_EDGE ( 'NONE', *, *, #3708, .T. ) ;
#1959 = PLANE ( 'NONE',  #2638 ) ;
#1960 = VERTEX_POINT ( 'NONE', #5138 ) ;
#1961 = ORIENTED_EDGE ( 'NONE', *, *, #3288, .T. ) ;
#1962 = VERTEX_POINT ( 'NONE', #4155 ) ;
#1963 = VECTOR ( 'NONE', #2348, 39.37007874015748143 ) ;
#1964 = CARTESIAN_POINT ( 'NONE',  ( -0.1432834432433071070, -0.06031496062992126872, -0.3307086614173229133 ) ) ;
#1965 = CARTESIAN_POINT ( 'NONE',  ( 0.1417322834645588503, 0.02559055118110236532, -0.1015748031496063186 ) ) ;
#1966 = EDGE_CURVE ( 'NONE', #11163, #1662, #4093, .T. ) ;
#1967 = CARTESIAN_POINT ( 'NONE',  ( 0.07340930367889562935, 0.03640617689246136018, -0.2959340275584046442 ) ) ;
#1968 = CARTESIAN_POINT ( 'NONE',  ( 0.07550767572697571206, 0.02362204732433945131, -0.3033569815516553581 ) ) ;
#1969 = DIRECTION ( 'NONE',  ( 0.000000000000000000, 0.000000000000000000, 1.000000000000000000 ) ) ;
#1970 = VERTEX_POINT ( 'NONE', #2396 ) ;
#1971 = DIRECTION ( 'NONE',  ( -1.000000000000000000, -0.000000000000000000, -0.000000000000000000 ) ) ;
#1972 = ORIENTED_EDGE ( 'NONE', *, *, #8010, .F. ) ;
#1973 = CARTESIAN_POINT ( 'NONE',  ( 0.1082677165354438281, -0.07165354330708287312, -0.1948818897637795422 ) ) ;
#1974 = EDGE_CURVE ( 'NONE', #4839, #4293, #1688, .T. ) ;
#1975 = LINE ( 'NONE', #10894, #8251 ) ;
#1976 = CARTESIAN_POINT ( 'NONE',  ( 0.09251968503937006705, -0.09842519685039370636, -0.1830708661417323191 ) ) ;
#1977 = DIRECTION ( 'NONE',  ( 0.000000000000000000, 0.000000000000000000, -1.000000000000000000 ) ) ;
#1978 = CARTESIAN_POINT ( 'NONE',  ( 0.1150342236721653560, -0.05091116788885827193, -0.04589825921641733225 ) ) ;
#1979 = LINE ( 'NONE', #9085, #1714 ) ;
#1980 = CARTESIAN_POINT ( 'NONE',  ( 0.1555118110340943938, 0.02047622795910366764, -0.1092519684822301773 ) ) ;
#1981 = DIRECTION ( 'NONE',  ( 0.6018150240355516489, 0.000000000000000000, 0.7986355093815253881 ) ) ;
#1982 = ORIENTED_EDGE ( 'NONE', *, *, #4344, .F. ) ;
#1983 = CYLINDRICAL_SURFACE ( 'NONE', #2968, 0.01968503937007874682 ) ;
#1984 = ADVANCED_FACE ( 'NONE', ( #5888 ), #9440, .F. ) ;
#1985 = EDGE_CURVE ( 'NONE', #7691, #903, #3227, .T. ) ;
#1986 = EDGE_CURVE ( 'NONE', #3688, #6264, #7227, .T. ) ;
#1987 = VERTEX_POINT ( 'NONE', #2279 ) ;
#1988 = CARTESIAN_POINT ( 'NONE',  ( 0.1114033822394488032, 0.06711798306523622526, -0.05400086243850393819 ) ) ;
#1989 = CARTESIAN_POINT ( 'NONE',  ( -0.1574803149606299191, 0.005905511811023620231, -0.1031496062992126456 ) ) ;
#1990 = CARTESIAN_POINT ( 'NONE',  ( 0.07605735772162797170, 0.02337201444881889870, -0.3348482475744194442 ) ) ;
#1991 = CARTESIAN_POINT ( 'NONE',  ( 0.08661417322834646937, -0.06692913385826770867, -0.2992125984251968740 ) ) ;
#1992 = AXIS2_PLACEMENT_3D ( 'NONE', #1495, #10121, #2136 ) ;
#1993 = CARTESIAN_POINT ( 'NONE',  ( -0.1439971436703149921, 0.01434733634621653507, -0.07524233518157480427 ) ) ;
#1994 = DIRECTION ( 'NONE',  ( 0.000000000000000000, 1.000000000000000000, 0.000000000000000000 ) ) ;
#1995 = ORIENTED_EDGE ( 'NONE', *, *, #2562, .F. ) ;
#1996 = EDGE_LOOP ( 'NONE', ( #9294, #1491, #2846, #6261 ) ) ;
#1997 = ORIENTED_EDGE ( 'NONE', *, *, #6150, .T. ) ;
#1998 = DIRECTION ( 'NONE',  ( -0.01745240646098071557, 0.000000000000000000, 0.9998476951559776005 ) ) ;
#1999 = ORIENTED_EDGE ( 'NONE', *, *, #2088, .T. ) ;
#2000 = EDGE_CURVE ( 'NONE', #3011, #7069, #9330, .T. ) ;
#2001 = VECTOR ( 'NONE', #10722, 39.37007874015748143 ) ;
#2002 = ORIENTED_EDGE ( 'NONE', *, *, #8182, .T. ) ;
#2003 = CARTESIAN_POINT ( 'NONE',  ( 0.03320373444250000056, -0.06037636071059054865, -0.3538730257810629998 ) ) ;
#2004 = LINE ( 'NONE', #5846, #10228 ) ;
#2005 = AXIS2_PLACEMENT_3D ( 'NONE', #10944, #2962, #6506 ) ;
#2006 = DIRECTION ( 'NONE',  ( 0.9993908270172994213, -4.467938356437227342E-14, -0.03489949675394120321 ) ) ;
#2007 = FACE_OUTER_BOUND ( 'NONE', #2498, .T. ) ;
#2008 = LINE ( 'NONE', #9115, #4317 ) ;
#2009 = PLANE ( 'NONE',  #5672 ) ;
#2010 = CARTESIAN_POINT ( 'NONE',  ( 0.1833811613458856404, -0.09566929133858269318, -0.1275590551106136894 ) ) ;
#2011 = VERTEX_POINT ( 'NONE', #8566 ) ;
#2012 = CARTESIAN_POINT ( 'NONE',  ( 0.03430867865947245104, 0.08897637795275592509, -0.3549842519685040276 ) ) ;
#2013 = VECTOR ( 'NONE', #11241, 39.37007874015748143 ) ;
#2014 = VERTEX_POINT ( 'NONE', #469 ) ;
#2015 = VERTEX_POINT ( 'NONE', #3164 ) ;
#2016 = EDGE_CURVE ( 'NONE', #2647, #10214, #5832, .T. ) ;
#2017 = VERTEX_POINT ( 'NONE', #4961 ) ;
#2018 = CIRCLE ( 'NONE', #10202, 0.01870078755910346141 ) ;
#2019 = DIRECTION ( 'NONE',  ( -0.5658812418296289559, -0.000000000000000000, -0.8244867616556114109 ) ) ;
#2020 = CARTESIAN_POINT ( 'NONE',  ( 0.1070169747875590605, -0.05091598348992125433, -0.05309959336519684547 ) ) ;
#2021 = CARTESIAN_POINT ( 'NONE',  ( 0.1574803149606298913, -0.09842519685039370636, -0.1830708661417323191 ) ) ;
#2022 = CARTESIAN_POINT ( 'NONE',  ( 0.08897096022397635307, 0.06615770539397637651, -0.02160187233252755870 ) ) ;
#2023 = CARTESIAN_POINT ( 'NONE',  ( 0.1437007874101574878, 0.07874015748031552853, -0.1969195466181496434 ) ) ;
#2024 = ORIENTED_EDGE ( 'NONE', *, *, #3660, .T. ) ;
#2025 = DIRECTION ( 'NONE',  ( 0.000000000000000000, 1.000000000000000000, 0.000000000000000000 ) ) ;
#2026 = VERTEX_POINT ( 'NONE', #6283 ) ;
#2027 = DIRECTION ( 'NONE',  ( 0.9993908270173006425, 0.000000000000000000, -0.03489949675390672384 ) ) ;
#2028 = ADVANCED_FACE ( 'NONE', ( #4495 ), #6120, .T. ) ;
#2029 = AXIS2_PLACEMENT_3D ( 'NONE', #9338, #1349, #4918 ) ;
#2030 = DIRECTION ( 'NONE',  ( -0.000000000000000000, -0.000000000000000000, -1.000000000000000000 ) ) ;
#2031 = DIRECTION ( 'NONE',  ( 0.9138115486224115402, 0.000000000000000000, -0.4061384660486003217 ) ) ;
#2032 = CARTESIAN_POINT ( 'NONE',  ( -0.1850393700787401619, -0.08976377952754717449, -0.1377952755905511861 ) ) ;
#2033 = CIRCLE ( 'NONE', #9484, 0.005905511811034109236 ) ;
#2034 = CARTESIAN_POINT ( 'NONE',  ( 0.1033690497234405203, -0.05212857075900691889, -0.05631476465323494163 ) ) ;
#2035 = DIRECTION ( 'NONE',  ( -0.000000000000000000, -1.000000000000000000, -0.000000000000000000 ) ) ;
#2036 = VECTOR ( 'NONE', #7246, 39.37007874015748143 ) ;
#2037 = PLANE ( 'NONE',  #7228 ) ;
#2038 = LINE ( 'NONE', #5822, #9890 ) ;
#2039 = AXIS2_PLACEMENT_3D ( 'NONE', #7514, #9379, #11247 ) ;
#2040 = ORIENTED_EDGE ( 'NONE', *, *, #5432, .T. ) ;
#2041 = LINE ( 'NONE', #3808, #8721 ) ;
#2042 = AXIS2_PLACEMENT_3D ( 'NONE', #8276, #8224, #6359 ) ;
#2043 = VECTOR ( 'NONE', #11486, 39.37007874015748143 ) ;
#2044 = ORIENTED_EDGE ( 'NONE', *, *, #11534, .T. ) ;
#2045 = DIRECTION ( 'NONE',  ( 0.000000000000000000, 0.000000000000000000, 1.000000000000000000 ) ) ;
#2046 = FACE_OUTER_BOUND ( 'NONE', #3260, .T. ) ;
#2047 = FACE_OUTER_BOUND ( 'NONE', #2393, .T. ) ;
#2048 = CARTESIAN_POINT ( 'NONE',  ( -0.09842519685039370636, 5.785732909357573983E-18, -0.2795275590551348777 ) ) ;
#2049 = DIRECTION ( 'NONE',  ( -0.000000000000000000, -0.000000000000000000, -1.000000000000000000 ) ) ;
#2050 = ADVANCED_FACE ( 'NONE', ( #9738 ), #701, .T. ) ;
#2051 = LINE ( 'NONE', #8933, #11067 ) ;
#2052 = EDGE_CURVE ( 'NONE', #3420, #6131, #8681, .T. ) ;
#2053 = VERTEX_POINT ( 'NONE', #7983 ) ;
#2054 = VECTOR ( 'NONE', #607, 39.37007874015748143 ) ;
#2055 = ADVANCED_FACE ( 'NONE', ( #7047 ), #8802, .T. ) ;
#2056 = VERTEX_POINT ( 'NONE', #10557 ) ;
#2057 = VECTOR ( 'NONE', #1923, 39.37007874015748143 ) ;
#2058 = ORIENTED_EDGE ( 'NONE', *, *, #3359, .F. ) ;
#2059 = CARTESIAN_POINT ( 'NONE',  ( 0.07307510292643699945, 0.009314084549693017051, -0.2767876790382677865 ) ) ;
#2060 = EDGE_LOOP ( 'NONE', ( #7804, #2518, #3621, #3893 ) ) ;
#2061 = PRESENTATION_LAYER_ASSIGNMENT (  '', '', ( #8755 ) ) ;
#2062 = VERTEX_POINT ( 'NONE', #4266 ) ;
#2063 = CARTESIAN_POINT ( 'NONE',  ( 0.02145669291338432941, 0.09960629921259843422, -0.2795275590551181133 ) ) ;
#2064 = AXIS2_PLACEMENT_3D ( 'NONE', #7153, #2729, #6269 ) ;
#2065 = CARTESIAN_POINT ( 'NONE',  ( 0.1102456249977952635, -0.08581736531496061970, -0.3208661417487008172 ) ) ;
#2066 = CARTESIAN_POINT ( 'NONE',  ( 0.03366141732283444571, 0.08897637795275610550, -0.3543307086614074786 ) ) ;
#2067 = DIRECTION ( 'NONE',  ( 1.000000000000000000, 0.000000000000000000, 0.000000000000000000 ) ) ;
#2068 = CARTESIAN_POINT ( 'NONE',  ( 0.02898227575213780174, -0.04569101481929134512, -0.1770078919053149902 ) ) ;
#2069 = EDGE_CURVE ( 'NONE', #8404, #10639, #9679, .T. ) ;
#2070 = PLANE ( 'NONE',  #2301 ) ;
#2071 = LINE ( 'NONE', #4702, #10763 ) ;
#2072 = EDGE_LOOP ( 'NONE', ( #2185, #1464, #3619, #7094, #298, #7719, #84, #6369, #9342, #2430 ) ) ;
#2073 = EDGE_CURVE ( 'NONE', #507, #8460, #7081, .T. ) ;
#2074 = DIRECTION ( 'NONE',  ( 0.7071067811865474617, 0.000000000000000000, 0.7071067811865474617 ) ) ;
#2075 = VERTEX_POINT ( 'NONE', #1754 ) ;
#2076 = AXIS2_PLACEMENT_3D ( 'NONE', #8357, #1418, #379 ) ;
#2077 = AXIS2_PLACEMENT_3D ( 'NONE', #3335, #3280, #2399 ) ;
#2078 = ORIENTED_EDGE ( 'NONE', *, *, #10423, .F. ) ;
#2079 = ORIENTED_EDGE ( 'NONE', *, *, #10922, .T. ) ;
#2080 = ORIENTED_EDGE ( 'NONE', *, *, #6323, .F. ) ;
#2081 = DIRECTION ( 'NONE',  ( 0.009587629119985511400, -0.9615239475697245908, 0.2745537754571792943 ) ) ;
#2082 = DIRECTION ( 'NONE',  ( 1.000000000000000000, 0.000000000000000000, 0.000000000000000000 ) ) ;
#2083 = VECTOR ( 'NONE', #3267, 39.37007874015748143 ) ;
#2084 = CARTESIAN_POINT ( 'NONE',  ( 0.1515795054111811202, -0.08975437318897638850, -0.2834645669455511108 ) ) ;
#2085 = CARTESIAN_POINT ( 'NONE',  ( 0.1156297494795669040, 0.06683587039811024477, -0.05347340260303150294 ) ) ;
#2086 = FACE_OUTER_BOUND ( 'NONE', #299, .T. ) ;
#2087 = ORIENTED_EDGE ( 'NONE', *, *, #389, .T. ) ;
#2088 = EDGE_CURVE ( 'NONE', #11542, #11006, #7811, .T. ) ;
#2089 = VERTEX_POINT ( 'NONE', #10721 ) ;
#2090 = CARTESIAN_POINT ( 'NONE',  ( 0.1555118110196211378, 0.07216076925351178062, -0.08267716535523748911 ) ) ;
#2091 = DIRECTION ( 'NONE',  ( 0.03489949675490358616, 0.000000000000000000, 0.9993908270172657815 ) ) ;
#2092 = LINE ( 'NONE', #9145, #11290 ) ;
#2093 = DIRECTION ( 'NONE',  ( 0.000000000000000000, -1.000000000000000000, 0.000000000000000000 ) ) ;
#2094 = PLANE ( 'NONE',  #2763 ) ;
#2095 = CARTESIAN_POINT ( 'NONE',  ( 0.1082677165354330728, 0.07480314960629920462, -0.01968503937007875029 ) ) ;
#2096 = EDGE_CURVE ( 'NONE', #2963, #491, #1634, .T. ) ;
#2097 = CARTESIAN_POINT ( 'NONE',  ( -0.09044061793704726016, -0.05787401574803149873, -0.3425196850393758541 ) ) ;
#2098 = LINE ( 'NONE', #10902, #1874 ) ;
#2099 = EDGE_CURVE ( 'NONE', #1547, #4377, #5305, .T. ) ;
#2100 = ORIENTED_EDGE ( 'NONE', *, *, #3229, .F. ) ;
#2101 = DIRECTION ( 'NONE',  ( 0.000000000000000000, 0.000000000000000000, 1.000000000000000000 ) ) ;
#2102 = VERTEX_POINT ( 'NONE', #7873 ) ;
#2103 = CARTESIAN_POINT ( 'NONE',  ( 0.1028618766496850467, 0.06803488334259844006, -0.05659339896409448789 ) ) ;
#2104 = PLANE ( 'NONE',  #923 ) ;
#2105 = CARTESIAN_POINT ( 'NONE',  ( 0.03348337688755975705, 0.08385826771653513700, -0.3303149606463380850 ) ) ;
#2106 = VECTOR ( 'NONE', #4808, 39.37007874015748143 ) ;
#2107 = FACE_OUTER_BOUND ( 'NONE', #8922, .T. ) ;
#2108 = DIRECTION ( 'NONE',  ( 0.000000000000000000, 0.000000000000000000, 1.000000000000000000 ) ) ;
#2109 = EDGE_LOOP ( 'NONE', ( #5892, #8894, #4163 ) ) ;
#2110 = ORIENTED_EDGE ( 'NONE', *, *, #11105, .F. ) ;
#2111 = EDGE_LOOP ( 'NONE', ( #9724, #9746, #3019, #3032 ) ) ;
#2112 = DIRECTION ( 'NONE',  ( 0.000000000000000000, 0.000000000000000000, 1.000000000000000000 ) ) ;
#2113 = ORIENTED_EDGE ( 'NONE', *, *, #4979, .F. ) ;
#2114 = EDGE_CURVE ( 'NONE', #11307, #5723, #10612, .T. ) ;
#2115 = EDGE_CURVE ( 'NONE', #9444, #8461, #5769, .T. ) ;
#2116 = VERTEX_POINT ( 'NONE', #1808 ) ;
#2117 = CARTESIAN_POINT ( 'NONE',  ( -0.1432834633220472775, -0.06031496062992126872, -0.3425196850393700809 ) ) ;
#2118 = ADVANCED_FACE ( 'NONE', ( #5257 ), #3401, .T. ) ;
#2119 = DIMENSIONAL_EXPONENTS ( 1.000000000000000000, 0.000000000000000000, 0.000000000000000000, 0.000000000000000000, 0.000000000000000000, 0.000000000000000000, 0.000000000000000000 ) ;
#2120 = DIRECTION ( 'NONE',  ( -0.000000000000000000, -1.000000000000000000, -0.000000000000000000 ) ) ;
#2121 = LINE ( 'NONE', #9282, #10621 ) ;
#2122 = LINE ( 'NONE', #3116, #1437 ) ;
#2123 = DIRECTION ( 'NONE',  ( -1.000000000000000000, -0.000000000000000000, -0.000000000000000000 ) ) ;
#2124 = CARTESIAN_POINT ( 'NONE',  ( 0.007874015748031495954, 0.001968503915206689867, -0.2480314960629921572 ) ) ;
#2125 = CARTESIAN_POINT ( 'NONE',  ( 0.02167235326569487419, -0.03937007878294539881, -0.3208641732447838901 ) ) ;
#2126 = ORIENTED_EDGE ( 'NONE', *, *, #2997, .T. ) ;
#2127 = PLANE ( 'NONE',  #11194 ) ;
#2128 = ORIENTED_EDGE ( 'NONE', *, *, #8071, .F. ) ;
#2129 = ORIENTED_EDGE ( 'NONE', *, *, #350, .T. ) ;
#2130 = EDGE_LOOP ( 'NONE', ( #11132, #45, #4009, #5200 ) ) ;
#2131 = EDGE_CURVE ( 'NONE', #1373, #4988, #10505, .T. ) ;
#2132 = ADVANCED_FACE ( 'NONE', ( #2742 ), #2521, .T. ) ;
#2133 = ADVANCED_FACE ( 'NONE', ( #6994 ), #817, .F. ) ;
#2134 = VECTOR ( 'NONE', #10303, 39.37007874015748143 ) ;
#2135 = DIRECTION ( 'NONE',  ( -1.000000000000000000, 0.000000000000000000, 0.000000000000000000 ) ) ;
#2136 = DIRECTION ( 'NONE',  ( 1.000000000000000000, 0.000000000000000000, 0.000000000000000000 ) ) ;
#2137 = CARTESIAN_POINT ( 'NONE',  ( 0.1841685620179653315, -0.08976377952755906775, -0.1275590551480875467 ) ) ;
#2138 = CARTESIAN_POINT ( 'NONE',  ( 0.01709268423011407398, -0.04675624385813323403, -0.1319273292249418250 ) ) ;
#2139 = CARTESIAN_POINT ( 'NONE',  ( 0.08685720242933071822, 0.06615770538858269101, -0.03523657719252363402 ) ) ;
#2140 = CARTESIAN_POINT ( 'NONE',  ( 0.03612023719712932623, 0.06261210290795365951, -0.1669788117036544450 ) ) ;
#2141 = ORIENTED_EDGE ( 'NONE', *, *, #1284, .T. ) ;
#2142 = ORIENTED_EDGE ( 'NONE', *, *, #9357, .T. ) ;
#2143 = CARTESIAN_POINT ( 'NONE',  ( 0.1437007874009406938, -0.02755905511972523217, -0.1708661417513715475 ) ) ;
#2144 = VECTOR ( 'NONE', #4677, 39.37007874015748143 ) ;
#2145 = ADVANCED_FACE ( 'NONE', ( #4664 ), #7387, .F. ) ;
#2146 = CARTESIAN_POINT ( 'NONE',  ( -0.05118110236220473064, 0.000000000000000000, -0.2795275590551348222 ) ) ;
#2147 = DIRECTION ( 'NONE',  ( -0.000000000000000000, -0.000000000000000000, -1.000000000000000000 ) ) ;
#2148 = CARTESIAN_POINT ( 'NONE',  ( 0.06297576068037316621, -0.04481741540449649813, -0.1894523054234736881 ) ) ;
#2149 = CARTESIAN_POINT ( 'NONE',  ( 0.1113694810747637848, -0.05106345869791338588, -0.05379608484094489107 ) ) ;
#2150 = DIRECTION ( 'NONE',  ( -0.000000000000000000, -0.000000000000000000, -1.000000000000000000 ) ) ;
#2151 = LINE ( 'NONE', #9320, #7980 ) ;
#2152 = FACE_OUTER_BOUND ( 'NONE', #3686, .T. ) ;
#2153 = VECTOR ( 'NONE', #9629, 39.37007874015748143 ) ;
#2154 = ORIENTED_EDGE ( 'NONE', *, *, #4849, .T. ) ;
#2155 = DIRECTION ( 'NONE',  ( -1.000000000000000000, 0.000000000000000000, 7.483756176549461783E-11 ) ) ;
#2156 = EDGE_CURVE ( 'NONE', #11414, #9641, #284, .T. ) ;
#2157 = ORIENTED_EDGE ( 'NONE', *, *, #5083, .T. ) ;
#2158 = B_SPLINE_CURVE_WITH_KNOTS ( 'NONE', 3,
 ( #763, #5304, #7109, #9616, #8680, #1865 ),
 .UNSPECIFIED., .F., .F.,
 ( 4, 2, 4 ),
 ( 0.000000000000000000, 0.5000000000000000000, 1.000000000000000000 ),
 .UNSPECIFIED. ) ;
#2159 = EDGE_CURVE ( 'NONE', #7914, #5587, #335, .T. ) ;
#2160 = B_SPLINE_SURFACE_WITH_KNOTS ( 'NONE', 3, 3, ( 
 ( #2085, #5643, #5467, #1154 ),
 ( #10008, #3666, #10125, #327 ),
 ( #159, #6562, #8088, #9072 ),
 ( #9952, #6505, #105, #3902 ),
 ( #2022, #3791, #4714, #2139 ),
 ( #7375, #5695, #8140, #7323 ),
 ( #5521, #7209, #978, #4594 ),
 ( #7438, #4541, #10770, #5582 ),
 ( #1913, #2791, #6334, #1032 ) ),
 .UNSPECIFIED., .F., .F., .F.,
 ( 4, 1, 1, 1, 1, 1, 4 ),
 ( 4, 4 ),
 ( -0.009980845584522000588, 0.000000000000000000, 0.2500000000000000000, 0.5000000000000000000, 0.7500000000000000000, 1.000000000000000000, 1.009985609417999974 ),
 ( -0.03248270494727999863, 1.032020697321999636 ),
 .UNSPECIFIED. ) ;
#2161 = ORIENTED_EDGE ( 'NONE', *, *, #6750, .T. ) ;
#2162 = CARTESIAN_POINT ( 'NONE',  ( 0.1156680895442125795, 0.06711796155629921878, -0.05375039285125984834 ) ) ;
#2163 = CARTESIAN_POINT ( 'NONE',  ( -0.1444881680708545446, -0.06181102362204724671, -0.3228346456692913202 ) ) ;
#2164 = CARTESIAN_POINT ( 'NONE',  ( 0.1102456249977952635, -0.08975437318897638850, -0.3435039370242913281 ) ) ;
#2165 = SURFACE_STYLE_USAGE ( .BOTH. , #1396 ) ;
#2166 = CARTESIAN_POINT ( 'NONE',  ( -0.1497750170584842277, 0.05989995985579291832, -0.06625661262500917581 ) ) ;
#2167 = ORIENTED_EDGE ( 'NONE', *, *, #6390, .T. ) ;
#2168 = ORIENTED_EDGE ( 'NONE', *, *, #9235, .F. ) ;
#2169 = CIRCLE ( 'NONE', #7945, 0.01535433070866142405 ) ;
#2170 = ORIENTED_EDGE ( 'NONE', *, *, #8987, .F. ) ;
#2171 = CARTESIAN_POINT ( 'NONE',  ( -0.02559055118110228205, 0.000000000000000000, -0.2795275590551201672 ) ) ;
#2172 = ORIENTED_EDGE ( 'NONE', *, *, #5688, .T. ) ;
#2173 = EDGE_CURVE ( 'NONE', #9501, #1373, #7824, .T. ) ;
#2174 = VERTEX_POINT ( 'NONE', #2971 ) ;
#2175 = CARTESIAN_POINT ( 'NONE',  ( -0.1602361995669299433, -0.1015748031496062909, -0.3464566929133848228 ) ) ;
#2176 = CARTESIAN_POINT ( 'NONE',  ( -0.1483974141651566991, 0.05887195980479911772, -0.06420061252294831378 ) ) ;
#2177 = VECTOR ( 'NONE', #8034, 39.37007874015748143 ) ;
#2178 = CARTESIAN_POINT ( 'NONE',  ( 0.09251968503936904009, -0.07283464566928825323, -0.2903543307086606795 ) ) ;
#2179 = LINE ( 'NONE', #3998, #3685 ) ;
#2180 = LINE ( 'NONE', #8584, #10245 ) ;
#2181 = LINE ( 'NONE', #5849, #3806 ) ;
#2182 = LINE ( 'NONE', #5850, #9276 ) ;
#2183 = ORIENTED_EDGE ( 'NONE', *, *, #10780, .T. ) ;
#2184 = DIRECTION ( 'NONE',  ( 0.9993908270172947583, 0.000000000000000000, -0.03489949675406978091 ) ) ;
#2185 = ORIENTED_EDGE ( 'NONE', *, *, #7162, .T. ) ;
#2186 = ORIENTED_EDGE ( 'NONE', *, *, #7119, .F. ) ;
#2187 = EDGE_LOOP ( 'NONE', ( #4333, #10350 ) ) ;
#2188 = VECTOR ( 'NONE', #5810, 39.37007874015748143 ) ;
#2189 = LINE ( 'NONE', #5745, #2317 ) ;
#2190 = PLANE ( 'NONE',  #1992 ) ;
#2191 = VECTOR ( 'NONE', #10313, 39.37007874015748143 ) ;
#2192 = CARTESIAN_POINT ( 'NONE',  ( 0.07550767562904941999, 0.02387208003937008050, -0.3033569816237394745 ) ) ;
#2193 = LINE ( 'NONE', #10420, #10137 ) ;
#2194 = CARTESIAN_POINT ( 'NONE',  ( 0.1030255507398435133, 0.07874015748031495954, -0.06615128853741250592 ) ) ;
#2195 = ORIENTED_EDGE ( 'NONE', *, *, #8842, .F. ) ;
#2196 = VERTEX_POINT ( 'NONE', #10133 ) ;
#2197 = EDGE_CURVE ( 'NONE', #6543, #9533, #10842, .T. ) ;
#2198 = EDGE_CURVE ( 'NONE', #4919, #2459, #3911, .T. ) ;
#2199 = EDGE_CURVE ( 'NONE', #4625, #10881, #2805, .T. ) ;
#2200 = VECTOR ( 'NONE', #6659, 39.37007874015748143 ) ;
#2201 = LINE ( 'NONE', #8547, #7418 ) ;
#2202 = DIRECTION ( 'NONE',  ( 1.000000000000000000, 0.000000000000000000, 0.000000000000000000 ) ) ;
#2203 = DIRECTION ( 'NONE',  ( 0.000000000000000000, 0.000000000000000000, 1.000000000000000000 ) ) ;
#2204 = DIRECTION ( 'NONE',  ( -1.626303258728256059E-15, 0.000000000000000000, 1.000000000000000000 ) ) ;
#2205 = CARTESIAN_POINT ( 'NONE',  ( 0.1850393700765354532, -0.1015653968110138694, -0.3385826771817716518 ) ) ;
#2206 = CIRCLE ( 'NONE', #7801, 0.003937007874015895428 ) ;
#2207 = LINE ( 'NONE', #5534, #6115 ) ;
#2208 = CARTESIAN_POINT ( 'NONE',  ( -0.01712598425196851584, -0.06102362204724410405, -0.3307086615118110529 ) ) ;
#2209 = ORIENTED_EDGE ( 'NONE', *, *, #4866, .T. ) ;
#2210 = EDGE_CURVE ( 'NONE', #4504, #2015, #4724, .T. ) ;
#2211 = AXIS2_PLACEMENT_3D ( 'NONE', #4044, #3173, #6716 ) ;
#2212 = CYLINDRICAL_SURFACE ( 'NONE', #6684, 0.007874015748031449116 ) ;
#2213 = CLOSED_SHELL ( 'NONE', ( #5806, #5327, #5928, #3426, #39, #2132, #2118, #9792, #10110, #587, #5477, #2263, #2410, #5476, #1749, #4294, #3710, #2896, #9736, #1261, #2305, #5941 ) ) ;
#2214 = ORIENTED_EDGE ( 'NONE', *, *, #7666, .T. ) ;
#2215 = AXIS2_PLACEMENT_3D ( 'NONE', #6273, #10663, #9835 ) ;
#2216 = EDGE_LOOP ( 'NONE', ( #1431, #7256, #10208, #952 ) ) ;
#2217 = DIRECTION ( 'NONE',  ( 0.000000000000000000, 1.000000000000000000, 0.000000000000000000 ) ) ;
#2218 = DIRECTION ( 'NONE',  ( 0.000000000000000000, 0.000000000000000000, 1.000000000000000000 ) ) ;
#2219 = VECTOR ( 'NONE', #1183, 39.37007874015748143 ) ;
#2220 = FACE_BOUND ( 'NONE', #7089, .T. ) ;
#2221 = CARTESIAN_POINT ( 'NONE',  ( 0.08369600194751967981, 0.06862550120724852931, -0.05562776668185039075 ) ) ;
#2222 = ORIENTED_EDGE ( 'NONE', *, *, #6512, .T. ) ;
#2223 = ORIENTED_EDGE ( 'NONE', *, *, #3315, .F. ) ;
#2224 = EDGE_CURVE ( 'NONE', #8461, #4061, #3368, .T. ) ;
#2225 = VERTEX_POINT ( 'NONE', #9201 ) ;
#2226 = CARTESIAN_POINT ( 'NONE',  ( -0.05118110236220473064, -0.02755905511811022890, -0.3307086614173109229 ) ) ;
#2227 = CIRCLE ( 'NONE', #3553, 0.01476377952755905144 ) ;
#2228 = AXIS2_PLACEMENT_3D ( 'NONE', #5161, #838, #6248 ) ;
#2229 = VERTEX_POINT ( 'NONE', #3740 ) ;
#2230 = ORIENTED_EDGE ( 'NONE', *, *, #6256, .F. ) ;
#2231 = CARTESIAN_POINT ( 'NONE',  ( 0.1028914874411916147, -0.05090443399192178670, -0.04944288089066545960 ) ) ;
#2232 = CARTESIAN_POINT ( 'NONE',  ( 0.06763049545537443141, 0.02362204724397404601, -0.3032444074329007089 ) ) ;
#2234 = CYLINDRICAL_SURFACE ( 'NONE', #7450, 0.005905511811000007175 ) ;
#2233 = VECTOR ( 'NONE', #5848, 39.37007874015748143 ) ;
#2235 = VECTOR ( 'NONE', #4698, 39.37007874015748143 ) ;
#2236 = AXIS2_PLACEMENT_3D ( 'NONE', #7638, #10271, #6639 ) ;
#2237 = CARTESIAN_POINT ( 'NONE',  ( 0.02464798131896062811, -0.04676682493547244801, -0.1347112709307480283 ) ) ;
#2238 = LINE ( 'NONE', #10163, #66 ) ;
#2239 = DIRECTION ( 'NONE',  ( 0.000000000000000000, 0.000000000000000000, -1.000000000000000000 ) ) ;
#2240 = ORIENTED_EDGE ( 'NONE', *, *, #7940, .F. ) ;
#2241 = CARTESIAN_POINT ( 'NONE',  ( 0.1299212598366141780, -0.08740157480314961203, -0.3661417322834645272 ) ) ;
#2242 = ADVANCED_FACE ( 'NONE', ( #5479 ), #4776, .F. ) ;
#2243 = EDGE_LOOP ( 'NONE', ( #2429, #3236, #8644, #11516 ) ) ;
#2244 = ORIENTED_EDGE ( 'NONE', *, *, #3611, .F. ) ;
#2245 = ORIENTED_EDGE ( 'NONE', *, *, #820, .F. ) ;
#2246 = AXIS2_PLACEMENT_3D ( 'NONE', #4157, #10560, #11258 ) ;
#2247 = AXIS2_PLACEMENT_3D ( 'NONE', #9372, #6169, #913 ) ;
#2248 = ORIENTED_EDGE ( 'NONE', *, *, #7615, .T. ) ;
#2249 = DIRECTION ( 'NONE',  ( 0.03489949667874707451, 0.000000000000000000, 0.9993908270199252097 ) ) ;
#2250 = DIRECTION ( 'NONE',  ( 1.000000000000000000, 0.000000000000000000, 0.000000000000000000 ) ) ;
#2251 = CARTESIAN_POINT ( 'NONE',  ( 0.02145669288779438258, 0.07480314960629921850, -0.3543307086869905698 ) ) ;
#2252 = CARTESIAN_POINT ( 'NONE',  ( -0.05118110236220473064, 1.789005760185733717E-11, -0.3484251968898058882 ) ) ;
#2253 = DIRECTION ( 'NONE',  ( -0.9993908270199149957, 0.000000000000000000, 0.03489949667903968072 ) ) ;
#2254 = AXIS2_PLACEMENT_3D ( 'NONE', #5134, #7742, #11245 ) ;
#2255 = ORIENTED_EDGE ( 'NONE', *, *, #7915, .T. ) ;
#2256 = CIRCLE ( 'NONE', #6534, 0.01476377952755905144 ) ;
#2257 = AXIS2_PLACEMENT_3D ( 'NONE', #1990, #5545, #9977 ) ;
#2258 = ORIENTED_EDGE ( 'NONE', *, *, #8533, .T. ) ;
#2259 = ORIENTED_EDGE ( 'NONE', *, *, #4421, .F. ) ;
#2260 = AXIS2_PLACEMENT_3D ( 'NONE', #6027, #9534, #7014 ) ;
#2261 = VECTOR ( 'NONE', #10955, 39.37007874015748143 ) ;
#2262 = DIRECTION ( 'NONE',  ( -1.000000000000000000, 2.512887731023832479E-10, 0.000000000000000000 ) ) ;
#2263 = ADVANCED_FACE ( 'NONE', ( #9083 ), #113, .T. ) ;
#2264 = DIRECTION ( 'NONE',  ( 1.000000000000000000, -1.445602896647331225E-15, 0.000000000000000000 ) ) ;
#2265 = FACE_OUTER_BOUND ( 'NONE', #4966, .T. ) ;
#2266 = EDGE_CURVE ( 'NONE', #5920, #8064, #1040, .T. ) ;
#2267 = CARTESIAN_POINT ( 'NONE',  ( 0.1920425781499765783, -0.08976377952756478540, -0.1629921249832705366 ) ) ;
#2268 = PLANE ( 'NONE',  #704 ) ;
#2269 = DIRECTION ( 'NONE',  ( -0.01745240646096840251, 0.000000000000000000, 0.9998476951559778225 ) ) ;
#2270 = DIRECTION ( 'NONE',  ( 0.000000000000000000, 0.000000000000000000, 1.000000000000000000 ) ) ;
#2271 = LINE ( 'NONE', #8615, #8536 ) ;
#2272 = DIRECTION ( 'NONE',  ( 1.000000000000000000, 0.000000000000000000, 0.000000000000000000 ) ) ;
#2273 = ORIENTED_EDGE ( 'NONE', *, *, #4499, .T. ) ;
#2274 = CYLINDRICAL_SURFACE ( 'NONE', #7433, 0.007874015732513801186 ) ;
#2275 = VERTEX_POINT ( 'NONE', #10779 ) ;
#2276 = ADVANCED_FACE ( 'NONE', ( #9963 ), #2803, .F. ) ;
#2277 = ORIENTED_EDGE ( 'NONE', *, *, #3879, .F. ) ;
#2278 = CARTESIAN_POINT ( 'NONE',  ( 0.07395173305616756232, -0.01968503935921541922, -0.3270097862233502517 ) ) ;
#2279 = CARTESIAN_POINT ( 'NONE',  ( 1.808041534174247599E-18, -0.1151574803149768567, -0.2706692913385827515 ) ) ;
#2280 = ADVANCED_FACE ( 'NONE', ( #5593 ), #8152, .T. ) ;
#2281 = DIRECTION ( 'NONE',  ( 0.000000000000000000, 1.626303258728252509E-15, -1.000000000000000000 ) ) ;
#2282 = FILL_AREA_STYLE ('',( #1285 ) ) ;
#2283 = LINE ( 'NONE', #2166, #5657 ) ;
#2284 = ORIENTED_EDGE ( 'NONE', *, *, #9964, .F. ) ;
#2285 = VERTEX_POINT ( 'NONE', #5531 ) ;
#2286 = ORIENTED_EDGE ( 'NONE', *, *, #9473, .F. ) ;
#2287 = FACE_OUTER_BOUND ( 'NONE', #7144, .T. ) ;
#2288 = ORIENTED_EDGE ( 'NONE', *, *, #8158, .F. ) ;
#2289 = EDGE_CURVE ( 'NONE', #1195, #7370, #3800, .T. ) ;
#2290 = ORIENTED_EDGE ( 'NONE', *, *, #7613, .F. ) ;
#2291 = PLANE ( 'NONE',  #2530 ) ;
#2292 = CARTESIAN_POINT ( 'NONE',  ( 0.1111195903885493913, -0.07677165354330708902, -0.1727979453079772632 ) ) ;
#2293 = EDGE_CURVE ( 'NONE', #6264, #3595, #10896, .T. ) ;
#2294 = LINE ( 'NONE', #3883, #1687 ) ;
#2295 = CARTESIAN_POINT ( 'NONE',  ( -0.07874015748031495954, 0.1023622047243944455, -0.2480314960629921017 ) ) ;
#2296 = CARTESIAN_POINT ( 'NONE',  ( -0.07086614173228347746, 2.410722045565655762E-18, -0.01968503937008575164 ) ) ;
#2297 = DIRECTION ( 'NONE',  ( 0.000000000000000000, -1.000000000000000000, 0.000000000000000000 ) ) ;
#2298 = ORIENTED_EDGE ( 'NONE', *, *, #9886, .T. ) ;
#2299 = FACE_OUTER_BOUND ( 'NONE', #3702, .T. ) ;
#2300 = ORIENTED_EDGE ( 'NONE', *, *, #5270, .T. ) ;
#2301 = AXIS2_PLACEMENT_3D ( 'NONE', #144, #8950, #9058 ) ;
#2302 = VERTEX_POINT ( 'NONE', #9425 ) ;
#2303 = EDGE_CURVE ( 'NONE', #5369, #10509, #8610, .T. ) ;
#2304 = ORIENTED_EDGE ( 'NONE', *, *, #3160, .T. ) ;
#2305 = ADVANCED_FACE ( 'NONE', ( #6749 ), #6518, .T. ) ;
#2306 = VERTEX_POINT ( 'NONE', #4077 ) ;
#2307 = ORIENTED_EDGE ( 'NONE', *, *, #5254, .F. ) ;
#2308 = ADVANCED_FACE ( 'NONE', ( #1441 ), #7620, .F. ) ;
#2309 = CARTESIAN_POINT ( 'NONE',  ( 0.05975646843022770771, -0.04410948885903082095, -0.2189075326587711368 ) ) ;
#2310 = CARTESIAN_POINT ( 'NONE',  ( -0.05118110236220473758, 0.000000000000000000, -0.2480314960629760590 ) ) ;
#2311 = DIRECTION ( 'NONE',  ( 0.000000000000000000, 0.000000000000000000, 1.000000000000000000 ) ) ;
#2312 = CARTESIAN_POINT ( 'NONE',  ( 0.1920425781429921652, -0.1020702376816141760, -0.1136777935705905462 ) ) ;
#2313 = CYLINDRICAL_SURFACE ( 'NONE', #8145, 0.01968503936389073838 ) ;
#2314 = ORIENTED_EDGE ( 'NONE', *, *, #2131, .F. ) ;
#2315 = EDGE_LOOP ( 'NONE', ( #810, #1946, #10947, #10479 ) ) ;
#2316 = ORIENTED_EDGE ( 'NONE', *, *, #4382, .F. ) ;
#2317 = VECTOR ( 'NONE', #9649, 39.37007874015748143 ) ;
#2318 = VECTOR ( 'NONE', #9768, 39.37007874015748143 ) ;
#2319 = EDGE_CURVE ( 'NONE', #11348, #11542, #5423, .T. ) ;
#2320 = DIRECTION ( 'NONE',  ( 1.000000000000000000, 0.000000000000000000, -2.668805347656626087E-15 ) ) ;
#2321 = CYLINDRICAL_SURFACE ( 'NONE', #1806, 0.005118110235978657989 ) ;
#2322 = CARTESIAN_POINT ( 'NONE',  ( 0.1417322834645658725, -0.02215360887167446002, -0.3543307086555123608 ) ) ;
#2323 = DIRECTION ( 'NONE',  ( 0.000000000000000000, 0.000000000000000000, 1.000000000000000000 ) ) ;
#2324 = FACE_OUTER_BOUND ( 'NONE', #9482, .T. ) ;
#2325 = DIRECTION ( 'NONE',  ( 0.000000000000000000, 1.000000000000000000, 0.000000000000000000 ) ) ;
#2326 = CARTESIAN_POINT ( 'NONE',  ( -0.1500000000000000222, 0.01377952755905511965, -0.06692913385826025630 ) ) ;
#2327 = DIRECTION ( 'NONE',  ( -0.4900701108607478651, 0.3898284972754562094, -0.7796569945513821542 ) ) ;
#2328 = DIRECTION ( 'NONE',  ( 1.000000000000000000, 0.000000000000000000, 0.000000000000000000 ) ) ;
#2329 = ORIENTED_EDGE ( 'NONE', *, *, #11057, .T. ) ;
#2330 = FACE_OUTER_BOUND ( 'NONE', #6127, .T. ) ;
#2331 = ADVANCED_FACE ( 'NONE', ( #6807 ), #631, .T. ) ;
#2332 = ORIENTED_EDGE ( 'NONE', *, *, #6424, .F. ) ;
#2333 = ORIENTED_EDGE ( 'NONE', *, *, #1736, .T. ) ;
#2334 = CARTESIAN_POINT ( 'NONE',  ( 0.1333516548818710346, 0.02952755905511810289, -0.3213727545669479158 ) ) ;
#2335 = LINE ( 'NONE', #9508, #5403 ) ;
#2336 = CIRCLE ( 'NONE', #8656, 0.009842519659826774042 ) ;
#2337 = DIRECTION ( 'NONE',  ( 0.000000000000000000, 1.000000000000000000, 0.000000000000000000 ) ) ;
#2338 =( NAMED_UNIT ( * ) PLANE_ANGLE_UNIT ( ) SI_UNIT ( $, .RADIAN. ) );
#2339 = VERTEX_POINT ( 'NONE', #2322 ) ;
#2340 = VERTEX_POINT ( 'NONE', #8379 ) ;
#2341 = VERTEX_POINT ( 'NONE', #5875 ) ;
#2342 = EDGE_CURVE ( 'NONE', #4202, #5552, #8438, .T. ) ;
#2343 = EDGE_CURVE ( 'NONE', #9823, #7116, #5816, .T. ) ;
#2344 = EDGE_CURVE ( 'NONE', #10028, #3657, #7736, .T. ) ;
#2345 = DIRECTION ( 'NONE',  ( 1.000000000000000000, 0.000000000000000000, 0.000000000000000000 ) ) ;
#2346 = ORIENTED_EDGE ( 'NONE', *, *, #11474, .T. ) ;
#2347 = EDGE_LOOP ( 'NONE', ( #6381, #3339, #3950, #4590 ) ) ;
#2348 = DIRECTION ( 'NONE',  ( 0.000000000000000000, 1.000000000000000000, 0.000000000000000000 ) ) ;
#2349 = CARTESIAN_POINT ( 'NONE',  ( 0.1841685626327168590, -0.04310644923228347525, -0.1062992125931276344 ) ) ;
#2350 = CARTESIAN_POINT ( 'NONE',  ( 0.1299212598395743101, -0.08740157480314959815, -0.3661417322834646382 ) ) ;
#2351 = CARTESIAN_POINT ( 'NONE',  ( 0.07054638617218396413, 0.01774884246557135309, -0.3349444419665485451 ) ) ;
#2352 = CARTESIAN_POINT ( 'NONE',  ( 0.02542359887842519928, -0.04587116700240157635, -0.1690479550040157319 ) ) ;
#2353 = CYLINDRICAL_SURFACE ( 'NONE', #7526, 0.03051181118118235711 ) ;
#2354 = DIRECTION ( 'NONE',  ( -5.100087029422795300E-11, 0.000000000000000000, -1.000000000000000000 ) ) ;
#2355 = ORIENTED_EDGE ( 'NONE', *, *, #4383, .F. ) ;
#2356 = CARTESIAN_POINT ( 'NONE',  ( 0.001968503922847972439, -0.05539861135008226217, -0.03937007874015184539 ) ) ;
#2357 = ORIENTED_EDGE ( 'NONE', *, *, #3254, .T. ) ;
#2358 = ADVANCED_FACE ( 'NONE', ( #2265 ), #5756, .F. ) ;
#2359 = ORIENTED_EDGE ( 'NONE', *, *, #9273, .T. ) ;
#2360 = CARTESIAN_POINT ( 'NONE',  ( 0.008929133855137797934, -0.07670767145035432832, -0.3538730257810629998 ) ) ;
#2361 = ORIENTED_EDGE ( 'NONE', *, *, #7041, .F. ) ;
#2362 = VERTEX_POINT ( 'NONE', #10367 ) ;
#2363 = VECTOR ( 'NONE', #11016, 39.37007874015748143 ) ;
#2364 = ORIENTED_EDGE ( 'NONE', *, *, #10025, .T. ) ;
#2365 = CARTESIAN_POINT ( 'NONE',  ( 0.03430867865947245104, 0.08897637795275592509, -0.2801748203917716618 ) ) ;
#2366 = CARTESIAN_POINT ( 'NONE',  ( -0.1425196850393701253, -0.06073415797767716534, -0.3537517805222441525 ) ) ;
#2367 = PLANE ( 'NONE',  #401 ) ;
#2368 = CARTESIAN_POINT ( 'NONE',  ( 0.09545948780688701119, -0.05034378849279270290, -0.02558768496881886137 ) ) ;
#2369 = LINE ( 'NONE', #3964, #2944 ) ;
#2370 = EDGE_LOOP ( 'NONE', ( #9436, #3838, #1293, #7366 ) ) ;
#2371 = VECTOR ( 'NONE', #4591, 39.37007874015748854 ) ;
#2372 = ORIENTED_EDGE ( 'NONE', *, *, #3805, .T. ) ;
#2373 = B_SPLINE_CURVE_WITH_KNOTS ( 'NONE', 3,
 ( #3536, #10689, #4407, #3598, #6963, #5278, #892, #83, #7895, #8065 ),
 .UNSPECIFIED., .F., .F.,
 ( 4, 2, 2, 2, 4 ),
 ( 1.554782962257400277E-15, 0.0005266732768004745401, 0.001053346553599394334, 0.001580019830398312827, 0.002106693107197231320 ),
 .UNSPECIFIED. ) ;
#2374 = EDGE_CURVE ( 'NONE', #1373, #8940, #7507, .T. ) ;
#2375 = AXIS2_PLACEMENT_3D ( 'NONE', #10547, #2564, #3028 ) ;
#2376 = VERTEX_POINT ( 'NONE', #5936 ) ;
#2377 = CARTESIAN_POINT ( 'NONE',  ( -0.1052652238188976214, 0.06417322834645669549, -0.3425196850393700809 ) ) ;
#2378 = AXIS2_PLACEMENT_3D ( 'NONE', #10531, #674, #4301 ) ;
#2379 = CARTESIAN_POINT ( 'NONE',  ( -0.1444881680708661742, -0.01850393700787398080, -0.3267716535433070058 ) ) ;
#2380 = DIRECTION ( 'NONE',  ( -0.9998476951559776005, 0.000000000000000000, -0.01745240646098083701 ) ) ;
#2381 = FACE_OUTER_BOUND ( 'NONE', #2216, .T. ) ;
#2382 = VECTOR ( 'NONE', #8965, 39.37007874015748143 ) ;
#2383 = CARTESIAN_POINT ( 'NONE',  ( -0.04527559055118111214, -0.01377952755905509537, -0.3307086614173215255 ) ) ;
#2384 = CARTESIAN_POINT ( 'NONE',  ( 0.1417322834645615703, -0.09842519685039370636, -0.1015748031561680004 ) ) ;
#2385 = ADVANCED_FACE ( 'NONE', ( #9490 ), #10187, .F. ) ;
#2386 = DIRECTION ( 'NONE',  ( 0.7983441959430569446, 0.02700731081870793096, -0.6015955036121658495 ) ) ;
#2387 = PLANE ( 'NONE',  #4279 ) ;
#2388 = DIRECTION ( 'NONE',  ( 0.000000000000000000, 0.000000000000000000, 1.000000000000000000 ) ) ;
#2389 = EDGE_LOOP ( 'NONE', ( #1972, #6736, #5442, #480 ) ) ;
#2390 = EDGE_CURVE ( 'NONE', #1536, #8558, #3319, .T. ) ;
#2391 = CIRCLE ( 'NONE', #1831, 0.05314960629921259422 ) ;
#2392 = PLANE ( 'NONE',  #1481 ) ;
#2393 = EDGE_LOOP ( 'NONE', ( #9156, #6187, #4118, #683 ) ) ;
#2394 = EDGE_LOOP ( 'NONE', ( #7229, #3531 ) ) ;
#2395 = PLANE ( 'NONE',  #11467 ) ;
#2396 = CARTESIAN_POINT ( 'NONE',  ( -0.1476377940551180379, 0.05461790951527559917, -0.06299212598425103782 ) ) ;
#2397 = CIRCLE ( 'NONE', #6290, 0.007874015748031516770 ) ;
#2398 = CARTESIAN_POINT ( 'NONE',  ( -0.1850393700787401619, -0.08976377952754717449, -0.3149606299212598381 ) ) ;
#2399 = DIRECTION ( 'NONE',  ( -5.300158427316719603E-11, 0.000000000000000000, -1.000000000000000000 ) ) ;
#2400 = VECTOR ( 'NONE', #5725, 39.37007874015748143 ) ;
#2401 = DIRECTION ( 'NONE',  ( 0.9998476951573034288, 5.420185217247711532E-16, 0.01745240638502557062 ) ) ;
#2402 = ORIENTED_EDGE ( 'NONE', *, *, #10490, .F. ) ;
#2403 = ORIENTED_EDGE ( 'NONE', *, *, #9183, .F. ) ;
#2404 = ORIENTED_EDGE ( 'NONE', *, *, #9608, .T. ) ;
#2405 = LINE ( 'NONE', #3991, #11146 ) ;
#2406 = AXIS2_PLACEMENT_3D ( 'NONE', #3035, #10309, #1265 ) ;
#2407 = EDGE_LOOP ( 'NONE', ( #9932, #4055, #4561, #8092 ) ) ;
#2408 = VECTOR ( 'NONE', #6372, 39.37007874015748143 ) ;
#2409 = AXIS2_PLACEMENT_3D ( 'NONE', #1930, #240, #5486 ) ;
#2410 = ADVANCED_FACE ( 'NONE', ( #455 ), #7559, .T. ) ;
#2411 = VERTEX_POINT ( 'NONE', #511 ) ;
#2412 = LINE ( 'NONE', #9524, #10534 ) ;
#2413 = FACE_OUTER_BOUND ( 'NONE', #2111, .T. ) ;
#2414 = EDGE_CURVE ( 'NONE', #3749, #225, #11182, .T. ) ;
#2415 = CARTESIAN_POINT ( 'NONE',  ( 0.09574337229954965611, -0.07086614173229231761, -0.2746855949622979964 ) ) ;
#2416 = DIRECTION ( 'NONE',  ( -0.000000000000000000, -0.000000000000000000, -1.000000000000000000 ) ) ;
#2417 = EDGE_CURVE ( 'NONE', #8361, #2026, #3615, .T. ) ;
#2418 = EDGE_CURVE ( 'NONE', #10641, #4965, #10544, .T. ) ;
#2419 = VECTOR ( 'NONE', #9662, 39.37007874015748143 ) ;
#2420 = FILL_AREA_STYLE ('',( #6900 ) ) ;
#2421 = DIRECTION ( 'NONE',  ( 0.000000000000000000, 0.000000000000000000, -1.000000000000000000 ) ) ;
#2422 = CARTESIAN_POINT ( 'NONE',  ( 0.02145669291338408308, 0.08779527558960628641, -0.3543307086614008727 ) ) ;
#2423 = ORIENTED_EDGE ( 'NONE', *, *, #1611, .F. ) ;
#2424 = CARTESIAN_POINT ( 'NONE',  ( 0.1850393700749173864, -0.09565988500000001393, -0.3464566929298031894 ) ) ;
#2425 = VECTOR ( 'NONE', #10145, 39.37007874015748143 ) ;
#2426 = VECTOR ( 'NONE', #4203, 39.37007874015748143 ) ;
#2427 = VERTEX_POINT ( 'NONE', #2449 ) ;
#2428 = CARTESIAN_POINT ( 'NONE',  ( 0.1920425781717323144, -0.08926834499555121039, -0.1569848804659842445 ) ) ;
#2429 = ORIENTED_EDGE ( 'NONE', *, *, #8147, .F. ) ;
#2430 = ORIENTED_EDGE ( 'NONE', *, *, #9757, .F. ) ;
#2431 = AXIS2_PLACEMENT_3D ( 'NONE', #6061, #11435, #8735 ) ;
#2432 = VECTOR ( 'NONE', #2460, 39.37007874015748143 ) ;
#2433 = DIRECTION ( 'NONE',  ( -0.000000000000000000, -0.000000000000000000, -1.000000000000000000 ) ) ;
#2434 = CARTESIAN_POINT ( 'NONE',  ( 0.1069088766246408390, 0.07086614173228347746, -0.2933770112381792194 ) ) ;
#2435 = ADVANCED_FACE ( 'NONE', ( #9603 ), #1742, .T. ) ;
#2436 = LINE ( 'NONE', #1785, #3014 ) ;
#2437 = CARTESIAN_POINT ( 'NONE',  ( 0.08661417322834286114, -0.06692913385826383676, -0.3602362204724370853 ) ) ;
#2438 = LINE ( 'NONE', #10358, #4062 ) ;
#2439 = ORIENTED_EDGE ( 'NONE', *, *, #2480, .T. ) ;
#2440 = ORIENTED_EDGE ( 'NONE', *, *, #9003, .F. ) ;
#2441 = VECTOR ( 'NONE', #1927, 39.37007874015748143 ) ;
#2442 = AXIS2_PLACEMENT_3D ( 'NONE', #8414, #6655, #3005 ) ;
#2443 = VECTOR ( 'NONE', #5152, 39.37007874015748143 ) ;
#2444 = ORIENTED_EDGE ( 'NONE', *, *, #4136, .F. ) ;
#2445 = EDGE_CURVE ( 'NONE', #11231, #11379, #2632, .T. ) ;
#2446 = DIRECTION ( 'NONE',  ( 0.000000000000000000, 1.000000000000000000, 0.000000000000000000 ) ) ;
#2447 = CIRCLE ( 'NONE', #11005, 0.01574803149606303354 ) ;
#2448 = CARTESIAN_POINT ( 'NONE',  ( 0.06014789523132085813, -0.04428647049833765725, -0.2129446014486428840 ) ) ;
#2449 = CARTESIAN_POINT ( 'NONE',  ( 0.08661417320735920189, -0.06102362204724261913, -0.2992125984566957886 ) ) ;
#2450 = CIRCLE ( 'NONE', #8955, 0.007874015748031516770 ) ;
#2451 = EDGE_CURVE ( 'NONE', #8906, #475, #8902, .T. ) ;
#2452 = CIRCLE ( 'NONE', #8770, 0.007874015748031516770 ) ;
#2453 = CARTESIAN_POINT ( 'NONE',  ( 0.1841685623989370579, -0.08976377952756478540, -0.1574803149688582815 ) ) ;
#2454 = LINE ( 'NONE', #515, #2013 ) ;
#2455 = DIRECTION ( 'NONE',  ( -1.000000000000000000, 0.000000000000000000, 0.000000000000000000 ) ) ;
#2456 = CARTESIAN_POINT ( 'NONE',  ( 0.1408815756636023764, -0.08975437318897930283, -0.3661417322998818391 ) ) ;
#2457 = CARTESIAN_POINT ( 'NONE',  ( 0.08070866141730799470, -0.07283464566929337414, -0.3661417322834705779 ) ) ;
#2458 = DIRECTION ( 'NONE',  ( 0.000000000000000000, 0.000000000000000000, -1.000000000000000000 ) ) ;
#2459 = VERTEX_POINT ( 'NONE', #11532 ) ;
#2460 = DIRECTION ( 'NONE',  ( 0.9993908270172949804, 0.000000000000000000, -0.03489949675406712332 ) ) ;
#2461 = AXIS2_PLACEMENT_3D ( 'NONE', #6257, #1838, #1186 ) ;
#2462 = AXIS2_PLACEMENT_3D ( 'NONE', #2523, #8977, #991 ) ;
#2463 = ADVANCED_FACE ( 'NONE', ( #7971 ), #8395, .T. ) ;
#2464 = ORIENTED_EDGE ( 'NONE', *, *, #217, .F. ) ;
#2465 = LINE ( 'NONE', #9566, #7927 ) ;
#2466 = DIRECTION ( 'NONE',  ( -0.7071067811860011210, 0.000000000000000000, 0.7071067811870939135 ) ) ;
#2467 = ADVANCED_FACE ( 'NONE', ( #1620 ), #748, .F. ) ;
#2468 = EDGE_CURVE ( 'NONE', #7631, #10040, #9728, .T. ) ;
#2469 = CARTESIAN_POINT ( 'NONE',  ( 0.03348337688755975705, 0.08385826771653513700, -0.3303149606463380850 ) ) ;
#2470 = CARTESIAN_POINT ( 'NONE',  ( 0.000000000000000000, -0.1151574803149768567, -0.05905511811023622659 ) ) ;
#2471 = SURFACE_STYLE_USAGE ( .BOTH. , #5890 ) ;
#2472 = VERTEX_POINT ( 'NONE', #9776 ) ;
#2473 = VERTEX_POINT ( 'NONE', #7097 ) ;
#2474 = EDGE_LOOP ( 'NONE', ( #9762, #1450, #6197, #2950 ) ) ;
#2475 = CARTESIAN_POINT ( 'NONE',  ( 0.1082677165354330728, 0.005905511811023620231, -0.2874015748031496509 ) ) ;
#2476 = EDGE_LOOP ( 'NONE', ( #320, #6696, #7198, #8301 ) ) ;
#2477 = ORIENTED_EDGE ( 'NONE', *, *, #413, .T. ) ;
#2478 = DIRECTION ( 'NONE',  ( 1.000000000000000000, 0.000000000000000000, 0.000000000000000000 ) ) ;
#2479 = FACE_OUTER_BOUND ( 'NONE', #6973, .T. ) ;
#2480 = EDGE_CURVE ( 'NONE', #10509, #5542, #7862, .T. ) ;
#2481 = FACE_OUTER_BOUND ( 'NONE', #8370, .T. ) ;
#2482 = DIRECTION ( 'NONE',  ( 0.000000000000000000, -1.000000000000000000, 0.000000000000000000 ) ) ;
#2483 = DIRECTION ( 'NONE',  ( 0.9998476951572767835, 0.000000000000000000, 0.01745240638654938989 ) ) ;
#2484 = FACE_OUTER_BOUND ( 'NONE', #9701, .T. ) ;
#2485 = DIRECTION ( 'NONE',  ( 1.000000000000000000, 0.000000000000000000, 0.000000000000000000 ) ) ;
#2486 = ORIENTED_EDGE ( 'NONE', *, *, #9368, .T. ) ;
#2487 =( LENGTH_UNIT ( ) NAMED_UNIT ( * ) SI_UNIT ( $, .METRE. ) );
#2488 = ORIENTED_EDGE ( 'NONE', *, *, #1784, .T. ) ;
#2489 = DIRECTION ( 'NONE',  ( 0.000000000000000000, 1.000000000000000000, 0.000000000000000000 ) ) ;
#2490 = VERTEX_POINT ( 'NONE', #4372 ) ;
#2491 = EDGE_CURVE ( 'NONE', #1048, #5056, #939, .T. ) ;
#2492 = EDGE_LOOP ( 'NONE', ( #1323, #118, #8821, #4338 ) ) ;
#2493 = DIRECTION ( 'NONE',  ( 0.000000000000000000, 1.000000000000000000, 0.000000000000000000 ) ) ;
#2494 = LINE ( 'NONE', #1666, #1822 ) ;
#2495 = DIRECTION ( 'NONE',  ( 0.000000000000000000, 0.000000000000000000, 1.000000000000000000 ) ) ;
#2496 = DIRECTION ( 'NONE',  ( -2.435351052049846404E-09, 0.000000000000000000, 1.000000000000000000 ) ) ;
#2497 = CARTESIAN_POINT ( 'NONE',  ( 0.1032944710987534903, 0.06682257791960206916, -0.05378364591232919628 ) ) ;
#2498 = EDGE_LOOP ( 'NONE', ( #10058, #3460, #4130, #4814 ) ) ;
#2499 = AXIS2_PLACEMENT_3D ( 'NONE', #4346, #9753, #8700 ) ;
#2500 =( BOUNDED_SURFACE ( )  B_SPLINE_SURFACE ( 3, 3, ( 
 ( #7930, #4384, #7872, #6282 ),
 ( #11373, #11434, #10556, #4436 ),
 ( #11488, #2575, #2520, #6119 ),
 ( #8914, #700, #9678, #927 ) ),
 .UNSPECIFIED., .F., .F., .F. ) 
 B_SPLINE_SURFACE_WITH_KNOTS ( ( 4, 4 ),
 ( 4, 4 ),
 ( 0.000000000000000000, 1.000000000000000000 ),
 ( 0.000000000000000000, 1.000000000000000000 ),
 .UNSPECIFIED. ) 
 GEOMETRIC_REPRESENTATION_ITEM ( )  RATIONAL_B_SPLINE_SURFACE ( (
 ( 1.000000000000000000, 0.3333333333540939858, 0.3333333333540939858, 1.000000000000000000),
 ( 0.8047378538408708204, 0.2682459512969971316, 0.2682459512969971316, 0.8047378538408708204),
 ( 0.8047378538408708204, 0.2682459512969971316, 0.2682459512969971316, 0.8047378538408708204),
 ( 1.000000000000000000, 0.3333333333540939858, 0.3333333333540939858, 1.000000000000000000) ) ) 
 REPRESENTATION_ITEM ( '' )  SURFACE ( )  );
#2501 = ORIENTED_EDGE ( 'NONE', *, *, #9810, .F. ) ;
#2502 = ADVANCED_FACE ( 'NONE', ( #6266 ), #487, .F. ) ;
#2503 = ORIENTED_EDGE ( 'NONE', *, *, #6552, .F. ) ;
#2504 = EDGE_CURVE ( 'NONE', #10118, #2275, #1150, .T. ) ;
#2505 = EDGE_CURVE ( 'NONE', #5337, #7369, #2789, .T. ) ;
#2506 = DIRECTION ( 'NONE',  ( 0.000000000000000000, 0.000000000000000000, -1.000000000000000000 ) ) ;
#2507 = DIRECTION ( 'NONE',  ( -0.7071067811854540031, 0.000000000000000000, -0.7071067811876409204 ) ) ;
#2508 = CARTESIAN_POINT ( 'NONE',  ( 0.06829404917444882595, 0.06135604059464567356, -0.2190453302083464615 ) ) ;
#2509 = DIRECTION ( 'NONE',  ( 0.000000000000000000, 0.000000000000000000, -1.000000000000000000 ) ) ;
#2510 = FACE_OUTER_BOUND ( 'NONE', #4321, .T. ) ;
#2511 = DIRECTION ( 'NONE',  ( 0.000000000000000000, -1.000000000000000000, 0.000000000000000000 ) ) ;
#2512 = DIRECTION ( 'NONE',  ( 0.000000000000000000, 0.7071067811865473507, -0.7071067811865477948 ) ) ;
#2513 = DIRECTION ( 'NONE',  ( 0.000000000000000000, 0.000000000000000000, -1.000000000000000000 ) ) ;
#2514 = DIRECTION ( 'NONE',  ( 0.000000000000000000, 0.000000000000000000, 1.000000000000000000 ) ) ;
#2515 = VERTEX_POINT ( 'NONE', #1852 ) ;
#2516 = AXIS2_PLACEMENT_3D ( 'NONE', #207, #3714, #9938 ) ;
#2517 = CARTESIAN_POINT ( 'NONE',  ( 0.02133125756463385980, 0.08370078740303150966, -0.2519685039534251825 ) ) ;
#2518 = ORIENTED_EDGE ( 'NONE', *, *, #5132, .T. ) ;
#2519 = EDGE_CURVE ( 'NONE', #4153, #1196, #6332, .T. ) ;
#2520 = CARTESIAN_POINT ( 'NONE',  ( -0.06889763780609213517, -0.03543307088399762911, -0.3541908113593796315 ) ) ;
#2521 = CYLINDRICAL_SURFACE ( 'NONE', #2431, 0.04133858267716537110 ) ;
#2522 = DIRECTION ( 'NONE',  ( -1.000000000000000000, -0.000000000000000000, -0.000000000000000000 ) ) ;
#2523 = CARTESIAN_POINT ( 'NONE',  ( 0.1641732283442519924, -0.08975437318898128736, -0.3582677165518504125 ) ) ;
#2524 = DIRECTION ( 'NONE',  ( 0.000000000000000000, 1.000000000000000000, 0.000000000000000000 ) ) ;
#2525 = ORIENTED_EDGE ( 'NONE', *, *, #2565, .F. ) ;
#2526 = ORIENTED_EDGE ( 'NONE', *, *, #2173, .F. ) ;
#2527 = VERTEX_POINT ( 'NONE', #7264 ) ;
#2528 = EDGE_CURVE ( 'NONE', #525, #2014, #6527, .T. ) ;
#2529 = LINE ( 'NONE', #5203, #11336 ) ;
#2530 = AXIS2_PLACEMENT_3D ( 'NONE', #657, #3411, #10218 ) ;
#2531 = VERTEX_POINT ( 'NONE', #5406 ) ;
#2532 = CARTESIAN_POINT ( 'NONE',  ( 0.09448818897637792369, 0.08740157481102363290, -0.3543307086614173596 ) ) ;
#2533 = CARTESIAN_POINT ( 'NONE',  ( 0.07202049024795274812, -0.04621890552881888908, -0.2163689584116141595 ) ) ;
#2534 = CARTESIAN_POINT ( 'NONE',  ( 0.1929133858245669908, -0.09565988500000001393, -0.3346456693063475374 ) ) ;
#2535 = CARTESIAN_POINT ( 'NONE',  ( 0.02796478882076080738, 0.008067983937047239207, -0.1365422638352533913 ) ) ;
#2536 = DIRECTION ( 'NONE',  ( -0.03489949675390687650, 0.000000000000000000, -0.9993908270173005315 ) ) ;
#2537 = CARTESIAN_POINT ( 'NONE',  ( 0.001968503922834644124, 0.006889763779527556357, -0.03937007874015747977 ) ) ;
#2538 = CARTESIAN_POINT ( 'NONE',  ( 0.1141794541016952769, -0.1015653968110223487, -0.3208660309957792611 ) ) ;
#2539 = EDGE_LOOP ( 'NONE', ( #3381, #11442, #133, #2361 ) ) ;
#2540 = ORIENTED_EDGE ( 'NONE', *, *, #4343, .T. ) ;
#2541 = PRODUCT_RELATED_PRODUCT_CATEGORY ( 'part', '', ( #1411 ) ) ;
#2542 = VERTEX_POINT ( 'NONE', #8959 ) ;
#2543 = ADVANCED_FACE ( 'NONE', ( #9950 ), #8304, .T. ) ;
#2544 = CARTESIAN_POINT ( 'NONE',  ( 0.01928816881748031051, 0.09238563864488189004, -0.3661417322998819501 ) ) ;
#2545 = ORIENTED_EDGE ( 'NONE', *, *, #11368, .T. ) ;
#2546 = ORIENTED_EDGE ( 'NONE', *, *, #10949, .F. ) ;
#2547 = LINE ( 'NONE', #794, #5662 ) ;
#2548 = CARTESIAN_POINT ( 'NONE',  ( 0.1437007874081710490, -0.08582677165360204363, -0.1708661417527617410 ) ) ;
#2549 = DIRECTION ( 'NONE',  ( 1.000000000000000000, 0.000000000000000000, 2.435351052049846404E-09 ) ) ;
#2550 = DIRECTION ( 'NONE',  ( 0.000000000000000000, 1.000000000000000000, 0.000000000000000000 ) ) ;
#2551 = PLANE ( 'NONE',  #4257 ) ;
#2552 = ORIENTED_EDGE ( 'NONE', *, *, #3853, .T. ) ;
#2553 = VERTEX_POINT ( 'NONE', #1965 ) ;
#2554 = EDGE_LOOP ( 'NONE', ( #4686, #438, #1995, #9756 ) ) ;
#2555 = VECTOR ( 'NONE', #5343, 39.37007874015748143 ) ;
#2556 = ORIENTED_EDGE ( 'NONE', *, *, #1708, .F. ) ;
#2557 = DIRECTION ( 'NONE',  ( -0.000000000000000000, -1.000000000000000000, -0.000000000000000000 ) ) ;
#2558 = LINE ( 'NONE', #3385, #2177 ) ;
#2559 = CARTESIAN_POINT ( 'NONE',  ( 0.04907459377145668988, 0.06220537120937009307, -0.1814660399067716812 ) ) ;
#2560 = AXIS2_PLACEMENT_3D ( 'NONE', #560, #3198, #10239 ) ;
#2561 = DIRECTION ( 'NONE',  ( -1.000000000000000000, 0.000000000000000000, 0.000000000000000000 ) ) ;
#2562 = EDGE_CURVE ( 'NONE', #1010, #3224, #9697, .T. ) ;
#2563 = DIRECTION ( 'NONE',  ( 3.469446951953610639E-15, 0.000000000000000000, -1.000000000000000000 ) ) ;
#2564 = DIRECTION ( 'NONE',  ( 0.000000000000000000, 0.000000000000000000, 1.000000000000000000 ) ) ;
#2565 = EDGE_CURVE ( 'NONE', #10994, #5160, #10075, .T. ) ;
#2566 = ORIENTED_EDGE ( 'NONE', *, *, #728, .F. ) ;
#2567 = EDGE_CURVE ( 'NONE', #3475, #5740, #1030, .T. ) ;
#2568 = CARTESIAN_POINT ( 'NONE',  ( 0.1299212598425270593, -0.03740157480314960925, -0.3661417322834646382 ) ) ;
#2569 = CARTESIAN_POINT ( 'NONE',  ( -0.01712598425196851584, -0.06102362204724410405, -0.05787401584251965214 ) ) ;
#2570 = ORIENTED_EDGE ( 'NONE', *, *, #9392, .F. ) ;
#2571 = PLANE ( 'NONE',  #8936 ) ;
#2572 = EDGE_LOOP ( 'NONE', ( #3276, #5082, #1639, #11279 ) ) ;
#2573 = VECTOR ( 'NONE', #9283, 39.37007874015748143 ) ;
#2574 = AXIS2_PLACEMENT_3D ( 'NONE', #915, #53, #8848 ) ;
#2575 = CARTESIAN_POINT ( 'NONE',  ( -0.03346456691589425742, -0.03543307088278610517, -0.3541908113593796315 ) ) ;
#2576 = DIRECTION ( 'NONE',  ( 0.000000000000000000, 0.000000000000000000, -1.000000000000000000 ) ) ;
#2577 = FACE_OUTER_BOUND ( 'NONE', #3645, .T. ) ;
#2578 = DIRECTION ( 'NONE',  ( -1.000000000000000000, 0.000000000000000000, 0.000000000000000000 ) ) ;
#2579 = EDGE_CURVE ( 'NONE', #4640, #6759, #5640, .T. ) ;
#2580 = VERTEX_POINT ( 'NONE', #4764 ) ;
#2581 = ORIENTED_EDGE ( 'NONE', *, *, #11239, .T. ) ;
#2582 = CARTESIAN_POINT ( 'NONE',  ( 0.1417322834645669549, 0.02952755905511812370, -0.2161417322834645882 ) ) ;
#2583 = VECTOR ( 'NONE', #3529, 39.37007874015748143 ) ;
#2584 = EDGE_CURVE ( 'NONE', #9012, #4855, #7271, .T. ) ;
#2585 = ORIENTED_EDGE ( 'NONE', *, *, #9210, .T. ) ;
#2586 = CARTESIAN_POINT ( 'NONE',  ( 0.1929133858245669908, -0.1015653968110236255, -0.3248031496227165582 ) ) ;
#2587 = PLANE ( 'NONE',  #3174 ) ;
#2588 = CARTESIAN_POINT ( 'NONE',  ( -0.1929133858267716994, -0.08976377952755906775, -0.2263779527559055538 ) ) ;
#2589 = CARTESIAN_POINT ( 'NONE',  ( 0.05582153287879786790, 0.02347038075075510294, -0.3034655579605078368 ) ) ;
#2590 = EDGE_CURVE ( 'NONE', #9599, #7002, #6338, .T. ) ;
#2591 = CARTESIAN_POINT ( 'NONE',  ( 0.1833811613460697154, -0.08976377952756478540, -0.1275590551106261517 ) ) ;
#2592 = DIRECTION ( 'NONE',  ( 0.000000000000000000, 1.239088197126290866E-15, -1.000000000000000000 ) ) ;
#2593 = CARTESIAN_POINT ( 'NONE',  ( 0.09448818897637792369, -0.09842519685039369248, -0.1726377952755905609 ) ) ;
#2594 = ORIENTED_EDGE ( 'NONE', *, *, #6928, .F. ) ;
#2595 = ORIENTED_EDGE ( 'NONE', *, *, #6816, .T. ) ;
#2596 = LINE ( 'NONE', #8822, #10273 ) ;
#2597 = AXIS2_PLACEMENT_3D ( 'NONE', #8091, #7042, #3447 ) ;
#2598 = ORIENTED_EDGE ( 'NONE', *, *, #7818, .T. ) ;
#2599 = DIRECTION ( 'NONE',  ( 7.688455000561518633E-11, 0.000000000000000000, 1.000000000000000000 ) ) ;
#2600 = VECTOR ( 'NONE', #9930, 39.37007874015748143 ) ;
#2601 = VERTEX_POINT ( 'NONE', #9400 ) ;
#2602 = EDGE_LOOP ( 'NONE', ( #10375, #9598, #1348, #107, #4274, #3649, #5349, #146 ) ) ;
#2603 = CARTESIAN_POINT ( 'NONE',  ( 0.000000000000000000, -0.1151574803149768567, -0.2559055118110236671 ) ) ;
#2604 = VECTOR ( 'NONE', #4370, 39.37007874015748143 ) ;
#2605 = CYLINDRICAL_SURFACE ( 'NONE', #9010, 0.03740157492032968045 ) ;
#2606 = CARTESIAN_POINT ( 'NONE',  ( -0.1574803149606299191, 0.06496062992125983815, -0.1830708661417323191 ) ) ;
#2607 = EDGE_CURVE ( 'NONE', #9821, #10359, #8754, .T. ) ;
#2608 = CARTESIAN_POINT ( 'NONE',  ( 0.09056058562771653053, -0.06299212598425196763, -0.3208661417487010947 ) ) ;
#2609 = DIRECTION ( 'NONE',  ( 0.000000000000000000, -1.000000000000000000, 0.000000000000000000 ) ) ;
#2610 = CARTESIAN_POINT ( 'NONE',  ( -0.1268822167086220420, -0.03031496062992126289, -0.3425196850393819048 ) ) ;
#2611 = ORIENTED_EDGE ( 'NONE', *, *, #3357, .T. ) ;
#2612 = ORIENTED_EDGE ( 'NONE', *, *, #2579, .T. ) ;
#2613 = ORIENTED_EDGE ( 'NONE', *, *, #7939, .T. ) ;
#2614 = AXIS2_PLACEMENT_3D ( 'NONE', #3587, #8000, #8867 ) ;
#2615 = VERTEX_POINT ( 'NONE', #7830 ) ;
#2616 = CARTESIAN_POINT ( 'NONE',  ( 0.1574803149606466557, 0.02559055118110236532, -0.09763779527559054983 ) ) ;
#2617 = DIRECTION ( 'NONE',  ( -1.000000000000000000, 0.000000000000000000, 0.000000000000000000 ) ) ;
#2618 = CARTESIAN_POINT ( 'NONE',  ( -0.004094544443744094729, -0.04708661417322835413, -0.2401574803149606196 ) ) ;
#2619 = SPHERICAL_SURFACE ( 'NONE', #6969, 0.01476377952755904797 ) ;
#2620 = FACE_OUTER_BOUND ( 'NONE', #9795, .T. ) ;
#2621 = CIRCLE ( 'NONE', #926, 0.01574803149606299885 ) ;
#2622 = ORIENTED_EDGE ( 'NONE', *, *, #10826, .F. ) ;
#2623 = VECTOR ( 'NONE', #1883, 39.37007874015748143 ) ;
#2624 = VECTOR ( 'NONE', #4142, 39.37007874015748143 ) ;
#2625 = DIRECTION ( 'NONE',  ( 0.000000000000000000, 0.000000000000000000, -1.000000000000000000 ) ) ;
#2626 = ORIENTED_EDGE ( 'NONE', *, *, #10929, .T. ) ;
#2627 = LINE ( 'NONE', #6990, #2432 ) ;
#2628 = AXIS2_PLACEMENT_3D ( 'NONE', #1106, #237, #933 ) ;
#2629 = EDGE_CURVE ( 'NONE', #6844, #3418, #948, .T. ) ;
#2630 = CIRCLE ( 'NONE', #10631, 0.01574803149606299885 ) ;
#2631 = EDGE_CURVE ( 'NONE', #8839, #5445, #10468, .T. ) ;
#2632 = CIRCLE ( 'NONE', #10632, 0.005905511811000007175 ) ;
#2633 = CARTESIAN_POINT ( 'NONE',  ( -0.1562992113779587133, -0.06968503937007874960, -0.2755905511811023167 ) ) ;
#2634 = CARTESIAN_POINT ( 'NONE',  ( 0.1090035611561591539, -0.03937007874015747977, -0.2333930943289906079 ) ) ;
#2635 = PLANE ( 'NONE',  #8892 ) ;
#2636 = PLANE ( 'NONE',  #10467 ) ;
#2637 = FACE_OUTER_BOUND ( 'NONE', #1388, .T. ) ;
#2638 = AXIS2_PLACEMENT_3D ( 'NONE', #5512, #9061, #4811 ) ;
#2639 = AXIS2_PLACEMENT_3D ( 'NONE', #8654, #11465, #7782 ) ;
#2640 = ORIENTED_EDGE ( 'NONE', *, *, #5588, .T. ) ;
#2641 = AXIS2_PLACEMENT_3D ( 'NONE', #819, #3513, #5197 ) ;
#2642 = ORIENTED_EDGE ( 'NONE', *, *, #989, .T. ) ;
#2643 = CARTESIAN_POINT ( 'NONE',  ( -0.1929133858267716994, -0.1015748031496182813, -0.1141732283464566844 ) ) ;
#2644 = EDGE_CURVE ( 'NONE', #7201, #495, #1472, .T. ) ;
#2645 = EDGE_CURVE ( 'NONE', #9646, #10214, #6162, .T. ) ;
#2646 = VECTOR ( 'NONE', #9289, 39.37007874015748143 ) ;
#2647 = VERTEX_POINT ( 'NONE', #6021 ) ;
#2648 = PLANE ( 'NONE',  #3087 ) ;
#2649 = LINE ( 'NONE', #7886, #1291 ) ;
#2650 = AXIS2_PLACEMENT_3D ( 'NONE', #3855, #1269, #3039 ) ;
#2651 = CARTESIAN_POINT ( 'NONE',  ( 0.07027154513119246437, 0.02949525200979108419, -0.3191988089602237899 ) ) ;
#2652 = DIRECTION ( 'NONE',  ( -0.7071067811865474617, 0.7071067811865474617, 0.000000000000000000 ) ) ;
#2653 = CARTESIAN_POINT ( 'NONE',  ( 0.1555118110216463234, 0.04566929133858269735, -0.09645669291338582196 ) ) ;
#2654 = CYLINDRICAL_SURFACE ( 'NONE', #713, 0.007874015748031516770 ) ;
#2655 = ORIENTED_EDGE ( 'NONE', *, *, #9209, .F. ) ;
#2656 = ORIENTED_EDGE ( 'NONE', *, *, #3393, .T. ) ;
#2657 = LINE ( 'NONE', #10580, #2831 ) ;
#2658 = VERTEX_POINT ( 'NONE', #8697 ) ;
#2659 = ADVANCED_FACE ( 'NONE', ( #543 ), #3025, .T. ) ;
#2660 = FACE_OUTER_BOUND ( 'NONE', #4798, .T. ) ;
#2661 = ORIENTED_EDGE ( 'NONE', *, *, #10826, .T. ) ;
#2662 = EDGE_CURVE ( 'NONE', #9336, #4955, #7657, .T. ) ;
#2663 = EDGE_LOOP ( 'NONE', ( #209, #6907, #3939, #2402 ) ) ;
#2664 = DIRECTION ( 'NONE',  ( 0.01745241484406268376, -2.901770611526060042E-24, -0.9998476950096503169 ) ) ;
#2665 = DIRECTION ( 'NONE',  ( 0.000000000000000000, -0.4472135954977878858, -0.8944271910010007653 ) ) ;
#2666 = CARTESIAN_POINT ( 'NONE',  ( 0.1028839731846146327, 0.06671072847812380135, -0.04942106234399031711 ) ) ;
#2667 = CARTESIAN_POINT ( 'NONE',  ( 0.001968503937007873988, -0.06167088338389764557, -0.3365354330708660857 ) ) ;
#2668 = CARTESIAN_POINT ( 'NONE',  ( -0.1574803149606299191, 0.005905511811023620231, -0.06692913385826776418 ) ) ;
#2669 = CARTESIAN_POINT ( 'NONE',  ( 0.05582298743702776567, 0.02385705801154361025, -0.3035488895439576451 ) ) ;
#2670 = ORIENTED_EDGE ( 'NONE', *, *, #10260, .F. ) ;
#2671 = ORIENTED_EDGE ( 'NONE', *, *, #9536, .T. ) ;
#2672 = EDGE_CURVE ( 'NONE', #706, #6974, #11213, .T. ) ;
#2673 = ORIENTED_EDGE ( 'NONE', *, *, #1784, .F. ) ;
#2674 = VERTEX_POINT ( 'NONE', #1409 ) ;
#2675 = ORIENTED_EDGE ( 'NONE', *, *, #9037, .F. ) ;
#2676 = ADVANCED_FACE ( 'NONE', ( #2481 ), #9633, .T. ) ;
#2677 = DIRECTION ( 'NONE',  ( 0.000000000000000000, -1.000000000000000000, 0.000000000000000000 ) ) ;
#2678 = DIRECTION ( 'NONE',  ( -1.031984066565520474E-31, 3.212450881438532734E-16, -1.000000000000000000 ) ) ;
#2679 = DIRECTION ( 'NONE',  ( 0.000000000000000000, 1.000000000000000000, 0.000000000000000000 ) ) ;
#2680 = LINE ( 'NONE', #3559, #3691 ) ;
#2681 = LINE ( 'NONE', #809, #10575 ) ;
#2682 = ORIENTED_EDGE ( 'NONE', *, *, #6705, .T. ) ;
#2683 = DIRECTION ( 'NONE',  ( 1.000000000000000000, 0.000000000000000000, 0.000000000000000000 ) ) ;
#2684 = EDGE_LOOP ( 'NONE', ( #1336, #707, #1748, #6742 ) ) ;
#2685 = DIRECTION ( 'NONE',  ( 1.000000000000000000, 0.000000000000000000, 0.000000000000000000 ) ) ;
#2686 = VERTEX_POINT ( 'NONE', #2415 ) ;
#2687 = ADVANCED_FACE ( 'NONE', ( #7710 ), #10122, .F. ) ;
#2688 = CARTESIAN_POINT ( 'NONE',  ( -0.1850393700787401619, -0.08956692913385826127, -0.1692913385826771699 ) ) ;
#2689 = CARTESIAN_POINT ( 'NONE',  ( 0.007874015748031482076, -0.01377952758085745216, -0.2893700787401575214 ) ) ;
#2690 = LINE ( 'NONE', #11438, #7774 ) ;
#2691 = DIRECTION ( 'NONE',  ( 0.000000000000000000, 1.000000000000000000, 0.000000000000000000 ) ) ;
#2692 = FACE_BOUND ( 'NONE', #3076, .T. ) ;
#2693 = EDGE_CURVE ( 'NONE', #5551, #8172, #6954, .T. ) ;
#2694 = ORIENTED_EDGE ( 'NONE', *, *, #1678, .T. ) ;
#2695 = ORIENTED_EDGE ( 'NONE', *, *, #7916, .F. ) ;
#2696 = LINE ( 'NONE', #1761, #11366 ) ;
#2697 = VECTOR ( 'NONE', #9480, 39.37007874015748854 ) ;
#2698 = ORIENTED_EDGE ( 'NONE', *, *, #4771, .T. ) ;
#2699 = CARTESIAN_POINT ( 'NONE',  ( 0.03430867865947245104, 0.07415588826964567004, -0.2507874015748031704 ) ) ;
#2700 = DIRECTION ( 'NONE',  ( 0.9998476951601261709, 0.000000000000000000, 0.01745240622331155345 ) ) ;
#2701 = CARTESIAN_POINT ( 'NONE',  ( -0.1562992113779646530, 0.009448818897637795144, -0.1011811023622047195 ) ) ;
#2702 = DIRECTION ( 'NONE',  ( 0.03489949675390680711, 1.011922027657060740E-14, 0.9993908270173006425 ) ) ;
#2703 = DIRECTION ( 'NONE',  ( 0.000000000000000000, 0.000000000000000000, -1.000000000000000000 ) ) ;
#2704 = EDGE_CURVE ( 'NONE', #8361, #10510, #8582, .T. ) ;
#2705 = CARTESIAN_POINT ( 'NONE',  ( 0.07256217980720472416, -0.04409887070244094404, -0.2191530461418503828 ) ) ;
#2706 = EDGE_CURVE ( 'NONE', #7238, #6790, #6779, .T. ) ;
#2707 = VERTEX_POINT ( 'NONE', #2350 ) ;
#2708 = EDGE_CURVE ( 'NONE', #8891, #1229, #7436, .T. ) ;
#2709 = EDGE_LOOP ( 'NONE', ( #7525, #7128, #2488, #1841 ) ) ;
#2710 = VERTEX_POINT ( 'NONE', #8520 ) ;
#2711 = FACE_OUTER_BOUND ( 'NONE', #11140, .T. ) ;
#2712 = VERTEX_POINT ( 'NONE', #606 ) ;
#2713 = ORIENTED_EDGE ( 'NONE', *, *, #4275, .T. ) ;
#2714 = LINE ( 'NONE', #6251, #3544 ) ;
#2715 = DIRECTION ( 'NONE',  ( -0.000000000000000000, -0.000000000000000000, -1.000000000000000000 ) ) ;
#2716 = LINE ( 'NONE', #5390, #325 ) ;
#2717 = LINE ( 'NONE', #10930, #4131 ) ;
#2718 = DIRECTION ( 'NONE',  ( 0.000000000000000000, 1.000000000000000000, 0.000000000000000000 ) ) ;
#2719 = VECTOR ( 'NONE', #8693, 39.37007874015748143 ) ;
#2720 = CARTESIAN_POINT ( 'NONE',  ( -0.1562992113779527736, -0.01082677165354330173, -0.3267716535433070058 ) ) ;
#2721 = ORIENTED_EDGE ( 'NONE', *, *, #712, .F. ) ;
#2722 = ADVANCED_FACE ( 'NONE', ( #4168 ), #9528, .T. ) ;
#2723 = VERTEX_POINT ( 'NONE', #5267 ) ;
#2724 = EDGE_LOOP ( 'NONE', ( #11401, #4159 ) ) ;
#2725 = ORIENTED_EDGE ( 'NONE', *, *, #315, .T. ) ;
#2726 = AXIS2_PLACEMENT_3D ( 'NONE', #3277, #6819, #5356 ) ;
#2727 = FACE_OUTER_BOUND ( 'NONE', #3107, .T. ) ;
#2728 = CARTESIAN_POINT ( 'NONE',  ( 0.03366141732283463306, 0.07480314960629921850, -0.1929133858267716994 ) ) ;
#2729 = DIRECTION ( 'NONE',  ( 1.000000000000000000, 0.000000000000000000, 0.000000000000000000 ) ) ;
#2730 = CARTESIAN_POINT ( 'NONE',  ( -0.06771653421259843375, 0.07204724409448819145, -0.3307086614173109229 ) ) ;
#2731 = CARTESIAN_POINT ( 'NONE',  ( 0.1240157480314960647, -0.08740157480314959815, -0.3248031496062992463 ) ) ;
#2732 = VERTEX_POINT ( 'NONE', #1935 ) ;
#2733 = EDGE_CURVE ( 'NONE', #10076, #1644, #1767, .T. ) ;
#2734 = VECTOR ( 'NONE', #5293, 39.37007874015748143 ) ;
#2735 = DIRECTION ( 'NONE',  ( -1.000000000000000000, 0.000000000000000000, -7.500076948385445007E-11 ) ) ;
#2736 = ORIENTED_EDGE ( 'NONE', *, *, #4065, .F. ) ;
#2737 = ORIENTED_EDGE ( 'NONE', *, *, #10715, .T. ) ;
#2738 = DIRECTION ( 'NONE',  ( 0.000000000000000000, 1.000000000000000000, 0.000000000000000000 ) ) ;
#2739 = LINE ( 'NONE', #111, #7698 ) ;
#2740 = AXIS2_PLACEMENT_3D ( 'NONE', #1964, #5518, #9068 ) ;
#2741 = DIRECTION ( 'NONE',  ( -1.000000000000000000, 0.000000000000000000, 1.922962685385158874E-15 ) ) ;
#2742 = FACE_OUTER_BOUND ( 'NONE', #6201, .T. ) ;
#2743 = DIRECTION ( 'NONE',  ( -0.000000000000000000, -1.000000000000000000, -0.000000000000000000 ) ) ;
#2744 = CARTESIAN_POINT ( 'NONE',  ( 0.08267716535433068670, 0.09921259842519472572, -0.3661417322834646382 ) ) ;
#2745 = EDGE_CURVE ( 'NONE', #11009, #11379, #6360, .T. ) ;
#2746 = DIRECTION ( 'NONE',  ( 0.03489949675390542627, 0.000000000000000000, 0.9993908270173006425 ) ) ;
#2747 = ORIENTED_EDGE ( 'NONE', *, *, #10387, .F. ) ;
#2748 = AXIS2_PLACEMENT_3D ( 'NONE', #7780, #1552, #7905 ) ;
#2749 = CARTESIAN_POINT ( 'NONE',  ( 0.1417322834645588503, 0.02952755905511812023, -0.09763779527559791893 ) ) ;
#2750 = MANIFOLD_SOLID_BREP ( 'Cut-Extrude1', #9840 ) ;
#2751 = VECTOR ( 'NONE', #9779, 39.37007874015748143 ) ;
#2752 = VERTEX_POINT ( 'NONE', #3590 ) ;
#2753 = DIRECTION ( 'NONE',  ( 0.7071067811865470176, 0.000000000000000000, -0.7071067811865479058 ) ) ;
#2754 = DIRECTION ( 'NONE',  ( 0.000000000000000000, 0.000000000000000000, 1.000000000000000000 ) ) ;
#2755 = CIRCLE ( 'NONE', #9262, 0.02755905511811023237 ) ;
#2756 = CARTESIAN_POINT ( 'NONE',  ( -0.01712598425196851584, -0.06102362204724409711, -0.3543307086614173040 ) ) ;
#2757 = CARTESIAN_POINT ( 'NONE',  ( -0.1637795275590551158, -0.09842519685039370636, -0.3734645669291339343 ) ) ;
#2758 = CARTESIAN_POINT ( 'NONE',  ( 0.1092022642596850446, 0.07193953059055623045, -0.05848816881734252016 ) ) ;
#2759 = ORIENTED_EDGE ( 'NONE', *, *, #3219, .T. ) ;
#2760 = ORIENTED_EDGE ( 'NONE', *, *, #8668, .F. ) ;
#2761 = ORIENTED_EDGE ( 'NONE', *, *, #8366, .F. ) ;
#2762 = DIRECTION ( 'NONE',  ( 0.000000000000000000, 0.000000000000000000, 1.000000000000000000 ) ) ;
#2763 = AXIS2_PLACEMENT_3D ( 'NONE', #10954, #5596, #6349 ) ;
#2764 = ORIENTED_EDGE ( 'NONE', *, *, #8678, .T. ) ;
#2765 = EDGE_CURVE ( 'NONE', #4656, #8457, #8930, .T. ) ;
#2766 = EDGE_CURVE ( 'NONE', #4115, #1778, #7175, .T. ) ;
#2767 = ORIENTED_EDGE ( 'NONE', *, *, #4089, .F. ) ;
#2768 = CARTESIAN_POINT ( 'NONE',  ( 0.1850393700765354532, -0.1015653968110138694, -0.2913385826935827039 ) ) ;
#2769 = EDGE_CURVE ( 'NONE', #2341, #267, #2820, .T. ) ;
#2770 = CARTESIAN_POINT ( 'NONE',  ( -0.07224409387795277526, -0.05787401574803150567, -0.3425196850393700809 ) ) ;
#2771 = CARTESIAN_POINT ( 'NONE',  ( 0.07550767557421723952, 0.02337201446511811415, -0.3033569815654239554 ) ) ;
#2772 = LINE ( 'NONE', #7194, #5718 ) ;
#2773 = AXIS2_PLACEMENT_3D ( 'NONE', #5655, #11020, #6521 ) ;
#2774 = DIRECTION ( 'NONE',  ( -0.000000000000000000, -0.000000000000000000, -1.000000000000000000 ) ) ;
#2775 = DIRECTION ( 'NONE',  ( -1.000000000000000000, 0.000000000000000000, 0.000000000000000000 ) ) ;
#2776 = DIRECTION ( 'NONE',  ( -0.000000000000000000, -1.000000000000000000, -0.000000000000000000 ) ) ;
#2777 = ORIENTED_EDGE ( 'NONE', *, *, #1425, .T. ) ;
#2778 = CARTESIAN_POINT ( 'NONE',  ( 0.08025097853696851191, -0.09907245818704721319, -0.3665994151638188869 ) ) ;
#2779 = AXIS2_PLACEMENT_3D ( 'NONE', #9448, #5032, #8573 ) ;
#2780 = ORIENTED_EDGE ( 'NONE', *, *, #1931, .F. ) ;
#2781 = VERTEX_POINT ( 'NONE', #17 ) ;
#2782 = ORIENTED_EDGE ( 'NONE', *, *, #6680, .T. ) ;
#2783 = AXIS2_PLACEMENT_3D ( 'NONE', #11484, #5414, #11427 ) ;
#2784 = EDGE_CURVE ( 'NONE', #2015, #11179, #4341, .T. ) ;
#2785 = ADVANCED_FACE ( 'NONE', ( #9693 ), #6239, .F. ) ;
#2786 = ORIENTED_EDGE ( 'NONE', *, *, #4708, .F. ) ;
#2787 = VECTOR ( 'NONE', #1898, 39.37007874015748143 ) ;
#2788 = CARTESIAN_POINT ( 'NONE',  ( 0.1338582677165354451, -0.08740157480313560934, -0.2913385826771653919 ) ) ;
#2789 = LINE ( 'NONE', #8196, #11184 ) ;
#2790 = CARTESIAN_POINT ( 'NONE',  ( -0.05118110236220473064, 0.000000000000000000, -7.888211081705560117E-15 ) ) ;
#2791 = CARTESIAN_POINT ( 'NONE',  ( 0.05789146812598424535, 0.06547953404751970241, -0.04547173732059056617 ) ) ;
#2792 = CARTESIAN_POINT ( 'NONE',  ( -0.1425196850393700976, -0.01673228346456693064, -0.2913385826771653919 ) ) ;
#2793 = ORIENTED_EDGE ( 'NONE', *, *, #6575, .T. ) ;
#2794 = CARTESIAN_POINT ( 'NONE',  ( -0.05118110236220473064, 0.02755905511811023237, -0.3307086614173109229 ) ) ;
#2795 = EDGE_LOOP ( 'NONE', ( #4448, #5568, #420, #8476, #10098, #9433, #8143, #251, #71, #4761, #895, #5982, #5574, #1532, #10541, #980, #2141, #9420 ) ) ;
#2796 = AXIS2_PLACEMENT_3D ( 'NONE', #10626, #6238, #7943 ) ;
#2797 = CARTESIAN_POINT ( 'NONE',  ( 0.03152044350660630073, 0.06260654911417322388, -0.1735770595431102292 ) ) ;
#2798 = AXIS2_PLACEMENT_3D ( 'NONE', #11278, #11059, #7503 ) ;
#2799 = ADVANCED_FACE ( 'NONE', ( #10628 ), #944, .F. ) ;
#2800 = LINE ( 'NONE', #1863, #6584 ) ;
#2801 = STYLED_ITEM ( 'NONE', ( #5211 ), #10488 ) ;
#2802 = DIRECTION ( 'NONE',  ( 0.000000000000000000, 0.000000000000000000, 1.000000000000000000 ) ) ;
#2803 = PLANE ( 'NONE',  #1123 ) ;
#2804 = VECTOR ( 'NONE', #5318, 39.37007874015748143 ) ;
#2805 = CIRCLE ( 'NONE', #10987, 0.005905511809751962105 ) ;
#2806 = DIRECTION ( 'NONE',  ( 0.000000000000000000, -6.512125886093550862E-16, 1.000000000000000000 ) ) ;
#2807 = PLANE ( 'NONE',  #7106 ) ;
#2808 = DIRECTION ( 'NONE',  ( 0.03489949667904205383, 0.000000000000000000, 0.9993908270199149957 ) ) ;
#2809 = ORIENTED_EDGE ( 'NONE', *, *, #4135, .T. ) ;
#2810 = FACE_OUTER_BOUND ( 'NONE', #9703, .T. ) ;
#2811 = EDGE_CURVE ( 'NONE', #5215, #7074, #958, .T. ) ;
#2812 = COLOUR_RGB ( '',0.7921568627450980005, 0.8196078431372548767, 0.9333333333333333481 ) ;
#2813 = AXIS2_PLACEMENT_3D ( 'NONE', #2618, #2509, #749 ) ;
#2814 = PRESENTATION_LAYER_ASSIGNMENT (  '', '', ( #7834 ) ) ;
#2815 = ADVANCED_FACE ( 'NONE', ( #9749 ), #7124, .F. ) ;
#2816 = EDGE_CURVE ( 'NONE', #3436, #5337, #1146, .T. ) ;
#2817 = ORIENTED_EDGE ( 'NONE', *, *, #4772, .T. ) ;
#2818 = DIRECTION ( 'NONE',  ( -1.000000000000000000, -0.000000000000000000, -0.000000000000000000 ) ) ;
#2819 = CYLINDRICAL_SURFACE ( 'NONE', #5951, 0.05252058937007873796 ) ;
#2820 = LINE ( 'NONE', #8002, #6345 ) ;
#2822 = CARTESIAN_POINT ( 'NONE',  ( 0.09684256904505088304, -0.07086614173228347746, -0.2432087185207964797 ) ) ;
#2821 = VECTOR ( 'NONE', #8130, 39.37007874015748143 ) ;
#2823 = AXIS2_PLACEMENT_3D ( 'NONE', #6915, #10483, #2495 ) ;
#2824 = DIRECTION ( 'NONE',  ( -1.000000000000000000, 0.000000000000000000, 0.000000000000000000 ) ) ;
#2825 = DIRECTION ( 'NONE',  ( 0.000000000000000000, 0.7071067811865484609, 0.7071067811865465735 ) ) ;
#2826 = ORIENTED_EDGE ( 'NONE', *, *, #3029, .F. ) ;
#2827 = ORIENTED_EDGE ( 'NONE', *, *, #7746, .T. ) ;
#2828 = EDGE_LOOP ( 'NONE', ( #215, #8650, #2288, #2995 ) ) ;
#2829 = CARTESIAN_POINT ( 'NONE',  ( 0.02755905511811023931, -0.07716535433069385275, -0.2795275590551181133 ) ) ;
#2830 = ORIENTED_EDGE ( 'NONE', *, *, #1599, .T. ) ;
#2831 = VECTOR ( 'NONE', #890, 39.37007874015748143 ) ;
#2832 = EDGE_CURVE ( 'NONE', #7530, #8361, #4132, .T. ) ;
#2833 = AXIS2_PLACEMENT_3D ( 'NONE', #7101, #8792, #5183 ) ;
#2834 = ORIENTED_EDGE ( 'NONE', *, *, #9841, .F. ) ;
#2835 = CARTESIAN_POINT ( 'NONE',  ( -0.1268822167086223751, -0.01850393700787401202, -0.3307086614173170847 ) ) ;
#2836 = PLANE ( 'NONE',  #11343 ) ;
#2837 = LINE ( 'NONE', #3828, #4515 ) ;
#2838 = DIRECTION ( 'NONE',  ( 0.000000000000000000, 1.000000000000000000, 0.000000000000000000 ) ) ;
#2839 = CARTESIAN_POINT ( 'NONE',  ( 0.1594488188993619660, -0.1015748031496063325, -0.1062992125906599000 ) ) ;
#2840 = CARTESIAN_POINT ( 'NONE',  ( 0.09449759350173228545, -0.06299212598425196763, -0.3661417322998819501 ) ) ;
#2841 = DIRECTION ( 'NONE',  ( 3.258077842597545914E-12, -1.000000000000000000, -1.826752797403999927E-09 ) ) ;
#2842 = EDGE_LOOP ( 'NONE', ( #7544, #1047, #10487, #10686 ) ) ;
#2843 = DIRECTION ( 'NONE',  ( 0.000000000000000000, 0.000000000000000000, 1.000000000000000000 ) ) ;
#2844 = ORIENTED_EDGE ( 'NONE', *, *, #4732, .F. ) ;
#2845 = EDGE_CURVE ( 'NONE', #839, #1587, #4683, .T. ) ;
#2846 = ORIENTED_EDGE ( 'NONE', *, *, #11496, .T. ) ;
#2847 = EDGE_LOOP ( 'NONE', ( #10645, #10551, #2694, #8500, #4245, #1232, #3345, #3659 ) ) ;
#2848 = DIRECTION ( 'NONE',  ( -0.7071067811865453523, -0.000000000000000000, -0.7071067811865496822 ) ) ;
#2849 = CARTESIAN_POINT ( 'NONE',  ( 0.1156690317281496017, -0.05134122119299212861, -0.05377731341208661503 ) ) ;
#2850 = LINE ( 'NONE', #9951, #386 ) ;
#2851 = DIRECTION ( 'NONE',  ( 1.000000000000000000, 0.000000000000000000, 0.000000000000000000 ) ) ;
#2852 = CYLINDRICAL_SURFACE ( 'NONE', #3687, 0.005905511811000008042 ) ;
#2853 = EDGE_LOOP ( 'NONE', ( #8274, #9889, #4235, #2736 ) ) ;
#2854 = LINE ( 'NONE', #6393, #165 ) ;
#2855 = EDGE_LOOP ( 'NONE', ( #5096, #5779, #2154, #6382 ) ) ;
#2856 = EDGE_CURVE ( 'NONE', #9538, #8839, #2452, .T. ) ;
#2857 = EDGE_CURVE ( 'NONE', #3434, #495, #214, .T. ) ;
#2858 = EDGE_CURVE ( 'NONE', #5120, #11495, #10969, .T. ) ;
#2859 = DIRECTION ( 'NONE',  ( -2.795443846435724652E-10, 0.000000000000000000, 1.000000000000000000 ) ) ;
#2860 = LINE ( 'NONE', #9027, #10678 ) ;
#2861 = CARTESIAN_POINT ( 'NONE',  ( -0.1850393700787401619, -0.1015748031496182119, -0.1141732283464566844 ) ) ;
#2862 = DIRECTION ( 'NONE',  ( 3.771137991253928573E-16, 0.000000000000000000, 1.000000000000000000 ) ) ;
#2863 = CARTESIAN_POINT ( 'NONE',  ( 0.08899248756606298327, -0.05020171252437006376, -0.02160279043535827045 ) ) ;
#2864 = CARTESIAN_POINT ( 'NONE',  ( 0.1013779527559055121, -0.07165354330710214936, -0.05787401574803149873 ) ) ;
#2865 = LINE ( 'NONE', #9967, #7048 ) ;
#2866 = CARTESIAN_POINT ( 'NONE',  ( -0.05118110236220473064, 0.000000000000000000, -0.2480314960629919352 ) ) ;
#2867 = VECTOR ( 'NONE', #4623, 39.37007874015748854 ) ;
#2868 = VERTEX_POINT ( 'NONE', #2105 ) ;
#2869 = EDGE_CURVE ( 'NONE', #7257, #1346, #3982, .T. ) ;
#2870 = ORIENTED_EDGE ( 'NONE', *, *, #10839, .F. ) ;
#2871 = ORIENTED_EDGE ( 'NONE', *, *, #1766, .T. ) ;
#2872 = CARTESIAN_POINT ( 'NONE',  ( -0.1850393700787401341, -0.08956692913385826127, -0.3464566929133858775 ) ) ;
#2873 = CARTESIAN_POINT ( 'NONE',  ( 0.02145669291338577964, -0.06102362204724410405, -0.1870078740157480324 ) ) ;
#2874 = CARTESIAN_POINT ( 'NONE',  ( -0.1503936897244094739, -0.07755905511811023167, -0.2834645669291339098 ) ) ;
#2875 = LINE ( 'NONE', #1991, #3182 ) ;
#2876 = LINE ( 'NONE', #5374, #3738 ) ;
#2877 = PLANE ( 'NONE',  #4920 ) ;
#2878 = ORIENTED_EDGE ( 'NONE', *, *, #524, .T. ) ;
#2879 = ORIENTED_EDGE ( 'NONE', *, *, #2766, .F. ) ;
#2880 = EDGE_CURVE ( 'NONE', #3382, #4690, #10855, .T. ) ;
#2881 = ORIENTED_EDGE ( 'NONE', *, *, #3602, .T. ) ;
#2882 = AXIS2_PLACEMENT_3D ( 'NONE', #5691, #3960, #5804 ) ;
#2883 = VECTOR ( 'NONE', #797, 39.37007874015748143 ) ;
#2884 = LINE ( 'NONE', #2829, #904 ) ;
#2885 = ORIENTED_EDGE ( 'NONE', *, *, #110, .F. ) ;
#2886 = VERTEX_POINT ( 'NONE', #9159 ) ;
#2887 = CARTESIAN_POINT ( 'NONE',  ( 0.1417322834645669272, -0.08740157480314959815, -0.2161417322834645882 ) ) ;
#2888 = DIRECTION ( 'NONE',  ( 0.000000000000000000, 0.000000000000000000, 1.000000000000000000 ) ) ;
#2889 = LINE ( 'NONE', #1835, #8014 ) ;
#2890 = PLANE ( 'NONE',  #7027 ) ;
#2891 = CYLINDRICAL_SURFACE ( 'NONE', #2461, 0.01574803149606296415 ) ;
#2892 = DIRECTION ( 'NONE',  ( 0.000000000000000000, 0.000000000000000000, 1.000000000000000000 ) ) ;
#2893 = DIRECTION ( 'NONE',  ( -0.3905886040995287245, 0.02700730946309236671, -0.9201690864092024746 ) ) ;
#2894 = ORIENTED_EDGE ( 'NONE', *, *, #6284, .F. ) ;
#2895 = DIRECTION ( 'NONE',  ( 0.000000000000000000, 1.000000000000000000, 0.000000000000000000 ) ) ;
#2896 = ADVANCED_FACE ( 'NONE', ( #2220, #1283 ), #7466, .F. ) ;
#2897 = VERTEX_POINT ( 'NONE', #2929 ) ;
#2898 = ORIENTED_EDGE ( 'NONE', *, *, #11236, .T. ) ;
#2899 = VERTEX_POINT ( 'NONE', #6531 ) ;
#2900 = ORIENTED_EDGE ( 'NONE', *, *, #1559, .F. ) ;
#2901 = AXIS2_PLACEMENT_3D ( 'NONE', #4035, #9383, #10270 ) ;
#2902 = CARTESIAN_POINT ( 'NONE',  ( -0.1166653128984294768, -0.02438915642001617673, -0.3425196850393819048 ) ) ;
#2903 = CARTESIAN_POINT ( 'NONE',  ( -0.01712598425196851584, -0.06102362204724409711, -0.3543307086614173040 ) ) ;
#2904 = LINE ( 'NONE', #977, #20 ) ;
#2905 = CARTESIAN_POINT ( 'NONE',  ( 0.01383189165083129231, 0.06330510477465040031, -0.1396092749823258095 ) ) ;
#2906 = CARTESIAN_POINT ( 'NONE',  ( 0.001968503929921260574, -0.03812857654608587527, -0.3307086614173215255 ) ) ;
#2907 = ORIENTED_EDGE ( 'NONE', *, *, #8744, .T. ) ;
#2908 = LINE ( 'NONE', #4598, #5942 ) ;
#2909 = ORIENTED_EDGE ( 'NONE', *, *, #10206, .F. ) ;
#2910 = B_SPLINE_SURFACE_WITH_KNOTS ( 'NONE', 3, 3, ( 
 ( #234, #2973, #7335, #4725 ),
 ( #8265, #6573, #1268, #8214 ),
 ( #10898, #10085, #9030, #1164 ),
 ( #173, #4833, #285, #1924 ),
 ( #2863, #6519, #5481, #6456 ),
 ( #4607, #2918, #337, #1212 ),
 ( #1978, #5653, #9202, #3744 ),
 ( #3972, #7452, #11018, #8319 ),
 ( #10135, #2149, #3854, #407 ) ),
 .UNSPECIFIED., .F., .F., .F.,
 ( 4, 1, 1, 1, 1, 1, 4 ),
 ( 4, 4 ),
 ( -0.009980813288456000243, 0.000000000000000000, 0.2500000000000000000, 0.5000000000000000000, 0.7500000000000000000, 1.000000000000000000, 1.009985584874000031 ),
 ( -0.03248485654867000472, 1.031317312108999795 ),
 .UNSPECIFIED. ) ;
#2911 = DIRECTION ( 'NONE',  ( 0.03489949667934665739, 0.000000000000000000, 0.9993908270199043375 ) ) ;
#2912 = CARTESIAN_POINT ( 'NONE',  ( 0.1200787401578247565, 0.09921259842519687677, -0.3661417322834646382 ) ) ;
#2913 = ADVANCED_FACE ( 'NONE', ( #2047 ), #6588, .F. ) ;
#2914 = ADVANCED_FACE ( 'NONE', ( #9214 ), #8277, .T. ) ;
#2915 = LINE ( 'NONE', #3036, #5524 ) ;
#2916 = CARTESIAN_POINT ( 'NONE',  ( -0.1850393700787401619, -0.08976377952754717449, -0.2952755905511810774 ) ) ;
#2917 = ADVANCED_FACE ( 'NONE', ( #5717 ), #10148, .F. ) ;
#2918 = CARTESIAN_POINT ( 'NONE',  ( 0.1054348391007873809, -0.05062422306826771384, -0.03520183768197243657 ) ) ;
#2919 = DIRECTION ( 'NONE',  ( 0.000000000000000000, 1.000000000000000000, 0.000000000000000000 ) ) ;
#2920 = FACE_OUTER_BOUND ( 'NONE', #5092, .T. ) ;
#2921 = DIRECTION ( 'NONE',  ( 0.000000000000000000, 0.000000000000000000, -1.000000000000000000 ) ) ;
#2922 = EDGE_LOOP ( 'NONE', ( #10743, #2782, #4968, #5298, #1334, #11113, #8849, #5550, #7303, #3795, #3432, #8809, #1908, #4117, #3131, #2759, #7300, #7018, #5844, #7441, #7147, #7546, #10690, #9410 ) ) ;
#2923 = CARTESIAN_POINT ( 'NONE',  ( 0.04135739263559055218, -0.03937007874015747977, -0.3661417322998834489 ) ) ;
#2924 = VECTOR ( 'NONE', #4775, 39.37007874015748143 ) ;
#2925 = ORIENTED_EDGE ( 'NONE', *, *, #1926, .T. ) ;
#2926 = CARTESIAN_POINT ( 'NONE',  ( 0.1496062992105118283, 0.07216076925351962157, -0.08267716535478346340 ) ) ;
#2927 = CYLINDRICAL_SURFACE ( 'NONE', #7812, 0.007874015748008843935 ) ;
#2928 = EDGE_CURVE ( 'NONE', #9102, #2056, #4788, .T. ) ;
#2929 = CARTESIAN_POINT ( 'NONE',  ( 0.02145669291338547086, 0.08897637795275181727, -0.2795275590590592940 ) ) ;
#2930 = DIRECTION ( 'NONE',  ( -2.709638069475773489E-12, 1.000000000000000000, 1.734723475986208936E-15 ) ) ;
#2931 = VECTOR ( 'NONE', #2848, 39.37007874015748143 ) ;
#2932 = DIRECTION ( 'NONE',  ( -1.000000000000000000, 0.000000000000000000, 0.000000000000000000 ) ) ;
#2933 = DIRECTION ( 'NONE',  ( 0.000000000000000000, -1.000000000000000000, 0.000000000000000000 ) ) ;
#2934 = ORIENTED_EDGE ( 'NONE', *, *, #4932, .F. ) ;
#2935 = VERTEX_POINT ( 'NONE', #417 ) ;
#2936 = EDGE_LOOP ( 'NONE', ( #8419, #9721, #8742, #5471, #2245 ) ) ;
#2937 = LINE ( 'NONE', #4629, #6330 ) ;
#2938 = ORIENTED_EDGE ( 'NONE', *, *, #7384, .F. ) ;
#2939 = CIRCLE ( 'NONE', #4799, 0.01181102362204722485 ) ;
#2940 = ORIENTED_EDGE ( 'NONE', *, *, #3241, .T. ) ;
#2941 = CARTESIAN_POINT ( 'NONE',  ( -0.1647637690748031403, -0.08976377952755981715, -0.1692913385826771699 ) ) ;
#2942 = LINE ( 'NONE', #9226, #8732 ) ;
#2943 = EDGE_CURVE ( 'NONE', #9641, #10028, #3581, .T. ) ;
#2944 = VECTOR ( 'NONE', #563, 39.37007874015748143 ) ;
#2945 = CARTESIAN_POINT ( 'NONE',  ( 0.1452317264411477626, -0.09565988500000001393, -0.2936649964323442275 ) ) ;
#2946 = DIRECTION ( 'NONE',  ( 0.000000000000000000, 1.000000000000000000, 0.000000000000000000 ) ) ;
#2947 = DIRECTION ( 'NONE',  ( 0.000000000000000000, 0.000000000000000000, 1.000000000000000000 ) ) ;
#2948 = CARTESIAN_POINT ( 'NONE',  ( -0.003937007873069634130, 0.02657480314470200139, -0.3366141732283464139 ) ) ;
#2949 = DIRECTION ( 'NONE',  ( -0.04636984872348062087, 1.824636755990906682E-09, -0.9989243400425086294 ) ) ;
#2950 = ORIENTED_EDGE ( 'NONE', *, *, #5079, .T. ) ;
#2951 = PLANE ( 'NONE',  #6718 ) ;
#2952 = ORIENTED_EDGE ( 'NONE', *, *, #6073, .F. ) ;
#2953 = UNCERTAINTY_MEASURE_WITH_UNIT (LENGTH_MEASURE( 1.000000000000000082E-05 ), #4400, 'distance_accuracy_value', 'NONE');
#2954 = AXIS2_PLACEMENT_3D ( 'NONE', #7909, #11468, #1735 ) ;
#2955 = ORIENTED_EDGE ( 'NONE', *, *, #10401, .T. ) ;
#2956 = ADVANCED_FACE ( 'NONE', ( #6640 ), #1055, .F. ) ;
#2957 = EDGE_CURVE ( 'NONE', #4153, #8411, #7294, .T. ) ;
#2958 = FACE_OUTER_BOUND ( 'NONE', #3721, .T. ) ;
#2959 = CARTESIAN_POINT ( 'NONE',  ( 0.1112348958957086603, -0.05085078710708660493, -0.05242747652645669831 ) ) ;
#2960 = DIRECTION ( 'NONE',  ( -1.000000000000000000, 0.000000000000000000, 0.000000000000000000 ) ) ;
#2961 = DIRECTION ( 'NONE',  ( -0.000000000000000000, -0.000000000000000000, -1.000000000000000000 ) ) ;
#2962 = DIRECTION ( 'NONE',  ( 1.000000000000000000, 0.000000000000000000, 0.000000000000000000 ) ) ;
#2963 = VERTEX_POINT ( 'NONE', #9332 ) ;
#2964 = ORIENTED_EDGE ( 'NONE', *, *, #2943, .T. ) ;
#2965 = AXIS2_PLACEMENT_3D ( 'NONE', #1747, #8850, #862 ) ;
#2966 = DIRECTION ( 'NONE',  ( -1.000000000000000000, 0.000000000000000000, 0.000000000000000000 ) ) ;
#2967 = AXIS2_PLACEMENT_3D ( 'NONE', #5263, #9559, #11300 ) ;
#2968 = AXIS2_PLACEMENT_3D ( 'NONE', #9089, #4557, #8104 ) ;
#2969 = CARTESIAN_POINT ( 'NONE',  ( 0.02167235326551180535, 0.08858267716535431213, -0.3661417322998818391 ) ) ;
#2970 = DIRECTION ( 'NONE',  ( 0.000000000000000000, 0.000000000000000000, -1.000000000000000000 ) ) ;
#2971 = CARTESIAN_POINT ( 'NONE',  ( 0.09697996864055501154, -0.07874015748032422990, -0.2392741089090114348 ) ) ;
#2972 = AXIS2_PLACEMENT_3D ( 'NONE', #1325, #5933, #4140 ) ;
#2973 = CARTESIAN_POINT ( 'NONE',  ( 0.05788882579956693142, -0.04933997437641732264, -0.04547069115385827393 ) ) ;
#2974 = CARTESIAN_POINT ( 'NONE',  ( 0.1075472009651397692, 0.08267716535433233815, -0.2750977937428525921 ) ) ;
#2975 = VECTOR ( 'NONE', #9399, 39.37007874015748143 ) ;
#2976 = FACE_OUTER_BOUND ( 'NONE', #5021, .T. ) ;
#2977 = FACE_OUTER_BOUND ( 'NONE', #4189, .T. ) ;
#2978 = AXIS2_PLACEMENT_3D ( 'NONE', #412, #3977, #11072 ) ;
#2979 = VERTEX_POINT ( 'NONE', #7575 ) ;
#2980 = DIRECTION ( 'NONE',  ( -0.000000000000000000, -0.000000000000000000, -1.000000000000000000 ) ) ;
#2981 = EDGE_CURVE ( 'NONE', #9303, #940, #5774, .T. ) ;
#2982 = EDGE_CURVE ( 'NONE', #6275, #903, #1580, .T. ) ;
#2983 = VECTOR ( 'NONE', #5043, 39.37007874015748143 ) ;
#2984 = AXIS2_PLACEMENT_3D ( 'NONE', #3452, #10608, #9614 ) ;
#2985 = VERTEX_POINT ( 'NONE', #11311 ) ;
#2986 = CARTESIAN_POINT ( 'NONE',  ( 0.1112307894041338618, 0.06662830284122048252, -0.05239233065618110335 ) ) ;
#2987 = LINE ( 'NONE', #8163, #5033 ) ;
#2988 = CARTESIAN_POINT ( 'NONE',  ( 0.1850393700765354532, -0.1015653968110187683, -0.2913385826935827039 ) ) ;
#2989 = CARTESIAN_POINT ( 'NONE',  ( 0.04907437410185039317, -0.04518199738452755715, -0.1814661253153543596 ) ) ;
#2990 = AXIS2_PLACEMENT_3D ( 'NONE', #9032, #8, #10617 ) ;
#2991 = VERTEX_POINT ( 'NONE', #1395 ) ;
#2992 = CIRCLE ( 'NONE', #10800, 0.01574803149606296415 ) ;
#2993 = VERTEX_POINT ( 'NONE', #7815 ) ;
#2994 = AXIS2_PLACEMENT_3D ( 'NONE', #9789, #7110, #4329 ) ;
#2995 = ORIENTED_EDGE ( 'NONE', *, *, #256, .F. ) ;
#2996 = ADVANCED_FACE ( 'NONE', ( #9386 ), #4213, .T. ) ;
#2997 = EDGE_CURVE ( 'NONE', #3565, #2781, #4269, .T. ) ;
#2998 = CARTESIAN_POINT ( 'NONE',  ( 0.02167235326551181229, -0.07677165354330708902, -0.3090551181266535385 ) ) ;
#2999 = VERTEX_POINT ( 'NONE', #7753 ) ;
#3000 = CIRCLE ( 'NONE', #1520, 0.007874015748031449116 ) ;
#3001 = VERTEX_POINT ( 'NONE', #593 ) ;
#3002 = DIRECTION ( 'NONE',  ( 1.962450904614682344E-10, 1.000000000000000000, -0.000000000000000000 ) ) ;
#3003 = CARTESIAN_POINT ( 'NONE',  ( 0.1240157480314960647, -0.08602362204724407768, -0.3661417322834645272 ) ) ;
#3004 = VECTOR ( 'NONE', #1381, 39.37007874015748854 ) ;
#3005 = DIRECTION ( 'NONE',  ( 0.000000000000000000, 0.000000000000000000, 1.000000000000000000 ) ) ;
#3006 = DIRECTION ( 'NONE',  ( 0.000000000000000000, 0.000000000000000000, -1.000000000000000000 ) ) ;
#3007 = LINE ( 'NONE', #10289, #3398 ) ;
#3008 = DIRECTION ( 'NONE',  ( -0.000000000000000000, -1.000000000000000000, -0.000000000000000000 ) ) ;
#3009 = DIRECTION ( 'NONE',  ( 0.000000000000000000, 1.000000000000000000, 0.000000000000000000 ) ) ;
#3010 = ADVANCED_FACE ( 'NONE', ( #6010 ), #531, .T. ) ;
#3011 = VERTEX_POINT ( 'NONE', #5140 ) ;
#3012 = FACE_OUTER_BOUND ( 'NONE', #9381, .T. ) ;
#3013 = EDGE_LOOP ( 'NONE', ( #4706, #1406, #7405, #6220 ) ) ;
#3014 = VECTOR ( 'NONE', #8023, 39.37007874015748854 ) ;
#3015 = ADVANCED_FACE ( 'NONE', ( #11376 ), #4962, .F. ) ;
#3016 =( GEOMETRIC_REPRESENTATION_CONTEXT ( 3 ) GLOBAL_UNCERTAINTY_ASSIGNED_CONTEXT ( ( #47 ) ) GLOBAL_UNIT_ASSIGNED_CONTEXT ( ( #5317, #6296, #3469 ) ) REPRESENTATION_CONTEXT ( 'NONE', 'WORKASPACE' ) );
#3017 = ORIENTED_EDGE ( 'NONE', *, *, #6390, .F. ) ;
#3018 = ORIENTED_EDGE ( 'NONE', *, *, #3684, .F. ) ;
#3019 = ORIENTED_EDGE ( 'NONE', *, *, #3708, .F. ) ;
#3020 = ORIENTED_EDGE ( 'NONE', *, *, #5891, .T. ) ;
#3021 = ORIENTED_EDGE ( 'NONE', *, *, #424, .F. ) ;
#3022 = VECTOR ( 'NONE', #2433, 39.37007874015748143 ) ;
#3023 = DIRECTION ( 'NONE',  ( 0.9998476951478211250, -5.145553633786186545E-12, 0.01745240692826316789 ) ) ;
#3024 = DIRECTION ( 'NONE',  ( 0.000000000000000000, 0.4472135954977878858, 0.8944271910010007653 ) ) ;
#3025 = PLANE ( 'NONE',  #8946 ) ;
#3026 = CARTESIAN_POINT ( 'NONE',  ( -0.1086614173228346442, -0.03818897637795669320, -0.3425196850393821268 ) ) ;
#3027 = CARTESIAN_POINT ( 'NONE',  ( 0.01709268423108441931, 0.06344525133847392362, -0.1319273292226501859 ) ) ;
#3028 = DIRECTION ( 'NONE',  ( 1.000000000000000000, 0.000000000000000000, 0.000000000000000000 ) ) ;
#3029 = EDGE_CURVE ( 'NONE', #9982, #1729, #4908, .T. ) ;
#3030 = VERTEX_POINT ( 'NONE', #10452 ) ;
#3031 = DIMENSIONAL_EXPONENTS ( 1.000000000000000000, 0.000000000000000000, 0.000000000000000000, 0.000000000000000000, 0.000000000000000000, 0.000000000000000000, 0.000000000000000000 ) ;
#3032 = ORIENTED_EDGE ( 'NONE', *, *, #5019, .F. ) ;
#3033 = EDGE_CURVE ( 'NONE', #4690, #5552, #9327, .T. ) ;
#3034 = DIRECTION ( 'NONE',  ( 0.000000000000000000, -1.000000000000000000, 0.000000000000000000 ) ) ;
#3035 = CARTESIAN_POINT ( 'NONE',  ( 0.1240157480314960647, -0.08399840795468505039, -0.2978740157480315176 ) ) ;
#3036 = CARTESIAN_POINT ( 'NONE',  ( 0.1075472009651510519, 0.005905492437618096307, -0.2750977937428507603 ) ) ;
#3037 = CARTESIAN_POINT ( 'NONE',  ( 0.02145669291338582821, -0.07972440944881889480, -0.3543307086614174151 ) ) ;
#3038 = CYLINDRICAL_SURFACE ( 'NONE', #8332, 0.007874015748008861282 ) ;
#3039 = DIRECTION ( 'NONE',  ( 0.000000000000000000, 0.000000000000000000, -1.000000000000000000 ) ) ;
#3040 = CARTESIAN_POINT ( 'NONE',  ( 0.08267716535433068670, 0.07480314960629828869, -0.3661417322834646382 ) ) ;
#3041 = DIRECTION ( 'NONE',  ( 0.000000000000000000, 1.000000000000000000, 0.000000000000000000 ) ) ;
#3042 = ORIENTED_EDGE ( 'NONE', *, *, #624, .F. ) ;
#3043 = ADVANCED_FACE ( 'NONE', ( #10329 ), #8451, .T. ) ;
#3044 = CARTESIAN_POINT ( 'NONE',  ( 0.06763049545537443141, 0.02362204724397404601, -0.3032444074329007089 ) ) ;
#3045 = ORIENTED_EDGE ( 'NONE', *, *, #5891, .F. ) ;
#3046 = ORIENTED_EDGE ( 'NONE', *, *, #9958, .F. ) ;
#3047 = LINE ( 'NONE', #9267, #10147 ) ;
#3048 = LINE ( 'NONE', #6586, #2425 ) ;
#3049 = DIRECTION ( 'NONE',  ( -0.03489949667903968072, -0.000000000000000000, -0.9993908270199149957 ) ) ;
#3050 = DIRECTION ( 'NONE',  ( -1.031984066565520474E-31, 3.212450881438532734E-16, -1.000000000000000000 ) ) ;
#3051 = CARTESIAN_POINT ( 'NONE',  ( 0.05173717312129920420, -0.04517845776448820017, -0.1781278848240550883 ) ) ;
#3052 = VERTEX_POINT ( 'NONE', #11136 ) ;
#3053 = ORIENTED_EDGE ( 'NONE', *, *, #346, .F. ) ;
#3054 = ORIENTED_EDGE ( 'NONE', *, *, #2579, .F. ) ;
#3055 = CARTESIAN_POINT ( 'NONE',  ( 0.1417322834645658725, -0.02165354326870078464, -0.3503937007874015630 ) ) ;
#3056 = ORIENTED_EDGE ( 'NONE', *, *, #1151, .T. ) ;
#3057 = VECTOR ( 'NONE', #4549, 39.37007874015748143 ) ;
#3058 = ORIENTED_EDGE ( 'NONE', *, *, #5223, .T. ) ;
#3059 = CARTESIAN_POINT ( 'NONE',  ( 0.1070906392011263808, 0.07677165354334687664, -0.2881720120446888966 ) ) ;
#3060 = DIRECTION ( 'NONE',  ( 1.000000000000000000, 0.000000000000000000, 1.727567505355730069E-10 ) ) ;
#3061 = EDGE_CURVE ( 'NONE', #8509, #11426, #10822, .T. ) ;
#3062 = CARTESIAN_POINT ( 'NONE',  ( 0.1437007874011383413, 0.07216076925350395355, -0.08858267716541988468 ) ) ;
#3063 = EDGE_CURVE ( 'NONE', #4816, #10170, #5790, .T. ) ;
#3064 = DIRECTION ( 'NONE',  ( 0.000000000000000000, 0.000000000000000000, -1.000000000000000000 ) ) ;
#3065 = EDGE_CURVE ( 'NONE', #243, #5120, #6096, .T. ) ;
#3066 = CARTESIAN_POINT ( 'NONE',  ( 0.02850910937019686051, -0.04676329770118111545, -0.1365322576668110410 ) ) ;
#3067 = DIRECTION ( 'NONE',  ( -1.000000000000000000, 0.000000000000000000, 4.972348577539476931E-11 ) ) ;
#3068 = DIRECTION ( 'NONE',  ( 0.000000000000000000, 1.000000000000000000, 0.000000000000000000 ) ) ;
#3069 = ORIENTED_EDGE ( 'NONE', *, *, #1198, .F. ) ;
#3070 = AXIS2_PLACEMENT_3D ( 'NONE', #443, #7604, #9298 ) ;
#3071 = DIRECTION ( 'NONE',  ( 0.000000000000000000, 0.000000000000000000, 1.000000000000000000 ) ) ;
#3072 = CIRCLE ( 'NONE', #11256, 0.007874015748031516770 ) ;
#3073 = ORIENTED_EDGE ( 'NONE', *, *, #6626, .F. ) ;
#3074 = VERTEX_POINT ( 'NONE', #7697 ) ;
#3075 = ORIENTED_EDGE ( 'NONE', *, *, #5491, .F. ) ;
#3076 = EDGE_LOOP ( 'NONE', ( #9780, #3419 ) ) ;
#3077 = CIRCLE ( 'NONE', #9024, 0.02755905511811023237 ) ;
#3078 = DIRECTION ( 'NONE',  ( -0.5321715452182514960, 0.000000000000000000, -0.8466365492110639046 ) ) ;
#3079 = DIRECTION ( 'NONE',  ( 1.000000000000000000, 0.000000000000000000, 7.228014483236696555E-16 ) ) ;
#3080 = EDGE_CURVE ( 'NONE', #3610, #7543, #1885, .T. ) ;
#3081 = CARTESIAN_POINT ( 'NONE',  ( -0.1425196850423196271, 0.06496062992125983815, -0.05984251968503939006 ) ) ;
#3082 = LINE ( 'NONE', #6620, #3628 ) ;
#3083 = DIRECTION ( 'NONE',  ( 0.3906427579904824809, 0.02126697096438363160, 0.9202966649812381883 ) ) ;
#3084 = ORIENTED_EDGE ( 'NONE', *, *, #3423, .T. ) ;
#3085 = ORIENTED_EDGE ( 'NONE', *, *, #5689, .F. ) ;
#3086 = DIRECTION ( 'NONE',  ( 1.000000000000000000, 0.000000000000000000, 0.000000000000000000 ) ) ;
#3087 = AXIS2_PLACEMENT_3D ( 'NONE', #881, #997, #10679 ) ;
#3088 = CARTESIAN_POINT ( 'NONE',  ( -0.1562992113779527736, -0.08582677165354332671, -0.2116141732283464416 ) ) ;
#3089 = DIRECTION ( 'NONE',  ( -0.000000000000000000, -1.000000000000000000, -0.000000000000000000 ) ) ;
#3090 = CARTESIAN_POINT ( 'NONE',  ( 0.07395465557031991044, 0.05905333730854397944, -0.3271772168765323396 ) ) ;
#3091 = ADVANCED_FACE ( 'NONE', ( #1756 ), #772, .T. ) ;
#3092 = CARTESIAN_POINT ( 'NONE',  ( 0.03348337688755905622, 0.09803149606299213503, -0.2496850393864960549 ) ) ;
#3093 = DIRECTION ( 'NONE',  ( -1.000000000000000000, -0.000000000000000000, -0.000000000000000000 ) ) ;
#3094 = DIRECTION ( 'NONE',  ( -1.000000000000000000, -0.000000000000000000, -0.000000000000000000 ) ) ;
#3095 = FACE_OUTER_BOUND ( 'NONE', #10677, .T. ) ;
#3096 = VERTEX_POINT ( 'NONE', #9682 ) ;
#3097 = DIRECTION ( 'NONE',  ( 0.4900701108607474210, 0.3898284972754566535, 0.7796569945513821542 ) ) ;
#3098 = ORIENTED_EDGE ( 'NONE', *, *, #6937, .F. ) ;
#3099 = VECTOR ( 'NONE', #1807, 39.37007874015748143 ) ;
#3100 = ORIENTED_EDGE ( 'NONE', *, *, #9459, .T. ) ;
#3101 = CARTESIAN_POINT ( 'NONE',  ( -0.05118110236220469594, -1.789011513980217747E-11, -0.3484251968898033347 ) ) ;
#3102 = EDGE_CURVE ( 'NONE', #538, #9770, #8391, .T. ) ;
#3103 = DIRECTION ( 'NONE',  ( 0.000000000000000000, 0.000000000000000000, 1.000000000000000000 ) ) ;
#3104 = LINE ( 'NONE', #10096, #1311 ) ;
#3105 = DIRECTION ( 'NONE',  ( 0.000000000000000000, -1.000000000000000000, 0.000000000000000000 ) ) ;
#3106 = EDGE_LOOP ( 'NONE', ( #1722, #10099, #10655, #9391 ) ) ;
#3107 = EDGE_LOOP ( 'NONE', ( #1025, #10685, #8594, #3258 ) ) ;
#3108 = ORIENTED_EDGE ( 'NONE', *, *, #8765, .F. ) ;
#3109 = DIRECTION ( 'NONE',  ( 0.000000000000000000, 0.000000000000000000, 1.000000000000000000 ) ) ;
#3110 = ORIENTED_EDGE ( 'NONE', *, *, #11475, .T. ) ;
#3111 = EDGE_LOOP ( 'NONE', ( #2186, #9463, #1802, #3846 ) ) ;
#3112 = DIRECTION ( 'NONE',  ( -1.000000000000000000, 0.000000000000000000, 0.000000000000000000 ) ) ;
#3113 = DIRECTION ( 'NONE',  ( -1.000000000000000000, 0.000000000000000000, 0.000000000000000000 ) ) ;
#3114 = AXIS2_PLACEMENT_3D ( 'NONE', #6502, #4648, #7320 ) ;
#3115 = DIRECTION ( 'NONE',  ( 1.000000000000000000, 0.000000000000000000, 0.000000000000000000 ) ) ;
#3116 = CARTESIAN_POINT ( 'NONE',  ( 0.1496062992109645495, 0.07874015748032256456, -0.09055118110279923582 ) ) ;
#3117 = CARTESIAN_POINT ( 'NONE',  ( 0.01337049787105511547, -0.04658314462830709379, -0.1392810328336220316 ) ) ;
#3118 = CARTESIAN_POINT ( 'NONE',  ( 0.1075984251968504085, -0.02165354330708661734, -0.3122440944881890168 ) ) ;
#3119 = CARTESIAN_POINT ( 'NONE',  ( 0.1437007873995739260, 0.04566929133858269041, -0.09645669291338582196 ) ) ;
#3120 = EDGE_LOOP ( 'NONE', ( #6582, #4688, #8797, #4188 ) ) ;
#3121 = DIRECTION ( 'NONE',  ( 0.000000000000000000, 1.000000000000000000, 0.000000000000000000 ) ) ;
#3122 = ORIENTED_EDGE ( 'NONE', *, *, #1270, .T. ) ;
#3123 = VERTEX_POINT ( 'NONE', #9620 ) ;
#3124 = VECTOR ( 'NONE', #7875, 39.37007874015748854 ) ;
#3125 = ADVANCED_FACE ( 'NONE', ( #5359 ), #766, .F. ) ;
#3126 = EDGE_LOOP ( 'NONE', ( #5536, #3783, #10762, #7858 ) ) ;
#3127 = ORIENTED_EDGE ( 'NONE', *, *, #2417, .T. ) ;
#3128 = ADVANCED_FACE ( 'NONE', ( #4388 ), #871, .T. ) ;
#3129 = ADVANCED_FACE ( 'NONE', ( #7112 ), #10723, .F. ) ;
#3130 = VECTOR ( 'NONE', #224, 39.37007874015748143 ) ;
#3131 = ORIENTED_EDGE ( 'NONE', *, *, #2733, .T. ) ;
#3132 = LINE ( 'NONE', #6617, #10687 ) ;
#3133 = CYLINDRICAL_SURFACE ( 'NONE', #2560, 0.007874015772437079411 ) ;
#3134 = AXIS2_PLACEMENT_3D ( 'NONE', #9619, #8738, #4330 ) ;
#3135 = CARTESIAN_POINT ( 'NONE',  ( 0.02167235326551146188, -0.06889763779527546816, -0.2519685039534251825 ) ) ;
#3136 = CARTESIAN_POINT ( 'NONE',  ( 0.1114433717529566964, -0.05076631707934469578, -0.03916375115629984471 ) ) ;
#3137 = PLANE ( 'NONE',  #1817 ) ;
#3138 = VERTEX_POINT ( 'NONE', #1637 ) ;
#3139 = CIRCLE ( 'NONE', #2954, 0.05243771468503938271 ) ;
#3140 = EDGE_LOOP ( 'NONE', ( #786, #5108, #2938, #6070 ) ) ;
#3141 = ORIENTED_EDGE ( 'NONE', *, *, #1198, .T. ) ;
#3142 = ADVANCED_FACE ( 'NONE', ( #4553 ), #6063, .F. ) ;
#3143 = CIRCLE ( 'NONE', #7595, 0.007874015748008843935 ) ;
#3144 = CYLINDRICAL_SURFACE ( 'NONE', #6500, 0.007874015748031516770 ) ;
#3145 = CARTESIAN_POINT ( 'NONE',  ( 0.03430867865947245104, -0.07781261566736220880, -0.2507874015748031704 ) ) ;
#3146 = DIRECTION ( 'NONE',  ( 0.000000000000000000, -1.000000000000000000, 0.000000000000000000 ) ) ;
#3147 = CARTESIAN_POINT ( 'NONE',  ( 0.1642044018448031439, 0.07874015748031495954, -0.09785781910826771290 ) ) ;
#3148 = FACE_OUTER_BOUND ( 'NONE', #10380, .T. ) ;
#3149 = CYLINDRICAL_SURFACE ( 'NONE', #1152, 0.01771653543307086937 ) ;
#3150 = DIRECTION ( 'NONE',  ( 0.000000000000000000, 1.000000000000000000, 0.000000000000000000 ) ) ;
#3151 = VECTOR ( 'NONE', #2025, 39.37007874015748143 ) ;
#3152 = PLANE ( 'NONE',  #1656 ) ;
#3153 = PLANE ( 'NONE',  #6908 ) ;
#3154 = EDGE_CURVE ( 'NONE', #10335, #1026, #4497, .T. ) ;
#3155 = ORIENTED_EDGE ( 'NONE', *, *, #7000, .T. ) ;
#3156 = VECTOR ( 'NONE', #8825, 39.37007874015748143 ) ;
#3157 = DIRECTION ( 'NONE',  ( 0.3906427576328602158, 0.02126697168289022610, 0.9202966651164359302 ) ) ;
#3158 = VECTOR ( 'NONE', #2101, 39.37007874015748143 ) ;
#3159 = VERTEX_POINT ( 'NONE', #8918 ) ;
#3160 = EDGE_CURVE ( 'NONE', #8686, #1499, #7876, .T. ) ;
#3161 = VECTOR ( 'NONE', #9111, 39.37007874015748143 ) ;
#3162 = VERTEX_POINT ( 'NONE', #116 ) ;
#3163 = DIRECTION ( 'NONE',  ( -4.230593554140066013E-15, 1.826756116670931896E-09, -1.000000000000000000 ) ) ;
#3164 = CARTESIAN_POINT ( 'NONE',  ( -0.1929133858267716994, -0.08976377952755332235, -0.1574803149606299191 ) ) ;
#3165 = CARTESIAN_POINT ( 'NONE',  ( -0.1444881680708545446, -0.02637795275590551491, -0.3228346456692913202 ) ) ;
#3166 =( LENGTH_UNIT ( ) NAMED_UNIT ( * ) SI_UNIT ( $, .METRE. ) );
#3167 = CARTESIAN_POINT ( 'NONE',  ( 0.05976078161940944627, -0.04409887070511811502, -0.2192602997266535625 ) ) ;
#3168 = EDGE_CURVE ( 'NONE', #2053, #8689, #8050, .T. ) ;
#3169 = VERTEX_POINT ( 'NONE', #6124 ) ;
#3170 = ORIENTED_EDGE ( 'NONE', *, *, #6414, .F. ) ;
#3171 = ORIENTED_EDGE ( 'NONE', *, *, #1726, .T. ) ;
#3172 = ADVANCED_FACE ( 'NONE', ( #3627 ), #2636, .T. ) ;
#3173 = DIRECTION ( 'NONE',  ( 0.000000000000000000, -1.000000000000000000, 0.000000000000000000 ) ) ;
#3174 = AXIS2_PLACEMENT_3D ( 'NONE', #2533, #2700, #5208 ) ;
#3175 = AXIS2_PLACEMENT_3D ( 'NONE', #4517, #3647, #10527 ) ;
#3176 = VERTEX_POINT ( 'NONE', #7167 ) ;
#3177 = VERTEX_POINT ( 'NONE', #2744 ) ;
#3178 = FACE_OUTER_BOUND ( 'NONE', #10233, .T. ) ;
#3179 = DIRECTION ( 'NONE',  ( -1.000000000000000000, -0.000000000000000000, -0.000000000000000000 ) ) ;
#3181 = DIRECTION ( 'NONE',  ( -0.000000000000000000, -1.000000000000000000, -0.000000000000000000 ) ) ;
#3180 = VECTOR ( 'NONE', #10149, 39.37007874015748143 ) ;
#3182 = VECTOR ( 'NONE', #2652, 39.37007874015748854 ) ;
#3183 = VECTOR ( 'NONE', #4437, 39.37007874015748143 ) ;
#3184 = CARTESIAN_POINT ( 'NONE',  ( 0.02196282051947637953, -0.04658314471496063230, -0.1409161966568897584 ) ) ;
#3185 = LINE ( 'NONE', #9286, #10308 ) ;
#3186 = DIRECTION ( 'NONE',  ( 1.000000000000000000, 1.084202174623227557E-15, -5.099978609210211919E-11 ) ) ;
#3187 = EDGE_LOOP ( 'NONE', ( #1177, #7133, #3612, #788 ) ) ;
#3188 = LINE ( 'NONE', #10166, #10819 ) ;
#3189 = ORIENTED_EDGE ( 'NONE', *, *, #10962, .T. ) ;
#3190 = EDGE_CURVE ( 'NONE', #5683, #4653, #8804, .T. ) ;
#3191 = ORIENTED_EDGE ( 'NONE', *, *, #6598, .T. ) ;
#3192 = EDGE_LOOP ( 'NONE', ( #6903, #737, #2595, #1846, #6437, #1362, #4815, #799 ) ) ;
#3193 = AXIS2_PLACEMENT_3D ( 'NONE', #1461, #2401, #4332 ) ;
#3194 = CIRCLE ( 'NONE', #10457, 0.003937007874026008866 ) ;
#3195 = AXIS2_PLACEMENT_3D ( 'NONE', #3264, #3971, #9371 ) ;
#3196 = ORIENTED_EDGE ( 'NONE', *, *, #4017, .T. ) ;
#3197 = FACE_OUTER_BOUND ( 'NONE', #3793, .T. ) ;
#3198 = DIRECTION ( 'NONE',  ( 0.000000000000000000, 1.000000000000000000, 0.000000000000000000 ) ) ;
#3199 = DIRECTION ( 'NONE',  ( -0.9993908270173005315, 0.000000000000000000, 0.03489949675390779937 ) ) ;
#3200 = DIRECTION ( 'NONE',  ( -0.000000000000000000, -1.000000000000000000, -0.000000000000000000 ) ) ;
#3201 = FACE_BOUND ( 'NONE', #6542, .T. ) ;
#3202 = CIRCLE ( 'NONE', #10079, 0.007874015748031516770 ) ;
#3203 = VERTEX_POINT ( 'NONE', #10669 ) ;
#3204 = AXIS2_PLACEMENT_3D ( 'NONE', #6206, #8776, #4360 ) ;
#3205 = AXIS2_PLACEMENT_3D ( 'NONE', #9041, #4619, #3757 ) ;
#3206 = ORIENTED_EDGE ( 'NONE', *, *, #5584, .T. ) ;
#3207 = VERTEX_POINT ( 'NONE', #11491 ) ;
#3208 = PRODUCT_DEFINITION_FORMATION_WITH_SPECIFIED_SOURCE ( 'ANY', '', #1411, .NOT_KNOWN. ) ;
#3209 = AXIS2_PLACEMENT_3D ( 'NONE', #408, #235, #9203 ) ;
#3210 = LINE ( 'NONE', #7680, #9669 ) ;
#3211 = LINE ( 'NONE', #510, #8123 ) ;
#3212 = DIRECTION ( 'NONE',  ( -0.000000000000000000, -1.000000000000000000, -0.000000000000000000 ) ) ;
#3213 = FACE_OUTER_BOUND ( 'NONE', #1833, .T. ) ;
#3214 = EDGE_CURVE ( 'NONE', #4263, #11207, #7050, .T. ) ;
#3215 = DIRECTION ( 'NONE',  ( 0.01745240832994946964, 4.300371794093242032E-26, -0.9998476951233545851 ) ) ;
#3216 = DIRECTION ( 'NONE',  ( 1.000000000000000000, 0.000000000000000000, 0.000000000000000000 ) ) ;
#3217 = EDGE_CURVE ( 'NONE', #2306, #2340, #6179, .T. ) ;
#3218 = FACE_OUTER_BOUND ( 'NONE', #916, .T. ) ;
#3219 = EDGE_CURVE ( 'NONE', #1644, #1478, #10830, .T. ) ;
#3220 = DIRECTION ( 'NONE',  ( 0.000000000000000000, 0.000000000000000000, 1.000000000000000000 ) ) ;
#3221 = CARTESIAN_POINT ( 'NONE',  ( 0.1259842519547154649, -0.09842519685039370636, -0.2992125984252014259 ) ) ;
#3222 = ORIENTED_EDGE ( 'NONE', *, *, #10513, .F. ) ;
#3223 = DIRECTION ( 'NONE',  ( 1.000000000000000000, 0.000000000000000000, -7.688455000348723835E-11 ) ) ;
#3224 = VERTEX_POINT ( 'NONE', #11019 ) ;
#3225 = ORIENTED_EDGE ( 'NONE', *, *, #1315, .F. ) ;
#3226 = CARTESIAN_POINT ( 'NONE',  ( 0.03348337688755904235, -0.07677165358267715178, -0.2814960631922677758 ) ) ;
#3227 = LINE ( 'NONE', #5086, #6887 ) ;
#3228 = CARTESIAN_POINT ( 'NONE',  ( 0.05865332914279740989, 0.06164091701711419541, -0.2069804189432498387 ) ) ;
#3229 = EDGE_CURVE ( 'NONE', #8967, #8189, #4692, .T. ) ;
#3230 = CARTESIAN_POINT ( 'NONE',  ( -0.1562992113779527736, -0.01082677165354331041, -0.3464566929133858775 ) ) ;
#3231 = ORIENTED_EDGE ( 'NONE', *, *, #5398, .F. ) ;
#3232 = ORIENTED_EDGE ( 'NONE', *, *, #6294, .T. ) ;
#3233 = ORIENTED_EDGE ( 'NONE', *, *, #1109, .F. ) ;
#3234 = DIRECTION ( 'NONE',  ( 0.6018150207247500161, 5.121070008662541234E-12, 0.7986355118763931449 ) ) ;
#3235 = ORIENTED_EDGE ( 'NONE', *, *, #919, .T. ) ;
#3236 = ORIENTED_EDGE ( 'NONE', *, *, #10539, .F. ) ;
#3237 = CARTESIAN_POINT ( 'NONE',  ( 0.1032967495587998330, -0.05104656000013779032, -0.05380802272113986012 ) ) ;
#3238 = CARTESIAN_POINT ( 'NONE',  ( -0.01377952755905513180, 0.07086614173227825941, -0.3661417322834661370 ) ) ;
#3239 = CARTESIAN_POINT ( 'NONE',  ( -0.1935669295519685251, -0.1015748031496063186, -0.3512598425196851171 ) ) ;
#3240 = DIRECTION ( 'NONE',  ( -0.7984548848878102456, 0.02126697157962290086, 0.6016789116452605501 ) ) ;
#3241 = EDGE_CURVE ( 'NONE', #1601, #6111, #3745, .T. ) ;
#3242 = CARTESIAN_POINT ( 'NONE',  ( 0.02145669291338432941, 0.09960629921259843422, -0.3216535433070866201 ) ) ;
#3243 = LINE ( 'NONE', #6658, #3984 ) ;
#3244 = LINE ( 'NONE', #6783, #10775 ) ;
#3245 = ORIENTED_EDGE ( 'NONE', *, *, #11045, .T. ) ;
#3246 = DIRECTION ( 'NONE',  ( 0.000000000000000000, 0.000000000000000000, 1.000000000000000000 ) ) ;
#3247 = ORIENTED_EDGE ( 'NONE', *, *, #7855, .F. ) ;
#3248 = VERTEX_POINT ( 'NONE', #6400 ) ;
#3249 = ORIENTED_EDGE ( 'NONE', *, *, #906, .T. ) ;
#3250 = ORIENTED_EDGE ( 'NONE', *, *, #5871, .T. ) ;
#3251 = ORIENTED_EDGE ( 'NONE', *, *, #5069, .F. ) ;
#3252 = CARTESIAN_POINT ( 'NONE',  ( 0.1075472009651509409, 0.08661417322834380483, -0.2750977937428537023 ) ) ;
#3253 = LINE ( 'NONE', #2366, #6087 ) ;
#3254 = EDGE_CURVE ( 'NONE', #2362, #3138, #9899, .T. ) ;
#3255 = CARTESIAN_POINT ( 'NONE',  ( 0.01323767913955311085, -0.04640530413490509543, -0.1481647574029194281 ) ) ;
#3256 = DIRECTION ( 'NONE',  ( 0.000000000000000000, 0.000000000000000000, 1.000000000000000000 ) ) ;
#3257 = DIRECTION ( 'NONE',  ( -1.000000000000000000, 0.000000000000000000, 0.000000000000000000 ) ) ;
#3258 = ORIENTED_EDGE ( 'NONE', *, *, #3524, .F. ) ;
#3259 = EDGE_LOOP ( 'NONE', ( #565, #3282, #6769, #8772 ) ) ;
#3260 = EDGE_LOOP ( 'NONE', ( #304, #10333, #6303, #8345 ) ) ;
#3261 = VECTOR ( 'NONE', #9006, 39.37007874015748143 ) ;
#3262 = CARTESIAN_POINT ( 'NONE',  ( -0.03149606299212598381, 0.000000000000000000, -0.2401574803149604254 ) ) ;
#3263 = CARTESIAN_POINT ( 'NONE',  ( 0.1102456249977952635, -0.08581736531496061970, -0.3208661417487008172 ) ) ;
#3264 = CARTESIAN_POINT ( 'NONE',  ( -0.1581275762972834953, -0.1005118110236220552, -0.1031496062992126178 ) ) ;
#3265 = CARTESIAN_POINT ( 'NONE',  ( 0.02145669291338582821, -0.07716535431692911340, -0.3025590551181102650 ) ) ;
#3266 = CARTESIAN_POINT ( 'NONE',  ( 0.05582563438801477901, 0.02337201444721533072, -0.3037005329153694144 ) ) ;
#3267 = DIRECTION ( 'NONE',  ( 0.000000000000000000, 0.000000000000000000, -1.000000000000000000 ) ) ;
#3268 = CARTESIAN_POINT ( 'NONE',  ( 0.1560072455520472579, 0.03137590246824016604, -0.09103182319881886198 ) ) ;
#3269 = CARTESIAN_POINT ( 'NONE',  ( -0.1496897570864441640, 0.05989995985580708754, -0.06625661262499703275 ) ) ;
#3270 = DIRECTION ( 'NONE',  ( 0.01745240622331154998, 0.000000000000000000, -0.9998476951601260598 ) ) ;
#3271 = VERTEX_POINT ( 'NONE', #8383 ) ;
#3272 = DIRECTION ( 'NONE',  ( -1.000000000000000000, -0.000000000000000000, -0.000000000000000000 ) ) ;
#3273 = ORIENTED_EDGE ( 'NONE', *, *, #4770, .T. ) ;
#3274 = EDGE_CURVE ( 'NONE', #4958, #9219, #6733, .T. ) ;
#3275 = EDGE_CURVE ( 'NONE', #11495, #9274, #9966, .T. ) ;
#3276 = ORIENTED_EDGE ( 'NONE', *, *, #8631, .T. ) ;
#3277 = CARTESIAN_POINT ( 'NONE',  ( 0.1034789693984559528, -0.05616280334645668698, -0.05316707700532840447 ) ) ;
#3278 = LINE ( 'NONE', #5773, #10427 ) ;
#3279 = AXIS2_PLACEMENT_3D ( 'NONE', #2003, #3940, #4695 ) ;
#3280 = DIRECTION ( 'NONE',  ( 1.000000000000000000, 1.445602887658981243E-15, -5.300302987601647220E-11 ) ) ;
#3281 = ORIENTED_EDGE ( 'NONE', *, *, #3102, .F. ) ;
#3282 = ORIENTED_EDGE ( 'NONE', *, *, #1985, .F. ) ;
#3283 = ORIENTED_EDGE ( 'NONE', *, *, #2210, .T. ) ;
#3284 = VERTEX_POINT ( 'NONE', #2974 ) ;
#3285 = DIRECTION ( 'NONE',  ( 0.000000000000000000, 0.000000000000000000, -1.000000000000000000 ) ) ;
#3286 = EDGE_CURVE ( 'NONE', #7074, #6030, #6520, .T. ) ;
#3287 = EDGE_LOOP ( 'NONE', ( #2540, #5803, #3748, #8826 ) ) ;
#3288 = EDGE_CURVE ( 'NONE', #3011, #4221, #8220, .T. ) ;
#3289 = ORIENTED_EDGE ( 'NONE', *, *, #6976, .T. ) ;
#3290 = CARTESIAN_POINT ( 'NONE',  ( -0.05118110236220473064, 0.000000000000000000, -0.2401574803149604254 ) ) ;
#3291 = DIRECTION ( 'NONE',  ( -5.200122740939574330E-11, 0.000000000000000000, -1.000000000000000000 ) ) ;
#3292 = DIRECTION ( 'NONE',  ( 0.000000000000000000, 1.000000000000000000, 0.000000000000000000 ) ) ;
#3293 = CARTESIAN_POINT ( 'NONE',  ( 0.02167235326551181229, -0.07972440944881889480, -0.2952755905675980563 ) ) ;
#3294 = LINE ( 'NONE', #6957, #993 ) ;
#3295 = DIRECTION ( 'NONE',  ( -1.000000000000000000, -0.000000000000000000, -0.000000000000000000 ) ) ;
#3296 = ORIENTED_EDGE ( 'NONE', *, *, #4063, .T. ) ;
#3297 = PLANE ( 'NONE',  #768 ) ;
#3298 = ORIENTED_EDGE ( 'NONE', *, *, #9928, .T. ) ;
#3299 = PLANE ( 'NONE',  #3369 ) ;
#3300 = ORIENTED_EDGE ( 'NONE', *, *, #7461, .F. ) ;
#3301 = EDGE_CURVE ( 'NONE', #225, #1547, #8782, .T. ) ;
#3302 = AXIS2_PLACEMENT_3D ( 'NONE', #5071, #4076, #2202 ) ;
#3303 = ORIENTED_EDGE ( 'NONE', *, *, #7897, .F. ) ;
#3304 = CARTESIAN_POINT ( 'NONE',  ( 0.1154084024547637755, 0.08661417322834646937, -0.06417847322196851279 ) ) ;
#3305 = DIRECTION ( 'NONE',  ( 1.000000000000000000, 0.000000000000000000, 0.000000000000000000 ) ) ;
#3306 = DIRECTION ( 'NONE',  ( -0.9998476951233546961, -1.606709071300594193E-09, -0.01745240832994947311 ) ) ;
#3307 = CARTESIAN_POINT ( 'NONE',  ( -0.1850393700787401619, -0.1015748031496178233, -0.3149606299212598381 ) ) ;
#3308 = CARTESIAN_POINT ( 'NONE',  ( 0.1417322834645669549, -0.008858267716535431213, -0.3543307086496063629 ) ) ;
#3309 = VERTEX_POINT ( 'NONE', #2095 ) ;
#3310 = ORIENTED_EDGE ( 'NONE', *, *, #1366, .T. ) ;
#3311 = EDGE_CURVE ( 'NONE', #7305, #9444, #7390, .T. ) ;
#3312 = AXIS2_PLACEMENT_3D ( 'NONE', #7025, #8712, #10652 ) ;
#3313 = ORIENTED_EDGE ( 'NONE', *, *, #7145, .T. ) ;
#3314 = EDGE_CURVE ( 'NONE', #4408, #8511, #7282, .T. ) ;
#3315 = EDGE_CURVE ( 'NONE', #8839, #1005, #5706, .T. ) ;
#3316 = LINE ( 'NONE', #5123, #5020 ) ;
#3317 = AXIS2_PLACEMENT_3D ( 'NONE', #2398, #9228, #3402 ) ;
#3318 = CARTESIAN_POINT ( 'NONE',  ( 0.1200787401574803098, 0.09055118110236221041, -0.3661417322834646382 ) ) ;
#3319 = LINE ( 'NONE', #9313, #8031 ) ;
#3320 = DIRECTION ( 'NONE',  ( 0.000000000000000000, 0.000000000000000000, 1.000000000000000000 ) ) ;
#3321 = CARTESIAN_POINT ( 'NONE',  ( 0.02088774504921653286, 0.06284163120740995923, -0.2195859887672834687 ) ) ;
#3322 = LINE ( 'NONE', #7623, #11391 ) ;
#3323 = CARTESIAN_POINT ( 'NONE',  ( 0.02831849857019291122, -0.04571144732271654326, -0.1765091349628346573 ) ) ;
#3324 = DIRECTION ( 'NONE',  ( 1.000000000000000000, 0.000000000000000000, 0.000000000000000000 ) ) ;
#3325 = DIRECTION ( 'NONE',  ( -1.000000000000000000, -7.728262652173983555E-24, 4.230593554140066013E-15 ) ) ;
#3326 = ORIENTED_EDGE ( 'NONE', *, *, #2528, .F. ) ;
#3327 = AXIS2_PLACEMENT_3D ( 'NONE', #4258, #8964, #5347 ) ;
#3328 = DIRECTION ( 'NONE',  ( 0.000000000000000000, 0.000000000000000000, -1.000000000000000000 ) ) ;
#3329 = EDGE_CURVE ( 'NONE', #98, #5899, #10844, .T. ) ;
#3330 = VERTEX_POINT ( 'NONE', #3973 ) ;
#3331 = CARTESIAN_POINT ( 'NONE',  ( -0.1425196850393660453, 0.01377952756299245622, -0.08937007873326989482 ) ) ;
#3332 = FACE_OUTER_BOUND ( 'NONE', #6040, .T. ) ;
#3333 = VECTOR ( 'NONE', #10164, 39.37007874015748143 ) ;
#3334 = CARTESIAN_POINT ( 'NONE',  ( 0.03348337688755975011, 0.08858267710903740266, -0.3208661417565748519 ) ) ;
#3335 = CARTESIAN_POINT ( 'NONE',  ( 0.1437007874005153674, 0.01536190468503937159, -0.1122047243996850269 ) ) ;
#3336 = AXIS2_PLACEMENT_3D ( 'NONE', #6085, #11458, #9871 ) ;
#3337 =( NAMED_UNIT ( * ) SI_UNIT ( $, .STERADIAN. ) SOLID_ANGLE_UNIT ( ) );
#3338 = EDGE_CURVE ( 'NONE', #10448, #1467, #5597, .T. ) ;
#3339 = ORIENTED_EDGE ( 'NONE', *, *, #6464, .T. ) ;
#3340 = EDGE_CURVE ( 'NONE', #3203, #5322, #5533, .T. ) ;
#3341 = ORIENTED_EDGE ( 'NONE', *, *, #451, .T. ) ;
#3342 = ORIENTED_EDGE ( 'NONE', *, *, #9036, .F. ) ;
#3343 = DIRECTION ( 'NONE',  ( -1.000000000000000000, -0.000000000000000000, -0.000000000000000000 ) ) ;
#3344 = AXIS2_PLACEMENT_3D ( 'NONE', #8041, #4378, #3620 ) ;
#3345 = ORIENTED_EDGE ( 'NONE', *, *, #7475, .T. ) ;
#3346 = VECTOR ( 'NONE', #5879, 39.37007874015748143 ) ;
#3347 = ORIENTED_EDGE ( 'NONE', *, *, #6794, .F. ) ;
#3348 = CARTESIAN_POINT ( 'NONE',  ( 0.09384092763972441686, 0.08740157480314961203, -0.2337637795275591124 ) ) ;
#3349 = DIRECTION ( 'NONE',  ( -0.000000000000000000, -1.000000000000000000, -0.000000000000000000 ) ) ;
#3350 = CARTESIAN_POINT ( 'NONE',  ( 0.04135739263559055218, -0.03937007874015747977, -0.3208661417565761842 ) ) ;
#3351 = CARTESIAN_POINT ( 'NONE',  ( 0.05582563438801477901, 0.02337201444721533072, -0.3037005329153694144 ) ) ;
#3352 = VECTOR ( 'NONE', #2506, 39.37007874015748143 ) ;
#3353 = PLANE ( 'NONE',  #11174 ) ;
#3354 = ADVANCED_FACE ( 'NONE', ( #10783 ), #2807, .F. ) ;
#3355 = CARTESIAN_POINT ( 'NONE',  ( 0.1089149778720866074, 0.08675431346649609132, -0.2724409448818897461 ) ) ;
#3356 = DIRECTION ( 'NONE',  ( 0.000000000000000000, 0.000000000000000000, 1.000000000000000000 ) ) ;
#3357 = EDGE_CURVE ( 'NONE', #1725, #2601, #5482, .T. ) ;
#3358 = ORIENTED_EDGE ( 'NONE', *, *, #5416, .T. ) ;
#3359 = EDGE_CURVE ( 'NONE', #9522, #1011, #1979, .T. ) ;
#3360 =( CONVERSION_BASED_UNIT ( 'INCH', #7892 ) LENGTH_UNIT ( ) NAMED_UNIT ( #3995 ) );
#3361 = VECTOR ( 'NONE', #3866, 39.37007874015748143 ) ;
#3362 = ORIENTED_EDGE ( 'NONE', *, *, #2857, .T. ) ;
#3363 = CARTESIAN_POINT ( 'NONE',  ( -0.06771653421259843375, 0.07204724409448819145, -0.3307086614173109229 ) ) ;
#3364 = ORIENTED_EDGE ( 'NONE', *, *, #9618, .T. ) ;
#3365 = VECTOR ( 'NONE', #3762, 39.37007874015748143 ) ;
#3366 = ORIENTED_EDGE ( 'NONE', *, *, #7059, .F. ) ;
#3367 = VECTOR ( 'NONE', #718, 39.37007874015748143 ) ;
#3368 = CIRCLE ( 'NONE', #6701, 0.01181102362204722485 ) ;
#3369 = AXIS2_PLACEMENT_3D ( 'NONE', #2428, #4773, #3034 ) ;
#3370 = FACE_OUTER_BOUND ( 'NONE', #10194, .T. ) ;
#3371 = DIRECTION ( 'NONE',  ( 0.000000000000000000, 0.000000000000000000, 1.000000000000000000 ) ) ;
#3372 = CARTESIAN_POINT ( 'NONE',  ( 0.1837748616104527555, -0.1015748031496009202, -0.1496062992381495815 ) ) ;
#3373 = CARTESIAN_POINT ( 'NONE',  ( 0.02757786507663189182, -0.08267716535433072833, -0.3208622047408267175 ) ) ;
#3374 = CARTESIAN_POINT ( 'NONE',  ( 0.1437007874020286013, 0.03137590246802644117, -0.09103182319876543249 ) ) ;
#3375 = ORIENTED_EDGE ( 'NONE', *, *, #8393, .F. ) ;
#3376 = EDGE_CURVE ( 'NONE', #7357, #5145, #4667, .T. ) ;
#3377 = EDGE_LOOP ( 'NONE', ( #9397, #6159, #4363, #8271 ) ) ;
#3378 =( GEOMETRIC_REPRESENTATION_CONTEXT ( 3 ) GLOBAL_UNCERTAINTY_ASSIGNED_CONTEXT ( ( #382 ) ) GLOBAL_UNIT_ASSIGNED_CONTEXT ( ( #5776, #7402, #4851 ) ) REPRESENTATION_CONTEXT ( 'NONE', 'WORKASPACE' ) );
#3379 = VECTOR ( 'NONE', #6739, 39.37007874015748143 ) ;
#3380 = AXIS2_PLACEMENT_3D ( 'NONE', #4976, #3898, #10518 ) ;
#3381 = ORIENTED_EDGE ( 'NONE', *, *, #10885, .F. ) ;
#3382 = VERTEX_POINT ( 'NONE', #4726 ) ;
#3383 = CARTESIAN_POINT ( 'NONE',  ( 0.09883103463746900630, 0.08661417326772753722, -0.1862665141291040272 ) ) ;
#3384 = CIRCLE ( 'NONE', #10455, 0.007874015748031516770 ) ;
#3385 = CARTESIAN_POINT ( 'NONE',  ( -0.01712598425196851584, -0.06102362204724410405, -0.01968503937007875376 ) ) ;
#3386 = CARTESIAN_POINT ( 'NONE',  ( 0.06460366515196851178, 0.06177938253326770851, -0.1973116149055905710 ) ) ;
#3387 = VECTOR ( 'NONE', #7195, 39.37007874015748143 ) ;
#3388 = VECTOR ( 'NONE', #6135, 39.37007874015748143 ) ;
#3389 = DIRECTION ( 'NONE',  ( 0.3713906763541036660, 0.000000000000000000, -0.9284766908852593037 ) ) ;
#3390 = LINE ( 'NONE', #7864, #7032 ) ;
#3391 = LINE ( 'NONE', #751, #2382 ) ;
#3392 = LINE ( 'NONE', #10436, #4094 ) ;
#3393 = EDGE_CURVE ( 'NONE', #4377, #14, #8266, .T. ) ;
#3394 = LINE ( 'NONE', #8673, #11528 ) ;
#3395 = CARTESIAN_POINT ( 'NONE',  ( 0.02167235326551179841, -0.08267716535433070058, -0.3208622047408267730 ) ) ;
#3396 = ORIENTED_EDGE ( 'NONE', *, *, #8784, .F. ) ;
#3397 = LINE ( 'NONE', #5253, #9858 ) ;
#3398 = VECTOR ( 'NONE', #8522, 39.37007874015748143 ) ;
#3399 = VECTOR ( 'NONE', #9791, 39.37007874015748143 ) ;
#3400 = DIRECTION ( 'NONE',  ( -1.927470528863265284E-15, 0.000000000000000000, -1.000000000000000000 ) ) ;
#3401 = CYLINDRICAL_SURFACE ( 'NONE', #4844, 0.04527559055118111908 ) ;
#3402 = DIRECTION ( 'NONE',  ( -3.180326372624147392E-14, 0.000000000000000000, -1.000000000000000000 ) ) ;
#3403 = CARTESIAN_POINT ( 'NONE',  ( 0.05581018979275591263, 0.02336201313667717050, -0.3028157130098819150 ) ) ;
#3404 = ADVANCED_FACE ( 'NONE', ( #5075 ), #5129, .F. ) ;
#3405 = VERTEX_POINT ( 'NONE', #8441 ) ;
#3406 = ORIENTED_EDGE ( 'NONE', *, *, #11487, .F. ) ;
#3407 = ORIENTED_EDGE ( 'NONE', *, *, #10274, .T. ) ;
#3408 = DIRECTION ( 'NONE',  ( -1.000000000000000000, 0.000000000000000000, 0.000000000000000000 ) ) ;
#3409 = ORIENTED_EDGE ( 'NONE', *, *, #6760, .T. ) ;
#3410 = ORIENTED_EDGE ( 'NONE', *, *, #280, .F. ) ;
#3411 = DIRECTION ( 'NONE',  ( 0.8320502943386237638, 0.000000000000000000, -0.5547001962240590833 ) ) ;
#3412 = LINE ( 'NONE', #7655, #7625 ) ;
#3413 = DIRECTION ( 'NONE',  ( 0.000000000000000000, 0.000000000000000000, 1.000000000000000000 ) ) ;
#3414 = DIRECTION ( 'NONE',  ( 0.000000000000000000, 0.000000000000000000, 1.000000000000000000 ) ) ;
#3415 = LINE ( 'NONE', #7066, #8372 ) ;
#3416 = CARTESIAN_POINT ( 'NONE',  ( 0.08070866141732283006, -0.06102362204724410405, -0.1870078740157480324 ) ) ;
#3417 = CARTESIAN_POINT ( 'NONE',  ( 0.02145669291338521065, -0.07716535433791041343, -0.3543307086613997070 ) ) ;
#3418 = VERTEX_POINT ( 'NONE', #9558 ) ;
#3419 = ORIENTED_EDGE ( 'NONE', *, *, #1974, .F. ) ;
#3420 = VERTEX_POINT ( 'NONE', #11299 ) ;
#3421 = CYLINDRICAL_SURFACE ( 'NONE', #7793, 0.07677165354330710290 ) ;
#3422 = ORIENTED_EDGE ( 'NONE', *, *, #5024, .F. ) ;
#3423 = EDGE_CURVE ( 'NONE', #2553, #5143, #9429, .T. ) ;
#3424 = EDGE_CURVE ( 'NONE', #2531, #5587, #11187, .T. ) ;
#3425 = ORIENTED_EDGE ( 'NONE', *, *, #9209, .T. ) ;
#3426 = ADVANCED_FACE ( 'NONE', ( #1514 ), #3149, .F. ) ;
#3427 = DIRECTION ( 'NONE',  ( 0.01744604091986766761, 0.02700731024631441643, -0.9994829867734026374 ) ) ;
#3428 = LINE ( 'NONE', #4412, #10736 ) ;
#3429 = CARTESIAN_POINT ( 'NONE',  ( 0.06214250832677085945, 0.05118110236220473064, -0.3272159170086512137 ) ) ;
#3430 = CARTESIAN_POINT ( 'NONE',  ( -0.01712598425196851584, -0.06102362204724410405, -0.2507874017322834770 ) ) ;
#3431 = FACE_OUTER_BOUND ( 'NONE', #994, .T. ) ;
#3432 = ORIENTED_EDGE ( 'NONE', *, *, #2342, .T. ) ;
#3433 = AXIS2_PLACEMENT_3D ( 'NONE', #5794, #489, #11093 ) ;
#3434 = VERTEX_POINT ( 'NONE', #458 ) ;
#3435 = ORIENTED_EDGE ( 'NONE', *, *, #11103, .T. ) ;
#3436 = VERTEX_POINT ( 'NONE', #4080 ) ;
#3437 = EDGE_CURVE ( 'NONE', #11527, #9325, #9154, .T. ) ;
#3438 = EDGE_CURVE ( 'NONE', #8457, #4204, #11123, .T. ) ;
#3439 = VERTEX_POINT ( 'NONE', #2384 ) ;
#3440 = CARTESIAN_POINT ( 'NONE',  ( -0.1267716535433071057, 0.001968503937007879193, -0.3307086614173229133 ) ) ;
#3441 = PLANE ( 'NONE',  #9802 ) ;
#3442 = CARTESIAN_POINT ( 'NONE',  ( 0.04664233147960630821, 0.06220286417751967611, -0.1849748452346456629 ) ) ;
#3443 = LINE ( 'NONE', #8903, #9878 ) ;
#3444 = CARTESIAN_POINT ( 'NONE',  ( 0.001968503922861301186, -0.05539861135006946685, -0.1240157480314960647 ) ) ;
#3445 = CARTESIAN_POINT ( 'NONE',  ( 0.09449759350173224381, -0.08581736531495980091, -0.3661417322998811730 ) ) ;
#3446 = EDGE_LOOP ( 'NONE', ( #10424, #5206, #7500, #11085 ) ) ;
#3447 = DIRECTION ( 'NONE',  ( 0.000000000000000000, 1.000000000000000000, 0.000000000000000000 ) ) ;
#3448 = LINE ( 'NONE', #6053, #8029 ) ;
#3449 = AXIS2_PLACEMENT_3D ( 'NONE', #322, #4936, #3896 ) ;
#3450 = ORIENTED_EDGE ( 'NONE', *, *, #2319, .T. ) ;
#3451 = CIRCLE ( 'NONE', #10328, 0.01181102362204724046 ) ;
#3452 = CARTESIAN_POINT ( 'NONE',  ( -0.1405511798818897540, 0.06417322834645408647, -0.3267716535433071168 ) ) ;
#3453 = EDGE_CURVE ( 'NONE', #6131, #7116, #3322, .T. ) ;
#3454 = ORIENTED_EDGE ( 'NONE', *, *, #699, .T. ) ;
#3455 = ADVANCED_FACE ( 'NONE', ( #4025 ), #5939, .T. ) ;
#3456 = DIRECTION ( 'NONE',  ( -1.000000000000000000, -1.776356839400250465E-15, 0.000000000000000000 ) ) ;
#3457 = DIRECTION ( 'NONE',  ( -0.9998476951573028737, 1.520432756100887962E-12, -0.01745240638505564726 ) ) ;
#3458 = DIRECTION ( 'NONE',  ( 0.9998476951559772674, 0.000000000000000000, 0.01745240646099314313 ) ) ;
#3459 = DIRECTION ( 'NONE',  ( 0.000000000000000000, -1.000000000000000000, 0.000000000000000000 ) ) ;
#3460 = ORIENTED_EDGE ( 'NONE', *, *, #10715, .F. ) ;
#3461 = VERTEX_POINT ( 'NONE', #8671 ) ;
#3462 = VERTEX_POINT ( 'NONE', #6866 ) ;
#3463 = CARTESIAN_POINT ( 'NONE',  ( 0.03348337688755975011, 0.08858267710903740266, -0.3208661417565748519 ) ) ;
#3464 = EDGE_CURVE ( 'NONE', #6467, #4018, #10257, .T. ) ;
#3465 = VECTOR ( 'NONE', #8517, 39.37007874015748143 ) ;
#3466 = VERTEX_POINT ( 'NONE', #10314 ) ;
#3467 = LINE ( 'NONE', #1712, #8287 ) ;
#3468 = CARTESIAN_POINT ( 'NONE',  ( -0.1444881680708602345, -0.07755905511810455566, -0.3464566929133858775 ) ) ;
#3469 =( NAMED_UNIT ( * ) SI_UNIT ( $, .STERADIAN. ) SOLID_ANGLE_UNIT ( ) );
#3470 = FACE_OUTER_BOUND ( 'NONE', #9340, .T. ) ;
#3471 = CARTESIAN_POINT ( 'NONE',  ( 0.04497683199423876260, 0.06218688203300840739, -0.1884417383670512758 ) ) ;
#3472 = DIRECTION ( 'NONE',  ( 0.000000000000000000, 0.000000000000000000, 1.000000000000000000 ) ) ;
#3473 = DIRECTION ( 'NONE',  ( 0.000000000000000000, 0.000000000000000000, 1.000000000000000000 ) ) ;
#3474 = ORIENTED_EDGE ( 'NONE', *, *, #10301, .F. ) ;
#3475 = VERTEX_POINT ( 'NONE', #7685 ) ;
#3476 = ORIENTED_EDGE ( 'NONE', *, *, #1926, .F. ) ;
#3477 = DIRECTION ( 'NONE',  ( -0.000000000000000000, 0.000000000000000000, 1.000000000000000000 ) ) ;
#3478 = ORIENTED_EDGE ( 'NONE', *, *, #1173, .F. ) ;
#3479 = VERTEX_POINT ( 'NONE', #5819 ) ;
#3480 = CARTESIAN_POINT ( 'NONE',  ( 0.09448818897637795144, 0.08740157481889763991, -0.2061023622047244430 ) ) ;
#3481 = PLANE ( 'NONE',  #3634 ) ;
#3482 = CARTESIAN_POINT ( 'NONE',  ( -0.1850393700787401619, -0.08976377952755369705, -0.1692913385826771699 ) ) ;
#3483 = CYLINDRICAL_SURFACE ( 'NONE', #10267, 0.007874015759417306651 ) ;
#3484 = CARTESIAN_POINT ( 'NONE',  ( 0.1150535526112504564, 0.06682257791338107322, -0.05267717345665199474 ) ) ;
#3485 = DIRECTION ( 'NONE',  ( -1.000000000000000000, 0.000000000000000000, 0.000000000000000000 ) ) ;
#3486 = ORIENTED_EDGE ( 'NONE', *, *, #8318, .F. ) ;
#3487 = ORIENTED_EDGE ( 'NONE', *, *, #9725, .T. ) ;
#3488 = ADVANCED_FACE ( 'NONE', ( #7739 ), #9374, .T. ) ;
#3489 = EDGE_CURVE ( 'NONE', #8457, #11274, #6000, .T. ) ;
#3490 = VERTEX_POINT ( 'NONE', #11242 ) ;
#3491 = AXIS2_PLACEMENT_3D ( 'NONE', #3145, #8548, #4193 ) ;
#3492 = VERTEX_POINT ( 'NONE', #10190 ) ;
#3493 = ORIENTED_EDGE ( 'NONE', *, *, #5239, .T. ) ;
#3494 = LINE ( 'NONE', #3440, #8544 ) ;
#3495 = DIRECTION ( 'NONE',  ( -1.000000000000000000, 0.000000000000000000, 0.000000000000000000 ) ) ;
#3496 = CARTESIAN_POINT ( 'NONE',  ( 0.04890317695767716633, 0.06206050635326772896, -0.1919871272699606446 ) ) ;
#3497 = VECTOR ( 'NONE', #1314, 39.37007874015748143 ) ;
#3498 = DIRECTION ( 'NONE',  ( 1.000000000000000000, 0.000000000000000000, 0.000000000000000000 ) ) ;
#3499 = CARTESIAN_POINT ( 'NONE',  ( 0.08070866141732283006, -0.06102362204724410405, -0.2992125984566929020 ) ) ;
#3500 = DIRECTION ( 'NONE',  ( 7.516905878397319156E-11, 0.000000000000000000, -1.000000000000000000 ) ) ;
#3501 = VERTEX_POINT ( 'NONE', #690 ) ;
#3502 = DIRECTION ( 'NONE',  ( 0.000000000000000000, 1.239088197126290866E-15, -1.000000000000000000 ) ) ;
#3503 = ADVANCED_FACE ( 'NONE', ( #11065 ), #1384, .T. ) ;
#3504 = ORIENTED_EDGE ( 'NONE', *, *, #9565, .T. ) ;
#3505 = ADVANCED_FACE ( 'NONE', ( #1330 ), #4951, .F. ) ;
#3506 = DIRECTION ( 'NONE',  ( -1.000000000000000000, 0.000000000000000000, 0.000000000000000000 ) ) ;
#3507 = AXIS2_PLACEMENT_3D ( 'NONE', #8775, #9714, #1732 ) ;
#3508 = AXIS2_PLACEMENT_3D ( 'NONE', #9902, #1914, #8141 ) ;
#3509 = CARTESIAN_POINT ( 'NONE',  ( 0.1033003499268015657, 0.07193953059055370469, -0.05828206942934049950 ) ) ;
#3510 = DIRECTION ( 'NONE',  ( -0.9993908270173006425, -1.234894146615003257E-15, 0.03489949675390727896 ) ) ;
#3511 = CARTESIAN_POINT ( 'NONE',  ( 0.02757786507653544120, 0.08385826771653481781, -0.3303149606463376964 ) ) ;
#3512 = ADVANCED_FACE ( 'NONE', ( #2620 ), #1799, .T. ) ;
#3513 = DIRECTION ( 'NONE',  ( -1.000000000000000000, 0.000000000000000000, 0.000000000000000000 ) ) ;
#3514 = VECTOR ( 'NONE', #5451, 39.37007874015748143 ) ;
#3515 = ORIENTED_EDGE ( 'NONE', *, *, #10288, .T. ) ;
#3516 = EDGE_CURVE ( 'NONE', #9624, #9538, #6110, .T. ) ;
#3517 = ORIENTED_EDGE ( 'NONE', *, *, #2584, .F. ) ;
#3518 = DIRECTION ( 'NONE',  ( 0.000000000000000000, 0.000000000000000000, 1.000000000000000000 ) ) ;
#3519 = AXIS2_PLACEMENT_3D ( 'NONE', #11155, #8467, #11217 ) ;
#3520 = ORIENTED_EDGE ( 'NONE', *, *, #1974, .T. ) ;
#3521 = LINE ( 'NONE', #2586, #1787 ) ;
#3522 = LINE ( 'NONE', #5266, #9486 ) ;
#3523 = EDGE_CURVE ( 'NONE', #2515, #2229, #11425, .T. ) ;
#3524 = EDGE_CURVE ( 'NONE', #10306, #9178, #1623, .T. ) ;
#3525 = SURFACE_SIDE_STYLE ('',( #5492 ) ) ;
#3526 = CARTESIAN_POINT ( 'NONE',  ( -0.1929133858267716994, -0.09566929133858267931, -0.1141732283464566844 ) ) ;
#3527 = CARTESIAN_POINT ( 'NONE',  ( 0.1151728783891717151, 0.06790529799865228922, -0.05672696343000683400 ) ) ;
#3528 = DIRECTION ( 'NONE',  ( 1.000000000000000000, 0.000000000000000000, 0.000000000000000000 ) ) ;
#3529 = DIRECTION ( 'NONE',  ( -1.000000000000000000, -0.000000000000000000, -0.000000000000000000 ) ) ;
#3530 = VERTEX_POINT ( 'NONE', #4428 ) ;
#3531 = ORIENTED_EDGE ( 'NONE', *, *, #4383, .T. ) ;
#3532 = PRODUCT_CONTEXT ( 'NONE', #3958, 'mechanical' ) ;
#3533 = ADVANCED_FACE ( 'NONE', ( #7922 ), #11360, .T. ) ;
#3534 = VECTOR ( 'NONE', #6812, 39.37007874015748143 ) ;
#3535 = ORIENTED_EDGE ( 'NONE', *, *, #840, .T. ) ;
#3536 = CARTESIAN_POINT ( 'NONE',  ( 0.05470372310210878247, 0.06549283287378604435, -0.04332127444016969919 ) ) ;
#3537 = AXIS2_PLACEMENT_3D ( 'NONE', #5897, #7583, #9521 ) ;
#3538 = ORIENTED_EDGE ( 'NONE', *, *, #10025, .F. ) ;
#3539 = ORIENTED_EDGE ( 'NONE', *, *, #9103, .T. ) ;
#3540 = FACE_OUTER_BOUND ( 'NONE', #4718, .T. ) ;
#3541 = VECTOR ( 'NONE', #9987, 39.37007874015748143 ) ;
#3542 = CARTESIAN_POINT ( 'NONE',  ( 0.02473622047244095068, -0.06073415797767716534, -0.3537517805222441525 ) ) ;
#3543 = CARTESIAN_POINT ( 'NONE',  ( 0.1032967495587998330, -0.05104656000013779032, -0.05380802272113986012 ) ) ;
#3544 = VECTOR ( 'NONE', #8828, 39.37007874015748143 ) ;
#3545 = FACE_OUTER_BOUND ( 'NONE', #8743, .T. ) ;
#3546 = FACE_OUTER_BOUND ( 'NONE', #1760, .T. ) ;
#3547 = DIRECTION ( 'NONE',  ( 3.771137991253928573E-16, 0.000000000000000000, 1.000000000000000000 ) ) ;
#3548 = VERTEX_POINT ( 'NONE', #1684 ) ;
#3549 = EDGE_CURVE ( 'NONE', #10298, #839, #2681, .T. ) ;
#3550 = ORIENTED_EDGE ( 'NONE', *, *, #7304, .F. ) ;
#3551 = ORIENTED_EDGE ( 'NONE', *, *, #10055, .F. ) ;
#3552 = VERTEX_POINT ( 'NONE', #4376 ) ;
#3553 = AXIS2_PLACEMENT_3D ( 'NONE', #9975, #1934, #184 ) ;
#3554 = VECTOR ( 'NONE', #5472, 39.37007874015748143 ) ;
#3555 = EDGE_CURVE ( 'NONE', #2527, #8706, #3391, .T. ) ;
#3556 = CARTESIAN_POINT ( 'NONE',  ( 0.04724409448818896184, 0.07480314960629921850, -0.3661417322834646382 ) ) ;
#3557 = CARTESIAN_POINT ( 'NONE',  ( -0.01090551181102362294, 0.06496062992125985203, -0.3602204724409448500 ) ) ;
#3558 = CARTESIAN_POINT ( 'NONE',  ( 0.1525274020086014592, -0.08975437318898153716, -0.3562992126155443140 ) ) ;
#3559 = CARTESIAN_POINT ( 'NONE',  ( -0.1562992113779527736, -0.01082677165354330173, -0.3149606299212597826 ) ) ;
#3560 = CARTESIAN_POINT ( 'NONE',  ( 0.02088774504921653286, 0.06284163120082539300, -0.2195859887672834687 ) ) ;
#3561 = EDGE_LOOP ( 'NONE', ( #441, #11443, #9407, #641 ) ) ;
#3562 = AXIS2_PLACEMENT_3D ( 'NONE', #1473, #10399, #5040 ) ;
#3563 = VECTOR ( 'NONE', #9912, 39.37007874015748143 ) ;
#3564 = CARTESIAN_POINT ( 'NONE',  ( -0.1439971436703149921, 0.01456692913385826925, -0.1017086614173228348 ) ) ;
#3565 = VERTEX_POINT ( 'NONE', #3445 ) ;
#3566 = CARTESIAN_POINT ( 'NONE',  ( 0.03366141732283464694, -0.07716535431692911340, -0.3025590551181102650 ) ) ;
#3567 = VECTOR ( 'NONE', #5142, 39.37007874015748143 ) ;
#3568 = AXIS2_PLACEMENT_3D ( 'NONE', #2453, #6864, #6808 ) ;
#3569 = VECTOR ( 'NONE', #4424, 39.37007874015748143 ) ;
#3570 = ADVANCED_FACE ( 'NONE', ( #10496 ), #6931, .T. ) ;
#3571 = EDGE_CURVE ( 'NONE', #6301, #7669, #11482, .T. ) ;
#3572 = LINE ( 'NONE', #10666, #3099 ) ;
#3573 = DIRECTION ( 'NONE',  ( -0.000000000000000000, -0.000000000000000000, -1.000000000000000000 ) ) ;
#3574 = EDGE_CURVE ( 'NONE', #5686, #8455, #7038, .T. ) ;
#3575 = CARTESIAN_POINT ( 'NONE',  ( -0.1439971436703149921, -0.06968503937007874960, -0.3223436212687401659 ) ) ;
#3576 = CARTESIAN_POINT ( 'NONE',  ( -0.1405511798818897540, 0.02283464566929134520, -0.3425196850393700809 ) ) ;
#3577 = LINE ( 'NONE', #1812, #5039 ) ;
#3578 = VECTOR ( 'NONE', #1517, 39.37007874015748143 ) ;
#3579 = CIRCLE ( 'NONE', #5244, 0.005905511811000008042 ) ;
#3580 = ORIENTED_EDGE ( 'NONE', *, *, #5981, .F. ) ;
#3581 = CIRCLE ( 'NONE', #5990, 0.007874015731705139021 ) ;
#3582 = EDGE_LOOP ( 'NONE', ( #6789, #9293, #10395, #3895 ) ) ;
#3583 = DIRECTION ( 'NONE',  ( 1.000000000000000000, 0.000000000000000000, 0.000000000000000000 ) ) ;
#3584 = VECTOR ( 'NONE', #3121, 39.37007874015748143 ) ;
#3585 = ORIENTED_EDGE ( 'NONE', *, *, #11395, .T. ) ;
#3586 = CARTESIAN_POINT ( 'NONE',  ( 0.03256649621195482208, -0.04569806696843398131, -0.1716947853252648593 ) ) ;
#3587 = CARTESIAN_POINT ( 'NONE',  ( 0.1850393700765354532, -0.08975437318898128736, -0.3385826771817716518 ) ) ;
#3588 = ADVANCED_FACE ( 'NONE', ( #7974 ), #11536, .T. ) ;
#3589 = VECTOR ( 'NONE', #10136, 39.37007874015748143 ) ;
#3590 = CARTESIAN_POINT ( 'NONE',  ( -0.1562992113779527736, -0.08582677165354332671, -0.1692913385826761152 ) ) ;
#3591 = LINE ( 'NONE', #3526, #9135 ) ;
#3592 = CARTESIAN_POINT ( 'NONE',  ( 0.1574803149606299191, 0.08070866140944882305, -0.1830708661417323191 ) ) ;
#3593 = DIRECTION ( 'NONE',  ( 1.000000000000000000, -1.445602896665875570E-15, -7.499643267612909112E-11 ) ) ;
#3594 = ORIENTED_EDGE ( 'NONE', *, *, #10888, .F. ) ;
#3595 = VERTEX_POINT ( 'NONE', #10709 ) ;
#3596 = APPLICATION_PROTOCOL_DEFINITION ( 'draft international standard', 'automotive_design', 1998, #1717 ) ;
#3597 = ORIENTED_EDGE ( 'NONE', *, *, #8318, .T. ) ;
#3598 = CARTESIAN_POINT ( 'NONE',  ( 0.07448396322898087618, 0.06593684612000640100, -0.02470741375700484174 ) ) ;
#3599 = ORIENTED_EDGE ( 'NONE', *, *, #4020, .T. ) ;
#3600 = ORIENTED_EDGE ( 'NONE', *, *, #1137, .T. ) ;
#3601 = CARTESIAN_POINT ( 'NONE',  ( 0.04724409448818896184, 0.07480314960629921850, -0.2507874017322835880 ) ) ;
#3602 = EDGE_CURVE ( 'NONE', #3461, #1521, #6985, .T. ) ;
#3603 = CARTESIAN_POINT ( 'NONE',  ( 0.1850393700765354532, -0.1015653968110183936, -0.3385826771817716518 ) ) ;
#3604 = CARTESIAN_POINT ( 'NONE',  ( 0.03612023723695818866, -0.04569806694639814981, -0.1669788116628490859 ) ) ;
#3605 = CARTESIAN_POINT ( 'NONE',  ( -0.1425196850393673775, 0.005905511811023313185, -0.1031496062992124652 ) ) ;
#3606 = CARTESIAN_POINT ( 'NONE',  ( 0.1026420717674877553, -0.06824146981520146094, -0.2463475027202435552 ) ) ;
#3607 = FACE_OUTER_BOUND ( 'NONE', #1996, .T. ) ;
#3608 = ORIENTED_EDGE ( 'NONE', *, *, #486, .T. ) ;
#3609 = ORIENTED_EDGE ( 'NONE', *, *, #2845, .T. ) ;
#3610 = VERTEX_POINT ( 'NONE', #9833 ) ;
#3611 = EDGE_CURVE ( 'NONE', #495, #11022, #1855, .T. ) ;
#3612 = ORIENTED_EDGE ( 'NONE', *, *, #4559, .F. ) ;
#3613 = CIRCLE ( 'NONE', #10117, 0.01968503937007873988 ) ;
#3614 = DIRECTION ( 'NONE',  ( 0.7071067811876410314, 0.000000000000000000, -0.7071067811854541141 ) ) ;
#3615 = LINE ( 'NONE', #686, #9518 ) ;
#3616 = DIRECTION ( 'NONE',  ( -0.000000000000000000, -1.000000000000000000, -0.000000000000000000 ) ) ;
#3617 = DIRECTION ( 'NONE',  ( 0.03489949675390371236, 0.000000000000000000, 0.9993908270173006425 ) ) ;
#3618 = DIRECTION ( 'NONE',  ( -0.000000000000000000, -1.000000000000000000, -0.000000000000000000 ) ) ;
#3619 = ORIENTED_EDGE ( 'NONE', *, *, #7683, .F. ) ;
#3620 = DIRECTION ( 'NONE',  ( 0.9998476951559776005, 0.000000000000000000, 0.01745240646098134701 ) ) ;
#3621 = ORIENTED_EDGE ( 'NONE', *, *, #4624, .F. ) ;
#3622 = LINE ( 'NONE', #7161, #5961 ) ;
#3623 = DIRECTION ( 'NONE',  ( 0.01745240646098531606, 0.000000000000000000, -0.9998476951559774895 ) ) ;
#3624 = DIRECTION ( 'NONE',  ( 0.000000000000000000, 1.000000000000000000, 0.000000000000000000 ) ) ;
#3625 = DIRECTION ( 'NONE',  ( 1.000000000000000000, 0.000000000000000000, -7.542275982507854188E-16 ) ) ;
#3626 = DIRECTION ( 'NONE',  ( 1.000000000000000000, -1.445602896647331225E-15, 0.000000000000000000 ) ) ;
#3627 = FACE_OUTER_BOUND ( 'NONE', #2072, .T. ) ;
#3628 = VECTOR ( 'NONE', #9301, 39.37007874015748143 ) ;
#3629 = CARTESIAN_POINT ( 'NONE',  ( 0.1089274650725415156, -0.07086614173226080116, -0.06635738793071951913 ) ) ;
#3630 = VERTEX_POINT ( 'NONE', #7799 ) ;
#3631 = ORIENTED_EDGE ( 'NONE', *, *, #10862, .T. ) ;
#3632 = EDGE_CURVE ( 'NONE', #5369, #4640, #6050, .T. ) ;
#3633 = ADVANCED_FACE ( 'NONE', ( #4320 ), #7865, .F. ) ;
#3634 = AXIS2_PLACEMENT_3D ( 'NONE', #7021, #10587, #3427 ) ;
#3635 = TOROIDAL_SURFACE ( 'NONE', #6787, 0.0002500327391428759953, 0.007874015861732374527 ) ;
#3636 = ORIENTED_EDGE ( 'NONE', *, *, #5398, .T. ) ;
#3637 = DIRECTION ( 'NONE',  ( 0.7071067811865480168, 0.000000000000000000, 0.7071067811865471286 ) ) ;
#3638 = DIRECTION ( 'NONE',  ( 0.9993908270172990882, 1.600455530668999448E-13, -0.03489949675394975886 ) ) ;
#3639 = DIRECTION ( 'NONE',  ( 0.000000000000000000, 1.000000000000000000, 0.000000000000000000 ) ) ;
#3640 = DIRECTION ( 'NONE',  ( -1.000000000000000000, -0.000000000000000000, -0.000000000000000000 ) ) ;
#3641 = CARTESIAN_POINT ( 'NONE',  ( 0.09056058562771632237, -0.05905511811023622659, -0.3661417322998818391 ) ) ;
#3642 = LINE ( 'NONE', #7179, #7504 ) ;
#3643 = ORIENTED_EDGE ( 'NONE', *, *, #2344, .F. ) ;
#3644 = ORIENTED_EDGE ( 'NONE', *, *, #4368, .T. ) ;
#3645 = EDGE_LOOP ( 'NONE', ( #6848, #10923, #478, #602, #4748, #347, #1843, #2486 ) ) ;
#3646 = EDGE_CURVE ( 'NONE', #5362, #9012, #5644, .T. ) ;
#3647 = DIRECTION ( 'NONE',  ( 0.000000000000000000, 1.000000000000000000, 0.000000000000000000 ) ) ;
#3648 = ORIENTED_EDGE ( 'NONE', *, *, #9473, .T. ) ;
#3649 = ORIENTED_EDGE ( 'NONE', *, *, #6871, .T. ) ;
#3650 = ORIENTED_EDGE ( 'NONE', *, *, #9943, .F. ) ;
#3651 = DIRECTION ( 'NONE',  ( 1.000000000000000000, -1.962450904614682344E-10, 0.000000000000000000 ) ) ;
#3652 = CARTESIAN_POINT ( 'NONE',  ( 0.02145669291338585249, 0.08897637795276068517, -0.2507874015748015051 ) ) ;
#3653 = CYLINDRICAL_SURFACE ( 'NONE', #7207, 0.007874015748041593779 ) ;
#3654 = CARTESIAN_POINT ( 'NONE',  ( 0.07307510292643699945, -0.01968503934986176249, -0.2767876790382677865 ) ) ;
#3655 = CARTESIAN_POINT ( 'NONE',  ( 0.02757786507653543079, 0.09448818897637795144, -0.3090551181266631975 ) ) ;
#3656 = DIRECTION ( 'NONE',  ( -6.148536788170357927E-13, 1.000000000000000000, 3.521091138454817231E-11 ) ) ;
#3657 = VERTEX_POINT ( 'NONE', #10070 ) ;
#3658 = DIRECTION ( 'NONE',  ( 0.9993908270173006425, 1.696093478331718812E-15, -0.03489949675390779937 ) ) ;
#3659 = ORIENTED_EDGE ( 'NONE', *, *, #10363, .T. ) ;
#3660 = EDGE_CURVE ( 'NONE', #8189, #357, #9020, .T. ) ;
#3661 = ORIENTED_EDGE ( 'NONE', *, *, #10477, .F. ) ;
#3662 = ORIENTED_EDGE ( 'NONE', *, *, #5553, .T. ) ;
#3663 = DIRECTION ( 'NONE',  ( -0.000000000000000000, -0.000000000000000000, -1.000000000000000000 ) ) ;
#3664 = DIRECTION ( 'NONE',  ( 0.000000000000000000, 0.000000000000000000, 1.000000000000000000 ) ) ;
#3665 = CARTESIAN_POINT ( 'NONE',  ( 0.07347298376154136335, 0.03793000997942717195, -0.2995822570945648189 ) ) ;
#3666 = CARTESIAN_POINT ( 'NONE',  ( 0.1113480626211417468, 0.06683143904389764189, -0.05351706948413386539 ) ) ;
#3667 = DIRECTION ( 'NONE',  ( 0.000000000000000000, 0.000000000000000000, -1.000000000000000000 ) ) ;
#3668 = EDGE_CURVE ( 'NONE', #5781, #8967, #8256, .T. ) ;
#3669 = VERTEX_POINT ( 'NONE', #2906 ) ;
#3670 = CIRCLE ( 'NONE', #8490, 0.01574803149606298150 ) ;
#3671 = CARTESIAN_POINT ( 'NONE',  ( 0.1299212598425196485, -0.02992916743477500377, -0.3661417322834646382 ) ) ;
#3672 = ORIENTED_EDGE ( 'NONE', *, *, #3274, .F. ) ;
#3673 = ADVANCED_FACE ( 'NONE', ( #7376 ), #10833, .T. ) ;
#3674 = ADVANCED_FACE ( 'NONE', ( #5583 ), #4542, .F. ) ;
#3675 = CARTESIAN_POINT ( 'NONE',  ( -0.01377952755904579205, 0.06704482821230346723, -0.1240157480314960647 ) ) ;
#3676 = DIRECTION ( 'NONE',  ( 0.000000000000000000, 1.000000000000000000, 0.000000000000000000 ) ) ;
#3677 = AXIS2_PLACEMENT_3D ( 'NONE', #10882, #9186, #9896 ) ;
#3678 = CARTESIAN_POINT ( 'NONE',  ( -0.1444881680708661742, -0.08582677165354332671, -0.1062992125984252439 ) ) ;
#3679 = DIRECTION ( 'NONE',  ( 1.000000000000000000, 0.000000000000000000, -7.542275982507854188E-16 ) ) ;
#3680 = FACE_OUTER_BOUND ( 'NONE', #3966, .T. ) ;
#3681 = DIRECTION ( 'NONE',  ( 0.000000000000000000, 0.000000000000000000, 1.000000000000000000 ) ) ;
#3682 = DIRECTION ( 'NONE',  ( -1.000000000000000000, 0.000000000000000000, 0.000000000000000000 ) ) ;
#3683 = ORIENTED_EDGE ( 'NONE', *, *, #2644, .F. ) ;
#3684 = EDGE_CURVE ( 'NONE', #11527, #5825, #6563, .T. ) ;
#3685 = VECTOR ( 'NONE', #9174, 39.37007874015748143 ) ;
#3686 = EDGE_LOOP ( 'NONE', ( #5214, #627, #3478, #7262, #4628, #467, #1790, #8063, #8146, #4152 ) ) ;
#3687 = AXIS2_PLACEMENT_3D ( 'NONE', #106, #6389, #9190 ) ;
#3688 = VERTEX_POINT ( 'NONE', #2140 ) ;
#3689 = LINE ( 'NONE', #2926, #9408 ) ;
#3690 = DIRECTION ( 'NONE',  ( 1.000000000000000000, 0.000000000000000000, 0.000000000000000000 ) ) ;
#3691 = VECTOR ( 'NONE', #11424, 39.37007874015748143 ) ;
#3692 = DIRECTION ( 'NONE',  ( 1.000000000000000000, 0.000000000000000000, 0.000000000000000000 ) ) ;
#3693 = DIRECTION ( 'NONE',  ( -0.01745240646096483592, 0.000000000000000000, 0.9998476951559780446 ) ) ;
#3694 = ADVANCED_FACE ( 'NONE', ( #2086 ), #2852, .F. ) ;
#3695 = DIRECTION ( 'NONE',  ( -1.000000000000000000, 0.000000000000000000, 0.000000000000000000 ) ) ;
#3696 = CARTESIAN_POINT ( 'NONE',  ( 0.1850393700757227700, -0.08975437318897884487, -0.3031496063156299270 ) ) ;
#3697 = VERTEX_POINT ( 'NONE', #8089 ) ;
#3698 = EDGE_LOOP ( 'NONE', ( #7610, #7817, #10321, #7966 ) ) ;
#3699 = ORIENTED_EDGE ( 'NONE', *, *, #11086, .T. ) ;
#3700 = PLANE ( 'NONE',  #9094 ) ;
#3701 = CIRCLE ( 'NONE', #10408, 0.007874015732513801186 ) ;
#3702 = EDGE_LOOP ( 'NONE', ( #7936, #6031, #11265, #5557 ) ) ;
#3703 = ORIENTED_EDGE ( 'NONE', *, *, #7120, .T. ) ;
#3704 = CARTESIAN_POINT ( 'NONE',  ( 0.1437007874015642228, -0.002933957919803146033, -0.08267716535433070058 ) ) ;
#3705 = CARTESIAN_POINT ( 'NONE',  ( -0.1425196850393700976, 0.01377952756692910931, -0.2129921259842520453 ) ) ;
#3706 = EDGE_CURVE ( 'NONE', #6890, #6080, #5522, .T. ) ;
#3707 = LINE ( 'NONE', #7193, #4298 ) ;
#3708 = EDGE_CURVE ( 'NONE', #10994, #1091, #3903, .T. ) ;
#3709 = CARTESIAN_POINT ( 'NONE',  ( -0.1444881680708532679, 0.02412224796505905641, -0.06889763779527560694 ) ) ;
#3710 = ADVANCED_FACE ( 'NONE', ( #9953, #7324 ), #9132, .F. ) ;
#3711 = B_SPLINE_CURVE_WITH_KNOTS ( 'NONE', 3,
 ( #1021, #1140, #9007, #8242, #208, #7312, #8076, #6317 ),
 .UNSPECIFIED., .F., .F.,
 ( 4, 2, 2, 4 ),
 ( 1.074010861051967304E-13, 0.0002932343151298089849, 0.0005864686301522169026, 0.001172937260197035340 ),
 .UNSPECIFIED. ) ;
#3712 = VECTOR ( 'NONE', #9782, 39.37007874015748143 ) ;
#3713 = FACE_OUTER_BOUND ( 'NONE', #317, .T. ) ;
#3714 = DIRECTION ( 'NONE',  ( 0.000000000000000000, 0.000000000000000000, -1.000000000000000000 ) ) ;
#3715 = CARTESIAN_POINT ( 'NONE',  ( 0.02167235326551181229, 0.08858267716535432601, -0.3090551181266535385 ) ) ;
#3716 = ORIENTED_EDGE ( 'NONE', *, *, #7613, .T. ) ;
#3717 = FACE_OUTER_BOUND ( 'NONE', #9467, .T. ) ;
#3718 = VECTOR ( 'NONE', #3234, 39.37007874015748854 ) ;
#3719 = ORIENTED_EDGE ( 'NONE', *, *, #2451, .T. ) ;
#3720 = ORIENTED_EDGE ( 'NONE', *, *, #9167, .T. ) ;
#3721 = EDGE_LOOP ( 'NONE', ( #8935, #1124, #8658, #380 ) ) ;
#3722 = VECTOR ( 'NONE', #11180, 39.37007874015748143 ) ;
#3723 = ORIENTED_EDGE ( 'NONE', *, *, #9588, .F. ) ;
#3724 = AXIS2_PLACEMENT_3D ( 'NONE', #7414, #9988, #10047 ) ;
#3725 = DIRECTION ( 'NONE',  ( 0.000000000000000000, 0.000000000000000000, -1.000000000000000000 ) ) ;
#3726 = CARTESIAN_POINT ( 'NONE',  ( 0.1114505620502362071, -0.05183388813956693597, -0.05563166927354330077 ) ) ;
#3727 = EDGE_CURVE ( 'NONE', #5056, #1048, #10946, .T. ) ;
#3728 = CARTESIAN_POINT ( 'NONE',  ( -0.1496897570864493821, 0.05989995985580992555, -0.06625661262500535942 ) ) ;
#3729 = LINE ( 'NONE', #4184, #5483 ) ;
#3730 = PLANE ( 'NONE',  #5351 ) ;
#3731 = ORIENTED_EDGE ( 'NONE', *, *, #11029, .F. ) ;
#3732 = LINE ( 'NONE', #7272, #9845 ) ;
#3733 = ORIENTED_EDGE ( 'NONE', *, *, #7065, .T. ) ;
#3734 = VECTOR ( 'NONE', #777, 39.37007874015748143 ) ;
#3735 = CARTESIAN_POINT ( 'NONE',  ( 0.02544738070900393750, 0.06302867712669291134, -0.1535276981939369956 ) ) ;
#3736 = CIRCLE ( 'NONE', #2984, 0.01574803149606296415 ) ;
#3737 = DIRECTION ( 'NONE',  ( 3.771137991253928573E-16, 0.000000000000000000, 1.000000000000000000 ) ) ;
#3738 = VECTOR ( 'NONE', #5494, 39.37007874015748143 ) ;
#3739 = DIRECTION ( 'NONE',  ( 0.000000000000000000, 1.000000000000000000, 0.000000000000000000 ) ) ;
#3740 = CARTESIAN_POINT ( 'NONE',  ( 0.1082677165354438281, 0.08740157481692091557, -0.2303149606299212948 ) ) ;
#3741 = VECTOR ( 'NONE', #4977, 39.37007874015748143 ) ;
#3742 = EDGE_CURVE ( 'NONE', #10739, #9337, #8199, .T. ) ;
#3743 = VECTOR ( 'NONE', #928, 39.37007874015748143 ) ;
#3744 = CARTESIAN_POINT ( 'NONE',  ( 0.1024847944490157731, -0.05091116806562992481, -0.04979445687255905362 ) ) ;
#3745 = LINE ( 'NONE', #1213, #8591 ) ;
#3746 = CARTESIAN_POINT ( 'NONE',  ( -0.1153543294881908682, 0.06417322834645597385, -0.3425196850393758541 ) ) ;
#3747 = DIRECTION ( 'NONE',  ( 1.000000000000000000, 0.000000000000000000, 0.000000000000000000 ) ) ;
#3748 = ORIENTED_EDGE ( 'NONE', *, *, #2528, .T. ) ;
#3749 = VERTEX_POINT ( 'NONE', #1089 ) ;
#3750 = VECTOR ( 'NONE', #1530, 39.37007874015748143 ) ;
#3751 = AXIS2_PLACEMENT_3D ( 'NONE', #5466, #9018, #8962 ) ;
#3752 = VECTOR ( 'NONE', #11326, 39.37007874015748143 ) ;
#3753 = ORIENTED_EDGE ( 'NONE', *, *, #1301, .F. ) ;
#3754 = CARTESIAN_POINT ( 'NONE',  ( 0.1156479424611417395, 0.06803486168590552885, -0.05723751487602362492 ) ) ;
#3755 = CARTESIAN_POINT ( 'NONE',  ( 0.03366141732283464694, 0.09251968503937008093, -0.3543307086614174151 ) ) ;
#3756 = ADVANCED_FACE ( 'NONE', ( #3844 ), #5468, .F. ) ;
#3757 = DIRECTION ( 'NONE',  ( 0.000000000000000000, -0.2873478855663458287, 0.9578262852211510969 ) ) ;
#3759 = CARTESIAN_POINT ( 'NONE',  ( -0.1929133858267716994, -0.08976377952755311418, -0.1181102362204724532 ) ) ;
#3758 = AXIS2_PLACEMENT_3D ( 'NONE', #2012, #1190, #9009 ) ;
#3760 = VECTOR ( 'NONE', #2549, 39.37007874015748143 ) ;
#3761 = VECTOR ( 'NONE', #1174, 39.37007874015748143 ) ;
#3762 = DIRECTION ( 'NONE',  ( 0.000000000000000000, 0.000000000000000000, 1.000000000000000000 ) ) ;
#3763 = DIRECTION ( 'NONE',  ( 0.000000000000000000, -1.000000000000000000, 0.000000000000000000 ) ) ;
#3764 = EDGE_LOOP ( 'NONE', ( #8119, #3520, #463, #9483 ) ) ;
#3765 = VERTEX_POINT ( 'NONE', #328 ) ;
#3766 = ORIENTED_EDGE ( 'NONE', *, *, #1736, .F. ) ;
#3767 = PLANE ( 'NONE',  #4086 ) ;
#3768 = ORIENTED_EDGE ( 'NONE', *, *, #10888, .T. ) ;
#3769 = VECTOR ( 'NONE', #7594, 39.37007874015748854 ) ;
#3770 = VECTOR ( 'NONE', #8215, 39.37007874015748143 ) ;
#3771 = EDGE_LOOP ( 'NONE', ( #1120, #2809, #861, #3781 ) ) ;
#3772 = CARTESIAN_POINT ( 'NONE',  ( 1.808041534174247599E-18, -0.1151574803149768567, -0.2706692913385827515 ) ) ;
#3773 = DIRECTION ( 'NONE',  ( 0.7071067811865481278, 0.000000000000000000, 0.7071067811865469066 ) ) ;
#3774 = DIRECTION ( 'NONE',  ( 0.000000000000000000, 1.000000000000000000, 0.000000000000000000 ) ) ;
#3775 = LINE ( 'NONE', #9817, #8138 ) ;
#3776 = PLANE ( 'NONE',  #4864 ) ;
#3777 = LINE ( 'NONE', #7252, #6224 ) ;
#3778 = LINE ( 'NONE', #6433, #10951 ) ;
#3779 = VERTEX_POINT ( 'NONE', #8307 ) ;
#3780 = CARTESIAN_POINT ( 'NONE',  ( 0.08070866141730520527, -0.08267716535433068670, -0.3661417322834821797 ) ) ;
#3781 = ORIENTED_EDGE ( 'NONE', *, *, #202, .F. ) ;
#3782 = EDGE_CURVE ( 'NONE', #11083, #9091, #4614, .T. ) ;
#3783 = ORIENTED_EDGE ( 'NONE', *, *, #10827, .T. ) ;
#3784 = ADVANCED_FACE ( 'NONE', ( #160 ), #3730, .T. ) ;
#3785 = ORIENTED_EDGE ( 'NONE', *, *, #11422, .T. ) ;
#3786 = EDGE_CURVE ( 'NONE', #4293, #4839, #7967, .T. ) ;
#3787 = EDGE_CURVE ( 'NONE', #2102, #3466, #6799, .T. ) ;
#3788 = CARTESIAN_POINT ( 'NONE',  ( 0.1075992227992003808, -0.02358868277062486224, -0.2736080833451198235 ) ) ;
#3789 = CARTESIAN_POINT ( 'NONE',  ( 0.1437007873932820701, -0.02755905511811023931, -0.1787401574832677142 ) ) ;
#3790 = DIRECTION ( 'NONE',  ( 0.01745240638502193464, 0.000000000000000000, -0.9998476951573035398 ) ) ;
#3791 = CARTESIAN_POINT ( 'NONE',  ( 0.08826637429244094113, 0.06615770539216536683, -0.02614677395252756539 ) ) ;
#3792 = CARTESIAN_POINT ( 'NONE',  ( 0.09187242370271653247, -0.08392224980948818913, -0.2996702813055512338 ) ) ;
#3793 = EDGE_LOOP ( 'NONE', ( #3021, #1653, #971, #9954 ) ) ;
#3794 = DIRECTION ( 'NONE',  ( 0.9993908270172660036, 1.513524408006537482E-16, -0.03489949675490201797 ) ) ;
#3795 = ORIENTED_EDGE ( 'NONE', *, *, #1796, .F. ) ;
#3796 = LINE ( 'NONE', #9077, #1868 ) ;
#3797 = EDGE_CURVE ( 'NONE', #130, #5860, #5061, .T. ) ;
#3798 = DIRECTION ( 'NONE',  ( 3.838348900644203348E-31, -1.239088197126290472E-15, 1.000000000000000000 ) ) ;
#3799 = DIRECTION ( 'NONE',  ( 0.000000000000000000, 0.000000000000000000, 1.000000000000000000 ) ) ;
#3800 = LINE ( 'NONE', #9146, #7635 ) ;
#3801 = FACE_OUTER_BOUND ( 'NONE', #10624, .T. ) ;
#3802 = DIRECTION ( 'NONE',  ( 0.000000000000000000, 0.000000000000000000, -1.000000000000000000 ) ) ;
#3803 = LINE ( 'NONE', #287, #4082 ) ;
#3804 = CARTESIAN_POINT ( 'NONE',  ( 0.06557582766635262905, 0.007888363622047242507, -0.04793620903571810254 ) ) ;
#3805 = EDGE_CURVE ( 'NONE', #5324, #651, #2438, .T. ) ;
#3806 = VECTOR ( 'NONE', #7485, 39.37007874015748143 ) ;
#3807 = ORIENTED_EDGE ( 'NONE', *, *, #10962, .F. ) ;
#3808 = CARTESIAN_POINT ( 'NONE',  ( 0.1732283464496552350, -0.09565988500000001393, -0.3267716535597244287 ) ) ;
#3809 = EDGE_CURVE ( 'NONE', #8940, #11348, #11287, .T. ) ;
#3810 = ORIENTED_EDGE ( 'NONE', *, *, #10490, .T. ) ;
#3811 = CARTESIAN_POINT ( 'NONE',  ( 0.007874015748031489015, -0.01377952756995627463, -0.3307086614173221917 ) ) ;
#3812 = DIRECTION ( 'NONE',  ( 0.7071067786232849706, 0.000000000000000000, 0.7071067837498100639 ) ) ;
#3813 = CARTESIAN_POINT ( 'NONE',  ( -0.008136548157263780515, -0.04299212598425197068, -0.3425196850393700809 ) ) ;
#3814 = DIRECTION ( 'NONE',  ( 0.000000000000000000, 1.000000000000000000, 0.000000000000000000 ) ) ;
#3815 = DIRECTION ( 'NONE',  ( 0.000000000000000000, 0.000000000000000000, 1.000000000000000000 ) ) ;
#3816 = DIRECTION ( 'NONE',  ( -0.3907311283616790032, 0.000000000000000000, -0.9205048535066010507 ) ) ;
#3817 = EDGE_LOOP ( 'NONE', ( #7757, #48, #9013, #8727, #7670, #3189, #428, #2900 ) ) ;
#3818 = VERTEX_POINT ( 'NONE', #5750 ) ;
#3819 = ORIENTED_EDGE ( 'NONE', *, *, #5843, .T. ) ;
#3820 = EDGE_CURVE ( 'NONE', #10103, #7410, #4940, .T. ) ;
#3821 = CIRCLE ( 'NONE', #1199, 0.03937007874005776092 ) ;
#3822 = CARTESIAN_POINT ( 'NONE',  ( 0.1437007874037487531, 0.06456692913385828070, -0.09645669291338582196 ) ) ;
#3823 = EDGE_CURVE ( 'NONE', #740, #3956, #7396, .T. ) ;
#3824 = EDGE_LOOP ( 'NONE', ( #2110, #8702, #6876, #4514 ) ) ;
#3825 = ORIENTED_EDGE ( 'NONE', *, *, #2417, .F. ) ;
#3826 = CARTESIAN_POINT ( 'NONE',  ( -0.05118110236220473064, 3.668008832535777652E-28, -0.01968503937007873988 ) ) ;
#3827 = DIRECTION ( 'NONE',  ( -0.000000000000000000, -0.000000000000000000, 1.000000000000000000 ) ) ;
#3828 = CARTESIAN_POINT ( 'NONE',  ( 0.1063086171237795363, -0.08581736531496061970, -0.3435039370242913281 ) ) ;
#3829 = VECTOR ( 'NONE', #11406, 39.37007874015748143 ) ;
#3830 = DIRECTION ( 'NONE',  ( 1.000000000000000000, 0.000000000000000000, 0.000000000000000000 ) ) ;
#3831 = CARTESIAN_POINT ( 'NONE',  ( 0.03164033503512993228, -0.04568748843716535779, -0.1736648622386614549 ) ) ;
#3832 = CARTESIAN_POINT ( 'NONE',  ( 0.06126587817722441154, 0.03793001005669447562, -0.2769938098154527406 ) ) ;
#3833 = CARTESIAN_POINT ( 'NONE',  ( 0.1555118110216463234, 0.06456692913385828070, -0.09645669291338582196 ) ) ;
#3834 = ORIENTED_EDGE ( 'NONE', *, *, #11386, .F. ) ;
#3835 = CARTESIAN_POINT ( 'NONE',  ( -0.09044061793704726016, -0.04606299212598426174, -0.3307086614173111450 ) ) ;
#3836 = ORIENTED_EDGE ( 'NONE', *, *, #8344, .T. ) ;
#3837 = ORIENTED_EDGE ( 'NONE', *, *, #820, .T. ) ;
#3838 = ORIENTED_EDGE ( 'NONE', *, *, #1986, .F. ) ;
#3839 = AXIS2_PLACEMENT_3D ( 'NONE', #7531, #11088, #3112 ) ;
#3840 = CARTESIAN_POINT ( 'NONE',  ( -0.05423123625984249685, 0.06417322834645670937, -0.3307086614173168626 ) ) ;
#3841 = CARTESIAN_POINT ( 'NONE',  ( 0.1154736741779133907, -0.05085080087062991694, -0.05193492523901576535 ) ) ;
#3842 = CARTESIAN_POINT ( 'NONE',  ( 0.09056058562771653053, -0.04724409448818896184, -0.3208661417487009837 ) ) ;
#3843 = DIRECTION ( 'NONE',  ( 0.9998476950096361060, 1.122110049503222519E-08, 0.01745241484488060241 ) ) ;
#3844 = FACE_OUTER_BOUND ( 'NONE', #2709, .T. ) ;
#3845 = EDGE_CURVE ( 'NONE', #3159, #2531, #2369, .T. ) ;
#3846 = ORIENTED_EDGE ( 'NONE', *, *, #6731, .F. ) ;
#3847 = ADVANCED_FACE ( 'NONE', ( #10304 ), #2313, .T. ) ;
#3848 = ORIENTED_EDGE ( 'NONE', *, *, #8010, .T. ) ;
#3849 = CARTESIAN_POINT ( 'NONE',  ( 0.02873542348116929490, 0.06274839141972440859, -0.1661918469716535951 ) ) ;
#3850 = CARTESIAN_POINT ( 'NONE',  ( 0.04724409448818896184, 0.07480314960629921850, -0.01968503937007876417 ) ) ;
#3851 = CARTESIAN_POINT ( 'NONE',  ( 0.1030255507398437076, 0.08661417326771626846, -0.06615128853740676051 ) ) ;
#3852 = DIRECTION ( 'NONE',  ( 0.000000000000000000, 1.000000000000000000, 0.000000000000000000 ) ) ;
#3853 = EDGE_CURVE ( 'NONE', #3697, #9711, #9447, .T. ) ;
#3854 = CARTESIAN_POINT ( 'NONE',  ( 0.1071064800875196898, -0.05106345869055118475, -0.05407824868984252575 ) ) ;
#3855 = CARTESIAN_POINT ( 'NONE',  ( 0.1437007874037487531, 0.06456692913385828070, -0.09645669291338582196 ) ) ;
#3856 = EDGE_CURVE ( 'NONE', #1485, #2339, #10421, .T. ) ;
#3857 = EDGE_CURVE ( 'NONE', #7315, #11426, #4888, .T. ) ;
#3858 = DIRECTION ( 'NONE',  ( -0.000000000000000000, -0.000000000000000000, -1.000000000000000000 ) ) ;
#3859 = DIRECTION ( 'NONE',  ( -1.000000000000000000, -0.000000000000000000, -0.000000000000000000 ) ) ;
#3860 = ORIENTED_EDGE ( 'NONE', *, *, #1397, .F. ) ;
#3861 = LINE ( 'NONE', #10960, #8164 ) ;
#3862 = CIRCLE ( 'NONE', #10368, 0.007874015748031516770 ) ;
#3863 = EDGE_CURVE ( 'NONE', #6264, #7054, #1498, .T. ) ;
#3864 = ORIENTED_EDGE ( 'NONE', *, *, #8180, .T. ) ;
#3865 = CARTESIAN_POINT ( 'NONE',  ( 0.1071790479681890007, 0.06760987132161418167, -0.05562154990362204454 ) ) ;
#3866 = DIRECTION ( 'NONE',  ( -0.000000000000000000, -1.000000000000000000, -0.000000000000000000 ) ) ;
#3867 = DIRECTION ( 'NONE',  ( -0.03489949675406712332, 0.000000000000000000, -0.9993908270172949804 ) ) ;
#3868 = ADVANCED_FACE ( 'NONE', ( #7498 ), #5865, .F. ) ;
#3869 = AXIS2_PLACEMENT_3D ( 'NONE', #7205, #8195, #10004 ) ;
#3870 = CARTESIAN_POINT ( 'NONE',  ( 0.09653533421388829638, -0.06299212598425196763, -0.2520067729609437035 ) ) ;
#3871 = LINE ( 'NONE', #4722, #6210 ) ;
#3872 = EDGE_LOOP ( 'NONE', ( #773, #5485, #1686, #4627 ) ) ;
#3873 = ORIENTED_EDGE ( 'NONE', *, *, #9588, .T. ) ;
#3874 = ORIENTED_EDGE ( 'NONE', *, *, #5069, .T. ) ;
#3875 = AXIS2_PLACEMENT_3D ( 'NONE', #4652, #4715, #7210 ) ;
#3876 = CYLINDRICAL_SURFACE ( 'NONE', #7825, 0.01968503937004925999 ) ;
#3877 = ORIENTED_EDGE ( 'NONE', *, *, #3080, .F. ) ;
#3878 = VECTOR ( 'NONE', #6255, 39.37007874015748143 ) ;
#3879 = EDGE_CURVE ( 'NONE', #9162, #8356, #8369, .T. ) ;
#3880 = ORIENTED_EDGE ( 'NONE', *, *, #1632, .F. ) ;
#3881 = CARTESIAN_POINT ( 'NONE',  ( -0.1271653531102361900, 0.06417322834645669549, -0.3425196850393758541 ) ) ;
#3882 = DIRECTION ( 'NONE',  ( 0.7071067811865469066, 0.000000000000000000, -0.7071067811865481278 ) ) ;
#3883 = CARTESIAN_POINT ( 'NONE',  ( -0.1562992113779527736, -0.01082677165354330173, -0.2834645669291337988 ) ) ;
#3884 = LINE ( 'NONE', #7417, #1255 ) ;
#3885 = EDGE_CURVE ( 'NONE', #3490, #5993, #321, .T. ) ;
#3886 = CARTESIAN_POINT ( 'NONE',  ( 0.03405848712969685582, -0.04569101482275592097, -0.1701461540491338853 ) ) ;
#3887 = LINE ( 'NONE', #7420, #8810 ) ;
#3888 = CARTESIAN_POINT ( 'NONE',  ( 0.1574803149606299191, 0.08070866141584645548, -0.3661417322834646382 ) ) ;
#3889 = ORIENTED_EDGE ( 'NONE', *, *, #6636, .F. ) ;
#3890 = DIRECTION ( 'NONE',  ( 0.000000000000000000, 1.000000000000000000, 0.000000000000000000 ) ) ;
#3891 = CIRCLE ( 'NONE', #10394, 0.03149606299212599769 ) ;
#3892 = EDGE_LOOP ( 'NONE', ( #10636, #11483, #1469, #4349 ) ) ;
#3893 = ORIENTED_EDGE ( 'NONE', *, *, #7108, .F. ) ;
#3894 = VERTEX_POINT ( 'NONE', #7552 ) ;
#3895 = ORIENTED_EDGE ( 'NONE', *, *, #4224, .T. ) ;
#3896 = DIRECTION ( 'NONE',  ( 0.000000000000000000, 1.000000000000000000, 0.000000000000000000 ) ) ;
#3897 = DIRECTION ( 'NONE',  ( -0.03489949675390723732, 0.000000000000000000, -0.9993908270173006425 ) ) ;
#3898 = DIRECTION ( 'NONE',  ( 0.000000000000000000, 0.000000000000000000, -1.000000000000000000 ) ) ;
#3899 = ADVANCED_FACE ( 'NONE', ( #11110 ), #3137, .T. ) ;
#3900 = CIRCLE ( 'NONE', #2029, 0.007874015748008843935 ) ;
#3901 = DIRECTION ( 'NONE',  ( 1.000000000000000000, 0.000000000000000000, 0.000000000000000000 ) ) ;
#3902 = CARTESIAN_POINT ( 'NONE',  ( 0.09871640287783464696, 0.06649020985736221745, -0.04148809993515747974 ) ) ;
#3903 = LINE ( 'NONE', #7267, #8512 ) ;
#3904 = ORIENTED_EDGE ( 'NONE', *, *, #556, .T. ) ;
#3905 = ORIENTED_EDGE ( 'NONE', *, *, #8746, .F. ) ;
#3906 = CIRCLE ( 'NONE', #5195, 0.003937007874015758385 ) ;
#3907 = CYLINDRICAL_SURFACE ( 'NONE', #4838, 0.009842519685039378616 ) ;
#3908 = CIRCLE ( 'NONE', #11337, 0.01102362206426819868 ) ;
#3909 = CARTESIAN_POINT ( 'NONE',  ( 0.1437007874015727438, 0.07216076925351178062, -0.08267716535433038139 ) ) ;
#3910 = CARTESIAN_POINT ( 'NONE',  ( -0.05118110236220473064, 1.747519108820122716E-44, -0.3307086614173109229 ) ) ;
#3911 = LINE ( 'NONE', #988, #8563 ) ;
#3912 = CARTESIAN_POINT ( 'NONE',  ( -0.1562992113779587688, -0.01850393700787401896, -0.3228346456692857136 ) ) ;
#3913 = DIRECTION ( 'NONE',  ( -1.000000000000000000, -0.000000000000000000, -0.000000000000000000 ) ) ;
#3914 = AXIS2_PLACEMENT_3D ( 'NONE', #2163, #1342, #4036 ) ;
#3915 = DIRECTION ( 'NONE',  ( -1.000000000000000000, 0.000000000000000000, 0.000000000000000000 ) ) ;
#3916 = CARTESIAN_POINT ( 'NONE',  ( 0.03348337688770987308, -0.03805774277310994963, -0.3208622047408267175 ) ) ;
#3917 = ORIENTED_EDGE ( 'NONE', *, *, #4192, .T. ) ;
#3918 = CYLINDRICAL_SURFACE ( 'NONE', #2039, 0.005905511811000725350 ) ;
#3919 = ADVANCED_FACE ( 'NONE', ( #3201, #6741, #11230, #3607 ), #6156, .T. ) ;
#3920 = CIRCLE ( 'NONE', #4662, 0.005118110236220486248 ) ;
#3921 = EDGE_CURVE ( 'NONE', #3330, #7315, #7141, .T. ) ;
#3922 = EDGE_CURVE ( 'NONE', #9237, #552, #736, .T. ) ;
#3923 = VECTOR ( 'NONE', #4827, 39.37007874015748854 ) ;
#3924 = ORIENTED_EDGE ( 'NONE', *, *, #9393, .T. ) ;
#3925 = LINE ( 'NONE', #2872, #2144 ) ;
#3926 = LINE ( 'NONE', #3755, #8736 ) ;
#3927 = DIRECTION ( 'NONE',  ( 0.5017180897715580734, -0.8650311892619703125, 0.000000000000000000 ) ) ;
#3928 = CARTESIAN_POINT ( 'NONE',  ( 0.1947520477979527986, -0.08976377952755906775, -0.1053549288615747703 ) ) ;
#3929 = CARTESIAN_POINT ( 'NONE',  ( 0.05975646843048115775, 0.06136134665381818426, -0.2189075326741032335 ) ) ;
#3930 = AXIS2_PLACEMENT_3D ( 'NONE', #5599, #10958, #4837 ) ;
#3931 = ORIENTED_EDGE ( 'NONE', *, *, #8117, .T. ) ;
#3932 = VECTOR ( 'NONE', #10985, 39.37007874015748143 ) ;
#3933 = ORIENTED_EDGE ( 'NONE', *, *, #1063, .F. ) ;
#3934 = VECTOR ( 'NONE', #6386, 39.37007874015748143 ) ;
#3935 = ORIENTED_EDGE ( 'NONE', *, *, #9725, .F. ) ;
#3936 = LINE ( 'NONE', #4745, #2400 ) ;
#3937 = EDGE_LOOP ( 'NONE', ( #10848, #2827, #9033, #1603 ) ) ;
#3938 = EDGE_CURVE ( 'NONE', #7013, #9866, #6917, .T. ) ;
#3939 = ORIENTED_EDGE ( 'NONE', *, *, #5572, .F. ) ;
#3940 = DIRECTION ( 'NONE',  ( -0.7071067811870939135, -0.000000000000000000, -0.7071067811860011210 ) ) ;
#3941 = CIRCLE ( 'NONE', #6909, 0.07677165354330710290 ) ;
#3942 = DIRECTION ( 'NONE',  ( -0.000000000000000000, -1.000000000000000000, -0.000000000000000000 ) ) ;
#3943 = AXIS2_PLACEMENT_3D ( 'NONE', #353, #1225, #3927 ) ;
#3944 = DIRECTION ( 'NONE',  ( -0.5773502691894512040, 0.5773502691890824989, 0.5773502691903436013 ) ) ;
#3945 = CARTESIAN_POINT ( 'NONE',  ( -0.1850393700787401619, -0.1015748031496178372, -0.2952755905511810774 ) ) ;
#3946 = B_SPLINE_SURFACE_WITH_KNOTS ( 'NONE', 3, 3, ( 
 ( #7398, #10790, #5543, #4736 ),
 ( #3754, #348, #9920, #2103 ),
 ( #10853, #1113, #3865, #1171 ),
 ( #2162, #1988, #1280, #294 ),
 ( #10908, #9092, #244, #10966 ),
 ( #8162, #2986, #6529, #5608 ) ),
 .UNSPECIFIED., .F., .F., .F.,
 ( 4, 1, 1, 4 ),
 ( 4, 4 ),
 ( -0.1797927355196000110, 0.000000000000000000, 1.000000000000000000, 1.179792732616999906 ),
 ( -0.04194679037705999203, 1.041947049141000115 ),
 .UNSPECIFIED. ) ;
#3947 = CARTESIAN_POINT ( 'NONE',  ( 0.1070319524917965476, -0.02755905511811023931, -0.2898525795748466694 ) ) ;
#3948 = DIRECTION ( 'NONE',  ( -1.000000000000000000, 1.224646799147353454E-16, 0.000000000000000000 ) ) ;
#3949 = DIRECTION ( 'NONE',  ( -1.826024696172763202E-15, 0.000000000000000000, 1.000000000000000000 ) ) ;
#3950 = ORIENTED_EDGE ( 'NONE', *, *, #2000, .T. ) ;
#3951 = DIRECTION ( 'NONE',  ( 0.01745240638502534511, 0.000000000000000000, -0.9998476951573035398 ) ) ;
#3952 = VECTOR ( 'NONE', #2715, 39.37007874015748143 ) ;
#3953 = ORIENTED_EDGE ( 'NONE', *, *, #9989, .F. ) ;
#3954 = CIRCLE ( 'NONE', #10465, 0.007874015772437079411 ) ;
#3955 = VECTOR ( 'NONE', #2919, 39.37007874015748143 ) ;
#3956 = VERTEX_POINT ( 'NONE', #1555 ) ;
#3957 = ORIENTED_EDGE ( 'NONE', *, *, #6424, .T. ) ;
#3958 = APPLICATION_CONTEXT ( 'automotive_design' ) ;
#3959 = EDGE_CURVE ( 'NONE', #9237, #7785, #6274, .T. ) ;
#3960 = DIRECTION ( 'NONE',  ( -0.7071067811865480168, -0.7071067811865471286, 0.000000000000000000 ) ) ;
#3961 = CARTESIAN_POINT ( 'NONE',  ( 0.03348337688755905622, 0.08858267722440944791, -0.3090551181266535385 ) ) ;
#3962 = DIRECTION ( 'NONE',  ( -4.121147867408581078E-13, 0.000000000000000000, 1.000000000000000000 ) ) ;
#3963 = DIRECTION ( 'NONE',  ( 0.01745240646098126722, 1.451690037463481776E-15, -0.9998476951559776005 ) ) ;
#3964 = CARTESIAN_POINT ( 'NONE',  ( 0.1081060594963539623, -0.01968503937007873988, -0.2590941747706748122 ) ) ;
#3965 = ORIENTED_EDGE ( 'NONE', *, *, #10361, .T. ) ;
#3966 = EDGE_LOOP ( 'NONE', ( #2879, #10102, #11097, #7961 ) ) ;
#3967 = CARTESIAN_POINT ( 'NONE',  ( -0.1425196850393700698, -0.09842519685039785582, -0.3661417322834646382 ) ) ;
#3968 = EDGE_CURVE ( 'NONE', #853, #8484, #7784, .T. ) ;
#3969 = CARTESIAN_POINT ( 'NONE',  ( -0.1637795275590551158, -0.1025984251968503902, 0.000000000000000000 ) ) ;
#3970 = DIRECTION ( 'NONE',  ( 0.000000000000000000, 0.000000000000000000, -1.000000000000000000 ) ) ;
#3971 = DIRECTION ( 'NONE',  ( 0.000000000000000000, 0.000000000000000000, 1.000000000000000000 ) ) ;
#3972 = CARTESIAN_POINT ( 'NONE',  ( 0.1156140820074803149, -0.05105782513492125585, -0.05323190377901574483 ) ) ;
#3973 = CARTESIAN_POINT ( 'NONE',  ( -0.1562992113779528291, -0.01850393700787394610, -0.3267716535433070058 ) ) ;
#3974 = DIRECTION ( 'NONE',  ( 0.000000000000000000, 0.000000000000000000, 1.000000000000000000 ) ) ;
#3975 = CARTESIAN_POINT ( 'NONE',  ( 0.03348337688764465442, -0.03937007875240076255, -0.3208641732437798599 ) ) ;
#3976 = ORIENTED_EDGE ( 'NONE', *, *, #5906, .T. ) ;
#3977 = DIRECTION ( 'NONE',  ( -7.483675038628102375E-11, 0.000000000000000000, -1.000000000000000000 ) ) ;
#3978 = ORIENTED_EDGE ( 'NONE', *, *, #840, .F. ) ;
#3979 = ORIENTED_EDGE ( 'NONE', *, *, #6254, .T. ) ;
#3980 = CARTESIAN_POINT ( 'NONE',  ( -0.009842519685039361269, 5.062516295687880027E-18, -0.3425196850393611991 ) ) ;
#3981 = DIRECTION ( 'NONE',  ( 0.000000000000000000, 0.000000000000000000, -1.000000000000000000 ) ) ;
#3982 = LINE ( 'NONE', #8226, #5065 ) ;
#3983 = EDGE_CURVE ( 'NONE', #7426, #7913, #1616, .T. ) ;
#3984 = VECTOR ( 'NONE', #6782, 39.37007874015748143 ) ;
#3985 = CARTESIAN_POINT ( 'NONE',  ( 0.06819991480437009868, -0.04428298983523624305, -0.2117288614115354073 ) ) ;
#3986 = EDGE_CURVE ( 'NONE', #9866, #6236, #8025, .T. ) ;
#3987 = ORIENTED_EDGE ( 'NONE', *, *, #5003, .T. ) ;
#3988 = EDGE_CURVE ( 'NONE', #474, #4115, #5000, .T. ) ;
#3989 = VERTEX_POINT ( 'NONE', #6972 ) ;
#3990 = ORIENTED_EDGE ( 'NONE', *, *, #1937, .T. ) ;
#3991 = CARTESIAN_POINT ( 'NONE',  ( -0.07240655350566926884, -0.05787401574803149873, -0.3307086614173119776 ) ) ;
#3992 = ORIENTED_EDGE ( 'NONE', *, *, #1270, .F. ) ;
#3993 = ORIENTED_EDGE ( 'NONE', *, *, #2052, .F. ) ;
#3994 = DIRECTION ( 'NONE',  ( 1.009504152854829793E-09, -1.000000000000000000, -1.826752797404597565E-09 ) ) ;
#3995 = DIMENSIONAL_EXPONENTS ( 1.000000000000000000, 0.000000000000000000, 0.000000000000000000, 0.000000000000000000, 0.000000000000000000, 0.000000000000000000, 0.000000000000000000 ) ;
#3996 = CARTESIAN_POINT ( 'NONE',  ( 0.1151041785923237609, 0.005905492437618096307, -0.05869426821216565393 ) ) ;
#3997 = FACE_OUTER_BOUND ( 'NONE', #534, .T. ) ;
#3998 = CARTESIAN_POINT ( 'NONE',  ( -0.01377952755905511965, 0.06052866767715099627, -0.2027559055118110243 ) ) ;
#3999 = CARTESIAN_POINT ( 'NONE',  ( 0.01676862477481890282, -0.04676329770637796535, -0.1314257322685039309 ) ) ;
#4000 = ADVANCED_FACE ( 'NONE', ( #6093 ), #2551, .T. ) ;
#4001 = DIRECTION ( 'NONE',  ( 0.000000000000000000, 0.000000000000000000, -1.000000000000000000 ) ) ;
#4002 = LINE ( 'NONE', #11094, #7409 ) ;
#4003 = ORIENTED_EDGE ( 'NONE', *, *, #7118, .T. ) ;
#4004 = ADVANCED_FACE ( 'NONE', ( #3431 ), #9655, .F. ) ;
#4005 = DIRECTION ( 'NONE',  ( -0.000000000000000000, -1.000000000000000000, -0.000000000000000000 ) ) ;
#4006 = AXIS2_PLACEMENT_3D ( 'NONE', #393, #3963, #7497 ) ;
#4007 = EDGE_LOOP ( 'NONE', ( #5066, #4912, #11164, #7911 ) ) ;
#4008 = EDGE_LOOP ( 'NONE', ( #1789, #6418, #5292, #8879 ) ) ;
#4009 = ORIENTED_EDGE ( 'NONE', *, *, #7615, .F. ) ;
#4010 = AXIS2_PLACEMENT_3D ( 'NONE', #2653, #1596, #11453 ) ;
#4011 = CARTESIAN_POINT ( 'NONE',  ( 0.1833811610829748640, -0.1015748031496008508, -0.1275590551200121714 ) ) ;
#4012 = FACE_OUTER_BOUND ( 'NONE', #2476, .T. ) ;
#4013 = CARTESIAN_POINT ( 'NONE',  ( -0.07874015748031495954, 0.1023622047243944455, -0.2874015748031495954 ) ) ;
#4014 = CARTESIAN_POINT ( 'NONE',  ( 0.1141826328789503214, -0.09959689287401572722, -0.3208659565233080713 ) ) ;
#4015 = DIRECTION ( 'NONE',  ( 0.03489949675390441319, 0.000000000000000000, 0.9993908270173006425 ) ) ;
#4016 = ORIENTED_EDGE ( 'NONE', *, *, #4829, .T. ) ;
#4017 = EDGE_CURVE ( 'NONE', #252, #7914, #7853, .T. ) ;
#4018 = VERTEX_POINT ( 'NONE', #9597 ) ;
#4019 = CARTESIAN_POINT ( 'NONE',  ( 0.06025182758441439967, 0.06136134665380330033, -0.2188988861400836539 ) ) ;
#4020 = EDGE_CURVE ( 'NONE', #4415, #14, #8425, .T. ) ;
#4021 = LINE ( 'NONE', #7558, #7748 ) ;
#4022 = CARTESIAN_POINT ( 'NONE',  ( 0.07206105233624662820, -0.04410948884927401448, -0.2186927553445015271 ) ) ;
#4023 = DIRECTION ( 'NONE',  ( -3.614007241618349264E-16, 0.000000000000000000, 1.000000000000000000 ) ) ;
#4024 = DIRECTION ( 'NONE',  ( -0.000000000000000000, -1.000000000000000000, -0.000000000000000000 ) ) ;
#4025 = FACE_OUTER_BOUND ( 'NONE', #9981, .T. ) ;
#4026 = LINE ( 'NONE', #1624, #9108 ) ;
#4027 = EDGE_CURVE ( 'NONE', #2580, #4519, #6037, .T. ) ;
#4028 = DIRECTION ( 'NONE',  ( -0.9993908270172660036, 0.000000000000000000, 0.03489949675490188613 ) ) ;
#4029 = DIRECTION ( 'NONE',  ( 0.000000000000000000, -1.000000000000000000, 0.000000000000000000 ) ) ;
#4030 = EDGE_CURVE ( 'NONE', #9541, #2411, #850, .T. ) ;
#4031 = EDGE_LOOP ( 'NONE', ( #8342, #7188, #3608, #2661 ) ) ;
#4032 = CARTESIAN_POINT ( 'NONE',  ( -0.1503936897244094739, -0.06968503937007874960, -0.3228346456692802180 ) ) ;
#4033 = ORIENTED_EDGE ( 'NONE', *, *, #744, .F. ) ;
#4034 = ORIENTED_EDGE ( 'NONE', *, *, #1271, .T. ) ;
#4035 = CARTESIAN_POINT ( 'NONE',  ( 0.06052579779125985548, -0.01968503937007873988, -0.2629823809166142445 ) ) ;
#4036 = DIRECTION ( 'NONE',  ( 0.000000000000000000, 0.000000000000000000, -1.000000000000000000 ) ) ;
#4037 = DIRECTION ( 'NONE',  ( 0.000000000000000000, 0.000000000000000000, 1.000000000000000000 ) ) ;
#4038 = EDGE_CURVE ( 'NONE', #11022, #6498, #3139, .T. ) ;
#4039 = LINE ( 'NONE', #3230, #4121 ) ;
#4040 = CARTESIAN_POINT ( 'NONE',  ( 0.06460268932125985686, -0.04464043375984251549, -0.1973121121427165447 ) ) ;
#4041 = ORIENTED_EDGE ( 'NONE', *, *, #556, .F. ) ;
#4042 = EDGE_LOOP ( 'NONE', ( #6922, #3699, #6409, #9217 ) ) ;
#4043 = ORIENTED_EDGE ( 'NONE', *, *, #9315, .F. ) ;
#4044 = CARTESIAN_POINT ( 'NONE',  ( 0.1923732343398425471, -0.1015748031496063186, -0.1733244909092126473 ) ) ;
#4045 = ORIENTED_EDGE ( 'NONE', *, *, #2856, .T. ) ;
#4046 = EDGE_CURVE ( 'NONE', #4653, #80, #4414, .T. ) ;
#4047 = ORIENTED_EDGE ( 'NONE', *, *, #4760, .T. ) ;
#4048 = LINE ( 'NONE', #1539, #10348 ) ;
#4049 = CARTESIAN_POINT ( 'NONE',  ( 0.03348337688755974317, -0.07300776905263643701, -0.2528171110491152507 ) ) ;
#4050 = AXIS2_PLACEMENT_3D ( 'NONE', #8085, #2081, #6331 ) ;
#4051 = CARTESIAN_POINT ( 'NONE',  ( 0.09056058562771653053, -0.06299212598425196763, -0.3208661417487010947 ) ) ;
#4052 = LINE ( 'NONE', #9347, #369 ) ;
#4053 = DIRECTION ( 'NONE',  ( 0.6246950475540630210, -0.7808688094433193783, 0.000000000000000000 ) ) ;
#4054 = LINE ( 'NONE', #6728, #2200 ) ;
#4055 = ORIENTED_EDGE ( 'NONE', *, *, #8027, .T. ) ;
#4056 = CARTESIAN_POINT ( 'NONE',  ( 0.06025182757978876646, -0.04410948886243428596, -0.2188988861321798651 ) ) ;
#4057 = EDGE_LOOP ( 'NONE', ( #8751, #4311, #7755, #10727 ) ) ;
#4058 = ORIENTED_EDGE ( 'NONE', *, *, #8604, .T. ) ;
#4059 = VECTOR ( 'NONE', #8022, 39.37007874015748143 ) ;
#4060 = ORIENTED_EDGE ( 'NONE', *, *, #1805, .F. ) ;
#4061 = VERTEX_POINT ( 'NONE', #8890 ) ;
#4062 = VECTOR ( 'NONE', #4185, 39.37007874015748143 ) ;
#4063 = EDGE_CURVE ( 'NONE', #3466, #8686, #902, .T. ) ;
#4064 = VERTEX_POINT ( 'NONE', #312 ) ;
#4065 = EDGE_CURVE ( 'NONE', #9264, #2341, #9454, .T. ) ;
#4066 = LINE ( 'NONE', #2309, #7149 ) ;
#4067 = CARTESIAN_POINT ( 'NONE',  ( 0.1850393700765354532, -0.1015653968110138694, -0.3346456693077559108 ) ) ;
#4068 = CARTESIAN_POINT ( 'NONE',  ( -0.1602361995669291383, -0.08582677165354338222, -0.3464566929133838236 ) ) ;
#4069 = DIRECTION ( 'NONE',  ( 0.000000000000000000, -1.826752797404298746E-09, -1.000000000000000000 ) ) ;
#4070 = CARTESIAN_POINT ( 'NONE',  ( 0.06173024682628409227, 0.009314084487645681032, -0.3035974675267984479 ) ) ;
#4071 = ORIENTED_EDGE ( 'NONE', *, *, #7816, .T. ) ;
#4072 = EDGE_LOOP ( 'NONE', ( #7754, #4533, #8042, #9973 ) ) ;
#4073 = ORIENTED_EDGE ( 'NONE', *, *, #2390, .T. ) ;
#4074 = EDGE_CURVE ( 'NONE', #1778, #1791, #7777, .T. ) ;
#4075 = DIRECTION ( 'NONE',  ( -0.000000000000000000, 1.000000000000000000, 0.000000000000000000 ) ) ;
#4076 = DIRECTION ( 'NONE',  ( -0.000000000000000000, -0.000000000000000000, -1.000000000000000000 ) ) ;
#4077 = CARTESIAN_POINT ( 'NONE',  ( -0.1405511798818897540, -0.01850393700787397386, -0.3425196850393700809 ) ) ;
#4078 = CARTESIAN_POINT ( 'NONE',  ( 0.09251968503937006705, -0.08562992125984249248, -0.2903543307086613456 ) ) ;
#4079 = CARTESIAN_POINT ( 'NONE',  ( 0.1140298728718110027, -0.08975437318897765138, -0.2893700787565747778 ) ) ;
#4080 = CARTESIAN_POINT ( 'NONE',  ( 0.06227992884922475131, 0.009314084515930777519, -0.3350887334922661442 ) ) ;
#4081 = CARTESIAN_POINT ( 'NONE',  ( -0.07874015748031495954, 0.1023622047243944455, -0.3267716535433070058 ) ) ;
#4082 = VECTOR ( 'NONE', #3858, 39.37007874015748143 ) ;
#4083 = DIRECTION ( 'NONE',  ( 0.03489949675490201797, 0.000000000000000000, 0.9993908270172658925 ) ) ;
#4084 = CARTESIAN_POINT ( 'NONE',  ( 0.1076204551987795383, -0.08840157480314961291, -0.3661417322834646382 ) ) ;
#4085 = ORIENTED_EDGE ( 'NONE', *, *, #10768, .T. ) ;
#4086 = AXIS2_PLACEMENT_3D ( 'NONE', #4797, #360, #7302 ) ;
#4087 = CARTESIAN_POINT ( 'NONE',  ( 0.1496062992106889922, 0.03807545121892520062, -0.08267716535478346340 ) ) ;
#4088 = EDGE_LOOP ( 'NONE', ( #3058, #6775, #136, #5811 ) ) ;
#4089 = EDGE_CURVE ( 'NONE', #10510, #8761, #1903, .T. ) ;
#4090 = AXIS2_PLACEMENT_3D ( 'NONE', #4577, #8121, #11355 ) ;
#4091 = VERTEX_POINT ( 'NONE', #263 ) ;
#4092 = PLANE ( 'NONE',  #9969 ) ;
#4093 = LINE ( 'NONE', #6008, #193 ) ;
#4094 = VECTOR ( 'NONE', #2270, 39.37007874015748143 ) ;
#4095 = DIRECTION ( 'NONE',  ( 0.000000000000000000, 1.000000000000000000, 0.000000000000000000 ) ) ;
#4096 = FACE_OUTER_BOUND ( 'NONE', #9279, .T. ) ;
#4097 = EDGE_LOOP ( 'NONE', ( #270, #771, #1556, #5091 ) ) ;
#4098 = ORIENTED_EDGE ( 'NONE', *, *, #85, .T. ) ;
#4099 = ORIENTED_EDGE ( 'NONE', *, *, #843, .T. ) ;
#4100 = CARTESIAN_POINT ( 'NONE',  ( 0.03256650310507099022, 0.06261210291388677462, -0.1716947761324291721 ) ) ;
#4101 = AXIS2_PLACEMENT_3D ( 'NONE', #1765, #2754, #11448 ) ;
#4102 = ORIENTED_EDGE ( 'NONE', *, *, #9392, .T. ) ;
#4103 = EDGE_CURVE ( 'NONE', #967, #8952, #966, .T. ) ;
#4104 = ORIENTED_EDGE ( 'NONE', *, *, #9551, .F. ) ;
#4105 = DIRECTION ( 'NONE',  ( 0.000000000000000000, 1.000000000000000000, 0.000000000000000000 ) ) ;
#4106 = LINE ( 'NONE', #9526, #2975 ) ;
#4107 = CARTESIAN_POINT ( 'NONE',  ( 0.1089149778720866074, -0.07230080464374016858, -0.05787401574803149873 ) ) ;
#4109 = CARTESIAN_POINT ( 'NONE',  ( 0.1574803149606298913, 0.1102362204724409434, -0.1830708661417323191 ) ) ;
#4108 = PRESENTATION_LAYER_ASSIGNMENT (  '', '', ( #7442 ) ) ;
#4110 = AXIS2_PLACEMENT_3D ( 'NONE', #3062, #7658, #5847 ) ;
#4111 = VECTOR ( 'NONE', #3212, 39.37007874015748143 ) ;
#4112 = CARTESIAN_POINT ( 'NONE',  ( 0.01766665919526378206, -0.04658314467165355216, -0.1400986147452362163 ) ) ;
#4113 = CARTESIAN_POINT ( 'NONE',  ( 0.1151728783890952762, 0.005905492437618096307, -0.05672696343000831198 ) ) ;
#4114 = CARTESIAN_POINT ( 'NONE',  ( -0.1929133858267716994, -0.1015748031496182813, -0.3346456692913385988 ) ) ;
#4115 = VERTEX_POINT ( 'NONE', #9117 ) ;
#4116 = CARTESIAN_POINT ( 'NONE',  ( 0.1850393700765354532, -0.1015653968110183936, -0.2952755905675984449 ) ) ;
#4117 = ORIENTED_EDGE ( 'NONE', *, *, #7085, .T. ) ;
#4118 = ORIENTED_EDGE ( 'NONE', *, *, #4275, .F. ) ;
#4119 = ORIENTED_EDGE ( 'NONE', *, *, #2645, .F. ) ;
#4120 = ORIENTED_EDGE ( 'NONE', *, *, #2706, .T. ) ;
#4121 = VECTOR ( 'NONE', #5615, 39.37007874015748143 ) ;
#4122 = VECTOR ( 'NONE', #3320, 39.37007874015748143 ) ;
#4123 = VECTOR ( 'NONE', #1795, 39.37007874015748143 ) ;
#4124 = ORIENTED_EDGE ( 'NONE', *, *, #479, .F. ) ;
#4125 = DIRECTION ( 'NONE',  ( 0.000000000000000000, 1.000000000000000000, 0.000000000000000000 ) ) ;
#4126 = DIRECTION ( 'NONE',  ( -1.000000000000000000, 2.512887731023832479E-10, 0.000000000000000000 ) ) ;
#4127 = DIRECTION ( 'NONE',  ( -0.01745240646098185008, 0.000000000000000000, 0.9998476951559776005 ) ) ;
#4128 = DIRECTION ( 'NONE',  ( -0.9993908270173007535, 0.000000000000000000, 0.03489949675390545403 ) ) ;
#4129 = CARTESIAN_POINT ( 'NONE',  ( 0.03348337688755910480, -0.07972440947588581295, -0.2952755906939103503 ) ) ;
#4130 = ORIENTED_EDGE ( 'NONE', *, *, #5191, .F. ) ;
#4131 = VECTOR ( 'NONE', #1138, 39.37007874015748854 ) ;
#4132 = CIRCLE ( 'NONE', #11014, 0.007874015772437079411 ) ;
#4133 = EDGE_LOOP ( 'NONE', ( #1108, #11469, #3450, #8607 ) ) ;
#4134 = EDGE_CURVE ( 'NONE', #6247, #4879, #2071, .T. ) ;
#4135 = EDGE_CURVE ( 'NONE', #4489, #9380, #93, .T. ) ;
#4136 = EDGE_CURVE ( 'NONE', #11006, #8940, #3711, .T. ) ;
#4137 = VERTEX_POINT ( 'NONE', #3888 ) ;
#4138 = VECTOR ( 'NONE', #8885, 39.37007874015748143 ) ;
#4139 = VECTOR ( 'NONE', #3093, 39.37007874015748143 ) ;
#4140 = DIRECTION ( 'NONE',  ( 0.03489949675390371236, 0.000000000000000000, 0.9993908270173006425 ) ) ;
#4141 = CARTESIAN_POINT ( 'NONE',  ( 0.1437007874014745168, 0.03807545121892520062, -0.08858267716527730429 ) ) ;
#4142 = DIRECTION ( 'NONE',  ( -0.9205048534861183240, -3.690450400890490182E-11, 0.3907311284099334037 ) ) ;
#4143 = DIRECTION ( 'NONE',  ( 1.000000000000000000, 0.000000000000000000, 0.000000000000000000 ) ) ;
#4144 = LINE ( 'NONE', #7684, #7969 ) ;
#4145 = DIRECTION ( 'NONE',  ( -1.000000000000000000, 0.000000000000000000, 7.500366068908371958E-11 ) ) ;
#4146 = DIRECTION ( 'NONE',  ( -1.000000000000000000, 0.000000000000000000, 0.000000000000000000 ) ) ;
#4147 = CARTESIAN_POINT ( 'NONE',  ( -0.1484251968504066432, 0.03937007874015749365, -0.05984251968503937619 ) ) ;
#4148 = CARTESIAN_POINT ( 'NONE',  ( 0.07550331189960629574, 0.02362204724393216285, -0.3031069868672440215 ) ) ;
#4149 = ORIENTED_EDGE ( 'NONE', *, *, #6408, .F. ) ;
#4150 = EDGE_CURVE ( 'NONE', #1455, #11331, #7421, .T. ) ;
#4151 = CARTESIAN_POINT ( 'NONE',  ( 0.06763077807016432130, 0.02377257809584180231, -0.3032605972023934005 ) ) ;
#4152 = ORIENTED_EDGE ( 'NONE', *, *, #1377, .T. ) ;
#4153 = VERTEX_POINT ( 'NONE', #4529 ) ;
#4154 = PLANE ( 'NONE',  #6058 ) ;
#4155 = CARTESIAN_POINT ( 'NONE',  ( 0.09757719824143216980, -0.07722535202430021173, -0.2221716907480707492 ) ) ;
#4156 = CARTESIAN_POINT ( 'NONE',  ( 0.06014703291480331948, 0.06150175108649404143, -0.2128951992956679140 ) ) ;
#4157 = CARTESIAN_POINT ( 'NONE',  ( -0.1268822167086220420, -0.03031496062992126289, -0.3425196850393819048 ) ) ;
#4158 = ORIENTED_EDGE ( 'NONE', *, *, #11539, .T. ) ;
#4159 = ORIENTED_EDGE ( 'NONE', *, *, #7178, .F. ) ;
#4160 = EDGE_CURVE ( 'NONE', #359, #3330, #8128, .T. ) ;
#4161 = ORIENTED_EDGE ( 'NONE', *, *, #5588, .F. ) ;
#4162 = LINE ( 'NONE', #10461, #5570 ) ;
#4163 = ORIENTED_EDGE ( 'NONE', *, *, #8748, .F. ) ;
#4164 = ORIENTED_EDGE ( 'NONE', *, *, #6183, .T. ) ;
#4165 = CARTESIAN_POINT ( 'NONE',  ( 0.1569324215309508552, -0.1015653968110211969, -0.2834645669455511663 ) ) ;
#4166 = DIRECTION ( 'NONE',  ( 0.000000000000000000, -1.000000000000000000, 0.000000000000000000 ) ) ;
#4167 = B_SPLINE_CURVE_WITH_KNOTS ( 'NONE', 3,
 ( #10192, #3916, #6577, #3975 ),
 .UNSPECIFIED., .F., .F.,
 ( 4, 4 ),
 ( 0.000000000000000000, 1.000000000000000000 ),
 .UNSPECIFIED. ) ;
#4168 = FACE_OUTER_BOUND ( 'NONE', #8409, .T. ) ;
#4169 = PLANE ( 'NONE',  #11176 ) ;
#4170 = DIRECTION ( 'NONE',  ( 0.9993908270172950914, 0.000000000000000000, -0.03489949675406446572 ) ) ;
#4171 = CARTESIAN_POINT ( 'NONE',  ( -0.1484251968504045616, 0.01377952755905511965, -0.05984251968502877356 ) ) ;
#4172 = VERTEX_POINT ( 'NONE', #10873 ) ;
#4173 = CARTESIAN_POINT ( 'NONE',  ( 0.000000000000000000, -0.1151574803149768567, -0.2559055118110236671 ) ) ;
#4174 = EDGE_CURVE ( 'NONE', #7579, #2427, #3778, .T. ) ;
#4175 = ADVANCED_FACE ( 'NONE', ( #4756 ), #10054, .F. ) ;
#4176 = VERTEX_POINT ( 'NONE', #10815 ) ;
#4177 = VERTEX_POINT ( 'NONE', #10932 ) ;
#4178 = CARTESIAN_POINT ( 'NONE',  ( -0.1929133858267716994, -0.09566929133858269318, -0.2952755905511811885 ) ) ;
#4179 = EDGE_LOOP ( 'NONE', ( #6959, #10266, #2439, #11321 ) ) ;
#4180 = EDGE_LOOP ( 'NONE', ( #1143, #9927, #4931, #2300 ) ) ;
#4181 = CARTESIAN_POINT ( 'NONE',  ( -0.1444881680708549332, -0.06181102362204724671, -0.3149606299212598381 ) ) ;
#4182 = DIRECTION ( 'NONE',  ( 0.03489949675390867367, 1.301042606986345310E-14, 0.9993908270173004205 ) ) ;
#4183 = DIRECTION ( 'NONE',  ( 1.000000000000000000, 0.000000000000000000, 0.000000000000000000 ) ) ;
#4184 = CARTESIAN_POINT ( 'NONE',  ( -0.1444881680708552940, -0.04409448818897637734, -0.3149606299212598381 ) ) ;
#4185 = DIRECTION ( 'NONE',  ( 0.000000000000000000, 0.000000000000000000, 1.000000000000000000 ) ) ;
#4186 = ORIENTED_EDGE ( 'NONE', *, *, #7836, .F. ) ;
#4187 = ORIENTED_EDGE ( 'NONE', *, *, #11318, .T. ) ;
#4188 = ORIENTED_EDGE ( 'NONE', *, *, #5505, .F. ) ;
#4189 = EDGE_LOOP ( 'NONE', ( #10975, #6528, #11205, #10936 ) ) ;
#4190 = AXIS2_PLACEMENT_3D ( 'NONE', #10872, #7196, #4755 ) ;
#4191 = CARTESIAN_POINT ( 'NONE',  ( -0.05118110236220473064, 0.02755905511811023237, -0.3307086614173109229 ) ) ;
#4192 = EDGE_CURVE ( 'NONE', #6028, #625, #894, .T. ) ;
#4193 = DIRECTION ( 'NONE',  ( -1.000000000000000000, 0.000000000000000000, 0.000000000000000000 ) ) ;
#4194 = DIRECTION ( 'NONE',  ( -0.9998476951573016525, -0.000000000000000000, -0.01745240638512888035 ) ) ;
#4195 = ADVANCED_FACE ( 'NONE', ( #6259 ), #9820, .T. ) ;
#4196 = CYLINDRICAL_SURFACE ( 'NONE', #6526, 0.007874015748031551465 ) ;
#4197 = CYLINDRICAL_SURFACE ( 'NONE', #9645, 0.03937007886472489865 ) ;
#4198 = DIRECTION ( 'NONE',  ( 0.000000000000000000, -0.4961389383568352018, -0.8682431421244583003 ) ) ;
#4199 = CARTESIAN_POINT ( 'NONE',  ( 0.1437007874212653247, 0.02559055118110236532, -0.1122047243998306881 ) ) ;
#4200 = LINE ( 'NONE', #10440, #5753 ) ;
#4201 = PLANE ( 'NONE',  #2254 ) ;
#4202 = VERTEX_POINT ( 'NONE', #9059 ) ;
#4203 = DIRECTION ( 'NONE',  ( 1.000000000000000000, 0.000000000000000000, 0.000000000000000000 ) ) ;
#4204 = VERTEX_POINT ( 'NONE', #5633 ) ;
#4205 = EDGE_CURVE ( 'NONE', #1065, #4176, #1188, .T. ) ;
#4206 = ADVANCED_FACE ( 'NONE', ( #8951 ), #8418, .F. ) ;
#4207 = ORIENTED_EDGE ( 'NONE', *, *, #3646, .T. ) ;
#4208 = DIRECTION ( 'NONE',  ( -4.753358830401099892E-08, 0.000000000000000000, -0.9999999999999988898 ) ) ;
#4209 = CARTESIAN_POINT ( 'NONE',  ( -0.05118110236220472370, -8.738097052277950697E-45, -0.3307086614173228023 ) ) ;
#4210 = EDGE_CURVE ( 'NONE', #7543, #10280, #3244, .T. ) ;
#4211 = VECTOR ( 'NONE', #5949, 39.37007874015748143 ) ;
#4212 = CARTESIAN_POINT ( 'NONE',  ( -0.1469842519685039539, -0.09907245818704721319, -0.3661417322834646382 ) ) ;
#4213 = CYLINDRICAL_SURFACE ( 'NONE', #5245, 0.01476377952755905144 ) ;
#4214 = CARTESIAN_POINT ( 'NONE',  ( 0.1052176760557031882, -0.07086614173230636193, -0.1725918459189079712 ) ) ;
#4215 = ORIENTED_EDGE ( 'NONE', *, *, #6267, .T. ) ;
#4216 = B_SPLINE_CURVE_WITH_KNOTS ( 'NONE', 3,
 ( #7551, #6853, #3136, #9243, #2368, #1497, #5060, #6674, #8480, #8599 ),
 .UNSPECIFIED., .F., .F.,
 ( 4, 2, 2, 2, 4 ),
 ( 8.313787814729848133E-18, 0.0005269642163232595355, 0.001053928432646510614, 0.001580892648969761801, 0.002107856865293012989 ),
 .UNSPECIFIED. ) ;
#4217 = ORIENTED_EDGE ( 'NONE', *, *, #10610, .F. ) ;
#4218 = ORIENTED_EDGE ( 'NONE', *, *, #3805, .F. ) ;
#4219 = CARTESIAN_POINT ( 'NONE',  ( 0.1259842519684860329, -0.09291338582677166613, -0.2992125984252148596 ) ) ;
#4220 = ORIENTED_EDGE ( 'NONE', *, *, #5870, .F. ) ;
#4221 = VERTEX_POINT ( 'NONE', #8524 ) ;
#4222 = CARTESIAN_POINT ( 'NONE',  ( 0.08244163058629033758, -0.05006101455084498164, -0.03550609712987882333 ) ) ;
#4223 = PLANE ( 'NONE',  #7072 ) ;
#4224 = EDGE_CURVE ( 'NONE', #6649, #2376, #3143, .T. ) ;
#4225 = CARTESIAN_POINT ( 'NONE',  ( -0.1562992113779646530, 0.009448818897637795144, -0.1011811023622047195 ) ) ;
#4226 = CARTESIAN_POINT ( 'NONE',  ( 0.1082677165354330728, -0.09842519685039370636, -0.1830708661417323191 ) ) ;
#4227 = VECTOR ( 'NONE', #3495, 39.37007874015748143 ) ;
#4228 = CARTESIAN_POINT ( 'NONE',  ( 0.1250000000105511710, -0.01968503937007866356, -0.3111619278874409034 ) ) ;
#4229 = DIRECTION ( 'NONE',  ( 0.9993908270173007535, 5.045081359918695292E-17, -0.03489949675390354583 ) ) ;
#4230 = DIRECTION ( 'NONE',  ( 1.000000000000000000, 0.000000000000000000, 7.228014483236696555E-16 ) ) ;
#4231 = ORIENTED_EDGE ( 'NONE', *, *, #9781, .T. ) ;
#4232 = CARTESIAN_POINT ( 'NONE',  ( 0.05168930137883078618, -0.04517137868113287047, -0.1787109429201548805 ) ) ;
#4233 = ORIENTED_EDGE ( 'NONE', *, *, #9078, .F. ) ;
#4234 = CARTESIAN_POINT ( 'NONE',  ( -0.005905511811023595077, 0.000000000000000000, -0.2401574803149619519 ) ) ;
#4235 = ORIENTED_EDGE ( 'NONE', *, *, #7036, .F. ) ;
#4236 = EDGE_CURVE ( 'NONE', #3309, #1538, #2182, .T. ) ;
#4237 = VECTOR ( 'NONE', #11284, 39.37007874015748854 ) ;
#4238 = EDGE_LOOP ( 'NONE', ( #3597, #5063, #4859, #4904, #7870, #5910, #5338 ) ) ;
#4239 = ADVANCED_FACE ( 'NONE', ( #4982 ), #6607, .T. ) ;
#4240 = CARTESIAN_POINT ( 'NONE',  ( 0.1250000000000000000, -0.02165354330708661734, -0.3503937007874015630 ) ) ;
#4241 = CARTESIAN_POINT ( 'NONE',  ( 0.08239198025069904840, 0.06604600147706871094, -0.03550978012184912574 ) ) ;
#4242 = DIRECTION ( 'NONE',  ( 0.9998476951573034288, 1.525767607876679050E-12, 0.01745240638502362426 ) ) ;
#4243 = LINE ( 'NONE', #1608, #8450 ) ;
#4244 = DIRECTION ( 'NONE',  ( -0.000000000000000000, -1.000000000000000000, -0.000000000000000000 ) ) ;
#4245 = ORIENTED_EDGE ( 'NONE', *, *, #9149, .T. ) ;
#4246 = AXIS2_PLACEMENT_3D ( 'NONE', #8859, #5196, #3458 ) ;
#4247 = ORIENTED_EDGE ( 'NONE', *, *, #3571, .T. ) ;
#4248 = VERTEX_POINT ( 'NONE', #10113 ) ;
#4249 = VECTOR ( 'NONE', #3618, 39.37007874015748143 ) ;
#4250 = ORIENTED_EDGE ( 'NONE', *, *, #10949, .T. ) ;
#4251 = EDGE_CURVE ( 'NONE', #3956, #740, #7223, .T. ) ;
#4252 = DIRECTION ( 'NONE',  ( -1.450570247745488363E-15, 2.500983185771732056E-15, -1.000000000000000000 ) ) ;
#4253 = CIRCLE ( 'NONE', #6103, 0.007874015748009586396 ) ;
#4254 = DIRECTION ( 'NONE',  ( 0.03355670173658800021, 0.2747211360126916024, 0.9609382109149672280 ) ) ;
#4255 = CARTESIAN_POINT ( 'NONE',  ( 0.07256118374255907111, 0.06135618058122048468, -0.2189966360707085724 ) ) ;
#4256 = DIRECTION ( 'NONE',  ( -5.300158427316719603E-11, 0.000000000000000000, -1.000000000000000000 ) ) ;
#4257 = AXIS2_PLACEMENT_3D ( 'NONE', #5286, #4304, #9717 ) ;
#4258 = CARTESIAN_POINT ( 'NONE',  ( -0.1444881680708531291, 0.05461790951527559917, -0.06889763779527560694 ) ) ;
#4259 = DIRECTION ( 'NONE',  ( 0.000000000000000000, 1.000000000000000000, 0.000000000000000000 ) ) ;
#4260 = DIRECTION ( 'NONE',  ( -0.000000000000000000, -0.000000000000000000, -1.000000000000000000 ) ) ;
#4261 = LINE ( 'NONE', #4147, #10414 ) ;
#4262 = CARTESIAN_POINT ( 'NONE',  ( 0.1255265690881496310, -0.09907245818704721319, -0.2996702813055512338 ) ) ;
#4263 = VERTEX_POINT ( 'NONE', #2125 ) ;
#4264 = CARTESIAN_POINT ( 'NONE',  ( -0.1850393700787401619, -0.1015748031496182119, -0.2913385826771653919 ) ) ;
#4265 = CARTESIAN_POINT ( 'NONE',  ( -0.05118110236228061438, 0.000000000000000000, -39.67087371570865884 ) ) ;
#4266 = CARTESIAN_POINT ( 'NONE',  ( 0.1161417322834546878, -0.08346456692914341891, -0.2992125984251968740 ) ) ;
#4267 = AXIS2_PLACEMENT_3D ( 'NONE', #8355, #1245, #5795 ) ;
#4268 = FACE_OUTER_BOUND ( 'NONE', #789, .T. ) ;
#4269 = LINE ( 'NONE', #6765, #5422 ) ;
#4270 = VECTOR ( 'NONE', #5555, 39.37007874015748143 ) ;
#4271 =( LENGTH_UNIT ( ) NAMED_UNIT ( * ) SI_UNIT ( $, .METRE. ) );
#4272 = ORIENTED_EDGE ( 'NONE', *, *, #10071, .F. ) ;
#4273 = ORIENTED_EDGE ( 'NONE', *, *, #388, .F. ) ;
#4274 = ORIENTED_EDGE ( 'NONE', *, *, #6006, .T. ) ;
#4275 = EDGE_CURVE ( 'NONE', #11276, #7949, #548, .T. ) ;
#4276 = EDGE_CURVE ( 'NONE', #1521, #2707, #9349, .T. ) ;
#4277 = EDGE_CURVE ( 'NONE', #8405, #10564, #529, .T. ) ;
#4278 = CARTESIAN_POINT ( 'NONE',  ( -0.07086614173228347746, 2.410722045565655762E-18, -0.2401574803149604254 ) ) ;
#4279 = AXIS2_PLACEMENT_3D ( 'NONE', #1448, #4953, #2513 ) ;
#4280 = VERTEX_POINT ( 'NONE', #4114 ) ;
#4281 = CIRCLE ( 'NONE', #3724, 0.01181102362204724046 ) ;
#4282 = ORIENTED_EDGE ( 'NONE', *, *, #5983, .F. ) ;
#4283 = DIRECTION ( 'NONE',  ( 1.000000000000000000, 0.000000000000000000, -2.668805347656626087E-15 ) ) ;
#4284 = CARTESIAN_POINT ( 'NONE',  ( -0.1850393700787401619, -0.08976377952754717449, -0.1377952755905511861 ) ) ;
#4285 = DIRECTION ( 'NONE',  ( -1.000000000000000000, -0.000000000000000000, -0.000000000000000000 ) ) ;
#4286 = LINE ( 'NONE', #11393, #2054 ) ;
#4287 = DIRECTION ( 'NONE',  ( 0.000000000000000000, 0.000000000000000000, 1.000000000000000000 ) ) ;
#4288 = CARTESIAN_POINT ( 'NONE',  ( 0.000000000000000000, -0.09842519685039370636, -0.2370078740314961185 ) ) ;
#4289 = CARTESIAN_POINT ( 'NONE',  ( 0.1063086171237795363, -0.08581736531496061970, -0.3208661417487008172 ) ) ;
#4290 = ORIENTED_EDGE ( 'NONE', *, *, #5191, .T. ) ;
#4291 = AXIS2_PLACEMENT_3D ( 'NONE', #6072, #8812, #8056 ) ;
#4292 = AXIS2_PLACEMENT_3D ( 'NONE', #2360, #5110, #11011 ) ;
#4293 = VERTEX_POINT ( 'NONE', #5045 ) ;
#4294 = ADVANCED_FACE ( 'NONE', ( #6550 ), #6859, .F. ) ;
#4295 = CARTESIAN_POINT ( 'NONE',  ( -0.003937007874015748844, -0.02000520244161313119, -0.3307086614173114225 ) ) ;
#4296 = ORIENTED_EDGE ( 'NONE', *, *, #6896, .T. ) ;
#4297 = ORIENTED_EDGE ( 'NONE', *, *, #8283, .T. ) ;
#4298 = VECTOR ( 'NONE', #9001, 39.37007874015748143 ) ;
#4299 = AXIS2_PLACEMENT_3D ( 'NONE', #7994, #5312, #11497 ) ;
#4300 = LINE ( 'NONE', #7723, #9947 ) ;
#4301 = DIRECTION ( 'NONE',  ( 0.000000000000000000, -1.000000000000000000, 0.000000000000000000 ) ) ;
#4302 = FACE_OUTER_BOUND ( 'NONE', #1740, .T. ) ;
#4303 = DIRECTION ( 'NONE',  ( 0.000000000000000000, -0.4472135954983079142, 0.8944271910007408621 ) ) ;
#4304 = DIRECTION ( 'NONE',  ( 1.790099040601989483E-11, 0.9701425001437854467, 0.2425356250425186044 ) ) ;
#4305 = ORIENTED_EDGE ( 'NONE', *, *, #4027, .F. ) ;
#4306 = EDGE_LOOP ( 'NONE', ( #4098, #10180, #1904, #6962 ) ) ;
#4307 = CIRCLE ( 'NONE', #3193, 0.007874015746530824839 ) ;
#4308 = CIRCLE ( 'NONE', #761, 0.005905511847738189116 ) ;
#4309 = EDGE_CURVE ( 'NONE', #3169, #4640, #4054, .T. ) ;
#4310 = MECHANICAL_DESIGN_GEOMETRIC_PRESENTATION_REPRESENTATION (  '', ( #7834 ), #3016 ) ;
#4311 = ORIENTED_EDGE ( 'NONE', *, *, #2766, .T. ) ;
#4312 = ORIENTED_EDGE ( 'NONE', *, *, #10750, .F. ) ;
#4313 = CARTESIAN_POINT ( 'NONE',  ( -0.1500000000000000222, 0.005905511811023605485, -0.1031496062992126178 ) ) ;
#4314 = VECTOR ( 'NONE', #6730, 39.37007874015748143 ) ;
#4315 = CARTESIAN_POINT ( 'NONE',  ( 0.1417322834645615981, 0.02952755905511812023, -0.07795275590551181688 ) ) ;
#4316 = CARTESIAN_POINT ( 'NONE',  ( -0.1765747926968504189, -0.1015748031496063186, -0.2834645669291339098 ) ) ;
#4317 = VECTOR ( 'NONE', #5631, 39.37007874015748143 ) ;
#4318 = FACE_BOUND ( 'NONE', #277, .T. ) ;
#4319 = CARTESIAN_POINT ( 'NONE',  ( 0.1515795054111810924, -0.08975437318897638850, -0.3031496063156299270 ) ) ;
#4320 = FACE_OUTER_BOUND ( 'NONE', #2130, .T. ) ;
#4321 = EDGE_LOOP ( 'NONE', ( #6364, #2556, #3931, #8498 ) ) ;
#4322 = DIRECTION ( 'NONE',  ( -0.000000000000000000, -1.000000000000000000, -0.000000000000000000 ) ) ;
#4323 = CARTESIAN_POINT ( 'NONE',  ( -0.1562992113779643755, -0.07755905511811023167, -0.3385826771653543399 ) ) ;
#4324 = ORIENTED_EDGE ( 'NONE', *, *, #3314, .F. ) ;
#4325 = EDGE_CURVE ( 'NONE', #5723, #8891, #4809, .T. ) ;
#4326 = CARTESIAN_POINT ( 'NONE',  ( 0.1639346750171653544, -0.1015748031496063325, -0.1062992125915944996 ) ) ;
#4327 = AXIS2_PLACEMENT_3D ( 'NONE', #10371, #2269, #9494 ) ;
#4328 = DIRECTION ( 'NONE',  ( 7.500366068894255604E-11, -4.958417935453569514E-12, 1.000000000000000000 ) ) ;
#4329 = DIRECTION ( 'NONE',  ( 0.01745240833009296944, 0.000000000000000000, -0.9998476951233521426 ) ) ;
#4330 = DIRECTION ( 'NONE',  ( -0.03489949675390687650, 0.000000000000000000, -0.9993908270173005315 ) ) ;
#4331 = CARTESIAN_POINT ( 'NONE',  ( -0.1436771440307086922, -0.1020658275501574591, -0.1692913385826771699 ) ) ;
#4332 = DIRECTION ( 'NONE',  ( 0.01745240638502534511, 0.000000000000000000, -0.9998476951573035398 ) ) ;
#4333 = ORIENTED_EDGE ( 'NONE', *, *, #10026, .T. ) ;
#4334 = ORIENTED_EDGE ( 'NONE', *, *, #8273, .T. ) ;
#4335 = ORIENTED_EDGE ( 'NONE', *, *, #4668, .F. ) ;
#4336 = LINE ( 'NONE', #7882, #11158 ) ;
#4337 = EDGE_CURVE ( 'NONE', #7043, #11542, #1359, .T. ) ;
#4338 = ORIENTED_EDGE ( 'NONE', *, *, #10173, .T. ) ;
#4339 = DIRECTION ( 'NONE',  ( -1.000000000000000000, 0.000000000000000000, 0.000000000000000000 ) ) ;
#4340 = FACE_OUTER_BOUND ( 'NONE', #2572, .T. ) ;
#4341 = LINE ( 'NONE', #2588, #3388 ) ;
#4342 = CARTESIAN_POINT ( 'NONE',  ( 0.1555118110215126803, 0.07874015748031476525, -0.1023622047244104188 ) ) ;
#4343 = EDGE_CURVE ( 'NONE', #11071, #10889, #3701, .T. ) ;
#4344 = EDGE_CURVE ( 'NONE', #4391, #5781, #2018, .T. ) ;
#4345 = DIRECTION ( 'NONE',  ( 0.000000000000000000, -1.000000000000000000, 0.000000000000000000 ) ) ;
#4346 = CARTESIAN_POINT ( 'NONE',  ( -0.1212598412992126062, 0.07204724409448819145, -0.3307086614173109229 ) ) ;
#4347 = FACE_OUTER_BOUND ( 'NONE', #5340, .T. ) ;
#4348 = ORIENTED_EDGE ( 'NONE', *, *, #5980, .F. ) ;
#4349 = ORIENTED_EDGE ( 'NONE', *, *, #7841, .T. ) ;
#4350 = DIRECTION ( 'NONE',  ( -0.7071067811860011210, 0.000000000000000000, 0.7071067811870939135 ) ) ;
#4351 = ORIENTED_EDGE ( 'NONE', *, *, #9570, .T. ) ;
#4352 = CARTESIAN_POINT ( 'NONE',  ( -0.1850393700787398010, -0.1015748031496179343, -0.3267716535433071723 ) ) ;
#4353 = ORIENTED_EDGE ( 'NONE', *, *, #4903, .F. ) ;
#4354 = VERTEX_POINT ( 'NONE', #4171 ) ;
#4355 = CARTESIAN_POINT ( 'NONE',  ( 0.1031016468228447835, -0.07874015748021523375, -0.2331869949538474818 ) ) ;
#4356 = EDGE_CURVE ( 'NONE', #5993, #2376, #377, .T. ) ;
#4357 = FACE_OUTER_BOUND ( 'NONE', #8077, .T. ) ;
#4358 = CARTESIAN_POINT ( 'NONE',  ( 0.06557582766953878872, 0.06549283286042199836, -0.04793620903171155745 ) ) ;
#4359 = EDGE_CURVE ( 'NONE', #303, #8800, #722, .T. ) ;
#4360 = DIRECTION ( 'NONE',  ( 0.03489949675481056335, 0.000000000000000000, 0.9993908270172691122 ) ) ;
#4361 = DIRECTION ( 'NONE',  ( 0.000000000000000000, 0.000000000000000000, 1.000000000000000000 ) ) ;
#4362 = CARTESIAN_POINT ( 'NONE',  ( 0.1033736165246526700, 0.06718306107795336823, -0.05462476703359407659 ) ) ;
#4363 = ORIENTED_EDGE ( 'NONE', *, *, #3438, .T. ) ;
#4364 = VECTOR ( 'NONE', #4170, 39.37007874015748143 ) ;
#4365 = ORIENTED_EDGE ( 'NONE', *, *, #7277, .T. ) ;
#4366 = UNCERTAINTY_MEASURE_WITH_UNIT (LENGTH_MEASURE( 1.000000000000000082E-05 ), #11377, 'distance_accuracy_value', 'NONE');
#4367 = ORIENTED_EDGE ( 'NONE', *, *, #346, .T. ) ;
#4368 = EDGE_CURVE ( 'NONE', #6055, #1500, #4002, .T. ) ;
#4369 = AXIS2_PLACEMENT_3D ( 'NONE', #10036, #3593, #7235 ) ;
#4370 = DIRECTION ( 'NONE',  ( 1.000000000000000000, 0.000000000000000000, 0.000000000000000000 ) ) ;
#4371 = DIRECTION ( 'NONE',  ( 1.000000000000000000, 0.000000000000000000, 0.000000000000000000 ) ) ;
#4372 = CARTESIAN_POINT ( 'NONE',  ( -0.1562992113779527736, -0.08582677165354346549, -0.3464566929133848228 ) ) ;
#4373 = EDGE_CURVE ( 'NONE', #5920, #5542, #6138, .T. ) ;
#4374 = CARTESIAN_POINT ( 'NONE',  ( 0.09448818897637434322, -0.06102362204724059991, -0.05787401577165355443 ) ) ;
#4375 = DIRECTION ( 'NONE',  ( -0.9993908270172949804, 0.000000000000000000, 0.03489949675406712332 ) ) ;
#4376 = CARTESIAN_POINT ( 'NONE',  ( 0.1063086171237795224, -0.06299212598425196763, -0.3661417322998819501 ) ) ;
#4377 = VERTEX_POINT ( 'NONE', #1044 ) ;
#4378 = DIRECTION ( 'NONE',  ( -0.01745240646098185008, 0.000000000000000000, 0.9998476951559776005 ) ) ;
#4379 = ORIENTED_EDGE ( 'NONE', *, *, #2505, .T. ) ;
#4380 = AXIS2_PLACEMENT_3D ( 'NONE', #2312, #1371, #4887 ) ;
#4381 = LINE ( 'NONE', #7926, #7073 ) ;
#4382 = EDGE_CURVE ( 'NONE', #1644, #4248, #11273, .T. ) ;
#4383 = EDGE_CURVE ( 'NONE', #10100, #552, #10956, .T. ) ;
#4384 = CARTESIAN_POINT ( 'NONE',  ( -0.02362204724416810953, -0.05511811023230975964, -0.3582677164489428412 ) ) ;
#4385 = CARTESIAN_POINT ( 'NONE',  ( 0.1072724017780905259, 0.08267716535433072833, -0.2829670128532070783 ) ) ;
#4386 = ADVANCED_FACE ( 'NONE', ( #7715 ), #2654, .T. ) ;
#4387 = DIRECTION ( 'NONE',  ( 1.031984066565520474E-31, -3.212450881438532734E-16, 1.000000000000000000 ) ) ;
#4388 = FACE_OUTER_BOUND ( 'NONE', #3561, .T. ) ;
#4389 = SURFACE_STYLE_USAGE ( .BOTH. , #1638 ) ;
#4390 = ORIENTED_EDGE ( 'NONE', *, *, #6601, .F. ) ;
#4391 = VERTEX_POINT ( 'NONE', #8874 ) ;
#4392 = LINE ( 'NONE', #1586, #7052 ) ;
#4393 = AXIS2_PLACEMENT_3D ( 'NONE', #73, #3637, #2753 ) ;
#4394 = ORIENTED_EDGE ( 'NONE', *, *, #2115, .F. ) ;
#4395 = FACE_OUTER_BOUND ( 'NONE', #9956, .T. ) ;
#4396 = FACE_OUTER_BOUND ( 'NONE', #2842, .T. ) ;
#4397 = EDGE_CURVE ( 'NONE', #4061, #2015, #5188, .T. ) ;
#4398 = DIRECTION ( 'NONE',  ( 0.000000000000000000, 1.000000000000000000, 0.000000000000000000 ) ) ;
#4399 = CARTESIAN_POINT ( 'NONE',  ( 0.02559055118110236879, 0.000000000000000000, -0.03937007874015184539 ) ) ;
#4400 =( CONVERSION_BASED_UNIT ( 'INCH', #5269 ) LENGTH_UNIT ( ) NAMED_UNIT ( #4802 ) );
#4401 = FACE_OUTER_BOUND ( 'NONE', #522, .T. ) ;
#4402 = CARTESIAN_POINT ( 'NONE',  ( 0.03348337688755955582, 0.09448818897637795144, -0.3090551181266567027 ) ) ;
#4403 = ORIENTED_EDGE ( 'NONE', *, *, #2880, .F. ) ;
#4404 = ORIENTED_EDGE ( 'NONE', *, *, #3922, .F. ) ;
#4405 = CARTESIAN_POINT ( 'NONE',  ( 0.06818454121873709917, 0.02337201444882052587, -0.3349856681190285235 ) ) ;
#4406 = ORIENTED_EDGE ( 'NONE', *, *, #10609, .T. ) ;
#4407 = CARTESIAN_POINT ( 'NONE',  ( 0.06226154035698557021, 0.06571337948806368900, -0.03151358540458575747 ) ) ;
#4408 = VERTEX_POINT ( 'NONE', #4402 ) ;
#4409 = ORIENTED_EDGE ( 'NONE', *, *, #9455, .T. ) ;
#4410 = DIRECTION ( 'NONE',  ( 0.9998476950096503169, -1.122091969980840105E-08, 0.01745241484406268376 ) ) ;
#4411 = CARTESIAN_POINT ( 'NONE',  ( 0.1920425781509861041, -0.08976377952756478540, -0.1574803149976861105 ) ) ;
#4412 = CARTESIAN_POINT ( 'NONE',  ( -0.09044061793704726016, -0.05787401574803149873, -0.3366141732283464694 ) ) ;
#4413 = LINE ( 'NONE', #5231, #2318 ) ;
#4414 = LINE ( 'NONE', #11523, #6281 ) ;
#4415 = VERTEX_POINT ( 'NONE', #7889 ) ;
#4416 = EDGE_LOOP ( 'NONE', ( #1390, #11156, #3281, #5174 ) ) ;
#4417 = ORIENTED_EDGE ( 'NONE', *, *, #7877, .T. ) ;
#4418 = AXIS2_PLACEMENT_3D ( 'NONE', #5874, #2147, #10366 ) ;
#4419 = EDGE_CURVE ( 'NONE', #6081, #4800, #155, .T. ) ;
#4420 = EDGE_LOOP ( 'NONE', ( #6745, #5807, #6321, #4290 ) ) ;
#4421 = EDGE_CURVE ( 'NONE', #1675, #98, #6841, .T. ) ;
#4422 = EDGE_CURVE ( 'NONE', #5112, #4354, #7947, .T. ) ;
#4423 = CARTESIAN_POINT ( 'NONE',  ( 0.04933727753397120636, -0.04499439702834751725, -0.1917275695867830532 ) ) ;
#4424 = DIRECTION ( 'NONE',  ( -0.000000000000000000, -1.000000000000000000, -0.000000000000000000 ) ) ;
#4425 = VECTOR ( 'NONE', #3725, 39.37007874015748143 ) ;
#4426 = CARTESIAN_POINT ( 'NONE',  ( -0.1405511601968504054, 0.06417322834645539098, -0.3307086614173229133 ) ) ;
#4427 = CARTESIAN_POINT ( 'NONE',  ( 0.02559055118110236879, 0.000000000000000000, -7.888211081705560117E-15 ) ) ;
#4428 = CARTESIAN_POINT ( 'NONE',  ( 0.02901218576346406910, -0.04569806696884171765, -0.1764115145828367703 ) ) ;
#4429 = ORIENTED_EDGE ( 'NONE', *, *, #4860, .F. ) ;
#4430 = FACE_OUTER_BOUND ( 'NONE', #5002, .T. ) ;
#4431 = EDGE_LOOP ( 'NONE', ( #9396, #6099, #934, #6419 ) ) ;
#4432 = CYLINDRICAL_SURFACE ( 'NONE', #362, 0.007874015748031516770 ) ;
#4433 = EDGE_CURVE ( 'NONE', #9998, #8356, #5213, .T. ) ;
#4434 = VECTOR ( 'NONE', #3006, 39.37007874015748143 ) ;
#4435 = AXIS2_PLACEMENT_3D ( 'NONE', #4070, #4823, #1318 ) ;
#4436 = CARTESIAN_POINT ( 'NONE',  ( -0.07297454294577201961, -1.513623369926625337E-12, -0.3582677165565661959 ) ) ;
#4437 = DIRECTION ( 'NONE',  ( -0.000000000000000000, -1.000000000000000000, -0.000000000000000000 ) ) ;
#4438 = CARTESIAN_POINT ( 'NONE',  ( 0.1240157480314896810, -0.08464566929133994500, -0.3661417322834646937 ) ) ;
#4439 = CARTESIAN_POINT ( 'NONE',  ( 0.02167235326551179841, -0.006491359822834640199, -0.3661417322998819501 ) ) ;
#4440 = CIRCLE ( 'NONE', #10759, 0.01574803149606298150 ) ;
#4441 = CYLINDRICAL_SURFACE ( 'NONE', #1501, 0.007874015748009586396 ) ;
#4442 = ORIENTED_EDGE ( 'NONE', *, *, #5417, .F. ) ;
#4443 = ORIENTED_EDGE ( 'NONE', *, *, #6747, .T. ) ;
#4444 = VECTOR ( 'NONE', #9177, 39.37007874015748143 ) ;
#4445 = ADVANCED_FACE ( 'NONE', ( #4347 ), #11454, .F. ) ;
#4446 = FACE_OUTER_BOUND ( 'NONE', #10092, .T. ) ;
#4447 = VECTOR ( 'NONE', #11507, 39.37007874015748143 ) ;
#4448 = ORIENTED_EDGE ( 'NONE', *, *, #1490, .T. ) ;
#4449 = LINE ( 'NONE', #3586, #668 ) ;
#4450 = DIRECTION ( 'NONE',  ( 3.771137991253928573E-16, 0.000000000000000000, 1.000000000000000000 ) ) ;
#4451 = DIRECTION ( 'NONE',  ( 0.000000000000000000, -1.000000000000000000, 0.000000000000000000 ) ) ;
#4452 = FACE_OUTER_BOUND ( 'NONE', #3771, .T. ) ;
#4453 = DIRECTION ( 'NONE',  ( 0.9205048535066010507, 0.000000000000000000, -0.3907311283616790032 ) ) ;
#4454 = ORIENTED_EDGE ( 'NONE', *, *, #3275, .F. ) ;
#4455 = ORIENTED_EDGE ( 'NONE', *, *, #10077, .T. ) ;
#4456 = VECTOR ( 'NONE', #9138, 39.37007874015748143 ) ;
#4457 = EDGE_LOOP ( 'NONE', ( #1893, #330, #1672, #5886, #2404, #1610, #4586, #9520 ) ) ;
#4458 = EDGE_CURVE ( 'NONE', #1729, #138, #9652, .T. ) ;
#4459 = LINE ( 'NONE', #8015, #5770 ) ;
#4460 = CIRCLE ( 'NONE', #10968, 0.003937007874015758385 ) ;
#4461 = ORIENTED_EDGE ( 'NONE', *, *, #8779, .T. ) ;
#4462 = ORIENTED_EDGE ( 'NONE', *, *, #2631, .T. ) ;
#4463 = DIRECTION ( 'NONE',  ( 0.000000000000000000, 0.000000000000000000, 1.000000000000000000 ) ) ;
#4464 = VECTOR ( 'NONE', #10542, 39.37007874015748143 ) ;
#4465 = CARTESIAN_POINT ( 'NONE',  ( -0.1268822167086227082, -0.01850393700787401549, -0.3326771653543306728 ) ) ;
#4466 = DIRECTION ( 'NONE',  ( -0.000000000000000000, -1.000000000000000000, -0.000000000000000000 ) ) ;
#4467 = VECTOR ( 'NONE', #4848, 39.37007874015748143 ) ;
#4468 = CARTESIAN_POINT ( 'NONE',  ( 0.07550767562884809492, 0.02337201444881889870, -0.3033569816117796525 ) ) ;
#4469 = DIRECTION ( 'NONE',  ( 0.000000000000000000, 0.000000000000000000, 1.000000000000000000 ) ) ;
#4470 = CARTESIAN_POINT ( 'NONE',  ( 0.1033985340927398577, 0.06754481485669786012, -0.05547044278536727990 ) ) ;
#4471 = ORIENTED_EDGE ( 'NONE', *, *, #11317, .F. ) ;
#4472 = ORIENTED_EDGE ( 'NONE', *, *, #485, .F. ) ;
#4473 = ORIENTED_EDGE ( 'NONE', *, *, #931, .F. ) ;
#4474 = VECTOR ( 'NONE', #126, 39.37007874015748143 ) ;
#4475 = VECTOR ( 'NONE', #8974, 39.37007874015748143 ) ;
#4476 = ADVANCED_FACE ( 'NONE', ( #5321 ), #9584, .T. ) ;
#4477 = CARTESIAN_POINT ( 'NONE',  ( 0.009645669291338599891, 0.09055118110236221041, -0.3661417322834646382 ) ) ;
#4478 = CARTESIAN_POINT ( 'NONE',  ( 0.05173743999366142016, 0.06220258422074802923, -0.1781277215381495693 ) ) ;
#4479 = DIRECTION ( 'NONE',  ( 0.000000000000000000, 1.000000000000000000, 0.000000000000000000 ) ) ;
#4480 = CYLINDRICAL_SURFACE ( 'NONE', #1451, 0.009842519685039369942 ) ;
#4481 = DIRECTION ( 'NONE',  ( 0.000000000000000000, 0.000000000000000000, 1.000000000000000000 ) ) ;
#4482 = VECTOR ( 'NONE', #9849, 39.37007874015748143 ) ;
#4483 = EDGE_CURVE ( 'NONE', #7679, #8800, #7874, .T. ) ;
#4484 = ORIENTED_EDGE ( 'NONE', *, *, #4978, .T. ) ;
#4485 = CIRCLE ( 'NONE', #4110, 0.005905511811079367304 ) ;
#4486 = EDGE_CURVE ( 'NONE', #3162, #5322, #9532, .T. ) ;
#4487 = AXIS2_PLACEMENT_3D ( 'NONE', #10382, #5023, #2466 ) ;
#4488 = CARTESIAN_POINT ( 'NONE',  ( 0.1344971561437927066, -0.02402171071306008487, -0.3615658359821915524 ) ) ;
#4489 = VERTEX_POINT ( 'NONE', #833 ) ;
#4490 = CARTESIAN_POINT ( 'NONE',  ( 0.03164042627798032553, 0.06260377197015748463, -0.1736649195620472153 ) ) ;
#4491 = AXIS2_PLACEMENT_3D ( 'NONE', #4084, #7627, #2328 ) ;
#4492 = VECTOR ( 'NONE', #247, 39.37007874015748143 ) ;
#4493 = VECTOR ( 'NONE', #10658, 39.37007874015748143 ) ;
#4494 = CARTESIAN_POINT ( 'NONE',  ( 0.1841685623989370579, -0.1015748031496008508, -0.1574803149688582815 ) ) ;
#4495 = FACE_OUTER_BOUND ( 'NONE', #5435, .T. ) ;
#4496 = DIRECTION ( 'NONE',  ( 0.000000000000000000, -1.000000000000000000, 0.000000000000000000 ) ) ;
#4497 = LINE ( 'NONE', #8860, #4503 ) ;
#4498 = B_SPLINE_CURVE_WITH_KNOTS ( 'NONE', 3,
 ( #4358, #620, #8832, #6033, #4241, #5166, #7850, #5985, #2666, #10649 ),
 .UNSPECIFIED., .F., .F.,
 ( 4, 2, 2, 2, 4 ),
 ( 5.999140708630748652E-15, 0.0003286748212285867522, 0.0006573496424511748306, 0.0009860244636737630717, 0.001314699284896351204 ),
 .UNSPECIFIED. ) ;
#4499 = EDGE_CURVE ( 'NONE', #7600, #6974, #8341, .T. ) ;
#4500 = DIRECTION ( 'NONE',  ( 0.7986355093815253881, 0.000000000000000000, -0.6018150240355516489 ) ) ;
#4501 = CIRCLE ( 'NONE', #9708, 0.07677165354330710290 ) ;
#4502 = ORIENTED_EDGE ( 'NONE', *, *, #38, .T. ) ;
#4503 = VECTOR ( 'NONE', #6286, 39.37007874015748143 ) ;
#4504 = VERTEX_POINT ( 'NONE', #8643 ) ;
#4505 = ORIENTED_EDGE ( 'NONE', *, *, #9248, .T. ) ;
#4506 = FACE_OUTER_BOUND ( 'NONE', #9074, .T. ) ;
#4507 = LINE ( 'NONE', #998, #3734 ) ;
#4508 = CARTESIAN_POINT ( 'NONE',  ( -0.1444881680708661464, -0.08956692913385826127, -0.3464566929133858775 ) ) ;
#4509 = CARTESIAN_POINT ( 'NONE',  ( 0.05342473346457028704, -0.06102362204724410405, -0.01968503937007791763 ) ) ;
#4510 = EDGE_CURVE ( 'NONE', #9337, #9945, #7770, .T. ) ;
#4511 = DIRECTION ( 'NONE',  ( 0.000000000000000000, -1.000000000000000000, 0.000000000000000000 ) ) ;
#4512 = CARTESIAN_POINT ( 'NONE',  ( 0.1841685620175398108, -0.08976377952756478540, -0.1275590551480759727 ) ) ;
#4513 = ORIENTED_EDGE ( 'NONE', *, *, #1931, .T. ) ;
#4514 = ORIENTED_EDGE ( 'NONE', *, *, #5109, .F. ) ;
#4515 = VECTOR ( 'NONE', #961, 39.37007874015748143 ) ;
#4516 = ORIENTED_EDGE ( 'NONE', *, *, #1490, .F. ) ;
#4517 = CARTESIAN_POINT ( 'NONE',  ( -0.1196849633660629908, 0.1023622047244094613, -0.3283464566929134021 ) ) ;
#4518 = VERTEX_POINT ( 'NONE', #720 ) ;
#4519 = VERTEX_POINT ( 'NONE', #4289 ) ;
#4520 = EDGE_CURVE ( 'NONE', #7785, #9237, #5932, .T. ) ;
#4521 = VERTEX_POINT ( 'NONE', #2097 ) ;
#4522 = CARTESIAN_POINT ( 'NONE',  ( 0.1028052172001968495, -0.06348756051625983887, -0.05826477901122046471 ) ) ;
#4523 = CARTESIAN_POINT ( 'NONE',  ( -0.07874015748031495954, 0.1102362204724554734, -0.2874015748031495954 ) ) ;
#4524 = DIRECTION ( 'NONE',  ( 0.000000000000000000, 0.000000000000000000, -1.000000000000000000 ) ) ;
#4525 = EDGE_CURVE ( 'NONE', #5056, #4816, #2207, .T. ) ;
#4526 = EDGE_CURVE ( 'NONE', #1180, #2056, #340, .T. ) ;
#4527 = DIRECTION ( 'NONE',  ( 1.962452129261481421E-10, 1.000000000000000000, 0.000000000000000000 ) ) ;
#4528 = DIRECTION ( 'NONE',  ( -1.000000000000000000, -0.000000000000000000, -0.000000000000000000 ) ) ;
#4529 = CARTESIAN_POINT ( 'NONE',  ( 0.05470372310205791344, -0.04935686499973705732, -0.04332127444028949226 ) ) ;
#4530 = ORIENTED_EDGE ( 'NONE', *, *, #9811, .F. ) ;
#4531 = DIRECTION ( 'NONE',  ( 0.000000000000000000, 1.000000000000000000, 0.000000000000000000 ) ) ;
#4532 = ORIENTED_EDGE ( 'NONE', *, *, #698, .T. ) ;
#4533 = ORIENTED_EDGE ( 'NONE', *, *, #8601, .T. ) ;
#4534 = ORIENTED_EDGE ( 'NONE', *, *, #2131, .T. ) ;
#4535 = ORIENTED_EDGE ( 'NONE', *, *, #6383, .F. ) ;
#4536 = VECTOR ( 'NONE', #9699, 39.37007874015748143 ) ;
#4537 = CARTESIAN_POINT ( 'NONE',  ( 0.1083391628797119866, -0.07086614173229717484, -0.2524189717430381785 ) ) ;
#4538 = CARTESIAN_POINT ( 'NONE',  ( 0.1113735699401574575, -0.05232434363318897580, -0.05723548793307085131 ) ) ;
#4539 = EDGE_CURVE ( 'NONE', #10040, #5683, #2397, .T. ) ;
#4540 = CARTESIAN_POINT ( 'NONE',  ( 0.1107417415062401655, -0.07086614173229674463, -0.1836181216241142000 ) ) ;
#4541 = CARTESIAN_POINT ( 'NONE',  ( 0.05798088986960629049, 0.06548396751492126244, -0.04524390594500000279 ) ) ;
#4542 = CYLINDRICAL_SURFACE ( 'NONE', #8699, 0.007874015748031490750 ) ;
#4543 = ORIENTED_EDGE ( 'NONE', *, *, #2981, .F. ) ;
#4544 = CYLINDRICAL_SURFACE ( 'NONE', #2597, 0.02755905511811023237 ) ;
#4545 = ORIENTED_EDGE ( 'NONE', *, *, #7400, .F. ) ;
#4546 = CARTESIAN_POINT ( 'NONE',  ( 0.1515795054111811202, -0.1015653968110236255, -0.3031496063156299270 ) ) ;
#4547 = ADVANCED_FACE ( 'NONE', ( #6458 ), #1214, .T. ) ;
#4548 = ADVANCED_FACE ( 'NONE', ( #10138 ), #1105, .F. ) ;
#4549 = DIRECTION ( 'NONE',  ( 1.000000000000000000, 0.000000000000000000, 0.000000000000000000 ) ) ;
#4550 = DIRECTION ( 'NONE',  ( 0.000000000000000000, 1.000000000000000000, 0.000000000000000000 ) ) ;
#4551 = CARTESIAN_POINT ( 'NONE',  ( -0.1935669291582677587, -0.08976377952755906775, -0.3512598425196851171 ) ) ;
#4552 = CYLINDRICAL_SURFACE ( 'NONE', #4246, 0.01181102362202466130 ) ;
#4553 = FACE_OUTER_BOUND ( 'NONE', #9940, .T. ) ;
#4554 = AXIS2_PLACEMENT_3D ( 'NONE', #7908, #8024, #4361 ) ;
#4555 = FACE_OUTER_BOUND ( 'NONE', #4057, .T. ) ;
#4556 = ORIENTED_EDGE ( 'NONE', *, *, #2505, .F. ) ;
#4557 = DIRECTION ( 'NONE',  ( 0.000000000000000000, 0.000000000000000000, 1.000000000000000000 ) ) ;
#4558 = ADVANCED_FACE ( 'NONE', ( #2920 ), #10191, .T. ) ;
#4559 = EDGE_CURVE ( 'NONE', #6236, #9772, #2151, .T. ) ;
#4560 = AXIS2_PLACEMENT_3D ( 'NONE', #9864, #3763, #10738 ) ;
#4561 = ORIENTED_EDGE ( 'NONE', *, *, #5364, .F. ) ;
#4562 = CARTESIAN_POINT ( 'NONE',  ( 0.1151041785924096506, -0.06299212598424945575, -0.05869426820989428334 ) ) ;
#4563 = CARTESIAN_POINT ( 'NONE',  ( 0.1102347672068847567, -0.07086614173229341396, -0.1981359660949548185 ) ) ;
#4564 = FILL_AREA_STYLE ('',( #779 ) ) ;
#4565 = LINE ( 'NONE', #7125, #12 ) ;
#4566 = DIRECTION ( 'NONE',  ( 1.000000000000000000, 0.000000000000000000, 0.000000000000000000 ) ) ;
#4567 = LINE ( 'NONE', #8061, #2867 ) ;
#4568 = ORIENTED_EDGE ( 'NONE', *, *, #4943, .F. ) ;
#4569 = ORIENTED_EDGE ( 'NONE', *, *, #97, .F. ) ;
#4570 = VERTEX_POINT ( 'NONE', #3040 ) ;
#4571 = PLANE ( 'NONE',  #3175 ) ;
#4572 = EDGE_LOOP ( 'NONE', ( #5638, #5449, #1112, #2907, #3056, #1896, #4365 ) ) ;
#4573 = VECTOR ( 'NONE', #5207, 39.37007874015748143 ) ;
#4574 = ADVANCED_FACE ( 'NONE', ( #10957 ), #9205, .F. ) ;
#4575 = ADVANCED_BREP_SHAPE_REPRESENTATION ( 'CUI_DEVICES_PJ-014CH-SMT-TR', ( #10702, #2750, #10761, #10488, #10795, #2260 ), #1148 ) ;
#4576 = ORIENTED_EDGE ( 'NONE', *, *, #451, .F. ) ;
#4577 = CARTESIAN_POINT ( 'NONE',  ( 0.06076830311201073670, -0.03543307086614173873, -0.2484877520542810025 ) ) ;
#4578 = DIRECTION ( 'NONE',  ( -1.000000000000000000, -0.000000000000000000, -0.000000000000000000 ) ) ;
#4579 = DIRECTION ( 'NONE',  ( -0.000000000000000000, -1.000000000000000000, -0.000000000000000000 ) ) ;
#4580 = LINE ( 'NONE', #10752, #4059 ) ;
#4581 = CARTESIAN_POINT ( 'NONE',  ( 0.02145669291338582474, 0.08897637795275589734, -0.3025590551181102650 ) ) ;
#4582 = CARTESIAN_POINT ( 'NONE',  ( 0.04135739263559054524, -0.04724409448818896184, -0.3435039370242913281 ) ) ;
#4583 = CARTESIAN_POINT ( 'NONE',  ( -0.1574803149606298913, 0.09055118110236221041, -0.3661417322834646382 ) ) ;
#4584 = EDGE_LOOP ( 'NONE', ( #6068, #1288, #8300, #8865, #7778, #8280, #5687, #7493, #1818, #2777, #3407, #2087 ) ) ;
#4585 = CYLINDRICAL_SURFACE ( 'NONE', #212, 0.01181102362204724046 ) ;
#4586 = ORIENTED_EDGE ( 'NONE', *, *, #1966, .T. ) ;
#4587 = VERTEX_POINT ( 'NONE', #3746 ) ;
#4588 = ORIENTED_EDGE ( 'NONE', *, *, #7898, .F. ) ;
#4589 = EDGE_CURVE ( 'NONE', #9624, #1661, #6576, .T. ) ;
#4590 = ORIENTED_EDGE ( 'NONE', *, *, #5757, .F. ) ;
#4591 = DIRECTION ( 'NONE',  ( -0.01744845932773704186, 0.02126697162510919267, 0.9996215619848267675 ) ) ;
#4592 = CARTESIAN_POINT ( 'NONE',  ( 0.03366141732283464694, -0.07972440944881889480, -0.2507874015748031704 ) ) ;
#4593 = CARTESIAN_POINT ( 'NONE',  ( 0.07340944434225672721, 0.01084597745897221063, -0.2959420861570636330 ) ) ;
#4594 = CARTESIAN_POINT ( 'NONE',  ( 0.06757576533862205692, 0.06559938249279526068, -0.04436612326940945344 ) ) ;
#4595 = DIRECTION ( 'NONE',  ( 1.000000000000000000, 0.000000000000000000, 0.000000000000000000 ) ) ;
#4596 = ORIENTED_EDGE ( 'NONE', *, *, #3863, .F. ) ;
#4597 = VECTOR ( 'NONE', #1794, 39.37007874015748143 ) ;
#4598 = CARTESIAN_POINT ( 'NONE',  ( 0.09449759350173227157, -0.006491359822834640199, -0.3661417322998819501 ) ) ;
#4599 = ORIENTED_EDGE ( 'NONE', *, *, #2693, .T. ) ;
#4600 = LINE ( 'NONE', #6277, #4 ) ;
#4601 = ADVANCED_FACE ( 'NONE', ( #2976 ), #8268, .T. ) ;
#4602 = CYLINDRICAL_SURFACE ( 'NONE', #72, 0.005905511811034109236 ) ;
#4603 = VECTOR ( 'NONE', #10938, 39.37007874015748143 ) ;
#4604 = ORIENTED_EDGE ( 'NONE', *, *, #9183, .T. ) ;
#4605 = DIRECTION ( 'NONE',  ( 0.000000000000000000, -1.000000000000000000, 0.000000000000000000 ) ) ;
#4606 = DIRECTION ( 'NONE',  ( 0.000000000000000000, 0.000000000000000000, -1.000000000000000000 ) ) ;
#4607 = CARTESIAN_POINT ( 'NONE',  ( 0.1087836296505118178, -0.05062422309334646542, -0.03205529682162598648 ) ) ;
#4608 = DIRECTION ( 'NONE',  ( 0.03489949667904204689, 0.000000000000000000, 0.9993908270199149957 ) ) ;
#4609 = DIRECTION ( 'NONE',  ( 0.01698455929016054120, 0.9997738323685293471, -0.01279878341338540858 ) ) ;
#4610 = DIRECTION ( 'NONE',  ( 0.000000000000000000, 0.000000000000000000, 1.000000000000000000 ) ) ;
#4611 = VERTEX_POINT ( 'NONE', #7510 ) ;
#4612 = VECTOR ( 'NONE', #9593, 39.37007874015748143 ) ;
#4613 = DIRECTION ( 'NONE',  ( 1.000000000000000000, -1.445602896647339706E-15, 0.000000000000000000 ) ) ;
#4614 = CIRCLE ( 'NONE', #3508, 0.005905511809751962105 ) ;
#4615 = ORIENTED_EDGE ( 'NONE', *, *, #11086, .F. ) ;
#4616 = DIRECTION ( 'NONE',  ( 0.000000000000000000, -1.000000000000000000, 0.000000000000000000 ) ) ;
#4617 = DIRECTION ( 'NONE',  ( 0.000000000000000000, 0.000000000000000000, -1.000000000000000000 ) ) ;
#4618 = CIRCLE ( 'NONE', #9450, 0.05314960629921259422 ) ;
#4619 = DIRECTION ( 'NONE',  ( -0.000000000000000000, -0.9578262852211513190, -0.2873478855663458842 ) ) ;
#4620 = CARTESIAN_POINT ( 'NONE',  ( -0.1602361995669299433, -0.1015748031496062909, -0.1692913385826761430 ) ) ;
#4621 = CARTESIAN_POINT ( 'NONE',  ( 0.1417322834645669549, -0.008858267716535431213, -0.07795275590551181688 ) ) ;
#4622 = ADVANCED_FACE ( 'NONE', ( #9086 ), #2037, .T. ) ;
#4623 = DIRECTION ( 'NONE',  ( -0.01745240656153577985, 0.000000000000000000, 0.9998476951542223379 ) ) ;
#4624 = EDGE_CURVE ( 'NONE', #4757, #3630, #2865, .T. ) ;
#4625 = VERTEX_POINT ( 'NONE', #1980 ) ;
#4626 = EDGE_CURVE ( 'NONE', #30, #2553, #3906, .T. ) ;
#4627 = ORIENTED_EDGE ( 'NONE', *, *, #3983, .F. ) ;
#4628 = ORIENTED_EDGE ( 'NONE', *, *, #10929, .F. ) ;
#4629 = CARTESIAN_POINT ( 'NONE',  ( 0.08661417322835461563, -0.06781496062992126150, -0.2992125984252026472 ) ) ;
#4630 = AXIS2_PLACEMENT_3D ( 'NONE', #1545, #5106, #2485 ) ;
#4631 = ORIENTED_EDGE ( 'NONE', *, *, #1425, .F. ) ;
#4632 = VERTEX_POINT ( 'NONE', #5598 ) ;
#4633 = CARTESIAN_POINT ( 'NONE',  ( -0.1765748025393701071, -0.08976377952755906775, -0.1062992125984251746 ) ) ;
#4634 = DIRECTION ( 'NONE',  ( -0.000000000000000000, -1.000000000000000000, -0.000000000000000000 ) ) ;
#4635 = LINE ( 'NONE', #8179, #2235 ) ;
#4636 = DIRECTION ( 'NONE',  ( 0.9993908270172949804, 0.000000000000000000, -0.03489949675406712332 ) ) ;
#4637 = LINE ( 'NONE', #3654, #3387 ) ;
#4638 = CARTESIAN_POINT ( 'NONE',  ( -0.1929133858267716994, -0.08927275512700789950, -0.2903937007874016207 ) ) ;
#4639 = CARTESIAN_POINT ( 'NONE',  ( -0.1444881680708535732, 0.01670356337918307149, -0.07052988111564960361 ) ) ;
#4640 = VERTEX_POINT ( 'NONE', #236 ) ;
#4641 = EDGE_CURVE ( 'NONE', #5658, #549, #3803, .T. ) ;
#4642 = DIRECTION ( 'NONE',  ( 0.000000000000000000, 0.000000000000000000, 1.000000000000000000 ) ) ;
#4643 = EDGE_LOOP ( 'NONE', ( #1093, #4710, #11047, #4781 ) ) ;
#4644 = ORIENTED_EDGE ( 'NONE', *, *, #5397, .T. ) ;
#4645 = ORIENTED_EDGE ( 'NONE', *, *, #10301, .T. ) ;
#4646 = AXIS2_PLACEMENT_3D ( 'NONE', #9309, #7557, #11116 ) ;
#4647 = AXIS2_PLACEMENT_3D ( 'NONE', #10497, #4146, #9496 ) ;
#4648 = DIRECTION ( 'NONE',  ( -0.7071067811876410314, 0.000000000000000000, 0.7071067811854541141 ) ) ;
#4649 = CARTESIAN_POINT ( 'NONE',  ( 0.1156479743709055014, -0.05225913275236221400, -0.05723682069822834395 ) ) ;
#4650 = CARTESIAN_POINT ( 'NONE',  ( -0.1602361995669299433, -0.1015748031496062909, -0.1062992125984252023 ) ) ;
#4651 = CARTESIAN_POINT ( 'NONE',  ( 0.01323864489350219838, 0.06316856225948805359, -0.1481878328890139096 ) ) ;
#4652 = CARTESIAN_POINT ( 'NONE',  ( -0.09826766028066928615, -0.04708661417322835413, -0.2795275590551181133 ) ) ;
#4653 = VERTEX_POINT ( 'NONE', #7391 ) ;
#4654 = ADVANCED_FACE ( 'NONE', ( #8496 ), #3152, .T. ) ;
#4655 = DIRECTION ( 'NONE',  ( 1.000000000000000000, 0.000000000000000000, 0.000000000000000000 ) ) ;
#4656 = VERTEX_POINT ( 'NONE', #4898 ) ;
#4657 = CIRCLE ( 'NONE', #8183, 0.007874015771059970914 ) ;
#4658 = CARTESIAN_POINT ( 'NONE',  ( 0.02855385360635433190, 0.06345358027185039884, -0.1364307974034252025 ) ) ;
#4659 = VECTOR ( 'NONE', #9589, 39.37007874015748143 ) ;
#4660 = DIRECTION ( 'NONE',  ( 0.000000000000000000, -1.000000000000000000, 0.000000000000000000 ) ) ;
#4661 = EDGE_CURVE ( 'NONE', #6495, #9412, #9284, .T. ) ;
#4662 = AXIS2_PLACEMENT_3D ( 'NONE', #8353, #10342, #9460 ) ;
#4663 = DIRECTION ( 'NONE',  ( 0.000000000000000000, 1.000000000000000000, 0.000000000000000000 ) ) ;
#4664 = FACE_OUTER_BOUND ( 'NONE', #1067, .T. ) ;
#4665 = CIRCLE ( 'NONE', #1121, 0.005905511811000759177 ) ;
#4666 = CARTESIAN_POINT ( 'NONE',  ( 0.1032967495587998330, -0.05104656000013779032, -0.05380802272113986012 ) ) ;
#4667 = LINE ( 'NONE', #7336, #11202 ) ;
#4668 = EDGE_CURVE ( 'NONE', #1919, #6272, #3394, .T. ) ;
#4669 = DIRECTION ( 'NONE',  ( 0.000000000000000000, 1.000000000000000000, 0.000000000000000000 ) ) ;
#4670 = DIRECTION ( 'NONE',  ( 0.000000000000000000, 1.000000000000000000, 0.000000000000000000 ) ) ;
#4671 = ORIENTED_EDGE ( 'NONE', *, *, #6650, .F. ) ;
#4672 = ORIENTED_EDGE ( 'NONE', *, *, #9099, .F. ) ;
#4673 = VECTOR ( 'NONE', #6064, 39.37007874015748854 ) ;
#4674 = CIRCLE ( 'NONE', #201, 0.01968503937007874682 ) ;
#4675 = VECTOR ( 'NONE', #8789, 39.37007874015748143 ) ;
#4676 = ORIENTED_EDGE ( 'NONE', *, *, #1133, .F. ) ;
#4677 = DIRECTION ( 'NONE',  ( 0.000000000000000000, -1.000000000000000000, 0.000000000000000000 ) ) ;
#4678 = CARTESIAN_POINT ( 'NONE',  ( 0.1259842519409448691, -0.09842519685039370636, -0.2992125984251969295 ) ) ;
#4679 = CARTESIAN_POINT ( 'NONE',  ( -0.05437248909448819112, -0.005353426377952756436, -0.3307086614173108674 ) ) ;
#4681 = DIRECTION ( 'NONE',  ( 0.03489949675490351677, 1.047339298618267749E-12, 0.9993908270172656705 ) ) ;
#4680 = AXIS2_PLACEMENT_3D ( 'NONE', #8078, #1023, #1142 ) ;
#4682 = AXIS2_PLACEMENT_3D ( 'NONE', #3429, #6154, #6970 ) ;
#4683 = CIRCLE ( 'NONE', #9143, 0.02559055118110236532 ) ;
#4684 = CYLINDRICAL_SURFACE ( 'NONE', #8192, 0.05243771468503938271 ) ;
#4685 = CARTESIAN_POINT ( 'NONE',  ( 0.06173024679007395321, 0.03793001002326037985, -0.3035974676059811084 ) ) ;
#4686 = ORIENTED_EDGE ( 'NONE', *, *, #7688, .F. ) ;
#4687 = EDGE_LOOP ( 'NONE', ( #7512, #2258, #1189, #4534 ) ) ;
#4688 = ORIENTED_EDGE ( 'NONE', *, *, #4747, .T. ) ;
#4689 = DIRECTION ( 'NONE',  ( -0.3713906763541037770, 0.000000000000000000, 0.9284766908852591927 ) ) ;
#4690 = VERTEX_POINT ( 'NONE', #10498 ) ;
#4691 = VECTOR ( 'NONE', #4350, 39.37007874015748143 ) ;
#4692 = CIRCLE ( 'NONE', #2650, 0.01535433070866142405 ) ;
#4693 = ADVANCED_FACE ( 'NONE', ( #10373 ), #8555, .T. ) ;
#4694 = ORIENTED_EDGE ( 'NONE', *, *, #4224, .F. ) ;
#4695 = DIRECTION ( 'NONE',  ( 0.7071067811860011210, 0.000000000000000000, -0.7071067811870939135 ) ) ;
#4696 = EDGE_CURVE ( 'NONE', #11207, #3492, #6933, .T. ) ;
#4697 = CARTESIAN_POINT ( 'NONE',  ( 0.09719973249179229835, -0.07874015748030072093, -0.2329808955560515593 ) ) ;
#4698 = DIRECTION ( 'NONE',  ( -1.000000000000000000, -2.814134309016042600E-13, 5.200146763437701434E-11 ) ) ;
#4699 = CARTESIAN_POINT ( 'NONE',  ( -0.1279527559055118335, 9.401815977706060707E-18, -7.888211081705560117E-15 ) ) ;
#4700 = FACE_OUTER_BOUND ( 'NONE', #2663, .T. ) ;
#4701 = CARTESIAN_POINT ( 'NONE',  ( -0.01377952755905511965, 0.07545041094295276696, -0.3726771653543307639 ) ) ;
#4702 = CARTESIAN_POINT ( 'NONE',  ( 0.06557582767129620238, -0.04935686497285604601, -0.04793620903807011002 ) ) ;
#4703 = EDGE_LOOP ( 'NONE', ( #5400, #10973, #11104, #4935 ) ) ;
#4704 = CARTESIAN_POINT ( 'NONE',  ( -0.1850393700787401619, -0.08976377952754717449, -0.3149606299212598381 ) ) ;
#4705 = ORIENTED_EDGE ( 'NONE', *, *, #1366, .F. ) ;
#4706 = ORIENTED_EDGE ( 'NONE', *, *, #242, .F. ) ;
#4707 = ORIENTED_EDGE ( 'NONE', *, *, #1063, .T. ) ;
#4708 = EDGE_CURVE ( 'NONE', #5049, #4504, #5012, .T. ) ;
#4709 = EDGE_CURVE ( 'NONE', #2781, #11276, #7626, .T. ) ;
#4710 = ORIENTED_EDGE ( 'NONE', *, *, #2629, .F. ) ;
#4711 = CYLINDRICAL_SURFACE ( 'NONE', #8688, 0.01574803149606303354 ) ;
#4712 = CARTESIAN_POINT ( 'NONE',  ( 0.1071134490885039536, -0.05232435738940945102, -0.05698806430803148720 ) ) ;
#4713 = CARTESIAN_POINT ( 'NONE',  ( 0.07331635766946133226, 0.01616360209959375599, -0.2906091541788790589 ) ) ;
#4714 = CARTESIAN_POINT ( 'NONE',  ( 0.08756178836086613015, 0.06615770539039371456, -0.03069167557252362386 ) ) ;
#4715 = DIRECTION ( 'NONE',  ( 0.000000000000000000, 0.000000000000000000, 1.000000000000000000 ) ) ;
#4716 = ORIENTED_EDGE ( 'NONE', *, *, #6616, .T. ) ;
#4717 = CARTESIAN_POINT ( 'NONE',  ( -0.01377952755905510925, 0.06496062992125983815, -0.3307086614173229133 ) ) ;
#4718 = EDGE_LOOP ( 'NONE', ( #3474, #2898, #10486 ) ) ;
#4719 = CARTESIAN_POINT ( 'NONE',  ( 0.07408915357887677078, 0.03793001002834832380, -0.3348826027206672773 ) ) ;
#4720 = ADVANCED_FACE ( 'NONE', ( #10261 ), #2387, .F. ) ;
#4721 = EDGE_CURVE ( 'NONE', #10889, #2472, #2271, .T. ) ;
#4722 = CARTESIAN_POINT ( 'NONE',  ( -0.1929133858267716994, -0.1015748031496183368, -0.3149606299212598381 ) ) ;
#4723 = CARTESIAN_POINT ( 'NONE',  ( 0.03366141732283461224, -0.07716535432381518844, -0.3216535433076772033 ) ) ;
#4724 = LINE ( 'NONE', #7280, #3563 ) ;
#4725 = CARTESIAN_POINT ( 'NONE',  ( 0.06583983324559056216, -0.04933997438748031344, -0.04860001343708661437 ) ) ;
#4726 = CARTESIAN_POINT ( 'NONE',  ( -0.1562992113779587133, -0.07755905511811023167, -0.2834645669291337988 ) ) ;
#4727 = DIRECTION ( 'NONE',  ( 0.000000000000000000, -2.168404344971003346E-15, -1.000000000000000000 ) ) ;
#4728 = DIRECTION ( 'NONE',  ( 1.000000000000000000, -7.228014483236656126E-16, -5.782411586589324901E-15 ) ) ;
#4729 = VECTOR ( 'NONE', #4964, 39.37007874015748143 ) ;
#4730 = EDGE_LOOP ( 'NONE', ( #11111, #6702, #10412, #10684 ) ) ;
#4731 = CARTESIAN_POINT ( 'NONE',  ( -0.1929133858267716994, -0.08976377952755311418, -0.2952755905511811330 ) ) ;
#4732 = EDGE_CURVE ( 'NONE', #5920, #3169, #6755, .T. ) ;
#4733 = EDGE_CURVE ( 'NONE', #2899, #10874, #1516, .T. ) ;
#4734 = ORIENTED_EDGE ( 'NONE', *, *, #9097, .T. ) ;
#4735 = VECTOR ( 'NONE', #4992, 39.37007874015748143 ) ;
#4736 = CARTESIAN_POINT ( 'NONE',  ( 0.1028532922729527149, 0.06809960043562991727, -0.05674126507090550969 ) ) ;
#4737 = DIRECTION ( 'NONE',  ( 0.000000000000000000, 1.000000000000000000, 1.300370019848164454E-15 ) ) ;
#4738 = DIRECTION ( 'NONE',  ( -1.334402673828313043E-15, -0.000000000000000000, -1.000000000000000000 ) ) ;
#4739 = DIRECTION ( 'NONE',  ( 0.000000000000000000, 1.000000000000000000, 0.000000000000000000 ) ) ;
#4740 = DIRECTION ( 'NONE',  ( 1.000000000000000000, 0.000000000000000000, 0.000000000000000000 ) ) ;
#4741 = EDGE_LOOP ( 'NONE', ( #9271, #954, #11429, #3924 ) ) ;
#4742 = VERTEX_POINT ( 'NONE', #2457 ) ;
#4743 = EDGE_LOOP ( 'NONE', ( #7826, #7028, #8299, #1421 ) ) ;
#4744 = VECTOR ( 'NONE', #10697, 39.37007874015748143 ) ;
#4745 = CARTESIAN_POINT ( 'NONE',  ( 0.09448818897636976355, -0.07165354330709436392, -0.2874015748031439332 ) ) ;
#4746 = ORIENTED_EDGE ( 'NONE', *, *, #9185, .T. ) ;
#4747 = EDGE_CURVE ( 'NONE', #9998, #7202, #5077, .T. ) ;
#4748 = ORIENTED_EDGE ( 'NONE', *, *, #1862, .F. ) ;
#4749 = CARTESIAN_POINT ( 'NONE',  ( 0.04547244094486757593, -0.07283464566929272188, -0.3661417322834658039 ) ) ;
#4750 = CARTESIAN_POINT ( 'NONE',  ( -0.1425196850393700698, -0.08267716535433068670, -0.3661417322834645272 ) ) ;
#4751 = CARTESIAN_POINT ( 'NONE',  ( 0.1166483451181289793, 0.02952755905511810289, -0.3213727545669479158 ) ) ;
#4752 = CIRCLE ( 'NONE', #8841, 0.007874015746530824839 ) ;
#4753 = CARTESIAN_POINT ( 'NONE',  ( 0.1920425781607096871, -0.1015748031496063186, -0.1629921238597126787 ) ) ;
#4754 = LINE ( 'NONE', #5508, #8960 ) ;
#4755 = DIRECTION ( 'NONE',  ( 0.000000000000000000, 0.000000000000000000, 1.000000000000000000 ) ) ;
#4756 = FACE_OUTER_BOUND ( 'NONE', #7015, .T. ) ;
#4757 = VERTEX_POINT ( 'NONE', #6868 ) ;
#4758 = CARTESIAN_POINT ( 'NONE',  ( 0.1115804426340924055, -0.07283464566850668398, -0.1596008636740994802 ) ) ;
#4759 = ORIENTED_EDGE ( 'NONE', *, *, #3338, .T. ) ;
#4760 = EDGE_CURVE ( 'NONE', #549, #2732, #4200, .T. ) ;
#4761 = ORIENTED_EDGE ( 'NONE', *, *, #10429, .T. ) ;
#4762 = VECTOR ( 'NONE', #183, 39.37007874015748854 ) ;
#4763 = LINE ( 'NONE', #2788, #2931 ) ;
#4764 = CARTESIAN_POINT ( 'NONE',  ( 0.1063086171237795363, -0.06299212598425196763, -0.3208661417487009837 ) ) ;
#4765 = CARTESIAN_POINT ( 'NONE',  ( 0.07328986257967885776, 0.01985621964199970127, -0.2890912514832204572 ) ) ;
#4766 = LINE ( 'NONE', #1203, #1008 ) ;
#4767 = DIRECTION ( 'NONE',  ( 1.000000000000000000, 0.000000000000000000, 0.000000000000000000 ) ) ;
#4768 = ORIENTED_EDGE ( 'NONE', *, *, #3863, .T. ) ;
#4769 = EDGE_LOOP ( 'NONE', ( #753, #10579, #10231, #10859 ) ) ;
#4770 = EDGE_CURVE ( 'NONE', #9648, #2472, #1386, .T. ) ;
#4771 = EDGE_CURVE ( 'NONE', #9060, #252, #692, .T. ) ;
#4772 = EDGE_CURVE ( 'NONE', #1222, #4354, #4261, .T. ) ;
#4773 = DIRECTION ( 'NONE',  ( 1.000000000000000000, 0.000000000000000000, -3.620554093919174809E-09 ) ) ;
#4774 = PLANE ( 'NONE',  #8628 ) ;
#4775 = DIRECTION ( 'NONE',  ( 0.000000000000000000, 0.000000000000000000, 1.000000000000000000 ) ) ;
#4776 = CYLINDRICAL_SURFACE ( 'NONE', #9307, 0.01574803149600124963 ) ;
#4777 = DIRECTION ( 'NONE',  ( 0.03489949675390867367, 0.000000000000000000, 0.9993908270173004205 ) ) ;
#4778 = DIRECTION ( 'NONE',  ( 1.000000000000000000, 0.000000000000000000, 0.000000000000000000 ) ) ;
#4779 = DIRECTION ( 'NONE',  ( 0.000000000000000000, 1.000000000000000000, 0.000000000000000000 ) ) ;
#4780 = DIRECTION ( 'NONE',  ( -1.000000000000000000, -0.000000000000000000, -0.000000000000000000 ) ) ;
#4781 = ORIENTED_EDGE ( 'NONE', *, *, #10389, .F. ) ;
#4782 = EDGE_CURVE ( 'NONE', #9859, #9045, #5821, .T. ) ;
#4783 = CARTESIAN_POINT ( 'NONE',  ( 0.07321030743968504062, -0.03592850539815354433, -0.2561457912403543036 ) ) ;
#4784 = CIRCLE ( 'NONE', #9239, 0.04724409448818897572 ) ;
#4785 = EDGE_LOOP ( 'NONE', ( #11313, #4161, #365, #8862 ) ) ;
#4786 = DIRECTION ( 'NONE',  ( -1.000000000000000000, 0.000000000000000000, 7.688455000561518633E-11 ) ) ;
#4787 = DIRECTION ( 'NONE',  ( 0.000000000000000000, 0.000000000000000000, 1.000000000000000000 ) ) ;
#4788 = LINE ( 'NONE', #2164, #11382 ) ;
#4789 = VECTOR ( 'NONE', #9415, 39.37007874015748854 ) ;
#4790 = CARTESIAN_POINT ( 'NONE',  ( -0.1425196850393700976, -0.01673228346456693064, -0.1031496062992126317 ) ) ;
#4791 = CARTESIAN_POINT ( 'NONE',  ( 0.06394134495216537151, -0.04428298982082678331, -0.2124360819669291744 ) ) ;
#4792 = ORIENTED_EDGE ( 'NONE', *, *, #3376, .T. ) ;
#4793 = EDGE_LOOP ( 'NONE', ( #3222, #4792, #9296 ) ) ;
#4794 = EDGE_CURVE ( 'NONE', #6759, #7664, #7689, .T. ) ;
#4795 = ORIENTED_EDGE ( 'NONE', *, *, #1228, .T. ) ;
#4796 = VECTOR ( 'NONE', #3547, 39.37007874015748143 ) ;
#4797 = CARTESIAN_POINT ( 'NONE',  ( 0.02133125756463385980, -0.08267716535433072833, -0.3087140224257873822 ) ) ;
#4798 = EDGE_LOOP ( 'NONE', ( #8990, #8360, #3298, #9192, #2613, #8618 ) ) ;
#4799 = AXIS2_PLACEMENT_3D ( 'NONE', #142, #4466, #4524 ) ;
#4800 = VERTEX_POINT ( 'NONE', #918 ) ;
#4801 = LINE ( 'NONE', #2063, #3541 ) ;
#4802 = DIMENSIONAL_EXPONENTS ( 1.000000000000000000, 0.000000000000000000, 0.000000000000000000, 0.000000000000000000, 0.000000000000000000, 0.000000000000000000, 0.000000000000000000 ) ;
#4803 = CARTESIAN_POINT ( 'NONE',  ( 0.02167235326551181229, 0.08858267716535429825, -0.2893700787565746668 ) ) ;
#4804 = VECTOR ( 'NONE', #10485, 39.37007874015748854 ) ;
#4805 = CARTESIAN_POINT ( 'NONE',  ( 0.1082677165354330728, -0.07165354330708662012, -0.1929133858267716994 ) ) ;
#4806 = CARTESIAN_POINT ( 'NONE',  ( 0.06523223503218504582, -0.01181102362204724567, -0.3350372008001377133 ) ) ;
#4807 = CARTESIAN_POINT ( 'NONE',  ( 0.04135739263559054524, -0.05905511811023622659, -0.3435039370242913281 ) ) ;
#4808 = DIRECTION ( 'NONE',  ( 0.000000000000000000, 1.000000000000000000, 0.000000000000000000 ) ) ;
#4809 = LINE ( 'NONE', #9287, #7044 ) ;
#4810 = ORIENTED_EDGE ( 'NONE', *, *, #3523, .F. ) ;
#4811 = DIRECTION ( 'NONE',  ( -1.000000000000000000, 0.000000000000000000, 0.000000000000000000 ) ) ;
#4812 = EDGE_CURVE ( 'NONE', #4611, #2339, #8068, .T. ) ;
#4813 = VECTOR ( 'NONE', #10660, 39.37007874015748143 ) ;
#4814 = ORIENTED_EDGE ( 'NONE', *, *, #4661, .T. ) ;
#4815 = ORIENTED_EDGE ( 'NONE', *, *, #4866, .F. ) ;
#4816 = VERTEX_POINT ( 'NONE', #5185 ) ;
#4817 = VECTOR ( 'NONE', #5158, 39.37007874015748143 ) ;
#4818 = DIRECTION ( 'NONE',  ( -0.000000000000000000, -0.000000000000000000, -1.000000000000000000 ) ) ;
#4819 = CARTESIAN_POINT ( 'NONE',  ( 0.1850393700765354532, -0.08975437318898128736, -0.3346456693077559108 ) ) ;
#4820 = CARTESIAN_POINT ( 'NONE',  ( 0.06104314414034842790, -0.02755905511811023931, -0.2642333850147929319 ) ) ;
#4821 = VECTOR ( 'NONE', #10787, 39.37007874015748854 ) ;
#4822 = DIRECTION ( 'NONE',  ( 0.03489949675390542627, 0.000000000000000000, 0.9993908270173006425 ) ) ;
#4823 = DIRECTION ( 'NONE',  ( 0.01745240834322819845, -1.250342982812131068E-09, -0.9998476951231229926 ) ) ;
#4824 = VERTEX_POINT ( 'NONE', #5350 ) ;
#4825 = VERTEX_POINT ( 'NONE', #7213 ) ;
#4826 = AXIS2_PLACEMENT_3D ( 'NONE', #5943, #5880, #11125 ) ;
#4827 = DIRECTION ( 'NONE',  ( -0.9205048535679877242, 7.711012876589964650E-12, 0.3907311282170607414 ) ) ;
#4828 = LINE ( 'NONE', #3088, #8916 ) ;
#4829 = EDGE_CURVE ( 'NONE', #2011, #2515, #8969, .T. ) ;
#4830 = DIRECTION ( 'NONE',  ( 0.03489949675481056335, 0.000000000000000000, 0.9993908270172691122 ) ) ;
#4831 = DIRECTION ( 'NONE',  ( -4.230593554140066013E-15, 1.826756116670931896E-09, -1.000000000000000000 ) ) ;
#4832 = ADVANCED_FACE ( 'NONE', ( #7924 ), #5250, .T. ) ;
#4833 = CARTESIAN_POINT ( 'NONE',  ( 0.06919451137204725433, -0.04977920194527558906, -0.02956050008629528339 ) ) ;
#4834 = CARTESIAN_POINT ( 'NONE',  ( -0.02362204724913400875, -1.687505431709033550E-18, -0.3444881889713384826 ) ) ;
#4835 = CIRCLE ( 'NONE', #567, 0.05252058937007872408 ) ;
#4836 = CARTESIAN_POINT ( 'NONE',  ( 0.1250000000105511710, -0.01968503937007866356, -0.3111619278874409034 ) ) ;
#4837 = DIRECTION ( 'NONE',  ( 0.000000000000000000, 1.000000000000000000, 0.000000000000000000 ) ) ;
#4838 = AXIS2_PLACEMENT_3D ( 'NONE', #9537, #8649, #2966 ) ;
#4839 = VERTEX_POINT ( 'NONE', #1625 ) ;
#4840 = PLANE ( 'NONE',  #2978 ) ;
#4841 = VERTEX_POINT ( 'NONE', #6987 ) ;
#4842 = CIRCLE ( 'NONE', #1119, 0.03937007874015747977 ) ;
#4843 = CIRCLE ( 'NONE', #1300, 0.005905511811000725350 ) ;
#4844 = AXIS2_PLACEMENT_3D ( 'NONE', #8047, #62, #3625 ) ;
#4845 = AXIS2_PLACEMENT_3D ( 'NONE', #6005, #1519, #5081 ) ;
#4846 = ORIENTED_EDGE ( 'NONE', *, *, #3160, .F. ) ;
#4847 = DIRECTION ( 'NONE',  ( -1.000000000000000000, 0.000000000000000000, 0.000000000000000000 ) ) ;
#4848 = DIRECTION ( 'NONE',  ( 0.000000000000000000, -1.000000000000000000, 0.000000000000000000 ) ) ;
#4849 = EDGE_CURVE ( 'NONE', #5164, #290, #9611, .T. ) ;
#4850 = CARTESIAN_POINT ( 'NONE',  ( 0.09056058562771653053, -0.06299212598425196763, -0.3661417322998819501 ) ) ;
#4851 =( NAMED_UNIT ( * ) SI_UNIT ( $, .STERADIAN. ) SOLID_ANGLE_UNIT ( ) );
#4852 = LINE ( 'NONE', #3929, #11051 ) ;
#4853 = EDGE_LOOP ( 'NONE', ( #5786, #6964, #6566, #8103 ) ) ;
#4854 = VECTOR ( 'NONE', #7621, 39.37007874015748143 ) ;
#4855 = VERTEX_POINT ( 'NONE', #7157 ) ;
#4856 = VECTOR ( 'NONE', #10883, 39.37007874015748143 ) ;
#4857 = ORIENTED_EDGE ( 'NONE', *, *, #6016, .F. ) ;
#4858 = PLANE ( 'NONE',  #7606 ) ;
#4859 = ORIENTED_EDGE ( 'NONE', *, *, #6713, .F. ) ;
#4860 = EDGE_CURVE ( 'NONE', #2707, #4611, #8907, .T. ) ;
#4861 = AXIS2_PLACEMENT_3D ( 'NONE', #9561, #95, #2843 ) ;
#4862 = ORIENTED_EDGE ( 'NONE', *, *, #11487, .T. ) ;
#4863 = CYLINDRICAL_SURFACE ( 'NONE', #10604, 0.003937007874015724558 ) ;
#4864 = AXIS2_PLACEMENT_3D ( 'NONE', #5564, #8074, #7139 ) ;
#4865 = DIRECTION ( 'NONE',  ( 0.000000000000000000, -1.000000000000000000, 0.000000000000000000 ) ) ;
#4866 = EDGE_CURVE ( 'NONE', #9648, #5488, #2206, .T. ) ;
#4867 = AXIS2_PLACEMENT_3D ( 'NONE', #1000, #3692, #6190 ) ;
#4868 = DIRECTION ( 'NONE',  ( 0.000000000000000000, 0.000000000000000000, 1.000000000000000000 ) ) ;
#4869 = CARTESIAN_POINT ( 'NONE',  ( 0.1841685624169291657, -0.1015748031496008508, -0.1629921260016929385 ) ) ;
#4870 = LINE ( 'NONE', #4807, #1297 ) ;
#4871 = DIRECTION ( 'NONE',  ( 0.5017180897717943289, -0.8650311892618333109, 0.000000000000000000 ) ) ;
#4872 = DIRECTION ( 'NONE',  ( 1.000000000000000000, 0.000000000000000000, 0.000000000000000000 ) ) ;
#4873 = ORIENTED_EDGE ( 'NONE', *, *, #3809, .F. ) ;
#4874 = PLANE ( 'NONE',  #2076 ) ;
#4875 = VECTOR ( 'NONE', #6253, 39.37007874015748143 ) ;
#4876 = ORIENTED_EDGE ( 'NONE', *, *, #202, .T. ) ;
#4877 = CIRCLE ( 'NONE', #11361, 0.007874015748031516770 ) ;
#4878 = VECTOR ( 'NONE', #2325, 39.37007874015748143 ) ;
#4879 = VERTEX_POINT ( 'NONE', #812 ) ;
#4880 = ORIENTED_EDGE ( 'NONE', *, *, #8605, .T. ) ;
#4881 = EDGE_CURVE ( 'NONE', #1778, #2285, #5563, .T. ) ;
#4882 = EDGE_CURVE ( 'NONE', #5551, #7896, #10964, .T. ) ;
#4883 = ADVANCED_FACE ( 'NONE', ( #1801 ), #7868, .F. ) ;
#4884 = LINE ( 'NONE', #6558, #6967 ) ;
#4885 = CARTESIAN_POINT ( 'NONE',  ( -0.05118110236220473064, 0.000000000000000000, -0.03937007874015184539 ) ) ;
#4886 = DIRECTION ( 'NONE',  ( 0.000000000000000000, -0.7071067811865474617, 0.7071067811865474617 ) ) ;
#4887 = DIRECTION ( 'NONE',  ( 3.269398054335835202E-09, 0.000000000000000000, -1.000000000000000000 ) ) ;
#4888 = LINE ( 'NONE', #11170, #11121 ) ;
#4889 = ORIENTED_EDGE ( 'NONE', *, *, #530, .T. ) ;
#4890 = ORIENTED_EDGE ( 'NONE', *, *, #4205, .T. ) ;
#4891 = ADVANCED_FACE ( 'NONE', ( #9733 ), #1858, .T. ) ;
#4892 = CARTESIAN_POINT ( 'NONE',  ( 0.1016452866323404453, -0.07086614173228347746, -0.2748916943525871459 ) ) ;
#4893 = DIRECTION ( 'NONE',  ( -0.5321715452190693973, 0.000000000000000000, -0.8466365492105498713 ) ) ;
#4894 = DIRECTION ( 'NONE',  ( 0.000000000000000000, 0.000000000000000000, 1.000000000000000000 ) ) ;
#4895 = DIRECTION ( 'NONE',  ( -1.000000000000000000, -0.000000000000000000, -0.000000000000000000 ) ) ;
#4896 = DIRECTION ( 'NONE',  ( 0.000000000000000000, 1.000000000000000000, 1.302425177218709778E-15 ) ) ;
#4897 = CARTESIAN_POINT ( 'NONE',  ( 0.1261170745485815092, -0.01968503937007873988, -0.2792297050888475907 ) ) ;
#4898 = CARTESIAN_POINT ( 'NONE',  ( 0.1082677165354366533, -0.09842519685039785582, -0.2370078740196850942 ) ) ;
#4899 = DIRECTION ( 'NONE',  ( 0.03489949667903968072, 0.000000000000000000, 0.9993908270199149957 ) ) ;
#4900 = ADVANCED_FACE ( 'NONE', ( #981 ), #4544, .F. ) ;
#4901 = ORIENTED_EDGE ( 'NONE', *, *, #4539, .F. ) ;
#4902 = CARTESIAN_POINT ( 'NONE',  ( 0.1093644017226455267, -0.07736145861701783366, -0.2230599725506496045 ) ) ;
#4903 = EDGE_CURVE ( 'NONE', #7269, #2089, #537, .T. ) ;
#4904 = ORIENTED_EDGE ( 'NONE', *, *, #5458, .T. ) ;
#4905 = ORIENTED_EDGE ( 'NONE', *, *, #742, .T. ) ;
#4906 = CARTESIAN_POINT ( 'NONE',  ( 0.03348337688755829988, 0.08858267716535432601, -0.3661417322998818391 ) ) ;
#4907 = DIRECTION ( 'NONE',  ( -3.614007241618349757E-16, 0.000000000000000000, 1.000000000000000000 ) ) ;
#4908 = LINE ( 'NONE', #6880, #33 ) ;
#4909 = CIRCLE ( 'NONE', #815, 0.01377952757024026274 ) ;
#4910 = DIRECTION ( 'NONE',  ( 0.000000000000000000, 1.000000000000000000, 0.000000000000000000 ) ) ;
#4911 = CARTESIAN_POINT ( 'NONE',  ( 0.04409479032984253699, -0.04517845776275590530, -0.1883983734742913363 ) ) ;
#4912 = ORIENTED_EDGE ( 'NONE', *, *, #5580, .F. ) ;
#4913 = ORIENTED_EDGE ( 'NONE', *, *, #7965, .T. ) ;
#4914 = ORIENTED_EDGE ( 'NONE', *, *, #2303, .T. ) ;
#4915 = ADVANCED_FACE ( 'NONE', ( #9670 ), #1689, .F. ) ;
#4916 = ADVANCED_FACE ( 'NONE', ( #4430 ), #7976, .T. ) ;
#4917 = EDGE_CURVE ( 'NONE', #8706, #853, #1092, .T. ) ;
#4918 = DIRECTION ( 'NONE',  ( 0.03489949675390441319, 0.000000000000000000, 0.9993908270173006425 ) ) ;
#4919 = VERTEX_POINT ( 'NONE', #8204 ) ;
#4920 = AXIS2_PLACEMENT_3D ( 'NONE', #6416, #4453, #3816 ) ;
#4921 = ORIENTED_EDGE ( 'NONE', *, *, #5871, .F. ) ;
#4922 = CARTESIAN_POINT ( 'NONE',  ( 0.04135739263559054524, -0.05905511811023622659, -0.3208661417487008172 ) ) ;
#4923 = LINE ( 'NONE', #2349, #6142 ) ;
#4924 = FACE_OUTER_BOUND ( 'NONE', #190, .T. ) ;
#4925 = CARTESIAN_POINT ( 'NONE',  ( 0.02068211963994488409, -0.04676329770464569130, -0.1331279074012598485 ) ) ;
#4926 = CARTESIAN_POINT ( 'NONE',  ( 0.1244200889829527867, -0.08515109548066929213, -0.3661417322834646937 ) ) ;
#4927 = CARTESIAN_POINT ( 'NONE',  ( -0.05118110236220472370, -6.341789985291833771E-17, -0.2795275590551197231 ) ) ;
#4928 = EDGE_LOOP ( 'NONE', ( #2713, #738, #2126, #6614 ) ) ;
#4929 = FACE_OUTER_BOUND ( 'NONE', #4097, .T. ) ;
#4930 = AXIS2_PLACEMENT_3D ( 'NONE', #11410, #5334, #8889 ) ;
#4931 = ORIENTED_EDGE ( 'NONE', *, *, #5712, .T. ) ;
#4932 = EDGE_CURVE ( 'NONE', #7949, #3565, #2908, .T. ) ;
#4933 = ORIENTED_EDGE ( 'NONE', *, *, #9409, .F. ) ;
#4934 = ORIENTED_EDGE ( 'NONE', *, *, #278, .T. ) ;
#4935 = ORIENTED_EDGE ( 'NONE', *, *, #6223, .T. ) ;
#4936 = DIRECTION ( 'NONE',  ( 1.000000000000000000, 0.000000000000000000, 0.000000000000000000 ) ) ;
#4937 = DIRECTION ( 'NONE',  ( 0.000000000000000000, 1.000000000000000000, 0.000000000000000000 ) ) ;
#4938 = DIRECTION ( 'NONE',  ( 0.000000000000000000, 0.000000000000000000, 1.000000000000000000 ) ) ;
#4939 = CARTESIAN_POINT ( 'NONE',  ( 0.1574803149606466557, 0.02952755903740156632, -0.09763779527559791893 ) ) ;
#4940 = LINE ( 'NONE', #8481, #2188 ) ;
#4941 = ORIENTED_EDGE ( 'NONE', *, *, #10562, .F. ) ;
#4942 = ORIENTED_EDGE ( 'NONE', *, *, #3437, .F. ) ;
#4943 = EDGE_CURVE ( 'NONE', #2362, #1641, #6448, .T. ) ;
#4944 = ORIENTED_EDGE ( 'NONE', *, *, #6225, .F. ) ;
#4945 = TOROIDAL_SURFACE ( 'NONE', #1394, 0.02755905510602376859, 0.009842519659826817410 ) ;
#4946 = CARTESIAN_POINT ( 'NONE',  ( -0.05118110236220473064, -1.789005760185421908E-11, -0.3484251968898076091 ) ) ;
#4947 = CARTESIAN_POINT ( 'NONE',  ( -0.1602362192519684869, -0.08582677165354331283, -0.1062992125984252439 ) ) ;
#4948 = DIRECTION ( 'NONE',  ( 0.000000000000000000, 0.000000000000000000, -1.000000000000000000 ) ) ;
#4949 = DIRECTION ( 'NONE',  ( 0.000000000000000000, 1.000000000000000000, -2.168404344971010446E-15 ) ) ;
#4950 = CARTESIAN_POINT ( 'NONE',  ( 0.07550767557380501371, 0.02362204724388605390, -0.3033569815648042289 ) ) ;
#4951 = PLANE ( 'NONE',  #2833 ) ;
#4952 = CARTESIAN_POINT ( 'NONE',  ( -0.1425196850393646852, 0.005584380258625985111, -0.1037115865159055073 ) ) ;
#4953 = DIRECTION ( 'NONE',  ( 0.000000000000000000, -1.000000000000000000, 0.000000000000000000 ) ) ;
#4954 = CARTESIAN_POINT ( 'NONE',  ( 0.08267716535433068670, 0.09055118110236221041, -0.3661417322834646382 ) ) ;
#4955 = VERTEX_POINT ( 'NONE', #1035 ) ;
#4956 = EDGE_CURVE ( 'NONE', #9412, #3052, #8717, .T. ) ;
#4957 = LINE ( 'NONE', #10264, #11545 ) ;
#4958 = VERTEX_POINT ( 'NONE', #10011 ) ;
#4959 = ORIENTED_EDGE ( 'NONE', *, *, #3742, .T. ) ;
#4960 = DIRECTION ( 'NONE',  ( 0.000000000000000000, 1.000000000000000000, 0.000000000000000000 ) ) ;
#4961 = CARTESIAN_POINT ( 'NONE',  ( 0.09653533421412871518, -0.07086614173229470459, -0.2520067729624675401 ) ) ;
#4962 = PLANE ( 'NONE',  #10081 ) ;
#4963 = LENGTH_MEASURE_WITH_UNIT ( LENGTH_MEASURE( 0.02539999999999999897 ), #3166 );
#4964 = DIRECTION ( 'NONE',  ( 0.000000000000000000, 0.000000000000000000, 1.000000000000000000 ) ) ;
#4965 = VERTEX_POINT ( 'NONE', #8258 ) ;
#4966 = EDGE_LOOP ( 'NONE', ( #7183, #10167, #11351, #10935 ) ) ;
#4967 = VECTOR ( 'NONE', #7448, 39.37007874015748143 ) ;
#4968 = ORIENTED_EDGE ( 'NONE', *, *, #6939, .T. ) ;
#4969 = FACE_OUTER_BOUND ( 'NONE', #4584, .T. ) ;
#4970 = ORIENTED_EDGE ( 'NONE', *, *, #9171, .T. ) ;
#4971 = EDGE_LOOP ( 'NONE', ( #7693, #9706, #4921, #9613, #3069, #8008, #10296, #5637 ) ) ;
#4972 = DIRECTION ( 'NONE',  ( 0.000000000000000000, 0.000000000000000000, 1.000000000000000000 ) ) ;
#4973 = DIRECTION ( 'NONE',  ( -0.000000000000000000, -0.000000000000000000, -1.000000000000000000 ) ) ;
#4974 = VECTOR ( 'NONE', #7022, 39.37007874015748854 ) ;
#4975 = EDGE_CURVE ( 'NONE', #6039, #5866, #5470, .T. ) ;
#4976 = CARTESIAN_POINT ( 'NONE',  ( 0.1728872507487795029, -0.1019064925118897819, -0.3267716535597244287 ) ) ;
#4977 = DIRECTION ( 'NONE',  ( 0.000000000000000000, 0.000000000000000000, 1.000000000000000000 ) ) ;
#4978 = EDGE_CURVE ( 'NONE', #10917, #3669, #10891, .T. ) ;
#4979 = EDGE_CURVE ( 'NONE', #4841, #1065, #5586, .T. ) ;
#4980 = CARTESIAN_POINT ( 'NONE',  ( 0.02167235326551181229, -0.07677165354330707514, -0.2814960630085407423 ) ) ;
#4981 = CARTESIAN_POINT ( 'NONE',  ( 0.09448818896456687155, 0.07480314960629781684, -0.3543307086732284672 ) ) ;
#4982 = FACE_OUTER_BOUND ( 'NONE', #3187, .T. ) ;
#4983 = EDGE_LOOP ( 'NONE', ( #11035, #7730, #9573, #7899 ) ) ;
#4984 = CARTESIAN_POINT ( 'NONE',  ( 0.06214250832677085945, -0.01181102362204724567, -0.3272159170086512137 ) ) ;
#4985 = VERTEX_POINT ( 'NONE', #4717 ) ;
#4986 = ORIENTED_EDGE ( 'NONE', *, *, #59, .T. ) ;
#4987 = CIRCLE ( 'NONE', #3317, 0.01181102362204724046 ) ;
#4988 = VERTEX_POINT ( 'NONE', #6339 ) ;
#4989 = ORIENTED_EDGE ( 'NONE', *, *, #9223, .F. ) ;
#4990 = VECTOR ( 'NONE', #3667, 39.37007874015748143 ) ;
#4991 = EDGE_LOOP ( 'NONE', ( #10229, #4644, #6460, #3917 ) ) ;
#4992 = DIRECTION ( 'NONE',  ( 0.000000000000000000, 1.000000000000000000, 0.000000000000000000 ) ) ;
#4993 = DIRECTION ( 'NONE',  ( 0.000000000000000000, 1.000000000000000000, 0.000000000000000000 ) ) ;
#4994 = EDGE_CURVE ( 'NONE', #5782, #1587, #3732, .T. ) ;
#4995 = AXIS2_PLACEMENT_3D ( 'NONE', #9256, #9084, #8382 ) ;
#4996 = CARTESIAN_POINT ( 'NONE',  ( 0.02234729276724140012, -0.04587606607414117244, -0.1713891575458876826 ) ) ;
#4997 = DIRECTION ( 'NONE',  ( 0.000000000000000000, 0.000000000000000000, 1.000000000000000000 ) ) ;
#4998 = CARTESIAN_POINT ( 'NONE',  ( -0.07874015748031495954, 0.1023622047243944455, -0.2874015748031495954 ) ) ;
#4999 = ORIENTED_EDGE ( 'NONE', *, *, #11437, .F. ) ;
#5000 = CIRCLE ( 'NONE', #11515, 0.01181102362202466130 ) ;
#5001 = ORIENTED_EDGE ( 'NONE', *, *, #3065, .T. ) ;
#5002 = EDGE_LOOP ( 'NONE', ( #2214, #1691, #1320, #3979, #4941 ) ) ;
#5003 = EDGE_CURVE ( 'NONE', #10979, #9045, #2854, .T. ) ;
#5004 = PLANE ( 'NONE',  #2406 ) ;
#5005 = CARTESIAN_POINT ( 'NONE',  ( -0.1574803149606299191, -0.09842519685039369248, -1.920830620545185230E-17 ) ) ;
#5006 = CARTESIAN_POINT ( 'NONE',  ( -0.1475354330708661676, -0.06102362204724410405, -0.3610236220472440860 ) ) ;
#5007 = ADVANCED_FACE ( 'NONE', ( #5525, #6746 ), #7446, .T. ) ;
#5008 = CARTESIAN_POINT ( 'NONE',  ( 0.03348337688764465442, -0.03937007875240076255, -0.3208641732437798599 ) ) ;
#5009 = CYLINDRICAL_SURFACE ( 'NONE', #3327, 0.005905511811023620231 ) ;
#5010 = CARTESIAN_POINT ( 'NONE',  ( 0.02080943157674803451, 0.08832911661610239051, -0.2795275590551181133 ) ) ;
#5011 = DIRECTION ( 'NONE',  ( 0.02156899743677048037, -0.9996352360548029781, -0.01625340540412645654 ) ) ;
#5012 = CIRCLE ( 'NONE', #10597, 0.007874015748031516770 ) ;
#5013 = DIRECTION ( 'NONE',  ( -0.000000000000000000, -1.000000000000000000, -0.000000000000000000 ) ) ;
#5014 = DIRECTION ( 'NONE',  ( 4.336808701051168789E-15, 0.000000000000000000, 1.000000000000000000 ) ) ;
#5015 = ORIENTED_EDGE ( 'NONE', *, *, #5474, .T. ) ;
#5016 = VECTOR ( 'NONE', #10281, 39.37007874015748143 ) ;
#5017 = FACE_OUTER_BOUND ( 'NONE', #6139, .T. ) ;
#5018 = EDGE_LOOP ( 'NONE', ( #11492, #8794, #3877, #1737 ) ) ;
#5019 = EDGE_CURVE ( 'NONE', #10874, #10994, #9369, .T. ) ;
#5020 = VECTOR ( 'NONE', #9553, 39.37007874015748143 ) ;
#5021 = EDGE_LOOP ( 'NONE', ( #1615, #1640, #7053, #10422 ) ) ;
#5022 = CARTESIAN_POINT ( 'NONE',  ( 0.1945667410411024145, -0.08975437318897638850, -0.2818110236384645528 ) ) ;
#5023 = DIRECTION ( 'NONE',  ( -0.7071067811870939135, 0.000000000000000000, -0.7071067811860011210 ) ) ;
#5024 = EDGE_CURVE ( 'NONE', #254, #6495, #2201, .T. ) ;
#5025 = AXIS2_PLACEMENT_3D ( 'NONE', #2603, #7020, #4463 ) ;
#5026 = ADVANCED_FACE ( 'NONE', ( #1379 ), #5004, .T. ) ;
#5027 = VECTOR ( 'NONE', #6698, 39.37007874015748854 ) ;
#5028 = CARTESIAN_POINT ( 'NONE',  ( 0.05294028751089394080, 0.06191960188831070744, -0.1965332987672713250 ) ) ;
#5029 = VERTEX_POINT ( 'NONE', #3909 ) ;
#5030 = ORIENTED_EDGE ( 'NONE', *, *, #6791, .T. ) ;
#5031 = ORIENTED_EDGE ( 'NONE', *, *, #9857, .T. ) ;
#5032 = DIRECTION ( 'NONE',  ( 0.9998476951573034288, -3.784387374329604533E-17, 0.01745240638502408570 ) ) ;
#5033 = VECTOR ( 'NONE', #6530, 39.37007874015748143 ) ;
#5034 = ORIENTED_EDGE ( 'NONE', *, *, #11066, .F. ) ;
#5035 = ORIENTED_EDGE ( 'NONE', *, *, #11070, .T. ) ;
#5036 = FACE_OUTER_BOUND ( 'NONE', #442, .T. ) ;
#5037 = DIRECTION ( 'NONE',  ( -0.000000000000000000, -1.000000000000000000, -0.000000000000000000 ) ) ;
#5038 = CARTESIAN_POINT ( 'NONE',  ( 0.000000000000000000, -0.09842519685037785793, -0.2559055118110236671 ) ) ;
#5040 = DIRECTION ( 'NONE',  ( 0.000000000000000000, -1.000000000000000000, 0.000000000000000000 ) ) ;
#5039 = VECTOR ( 'NONE', #3682, 39.37007874015748143 ) ;
#5041 = AXIS2_PLACEMENT_3D ( 'NONE', #4051, #7534, #3115 ) ;
#5042 = AXIS2_PLACEMENT_3D ( 'NONE', #10953, #8097, #5651 ) ;
#5043 = DIRECTION ( 'NONE',  ( -0.03489949667904205383, -0.000000000000000000, -0.9993908270199149957 ) ) ;
#5044 = CARTESIAN_POINT ( 'NONE',  ( 0.1082677165354330728, 0.005905511811023620231, -0.2724409450393701637 ) ) ;
#5045 = CARTESIAN_POINT ( 'NONE',  ( -0.05118110236220472370, -0.02755905511811023237, -0.3307086614173228023 ) ) ;
#5046 = ORIENTED_EDGE ( 'NONE', *, *, #8659, .F. ) ;
#5047 = DIRECTION ( 'NONE',  ( -0.000000000000000000, -1.000000000000000000, -0.000000000000000000 ) ) ;
#5048 = ORIENTED_EDGE ( 'NONE', *, *, #5983, .T. ) ;
#5049 = VERTEX_POINT ( 'NONE', #571 ) ;
#5050 = CARTESIAN_POINT ( 'NONE',  ( 0.1641732283442537965, -0.08975437318897884487, -0.3464566929298031894 ) ) ;
#5051 = ORIENTED_EDGE ( 'NONE', *, *, #4760, .F. ) ;
#5052 = EDGE_CURVE ( 'NONE', #2752, #8691, #4828, .T. ) ;
#5053 = AXIS2_PLACEMENT_3D ( 'NONE', #9831, #10494, #6048 ) ;
#5054 = EDGE_CURVE ( 'NONE', #2340, #5324, #9423, .T. ) ;
#5055 = VECTOR ( 'NONE', #6441, 39.37007874015748143 ) ;
#5056 = VERTEX_POINT ( 'NONE', #3262 ) ;
#5057 = PLANE ( 'NONE',  #11252 ) ;
#5058 = LINE ( 'NONE', #7672, #11493 ) ;
#5059 = CARTESIAN_POINT ( 'NONE',  ( -0.1929133858267716994, -0.1015748031496183368, -0.3149606299212598381 ) ) ;
#5060 = CARTESIAN_POINT ( 'NONE',  ( 0.07450909690448767608, -0.04992127181571719835, -0.02470510233493267496 ) ) ;
#5061 = LINE ( 'NONE', #4129, #10379 ) ;
#5062 = VECTOR ( 'NONE', #462, 39.37007874015748143 ) ;
#5063 = ORIENTED_EDGE ( 'NONE', *, *, #7939, .F. ) ;
#5064 = CIRCLE ( 'NONE', #7846, 0.01574803149606298150 ) ;
#5065 = VECTOR ( 'NONE', #3049, 39.37007874015748143 ) ;
#5066 = ORIENTED_EDGE ( 'NONE', *, *, #5275, .F. ) ;
#5067 = ORIENTED_EDGE ( 'NONE', *, *, #6038, .F. ) ;
#5068 = EDGE_CURVE ( 'NONE', #2459, #2712, #1506, .T. ) ;
#5069 = EDGE_CURVE ( 'NONE', #2723, #6301, #10425, .T. ) ;
#5070 = CARTESIAN_POINT ( 'NONE',  ( 0.02167235326551111840, 0.08385826771653365208, -0.3303149606463373633 ) ) ;
#5071 = CARTESIAN_POINT ( 'NONE',  ( -0.05118110236220473064, 0.000000000000000000, -0.3582677165415787401 ) ) ;
#5072 = DIRECTION ( 'NONE',  ( 0.000000000000000000, 1.000000000000000000, 0.000000000000000000 ) ) ;
#5073 = PLANE ( 'NONE',  #6711 ) ;
#5074 = CARTESIAN_POINT ( 'NONE',  ( 0.07605735772174240794, 0.02387208003937008050, -0.3348482475804616110 ) ) ;
#5075 = FACE_OUTER_BOUND ( 'NONE', #319, .T. ) ;
#5076 = PLANE ( 'NONE',  #1104 ) ;
#5077 = LINE ( 'NONE', #639, #1278 ) ;
#5078 = PLANE ( 'NONE',  #4491 ) ;
#5079 = EDGE_CURVE ( 'NONE', #421, #2991, #3210, .T. ) ;
#5080 = EDGE_LOOP ( 'NONE', ( #2830, #6249, #11032, #10772 ) ) ;
#5081 = DIRECTION ( 'NONE',  ( 1.000000000000000000, 0.000000000000000000, 0.000000000000000000 ) ) ;
#5082 = ORIENTED_EDGE ( 'NONE', *, *, #8044, .F. ) ;
#5083 = EDGE_CURVE ( 'NONE', #10298, #5782, #8728, .T. ) ;
#5084 = ORIENTED_EDGE ( 'NONE', *, *, #10453, .T. ) ;
#5085 = CARTESIAN_POINT ( 'NONE',  ( 0.1555118110394354269, 0.02559055118110238267, -0.1062992125906929153 ) ) ;
#5086 = CARTESIAN_POINT ( 'NONE',  ( 0.1574803149606299191, 0.02952755901968501934, -0.1830708661417323191 ) ) ;
#5087 = PLANE ( 'NONE',  #11117 ) ;
#5088 = DIRECTION ( 'NONE',  ( 0.000000000000000000, 0.000000000000000000, -1.000000000000000000 ) ) ;
#5089 = CARTESIAN_POINT ( 'NONE',  ( 0.1090035611561591400, -0.03937007874015747977, -0.2333930943289906079 ) ) ;
#5090 = ADVANCED_FACE ( 'NONE', ( #9488 ), #11061, .F. ) ;
#5091 = ORIENTED_EDGE ( 'NONE', *, *, #2708, .T. ) ;
#5092 = EDGE_LOOP ( 'NONE', ( #10637, #10907, #4795, #9623 ) ) ;
#5093 = ORIENTED_EDGE ( 'NONE', *, *, #1766, .F. ) ;
#5094 = EDGE_CURVE ( 'NONE', #653, #2075, #917, .T. ) ;
#5095 = DIRECTION ( 'NONE',  ( 7.500076948385677651E-11, 4.336810902550262859E-15, -1.000000000000000000 ) ) ;
#5096 = ORIENTED_EDGE ( 'NONE', *, *, #5273, .F. ) ;
#5097 = ORIENTED_EDGE ( 'NONE', *, *, #8044, .T. ) ;
#5098 = AXIS2_PLACEMENT_3D ( 'NONE', #3118, #10290, #4001 ) ;
#5099 = CARTESIAN_POINT ( 'NONE',  ( 0.09104399886302673439, -0.05034365978107518957, -0.03685379602031180202 ) ) ;
#5100 = DIRECTION ( 'NONE',  ( 3.838348900644203348E-31, -1.239088197126290472E-15, 1.000000000000000000 ) ) ;
#5101 = DIRECTION ( 'NONE',  ( 1.000000000000000000, 0.000000000000000000, 0.000000000000000000 ) ) ;
#5102 = LINE ( 'NONE', #7711, #9306 ) ;
#5103 = B_SPLINE_CURVE_WITH_KNOTS ( 'NONE', 3,
 ( #11499, #7885, #7061, #10516, #5436, #828 ),
 .UNSPECIFIED., .F., .F.,
 ( 4, 2, 4 ),
 ( 1.602707693765286004E-13, 0.0004291312295557061173, 0.0008582624589511401569 ),
 .UNSPECIFIED. ) ;
#5104 = CARTESIAN_POINT ( 'NONE',  ( 0.1428914318969684849, -0.1039135373062992224, -0.1062992125899999973 ) ) ;
#5105 = DIRECTION ( 'NONE',  ( -1.000000000000000000, 0.000000000000000000, 0.000000000000000000 ) ) ;
#5106 = DIRECTION ( 'NONE',  ( 0.000000000000000000, 0.000000000000000000, 1.000000000000000000 ) ) ;
#5107 = EDGE_LOOP ( 'NONE', ( #342, #5336, #1079, #11323 ) ) ;
#5108 = ORIENTED_EDGE ( 'NONE', *, *, #100, .T. ) ;
#5109 = EDGE_CURVE ( 'NONE', #1126, #3030, #11152, .T. ) ;
#5110 = DIRECTION ( 'NONE',  ( 0.000000000000000000, -0.7071067811865473507, 0.7071067811865477948 ) ) ;
#5111 = VERTEX_POINT ( 'NONE', #8377 ) ;
#5112 = VERTEX_POINT ( 'NONE', #6627 ) ;
#5113 = LINE ( 'NONE', #4240, #6401 ) ;
#5114 = CARTESIAN_POINT ( 'NONE',  ( 0.04724409448818896184, 0.07480314960629921850, -0.03937007880314961211 ) ) ;
#5115 = AXIS2_PLACEMENT_3D ( 'NONE', #7087, #7959, #41 ) ;
#5116 = CARTESIAN_POINT ( 'NONE',  ( 0.06804712069142983266, -0.01968503936857808612, -0.3271128516137292719 ) ) ;
#5117 = CARTESIAN_POINT ( 'NONE',  ( -0.1850393700787401619, -0.08976377952754788225, -0.1141732283464566844 ) ) ;
#5118 = CARTESIAN_POINT ( 'NONE',  ( 0.05582153287907647143, 0.02377371375570981257, -0.3034655579764684585 ) ) ;
#5119 = ORIENTED_EDGE ( 'NONE', *, *, #4520, .F. ) ;
#5120 = VERTEX_POINT ( 'NONE', #4019 ) ;
#5121 = ORIENTED_EDGE ( 'NONE', *, *, #5458, .F. ) ;
#5122 = VECTOR ( 'NONE', #5375, 39.37007874015748143 ) ;
#5123 = CARTESIAN_POINT ( 'NONE',  ( 0.1929133858245669908, -0.09565988500000001393, -0.3385826771886614184 ) ) ;
#5124 = CARTESIAN_POINT ( 'NONE',  ( 0.1033464566929133965, -0.08740157480314959815, -0.2992125984251968740 ) ) ;
#5125 = CARTESIAN_POINT ( 'NONE',  ( 0.06402691460637795207, 0.06135590060803149115, -0.2190940243459447989 ) ) ;
#5126 = LINE ( 'NONE', #11120, #5421 ) ;
#5127 = EDGE_CURVE ( 'NONE', #2686, #254, #11234, .T. ) ;
#5128 = CARTESIAN_POINT ( 'NONE',  ( -0.07874015748031495954, 0.1102362204724554734, -0.3267716535433070058 ) ) ;
#5129 = PLANE ( 'NONE',  #9333 ) ;
#5130 = ADVANCED_FACE ( 'NONE', ( #8435 ), #10131, .F. ) ;
#5131 = CARTESIAN_POINT ( 'NONE',  ( 0.02861665851497268223, -0.04571144732271323341, -0.1761134633530096194 ) ) ;
#5132 = EDGE_CURVE ( 'NONE', #80, #3630, #7429, .T. ) ;
#5133 = CARTESIAN_POINT ( 'NONE',  ( 0.02167235326551180535, 0.09448818897637795144, -0.3090551181266535385 ) ) ;
#5134 = CARTESIAN_POINT ( 'NONE',  ( 0.03954775891952757444, -0.06374015748031496009, -0.03990373714354331774 ) ) ;
#5135 = ORIENTED_EDGE ( 'NONE', *, *, #10364, .F. ) ;
#5136 = DIRECTION ( 'NONE',  ( 1.000000000000000000, 0.000000000000000000, 0.000000000000000000 ) ) ;
#5137 = AXIS2_PLACEMENT_3D ( 'NONE', #3348, #481, #8578 ) ;
#5138 = CARTESIAN_POINT ( 'NONE',  ( 0.1082677165354330728, -0.06496062992125516133, -0.3661417322834646937 ) ) ;
#5139 = CARTESIAN_POINT ( 'NONE',  ( 0.08221948247397639631, 0.09985985976185036972, -0.3665994151638188869 ) ) ;
#5140 = CARTESIAN_POINT ( 'NONE',  ( -0.09251968503937010868, 0.000000000000000000, -0.3425196850393611991 ) ) ;
#5141 = ADVANCED_FACE ( 'NONE', ( #453 ), #3144, .T. ) ;
#5142 = DIRECTION ( 'NONE',  ( 2.634611286508935193E-13, 0.5999999999995919708, -0.8000000000003059109 ) ) ;
#5143 = VERTEX_POINT ( 'NONE', #11477 ) ;
#5144 = ORIENTED_EDGE ( 'NONE', *, *, #8469, .T. ) ;
#5145 = VERTEX_POINT ( 'NONE', #10491 ) ;
#5146 = DIRECTION ( 'NONE',  ( 0.000000000000000000, 0.2873478855663453846, -0.9578262852211513190 ) ) ;
#5147 = AXIS2_PLACEMENT_3D ( 'NONE', #6176, #8856, #4328 ) ;
#5148 = ORIENTED_EDGE ( 'NONE', *, *, #5911, .F. ) ;
#5149 = ORIENTED_EDGE ( 'NONE', *, *, #3611, .T. ) ;
#5150 = PLANE ( 'NONE',  #5137 ) ;
#5151 = DIRECTION ( 'NONE',  ( -1.000000000000000000, -0.000000000000000000, -0.000000000000000000 ) ) ;
#5152 = DIRECTION ( 'NONE',  ( 1.000000000000000000, 0.000000000000000000, 0.000000000000000000 ) ) ;
#5153 = DIRECTION ( 'NONE',  ( 0.000000000000000000, 1.000000000000000000, 0.000000000000000000 ) ) ;
#5154 = EDGE_CURVE ( 'NONE', #5914, #802, #3494, .T. ) ;
#5155 = CIRCLE ( 'NONE', #307, 0.02755905511811023237 ) ;
#5156 = LINE ( 'NONE', #11396, #6352 ) ;
#5157 = LINE ( 'NONE', #3416, #6950 ) ;
#5158 = DIRECTION ( 'NONE',  ( 0.000000000000000000, 0.000000000000000000, 1.000000000000000000 ) ) ;
#5159 = VERTEX_POINT ( 'NONE', #5177 ) ;
#5160 = VERTEX_POINT ( 'NONE', #5070 ) ;
#5161 = CARTESIAN_POINT ( 'NONE',  ( -0.1405511601968503776, 0.06417322834645408647, -0.3267716535433071168 ) ) ;
#5162 = ORIENTED_EDGE ( 'NONE', *, *, #9752, .F. ) ;
#5163 = VECTOR ( 'NONE', #9650, 39.37007874015748143 ) ;
#5164 = VERTEX_POINT ( 'NONE', #4191 ) ;
#5165 = DIRECTION ( 'NONE',  ( -0.03489949667902685765, 0.000000000000000000, -0.9993908270199154398 ) ) ;
#5166 = CARTESIAN_POINT ( 'NONE',  ( 0.09099299760498008594, 0.06626841538594513414, -0.03683447771506294377 ) ) ;
#5167 = EDGE_CURVE ( 'NONE', #4489, #6870, #5450, .T. ) ;
#5168 = PLANE ( 'NONE',  #11013 ) ;
#5169 = PLANE ( 'NONE',  #1762 ) ;
#5170 = DIRECTION ( 'NONE',  ( 0.000000000000000000, 0.000000000000000000, 1.000000000000000000 ) ) ;
#5171 = ORIENTED_EDGE ( 'NONE', *, *, #3301, .T. ) ;
#5172 = VECTOR ( 'NONE', #1579, 39.37007874015748143 ) ;
#5173 = ORIENTED_EDGE ( 'NONE', *, *, #6713, .T. ) ;
#5174 = ORIENTED_EDGE ( 'NONE', *, *, #1439, .T. ) ;
#5175 = AXIS2_PLACEMENT_3D ( 'NONE', #4998, #9244, #9418 ) ;
#5176 = VERTEX_POINT ( 'NONE', #1617 ) ;
#5177 = CARTESIAN_POINT ( 'NONE',  ( -0.1602362192519686812, -0.08976377952755963674, -0.1692913385826761430 ) ) ;
#5178 = VECTOR ( 'NONE', #1798, 39.37007874015748854 ) ;
#5179 = CARTESIAN_POINT ( 'NONE',  ( 0.05152101541657480577, 0.06410646031907332731, -0.1465412887711810830 ) ) ;
#5180 = CARTESIAN_POINT ( 'NONE',  ( 0.1117340600489052510, -0.07677165354330708902, -0.1552018364670310069 ) ) ;
#5181 = CARTESIAN_POINT ( 'NONE',  ( 0.03348337688774248588, -0.03740157478346454317, -0.3208641732447637396 ) ) ;
#5182 = AXIS2_PLACEMENT_3D ( 'NONE', #8186, #10756, #3656 ) ;
#5183 = DIRECTION ( 'NONE',  ( 1.000000000000000000, 0.000000000000000000, 0.000000000000000000 ) ) ;
#5184 = DIRECTION ( 'NONE',  ( 1.000000000000000000, 1.445602896959033243E-15, -5.200122740941017372E-11 ) ) ;
#5185 = CARTESIAN_POINT ( 'NONE',  ( -0.03149606299212598381, 0.000000000000000000, -0.01968503937008575164 ) ) ;
#5186 = PLANE ( 'NONE',  #6532 ) ;
#5187 = ORIENTED_EDGE ( 'NONE', *, *, #10001, .T. ) ;
#5188 = CIRCLE ( 'NONE', #11520, 0.007874015748031516770 ) ;
#5189 = DIRECTION ( 'NONE',  ( 0.000000000000000000, 0.8682431421243741454, -0.4961389383569826395 ) ) ;
#5190 = EDGE_CURVE ( 'NONE', #2056, #11251, #1101, .T. ) ;
#5191 = EDGE_CURVE ( 'NONE', #6495, #2017, #6309, .T. ) ;
#5192 = ADVANCED_FACE ( 'NONE', ( #7917 ), #10747, .F. ) ;
#5193 = FACE_OUTER_BOUND ( 'NONE', #4793, .T. ) ;
#5194 = DIRECTION ( 'NONE',  ( -0.9993908270173007535, 0.000000000000000000, 0.03489949675390545403 ) ) ;
#5195 = AXIS2_PLACEMENT_3D ( 'NONE', #10087, #8216, #4727 ) ;
#5196 = DIRECTION ( 'NONE',  ( -0.01745240646099089840, -2.890765448653407597E-15, 0.9998476951559774895 ) ) ;
#5197 = DIRECTION ( 'NONE',  ( 0.000000000000000000, -1.000000000000000000, 0.000000000000000000 ) ) ;
#5198 = VECTOR ( 'NONE', #4689, 39.37007874015748143 ) ;
#5199 = FILL_AREA_STYLE_COLOUR ( '', #7831 ) ;
#5200 = ORIENTED_EDGE ( 'NONE', *, *, #11282, .T. ) ;
#5201 = ORIENTED_EDGE ( 'NONE', *, *, #9035, .T. ) ;
#5202 = ORIENTED_EDGE ( 'NONE', *, *, #4397, .F. ) ;
#5203 = CARTESIAN_POINT ( 'NONE',  ( 0.02167235326551181229, -0.03937007881889968003, -0.3435039370243306855 ) ) ;
#5204 = VECTOR ( 'NONE', #746, 39.37007874015748143 ) ;
#5205 = EDGE_CURVE ( 'NONE', #2979, #11222, #2033, .T. ) ;
#5206 = ORIENTED_EDGE ( 'NONE', *, *, #11105, .T. ) ;
#5207 = DIRECTION ( 'NONE',  ( 0.000000000000000000, 1.000000000000000000, 0.000000000000000000 ) ) ;
#5208 = DIRECTION ( 'NONE',  ( 0.01745240622331154998, 0.000000000000000000, -0.9998476951601260598 ) ) ;
#5209 = CARTESIAN_POINT ( 'NONE',  ( 0.1091845652765590230, -0.05104655999998373994, -0.05326139474935577545 ) ) ;
#5210 = CARTESIAN_POINT ( 'NONE',  ( 0.09448818897637792369, -0.06102362204724410405, -0.1870078740157480324 ) ) ;
#5211 = PRESENTATION_STYLE_ASSIGNMENT (( #11452 ) ) ;
#5212 = CARTESIAN_POINT ( 'NONE',  ( 0.03382447258843701565, 0.09448818897637795144, -0.3087140224257873822 ) ) ;
#5213 = LINE ( 'NONE', #2422, #9837 ) ;
#5214 = ORIENTED_EDGE ( 'NONE', *, *, #4641, .F. ) ;
#5215 = VERTEX_POINT ( 'NONE', #6045 ) ;
#5216 = DIRECTION ( 'NONE',  ( -0.000000000000000000, -1.000000000000000000, -0.000000000000000000 ) ) ;
#5217 = VECTOR ( 'NONE', #3179, 39.37007874015748143 ) ;
#5218 = AXIS2_PLACEMENT_3D ( 'NONE', #1727, #955, #1830 ) ;
#5219 = ORIENTED_EDGE ( 'NONE', *, *, #9249, .T. ) ;
#5220 = EDGE_CURVE ( 'NONE', #5261, #2615, #6681, .T. ) ;
#5221 = DIRECTION ( 'NONE',  ( 1.000000000000000000, 1.445602896959033243E-15, -5.200122740941017372E-11 ) ) ;
#5222 = ORIENTED_EDGE ( 'NONE', *, *, #1618, .T. ) ;
#5223 = EDGE_CURVE ( 'NONE', #10128, #4018, #9601, .T. ) ;
#5224 = VECTOR ( 'NONE', #9229, 39.37007874015748143 ) ;
#5225 = EDGE_LOOP ( 'NONE', ( #5727, #7857, #3810, #6084 ) ) ;
#5226 = DIRECTION ( 'NONE',  ( 0.03489949675396257500, 0.000000000000000000, 0.9993908270172986441 ) ) ;
#5227 = VECTOR ( 'NONE', #10201, 39.37007874015748143 ) ;
#5228 = DIRECTION ( 'NONE',  ( 0.000000000000000000, 0.000000000000000000, -1.000000000000000000 ) ) ;
#5229 = CARTESIAN_POINT ( 'NONE',  ( -0.1562992113779587133, 0.009448818897637795144, -0.1062992125984252023 ) ) ;
#5230 = DIRECTION ( 'NONE',  ( 0.000000000000000000, 0.000000000000000000, 1.000000000000000000 ) ) ;
#5231 = CARTESIAN_POINT ( 'NONE',  ( 0.1732283464544918661, -0.09565988500000001393, -0.3031496063156299825 ) ) ;
#5232 = CARTESIAN_POINT ( 'NONE',  ( 0.1063086171237795363, -0.06948348579724408780, -0.3208661417487008172 ) ) ;
#5233 = VERTEX_POINT ( 'NONE', #7244 ) ;
#5234 = ORIENTED_EDGE ( 'NONE', *, *, #10438, .F. ) ;
#5235 = EDGE_CURVE ( 'NONE', #10740, #2011, #1013, .T. ) ;
#5236 = CIRCLE ( 'NONE', #11370, 0.03937007874005776092 ) ;
#5237 = VECTOR ( 'NONE', #4285, 39.37007874015748143 ) ;
#5238 = VERTEX_POINT ( 'NONE', #10808 ) ;
#5239 = EDGE_CURVE ( 'NONE', #9274, #6131, #172, .T. ) ;
#5240 = CARTESIAN_POINT ( 'NONE',  ( 0.06763077746715603911, 0.02347155094723936408, -0.3032605626560704870 ) ) ;
#5241 = VECTOR ( 'NONE', #10758, 39.37007874015748143 ) ;
#5242 = CARTESIAN_POINT ( 'NONE',  ( 0.1106348633032985529, 0.08661417322835181232, -0.1866787129096713904 ) ) ;
#5243 = CARTESIAN_POINT ( 'NONE',  ( -0.03090551181102361988, -0.08897637795276304440, -0.3661417322834645272 ) ) ;
#5244 = AXIS2_PLACEMENT_3D ( 'NONE', #9242, #6619, #10302 ) ;
#5245 = AXIS2_PLACEMENT_3D ( 'NONE', #2470, #9569, #703 ) ;
#5246 = CARTESIAN_POINT ( 'NONE',  ( 0.04547244094488185617, 0.09055118110236221041, -0.3661417322834646382 ) ) ;
#5247 = DIRECTION ( 'NONE',  ( 1.000000000000000000, 2.709638069475774297E-12, 0.000000000000000000 ) ) ;
#5248 = CARTESIAN_POINT ( 'NONE',  ( 0.04547244094488188393, -0.07283464566931056872, -0.3661417322834837895 ) ) ;
#5249 = VERTEX_POINT ( 'NONE', #3383 ) ;
#5250 = CYLINDRICAL_SURFACE ( 'NONE', #345, 0.007874015748031482076 ) ;
#5251 = DIRECTION ( 'NONE',  ( 0.000000000000000000, -0.4472135955014519548, 0.8944271909991688974 ) ) ;
#5252 = ORIENTED_EDGE ( 'NONE', *, *, #4134, .T. ) ;
#5253 = CARTESIAN_POINT ( 'NONE',  ( 0.1078100336393307268, 0.08070866141732283006, -0.3125344430881496494 ) ) ;
#5254 = EDGE_CURVE ( 'NONE', #9274, #10472, #7860, .T. ) ;
#5255 = VECTOR ( 'NONE', #2691, 39.37007874015748143 ) ;
#5256 = CARTESIAN_POINT ( 'NONE',  ( 0.001968503927559059428, -0.06102362204724973149, -0.03937007876115485722 ) ) ;
#5257 = FACE_OUTER_BOUND ( 'NONE', #7181, .T. ) ;
#5258 = DIRECTION ( 'NONE',  ( -1.000000000000000000, 0.000000000000000000, 0.000000000000000000 ) ) ;
#5259 = DIRECTION ( 'NONE',  ( 0.000000000000000000, -1.000000000000000000, 0.000000000000000000 ) ) ;
#5260 = LENGTH_MEASURE_WITH_UNIT ( LENGTH_MEASURE( 0.02539999999999999897 ), #4271 );
#5261 = VERTEX_POINT ( 'NONE', #2835 ) ;
#5262 = EDGE_LOOP ( 'NONE', ( #257, #2183, #7291, #905 ) ) ;
#5263 = CARTESIAN_POINT ( 'NONE',  ( 0.09056058562771653053, -0.06299212598425196763, -0.3661417322998819501 ) ) ;
#5264 = EDGE_LOOP ( 'NONE', ( #11204, #9366 ) ) ;
#5265 = LINE ( 'NONE', #6292, #10903 ) ;
#5266 = CARTESIAN_POINT ( 'NONE',  ( 0.02145669291338582474, 0.08897637795275589734, -0.3025590551181102650 ) ) ;
#5267 = CARTESIAN_POINT ( 'NONE',  ( 0.09867741722320536035, 0.08858267716484731491, -0.1906655413205420313 ) ) ;
#5268 = DIRECTION ( 'NONE',  ( 1.000000000000000000, 0.000000000000000000, 0.000000000000000000 ) ) ;
#5269 = LENGTH_MEASURE_WITH_UNIT ( LENGTH_MEASURE( 0.02539999999999999897 ), #8758 );
#5270 = EDGE_CURVE ( 'NONE', #5029, #9224, #139, .T. ) ;
#5271 = DIRECTION ( 'NONE',  ( 0.000000000000000000, 1.000000000000000000, 0.000000000000000000 ) ) ;
#5272 = DIRECTION ( 'NONE',  ( 0.000000000000000000, -1.000000000000000000, 0.000000000000000000 ) ) ;
#5273 = EDGE_CURVE ( 'NONE', #936, #7879, #6980, .T. ) ;
#5274 = ORIENTED_EDGE ( 'NONE', *, *, #2943, .F. ) ;
#5275 = EDGE_CURVE ( 'NONE', #1518, #5825, #7570, .T. ) ;
#5276 = ORIENTED_EDGE ( 'NONE', *, *, #5154, .T. ) ;
#5277 = VERTEX_POINT ( 'NONE', #7734 ) ;
#5278 = CARTESIAN_POINT ( 'NONE',  ( 0.09540163300171360106, 0.06626891413148211507, -0.02556598446157010845 ) ) ;
#5279 = ORIENTED_EDGE ( 'NONE', *, *, #10980, .F. ) ;
#5280 = EDGE_LOOP ( 'NONE', ( #7645, #3825, #10508, #10362 ) ) ;
#5281 = CARTESIAN_POINT ( 'NONE',  ( 0.09697996864005660467, -0.07086614173228604485, -0.2392741089231575080 ) ) ;
#5282 = DIRECTION ( 'NONE',  ( 1.000000000000000000, 0.000000000000000000, 0.000000000000000000 ) ) ;
#5283 = LINE ( 'NONE', #962, #3878 ) ;
#5284 = LINE ( 'NONE', #8888, #8400 ) ;
#5285 = PLANE ( 'NONE',  #10130 ) ;
#5286 = CARTESIAN_POINT ( 'NONE',  ( 0.1560072455520472579, 0.07776979672259842769, -0.08666973807248033734 ) ) ;
#5287 = EDGE_LOOP ( 'NONE', ( #9506, #670, #5502, #3953, #5448, #6196, #5460, #8245, #3538, #8767, #8222, #4454, #11171, #5377, #10337 ) ) ;
#5288 = VECTOR ( 'NONE', #5320, 39.37007874015748143 ) ;
#5289 = EDGE_CURVE ( 'NONE', #3123, #2985, #3316, .T. ) ;
#5290 = VERTEX_POINT ( 'NONE', #1562 ) ;
#5291 = EDGE_LOOP ( 'NONE', ( #10972, #1832, #2230, #6555 ) ) ;
#5292 = ORIENTED_EDGE ( 'NONE', *, *, #9261, .F. ) ;
#5293 = DIRECTION ( 'NONE',  ( 7.521956858036476421E-11, 0.000000000000000000, -1.000000000000000000 ) ) ;
#5294 = CARTESIAN_POINT ( 'NONE',  ( 0.04400020562570866600, 0.06220579734952755985, -0.1883285024852756062 ) ) ;
#5295 = CARTESIAN_POINT ( 'NONE',  ( 0.1555118110183783542, 0.01536190468503938894, -0.1122047244003110539 ) ) ;
#5296 = FACE_OUTER_BOUND ( 'NONE', #6612, .T. ) ;
#5297 = DIRECTION ( 'NONE',  ( 0.7071067811865465735, 0.000000000000000000, -0.7071067811865484609 ) ) ;
#5298 = ORIENTED_EDGE ( 'NONE', *, *, #4135, .F. ) ;
#5299 = EDGE_CURVE ( 'NONE', #9091, #2459, #8925, .T. ) ;
#5300 = CARTESIAN_POINT ( 'NONE',  ( 0.02167235326551042451, -0.06889763779527560694, -0.2598425197014566645 ) ) ;
#5301 = ORIENTED_EDGE ( 'NONE', *, *, #7260, .T. ) ;
#5302 = AXIS2_PLACEMENT_3D ( 'NONE', #2252, #4069, #8368 ) ;
#5303 = CARTESIAN_POINT ( 'NONE',  ( -0.1006575217472383543, -0.05198879633589190835, -0.3425196850393819603 ) ) ;
#5304 = CARTESIAN_POINT ( 'NONE',  ( 0.03348337688755975011, 0.08277007396313752763, -0.2519685039534247384 ) ) ;
#5305 = LINE ( 'NONE', #10667, #9687 ) ;
#5306 = DIRECTION ( 'NONE',  ( 1.000000000000000000, 0.000000000000000000, 0.000000000000000000 ) ) ;
#5307 = CARTESIAN_POINT ( 'NONE',  ( -0.05118110236220473064, 0.000000000000000000, -0.2480314960629919352 ) ) ;
#5308 = ADVANCED_FACE ( 'NONE', ( #5730 ), #7480, .T. ) ;
#5309 = FACE_OUTER_BOUND ( 'NONE', #5813, .T. ) ;
#5310 = ORIENTED_EDGE ( 'NONE', *, *, #7915, .F. ) ;
#5311 = ORIENTED_EDGE ( 'NONE', *, *, #11264, .T. ) ;
#5312 = DIRECTION ( 'NONE',  ( 0.000000000000000000, -1.000000000000000000, 0.000000000000000000 ) ) ;
#5313 = AXIS2_PLACEMENT_3D ( 'NONE', #8811, #8055, #8928 ) ;
#5314 = VERTEX_POINT ( 'NONE', #2175 ) ;
#5315 = LINE ( 'NONE', #8752, #6422 ) ;
#5316 = DIRECTION ( 'NONE',  ( 0.000000000000000000, 0.000000000000000000, -1.000000000000000000 ) ) ;
#5317 =( CONVERSION_BASED_UNIT ( 'INCH', #1823 ) LENGTH_UNIT ( ) NAMED_UNIT ( #8518 ) );
#5318 = DIRECTION ( 'NONE',  ( 0.000000000000000000, 1.000000000000000000, 0.000000000000000000 ) ) ;
#5319 = FACE_BOUND ( 'NONE', #584, .T. ) ;
#5320 = DIRECTION ( 'NONE',  ( 0.000000000000000000, 1.000000000000000000, 0.000000000000000000 ) ) ;
#5321 = FACE_OUTER_BOUND ( 'NONE', #1829, .T. ) ;
#5322 = VERTEX_POINT ( 'NONE', #5503 ) ;
#5323 = ORIENTED_EDGE ( 'NONE', *, *, #21, .F. ) ;
#5324 = VERTEX_POINT ( 'NONE', #3881 ) ;
#5325 = DIRECTION ( 'NONE',  ( 1.000000000000000000, 0.000000000000000000, 0.000000000000000000 ) ) ;
#5326 = VERTEX_POINT ( 'NONE', #8289 ) ;
#5327 = ADVANCED_FACE ( 'NONE', ( #8412 ), #9052, .T. ) ;
#5328 = ORIENTED_EDGE ( 'NONE', *, *, #8695, .F. ) ;
#5329 = ADVANCED_FACE ( 'NONE', ( #429, #9225 ), #10924, .F. ) ;
#5330 = CARTESIAN_POINT ( 'NONE',  ( -0.1765747926968504189, -0.1015748031496063186, -0.3464566929133859330 ) ) ;
#5331 = LINE ( 'NONE', #4751, #8944 ) ;
#5332 = DIRECTION ( 'NONE',  ( 0.9998476951542224489, 0.000000000000000000, 0.01745240656153577985 ) ) ;
#5333 = CARTESIAN_POINT ( 'NONE',  ( 0.1082677165354370419, 0.07480314960629526333, -0.05787401581889765889 ) ) ;
#5334 = DIRECTION ( 'NONE',  ( 0.9998476951217998288, 0.000000000000000000, 0.01745240841903255083 ) ) ;
#5335 = DIRECTION ( 'NONE',  ( -0.000000000000000000, -0.000000000000000000, -1.000000000000000000 ) ) ;
#5336 = ORIENTED_EDGE ( 'NONE', *, *, #10323, .F. ) ;
#5337 = VERTEX_POINT ( 'NONE', #5559 ) ;
#5338 = ORIENTED_EDGE ( 'NONE', *, *, #3329, .T. ) ;
#5339 = AXIS2_PLACEMENT_3D ( 'NONE', #9962, #4663, #8211 ) ;
#5340 = EDGE_LOOP ( 'NONE', ( #4676, #11441, #9350, #10789 ) ) ;
#5341 = ADVANCED_FACE ( 'NONE', ( #1068 ), #4863, .F. ) ;
#5342 = EDGE_CURVE ( 'NONE', #5159, #6761, #7358, .T. ) ;
#5343 = DIRECTION ( 'NONE',  ( 1.000000000000000000, 0.000000000000000000, 0.000000000000000000 ) ) ;
#5344 = DIRECTION ( 'NONE',  ( 0.000000000000000000, 1.000000000000000000, 6.424901762877064481E-16 ) ) ;
#5345 = AXIS2_PLACEMENT_3D ( 'NONE', #219, #156, #9829 ) ;
#5346 = CARTESIAN_POINT ( 'NONE',  ( 0.09056058562771653053, -0.06299212598425196763, -0.3661417322998819501 ) ) ;
#5347 = DIRECTION ( 'NONE',  ( 0.000000000000000000, -1.000000000000000000, 0.000000000000000000 ) ) ;
#5348 = CARTESIAN_POINT ( 'NONE',  ( -0.1858503941188976438, -0.07706803071755904955, -0.2834645669291339098 ) ) ;
#5349 = ORIENTED_EDGE ( 'NONE', *, *, #7502, .T. ) ;
#5350 = CARTESIAN_POINT ( 'NONE',  ( 0.1082677165354410248, -0.06102362204822137093, -0.05787401579527558931 ) ) ;
#5351 = AXIS2_PLACEMENT_3D ( 'NONE', #3792, #11055, #7728 ) ;
#5352 = ORIENTED_EDGE ( 'NONE', *, *, #131, .T. ) ;
#5353 = CARTESIAN_POINT ( 'NONE',  ( 0.03659664944029134698, 0.06260654911645668896, -0.1667152985587401770 ) ) ;
#5354 = AXIS2_PLACEMENT_3D ( 'NONE', #10928, #89, #7248 ) ;
#5355 = EDGE_CURVE ( 'NONE', #1641, #9894, #1182, .T. ) ;
#5356 = DIRECTION ( 'NONE',  ( -0.03489949675390891654, 0.000000000000000000, -0.9993908270173005315 ) ) ;
#5357 = CARTESIAN_POINT ( 'NONE',  ( 0.05168930134181587421, 0.008457017972381894455, -0.1787109429619922474 ) ) ;
#5358 = LINE ( 'NONE', #10615, #7394 ) ;
#5359 = FACE_OUTER_BOUND ( 'NONE', #1763, .T. ) ;
#5360 = CIRCLE ( 'NONE', #7781, 0.005905511811000041869 ) ;
#5361 = DIRECTION ( 'NONE',  ( 1.000000000000000000, 0.000000000000000000, 0.000000000000000000 ) ) ;
#5362 = VERTEX_POINT ( 'NONE', #3059 ) ;
#5363 = ORIENTED_EDGE ( 'NONE', *, *, #3571, .F. ) ;
#5364 = EDGE_CURVE ( 'NONE', #8064, #7678, #6544, .T. ) ;
#5365 = CARTESIAN_POINT ( 'NONE',  ( 0.1641732283442519924, -0.1015653968110177691, -0.3582677165518504125 ) ) ;
#5366 = EDGE_CURVE ( 'NONE', #10786, #1485, #1238, .T. ) ;
#5367 = AXIS2_PLACEMENT_3D ( 'NONE', #610, #3009, #9231 ) ;
#5368 = EDGE_CURVE ( 'NONE', #2527, #2897, #4801, .T. ) ;
#5369 = VERTEX_POINT ( 'NONE', #4749 ) ;
#5370 = CARTESIAN_POINT ( 'NONE',  ( 0.1151041785924831612, 0.005905492437618096307, -0.05869426820760152014 ) ) ;
#5371 = PLANE ( 'NONE',  #743 ) ;
#5372 = AXIS2_PLACEMENT_3D ( 'NONE', #8284, #10042, #2112 ) ;
#5373 = DIRECTION ( 'NONE',  ( -0.000000000000000000, -1.000000000000000000, -0.000000000000000000 ) ) ;
#5374 = CARTESIAN_POINT ( 'NONE',  ( 0.09251968503937006705, -0.08562992125984249248, -0.3543307086614172485 ) ) ;
#5375 = DIRECTION ( 'NONE',  ( 0.000000000000000000, 1.000000000000000000, 0.000000000000000000 ) ) ;
#5376 = ORIENTED_EDGE ( 'NONE', *, *, #4368, .F. ) ;
#5377 = ORIENTED_EDGE ( 'NONE', *, *, #6451, .F. ) ;
#5378 = VECTOR ( 'NONE', #9560, 39.37007874015748143 ) ;
#5379 = ORIENTED_EDGE ( 'NONE', *, *, #9421, .T. ) ;
#5380 = CARTESIAN_POINT ( 'NONE',  ( -0.05118110236220473064, 0.000000000000000000, -0.2480314960629919352 ) ) ;
#5381 = VECTOR ( 'NONE', #8237, 39.37007874015748143 ) ;
#5382 = CLOSED_SHELL ( 'NONE', ( #9704, #4900, #11319, #3488, #4004, #7432, #4916, #2815, #8679, #6164, #3129, #1780, #11221, #9677, #3588, #5341, #11131, #129, #7199, #3756, #8546, #10213, #5826, #8740, #2917, #10656, #11394, #10059, #5601, #3673, #268, #2145, #8102, #5329, #11145, #483, #7476, #1707, #4601, #8334, #710, #9610, #4693, #866, #4622, #6104, #1537, #4386, #8045, #9549, #7415, #11255, #2280, #8938, #10671, #3142, #1821, #7809, #8001, #7535, #6565, #9345, #2676 ) ) ;
#5383 = ORIENTED_EDGE ( 'NONE', *, *, #3602, .F. ) ;
#5384 = ORIENTED_EDGE ( 'NONE', *, *, #931, .T. ) ;
#5385 = ADVANCED_FACE ( 'NONE', ( #8346 ), #366, .T. ) ;
#5386 = ORIENTED_EDGE ( 'NONE', *, *, #9917, .T. ) ;
#5387 = DIRECTION ( 'NONE',  ( 0.9993908270172985331, 0.000000000000000000, -0.03489949675396256806 ) ) ;
#5388 = AXIS2_PLACEMENT_3D ( 'NONE', #9933, #4252, #8999 ) ;
#5389 = CARTESIAN_POINT ( 'NONE',  ( 0.03366141732283458449, -0.08779527559055115560, -0.3216535433070866201 ) ) ;
#5390 = CARTESIAN_POINT ( 'NONE',  ( -0.1929133858267717272, -0.09566929133858267931, -0.3385826771653535627 ) ) ;
#5391 = CIRCLE ( 'NONE', #2614, 0.007874015748031516770 ) ;
#5392 = LINE ( 'NONE', #261, #1321 ) ;
#5393 = DIRECTION ( 'NONE',  ( -1.000000000000000000, 0.000000000000000000, -7.500076948385706086E-11 ) ) ;
#5394 = CARTESIAN_POINT ( 'NONE',  ( 0.1496062992111106549, 0.03149606299212598381, -0.1023622047292275794 ) ) ;
#5395 = ORIENTED_EDGE ( 'NONE', *, *, #986, .T. ) ;
#5396 = EDGE_LOOP ( 'NONE', ( #10292, #7880, #7677, #8621, #7029, #6918 ) ) ;
#5397 = EDGE_CURVE ( 'NONE', #3030, #4958, #2336, .T. ) ;
#5398 = EDGE_CURVE ( 'NONE', #4587, #5324, #9596, .T. ) ;
#5399 = ORIENTED_EDGE ( 'NONE', *, *, #10336, .F. ) ;
#5400 = ORIENTED_EDGE ( 'NONE', *, *, #10172, .F. ) ;
#5401 = VECTOR ( 'NONE', #5970, 39.37007874015748143 ) ;
#5402 = VECTOR ( 'NONE', #2416, 39.37007874015748143 ) ;
#5403 = VECTOR ( 'NONE', #10327, 39.37007874015748143 ) ;
#5404 = VECTOR ( 'NONE', #5647, 39.37007874015748143 ) ;
#5405 = CARTESIAN_POINT ( 'NONE',  ( 0.09484722496681104176, -0.06102362204724211953, -0.2868630208174803853 ) ) ;
#5406 = CARTESIAN_POINT ( 'NONE',  ( 0.1074257047430863116, -0.01968503937007873988, -0.2785769880713106494 ) ) ;
#5407 = CARTESIAN_POINT ( 'NONE',  ( 0.1102456249977952774, -0.1015653968110236116, -0.3208661417487008172 ) ) ;
#5408 = DIRECTION ( 'NONE',  ( -0.9993908270173008646, 0.000000000000000000, 0.03489949675390315031 ) ) ;
#5409 = CARTESIAN_POINT ( 'NONE',  ( -0.003937007874015747977, 0.003284800351877956506, -0.3307086614173119776 ) ) ;
#5410 = CIRCLE ( 'NONE', #937, 0.01181102362204724046 ) ;
#5411 = ORIENTED_EDGE ( 'NONE', *, *, #9017, .T. ) ;
#5412 = VECTOR ( 'NONE', #780, 39.37007874015748143 ) ;
#5413 = VECTOR ( 'NONE', #10340, 39.37007874015748143 ) ;
#5414 = DIRECTION ( 'NONE',  ( 1.000000000000000000, -1.445602896665875570E-15, -7.499643267612909112E-11 ) ) ;
#5415 = ORIENTED_EDGE ( 'NONE', *, *, #8027, .F. ) ;
#5416 = EDGE_CURVE ( 'NONE', #3548, #7237, #6653, .T. ) ;
#5417 = EDGE_CURVE ( 'NONE', #1987, #9646, #200, .T. ) ;
#5418 = ADVANCED_FACE ( 'NONE', ( #3178 ), #5150, .F. ) ;
#5419 = CARTESIAN_POINT ( 'NONE',  ( 0.01214479370082677430, 0.06302867710535432766, -0.1570921156012204667 ) ) ;
#5420 = CIRCLE ( 'NONE', #8576, 0.009842519659826812206 ) ;
#5421 = VECTOR ( 'NONE', #1512, 39.37007874015748143 ) ;
#5422 = VECTOR ( 'NONE', #10383, 39.37007874015748143 ) ;
#5423 = B_SPLINE_CURVE_WITH_KNOTS ( 'NONE', 3,
 ( #4022, #10252, #574, #2148, #6629, #10311 ),
 .UNSPECIFIED., .F., .F.,
 ( 4, 2, 4 ),
 ( 0.000000000000000000, 0.5000000000000000000, 1.000000000000000000 ),
 .UNSPECIFIED. ) ;
#5424 = DIRECTION ( 'NONE',  ( -0.9993908270172657815, 0.000000000000000000, 0.03489949675490422454 ) ) ;
#5425 = DIRECTION ( 'NONE',  ( 0.000000000000000000, 1.000000000000000000, 0.000000000000000000 ) ) ;
#5426 = DIRECTION ( 'NONE',  ( 0.000000000000000000, 1.000000000000000000, 0.000000000000000000 ) ) ;
#5427 = LINE ( 'NONE', #6285, #10570 ) ;
#5428 = DIRECTION ( 'NONE',  ( 1.000000000000000000, 0.000000000000000000, 0.000000000000000000 ) ) ;
#5429 = CARTESIAN_POINT ( 'NONE',  ( 0.1732283464544882301, -0.1015653968110187405, -0.3149606299376771501 ) ) ;
#5430 = TOROIDAL_SURFACE ( 'NONE', #1522, 0.02755905511307072536, 0.01377952757024026274 ) ;
#5431 = ORIENTED_EDGE ( 'NONE', *, *, #5190, .F. ) ;
#5432 = EDGE_CURVE ( 'NONE', #421, #3203, #1354, .T. ) ;
#5433 = VECTOR ( 'NONE', #4608, 39.37007874015748143 ) ;
#5434 = ORIENTED_EDGE ( 'NONE', *, *, #6225, .T. ) ;
#5435 = EDGE_LOOP ( 'NONE', ( #5276, #10140, #4959, #803 ) ) ;
#5436 = CARTESIAN_POINT ( 'NONE',  ( 0.03156006573910385277, -0.04587606536510450278, -0.1635424761016559259 ) ) ;
#5437 = CARTESIAN_POINT ( 'NONE',  ( 0.1041818665895799800, -0.07147206381582989210, -0.2022535482008389895 ) ) ;
#5438 = SURFACE_STYLE_USAGE ( .BOTH. , #3525 ) ;
#5439 = LINE ( 'NONE', #10794, #8202 ) ;
#5440 = PLANE ( 'NONE',  #9685 ) ;
#5441 = PLANE ( 'NONE',  #444 ) ;
#5442 = ORIENTED_EDGE ( 'NONE', *, *, #9551, .T. ) ;
#5443 = ORIENTED_EDGE ( 'NONE', *, *, #1809, .T. ) ;
#5444 = ADVANCED_FACE ( 'NONE', ( #5036 ), #1407, .F. ) ;
#5445 = VERTEX_POINT ( 'NONE', #4165 ) ;
#5446 = CYLINDRICAL_SURFACE ( 'NONE', #9680, 0.005905511809751962105 ) ;
#5447 = ORIENTED_EDGE ( 'NONE', *, *, #1233, .F. ) ;
#5448 = ORIENTED_EDGE ( 'NONE', *, *, #8394, .F. ) ;
#5449 = ORIENTED_EDGE ( 'NONE', *, *, #10838, .T. ) ;
#5450 = LINE ( 'NONE', #684, #3352 ) ;
#5451 = DIRECTION ( 'NONE',  ( 0.000000000000000000, 1.000000000000000000, 0.000000000000000000 ) ) ;
#5452 = DIRECTION ( 'NONE',  ( -1.000000000000000000, -0.000000000000000000, -0.000000000000000000 ) ) ;
#5453 = FACE_BOUND ( 'NONE', #11303, .T. ) ;
#5454 = LINE ( 'NONE', #3832, #452 ) ;
#5455 = CARTESIAN_POINT ( 'NONE',  ( -0.01377952755905511965, 0.06766590864173228914, -0.2480314961062992651 ) ) ;
#5456 = ORIENTED_EDGE ( 'NONE', *, *, #3706, .T. ) ;
#5457 = DIRECTION ( 'NONE',  ( 0.000000000000000000, 0.000000000000000000, -1.000000000000000000 ) ) ;
#5458 = EDGE_CURVE ( 'NONE', #2302, #3479, #5845, .T. ) ;
#5459 = ORIENTED_EDGE ( 'NONE', *, *, #5480, .F. ) ;
#5460 = ORIENTED_EDGE ( 'NONE', *, *, #5094, .F. ) ;
#5461 = ORIENTED_EDGE ( 'NONE', *, *, #3314, .T. ) ;
#5462 = EDGE_CURVE ( 'NONE', #179, #4611, #7653, .T. ) ;
#5463 = VECTOR ( 'NONE', #311, 39.37007874015748143 ) ;
#5464 = FACE_BOUND ( 'NONE', #1813, .T. ) ;
#5465 = CARTESIAN_POINT ( 'NONE',  ( 0.1157225345443307074, -0.05183390955570866404, -0.05563232636964566408 ) ) ;
#5466 = CARTESIAN_POINT ( 'NONE',  ( -0.1850393700787401619, -0.1015748031496182119, -0.3385826771653543399 ) ) ;
#5467 = CARTESIAN_POINT ( 'NONE',  ( 0.1070988504427165672, 0.06683587039444881250, -0.05404892713350394756 ) ) ;
#5468 = CYLINDRICAL_SURFACE ( 'NONE', #2005, 0.007874015748031449116 ) ;
#5469 = VERTEX_POINT ( 'NONE', #6833 ) ;
#5470 = LINE ( 'NONE', #9955, #1849 ) ;
#5471 = ORIENTED_EDGE ( 'NONE', *, *, #557, .T. ) ;
#5472 = DIRECTION ( 'NONE',  ( 0.000000000000000000, 0.000000000000000000, 1.000000000000000000 ) ) ;
#5473 = CIRCLE ( 'NONE', #9941, 0.007874015748008843935 ) ;
#5474 = EDGE_CURVE ( 'NONE', #555, #6272, #11149, .T. ) ;
#5475 = CARTESIAN_POINT ( 'NONE',  ( 0.02145669291338545698, 0.1102362204724446487, -0.3216535433185039872 ) ) ;
#5476 = ADVANCED_FACE ( 'NONE', ( #7586 ), #10396, .T. ) ;
#5477 = ADVANCED_FACE ( 'NONE', ( #604 ), #6019, .T. ) ;
#5478 = CARTESIAN_POINT ( 'NONE',  ( 0.1250000000105511710, -0.01968503937007866356, -0.3111619278874409034 ) ) ;
#5479 = FACE_OUTER_BOUND ( 'NONE', #4785, .T. ) ;
#5480 = EDGE_CURVE ( 'NONE', #9106, #3779, #10285, .T. ) ;
#5481 = CARTESIAN_POINT ( 'NONE',  ( 0.08757849799326773710, -0.05020171252791337524, -0.03068635362133070865 ) ) ;
#5482 = LINE ( 'NONE', #1043, #5433 ) ;
#5483 = VECTOR ( 'NONE', #5925, 39.37007874015748143 ) ;
#5484 = DIRECTION ( 'NONE',  ( 0.000000000000000000, 0.000000000000000000, 1.000000000000000000 ) ) ;
#5485 = ORIENTED_EDGE ( 'NONE', *, *, #2073, .T. ) ;
#5486 = DIRECTION ( 'NONE',  ( -0.03489949675390891654, 0.000000000000000000, -0.9993908270173005315 ) ) ;
#5487 = AXIS2_PLACEMENT_3D ( 'NONE', #10634, #9531, #5105 ) ;
#5488 = VERTEX_POINT ( 'NONE', #7708 ) ;
#5489 = CARTESIAN_POINT ( 'NONE',  ( -0.05118110236220473064, 0.000000000000000000, -0.3444881889770938788 ) ) ;
#5490 = CARTESIAN_POINT ( 'NONE',  ( -0.07224409387795277526, -0.01850393700787401202, -0.3425196850393700809 ) ) ;
#5491 = EDGE_CURVE ( 'NONE', #853, #3779, #2412, .T. ) ;
#5492 = SURFACE_STYLE_FILL_AREA ( #4564 ) ;
#5493 = CARTESIAN_POINT ( 'NONE',  ( 0.09579539413362929412, -0.02358868277062446672, -0.2731958845645513501 ) ) ;
#5494 = DIRECTION ( 'NONE',  ( 0.000000000000000000, -1.000000000000000000, 0.000000000000000000 ) ) ;
#5495 = DIRECTION ( 'NONE',  ( -1.000000000000000000, 0.000000000000000000, 0.000000000000000000 ) ) ;
#5496 = ORIENTED_EDGE ( 'NONE', *, *, #8896, .F. ) ;
#5497 = VERTEX_POINT ( 'NONE', #10338 ) ;
#5498 = ORIENTED_EDGE ( 'NONE', *, *, #9223, .T. ) ;
#5499 = CARTESIAN_POINT ( 'NONE',  ( 0.1929133858245669908, -0.08975437318897884487, -0.2913385826928784339 ) ) ;
#5500 = ORIENTED_EDGE ( 'NONE', *, *, #4849, .F. ) ;
#5501 = AXIS2_PLACEMENT_3D ( 'NONE', #11025, #2045, #7344 ) ;
#5502 = ORIENTED_EDGE ( 'NONE', *, *, #2073, .F. ) ;
#5503 = CARTESIAN_POINT ( 'NONE',  ( 0.09448818897637396852, -0.09842519685039784194, -0.1948818898240157471 ) ) ;
#5504 = CARTESIAN_POINT ( 'NONE',  ( -0.1515748031495919579, 0.03937007874015747977, -0.06692913385826772255 ) ) ;
#5505 = EDGE_CURVE ( 'NONE', #8356, #2196, #4048, .T. ) ;
#5506 = CARTESIAN_POINT ( 'NONE',  ( -0.1550618660461191844, 0.06417322834645669549, -0.07480314960630034260 ) ) ;
#5507 = LINE ( 'NONE', #9056, #8696 ) ;
#5508 = CARTESIAN_POINT ( 'NONE',  ( 0.1041184793103956119, 0.08661417322834644161, -0.2040687223592171085 ) ) ;
#5509 = CARTESIAN_POINT ( 'NONE',  ( 0.1200787401574803098, 0.08070866141846227970, -0.3661417322834646382 ) ) ;
#5510 = DIRECTION ( 'NONE',  ( 0.7986355103772285746, 0.000000000000000000, -0.6018150227142087250 ) ) ;
#5511 = ORIENTED_EDGE ( 'NONE', *, *, #11057, .F. ) ;
#5512 = CARTESIAN_POINT ( 'NONE',  ( 0.1268897637795275701, -0.09917322834645667107, -0.2992125984251968740 ) ) ;
#5513 = ORIENTED_EDGE ( 'NONE', *, *, #2451, .F. ) ;
#5514 = EDGE_LOOP ( 'NONE', ( #164, #10725, #4403, #2655, #5927, #7146, #8161, #8741 ) ) ;
#5515 = VERTEX_POINT ( 'NONE', #5900 ) ;
#5516 = ADVANCED_FACE ( 'NONE', ( #11211 ), #2291, .T. ) ;
#5517 = EDGE_CURVE ( 'NONE', #6790, #6247, #781, .T. ) ;
#5518 = DIRECTION ( 'NONE',  ( 0.000000000000000000, 0.000000000000000000, 1.000000000000000000 ) ) ;
#5519 = CARTESIAN_POINT ( 'NONE',  ( 0.1069961176135039438, -0.05085077334354329986, -0.05292002781389764515 ) ) ;
#5520 = CARTESIAN_POINT ( 'NONE',  ( 0.1641732283442519924, -0.1015653968110138694, -0.3582677165518504125 ) ) ;
#5521 = CARTESIAN_POINT ( 'NONE',  ( 0.05679686420555117576, 0.06559938258125982968, -0.03683594671023228406 ) ) ;
#5522 = LINE ( 'NONE', #979, #4990 ) ;
#5523 = VERTEX_POINT ( 'NONE', #4922 ) ;
#5524 = VECTOR ( 'NONE', #6571, 39.37007874015748143 ) ;
#5525 = FACE_BOUND ( 'NONE', #5264, .T. ) ;
#5526 = ORIENTED_EDGE ( 'NONE', *, *, #1447, .T. ) ;
#5527 = CARTESIAN_POINT ( 'NONE',  ( 0.1121672863888976135, -0.07086614173228347746, -0.1569918938658267926 ) ) ;
#5528 = LINE ( 'NONE', #8210, #1752 ) ;
#5529 = AXIS2_PLACEMENT_3D ( 'NONE', #6559, #1254, #3897 ) ;
#5530 = LINE ( 'NONE', #1922, #9426 ) ;
#5531 = CARTESIAN_POINT ( 'NONE',  ( 0.07353947150849581005, 0.03793001002176523556, -0.3033913370189169068 ) ) ;
#5532 = DIRECTION ( 'NONE',  ( -0.9993908270173005315, 0.000000000000000000, 0.03489949675390779937 ) ) ;
#5533 = LINE ( 'NONE', #9257, #8401 ) ;
#5534 = CARTESIAN_POINT ( 'NONE',  ( -0.03149606299212598381, 0.000000000000000000, -0.2401574803149604254 ) ) ;
#5535 = DIRECTION ( 'NONE',  ( 0.000000000000000000, 0.000000000000000000, 1.000000000000000000 ) ) ;
#5536 = ORIENTED_EDGE ( 'NONE', *, *, #1259, .F. ) ;
#5537 = VECTOR ( 'NONE', #2946, 39.37007874015748143 ) ;
#5538 = ORIENTED_EDGE ( 'NONE', *, *, #5366, .T. ) ;
#5539 = ADVANCED_FACE ( 'NONE', ( #9343 ), #8462, .T. ) ;
#5540 = EDGE_CURVE ( 'NONE', #5851, #3530, #4449, .T. ) ;
#5541 = AXIS2_PLACEMENT_3D ( 'NONE', #9667, #5297, #8039 ) ;
#5542 = VERTEX_POINT ( 'NONE', #9860 ) ;
#5543 = CARTESIAN_POINT ( 'NONE',  ( 0.1071134051618897742, 0.06809958675846457254, -0.05698882737956691841 ) ) ;
#5544 = FACE_OUTER_BOUND ( 'NONE', #5867, .T. ) ;
#5545 = DIRECTION ( 'NONE',  ( 0.01745240645998407183, 0.000000000000000000, -0.9998476951559951420 ) ) ;
#5546 = DIRECTION ( 'NONE',  ( 0.5658812418296287339, 0.000000000000000000, 0.8244867616556114109 ) ) ;
#5547 = PLANE ( 'NONE',  #7633 ) ;
#5548 = AXIS2_PLACEMENT_3D ( 'NONE', #6491, #1957, #5510 ) ;
#5549 = CARTESIAN_POINT ( 'NONE',  ( 0.03348337688755955582, 0.09448818897637491221, -0.3208661417565748519 ) ) ;
#5550 = ORIENTED_EDGE ( 'NONE', *, *, #7041, .T. ) ;
#5551 = VERTEX_POINT ( 'NONE', #1879 ) ;
#5552 = VERTEX_POINT ( 'NONE', #15 ) ;
#5553 = EDGE_CURVE ( 'NONE', #11100, #2710, #3467, .T. ) ;
#5554 = EDGE_CURVE ( 'NONE', #2710, #6890, #5265, .T. ) ;
#5555 = DIRECTION ( 'NONE',  ( 1.000000000000000000, 0.000000000000000000, 0.000000000000000000 ) ) ;
#5556 = AXIS2_PLACEMENT_3D ( 'NONE', #3119, #10291, #435 ) ;
#5557 = ORIENTED_EDGE ( 'NONE', *, *, #5094, .T. ) ;
#5558 = EDGE_LOOP ( 'NONE', ( #11460, #10278, #8389, #7912 ) ) ;
#5559 = CARTESIAN_POINT ( 'NONE',  ( 0.05637531648506738380, 0.02337201444882296142, -0.3351917988825705019 ) ) ;
#5560 = LINE ( 'NONE', #9053, #7988 ) ;
#5561 = CARTESIAN_POINT ( 'NONE',  ( -0.1405511798818897540, -0.01850393700787394610, -0.3267716535433071168 ) ) ;
#5562 = CARTESIAN_POINT ( 'NONE',  ( -0.1765748025393701071, -0.08976377952755906775, -0.2834645669291339098 ) ) ;
#5563 = CIRCLE ( 'NONE', #3344, 0.01181102362202677593 ) ;
#5564 = CARTESIAN_POINT ( 'NONE',  ( 0.1421899664039763811, -0.02370078740157480213, -0.3125344430448425137 ) ) ;
#5565 = LINE ( 'NONE', #4582, #7337 ) ;
#5566 = DIRECTION ( 'NONE',  ( 1.000000000000000000, 0.000000000000000000, 0.000000000000000000 ) ) ;
#5567 = EDGE_CURVE ( 'NONE', #6883, #4587, #5315, .T. ) ;
#5568 = ORIENTED_EDGE ( 'NONE', *, *, #4526, .T. ) ;
#5569 = CARTESIAN_POINT ( 'NONE',  ( 0.1082677165354386517, -0.07165354330708691155, -0.2874015748031493178 ) ) ;
#5570 = VECTOR ( 'NONE', #601, 39.37007874015748143 ) ;
#5571 = ORIENTED_EDGE ( 'NONE', *, *, #1438, .T. ) ;
#5572 = EDGE_CURVE ( 'NONE', #4879, #5851, #5103, .T. ) ;
#5573 = ORIENTED_EDGE ( 'NONE', *, *, #10539, .T. ) ;
#5574 = ORIENTED_EDGE ( 'NONE', *, *, #4210, .T. ) ;
#5575 = VECTOR ( 'NONE', #6484, 39.37007874015748143 ) ;
#5576 = VERTEX_POINT ( 'NONE', #2532 ) ;
#5577 = AXIS2_PLACEMENT_3D ( 'NONE', #9375, #2512, #6754 ) ;
#5578 = DIRECTION ( 'NONE',  ( 7.499968528168469167E-11, 1.084202725629576131E-15, -1.000000000000000000 ) ) ;
#5579 = CARTESIAN_POINT ( 'NONE',  ( 0.1028618958707086528, -0.05225915449700788834, -0.05659298233366140407 ) ) ;
#5580 = EDGE_CURVE ( 'NONE', #1791, #1518, #6803, .T. ) ;
#5581 = CARTESIAN_POINT ( 'NONE',  ( 0.07328966365118874671, 0.02738787487237079668, -0.2890798548775159182 ) ) ;
#5582 = CARTESIAN_POINT ( 'NONE',  ( 0.06590956787011813256, 0.06548396751964567775, -0.04844553630362204155 ) ) ;
#5583 = FACE_OUTER_BOUND ( 'NONE', #6948, .T. ) ;
#5584 = EDGE_CURVE ( 'NONE', #8577, #6649, #10625, .T. ) ;
#5585 = ORIENTED_EDGE ( 'NONE', *, *, #11045, .F. ) ;
#5586 = LINE ( 'NONE', #1157, #4456 ) ;
#5587 = VERTEX_POINT ( 'NONE', #9799 ) ;
#5588 = EDGE_CURVE ( 'NONE', #8052, #1746, #8983, .T. ) ;
#5589 = DIRECTION ( 'NONE',  ( -0.03489949675390723732, 0.000000000000000000, -0.9993908270173006425 ) ) ;
#5590 = LINE ( 'NONE', #9842, #628 ) ;
#5591 = AXIS2_PLACEMENT_3D ( 'NONE', #1886, #4566, #2703 ) ;
#5592 = FACE_OUTER_BOUND ( 'NONE', #880, .T. ) ;
#5593 = FACE_OUTER_BOUND ( 'NONE', #2060, .T. ) ;
#5594 = AXIS2_PLACEMENT_3D ( 'NONE', #6955, #7832, #9529 ) ;
#5595 = VECTOR ( 'NONE', #11489, 39.37007874015748854 ) ;
#5596 = DIRECTION ( 'NONE',  ( 0.000000000000000000, 0.000000000000000000, 1.000000000000000000 ) ) ;
#5597 = LINE ( 'NONE', #2864, #403 ) ;
#5598 = CARTESIAN_POINT ( 'NONE',  ( 0.000000000000000000, -0.09842519685037785793, -0.04429133858267716994 ) ) ;
#5599 = CARTESIAN_POINT ( 'NONE',  ( 0.1155993113191732258, 0.07144409605854332157, -0.05871155862346456866 ) ) ;
#5600 = ORIENTED_EDGE ( 'NONE', *, *, #11070, .F. ) ;
#5601 = ADVANCED_FACE ( 'NONE', ( #4395 ), #2648, .F. ) ;
#5602 = ORIENTED_EDGE ( 'NONE', *, *, #11474, .F. ) ;
#5603 = AXIS2_PLACEMENT_3D ( 'NONE', #9215, #8402, #8335 ) ;
#5604 = VECTOR ( 'NONE', #3389, 39.37007874015748854 ) ;
#5605 = AXIS2_PLACEMENT_3D ( 'NONE', #3789, #7321, #9897 ) ;
#5606 = PRODUCT_DEFINITION_SHAPE ( 'NONE', 'NONE',  #11494 ) ;
#5607 = ORIENTED_EDGE ( 'NONE', *, *, #5580, .T. ) ;
#5608 = CARTESIAN_POINT ( 'NONE',  ( 0.1027544968101968687, 0.06662827547283466101, -0.05338825229657481047 ) ) ;
#5609 = DIRECTION ( 'NONE',  ( 0.000000000000000000, 0.000000000000000000, -1.000000000000000000 ) ) ;
#5610 = DIRECTION ( 'NONE',  ( 1.000000000000000000, 0.000000000000000000, 0.000000000000000000 ) ) ;
#5612 = DIRECTION ( 'NONE',  ( 0.000000000000000000, 0.000000000000000000, -1.000000000000000000 ) ) ;
#5611 = VECTOR ( 'NONE', #11275, 39.37007874015748143 ) ;
#5613 = ADVANCED_FACE ( 'NONE', ( #4506 ), #776, .T. ) ;
#5614 = CIRCLE ( 'NONE', #9891, 0.01968503937004933285 ) ;
#5615 = DIRECTION ( 'NONE',  ( -0.000000000000000000, -1.000000000000000000, -0.000000000000000000 ) ) ;
#5616 = DIRECTION ( 'NONE',  ( 0.9993908270172985331, 0.000000000000000000, -0.03489949675396261664 ) ) ;
#5617 = ORIENTED_EDGE ( 'NONE', *, *, #9874, .F. ) ;
#5618 = ORIENTED_EDGE ( 'NONE', *, *, #7107, .T. ) ;
#5619 = VERTEX_POINT ( 'NONE', #4562 ) ;
#5620 = DIRECTION ( 'NONE',  ( -1.000000000000000000, -0.000000000000000000, -0.000000000000000000 ) ) ;
#5621 = ORIENTED_EDGE ( 'NONE', *, *, #9539, .T. ) ;
#5622 = VECTOR ( 'NONE', #4198, 39.37007874015748854 ) ;
#5623 = ORIENTED_EDGE ( 'NONE', *, *, #9357, .F. ) ;
#5624 = DIMENSIONAL_EXPONENTS ( 1.000000000000000000, 0.000000000000000000, 0.000000000000000000, 0.000000000000000000, 0.000000000000000000, 0.000000000000000000, 0.000000000000000000 ) ;
#5625 = CARTESIAN_POINT ( 'NONE',  ( 0.02167235326551180188, -0.03937007877952858337, -0.3661417322998826718 ) ) ;
#5626 = EDGE_CURVE ( 'NONE', #11379, #9354, #6188, .T. ) ;
#5627 = LINE ( 'NONE', #1410, #7258 ) ;
#5628 = EDGE_CURVE ( 'NONE', #3123, #5551, #3521, .T. ) ;
#5629 = CARTESIAN_POINT ( 'NONE',  ( 0.01709268428984764276, 0.008067983937007878331, -0.1319273292421711263 ) ) ;
#5630 = ADVANCED_FACE ( 'NONE', ( #8108 ), #1764, .T. ) ;
#5631 = DIRECTION ( 'NONE',  ( 0.5773502691894358829, 0.5773502691891126970, -0.5773502691903287243 ) ) ;
#5632 = DIRECTION ( 'NONE',  ( 0.000000000000000000, 0.000000000000000000, 1.000000000000000000 ) ) ;
#5633 = CARTESIAN_POINT ( 'NONE',  ( 0.09448818897636601655, -0.07165354330708287312, -0.2370078739861220529 ) ) ;
#5634 = ORIENTED_EDGE ( 'NONE', *, *, #10862, .F. ) ;
#5635 = CARTESIAN_POINT ( 'NONE',  ( -0.07362204602362203143, 0.06417322834645669549, -0.2086614173228346636 ) ) ;
#5636 = ORIENTED_EDGE ( 'NONE', *, *, #7776, .T. ) ;
#5637 = ORIENTED_EDGE ( 'NONE', *, *, #1847, .F. ) ;
#5638 = ORIENTED_EDGE ( 'NONE', *, *, #4103, .T. ) ;
#5639 = CARTESIAN_POINT ( 'NONE',  ( -0.1850393700787401619, -0.1015748031496182119, -0.1614173228346456601 ) ) ;
#5640 = LINE ( 'NONE', #2903, #11372 ) ;
#5641 = ADVANCED_FACE ( 'NONE', ( #10730 ), #1819, .F. ) ;
#5642 = DIRECTION ( 'NONE',  ( 0.000000000000000000, 0.000000000000000000, 1.000000000000000000 ) ) ;
#5643 = CARTESIAN_POINT ( 'NONE',  ( 0.1113642999611417217, 0.06683587039629922122, -0.05376116486826771484 ) ) ;
#5644 = LINE ( 'NONE', #5696, #10749 ) ;
#5645 = EDGE_LOOP ( 'NONE', ( #8432, #2725, #9986, #154 ) ) ;
#5646 = ORIENTED_EDGE ( 'NONE', *, *, #7475, .F. ) ;
#5647 = DIRECTION ( 'NONE',  ( 0.000000000000000000, 1.000000000000000000, 0.000000000000000000 ) ) ;
#5648 = CARTESIAN_POINT ( 'NONE',  ( 0.1328740157480315098, 0.08070866141732283006, -0.07795275590551184464 ) ) ;
#5649 = EDGE_LOOP ( 'NONE', ( #6664, #5752, #3053, #974 ) ) ;
#5650 = DIRECTION ( 'NONE',  ( -1.112002228190260508E-15, 1.000000000000000000, 0.000000000000000000 ) ) ;
#5651 = DIRECTION ( 'NONE',  ( 0.01745240638502534511, 0.000000000000000000, -0.9998476951573035398 ) ) ;
#5652 = EDGE_CURVE ( 'NONE', #9118, #9982, #122, .T. ) ;
#5653 = CARTESIAN_POINT ( 'NONE',  ( 0.1108510805977558911, -0.05091116794779527305, -0.04719699176846456345 ) ) ;
#5654 = DIRECTION ( 'NONE',  ( -0.000000000000000000, -0.000000000000000000, -1.000000000000000000 ) ) ;
#5655 = CARTESIAN_POINT ( 'NONE',  ( 0.1563702825577165112, -0.1019064925118897819, -0.2834645669455512218 ) ) ;
#5656 = PLANE ( 'NONE',  #10265 ) ;
#5657 = VECTOR ( 'NONE', #4740, 39.37007874015748143 ) ;
#5658 = VERTEX_POINT ( 'NONE', #8275 ) ;
#5659 = CARTESIAN_POINT ( 'NONE',  ( 0.1034789693984559528, -0.05616280334645668698, -0.05316707700532840447 ) ) ;
#5660 = EDGE_CURVE ( 'NONE', #250, #653, #6585, .T. ) ;
#5661 = VERTEX_POINT ( 'NONE', #5715 ) ;
#5662 = VECTOR ( 'NONE', #731, 39.37007874015748143 ) ;
#5663 = CARTESIAN_POINT ( 'NONE',  ( -0.1929133858267716994, -0.1015748031496182813, -0.2913385826771653919 ) ) ;
#5664 = CARTESIAN_POINT ( 'NONE',  ( 0.1410850221279134065, 0.02850393700787402090, -0.07795275590551181688 ) ) ;
#5665 = ADVANCED_FACE ( 'NONE', ( #10029 ), #3946, .F. ) ;
#5666 = DIRECTION ( 'NONE',  ( 0.000000000000000000, 1.000000000000000000, 0.000000000000000000 ) ) ;
#5667 = DIRECTION ( 'NONE',  ( 0.000000000000000000, 1.000000000000000000, 0.000000000000000000 ) ) ;
#5668 = CARTESIAN_POINT ( 'NONE',  ( 0.05505368515468503365, -0.04499787787370078396, -0.1859279369260236348 ) ) ;
#5669 = EDGE_LOOP ( 'NONE', ( #3720, #951, #8781, #4914 ) ) ;
#5670 = ORIENTED_EDGE ( 'NONE', *, *, #999, .F. ) ;
#5671 = ORIENTED_EDGE ( 'NONE', *, *, #9688, .T. ) ;
#5672 = AXIS2_PLACEMENT_3D ( 'NONE', #1020, #8241, #7311 ) ;
#5673 = CARTESIAN_POINT ( 'NONE',  ( 0.09448818897637795144, 0.1109448818897637717, -0.3602598425196851251 ) ) ;
#5674 = ORIENTED_EDGE ( 'NONE', *, *, #2099, .T. ) ;
#5675 = ORIENTED_EDGE ( 'NONE', *, *, #8142, .F. ) ;
#5676 = CARTESIAN_POINT ( 'NONE',  ( 0.02145669291338584903, -0.06102362204725975126, -0.3543307086614128631 ) ) ;
#5677 = DIRECTION ( 'NONE',  ( 0.9993908270172985331, 0.000000000000000000, -0.03489949675396261664 ) ) ;
#5678 = LINE ( 'NONE', #9401, #8747 ) ;
#5679 = CARTESIAN_POINT ( 'NONE',  ( 0.06557582766953878872, 0.06549283286042199836, -0.04793620903171155745 ) ) ;
#5680 = LINE ( 'NONE', #1243, #5224 ) ;
#5681 = DIRECTION ( 'NONE',  ( -0.000000000000000000, -0.000000000000000000, -1.000000000000000000 ) ) ;
#5682 = DIRECTION ( 'NONE',  ( -0.9993908270173007535, 0.000000000000000000, 0.03489949675390380951 ) ) ;
#5683 = VERTEX_POINT ( 'NONE', #5663 ) ;
#5684 = CARTESIAN_POINT ( 'NONE',  ( -0.1574803149606299191, 0.07086614173227652469, -0.3661417322834661370 ) ) ;
#5685 = ORIENTED_EDGE ( 'NONE', *, *, #11175, .F. ) ;
#5686 = VERTEX_POINT ( 'NONE', #1223 ) ;
#5687 = ORIENTED_EDGE ( 'NONE', *, *, #5980, .T. ) ;
#5688 = EDGE_CURVE ( 'NONE', #10904, #7553, #3925, .T. ) ;
#5689 = EDGE_CURVE ( 'NONE', #7891, #1792, #10093, .T. ) ;
#5690 = AXIS2_PLACEMENT_3D ( 'NONE', #3290, #4972, #2478 ) ;
#5691 = CARTESIAN_POINT ( 'NONE',  ( 0.08025097852318899272, -0.06056593915311023202, -0.3616338582677166014 ) ) ;
#5692 = LINE ( 'NONE', #9241, #506 ) ;
#5693 = DIRECTION ( 'NONE',  ( 0.000000000000000000, 0.000000000000000000, 1.000000000000000000 ) ) ;
#5694 = FACE_OUTER_BOUND ( 'NONE', #5225, .T. ) ;
#5695 = CARTESIAN_POINT ( 'NONE',  ( 0.06918889223452756587, 0.06582520092488189367, -0.02956944979314566832 ) ) ;
#5696 = CARTESIAN_POINT ( 'NONE',  ( 0.1011887248688872615, 0.07677165354338662262, -0.2879659126534328539 ) ) ;
#5697 = ORIENTED_EDGE ( 'NONE', *, *, #4065, .T. ) ;
#5698 = ORIENTED_EDGE ( 'NONE', *, *, #6082, .T. ) ;
#5699 = CARTESIAN_POINT ( 'NONE',  ( 0.09251968503937006705, -0.08392224980948818913, -0.2996702813055512338 ) ) ;
#5700 = ADVANCED_FACE ( 'NONE', ( #1053 ), #7464, .F. ) ;
#5701 = DIRECTION ( 'NONE',  ( 0.000000000000000000, -1.000000000000000000, 0.000000000000000000 ) ) ;
#5702 = FACE_OUTER_BOUND ( 'NONE', #11259, .T. ) ;
#5703 = CARTESIAN_POINT ( 'NONE',  ( 0.04547244094488189781, -0.08267716535433068670, -0.3661417322834645272 ) ) ;
#5704 = VECTOR ( 'NONE', #856, 39.37007874015748143 ) ;
#5705 = CARTESIAN_POINT ( 'NONE',  ( 0.1069088766243487809, 0.07086614173228347746, -0.2933770112381690054 ) ) ;
#5706 = LINE ( 'NONE', #338, #3955 ) ;
#5707 = DIRECTION ( 'NONE',  ( 1.000000000000000000, 0.000000000000000000, 0.000000000000000000 ) ) ;
#5708 = DIRECTION ( 'NONE',  ( 0.000000000000000000, -1.000000000000000000, 0.000000000000000000 ) ) ;
#5709 = ORIENTED_EDGE ( 'NONE', *, *, #7745, .F. ) ;
#5710 = FACE_OUTER_BOUND ( 'NONE', #792, .T. ) ;
#5711 = EDGE_LOOP ( 'NONE', ( #4348, #5513, #3723, #1128 ) ) ;
#5712 = EDGE_CURVE ( 'NONE', #505, #5029, #3689, .T. ) ;
#5713 = AXIS2_PLACEMENT_3D ( 'NONE', #11342, #5332, #7724 ) ;
#5714 = ORIENTED_EDGE ( 'NONE', *, *, #10792, .T. ) ;
#5715 = CARTESIAN_POINT ( 'NONE',  ( 0.1525274020086014592, -0.1015653968110203226, -0.3562992126155443140 ) ) ;
#5716 = DIRECTION ( 'NONE',  ( 0.03489949675390441319, 0.000000000000000000, 0.9993908270173006425 ) ) ;
#5717 = FACE_OUTER_BOUND ( 'NONE', #6734, .T. ) ;
#5718 = VECTOR ( 'NONE', #4636, 39.37007874015748143 ) ;
#5719 = CARTESIAN_POINT ( 'NONE',  ( 0.04890313006862205547, -0.04499787790259843212, -0.1919870611668110238 ) ) ;
#5720 = EDGE_CURVE ( 'NONE', #7664, #4742, #8330, .T. ) ;
#5721 = ORIENTED_EDGE ( 'NONE', *, *, #5859, .T. ) ;
#5722 = EDGE_LOOP ( 'NONE', ( #4880, #9743, #9657, #2940, #5771, #5121, #1375, #9585, #1206 ) ) ;
#5723 = VERTEX_POINT ( 'NONE', #3811 ) ;
#5724 = EDGE_CURVE ( 'NONE', #9929, #10905, #3047, .T. ) ;
#5725 = DIRECTION ( 'NONE',  ( -0.4264014327099358570, -0.6396021490676627730, -0.6396021490668565290 ) ) ;
#5726 = EDGE_CURVE ( 'NONE', #5488, #1627, #7292, .T. ) ;
#5727 = ORIENTED_EDGE ( 'NONE', *, *, #501, .T. ) ;
#5728 = AXIS2_PLACEMENT_3D ( 'NONE', #634, #7508, #8440 ) ;
#5729 = ORIENTED_EDGE ( 'NONE', *, *, #2210, .F. ) ;
#5730 = FACE_OUTER_BOUND ( 'NONE', #10155, .T. ) ;
#5731 = CARTESIAN_POINT ( 'NONE',  ( -0.1476377940551180379, 0.05461790951527559917, -0.06299212598425103782 ) ) ;
#5732 = CARTESIAN_POINT ( 'NONE',  ( 0.05168930134181587421, 0.06219741841732250032, -0.1787109429619922751 ) ) ;
#5733 = LINE ( 'NONE', #6547, #883 ) ;
#5734 = DIRECTION ( 'NONE',  ( 0.000000000000000000, 0.000000000000000000, -1.000000000000000000 ) ) ;
#5735 = CARTESIAN_POINT ( 'NONE',  ( 0.1929133858245669908, -0.08975437318897884487, -0.3346456693070517519 ) ) ;
#5736 = DIRECTION ( 'NONE',  ( 0.000000000000000000, 0.000000000000000000, 1.000000000000000000 ) ) ;
#5737 = ORIENTED_EDGE ( 'NONE', *, *, #5491, .T. ) ;
#5738 = DIRECTION ( 'NONE',  ( -0.000000000000000000, -0.000000000000000000, -1.000000000000000000 ) ) ;
#5739 = AXIS2_PLACEMENT_3D ( 'NONE', #7068, #9754, #6025 ) ;
#5740 = VERTEX_POINT ( 'NONE', #7230 ) ;
#5741 = EDGE_CURVE ( 'NONE', #1960, #179, #6410, .T. ) ;
#5742 = ORIENTED_EDGE ( 'NONE', *, *, #1163, .T. ) ;
#5743 = ORIENTED_EDGE ( 'NONE', *, *, #1315, .T. ) ;
#5744 = VECTOR ( 'NONE', #11043, 39.37007874015748854 ) ;
#5745 = CARTESIAN_POINT ( 'NONE',  ( 0.1082677165354331006, -0.06102362204724410405, -0.1870078740157480324 ) ) ;
#5746 = CARTESIAN_POINT ( 'NONE',  ( -0.05118110236220473064, 0.000000000000000000, -0.3110236220472589741 ) ) ;
#5747 = AXIS2_PLACEMENT_3D ( 'NONE', #5365, #8749, #774 ) ;
#5748 = CARTESIAN_POINT ( 'NONE',  ( 0.1013779527559054983, 0.08740157480314961203, -0.3543307086614172485 ) ) ;
#5749 = DIRECTION ( 'NONE',  ( 0.000000000000000000, 1.000000000000000000, 0.000000000000000000 ) ) ;
#5750 = CARTESIAN_POINT ( 'NONE',  ( 0.06227992884937275792, 0.05118110236220473064, -0.3350887334993742916 ) ) ;
#5751 = ORIENTED_EDGE ( 'NONE', *, *, #10406, .F. ) ;
#5752 = ORIENTED_EDGE ( 'NONE', *, *, #4160, .F. ) ;
#5753 = VECTOR ( 'NONE', #6002, 39.37007874015748143 ) ;
#5754 = CARTESIAN_POINT ( 'NONE',  ( 0.02133125756463385980, -0.07677165354330708902, -0.2594094488369685370 ) ) ;
#5755 = LINE ( 'NONE', #11181, #11101 ) ;
#5756 = PLANE ( 'NONE',  #3195 ) ;
#5757 = EDGE_CURVE ( 'NONE', #9219, #7069, #9222, .T. ) ;
#5758 = DIRECTION ( 'NONE',  ( 0.000000000000000000, 1.000000000000000000, 0.000000000000000000 ) ) ;
#5759 = ADVANCED_FACE ( 'NONE', ( #9507 ), #11308, .F. ) ;
#5760 = ADVANCED_FACE ( 'NONE', ( #11133 ), #4092, .F. ) ;
#5761 = AXIS2_PLACEMENT_3D ( 'NONE', #2292, #11390, #6892 ) ;
#5762 = DIRECTION ( 'NONE',  ( 1.000000000000000000, 0.000000000000000000, -7.542275982507854188E-16 ) ) ;
#5763 = PLANE ( 'NONE',  #7276 ) ;
#5764 = VECTOR ( 'NONE', #2489, 39.37007874015748143 ) ;
#5765 = ORIENTED_EDGE ( 'NONE', *, *, #1432, .F. ) ;
#5766 = CARTESIAN_POINT ( 'NONE',  ( 0.03348337688755955582, -0.08267716535433065894, -0.3090551181266530945 ) ) ;
#5767 = AXIS2_PLACEMENT_3D ( 'NONE', #10682, #3695, #3815 ) ;
#5768 = VECTOR ( 'NONE', #3774, 39.37007874015748143 ) ;
#5769 = CIRCLE ( 'NONE', #755, 0.007874015748031516770 ) ;
#5770 = VECTOR ( 'NONE', #5325, 39.37007874015748143 ) ;
#5771 = ORIENTED_EDGE ( 'NONE', *, *, #9565, .F. ) ;
#5772 = CARTESIAN_POINT ( 'NONE',  ( -0.07677165354330710290, 3.133938659235357806E-18, -0.3425196850393699699 ) ) ;
#5773 = CARTESIAN_POINT ( 'NONE',  ( 0.04458124988278463346, 0.008457017972519685275, -0.1881436458641351783 ) ) ;
#5774 = LINE ( 'NONE', #10507, #8581 ) ;
#5775 = ADVANCED_FACE ( 'NONE', ( #8503 ), #2395, .T. ) ;
#5776 =( CONVERSION_BASED_UNIT ( 'INCH', #4963 ) LENGTH_UNIT ( ) NAMED_UNIT ( #3031 ) );
#5777 = DIRECTION ( 'NONE',  ( 0.000000000000000000, -1.000000000000000000, 0.000000000000000000 ) ) ;
#5778 =( GEOMETRIC_REPRESENTATION_CONTEXT ( 3 ) GLOBAL_UNCERTAINTY_ASSIGNED_CONTEXT ( ( #4366 ) ) GLOBAL_UNIT_ASSIGNED_CONTEXT ( ( #11377, #9622, #3337 ) ) REPRESENTATION_CONTEXT ( 'NONE', 'WORKASPACE' ) );
#5779 = ORIENTED_EDGE ( 'NONE', *, *, #6038, .T. ) ;
#5780 = AXIS2_PLACEMENT_3D ( 'NONE', #8846, #10600, #2679 ) ;
#5781 = VERTEX_POINT ( 'NONE', #9329 ) ;
#5782 = VERTEX_POINT ( 'NONE', #5772 ) ;
#5783 = CARTESIAN_POINT ( 'NONE',  ( -0.1153543294881908959, 0.06417322834645597385, -0.3307086614173168626 ) ) ;
#5784 = VERTEX_POINT ( 'NONE', #1576 ) ;
#5785 = CIRCLE ( 'NONE', #4680, 0.01181102362204724046 ) ;
#5786 = ORIENTED_EDGE ( 'NONE', *, *, #5724, .T. ) ;
#5787 = CARTESIAN_POINT ( 'NONE',  ( 0.09506539644698323854, -0.05048307577837077287, -0.03897672354613177653 ) ) ;
#5788 = AXIS2_PLACEMENT_3D ( 'NONE', #4013, #9361, #2311 ) ;
#5789 = CARTESIAN_POINT ( 'NONE',  ( -0.05944881889763779792, 0.06496062992125983815, -0.3307086614173229133 ) ) ;
#5790 = CIRCLE ( 'NONE', #6910, 0.01968503937007873988 ) ;
#5791 = CARTESIAN_POINT ( 'NONE',  ( 0.1417322834645669549, -0.008858267716535431213, -0.1015748031496063186 ) ) ;
#5792 = EDGE_CURVE ( 'NONE', #4221, #9219, #590, .T. ) ;
#5793 = CARTESIAN_POINT ( 'NONE',  ( 0.01214479250106693248, -0.04622715541354329577, -0.1570921158869685308 ) ) ;
#5794 = CARTESIAN_POINT ( 'NONE',  ( -0.1602362192519684869, -0.08582677165354359039, -0.3464566929133838236 ) ) ;
#5795 = DIRECTION ( 'NONE',  ( -1.000000000000000000, 0.000000000000000000, 1.922962685385158874E-15 ) ) ;
#5796 = ORIENTED_EDGE ( 'NONE', *, *, #969, .T. ) ;
#5797 = LINE ( 'NONE', #1361, #5799 ) ;
#5798 = ORIENTED_EDGE ( 'NONE', *, *, #6499, .F. ) ;
#5799 = VECTOR ( 'NONE', #492, 39.37007874015748854 ) ;
#5800 = AXIS2_PLACEMENT_3D ( 'NONE', #7453, #10086, #9148 ) ;
#5801 = ORIENTED_EDGE ( 'NONE', *, *, #11350, .F. ) ;
#5802 = ORIENTED_EDGE ( 'NONE', *, *, #943, .F. ) ;
#5803 = ORIENTED_EDGE ( 'NONE', *, *, #8071, .T. ) ;
#5804 = DIRECTION ( 'NONE',  ( 0.7071067811865470176, -0.7071067811865479058, 0.000000000000000000 ) ) ;
#5805 = LINE ( 'NONE', #9360, #7764 ) ;
#5806 = ADVANCED_FACE ( 'NONE', ( #1456 ), #4945, .T. ) ;
#5807 = ORIENTED_EDGE ( 'NONE', *, *, #5127, .T. ) ;
#5808 = DIRECTION ( 'NONE',  ( -0.9998476951573034288, 3.784387374329604533E-17, -0.01745240638502408570 ) ) ;
#5809 = DIRECTION ( 'NONE',  ( 0.000000000000000000, 0.000000000000000000, -1.000000000000000000 ) ) ;
#5810 = DIRECTION ( 'NONE',  ( -1.000000000000000000, 0.000000000000000000, 0.000000000000000000 ) ) ;
#5811 = ORIENTED_EDGE ( 'NONE', *, *, #1173, .T. ) ;
#5812 = ORIENTED_EDGE ( 'NONE', *, *, #8433, .T. ) ;
#5813 = EDGE_LOOP ( 'NONE', ( #10714, #3539, #3300, #6817, #11511 ) ) ;
#5814 = DIRECTION ( 'NONE',  ( 1.000000000000000000, 0.000000000000000000, 0.000000000000000000 ) ) ;
#5815 = FACE_OUTER_BOUND ( 'NONE', #11339, .T. ) ;
#5816 = LINE ( 'NONE', #11063, #7093 ) ;
#5817 = FACE_OUTER_BOUND ( 'NONE', #11400, .T. ) ;
#5818 = CARTESIAN_POINT ( 'NONE',  ( -0.05118110236220473758, 1.600692183787654230E-18, -0.3007949755511810652 ) ) ;
#5819 = CARTESIAN_POINT ( 'NONE',  ( -0.01377952755905511445, 0.07480314960630453369, -0.03937007876115485722 ) ) ;
#5820 = PLANE ( 'NONE',  #5577 ) ;
#5821 = LINE ( 'NONE', #3269, #730 ) ;
#5822 = CARTESIAN_POINT ( 'NONE',  ( -0.07224408403543308710, 0.06417322834645670937, -0.3307086614173229133 ) ) ;
#5823 = VERTEX_POINT ( 'NONE', #4906 ) ;
#5824 = FACE_OUTER_BOUND ( 'NONE', #11455, .T. ) ;
#5825 = VERTEX_POINT ( 'NONE', #7750 ) ;
#5826 = ADVANCED_FACE ( 'NONE', ( #11199 ), #4154, .F. ) ;
#5827 = EDGE_CURVE ( 'NONE', #837, #10040, #6007, .T. ) ;
#5828 = EDGE_CURVE ( 'NONE', #6715, #1919, #1341, .T. ) ;
#5829 = ADVANCED_FACE ( 'NONE', ( #6638 ), #7637, .T. ) ;
#5830 = VERTEX_POINT ( 'NONE', #3331 ) ;
#5831 = CARTESIAN_POINT ( 'NONE',  ( 0.1637559055074409853, -0.08941327748811025988, -0.3464566929298031894 ) ) ;
#5832 = LINE ( 'NONE', #9384, #1503 ) ;
#5833 = CARTESIAN_POINT ( 'NONE',  ( -0.05118110236220473064, 3.668008832535777652E-28, -0.01968503937007873988 ) ) ;
#5834 = CIRCLE ( 'NONE', #3433, 0.003937007874015724558 ) ;
#5835 = LINE ( 'NONE', #4790, #7447 ) ;
#5836 = FACE_OUTER_BOUND ( 'NONE', #6802, .T. ) ;
#5837 = ORIENTED_EDGE ( 'NONE', *, *, #2607, .T. ) ;
#5838 = ORIENTED_EDGE ( 'NONE', *, *, #10438, .T. ) ;
#5839 = EDGE_LOOP ( 'NONE', ( #494, #2552, #2566, #613 ) ) ;
#5840 = DIRECTION ( 'NONE',  ( 0.000000000000000000, 0.000000000000000000, -1.000000000000000000 ) ) ;
#5841 = ORIENTED_EDGE ( 'NONE', *, *, #6731, .T. ) ;
#5842 = AXIS2_PLACEMENT_3D ( 'NONE', #2221, #5777, #8453 ) ;
#5843 = EDGE_CURVE ( 'NONE', #1612, #9761, #2465, .T. ) ;
#5844 = ORIENTED_EDGE ( 'NONE', *, *, #7648, .T. ) ;
#5845 = LINE ( 'NONE', #9579, #470 ) ;
#5846 = CARTESIAN_POINT ( 'NONE',  ( 0.09448818897637795144, 0.08740157481889763991, -0.2061023622047244430 ) ) ;
#5847 = DIRECTION ( 'NONE',  ( 7.500366068894255604E-11, -4.956972332556934830E-12, 1.000000000000000000 ) ) ;
#5848 = DIRECTION ( 'NONE',  ( 0.000000000000000000, 1.000000000000000000, 0.000000000000000000 ) ) ;
#5849 = CARTESIAN_POINT ( 'NONE',  ( -0.1460629810629921477, 0.02412224796505905641, -0.06299212598425196763 ) ) ;
#5850 = CARTESIAN_POINT ( 'NONE',  ( 0.1082677165354330451, 0.005905511811023612424, -0.01968503937007874682 ) ) ;
#5851 = VERTEX_POINT ( 'NONE', #415 ) ;
#5852 = VECTOR ( 'NONE', #4125, 39.37007874015748143 ) ;
#5853 = CYLINDRICAL_SURFACE ( 'NONE', #8388, 0.007874015746530824839 ) ;
#5854 = CIRCLE ( 'NONE', #826, 0.01574803149606303354 ) ;
#5855 = ORIENTED_EDGE ( 'NONE', *, *, #8695, .T. ) ;
#5856 = ADVANCED_FACE ( 'NONE', ( #468 ), #6703, .T. ) ;
#5857 = VERTEX_POINT ( 'NONE', #2278 ) ;
#5858 = ORIENTED_EDGE ( 'NONE', *, *, #7260, .F. ) ;
#5859 = EDGE_CURVE ( 'NONE', #10881, #4841, #7356, .T. ) ;
#5860 = VERTEX_POINT ( 'NONE', #3226 ) ;
#5861 = CARTESIAN_POINT ( 'NONE',  ( 0.1850393700788753037, -0.1015653968110211969, -0.2834645669455511663 ) ) ;
#5862 = LINE ( 'NONE', #445, #9437 ) ;
#5863 = CARTESIAN_POINT ( 'NONE',  ( 0.09510504795874115402, 0.07086614173228347746, -0.2929648124576093582 ) ) ;
#5864 = CARTESIAN_POINT ( 'NONE',  ( -0.1503936897244094739, 0.01456692913385826925, -0.1011811023622047195 ) ) ;
#5865 = PLANE ( 'NONE',  #886 ) ;
#5866 = VERTEX_POINT ( 'NONE', #6762 ) ;
#5867 = EDGE_LOOP ( 'NONE', ( #10153, #4513, #8473, #11191 ) ) ;
#5868 = ADVANCED_FACE ( 'NONE', ( #10326 ), #5887, .F. ) ;
#5869 = ORIENTED_EDGE ( 'NONE', *, *, #5517, .T. ) ;
#5870 = EDGE_CURVE ( 'NONE', #9648, #4919, #6060, .T. ) ;
#5871 = EDGE_CURVE ( 'NONE', #6761, #1263, #61, .T. ) ;
#5872 = AXIS2_PLACEMENT_3D ( 'NONE', #2699, #7942, #4339 ) ;
#5873 = DIRECTION ( 'NONE',  ( 0.000000000000000000, 1.826752797404298746E-09, -1.000000000000000000 ) ) ;
#5874 = CARTESIAN_POINT ( 'NONE',  ( -0.1602362192519684869, -0.08582677165354331283, -0.1062992125984252162 ) ) ;
#5875 = CARTESIAN_POINT ( 'NONE',  ( 0.1555118110208383864, 0.07874015748004345450, -0.09055118110213744576 ) ) ;
#5876 = LINE ( 'NONE', #1328, #9696 ) ;
#5877 = DIRECTION ( 'NONE',  ( 1.083541702388735795E-16, -1.000000000000000000, -3.783810999838600009E-18 ) ) ;
#5878 = DIRECTION ( 'NONE',  ( 1.000000000000000000, 0.000000000000000000, 0.000000000000000000 ) ) ;
#5879 = DIRECTION ( 'NONE',  ( -1.000000000000000000, -0.000000000000000000, -0.000000000000000000 ) ) ;
#5880 = DIRECTION ( 'NONE',  ( -0.000000000000000000, -0.000000000000000000, -1.000000000000000000 ) ) ;
#5881 = CYLINDRICAL_SURFACE ( 'NONE', #6525, 0.007874015748031482076 ) ;
#5882 = ORIENTED_EDGE ( 'NONE', *, *, #479, .T. ) ;
#5883 = CARTESIAN_POINT ( 'NONE',  ( 0.02167235326551146188, 0.08858267716535433989, -0.2598425197014566645 ) ) ;
#5884 = ORIENTED_EDGE ( 'NONE', *, *, #3856, .T. ) ;
#5885 = B_SPLINE_SURFACE_WITH_KNOTS ( 'NONE', 3, 3, ( 
 ( #8240, #3831, #7363, #6489 ),
 ( #2068, #7590, #3886, #546 ),
 ( #11041, #2352, #9285, #7419 ),
 ( #5793, #9402, #7484, #7538 ),
 ( #3117, #4112, #3184, #10223 ),
 ( #3999, #4925, #11092, #3066 ),
 ( #1412, #6726, #2237, #488 ) ),
 .UNSPECIFIED., .F., .F., .F.,
 ( 4, 1, 1, 1, 4 ),
 ( 4, 4 ),
 ( -0.009981966140483000335, 0.000000000000000000, 0.5000000000000000000, 1.000000000000000000, 1.009984370809999810 ),
 ( -0.03121927762416000854, 1.031395849156999889 ),
 .UNSPECIFIED. ) ;
#5886 = ORIENTED_EDGE ( 'NONE', *, *, #1192, .F. ) ;
#5887 = CYLINDRICAL_SURFACE ( 'NONE', #2726, 0.005118110236212647900 ) ;
#5888 = FACE_OUTER_BOUND ( 'NONE', #4769, .T. ) ;
#5889 = DIRECTION ( 'NONE',  ( 0.01745240679953360616, 0.000000000000000000, -0.9998476951500681054 ) ) ;
#5890 = SURFACE_SIDE_STYLE ('',( #8805 ) ) ;
#5891 = EDGE_CURVE ( 'NONE', #7129, #1844, #2158, .T. ) ;
#5892 = ORIENTED_EDGE ( 'NONE', *, *, #3376, .F. ) ;
#5893 = EDGE_CURVE ( 'NONE', #8484, #2527, #1753, .T. ) ;
#5894 = ORIENTED_EDGE ( 'NONE', *, *, #3856, .F. ) ;
#5895 = AXIS2_PLACEMENT_3D ( 'NONE', #4265, #3400, #2741 ) ;
#5896 = ORIENTED_EDGE ( 'NONE', *, *, #9476, .F. ) ;
#5897 = CARTESIAN_POINT ( 'NONE',  ( 0.1072724017780905259, 0.08267716535433072833, -0.2829670128532070783 ) ) ;
#5898 = ORIENTED_EDGE ( 'NONE', *, *, #920, .T. ) ;
#5899 = VERTEX_POINT ( 'NONE', #5256 ) ;
#5900 = CARTESIAN_POINT ( 'NONE',  ( -0.06181102240157475974, 0.06417322834645670937, -0.3425196850393758541 ) ) ;
#5901 = DIRECTION ( 'NONE',  ( -1.000000000000000000, 0.000000000000000000, 0.000000000000000000 ) ) ;
#5902 = CIRCLE ( 'NONE', #1251, 0.01771653543307086937 ) ;
#5903 = DIRECTION ( 'NONE',  ( 0.000000000000000000, 0.000000000000000000, 1.000000000000000000 ) ) ;
#5904 = FACE_OUTER_BOUND ( 'NONE', #3764, .T. ) ;
#5905 = DIRECTION ( 'NONE',  ( 0.03489949675390371236, 0.000000000000000000, 0.9993908270173006425 ) ) ;
#5906 = EDGE_CURVE ( 'NONE', #267, #505, #10161, .T. ) ;
#5907 = CARTESIAN_POINT ( 'NONE',  ( 0.1250000000105511710, -0.01968503937007866356, -0.3111619278874409034 ) ) ;
#5908 = CARTESIAN_POINT ( 'NONE',  ( 0.09449759350173229933, -0.06299212598425196763, -0.3435039370242913281 ) ) ;
#5909 = EDGE_CURVE ( 'NONE', #11163, #4172, #6227, .T. ) ;
#5910 = ORIENTED_EDGE ( 'NONE', *, *, #4421, .T. ) ;
#5911 = EDGE_CURVE ( 'NONE', #6028, #1561, #6624, .T. ) ;
#5912 = CARTESIAN_POINT ( 'NONE',  ( 0.07206105233624662820, -0.04410948884927401448, -0.2186927553445015271 ) ) ;
#5913 = ORIENTED_EDGE ( 'NONE', *, *, #10055, .T. ) ;
#5914 = VERTEX_POINT ( 'NONE', #7164 ) ;
#5915 = DIRECTION ( 'NONE',  ( -3.469446951953610639E-15, 0.000000000000000000, 1.000000000000000000 ) ) ;
#5916 = AXIS2_PLACEMENT_3D ( 'NONE', #4869, #8415, #432 ) ;
#5917 = ORIENTED_EDGE ( 'NONE', *, *, #6464, .F. ) ;
#5918 = ORIENTED_EDGE ( 'NONE', *, *, #5052, .T. ) ;
#5919 = VECTOR ( 'NONE', #7609, 39.37007874015748143 ) ;
#5920 = VERTEX_POINT ( 'NONE', #9788 ) ;
#5921 = EDGE_CURVE ( 'NONE', #3697, #9325, #3572, .T. ) ;
#5922 = FACE_OUTER_BOUND ( 'NONE', #1489, .T. ) ;
#5923 = DIRECTION ( 'NONE',  ( 3.614007241618349757E-16, 0.000000000000000000, -1.000000000000000000 ) ) ;
#5924 = CARTESIAN_POINT ( 'NONE',  ( 0.008929133850409451748, 0.1012450844590944837, -0.3665994151677559043 ) ) ;
#5925 = DIRECTION ( 'NONE',  ( 0.000000000000000000, 1.000000000000000000, 0.000000000000000000 ) ) ;
#5926 = DIRECTION ( 'NONE',  ( 0.01745240645998407183, 0.000000000000000000, -0.9998476951559951420 ) ) ;
#5927 = ORIENTED_EDGE ( 'NONE', *, *, #8645, .T. ) ;
#5928 = ADVANCED_FACE ( 'NONE', ( #5193 ), #7555, .F. ) ;
#5929 = AXIS2_PLACEMENT_3D ( 'NONE', #1075, #6377, #9995 ) ;
#5930 = ORIENTED_EDGE ( 'NONE', *, *, #9570, .F. ) ;
#5931 = ORIENTED_EDGE ( 'NONE', *, *, #4027, .T. ) ;
#5932 = CIRCLE ( 'NONE', #1458, 0.04527559055118111908 ) ;
#5933 = DIRECTION ( 'NONE',  ( -0.9993908270173008646, 0.000000000000000000, 0.03489949675390315031 ) ) ;
#5934 = EDGE_CURVE ( 'NONE', #10279, #7679, #10912, .T. ) ;
#5935 = LINE ( 'NONE', #9489, #9990 ) ;
#5936 = CARTESIAN_POINT ( 'NONE',  ( 0.1148293794057427819, 0.08661417322834602528, -0.06656348731797755158 ) ) ;
#5937 = SPHERICAL_SURFACE ( 'NONE', #10809, 0.01476377952755905144 ) ;
#5938 = FACE_OUTER_BOUND ( 'NONE', #8595, .T. ) ;
#5939 = CYLINDRICAL_SURFACE ( 'NONE', #1895, 0.005905511811079367304 ) ;
#5940 = LINE ( 'NONE', #4952, #9291 ) ;
#5941 = ADVANCED_FACE ( 'NONE', ( #7810 ), #2500, .F. ) ;
#5942 = VECTOR ( 'NONE', #226, 39.37007874015748143 ) ;
#5943 = CARTESIAN_POINT ( 'NONE',  ( -0.1602361995669291383, -0.08582677165354331283, -0.1062992125984252162 ) ) ;
#5944 = CARTESIAN_POINT ( 'NONE',  ( 0.1437007874212653247, 0.02559055118110237573, -0.1122047243998306881 ) ) ;
#5945 = VERTEX_POINT ( 'NONE', #3509 ) ;
#5946 = DIRECTION ( 'NONE',  ( -0.7071067811865469066, 0.000000000000000000, -0.7071067811865481278 ) ) ;
#5947 = ORIENTED_EDGE ( 'NONE', *, *, #7683, .T. ) ;
#5948 = ORIENTED_EDGE ( 'NONE', *, *, #2096, .T. ) ;
#5949 = DIRECTION ( 'NONE',  ( 0.000000000000000000, 0.000000000000000000, -1.000000000000000000 ) ) ;
#5950 = DIRECTION ( 'NONE',  ( 1.000000000000000000, 0.000000000000000000, 7.228014483236696555E-16 ) ) ;
#5951 = AXIS2_PLACEMENT_3D ( 'NONE', #11026, #9158, #4737 ) ;
#5952 = DIRECTION ( 'NONE',  ( 0.7071067811865470176, 0.000000000000000000, 0.7071067811865479058 ) ) ;
#5953 = CARTESIAN_POINT ( 'NONE',  ( 0.06025182758441439967, 0.06136134665380330033, -0.2188988861400836539 ) ) ;
#5954 = EDGE_CURVE ( 'NONE', #9533, #11446, #1041, .T. ) ;
#5955 = ORIENTED_EDGE ( 'NONE', *, *, #739, .F. ) ;
#5956 = ORIENTED_EDGE ( 'NONE', *, *, #1534, .T. ) ;
#5957 = EDGE_LOOP ( 'NONE', ( #1275, #2642, #891, #4273 ) ) ;
#5958 = AXIS2_PLACEMENT_3D ( 'NONE', #3928, #4910, #354 ) ;
#5959 = CARTESIAN_POINT ( 'NONE',  ( 0.1594488188951382890, -0.08582677165354331283, -0.1062992125909532071 ) ) ;
#5960 = TOROIDAL_SURFACE ( 'NONE', #2236, 0.01430796275644885193, 0.01181102356552359532 ) ;
#5961 = VECTOR ( 'NONE', #9025, 39.37007874015748143 ) ;
#5962 = ORIENTED_EDGE ( 'NONE', *, *, #9605, .T. ) ;
#5963 = ORIENTED_EDGE ( 'NONE', *, *, #8845, .F. ) ;
#5964 = CARTESIAN_POINT ( 'NONE',  ( 0.1417322834645669549, -0.008858267716535431213, -0.3129921258661417793 ) ) ;
#5965 = DIRECTION ( 'NONE',  ( 1.000000000000000000, 1.445602896959033243E-15, -5.200122740941017372E-11 ) ) ;
#5966 = CARTESIAN_POINT ( 'NONE',  ( 0.007874015748031482076, 0.01771653541126853512, -0.2893700787401575214 ) ) ;
#5967 = DIRECTION ( 'NONE',  ( -0.9993908270172657815, 0.000000000000000000, 0.03489949675490422454 ) ) ;
#5968 = AXIS2_PLACEMENT_3D ( 'NONE', #8870, #4451, #6240 ) ;
#5969 = AXIS2_PLACEMENT_3D ( 'NONE', #4225, #6836, #11001 ) ;
#5970 = DIRECTION ( 'NONE',  ( -0.8660254038968500101, 0.000000000000000000, -0.4999999998052978567 ) ) ;
#5971 = CYLINDRICAL_SURFACE ( 'NONE', #5487, 0.01181102362204722485 ) ;
#5972 = DIRECTION ( 'NONE',  ( 1.000000000000000000, 0.000000000000000000, 0.000000000000000000 ) ) ;
#5973 = VERTEX_POINT ( 'NONE', #2633 ) ;
#5974 = EDGE_LOOP ( 'NONE', ( #2314, #2526, #3661, #7393 ) ) ;
#5975 = FACE_OUTER_BOUND ( 'NONE', #4179, .T. ) ;
#5976 = EDGE_LOOP ( 'NONE', ( #8648, #8243, #10, #10294, #2581, #8191, #533, #8807, #6946, #10805, #3768, #2079, #3341, #3585, #10319, #4045, #4462, #7786 ) ) ;
#5977 = AXIS2_PLACEMENT_3D ( 'NONE', #1077, #4642, #9120 ) ;
#5978 = VECTOR ( 'NONE', #274, 39.37007874015748143 ) ;
#5979 = AXIS2_PLACEMENT_3D ( 'NONE', #3350, #3413, #5101 ) ;
#5980 = EDGE_CURVE ( 'NONE', #475, #8840, #7192, .T. ) ;
#5981 = EDGE_CURVE ( 'NONE', #7678, #1598, #10016, .T. ) ;
#5982 = ORIENTED_EDGE ( 'NONE', *, *, #3080, .T. ) ;
#5983 = EDGE_CURVE ( 'NONE', #10860, #11127, #6515, .T. ) ;
#5984 = DIRECTION ( 'NONE',  ( -1.000000000000000000, 0.000000000000000000, 0.000000000000000000 ) ) ;
#5985 = CARTESIAN_POINT ( 'NONE',  ( 0.1009932042392097107, 0.06660059884419081144, -0.04527488258607294258 ) ) ;
#5986 = FACE_OUTER_BOUND ( 'NONE', #5974, .T. ) ;
#5987 = CARTESIAN_POINT ( 'NONE',  ( 0.05582563438589183136, 0.02387208005267589528, -0.3037005329345572879 ) ) ;
#5988 = DIRECTION ( 'NONE',  ( 0.000000000000000000, 0.000000000000000000, 1.000000000000000000 ) ) ;
#5989 = EDGE_LOOP ( 'NONE', ( #5352, #7954, #569, #8474 ) ) ;
#5990 = AXIS2_PLACEMENT_3D ( 'NONE', #7520, #11078, #3103 ) ;
#5991 = ORIENTED_EDGE ( 'NONE', *, *, #11496, .F. ) ;
#5992 = ORIENTED_EDGE ( 'NONE', *, *, #8682, .T. ) ;
#5993 = VERTEX_POINT ( 'NONE', #3851 ) ;
#5994 = EDGE_CURVE ( 'NONE', #903, #2999, #5530, .T. ) ;
#5995 = DIRECTION ( 'NONE',  ( 0.000000000000000000, 0.000000000000000000, -1.000000000000000000 ) ) ;
#5996 = DIRECTION ( 'NONE',  ( 1.000000000000000000, 0.000000000000000000, 0.000000000000000000 ) ) ;
#5997 = CARTESIAN_POINT ( 'NONE',  ( 0.04653739969858267794, 0.06220558427944881952, -0.1848972711960236437 ) ) ;
#5998 = LINE ( 'NONE', #3265, #11183 ) ;
#5999 = DIRECTION ( 'NONE',  ( 0.000000000000000000, 3.212450881438531748E-16, -1.000000000000000000 ) ) ;
#6000 = LINE ( 'NONE', #6631, #2083 ) ;
#6001 = DIRECTION ( 'NONE',  ( 0.000000000000000000, 1.000000000000000000, 0.000000000000000000 ) ) ;
#6002 = DIRECTION ( 'NONE',  ( 1.000000000000000000, 0.000000000000000000, 0.000000000000000000 ) ) ;
#6003 = CARTESIAN_POINT ( 'NONE',  ( 0.07307510292643699945, 0.03793001005669666831, -0.2767876790382677865 ) ) ;
#6004 = ORIENTED_EDGE ( 'NONE', *, *, #5416, .F. ) ;
#6005 = CARTESIAN_POINT ( 'NONE',  ( 0.02080943157674803451, -0.09907245818704721319, -0.2795275590551181133 ) ) ;
#6006 = EDGE_CURVE ( 'NONE', #7914, #10641, #867, .T. ) ;
#6007 = LINE ( 'NONE', #1526, #1588 ) ;
#6008 = CARTESIAN_POINT ( 'NONE',  ( 0.02145669291338582821, -0.09842519685039366473, -0.3025590551181102650 ) ) ;
#6009 = CARTESIAN_POINT ( 'NONE',  ( 0.06090572361779482413, -0.02755905511972522523, -0.2563605685268366963 ) ) ;
#6010 = FACE_OUTER_BOUND ( 'NONE', #5291, .T. ) ;
#6011 = ORIENTED_EDGE ( 'NONE', *, *, #5792, .T. ) ;
#6012 = ORIENTED_EDGE ( 'NONE', *, *, #8765, .T. ) ;
#6013 = ORIENTED_EDGE ( 'NONE', *, *, #6054, .F. ) ;
#6014 = DIRECTION ( 'NONE',  ( 0.000000000000000000, 1.000000000000000000, 0.000000000000000000 ) ) ;
#6015 = ORIENTED_EDGE ( 'NONE', *, *, #5726, .T. ) ;
#6016 = EDGE_CURVE ( 'NONE', #7129, #1729, #9200, .T. ) ;
#6017 = ORIENTED_EDGE ( 'NONE', *, *, #5741, .T. ) ;
#6018 = CIRCLE ( 'NONE', #6568, 0.007874015748031516770 ) ;
#6019 = CYLINDRICAL_SURFACE ( 'NONE', #849, 0.02559055118110236532 ) ;
#6020 = CARTESIAN_POINT ( 'NONE',  ( 0.03348337688755975011, -0.07677165361189190740, -0.2577811074174135020 ) ) ;
#6021 = CARTESIAN_POINT ( 'NONE',  ( -6.084371851489066036E-15, -0.1151574803149768567, -0.2411417322834645549 ) ) ;
#6022 = CARTESIAN_POINT ( 'NONE',  ( 0.05582127071211158420, 0.02362204725638270345, -0.3034505382219363501 ) ) ;
#6023 =( NAMED_UNIT ( * ) SI_UNIT ( $, .STERADIAN. ) SOLID_ANGLE_UNIT ( ) );
#6024 = DIRECTION ( 'NONE',  ( 1.000000000000000000, 0.000000000000000000, 0.000000000000000000 ) ) ;
#6025 = DIRECTION ( 'NONE',  ( 0.000000000000000000, 0.000000000000000000, 1.000000000000000000 ) ) ;
#6026 = ORIENTED_EDGE ( 'NONE', *, *, #3632, .T. ) ;
#6027 = CARTESIAN_POINT ( 'NONE',  ( 0.000000000000000000, 0.000000000000000000, 0.000000000000000000 ) ) ;
#6028 = VERTEX_POINT ( 'NONE', #9028 ) ;
#6029 = FACE_OUTER_BOUND ( 'NONE', #3698, .T. ) ;
#6030 = VERTEX_POINT ( 'NONE', #170 ) ;
#6031 = ORIENTED_EDGE ( 'NONE', *, *, #10792, .F. ) ;
#6032 = CARTESIAN_POINT ( 'NONE',  ( 0.1082677165354330728, 0.005905511811023620231, -0.3543307086929134431 ) ) ;
#6033 = CARTESIAN_POINT ( 'NONE',  ( 0.07791759060594917463, 0.06593626576079889001, -0.03631172129813502875 ) ) ;
#6034 = VECTOR ( 'NONE', #10591, 39.37007874015748143 ) ;
#6035 = CARTESIAN_POINT ( 'NONE',  ( -0.05118110236220473064, 0.000000000000000000, -0.2480314960629919352 ) ) ;
#6036 = LINE ( 'NONE', #7783, #9204 ) ;
#6037 = LINE ( 'NONE', #5232, #6474 ) ;
#6038 = EDGE_CURVE ( 'NONE', #936, #5164, #5155, .T. ) ;
#6039 = VERTEX_POINT ( 'NONE', #4723 ) ;
#6040 = EDGE_LOOP ( 'NONE', ( #9049, #6477, #1482, #3303, #79 ) ) ;
#6041 = ADVANCED_FACE ( 'NONE', ( #7333 ), #10952, .T. ) ;
#6042 = EDGE_CURVE ( 'NONE', #8785, #3284, #2915, .T. ) ;
#6043 = ORIENTED_EDGE ( 'NONE', *, *, #3437, .T. ) ;
#6044 = VECTOR ( 'NONE', #8113, 39.37007874015748143 ) ;
#6045 = CARTESIAN_POINT ( 'NONE',  ( -0.1562992113779587133, -0.06181102362204724671, -0.3149606299212598381 ) ) ;
#6046 = LINE ( 'NONE', #9727, #4597 ) ;
#6047 = CARTESIAN_POINT ( 'NONE',  ( 0.05976074624854330747, 0.06135296727712599013, -0.2192603237135039851 ) ) ;
#6048 = DIRECTION ( 'NONE',  ( 1.000000000000000000, 0.000000000000000000, -2.668805347656626087E-15 ) ) ;
#6049 = PLANE ( 'NONE',  #6403 ) ;
#6050 = LINE ( 'NONE', #5248, #7030 ) ;
#6051 = DIRECTION ( 'NONE',  ( -0.9993908270173007535, 0.000000000000000000, 0.03489949675390380951 ) ) ;
#6052 = DIRECTION ( 'NONE',  ( -0.03489949667903968072, -0.000000000000000000, -0.9993908270199149957 ) ) ;
#6053 = CARTESIAN_POINT ( 'NONE',  ( 0.09448818897637792369, 0.09251968503937006705, -0.3543307086614174151 ) ) ;
#6054 = EDGE_CURVE ( 'NONE', #11426, #6209, #10083, .T. ) ;
#6055 = VERTEX_POINT ( 'NONE', #987 ) ;
#6056 = EDGE_CURVE ( 'NONE', #863, #8992, #2092, .T. ) ;
#6057 = LINE ( 'NONE', #6175, #2426 ) ;
#6058 = AXIS2_PLACEMENT_3D ( 'NONE', #9439, #645, #10449 ) ;
#6059 = EDGE_LOOP ( 'NONE', ( #10801, #9139, #4890, #9851 ) ) ;
#6060 = LINE ( 'NONE', #9843, #1221 ) ;
#6061 = CARTESIAN_POINT ( 'NONE',  ( -0.05118110236220473064, 0.000000000000000000, -0.3425196850393611991 ) ) ;
#6062 = CYLINDRICAL_SURFACE ( 'NONE', #3134, 0.01673228346453284332 ) ;
#6063 = PLANE ( 'NONE',  #2641 ) ;
#6064 = DIRECTION ( 'NONE',  ( 0.9993908270173005315, -5.868336945768305061E-14, -0.03489949675390657119 ) ) ;
#6065 = ORIENTED_EDGE ( 'NONE', *, *, #3660, .F. ) ;
#6066 = ORIENTED_EDGE ( 'NONE', *, *, #3959, .T. ) ;
#6067 = EDGE_CURVE ( 'NONE', #10359, #1026, #3862, .T. ) ;
#6068 = ORIENTED_EDGE ( 'NONE', *, *, #1399, .T. ) ;
#6069 = CARTESIAN_POINT ( 'NONE',  ( 0.04135739263559055218, -0.03937007874015747977, -0.3661417322998834489 ) ) ;
#6070 = ORIENTED_EDGE ( 'NONE', *, *, #2114, .F. ) ;
#6071 = DIRECTION ( 'NONE',  ( 0.000000000000000000, 1.000000000000000000, 0.000000000000000000 ) ) ;
#6072 = CARTESIAN_POINT ( 'NONE',  ( 0.1074257048215914445, -0.02480314960629921572, -0.2785769880739453752 ) ) ;
#6073 = EDGE_CURVE ( 'NONE', #6236, #4176, #2169, .T. ) ;
#6074 = DIRECTION ( 'NONE',  ( -1.000000000000000000, 0.000000000000000000, 0.000000000000000000 ) ) ;
#6075 = LINE ( 'NONE', #1542, #10064 ) ;
#6076 = CIRCLE ( 'NONE', #1051, 0.003937007874015758385 ) ;
#6077 = CARTESIAN_POINT ( 'NONE',  ( 0.07258123919981870897, -0.04330421444542529447, -0.2484942448505961243 ) ) ;
#6078 = LINE ( 'NONE', #4288, #7134 ) ;
#6079 = CARTESIAN_POINT ( 'NONE',  ( -0.05118110236220473064, 0.000000000000000000, -0.2795275590551180578 ) ) ;
#6080 = VERTEX_POINT ( 'NONE', #1099 ) ;
#6081 = VERTEX_POINT ( 'NONE', #7279 ) ;
#6082 = EDGE_CURVE ( 'NONE', #10307, #10860, #1210, .T. ) ;
#6083 = EDGE_CURVE ( 'NONE', #11251, #3552, #334, .T. ) ;
#6084 = ORIENTED_EDGE ( 'NONE', *, *, #4134, .F. ) ;
#6085 = CARTESIAN_POINT ( 'NONE',  ( -0.05118110236220464737, 0.000000000000000000, -0.2795275590551201117 ) ) ;
#6086 = ORIENTED_EDGE ( 'NONE', *, *, #583, .F. ) ;
#6087 = VECTOR ( 'NONE', #3024, 39.37007874015748854 ) ;
#6088 = VERTEX_POINT ( 'NONE', #3678 ) ;
#6089 = DIRECTION ( 'NONE',  ( 1.000000000000000000, 0.000000000000000000, 0.000000000000000000 ) ) ;
#6090 = DIRECTION ( 'NONE',  ( 0.000000000000000000, 0.000000000000000000, 1.000000000000000000 ) ) ;
#6091 = CARTESIAN_POINT ( 'NONE',  ( -0.05118110236220473064, -1.687505431709033550E-18, -0.3444881889713384826 ) ) ;
#6092 = FACE_OUTER_BOUND ( 'NONE', #8339, .T. ) ;
#6093 = FACE_OUTER_BOUND ( 'NONE', #723, .T. ) ;
#6094 = EDGE_LOOP ( 'NONE', ( #10037, #86, #4588, #9272 ) ) ;
#6095 = EDGE_CURVE ( 'NONE', #1005, #769, #681, .T. ) ;
#6096 = B_SPLINE_CURVE_WITH_KNOTS ( 'NONE', 3,
 ( #9441, #1459, #11201, #5028, #1529, #3228, #4156, #5953 ),
 .UNSPECIFIED., .F., .F.,
 ( 4, 2, 2, 4 ),
 ( 9.763566838940961511E-13, 0.0002255898400716286592, 0.0004511796791669006276, 0.0009023593573574445643 ),
 .UNSPECIFIED. ) ;
#6097 = CIRCLE ( 'NONE', #9070, 0.01181102362204730985 ) ;
#6098 = ORIENTED_EDGE ( 'NONE', *, *, #3727, .F. ) ;
#6099 = ORIENTED_EDGE ( 'NONE', *, *, #11472, .T. ) ;
#6100 = VECTOR ( 'NONE', #3083, 39.37007874015748143 ) ;
#6101 = ORIENTED_EDGE ( 'NONE', *, *, #528, .F. ) ;
#6102 = CARTESIAN_POINT ( 'NONE',  ( 0.09962299655380107977, -0.06889763779527560694, -0.1635876920872873508 ) ) ;
#6103 = AXIS2_PLACEMENT_3D ( 'NONE', #5074, #7563, #578 ) ;
#6104 = ADVANCED_FACE ( 'NONE', ( #5592 ), #6397, .T. ) ;
#6105 = CARTESIAN_POINT ( 'NONE',  ( 0.1417322834645669549, 0.08070866141732283006, -0.3129921259251968735 ) ) ;
#6106 = CARTESIAN_POINT ( 'NONE',  ( 0.06066835906555118063, 0.06177938252618109943, -0.1993167535092913167 ) ) ;
#6107 = FACE_OUTER_BOUND ( 'NONE', #1728, .T. ) ;
#6108 = VECTOR ( 'NONE', #7365, 39.37007874015748143 ) ;
#6109 = DIRECTION ( 'NONE',  ( -0.000000000000000000, -0.000000000000000000, -1.000000000000000000 ) ) ;
#6110 = LINE ( 'NONE', #1745, #1443 ) ;
#6111 = VERTEX_POINT ( 'NONE', #232 ) ;
#6112 = DIRECTION ( 'NONE',  ( -4.121147867408581078E-13, 0.000000000000000000, 1.000000000000000000 ) ) ;
#6113 = CARTESIAN_POINT ( 'NONE',  ( -0.1929133858267717272, -0.08976377952755332235, -0.1614173228346452438 ) ) ;
#6114 = ORIENTED_EDGE ( 'NONE', *, *, #2000, .F. ) ;
#6115 = VECTOR ( 'NONE', #8384, 39.37007874015748143 ) ;
#6116 = CARTESIAN_POINT ( 'NONE',  ( 0.1075472009651508576, -0.07086614173229233149, -0.2750977937428563114 ) ) ;
#6117 = ORIENTED_EDGE ( 'NONE', *, *, #2197, .F. ) ;
#6118 = ADVANCED_FACE ( 'NONE', ( #10895 ), #1161, .T. ) ;
#6119 = CARTESIAN_POINT ( 'NONE',  ( -0.06889763780840707508, 6.200230888360887247E-12, -0.3541908114241070216 ) ) ;
#6120 = PLANE ( 'NONE',  #8750 ) ;
#6121 = EDGE_CURVE ( 'NONE', #11526, #1960, #11237, .T. ) ;
#6122 = AXIS2_PLACEMENT_3D ( 'NONE', #7283, #5707, #9258 ) ;
#6123 = FACE_OUTER_BOUND ( 'NONE', #3013, .T. ) ;
#6124 = CARTESIAN_POINT ( 'NONE',  ( 0.03366141732283703392, -0.07716535432382498616, -0.3543307086614150281 ) ) ;
#6125 = VECTOR ( 'NONE', #6014, 39.37007874015748143 ) ;
#6126 = ORIENTED_EDGE ( 'NONE', *, *, #389, .F. ) ;
#6127 = EDGE_LOOP ( 'NONE', ( #6101, #1589, #54, #6882 ) ) ;
#6128 = VERTEX_POINT ( 'NONE', #1380 ) ;
#6129 = LINE ( 'NONE', #11384, #9839 ) ;
#6130 = VECTOR ( 'NONE', #11517, 39.37007874015748143 ) ;
#6131 = VERTEX_POINT ( 'NONE', #10186 ) ;
#6132 = CARTESIAN_POINT ( 'NONE',  ( -0.04527559055118111214, -0.01377952755905511965, -0.2480314960629922127 ) ) ;
#6133 = PLANE ( 'NONE',  #2796 ) ;
#6134 = ADVANCED_FACE ( 'NONE', ( #5702 ), #8609, .T. ) ;
#6135 = DIRECTION ( 'NONE',  ( -0.000000000000000000, -0.000000000000000000, -1.000000000000000000 ) ) ;
#6136 = LINE ( 'NONE', #8756, #6885 ) ;
#6137 = CARTESIAN_POINT ( 'NONE',  ( 0.1240157480314960647, -0.08602362204724407768, -0.2992125984251968185 ) ) ;
#6138 = LINE ( 'NONE', #3417, #4447 ) ;
#6139 = EDGE_LOOP ( 'NONE', ( #9288, #1237, #5685, #1193 ) ) ;
#6140 = ORIENTED_EDGE ( 'NONE', *, *, #5052, .F. ) ;
#6141 = APPLICATION_PROTOCOL_DEFINITION ( 'draft international standard', 'automotive_design', 1998, #3958 ) ;
#6142 = VECTOR ( 'NONE', #8580, 39.37007874015748143 ) ;
#6143 = ORIENTED_EDGE ( 'NONE', *, *, #5190, .T. ) ;
#6144 = CARTESIAN_POINT ( 'NONE',  ( -0.1481623191240157844, 0.06496062992125986590, -0.05925104480062992618 ) ) ;
#6145 = EDGE_LOOP ( 'NONE', ( #3987, #1657, #10000, #3247 ) ) ;
#6146 = AXIS2_PLACEMENT_3D ( 'NONE', #4228, #4345, #1719 ) ;
#6147 = ORIENTED_EDGE ( 'NONE', *, *, #8454, .T. ) ;
#6148 = AXIS2_PLACEMENT_3D ( 'NONE', #7233, #10630, #9750 ) ;
#6149 = CARTESIAN_POINT ( 'NONE',  ( 0.09574337229955627582, 0.08661417328083724498, -0.2746855949622952764 ) ) ;
#6150 = EDGE_CURVE ( 'NONE', #1222, #9945, #5755, .T. ) ;
#6151 = VECTOR ( 'NONE', #7220, 39.37007874015748143 ) ;
#6152 = DIRECTION ( 'NONE',  ( -3.982958955851808022E-18, -1.000000000000000000, -1.140570213073138681E-16 ) ) ;
#6153 = CARTESIAN_POINT ( 'NONE',  ( -0.1765747926968504189, -0.1015748031496063186, -0.1692913385826771699 ) ) ;
#6154 = DIRECTION ( 'NONE',  ( 0.9998476951573035398, 5.420185217247715476E-16, 0.01745240638502557409 ) ) ;
#6155 = LINE ( 'NONE', #3606, #9948 ) ;
#6156 = PLANE ( 'NONE',  #3312 ) ;
#6157 = ORIENTED_EDGE ( 'NONE', *, *, #1937, .F. ) ;
#6158 = ORIENTED_EDGE ( 'NONE', *, *, #2016, .T. ) ;
#6159 = ORIENTED_EDGE ( 'NONE', *, *, #2765, .T. ) ;
#6160 = VECTOR ( 'NONE', #10724, 39.37007874015748143 ) ;
#6161 = VECTOR ( 'NONE', #4023, 39.37007874015748143 ) ;
#6162 = CIRCLE ( 'NONE', #7646, 0.01476377952755910349 ) ;
#6163 = ORIENTED_EDGE ( 'NONE', *, *, #7929, .F. ) ;
#6164 = ADVANCED_FACE ( 'NONE', ( #6686 ), #10310, .F. ) ;
#6165 = VECTOR ( 'NONE', #266, 39.37007874015748143 ) ;
#6166 = CARTESIAN_POINT ( 'NONE',  ( 0.1437007874101575156, -0.01968503937006695070, -0.1969195466181496434 ) ) ;
#6167 = CARTESIAN_POINT ( 'NONE',  ( 0.05197777063287403049, 0.06206398998610235945, -0.1889570800357480429 ) ) ;
#6168 = AXIS2_PLACEMENT_3D ( 'NONE', #2608, #1733, #10590 ) ;
#6169 = DIRECTION ( 'NONE',  ( -0.000000000000000000, -0.8000000000022069457, -0.5999999999970575537 ) ) ;
#6170 = CARTESIAN_POINT ( 'NONE',  ( -0.1425196850393701253, -0.06102362204724410405, -0.3543307086613994850 ) ) ;
#6171 = DIRECTION ( 'NONE',  ( 0.000000000000000000, -1.000000000000000000, 0.000000000000000000 ) ) ;
#6172 = VERTEX_POINT ( 'NONE', #11294 ) ;
#6173 = DIRECTION ( 'NONE',  ( -0.000000000000000000, -1.000000000000000000, -0.000000000000000000 ) ) ;
#6174 = ORIENTED_EDGE ( 'NONE', *, *, #4624, .T. ) ;
#6175 = CARTESIAN_POINT ( 'NONE',  ( 0.000000000000000000, -0.09842519685039370636, 0.000000000000000000 ) ) ;
#6176 = CARTESIAN_POINT ( 'NONE',  ( 0.1555118110193541014, 0.07216076925350395355, -0.08858267716630575939 ) ) ;
#6177 = DIRECTION ( 'NONE',  ( -0.9284766908852593037, 0.000000000000000000, -0.3713906763541038325 ) ) ;
#6178 = DIRECTION ( 'NONE',  ( -0.000000000000000000, -1.000000000000000000, -0.000000000000000000 ) ) ;
#6179 = LINE ( 'NONE', #3576, #5255 ) ;
#6180 = PLANE ( 'NONE',  #8017 ) ;
#6181 = ORIENTED_EDGE ( 'NONE', *, *, #4994, .T. ) ;
#6182 = ORIENTED_EDGE ( 'NONE', *, *, #8601, .F. ) ;
#6183 = EDGE_CURVE ( 'NONE', #8634, #7993, #1266, .T. ) ;
#6184 = ADVANCED_FACE ( 'NONE', ( #5815 ), #2321, .F. ) ;
#6185 = EDGE_CURVE ( 'NONE', #9919, #2781, #3670, .T. ) ;
#6186 = DIRECTION ( 'NONE',  ( 0.000000000000000000, 0.000000000000000000, 1.000000000000000000 ) ) ;
#6187 = ORIENTED_EDGE ( 'NONE', *, *, #1109, .T. ) ;
#6188 = LINE ( 'NONE', #941, #11077 ) ;
#6189 = DIRECTION ( 'NONE',  ( -1.000000000000000000, -0.000000000000000000, -0.000000000000000000 ) ) ;
#6190 = DIRECTION ( 'NONE',  ( 0.000000000000000000, 0.000000000000000000, -1.000000000000000000 ) ) ;
#6191 = DIRECTION ( 'NONE',  ( 1.000000000000000000, 0.000000000000000000, 0.000000000000000000 ) ) ;
#6192 = SURFACE_SIDE_STYLE ('',( #7835 ) ) ;
#6193 = CARTESIAN_POINT ( 'NONE',  ( -0.05423123625984251767, 0.06417322834645669549, -0.3425196850393758541 ) ) ;
#6194 = CARTESIAN_POINT ( 'NONE',  ( -0.1500000000000000222, 0.01377952755905511965, -0.05984251968502429797 ) ) ;
#6195 = ORIENTED_EDGE ( 'NONE', *, *, #3065, .F. ) ;
#6196 = ORIENTED_EDGE ( 'NONE', *, *, #1027, .F. ) ;
#6197 = ORIENTED_EDGE ( 'NONE', *, *, #5432, .F. ) ;
#6198 = EDGE_CURVE ( 'NONE', #4137, #8054, #3211, .T. ) ;
#6199 = EDGE_CURVE ( 'NONE', #9224, #9866, #10174, .T. ) ;
#6200 = DIRECTION ( 'NONE',  ( 1.000000000000000000, 0.000000000000000000, 0.000000000000000000 ) ) ;
#6201 = EDGE_LOOP ( 'NONE', ( #1961, #6011, #7516, #6114 ) ) ;
#6202 = ORIENTED_EDGE ( 'NONE', *, *, #4419, .F. ) ;
#6203 = CARTESIAN_POINT ( 'NONE',  ( -0.1444881680708603455, 0.009448818897637795144, -0.1062992125984252023 ) ) ;
#6204 = LINE ( 'NONE', #9764, #3022 ) ;
#6205 = CARTESIAN_POINT ( 'NONE',  ( 0.07408915357882564501, 0.008625928917283476327, -0.3348826027177387865 ) ) ;
#6206 = CARTESIAN_POINT ( 'NONE',  ( 0.09562187615602031621, -0.02480314960629917756, -0.2781647892933763466 ) ) ;
#6207 = CARTESIAN_POINT ( 'NONE',  ( -0.1574803149606331110, 0.06496062992125983815, -0.06692913385826776418 ) ) ;
#6208 = CARTESIAN_POINT ( 'NONE',  ( 0.1496062992109645495, 0.03234626322594023884, -0.08715038016755315142 ) ) ;
#6209 = VERTEX_POINT ( 'NONE', #2379 ) ;
#6210 = VECTOR ( 'NONE', #6346, 39.37007874015748143 ) ;
#6211 = ORIENTED_EDGE ( 'NONE', *, *, #3787, .F. ) ;
#6212 = EDGE_CURVE ( 'NONE', #8691, #3548, #8311, .T. ) ;
#6213 = ORIENTED_EDGE ( 'NONE', *, *, #278, .F. ) ;
#6214 = VECTOR ( 'NONE', #559, 39.37007874015748143 ) ;
#6215 = CARTESIAN_POINT ( 'NONE',  ( 0.02796478878080746813, 0.06344525136000736532, -0.1365422638000649835 ) ) ;
#6216 = CARTESIAN_POINT ( 'NONE',  ( 0.04918988573665353248, 0.06220272419913385614, -0.1815512833864172948 ) ) ;
#6217 = CARTESIAN_POINT ( 'NONE',  ( 0.1555118110208406346, 0.03149606299245170243, -0.09055118110171739287 ) ) ;
#6218 = FACE_OUTER_BOUND ( 'NONE', #10061, .T. ) ;
#6219 = DIRECTION ( 'NONE',  ( 1.334402673828313043E-15, 0.000000000000000000, 1.000000000000000000 ) ) ;
#6220 = ORIENTED_EDGE ( 'NONE', *, *, #3286, .F. ) ;
#6221 = DIRECTION ( 'NONE',  ( 0.000000000000000000, 0.000000000000000000, 1.000000000000000000 ) ) ;
#6222 = ORIENTED_EDGE ( 'NONE', *, *, #10361, .F. ) ;
#6223 = EDGE_CURVE ( 'NONE', #2376, #6417, #4021, .T. ) ;
#6224 = VECTOR ( 'NONE', #7364, 39.37007874015748143 ) ;
#6225 = EDGE_CURVE ( 'NONE', #8509, #6245, #1508, .T. ) ;
#6226 = CARTESIAN_POINT ( 'NONE',  ( 0.01676859272692913724, 0.06345080379972441176, -0.1314258063503149221 ) ) ;
#6227 = LINE ( 'NONE', #10720, #114 ) ;
#6228 = CARTESIAN_POINT ( 'NONE',  ( -0.1850393700787401619, -0.08976377952754717449, -0.1181102362204724532 ) ) ;
#6229 = CARTESIAN_POINT ( 'NONE',  ( 0.09821656497715269829, 0.08661417326771625458, -0.2038626229689173008 ) ) ;
#6230 = CARTESIAN_POINT ( 'NONE',  ( -0.1444881680708542671, -0.07755905511811023167, -0.3385826771653543399 ) ) ;
#6231 = CARTESIAN_POINT ( 'NONE',  ( 0.1555118110391283393, 0.02559055118110237573, -0.1122047244004448774 ) ) ;
#6232 = VERTEX_POINT ( 'NONE', #5005 ) ;
#6233 = EDGE_LOOP ( 'NONE', ( #11218, #8235 ) ) ;
#6234 = CARTESIAN_POINT ( 'NONE',  ( 0.1850393700788753037, -0.08975437318897884487, -0.2834645669455511108 ) ) ;
#6235 = VECTOR ( 'NONE', #9212, 39.37007874015748143 ) ;
#6236 = VERTEX_POINT ( 'NONE', #6628 ) ;
#6237 = DIRECTION ( 'NONE',  ( 0.000000000000000000, 1.000000000000000000, 0.000000000000000000 ) ) ;
#6238 = DIRECTION ( 'NONE',  ( 0.01745240577440872534, 0.000000000000000000, -0.9998476951679617919 ) ) ;
#6239 = PLANE ( 'NONE',  #9893 ) ;
#6240 = DIRECTION ( 'NONE',  ( 0.03489949667906394604, 0.000000000000000000, 0.9993908270199142185 ) ) ;
#6241 = EDGE_CURVE ( 'NONE', #1347, #2174, #5935, .T. ) ;
#6242 = EDGE_CURVE ( 'NONE', #4958, #6028, #6447, .T. ) ;
#6243 = CARTESIAN_POINT ( 'NONE',  ( -0.1497750170584842277, 0.01884019762450685198, -0.06625661262500917581 ) ) ;
#6244 = LINE ( 'NONE', #9804, #8622 ) ;
#6245 = VERTEX_POINT ( 'NONE', #9370 ) ;
#6246 = ORIENTED_EDGE ( 'NONE', *, *, #8454, .F. ) ;
#6247 = VERTEX_POINT ( 'NONE', #6862 ) ;
#6248 = DIRECTION ( 'NONE',  ( 0.000000000000000000, 0.000000000000000000, 1.000000000000000000 ) ) ;
#6249 = ORIENTED_EDGE ( 'NONE', *, *, #5909, .F. ) ;
#6250 = ORIENTED_EDGE ( 'NONE', *, *, #6284, .T. ) ;
#6251 = CARTESIAN_POINT ( 'NONE',  ( 0.1920425781699528767, -0.08976377952755906775, -0.1574803152864544808 ) ) ;
#6252 = AXIS2_PLACEMENT_3D ( 'NONE', #7219, #10778, #2802 ) ;
#6253 = DIRECTION ( 'NONE',  ( 0.000000000000000000, 1.000000000000000000, 0.000000000000000000 ) ) ;
#6254 = EDGE_CURVE ( 'NONE', #2935, #6824, #7619, .T. ) ;
#6255 = DIRECTION ( 'NONE',  ( 0.03489949667903968072, 0.000000000000000000, 0.9993908270199149957 ) ) ;
#6256 = EDGE_CURVE ( 'NONE', #9091, #4625, #11118, .T. ) ;
#6257 = CARTESIAN_POINT ( 'NONE',  ( -0.1405511798818897540, -0.01850393700787394610, -0.3267716535433071168 ) ) ;
#6258 = PLANE ( 'NONE',  #10502 ) ;
#6259 = FACE_OUTER_BOUND ( 'NONE', #1012, .T. ) ;
#6260 = ORIENTED_EDGE ( 'NONE', *, *, #10768, .F. ) ;
#6261 = ORIENTED_EDGE ( 'NONE', *, *, #7162, .F. ) ;
#6262 = ORIENTED_EDGE ( 'NONE', *, *, #3574, .T. ) ;
#6263 = VECTOR ( 'NONE', #3739, 39.37007874015748143 ) ;
#6264 = VERTEX_POINT ( 'NONE', #6215 ) ;
#6265 = DIRECTION ( 'NONE',  ( -1.000000000000000000, 0.000000000000000000, -7.499968528168457535E-11 ) ) ;
#6266 = FACE_OUTER_BOUND ( 'NONE', #7026, .T. ) ;
#6267 = EDGE_CURVE ( 'NONE', #5143, #7691, #6076, .T. ) ;
#6268 = AXIS2_PLACEMENT_3D ( 'NONE', #7495, #11167, #11000 ) ;
#6269 = DIRECTION ( 'NONE',  ( 0.000000000000000000, 0.000000000000000000, -1.000000000000000000 ) ) ;
#6270 = DIRECTION ( 'NONE',  ( 0.000000000000000000, -1.000000000000000000, 0.000000000000000000 ) ) ;
#6271 = DIRECTION ( 'NONE',  ( -0.000000000000000000, -0.000000000000000000, -1.000000000000000000 ) ) ;
#6272 = VERTEX_POINT ( 'NONE', #6105 ) ;
#6273 = CARTESIAN_POINT ( 'NONE',  ( 0.05232787380314961323, -0.06374015748031496009, -0.01968503937007873988 ) ) ;
#6274 = CIRCLE ( 'NONE', #9255, 0.04527559055118111908 ) ;
#6275 = VERTEX_POINT ( 'NONE', #4315 ) ;
#6276 = EDGE_LOOP ( 'NONE', ( #1929, #5311, #9485, #2223 ) ) ;
#6277 = CARTESIAN_POINT ( 'NONE',  ( 0.02755905511811023931, 0.08897637795277026085, -0.2507874015748031704 ) ) ;
#6278 = VECTOR ( 'NONE', #1528, 39.37007874015748143 ) ;
#6279 = ADVANCED_FACE ( 'NONE', ( #11531 ), #3441, .T. ) ;
#6280 = LINE ( 'NONE', #6396, #265 ) ;
#6281 = VECTOR ( 'NONE', #5335, 39.37007874015748143 ) ;
#6282 = CARTESIAN_POINT ( 'NONE',  ( -0.07874015748007319460, -1.890308194315655241E-12, -0.3582677165496299665 ) ) ;
#6283 = CARTESIAN_POINT ( 'NONE',  ( 0.1841685622054647364, -0.1015748031496008508, -0.1275590551386694971 ) ) ;
#6284 = EDGE_CURVE ( 'NONE', #1547, #7238, #7296, .T. ) ;
#6285 = CARTESIAN_POINT ( 'NONE',  ( 0.1013779527559055121, -0.07165354330708662012, -0.2874015748031495954 ) ) ;
#6286 = DIRECTION ( 'NONE',  ( 0.000000000000000000, 0.000000000000000000, 1.000000000000000000 ) ) ;
#6287 = CARTESIAN_POINT ( 'NONE',  ( -0.1500000000000000222, -0.09842519685039370636, -0.1031496062992126178 ) ) ;
#6288 = ORIENTED_EDGE ( 'NONE', *, *, #11250, .T. ) ;
#6289 = ORIENTED_EDGE ( 'NONE', *, *, #7533, .T. ) ;
#6290 = AXIS2_PLACEMENT_3D ( 'NONE', #6632, #409, #9150 ) ;
#6291 = ORIENTED_EDGE ( 'NONE', *, *, #1197, .F. ) ;
#6292 = CARTESIAN_POINT ( 'NONE',  ( 0.1082677165354330728, 0.005905511811023620231, -0.3129921259527559951 ) ) ;
#6293 = DIRECTION ( 'NONE',  ( 0.000000000000000000, 1.000000000000000000, 0.000000000000000000 ) ) ;
#6294 = EDGE_CURVE ( 'NONE', #7993, #4137, #8843, .T. ) ;
#6295 = AXIS2_PLACEMENT_3D ( 'NONE', #6069, #1642, #10511 ) ;
#6296 =( NAMED_UNIT ( * ) PLANE_ANGLE_UNIT ( ) SI_UNIT ( $, .RADIAN. ) );
#6297 = DIRECTION ( 'NONE',  ( -0.9998476951559778225, -5.421010854590156536E-16, -0.01745240646096404488 ) ) ;
#6298 = FACE_OUTER_BOUND ( 'NONE', #4457, .T. ) ;
#6299 = DIRECTION ( 'NONE',  ( -2.650874278590601345E-13, 0.6000000000014529267, -0.7999999999989101385 ) ) ;
#6300 = ORIENTED_EDGE ( 'NONE', *, *, #2504, .F. ) ;
#6301 = VERTEX_POINT ( 'NONE', #10430 ) ;
#6302 = AXIS2_PLACEMENT_3D ( 'NONE', #4836, #4669, #3974 ) ;
#6303 = ORIENTED_EDGE ( 'NONE', *, *, #8158, .T. ) ;
#6304 = DIRECTION ( 'NONE',  ( 0.4061384660486002662, 0.000000000000000000, 0.9138115486224114292 ) ) ;
#6305 = VECTOR ( 'NONE', #4634, 39.37007874015748143 ) ;
#6306 = EDGE_LOOP ( 'NONE', ( #9169, #9983 ) ) ;
#6307 = EDGE_LOOP ( 'NONE', ( #1585, #6507, #3310, #10119 ) ) ;
#6308 = ORIENTED_EDGE ( 'NONE', *, *, #6750, .F. ) ;
#6309 = LINE ( 'NONE', #804, #5204 ) ;
#6310 = CARTESIAN_POINT ( 'NONE',  ( 0.06792749352166732590, -0.08975437318897636074, -0.3208661417487008172 ) ) ;
#6311 = DIRECTION ( 'NONE',  ( -0.9998275306476892554, 0.006350959435525354267, -0.01745205641729098006 ) ) ;
#6312 = DIRECTION ( 'NONE',  ( -0.000000000000000000, -1.000000000000000000, -0.000000000000000000 ) ) ;
#6313 = CIRCLE ( 'NONE', #4291, 0.005118110235978657989 ) ;
#6314 = CARTESIAN_POINT ( 'NONE',  ( -0.05118110236220473064, 3.668008832535777652E-28, -0.01968503937007873988 ) ) ;
#6315 = CIRCLE ( 'NONE', #1292, 0.009842519685039369942 ) ;
#6316 = CARTESIAN_POINT ( 'NONE',  ( 0.09843093854189935432, -0.07086614177166018769, -0.1977237673144165708 ) ) ;
#6317 = CARTESIAN_POINT ( 'NONE',  ( 0.07206105233648434083, 0.06136134665372233038, -0.2186927553581197725 ) ) ;
#6318 = ORIENTED_EDGE ( 'NONE', *, *, #175, .F. ) ;
#6319 = DIRECTION ( 'NONE',  ( -1.000000000000000000, 0.000000000000000000, 0.000000000000000000 ) ) ;
#6320 = ORIENTED_EDGE ( 'NONE', *, *, #11175, .T. ) ;
#6321 = ORIENTED_EDGE ( 'NONE', *, *, #5024, .T. ) ;
#6322 = PRODUCT_DEFINITION_CONTEXT ( 'detailed design', #1717, 'design' ) ;
#6323 = EDGE_CURVE ( 'NONE', #9264, #4965, #6046, .T. ) ;
#6324 = VERTEX_POINT ( 'NONE', #8788 ) ;
#6325 = PRESENTATION_LAYER_ASSIGNMENT (  '', '', ( #2801 ) ) ;
#6326 = EDGE_CURVE ( 'NONE', #1962, #10426, #911, .T. ) ;
#6327 = CIRCLE ( 'NONE', #9867, 0.005905511811034109236 ) ;
#6328 = EDGE_CURVE ( 'NONE', #3461, #8135, #1741, .T. ) ;
#6329 = VECTOR ( 'NONE', #5426, 39.37007874015748143 ) ;
#6330 = VECTOR ( 'NONE', #253, 39.37007874015748143 ) ;
#6331 = DIRECTION ( 'NONE',  ( 0.03355670181395231655, 0.2747211281462231813, 0.9609382131611978739 ) ) ;
#6332 = LINE ( 'NONE', #7373, #5055 ) ;
#6333 = CARTESIAN_POINT ( 'NONE',  ( 0.1437007874018052522, 0.03234626322595068187, -0.08715038016707549184 ) ) ;
#6334 = CARTESIAN_POINT ( 'NONE',  ( 0.06186959273881890292, 0.06547953405122049209, -0.04703742910992126519 ) ) ;
#6335 = DIRECTION ( 'NONE',  ( 0.000000000000000000, 0.000000000000000000, 1.000000000000000000 ) ) ;
#6336 = ORIENTED_EDGE ( 'NONE', *, *, #9961, .F. ) ;
#6337 = CIRCLE ( 'NONE', #3568, 0.007874015733082297824 ) ;
#6338 = CIRCLE ( 'NONE', #5979, 0.007874015748031490750 ) ;
#6339 = CARTESIAN_POINT ( 'NONE',  ( 0.06214543084510546628, 0.05905333725267535722, -0.3273833479724084228 ) ) ;
#6340 = EDGE_LOOP ( 'NONE', ( #7440, #7350, #4516, #6336 ) ) ;
#6341 = CARTESIAN_POINT ( 'NONE',  ( 0.02911754932578740004, 0.06260377196838583236, -0.1771069496381495745 ) ) ;
#6342 = EDGE_CURVE ( 'NONE', #10917, #5899, #7918, .T. ) ;
#6343 = AXIS2_PLACEMENT_3D ( 'NONE', #8443, #7455, #11021 ) ;
#6344 = AXIS2_PLACEMENT_3D ( 'NONE', #6314, #4527, #9883 ) ;
#6345 = VECTOR ( 'NONE', #10572, 39.37007874015748143 ) ;
#6346 = DIRECTION ( 'NONE',  ( 0.000000000000000000, 0.000000000000000000, 1.000000000000000000 ) ) ;
#6347 = DIRECTION ( 'NONE',  ( -1.000000000000000000, -0.000000000000000000, -0.000000000000000000 ) ) ;
#6348 = DIRECTION ( 'NONE',  ( -3.469446951953619869E-14, 0.000000000000000000, -1.000000000000000000 ) ) ;
#6349 = DIRECTION ( 'NONE',  ( 1.000000000000000000, 0.000000000000000000, 0.000000000000000000 ) ) ;
#6350 = CARTESIAN_POINT ( 'NONE',  ( 0.1410850221279134065, 0.02952755905511811330, -0.07730549456885826842 ) ) ;
#6351 = CARTESIAN_POINT ( 'NONE',  ( -0.1425196850393700698, -0.01673228346456693411, -0.05984251968503937619 ) ) ;
#6352 = VECTOR ( 'NONE', #10574, 39.37007874015748143 ) ;
#6353 = ORIENTED_EDGE ( 'NONE', *, *, #9917, .F. ) ;
#6354 = AXIS2_PLACEMENT_3D ( 'NONE', #10434, #2455, #7509 ) ;
#6355 = CYLINDRICAL_SURFACE ( 'NONE', #2409, 0.005118110236212647900 ) ;
#6356 = EDGE_CURVE ( 'NONE', #11495, #7043, #7003, .T. ) ;
#6357 = EDGE_LOOP ( 'NONE', ( #10116, #1309, #1872, #3122 ) ) ;
#6358 = CARTESIAN_POINT ( 'NONE',  ( 0.1082677165354330728, 0.005905511811023620231, -0.3661417322834646382 ) ) ;
#6359 = DIRECTION ( 'NONE',  ( 0.000000000000000000, 0.000000000000000000, -1.000000000000000000 ) ) ;
#6360 = LINE ( 'NONE', #1881, #9880 ) ;
#6361 = CARTESIAN_POINT ( 'NONE',  ( 0.07550767562884809492, 0.02337201444881889870, -0.3033569816117796525 ) ) ;
#6362 = PLANE ( 'NONE',  #9865 ) ;
#6363 = DIRECTION ( 'NONE',  ( -0.9993908270173007535, 0.000000000000000000, 0.03489949675390380951 ) ) ;
#6364 = ORIENTED_EDGE ( 'NONE', *, *, #350, .F. ) ;
#6365 = ORIENTED_EDGE ( 'NONE', *, *, #1046, .T. ) ;
#6366 = ORIENTED_EDGE ( 'NONE', *, *, #58, .T. ) ;
#6367 = EDGE_CURVE ( 'NONE', #2014, #8338, #6981, .T. ) ;
#6368 = CARTESIAN_POINT ( 'NONE',  ( 0.1496062992125984370, -0.09842519685039366473, -0.1015748031496063186 ) ) ;
#6369 = ORIENTED_EDGE ( 'NONE', *, *, #1782, .T. ) ;
#6370 = VERTEX_POINT ( 'NONE', #1619 ) ;
#6371 = CARTESIAN_POINT ( 'NONE',  ( 0.06763485912749842011, 0.02337201444856375210, -0.3034944021293944916 ) ) ;
#6372 = DIRECTION ( 'NONE',  ( -0.9993908270173007535, -1.680478307202456830E-13, 0.03489949675390455891 ) ) ;
#6373 = CARTESIAN_POINT ( 'NONE',  ( 0.09510504795874072381, 0.07874015747244034191, -0.2929648124576217372 ) ) ;
#6374 = DIRECTION ( 'NONE',  ( -1.000000000000000000, 0.000000000000000000, 0.000000000000000000 ) ) ;
#6375 = CARTESIAN_POINT ( 'NONE',  ( 0.09251968503937006705, -0.09842519685039370636, -0.3543307085728346073 ) ) ;
#6376 = LINE ( 'NONE', #1956, #10514 ) ;
#6377 = DIRECTION ( 'NONE',  ( 1.000000000000000000, 0.000000000000000000, 7.521964043354022120E-11 ) ) ;
#6378 = ORIENTED_EDGE ( 'NONE', *, *, #8057, .T. ) ;
#6379 = PLANE ( 'NONE',  #3758 ) ;
#6380 = ORIENTED_EDGE ( 'NONE', *, *, #3845, .F. ) ;
#6381 = ORIENTED_EDGE ( 'NONE', *, *, #5792, .F. ) ;
#6382 = ORIENTED_EDGE ( 'NONE', *, *, #8310, .T. ) ;
#6383 = EDGE_CURVE ( 'NONE', #8286, #3989, #4784, .T. ) ;
#6384 = VECTOR ( 'NONE', #7888, 39.37007874015748143 ) ;
#6385 = LINE ( 'NONE', #7263, #9625 ) ;
#6386 = DIRECTION ( 'NONE',  ( 0.000000000000000000, 0.000000000000000000, 1.000000000000000000 ) ) ;
#6387 = DIRECTION ( 'NONE',  ( 0.000000000000000000, 0.000000000000000000, 1.000000000000000000 ) ) ;
#6388 = FACE_OUTER_BOUND ( 'NONE', #9411, .T. ) ;
#6389 = DIRECTION ( 'NONE',  ( -0.9993908270173007535, 0.000000000000000000, 0.03489949675390513484 ) ) ;
#6390 = EDGE_CURVE ( 'NONE', #7202, #6111, #7970, .T. ) ;
#6391 = ORIENTED_EDGE ( 'NONE', *, *, #3154, .F. ) ;
#6392 = EDGE_CURVE ( 'NONE', #7202, #2196, #7033, .T. ) ;
#6393 = CARTESIAN_POINT ( 'NONE',  ( -0.1052652238188976352, 0.06417322834645669549, -0.07480314960629927401 ) ) ;
#6394 = ORIENTED_EDGE ( 'NONE', *, *, #8148, .F. ) ;
#6395 = CARTESIAN_POINT ( 'NONE',  ( 0.02464795753063779224, 0.06345358027275591062, -0.1347113628837794952 ) ) ;
#6396 = CARTESIAN_POINT ( 'NONE',  ( 0.05610047543220542804, 0.02387208005588174753, -0.3194461659108448481 ) ) ;
#6397 = CYLINDRICAL_SURFACE ( 'NONE', #5339, 0.007874015748031516770 ) ;
#6398 = DIRECTION ( 'NONE',  ( 0.03489949675390752182, 0.000000000000000000, 0.9993908270173005315 ) ) ;
#6399 = CARTESIAN_POINT ( 'NONE',  ( -0.1929133858267716994, -0.08976377952755348888, -0.1141732283464566844 ) ) ;
#6400 = CARTESIAN_POINT ( 'NONE',  ( 0.1075472009663218514, -0.03543307086613760315, -0.2750977937428938924 ) ) ;
#6401 = VECTOR ( 'NONE', #8774, 39.37007874015748143 ) ;
#6402 = ADVANCED_FACE ( 'NONE', ( #7096 ), #10657, .F. ) ;
#6403 = AXIS2_PLACEMENT_3D ( 'NONE', #750, #9606, #4375 ) ;
#6404 = DIRECTION ( 'NONE',  ( 1.000000000000000000, 0.000000000000000000, 0.000000000000000000 ) ) ;
#6405 = LINE ( 'NONE', #3804, #1127 ) ;
#6406 = ORIENTED_EDGE ( 'NONE', *, *, #1259, .T. ) ;
#6407 = CARTESIAN_POINT ( 'NONE',  ( 0.08070866141732283006, -0.09842519685039370636, -0.3661417322834646382 ) ) ;
#6408 = EDGE_CURVE ( 'NONE', #1538, #9522, #2558, .T. ) ;
#6409 = ORIENTED_EDGE ( 'NONE', *, *, #10071, .T. ) ;
#6410 = LINE ( 'NONE', #6358, #1216 ) ;
#6411 = CARTESIAN_POINT ( 'NONE',  ( -0.1515748031495878778, 0.06496062992125986590, -0.06692913385826772255 ) ) ;
#6412 = CARTESIAN_POINT ( 'NONE',  ( 0.05470372310548882872, 0.007888363622047247711, -0.04332127442957803970 ) ) ;
#6413 = DIRECTION ( 'NONE',  ( 0.9993908270173006425, 0.000000000000000000, -0.03489949675390738304 ) ) ;
#6414 = EDGE_CURVE ( 'NONE', #8282, #5515, #49, .T. ) ;
#6415 = LINE ( 'NONE', #1938, #7077 ) ;
#6416 = CARTESIAN_POINT ( 'NONE',  ( 0.05545594388295276705, -0.05165385895748031420, -0.04154915333421260043 ) ) ;
#6417 = VERTEX_POINT ( 'NONE', #5242 ) ;
#6418 = ORIENTED_EDGE ( 'NONE', *, *, #7977, .T. ) ;
#6419 = ORIENTED_EDGE ( 'NONE', *, *, #5289, .F. ) ;
#6420 = CARTESIAN_POINT ( 'NONE',  ( -0.1850393700787401619, -0.1015748031496178372, -0.1181102362204724532 ) ) ;
#6421 = ORIENTED_EDGE ( 'NONE', *, *, #6499, .T. ) ;
#6422 = VECTOR ( 'NONE', #10568, 39.37007874015748143 ) ;
#6423 = EDGE_CURVE ( 'NONE', #1778, #1218, #10563, .T. ) ;
#6424 = EDGE_CURVE ( 'NONE', #3074, #1263, #8134, .T. ) ;
#6425 = ORIENTED_EDGE ( 'NONE', *, *, #7245, .T. ) ;
#6426 = DIRECTION ( 'NONE',  ( -5.300158427316719603E-11, 0.000000000000000000, -1.000000000000000000 ) ) ;
#6427 = CARTESIAN_POINT ( 'NONE',  ( 0.09448818897637038805, -0.07165354330118499371, -0.05787401574803151261 ) ) ;
#6428 = DIRECTION ( 'NONE',  ( 0.000000000000000000, -1.000000000000000000, 0.000000000000000000 ) ) ;
#6429 = CARTESIAN_POINT ( 'NONE',  ( 0.1584645669291338543, 0.08070866141732283006, -0.3719055118110236591 ) ) ;
#6430 = EDGE_CURVE ( 'NONE', #3501, #2674, #10066, .T. ) ;
#6431 = CARTESIAN_POINT ( 'NONE',  ( -0.02559055118110236532, 0.000000000000000000, -0.3425196850393700809 ) ) ;
#6432 = CARTESIAN_POINT ( 'NONE',  ( -0.1562992113779646530, -0.07755905511811023167, -0.1771653543307086798 ) ) ;
#6433 = CARTESIAN_POINT ( 'NONE',  ( -0.01712598425196851584, -0.06102362204724410405, -0.2992125984881889855 ) ) ;
#6434 = ORIENTED_EDGE ( 'NONE', *, *, #5220, .F. ) ;
#6435 = LINE ( 'NONE', #1905, #2821 ) ;
#6436 = ORIENTED_EDGE ( 'NONE', *, *, #9907, .F. ) ;
#6437 = ORIENTED_EDGE ( 'NONE', *, *, #1560, .T. ) ;
#6438 = ORIENTED_EDGE ( 'NONE', *, *, #8619, .T. ) ;
#6439 = EDGE_LOOP ( 'NONE', ( #11198, #4934, #3644, #4334 ) ) ;
#6440 = PLANE ( 'NONE',  #3114 ) ;
#6441 = DIRECTION ( 'NONE',  ( -0.3905886037434190827, 0.02700730989013555225, -0.9201690865478282522 ) ) ;
#6442 = EDGE_CURVE ( 'NONE', #769, #1661, #1200, .T. ) ;
#6443 = LINE ( 'NONE', #4540, #10074 ) ;
#6444 = DIRECTION ( 'NONE',  ( -5.200122740939574330E-11, -3.614007242396568337E-15, -1.000000000000000000 ) ) ;
#6445 = CARTESIAN_POINT ( 'NONE',  ( 0.04135739263559055218, -0.03937007874015747977, -0.3661417322998817836 ) ) ;
#6446 = ORIENTED_EDGE ( 'NONE', *, *, #4251, .F. ) ;
#6447 = CIRCLE ( 'NONE', #3302, 0.02755905511953253909 ) ;
#6448 = LINE ( 'NONE', #1918, #9472 ) ;
#6449 = ORIENTED_EDGE ( 'NONE', *, *, #1438, .F. ) ;
#6450 = LINE ( 'NONE', #4546, #1493 ) ;
#6451 = EDGE_CURVE ( 'NONE', #4988, #5120, #10705, .T. ) ;
#6452 = DIRECTION ( 'NONE',  ( -0.000000000000000000, -4.336808689942043768E-15, -1.000000000000000000 ) ) ;
#6453 = CIRCLE ( 'NONE', #7953, 0.007874015748008861282 ) ;
#6454 = DIRECTION ( 'NONE',  ( 0.000000000000000000, -1.000000000000000000, 0.000000000000000000 ) ) ;
#6455 = CARTESIAN_POINT ( 'NONE',  ( 0.02252873656375458875, 0.06344525133858569532, -0.1342347965423357214 ) ) ;
#6456 = CARTESIAN_POINT ( 'NONE',  ( 0.08687150320685040061, -0.05020171252972439879, -0.03522813521431496231 ) ) ;
#6457 = DIRECTION ( 'NONE',  ( -1.000000000000000000, 0.000000000000000000, 0.000000000000000000 ) ) ;
#6458 = FACE_OUTER_BOUND ( 'NONE', #1531, .T. ) ;
#6459 = CARTESIAN_POINT ( 'NONE',  ( 0.02167235326551146535, 0.08858267716535433989, -0.3208661417487008172 ) ) ;
#6460 = ORIENTED_EDGE ( 'NONE', *, *, #6242, .T. ) ;
#6461 = VECTOR ( 'NONE', #7138, 39.37007874015748854 ) ;
#6462 = DIRECTION ( 'NONE',  ( -0.9998476951573034288, 3.784387374329604533E-17, -0.01745240638502408570 ) ) ;
#6463 = VECTOR ( 'NONE', #4259, 39.37007874015748143 ) ;
#6464 = EDGE_CURVE ( 'NONE', #4221, #3011, #8881, .T. ) ;
#6465 = ADVANCED_FACE ( 'NONE', ( #102 ), #6440, .F. ) ;
#6466 = EDGE_CURVE ( 'NONE', #1011, #1675, #10766, .T. ) ;
#6467 = VERTEX_POINT ( 'NONE', #8136 ) ;
#6468 = CARTESIAN_POINT ( 'NONE',  ( 0.1594488188952531693, -0.08976377952755906775, -0.1062992125912858299 ) ) ;
#6469 = DIRECTION ( 'NONE',  ( 1.000000000000000000, 0.000000000000000000, 0.000000000000000000 ) ) ;
#6470 = AXIS2_PLACEMENT_3D ( 'NONE', #1566, #9373, #8670 ) ;
#6471 = DIRECTION ( 'NONE',  ( -1.000000000000000000, 0.000000000000000000, 0.000000000000000000 ) ) ;
#6472 = CYLINDRICAL_SURFACE ( 'NONE', #1130, 0.01102362206426819868 ) ;
#6473 = DIRECTION ( 'NONE',  ( 0.000000000000000000, 6.512125886093550862E-16, -1.000000000000000000 ) ) ;
#6474 = VECTOR ( 'NONE', #8778, 39.37007874015748143 ) ;
#6475 = DIRECTION ( 'NONE',  ( 0.000000000000000000, -0.7071067811865465735, 0.7071067811865484609 ) ) ;
#6476 = ORIENTED_EDGE ( 'NONE', *, *, #2567, .T. ) ;
#6477 = ORIENTED_EDGE ( 'NONE', *, *, #9857, .F. ) ;
#6478 = ORIENTED_EDGE ( 'NONE', *, *, #7602, .F. ) ;
#6479 = CARTESIAN_POINT ( 'NONE',  ( -0.1346456692913385877, -0.06102362204724409711, -0.3110236220472441526 ) ) ;
#6480 = VECTOR ( 'NONE', #7592, 39.37007874015748854 ) ;
#6481 = ORIENTED_EDGE ( 'NONE', *, *, #11433, .F. ) ;
#6482 = ADVANCED_FACE ( 'NONE', ( #2727 ), #4711, .T. ) ;
#6483 = ORIENTED_EDGE ( 'NONE', *, *, #1848, .T. ) ;
#6484 = DIRECTION ( 'NONE',  ( 0.000000000000000000, 0.000000000000000000, 1.000000000000000000 ) ) ;
#6485 = LINE ( 'NONE', #5504, #6305 ) ;
#6486 = DIRECTION ( 'NONE',  ( 0.000000000000000000, 0.000000000000000000, 1.000000000000000000 ) ) ;
#6487 = LINE ( 'NONE', #10049, #11501 ) ;
#6488 = AXIS2_PLACEMENT_3D ( 'NONE', #7741, #4028, #4083 ) ;
#6489 = CARTESIAN_POINT ( 'NONE',  ( 0.03668610182855511909, -0.04568748844248031460, -0.1667808305112205292 ) ) ;
#6490 = DIRECTION ( 'NONE',  ( 0.000000000000000000, 0.000000000000000000, -1.000000000000000000 ) ) ;
#6491 = CARTESIAN_POINT ( 'NONE',  ( 0.03572456562661024265, -0.04786427034314962026, -0.1666806517187007786 ) ) ;
#6492 = EDGE_LOOP ( 'NONE', ( #11233, #5869, #9451, #2161, #3599, #758 ) ) ;
#6493 = CARTESIAN_POINT ( 'NONE',  ( 0.09449759350173229933, -0.06299212598425196763, -0.3208661417487009837 ) ) ;
#6494 = AXIS2_PLACEMENT_3D ( 'NONE', #3822, #7408, #7354 ) ;
#6495 = VERTEX_POINT ( 'NONE', #4537 ) ;
#6496 = ORIENTED_EDGE ( 'NONE', *, *, #6940, .T. ) ;
#6497 = ORIENTED_EDGE ( 'NONE', *, *, #2745, .T. ) ;
#6498 = VERTEX_POINT ( 'NONE', #3840 ) ;
#6499 = EDGE_CURVE ( 'NONE', #6824, #8248, #6385, .T. ) ;
#6500 = AXIS2_PLACEMENT_3D ( 'NONE', #2768, #2446, #6861 ) ;
#6501 = CIRCLE ( 'NONE', #8919, 0.003937007874015724558 ) ;
#6502 = CARTESIAN_POINT ( 'NONE',  ( 0.009187986411003937898, 0.07415588826964567004, -0.3665994151638188869 ) ) ;
#6503 = DIRECTION ( 'NONE',  ( 0.000000000000000000, 0.000000000000000000, 1.000000000000000000 ) ) ;
#6504 = CARTESIAN_POINT ( 'NONE',  ( 0.07353947149929863925, 0.009314084532109637854, -0.3033913364445778860 ) ) ;
#6505 = CARTESIAN_POINT ( 'NONE',  ( 0.1054120632541732244, 0.06649020986862205773, -0.03518504689455905637 ) ) ;
#6506 = DIRECTION ( 'NONE',  ( 0.000000000000000000, 0.000000000000000000, -1.000000000000000000 ) ) ;
#6507 = ORIENTED_EDGE ( 'NONE', *, *, #7900, .F. ) ;
#6508 = VERTEX_POINT ( 'NONE', #8958 ) ;
#6509 = AXIS2_PLACEMENT_3D ( 'NONE', #9861, #4450, #16 ) ;
#6510 = CARTESIAN_POINT ( 'NONE',  ( 0.1920425781455963321, -0.1015748031496008508, -0.1574803149823155723 ) ) ;
#6511 = VECTOR ( 'NONE', #2859, 39.37007874015748143 ) ;
#6512 = EDGE_CURVE ( 'NONE', #2427, #1195, #1851, .T. ) ;
#6513 = CARTESIAN_POINT ( 'NONE',  ( -0.1574803149606299191, 0.06496062992126461211, -0.3543307086614149171 ) ) ;
#6514 = MECHANICAL_DESIGN_GEOMETRIC_PRESENTATION_REPRESENTATION (  '', ( #8755 ), #7091 ) ;
#6515 = LINE ( 'NONE', #9911, #4967 ) ;
#6516 = DIRECTION ( 'NONE',  ( -1.000000000000000000, 0.000000000000000000, 7.577186451344536928E-11 ) ) ;
#6517 = VECTOR ( 'NONE', #8227, 39.37007874015748143 ) ;
#6518 = TOROIDAL_SURFACE ( 'NONE', #10065, 0.02755905510602376859, 0.009842519659826817410 ) ;
#6519 = CARTESIAN_POINT ( 'NONE',  ( 0.08828549277968504583, -0.05020171252614171603, -0.02614457202834646193 ) ) ;
#6520 = LINE ( 'NONE', #8154, #3589 ) ;
#6521 = DIRECTION ( 'NONE',  ( 0.000000000000000000, 1.000000000000000000, 0.000000000000000000 ) ) ;
#6522 = FACE_OUTER_BOUND ( 'NONE', #2554, .T. ) ;
#6523 = ORIENTED_EDGE ( 'NONE', *, *, #8410, .T. ) ;
#6524 = LINE ( 'NONE', #10091, #3158 ) ;
#6525 = AXIS2_PLACEMENT_3D ( 'NONE', #1626, #757, #2458 ) ;
#6526 = AXIS2_PLACEMENT_3D ( 'NONE', #7347, #10034, #5612 ) ;
#6527 = CIRCLE ( 'NONE', #5605, 0.007874015732513801186 ) ;
#6528 = ORIENTED_EDGE ( 'NONE', *, *, #920, .F. ) ;
#6529 = CARTESIAN_POINT ( 'NONE',  ( 0.1069926431071653583, 0.06662828915704725741, -0.05289029147637795691 ) ) ;
#6530 = DIRECTION ( 'NONE',  ( 0.000000000000000000, 1.000000000000000000, 0.000000000000000000 ) ) ;
#6531 = CARTESIAN_POINT ( 'NONE',  ( 0.02167235326551180535, 0.09448818897637795144, -0.3090551181266567027 ) ) ;
#6532 = AXIS2_PLACEMENT_3D ( 'NONE', #8730, #2514, #6813 ) ;
#6533 = EDGE_CURVE ( 'NONE', #4570, #8764, #272, .T. ) ;
#6534 = AXIS2_PLACEMENT_3D ( 'NONE', #1496, #392, #3962 ) ;
#6535 = CARTESIAN_POINT ( 'NONE',  ( 0.04918971219082676760, -0.04517845776393700219, -0.1815513810407873574 ) ) ;
#6536 = EDGE_CURVE ( 'NONE', #10786, #8135, #4763, .T. ) ;
#6537 = ORIENTED_EDGE ( 'NONE', *, *, #6760, .F. ) ;
#6538 = ADVANCED_FACE ( 'NONE', ( #2958 ), #975, .T. ) ;
#6539 = ORIENTED_EDGE ( 'NONE', *, *, #4526, .F. ) ;
#6540 = ORIENTED_EDGE ( 'NONE', *, *, #2607, .F. ) ;
#6541 = CARTESIAN_POINT ( 'NONE',  ( 0.07605735772175839515, 0.02387208003937008050, -0.3348482475813779335 ) ) ;
#6542 = EDGE_LOOP ( 'NONE', ( #2878, #7948, #4016, #10217 ) ) ;
#6543 = VERTEX_POINT ( 'NONE', #3788 ) ;
#6544 = LINE ( 'NONE', #5676, #7056 ) ;
#6545 = CYLINDRICAL_SURFACE ( 'NONE', #7805, 0.003937007874026008866 ) ;
#6546 = CARTESIAN_POINT ( 'NONE',  ( 0.1250000000105511710, 0.07874015748031182316, -0.3111619278874409034 ) ) ;
#6547 = CARTESIAN_POINT ( 'NONE',  ( -0.1444881680708661187, -0.08582677165354332671, -0.2047244094488188948 ) ) ;
#6548 = LINE ( 'NONE', #7659, #2983 ) ;
#6549 = DIRECTION ( 'NONE',  ( 3.614007241618349757E-16, 0.000000000000000000, -1.000000000000000000 ) ) ;
#6550 = FACE_OUTER_BOUND ( 'NONE', #2109, .T. ) ;
#6551 = VERTEX_POINT ( 'NONE', #2902 ) ;
#6552 = EDGE_CURVE ( 'NONE', #3657, #2472, #1433, .T. ) ;
#6553 = CARTESIAN_POINT ( 'NONE',  ( 0.09977661396849393793, -0.07283464566850604560, -0.1591886648935379456 ) ) ;
#6554 = ORIENTED_EDGE ( 'NONE', *, *, #1985, .T. ) ;
#6555 = ORIENTED_EDGE ( 'NONE', *, *, #5299, .T. ) ;
#6556 = ORIENTED_EDGE ( 'NONE', *, *, #8433, .F. ) ;
#6557 = ORIENTED_EDGE ( 'NONE', *, *, #6183, .F. ) ;
#6558 = CARTESIAN_POINT ( 'NONE',  ( 0.09448818897637792369, -0.07165354329527559574, -0.1726377952755905609 ) ) ;
#6559 = CARTESIAN_POINT ( 'NONE',  ( 0.1102347672074709128, -0.08661417322834646937, -0.1981359660949700563 ) ) ;
#6560 = CARTESIAN_POINT ( 'NONE',  ( 0.08127696446629920080, -0.1015653968110236255, -0.3661417322998818391 ) ) ;
#6561 = DIRECTION ( 'NONE',  ( 0.000000000000000000, 0.000000000000000000, 1.000000000000000000 ) ) ;
#6562 = CARTESIAN_POINT ( 'NONE',  ( 0.1108379212046850248, 0.06671602611366143909, -0.04716675605807087862 ) ) ;
#6563 = LINE ( 'NONE', #275, #6647 ) ;
#6564 = ORIENTED_EDGE ( 'NONE', *, *, #2629, .T. ) ;
#6565 = ADVANCED_FACE ( 'NONE', ( #5464, #9015 ), #9949, .T. ) ;
#6566 = ORIENTED_EDGE ( 'NONE', *, *, #10003, .F. ) ;
#6567 = CARTESIAN_POINT ( 'NONE',  ( 0.1920425781684368949, -0.1015748031496008508, -0.1141732283306102630 ) ) ;
#6568 = AXIS2_PLACEMENT_3D ( 'NONE', #1304, #3008, #8417 ) ;
#6569 = DIRECTION ( 'NONE',  ( 0.000000000000000000, 0.000000000000000000, 1.000000000000000000 ) ) ;
#6570 = ADVANCED_FACE ( 'NONE', ( #1085 ), #3133, .T. ) ;
#6571 = DIRECTION ( 'NONE',  ( -0.000000000000000000, -1.000000000000000000, -0.000000000000000000 ) ) ;
#6572 = CARTESIAN_POINT ( 'NONE',  ( 0.1555118110394354269, 0.02559055118110238267, -0.1062992125906929153 ) ) ;
#6573 = CARTESIAN_POINT ( 'NONE',  ( 0.05797825591881890228, -0.04934560525212598053, -0.04524283810133857692 ) ) ;
#6574 = DIRECTION ( 'NONE',  ( 0.000000000000000000, -1.000000000000000000, 0.000000000000000000 ) ) ;
#6575 = EDGE_CURVE ( 'NONE', #7993, #6080, #6738, .T. ) ;
#6576 = LINE ( 'NONE', #10020, #10589 ) ;
#6577 = CARTESIAN_POINT ( 'NONE',  ( 0.03348337688767726722, -0.03871391076275535609, -0.3208622047408267175 ) ) ;
#6578 = ADVANCED_FACE ( 'NONE', ( #1427 ), #1369, .T. ) ;
#6579 = VECTOR ( 'NONE', #10950, 39.37007874015748854 ) ;
#6580 = ORIENTED_EDGE ( 'NONE', *, *, #10415, .T. ) ;
#6581 = LINE ( 'NONE', #10141, #7997 ) ;
#6582 = ORIENTED_EDGE ( 'NONE', *, *, #4433, .F. ) ;
#6583 = ORIENTED_EDGE ( 'NONE', *, *, #1352, .F. ) ;
#6584 = VECTOR ( 'NONE', #8150, 39.37007874015748143 ) ;
#6585 = LINE ( 'NONE', #9974, #4762 ) ;
#6586 = CARTESIAN_POINT ( 'NONE',  ( 0.1092022642596850446, 0.07874015748031495954, -0.05848816881734252016 ) ) ;
#6587 = AXIS2_PLACEMENT_3D ( 'NONE', #8836, #9716, #7140 ) ;
#6588 = CYLINDRICAL_SURFACE ( 'NONE', #6723, 0.003937007874015758385 ) ;
#6589 = EDGE_CURVE ( 'NONE', #4800, #6081, #1057, .T. ) ;
#6590 = PLANE ( 'NONE',  #11 ) ;
#6591 = CARTESIAN_POINT ( 'NONE',  ( 0.04664225126035433794, -0.04517845776334645375, -0.1849748772575197098 ) ) ;
#6592 = EDGE_LOOP ( 'NONE', ( #589, #5399, #8875, #10807, #7890, #3396 ) ) ;
#6593 = ORIENTED_EDGE ( 'NONE', *, *, #7725, .F. ) ;
#6594 = ORIENTED_EDGE ( 'NONE', *, *, #9755, .F. ) ;
#6595 = AXIS2_PLACEMENT_3D ( 'NONE', #3355, #11397, #7010 ) ;
#6596 = CARTESIAN_POINT ( 'NONE',  ( 0.1093810268705946165, -0.07722535228204269186, -0.2225838905717589522 ) ) ;
#6597 = ORIENTED_EDGE ( 'NONE', *, *, #9813, .T. ) ;
#6598 = EDGE_CURVE ( 'NONE', #1598, #7491, #3253, .T. ) ;
#6599 = ORIENTED_EDGE ( 'NONE', *, *, #4520, .T. ) ;
#6600 = CARTESIAN_POINT ( 'NONE',  ( -0.02362204725618111817, 9.930922976422280878E-12, -0.3484251968898032237 ) ) ;
#6601 = EDGE_CURVE ( 'NONE', #10280, #8172, #7203, .T. ) ;
#6602 = LINE ( 'NONE', #3996, #8358 ) ;
#6603 = CARTESIAN_POINT ( 'NONE',  ( 0.1437007874017408315, 0.03807545121892520756, -0.08267716535433038139 ) ) ;
#6604 = LINE ( 'NONE', #5629, #5172 ) ;
#6605 = LINE ( 'NONE', #3242, #1864 ) ;
#6606 = PLANE ( 'NONE',  #5098 ) ;
#6607 = CYLINDRICAL_SURFACE ( 'NONE', #5556, 0.01535433070866142405 ) ;
#6608 = ORIENTED_EDGE ( 'NONE', *, *, #1413, .T. ) ;
#6609 = DIRECTION ( 'NONE',  ( -4.121147867408580573E-13, 0.000000000000000000, 1.000000000000000000 ) ) ;
#6610 = ORIENTED_EDGE ( 'NONE', *, *, #6924, .T. ) ;
#6611 = AXIS2_PLACEMENT_3D ( 'NONE', #5831, #11075, #7572 ) ;
#6612 = EDGE_LOOP ( 'NONE', ( #5363, #3251, #9578, #9658 ) ) ;
#6613 = ORIENTED_EDGE ( 'NONE', *, *, #6552, .T. ) ;
#6614 = ORIENTED_EDGE ( 'NONE', *, *, #4709, .T. ) ;
#6615 = EDGE_CURVE ( 'NONE', #7317, #4690, #5862, .T. ) ;
#6616 = EDGE_CURVE ( 'NONE', #625, #1126, #1240, .T. ) ;
#6617 = CARTESIAN_POINT ( 'NONE',  ( 0.1124580308188976446, -0.02165354330708661734, -0.3171824402677165256 ) ) ;
#6618 = DIRECTION ( 'NONE',  ( 0.000000000000000000, 1.000000000000000000, 0.000000000000000000 ) ) ;
#6619 = DIRECTION ( 'NONE',  ( 0.9993908270173007535, 0.000000000000000000, -0.03489949675390513484 ) ) ;
#6620 = CARTESIAN_POINT ( 'NONE',  ( 0.06818454122030856435, 0.01968503937007873988, -0.3349856681058940855 ) ) ;
#6621 = CARTESIAN_POINT ( 'NONE',  ( 0.1063086171237795363, -0.06253562119763779459, -0.3199606299376770990 ) ) ;
#6622 = ORIENTED_EDGE ( 'NONE', *, *, #3423, .F. ) ;
#6623 = ORIENTED_EDGE ( 'NONE', *, *, #4709, .F. ) ;
#6624 = CIRCLE ( 'NONE', #1604, 0.02755905511704417887 ) ;
#6625 = DIRECTION ( 'NONE',  ( 0.000000000000000000, 0.7071067811865467956, 0.7071067811865482389 ) ) ;
#6626 = EDGE_CURVE ( 'NONE', #9207, #1746, #9064, .T. ) ;
#6627 = CARTESIAN_POINT ( 'NONE',  ( -0.1425196850393600223, 0.01377952756102361967, -0.05984251968503560143 ) ) ;
#6628 = CARTESIAN_POINT ( 'NONE',  ( 0.1437007874008012775, 0.03149606299212801691, -0.09055118110235835238 ) ) ;
#6629 = CARTESIAN_POINT ( 'NONE',  ( 0.05787213722715491698, -0.04499439704587963190, -0.1833700438415752365 ) ) ;
#6630 = DIRECTION ( 'NONE',  ( 0.000000000000000000, 0.000000000000000000, -1.000000000000000000 ) ) ;
#6631 = CARTESIAN_POINT ( 'NONE',  ( 0.1082677165354330728, -0.07165354330708662012, -0.1929133858267716994 ) ) ;
#6632 = CARTESIAN_POINT ( 'NONE',  ( -0.1850393700787401619, -0.1015748031496182119, -0.2913385826771653919 ) ) ;
#6633 = LINE ( 'NONE', #341, #9310 ) ;
#6634 = ORIENTED_EDGE ( 'NONE', *, *, #6764, .T. ) ;
#6635 = CARTESIAN_POINT ( 'NONE',  ( 0.1151041785924094007, -0.05616280334645668004, -0.05869426820989427640 ) ) ;
#6636 = EDGE_CURVE ( 'NONE', #2196, #835, #5058, .T. ) ;
#6637 = ORIENTED_EDGE ( 'NONE', *, *, #2115, .T. ) ;
#6638 = FACE_OUTER_BOUND ( 'NONE', #2795, .T. ) ;
#6639 = DIRECTION ( 'NONE',  ( 0.01745240841903282145, 3.809499196456290907E-31, -0.9998476951217996067 ) ) ;
#6640 = FACE_OUTER_BOUND ( 'NONE', #7301, .T. ) ;
#6641 = VECTOR ( 'NONE', #2522, 39.37007874015748143 ) ;
#6642 = CARTESIAN_POINT ( 'NONE',  ( -0.1602361995669291383, -0.08582677165354331283, -0.1692913385826751160 ) ) ;
#6643 = CARTESIAN_POINT ( 'NONE',  ( -0.1602362192519686812, -0.08976377952755905387, -0.2834645669291338543 ) ) ;
#6644 = ORIENTED_EDGE ( 'NONE', *, *, #10610, .T. ) ;
#6645 = ORIENTED_EDGE ( 'NONE', *, *, #10750, .T. ) ;
#6646 = ORIENTED_EDGE ( 'NONE', *, *, #4486, .T. ) ;
#6647 = VECTOR ( 'NONE', #9073, 39.37007874015748854 ) ;
#6648 = CARTESIAN_POINT ( 'NONE',  ( 0.1920425781626322326, -0.09566929133858269318, -0.1196850409999513365 ) ) ;
#6649 = VERTEX_POINT ( 'NONE', #10355 ) ;
#6650 = EDGE_CURVE ( 'NONE', #6508, #9809, #7843, .T. ) ;
#6651 = VECTOR ( 'NONE', #9666, 39.37007874015748143 ) ;
#6652 = ORIENTED_EDGE ( 'NONE', *, *, #8105, .T. ) ;
#6653 = LINE ( 'NONE', #4633, #10718 ) ;
#6654 = CARTESIAN_POINT ( 'NONE',  ( 0.1417322834645669272, -0.08740157480314959815, -0.3543307086496063629 ) ) ;
#6655 = DIRECTION ( 'NONE',  ( 0.000000000000000000, 1.000000000000000000, 0.000000000000000000 ) ) ;
#6656 = DIRECTION ( 'NONE',  ( 0.7071067811865480168, 0.000000000000000000, -0.7071067811865471286 ) ) ;
#6657 = LINE ( 'NONE', #11153, #10984 ) ;
#6658 = CARTESIAN_POINT ( 'NONE',  ( -0.1503936897244094739, -0.06968503937007874960, -0.1771653543307086798 ) ) ;
#6659 = DIRECTION ( 'NONE',  ( 0.000000000000000000, 1.000000000000000000, 0.000000000000000000 ) ) ;
#6660 = EDGE_LOOP ( 'NONE', ( #2626, #7158, #10878, #1997 ) ) ;
#6661 = DIRECTION ( 'NONE',  ( 0.000000000000000000, 1.000000000000000000, 0.000000000000000000 ) ) ;
#6662 = AXIS2_PLACEMENT_3D ( 'NONE', #6958, #6902, #4230 ) ;
#6663 = ORIENTED_EDGE ( 'NONE', *, *, #2957, .F. ) ;
#6664 = ORIENTED_EDGE ( 'NONE', *, *, #9097, .F. ) ;
#6665 = ORIENTED_EDGE ( 'NONE', *, *, #6466, .F. ) ;
#6666 = ORIENTED_EDGE ( 'NONE', *, *, #5553, .F. ) ;
#6667 = EDGE_LOOP ( 'NONE', ( #2403, #1260, #520, #4060 ) ) ;
#6668 = AXIS2_PLACEMENT_3D ( 'NONE', #3969, #332, #509 ) ;
#6669 = CARTESIAN_POINT ( 'NONE',  ( 0.1102456249977952774, -0.1015653968110236255, -0.3248031496227165582 ) ) ;
#6670 = CARTESIAN_POINT ( 'NONE',  ( 0.03348337688774248588, -0.03740157478346454317, -0.3208641732447637396 ) ) ;
#6671 = CIRCLE ( 'NONE', #3537, 0.007874015748008143106 ) ;
#6672 = CARTESIAN_POINT ( 'NONE',  ( 0.000000000000000000, -0.1151574803149768567, -0.2559055118110236671 ) ) ;
#6673 = CIRCLE ( 'NONE', #1660, 0.005118110236212647900 ) ;
#6674 = CARTESIAN_POINT ( 'NONE',  ( 0.06231675670486683249, -0.04963837632082351847, -0.03147122993842773470 ) ) ;
#6675 = CARTESIAN_POINT ( 'NONE',  ( 0.09432953048248030048, -0.08212598347704724855, -0.3151727273652756289 ) ) ;
#6676 = ORIENTED_EDGE ( 'NONE', *, *, #7131, .F. ) ;
#6677 = ORIENTED_EDGE ( 'NONE', *, *, #6392, .F. ) ;
#6678 = ADVANCED_FACE ( 'NONE', ( #4012 ), #8365, .T. ) ;
#6679 = ADVANCED_FACE ( 'NONE', ( #10176 ), #2190, .F. ) ;
#6680 = EDGE_CURVE ( 'NONE', #11459, #5290, #5692, .T. ) ;
#6681 = CIRCLE ( 'NONE', #5388, 0.01181102362206376544 ) ;
#6682 = ORIENTED_EDGE ( 'NONE', *, *, #3959, .F. ) ;
#6683 = VECTOR ( 'NONE', #3150, 39.37007874015748143 ) ;
#6684 = AXIS2_PLACEMENT_3D ( 'NONE', #7630, #3272, #8387 ) ;
#6685 = DIRECTION ( 'NONE',  ( 1.000000000000000000, 0.000000000000000000, 7.228014483236696555E-16 ) ) ;
#6686 = FACE_OUTER_BOUND ( 'NONE', #1582, .T. ) ;
#6687 = DIRECTION ( 'NONE',  ( 1.000000000000000000, 0.000000000000000000, 0.000000000000000000 ) ) ;
#6688 = DIRECTION ( 'NONE',  ( -0.03489949667913450071, 0.000000000000000000, -0.9993908270199116650 ) ) ;
#6689 = CYLINDRICAL_SURFACE ( 'NONE', #1078, 0.007874015748031516770 ) ;
#6690 = CARTESIAN_POINT ( 'NONE',  ( 0.1033690497232346156, 0.005905492437618096307, -0.05631476465701608369 ) ) ;
#6691 = CYLINDRICAL_SURFACE ( 'NONE', #6872, 0.007874015748008843935 ) ;
#6692 = AXIS2_PLACEMENT_3D ( 'NONE', #10397, #5100, #4166 ) ;
#6693 = DIRECTION ( 'NONE',  ( 0.000000000000000000, 0.000000000000000000, -1.000000000000000000 ) ) ;
#6694 = CARTESIAN_POINT ( 'NONE',  ( -0.1425196850393700976, -0.1016929133858267831, -0.05371653543307086665 ) ) ;
#6695 = AXIS2_PLACEMENT_3D ( 'NONE', #7444, #3477, #7132 ) ;
#6696 = ORIENTED_EDGE ( 'NONE', *, *, #2997, .F. ) ;
#6697 = EDGE_CURVE ( 'NONE', #4177, #5145, #5902, .T. ) ;
#6698 = DIRECTION ( 'NONE',  ( 0.03355670181395231655, 0.2747211281462231813, 0.9609382131611978739 ) ) ;
#6699 = ORIENTED_EDGE ( 'NONE', *, *, #10726, .T. ) ;
#6700 = CIRCLE ( 'NONE', #10798, 0.007874015748031482076 ) ;
#6701 = AXIS2_PLACEMENT_3D ( 'NONE', #2032, #3852, #6348 ) ;
#6702 = ORIENTED_EDGE ( 'NONE', *, *, #2491, .T. ) ;
#6703 = PLANE ( 'NONE',  #2901 ) ;
#6704 = DIRECTION ( 'NONE',  ( 0.000000000000000000, -1.000000000000000000, 0.000000000000000000 ) ) ;
#6705 = EDGE_CURVE ( 'NONE', #1844, #5277, #9299, .T. ) ;
#6706 = CARTESIAN_POINT ( 'NONE',  ( 0.1408815756670866171, -0.1015653968110138694, -0.3543307086778346715 ) ) ;
#6707 = DIRECTION ( 'NONE',  ( 1.000000000000000000, 0.000000000000000000, 7.521978414132435483E-11 ) ) ;
#6708 = CARTESIAN_POINT ( 'NONE',  ( 0.09384092763972441686, -0.09907245818704721319, -0.2370078740157480213 ) ) ;
#6709 = CIRCLE ( 'NONE', #1694, 0.07677165354330710290 ) ;
#6710 = ORIENTED_EDGE ( 'NONE', *, *, #7107, .F. ) ;
#6711 = AXIS2_PLACEMENT_3D ( 'NONE', #3147, #8611, #6688 ) ;
#6712 = ORIENTED_EDGE ( 'NONE', *, *, #6256, .T. ) ;
#6713 = EDGE_CURVE ( 'NONE', #2302, #9295, #9999, .T. ) ;
#6714 = VECTOR ( 'NONE', #7682, 39.37007874015748143 ) ;
#6715 = VERTEX_POINT ( 'NONE', #11107 ) ;
#6716 = DIRECTION ( 'NONE',  ( 0.03489949667890511475, 0.000000000000000000, 0.9993908270199196586 ) ) ;
#6717 = ORIENTED_EDGE ( 'NONE', *, *, #10820, .F. ) ;
#6718 = AXIS2_PLACEMENT_3D ( 'NONE', #2778, #9997, #2074 ) ;
#6719 = ORIENTED_EDGE ( 'NONE', *, *, #2708, .F. ) ;
#6720 = DIRECTION ( 'NONE',  ( 0.000000000000000000, 0.000000000000000000, -1.000000000000000000 ) ) ;
#6721 = VECTOR ( 'NONE', #4242, 39.37007874015748854 ) ;
#6722 = CYLINDRICAL_SURFACE ( 'NONE', #6692, 0.02755905511811023237 ) ;
#6723 = AXIS2_PLACEMENT_3D ( 'NONE', #4850, #185, #5610 ) ;
#6724 = EDGE_CURVE ( 'NONE', #8691, #6844, #5805, .T. ) ;
#6725 = DIRECTION ( 'NONE',  ( 0.000000000000000000, 1.000000000000000000, 0.000000000000000000 ) ) ;
#6726 = CARTESIAN_POINT ( 'NONE',  ( 0.02074209776874803499, -0.04676682493814960512, -0.1329918269878346548 ) ) ;
#6727 = CARTESIAN_POINT ( 'NONE',  ( -0.1850393700787401619, -0.1015748031496182119, -0.3385826771653543399 ) ) ;
#6728 = CARTESIAN_POINT ( 'NONE',  ( 0.03366141732283464694, -0.07972440944881889480, -0.3543307086614174151 ) ) ;
#6729 = EDGE_LOOP ( 'NONE', ( #9199, #7968, #4455, #2594 ) ) ;
#6730 = DIRECTION ( 'NONE',  ( 0.000000000000000000, 0.000000000000000000, -1.000000000000000000 ) ) ;
#6731 = EDGE_CURVE ( 'NONE', #3595, #8411, #7083, .T. ) ;
#6732 = ORIENTED_EDGE ( 'NONE', *, *, #10172, .T. ) ;
#6733 = CIRCLE ( 'NONE', #9719, 0.01377952757024024540 ) ;
#6734 = EDGE_LOOP ( 'NONE', ( #94, #6353, #7379, #8502 ) ) ;
#6735 = VERTEX_POINT ( 'NONE', #11464 ) ;
#6736 = ORIENTED_EDGE ( 'NONE', *, *, #7341, .T. ) ;
#6737 = DIRECTION ( 'NONE',  ( 0.000000000000000000, 1.000000000000000000, 0.000000000000000000 ) ) ;
#6738 = LINE ( 'NONE', #6796, #4789 ) ;
#6739 = DIRECTION ( 'NONE',  ( -0.000000000000000000, -1.000000000000000000, -0.000000000000000000 ) ) ;
#6740 = LINE ( 'NONE', #5864, #2134 ) ;
#6741 = FACE_BOUND ( 'NONE', #8863, .T. ) ;
#6742 = ORIENTED_EDGE ( 'NONE', *, *, #11472, .F. ) ;
#6743 = EDGE_LOOP ( 'NONE', ( #5896, #2259, #6665, #2058 ) ) ;
#6744 = CIRCLE ( 'NONE', #10851, 0.007874015748031516770 ) ;
#6745 = ORIENTED_EDGE ( 'NONE', *, *, #6857, .F. ) ;
#6746 = FACE_OUTER_BOUND ( 'NONE', #6439, .T. ) ;
#6747 = EDGE_CURVE ( 'NONE', #1263, #9515, #6913, .T. ) ;
#6748 = DIRECTION ( 'NONE',  ( -0.000000000000000000, -0.000000000000000000, -1.000000000000000000 ) ) ;
#6749 = FACE_OUTER_BOUND ( 'NONE', #3824, .T. ) ;
#6750 = EDGE_CURVE ( 'NONE', #7054, #4415, #4498, .T. ) ;
#6751 = FACE_OUTER_BOUND ( 'NONE', #67, .T. ) ;
#6752 = CARTESIAN_POINT ( 'NONE',  ( 0.1256002463338276032, 0.07874015748031495954, -0.2940297282522680855 ) ) ;
#6753 = CARTESIAN_POINT ( 'NONE',  ( -0.05118110236220473064, 0.000000000000000000, -0.3484251968589627824 ) ) ;
#6754 = DIRECTION ( 'NONE',  ( 0.000000000000000000, 0.7071067811865476838, 0.7071067811865472397 ) ) ;
#6755 = LINE ( 'NONE', #1331, #9659 ) ;
#6756 = FACE_OUTER_BOUND ( 'NONE', #617, .T. ) ;
#6757 = ORIENTED_EDGE ( 'NONE', *, *, #5220, .T. ) ;
#6758 = DIRECTION ( 'NONE',  ( 0.000000000000000000, 0.000000000000000000, 1.000000000000000000 ) ) ;
#6759 = VERTEX_POINT ( 'NONE', #6851 ) ;
#6760 = EDGE_CURVE ( 'NONE', #10711, #7991, #9765, .T. ) ;
#6761 = VERTEX_POINT ( 'NONE', #3482 ) ;
#6762 = CARTESIAN_POINT ( 'NONE',  ( 0.02145669291338508228, -0.07716535432381518844, -0.3216535432870079592 ) ) ;
#6763 = DIRECTION ( 'NONE',  ( 0.000000000000000000, 1.000000000000000000, 0.000000000000000000 ) ) ;
#6764 = EDGE_CURVE ( 'NONE', #11006, #243, #1783, .T. ) ;
#6765 = CARTESIAN_POINT ( 'NONE',  ( 0.09449759350173224381, -0.08581736531495899600, -0.3435039370242913281 ) ) ;
#6766 = AXIS2_PLACEMENT_3D ( 'NONE', #1038, #6452, #7163 ) ;
#6767 = CARTESIAN_POINT ( 'NONE',  ( 0.1555118110190944758, -0.08914248420287403107, -0.07810747010476376540 ) ) ;
#6768 = ORIENTED_EDGE ( 'NONE', *, *, #7178, .T. ) ;
#6769 = ORIENTED_EDGE ( 'NONE', *, *, #9421, .F. ) ;
#6770 = ORIENTED_EDGE ( 'NONE', *, *, #6442, .F. ) ;
#6771 = FACE_OUTER_BOUND ( 'NONE', #6729, .T. ) ;
#6772 = EDGE_LOOP ( 'NONE', ( #2598, #4759, #2671, #1365 ) ) ;
#6773 = EDGE_CURVE ( 'NONE', #10691, #4521, #3428, .T. ) ;
#6774 = VECTOR ( 'NONE', #8972, 39.37007874015748143 ) ;
#6775 = ORIENTED_EDGE ( 'NONE', *, *, #3464, .F. ) ;
#6776 = CARTESIAN_POINT ( 'NONE',  ( 0.1010342959792502326, -0.05076620994873343867, -0.04533680322543630348 ) ) ;
#6777 = CARTESIAN_POINT ( 'NONE',  ( 0.1841685625231296863, -0.08976377952756478540, -0.1062992125931324916 ) ) ;
#6778 = ADVANCED_FACE ( 'NONE', ( #7957 ), #11519, .F. ) ;
#6779 = LINE ( 'NONE', #5209, #5413 ) ;
#6780 = DIRECTION ( 'NONE',  ( 0.000000000000000000, 0.2095290887308727257, 0.9778024140774097539 ) ) ;
#6781 = DIRECTION ( 'NONE',  ( -0.9993908270173008646, 0.000000000000000000, 0.03489949675390315031 ) ) ;
#6782 = DIRECTION ( 'NONE',  ( 1.000000000000000000, 0.000000000000000000, 0.000000000000000000 ) ) ;
#6783 = CARTESIAN_POINT ( 'NONE',  ( 0.1515795054111811202, -0.08975437318897638850, -0.3267716535597244287 ) ) ;
#6784 = ORIENTED_EDGE ( 'NONE', *, *, #10838, .F. ) ;
#6785 = AXIS2_PLACEMENT_3D ( 'NONE', #10999, #1494, #3078 ) ;
#6786 = LINE ( 'NONE', #1479, #11378 ) ;
#6787 = AXIS2_PLACEMENT_3D ( 'NONE', #1968, #3843, #7608 ) ;
#6788 = ORIENTED_EDGE ( 'NONE', *, *, #785, .F. ) ;
#6789 = ORIENTED_EDGE ( 'NONE', *, *, #4356, .F. ) ;
#6790 = VERTEX_POINT ( 'NONE', #3543 ) ;
#6791 = EDGE_CURVE ( 'NONE', #4091, #5362, #6453, .T. ) ;
#6792 = ORIENTED_EDGE ( 'NONE', *, *, #8132, .T. ) ;
#6793 = ORIENTED_EDGE ( 'NONE', *, *, #7549, .F. ) ;
#6794 = EDGE_CURVE ( 'NONE', #3479, #1675, #732, .T. ) ;
#6795 = CARTESIAN_POINT ( 'NONE',  ( 0.001968503937007873988, -0.04957609929134645932, -0.2480314960629921017 ) ) ;
#6796 = CARTESIAN_POINT ( 'NONE',  ( 0.1078100336708267826, 0.08070866141763319290, -0.3538730257968110138 ) ) ;
#6797 = CARTESIAN_POINT ( 'NONE',  ( 0.01754419052640973642, -0.04604949114889352740, -0.1642563912908060475 ) ) ;
#6798 = CARTESIAN_POINT ( 'NONE',  ( 0.009645669291340327675, -0.06692913385825205452, -0.3661417322834648047 ) ) ;
#6799 = LINE ( 'NONE', #8541, #7214 ) ;
#6800 = ORIENTED_EDGE ( 'NONE', *, *, #4136, .T. ) ;
#6801 = ORIENTED_EDGE ( 'NONE', *, *, #11177, .T. ) ;
#6802 = EDGE_LOOP ( 'NONE', ( #4944, #9684, #2673, #10413 ) ) ;
#6803 = CIRCLE ( 'NONE', #7171, 0.007874015861732280852 ) ;
#6804 = ADVANCED_FACE ( 'NONE', ( #10417 ), #9543, .T. ) ;
#6805 = DIRECTION ( 'NONE',  ( 0.03489949667904205383, 0.000000000000000000, 0.9993908270199149957 ) ) ;
#6806 = DIRECTION ( 'NONE',  ( 1.000000000000000000, -1.445602896665875570E-15, -7.499643267612909112E-11 ) ) ;
#6807 = FACE_OUTER_BOUND ( 'NONE', #5839, .T. ) ;
#6808 = DIRECTION ( 'NONE',  ( 0.000000000000000000, 0.000000000000000000, 1.000000000000000000 ) ) ;
#6809 = CARTESIAN_POINT ( 'NONE',  ( 0.05582127071211158420, 0.02362204725638270345, -0.3034505382219363501 ) ) ;
#6810 = DIRECTION ( 'NONE',  ( 0.000000000000000000, 0.000000000000000000, 1.000000000000000000 ) ) ;
#6811 = LINE ( 'NONE', #844, #6130 ) ;
#6812 = DIRECTION ( 'NONE',  ( 0.5773502691902300255, -0.5773502691893236394, -0.5773502691893236394 ) ) ;
#6813 = DIRECTION ( 'NONE',  ( 0.000000000000000000, -1.000000000000000000, 0.000000000000000000 ) ) ;
#6814 = VERTEX_POINT ( 'NONE', #2548 ) ;
#6815 = CYLINDRICAL_SURFACE ( 'NONE', #7617, 0.01476377952755905144 ) ;
#6816 = EDGE_CURVE ( 'NONE', #2712, #10306, #10745, .T. ) ;
#6817 = ORIENTED_EDGE ( 'NONE', *, *, #5934, .T. ) ;
#6818 = ORIENTED_EDGE ( 'NONE', *, *, #4956, .T. ) ;
#6819 = DIRECTION ( 'NONE',  ( 0.9993908270173006425, 1.725199716946561774E-15, -0.03489949675390776468 ) ) ;
#6820 = DIRECTION ( 'NONE',  ( 8.127312624051029561E-16, 1.000000000000000000, 0.000000000000000000 ) ) ;
#6821 = DIRECTION ( 'NONE',  ( 1.000000000000000000, 0.000000000000000000, 0.000000000000000000 ) ) ;
#6822 = LINE ( 'NONE', #9513, #3750 ) ;
#6823 = ORIENTED_EDGE ( 'NONE', *, *, #5626, .T. ) ;
#6824 = VERTEX_POINT ( 'NONE', #8653 ) ;
#6825 = VECTOR ( 'NONE', #1440, 39.37007874015748143 ) ;
#6826 = EDGE_LOOP ( 'NONE', ( #7473, #4913, #7721, #9422 ) ) ;
#6827 = EDGE_CURVE ( 'NONE', #1546, #3434, #2494, .T. ) ;
#6828 = EDGE_CURVE ( 'NONE', #7743, #2723, #10588, .T. ) ;
#6829 = EDGE_CURVE ( 'NONE', #8689, #7891, #1606, .T. ) ;
#6830 = DIRECTION ( 'NONE',  ( -1.000000000000000000, 0.000000000000000000, -7.500076948385445007E-11 ) ) ;
#6831 = ORIENTED_EDGE ( 'NONE', *, *, #2565, .T. ) ;
#6832 = ORIENTED_EDGE ( 'NONE', *, *, #3786, .T. ) ;
#6833 = CARTESIAN_POINT ( 'NONE',  ( 0.03366141732283465388, 0.08897637795276068517, -0.2507874015748031704 ) ) ;
#6834 = CARTESIAN_POINT ( 'NONE',  ( 0.1082677165354330728, -0.06102362204921260580, -0.01968503937007875029 ) ) ;
#6835 = VECTOR ( 'NONE', #10828, 39.37007874015748143 ) ;
#6836 = DIRECTION ( 'NONE',  ( 1.000000000000000000, 0.000000000000000000, 0.000000000000000000 ) ) ;
#6837 = DIRECTION ( 'NONE',  ( 0.03489949675490358616, 0.000000000000000000, 0.9993908270172657815 ) ) ;
#6838 = DIRECTION ( 'NONE',  ( 0.000000000000000000, -1.000000000000000000, 0.000000000000000000 ) ) ;
#6839 = AXIS2_PLACEMENT_3D ( 'NONE', #2194, #10242, #4015 ) ;
#6840 = DIRECTION ( 'NONE',  ( 0.000000000000000000, 1.000000000000000000, 0.000000000000000000 ) ) ;
#6841 = LINE ( 'NONE', #10403, #1837 ) ;
#6842 = ORIENTED_EDGE ( 'NONE', *, *, #1848, .F. ) ;
#6843 = CARTESIAN_POINT ( 'NONE',  ( -0.1444881680708603455, -0.01850393700787401202, -0.3228346456692857136 ) ) ;
#6844 = VERTEX_POINT ( 'NONE', #5229 ) ;
#6845 = EDGE_CURVE ( 'NONE', #3565, #9336, #6847, .T. ) ;
#6846 = CARTESIAN_POINT ( 'NONE',  ( -0.06771653421259839212, 0.07204724409448819145, -0.3425196850393816828 ) ) ;
#6847 = CIRCLE ( 'NONE', #3507, 0.01574803149606298150 ) ;
#6848 = ORIENTED_EDGE ( 'NONE', *, *, #9536, .F. ) ;
#6849 = ORIENTED_EDGE ( 'NONE', *, *, #5355, .F. ) ;
#6850 = CARTESIAN_POINT ( 'NONE',  ( -0.1166653128984252163, -0.02438915642001574999, -0.3366141732283464694 ) ) ;
#6851 = CARTESIAN_POINT ( 'NONE',  ( 0.08070866141731837529, -0.06102362204724409711, -0.3543307086614173040 ) ) ;
#6852 = CARTESIAN_POINT ( 'NONE',  ( 0.01383189609059382041, -0.04657824475315140711, -0.1396092645219186301 ) ) ;
#6853 = CARTESIAN_POINT ( 'NONE',  ( 0.1144088334586806782, -0.05090444595588562715, -0.04573253877124236477 ) ) ;
#6854 = DIRECTION ( 'NONE',  ( 0.000000000000000000, -1.000000000000000000, 0.000000000000000000 ) ) ;
#6855 = ORIENTED_EDGE ( 'NONE', *, *, #2590, .F. ) ;
#6856 = ORIENTED_EDGE ( 'NONE', *, *, #8456, .T. ) ;
#6857 = EDGE_CURVE ( 'NONE', #2686, #2017, #5283, .T. ) ;
#6858 = ORIENTED_EDGE ( 'NONE', *, *, #1632, .T. ) ;
#6859 = CONICAL_SURFACE ( 'NONE', #4267, 68.19097671134490213, 1.047197551421418460 ) ;
#6860 = VECTOR ( 'NONE', #7938, 39.37007874015748143 ) ;
#6861 = DIRECTION ( 'NONE',  ( 0.000000000000000000, 0.000000000000000000, 1.000000000000000000 ) ) ;
#6862 = CARTESIAN_POINT ( 'NONE',  ( 0.06557582766818426112, -0.04935686498625584118, -0.04793620903490261598 ) ) ;
#6863 = CARTESIAN_POINT ( 'NONE',  ( 0.06173024676624408458, 0.009314084488188977343, -0.3035974675152778302 ) ) ;
#6864 = DIRECTION ( 'NONE',  ( 0.000000000000000000, 1.000000000000000000, 0.000000000000000000 ) ) ;
#6865 = CARTESIAN_POINT ( 'NONE',  ( -0.1562992113779646530, -0.02637795275590551491, -0.3228346456692913202 ) ) ;
#6866 = CARTESIAN_POINT ( 'NONE',  ( -0.1562992113779527736, -0.08582677165354332671, -0.2834645669291337988 ) ) ;
#6867 = LINE ( 'NONE', #4199, #1468 ) ;
#6868 = CARTESIAN_POINT ( 'NONE',  ( -0.1850393700787426043, -0.1015748031496178372, -0.3031496062992126150 ) ) ;
#6869 = DIRECTION ( 'NONE',  ( -0.7071067811865496822, 0.000000000000000000, 0.7071067811865453523 ) ) ;
#6870 = VERTEX_POINT ( 'NONE', #8181 ) ;
#6871 = EDGE_CURVE ( 'NONE', #10641, #11071, #4580, .T. ) ;
#6872 = AXIS2_PLACEMENT_3D ( 'NONE', #10259, #6051, #10372 ) ;
#6873 = DIRECTION ( 'NONE',  ( 0.000000000000000000, 0.000000000000000000, 1.000000000000000000 ) ) ;
#6874 = ORIENTED_EDGE ( 'NONE', *, *, #6940, .F. ) ;
#6875 = AXIS2_PLACEMENT_3D ( 'NONE', #2146, #10185, #6685 ) ;
#6876 = ORIENTED_EDGE ( 'NONE', *, *, #5397, .F. ) ;
#6877 = DIRECTION ( 'NONE',  ( -0.9999999999999988898, 0.000000000000000000, 4.753358830401099892E-08 ) ) ;
#6878 = DIRECTION ( 'NONE',  ( -0.03489949667905152542, 0.000000000000000000, -0.9993908270199145516 ) ) ;
#6879 = LINE ( 'NONE', #4806, #7962 ) ;
#6880 = CARTESIAN_POINT ( 'NONE',  ( 0.02167235326551180535, 0.005905511811023620231, -0.2519685039534251270 ) ) ;
#6881 = VERTEX_POINT ( 'NONE', #9936 ) ;
#6882 = ORIENTED_EDGE ( 'NONE', *, *, #2343, .F. ) ;
#6883 = VERTEX_POINT ( 'NONE', #1900 ) ;
#6884 = CIRCLE ( 'NONE', #9898, 0.005905511811000759177 ) ;
#6885 = VECTOR ( 'NONE', #10573, 39.37007874015748143 ) ;
#6886 = DIRECTION ( 'NONE',  ( 1.000000000000000000, 0.000000000000000000, 0.000000000000000000 ) ) ;
#6887 = VECTOR ( 'NONE', #2218, 39.37007874015748143 ) ;
#6888 = VECTOR ( 'NONE', #6625, 39.37007874015748143 ) ;
#6889 = ORIENTED_EDGE ( 'NONE', *, *, #1793, .F. ) ;
#6890 = VERTEX_POINT ( 'NONE', #8948 ) ;
#6891 = CARTESIAN_POINT ( 'NONE',  ( 0.1102456249977952635, -0.08581736531496061970, -0.3208661417487007617 ) ) ;
#6892 = DIRECTION ( 'NONE',  ( 0.03489949675390680711, 1.734723475983532922E-14, 0.9993908270173006425 ) ) ;
#6893 = DIRECTION ( 'NONE',  ( -0.9993908270173006425, -1.234894146615003257E-15, 0.03489949675390727896 ) ) ;
#6895 = CARTESIAN_POINT ( 'NONE',  ( 0.1102456249977952774, -0.1015653968110236255, -0.3661417322998811730 ) ) ;
#6894 = CIRCLE ( 'NONE', #572, 0.02755905511811023237 ) ;
#6896 = EDGE_CURVE ( 'NONE', #5049, #2993, #2939, .T. ) ;
#6897 = AXIS2_PLACEMENT_3D ( 'NONE', #5520, #10007, #9071 ) ;
#6898 = EDGE_CURVE ( 'NONE', #6209, #150, #1952, .T. ) ;
#6899 = VECTOR ( 'NONE', #8639, 39.37007874015748143 ) ;
#6900 = FILL_AREA_STYLE_COLOUR ( '', #11389 ) ;
#6901 = CARTESIAN_POINT ( 'NONE',  ( -0.05118110236220473064, 1.463489996608766069E-17, -0.3425196850393816828 ) ) ;
#6902 = DIRECTION ( 'NONE',  ( 3.614007241618349757E-16, 0.000000000000000000, -1.000000000000000000 ) ) ;
#6903 = ORIENTED_EDGE ( 'NONE', *, *, #2198, .T. ) ;
#6904 = DIRECTION ( 'NONE',  ( 7.521964043354022120E-11, 0.000000000000000000, -1.000000000000000000 ) ) ;
#6905 = ORIENTED_EDGE ( 'NONE', *, *, #9608, .F. ) ;
#6906 = DIRECTION ( 'NONE',  ( -1.000000000000000000, 0.000000000000000000, 0.000000000000000000 ) ) ;
#6907 = ORIENTED_EDGE ( 'NONE', *, *, #5540, .F. ) ;
#6908 = AXIS2_PLACEMENT_3D ( 'NONE', #6694, #10262, #2921 ) ;
#6909 = AXIS2_PLACEMENT_3D ( 'NONE', #2790, #7496, #4183 ) ;
#6910 = AXIS2_PLACEMENT_3D ( 'NONE', #5833, #8505, #7639 ) ;
#6911 = ORIENTED_EDGE ( 'NONE', *, *, #7245, .F. ) ;
#6912 = FACE_OUTER_BOUND ( 'NONE', #4703, .T. ) ;
#6913 = LINE ( 'NONE', #6153, #5163 ) ;
#6914 = EDGE_CURVE ( 'NONE', #8558, #837, #8125, .T. ) ;
#6915 = CARTESIAN_POINT ( 'NONE',  ( 0.1841685624169291657, -0.1015748031496008508, -0.1629921260016929385 ) ) ;
#6916 = FACE_OUTER_BOUND ( 'NONE', #6357, .T. ) ;
#6917 = LINE ( 'NONE', #6208, #11306 ) ;
#6918 = ORIENTED_EDGE ( 'NONE', *, *, #8249, .T. ) ;
#6919 = VECTOR ( 'NONE', #11344, 39.37007874015748854 ) ;
#6920 = VECTOR ( 'NONE', #7933, 39.37007874015748143 ) ;
#6921 = ORIENTED_EDGE ( 'NONE', *, *, #7016, .F. ) ;
#6922 = ORIENTED_EDGE ( 'NONE', *, *, #10503, .T. ) ;
#6923 = ORIENTED_EDGE ( 'NONE', *, *, #5652, .F. ) ;
#6924 = EDGE_CURVE ( 'NONE', #9118, #7129, #37, .T. ) ;
#6925 = DIRECTION ( 'NONE',  ( 0.9998476951491060971, -3.076208898293606415E-12, 0.01745240685464504934 ) ) ;
#6926 = CARTESIAN_POINT ( 'NONE',  ( -0.07224409387795277526, 0.06417322834645670937, -0.3425196850393700809 ) ) ;
#6927 = CARTESIAN_POINT ( 'NONE',  ( 0.1920425781320193037, -0.09566929133858267931, -0.1574803149979676076 ) ) ;
#6928 = EDGE_CURVE ( 'NONE', #3552, #2580, #5507, .T. ) ;
#6929 = DIRECTION ( 'NONE',  ( 0.000000000000000000, 1.000000000000000000, 0.000000000000000000 ) ) ;
#6930 = LINE ( 'NONE', #4319, #4813 ) ;
#6931 = PLANE ( 'NONE',  #2574 ) ;
#6932 = FACE_OUTER_BOUND ( 'NONE', #8040, .T. ) ;
#6933 = LINE ( 'NONE', #11244, #909 ) ;
#6934 = PLANE ( 'NONE',  #31 ) ;
#6935 = EDGE_LOOP ( 'NONE', ( #5602, #3650, #11314, #11056 ) ) ;
#6936 = CARTESIAN_POINT ( 'NONE',  ( -0.1562992113779527736, -0.06968503937007874960, -0.2116141732283464694 ) ) ;
#6937 = EDGE_CURVE ( 'NONE', #11446, #3248, #2772, .T. ) ;
#6938 = DIRECTION ( 'NONE',  ( 0.000000000000000000, 0.000000000000000000, 1.000000000000000000 ) ) ;
#6939 = EDGE_CURVE ( 'NONE', #5290, #9380, #10941, .T. ) ;
#6940 = EDGE_CURVE ( 'NONE', #8338, #5781, #1072, .T. ) ;
#6941 = DIRECTION ( 'NONE',  ( -0.9998476951679617919, 0.000000000000000000, -0.01745240577440873228 ) ) ;
#6942 = CARTESIAN_POINT ( 'NONE',  ( -0.1444881680708545446, -0.07755905511811023167, -0.2755905511811023723 ) ) ;
#6943 = SURFACE_STYLE_FILL_AREA ( #11440 ) ;
#6944 = ORIENTED_EDGE ( 'NONE', *, *, #464, .T. ) ;
#6945 = VERTEX_POINT ( 'NONE', #10870 ) ;
#6946 = ORIENTED_EDGE ( 'NONE', *, *, #5628, .T. ) ;
#6947 = CARTESIAN_POINT ( 'NONE',  ( -0.03090551181102360948, -0.07283464566928220252, -0.3661417322834645272 ) ) ;
#6948 = EDGE_LOOP ( 'NONE', ( #8529, #9668, #2357, #2142 ) ) ;
#6949 = EDGE_LOOP ( 'NONE', ( #7761, #7211, #3990, #2844 ) ) ;
#6950 = VECTOR ( 'NONE', #3472, 39.37007874015748143 ) ;
#6951 = CARTESIAN_POINT ( 'NONE',  ( 0.02757786507653544120, -0.06889763779527534326, -0.2519685039534251825 ) ) ;
#6952 = DIRECTION ( 'NONE',  ( -0.000000000000000000, -1.000000000000000000, -0.000000000000000000 ) ) ;
#6953 = ADVANCED_FACE ( 'NONE', ( #7309 ), #2890, .F. ) ;
#6954 = LINE ( 'NONE', #2534, #8203 ) ;
#6955 = CARTESIAN_POINT ( 'NONE',  ( 0.07605735772175839515, 0.02387208003937008050, -0.3348482475813780446 ) ) ;
#6956 = DIRECTION ( 'NONE',  ( 0.5773502691900174177, -0.5773502691888423577, 0.5773502691900174177 ) ) ;
#6957 = CARTESIAN_POINT ( 'NONE',  ( 0.03612023716791676331, 0.008344503747283462183, -0.1669788117524599047 ) ) ;
#6958 = CARTESIAN_POINT ( 'NONE',  ( -0.05118110236220473758, 0.000000000000000000, -0.2480314960629760590 ) ) ;
#6959 = ORIENTED_EDGE ( 'NONE', *, *, #4732, .T. ) ;
#6960 = EDGE_LOOP ( 'NONE', ( #1416, #4417, #3819, #1738 ) ) ;
#6961 =( NAMED_UNIT ( * ) SI_UNIT ( $, .STERADIAN. ) SOLID_ANGLE_UNIT ( ) );
#6962 = ORIENTED_EDGE ( 'NONE', *, *, #4089, .T. ) ;
#6963 = CARTESIAN_POINT ( 'NONE',  ( 0.08160371855632346516, 0.06604590015384895207, -0.02343530018971292164 ) ) ;
#6964 = ORIENTED_EDGE ( 'NONE', *, *, #1505, .T. ) ;
#6965 = EDGE_LOOP ( 'NONE', ( #5742, #7076, #1888, #1122 ) ) ;
#6966 = CARTESIAN_POINT ( 'NONE',  ( 0.05152101541657480577, 0.06410646030986089094, -0.1465412887711810830 ) ) ;
#6967 = VECTOR ( 'NONE', #8302, 39.37007874015748143 ) ;
#6968 = DIRECTION ( 'NONE',  ( 0.9993908270173005315, 0.000000000000000000, -0.03489949675390779937 ) ) ;
#6969 = AXIS2_PLACEMENT_3D ( 'NONE', #1683, #10495, #5247 ) ;
#6970 = DIRECTION ( 'NONE',  ( 0.01745240638502534511, 0.000000000000000000, -0.9998476951573035398 ) ) ;
#6971 = CARTESIAN_POINT ( 'NONE',  ( -0.05118110236220473064, -0.02755905511811021849, -0.3425196850393816828 ) ) ;
#6972 = CARTESIAN_POINT ( 'NONE',  ( -0.09842519685039370636, 5.785732909357573983E-18, -0.2795275590551348777 ) ) ;
#6973 = EDGE_LOOP ( 'NONE', ( #8574, #4296, #96, #8288 ) ) ;
#6974 = VERTEX_POINT ( 'NONE', #4699 ) ;
#6975 = EDGE_LOOP ( 'NONE', ( #5046, #6599, #10618, #2355 ) ) ;
#6976 = EDGE_CURVE ( 'NONE', #5469, #99, #3775, .T. ) ;
#6977 = ORIENTED_EDGE ( 'NONE', *, *, #3968, .F. ) ;
#6978 = ADVANCED_FACE ( 'NONE', ( #7361 ), #9992, .T. ) ;
#6979 = ADVANCED_FACE ( 'NONE', ( #2007 ), #3653, .T. ) ;
#6980 = LINE ( 'NONE', #629, #4464 ) ;
#6981 = LINE ( 'NONE', #6166, #2734 ) ;
#6982 = CARTESIAN_POINT ( 'NONE',  ( 0.06853897123834647165, 0.06177938254039370275, -0.1953064763018897421 ) ) ;
#6983 = LINE ( 'NONE', #9604, #7270 ) ;
#6984 = CARTESIAN_POINT ( 'NONE',  ( 0.1732283464520717464, -0.08975437318897901140, -0.3267716535597244287 ) ) ;
#6985 = LINE ( 'NONE', #2731, #9637 ) ;
#6986 = ORIENTED_EDGE ( 'NONE', *, *, #58, .F. ) ;
#6987 = CARTESIAN_POINT ( 'NONE',  ( 0.1555118110335469706, 0.03149606299180848779, -0.1062992125900873025 ) ) ;
#6988 = DIRECTION ( 'NONE',  ( -0.9997166910728526590, 1.616090512661033772E-09, -0.02380205012906733836 ) ) ;
#6989 = EDGE_LOOP ( 'NONE', ( #1310, #6496, #1982, #615 ) ) ;
#6990 = CARTESIAN_POINT ( 'NONE',  ( 0.1016452866323425269, 0.08267716535433396186, -0.2748916943525787637 ) ) ;
#6991 = AXIS2_PLACEMENT_3D ( 'NONE', #6132, #9691, #6237 ) ;
#6992 = EDGE_CURVE ( 'NONE', #6467, #5830, #6487, .T. ) ;
#6993 = CARTESIAN_POINT ( 'NONE',  ( -0.05118110236220473064, 0.000000000000000000, -0.3582677165415787401 ) ) ;
#6994 = FACE_OUTER_BOUND ( 'NONE', #7299, .T. ) ;
#6995 = LINE ( 'NONE', #765, #10385 ) ;
#6996 = DIRECTION ( 'NONE',  ( 0.000000000000000000, 1.000000000000000000, 0.000000000000000000 ) ) ;
#6997 = CARTESIAN_POINT ( 'NONE',  ( 0.1417322834645753371, -0.08740157480314260374, -0.2834645669291254722 ) ) ;
#6998 = EDGE_LOOP ( 'NONE', ( #194, #4862, #8995, #1525 ) ) ;
#6999 = ORIENTED_EDGE ( 'NONE', *, *, #5342, .T. ) ;
#7000 = EDGE_CURVE ( 'NONE', #5851, #11542, #8886, .T. ) ;
#7001 = LINE ( 'NONE', #2582, #1480 ) ;
#7002 = VERTEX_POINT ( 'NONE', #1836 ) ;
#7003 = B_SPLINE_CURVE_WITH_KNOTS ( 'NONE', 3,
 ( #11420, #2448, #10598, #805, #4423, #9602 ),
 .UNSPECIFIED., .F., .F.,
 ( 4, 2, 4 ),
 ( 0.000000000000000000, 0.5000000000000000000, 1.000000000000000000 ),
 .UNSPECIFIED. ) ;
#7004 = DIRECTION ( 'NONE',  ( 0.03489949667904205383, 0.000000000000000000, 0.9993908270199149957 ) ) ;
#7005 = CARTESIAN_POINT ( 'NONE',  ( 0.1841685624129527632, -0.08976377952756478540, -0.1141732283442519480 ) ) ;
#7006 = DIRECTION ( 'NONE',  ( 0.9205048533573727543, 0.000000000000000000, -0.3907311287132390065 ) ) ;
#7007 = CARTESIAN_POINT ( 'NONE',  ( -0.1444881680708534066, 0.01884019762450966917, -0.06625661262500354143 ) ) ;
#7008 = VECTOR ( 'NONE', #6347, 39.37007874015748143 ) ;
#7009 =( NAMED_UNIT ( * ) PLANE_ANGLE_UNIT ( ) SI_UNIT ( $, .RADIAN. ) );
#7010 = DIRECTION ( 'NONE',  ( -1.000000000000000000, 0.000000000000000000, 0.000000000000000000 ) ) ;
#7011 = CARTESIAN_POINT ( 'NONE',  ( 0.1141826319805777507, -0.1009092288320209696, -0.3208657712979153809 ) ) ;
#7012 = ORIENTED_EDGE ( 'NONE', *, *, #10077, .F. ) ;
#7013 = VERTEX_POINT ( 'NONE', #10694 ) ;
#7014 = DIRECTION ( 'NONE',  ( 1.000000000000000000, 0.000000000000000000, 0.000000000000000000 ) ) ;
#7015 = EDGE_LOOP ( 'NONE', ( #2100, #7731, #6874, #8991, #3326, #7397, #10142, #1907, #7487, #10981, #6478, #1435, #2952, #8908, #7845, #10561, #7501, #6065 ) ) ;
#7016 = EDGE_CURVE ( 'NONE', #2674, #6881, #2716, .T. ) ;
#7017 = DIRECTION ( 'NONE',  ( -5.200122740939574330E-11, 0.000000000000000000, -1.000000000000000000 ) ) ;
#7018 = ORIENTED_EDGE ( 'NONE', *, *, #1915, .F. ) ;
#7019 = ORIENTED_EDGE ( 'NONE', *, *, #4046, .F. ) ;
#7020 = DIRECTION ( 'NONE',  ( 0.000000000000000000, 1.000000000000000000, 0.000000000000000000 ) ) ;
#7021 = CARTESIAN_POINT ( 'NONE',  ( 0.05974606469122047125, -0.04412559434728346996, -0.2183115028670079005 ) ) ;
#7022 = DIRECTION ( 'NONE',  ( 0.3906427576328602158, 0.02126697168289022610, 0.9202966651164359302 ) ) ;
#7023 = LINE ( 'NONE', #1553, #6919 ) ;
#7024 = LINE ( 'NONE', #2668, #6034 ) ;
#7025 = CARTESIAN_POINT ( 'NONE',  ( -0.1637795275590551158, 0.1102362204724409434, -0.3734645669291339343 ) ) ;
#7026 = EDGE_LOOP ( 'NONE', ( #4120, #3550, #8530, #6250 ) ) ;
#7027 = AXIS2_PLACEMENT_3D ( 'NONE', #6429, #898, #6374 ) ;
#7028 = ORIENTED_EDGE ( 'NONE', *, *, #5289, .T. ) ;
#7029 = ORIENTED_EDGE ( 'NONE', *, *, #4794, .F. ) ;
#7030 = VECTOR ( 'NONE', #9607, 39.37007874015748854 ) ;
#7031 = ORIENTED_EDGE ( 'NONE', *, *, #7537, .F. ) ;
#7032 = VECTOR ( 'NONE', #9832, 39.37007874015748143 ) ;
#7033 = LINE ( 'NONE', #4477, #5704 ) ;
#7034 = DIRECTION ( 'NONE',  ( 0.9993908270172985331, 0.000000000000000000, -0.03489949675396257500 ) ) ;
#7035 = LINE ( 'NONE', #5246, #8757 ) ;
#7036 = EDGE_CURVE ( 'NONE', #2341, #8189, #2122, .T. ) ;
#7037 = LINE ( 'NONE', #914, #6651 ) ;
#7038 = LINE ( 'NONE', #10602, #2751 ) ;
#7039 = ADVANCED_FACE ( 'NONE', ( #10109 ), #5087, .T. ) ;
#7040 = ORIENTED_EDGE ( 'NONE', *, *, #8487, .T. ) ;
#7041 = EDGE_CURVE ( 'NONE', #6088, #3176, #5733, .T. ) ;
#7042 = DIRECTION ( 'NONE',  ( 0.000000000000000000, 1.239088197126290866E-15, -1.000000000000000000 ) ) ;
#7043 = VERTEX_POINT ( 'NONE', #648 ) ;
#7044 = VECTOR ( 'NONE', #10344, 39.37007874015748143 ) ;
#7045 = CARTESIAN_POINT ( 'NONE',  ( 0.06104314413643652931, -0.01968503937007493390, -0.2642333850232035375 ) ) ;
#7046 = DIRECTION ( 'NONE',  ( -0.03489949675390687650, 0.000000000000000000, -0.9993908270173005315 ) ) ;
#7047 = FACE_OUTER_BOUND ( 'NONE', #10933, .T. ) ;
#7048 = VECTOR ( 'NONE', #7338, 39.37007874015748143 ) ;
#7049 = PLANE ( 'NONE',  #4995 ) ;
#7050 = LINE ( 'NONE', #8099, #778 ) ;
#7051 = ADVANCED_FACE ( 'NONE', ( #4268 ), #7814, .F. ) ;
#7052 = VECTOR ( 'NONE', #5146, 39.37007874015748854 ) ;
#7053 = ORIENTED_EDGE ( 'NONE', *, *, #6939, .F. ) ;
#7054 = VERTEX_POINT ( 'NONE', #5679 ) ;
#7055 = LINE ( 'NONE', #9796, #6860 ) ;
#7056 = VECTOR ( 'NONE', #1129, 39.37007874015748854 ) ;
#7057 = VECTOR ( 'NONE', #87, 39.37007874015748143 ) ;
#7058 = AXIS2_PLACEMENT_3D ( 'NONE', #1219, #1389, #3157 ) ;
#7059 = EDGE_CURVE ( 'NONE', #11473, #3439, #9511, .T. ) ;
#7060 = EDGE_LOOP ( 'NONE', ( #5395, #9944 ) ) ;
#7061 = CARTESIAN_POINT ( 'NONE',  ( 0.02532719724731217342, -0.04640530156861553263, -0.1476521568159482600 ) ) ;
#7062 = FACE_OUTER_BOUND ( 'NONE', #1800, .T. ) ;
#7063 = CARTESIAN_POINT ( 'NONE',  ( 0.1082677165354330728, -0.1025984251968503902, -0.01275590551181102726 ) ) ;
#7064 = CARTESIAN_POINT ( 'NONE',  ( 0.1106348633031163237, 0.09251968503937006705, -0.1866787129085284436 ) ) ;
#7065 = EDGE_CURVE ( 'NONE', #3630, #11333, #4987, .T. ) ;
#7066 = CARTESIAN_POINT ( 'NONE',  ( 0.08267716535431147984, 0.09921259842521179539, -0.3661417322834837895 ) ) ;
#7067 = DIRECTION ( 'NONE',  ( 0.000000000000000000, 0.000000000000000000, -1.000000000000000000 ) ) ;
#7068 = CARTESIAN_POINT ( 'NONE',  ( -0.07874015748031495954, 0.1023622047243944455, -0.2874015748031495954 ) ) ;
#7069 = VERTEX_POINT ( 'NONE', #7752 ) ;
#7070 = ORIENTED_EDGE ( 'NONE', *, *, #2319, .F. ) ;
#7071 = LINE ( 'NONE', #10473, #1710 ) ;
#7072 = AXIS2_PLACEMENT_3D ( 'NONE', #542, #11325, #1355 ) ;
#7073 = VECTOR ( 'NONE', #1751, 39.37007874015748143 ) ;
#7074 = VERTEX_POINT ( 'NONE', #11310 ) ;
#7075 = DIRECTION ( 'NONE',  ( 1.000000000000000000, 0.000000000000000000, -7.688455000561518633E-11 ) ) ;
#7076 = ORIENTED_EDGE ( 'NONE', *, *, #3438, .F. ) ;
#7077 = VECTOR ( 'NONE', #7234, 39.37007874015748143 ) ;
#7078 = ORIENTED_EDGE ( 'NONE', *, *, #3921, .T. ) ;
#7079 = AXIS2_PLACEMENT_3D ( 'NONE', #11270, #830, #5268 ) ;
#7080 = CARTESIAN_POINT ( 'NONE',  ( -0.1647637690748031403, -0.08976377952755922041, -0.3464566929133858775 ) ) ;
#7081 = CIRCLE ( 'NONE', #2994, 0.01430796274849296425 ) ;
#7082 = LINE ( 'NONE', #6032, #3829 ) ;
#7083 = LINE ( 'NONE', #795, #4974 ) ;
#7084 = EDGE_CURVE ( 'NONE', #10711, #2075, #6879, .T. ) ;
#7085 = EDGE_CURVE ( 'NONE', #7317, #10076, #10160, .T. ) ;
#7086 = DIRECTION ( 'NONE',  ( 0.000000000000000000, 0.000000000000000000, 1.000000000000000000 ) ) ;
#7087 = CARTESIAN_POINT ( 'NONE',  ( -0.05365112649704724401, -0.05787401574803149873, -0.3430107094399212908 ) ) ;
#7088 = CARTESIAN_POINT ( 'NONE',  ( -0.05118110236220473064, 0.000000000000000000, -0.2795275590551180578 ) ) ;
#7089 = EDGE_LOOP ( 'NONE', ( #2157, #2333 ) ) ;
#7090 = ORIENTED_EDGE ( 'NONE', *, *, #6536, .T. ) ;
#7091 =( GEOMETRIC_REPRESENTATION_CONTEXT ( 3 ) GLOBAL_UNCERTAINTY_ASSIGNED_CONTEXT ( ( #152 ) ) GLOBAL_UNIT_ASSIGNED_CONTEXT ( ( #10454, #2338, #595 ) ) REPRESENTATION_CONTEXT ( 'NONE', 'WORKASPACE' ) );
#7092 = VECTOR ( 'NONE', #4479, 39.37007874015748143 ) ;
#7093 = VECTOR ( 'NONE', #4194, 39.37007874015748143 ) ;
#7094 = ORIENTED_EDGE ( 'NONE', *, *, #6829, .T. ) ;
#7095 = AXIS2_PLACEMENT_3D ( 'NONE', #7367, #3658, #10876 ) ;
#7096 = FACE_OUTER_BOUND ( 'NONE', #196, .T. ) ;
#7097 = CARTESIAN_POINT ( 'NONE',  ( -0.1574803149606402997, 0.01377952755905512659, -0.06692913385826586292 ) ) ;
#7098 = AXIS2_PLACEMENT_3D ( 'NONE', #6672, #11285, #9478 ) ;
#7099 = FACE_OUTER_BOUND ( 'NONE', #4743, .T. ) ;
#7100 = LINE ( 'NONE', #9778, #5178 ) ;
#7101 = CARTESIAN_POINT ( 'NONE',  ( 0.02080943157674803451, -0.07716535433070866035, -0.2801748203917716618 ) ) ;
#7102 = VERTEX_POINT ( 'NONE', #8350 ) ;
#7103 = DIRECTION ( 'NONE',  ( 0.000000000000000000, -1.000000000000000000, 0.000000000000000000 ) ) ;
#7104 = ORIENTED_EDGE ( 'NONE', *, *, #3706, .F. ) ;
#7105 = DIRECTION ( 'NONE',  ( -0.000000000000000000, -0.000000000000000000, -1.000000000000000000 ) ) ;
#7106 = AXIS2_PLACEMENT_3D ( 'NONE', #6350, #9914, #1925 ) ;
#7107 = EDGE_CURVE ( 'NONE', #1091, #2868, #1693, .T. ) ;
#7108 = EDGE_CURVE ( 'NONE', #6735, #4757, #1066, .T. ) ;
#7109 = CARTESIAN_POINT ( 'NONE',  ( 0.03348337688755976399, 0.08481879267428507618, -0.2528171110489412232 ) ) ;
#7110 = DIRECTION ( 'NONE',  ( -0.9998476951233522536, 1.606676669929499119E-09, -0.01745240833009312903 ) ) ;
#7111 = FACE_OUTER_BOUND ( 'NONE', #11387, .T. ) ;
#7112 = FACE_OUTER_BOUND ( 'NONE', #4971, .T. ) ;
#7113 = FACE_OUTER_BOUND ( 'NONE', #1856, .T. ) ;
#7114 = ORIENTED_EDGE ( 'NONE', *, *, #7242, .T. ) ;
#7115 = ORIENTED_EDGE ( 'NONE', *, *, #8283, .F. ) ;
#7116 = VERTEX_POINT ( 'NONE', #6009 ) ;
#7117 = DIRECTION ( 'NONE',  ( -1.000000000000000000, -0.000000000000000000, -0.000000000000000000 ) ) ;
#7118 = EDGE_CURVE ( 'NONE', #11009, #3765, #7483, .T. ) ;
#7119 = EDGE_CURVE ( 'NONE', #1196, #3595, #6604, .T. ) ;
#7120 = EDGE_CURVE ( 'NONE', #8980, #967, #2179, .T. ) ;
#7121 = ORIENTED_EDGE ( 'NONE', *, *, #9720, .T. ) ;
#7122 = DIRECTION ( 'NONE',  ( -1.127398845649465758E-08, -1.000000000000000000, 2.936133788007114697E-09 ) ) ;
#7123 = DIRECTION ( 'NONE',  ( 0.000000000000000000, 1.000000000000000000, 0.000000000000000000 ) ) ;
#7124 = CYLINDRICAL_SURFACE ( 'NONE', #7462, 0.005118110236220486248 ) ;
#7125 = CARTESIAN_POINT ( 'NONE',  ( 0.1496062992125984370, 0.02952755905511811330, -0.09763779527560526028 ) ) ;
#7126 = CARTESIAN_POINT ( 'NONE',  ( 0.02145669291338582821, -0.07716535431692911340, -0.3025590551181102650 ) ) ;
#7127 = CARTESIAN_POINT ( 'NONE',  ( -0.003937007874015754916, 0.003149606299212598381, -0.3425196850393700809 ) ) ;
#7128 = ORIENTED_EDGE ( 'NONE', *, *, #2811, .F. ) ;
#7129 = VERTEX_POINT ( 'NONE', #7536 ) ;
#7130 = ORIENTED_EDGE ( 'NONE', *, *, #614, .T. ) ;
#7131 = EDGE_CURVE ( 'NONE', #11414, #475, #1185, .T. ) ;
#7132 = DIRECTION ( 'NONE',  ( 1.000000000000000000, 0.000000000000000000, 0.000000000000000000 ) ) ;
#7133 = ORIENTED_EDGE ( 'NONE', *, *, #8247, .F. ) ;
#7134 = VECTOR ( 'NONE', #11272, 39.37007874015748143 ) ;
#7135 = ADVANCED_FACE ( 'NONE', ( #1299 ), #309, .T. ) ;
#7136 = VERTEX_POINT ( 'NONE', #11091 ) ;
#7137 = CARTESIAN_POINT ( 'NONE',  ( 0.1240157480314832972, -0.08464566929133196527, -0.3267716535433070058 ) ) ;
#7138 = DIRECTION ( 'NONE',  ( 0.7983441970051381453, 0.02700730769271210419, -0.6015955023430712423 ) ) ;
#7139 = DIRECTION ( 'NONE',  ( -0.7071067811865469066, 0.000000000000000000, -0.7071067811865481278 ) ) ;
#7140 = DIRECTION ( 'NONE',  ( 0.000000000000000000, 0.000000000000000000, 1.000000000000000000 ) ) ;
#7141 = LINE ( 'NONE', #11411, #7582 ) ;
#7142 = ORIENTED_EDGE ( 'NONE', *, *, #11282, .F. ) ;
#7143 = CIRCLE ( 'NONE', #4369, 0.005905511810936730534 ) ;
#7144 = EDGE_LOOP ( 'NONE', ( #5618, #6425, #2525, #1958 ) ) ;
#7145 = EDGE_CURVE ( 'NONE', #9444, #10335, #3884, .T. ) ;
#7146 = ORIENTED_EDGE ( 'NONE', *, *, #6914, .T. ) ;
#7147 = ORIENTED_EDGE ( 'NONE', *, *, #6054, .T. ) ;
#7148 = EDGE_CURVE ( 'NONE', #11179, #3074, #2690, .T. ) ;
#7149 = VECTOR ( 'NONE', #3023, 39.37007874015748854 ) ;
#7150 = AXIS2_PLACEMENT_3D ( 'NONE', #11341, #8830, #619 ) ;
#7151 = DIRECTION ( 'NONE',  ( 0.000000000000000000, 0.000000000000000000, 1.000000000000000000 ) ) ;
#7152 = CARTESIAN_POINT ( 'NONE',  ( 0.1156336907917716733, -0.05232432987696851445, -0.05748291155814961445 ) ) ;
#7153 = CARTESIAN_POINT ( 'NONE',  ( 0.1417322834645669549, -0.1020078740157480401, -0.07242519685039371102 ) ) ;
#7154 = CARTESIAN_POINT ( 'NONE',  ( 0.06168794382838583418, 0.05900717705578739647, -0.3295616837325591186 ) ) ;
#7155 = DIRECTION ( 'NONE',  ( 0.9993908270172962016, 1.093644612623819138E-13, -0.03489949675403253293 ) ) ;
#7156 = ORIENTED_EDGE ( 'NONE', *, *, #10477, .T. ) ;
#7157 = CARTESIAN_POINT ( 'NONE',  ( 0.09574337229955706685, 0.08267716535433232428, -0.2746855949622961646 ) ) ;
#7158 = ORIENTED_EDGE ( 'NONE', *, *, #4422, .T. ) ;
#7159 = ORIENTED_EDGE ( 'NONE', *, *, #2289, .T. ) ;
#7160 = VECTOR ( 'NONE', #859, 39.37007874015748143 ) ;
#7161 = CARTESIAN_POINT ( 'NONE',  ( 0.1437007874081977499, -0.002933957919803146033, -0.1708661417515748848 ) ) ;
#7162 = EDGE_CURVE ( 'NONE', #7456, #1455, #10558, .T. ) ;
#7163 = DIRECTION ( 'NONE',  ( 0.000000000000000000, 1.000000000000000000, 0.000000000000000000 ) ) ;
#7164 = CARTESIAN_POINT ( 'NONE',  ( -0.1267716535433070779, 0.06496062992125981039, -0.3307086614173229133 ) ) ;
#7165 = CARTESIAN_POINT ( 'NONE',  ( 0.06805004320980162502, 0.05905333726140449963, -0.3272802825796163884 ) ) ;
#7166 = LINE ( 'NONE', #7221, #1629 ) ;
#7167 = CARTESIAN_POINT ( 'NONE',  ( -0.1444881680708661464, -0.08582677165354332671, -0.1692913385826761430 ) ) ;
#7168 = FACE_OUTER_BOUND ( 'NONE', #3817, .T. ) ;
#7169 = ORIENTED_EDGE ( 'NONE', *, *, #8645, .F. ) ;
#7170 = DIRECTION ( 'NONE',  ( 0.000000000000000000, 0.000000000000000000, 1.000000000000000000 ) ) ;
#7171 = AXIS2_PLACEMENT_3D ( 'NONE', #8866, #7122, #11447 ) ;
#7172 = EDGE_LOOP ( 'NONE', ( #1483, #8230, #10816, #4556 ) ) ;
#7173 = CARTESIAN_POINT ( 'NONE',  ( 0.1043328528734956129, -0.07086614173228346358, -0.1979298667046594795 ) ) ;
#7174 = CARTESIAN_POINT ( 'NONE',  ( 0.02167235326551146188, 0.08070866141732120635, -0.2519685039534251825 ) ) ;
#7175 = LINE ( 'NONE', #2651, #11197 ) ;
#7176 = DIRECTION ( 'NONE',  ( 0.000000000000000000, 0.000000000000000000, 1.000000000000000000 ) ) ;
#7177 = CARTESIAN_POINT ( 'NONE',  ( 0.1555118111141820803, -0.01968503937007866356, -0.3111619278818179568 ) ) ;
#7178 = EDGE_CURVE ( 'NONE', #7879, #290, #2755, .T. ) ;
#7179 = CARTESIAN_POINT ( 'NONE',  ( -0.1850393700787401341, -0.04606299212598424786, -0.1062992125984252023 ) ) ;
#7180 = ADVANCED_FACE ( 'NONE', ( #3680 ), #4552, .T. ) ;
#7181 = EDGE_LOOP ( 'NONE', ( #6066, #466, #8998, #4404 ) ) ;
#7182 = EDGE_CURVE ( 'NONE', #1612, #5261, #5358, .T. ) ;
#7183 = ORIENTED_EDGE ( 'NONE', *, *, #10913, .F. ) ;
#7184 = VECTOR ( 'NONE', #1633, 39.37007874015748143 ) ;
#7185 = ORIENTED_EDGE ( 'NONE', *, *, #2468, .T. ) ;
#7186 = FACE_OUTER_BOUND ( 'NONE', #8564, .T. ) ;
#7187 = ORIENTED_EDGE ( 'NONE', *, *, #986, .F. ) ;
#7188 = ORIENTED_EDGE ( 'NONE', *, *, #11317, .T. ) ;
#7189 = VERTEX_POINT ( 'NONE', #4438 ) ;
#7190 = DIRECTION ( 'NONE',  ( -1.000000000000000000, 0.000000000000000000, 0.000000000000000000 ) ) ;
#7191 = LINE ( 'NONE', #2770, #2036 ) ;
#7192 = CIRCLE ( 'NONE', #1423, 0.007874015733082297824 ) ;
#7193 = CARTESIAN_POINT ( 'NONE',  ( 0.1417322834645669272, -0.02165354323031495540, -0.2161417322834645882 ) ) ;
#7194 = CARTESIAN_POINT ( 'NONE',  ( 0.1016452866323425269, -0.03543307086614173873, -0.2748916943525787637 ) ) ;
#7195 = DIRECTION ( 'NONE',  ( 0.01745240622331161937, 0.000000000000000000, -0.9998476951601260598 ) ) ;
#7196 = DIRECTION ( 'NONE',  ( 0.000000000000000000, -1.000000000000000000, 0.000000000000000000 ) ) ;
#7197 = DIRECTION ( 'NONE',  ( 0.000000000000000000, 0.4472135955005552277, 0.8944271909996172054 ) ) ;
#7198 = ORIENTED_EDGE ( 'NONE', *, *, #6845, .T. ) ;
#7199 = ADVANCED_FACE ( 'NONE', ( #6123 ), #2635, .F. ) ;
#7200 = LINE ( 'NONE', #7314, #945 ) ;
#7201 = VERTEX_POINT ( 'NONE', #9739 ) ;
#7202 = VERTEX_POINT ( 'NONE', #8917 ) ;
#7203 = CIRCLE ( 'NONE', #8501, 0.007874015748031516770 ) ;
#7204 = EDGE_LOOP ( 'NONE', ( #813, #8423, #7614, #3609 ) ) ;
#7205 = CARTESIAN_POINT ( 'NONE',  ( -0.05118110236220473064, 0.000000000000000000, -0.3425196850393611991 ) ) ;
#7206 = CARTESIAN_POINT ( 'NONE',  ( 0.1113859482041732185, -0.05225914000059055792, -0.05702220791003936862 ) ) ;
#7207 = AXIS2_PLACEMENT_3D ( 'NONE', #9114, #8239, #260 ) ;
#7208 = CARTESIAN_POINT ( 'NONE',  ( -0.1496897570864493821, 0.01884019762450728913, -0.06625661262500535942 ) ) ;
#7209 = CARTESIAN_POINT ( 'NONE',  ( 0.06038983124988187706, 0.06559938255177165389, -0.03934600556329528181 ) ) ;
#7210 = DIRECTION ( 'NONE',  ( 1.000000000000000000, 0.000000000000000000, 0.000000000000000000 ) ) ;
#7211 = ORIENTED_EDGE ( 'NONE', *, *, #4975, .F. ) ;
#7212 = ADVANCED_FACE ( 'NONE', ( #7111 ), #1755, .T. ) ;
#7213 = CARTESIAN_POINT ( 'NONE',  ( 0.06818454121663324041, 0.02387208003937008050, -0.3349856681039128370 ) ) ;
#7214 = VECTOR ( 'NONE', #3257, 39.37007874015748143 ) ;
#7215 = VERTEX_POINT ( 'NONE', #870 ) ;
#7216 = LINE ( 'NONE', #1920, #6511 ) ;
#7217 = TOROIDAL_SURFACE ( 'NONE', #9079, 0.0002500327787691406672, 0.01968503931262638104 ) ;
#7218 = LINE ( 'NONE', #231, #7331 ) ;
#7219 = CARTESIAN_POINT ( 'NONE',  ( 0.1850393700765354532, -0.08975437318898128736, -0.2913385826935827039 ) ) ;
#7220 = DIRECTION ( 'NONE',  ( 0.000000000000000000, 1.000000000000000000, 0.000000000000000000 ) ) ;
#7221 = CARTESIAN_POINT ( 'NONE',  ( 0.06013666980567237974, 0.06549283287391799435, -0.04562742349053292706 ) ) ;
#7222 = EDGE_CURVE ( 'NONE', #474, #9501, #6995, .T. ) ;
#7223 = CIRCLE ( 'NONE', #8909, 0.03937007874015747977 ) ;
#7224 = DIRECTION ( 'NONE',  ( -0.9993908270199149957, 0.000000000000000000, 0.03489949667904205383 ) ) ;
#7225 = ORIENTED_EDGE ( 'NONE', *, *, #1600, .F. ) ;
#7226 = DIRECTION ( 'NONE',  ( 1.000000000000000000, 0.000000000000000000, 0.000000000000000000 ) ) ;
#7227 = B_SPLINE_CURVE_WITH_KNOTS ( 'NONE', 3,
 ( #646, #416, #591, #1457, #11309, #11134 ),
 .UNSPECIFIED., .F., .F.,
 ( 4, 2, 4 ),
 ( 6.254394355954841783E-13, 0.0004290532845169799494, 0.0008581065684085205283 ),
 .UNSPECIFIED. ) ;
#7228 = AXIS2_PLACEMENT_3D ( 'NONE', #11068, #3094, #10845 ) ;
#7229 = ORIENTED_EDGE ( 'NONE', *, *, #1750, .T. ) ;
#7230 = CARTESIAN_POINT ( 'NONE',  ( 0.03366141732283538246, -0.07716535432727182620, -0.2507874015747993957 ) ) ;
#7231 = CARTESIAN_POINT ( 'NONE',  ( -0.1562992113779587133, -0.06968503937007874960, -0.1771653543307086798 ) ) ;
#7232 = AXIS2_PLACEMENT_3D ( 'NONE', #790, #2599, #7075 ) ;
#7233 = CARTESIAN_POINT ( 'NONE',  ( 0.09883103463750864126, 0.09251968503937006705, -0.1862665141279688241 ) ) ;
#7234 = DIRECTION ( 'NONE',  ( -0.000000000000000000, -1.000000000000000000, -0.000000000000000000 ) ) ;
#7235 = DIRECTION ( 'NONE',  ( -7.499787827916744914E-11, 0.000000000000000000, -1.000000000000000000 ) ) ;
#7236 = ORIENTED_EDGE ( 'NONE', *, *, #6791, .F. ) ;
#7237 = VERTEX_POINT ( 'NONE', #818 ) ;
#7238 = VERTEX_POINT ( 'NONE', #5 ) ;
#7239 = DIRECTION ( 'NONE',  ( 0.000000000000000000, -1.000000000000000000, 0.000000000000000000 ) ) ;
#7240 = VECTOR ( 'NONE', #5677, 39.37007874015748143 ) ;
#7241 = ORIENTED_EDGE ( 'NONE', *, *, #5132, .F. ) ;
#7242 = EDGE_CURVE ( 'NONE', #8411, #7054, #7166, .T. ) ;
#7243 = ORIENTED_EDGE ( 'NONE', *, *, #2491, .F. ) ;
#7244 = CARTESIAN_POINT ( 'NONE',  ( 0.1920425781585170799, -0.1015748031496008508, -0.1196850401867097652 ) ) ;
#7245 = EDGE_CURVE ( 'NONE', #2868, #5160, #990, .T. ) ;
#7246 = DIRECTION ( 'NONE',  ( 1.000000000000000000, 0.000000000000000000, 0.000000000000000000 ) ) ;
#7247 = CARTESIAN_POINT ( 'NONE',  ( 0.03348337688755939623, -0.06889763779527552368, -0.2519685039534251825 ) ) ;
#7248 = DIRECTION ( 'NONE',  ( 0.01745240638502193464, 0.000000000000000000, -0.9998476951573035398 ) ) ;
#7249 = CIRCLE ( 'NONE', #2042, 0.007874015748031482076 ) ;
#7250 = DIRECTION ( 'NONE',  ( 0.9993908270172950914, 0.000000000000000000, -0.03489949675406517349 ) ) ;
#7251 = CIRCLE ( 'NONE', #2228, 0.003937007874015792212 ) ;
#7252 = CARTESIAN_POINT ( 'NONE',  ( 0.1082677165354330728, 0.005905511811023628904, -0.05787401584251970071 ) ) ;
#7253 = DIRECTION ( 'NONE',  ( 0.000000000000000000, 0.000000000000000000, -1.000000000000000000 ) ) ;
#7254 = ORIENTED_EDGE ( 'NONE', *, *, #1137, .F. ) ;
#7255 = LINE ( 'NONE', #7423, #9324 ) ;
#7256 = ORIENTED_EDGE ( 'NONE', *, *, #11422, .F. ) ;
#7257 = VERTEX_POINT ( 'NONE', #6229 ) ;
#7258 = VECTOR ( 'NONE', #7589, 39.37007874015748143 ) ;
#7259 = AXIS2_PLACEMENT_3D ( 'NONE', #5006, #3146, #6687 ) ;
#7260 = EDGE_CURVE ( 'NONE', #11526, #5326, #9790, .T. ) ;
#7261 = EDGE_CURVE ( 'NONE', #1919, #2116, #6097, .T. ) ;
#7262 = ORIENTED_EDGE ( 'NONE', *, *, #1338, .F. ) ;
#7263 = CARTESIAN_POINT ( 'NONE',  ( -0.1562992113779527736, -0.01082677165354330173, -0.07677165354330706126 ) ) ;
#7264 = CARTESIAN_POINT ( 'NONE',  ( 0.02145669291338545698, 0.1102362204724446487, -0.2795275590393700993 ) ) ;
#7265 = LINE ( 'NONE', #2021, #11007 ) ;
#7266 = CARTESIAN_POINT ( 'NONE',  ( 0.01755493890531529752, 0.06288841225969393767, -0.1642770336619110427 ) ) ;
#7267 = CARTESIAN_POINT ( 'NONE',  ( 0.02757786507653544120, 0.08858267716535433989, -0.3208661417487008172 ) ) ;
#7268 = AXIS2_PLACEMENT_3D ( 'NONE', #3870, #7469, #8452 ) ;
#7269 = VERTEX_POINT ( 'NONE', #8098 ) ;
#7270 = VECTOR ( 'NONE', #9729, 39.37007874015748143 ) ;
#7271 = CIRCLE ( 'NONE', #1132, 0.007874015748008143106 ) ;
#7272 = CARTESIAN_POINT ( 'NONE',  ( -0.07677165354330710290, 3.133938659235353184E-18, -0.3425196850393699144 ) ) ;
#7273 = ORIENTED_EDGE ( 'NONE', *, *, #728, .T. ) ;
#7274 = DIRECTION ( 'NONE',  ( -1.000000000000000000, -0.000000000000000000, -0.000000000000000000 ) ) ;
#7275 = EDGE_CURVE ( 'NONE', #7370, #11274, #5427, .T. ) ;
#7276 = AXIS2_PLACEMENT_3D ( 'NONE', #10139, #4029, #9321 ) ;
#7277 = EDGE_CURVE ( 'NONE', #1229, #967, #2391, .T. ) ;
#7278 = CARTESIAN_POINT ( 'NONE',  ( 0.1114268252194082903, -0.06889763779527560694, -0.1639998908678587941 ) ) ;
#7279 = CARTESIAN_POINT ( 'NONE',  ( -0.09842519685039372024, 5.785732909357572442E-18, -0.2480314960629760868 ) ) ;
#7280 = CARTESIAN_POINT ( 'NONE',  ( -0.1929133858267716994, -0.09566929133858267931, -0.1574803149606299191 ) ) ;
#7281 = FACE_BOUND ( 'NONE', #6233, .T. ) ;
#7282 = LINE ( 'NONE', #9031, #3770 ) ;
#7283 = CARTESIAN_POINT ( 'NONE',  ( -0.1497209666205238932, 0.02412224796505905641, -0.06889763779527560694 ) ) ;
#7284 = LINE ( 'NONE', #3629, #4482 ) ;
#7285 = ORIENTED_EDGE ( 'NONE', *, *, #6414, .T. ) ;
#7286 = AXIS2_PLACEMENT_3D ( 'NONE', #174, #5654, #4778 ) ;
#7287 = DIRECTION ( 'NONE',  ( 0.9993908270173006425, 1.696093478331718812E-15, -0.03489949675390779937 ) ) ;
#7288 = ADVANCED_FACE ( 'NONE', ( #8976 ), #6062, .F. ) ;
#7289 = ADVANCED_FACE ( 'NONE', ( #2577 ), #7049, .F. ) ;
#7290 = EDGE_CURVE ( 'NONE', #6301, #7257, #5360, .T. ) ;
#7291 = ORIENTED_EDGE ( 'NONE', *, *, #1600, .T. ) ;
#7292 = LINE ( 'NONE', #6468, #101 ) ;
#7293 = DIRECTION ( 'NONE',  ( 1.000000000000000000, 0.000000000000000000, 0.000000000000000000 ) ) ;
#7294 = LINE ( 'NONE', #6412, #8209 ) ;
#7295 = PLANE ( 'NONE',  #10996 ) ;
#7296 = B_SPLINE_CURVE_WITH_KNOTS ( 'NONE', 3,
 ( #1680, #8722, #9554, #7861 ),
 .UNSPECIFIED., .F., .F.,
 ( 4, 4 ),
 ( 0.000000000000000000, 1.000000000000000000 ),
 .UNSPECIFIED. ) ;
#7297 = DIRECTION ( 'NONE',  ( 0.000000000000000000, 0.4472135955005553387, 0.8944271909996169834 ) ) ;
#7298 = CARTESIAN_POINT ( 'NONE',  ( 0.1082677165354438281, -0.07165354330708287312, -0.2370078740157480213 ) ) ;
#7299 = EDGE_LOOP ( 'NONE', ( #8716, #2129, #4099, #4207 ) ) ;
#7300 = ORIENTED_EDGE ( 'NONE', *, *, #1488, .T. ) ;
#7301 = EDGE_LOOP ( 'NONE', ( #5670, #8234, #8133, #9365 ) ) ;
#7302 = DIRECTION ( 'NONE',  ( 1.000000000000000000, 0.000000000000000000, 0.000000000000000000 ) ) ;
#7303 = ORIENTED_EDGE ( 'NONE', *, *, #1847, .T. ) ;
#7304 = EDGE_CURVE ( 'NONE', #4377, #6790, #8887, .T. ) ;
#7305 = VERTEX_POINT ( 'NONE', #6399 ) ;
#7306 = DIRECTION ( 'NONE',  ( 0.000000000000000000, 1.000000000000000000, 0.000000000000000000 ) ) ;
#7307 = CARTESIAN_POINT ( 'NONE',  ( -0.1496897570864493821, 0.05989995985580992555, -0.06625661262500535942 ) ) ;
#7308 = LINE ( 'NONE', #897, #8373 ) ;
#7309 = FACE_OUTER_BOUND ( 'NONE', #970, .T. ) ;
#7310 = PLANE ( 'NONE',  #1884 ) ;
#7311 = DIRECTION ( 'NONE',  ( -0.6246950475540630210, 0.7808688094433193783, 0.000000000000000000 ) ) ;
#7312 = CARTESIAN_POINT ( 'NONE',  ( 0.06998296012152685486, 0.06163619461982453029, -0.2031986629237469144 ) ) ;
#7313 = VERTEX_POINT ( 'NONE', #7389 ) ;
#7314 = CARTESIAN_POINT ( 'NONE',  ( 0.1929133858245669908, -0.09565988500000001393, -0.2913385826921742194 ) ) ;
#7315 = VERTEX_POINT ( 'NONE', #3912 ) ;
#7316 = ADVANCED_FACE ( 'NONE', ( #7281, #3801 ), #2094, .T. ) ;
#7317 = VERTEX_POINT ( 'NONE', #9965 ) ;
#7318 = ORIENTED_EDGE ( 'NONE', *, *, #7598, .F. ) ;
#7319 = AXIS2_PLACEMENT_3D ( 'NONE', #10521, #2421, #887 ) ;
#7320 = DIRECTION ( 'NONE',  ( 0.7071067811854540031, 0.000000000000000000, 0.7071067811876409204 ) ) ;
#7321 = DIRECTION ( 'NONE',  ( -1.000000000000000000, -1.084202174623227557E-15, 5.099978609210211919E-11 ) ) ;
#7322 = CARTESIAN_POINT ( 'NONE',  ( -0.1476377940551180101, 0.02412224796505905641, -0.06299212598425102394 ) ) ;
#7323 = CARTESIAN_POINT ( 'NONE',  ( 0.07366183445125984441, 0.06582520095047245112, -0.03760394626896457898 ) ) ;
#7324 = FACE_OUTER_BOUND ( 'NONE', #9352, .T. ) ;
#7325 = ORIENTED_EDGE ( 'NONE', *, *, #9752, .T. ) ;
#7326 = DIRECTION ( 'NONE',  ( 0.03489949675490351677, 1.045170894273302193E-12, 0.9993908270172656705 ) ) ;
#7327 = ORIENTED_EDGE ( 'NONE', *, *, #6342, .T. ) ;
#7328 = ADVANCED_FACE ( 'NONE', ( #10843 ), #3038, .T. ) ;
#7329 = ADVANCED_FACE ( 'NONE', ( #9147 ), #2910, .F. ) ;
#7330 = CARTESIAN_POINT ( 'NONE',  ( 0.02459560374340945266, 0.06345080379854331487, -0.1348301459993307139 ) ) ;
#7331 = VECTOR ( 'NONE', #3798, 39.37007874015748143 ) ;
#7332 = DIRECTION ( 'NONE',  ( 0.000000000000000000, 1.000000000000000000, 0.000000000000000000 ) ) ;
#7333 = FACE_OUTER_BOUND ( 'NONE', #7694, .T. ) ;
#7334 = DIRECTION ( 'NONE',  ( 0.000000000000000000, -1.000000000000000000, 0.000000000000000000 ) ) ;
#7335 = CARTESIAN_POINT ( 'NONE',  ( 0.06186432952255907503, -0.04933997438192914281, -0.04703535229547245455 ) ) ;
#7336 = CARTESIAN_POINT ( 'NONE',  ( 68.13979560898262378, 8.350986136028024940E-15, -39.67087371570879384 ) ) ;
#7337 = VECTOR ( 'NONE', #6490, 39.37007874015748143 ) ;
#7338 = DIRECTION ( 'NONE',  ( 0.000000000000000000, 1.000000000000000000, 0.000000000000000000 ) ) ;
#7339 = LINE ( 'NONE', #7567, #7458 ) ;
#7340 = EDGE_LOOP ( 'NONE', ( #5675, #11403, #2316, #643, #5187, #6583, #316, #3225 ) ) ;
#7341 = EDGE_CURVE ( 'NONE', #1550, #8282, #8900, .T. ) ;
#7342 = CARTESIAN_POINT ( 'NONE',  ( 0.1033690497234404926, 0.06790529800310327047, -0.05631476465323494163 ) ) ;
#7343 = ORIENTED_EDGE ( 'NONE', *, *, #3797, .T. ) ;
#7344 = DIRECTION ( 'NONE',  ( 0.000000000000000000, -1.000000000000000000, 0.000000000000000000 ) ) ;
#7345 = CARTESIAN_POINT ( 'NONE',  ( 0.06989420249072034186, 0.02362204724378177967, -0.2975808657163787618 ) ) ;
#7346 = DIRECTION ( 'NONE',  ( 0.000000000000000000, 0.000000000000000000, -1.000000000000000000 ) ) ;
#7347 = CARTESIAN_POINT ( 'NONE',  ( -0.1562992113779646530, -0.07755905511811023167, -0.2755905511811023723 ) ) ;
#7348 = DIRECTION ( 'NONE',  ( 1.000000000000000000, 0.000000000000000000, 0.000000000000000000 ) ) ;
#7349 = LINE ( 'NONE', #9980, #6044 ) ;
#7350 = ORIENTED_EDGE ( 'NONE', *, *, #583, .T. ) ;
#7351 = ORIENTED_EDGE ( 'NONE', *, *, #2567, .F. ) ;
#7352 = EDGE_CURVE ( 'NONE', #7631, #7317, #4440, .T. ) ;
#7353 = ORIENTED_EDGE ( 'NONE', *, *, #2293, .T. ) ;
#7354 = DIRECTION ( 'NONE',  ( 0.000000000000000000, 0.000000000000000000, -1.000000000000000000 ) ) ;
#7355 = ORIENTED_EDGE ( 'NONE', *, *, #3516, .F. ) ;
#7356 = CIRCLE ( 'NONE', #9797, 0.005905511809751962105 ) ;
#7357 = VERTEX_POINT ( 'NONE', #5818 ) ;
#7358 = LINE ( 'NONE', #2941, #3161 ) ;
#7359 = CARTESIAN_POINT ( 'NONE',  ( -0.1574803149606299191, 0.1102362204724409295, -0.3661417322834646382 ) ) ;
#7360 = DIRECTION ( 'NONE',  ( 0.000000000000000000, 0.2425356250367457223, 0.9701425001452286256 ) ) ;
#7361 = FACE_OUTER_BOUND ( 'NONE', #8231, .T. ) ;
#7362 = B_SPLINE_SURFACE_WITH_KNOTS ( 'NONE', 3, 3, ( 
 ( #8260, #9838, #6395, #4658 ),
 ( #6226, #10948, #7330, #10893 ),
 ( #9784, #9140, #8910, #8043 ),
 ( #5419, #1096, #1803, #3735 ),
 ( #10776, #8206, #3849, #8971 ),
 ( #10837, #2797, #924, #5353 ),
 ( #6341, #4490, #228, #57 ) ),
 .UNSPECIFIED., .F., .F., .F.,
 ( 4, 1, 1, 1, 4 ),
 ( 4, 4 ),
 ( -0.009981963613830999865, 0.000000000000000000, 0.5000000000000000000, 1.000000000000000000, 1.009984368202999860 ),
 ( -0.03121927762416000854, 1.031397756477999916 ),
 .UNSPECIFIED. ) ;
#7363 = CARTESIAN_POINT ( 'NONE',  ( 0.03416321843184252222, -0.04568748843980316443, -0.1702228463749212717 ) ) ;
#7364 = DIRECTION ( 'NONE',  ( -0.000000000000000000, -1.000000000000000000, -0.000000000000000000 ) ) ;
#7365 = DIRECTION ( 'NONE',  ( -0.000000000000000000, -1.000000000000000000, -0.000000000000000000 ) ) ;
#7366 = ORIENTED_EDGE ( 'NONE', *, *, #7601, .T. ) ;
#7367 = CARTESIAN_POINT ( 'NONE',  ( 0.1034789693984559528, 0.07193953059055117893, -0.05316707700532840447 ) ) ;
#7368 = EDGE_CURVE ( 'NONE', #2411, #2752, #8551, .T. ) ;
#7369 = VERTEX_POINT ( 'NONE', #3266 ) ;
#7370 = VERTEX_POINT ( 'NONE', #9557 ) ;
#7371 = B_SPLINE_CURVE_WITH_KNOTS ( 'NONE', 3,
 ( #2138, #6852, #3255, #6797, #4996, #9300 ),
 .UNSPECIFIED., .F., .F.,
 ( 4, 2, 4 ),
 ( 3.256607213309345339E-13, 0.0006270323905844418745, 0.001254064780843223027 ),
 .UNSPECIFIED. ) ;
#7372 = CARTESIAN_POINT ( 'NONE',  ( 0.04724409448818896184, 0.07480314960629921850, -0.3661417322834646382 ) ) ;
#7373 = CARTESIAN_POINT ( 'NONE',  ( 0.05545594388187798790, -0.04940887742276268979, -0.04154915333672097588 ) ) ;
#7374 = CARTESIAN_POINT ( 'NONE',  ( 0.1268897637795275701, -0.09917322834645667107, -0.2992125984251968740 ) ) ;
#7375 = CARTESIAN_POINT ( 'NONE',  ( 0.06695242112614173402, 0.06582520091208661495, -0.02555220155523622860 ) ) ;
#7376 = FACE_OUTER_BOUND ( 'NONE', #7707, .T. ) ;
#7377 = VERTEX_POINT ( 'NONE', #5128 ) ;
#7378 = AXIS2_PLACEMENT_3D ( 'NONE', #5478, #6454, #283 ) ;
#7379 = ORIENTED_EDGE ( 'NONE', *, *, #675, .F. ) ;
#7380 = DIRECTION ( 'NONE',  ( 0.000000000000000000, 0.000000000000000000, 1.000000000000000000 ) ) ;
#7381 = EDGE_CURVE ( 'NONE', #1962, #834, #4144, .T. ) ;
#7382 = CARTESIAN_POINT ( 'NONE',  ( 0.1161417322834563948, -0.08346456692915046882, -0.2992125984252026472 ) ) ;
#7383 = VECTOR ( 'NONE', #3663, 39.37007874015748143 ) ;
#7384 = EDGE_CURVE ( 'NONE', #5723, #3669, #4618, .T. ) ;
#7385 = EDGE_CURVE ( 'NONE', #4115, #4825, #4253, .T. ) ;
#7386 = DIRECTION ( 'NONE',  ( -0.4061384660486002662, 0.000000000000000000, -0.9138115486224114292 ) ) ;
#7387 = PLANE ( 'NONE',  #11178 ) ;
#7388 = ADVANCED_FACE ( 'NONE', ( #5938 ), #4197, .F. ) ;
#7389 = CARTESIAN_POINT ( 'NONE',  ( 0.06173024674728219002, 0.009314084538718661946, -0.3035974673952320790 ) ) ;
#7390 = LINE ( 'NONE', #8320, #10275 ) ;
#7391 = CARTESIAN_POINT ( 'NONE',  ( -0.1929133858267716994, -0.08976377952755348888, -0.2913385826771653919 ) ) ;
#7392 = DIRECTION ( 'NONE',  ( 0.000000000000000000, 0.000000000000000000, -1.000000000000000000 ) ) ;
#7393 = ORIENTED_EDGE ( 'NONE', *, *, #8898, .T. ) ;
#7394 = VECTOR ( 'NONE', #1810, 39.37007874015748143 ) ;
#7395 = DIRECTION ( 'NONE',  ( 0.9993908270173006425, 1.725199716946561774E-15, -0.03489949675390776468 ) ) ;
#7396 = CIRCLE ( 'NONE', #5175, 0.03937007874015747977 ) ;
#7397 = ORIENTED_EDGE ( 'NONE', *, *, #413, .F. ) ;
#7398 = CARTESIAN_POINT ( 'NONE',  ( 0.1156336309398031670, 0.06809955940409448405, -0.05748395199685039231 ) ) ;
#7399 = FACE_OUTER_BOUND ( 'NONE', #10864, .T. ) ;
#7400 = EDGE_CURVE ( 'NONE', #7896, #10280, #2454, .T. ) ;
#7401 = CARTESIAN_POINT ( 'NONE',  ( 0.1841685623916141934, -0.08976377952756478540, -0.1196850393756693082 ) ) ;
#7402 =( NAMED_UNIT ( * ) PLANE_ANGLE_UNIT ( ) SI_UNIT ( $, .RADIAN. ) );
#7403 = VECTOR ( 'NONE', #7197, 39.37007874015748854 ) ;
#7404 = CARTESIAN_POINT ( 'NONE',  ( 0.06402684118807087932, -0.04410241013511810582, -0.2190940424562991262 ) ) ;
#7405 = ORIENTED_EDGE ( 'NONE', *, *, #8880, .T. ) ;
#7406 = ORIENTED_EDGE ( 'NONE', *, *, #8392, .T. ) ;
#7407 = ORIENTED_EDGE ( 'NONE', *, *, #3311, .T. ) ;
#7408 = DIRECTION ( 'NONE',  ( 1.000000000000000000, 0.000000000000000000, 0.000000000000000000 ) ) ;
#7409 = VECTOR ( 'NONE', #3068, 39.37007874015748143 ) ;
#7410 = VERTEX_POINT ( 'NONE', #8612 ) ;
#7411 = VECTOR ( 'NONE', #10211, 39.37007874015748143 ) ;
#7412 = ORIENTED_EDGE ( 'NONE', *, *, #2858, .T. ) ;
#7413 = DIRECTION ( 'NONE',  ( 0.000000000000000000, 1.000000000000000000, 0.000000000000000000 ) ) ;
#7414 = CARTESIAN_POINT ( 'NONE',  ( 0.1408815756670866171, -0.08975437318898225880, -0.3543307086778346715 ) ) ;
#7415 = ADVANCED_FACE ( 'NONE', ( #457 ), #7738, .T. ) ;
#7416 = LINE ( 'NONE', #484, #3741 ) ;
#7417 = CARTESIAN_POINT ( 'NONE',  ( -0.1929133858267716994, -0.09566929133858269318, -0.1181102362204724254 ) ) ;
#7418 = VECTOR ( 'NONE', #6805, 39.37007874015748143 ) ;
#7419 = CARTESIAN_POINT ( 'NONE',  ( 0.03204719196450787899, -0.04587116691578740912, -0.1633357082309448705 ) ) ;
#7420 = CARTESIAN_POINT ( 'NONE',  ( -0.1476377940551168444, 0.03937007874015747977, -0.06299212598424820675 ) ) ;
#7421 = LINE ( 'NONE', #4583, #6108 ) ;
#7422 = ORIENTED_EDGE ( 'NONE', *, *, #6198, .F. ) ;
#7423 = CARTESIAN_POINT ( 'NONE',  ( 0.1569324215286733437, -0.09565988500000000005, -0.2834645669455512218 ) ) ;
#7424 = VECTOR ( 'NONE', #2386, 39.37007874015748854 ) ;
#7425 = CIRCLE ( 'NONE', #10216, 0.005905511811023620231 ) ;
#7426 = VERTEX_POINT ( 'NONE', #6809 ) ;
#7427 = ORIENTED_EDGE ( 'NONE', *, *, #3820, .F. ) ;
#7428 = ORIENTED_EDGE ( 'NONE', *, *, #6294, .F. ) ;
#7429 = CIRCLE ( 'NONE', #4646, 0.007874015748031516770 ) ;
#7430 = ADVANCED_FACE ( 'NONE', ( #10370 ), #9493, .T. ) ;
#7431 = VECTOR ( 'NONE', #7465, 39.37007874015748143 ) ;
#7432 = ADVANCED_FACE ( 'NONE', ( #3148 ), #6689, .F. ) ;
#7433 = AXIS2_PLACEMENT_3D ( 'NONE', #1452, #9263, #9435 ) ;
#7434 = CARTESIAN_POINT ( 'NONE',  ( 0.1080250432760236495, -0.07086614173228347746, -0.2756102168853937218 ) ) ;
#7435 = CARTESIAN_POINT ( 'NONE',  ( 0.02167235326587793609, -0.03740157478346454317, -0.3208641732447637396 ) ) ;
#7436 = LINE ( 'NONE', #5966, #387 ) ;
#7437 = LINE ( 'NONE', #3026, #8380 ) ;
#7438 = CARTESIAN_POINT ( 'NONE',  ( 0.05401655086933070810, 0.06548396751255905479, -0.04364309076566929430 ) ) ;
#7439 = CARTESIAN_POINT ( 'NONE',  ( 0.1437007874020285736, 0.07776979672281214562, -0.08666973807242690786 ) ) ;
#7440 = ORIENTED_EDGE ( 'NONE', *, *, #11239, .F. ) ;
#7441 = ORIENTED_EDGE ( 'NONE', *, *, #3061, .T. ) ;
#7442 = STYLED_ITEM ( 'NONE', ( #532 ), #10702 ) ;
#7443 = VECTOR ( 'NONE', #764, 39.37007874015748143 ) ;
#7444 = CARTESIAN_POINT ( 'NONE',  ( -0.05118110236220473064, -1.687505431709033550E-18, -0.3444881889713384826 ) ) ;
#7445 = AXIS2_PLACEMENT_3D ( 'NONE', #6846, #10078, #9193 ) ;
#7446 = PLANE ( 'NONE',  #6668 ) ;
#7447 = VECTOR ( 'NONE', #472, 39.37007874015748143 ) ;
#7448 = DIRECTION ( 'NONE',  ( 1.000000000000000000, 0.000000000000000000, 0.000000000000000000 ) ) ;
#7449 = DIRECTION ( 'NONE',  ( -5.200122740939574330E-11, 0.000000000000000000, -1.000000000000000000 ) ) ;
#7450 = AXIS2_PLACEMENT_3D ( 'NONE', #10048, #10287, #7482 ) ;
#7451 = VECTOR ( 'NONE', #6074, 39.37007874015748143 ) ;
#7452 = CARTESIAN_POINT ( 'NONE',  ( 0.1113535371341338592, -0.05105782513015747620, -0.05355171240751969292 ) ) ;
#7453 = CARTESIAN_POINT ( 'NONE',  ( 0.1152827980640635797, -0.05616280334645667310, -0.05357927578588807943 ) ) ;
#7454 = DIRECTION ( 'NONE',  ( -1.000000000000000000, -0.000000000000000000, -0.000000000000000000 ) ) ;
#7455 = DIRECTION ( 'NONE',  ( 0.000000000000000000, 1.000000000000000000, 0.000000000000000000 ) ) ;
#7456 = VERTEX_POINT ( 'NONE', #10256 ) ;
#7457 = LINE ( 'NONE', #4902, #5027 ) ;
#7458 = VECTOR ( 'NONE', #5708, 39.37007874015748143 ) ;
#7459 = ADVANCED_FACE ( 'NONE', ( #9318 ), #2268, .F. ) ;
#7460 = VECTOR ( 'NONE', #3901, 39.37007874015748143 ) ;
#7461 = EDGE_CURVE ( 'NONE', #10279, #1010, #3891, .T. ) ;
#7462 = AXIS2_PLACEMENT_3D ( 'NONE', #2701, #75, #9269 ) ;
#7463 = ORIENTED_EDGE ( 'NONE', *, *, #9853, .T. ) ;
#7464 = PLANE ( 'NONE',  #5501 ) ;
#7465 = DIRECTION ( 'NONE',  ( -0.000000000000000000, -1.000000000000000000, -0.000000000000000000 ) ) ;
#7466 = PLANE ( 'NONE',  #10644 ) ;
#7467 = AXIS2_PLACEMENT_3D ( 'NONE', #9175, #2947, #143 ) ;
#7468 = AXIS2_PLACEMENT_3D ( 'NONE', #6706, #471, #4037 ) ;
#7469 = DIRECTION ( 'NONE',  ( -0.9993908270172660036, 0.000000000000000000, 0.03489949675490188613 ) ) ;
#7470 = DIRECTION ( 'NONE',  ( 0.9998476951553485481, -4.594950234106803002E-12, 0.01745240649702217012 ) ) ;
#7471 = ORIENTED_EDGE ( 'NONE', *, *, #6328, .T. ) ;
#7472 = ORIENTED_EDGE ( 'NONE', *, *, #315, .F. ) ;
#7473 = ORIENTED_EDGE ( 'NONE', *, *, #3727, .T. ) ;
#7474 = ADVANCED_FACE ( 'NONE', ( #1383 ), #7217, .T. ) ;
#7475 = EDGE_CURVE ( 'NONE', #9060, #4091, #1329, .T. ) ;
#7476 = ADVANCED_FACE ( 'NONE', ( #2324 ), #5009, .T. ) ;
#7477 = CARTESIAN_POINT ( 'NONE',  ( 0.04547244094488195332, 0.1007874015787378619, -0.3661417322834645272 ) ) ;
#7478 = EDGE_LOOP ( 'NONE', ( #9931, #6801, #4043, #2170 ) ) ;
#7479 = EDGE_LOOP ( 'NONE', ( #5894, #10269, #11431, #1890 ) ) ;
#7480 = CYLINDRICAL_SURFACE ( 'NONE', #358, 0.03149606299221077016 ) ;
#7481 = CARTESIAN_POINT ( 'NONE',  ( 0.02145669291338583168, -0.06102362204724046807, -0.2507874016141732332 ) ) ;
#7482 = DIRECTION ( 'NONE',  ( 0.03489949675390237316, 0.000000000000000000, 0.9993908270173007535 ) ) ;
#7483 = LINE ( 'NONE', #9568, #2573 ) ;
#7484 = CARTESIAN_POINT ( 'NONE',  ( 0.02101316750790944640, -0.04622715541354329577, -0.1547158419891338510 ) ) ;
#7485 = DIRECTION ( 'NONE',  ( 1.000000000000000000, 0.000000000000000000, 0.000000000000000000 ) ) ;
#7486 = DIRECTION ( 'NONE',  ( -0.000000000000000000, -1.000000000000000000, -0.000000000000000000 ) ) ;
#7487 = ORIENTED_EDGE ( 'NONE', *, *, #5299, .F. ) ;
#7488 = LINE ( 'NONE', #9351, #4314 ) ;
#7489 = ORIENTED_EDGE ( 'NONE', *, *, #2159, .T. ) ;
#7490 = EDGE_CURVE ( 'NONE', #6245, #5215, #2680, .T. ) ;
#7491 = VERTEX_POINT ( 'NONE', #6170 ) ;
#7492 = ORIENTED_EDGE ( 'NONE', *, *, #9355, .F. ) ;
#7493 = ORIENTED_EDGE ( 'NONE', *, *, #10108, .F. ) ;
#7494 = CARTESIAN_POINT ( 'NONE',  ( 0.03366141732283464694, 0.09251968503937008093, -0.2507874015748031704 ) ) ;
#7495 = CARTESIAN_POINT ( 'NONE',  ( 0.1102456249977952635, -0.08581736531496061970, -0.3208661417487007617 ) ) ;
#7496 = DIRECTION ( 'NONE',  ( 0.000000000000000000, 0.000000000000000000, 1.000000000000000000 ) ) ;
#7497 = DIRECTION ( 'NONE',  ( -0.9998476951559776005, 0.000000000000000000, -0.01745240646098373052 ) ) ;
#7498 = FACE_OUTER_BOUND ( 'NONE', #10537, .T. ) ;
#7499 = ADVANCED_FACE ( 'NONE', ( #11359 ), #7798, .T. ) ;
#7500 = ORIENTED_EDGE ( 'NONE', *, *, #6616, .F. ) ;
#7501 = ORIENTED_EDGE ( 'NONE', *, *, #9185, .F. ) ;
#7502 = EDGE_CURVE ( 'NONE', #11071, #2014, #3390, .T. ) ;
#7503 = DIRECTION ( 'NONE',  ( 0.000000000000000000, 0.000000000000000000, 1.000000000000000000 ) ) ;
#7504 = VECTOR ( 'NONE', #2933, 39.37007874015748143 ) ;
#7505 = DIRECTION ( 'NONE',  ( -0.000000000000000000, -1.000000000000000000, -0.000000000000000000 ) ) ;
#7506 = DIRECTION ( 'NONE',  ( -1.000000000000000000, 0.000000000000000000, 0.000000000000000000 ) ) ;
#7507 = LINE ( 'NONE', #3090, #3004 ) ;
#7508 = DIRECTION ( 'NONE',  ( -0.03489949675395729450, -0.000000000000000000, -0.9993908270172988662 ) ) ;
#7509 = DIRECTION ( 'NONE',  ( 0.000000000000000000, 0.000000000000000000, 1.000000000000000000 ) ) ;
#7510 = CARTESIAN_POINT ( 'NONE',  ( 0.1299212598425270593, -0.03740157480314960925, -0.3661417322834646382 ) ) ;
#7511 = CARTESIAN_POINT ( 'NONE',  ( 0.05168930137632980065, 0.06219741842124026920, -0.1787109429182702769 ) ) ;
#7512 = ORIENTED_EDGE ( 'NONE', *, *, #6451, .T. ) ;
#7513 = EDGE_CURVE ( 'NONE', #8455, #3610, #6930, .T. ) ;
#7514 = CARTESIAN_POINT ( 'NONE',  ( 0.1111195903885493774, -0.07677165354330708902, -0.1727979453079772632 ) ) ;
#7515 = ORIENTED_EDGE ( 'NONE', *, *, #3275, .T. ) ;
#7516 = ORIENTED_EDGE ( 'NONE', *, *, #600, .F. ) ;
#7517 = DIRECTION ( 'NONE',  ( -3.522454312827708936E-30, 1.000000000000000000, 1.826756116670931896E-09 ) ) ;
#7518 = CARTESIAN_POINT ( 'NONE',  ( -0.05437248909448819112, -0.005353426377952748630, -0.3425196850393816828 ) ) ;
#7519 = VECTOR ( 'NONE', #4303, 39.37007874015748854 ) ;
#7520 = CARTESIAN_POINT ( 'NONE',  ( 0.1841685624169291657, -0.08976377952756478540, -0.1629921260016929385 ) ) ;
#7521 = DIRECTION ( 'NONE',  ( -0.000000000000000000, -0.000000000000000000, -1.000000000000000000 ) ) ;
#7522 = CARTESIAN_POINT ( 'NONE',  ( 0.05161145344279527425, -0.04518199738543306893, -0.1780349552247243450 ) ) ;
#7523 = ORIENTED_EDGE ( 'NONE', *, *, #2704, .F. ) ;
#7524 = ORIENTED_EDGE ( 'NONE', *, *, #10824, .T. ) ;
#7525 = ORIENTED_EDGE ( 'NONE', *, *, #242, .T. ) ;
#7526 = AXIS2_PLACEMENT_3D ( 'NONE', #5907, #1476, #11154 ) ;
#7527 = CARTESIAN_POINT ( 'NONE',  ( 0.000000000000000000, -0.09842519685037785793, -0.05905511811023622659 ) ) ;
#7528 = EDGE_LOOP ( 'NONE', ( #4104, #7285, #2622, #9806 ) ) ;
#7529 = ADVANCED_FACE ( 'NONE', ( #6218 ), #11481, .T. ) ;
#7530 = VERTEX_POINT ( 'NONE', #8725 ) ;
#7531 = CARTESIAN_POINT ( 'NONE',  ( -0.1212598412992125646, 0.07204724409448819145, -0.3425196850393816828 ) ) ;
#7532 = CARTESIAN_POINT ( 'NONE',  ( 0.1086463977106581213, -0.07086614173228347746, -0.2436209173013678952 ) ) ;
#7533 = EDGE_CURVE ( 'NONE', #11222, #11231, #7100, .T. ) ;
#7534 = DIRECTION ( 'NONE',  ( 0.000000000000000000, 0.000000000000000000, 1.000000000000000000 ) ) ;
#7535 = ADVANCED_FACE ( 'NONE', ( #8904 ), #4480, .F. ) ;
#7536 = CARTESIAN_POINT ( 'NONE',  ( 0.03348337688755975011, 0.08070866141732122023, -0.2519685039534251825 ) ) ;
#7537 = EDGE_CURVE ( 'NONE', #11399, #7215, #808, .T. ) ;
#7538 = CARTESIAN_POINT ( 'NONE',  ( 0.02544735501133071204, -0.04622715541354329577, -0.1535277050401968602 ) ) ;
#7539 = LINE ( 'NONE', #7660, #1928 ) ;
#7540 = CARTESIAN_POINT ( 'NONE',  ( -0.07874015748031495954, 0.1023622047243944455, -0.2874015748031495954 ) ) ;
#7541 = EDGE_LOOP ( 'NONE', ( #4576, #4186, #9996, #9827 ) ) ;
#7542 = CARTESIAN_POINT ( 'NONE',  ( 0.09251968503936600086, -0.07283464566930171469, -0.2903543307086585701 ) ) ;
#7543 = VERTEX_POINT ( 'NONE', #6984 ) ;
#7544 = ORIENTED_EDGE ( 'NONE', *, *, #1401, .F. ) ;
#7545 = ORIENTED_EDGE ( 'NONE', *, *, #4794, .T. ) ;
#7546 = ORIENTED_EDGE ( 'NONE', *, *, #6898, .T. ) ;
#7547 = DIRECTION ( 'NONE',  ( -0.000000000000000000, -0.000000000000000000, -1.000000000000000000 ) ) ;
#7548 = DIRECTION ( 'NONE',  ( 0.000000000000000000, 0.000000000000000000, 1.000000000000000000 ) ) ;
#7549 = EDGE_CURVE ( 'NONE', #138, #1400, #7037, .T. ) ;
#7550 = DIRECTION ( 'NONE',  ( -1.000000000000000000, -0.000000000000000000, -0.000000000000000000 ) ) ;
#7551 = CARTESIAN_POINT ( 'NONE',  ( 0.1150571981277251910, -0.05104656000089397017, -0.05271617636795437878 ) ) ;
#7552 = CARTESIAN_POINT ( 'NONE',  ( 0.09251968503937006705, -0.08346456692913384323, -0.2992125984251968740 ) ) ;
#7553 = VERTEX_POINT ( 'NONE', #8038 ) ;
#7554 = ORIENTED_EDGE ( 'NONE', *, *, #11534, .F. ) ;
#7555 = CONICAL_SURFACE ( 'NONE', #5895, 68.19097671134490213, 1.047197551421418460 ) ;
#7556 = ADVANCED_FACE ( 'NONE', ( #5296 ), #52, .T. ) ;
#7557 = DIRECTION ( 'NONE',  ( 0.000000000000000000, -1.000000000000000000, 0.000000000000000000 ) ) ;
#7558 = CARTESIAN_POINT ( 'NONE',  ( 0.1107417415062401655, 0.08661417322834587262, -0.1836181216241142000 ) ) ;
#7559 = CYLINDRICAL_SURFACE ( 'NONE', #9137, 0.04133858267716537110 ) ;
#7560 = ADVANCED_FACE ( 'NONE', ( #10708 ), #2619, .T. ) ;
#7561 = VECTOR ( 'NONE', #4371, 39.37007874015748143 ) ;
#7562 = CARTESIAN_POINT ( 'NONE',  ( 0.1555118110212309612, -0.08582677165353366777, -0.1062992125911023794 ) ) ;
#7563 = DIRECTION ( 'NONE',  ( -0.01745240646098161763, 0.000000000000000000, 0.9998476951559776005 ) ) ;
#7564 = DIRECTION ( 'NONE',  ( 7.500366068894255604E-11, 0.000000000000000000, 1.000000000000000000 ) ) ;
#7565 = CARTESIAN_POINT ( 'NONE',  ( 0.1166483451082770545, -0.02165354330708499017, -0.3213727545570959632 ) ) ;
#7566 = DIRECTION ( 'NONE',  ( 0.7071067811865469066, 0.000000000000000000, 0.7071067811865481278 ) ) ;
#7567 = CARTESIAN_POINT ( 'NONE',  ( 0.03348337688755906316, 0.005905511811023620231, -0.3208661417644488312 ) ) ;
#7568 = ORIENTED_EDGE ( 'NONE', *, *, #7898, .T. ) ;
#7569 = FACE_OUTER_BOUND ( 'NONE', #3287, .T. ) ;
#7570 = B_SPLINE_CURVE_WITH_KNOTS ( 'NONE', 3,
 ( #1679, #5240, #8787, #6371 ),
 .UNSPECIFIED., .F., .F.,
 ( 4, 4 ),
 ( 0.000000000000000000, 1.000000000000000000 ),
 .UNSPECIFIED. ) ;
#7571 = ORIENTED_EDGE ( 'NONE', *, *, #7992, .T. ) ;
#7572 = DIRECTION ( 'NONE',  ( 0.000000000000000000, -1.000000000000000000, 0.000000000000000000 ) ) ;
#7573 = LINE ( 'NONE', #7751, #5227 ) ;
#7574 = ADVANCED_FACE ( 'NONE', ( #2510 ), #6049, .T. ) ;
#7575 = CARTESIAN_POINT ( 'NONE',  ( 0.09946937913829884126, -0.07283464566970185294, -0.1679867193045465334 ) ) ;
#7576 = VECTOR ( 'NONE', #8292, 39.37007874015748143 ) ;
#7577 = CARTESIAN_POINT ( 'NONE',  ( -0.1425196850393703751, -0.06102362204724410405, -0.2913385826771646703 ) ) ;
#7578 = CARTESIAN_POINT ( 'NONE',  ( 0.07256089434629922619, -0.04410241013397637327, -0.2189967225030708120 ) ) ;
#7579 = VERTEX_POINT ( 'NONE', #3499 ) ;
#7580 = ORIENTED_EDGE ( 'NONE', *, *, #218, .F. ) ;
#7581 = ORIENTED_EDGE ( 'NONE', *, *, #7916, .T. ) ;
#7582 = VECTOR ( 'NONE', #5988, 39.37007874015748143 ) ;
#7583 = DIRECTION ( 'NONE',  ( 0.9993908270173006425, 1.234894146615003257E-15, -0.03489949675390727896 ) ) ;
#7584 = ORIENTED_EDGE ( 'NONE', *, *, #333, .F. ) ;
#7585 = ORIENTED_EDGE ( 'NONE', *, *, #9972, .F. ) ;
#7586 = FACE_OUTER_BOUND ( 'NONE', #4730, .T. ) ;
#7587 = CYLINDRICAL_SURFACE ( 'NONE', #181, 0.01181102362204722485 ) ;
#7588 = AXIS2_PLACEMENT_3D ( 'NONE', #1840, #2841, #2949 ) ;
#7589 = DIRECTION ( 'NONE',  ( 0.000000000000000000, 1.000000000000000000, 0.000000000000000000 ) ) ;
#7590 = CARTESIAN_POINT ( 'NONE',  ( 0.03152038144091732358, -0.04569101482102363304, -0.1735770229772047868 ) ) ;
#7591 = CARTESIAN_POINT ( 'NONE',  ( 0.1437007874028886634, 0.07874015748047720475, -0.09055118110274304466 ) ) ;
#7592 = DIRECTION ( 'NONE',  ( 0.6018150240344671831, 6.689584650110268785E-12, 0.7986355093823424012 ) ) ;
#7593 = VERTEX_POINT ( 'NONE', #9730 ) ;
#7594 = DIRECTION ( 'NONE',  ( 0.7071067810097735329, 0.000000000000000000, 0.7071067813633213905 ) ) ;
#7595 = AXIS2_PLACEMENT_3D ( 'NONE', #7661, #5682, #9404 ) ;
#7596 = EDGE_LOOP ( 'NONE', ( #7827, #10945, #9413, #10500 ) ) ;
#7597 = ORIENTED_EDGE ( 'NONE', *, *, #364, .F. ) ;
#7598 = EDGE_CURVE ( 'NONE', #5497, #7664, #1744, .T. ) ;
#7599 = ORIENTED_EDGE ( 'NONE', *, *, #8142, .T. ) ;
#7600 = VERTEX_POINT ( 'NONE', #4427 ) ;
#7601 = EDGE_CURVE ( 'NONE', #3405, #3595, #46, .T. ) ;
#7602 = EDGE_CURVE ( 'NONE', #8545, #11083, #10695, .T. ) ;
#7603 = ORIENTED_EDGE ( 'NONE', *, *, #5567, .F. ) ;
#7604 = DIRECTION ( 'NONE',  ( 0.000000000000000000, 0.000000000000000000, 1.000000000000000000 ) ) ;
#7605 = CARTESIAN_POINT ( 'NONE',  ( 0.02954636901378763364, -0.03740157478346454317, -0.3208622047408267175 ) ) ;
#7606 = AXIS2_PLACEMENT_3D ( 'NONE', #11320, #3343, #3285 ) ;
#7607 = CARTESIAN_POINT ( 'NONE',  ( -0.1850393700787401341, -0.1015748031496122722, -0.2834645669291339098 ) ) ;
#7608 = DIRECTION ( 'NONE',  ( 0.01745241484488060241, 1.819393427781835857E-24, -0.9998476950096359950 ) ) ;
#7609 = DIRECTION ( 'NONE',  ( 0.000000000000000000, 1.000000000000000000, 0.000000000000000000 ) ) ;
#7610 = ORIENTED_EDGE ( 'NONE', *, *, #8180, .F. ) ;
#7611 = EDGE_LOOP ( 'NONE', ( #5674, #10729, #9887, #5171 ) ) ;
#7612 = AXIS2_PLACEMENT_3D ( 'NONE', #8486, #10249, #2320 ) ;
#7613 = EDGE_CURVE ( 'NONE', #8404, #5523, #1088, .T. ) ;
#7614 = ORIENTED_EDGE ( 'NONE', *, *, #3549, .T. ) ;
#7615 = EDGE_CURVE ( 'NONE', #1419, #2229, #4766, .T. ) ;
#7616 = TOROIDAL_SURFACE ( 'NONE', #551, 0.0002500327391464760344, 0.007874015861732423099 ) ;
#7617 = AXIS2_PLACEMENT_3D ( 'NONE', #10376, #10320, #465 ) ;
#7618 = DIRECTION ( 'NONE',  ( 0.9993908270172987551, 0.000000000000000000, -0.03489949675396213785 ) ) ;
#7619 = LINE ( 'NONE', #1326, #10555 ) ;
#7620 = PLANE ( 'NONE',  #7259 ) ;
#7621 = DIRECTION ( 'NONE',  ( 0.000000000000000000, 1.000000000000000000, 0.000000000000000000 ) ) ;
#7622 = DIRECTION ( 'NONE',  ( 0.9998476951233546961, 1.606709071300594193E-09, 0.01745240832994947311 ) ) ;
#7623 = CARTESIAN_POINT ( 'NONE',  ( 0.06090572360878793168, 0.008625928897559059783, -0.2563605685555266356 ) ) ;
#7624 = FACE_OUTER_BOUND ( 'NONE', #9449, .T. ) ;
#7625 = VECTOR ( 'NONE', #5151, 39.37007874015748143 ) ;
#7626 = LINE ( 'NONE', #11301, #11340 ) ;
#7627 = DIRECTION ( 'NONE',  ( 0.000000000000000000, 0.000000000000000000, 1.000000000000000000 ) ) ;
#7628 = ADVANCED_FACE ( 'NONE', ( #6388 ), #9019, .T. ) ;
#7629 = ORIENTED_EDGE ( 'NONE', *, *, #8858, .F. ) ;
#7630 = CARTESIAN_POINT ( 'NONE',  ( -0.1444881680708542671, -0.07755905511811023167, -0.3385826771653543399 ) ) ;
#7631 = VERTEX_POINT ( 'NONE', #9131 ) ;
#7632 = EDGE_CURVE ( 'NONE', #3309, #10103, #10069, .T. ) ;
#7633 = AXIS2_PLACEMENT_3D ( 'NONE', #2757, #4511, #7348 ) ;
#7634 = CIRCLE ( 'NONE', #5594, 0.01968503937004925999 ) ;
#7635 = VECTOR ( 'NONE', #7334, 39.37007874015748143 ) ;
#7636 = ORIENTED_EDGE ( 'NONE', *, *, #2173, .T. ) ;
#7637 = PLANE ( 'NONE',  #1028 ) ;
#7638 = CARTESIAN_POINT ( 'NONE',  ( 0.06173024682659627310, 0.02362204724409441500, -0.3035974675446853066 ) ) ;
#7639 = DIRECTION ( 'NONE',  ( 1.000000000000000000, -1.962450904614682603E-10, 0.000000000000000000 ) ) ;
#7640 = DIRECTION ( 'NONE',  ( 7.521978414132435483E-11, 0.000000000000000000, -1.000000000000000000 ) ) ;
#7641 = ADVANCED_FACE ( 'NONE', ( #11003 ), #2160, .F. ) ;
#7642 = ADVANCED_FACE ( 'NONE', ( #8255 ), #3635, .F. ) ;
#7643 = EDGE_LOOP ( 'NONE', ( #7848, #3600, #5721, #383 ) ) ;
#7644 = VECTOR ( 'NONE', #8790, 39.37007874015748143 ) ;
#7645 = ORIENTED_EDGE ( 'NONE', *, *, #10274, .F. ) ;
#7646 = AXIS2_PLACEMENT_3D ( 'NONE', #5038, #3292, #5903 ) ;
#7647 = ORIENTED_EDGE ( 'NONE', *, *, #1805, .T. ) ;
#7648 = EDGE_CURVE ( 'NONE', #8923, #8509, #3729, .T. ) ;
#7649 = FACE_OUTER_BOUND ( 'NONE', #8081, .T. ) ;
#7650 = ORIENTED_EDGE ( 'NONE', *, *, #11437, .T. ) ;
#7651 = CIRCLE ( 'NONE', #10642, 0.01181102362204722485 ) ;
#7652 = EDGE_LOOP ( 'NONE', ( #4367, #3108, #8651, #8838, #5801, #8762, #5511, #4218, #8422 ) ) ;
#7653 = LINE ( 'NONE', #10464, #2719 ) ;
#7654 = CIRCLE ( 'NONE', #9142, 0.02755905511811023237 ) ;
#7655 = CARTESIAN_POINT ( 'NONE',  ( -0.1052652238188976352, 0.06417322834645669549, -0.3307086614173229133 ) ) ;
#7656 = AXIS2_PLACEMENT_3D ( 'NONE', #5307, #9740, #11439 ) ;
#7657 = LINE ( 'NONE', #6560, #2443 ) ;
#7658 = DIRECTION ( 'NONE',  ( 1.000000000000000000, 0.000000000000000000, -7.500366068908371958E-11 ) ) ;
#7659 = CARTESIAN_POINT ( 'NONE',  ( 0.1107417415062401655, 0.07874015748031373829, -0.1836181216241142000 ) ) ;
#7660 = CARTESIAN_POINT ( 'NONE',  ( 0.03366141733779529077, -0.06102362204724410405, -0.1870078740157480324 ) ) ;
#7661 = CARTESIAN_POINT ( 'NONE',  ( 0.1148293794054511541, 0.07874015748031495954, -0.06656348731797213925 ) ) ;
#7662 = ORIENTED_EDGE ( 'NONE', *, *, #11318, .F. ) ;
#7663 = CARTESIAN_POINT ( 'NONE',  ( 0.1920425781553462274, -0.1015748031496008508, -0.1629921249678999984 ) ) ;
#7664 = VERTEX_POINT ( 'NONE', #2437 ) ;
#7665 = VECTOR ( 'NONE', #6661, 39.37007874015748143 ) ;
#7666 = EDGE_CURVE ( 'NONE', #3418, #6870, #6740, .T. ) ;
#7667 = VECTOR ( 'NONE', #3459, 39.37007874015748143 ) ;
#7668 = ORIENTED_EDGE ( 'NONE', *, *, #6199, .T. ) ;
#7669 = VERTEX_POINT ( 'NONE', #11169 ) ;
#7670 = ORIENTED_EDGE ( 'NONE', *, *, #4978, .F. ) ;
#7671 = LINE ( 'NONE', #10299, #6214 ) ;
#7672 = CARTESIAN_POINT ( 'NONE',  ( 0.000000000000000000, 0.1007874015826771691, -0.3661417322834646382 ) ) ;
#7673 = CARTESIAN_POINT ( 'NONE',  ( 0.1525274020115336693, -0.09565988500000001393, -0.3562992126162459749 ) ) ;
#7674 = PLANE ( 'NONE',  #8084 ) ;
#7675 = DIRECTION ( 'NONE',  ( -1.000000000000000000, 0.000000000000000000, 0.000000000000000000 ) ) ;
#7676 = ADVANCED_FACE ( 'NONE', ( #1317 ), #9362, .T. ) ;
#7677 = ORIENTED_EDGE ( 'NONE', *, *, #10352, .T. ) ;
#7678 = VERTEX_POINT ( 'NONE', #6798 ) ;
#7679 = VERTEX_POINT ( 'NONE', #4014 ) ;
#7680 = CARTESIAN_POINT ( 'NONE',  ( 0.1082677165354330728, 0.005905511811023620231, -0.1948818897637795422 ) ) ;
#7681 = DIRECTION ( 'NONE',  ( -7.228014483236656126E-16, -1.000000000000000000, 0.000000000000000000 ) ) ;
#7682 = DIRECTION ( 'NONE',  ( -1.000000000000000000, 0.000000000000000000, 7.472599090424791420E-11 ) ) ;
#7683 = EDGE_CURVE ( 'NONE', #8689, #11331, #11109, .T. ) ;
#7684 = CARTESIAN_POINT ( 'NONE',  ( 0.1034791125387020255, -0.07722535228345080160, -0.2223777911864040779 ) ) ;
#7685 = CARTESIAN_POINT ( 'NONE',  ( 0.03366141732657556424, -0.06102362204723683209, -0.2507874016141732332 ) ) ;
#7686 = EDGE_CURVE ( 'NONE', #665, #4757, #1574, .T. ) ;
#7687 = FACE_OUTER_BOUND ( 'NONE', #3582, .T. ) ;
#7688 = EDGE_CURVE ( 'NONE', #5445, #303, #3451, .T. ) ;
#7689 = LINE ( 'NONE', #8442, #3534 ) ;
#7690 = FACE_OUTER_BOUND ( 'NONE', #6743, .T. ) ;
#7691 = VERTEX_POINT ( 'NONE', #4939 ) ;
#7692 = CARTESIAN_POINT ( 'NONE',  ( 0.06763223262801631996, 0.02385592236224794507, -0.3033439287703807441 ) ) ;
#7693 = ORIENTED_EDGE ( 'NONE', *, *, #10701, .T. ) ;
#7694 = EDGE_LOOP ( 'NONE', ( #4532, #2817, #9181, #1674 ) ) ;
#7695 = DIRECTION ( 'NONE',  ( -5.200122740939574330E-11, 0.000000000000000000, -1.000000000000000000 ) ) ;
#7696 = DIRECTION ( 'NONE',  ( 0.000000000000000000, 1.000000000000000000, 0.000000000000000000 ) ) ;
#7697 = CARTESIAN_POINT ( 'NONE',  ( -0.1929133858267717272, -0.1015748031496182813, -0.1614173228346452438 ) ) ;
#7698 = VECTOR ( 'NONE', #10015, 39.37007874015748143 ) ;
#7699 = EDGE_CURVE ( 'NONE', #1405, #1962, #3821, .T. ) ;
#7700 = LINE ( 'NONE', #1581, #3567 ) ;
#7701 = ORIENTED_EDGE ( 'NONE', *, *, #3286, .T. ) ;
#7702 = EDGE_LOOP ( 'NONE', ( #1759, #2044, #6842, #10143 ) ) ;
#7703 = ORIENTED_EDGE ( 'NONE', *, *, #9273, .F. ) ;
#7704 = DIRECTION ( 'NONE',  ( 0.000000000000000000, 0.000000000000000000, 1.000000000000000000 ) ) ;
#7705 = VERTEX_POINT ( 'NONE', #8540 ) ;
#7706 = AXIS2_PLACEMENT_3D ( 'NONE', #2365, #6737, #2135 ) ;
#7707 = EDGE_LOOP ( 'NONE', ( #2332, #8069, #3904, #3250 ) ) ;
#7708 = CARTESIAN_POINT ( 'NONE',  ( 0.1594488188951963259, -0.08976377952755906775, -0.1062992125911195324 ) ) ;
#7709 = CARTESIAN_POINT ( 'NONE',  ( 0.1107086614173228151, 0.07480314960629921850, -0.3730708661417323491 ) ) ;
#7710 = FACE_OUTER_BOUND ( 'NONE', #842, .T. ) ;
#7711 = CARTESIAN_POINT ( 'NONE',  ( 0.1082677165354330728, 0.08740157485826768879, -0.1929133858267716994 ) ) ;
#7712 = ADVANCED_FACE ( 'NONE', ( #11286 ), #7674, .F. ) ;
#7713 = LINE ( 'NONE', #3471, #752 ) ;
#7714 = LINE ( 'NONE', #8818, #6384 ) ;
#7715 = FACE_OUTER_BOUND ( 'NONE', #11225, .T. ) ;
#7716 = ORIENTED_EDGE ( 'NONE', *, *, #5827, .F. ) ;
#7717 = CARTESIAN_POINT ( 'NONE',  ( -0.1444881680708596516, 0.05461790951527559917, -0.06299212598425196763 ) ) ;
#7718 = CIRCLE ( 'NONE', #4006, 0.01181102361548802375 ) ;
#7719 = ORIENTED_EDGE ( 'NONE', *, *, #8784, .T. ) ;
#7720 = CARTESIAN_POINT ( 'NONE',  ( 0.09448818897637796532, 0.1102362204724409572, -0.1830708661417323191 ) ) ;
#7721 = ORIENTED_EDGE ( 'NONE', *, *, #9605, .F. ) ;
#7722 = ORIENTED_EDGE ( 'NONE', *, *, #5364, .T. ) ;
#7723 = CARTESIAN_POINT ( 'NONE',  ( 0.03366141732283464694, 0.09251968503937008093, -0.2795275590551181133 ) ) ;
#7724 = DIRECTION ( 'NONE',  ( 0.01745240656153577638, 0.000000000000000000, -0.9998476951542223379 ) ) ;
#7725 = EDGE_CURVE ( 'NONE', #10606, #505, #447, .T. ) ;
#7726 = CARTESIAN_POINT ( 'NONE',  ( 0.1082677165354442167, 0.08740157481692502339, -0.2724409449212598089 ) ) ;
#7727 = CARTESIAN_POINT ( 'NONE',  ( 0.1104812458888130150, 0.08858267716484707899, -0.1910777401011019838 ) ) ;
#7728 = DIRECTION ( 'NONE',  ( 0.000000000000000000, 0.7071067811865467956, 0.7071067811865482389 ) ) ;
#7729 = ORIENTED_EDGE ( 'NONE', *, *, #2096, .F. ) ;
#7730 = ORIENTED_EDGE ( 'NONE', *, *, #3359, .T. ) ;
#7731 = ORIENTED_EDGE ( 'NONE', *, *, #3668, .F. ) ;
#7732 = EDGE_LOOP ( 'NONE', ( #7130, #10127, #9238, #3018, #427 ) ) ;
#7733 = AXIS2_PLACEMENT_3D ( 'NONE', #5489, #9039, #4616 ) ;
#7734 = CARTESIAN_POINT ( 'NONE',  ( 0.03348337688755955582, 0.08858267720472438878, -0.2893700788878082464 ) ) ;
#7735 = CARTESIAN_POINT ( 'NONE',  ( 0.1082677165354330728, -0.06496062992125985203, -0.1929133858267716994 ) ) ;
#7736 = LINE ( 'NONE', #9254, #6714 ) ;
#7737 = LINE ( 'NONE', #11297, #4122 ) ;
#7738 = CYLINDRICAL_SURFACE ( 'NONE', #6470, 0.007874015748031516770 ) ;
#7739 = FACE_OUTER_BOUND ( 'NONE', #8312, .T. ) ;
#7740 = DIRECTION ( 'NONE',  ( 0.000000000000000000, -3.212450881438531748E-16, 1.000000000000000000 ) ) ;
#7741 = CARTESIAN_POINT ( 'NONE',  ( 0.1083391628794592998, -0.06299212598425196763, -0.2524189717415138423 ) ) ;
#7742 = DIRECTION ( 'NONE',  ( -0.8244867616556114109, 0.000000000000000000, 0.5658812418296290669 ) ) ;
#7743 = VERTEX_POINT ( 'NONE', #7727 ) ;
#7744 = CARTESIAN_POINT ( 'NONE',  ( -0.05118110236220473064, 0.02755905511811024625, -0.3425196850393816828 ) ) ;
#7745 = EDGE_CURVE ( 'NONE', #7238, #4153, #4216, .T. ) ;
#7746 = EDGE_CURVE ( 'NONE', #4518, #1662, #10241, .T. ) ;
#7747 = EDGE_CURVE ( 'NONE', #5993, #5249, #2193, .T. ) ;
#7748 = VECTOR ( 'NONE', #9424, 39.37007874015748143 ) ;
#7749 = ORIENTED_EDGE ( 'NONE', *, *, #4038, .T. ) ;
#7750 = CARTESIAN_POINT ( 'NONE',  ( 0.06763485912749842011, 0.02337201444856375210, -0.3034944021293944916 ) ) ;
#7751 = CARTESIAN_POINT ( 'NONE',  ( 0.1437007874056697165, -0.08582677165365934502, -0.1385826771725983952 ) ) ;
#7752 = CARTESIAN_POINT ( 'NONE',  ( -0.09251968504244291458, 3.375010864355156048E-18, -0.3444881889770938788 ) ) ;
#7753 = CARTESIAN_POINT ( 'NONE',  ( 0.1574803149606335551, 0.08070866141633857571, -0.07795275594094490390 ) ) ;
#7754 = ORIENTED_EDGE ( 'NONE', *, *, #7016, .T. ) ;
#7755 = ORIENTED_EDGE ( 'NONE', *, *, #6423, .T. ) ;
#7756 = VECTOR ( 'NONE', #11407, 39.37007874015748143 ) ;
#7757 = ORIENTED_EDGE ( 'NONE', *, *, #8605, .F. ) ;
#7758 = LINE ( 'NONE', #2475, #6125 ) ;
#7759 = EDGE_LOOP ( 'NONE', ( #10232, #1277, #5310, #682 ) ) ;
#7760 = EDGE_CURVE ( 'NONE', #3030, #625, #11060, .T. ) ;
#7761 = ORIENTED_EDGE ( 'NONE', *, *, #10675, .F. ) ;
#7762 = CARTESIAN_POINT ( 'NONE',  ( 0.07795083878444250547, -0.04992112374407342568, -0.03630446544029197059 ) ) ;
#7763 = FACE_OUTER_BOUND ( 'NONE', #264, .T. ) ;
#7764 = VECTOR ( 'NONE', #8478, 39.37007874015748143 ) ;
#7765 = DIRECTION ( 'NONE',  ( -1.000000000000000000, 0.000000000000000000, 0.000000000000000000 ) ) ;
#7766 = CARTESIAN_POINT ( 'NONE',  ( 0.03382447258843701565, 0.08858267716535433989, -0.3360236220636614313 ) ) ;
#7767 = FACE_OUTER_BOUND ( 'NONE', #3192, .T. ) ;
#7768 = VECTOR ( 'NONE', #1155, 39.37007874015748143 ) ;
#7769 = DIRECTION ( 'NONE',  ( 0.03489949675390237316, -1.445602896653119808E-14, 0.9993908270173007535 ) ) ;
#7770 = LINE ( 'NONE', #1597, #4817 ) ;
#7771 = ORIENTED_EDGE ( 'NONE', *, *, #364, .T. ) ;
#7772 = ORIENTED_EDGE ( 'NONE', *, *, #4276, .F. ) ;
#7773 = LINE ( 'NONE', #331, #5764 ) ;
#7774 = VECTOR ( 'NONE', #2743, 39.37007874015748143 ) ;
#7775 = ORIENTED_EDGE ( 'NONE', *, *, #4063, .F. ) ;
#7776 = EDGE_CURVE ( 'NONE', #9325, #7991, #7718, .T. ) ;
#7777 = CIRCLE ( 'NONE', #5182, 0.005873204781945418930 ) ;
#7778 = ORIENTED_EDGE ( 'NONE', *, *, #10184, .T. ) ;
#7779 = DIRECTION ( 'NONE',  ( 0.01745240638502534511, 0.000000000000000000, -0.9998476951573035398 ) ) ;
#7780 = CARTESIAN_POINT ( 'NONE',  ( 0.1594488188993114508, -0.08582677165354331283, -0.1062992125900651674 ) ) ;
#7781 = AXIS2_PLACEMENT_3D ( 'NONE', #8153, #1042, #10018 ) ;
#7782 = DIRECTION ( 'NONE',  ( 0.000000000000000000, 0.000000000000000000, 1.000000000000000000 ) ) ;
#7783 = CARTESIAN_POINT ( 'NONE',  ( 0.09448818897636361569, 0.09881889763779527769, -0.2724409448818897461 ) ) ;
#7784 = LINE ( 'NONE', #11347, #9265 ) ;
#7785 = VERTEX_POINT ( 'NONE', #11054 ) ;
#7786 = ORIENTED_EDGE ( 'NONE', *, *, #7688, .T. ) ;
#7787 = EDGE_CURVE ( 'NONE', #4825, #11527, #3082, .T. ) ;
#7788 = ORIENTED_EDGE ( 'NONE', *, *, #11268, .T. ) ;
#7789 = ORIENTED_EDGE ( 'NONE', *, *, #2769, .T. ) ;
#7790 = ADVANCED_FACE ( 'NONE', ( #1554 ), #9654, .T. ) ;
#7791 = VECTOR ( 'NONE', #2239, 39.37007874015748143 ) ;
#7792 = ADVANCED_FACE ( 'NONE', ( #848 ), #5285, .T. ) ;
#7793 = AXIS2_PLACEMENT_3D ( 'NONE', #5380, #2762, #6200 ) ;
#7794 = DIRECTION ( 'NONE',  ( -1.000000000000000000, -0.000000000000000000, -0.000000000000000000 ) ) ;
#7795 = CARTESIAN_POINT ( 'NONE',  ( 0.09757719827909361321, -0.07722535176514960797, -0.2221716897000919344 ) ) ;
#7796 = CARTESIAN_POINT ( 'NONE',  ( 0.05975978003826770690, 0.06135576062145669390, -0.2191427184835433306 ) ) ;
#7797 = FACE_OUTER_BOUND ( 'NONE', #2394, .T. ) ;
#7798 = PLANE ( 'NONE',  #9828 ) ;
#7799 = CARTESIAN_POINT ( 'NONE',  ( -0.1850393700787426043, -0.08976377952754717449, -0.3031496062992126150 ) ) ;
#7800 = PLANE ( 'NONE',  #10607 ) ;
#7801 = AXIS2_PLACEMENT_3D ( 'NONE', #8729, #10712, #2735 ) ;
#7802 = DIRECTION ( 'NONE',  ( -0.7071067811854540031, -0.000000000000000000, -0.7071067811876409204 ) ) ;
#7803 = CARTESIAN_POINT ( 'NONE',  ( 0.02145669291338545698, -0.09842519685039778643, -0.2795275590393700993 ) ) ;
#7804 = ORIENTED_EDGE ( 'NONE', *, *, #530, .F. ) ;
#7805 = AXIS2_PLACEMENT_3D ( 'NONE', #7532, #11089, #10925 ) ;
#7806 = LINE ( 'NONE', #4326, #2043 ) ;
#7807 = VECTOR ( 'NONE', #5136, 39.37007874015748143 ) ;
#7808 = ORIENTED_EDGE ( 'NONE', *, *, #9540, .T. ) ;
#7809 = ADVANCED_FACE ( 'NONE', ( #6916 ), #7852, .F. ) ;
#7810 = FACE_OUTER_BOUND ( 'NONE', #4991, .T. ) ;
#7811 = LINE ( 'NONE', #5357, #3743 ) ;
#7812 = AXIS2_PLACEMENT_3D ( 'NONE', #10909, #1054, #5716 ) ;
#7813 = VECTOR ( 'NONE', #3086, 39.37007874015748143 ) ;
#7814 = PLANE ( 'NONE',  #9631 ) ;
#7815 = CARTESIAN_POINT ( 'NONE',  ( -0.1850393700787426043, -0.1015748031496178372, -0.1259842519685039630 ) ) ;
#7816 = EDGE_CURVE ( 'NONE', #9232, #9412, #6155, .T. ) ;
#7817 = ORIENTED_EDGE ( 'NONE', *, *, #6242, .F. ) ;
#7818 = EDGE_CURVE ( 'NONE', #4824, #10448, #4243, .T. ) ;
#7819 = ORIENTED_EDGE ( 'NONE', *, *, #5127, .F. ) ;
#7820 = ORIENTED_EDGE ( 'NONE', *, *, #11395, .F. ) ;
#7821 = VECTOR ( 'NONE', #2483, 39.37007874015748854 ) ;
#7822 = AXIS2_PLACEMENT_3D ( 'NONE', #6361, #3693, #6297 ) ;
#7823 = LINE ( 'NONE', #8864, #8343 ) ;
#7824 = CIRCLE ( 'NONE', #5042, 0.007874015746530824839 ) ;
#7825 = AXIS2_PLACEMENT_3D ( 'NONE', #6541, #1998, #10101 ) ;
#7826 = ORIENTED_EDGE ( 'NONE', *, *, #5628, .F. ) ;
#7827 = ORIENTED_EDGE ( 'NONE', *, *, #9149, .F. ) ;
#7828 = DIRECTION ( 'NONE',  ( 1.000000000000000000, 0.000000000000000000, 0.000000000000000000 ) ) ;
#7829 = PLANE ( 'NONE',  #1860 ) ;
#7830 = CARTESIAN_POINT ( 'NONE',  ( -0.1166653128984335153, -0.02438915642001667286, -0.3307086614173170847 ) ) ;
#7832 = DIRECTION ( 'NONE',  ( 0.01745240646098071557, 0.000000000000000000, -0.9998476951559776005 ) ) ;
#7831 = COLOUR_RGB ( '',0.7921568627450980005, 0.8196078431372548767, 0.9333333333333333481 ) ;
#7833 = AXIS2_PLACEMENT_3D ( 'NONE', #1565, #9427, #4949 ) ;
#7834 = STYLED_ITEM ( 'NONE', ( #9922 ), #2750 ) ;
#7835 = SURFACE_STYLE_FILL_AREA ( #2420 ) ;
#7836 = EDGE_CURVE ( 'NONE', #3610, #6370, #4413, .T. ) ;
#7837 = FACE_OUTER_BOUND ( 'NONE', #7759, .T. ) ;
#7838 = CARTESIAN_POINT ( 'NONE',  ( -0.1850393700787401619, -0.08976377952754717449, -0.1181102362204724532 ) ) ;
#7839 = ADVANCED_FACE ( 'NONE', ( #3546 ), #5169, .T. ) ;
#7840 = ORIENTED_EDGE ( 'NONE', *, *, #4397, .T. ) ;
#7841 = EDGE_CURVE ( 'NONE', #535, #10529, #1718, .T. ) ;
#7842 = ORIENTED_EDGE ( 'NONE', *, *, #5019, .T. ) ;
#7843 = B_SPLINE_CURVE_WITH_KNOTS ( 'NONE', 3,
 ( #7435, #9475, #7605, #6670 ),
 .UNSPECIFIED., .F., .F.,
 ( 4, 4 ),
 ( 0.000000000000000000, 1.000000000000000000 ),
 .UNSPECIFIED. ) ;
#7844 = LINE ( 'NONE', #5699, #6888 ) ;
#7845 = ORIENTED_EDGE ( 'NONE', *, *, #6199, .F. ) ;
#7846 = AXIS2_PLACEMENT_3D ( 'NONE', #4068, #9416, #10240 ) ;
#7847 = VECTOR ( 'NONE', #246, 39.37007874015748143 ) ;
#7848 = ORIENTED_EDGE ( 'NONE', *, *, #7602, .T. ) ;
#7849 = CARTESIAN_POINT ( 'NONE',  ( 0.007874015748031489015, 0.01771653542216971439, -0.3307086614173215255 ) ) ;
#7850 = CARTESIAN_POINT ( 'NONE',  ( 0.09502889985347158508, 0.06637852751016266872, -0.03895620882802285773 ) ) ;
#7851 = DIRECTION ( 'NONE',  ( 0.01745240646096840251, 0.000000000000000000, -0.9998476951559778225 ) ) ;
#7852 = PLANE ( 'NONE',  #5115 ) ;
#7853 = LINE ( 'NONE', #678, #11316 ) ;
#7854 = ORIENTED_EDGE ( 'NONE', *, *, #8487, .F. ) ;
#7855 = EDGE_CURVE ( 'NONE', #10979, #10959, #11522, .T. ) ;
#7856 = AXIS2_PLACEMENT_3D ( 'NONE', #2205, #5758, #9319 ) ;
#7857 = ORIENTED_EDGE ( 'NONE', *, *, #2519, .T. ) ;
#7858 = ORIENTED_EDGE ( 'NONE', *, *, #7699, .F. ) ;
#7859 = ORIENTED_EDGE ( 'NONE', *, *, #1611, .T. ) ;
#7860 = LINE ( 'NONE', #11419, #1664 ) ;
#7861 = CARTESIAN_POINT ( 'NONE',  ( 0.1150571981277251910, -0.05104656000089397017, -0.05271617636795437878 ) ) ;
#7862 = LINE ( 'NONE', #5243, #4675 ) ;
#7863 = CARTESIAN_POINT ( 'NONE',  ( 0.1033003499267269309, 0.005905492437618096307, -0.05828206943161882286 ) ) ;
#7864 = CARTESIAN_POINT ( 'NONE',  ( 0.1555118110266752174, -0.01968503937007873988, -0.1787401574841237240 ) ) ;
#7865 = PLANE ( 'NONE',  #2375 ) ;
#7866 = ORIENTED_EDGE ( 'NONE', *, *, #2662, .F. ) ;
#7867 = EDGE_CURVE ( 'NONE', #7891, #2473, #7024, .T. ) ;
#7868 = PLANE ( 'NONE',  #2215 ) ;
#7869 = DIRECTION ( 'NONE',  ( 0.000000000000000000, -1.000000000000000000, 0.000000000000000000 ) ) ;
#7870 = ORIENTED_EDGE ( 'NONE', *, *, #6794, .T. ) ;
#7871 = CARTESIAN_POINT ( 'NONE',  ( 0.04458124993997380353, 0.06219741842483202110, -0.1881436458175625992 ) ) ;
#7872 = CARTESIAN_POINT ( 'NONE',  ( -0.07874015747647215846, -0.05511811023419437711, -0.3582677164489428412 ) ) ;
#7873 = CARTESIAN_POINT ( 'NONE',  ( 0.03348337688756000685, 0.08858267718503937127, -0.3366141732710105638 ) ) ;
#7874 = B_SPLINE_CURVE_WITH_KNOTS ( 'NONE', 3,
 ( #11330, #10522, #7011, #2538 ),
 .UNSPECIFIED., .F., .F.,
 ( 4, 4 ),
 ( 0.000000000000000000, 1.000000000000000000 ),
 .UNSPECIFIED. ) ;
#7875 = DIRECTION ( 'NONE',  ( 0.4558423058375900006, -0.5698028822981909824, -0.6837634587584676682 ) ) ;
#7876 = LINE ( 'NONE', #4439, #7667 ) ;
#7877 = EDGE_CURVE ( 'NONE', #6209, #1612, #82, .T. ) ;
#7878 = PRESENTATION_STYLE_ASSIGNMENT (( #2471 ) ) ;
#7879 = VERTEX_POINT ( 'NONE', #6971 ) ;
#7880 = ORIENTED_EDGE ( 'NONE', *, *, #11449, .F. ) ;
#7881 = VERTEX_POINT ( 'NONE', #1734 ) ;
#7882 = CARTESIAN_POINT ( 'NONE',  ( 0.06227992884926004252, 0.008625928897559059783, -0.3350887334942876383 ) ) ;
#7883 = ORIENTED_EDGE ( 'NONE', *, *, #10363, .F. ) ;
#7884 = VECTOR ( 'NONE', #2775, 39.37007874015748143 ) ;
#7885 = CARTESIAN_POINT ( 'NONE',  ( 0.02573373224872564299, -0.04657824546224632878, -0.1417983034889426786 ) ) ;
#7886 = CARTESIAN_POINT ( 'NONE',  ( 0.09574337229955509621, 0.005905492437618096307, -0.2746855949622935555 ) ) ;
#7887 = LINE ( 'NONE', #2535, #10446 ) ;
#7888 = DIRECTION ( 'NONE',  ( -1.000000000000000000, -0.000000000000000000, -0.000000000000000000 ) ) ;
#7889 = CARTESIAN_POINT ( 'NONE',  ( 0.1032944710987534903, 0.06682257791960206916, -0.05378364591232919628 ) ) ;
#7890 = ORIENTED_EDGE ( 'NONE', *, *, #6992, .F. ) ;
#7891 = VERTEX_POINT ( 'NONE', #6207 ) ;
#7892 = LENGTH_MEASURE_WITH_UNIT ( LENGTH_MEASURE( 0.02539999999999999897 ), #2487 );
#7893 = ORIENTED_EDGE ( 'NONE', *, *, #3983, .T. ) ;
#7894 = AXIS2_PLACEMENT_3D ( 'NONE', #6708, #2108, #1345 ) ;
#7895 = CARTESIAN_POINT ( 'NONE',  ( 0.1143968141478615558, 0.06671073841590818843, -0.04569765846879401960 ) ) ;
#7896 = VERTEX_POINT ( 'NONE', #10533 ) ;
#7897 = EDGE_CURVE ( 'NONE', #1791, #3697, #8267, .T. ) ;
#7898 = EDGE_CURVE ( 'NONE', #7305, #7237, #3072, .T. ) ;
#7899 = ORIENTED_EDGE ( 'NONE', *, *, #4236, .T. ) ;
#7900 = EDGE_CURVE ( 'NONE', #5784, #11207, #8777, .T. ) ;
#7901 = DIRECTION ( 'NONE',  ( -0.9993908270173006425, -1.009016271983539625E-16, 0.03489949675390428135 ) ) ;
#7902 = ORIENTED_EDGE ( 'NONE', *, *, #1197, .T. ) ;
#7903 = CARTESIAN_POINT ( 'NONE',  ( -0.1503936897244094739, -0.06968503937007874960, -0.3385826771653543399 ) ) ;
#7904 = CIRCLE ( 'NONE', #8831, 0.01574803149606303354 ) ;
#7905 = DIRECTION ( 'NONE',  ( -1.000000000000000000, -3.636414086516372178E-12, -7.499968528168457535E-11 ) ) ;
#7906 = VECTOR ( 'NONE', #2961, 39.37007874015748143 ) ;
#7907 = CARTESIAN_POINT ( 'NONE',  ( 0.1417322834645669549, 0.08070866141732283006, -0.07795275590551183076 ) ) ;
#7908 = CARTESIAN_POINT ( 'NONE',  ( 0.1841685623989370579, -0.1015748031496008508, -0.1574803149688582815 ) ) ;
#7909 = CARTESIAN_POINT ( 'NONE',  ( -0.05423123625984252461, 0.01173551366141732319, -0.3307086614173109229 ) ) ;
#7910 = EDGE_LOOP ( 'NONE', ( #4085, #378, #6768, #5500 ) ) ;
#7911 = ORIENTED_EDGE ( 'NONE', *, *, #9509, .F. ) ;
#7912 = ORIENTED_EDGE ( 'NONE', *, *, #11012, .T. ) ;
#7913 = VERTEX_POINT ( 'NONE', #5987 ) ;
#7914 = VERTEX_POINT ( 'NONE', #8655 ) ;
#7915 = EDGE_CURVE ( 'NONE', #10905, #10740, #6036, .T. ) ;
#7916 = EDGE_CURVE ( 'NONE', #1424, #3475, #9595, .T. ) ;
#7917 = FACE_OUTER_BOUND ( 'NONE', #652, .T. ) ;
#7918 = LINE ( 'NONE', #8666, #9054 ) ;
#7919 = CARTESIAN_POINT ( 'NONE',  ( -0.04527559055118111214, 0.01771653543307086937, -0.2480314960629922127 ) ) ;
#7920 = LINE ( 'NONE', #11358, #7644 ) ;
#7921 = DIRECTION ( 'NONE',  ( -0.01744845932773704186, 0.02126697162510919267, 0.9996215619848267675 ) ) ;
#7922 = FACE_OUTER_BOUND ( 'NONE', #7479, .T. ) ;
#7923 = ORIENTED_EDGE ( 'NONE', *, *, #1599, .F. ) ;
#7924 = FACE_OUTER_BOUND ( 'NONE', #727, .T. ) ;
#7925 = ORIENTED_EDGE ( 'NONE', *, *, #8748, .T. ) ;
#7926 = CARTESIAN_POINT ( 'NONE',  ( 0.03348337688755905622, 0.005905511811023620231, -0.3208622047290157764 ) ) ;
#7927 = VECTOR ( 'NONE', #2217, 39.37007874015748143 ) ;
#7928 = ADVANCED_FACE ( 'NONE', ( #6092 ), #1074, .F. ) ;
#7929 = EDGE_CURVE ( 'NONE', #7002, #2362, #5565, .T. ) ;
#7930 = CARTESIAN_POINT ( 'NONE',  ( -0.02362204724433627709, -5.706397809197105451E-15, -0.3582677165496299665 ) ) ;
#7931 = DIRECTION ( 'NONE',  ( 1.000000000000000000, 0.000000000000000000, 0.000000000000000000 ) ) ;
#7932 = CARTESIAN_POINT ( 'NONE',  ( -0.05118110236220473064, 1.463489996608766069E-17, -0.3425196850393816828 ) ) ;
#7933 = DIRECTION ( 'NONE',  ( 0.000000000000000000, 1.000000000000000000, 0.000000000000000000 ) ) ;
#7934 =( LENGTH_UNIT ( ) NAMED_UNIT ( * ) SI_UNIT ( $, .METRE. ) );
#7935 = ORIENTED_EDGE ( 'NONE', *, *, #9195, .T. ) ;
#7936 = ORIENTED_EDGE ( 'NONE', *, *, #7084, .F. ) ;
#7937 = EDGE_CURVE ( 'NONE', #4293, #10564, #10814, .T. ) ;
#7938 = DIRECTION ( 'NONE',  ( 0.000000000000000000, 0.000000000000000000, 1.000000000000000000 ) ) ;
#7939 = EDGE_CURVE ( 'NONE', #9295, #11399, #9577, .T. ) ;
#7940 = EDGE_CURVE ( 'NONE', #10664, #10103, #3777, .T. ) ;
#7941 = ORIENTED_EDGE ( 'NONE', *, *, #2982, .F. ) ;
#7942 = DIRECTION ( 'NONE',  ( 0.000000000000000000, 0.000000000000000000, -1.000000000000000000 ) ) ;
#7943 = DIRECTION ( 'NONE',  ( -0.9998476951679617919, 0.000000000000000000, -0.01745240577440872534 ) ) ;
#7944 = CARTESIAN_POINT ( 'NONE',  ( 0.05582298743668667740, 0.02338703648508937138, -0.3035488895244172758 ) ) ;
#7945 = AXIS2_PLACEMENT_3D ( 'NONE', #8151, #9082, #5650 ) ;
#7946 = CYLINDRICAL_SURFACE ( 'NONE', #1578, 0.003937007874015758385 ) ;
#7947 = LINE ( 'NONE', #6194, #2583 ) ;
#7948 = ORIENTED_EDGE ( 'NONE', *, *, #5235, .T. ) ;
#7949 = VERTEX_POINT ( 'NONE', #2840 ) ;
#7950 = ORIENTED_EDGE ( 'NONE', *, *, #7065, .F. ) ;
#7951 = CARTESIAN_POINT ( 'NONE',  ( 0.05637531648381964577, 0.02387208004762591054, -0.3351917988860812492 ) ) ;
#7952 = ORIENTED_EDGE ( 'NONE', *, *, #2374, .T. ) ;
#7953 = AXIS2_PLACEMENT_3D ( 'NONE', #2434, #6968, #4182 ) ;
#7954 = ORIENTED_EDGE ( 'NONE', *, *, #5828, .T. ) ;
#7955 = LINE ( 'NONE', #4355, #2408 ) ;
#7956 = FACE_OUTER_BOUND ( 'NONE', #8851, .T. ) ;
#7957 = FACE_OUTER_BOUND ( 'NONE', #5287, .T. ) ;
#7958 = CARTESIAN_POINT ( 'NONE',  ( 0.03366141732283464000, 0.07480314960629921850, -0.3543307086614079227 ) ) ;
#7959 = DIRECTION ( 'NONE',  ( 0.000000000000000000, 1.000000000000000000, 0.000000000000000000 ) ) ;
#7960 = CARTESIAN_POINT ( 'NONE',  ( 0.05582127071211158420, 0.02362204725638270345, -0.3034505382219363501 ) ) ;
#7961 = ORIENTED_EDGE ( 'NONE', *, *, #4881, .F. ) ;
#7962 = VECTOR ( 'NONE', #6941, 39.37007874015748143 ) ;
#7963 = ORIENTED_EDGE ( 'NONE', *, *, #4708, .T. ) ;
#7964 = ADVANCED_FACE ( 'NONE', ( #1902 ), #2009, .F. ) ;
#7965 = EDGE_CURVE ( 'NONE', #1048, #8080, #6376, .T. ) ;
#7966 = ORIENTED_EDGE ( 'NONE', *, *, #5757, .T. ) ;
#7967 = CIRCLE ( 'NONE', #10012, 0.02755905511811023237 ) ;
#7968 = ORIENTED_EDGE ( 'NONE', *, *, #5355, .T. ) ;
#7969 = VECTOR ( 'NONE', #8492, 39.37007874015748854 ) ;
#7970 = LINE ( 'NONE', #3556, #4227 ) ;
#7971 = FACE_OUTER_BOUND ( 'NONE', #8692, .T. ) ;
#7972 = DIRECTION ( 'NONE',  ( 0.000000000000000000, 0.000000000000000000, 1.000000000000000000 ) ) ;
#7973 = CARTESIAN_POINT ( 'NONE',  ( 0.02901218577177912261, 0.06261210291358423885, -0.1764115145890976510 ) ) ;
#7974 = FACE_OUTER_BOUND ( 'NONE', #5514, .T. ) ;
#7975 = ORIENTED_EDGE ( 'NONE', *, *, #3938, .F. ) ;
#7976 = PLANE ( 'NONE',  #7984 ) ;
#7977 = EDGE_CURVE ( 'NONE', #8460, #7136, #5454, .T. ) ;
#7978 = ORIENTED_EDGE ( 'NONE', *, *, #10322, .F. ) ;
#7979 = EDGE_CURVE ( 'NONE', #1815, #2411, #1944, .T. ) ;
#7980 = VECTOR ( 'NONE', #6404, 39.37007874015748143 ) ;
#7981 = CARTESIAN_POINT ( 'NONE',  ( -0.1581275762972834953, 0.005584380258625985111, -0.1037115865159055073 ) ) ;
#7982 = DIRECTION ( 'NONE',  ( -0.000000000000000000, -0.000000000000000000, -1.000000000000000000 ) ) ;
#7983 = CARTESIAN_POINT ( 'NONE',  ( -0.01377952755905512659, 0.06496062992126505620, -0.3543307086614158052 ) ) ;
#7984 = AXIS2_PLACEMENT_3D ( 'NONE', #3564, #7103, #6221 ) ;
#7985 = DIRECTION ( 'NONE',  ( 0.9205048533781852171, -1.319933121146702302E-12, -0.3907311286642076720 ) ) ;
#7986 = ADVANCED_FACE ( 'NONE', ( #1839 ), #1139, .F. ) ;
#7987 = DIRECTION ( 'NONE',  ( 0.000000000000000000, -1.000000000000000000, 0.000000000000000000 ) ) ;
#7988 = VECTOR ( 'NONE', #3060, 39.37007874015748143 ) ;
#7989 = CARTESIAN_POINT ( 'NONE',  ( 0.09448818897637038805, 0.08740157481101952508, -0.2724409448818898016 ) ) ;
#7990 = CIRCLE ( 'NONE', #168, 0.005118110236212647900 ) ;
#7991 = VERTEX_POINT ( 'NONE', #262 ) ;
#7992 = EDGE_CURVE ( 'NONE', #9178, #6814, #5854, .T. ) ;
#7993 = VERTEX_POINT ( 'NONE', #5509 ) ;
#7994 = CARTESIAN_POINT ( 'NONE',  ( 0.1945667410411024145, -0.1015653968110236255, -0.3677952756069685636 ) ) ;
#7995 = VECTOR ( 'NONE', #10365, 39.37007874015748143 ) ;
#7996 = AXIS2_PLACEMENT_3D ( 'NONE', #10868, #3773, #3882 ) ;
#7997 = VECTOR ( 'NONE', #2155, 39.37007874015748143 ) ;
#7998 = ORIENTED_EDGE ( 'NONE', *, *, #10921, .T. ) ;
#7999 = DIRECTION ( 'NONE',  ( -0.6018150200298679753, -1.220257153268953221E-12, -0.7986355124000245054 ) ) ;
#8000 = DIRECTION ( 'NONE',  ( 0.000000000000000000, 1.000000000000000000, 0.000000000000000000 ) ) ;
#8001 = ADVANCED_FACE ( 'NONE', ( #10931 ), #2070, .F. ) ;
#8002 = CARTESIAN_POINT ( 'NONE',  ( 0.1555118110200304771, 0.07874015747976435831, -0.09055118110103978213 ) ) ;
#8003 = CARTESIAN_POINT ( 'NONE',  ( 0.1087837973041690248, 0.005905492437618096307, -0.2396863077461735825 ) ) ;
#8004 = LINE ( 'NONE', #6243, #189 ) ;
#8005 = CARTESIAN_POINT ( 'NONE',  ( -0.1444881680708549332, -0.02637795275590593125, -0.3149606299212598381 ) ) ;
#8006 = VECTOR ( 'NONE', #77, 39.37007874015748143 ) ;
#8007 = EDGE_LOOP ( 'NONE', ( #8296, #6921, #10151, #2172 ) ) ;
#8008 = ORIENTED_EDGE ( 'NONE', *, *, #7368, .F. ) ;
#8009 = DIRECTION ( 'NONE',  ( 0.6246950475544238435, -0.7808688094430306093, 0.000000000000000000 ) ) ;
#8010 = EDGE_CURVE ( 'NONE', #1550, #11022, #10053, .T. ) ;
#8011 = CIRCLE ( 'NONE', #6509, 0.04527559055118111908 ) ;
#8012 = AXIS2_PLACEMENT_3D ( 'NONE', #10014, #2027, #5589 ) ;
#8013 = ORIENTED_EDGE ( 'NONE', *, *, #11386, .T. ) ;
#8014 = VECTOR ( 'NONE', #7360, 39.37007874015748854 ) ;
#8015 = CARTESIAN_POINT ( 'NONE',  ( 0.1515795054111811202, -0.1015653968110236255, -0.3464566929298031894 ) ) ;
#8016 = ORIENTED_EDGE ( 'NONE', *, *, #9621, .F. ) ;
#8017 = AXIS2_PLACEMENT_3D ( 'NONE', #10670, #7224, #2808 ) ;
#8018 = EDGE_LOOP ( 'NONE', ( #9550, #7581, #6476, #11160 ) ) ;
#8019 = CIRCLE ( 'NONE', #7822, 0.007874015759415266616 ) ;
#8020 = LINE ( 'NONE', #35, #2219 ) ;
#8021 = CARTESIAN_POINT ( 'NONE',  ( 0.09528681053547290170, 0.07677165354334711256, -0.2877598132641274176 ) ) ;
#8022 = DIRECTION ( 'NONE',  ( -7.517972742105609908E-11, 0.000000000000000000, 1.000000000000000000 ) ) ;
#8023 = DIRECTION ( 'NONE',  ( 0.9993908270173005315, 5.601594357324283736E-14, -0.03489949675390652262 ) ) ;
#8024 = DIRECTION ( 'NONE',  ( 0.000000000000000000, 1.000000000000000000, 0.000000000000000000 ) ) ;
#8025 = LINE ( 'NONE', #3374, #4804 ) ;
#8026 = ORIENTED_EDGE ( 'NONE', *, *, #1447, .F. ) ;
#8027 = EDGE_CURVE ( 'NONE', #5542, #7678, #9176, .T. ) ;
#8028 = ORIENTED_EDGE ( 'NONE', *, *, #10041, .T. ) ;
#8029 = VECTOR ( 'NONE', #7869, 39.37007874015748143 ) ;
#8030 = AXIS2_PLACEMENT_3D ( 'NONE', #10659, #2561, #6929 ) ;
#8031 = VECTOR ( 'NONE', #4894, 39.37007874015748143 ) ;
#8032 = ORIENTED_EDGE ( 'NONE', *, *, #1560, .F. ) ;
#8033 = ORIENTED_EDGE ( 'NONE', *, *, #9290, .T. ) ;
#8034 = DIRECTION ( 'NONE',  ( -1.000000000000000000, -0.000000000000000000, -0.000000000000000000 ) ) ;
#8035 = CARTESIAN_POINT ( 'NONE',  ( 0.04409477722255907006, 0.06220300415594488819, -0.1883984070829133883 ) ) ;
#8036 = AXIS2_PLACEMENT_3D ( 'NONE', #3165, #10272, #2281 ) ;
#8037 = CARTESIAN_POINT ( 'NONE',  ( -0.1264566929133858209, 0.06496062992125978264, -0.3314960629921260282 ) ) ;
#8038 = CARTESIAN_POINT ( 'NONE',  ( -0.1850393700787401341, -0.1015748031496122722, -0.3464566929133859330 ) ) ;
#8039 = DIRECTION ( 'NONE',  ( -0.7071067811865484609, 0.000000000000000000, -0.7071067811865465735 ) ) ;
#8040 = EDGE_LOOP ( 'NONE', ( #4217, #9021, #11404, #10700, #10585, #9134 ) ) ;
#8041 = CARTESIAN_POINT ( 'NONE',  ( 0.06173024676618776851, 0.03793000999999999318, -0.3035974675111713927 ) ) ;
#8042 = ORIENTED_EDGE ( 'NONE', *, *, #8606, .T. ) ;
#8043 = CARTESIAN_POINT ( 'NONE',  ( 0.02625900179154330716, 0.06330896219236221978, -0.1417338138883858512 ) ) ;
#8044 = EDGE_CURVE ( 'NONE', #6128, #1970, #3887, .T. ) ;
#8045 = ADVANCED_FACE ( 'NONE', ( #965 ), #6258, .T. ) ;
#8046 = DIRECTION ( 'NONE',  ( 0.000000000000000000, -1.000000000000000000, 0.000000000000000000 ) ) ;
#8047 = CARTESIAN_POINT ( 'NONE',  ( -0.05118110236220473064, 0.000000000000000000, -0.2795275590551180578 ) ) ;
#8048 = EDGE_CURVE ( 'NONE', #4408, #2899, #8185, .T. ) ;
#8049 = CARTESIAN_POINT ( 'NONE',  ( 0.1250000000000000000, 0.08070866141732274679, -0.3130210996456692651 ) ) ;
#8050 = LINE ( 'NONE', #10559, #3399 ) ;
#8051 = LINE ( 'NONE', #6287, #10806 ) ;
#8052 = VERTEX_POINT ( 'NONE', #6316 ) ;
#8053 = ORIENTED_EDGE ( 'NONE', *, *, #7182, .F. ) ;
#8054 = VERTEX_POINT ( 'NONE', #8523 ) ;
#8055 = DIRECTION ( 'NONE',  ( 0.000000000000000000, -1.000000000000000000, 0.000000000000000000 ) ) ;
#8056 = DIRECTION ( 'NONE',  ( 0.03489949675481056335, -1.501203008127779481E-14, 0.9993908270172691122 ) ) ;
#8057 = EDGE_CURVE ( 'NONE', #3475, #4640, #7539, .T. ) ;
#8058 = DIRECTION ( 'NONE',  ( 0.000000000000000000, 1.000000000000000000, 0.000000000000000000 ) ) ;
#8059 = CARTESIAN_POINT ( 'NONE',  ( 0.1929133858245669908, -0.1015653968110211969, -0.2913385826928784339 ) ) ;
#8060 = DIRECTION ( 'NONE',  ( 0.000000000000000000, 0.000000000000000000, -1.000000000000000000 ) ) ;
#8061 = CARTESIAN_POINT ( 'NONE',  ( 0.06126587817722441154, 0.009314084549688361053, -0.2769938098154527406 ) ) ;
#8062 = ORIENTED_EDGE ( 'NONE', *, *, #10913, .T. ) ;
#8063 = ORIENTED_EDGE ( 'NONE', *, *, #11433, .T. ) ;
#8064 = VERTEX_POINT ( 'NONE', #434 ) ;
#8065 = CARTESIAN_POINT ( 'NONE',  ( 0.1150535526112504564, 0.06682257791338107322, -0.05267717345665199474 ) ) ;
#8066 = ORIENTED_EDGE ( 'NONE', *, *, #388, .T. ) ;
#8067 = CIRCLE ( 'NONE', #2499, 0.009842519685039378616 ) ;
#8068 =( BOUNDED_CURVE ( )  B_SPLINE_CURVE ( 3, ( #2568, #3671, #4488, #756 ),
 .UNSPECIFIED., .F., .T. ) 
 B_SPLINE_CURVE_WITH_KNOTS ( ( 4, 4 ),
 ( 3.141592653589793116, 4.459708725442454558 ),
 .UNSPECIFIED. ) 
 CURVE ( )  GEOMETRIC_REPRESENTATION_ITEM ( )  RATIONAL_B_SPLINE_CURVE ( ( 1.000000000000000000, 0.8603796099872702552, 0.8603796099872702552, 1.000000000000000000 ) ) 
 REPRESENTATION_ITEM ( '' )  );
#8069 = ORIENTED_EDGE ( 'NONE', *, *, #7148, .F. ) ;
#8070 = FACE_OUTER_BOUND ( 'NONE', #11281, .T. ) ;
#8071 = EDGE_CURVE ( 'NONE', #10889, #525, #3185, .T. ) ;
#8072 = CARTESIAN_POINT ( 'NONE',  ( 0.09251968503937008093, -0.07972440944881889480, -0.2992125984251968740 ) ) ;
#8073 = CARTESIAN_POINT ( 'NONE',  ( 0.03348337688755905622, 0.005905511811023620231, -0.2519685039534251270 ) ) ;
#8074 = DIRECTION ( 'NONE',  ( 0.7071067811865481278, 0.000000000000000000, -0.7071067811865469066 ) ) ;
#8075 = DIRECTION ( 'NONE',  ( -1.000000000000000000, 0.000000000000000000, 0.000000000000000000 ) ) ;
#8076 = CARTESIAN_POINT ( 'NONE',  ( 0.07192481623734825469, 0.06149217075173175201, -0.2108877908748748309 ) ) ;
#8077 = EDGE_LOOP ( 'NONE', ( #5963, #3905, #7515, #10760 ) ) ;
#8078 = CARTESIAN_POINT ( 'NONE',  ( 0.1408815756670866171, -0.1015653968110211830, -0.3543307086778346715 ) ) ;
#8079 = EDGE_LOOP ( 'NONE', ( #7668, #7975, #7854, #2464 ) ) ;
#8080 = VERTEX_POINT ( 'NONE', #2296 ) ;
#8081 = EDGE_LOOP ( 'NONE', ( #6986, #10523, #2364, #1158 ) ) ;
#8082 = VECTOR ( 'NONE', #60, 39.37007874015748143 ) ;
#8083 = EDGE_CURVE ( 'NONE', #6128, #5290, #2181, .T. ) ;
#8084 = AXIS2_PLACEMENT_3D ( 'NONE', #11229, #3256, #10178 ) ;
#8085 = CARTESIAN_POINT ( 'NONE',  ( 0.1098595344493306925, -0.07736145861700786941, -0.2230772629664566631 ) ) ;
#8086 = DIRECTION ( 'NONE',  ( 1.000000000000000000, 0.000000000000000000, 0.000000000000000000 ) ) ;
#8087 = CARTESIAN_POINT ( 'NONE',  ( -0.1476377940551192314, 0.02182356997009090097, -0.06299212598425198151 ) ) ;
#8088 = CARTESIAN_POINT ( 'NONE',  ( 0.1066536203480315109, 0.06671602612838585522, -0.04847113850271652508 ) ) ;
#8089 = CARTESIAN_POINT ( 'NONE',  ( 0.06999670408052083292, 0.01774884245955945378, -0.3034531759727520650 ) ) ;
#8090 = ORIENTED_EDGE ( 'NONE', *, *, #10106, .F. ) ;
#8091 = CARTESIAN_POINT ( 'NONE',  ( -0.05118110236220473064, 0.000000000000000000, -0.3307086614173109229 ) ) ;
#8092 = ORIENTED_EDGE ( 'NONE', *, *, #2266, .F. ) ;
#8093 = VECTOR ( 'NONE', #5632, 39.37007874015748143 ) ;
#8094 = FACE_OUTER_BOUND ( 'NONE', #2370, .T. ) ;
#8095 = FACE_OUTER_BOUND ( 'NONE', #4420, .T. ) ;
#8096 = DIRECTION ( 'NONE',  ( 0.000000000000000000, 0.000000000000000000, 1.000000000000000000 ) ) ;
#8097 = DIRECTION ( 'NONE',  ( 0.9998476951573035398, 5.420185217247715476E-16, 0.01745240638502557409 ) ) ;
#8098 = CARTESIAN_POINT ( 'NONE',  ( 1.808041534174241436E-18, -0.1151574803149768567, -0.07381889763779526936 ) ) ;
#8099 = CARTESIAN_POINT ( 'NONE',  ( 0.02167235326551181229, 0.005905511811023620231, -0.3208622047408267730 ) ) ;
#8100 = DIRECTION ( 'NONE',  ( 1.000000000000000000, 0.000000000000000000, 0.000000000000000000 ) ) ;
#8101 = VECTOR ( 'NONE', #8448, 39.37007874015748143 ) ;
#8102 = ADVANCED_FACE ( 'NONE', ( #9348 ), #8354, .T. ) ;
#8103 = ORIENTED_EDGE ( 'NONE', *, *, #9331, .T. ) ;
#8104 = DIRECTION ( 'NONE',  ( 1.000000000000000000, 0.000000000000000000, 0.000000000000000000 ) ) ;
#8105 = EDGE_CURVE ( 'NONE', #3989, #8286, #10525, .T. ) ;
#8106 = ADVANCED_FACE ( 'NONE', ( #1414 ), #6606, .F. ) ;
#8107 = ORIENTED_EDGE ( 'NONE', *, *, #3823, .F. ) ;
#8108 = FACE_OUTER_BOUND ( 'NONE', #3140, .T. ) ;
#8109 = DIRECTION ( 'NONE',  ( -0.000000000000000000, -0.000000000000000000, -1.000000000000000000 ) ) ;
#8110 = DIRECTION ( 'NONE',  ( -0.01745240646088221104, -1.019045791676078652E-13, 0.9998476951559792658 ) ) ;
#8111 = PLANE ( 'NONE',  #5968 ) ;
#8112 = DIRECTION ( 'NONE',  ( 1.000000000000000000, 0.000000000000000000, 0.000000000000000000 ) ) ;
#8113 = DIRECTION ( 'NONE',  ( -0.03489949667904205383, -0.000000000000000000, -0.9993908270199149957 ) ) ;
#8114 = ORIENTED_EDGE ( 'NONE', *, *, #7841, .F. ) ;
#8115 = ORIENTED_EDGE ( 'NONE', *, *, #6533, .F. ) ;
#8116 = VERTEX_POINT ( 'NONE', #4981 ) ;
#8117 = EDGE_CURVE ( 'NONE', #1346, #8785, #376, .T. ) ;
#8118 = CYLINDRICAL_SURFACE ( 'NONE', #5372, 0.003937007874015792212 ) ;
#8119 = ORIENTED_EDGE ( 'NONE', *, *, #8604, .F. ) ;
#8120 = ORIENTED_EDGE ( 'NONE', *, *, #8868, .F. ) ;
#8121 = DIRECTION ( 'NONE',  ( 0.9998476951573036509, 5.041746477510024425E-16, 0.01745240638502150790 ) ) ;
#8122 = CYLINDRICAL_SURFACE ( 'NONE', #5025, 0.01476377952755910349 ) ;
#8123 = VECTOR ( 'NONE', #454, 39.37007874015748143 ) ;
#8124 = CARTESIAN_POINT ( 'NONE',  ( 0.02145669291338582474, 0.08897637795275589734, -0.3216535432970473174 ) ) ;
#8125 = LINE ( 'NONE', #5562, #8326 ) ;
#8126 = CARTESIAN_POINT ( 'NONE',  ( 0.03348337688755975011, -0.07677165357283463609, -0.2598425199634314953 ) ) ;
#8127 = CARTESIAN_POINT ( 'NONE',  ( 0.1594488189041539661, -0.08582677165354324345, -0.1708661417527674864 ) ) ;
#8128 = LINE ( 'NONE', #2720, #4444 ) ;
#8129 = ORIENTED_EDGE ( 'NONE', *, *, #10260, .T. ) ;
#8130 = DIRECTION ( 'NONE',  ( 0.000000000000000000, 1.000000000000000000, 0.000000000000000000 ) ) ;
#8131 = ORIENTED_EDGE ( 'NONE', *, *, #6589, .T. ) ;
#8132 = EDGE_CURVE ( 'NONE', #2615, #626, #2238, .T. ) ;
#8133 = ORIENTED_EDGE ( 'NONE', *, *, #8048, .T. ) ;
#8134 = CIRCLE ( 'NONE', #1814, 0.007874015748031516770 ) ;
#8135 = VERTEX_POINT ( 'NONE', #547 ) ;
#8136 = CARTESIAN_POINT ( 'NONE',  ( -0.1574803149606299191, 0.01377952755905531047, -0.08937007874015828746 ) ) ;
#8137 = CARTESIAN_POINT ( 'NONE',  ( 0.1112595463236220467, -0.05091599074267716407, -0.05263968855610236253 ) ) ;
#8138 = VECTOR ( 'NONE', #1017, 39.37007874015748143 ) ;
#8139 = CARTESIAN_POINT ( 'NONE',  ( 0.07353947150849581005, 0.03793001002176523556, -0.3033913370189169068 ) ) ;
#8140 = CARTESIAN_POINT ( 'NONE',  ( 0.07142536334291338385, 0.06582520093767717240, -0.03358669803105512192 ) ) ;
#8141 = DIRECTION ( 'NONE',  ( -5.200122740939574330E-11, -3.614007242396568337E-15, -1.000000000000000000 ) ) ;
#8142 = EDGE_CURVE ( 'NONE', #2490, #1536, #5834, .T. ) ;
#8143 = ORIENTED_EDGE ( 'NONE', *, *, #9907, .T. ) ;
#8144 = DIRECTION ( 'NONE',  ( 1.000000000000000000, 0.000000000000000000, 0.000000000000000000 ) ) ;
#8145 = AXIS2_PLACEMENT_3D ( 'NONE', #448, #5926, #9302 ) ;
#8146 = ORIENTED_EDGE ( 'NONE', *, *, #6598, .F. ) ;
#8147 = EDGE_CURVE ( 'NONE', #665, #4280, #6018, .T. ) ;
#8148 = EDGE_CURVE ( 'NONE', #1547, #10529, #1358, .T. ) ;
#8149 = PLANE ( 'NONE',  #8376 ) ;
#8150 = DIRECTION ( 'NONE',  ( 0.000000000000000000, 1.000000000000000000, 0.000000000000000000 ) ) ;
#8151 = CARTESIAN_POINT ( 'NONE',  ( 0.1437007873995739260, 0.04566929133858269041, -0.09645669291338582196 ) ) ;
#8152 = CYLINDRICAL_SURFACE ( 'NONE', #8374, 0.007874015748031516770 ) ;
#8153 = CARTESIAN_POINT ( 'NONE',  ( 0.09821656497715282319, 0.09251968503937006705, -0.2038626229689135816 ) ) ;
#8154 = CARTESIAN_POINT ( 'NONE',  ( -0.1562992113779527736, -0.06968503937007874960, -0.2116141732283464694 ) ) ;
#8155 = CARTESIAN_POINT ( 'NONE',  ( 0.08127696446629920080, -0.08975437318897634686, -0.3661417322998818391 ) ) ;
#8156 = PLANE ( 'NONE',  #9875 ) ;
#8157 = ORIENTED_EDGE ( 'NONE', *, *, #9035, .F. ) ;
#8158 = EDGE_CURVE ( 'NONE', #1815, #4202, #3243, .T. ) ;
#8159 = CARTESIAN_POINT ( 'NONE',  ( 0.1833811608219685085, -0.1015748031496008508, -0.1385826771748819020 ) ) ;
#8160 = VECTOR ( 'NONE', #5701, 39.37007874015748143 ) ;
#8161 = ORIENTED_EDGE ( 'NONE', *, *, #5827, .T. ) ;
#8162 = CARTESIAN_POINT ( 'NONE',  ( 0.1154689357011023515, 0.06662831652543309280, -0.05189436983598425673 ) ) ;
#8163 = CARTESIAN_POINT ( 'NONE',  ( -0.1444881680708661742, -0.08956692913385826127, -0.1692913385826771699 ) ) ;
#8164 = VECTOR ( 'NONE', #2980, 39.37007874015748143 ) ;
#8165 = DIRECTION ( 'NONE',  ( 0.000000000000000000, 0.000000000000000000, 1.000000000000000000 ) ) ;
#8166 = DIRECTION ( 'NONE',  ( 0.000000000000000000, 0.000000000000000000, -1.000000000000000000 ) ) ;
#8167 = CARTESIAN_POINT ( 'NONE',  ( 0.02755905511811023931, -0.07716535433072475858, -0.2507874015748031704 ) ) ;
#8168 = CARTESIAN_POINT ( 'NONE',  ( 0.03348337688755926439, 0.08622047246555111788, -0.3334645669783595223 ) ) ;
#8169 = ORIENTED_EDGE ( 'NONE', *, *, #4150, .F. ) ;
#8170 = ORIENTED_EDGE ( 'NONE', *, *, #4770, .F. ) ;
#8171 = AXIS2_PLACEMENT_3D ( 'NONE', #305, #10104, #6426 ) ;
#8172 = VERTEX_POINT ( 'NONE', #5735 ) ;
#8173 = FACE_OUTER_BOUND ( 'NONE', #6307, .T. ) ;
#8174 = VECTOR ( 'NONE', #4578, 39.37007874015748143 ) ;
#8175 = ORIENTED_EDGE ( 'NONE', *, *, #11235, .F. ) ;
#8176 = ORIENTED_EDGE ( 'NONE', *, *, #6241, .T. ) ;
#8177 = DIRECTION ( 'NONE',  ( -1.000000000000000000, -0.000000000000000000, -0.000000000000000000 ) ) ;
#8178 = CARTESIAN_POINT ( 'NONE',  ( 0.1641732283442556561, -0.09565988500000001393, -0.3464566929298031894 ) ) ;
#8179 = CARTESIAN_POINT ( 'NONE',  ( 0.1496062992305039474, 0.03149606299085434824, -0.1062992125891745743 ) ) ;
#8180 = EDGE_CURVE ( 'NONE', #6028, #7069, #4909, .T. ) ;
#8181 = CARTESIAN_POINT ( 'NONE',  ( -0.1444881680708603455, 0.01456692913385827272, -0.1011811023622047195 ) ) ;
#8182 = EDGE_CURVE ( 'NONE', #1960, #7189, #1244, .T. ) ;
#8183 = AXIS2_PLACEMENT_3D ( 'NONE', #7005, #7123, #1880 ) ;
#8184 = CARTESIAN_POINT ( 'NONE',  ( 0.02167235326551181229, 0.09803149606299213503, -0.2496850393864960549 ) ) ;
#8185 = LINE ( 'NONE', #3655, #7884 ) ;
#8186 = CARTESIAN_POINT ( 'NONE',  ( 0.06999670407993814625, 0.02362204724409449133, -0.3034531759802124307 ) ) ;
#8187 = EDGE_LOOP ( 'NONE', ( #9122, #1504, #2222, #7159, #3837, #3364 ) ) ;
#8188 = LINE ( 'NONE', #3780, #5241 ) ;
#8189 = VERTEX_POINT ( 'NONE', #7591 ) ;
#8190 = ORIENTED_EDGE ( 'NONE', *, *, #698, .F. ) ;
#8191 = ORIENTED_EDGE ( 'NONE', *, *, #1080, .T. ) ;
#8192 = AXIS2_PLACEMENT_3D ( 'NONE', #248, #6473, #10035 ) ;
#8193 = VECTOR ( 'NONE', #370, 39.37007874015748854 ) ;
#8194 = AXIS2_PLACEMENT_3D ( 'NONE', #4209, #10450, #6704 ) ;
#8195 = DIRECTION ( 'NONE',  ( 0.000000000000000000, 0.000000000000000000, -1.000000000000000000 ) ) ;
#8196 = CARTESIAN_POINT ( 'NONE',  ( 0.05610047543824801808, 0.02337201444882702414, -0.3194461659037598489 ) ) ;
#8197 = ADVANCED_FACE ( 'NONE', ( #11042 ), #2353, .T. ) ;
#8198 = DIRECTION ( 'NONE',  ( -1.000000000000000000, -1.445602896959033243E-15, 5.200122740941017372E-11 ) ) ;
#8199 = LINE ( 'NONE', #2792, #3130 ) ;
#8200 = CIRCLE ( 'NONE', #2990, 0.007874015748031516770 ) ;
#8201 = ORIENTED_EDGE ( 'NONE', *, *, #2224, .F. ) ;
#8202 = VECTOR ( 'NONE', #7176, 39.37007874015748143 ) ;
#8203 = VECTOR ( 'NONE', #1648, 39.37007874015748143 ) ;
#8204 = CARTESIAN_POINT ( 'NONE',  ( 0.1555118110199637804, 0.01536190468503937853, -0.1062992125909562602 ) ) ;
#8205 = ORIENTED_EDGE ( 'NONE', *, *, #5893, .T. ) ;
#8206 = CARTESIAN_POINT ( 'NONE',  ( 0.02542362393000000345, 0.06274839144866141416, -0.1690479796584645755 ) ) ;
#8207 = CIRCLE ( 'NONE', #1319, 0.01181102362204730985 ) ;
#8208 = VECTOR ( 'NONE', #7550, 39.37007874015748143 ) ;
#8209 = VECTOR ( 'NONE', #2337, 39.37007874015748143 ) ;
#8210 = CARTESIAN_POINT ( 'NONE',  ( 0.1929133858245669908, -0.08975437318897638850, -0.3248031496227165582 ) ) ;
#8211 = DIRECTION ( 'NONE',  ( 0.000000000000000000, 0.000000000000000000, 1.000000000000000000 ) ) ;
#8212 = CARTESIAN_POINT ( 'NONE',  ( 0.04037332877574803525, -0.04724409448818897572, -0.3199606299376770990 ) ) ;
#8213 = EDGE_CURVE ( 'NONE', #9929, #2011, #609, .T. ) ;
#8214 = CARTESIAN_POINT ( 'NONE',  ( 0.06590171052173227073, -0.04934560525921258961, -0.04844236042767717521 ) ) ;
#8215 = DIRECTION ( 'NONE',  ( 0.000000000000000000, 0.000000000000000000, -1.000000000000000000 ) ) ;
#8216 = DIRECTION ( 'NONE',  ( -1.000000000000000000, -0.000000000000000000, -0.000000000000000000 ) ) ;
#8217 = LINE ( 'NONE', #178, #6160 ) ;
#8218 = AXIS2_PLACEMENT_3D ( 'NONE', #4173, #5047, #6609 ) ;
#8219 = ORIENTED_EDGE ( 'NONE', *, *, #1432, .T. ) ;
#8220 = CIRCLE ( 'NONE', #3209, 0.04133858267716537110 ) ;
#8221 = EDGE_LOOP ( 'NONE', ( #8485, #10152, #4164, #2793 ) ) ;
#8222 = ORIENTED_EDGE ( 'NONE', *, *, #5239, .F. ) ;
#8223 = CARTESIAN_POINT ( 'NONE',  ( 0.08661417322834730204, -0.06692913385825972894, -0.3602362204724329775 ) ) ;
#8224 = DIRECTION ( 'NONE',  ( 1.000000000000000000, 0.000000000000000000, 0.000000000000000000 ) ) ;
#8225 = EDGE_CURVE ( 'NONE', #11307, #1229, #10112, .T. ) ;
#8226 = CARTESIAN_POINT ( 'NONE',  ( 0.09893791284051178803, 0.08661417330708605367, -0.1832059228473425505 ) ) ;
#8227 = DIRECTION ( 'NONE',  ( -0.000000000000000000, -1.000000000000000000, -0.000000000000000000 ) ) ;
#8228 = CARTESIAN_POINT ( 'NONE',  ( 0.09448818897636682146, 0.08740157480709370708, -0.05787401574803149873 ) ) ;
#8229 = DIRECTION ( 'NONE',  ( -0.9998476951574207794, -0.000000000000000000, -0.01745240637830455105 ) ) ;
#8230 = ORIENTED_EDGE ( 'NONE', *, *, #8394, .T. ) ;
#8231 = EDGE_LOOP ( 'NONE', ( #3993, #5617, #2307, #3493 ) ) ;
#8232 = EDGE_LOOP ( 'NONE', ( #7819, #5751, #9023, #3648 ) ) ;
#8233 = DIRECTION ( 'NONE',  ( -0.01745240622331154998, 0.000000000000000000, 0.9998476951601260598 ) ) ;
#8234 = ORIENTED_EDGE ( 'NONE', *, *, #9099, .T. ) ;
#8235 = ORIENTED_EDGE ( 'NONE', *, *, #4277, .T. ) ;
#8236 = CARTESIAN_POINT ( 'NONE',  ( -0.1602362192519684869, -0.08582677165354331283, -0.2834645669291337988 ) ) ;
#8237 = DIRECTION ( 'NONE',  ( -0.000000000000000000, -0.000000000000000000, -1.000000000000000000 ) ) ;
#8238 = DIRECTION ( 'NONE',  ( 0.000000000000000000, 0.000000000000000000, 1.000000000000000000 ) ) ;
#8239 = DIRECTION ( 'NONE',  ( -0.9993908270172660036, 0.000000000000000000, 0.03489949675490188613 ) ) ;
#8240 = CARTESIAN_POINT ( 'NONE',  ( 0.02911745163841338371, -0.04568748843448820068, -0.1771068781023621974 ) ) ;
#8241 = DIRECTION ( 'NONE',  ( 0.7808688094433193783, 0.6246950475540630210, 0.000000000000000000 ) ) ;
#8242 = CARTESIAN_POINT ( 'NONE',  ( 0.06255610950731185782, 0.06192437148789396717, -0.1896175741844757789 ) ) ;
#8243 = ORIENTED_EDGE ( 'NONE', *, *, #10404, .T. ) ;
#8244 = CARTESIAN_POINT ( 'NONE',  ( 0.007874015748031494219, -0.01377952756995628678, -0.2480314960629922127 ) ) ;
#8245 = ORIENTED_EDGE ( 'NONE', *, *, #5660, .F. ) ;
#8246 = ORIENTED_EDGE ( 'NONE', *, *, #6150, .F. ) ;
#8247 = EDGE_CURVE ( 'NONE', #9772, #1065, #9564, .T. ) ;
#8248 = VERTEX_POINT ( 'NONE', #11329 ) ;
#8249 = EDGE_CURVE ( 'NONE', #6759, #7579, #5157, .T. ) ;
#8250 = EDGE_CURVE ( 'NONE', #940, #651, #8067, .T. ) ;
#8251 = VECTOR ( 'NONE', #3676, 39.37007874015748143 ) ;
#8252 = CARTESIAN_POINT ( 'NONE',  ( 0.1929133858245669908, -0.08975437318897638850, -0.3248031496227165582 ) ) ;
#8253 = CARTESIAN_POINT ( 'NONE',  ( 0.1841685624129527632, -0.1015748031496008508, -0.1141732283442519480 ) ) ;
#8254 = CARTESIAN_POINT ( 'NONE',  ( 0.07347350758011553240, 0.009314084515723446839, -0.2996122666409489210 ) ) ;
#8255 = FACE_OUTER_BOUND ( 'NONE', #4007, .T. ) ;
#8256 = LINE ( 'NONE', #2023, #7768 ) ;
#8257 = EDGE_LOOP ( 'NONE', ( #1308, #1340, #6436, #8705 ) ) ;
#8258 = CARTESIAN_POINT ( 'NONE',  ( 0.1555118111141852166, 0.07874015748031182316, -0.3111619278818175682 ) ) ;
#8259 = EDGE_LOOP ( 'NONE', ( #5148, #3864, #852, #3672, #9419 ) ) ;
#8260 = CARTESIAN_POINT ( 'NONE',  ( 0.01683616537921260245, 0.06345358027452756289, -0.1312724938445275769 ) ) ;
#8261 = ADVANCED_FACE ( 'NONE', ( #7837 ), #1720, .F. ) ;
#8262 = DIRECTION ( 'NONE',  ( 0.000000000000000000, 0.000000000000000000, 1.000000000000000000 ) ) ;
#8263 = CARTESIAN_POINT ( 'NONE',  ( -0.03090551181102360948, -0.06692913385825262351, -0.3661417322834645272 ) ) ;
#8264 = CARTESIAN_POINT ( 'NONE',  ( 0.09843093854189954861, -0.08661417322834646937, -0.1977237673144116581 ) ) ;
#8265 = CARTESIAN_POINT ( 'NONE',  ( 0.05401652861736222500, -0.04934560524854330471, -0.04364307693814960948 ) ) ;
#8266 = LINE ( 'NONE', #6690, #4878 ) ;
#8267 = CIRCLE ( 'NONE', #4930, 0.005873204795561521099 ) ;
#8268 = CYLINDRICAL_SURFACE ( 'NONE', #6122, 0.005905511811023628904 ) ;
#8269 = CARTESIAN_POINT ( 'NONE',  ( 0.1555118110385939612, -0.01968503937783757513, -0.1787401574890450096 ) ) ;
#8270 = EDGE_CURVE ( 'NONE', #4656, #3162, #6078, .T. ) ;
#8271 = ORIENTED_EDGE ( 'NONE', *, *, #1862, .T. ) ;
#8272 = DIRECTION ( 'NONE',  ( 0.000000000000000000, 0.000000000000000000, 1.000000000000000000 ) ) ;
#8273 = EDGE_CURVE ( 'NONE', #1500, #7456, #7714, .T. ) ;
#8274 = ORIENTED_EDGE ( 'NONE', *, *, #1678, .F. ) ;
#8275 = CARTESIAN_POINT ( 'NONE',  ( -0.1425196850393628811, -0.09842519685039370636, -0.1031496062992126317 ) ) ;
#8276 = CARTESIAN_POINT ( 'NONE',  ( -0.1444881680708545446, -0.07755905511811023167, -0.1771653543307086798 ) ) ;
#8277 = PLANE ( 'NONE',  #588 ) ;
#8278 = DIRECTION ( 'NONE',  ( -1.000000000000000000, 0.000000000000000000, 0.000000000000000000 ) ) ;
#8279 = CARTESIAN_POINT ( 'NONE',  ( -0.1567902357785039280, -0.02566929133858267958, -0.3149606299212598381 ) ) ;
#8280 = ORIENTED_EDGE ( 'NONE', *, *, #7131, .T. ) ;
#8281 = ORIENTED_EDGE ( 'NONE', *, *, #4782, .T. ) ;
#8282 = VERTEX_POINT ( 'NONE', #6193 ) ;
#8283 = EDGE_CURVE ( 'NONE', #5851, #3688, #3294, .T. ) ;
#8284 = CARTESIAN_POINT ( 'NONE',  ( -0.1405511601968503776, -0.01850393700787394610, -0.3267716535433071168 ) ) ;
#8285 = ADVANCED_FACE ( 'NONE', ( #832 ), #10402, .F. ) ;
#8286 = VERTEX_POINT ( 'NONE', #719 ) ;
#8287 = VECTOR ( 'NONE', #1645, 39.37007874015748143 ) ;
#8288 = ORIENTED_EDGE ( 'NONE', *, *, #2224, .T. ) ;
#8289 = CARTESIAN_POINT ( 'NONE',  ( 0.1161417322834599059, -0.07480314960629606824, -0.2992125984251968740 ) ) ;
#8290 = CARTESIAN_POINT ( 'NONE',  ( 0.1092022642596850307, -0.06299212598424692999, -0.05848816881734252016 ) ) ;
#8291 = DIRECTION ( 'NONE',  ( 0.000000000000000000, 0.000000000000000000, 1.000000000000000000 ) ) ;
#8292 = DIRECTION ( 'NONE',  ( -2.787330180184748728E-10, 0.000000000000000000, 1.000000000000000000 ) ) ;
#8293 = CARTESIAN_POINT ( 'NONE',  ( 0.000000000000000000, -0.09842519685037785793, -0.2411417322834645549 ) ) ;
#8294 = DIRECTION ( 'NONE',  ( 7.499968528168469167E-11, 1.084202725629576131E-15, -1.000000000000000000 ) ) ;
#8295 = DIRECTION ( 'NONE',  ( -1.000000000000000000, -0.000000000000000000, -8.152720470684480762E-10 ) ) ;
#8296 = ORIENTED_EDGE ( 'NONE', *, *, #9853, .F. ) ;
#8297 = CARTESIAN_POINT ( 'NONE',  ( 0.1063086171237795224, -0.08581736531496061970, -0.3661417322998811730 ) ) ;
#8298 = ORIENTED_EDGE ( 'NONE', *, *, #760, .T. ) ;
#8299 = ORIENTED_EDGE ( 'NONE', *, *, #8647, .F. ) ;
#8300 = ORIENTED_EDGE ( 'NONE', *, *, #3524, .T. ) ;
#8301 = ORIENTED_EDGE ( 'NONE', *, *, #8798, .F. ) ;
#8302 = DIRECTION ( 'NONE',  ( 0.000000000000000000, 0.000000000000000000, 1.000000000000000000 ) ) ;
#8303 = CARTESIAN_POINT ( 'NONE',  ( 0.04666938271653543746, 0.07480314960629920462, -0.02952755905511614265 ) ) ;
#8304 = CYLINDRICAL_SURFACE ( 'NONE', #8571, 0.007874015771059970914 ) ;
#8305 = DIRECTION ( 'NONE',  ( -0.000000000000000000, -1.000000000000000000, -0.000000000000000000 ) ) ;
#8306 = DIRECTION ( 'NONE',  ( 0.000000000000000000, 0.4472135954977874972, -0.8944271910010010984 ) ) ;
#8307 = CARTESIAN_POINT ( 'NONE',  ( 0.03366141732283499388, 0.08897637795274773720, -0.3216535433070866201 ) ) ;
#8308 = ADVANCED_FACE ( 'NONE', ( #9583 ), #783, .T. ) ;
#8309 = EDGE_LOOP ( 'NONE', ( #3098, #11074, #6117, #956 ) ) ;
#8310 = EDGE_CURVE ( 'NONE', #290, #7879, #3077, .T. ) ;
#8311 = CIRCLE ( 'NONE', #10926, 0.003937007874015724558 ) ;
#8312 = EDGE_LOOP ( 'NONE', ( #6564, #10741, #6421, #6012, #10515, #7078, #3245, #873, #9469, #7701, #6320, #9807, #5219, #3425, #9548, #153, #10703, #1287, #5918, #1147 ) ) ;
#8313 = PLANE ( 'NONE',  #4292 ) ;
#8314 = DIRECTION ( 'NONE',  ( 0.9998476951573034288, 5.420185217247711532E-16, 0.01745240638502557062 ) ) ;
#8315 = DIRECTION ( 'NONE',  ( 0.000000000000000000, 1.000000000000000000, 0.000000000000000000 ) ) ;
#8316 = CARTESIAN_POINT ( 'NONE',  ( 0.1920425781499827400, -0.09566929133858267931, -0.1629921239363018026 ) ) ;
#8317 = VECTOR ( 'NONE', #3500, 39.37007874015748143 ) ;
#8318 = EDGE_CURVE ( 'NONE', #5899, #11399, #10576, .T. ) ;
#8319 = CARTESIAN_POINT ( 'NONE',  ( 0.1028324473874015627, -0.05105782512070866641, -0.05419132966452756134 ) ) ;
#8320 = CARTESIAN_POINT ( 'NONE',  ( -0.1929133858267716994, -0.08976377952755906775, -0.2263779527559055538 ) ) ;
#8321 = ADVANCED_FACE ( 'NONE', ( #1651 ), #10470, .F. ) ;
#8322 = EDGE_CURVE ( 'NONE', #3461, #7881, #8873, .T. ) ;
#8323 = CARTESIAN_POINT ( 'NONE',  ( 0.04467867204944882265, 0.06218688203303150003, -0.1888374099768898029 ) ) ;
#8324 = PLANE ( 'NONE',  #3930 ) ;
#8325 = ORIENTED_EDGE ( 'NONE', *, *, #8997, .T. ) ;
#8326 = VECTOR ( 'NONE', #5452, 39.37007874015748143 ) ;
#8327 = DIRECTION ( 'NONE',  ( 0.01745240688385215136, 0.000000000000000000, -0.9998476951485963937 ) ) ;
#8328 = ADVANCED_FACE ( 'NONE', ( #4401 ), #7946, .T. ) ;
#8329 = ORIENTED_EDGE ( 'NONE', *, *, #9315, .T. ) ;
#8330 = LINE ( 'NONE', #8223, #8853 ) ;
#8331 = DIRECTION ( 'NONE',  ( 0.000000000000000000, 0.000000000000000000, 1.000000000000000000 ) ) ;
#8332 = AXIS2_PLACEMENT_3D ( 'NONE', #5705, #5532, #4777 ) ;
#8333 = DIRECTION ( 'NONE',  ( -0.9993908270172949804, 0.000000000000000000, 0.03489949675406712332 ) ) ;
#8334 = ADVANCED_FACE ( 'NONE', ( #2484 ), #5971, .T. ) ;
#8335 = DIRECTION ( 'NONE',  ( 0.000000000000000000, 1.000000000000000000, 0.000000000000000000 ) ) ;
#8336 = CARTESIAN_POINT ( 'NONE',  ( 0.04400021542000000924, -0.04518199738275590488, -0.1883284654965748650 ) ) ;
#8337 = ORIENTED_EDGE ( 'NONE', *, *, #2672, .F. ) ;
#8338 = VERTEX_POINT ( 'NONE', #8642 ) ;
#8339 = EDGE_LOOP ( 'NONE', ( #238, #2682, #11417, #6793 ) ) ;
#8340 = DIRECTION ( 'NONE',  ( -1.000000000000000000, 0.000000000000000000, 0.000000000000000000 ) ) ;
#8341 = CIRCLE ( 'NONE', #4630, 0.07677165354330710290 ) ;
#8342 = ORIENTED_EDGE ( 'NONE', *, *, #485, .T. ) ;
#8343 = VECTOR ( 'NONE', #10622, 39.37007874015748854 ) ;
#8344 = EDGE_CURVE ( 'NONE', #11222, #11009, #460, .T. ) ;
#8345 = ORIENTED_EDGE ( 'NONE', *, *, #1796, .T. ) ;
#8346 = FACE_OUTER_BOUND ( 'NONE', #5669, .T. ) ;
#8347 = LINE ( 'NONE', #10158, #5381 ) ;
#8348 = B_SPLINE_CURVE_WITH_KNOTS ( 'NONE', 3,
 ( #585, #7692, #4151, #3044 ),
 .UNSPECIFIED., .F., .F.,
 ( 4, 4 ),
 ( 0.000000000000000000, 1.000000000000000000 ),
 .UNSPECIFIED. ) ;
#8349 = LINE ( 'NONE', #5732, #10246 ) ;
#8350 = CARTESIAN_POINT ( 'NONE',  ( 0.08661417322835461563, -0.06692913385827040096, -0.2992125984252012039 ) ) ;
#8351 = EDGE_CURVE ( 'NONE', #7201, #1550, #1059, .T. ) ;
#8352 = VECTOR ( 'NONE', #3502, 39.37007874015748143 ) ;
#8353 = CARTESIAN_POINT ( 'NONE',  ( -0.1444881680708545446, 0.009448818897637795144, -0.1011811023622047195 ) ) ;
#8354 = CYLINDRICAL_SURFACE ( 'NONE', #439, 0.007874015748031584425 ) ;
#8355 = CARTESIAN_POINT ( 'NONE',  ( -0.05118110236228061438, 0.000000000000000000, -39.67087371570865884 ) ) ;
#8356 = VERTEX_POINT ( 'NONE', #9100 ) ;
#8357 = CARTESIAN_POINT ( 'NONE',  ( -0.1444881680708661464, -0.08882677165354330162, -0.05732283464566929193 ) ) ;
#8358 = VECTOR ( 'NONE', #367, 39.37007874015748143 ) ;
#8359 = ORIENTED_EDGE ( 'NONE', *, *, #1413, .F. ) ;
#8360 = ORIENTED_EDGE ( 'NONE', *, *, #2672, .T. ) ;
#8361 = VERTEX_POINT ( 'NONE', #4512 ) ;
#8362 = AXIS2_PLACEMENT_3D ( 'NONE', #9877, #8608, #5995 ) ;
#8363 = AXIS2_PLACEMENT_3D ( 'NONE', #9921, #1281, #5609 ) ;
#8364 = LINE ( 'NONE', #7494, #5852 ) ;
#8365 = CYLINDRICAL_SURFACE ( 'NONE', #6268, 0.01574803149606298150 ) ;
#8366 = EDGE_CURVE ( 'NONE', #5488, #3657, #6244, .T. ) ;
#8367 = DIRECTION ( 'NONE',  ( 0.9998476951559774895, 0.000000000000000000, 0.01745240646098237744 ) ) ;
#8368 = DIRECTION ( 'NONE',  ( 1.000000000000000000, -2.512887731023165047E-10, 0.000000000000000000 ) ) ;
#8369 = LINE ( 'NONE', #623, #8895 ) ;
#8370 = EDGE_LOOP ( 'NONE', ( #5837, #10965, #6391, #3535, #10263, #7963, #9008, #3957, #4443, #11209 ) ) ;
#8371 = ORIENTED_EDGE ( 'NONE', *, *, #9101, .F. ) ;
#8372 = VECTOR ( 'NONE', #6956, 39.37007874015748854 ) ;
#8373 = VECTOR ( 'NONE', #10811, 39.37007874015748143 ) ;
#8374 = AXIS2_PLACEMENT_3D ( 'NONE', #2916, #10017, #1977 ) ;
#8375 = DIRECTION ( 'NONE',  ( 0.000000000000000000, -1.000000000000000000, 0.000000000000000000 ) ) ;
#8376 = AXIS2_PLACEMENT_3D ( 'NONE', #5527, #166, #2911 ) ;
#8377 = CARTESIAN_POINT ( 'NONE',  ( 0.001968503937007870519, -0.03812857653233583943, -0.2480314960629922127 ) ) ;
#8378 = DIRECTION ( 'NONE',  ( -7.499498707337432679E-11, 0.000000000000000000, -1.000000000000000000 ) ) ;
#8379 = CARTESIAN_POINT ( 'NONE',  ( -0.1405511798818897540, 0.06417322834645539098, -0.3425196850393700809 ) ) ;
#8380 = VECTOR ( 'NONE', #10124, 39.37007874015748143 ) ;
#8381 = VECTOR ( 'NONE', #3639, 39.37007874015748143 ) ;
#8382 = DIRECTION ( 'NONE',  ( 0.000000000000000000, -1.000000000000000000, 0.000000000000000000 ) ) ;
#8383 = CARTESIAN_POINT ( 'NONE',  ( 0.02167235326551146535, -0.07677165354330708902, -0.2598425197022641298 ) ) ;
#8384 = DIRECTION ( 'NONE',  ( 0.000000000000000000, 0.000000000000000000, 1.000000000000000000 ) ) ;
#8385 = CYLINDRICAL_SURFACE ( 'NONE', #6343, 0.01181102362204724046 ) ;
#8386 = ORIENTED_EDGE ( 'NONE', *, *, #1845, .F. ) ;
#8387 = DIRECTION ( 'NONE',  ( 0.000000000000000000, 0.000000000000000000, 1.000000000000000000 ) ) ;
#8388 = AXIS2_PLACEMENT_3D ( 'NONE', #4984, #11157, #3951 ) ;
#8389 = ORIENTED_EDGE ( 'NONE', *, *, #280, .T. ) ;
#8390 = VECTOR ( 'NONE', #2774, 39.37007874015748143 ) ;
#8391 = CIRCLE ( 'NONE', #2462, 0.01181102362204730985 ) ;
#8392 = EDGE_CURVE ( 'NONE', #5945, #8577, #1003, .T. ) ;
#8393 = EDGE_CURVE ( 'NONE', #2868, #2102, #10683, .T. ) ;
#8394 = EDGE_CURVE ( 'NONE', #3436, #7313, #4567, .T. ) ;
#8395 = B_SPLINE_SURFACE_WITH_KNOTS ( 'NONE', 3, 3, ( 
 ( #912, #2559, #5997, #5294 ),
 ( #4478, #6216, #3442, #8035 ),
 ( #9664, #50, #6167, #3496 ),
 ( #6982, #3386, #6106, #1564 ),
 ( #8723, #1681, #806, #10431 ),
 ( #4255, #2508, #5125, #7796 ),
 ( #8667, #10493, #8844, #6047 ) ),
 .UNSPECIFIED., .F., .F., .F.,
 ( 4, 1, 1, 1, 4 ),
 ( 4, 4 ),
 ( -0.009995967750825000830, 0.000000000000000000, 0.5000000000000000000, 1.000000000000000000, 1.009996504033999765 ),
 ( -0.03131924783323999928, 1.031240107544999951 ),
 .UNSPECIFIED. ) ;
#8396 = ORIENTED_EDGE ( 'NONE', *, *, #1301, .T. ) ;
#8397 = DIRECTION ( 'NONE',  ( 1.000000000000000000, 0.000000000000000000, -7.490073831488650858E-11 ) ) ;
#8398 = LINE ( 'NONE', #2873, #1492 ) ;
#8399 = DIRECTION ( 'NONE',  ( 0.000000000000000000, 0.000000000000000000, -1.000000000000000000 ) ) ;
#8400 = VECTOR ( 'NONE', #10650, 39.37007874015748143 ) ;
#8401 = VECTOR ( 'NONE', #2035, 39.37007874015748143 ) ;
#8402 = DIRECTION ( 'NONE',  ( -1.000000000000000000, 0.000000000000000000, 0.000000000000000000 ) ) ;
#8403 = DIRECTION ( 'NONE',  ( 0.000000000000000000, 0.000000000000000000, 1.000000000000000000 ) ) ;
#8404 = VERTEX_POINT ( 'NONE', #1826 ) ;
#8405 = VERTEX_POINT ( 'NONE', #128 ) ;
#8406 = ORIENTED_EDGE ( 'NONE', *, *, #8744, .F. ) ;
#8407 = CYLINDRICAL_SURFACE ( 'NONE', #343, 0.003937007874015895428 ) ;
#8408 = VECTOR ( 'NONE', #845, 39.37007874015748143 ) ;
#8409 = EDGE_LOOP ( 'NONE', ( #2870, #5252, #9517, #4768 ) ) ;
#8410 = EDGE_CURVE ( 'NONE', #10510, #3001, #9586, .T. ) ;
#8411 = VERTEX_POINT ( 'NONE', #1118 ) ;
#8412 = FACE_OUTER_BOUND ( 'NONE', #8897, .T. ) ;
#8413 = CARTESIAN_POINT ( 'NONE',  ( -0.1476377940551192036, 0.05691658751024071539, -0.06299212598425198151 ) ) ;
#8414 = CARTESIAN_POINT ( 'NONE',  ( 0.1850393700765354532, -0.1015653968110138694, -0.2952755905675984449 ) ) ;
#8415 = DIRECTION ( 'NONE',  ( 0.000000000000000000, 1.000000000000000000, 0.000000000000000000 ) ) ;
#8416 = CARTESIAN_POINT ( 'NONE',  ( 0.06792749352166732590, -0.1015653968110235839, -0.3208661417487008172 ) ) ;
#8417 = DIRECTION ( 'NONE',  ( 0.000000000000000000, 0.000000000000000000, 1.000000000000000000 ) ) ;
#8418 = PLANE ( 'NONE',  #3519 ) ;
#8419 = ORIENTED_EDGE ( 'NONE', *, *, #7275, .T. ) ;
#8420 = CARTESIAN_POINT ( 'NONE',  ( 0.007874015748031495954, 0.01836379674790550656, -0.3323622047244094713 ) ) ;
#8421 = ORIENTED_EDGE ( 'NONE', *, *, #5567, .T. ) ;
#8422 = ORIENTED_EDGE ( 'NONE', *, *, #5054, .F. ) ;
#8423 = ORIENTED_EDGE ( 'NONE', *, *, #5083, .F. ) ;
#8424 = EDGE_CURVE ( 'NONE', #3207, #250, #2051, .T. ) ;
#8425 = B_SPLINE_CURVE_WITH_KNOTS ( 'NONE', 3,
 ( #2497, #4362, #4470, #1671 ),
 .UNSPECIFIED., .F., .F.,
 ( 4, 4 ),
 ( 0.000000000000000000, 1.000000000000000000 ),
 .UNSPECIFIED. ) ;
#8426 = PLANE ( 'NONE',  #2882 ) ;
#8427 = DIRECTION ( 'NONE',  ( 0.000000000000000000, 0.000000000000000000, -1.000000000000000000 ) ) ;
#8428 = LINE ( 'NONE', #7673, #10821 ) ;
#8429 = CARTESIAN_POINT ( 'NONE',  ( 0.09719973249058778964, -0.03937007874015747977, -0.2329808955484322375 ) ) ;
#8430 = DIRECTION ( 'NONE',  ( 0.000000000000000000, 0.000000000000000000, -1.000000000000000000 ) ) ;
#8431 = ORIENTED_EDGE ( 'NONE', *, *, #6212, .F. ) ;
#8432 = ORIENTED_EDGE ( 'NONE', *, *, #5554, .T. ) ;
#8433 = EDGE_CURVE ( 'NONE', #7593, #8785, #7349, .T. ) ;
#8434 = VECTOR ( 'NONE', #4053, 39.37007874015748143 ) ;
#8435 = FACE_OUTER_BOUND ( 'NONE', #10593, .T. ) ;
#8436 =( BOUNDED_CURVE ( )  B_SPLINE_CURVE ( 3, ( #5731, #8413, #2176, #7307 ),
 .UNSPECIFIED., .F., .T. ) 
 B_SPLINE_CURVE_WITH_KNOTS ( ( 4, 4 ),
 ( 3.141592653589794892, 4.248741371383419008 ),
 .UNSPECIFIED. ) 
 CURVE ( )  GEOMETRIC_REPRESENTATION_ITEM ( )  RATIONAL_B_SPLINE_CURVE ( ( 1.000000000000000000, 0.9004338722347748902, 0.9004338722347748902, 1.000000000000000000 ) ) 
 REPRESENTATION_ITEM ( '' )  );
#8437 = CARTESIAN_POINT ( 'NONE',  ( 0.1250000000000000000, 0.08070866141732274679, -0.3130210996456692651 ) ) ;
#8438 = LINE ( 'NONE', #1509, #9505 ) ;
#8439 = CARTESIAN_POINT ( 'NONE',  ( 0.1833811608219685085, -0.1015748031496008508, -0.1385826771748819020 ) ) ;
#8440 = DIRECTION ( 'NONE',  ( 0.000000000000000000, -1.000000000000000000, 0.000000000000000000 ) ) ;
#8441 = CARTESIAN_POINT ( 'NONE',  ( 0.02901218577177912261, 0.06261210291358423885, -0.1764115145890976510 ) ) ;
#8442 = CARTESIAN_POINT ( 'NONE',  ( 0.08070866141730508037, -0.06102362204723524308, -0.3543307086614084778 ) ) ;
#8443 = CARTESIAN_POINT ( 'NONE',  ( 0.1569324215332283667, -0.1015653968110138694, -0.2952755905675984449 ) ) ;
#8444 = ORIENTED_EDGE ( 'NONE', *, *, #1090, .T. ) ;
#8445 = CARTESIAN_POINT ( 'NONE',  ( -0.09044061793704726016, -0.04606299212598426174, -0.3425196850393816828 ) ) ;
#8446 = ORIENTED_EDGE ( 'NONE', *, *, #4483, .F. ) ;
#8447 = VECTOR ( 'NONE', #9359, 39.37007874015748143 ) ;
#8448 = DIRECTION ( 'NONE',  ( 0.000000000000000000, 1.000000000000000000, 0.000000000000000000 ) ) ;
#8449 = CARTESIAN_POINT ( 'NONE',  ( -0.05118110236220473064, 0.000000000000000000, -0.2795275590551348222 ) ) ;
#8450 = VECTOR ( 'NONE', #1670, 39.37007874015748143 ) ;
#8451 = CYLINDRICAL_SURFACE ( 'NONE', #7468, 0.01181102362204724046 ) ;
#8452 = DIRECTION ( 'NONE',  ( 0.03489949675490201797, 0.000000000000000000, 0.9993908270172658925 ) ) ;
#8453 = DIRECTION ( 'NONE',  ( 0.000000000000000000, 0.000000000000000000, -1.000000000000000000 ) ) ;
#8454 = EDGE_CURVE ( 'NONE', #3138, #5823, #78, .T. ) ;
#8455 = VERTEX_POINT ( 'NONE', #3696 ) ;
#8456 = EDGE_CURVE ( 'NONE', #5523, #4263, #3613, .T. ) ;
#8457 = VERTEX_POINT ( 'NONE', #7298 ) ;
#8458 = ORIENTED_EDGE ( 'NONE', *, *, #11368, .F. ) ;
#8459 = PLANE ( 'NONE',  #2211 ) ;
#8460 = VERTEX_POINT ( 'NONE', #4685 ) ;
#8461 = VERTEX_POINT ( 'NONE', #9161 ) ;
#8462 = PLANE ( 'NONE',  #5313 ) ;
#8463 = CARTESIAN_POINT ( 'NONE',  ( -0.1425196850393700698, -0.06692913385825120798, -0.3661417322834645272 ) ) ;
#8464 = CYLINDRICAL_SURFACE ( 'NONE', #2442, 0.007874015748031516770 ) ;
#8465 = CARTESIAN_POINT ( 'NONE',  ( -0.1929133858267716994, -0.1015748031496180731, -0.1181102362204724532 ) ) ;
#8466 = DIRECTION ( 'NONE',  ( 1.000000000000000000, 0.000000000000000000, 7.228014483236696555E-16 ) ) ;
#8467 = DIRECTION ( 'NONE',  ( 0.000000000000000000, 0.000000000000000000, -1.000000000000000000 ) ) ;
#8468 = ORIENTED_EDGE ( 'NONE', *, *, #1352, .T. ) ;
#8469 = EDGE_CURVE ( 'NONE', #7237, #10359, #3642, .T. ) ;
#8470 = DIRECTION ( 'NONE',  ( -1.000000000000000000, 0.000000000000000000, 0.000000000000000000 ) ) ;
#8471 = ORIENTED_EDGE ( 'NONE', *, *, #7084, .T. ) ;
#8472 = VECTOR ( 'NONE', #2818, 39.37007874015748143 ) ;
#8473 = ORIENTED_EDGE ( 'NONE', *, *, #2644, .T. ) ;
#8474 = ORIENTED_EDGE ( 'NONE', *, *, #5474, .F. ) ;
#8475 = ORIENTED_EDGE ( 'NONE', *, *, #8707, .T. ) ;
#8476 = ORIENTED_EDGE ( 'NONE', *, *, #1267, .T. ) ;
#8477 = DIRECTION ( 'NONE',  ( 0.000000000000000000, -1.000000000000000000, 0.000000000000000000 ) ) ;
#8478 = DIRECTION ( 'NONE',  ( 0.000000000000000000, 1.000000000000000000, 0.000000000000000000 ) ) ;
#8479 = DIRECTION ( 'NONE',  ( -0.01055259667998131867, -0.9996352360798904657, -0.02486035982868029307 ) ) ;
#8480 = CARTESIAN_POINT ( 'NONE',  ( 0.05744418240850984042, -0.04949897904607651611, -0.03686515690088076197 ) ) ;
#8481 = CARTESIAN_POINT ( 'NONE',  ( 0.04724409448818896184, 0.07480314960629921850, -0.05787401584251974235 ) ) ;
#8482 = ORIENTED_EDGE ( 'NONE', *, *, #922, .T. ) ;
#8483 = EDGE_CURVE ( 'NONE', #3765, #4064, #5473, .T. ) ;
#8484 = VERTEX_POINT ( 'NONE', #9925 ) ;
#8485 = ORIENTED_EDGE ( 'NONE', *, *, #8899, .T. ) ;
#8486 = CARTESIAN_POINT ( 'NONE',  ( -0.05118110236220473064, 0.000000000000000000, -0.3425196850393699699 ) ) ;
#8487 = EDGE_CURVE ( 'NONE', #10606, #7013, #7143, .T. ) ;
#8488 = CARTESIAN_POINT ( 'NONE',  ( 0.1496062992096033606, 0.02047622796869162654, -0.1092519684781398104 ) ) ;
#8489 = DIRECTION ( 'NONE',  ( -1.000000000000000000, 0.000000000000000000, 0.000000000000000000 ) ) ;
#8490 = AXIS2_PLACEMENT_3D ( 'NONE', #3263, #11062, #7506 ) ;
#8491 = CARTESIAN_POINT ( 'NONE',  ( 0.1850393700757264337, -0.1015653968110210165, -0.3464566929298031894 ) ) ;
#8492 = DIRECTION ( 'NONE',  ( 0.9993908270172984221, 0.000000000000000000, -0.03489949675396764733 ) ) ;
#8493 = DIRECTION ( 'NONE',  ( 0.000000000000000000, 0.000000000000000000, 1.000000000000000000 ) ) ;
#8494 = DIRECTION ( 'NONE',  ( -0.000000000000000000, -0.4961389383569826395, -0.8682431421243741454 ) ) ;
#8495 = ADVANCED_FACE ( 'NONE', ( #249 ), #2877, .F. ) ;
#8496 = FACE_OUTER_BOUND ( 'NONE', #9626, .T. ) ;
#8497 = DIRECTION ( 'NONE',  ( 0.000000000000000000, 1.000000000000000000, 0.000000000000000000 ) ) ;
#8498 = ORIENTED_EDGE ( 'NONE', *, *, #6042, .T. ) ;
#8499 = PLANE ( 'NONE',  #7058 ) ;
#8500 = ORIENTED_EDGE ( 'NONE', *, *, #6323, .T. ) ;
#8501 = AXIS2_PLACEMENT_3D ( 'NONE', #4819, #6618, #7548 ) ;
#8502 = ORIENTED_EDGE ( 'NONE', *, *, #8132, .F. ) ;
#8503 = FACE_OUTER_BOUND ( 'NONE', #1932, .T. ) ;
#8504 = FACE_OUTER_BOUND ( 'NONE', #9812, .T. ) ;
#8505 = DIRECTION ( 'NONE',  ( -1.962450904614682344E-10, -1.000000000000000000, 0.000000000000000000 ) ) ;
#8506 = ADVANCED_FACE ( 'NONE', ( #10797 ), #5441, .F. ) ;
#8507 = VECTOR ( 'NONE', #6090, 39.37007874015748143 ) ;
#8508 = CARTESIAN_POINT ( 'NONE',  ( -0.04527559055118111214, 0.01771653543307089365, -0.3307086614173202488 ) ) ;
#8509 = VERTEX_POINT ( 'NONE', #8005 ) ;
#8510 = ORIENTED_EDGE ( 'NONE', *, *, #9171, .F. ) ;
#8511 = VERTEX_POINT ( 'NONE', #5549 ) ;
#8512 = VECTOR ( 'NONE', #1033, 39.37007874015748143 ) ;
#8513 = CYLINDRICAL_SURFACE ( 'NONE', #8719, 0.005905511811023586403 ) ;
#8514 = EDGE_LOOP ( 'NONE', ( #7749, #5222, #9247, #8630, #1351, #2329, #9643, #1916, #6757, #6792, #4187, #3235, #3362, #5149 ) ) ;
#8515 = ADVANCED_FACE ( 'NONE', ( #1939 ), #399, .T. ) ;
#8516 = ORIENTED_EDGE ( 'NONE', *, *, #5934, .F. ) ;
#8517 = DIRECTION ( 'NONE',  ( -1.000000000000000000, -0.000000000000000000, -0.000000000000000000 ) ) ;
#8518 = DIMENSIONAL_EXPONENTS ( 1.000000000000000000, 0.000000000000000000, 0.000000000000000000, 0.000000000000000000, 0.000000000000000000, 0.000000000000000000, 0.000000000000000000 ) ;
#8519 = CARTESIAN_POINT ( 'NONE',  ( -0.003937007873542696691, 0.02657480314630535079, -0.3425196850393816828 ) ) ;
#8520 = CARTESIAN_POINT ( 'NONE',  ( 0.1082677165328084085, -0.02165354333858269392, -0.3129921259606299744 ) ) ;
#8521 = CARTESIAN_POINT ( 'NONE',  ( 0.000000000000000000, 0.07086614173228347746, -0.3661417322834646382 ) ) ;
#8522 = DIRECTION ( 'NONE',  ( 0.000000000000000000, 0.000000000000000000, 1.000000000000000000 ) ) ;
#8523 = CARTESIAN_POINT ( 'NONE',  ( 0.1574803149606299191, 0.1102362204724409295, -0.3661417322834646382 ) ) ;
#8524 = CARTESIAN_POINT ( 'NONE',  ( -0.009842519685039361269, 5.062516295687880027E-18, -0.3425196850393611991 ) ) ;
#8525 = EDGE_LOOP ( 'NONE', ( #9438, #7729, #5093, #8032 ) ) ;
#8526 = DIRECTION ( 'NONE',  ( 0.03489949667903975011, 0.000000000000000000, 0.9993908270199149957 ) ) ;
#8527 = AXIS2_PLACEMENT_3D ( 'NONE', #8701, #1652, #10577 ) ;
#8528 = ORIENTED_EDGE ( 'NONE', *, *, #4917, .F. ) ;
#8529 = ORIENTED_EDGE ( 'NONE', *, *, #2590, .T. ) ;
#8530 = ORIENTED_EDGE ( 'NONE', *, *, #2099, .F. ) ;
#8531 = ORIENTED_EDGE ( 'NONE', *, *, #9003, .T. ) ;
#8532 = ADVANCED_FACE ( 'NONE', ( #10150 ), #355, .T. ) ;
#8533 = EDGE_CURVE ( 'NONE', #5120, #8940, #4852, .T. ) ;
#8534 = ORIENTED_EDGE ( 'NONE', *, *, #512, .F. ) ;
#8535 = EDGE_CURVE ( 'NONE', #9859, #10959, #2283, .T. ) ;
#8536 = VECTOR ( 'NONE', #5013, 39.37007874015748143 ) ;
#8537 = CARTESIAN_POINT ( 'NONE',  ( 0.1841685623870624178, -0.1015748031496008785, -0.1496062992371908207 ) ) ;
#8538 = DIRECTION ( 'NONE',  ( 0.000000000000000000, 1.826752797404298746E-09, -1.000000000000000000 ) ) ;
#8539 = DIRECTION ( 'NONE',  ( 0.000000000000000000, 0.7071067811865475727, 0.7071067811865475727 ) ) ;
#8540 = CARTESIAN_POINT ( 'NONE',  ( 0.09448818897637001335, 0.1102362204724483680, -0.2303149606240157965 ) ) ;
#8541 = CARTESIAN_POINT ( 'NONE',  ( 0.02757786507653539609, 0.08858267716535433989, -0.3366141732447638368 ) ) ;
#8542 = ORIENTED_EDGE ( 'NONE', *, *, #524, .F. ) ;
#8543 = ORIENTED_EDGE ( 'NONE', *, *, #8631, .F. ) ;
#8544 = VECTOR ( 'NONE', #2557, 39.37007874015748143 ) ;
#8545 = VERTEX_POINT ( 'NONE', #9270 ) ;
#8546 = ADVANCED_FACE ( 'NONE', ( #5836 ), #1286, .F. ) ;
#8547 = CARTESIAN_POINT ( 'NONE',  ( 0.1107417415062401655, -0.07086614173229674463, -0.1836181216241142000 ) ) ;
#8548 = DIRECTION ( 'NONE',  ( 0.000000000000000000, 0.000000000000000000, -1.000000000000000000 ) ) ;
#8549 = CARTESIAN_POINT ( 'NONE',  ( -0.05118110236220469594, -1.789011513980217747E-11, -0.3484251968898033347 ) ) ;
#8550 = LINE ( 'NONE', #4078, #4854 ) ;
#8551 = LINE ( 'NONE', #11298, #10765 ) ;
#8552 = CARTESIAN_POINT ( 'NONE',  ( 0.1013779527559055121, -0.07165354330707163211, -0.2370078740157480213 ) ) ;
#8553 = CARTESIAN_POINT ( 'NONE',  ( 0.01709268423011407398, -0.04675624385813323403, -0.1319273292249418250 ) ) ;
#8554 = AXIS2_PLACEMENT_3D ( 'NONE', #1820, #9630, #5316 ) ;
#8555 = CYLINDRICAL_SURFACE ( 'NONE', #4826, 0.01574803149606299885 ) ;
#8556 = LINE ( 'NONE', #1690, #586 ) ;
#8557 = VECTOR ( 'NONE', #7105, 39.37007874015748143 ) ;
#8558 = VERTEX_POINT ( 'NONE', #6643 ) ;
#8559 = FACE_OUTER_BOUND ( 'NONE', #5262, .T. ) ;
#8560 = VECTOR ( 'NONE', #2123, 39.37007874015748143 ) ;
#8561 = VECTOR ( 'NONE', #11214, 39.37007874015748143 ) ;
#8562 = ADVANCED_FACE ( 'NONE', ( #297 ), #419, .F. ) ;
#8563 = VECTOR ( 'NONE', #6516, 39.37007874015748143 ) ;
#8564 = EDGE_LOOP ( 'NONE', ( #5431, #6539, #6086, #7866, #1353, #2934, #3233, #4124, #741, #4846, #5162, #6246, #9519, #9683, #10182, #9236 ) ) ;
#8565 = DIRECTION ( 'NONE',  ( 1.000000000000000000, 1.445602896959033243E-15, -5.200122740941017372E-11 ) ) ;
#8566 = CARTESIAN_POINT ( 'NONE',  ( 0.1082677165354370419, 0.1102362204724446487, -0.2724409450059055993 ) ) ;
#8567 = DIRECTION ( 'NONE',  ( -1.000000000000000000, -0.000000000000000000, -0.000000000000000000 ) ) ;
#8568 = MECHANICAL_DESIGN_GEOMETRIC_PRESENTATION_REPRESENTATION (  '', ( #10629 ), #5778 ) ;
#8569 = ORIENTED_EDGE ( 'NONE', *, *, #10108, .T. ) ;
#8570 = ORIENTED_EDGE ( 'NONE', *, *, #3489, .F. ) ;
#8571 = AXIS2_PLACEMENT_3D ( 'NONE', #8253, #273, #9069 ) ;
#8572 = EDGE_LOOP ( 'NONE', ( #10524, #3358, #5144, #6540, #10554, #11413, #10852, #8629 ) ) ;
#8573 = DIRECTION ( 'NONE',  ( 0.01745240638502377345, 0.000000000000000000, -0.9998476951573035398 ) ) ;
#8574 = ORIENTED_EDGE ( 'NONE', *, *, #11192, .T. ) ;
#8575 = EDGE_CURVE ( 'NONE', #9515, #9821, #9388, .T. ) ;
#8576 = AXIS2_PLACEMENT_3D ( 'NONE', #8616, #3325, #5014 ) ;
#8577 = VERTEX_POINT ( 'NONE', #1175 ) ;
#8578 = DIRECTION ( 'NONE',  ( 0.000000000000000000, 0.000000000000000000, 1.000000000000000000 ) ) ;
#8579 = AXIS2_PLACEMENT_3D ( 'NONE', #11053, #3306, #621 ) ;
#8580 = DIRECTION ( 'NONE',  ( 0.000000000000000000, 1.000000000000000000, 0.000000000000000000 ) ) ;
#8581 = VECTOR ( 'NONE', #8567, 39.37007874015748143 ) ;
#8582 = LINE ( 'NONE', #2137, #10253 ) ;
#8583 = CARTESIAN_POINT ( 'NONE',  ( 0.1079086805449999964, -0.06431336858460630357, -0.2868630208174803853 ) ) ;
#8584 = CARTESIAN_POINT ( 'NONE',  ( 0.1033464566929133965, -0.08346456692913384323, -0.2992125984251968740 ) ) ;
#8585 = DIRECTION ( 'NONE',  ( 0.000000000000000000, 1.000000000000000000, 0.000000000000000000 ) ) ;
#8586 = CARTESIAN_POINT ( 'NONE',  ( 0.04428308993250094916, -0.04517137866159701837, -0.1885393174697982954 ) ) ;
#8587 = ORIENTED_EDGE ( 'NONE', *, *, #10184, .F. ) ;
#8588 = CARTESIAN_POINT ( 'NONE',  ( 0.09574337230073812210, -0.03543307086614173873, -0.2746855949623386306 ) ) ;
#8589 = VECTOR ( 'NONE', #9881, 39.37007874015748143 ) ;
#8590 = EDGE_LOOP ( 'NONE', ( #10993, #5917 ) ) ;
#8591 = VECTOR ( 'NONE', #286, 39.37007874015748143 ) ;
#8592 = ORIENTED_EDGE ( 'NONE', *, *, #9393, .F. ) ;
#8593 = CARTESIAN_POINT ( 'NONE',  ( 0.06013275737556374179, -0.04935686499956433437, -0.04562576277600621788 ) ) ;
#8594 = ORIENTED_EDGE ( 'NONE', *, *, #7992, .F. ) ;
#8595 = EDGE_LOOP ( 'NONE', ( #161, #2925, #5001, #7412 ) ) ;
#8596 = CARTESIAN_POINT ( 'NONE',  ( 0.07206105233648434083, 0.06136134665372233038, -0.2186927553581197725 ) ) ;
#8597 = CARTESIAN_POINT ( 'NONE',  ( -0.05118110236220473064, -1.789005760185421908E-11, -0.3484251968898076091 ) ) ;
#8598 = DIRECTION ( 'NONE',  ( -0.3905886037434190827, 0.02700730989013555225, -0.9201690865478282522 ) ) ;
#8599 = CARTESIAN_POINT ( 'NONE',  ( 0.05470372310205791344, -0.04935686499973705732, -0.04332127444028949226 ) ) ;
#8600 = CARTESIAN_POINT ( 'NONE',  ( 0.07206105239883887903, 0.008513019872106316124, -0.2186927553527764911 ) ) ;
#8601 = EDGE_CURVE ( 'NONE', #6881, #4280, #3871, .T. ) ;
#8602 = ORIENTED_EDGE ( 'NONE', *, *, #3797, .F. ) ;
#8603 = ORIENTED_EDGE ( 'NONE', *, *, #2480, .F. ) ;
#8604 = EDGE_CURVE ( 'NONE', #4839, #8405, #7218, .T. ) ;
#8605 = EDGE_CURVE ( 'NONE', #8980, #4985, #9910, .T. ) ;
#8606 = EDGE_CURVE ( 'NONE', #4280, #3501, #984, .T. ) ;
#8607 = ORIENTED_EDGE ( 'NONE', *, *, #4337, .F. ) ;
#8608 = DIRECTION ( 'NONE',  ( 0.000000000000000000, -1.000000000000000000, 0.000000000000000000 ) ) ;
#8609 = CYLINDRICAL_SURFACE ( 'NONE', #8677, 0.01181102362204730985 ) ;
#8610 = LINE ( 'NONE', #5703, #4111 ) ;
#8611 = DIRECTION ( 'NONE',  ( 0.000000000000000000, 1.000000000000000000, 0.000000000000000000 ) ) ;
#8612 = CARTESIAN_POINT ( 'NONE',  ( 0.09448818897046527832, 0.07480314960629132204, -0.05787401577165354749 ) ) ;
#8613 = CARTESIAN_POINT ( 'NONE',  ( 0.1496062992125984370, 0.02559055118110236532, -0.1015748031496063186 ) ) ;
#8614 = LINE ( 'NONE', #5131, #7424 ) ;
#8615 = CARTESIAN_POINT ( 'NONE',  ( 0.1555118110260758357, -0.06456692913546653589, -0.1708661417524798831 ) ) ;
#8616 = CARTESIAN_POINT ( 'NONE',  ( -0.05118110236220469594, 0.02755905508813365212, -0.3484251968394597165 ) ) ;
#8617 = ADVANCED_FACE ( 'NONE', ( #9080 ), #4602, .T. ) ;
#8618 = ORIENTED_EDGE ( 'NONE', *, *, #7537, .T. ) ;
#8619 = EDGE_CURVE ( 'NONE', #7913, #671, #6280, .T. ) ;
#8620 = CARTESIAN_POINT ( 'NONE',  ( 0.000000000000000000, 0.09921259842519686289, -0.3661417322834646382 ) ) ;
#8621 = ORIENTED_EDGE ( 'NONE', *, *, #7598, .T. ) ;
#8622 = VECTOR ( 'NONE', #10915, 39.37007874015748143 ) ;
#8623 = ORIENTED_EDGE ( 'NONE', *, *, #6705, .F. ) ;
#8624 = CARTESIAN_POINT ( 'NONE',  ( 0.1846639968950787303, -0.1020702376816141760, -0.1275590551716141996 ) ) ;
#8625 = PLANE ( 'NONE',  #9856 ) ;
#8626 = DIRECTION ( 'NONE',  ( -1.000000000000000000, 0.000000000000000000, 7.380634053236336938E-11 ) ) ;
#8627 = DIRECTION ( 'NONE',  ( 0.000000000000000000, 0.000000000000000000, 1.000000000000000000 ) ) ;
#8628 = AXIS2_PLACEMENT_3D ( 'NONE', #1160, #8262, #4660 ) ;
#8629 = ORIENTED_EDGE ( 'NONE', *, *, #6724, .F. ) ;
#8630 = ORIENTED_EDGE ( 'NONE', *, *, #2981, .T. ) ;
#8631 = EDGE_CURVE ( 'NONE', #11459, #1970, #10777, .T. ) ;
#8632 = ORIENTED_EDGE ( 'NONE', *, *, #239, .T. ) ;
#8633 = DIRECTION ( 'NONE',  ( 1.000000000000000000, 0.000000000000000000, 0.000000000000000000 ) ) ;
#8634 = VERTEX_POINT ( 'NONE', #2912 ) ;
#8635 = ORIENTED_EDGE ( 'NONE', *, *, #6326, .T. ) ;
#8636 = DIRECTION ( 'NONE',  ( -1.000000000000000000, 0.000000000000000000, 0.000000000000000000 ) ) ;
#8637 = CARTESIAN_POINT ( 'NONE',  ( -0.05437248908438612610, -0.05787401574803148485, -0.3425196850393816828 ) ) ;
#8638 = EDGE_CURVE ( 'NONE', #7410, #10654, #1975, .T. ) ;
#8639 = DIRECTION ( 'NONE',  ( 0.000000000000000000, 0.000000000000000000, 1.000000000000000000 ) ) ;
#8640 = DIRECTION ( 'NONE',  ( -1.000000000000000000, 0.000000000000000000, 0.000000000000000000 ) ) ;
#8641 = DIRECTION ( 'NONE',  ( 0.000000000000000000, 0.000000000000000000, 1.000000000000000000 ) ) ;
#8642 = CARTESIAN_POINT ( 'NONE',  ( 0.1437007874187507805, -0.01968503937007280713, -0.3111619278840013769 ) ) ;
#8643 = CARTESIAN_POINT ( 'NONE',  ( -0.1929133858267716994, -0.1015748031496182813, -0.1574803149606299191 ) ) ;
#8644 = ORIENTED_EDGE ( 'NONE', *, *, #9908, .T. ) ;
#8645 = EDGE_CURVE ( 'NONE', #3462, #8558, #1757, .T. ) ;
#8646 = VECTOR ( 'NONE', #5749, 39.37007874015748143 ) ;
#8647 = EDGE_CURVE ( 'NONE', #8172, #2985, #5528, .T. ) ;
#8648 = ORIENTED_EDGE ( 'NONE', *, *, #4359, .T. ) ;
#8649 = DIRECTION ( 'NONE',  ( 3.469446951953610639E-15, 0.000000000000000000, -1.000000000000000000 ) ) ;
#8650 = ORIENTED_EDGE ( 'NONE', *, *, #2342, .F. ) ;
#8651 = ORIENTED_EDGE ( 'NONE', *, *, #1046, .F. ) ;
#8652 = CARTESIAN_POINT ( 'NONE',  ( 0.1417322834645658725, -0.03740157480314960925, -0.3503937007874015630 ) ) ;
#8653 = CARTESIAN_POINT ( 'NONE',  ( -0.1562992113779527736, 0.01456692913385827792, -0.07677165354329752722 ) ) ;
#8654 = CARTESIAN_POINT ( 'NONE',  ( -0.1850393700787401619, -0.1015748031496182119, -0.1141732283464566844 ) ) ;
#8655 = CARTESIAN_POINT ( 'NONE',  ( 0.09450677587905176313, -0.01968503937007866356, -0.3100970810360504371 ) ) ;
#8656 = AXIS2_PLACEMENT_3D ( 'NONE', #6600, #3994, #258 ) ;
#8657 = DIRECTION ( 'NONE',  ( 1.450570247745488363E-15, -2.500983185771732056E-15, 1.000000000000000000 ) ) ;
#8658 = ORIENTED_EDGE ( 'NONE', *, *, #6326, .F. ) ;
#8659 = EDGE_CURVE ( 'NONE', #7785, #10100, #5590, .T. ) ;
#8660 = EDGE_LOOP ( 'NONE', ( #2675, #553, #7923, #7597, #7351, #6378, #10474, #6157 ) ) ;
#8661 = ORIENTED_EDGE ( 'NONE', *, *, #10594, .T. ) ;
#8662 = ORIENTED_EDGE ( 'NONE', *, *, #9036, .T. ) ;
#8663 = ORIENTED_EDGE ( 'NONE', *, *, #6828, .T. ) ;
#8664 = DIRECTION ( 'NONE',  ( 0.03489949675490358616, 0.000000000000000000, 0.9993908270172657815 ) ) ;
#8665 = EDGE_CURVE ( 'NONE', #34, #11163, #2739, .T. ) ;
#8666 = CARTESIAN_POINT ( 'NONE',  ( 0.001968503937007874422, -0.06102362204726097250, -0.1850393700787401619 ) ) ;
#8667 = CARTESIAN_POINT ( 'NONE',  ( 0.07256249538858268455, 0.06135360652523622754, -0.2191529120238188966 ) ) ;
#8668 = EDGE_CURVE ( 'NONE', #1011, #3309, #9959, .T. ) ;
#8669 = CYLINDRICAL_SURFACE ( 'NONE', #5780, 0.02755905511811023237 ) ;
#8670 = DIRECTION ( 'NONE',  ( 0.000000000000000000, 0.000000000000000000, 1.000000000000000000 ) ) ;
#8671 = CARTESIAN_POINT ( 'NONE',  ( 0.1240157480314960647, -0.08740157480315352556, -0.2992125984251968185 ) ) ;
#8672 = FACE_OUTER_BOUND ( 'NONE', #3106, .T. ) ;
#8673 = CARTESIAN_POINT ( 'NONE',  ( 0.1421899664039763811, 0.08070866141732283006, -0.3125344430448425137 ) ) ;
#8674 = PLANE ( 'NONE',  #8768 ) ;
#8675 = ORIENTED_EDGE ( 'NONE', *, *, #4074, .T. ) ;
#8676 = LINE ( 'NONE', #10501, #9292 ) ;
#8677 = AXIS2_PLACEMENT_3D ( 'NONE', #8437, #7681, #2264 ) ;
#8678 = EDGE_CURVE ( 'NONE', #6232, #5238, #2860, .T. ) ;
#8679 = ADVANCED_FACE ( 'NONE', ( #1098 ), #4774, .T. ) ;
#8680 = CARTESIAN_POINT ( 'NONE',  ( 0.03348337688755975011, 0.08858267723362196755, -0.2577811074164035321 ) ) ;
#8681 = LINE ( 'NONE', #1866, #5595 ) ;
#8682 = EDGE_CURVE ( 'NONE', #2062, #11274, #282, .T. ) ;
#8683 = DIRECTION ( 'NONE',  ( 0.000000000000000000, 0.000000000000000000, -1.000000000000000000 ) ) ;
#8684 = DIRECTION ( 'NONE',  ( 1.000000000000000000, 0.000000000000000000, 0.000000000000000000 ) ) ;
#8685 = FILL_AREA_STYLE_COLOUR ( '', #2812 ) ;
#8686 = VERTEX_POINT ( 'NONE', #2969 ) ;
#8687 = ORIENTED_EDGE ( 'NONE', *, *, #6423, .F. ) ;
#8688 = AXIS2_PLACEMENT_3D ( 'NONE', #9128, #5578, #6265 ) ;
#8689 = VERTEX_POINT ( 'NONE', #6513 ) ;
#8690 = CARTESIAN_POINT ( 'NONE',  ( 0.05342473346457028704, 0.07480314960629921850, -0.01968503937007790028 ) ) ;
#8691 = VERTEX_POINT ( 'NONE', #10082 ) ;
#8692 = EDGE_LOOP ( 'NONE', ( #6195, #925, #6800, #508 ) ) ;
#8693 = DIRECTION ( 'NONE',  ( 1.000000000000000000, 0.000000000000000000, 0.000000000000000000 ) ) ;
#8694 = CARTESIAN_POINT ( 'NONE',  ( 0.1437007874215724401, 0.02559055118110236532, -0.1062992125900787260 ) ) ;
#8695 = EDGE_CURVE ( 'NONE', #10156, #2999, #10719, .T. ) ;
#8696 = VECTOR ( 'NONE', #10812, 39.37007874015748143 ) ;
#8697 = CARTESIAN_POINT ( 'NONE',  ( 0.1111195903887441799, -0.07086614173229922875, -0.1727979453085901063 ) ) ;
#8698 = LINE ( 'NONE', #11451, #3367 ) ;
#8699 = AXIS2_PLACEMENT_3D ( 'NONE', #6445, #6335, #4595 ) ;
#8700 = DIRECTION ( 'NONE',  ( -1.000000000000000000, 0.000000000000000000, 0.000000000000000000 ) ) ;
#8701 = CARTESIAN_POINT ( 'NONE',  ( -0.05118110236220471676, 0.000000000000000000, -0.2401574803149619242 ) ) ;
#8702 = ORIENTED_EDGE ( 'NONE', *, *, #8816, .T. ) ;
#8703 = ORIENTED_EDGE ( 'NONE', *, *, #3168, .T. ) ;
#8704 = CARTESIAN_POINT ( 'NONE',  ( 0.1417322834645669272, -0.02165354324950787002, -0.3129921259251968735 ) ) ;
#8705 = ORIENTED_EDGE ( 'NONE', *, *, #11292, .F. ) ;
#8706 = VERTEX_POINT ( 'NONE', #5475 ) ;
#8707 = EDGE_CURVE ( 'NONE', #5337, #671, #2800, .T. ) ;
#8708 = CARTESIAN_POINT ( 'NONE',  ( 0.1437007874036189403, 0.07874015748031520934, -0.1023622047244097527 ) ) ;
#8709 = DIRECTION ( 'NONE',  ( 0.000000000000000000, 0.000000000000000000, -1.000000000000000000 ) ) ;
#8710 = CARTESIAN_POINT ( 'NONE',  ( -0.09645669291338582196, 5.544660704801011642E-18, -0.2401574803149619242 ) ) ;
#8711 = DIRECTION ( 'NONE',  ( 0.9993908270172411346, 6.321799346123133929E-13, -0.03489949675560841819 ) ) ;
#8712 = DIRECTION ( 'NONE',  ( 0.000000000000000000, 1.000000000000000000, 0.000000000000000000 ) ) ;
#8713 = ORIENTED_EDGE ( 'NONE', *, *, #10627, .F. ) ;
#8714 = EDGE_LOOP ( 'NONE', ( #5991, #7422, #7428, #6557, #3410, #5034, #9322, #8827, #3889, #6677, #2167, #854, #4989, #8169 ) ) ;
#8715 = ORIENTED_EDGE ( 'NONE', *, *, #2156, .F. ) ;
#8716 = ORIENTED_EDGE ( 'NONE', *, *, #2584, .T. ) ;
#8717 = CIRCLE ( 'NONE', #10212, 0.003937007874026008866 ) ;
#8718 = ADVANCED_FACE ( 'NONE', ( #8095 ), #169, .T. ) ;
#8719 = AXIS2_PLACEMENT_3D ( 'NONE', #1465, #6886, #5840 ) ;
#8720 = DIRECTION ( 'NONE',  ( -0.9993908270172657815, 0.000000000000000000, 0.03489949675490422454 ) ) ;
#8721 = VECTOR ( 'NONE', #10023, 39.37007874015748143 ) ;
#8722 = CARTESIAN_POINT ( 'NONE',  ( 0.1152195918715083478, -0.05176835823396256503, -0.05538926431783268434 ) ) ;
#8723 = CARTESIAN_POINT ( 'NONE',  ( 0.07245843437413386490, 0.06148780767149606558, -0.2110240959505905178 ) ) ;
#8724 = LINE ( 'NONE', #1682, #1510 ) ;
#8725 = CARTESIAN_POINT ( 'NONE',  ( 0.1920425781626202144, -0.08976377952756478540, -0.1196850401749544879 ) ) ;
#8726 = CARTESIAN_POINT ( 'NONE',  ( 0.1042720967255393039, 0.08858267716557859106, -0.1996696951438656220 ) ) ;
#8727 = ORIENTED_EDGE ( 'NONE', *, *, #7384, .T. ) ;
#8728 = CIRCLE ( 'NONE', #7612, 0.02559055118110236532 ) ;
#8729 = CARTESIAN_POINT ( 'NONE',  ( 0.1594488188951382890, -0.08582677165354331283, -0.1062992125909532209 ) ) ;
#8730 = CARTESIAN_POINT ( 'NONE',  ( -0.1858503941188976438, -0.07706803071755904955, -0.3464566929133858775 ) ) ;
#8731 = EDGE_LOOP ( 'NONE', ( #7771, #8298, #6905, #8713 ) ) ;
#8732 = VECTOR ( 'NONE', #2888, 39.37007874015748143 ) ;
#8733 = LINE ( 'NONE', #6936, #10978 ) ;
#8734 = CARTESIAN_POINT ( 'NONE',  ( 0.1141806282618756385, -0.08975437318897765138, -0.3208660471387583257 ) ) ;
#8735 = DIRECTION ( 'NONE',  ( -1.000000000000000000, 0.000000000000000000, 0.000000000000000000 ) ) ;
#8736 = VECTOR ( 'NONE', #10094, 39.37007874015748143 ) ;
#8737 = AXIS2_PLACEMENT_3D ( 'NONE', #1861, #2738, #7380 ) ;
#8738 = DIRECTION ( 'NONE',  ( 0.9993908270173006425, 0.000000000000000000, -0.03489949675390680017 ) ) ;
#8739 = DIRECTION ( 'NONE',  ( 1.000000000000000000, 0.000000000000000000, 0.000000000000000000 ) ) ;
#8740 = ADVANCED_FACE ( 'NONE', ( #9414 ), #1313, .T. ) ;
#8741 = ORIENTED_EDGE ( 'NONE', *, *, #2468, .F. ) ;
#8742 = ORIENTED_EDGE ( 'NONE', *, *, #10401, .F. ) ;
#8743 = EDGE_LOOP ( 'NONE', ( #791, #8406, #7031, #3486, #1024, #4484 ) ) ;
#8744 = EDGE_CURVE ( 'NONE', #7215, #5111, #499, .T. ) ;
#8745 = VECTOR ( 'NONE', #2932, 39.37007874015748143 ) ;
#8746 = EDGE_CURVE ( 'NONE', #11495, #11348, #4066, .T. ) ;
#8747 = VECTOR ( 'NONE', #3944, 39.37007874015748143 ) ;
#8748 = EDGE_CURVE ( 'NONE', #5145, #4177, #1571, .T. ) ;
#8749 = DIRECTION ( 'NONE',  ( 0.000000000000000000, 1.000000000000000000, 0.000000000000000000 ) ) ;
#8750 = AXIS2_PLACEMENT_3D ( 'NONE', #8857, #6177, #8915 ) ;
#8751 = ORIENTED_EDGE ( 'NONE', *, *, #7385, .F. ) ;
#8752 = CARTESIAN_POINT ( 'NONE',  ( -0.07224409387795277526, 0.06417322834645670937, -0.3425196850393700809 ) ) ;
#8753 = CARTESIAN_POINT ( 'NONE',  ( 0.1929133858245669908, -0.08975437318897884487, -0.2952755905690748195 ) ) ;
#8754 = LINE ( 'NONE', #717, #5237 ) ;
#8756 = CARTESIAN_POINT ( 'NONE',  ( 0.000000000000000000, -0.09842519685039370636, -0.1948818899409448802 ) ) ;
#8755 = STYLED_ITEM ( 'NONE', ( #7878 ), #10795 ) ;
#8757 = VECTOR ( 'NONE', #688, 39.37007874015748143 ) ;
#8758 =( LENGTH_UNIT ( ) NAMED_UNIT ( * ) SI_UNIT ( $, .METRE. ) );
#8759 = DIRECTION ( 'NONE',  ( -0.000000000000000000, -1.000000000000000000, -0.000000000000000000 ) ) ;
#8760 = DIRECTION ( 'NONE',  ( 0.000000000000000000, -1.000000000000000000, 0.000000000000000000 ) ) ;
#8761 = VERTEX_POINT ( 'NONE', #4011 ) ;
#8762 = ORIENTED_EDGE ( 'NONE', *, *, #596, .F. ) ;
#8763 = CARTESIAN_POINT ( 'NONE',  ( 0.1082677165354342802, -0.06496062992125889446, -0.2874015748031442663 ) ) ;
#8764 = VERTEX_POINT ( 'NONE', #10354 ) ;
#8765 = EDGE_CURVE ( 'NONE', #8248, #359, #7671, .T. ) ;
#8766 = PLANE ( 'NONE',  #7232 ) ;
#8767 = ORIENTED_EDGE ( 'NONE', *, *, #3453, .F. ) ;
#8768 = AXIS2_PLACEMENT_3D ( 'NONE', #640, #10374, #5251 ) ;
#8769 = AXIS2_PLACEMENT_3D ( 'NONE', #5863, #3199, #10419 ) ;
#8770 = AXIS2_PLACEMENT_3D ( 'NONE', #2988, #11027, #8165 ) ;
#8771 = B_SPLINE_CURVE_WITH_KNOTS ( 'NONE', 3,
 ( #134, #9220, #1234, #10976 ),
 .UNSPECIFIED., .F., .F.,
 ( 4, 4 ),
 ( 0.000000000000000000, 1.000000000000000000 ),
 .UNSPECIFIED. ) ;
#8772 = ORIENTED_EDGE ( 'NONE', *, *, #1094, .F. ) ;
#8773 = LINE ( 'NONE', #6310, #7057 ) ;
#8774 = DIRECTION ( 'NONE',  ( 1.000000000000000000, 0.000000000000000000, 0.000000000000000000 ) ) ;
#8775 = CARTESIAN_POINT ( 'NONE',  ( 0.1102456249977952635, -0.08581736531496061970, -0.3661417322998805068 ) ) ;
#8776 = DIRECTION ( 'NONE',  ( -0.9993908270172691122, 3.160050195438655285E-15, 0.03489949675480958496 ) ) ;
#8777 = LINE ( 'NONE', #3373, #4744 ) ;
#8778 = DIRECTION ( 'NONE',  ( -0.000000000000000000, -1.000000000000000000, -0.000000000000000000 ) ) ;
#8779 = EDGE_CURVE ( 'NONE', #3203, #1467, #4884, .T. ) ;
#8780 = VECTOR ( 'NONE', #5216, 39.37007874015748143 ) ;
#8781 = ORIENTED_EDGE ( 'NONE', *, *, #3632, .F. ) ;
#8782 = CIRCLE ( 'NONE', #5800, 0.005118110236212647900 ) ;
#8783 = ORIENTED_EDGE ( 'NONE', *, *, #7900, .T. ) ;
#8784 = EDGE_CURVE ( 'NONE', #2473, #6467, #390, .T. ) ;
#8785 = VERTEX_POINT ( 'NONE', #3252 ) ;
#8786 = ORIENTED_EDGE ( 'NONE', *, *, #11235, .T. ) ;
#8787 = CARTESIAN_POINT ( 'NONE',  ( 0.06763223202494311748, 0.02338820668200522479, -0.3033438942203381949 ) ) ;
#8788 = CARTESIAN_POINT ( 'NONE',  ( 0.1841685625231331003, -0.1015748031496035986, -0.1062992125931276344 ) ) ;
#8789 = DIRECTION ( 'NONE',  ( -1.000000000000000000, -0.000000000000000000, -0.000000000000000000 ) ) ;
#8790 = DIRECTION ( 'NONE',  ( 0.000000000000000000, 0.000000000000000000, 1.000000000000000000 ) ) ;
#8791 = CARTESIAN_POINT ( 'NONE',  ( 0.1103276284736281754, 0.08464566929133858497, -0.1954767673093158187 ) ) ;
#8792 = DIRECTION ( 'NONE',  ( 0.000000000000000000, -1.000000000000000000, 0.000000000000000000 ) ) ;
#8793 = ADVANCED_FACE ( 'NONE', ( #3197 ), #1253, .F. ) ;
#8794 = ORIENTED_EDGE ( 'NONE', *, *, #21, .T. ) ;
#8795 = CARTESIAN_POINT ( 'NONE',  ( 0.1299212598425344978, -0.06240157480314961064, -0.3661417322834646382 ) ) ;
#8796 = FACE_OUTER_BOUND ( 'NONE', #1873, .T. ) ;
#8797 = ORIENTED_EDGE ( 'NONE', *, *, #6392, .T. ) ;
#8798 = EDGE_CURVE ( 'NONE', #9919, #9336, #1426, .T. ) ;
#8799 = FACE_OUTER_BOUND ( 'NONE', #4088, .T. ) ;
#8800 = VERTEX_POINT ( 'NONE', #1368 ) ;
#8801 = DIRECTION ( 'NONE',  ( 0.9993908270173006425, 0.000000000000000000, -0.03489949675390680017 ) ) ;
#8802 = PLANE ( 'NONE',  #9126 ) ;
#8803 = DIRECTION ( 'NONE',  ( 0.000000000000000000, 0.000000000000000000, -1.000000000000000000 ) ) ;
#8804 = LINE ( 'NONE', #9847, #6920 ) ;
#8805 = SURFACE_STYLE_FILL_AREA ( #10386 ) ;
#8806 = ORIENTED_EDGE ( 'NONE', *, *, #1534, .F. ) ;
#8807 = ORIENTED_EDGE ( 'NONE', *, *, #9026, .T. ) ;
#8808 = LINE ( 'NONE', #10566, #1842 ) ;
#8809 = ORIENTED_EDGE ( 'NONE', *, *, #3033, .F. ) ;
#8810 = VECTOR ( 'NONE', #2718, 39.37007874015748143 ) ;
#8811 = CARTESIAN_POINT ( 'NONE',  ( 0.1432053528656299368, 0.03149606299212598381, -0.1018667701927952890 ) ) ;
#8812 = DIRECTION ( 'NONE',  ( 0.9993908270172691122, -3.160050195438655285E-15, -0.03489949675480958496 ) ) ;
#8813 = DIRECTION ( 'NONE',  ( -0.3907311287132389510, 0.000000000000000000, -0.9205048533573726433 ) ) ;
#8814 = CARTESIAN_POINT ( 'NONE',  ( 0.06077201446013072439, -0.04330421444770825301, -0.2487003756734068316 ) ) ;
#8815 = ADVANCED_FACE ( 'NONE', ( #11166 ), #8426, .F. ) ;
#8816 = EDGE_CURVE ( 'NONE', #1561, #4958, #9382, .T. ) ;
#8817 = CARTESIAN_POINT ( 'NONE',  ( 0.09827995225407858138, -0.07147206379140583210, -0.2020474488883229613 ) ) ;
#8818 = CARTESIAN_POINT ( 'NONE',  ( 0.000000000000000000, 0.1102362204724409156, 0.000000000000000000 ) ) ;
#8819 = CARTESIAN_POINT ( 'NONE',  ( 0.1233684866948425440, -0.08740157480314961203, -0.3677952755905512516 ) ) ;
#8820 = ORIENTED_EDGE ( 'NONE', *, *, #218, .T. ) ;
#8821 = ORIENTED_EDGE ( 'NONE', *, *, #5660, .T. ) ;
#8822 = CARTESIAN_POINT ( 'NONE',  ( 0.1437007874101575156, 0.03149606299213195126, -0.1969195466181496434 ) ) ;
#8823 = EDGE_LOOP ( 'NONE', ( #6676, #1178, #11263, #3719 ) ) ;
#8824 = VECTOR ( 'NONE', #1921, 39.37007874015748143 ) ;
#8825 = DIRECTION ( 'NONE',  ( 0.000000000000000000, 0.000000000000000000, -1.000000000000000000 ) ) ;
#8826 = ORIENTED_EDGE ( 'NONE', *, *, #7502, .F. ) ;
#8827 = ORIENTED_EDGE ( 'NONE', *, *, #9709, .F. ) ;
#8828 = DIRECTION ( 'NONE',  ( -3.625386392100698657E-09, 0.000000000000000000, -1.000000000000000000 ) ) ;
#8829 = EDGE_CURVE ( 'NONE', #2710, #1141, #3132, .T. ) ;
#8830 = DIRECTION ( 'NONE',  ( -1.000000000000000000, 0.000000000000000000, 0.000000000000000000 ) ) ;
#8831 = AXIS2_PLACEMENT_3D ( 'NONE', #8652, #6089, #5228 ) ;
#8832 = CARTESIAN_POINT ( 'NONE',  ( 0.07030340119911294983, 0.06571346395152233288, -0.04055667209346969226 ) ) ;
#8833 = ADVANCED_FACE ( 'NONE', ( #5922 ), #10237, .T. ) ;
#8834 = AXIS2_PLACEMENT_3D ( 'NONE', #8791, #5408, #3617 ) ;
#8835 = DIRECTION ( 'NONE',  ( -0.000000000000000000, 0.000000000000000000, 1.000000000000000000 ) ) ;
#8836 = CARTESIAN_POINT ( 'NONE',  ( -0.1405511601968503776, -0.01850393700787394610, -0.3267716535433071168 ) ) ;
#8837 = DIRECTION ( 'NONE',  ( 3.771137991253928573E-16, 0.000000000000000000, 1.000000000000000000 ) ) ;
#8838 = ORIENTED_EDGE ( 'NONE', *, *, #5003, .F. ) ;
#8839 = VERTEX_POINT ( 'NONE', #5861 ) ;
#8840 = VERTEX_POINT ( 'NONE', #8537 ) ;
#8841 = AXIS2_PLACEMENT_3D ( 'NONE', #11463, #11283, #7779 ) ;
#8842 = EDGE_CURVE ( 'NONE', #2275, #5469, #8364, .T. ) ;
#8843 = LINE ( 'NONE', #10492, #7561 ) ;
#8844 = CARTESIAN_POINT ( 'NONE',  ( 0.06402799596188975262, 0.06135318035984252405, -0.2192245198169291420 ) ) ;
#8845 = EDGE_CURVE ( 'NONE', #11348, #10472, #11050, .T. ) ;
#8846 = CARTESIAN_POINT ( 'NONE',  ( -0.05118110236220473064, 0.000000000000000000, -0.3307086614173109229 ) ) ;
#8847 = CARTESIAN_POINT ( 'NONE',  ( 0.09251968504725961717, -0.07283464567718087035, -0.3543307086614008727 ) ) ;
#8848 = DIRECTION ( 'NONE',  ( 0.01745240550437366159, 0.000000000000000000, -0.9998476951726752437 ) ) ;
#8849 = ORIENTED_EDGE ( 'NONE', *, *, #9574, .F. ) ;
#8850 = DIRECTION ( 'NONE',  ( 0.000000000000000000, 0.000000000000000000, 1.000000000000000000 ) ) ;
#8851 = EDGE_LOOP ( 'NONE', ( #7722, #9353, #3191, #1364 ) ) ;
#8852 = LINE ( 'NONE', #3566, #8557 ) ;
#8853 = VECTOR ( 'NONE', #9157, 39.37007874015748854 ) ;
#8854 = EDGE_CURVE ( 'NONE', #4824, #1538, #2189, .T. ) ;
#8855 = EDGE_CURVE ( 'NONE', #11100, #711, #5113, .T. ) ;
#8856 = DIRECTION ( 'NONE',  ( 1.000000000000000000, 0.000000000000000000, -7.500366068908371958E-11 ) ) ;
#8857 = CARTESIAN_POINT ( 'NONE',  ( -0.1264566929133858209, -0.06354330708661418137, -0.3314960629921260282 ) ) ;
#8858 = EDGE_CURVE ( 'NONE', #99, #8484, #4300, .T. ) ;
#8859 = CARTESIAN_POINT ( 'NONE',  ( 0.06227992885958262559, 0.03793000999999999318, -0.3350887335081039753 ) ) ;
#8860 = CARTESIAN_POINT ( 'NONE',  ( -0.1929133858267716994, -0.1015748031496183368, -0.1377952755905511584 ) ) ;
#8861 = DIRECTION ( 'NONE',  ( -0.01745240646098161763, 0.000000000000000000, 0.9998476951559776005 ) ) ;
#8862 = ORIENTED_EDGE ( 'NONE', *, *, #1631, .T. ) ;
#8863 = EDGE_LOOP ( 'NONE', ( #10823, #10699, #8205, #876 ) ) ;
#8864 = CARTESIAN_POINT ( 'NONE',  ( -0.1473764848411417416, 0.06417322834645669549, -0.06257640678019683877 ) ) ;
#8865 = ORIENTED_EDGE ( 'NONE', *, *, #239, .F. ) ;
#8866 = CARTESIAN_POINT ( 'NONE',  ( 0.07550331205188977324, 0.02362204716463105203, -0.3031069868937401046 ) ) ;
#8867 = DIRECTION ( 'NONE',  ( 0.000000000000000000, 0.000000000000000000, 1.000000000000000000 ) ) ;
#8868 = EDGE_CURVE ( 'NONE', #3779, #9162, #2547, .T. ) ;
#8869 = DIRECTION ( 'NONE',  ( 0.9993908270172947583, 0.000000000000000000, -0.03489949675407053725 ) ) ;
#8870 = CARTESIAN_POINT ( 'NONE',  ( 0.1555376764290551106, -0.01968503937007873988, -0.3460403644498425968 ) ) ;
#8871 = AXIS2_PLACEMENT_3D ( 'NONE', #1039, #2031, #7386 ) ;
#8872 = LINE ( 'NONE', #7126, #3180 ) ;
#8873 = LINE ( 'NONE', #6137, #4536 ) ;
#8874 = CARTESIAN_POINT ( 'NONE',  ( 0.1063106045446603060, 0.07874015748031182316, -0.3105092798161659950 ) ) ;
#8875 = ORIENTED_EDGE ( 'NONE', *, *, #4422, .F. ) ;
#8876 = ORIENTED_EDGE ( 'NONE', *, *, #3555, .F. ) ;
#8877 = ORIENTED_EDGE ( 'NONE', *, *, #5572, .T. ) ;
#8878 = DIRECTION ( 'NONE',  ( 0.000000000000000000, 0.000000000000000000, 1.000000000000000000 ) ) ;
#8879 = ORIENTED_EDGE ( 'NONE', *, *, #8619, .F. ) ;
#8880 = EDGE_CURVE ( 'NONE', #1478, #6030, #1665, .T. ) ;
#8881 = CIRCLE ( 'NONE', #3869, 0.04133858267716537110 ) ;
#8882 = ORIENTED_EDGE ( 'NONE', *, *, #9358, .T. ) ;
#8883 = DIRECTION ( 'NONE',  ( 1.000000000000000000, 0.000000000000000000, 0.000000000000000000 ) ) ;
#8884 = AXIS2_PLACEMENT_3D ( 'NONE', #10771, #1204, #4767 ) ;
#8885 = DIRECTION ( 'NONE',  ( -0.000000000000000000, -0.000000000000000000, -1.000000000000000000 ) ) ;
#8886 = LINE ( 'NONE', #3604, #6461 ) ;
#8887 = B_SPLINE_CURVE_WITH_KNOTS ( 'NONE', 3,
 ( #2034, #1102, #9913, #4666 ),
 .UNSPECIFIED., .F., .F.,
 ( 4, 4 ),
 ( 0.000000000000000000, 1.000000000000000000 ),
 .UNSPECIFIED. ) ;
#8888 = CARTESIAN_POINT ( 'NONE',  ( 0.03348337688755863989, 0.08858267716535433989, -0.3513779527723229212 ) ) ;
#8889 = DIRECTION ( 'NONE',  ( -6.148536773915941768E-13, 1.000000000000000000, 3.521091130291720733E-11 ) ) ;
#8890 = CARTESIAN_POINT ( 'NONE',  ( -0.1850393700787397733, -0.08976377952754727163, -0.1496062992125984092 ) ) ;
#8891 = VERTEX_POINT ( 'NONE', #7849 ) ;
#8892 = AXIS2_PLACEMENT_3D ( 'NONE', #3575, #6178, #5258 ) ;
#8893 = ORIENTED_EDGE ( 'NONE', *, *, #9855, .F. ) ;
#8894 = ORIENTED_EDGE ( 'NONE', *, *, #10513, .T. ) ;
#8895 = VECTOR ( 'NONE', #7675, 39.37007874015748143 ) ;
#8896 = EDGE_CURVE ( 'NONE', #2339, #711, #7904, .T. ) ;
#8897 = EDGE_LOOP ( 'NONE', ( #5962, #4645, #9066 ) ) ;
#8898 = EDGE_CURVE ( 'NONE', #3818, #4988, #4752, .T. ) ;
#8899 = EDGE_CURVE ( 'NONE', #6080, #329, #7082, .T. ) ;
#8900 = CIRCLE ( 'NONE', #11322, 0.05243771468503939659 ) ;
#8901 = CARTESIAN_POINT ( 'NONE',  ( -0.05118110236220473064, 0.000000000000000000, -0.2795275590551348222 ) ) ;
#8902 = LINE ( 'NONE', #6927, #3569 ) ;
#8903 = CARTESIAN_POINT ( 'NONE',  ( 0.08127696446629920080, 0.08858267716535431213, -0.3661417322998818391 ) ) ;
#8904 = FACE_OUTER_BOUND ( 'NONE', #4031, .T. ) ;
#8905 = DIRECTION ( 'NONE',  ( 0.000000000000000000, 0.000000000000000000, 1.000000000000000000 ) ) ;
#8906 = VERTEX_POINT ( 'NONE', #4411 ) ;
#8907 = LINE ( 'NONE', #8795, #10027 ) ;
#8908 = ORIENTED_EDGE ( 'NONE', *, *, #3986, .F. ) ;
#8909 = AXIS2_PLACEMENT_3D ( 'NONE', #7540, #2297, #5736 ) ;
#8910 = CARTESIAN_POINT ( 'NONE',  ( 0.02196283258222834697, 0.06330896217799214520, -0.1409162349723621921 ) ) ;
#8911 = ORIENTED_EDGE ( 'NONE', *, *, #1559, .T. ) ;
#8912 = ADVANCED_FACE ( 'NONE', ( #4357 ), #3481, .T. ) ;
#8913 = VECTOR ( 'NONE', #8233, 39.37007874015748143 ) ;
#8914 = CARTESIAN_POINT ( 'NONE',  ( -0.03346456691600394051, 1.794411309488380485E-11, -0.3484251968898058882 ) ) ;
#8915 = DIRECTION ( 'NONE',  ( -0.3713906763541037770, 0.000000000000000000, 0.9284766908852591927 ) ) ;
#8916 = VECTOR ( 'NONE', #6569, 39.37007874015748143 ) ;
#8917 = CARTESIAN_POINT ( 'NONE',  ( 0.009645669291347707189, 0.07480314960629921850, -0.3661417322834646382 ) ) ;
#8918 = CARTESIAN_POINT ( 'NONE',  ( 0.1063106044659671290, -0.01968503937007870172, -0.3105092798134177490 ) ) ;
#8919 = AXIS2_PLACEMENT_3D ( 'NONE', #691, #4260, #11188 ) ;
#8920 = CARTESIAN_POINT ( 'NONE',  ( -0.1294645669291338841, -0.06354330708661418137, -0.3307086614173229133 ) ) ;
#8921 = CIRCLE ( 'NONE', #11530, 0.01968503937007873988 ) ;
#8922 = EDGE_LOOP ( 'NONE', ( #2964, #1360, #2761, #6015, #2871, #3487, #1306, #10409, #6523, #9656, #3873, #10391 ) ) ;
#8923 = VERTEX_POINT ( 'NONE', #4181 ) ;
#8924 = ADVANCED_FACE ( 'NONE', ( #673 ), #2605, .T. ) ;
#8925 = CIRCLE ( 'NONE', #8171, 0.005905511847738189116 ) ;
#8926 = CIRCLE ( 'NONE', #3914, 0.007874015748031449116 ) ;
#8927 = ORIENTED_EDGE ( 'NONE', *, *, #6254, .F. ) ;
#8928 = DIRECTION ( 'NONE',  ( 8.868021511249240064E-10, 0.000000000000000000, -1.000000000000000000 ) ) ;
#8929 = CARTESIAN_POINT ( 'NONE',  ( 0.02145669291338545698, -0.09842519685039778643, -0.3216535433185039872 ) ) ;
#8930 = LINE ( 'NONE', #10793, #10268 ) ;
#8931 = CARTESIAN_POINT ( 'NONE',  ( -0.1444881680708603455, -0.07755905511810456954, -0.1692913385826771699 ) ) ;
#8932 = LINE ( 'NONE', #8167, #4474 ) ;
#8933 = CARTESIAN_POINT ( 'NONE',  ( 0.06694775651429210606, -0.01968503937007873988, -0.2641303196394628183 ) ) ;
#8934 = ORIENTED_EDGE ( 'NONE', *, *, #6512, .F. ) ;
#8935 = ORIENTED_EDGE ( 'NONE', *, *, #198, .T. ) ;
#8936 = AXIS2_PLACEMENT_3D ( 'NONE', #2517, #3328, #2685 ) ;
#8937 = EDGE_LOOP ( 'NONE', ( #10114, #8510, #3084, #714 ) ) ;
#8938 = ADVANCED_FACE ( 'NONE', ( #10530 ), #5057, .F. ) ;
#8939 = LINE ( 'NONE', #1892, #1677 ) ;
#8940 = VERTEX_POINT ( 'NONE', #8596 ) ;
#8941 = ORIENTED_EDGE ( 'NONE', *, *, #1267, .F. ) ;
#8942 = AXIS2_PLACEMENT_3D ( 'NONE', #9793, #5484, #9087 ) ;
#8943 = ORIENTED_EDGE ( 'NONE', *, *, #3061, .F. ) ;
#8944 = VECTOR ( 'NONE', #9346, 39.37007874015748143 ) ;
#8945 = CARTESIAN_POINT ( 'NONE',  ( -0.1850393700787401619, -0.1015748031496122722, -0.1692913385826771699 ) ) ;
#8946 = AXIS2_PLACEMENT_3D ( 'NONE', #4107, #659, #7765 ) ;
#8947 = DIRECTION ( 'NONE',  ( -1.000000000000000000, -0.000000000000000000, -0.000000000000000000 ) ) ;
#8948 = CARTESIAN_POINT ( 'NONE',  ( 0.1082677165354330728, 0.08070866141141731787, -0.3129921259685038981 ) ) ;
#8949 = DIRECTION ( 'NONE',  ( 0.000000000000000000, -1.000000000000000000, 0.000000000000000000 ) ) ;
#8950 = DIRECTION ( 'NONE',  ( 0.000000000000000000, -1.000000000000000000, 0.000000000000000000 ) ) ;
#8951 = FACE_OUTER_BOUND ( 'NONE', #10305, .T. ) ;
#8952 = VERTEX_POINT ( 'NONE', #9542 ) ;
#8953 = ORIENTED_EDGE ( 'NONE', *, *, #8638, .T. ) ;
#8954 = CIRCLE ( 'NONE', #7095, 0.005118110236212647900 ) ;
#8955 = AXIS2_PLACEMENT_3D ( 'NONE', #1202, #8305, #6561 ) ;
#8956 = AXIS2_PLACEMENT_3D ( 'NONE', #8985, #8058, #124 ) ;
#8957 = ORIENTED_EDGE ( 'NONE', *, *, #11268, .F. ) ;
#8958 = CARTESIAN_POINT ( 'NONE',  ( 0.02167235326587793609, -0.03740157478346454317, -0.3208641732447637396 ) ) ;
#8959 = CARTESIAN_POINT ( 'NONE',  ( 0.1833811608372735991, -0.1015748031496008508, -0.1496062992391292423 ) ) ;
#8960 = VECTOR ( 'NONE', #7250, 39.37007874015748143 ) ;
#8961 = VECTOR ( 'NONE', #3913, 39.37007874015748143 ) ;
#8962 = DIRECTION ( 'NONE',  ( 0.000000000000000000, 0.000000000000000000, 1.000000000000000000 ) ) ;
#8963 = ADVANCED_FACE ( 'NONE', ( #3370 ), #1551, .T. ) ;
#8964 = DIRECTION ( 'NONE',  ( -1.000000000000000000, 1.445602896647339706E-15, 0.000000000000000000 ) ) ;
#8965 = DIRECTION ( 'NONE',  ( -0.000000000000000000, -0.000000000000000000, -1.000000000000000000 ) ) ;
#8966 = ADVANCED_FACE ( 'NONE', ( #6912 ), #10481, .T. ) ;
#8967 = VERTEX_POINT ( 'NONE', #8708 ) ;
#8968 = EDGE_CURVE ( 'NONE', #6551, #2615, #11518, .T. ) ;
#8969 = LINE ( 'NONE', #55, #3712 ) ;
#8970 = ORIENTED_EDGE ( 'NONE', *, *, #4956, .F. ) ;
#8971 = CARTESIAN_POINT ( 'NONE',  ( 0.03204722303233858288, 0.06274839139082677431, -0.1633357142848819166 ) ) ;
#8972 = DIRECTION ( 'NONE',  ( -1.000000000000000000, 0.000000000000000000, 0.000000000000000000 ) ) ;
#8973 = CARTESIAN_POINT ( 'NONE',  ( -0.1444881680708661742, -0.01850393700787401202, -0.2047244094488188948 ) ) ;
#8974 = DIRECTION ( 'NONE',  ( -0.9993908270172949804, 0.000000000000000000, 0.03489949675406712332 ) ) ;
#8975 = ADVANCED_FACE ( 'NONE', ( #7956 ), #10416, .T. ) ;
#8976 = FACE_OUTER_BOUND ( 'NONE', #8309, .T. ) ;
#8977 = DIRECTION ( 'NONE',  ( -0.000000000000000000, -1.000000000000000000, -0.000000000000000000 ) ) ;
#8978 = EDGE_CURVE ( 'NONE', #4172, #4518, #6204, .T. ) ;
#8979 = DIRECTION ( 'NONE',  ( 0.000000000000000000, 1.000000000000000000, 0.000000000000000000 ) ) ;
#8980 = VERTEX_POINT ( 'NONE', #1781 ) ;
#8981 = CARTESIAN_POINT ( 'NONE',  ( 0.02145669291338508228, -0.07716535432381518844, -0.2795275590590592940 ) ) ;
#8982 = ORIENTED_EDGE ( 'NONE', *, *, #712, .T. ) ;
#8983 = LINE ( 'NONE', #7173, #2153 ) ;
#8984 = PLANE ( 'NONE',  #8554 ) ;
#8985 = CARTESIAN_POINT ( 'NONE',  ( 0.09384092763972441686, 0.08740157480314961203, -0.3559685039370078519 ) ) ;
#8986 = DIRECTION ( 'NONE',  ( 0.9993908270173006425, 1.009016271983539625E-16, -0.03489949675390428135 ) ) ;
#8987 = EDGE_CURVE ( 'NONE', #7313, #7369, #963, .T. ) ;
#8988 = CARTESIAN_POINT ( 'NONE',  ( -0.1503936897244094739, 0.01456692913385826925, -0.07480314960629921850 ) ) ;
#8989 = CARTESIAN_POINT ( 'NONE',  ( 0.08192913385826772199, 0.09967028130555116716, -0.3665994151638188869 ) ) ;
#8990 = ORIENTED_EDGE ( 'NONE', *, *, #10193, .F. ) ;
#8991 = ORIENTED_EDGE ( 'NONE', *, *, #6367, .F. ) ;
#8992 = VERTEX_POINT ( 'NONE', #3652 ) ;
#8993 = FACE_OUTER_BOUND ( 'NONE', #4180, .T. ) ;
#8994 = ORIENTED_EDGE ( 'NONE', *, *, #10364, .T. ) ;
#8995 = ORIENTED_EDGE ( 'NONE', *, *, #9434, .T. ) ;
#8996 = AXIS2_PLACEMENT_3D ( 'NONE', #9638, #6024, #6840 ) ;
#8997 = EDGE_CURVE ( 'NONE', #1230, #7377, #9339, .T. ) ;
#8998 = ORIENTED_EDGE ( 'NONE', *, *, #1750, .F. ) ;
#8999 = DIRECTION ( 'NONE',  ( 0.000000000000000000, -1.000000000000000000, 0.000000000000000000 ) ) ;
#9000 = DIRECTION ( 'NONE',  ( -1.000000000000000000, 0.000000000000000000, 0.000000000000000000 ) ) ;
#9001 = DIRECTION ( 'NONE',  ( 0.000000000000000000, 0.000000000000000000, 1.000000000000000000 ) ) ;
#9002 = DIRECTION ( 'NONE',  ( 0.000000000000000000, 0.000000000000000000, -1.000000000000000000 ) ) ;
#9003 = EDGE_CURVE ( 'NONE', #5860, #10325, #9991, .T. ) ;
#9004 = EDGE_CURVE ( 'NONE', #5261, #6172, #1016, .T. ) ;
#9005 = CARTESIAN_POINT ( 'NONE',  ( 0.1841685623916141934, -0.1015748031496008508, -0.1196850393756693082 ) ) ;
#9006 = DIRECTION ( 'NONE',  ( 3.838348900644203348E-31, -1.239088197126290472E-15, 1.000000000000000000 ) ) ;
#9007 = CARTESIAN_POINT ( 'NONE',  ( 0.05759837979479597025, 0.06206426158822934275, -0.1837155585245841272 ) ) ;
#9008 = ORIENTED_EDGE ( 'NONE', *, *, #9688, .F. ) ;
#9009 = DIRECTION ( 'NONE',  ( -1.000000000000000000, 0.000000000000000000, 0.000000000000000000 ) ) ;
#9010 = AXIS2_PLACEMENT_3D ( 'NONE', #6966, #6152, #9592 ) ;
#9011 = ORIENTED_EDGE ( 'NONE', *, *, #3029, .T. ) ;
#9012 = VERTEX_POINT ( 'NONE', #8021 ) ;
#9013 = ORIENTED_EDGE ( 'NONE', *, *, #4325, .F. ) ;
#9014 = AXIS2_PLACEMENT_3D ( 'NONE', #10943, #9189, #8306 ) ;
#9015 = FACE_OUTER_BOUND ( 'NONE', #8514, .T. ) ;
#9016 = CARTESIAN_POINT ( 'NONE',  ( 0.02167235326551111840, 0.08858267716535433989, -0.3267716535597244287 ) ) ;
#9017 = EDGE_CURVE ( 'NONE', #14, #10529, #36, .T. ) ;
#9018 = DIRECTION ( 'NONE',  ( 0.000000000000000000, -1.000000000000000000, 0.000000000000000000 ) ) ;
#9019 = PLANE ( 'NONE',  #9014 ) ;
#9020 = LINE ( 'NONE', #7439, #10188 ) ;
#9021 = ORIENTED_EDGE ( 'NONE', *, *, #10352, .F. ) ;
#9022 = CARTESIAN_POINT ( 'NONE',  ( 0.001968503922834647594, 0.001968503937007874856, -0.3307086614173229133 ) ) ;
#9023 = ORIENTED_EDGE ( 'NONE', *, *, #6937, .T. ) ;
#9024 = AXIS2_PLACEMENT_3D ( 'NONE', #6901, #2592, #1771 ) ;
#9025 = DIRECTION ( 'NONE',  ( 0.000000000000000000, 1.000000000000000000, 0.000000000000000000 ) ) ;
#9026 = EDGE_CURVE ( 'NONE', #9590, #3123, #6744, .T. ) ;
#9027 = CARTESIAN_POINT ( 'NONE',  ( -0.1574803149606298913, -0.09842519685039370636, -0.1830708661417323191 ) ) ;
#9028 = CARTESIAN_POINT ( 'NONE',  ( -0.07874015747887766481, -1.855968112292575513E-12, -0.3582677165435915745 ) ) ;
#9029 = DIRECTION ( 'NONE',  ( 0.000000000000000000, -1.000000000000000000, 0.000000000000000000 ) ) ;
#9030 = CARTESIAN_POINT ( 'NONE',  ( 0.06397896819007872771, -0.04949225970503937089, -0.04185047310279528532 ) ) ;
#9031 = CARTESIAN_POINT ( 'NONE',  ( 0.03348337688755905622, 0.09448818897637795144, -0.3090551181266535385 ) ) ;
#9032 = CARTESIAN_POINT ( 'NONE',  ( -0.1850393700787401619, -0.08976377952754788225, -0.2913385826771653919 ) ) ;
#9033 = ORIENTED_EDGE ( 'NONE', *, *, #1966, .F. ) ;
#9034 = CARTESIAN_POINT ( 'NONE',  ( -0.1444881680708531291, 0.05461790951527559917, -0.06889763779527560694 ) ) ;
#9035 = EDGE_CURVE ( 'NONE', #863, #9998, #259, .T. ) ;
#9036 = EDGE_CURVE ( 'NONE', #7881, #7189, #1951, .T. ) ;
#9037 = EDGE_CURVE ( 'NONE', #4518, #6039, #10693, .T. ) ;
#9038 = ORIENTED_EDGE ( 'NONE', *, *, #4733, .T. ) ;
#9039 = DIRECTION ( 'NONE',  ( 0.000000000000000000, 0.000000000000000000, -1.000000000000000000 ) ) ;
#9040 = DIRECTION ( 'NONE',  ( 1.000000000000000000, 0.000000000000000000, 0.000000000000000000 ) ) ;
#9041 = CARTESIAN_POINT ( 'NONE',  ( 0.03382447258843701565, 0.09460629921259842978, -0.3094488189140550682 ) ) ;
#9042 = DIRECTION ( 'NONE',  ( 0.000000000000000000, -0.2095290887308740857, -0.9778024140774093098 ) ) ;
#9043 = FACE_OUTER_BOUND ( 'NONE', #8714, .T. ) ;
#9044 = CARTESIAN_POINT ( 'NONE',  ( 0.06829504707795275298, -0.04409887070334645581, -0.2191887973368109865 ) ) ;
#9045 = VERTEX_POINT ( 'NONE', #5506 ) ;
#9046 = ORIENTED_EDGE ( 'NONE', *, *, #7818, .F. ) ;
#9047 = ORIENTED_EDGE ( 'NONE', *, *, #10123, .T. ) ;
#9048 = DIRECTION ( 'NONE',  ( 0.000000000000000000, 1.000000000000000000, 0.000000000000000000 ) ) ;
#9049 = ORIENTED_EDGE ( 'NONE', *, *, #4881, .T. ) ;
#9050 = EDGE_CURVE ( 'NONE', #11251, #4519, #2837, .T. ) ;
#9051 = EDGE_LOOP ( 'NONE', ( #11036, #4071, #6818, #3406 ) ) ;
#9052 = SPHERICAL_SURFACE ( 'NONE', #1857, 0.01968503937007873988 ) ;
#9053 = CARTESIAN_POINT ( 'NONE',  ( 0.1833811607992088533, -0.1015748031496063186, -0.1275590551294106534 ) ) ;
#9054 = VECTOR ( 'NONE', #11478, 39.37007874015748143 ) ;
#9055 = DIRECTION ( 'NONE',  ( 0.000000000000000000, -1.000000000000000000, 0.000000000000000000 ) ) ;
#9056 = CARTESIAN_POINT ( 'NONE',  ( 0.1063086171237795363, -0.06299212598425196763, -0.3435039370242913281 ) ) ;
#9057 = DIRECTION ( 'NONE',  ( -1.000000000000000000, -0.000000000000000000, -0.000000000000000000 ) ) ;
#9058 = DIRECTION ( 'NONE',  ( 1.000000000000000000, 0.000000000000000000, 0.000000000000000000 ) ) ;
#9059 = CARTESIAN_POINT ( 'NONE',  ( -0.1444881680708549332, -0.06968503937007874960, -0.1771653543307086798 ) ) ;
#9060 = VERTEX_POINT ( 'NONE', #6373 ) ;
#9061 = DIRECTION ( 'NONE',  ( 0.000000000000000000, 0.000000000000000000, -1.000000000000000000 ) ) ;
#9062 = ORIENTED_EDGE ( 'NONE', *, *, #7261, .F. ) ;
#9063 = ORIENTED_EDGE ( 'NONE', *, *, #2504, .T. ) ;
#9064 = CIRCLE ( 'NONE', #5529, 0.01574803149600124963 ) ;
#9065 = ORIENTED_EDGE ( 'NONE', *, *, #922, .F. ) ;
#9066 = ORIENTED_EDGE ( 'NONE', *, *, #3063, .F. ) ;
#9067 = EDGE_CURVE ( 'NONE', #10860, #3894, #10927, .T. ) ;
#9068 = DIRECTION ( 'NONE',  ( 1.000000000000000000, 0.000000000000000000, 0.000000000000000000 ) ) ;
#9069 = DIRECTION ( 'NONE',  ( 0.000000000000000000, 0.000000000000000000, 1.000000000000000000 ) ) ;
#9070 = AXIS2_PLACEMENT_3D ( 'NONE', #8049, #63, #3626 ) ;
#9071 = DIRECTION ( 'NONE',  ( 0.000000000000000000, 0.000000000000000000, 1.000000000000000000 ) ) ;
#9072 = CARTESIAN_POINT ( 'NONE',  ( 0.1024693194913779692, 0.06671602614311025747, -0.04977552094740157057 ) ) ;
#9073 = DIRECTION ( 'NONE',  ( -0.01745240646083892622, -1.303127610838973859E-16, 0.9998476951559800430 ) ) ;
#9074 = EDGE_LOOP ( 'NONE', ( #8396, #9191, #9660, #2195 ) ) ;
#9075 = DIRECTION ( 'NONE',  ( -1.000000000000000000, -0.000000000000000000, -0.000000000000000000 ) ) ;
#9076 = ORIENTED_EDGE ( 'NONE', *, *, #4236, .F. ) ;
#9077 = CARTESIAN_POINT ( 'NONE',  ( 0.000000000000000000, 0.1102362204724409295, -0.2303149606062992460 ) ) ;
#9078 = EDGE_CURVE ( 'NONE', #9772, #7013, #2889, .T. ) ;
#9079 = AXIS2_PLACEMENT_3D ( 'NONE', #4950, #7622, #3215 ) ;
#9080 = FACE_OUTER_BOUND ( 'NONE', #4741, .T. ) ;
#9081 = VECTOR ( 'NONE', #7253, 39.37007874015748143 ) ;
#9082 = DIRECTION ( 'NONE',  ( 1.000000000000000000, 5.560011140951304512E-16, 0.000000000000000000 ) ) ;
#9083 = FACE_OUTER_BOUND ( 'NONE', #6975, .T. ) ;
#9084 = DIRECTION ( 'NONE',  ( -1.000000000000000000, 0.000000000000000000, 0.000000000000000000 ) ) ;
#9085 = CARTESIAN_POINT ( 'NONE',  ( 0.05342473346458041783, 0.006889763779527556357, -0.01968503937007542309 ) ) ;
#9086 = FACE_OUTER_BOUND ( 'NONE', #151, .T. ) ;
#9087 = DIRECTION ( 'NONE',  ( -1.000000000000000000, -1.084202172485504040E-15, 0.000000000000000000 ) ) ;
#9088 = ORIENTED_EDGE ( 'NONE', *, *, #3033, .T. ) ;
#9089 = CARTESIAN_POINT ( 'NONE',  ( -0.05118110236220473064, 0.000000000000000000, -0.2401574803149604254 ) ) ;
#9090 = AXIS2_PLACEMENT_3D ( 'NONE', #10549, #6173, #6112 ) ;
#9091 = VERTEX_POINT ( 'NONE', #88 ) ;
#9092 = CARTESIAN_POINT ( 'NONE',  ( 0.1112557455827165309, 0.06669300701133859532, -0.05260481000960631065 ) ) ;
#9093 = LINE ( 'NONE', #1224, #3361 ) ;
#9094 = AXIS2_PLACEMENT_3D ( 'NONE', #5673, #8340, #7239 ) ;
#9095 = DIRECTION ( 'NONE',  ( 0.000000000000000000, 0.000000000000000000, 1.000000000000000000 ) ) ;
#9096 = CARTESIAN_POINT ( 'NONE',  ( 0.07408915357885892394, 0.05118110236220473758, -0.3348826027191976751 ) ) ;
#9097 = EDGE_CURVE ( 'NONE', #3330, #2306, #2992, .T. ) ;
#9098 = CARTESIAN_POINT ( 'NONE',  ( 0.1082677165354442167, 0.08740157481693265618, -0.05787401577165355443 ) ) ;
#9099 = EDGE_CURVE ( 'NONE', #5277, #4408, #1071, .T. ) ;
#9100 = CARTESIAN_POINT ( 'NONE',  ( 0.02145669291267768633, 0.08897637795275592509, -0.3543307086614173596 ) ) ;
#9101 = EDGE_CURVE ( 'NONE', #711, #555, #3707, .T. ) ;
#9102 = VERTEX_POINT ( 'NONE', #10751 ) ;
#9103 = EDGE_CURVE ( 'NONE', #303, #1010, #1134, .T. ) ;
#9104 = ORIENTED_EDGE ( 'NONE', *, *, #9136, .T. ) ;
#9105 = AXIS2_PLACEMENT_3D ( 'NONE', #1897, #11293, #7190 ) ;
#9106 = VERTEX_POINT ( 'NONE', #8124 ) ;
#9107 = CYLINDRICAL_SURFACE ( 'NONE', #6494, 0.01535433070866142405 ) ;
#9108 = VECTOR ( 'NONE', #6001, 39.37007874015748143 ) ;
#9109 = ORIENTED_EDGE ( 'NONE', *, *, #11512, .T. ) ;
#9110 = ORIENTED_EDGE ( 'NONE', *, *, #7145, .F. ) ;
#9111 = DIRECTION ( 'NONE',  ( -1.000000000000000000, 0.000000000000000000, 0.000000000000000000 ) ) ;
#9112 = LINE ( 'NONE', #4750, #10784 ) ;
#9113 = DIRECTION ( 'NONE',  ( -7.414728202605299773E-14, 0.2873478855663426645, -0.9578262852211522071 ) ) ;
#9114 = CARTESIAN_POINT ( 'NONE',  ( 0.1083391628794592998, -0.06299212598425196763, -0.2524189717415138423 ) ) ;
#9115 = CARTESIAN_POINT ( 'NONE',  ( 0.03366141732283433469, 0.08897637795275725736, -0.3543307086613980417 ) ) ;
#9116 = DIRECTION ( 'NONE',  ( 1.000000000000000000, 0.000000000000000000, 0.000000000000000000 ) ) ;
#9117 = CARTESIAN_POINT ( 'NONE',  ( 0.07054638617738485940, 0.02949525201670589666, -0.3349444419551045327 ) ) ;
#9118 = VERTEX_POINT ( 'NONE', #7247 ) ;
#9119 = EDGE_CURVE ( 'NONE', #8511, #10874, #7308, .T. ) ;
#9120 = DIRECTION ( 'NONE',  ( 1.000000000000000000, 0.000000000000000000, 0.000000000000000000 ) ) ;
#9121 = ORIENTED_EDGE ( 'NONE', *, *, #5417, .T. ) ;
#9122 = ORIENTED_EDGE ( 'NONE', *, *, #11449, .T. ) ;
#9123 = ORIENTED_EDGE ( 'NONE', *, *, #2199, .F. ) ;
#9124 = COLOUR_RGB ( '',0.7921568627450980005, 0.8196078431372548767, 0.9333333333333333481 ) ;
#9125 = VECTOR ( 'NONE', #5546, 39.37007874015748854 ) ;
#9126 = AXIS2_PLACEMENT_3D ( 'NONE', #2, #6938, #7931 ) ;
#9127 = EDGE_CURVE ( 'NONE', #4841, #8545, #4635, .T. ) ;
#9128 = CARTESIAN_POINT ( 'NONE',  ( 0.1594488188993114508, -0.08582677165354331283, -0.1062992125900651535 ) ) ;
#9129 = CARTESIAN_POINT ( 'NONE',  ( 0.1029066170620866194, -0.05183384530728345901, -0.05563035508137794544 ) ) ;
#9130 = PLANE ( 'NONE',  #947 ) ;
#9131 = CARTESIAN_POINT ( 'NONE',  ( -0.1602361995669299433, -0.1015748031496062909, -0.2834645669291339098 ) ) ;
#9132 = PLANE ( 'NONE',  #3875 ) ;
#9133 = CIRCLE ( 'NONE', #10445, 0.05314960629921259422 ) ;
#9134 = ORIENTED_EDGE ( 'NONE', *, *, #6082, .F. ) ;
#9135 = VECTOR ( 'NONE', #1442, 39.37007874015748143 ) ;
#9136 = EDGE_CURVE ( 'NONE', #1141, #2116, #5331, .T. ) ;
#9137 = AXIS2_PLACEMENT_3D ( 'NONE', #11119, #4948, #8489 ) ;
#9138 = DIRECTION ( 'NONE',  ( -8.944835866205669079E-10, 0.000000000000000000, 1.000000000000000000 ) ) ;
#9139 = ORIENTED_EDGE ( 'NONE', *, *, #4979, .T. ) ;
#9140 = CARTESIAN_POINT ( 'NONE',  ( 0.01766666337290945243, 0.06330896216358268547, -0.1400986560563779459 ) ) ;
#9141 = CIRCLE ( 'NONE', #9514, 0.01968503931262598899 ) ;
#9142 = AXIS2_PLACEMENT_3D ( 'NONE', #91, #10696, #1073 ) ;
#9143 = AXIS2_PLACEMENT_3D ( 'NONE', #10033, #4738, #10910 ) ;
#9144 = CARTESIAN_POINT ( 'NONE',  ( -0.01377952755905510751, 0.001968503937007874856, -0.3307086614173229133 ) ) ;
#9145 = CARTESIAN_POINT ( 'NONE',  ( 0.02145669291338582821, 0.09251968503937008093, -0.2507874015748031704 ) ) ;
#9146 = CARTESIAN_POINT ( 'NONE',  ( 0.09448818897637792369, -0.07972440944881888092, -0.2874015748031495954 ) ) ;
#9147 = FACE_OUTER_BOUND ( 'NONE', #827, .T. ) ;
#9148 = DIRECTION ( 'NONE',  ( -0.03489949675390891654, 0.000000000000000000, -0.9993908270173005315 ) ) ;
#9149 = EDGE_CURVE ( 'NONE', #4965, #252, #9504, .T. ) ;
#9150 = DIRECTION ( 'NONE',  ( 0.000000000000000000, 0.000000000000000000, 1.000000000000000000 ) ) ;
#9151 = CARTESIAN_POINT ( 'NONE',  ( 0.1249999999999999306, -0.02165354330708335953, -0.3130210996456692651 ) ) ;
#9152 = EDGE_CURVE ( 'NONE', #1500, #8054, #11151, .T. ) ;
#9153 = ORIENTED_EDGE ( 'NONE', *, *, #10406, .T. ) ;
#9154 = CIRCLE ( 'NONE', #4327, 0.007874015759417297977 ) ;
#9155 = CARTESIAN_POINT ( 'NONE',  ( 0.07285236890705301671, -0.02755905511811023931, -0.2640272542303556125 ) ) ;
#9156 = ORIENTED_EDGE ( 'NONE', *, *, #2069, .T. ) ;
#9157 = DIRECTION ( 'NONE',  ( -0.5773502691900299633, -0.5773502691894232264, -0.5773502691894240035 ) ) ;
#9158 = DIRECTION ( 'NONE',  ( 0.000000000000000000, 6.501850099240823255E-16, -1.000000000000000000 ) ) ;
#9159 = CARTESIAN_POINT ( 'NONE',  ( -0.1496897570864493821, 0.01884019762450728913, -0.06625661262500535942 ) ) ;
#9160 = PLANE ( 'NONE',  #5958 ) ;
#9161 = CARTESIAN_POINT ( 'NONE',  ( -0.1850393700787426043, -0.08976377952754717449, -0.1259842519685039630 ) ) ;
#9162 = VERTEX_POINT ( 'NONE', #2066 ) ;
#9163 = ORIENTED_EDGE ( 'NONE', *, *, #5462, .T. ) ;
#9164 = ORIENTED_EDGE ( 'NONE', *, *, #7940, .T. ) ;
#9165 = FACE_OUTER_BOUND ( 'NONE', #2853, .T. ) ;
#9166 = ORIENTED_EDGE ( 'NONE', *, *, #11539, .F. ) ;
#9167 = EDGE_CURVE ( 'NONE', #10509, #3169, #5678, .T. ) ;
#9168 = EDGE_CURVE ( 'NONE', #11276, #8404, #754, .T. ) ;
#9169 = ORIENTED_EDGE ( 'NONE', *, *, #2845, .F. ) ;
#9170 = DIRECTION ( 'NONE',  ( -0.000000000000000000, -4.336808689942043768E-15, -1.000000000000000000 ) ) ;
#9171 = EDGE_CURVE ( 'NONE', #2553, #3439, #9173, .T. ) ;
#9172 = CARTESIAN_POINT ( 'NONE',  ( 0.1574803149606299191, 0.1102362204724409295, -1.920830620545185230E-17 ) ) ;
#9173 = LINE ( 'NONE', #5791, #10437 ) ;
#9174 = DIRECTION ( 'NONE',  ( 0.000000000000000000, 0.000000000000000000, 1.000000000000000000 ) ) ;
#9175 = CARTESIAN_POINT ( 'NONE',  ( -0.1306692913385826549, -0.07989743405019686384, -0.2480314960629921295 ) ) ;
#9176 = LINE ( 'NONE', #1187, #5463 ) ;
#9177 = DIRECTION ( 'NONE',  ( -0.000000000000000000, -1.000000000000000000, -0.000000000000000000 ) ) ;
#9178 = VERTEX_POINT ( 'NONE', #308 ) ;
#9179 = CARTESIAN_POINT ( 'NONE',  ( -0.1262938768152362390, -0.01850393700787401896, -0.3430107094399212908 ) ) ;
#9180 = ORIENTED_EDGE ( 'NONE', *, *, #2784, .T. ) ;
#9181 = ORIENTED_EDGE ( 'NONE', *, *, #10336, .T. ) ;
#9182 = ORIENTED_EDGE ( 'NONE', *, *, #8535, .F. ) ;
#9183 = EDGE_CURVE ( 'NONE', #7269, #9591, #5627, .T. ) ;
#9184 = ADVANCED_FACE ( 'NONE', ( #4924 ), #2234, .F. ) ;
#9185 = EDGE_CURVE ( 'NONE', #357, #5029, #4485, .T. ) ;
#9186 = DIRECTION ( 'NONE',  ( 7.500076948385677651E-11, 4.336810902550262859E-15, -1.000000000000000000 ) ) ;
#9187 = CARTESIAN_POINT ( 'NONE',  ( 0.1155021178596456755, -0.05091599799543305993, -0.05217978374704723699 ) ) ;
#9188 = CARTESIAN_POINT ( 'NONE',  ( 0.07331649833346866318, 0.03107243256237691639, -0.2906172128145587119 ) ) ;
#9189 = DIRECTION ( 'NONE',  ( 0.000000000000000000, -0.8944271910010010984, -0.4472135954977874972 ) ) ;
#9190 = DIRECTION ( 'NONE',  ( 0.03489949675390525974, 0.000000000000000000, 0.9993908270173006425 ) ) ;
#9191 = ORIENTED_EDGE ( 'NONE', *, *, #6056, .T. ) ;
#9192 = ORIENTED_EDGE ( 'NONE', *, *, #9813, .F. ) ;
#9193 = DIRECTION ( 'NONE',  ( -1.000000000000000000, 0.000000000000000000, 0.000000000000000000 ) ) ;
#9194 = B_SPLINE_CURVE_WITH_KNOTS ( 'NONE', 3,
 ( #3351, #7944, #2589, #6022 ),
 .UNSPECIFIED., .F., .F.,
 ( 4, 4 ),
 ( 0.000000000000000000, 1.000000000000000000 ),
 .UNSPECIFIED. ) ;
#9195 = EDGE_CURVE ( 'NONE', #1601, #2053, #11039, .T. ) ;
#9196 = AXIS2_PLACEMENT_3D ( 'NONE', #9240, #4818, #11106 ) ;
#9197 = ADVANCED_FACE ( 'NONE', ( #9227 ), #8464, .T. ) ;
#9198 = CARTESIAN_POINT ( 'NONE',  ( -0.1929133858267716994, -0.09566929133858267931, -0.3346456692913385988 ) ) ;
#9199 = ORIENTED_EDGE ( 'NONE', *, *, #9742, .T. ) ;
#9200 = LINE ( 'NONE', #10132, #2363 ) ;
#9201 = CARTESIAN_POINT ( 'NONE',  ( -0.1444881680708543226, -0.06968503937007874960, -0.3228346456692857691 ) ) ;
#9202 = CARTESIAN_POINT ( 'NONE',  ( 0.1066679375233858112, -0.05091116800669290982, -0.04849572432051179466 ) ) ;
#9203 = DIRECTION ( 'NONE',  ( -1.000000000000000000, 0.000000000000000000, 0.000000000000000000 ) ) ;
#9204 = VECTOR ( 'NONE', #11346, 39.37007874015748143 ) ;
#9205 = CYLINDRICAL_SURFACE ( 'NONE', #6302, 0.01870078755910346141 ) ;
#9206 = FACE_OUTER_BOUND ( 'NONE', #1422, .T. ) ;
#9207 = VERTEX_POINT ( 'NONE', #431 ) ;
#9208 = DIRECTION ( 'NONE',  ( 0.01745240638502384978, -1.626303254766356780E-15, -0.9998476951573035398 ) ) ;
#9209 = EDGE_CURVE ( 'NONE', #3462, #3382, #2294, .T. ) ;
#9210 = EDGE_CURVE ( 'NONE', #5860, #10197, #7416, .T. ) ;
#9211 = ORIENTED_EDGE ( 'NONE', *, *, #7632, .T. ) ;
#9212 = DIRECTION ( 'NONE',  ( 1.000000000000000000, 0.000000000000000000, 0.000000000000000000 ) ) ;
#9213 = CARTESIAN_POINT ( 'NONE',  ( -0.1562992113779646530, -0.07755905511811023167, -0.2755905511811023723 ) ) ;
#9214 = FACE_OUTER_BOUND ( 'NONE', #8232, .T. ) ;
#9215 = CARTESIAN_POINT ( 'NONE',  ( 0.1929133858245669908, -0.1019064925118897819, -0.2909974869912991813 ) ) ;
#9216 = CARTESIAN_POINT ( 'NONE',  ( 0.05975981460897636377, -0.04410241013570865426, -0.2191427024329133944 ) ) ;
#9217 = ORIENTED_EDGE ( 'NONE', *, *, #11066, .T. ) ;
#9218 = EDGE_LOOP ( 'NONE', ( #6213, #2764, #8062, #10349, #4047, #4986, #5698, #5048, #5443, #476, #4905, #1941 ) ) ;
#9219 = VERTEX_POINT ( 'NONE', #1241 ) ;
#9220 = CARTESIAN_POINT ( 'NONE',  ( 0.02167235326575589482, -0.03871391078311844924, -0.3208622047408267175 ) ) ;
#9221 = ORIENTED_EDGE ( 'NONE', *, *, #10415, .F. ) ;
#9222 = CIRCLE ( 'NONE', #7733, 0.04133858267716536417 ) ;
#9223 = EDGE_CURVE ( 'NONE', #11331, #1601, #10220, .T. ) ;
#9224 = VERTEX_POINT ( 'NONE', #6603 ) ;
#9225 = FACE_OUTER_BOUND ( 'NONE', #11476, .T. ) ;
#9226 = CARTESIAN_POINT ( 'NONE',  ( -0.1444881680708541005, -0.06968503937007874960, -0.3307086614173228023 ) ) ;
#9227 = FACE_OUTER_BOUND ( 'NONE', #10877, .T. ) ;
#9228 = DIRECTION ( 'NONE',  ( 0.000000000000000000, 1.000000000000000000, 0.000000000000000000 ) ) ;
#9229 = DIRECTION ( 'NONE',  ( -0.000000000000000000, -1.000000000000000000, -0.000000000000000000 ) ) ;
#9230 = DIRECTION ( 'NONE',  ( 0.000000000000000000, 1.000000000000000000, 0.000000000000000000 ) ) ;
#9231 = DIRECTION ( 'NONE',  ( 0.000000000000000000, 0.000000000000000000, 1.000000000000000000 ) ) ;
#9232 = VERTEX_POINT ( 'NONE', #544 ) ;
#9233 = LINE ( 'NONE', #437, #7665 ) ;
#9234 = ORIENTED_EDGE ( 'NONE', *, *, #6121, .T. ) ;
#9235 = EDGE_CURVE ( 'NONE', #10448, #421, #10107, .T. ) ;
#9236 = ORIENTED_EDGE ( 'NONE', *, *, #6083, .F. ) ;
#9237 = VERTEX_POINT ( 'NONE', #10159 ) ;
#9238 = ORIENTED_EDGE ( 'NONE', *, *, #5275, .T. ) ;
#9239 = AXIS2_PLACEMENT_3D ( 'NONE', #8901, #10543, #685 ) ;
#9240 = CARTESIAN_POINT ( 'NONE',  ( -0.05118110236220473064, 0.000000000000000000, -0.3582677165415787401 ) ) ;
#9241 = CARTESIAN_POINT ( 'NONE',  ( -0.1444881680708661464, -0.01082677165354330173, -0.06299212598425196763 ) ) ;
#9242 = CARTESIAN_POINT ( 'NONE',  ( 0.1100203936427242013, 0.09251968503937006705, -0.2042748217494719520 ) ) ;
#9243 = CARTESIAN_POINT ( 'NONE',  ( 0.1018599431595739596, -0.05048234650357052988, -0.02896221628456286876 ) ) ;
#9244 = DIRECTION ( 'NONE',  ( 0.000000000000000000, -1.000000000000000000, 0.000000000000000000 ) ) ;
#9245 = VERTEX_POINT ( 'NONE', #2178 ) ;
#9246 = AXIS2_PLACEMENT_3D ( 'NONE', #4067, #11052, #10300 ) ;
#9247 = ORIENTED_EDGE ( 'NONE', *, *, #486, .F. ) ;
#9248 = EDGE_CURVE ( 'NONE', #11006, #3688, #8349, .T. ) ;
#9249 = EDGE_CURVE ( 'NONE', #2490, #3462, #2121, .T. ) ;
#9250 = ADVANCED_FACE ( 'NONE', ( #3997 ), #11090, .F. ) ;
#9251 = LINE ( 'NONE', #11335, #7813 ) ;
#9252 = CARTESIAN_POINT ( 'NONE',  ( 0.06214250832677085251, -0.01181102362204724567, -0.3272159170086512137 ) ) ;
#9253 = DIRECTION ( 'NONE',  ( 1.000000000000000000, 0.000000000000000000, 0.000000000000000000 ) ) ;
#9254 = CARTESIAN_POINT ( 'NONE',  ( 0.1841685622552717005, -0.08976377952755906775, -0.1708661417546454564 ) ) ;
#9255 = AXIS2_PLACEMENT_3D ( 'NONE', #7088, #8837, #1609 ) ;
#9256 = CARTESIAN_POINT ( 'NONE',  ( 0.09448818897637795144, -0.06027559055118110465, -0.2919921259842520045 ) ) ;
#9257 = CARTESIAN_POINT ( 'NONE',  ( 0.09448818897636204750, -0.08503937007874014242, -0.1948818897637795144 ) ) ;
#9258 = DIRECTION ( 'NONE',  ( 0.000000000000000000, 0.000000000000000000, -1.000000000000000000 ) ) ;
#9259 = CARTESIAN_POINT ( 'NONE',  ( -0.1562992113779646530, -0.02637795275590551491, -0.3228346456692913202 ) ) ;
#9260 = EDGE_LOOP ( 'NONE', ( #8911, #6594, #9364, #8246, #8190, #3085, #1168, #11099, #7978 ) ) ;
#9261 = EDGE_CURVE ( 'NONE', #671, #7136, #7634, .T. ) ;
#9262 = AXIS2_PLACEMENT_3D ( 'NONE', #7932, #1636, #1699 ) ;
#9263 = DIRECTION ( 'NONE',  ( 1.000000000000000000, 1.084202174623227557E-15, -5.099978609210211919E-11 ) ) ;
#9264 = VERTEX_POINT ( 'NONE', #4342 ) ;
#9265 = VECTOR ( 'NONE', #5170, 39.37007874015748143 ) ;
#9266 = ORIENTED_EDGE ( 'NONE', *, *, #7400, .T. ) ;
#9267 = CARTESIAN_POINT ( 'NONE',  ( 0.1013779527559055121, 0.08740157480313319460, -0.2724409448818897461 ) ) ;
#9268 = CARTESIAN_POINT ( 'NONE',  ( 0.06999670408033228930, 0.02949525201697149324, -0.3034531759686709407 ) ) ;
#9269 = DIRECTION ( 'NONE',  ( 0.000000000000000000, 0.000000000000000000, -1.000000000000000000 ) ) ;
#9270 = CARTESIAN_POINT ( 'NONE',  ( 0.1437007874124567597, 0.03149606299181213764, -0.1062992125894731132 ) ) ;
#9271 = ORIENTED_EDGE ( 'NONE', *, *, #7533, .F. ) ;
#9272 = ORIENTED_EDGE ( 'NONE', *, *, #9552, .F. ) ;
#9273 = EDGE_CURVE ( 'NONE', #2991, #4656, #660, .T. ) ;
#9274 = VERTEX_POINT ( 'NONE', #8814 ) ;
#9275 = DIRECTION ( 'NONE',  ( 0.000000000000000000, -1.000000000000000000, 0.000000000000000000 ) ) ;
#9276 = VECTOR ( 'NONE', #7486, 39.37007874015748143 ) ;
#9277 = ORIENTED_EDGE ( 'NONE', *, *, #3857, .T. ) ;
#9278 = CIRCLE ( 'NONE', #5747, 0.01181102362204730985 ) ;
#9279 = EDGE_LOOP ( 'NONE', ( #5697, #7789, #3976, #6593, #7040, #4233, #11162, #2113, #11030, #9123, #7121, #4220, #3273, #10360, #10916, #496, #135, #2080 ) ) ;
#9280 = DIRECTION ( 'NONE',  ( 1.000000000000000000, -1.962450904614682344E-10, 0.000000000000000000 ) ) ;
#9281 = LINE ( 'NONE', #8178, #910 ) ;
#9282 = CARTESIAN_POINT ( 'NONE',  ( -0.1562992113779527736, -0.08582677165354332671, -0.2116141732283464416 ) ) ;
#9283 = DIRECTION ( 'NONE',  ( 0.03489949667903968072, 0.000000000000000000, 0.9993908270199149957 ) ) ;
#9284 = CIRCLE ( 'NONE', #6488, 0.007874015748041593779 ) ;
#9285 = CARTESIAN_POINT ( 'NONE',  ( 0.02873539542146456849, -0.04587116695909448927, -0.1661918316174803845 ) ) ;
#9286 = CARTESIAN_POINT ( 'NONE',  ( 0.1496062992222992327, -0.02755905512134022156, -0.1708661417510551062 ) ) ;
#9287 = CARTESIAN_POINT ( 'NONE',  ( 0.007874015748031490750, 0.001968503937007874856, -0.3307086614173229133 ) ) ;
#9288 = ORIENTED_EDGE ( 'NONE', *, *, #3219, .F. ) ;
#9289 = DIRECTION ( 'NONE',  ( -0.4850712500713931785, 0.4850712500734777888, -0.7276068751093062170 ) ) ;
#9290 = EDGE_CURVE ( 'NONE', #8286, #4800, #4286, .T. ) ;
#9291 = VECTOR ( 'NONE', #8494, 39.37007874015748143 ) ;
#9292 = VECTOR ( 'NONE', #814, 39.37007874015748143 ) ;
#9293 = ORIENTED_EDGE ( 'NONE', *, *, #3885, .F. ) ;
#9294 = ORIENTED_EDGE ( 'NONE', *, *, #8273, .F. ) ;
#9295 = VERTEX_POINT ( 'NONE', #4399 ) ;
#9296 = ORIENTED_EDGE ( 'NONE', *, *, #6697, .F. ) ;
#9297 = VECTOR ( 'NONE', #9040, 39.37007874015748143 ) ;
#9298 = DIRECTION ( 'NONE',  ( 0.000000000000000000, 1.000000000000000000, 0.000000000000000000 ) ) ;
#9299 = LINE ( 'NONE', #3961, #3497 ) ;
#9300 = CARTESIAN_POINT ( 'NONE',  ( 0.02901218576346406910, -0.04569806696884171765, -0.1764115145828367703 ) ) ;
#9301 = DIRECTION ( 'NONE',  ( -0.000000000000000000, -1.000000000000000000, -0.000000000000000000 ) ) ;
#9302 = DIRECTION ( 'NONE',  ( -0.9998476951559950310, 0.000000000000000000, -0.01745240645998410306 ) ) ;
#9303 = VERTEX_POINT ( 'NONE', #11327 ) ;
#9304 = ORIENTED_EDGE ( 'NONE', *, *, #10710, .F. ) ;
#9305 =( GEOMETRIC_REPRESENTATION_CONTEXT ( 3 ) GLOBAL_UNCERTAINTY_ASSIGNED_CONTEXT ( ( #2953 ) ) GLOBAL_UNIT_ASSIGNED_CONTEXT ( ( #4400, #7009, #6023 ) ) REPRESENTATION_CONTEXT ( 'NONE', 'WORKASPACE' ) );
#9306 = VECTOR ( 'NONE', #3414, 39.37007874015748143 ) ;
#9307 = AXIS2_PLACEMENT_3D ( 'NONE', #8264, #233, #11017 ) ;
#9308 = CIRCLE ( 'NONE', #1097, 0.01476377952755905144 ) ;
#9309 = CARTESIAN_POINT ( 'NONE',  ( -0.1850393700787401619, -0.08976377952754717449, -0.2952755905511810774 ) ) ;
#9310 = VECTOR ( 'NONE', #3041, 39.37007874015748143 ) ;
#9311 = EDGE_CURVE ( 'NONE', #5322, #2991, #6136, .T. ) ;
#9312 = CARTESIAN_POINT ( 'NONE',  ( 0.1074257048215914306, -0.02480314960629921572, -0.2785769880739453752 ) ) ;
#9313 = CARTESIAN_POINT ( 'NONE',  ( -0.1602362192519689033, -0.08976377952755902612, -0.3149606299212598381 ) ) ;
#9314 = AXIS2_PLACEMENT_3D ( 'NONE', #1428, #8479, #8598 ) ;
#9315 = EDGE_CURVE ( 'NONE', #7369, #7426, #9194, .T. ) ;
#9316 = AXIS2_PLACEMENT_3D ( 'NONE', #7919, #2678, #5344 ) ;
#9317 = PLANE ( 'NONE',  #2247 ) ;
#9318 = FACE_OUTER_BOUND ( 'NONE', #10283, .T. ) ;
#9319 = DIRECTION ( 'NONE',  ( 0.000000000000000000, 0.000000000000000000, 1.000000000000000000 ) ) ;
#9320 = CARTESIAN_POINT ( 'NONE',  ( 0.1496062992106102496, 0.03149606299212555360, -0.09055118110236319573 ) ) ;
#9321 = DIRECTION ( 'NONE',  ( 0.03489949667959870577, 0.000000000000000000, 0.9993908270198954558 ) ) ;
#9322 = ORIENTED_EDGE ( 'NONE', *, *, #6533, .T. ) ;
#9323 = DIRECTION ( 'NONE',  ( -1.000000000000000000, 7.228014483236708388E-16, 0.000000000000000000 ) ) ;
#9324 = VECTOR ( 'NONE', #2895, 39.37007874015748143 ) ;
#9325 = VERTEX_POINT ( 'NONE', #2351 ) ;
#9326 = VECTOR ( 'NONE', #9993, 39.37007874015748143 ) ;
#9327 = CIRCLE ( 'NONE', #397, 0.007874015748031551465 ) ;
#9328 = ORIENTED_EDGE ( 'NONE', *, *, #198, .F. ) ;
#9329 = CARTESIAN_POINT ( 'NONE',  ( 0.1437007874187507528, 0.07874015748031366890, -0.3111619278840013769 ) ) ;
#9330 = LINE ( 'NONE', #1577, #9869 ) ;
#9331 = EDGE_CURVE ( 'NONE', #329, #9929, #5102, .T. ) ;
#9332 = CARTESIAN_POINT ( 'NONE',  ( 0.1920425781643113616, -0.08976377952756478540, -0.1141732283188549857 ) ) ;
#9333 = AXIS2_PLACEMENT_3D ( 'NONE', #5010, #8493, #3216 ) ;
#9334 = CARTESIAN_POINT ( 'NONE',  ( 0.06853747268590552888, -0.04464043375984251549, -0.1953072398917716779 ) ) ;
#9335 = EDGE_LOOP ( 'NONE', ( #5135, #8876, #9405, #9773, #11195, #5201, #9905, #3880 ) ) ;
#9336 = VERTEX_POINT ( 'NONE', #6895 ) ;
#9337 = VERTEX_POINT ( 'NONE', #10519 ) ;
#9338 = CARTESIAN_POINT ( 'NONE',  ( 0.1148293794054511680, -0.06299212598425196763, -0.06656348731797213925 ) ) ;
#9339 = CIRCLE ( 'NONE', #9726, 0.03937007874015747977 ) ;
#9340 = EDGE_LOOP ( 'NONE', ( #7185, #9876, #10390, #11248, #9562, #1205, #6182, #7463, #8468, #3785 ) ) ;
#9341 = ADVANCED_FACE ( 'NONE', ( #9695 ), #4169, .T. ) ;
#9342 = ORIENTED_EDGE ( 'NONE', *, *, #8678, .F. ) ;
#9343 = FACE_OUTER_BOUND ( 'NONE', #6059, .T. ) ;
#9344 = DIRECTION ( 'NONE',  ( 0.000000000000000000, 0.000000000000000000, -1.000000000000000000 ) ) ;
#9345 = ADVANCED_FACE ( 'NONE', ( #3470 ), #1594, .T. ) ;
#9346 = DIRECTION ( 'NONE',  ( 0.000000000000000000, 1.000000000000000000, 0.000000000000000000 ) ) ;
#9347 = CARTESIAN_POINT ( 'NONE',  ( 0.09251968503937006705, -0.07283464566927481953, -0.3223425196850394081 ) ) ;
#9348 = FACE_OUTER_BOUND ( 'NONE', #8007, .T. ) ;
#9349 = LINE ( 'NONE', #10225, #3333 ) ;
#9350 = ORIENTED_EDGE ( 'NONE', *, *, #10384, .T. ) ;
#9351 = CARTESIAN_POINT ( 'NONE',  ( -0.1153543294881928388, 0.06417322834645378116, -0.3366141732283464694 ) ) ;
#9352 = EDGE_LOOP ( 'NONE', ( #6682, #5119 ) ) ;
#9353 = ORIENTED_EDGE ( 'NONE', *, *, #5981, .T. ) ;
#9354 = VERTEX_POINT ( 'NONE', #10469 ) ;
#9355 = EDGE_CURVE ( 'NONE', #4879, #6264, #7887, .T. ) ;
#9356 = ORIENTED_EDGE ( 'NONE', *, *, #6016, .T. ) ;
#9357 = EDGE_CURVE ( 'NONE', #3138, #9599, #8698, .T. ) ;
#9358 = EDGE_CURVE ( 'NONE', #11473, #10786, #6075, .T. ) ;
#9359 = DIRECTION ( 'NONE',  ( -0.000000000000000000, -0.000000000000000000, -1.000000000000000000 ) ) ;
#9360 = CARTESIAN_POINT ( 'NONE',  ( -0.1562992113779527736, -0.01082677165354330173, -0.1062992125984252023 ) ) ;
#9361 = DIRECTION ( 'NONE',  ( 0.000000000000000000, 1.000000000000000000, 0.000000000000000000 ) ) ;
#9362 = PLANE ( 'NONE',  #4380 ) ;
#9363 = DIRECTION ( 'NONE',  ( 0.03489949667903968072, 0.000000000000000000, 0.9993908270199149957 ) ) ;
#9364 = ORIENTED_EDGE ( 'NONE', *, *, #4510, .T. ) ;
#9365 = ORIENTED_EDGE ( 'NONE', *, *, #985, .F. ) ;
#9366 = ORIENTED_EDGE ( 'NONE', *, *, #9928, .F. ) ;
#9367 = VECTOR ( 'NONE', #1994, 39.37007874015748143 ) ;
#9368 = EDGE_CURVE ( 'NONE', #1195, #9690, #1649, .T. ) ;
#9369 = LINE ( 'NONE', #404, #8160 ) ;
#9370 = CARTESIAN_POINT ( 'NONE',  ( -0.1562992113779587133, -0.02637795275590593125, -0.3149606299212597826 ) ) ;
#9371 = DIRECTION ( 'NONE',  ( 1.000000000000000000, 0.000000000000000000, 0.000000000000000000 ) ) ;
#9372 = CARTESIAN_POINT ( 'NONE',  ( 0.03382447258843701565, 0.08878733458586615668, -0.3368870498054724605 ) ) ;
#9373 = DIRECTION ( 'NONE',  ( 0.000000000000000000, 1.000000000000000000, 0.000000000000000000 ) ) ;
#9374 = PLANE ( 'NONE',  #6354 ) ;
#9375 = CARTESIAN_POINT ( 'NONE',  ( 0.03260236220472441382, -0.07329232854964566612, -0.3665994151638188869 ) ) ;
#9376 = DIRECTION ( 'NONE',  ( -1.000000000000000000, 0.000000000000000000, 0.000000000000000000 ) ) ;
#9377 = FACE_OUTER_BOUND ( 'NONE', #6660, .T. ) ;
#9378 = ORIENTED_EDGE ( 'NONE', *, *, #4589, .T. ) ;
#9379 = DIRECTION ( 'NONE',  ( -0.9993908270173006425, 0.000000000000000000, 0.03489949675390738304 ) ) ;
#9380 = VERTEX_POINT ( 'NONE', #7007 ) ;
#9381 = EDGE_LOOP ( 'NONE', ( #4734, #313, #10226, #8053, #9445, #6013, #1156, #11081 ) ) ;
#9382 = CIRCLE ( 'NONE', #9196, 0.02755905511704417887 ) ;
#9383 = DIRECTION ( 'NONE',  ( 0.000000000000000000, -1.000000000000000000, 0.000000000000000000 ) ) ;
#9384 = CARTESIAN_POINT ( 'NONE',  ( 0.000000000000000000, -0.1151574803149768567, -0.2411417322834645549 ) ) ;
#9385 = AXIS2_PLACEMENT_3D ( 'NONE', #6432, #9116, #9994 ) ;
#9386 = FACE_OUTER_BOUND ( 'NONE', #6667, .T. ) ;
#9387 = CARTESIAN_POINT ( 'NONE',  ( -0.09044061793704726016, -0.05787401574803149873, -0.3307086614173115335 ) ) ;
#9388 = LINE ( 'NONE', #1398, #4729 ) ;
#9389 = ORIENTED_EDGE ( 'NONE', *, *, #5921, .T. ) ;
#9390 = ORIENTED_EDGE ( 'NONE', *, *, #7118, .F. ) ;
#9391 = ORIENTED_EDGE ( 'NONE', *, *, #3986, .T. ) ;
#9392 = EDGE_CURVE ( 'NONE', #3492, #10325, #11503, .T. ) ;
#9393 = EDGE_CURVE ( 'NONE', #11082, #11231, #6327, .T. ) ;
#9394 = ADVANCED_FACE ( 'NONE', ( #5904 ), #9457, .F. ) ;
#9395 = CYLINDRICAL_SURFACE ( 'NONE', #9661, 0.01574803149606299885 ) ;
#9396 = ORIENTED_EDGE ( 'NONE', *, *, #9026, .F. ) ;
#9397 = ORIENTED_EDGE ( 'NONE', *, *, #8270, .F. ) ;
#9398 = DIRECTION ( 'NONE',  ( -0.5773502691737105730, 0.5773502691975832546, -0.5773502691975832546 ) ) ;
#9399 = DIRECTION ( 'NONE',  ( 0.000000000000000000, 1.000000000000000000, 0.000000000000000000 ) ) ;
#9400 = CARTESIAN_POINT ( 'NONE',  ( 0.1090035611573759444, -0.07874015748030020745, -0.2333930943366103739 ) ) ;
#9401 = CARTESIAN_POINT ( 'NONE',  ( 0.04547244094490184019, -0.08897637795277094086, -0.3661417322834837895 ) ) ;
#9402 = CARTESIAN_POINT ( 'NONE',  ( 0.01657898000448819464, -0.04622715541354329577, -0.1559039789380314844 ) ) ;
#9403 = CARTESIAN_POINT ( 'NONE',  ( -0.05118110236220473064, 0.000000000000000000, -0.2795275590551348222 ) ) ;
#9404 = DIRECTION ( 'NONE',  ( 0.03489949675390441319, 0.000000000000000000, 0.9993908270173006425 ) ) ;
#9405 = ORIENTED_EDGE ( 'NONE', *, *, #5368, .T. ) ;
#9406 = CARTESIAN_POINT ( 'NONE',  ( -0.1444881680708661187, 0.06417322834645669549, -0.2086614173228346636 ) ) ;
#9407 = ORIENTED_EDGE ( 'NONE', *, *, #1891, .T. ) ;
#9408 = VECTOR ( 'NONE', #4786, 39.37007874015748143 ) ;
#9409 = EDGE_CURVE ( 'NONE', #7491, #8064, #9923, .T. ) ;
#9410 = ORIENTED_EDGE ( 'NONE', *, *, #7855, .T. ) ;
#9411 = EDGE_LOOP ( 'NONE', ( #5947, #5498, #7935, #8703 ) ) ;
#9412 = VERTEX_POINT ( 'NONE', #186 ) ;
#9413 = ORIENTED_EDGE ( 'NONE', *, *, #6006, .F. ) ;
#9414 = FACE_OUTER_BOUND ( 'NONE', #1403, .T. ) ;
#9415 = DIRECTION ( 'NONE',  ( -0.7071067811865470176, 0.000000000000000000, 0.7071067811865479058 ) ) ;
#9416 = DIRECTION ( 'NONE',  ( -1.175494350822289610E-30, -1.084202172485505617E-15, -1.000000000000000000 ) ) ;
#9417 = CARTESIAN_POINT ( 'NONE',  ( -0.1574803149606299191, 0.06791338582677165780, -0.3602362204724410266 ) ) ;
#9418 = DIRECTION ( 'NONE',  ( 0.000000000000000000, 0.000000000000000000, 1.000000000000000000 ) ) ;
#9419 = ORIENTED_EDGE ( 'NONE', *, *, #8816, .F. ) ;
#9420 = ORIENTED_EDGE ( 'NONE', *, *, #3102, .T. ) ;
#9421 = EDGE_CURVE ( 'NONE', #30, #7691, #4565, .T. ) ;
#9422 = ORIENTED_EDGE ( 'NONE', *, *, #4525, .F. ) ;
#9423 = LINE ( 'NONE', #2377, #3722 ) ;
#9424 = DIRECTION ( 'NONE',  ( -0.03489949667904205383, -0.000000000000000000, -0.9993908270199149957 ) ) ;
#9425 = CARTESIAN_POINT ( 'NONE',  ( -0.01377952755905045151, 0.06704482821230607625, -0.03937007874015184539 ) ) ;
#9426 = VECTOR ( 'NONE', #8315, 39.37007874015748143 ) ;
#9427 = DIRECTION ( 'NONE',  ( -1.175494350822289610E-30, -1.084202172485505617E-15, -1.000000000000000000 ) ) ;
#9428 = CARTESIAN_POINT ( 'NONE',  ( -0.1602361995669291383, -0.08582677165354331283, -0.2834645669291339098 ) ) ;
#9429 = LINE ( 'NONE', #8613, #1324 ) ;
#9430 = CARTESIAN_POINT ( 'NONE',  ( 0.007874015748031490750, 0.01771653542216970051, -0.2480314960629922127 ) ) ;
#9431 = DIRECTION ( 'NONE',  ( 0.000000000000000000, 0.000000000000000000, 1.000000000000000000 ) ) ;
#9432 = CARTESIAN_POINT ( 'NONE',  ( 0.1082677165354331006, -0.02165354333858269392, -0.3503937007874015630 ) ) ;
#9433 = ORIENTED_EDGE ( 'NONE', *, *, #2562, .T. ) ;
#9434 = EDGE_CURVE ( 'NONE', #3052, #1725, #1056, .T. ) ;
#9435 = DIRECTION ( 'NONE',  ( -5.100087029422795300E-11, 0.000000000000000000, -1.000000000000000000 ) ) ;
#9436 = ORIENTED_EDGE ( 'NONE', *, *, #2293, .F. ) ;
#9437 = VECTOR ( 'NONE', #4993, 39.37007874015748143 ) ;
#9438 = ORIENTED_EDGE ( 'NONE', *, *, #1399, .F. ) ;
#9439 = CARTESIAN_POINT ( 'NONE',  ( -0.1583405708803149459, 0.06417322834645669549, -0.3478740157480315065 ) ) ;
#9440 = CYLINDRICAL_SURFACE ( 'NONE', #373, 0.04724409448818897572 ) ;
#9441 = CARTESIAN_POINT ( 'NONE',  ( 0.04458124993997380353, 0.06219741842483202110, -0.1881436458175625992 ) ) ;
#9442 = VECTOR ( 'NONE', #2838, 39.37007874015748143 ) ;
#9443 = DIRECTION ( 'NONE',  ( 0.000000000000000000, -1.239088197126290866E-15, 1.000000000000000000 ) ) ;
#9444 = VERTEX_POINT ( 'NONE', #3759 ) ;
#9445 = ORIENTED_EDGE ( 'NONE', *, *, #7877, .F. ) ;
#9446 = ORIENTED_EDGE ( 'NONE', *, *, #7385, .T. ) ;
#9447 = CIRCLE ( 'NONE', #4435, 0.01181102356552362655 ) ;
#9448 = CARTESIAN_POINT ( 'NONE',  ( 0.06104314414034842790, -0.02755905511811023931, -0.2642333850147929319 ) ) ;
#9449 = EDGE_LOOP ( 'NONE', ( #2612, #7545, #1804, #5796, #6026 ) ) ;
#9450 = AXIS2_PLACEMENT_3D ( 'NONE', #2383, #5999, #689 ) ;
#9451 = ORIENTED_EDGE ( 'NONE', *, *, #10839, .T. ) ;
#9452 = CARTESIAN_POINT ( 'NONE',  ( 0.07034774499737657394, -0.04963891133791495380, -0.04052078461939503246 ) ) ;
#9453 = CARTESIAN_POINT ( 'NONE',  ( 0.03366141732283464694, -0.07972440944881889480, -0.2795275590921260100 ) ) ;
#9454 = CIRCLE ( 'NONE', #1262, 0.01535433070866142405 ) ;
#9455 = EDGE_CURVE ( 'NONE', #7102, #7579, #2875, .T. ) ;
#9456 = DIRECTION ( 'NONE',  ( -0.9999999999999988898, 0.000000000000000000, 4.756016570549709023E-08 ) ) ;
#9457 = CYLINDRICAL_SURFACE ( 'NONE', #3562, 0.02755905511811023237 ) ;
#9458 = ADVANCED_FACE ( 'NONE', ( #10681 ), #7295, .F. ) ;
#9459 = EDGE_CURVE ( 'NONE', #982, #2979, #4843, .T. ) ;
#9460 = DIRECTION ( 'NONE',  ( 0.000000000000000000, 0.000000000000000000, -1.000000000000000000 ) ) ;
#9461 = DIRECTION ( 'NONE',  ( 0.000000000000000000, 1.000000000000000000, 0.000000000000000000 ) ) ;
#9462 = CARTESIAN_POINT ( 'NONE',  ( 0.1250000000105511710, 0.07874015748031182316, -0.3111619278874409034 ) ) ;
#9463 = ORIENTED_EDGE ( 'NONE', *, *, #2519, .F. ) ;
#9464 = DIRECTION ( 'NONE',  ( 0.000000000000000000, -1.000000000000000000, 0.000000000000000000 ) ) ;
#9465 = VECTOR ( 'NONE', #3473, 39.37007874015748143 ) ;
#9466 = ORIENTED_EDGE ( 'NONE', *, *, #10404, .F. ) ;
#9467 = EDGE_LOOP ( 'NONE', ( #5573, #822, #6174, #3733 ) ) ;
#9468 = CARTESIAN_POINT ( 'NONE',  ( 0.07271494836488860691, 0.008625928917283476327, -0.2561544377729694788 ) ) ;
#9469 = ORIENTED_EDGE ( 'NONE', *, *, #2811, .T. ) ;
#9470 = EDGE_LOOP ( 'NONE', ( #8482, #5301, #8806, #5992 ) ) ;
#9471 = ORIENTED_EDGE ( 'NONE', *, *, #8182, .F. ) ;
#9472 = VECTOR ( 'NONE', #8144, 39.37007874015748143 ) ;
#9473 = EDGE_CURVE ( 'NONE', #3248, #254, #1824, .T. ) ;
#9474 = DIRECTION ( 'NONE',  ( 0.7071067811865462405, 0.000000000000000000, -0.7071067811865487940 ) ) ;
#9475 = CARTESIAN_POINT ( 'NONE',  ( 0.02560936113983278486, -0.03740157478346454317, -0.3208622047408267175 ) ) ;
#9476 = EDGE_CURVE ( 'NONE', #98, #9522, #1936, .T. ) ;
#9477 = AXIS2_PLACEMENT_3D ( 'NONE', #9934, #7901, #10586 ) ;
#9478 = DIRECTION ( 'NONE',  ( -4.121147867408580573E-13, 0.000000000000000000, 1.000000000000000000 ) ) ;
#9479 = CIRCLE ( 'NONE', #352, 0.007874015767213688247 ) ;
#9480 = DIRECTION ( 'NONE',  ( 0.000000000000000000, 0.4472135954977874417, -0.8944271910010010984 ) ) ;
#9481 = DIRECTION ( 'NONE',  ( -3.838348900644203348E-31, 1.239088197126290472E-15, -1.000000000000000000 ) ) ;
#9482 = EDGE_LOOP ( 'NONE', ( #1076, #9182, #5765, #8543 ) ) ;
#9483 = ORIENTED_EDGE ( 'NONE', *, *, #4277, .F. ) ;
#9484 = AXIS2_PLACEMENT_3D ( 'NONE', #6102, #8720, #8664 ) ;
#9485 = ORIENTED_EDGE ( 'NONE', *, *, #6095, .F. ) ;
#9486 = VECTOR ( 'NONE', #8109, 39.37007874015748143 ) ;
#9487 = VECTOR ( 'NONE', #3506, 39.37007874015748143 ) ;
#9488 = FACE_OUTER_BOUND ( 'NONE', #10937, .T. ) ;
#9489 = CARTESIAN_POINT ( 'NONE',  ( 0.09697996864153800300, 0.005905492437618096307, -0.2392741088807092409 ) ) ;
#9490 = FACE_OUTER_BOUND ( 'NONE', #5018, .T. ) ;
#9491 = EDGE_CURVE ( 'NONE', #5249, #2723, #11363, .T. ) ;
#9492 = CARTESIAN_POINT ( 'NONE',  ( -9.040207670871211033E-19, -0.1151574803149606335, -0.2559055118110236671 ) ) ;
#9493 = PLANE ( 'NONE',  #5728 ) ;
#9494 = DIRECTION ( 'NONE',  ( -0.9998476951559778225, 0.000000000000000000, -0.01745240646097254850 ) ) ;
#9495 = AXIS2_PLACEMENT_3D ( 'NONE', #3947, #433, #2536 ) ;
#9496 = DIRECTION ( 'NONE',  ( 0.000000000000000000, -1.000000000000000000, 0.000000000000000000 ) ) ;
#9497 = VECTOR ( 'NONE', #3638, 39.37007874015748143 ) ;
#9498 = DIRECTION ( 'NONE',  ( 0.000000000000000000, 1.000000000000000000, 0.000000000000000000 ) ) ;
#9499 = DIRECTION ( 'NONE',  ( -1.000000000000000000, -0.000000000000000000, -0.000000000000000000 ) ) ;
#9500 = CIRCLE ( 'NONE', #8012, 0.01574803149600124963 ) ;
#9501 = VERTEX_POINT ( 'NONE', #9096 ) ;
#9502 = PLANE ( 'NONE',  #4845 ) ;
#9503 = CIRCLE ( 'NONE', #8942, 0.01574803149606299885 ) ;
#9504 = CIRCLE ( 'NONE', #938, 0.03051181118118235711 ) ;
#9505 = VECTOR ( 'NONE', #406, 39.37007874015748143 ) ;
#9506 = ORIENTED_EDGE ( 'NONE', *, *, #1090, .F. ) ;
#9507 = FACE_OUTER_BOUND ( 'NONE', #2684, .T. ) ;
#9508 = CARTESIAN_POINT ( 'NONE',  ( 0.03366141732283464694, -0.07716535431692911340, -0.3025590551181102650 ) ) ;
#9509 = EDGE_CURVE ( 'NONE', #5825, #3697, #8019, .T. ) ;
#9510 = ADVANCED_FACE ( 'NONE', ( #1768 ), #8111, .T. ) ;
#9511 = LINE ( 'NONE', #10986, #6278 ) ;
#9512 = DIRECTION ( 'NONE',  ( -0.000000000000000000, -1.000000000000000000, -0.000000000000000000 ) ) ;
#9513 = CARTESIAN_POINT ( 'NONE',  ( -0.06181102240157478750, 0.06417322834645669549, -0.2086614173228346636 ) ) ;
#9514 = AXIS2_PLACEMENT_3D ( 'NONE', #4148, #11428, #6988 ) ;
#9515 = VERTEX_POINT ( 'NONE', #4620 ) ;
#9516 = AXIS2_PLACEMENT_3D ( 'NONE', #104, #11002, #3790 ) ;
#9517 = ORIENTED_EDGE ( 'NONE', *, *, #9355, .T. ) ;
#9518 = VECTOR ( 'NONE', #11421, 39.37007874015748143 ) ;
#9519 = ORIENTED_EDGE ( 'NONE', *, *, #3254, .F. ) ;
#9520 = ORIENTED_EDGE ( 'NONE', *, *, #1891, .F. ) ;
#9521 = DIRECTION ( 'NONE',  ( 0.03489949675390752182, 0.000000000000000000, 0.9993908270173005315 ) ) ;
#9522 = VERTEX_POINT ( 'NONE', #4509 ) ;
#9523 = ORIENTED_EDGE ( 'NONE', *, *, #3357, .F. ) ;
#9524 = CARTESIAN_POINT ( 'NONE',  ( 0.03366141732283464694, 0.09251968503937008093, -0.3216535433070866756 ) ) ;
#9525 = CIRCLE ( 'NONE', #2823, 0.007874015731705139021 ) ;
#9526 = CARTESIAN_POINT ( 'NONE',  ( 0.1161417322834645827, -0.07972440944881889480, -0.2992125984251968740 ) ) ;
#9527 = AXIS2_PLACEMENT_3D ( 'NONE', #4331, #932, #6996 ) ;
#9528 = PLANE ( 'NONE',  #1877 ) ;
#9529 = DIRECTION ( 'NONE',  ( 0.9998476951559777115, 0.000000000000000000, 0.01745240646098243989 ) ) ;
#9530 = FACE_BOUND ( 'NONE', #493, .T. ) ;
#9531 = DIRECTION ( 'NONE',  ( 0.000000000000000000, 0.000000000000000000, -1.000000000000000000 ) ) ;
#9532 = LINE ( 'NONE', #2593, #9465 ) ;
#9533 = VERTEX_POINT ( 'NONE', #5493 ) ;
#9534 = DIRECTION ( 'NONE',  ( 0.000000000000000000, 0.000000000000000000, 1.000000000000000000 ) ) ;
#9535 = ORIENTED_EDGE ( 'NONE', *, *, #9119, .T. ) ;
#9536 = EDGE_CURVE ( 'NONE', #1467, #9690, #1116, .T. ) ;
#9537 = CARTESIAN_POINT ( 'NONE',  ( -0.1212598412992126062, 0.07204724409448819145, -0.3307086614173109229 ) ) ;
#9538 = VERTEX_POINT ( 'NONE', #8059 ) ;
#9539 = EDGE_CURVE ( 'NONE', #6417, #7743, #4665, .T. ) ;
#9540 = EDGE_CURVE ( 'NONE', #9232, #1347, #3194, .T. ) ;
#9541 = VERTEX_POINT ( 'NONE', #8931 ) ;
#9542 = CARTESIAN_POINT ( 'NONE',  ( -0.01377952755905278819, 0.06704482821230607625, -0.2480314960846455863 ) ) ;
#9543 = PLANE ( 'NONE',  #2378 ) ;
#9544 = LINE ( 'NONE', #5116, #6721 ) ;
#9545 = DIRECTION ( 'NONE',  ( 1.000000000000000000, 0.000000000000000000, 2.435351052049846404E-09 ) ) ;
#9546 = CARTESIAN_POINT ( 'NONE',  ( -0.005905511811023612424, 0.000000000000000000, -0.2795275590551181133 ) ) ;
#9547 = ORIENTED_EDGE ( 'NONE', *, *, #9491, .T. ) ;
#9548 = ORIENTED_EDGE ( 'NONE', *, *, #1793, .T. ) ;
#9549 = ADVANCED_FACE ( 'NONE', ( #125 ), #946, .T. ) ;
#9550 = ORIENTED_EDGE ( 'NONE', *, *, #1192, .T. ) ;
#9551 = EDGE_CURVE ( 'NONE', #8282, #6498, #5439, .T. ) ;
#9552 = EDGE_CURVE ( 'NONE', #1026, #7305, #3591, .T. ) ;
#9553 = DIRECTION ( 'NONE',  ( 0.000000000000000000, 1.000000000000000000, 0.000000000000000000 ) ) ;
#9554 = CARTESIAN_POINT ( 'NONE',  ( 0.1151809344137985636, -0.05140677250411900684, -0.05404895932288090316 ) ) ;
#9555 = DIRECTION ( 'NONE',  ( 0.03489949675390237316, 5.782411586612479546E-15, 0.9993908270173007535 ) ) ;
#9556 = CARTESIAN_POINT ( 'NONE',  ( -0.1444881680708661742, -0.04606299212598424786, -0.1062992125984252023 ) ) ;
#9557 = CARTESIAN_POINT ( 'NONE',  ( 0.09448818897637532854, -0.07165354330709024222, -0.2874015748031408246 ) ) ;
#9558 = CARTESIAN_POINT ( 'NONE',  ( -0.1562992113779587133, 0.01456692913385827272, -0.1011811023622047195 ) ) ;
#9559 = DIRECTION ( 'NONE',  ( 0.000000000000000000, 0.000000000000000000, -1.000000000000000000 ) ) ;
#9560 = DIRECTION ( 'NONE',  ( 7.521978414132435483E-11, 0.000000000000000000, -1.000000000000000000 ) ) ;
#9561 = CARTESIAN_POINT ( 'NONE',  ( -0.1567902357785039280, -0.06968503937007874960, -0.2775590551181102428 ) ) ;
#9562 = ORIENTED_EDGE ( 'NONE', *, *, #7686, .F. ) ;
#9563 = FACE_OUTER_BOUND ( 'NONE', #10169, .T. ) ;
#9564 = CIRCLE ( 'NONE', #4010, 0.01535433070866142405 ) ;
#9565 = EDGE_CURVE ( 'NONE', #3479, #6111, #5126, .T. ) ;
#9566 = CARTESIAN_POINT ( 'NONE',  ( -0.1405511601968503776, 0.02283464566929134520, -0.3307086614173229133 ) ) ;
#9567 = CARTESIAN_POINT ( 'NONE',  ( 0.1333516548917229316, 0.08070866141732278842, -0.3213727545570959632 ) ) ;
#9568 = CARTESIAN_POINT ( 'NONE',  ( 0.09893791284051178803, -0.07086614181103691179, -0.1832059228473425505 ) ) ;
#9569 = DIRECTION ( 'NONE',  ( 0.000000000000000000, 1.000000000000000000, 0.000000000000000000 ) ) ;
#9570 = EDGE_CURVE ( 'NONE', #10197, #3271, #5876, .T. ) ;
#9571 = ORIENTED_EDGE ( 'NONE', *, *, #2769, .F. ) ;
#9572 = ORIENTED_EDGE ( 'NONE', *, *, #1986, .T. ) ;
#9573 = ORIENTED_EDGE ( 'NONE', *, *, #8668, .T. ) ;
#9574 = EDGE_CURVE ( 'NONE', #6088, #1250, #10369, .T. ) ;
#9575 = FACE_OUTER_BOUND ( 'NONE', #10248, .T. ) ;
#9576 = ORIENTED_EDGE ( 'NONE', *, *, #3820, .T. ) ;
#9577 = CIRCLE ( 'NONE', #2516, 0.07677165354330710290 ) ;
#9578 = ORIENTED_EDGE ( 'NONE', *, *, #6828, .F. ) ;
#9579 = CARTESIAN_POINT ( 'NONE',  ( -0.01377952755905510925, 0.006889763779527556357, -0.03937007874015747977 ) ) ;
#9580 = CARTESIAN_POINT ( 'NONE',  ( 0.03348337688755939623, -0.06889763779527552368, -0.2519685039534251825 ) ) ;
#9581 = DIRECTION ( 'NONE',  ( 0.000000000000000000, -1.000000000000000000, 0.000000000000000000 ) ) ;
#9582 = DIRECTION ( 'NONE',  ( -0.8320502943386243189, -0.000000000000000000, -0.5547001962240583062 ) ) ;
#9583 = FACE_OUTER_BOUND ( 'NONE', #4238, .T. ) ;
#9584 = PLANE ( 'NONE',  #1643 ) ;
#9585 = ORIENTED_EDGE ( 'NONE', *, *, #4103, .F. ) ;
#9586 = CIRCLE ( 'NONE', #4560, 0.01102362206426819868 ) ;
#9587 = ORIENTED_EDGE ( 'NONE', *, *, #5893, .F. ) ;
#9588 = EDGE_CURVE ( 'NONE', #6945, #8906, #6337, .T. ) ;
#9589 = DIRECTION ( 'NONE',  ( -0.000000000000000000, -0.000000000000000000, -1.000000000000000000 ) ) ;
#9590 = VERTEX_POINT ( 'NONE', #8491 ) ;
#9591 = VERTEX_POINT ( 'NONE', #10432 ) ;
#9592 = DIRECTION ( 'NONE',  ( 0.000000000000000000, 0.000000000000000000, -1.000000000000000000 ) ) ;
#9593 = DIRECTION ( 'NONE',  ( -0.9993908270172990882, 4.134510120882214097E-14, 0.03489949675394924539 ) ) ;
#9594 = DIRECTION ( 'NONE',  ( 0.000000000000000000, 0.000000000000000000, 1.000000000000000000 ) ) ;
#9595 = LINE ( 'NONE', #3430, #2883 ) ;
#9596 = CIRCLE ( 'NONE', #3839, 0.009842519685039378616 ) ;
#9597 = CARTESIAN_POINT ( 'NONE',  ( -0.1574803149606299191, 0.005905511811023612424, -0.1031496062992126317 ) ) ;
#9598 = ORIENTED_EDGE ( 'NONE', *, *, #3845, .T. ) ;
#9599 = VERTEX_POINT ( 'NONE', #5008 ) ;
#9600 = ORIENTED_EDGE ( 'NONE', *, *, #3214, .T. ) ;
#9601 = LINE ( 'NONE', #4313, #10222 ) ;
#9602 = CARTESIAN_POINT ( 'NONE',  ( 0.04458124995335051993, -0.04517137866047812172, -0.1881436458276376233 ) ) ;
#9603 = FACE_OUTER_BOUND ( 'NONE', #10991, .T. ) ;
#9604 = CARTESIAN_POINT ( 'NONE',  ( 0.1920425781446100377, -0.08976377952755906775, -0.1141732280202781419 ) ) ;
#9605 = EDGE_CURVE ( 'NONE', #4816, #8080, #4674, .T. ) ;
#9606 = DIRECTION ( 'NONE',  ( -0.03489949675406712332, 0.000000000000000000, -0.9993908270172949804 ) ) ;
#9607 = DIRECTION ( 'NONE',  ( -0.5773502691883702909, 0.5773502691902534512, 0.5773502691902534512 ) ) ;
#9608 = EDGE_CURVE ( 'NONE', #10476, #34, #5998, .T. ) ;
#9609 = DIRECTION ( 'NONE',  ( 0.000000000000000000, 0.2425356250367458055, 0.9701425001452286256 ) ) ;
#9610 = ADVANCED_FACE ( 'NONE', ( #2381 ), #10254, .T. ) ;
#9611 = LINE ( 'NONE', #2794, #8352 ) ;
#9612 = FACE_OUTER_BOUND ( 'NONE', #6145, .T. ) ;
#9613 = ORIENTED_EDGE ( 'NONE', *, *, #5342, .F. ) ;
#9614 = DIRECTION ( 'NONE',  ( 0.000000000000000000, 0.000000000000000000, 1.000000000000000000 ) ) ;
#9615 = VECTOR ( 'NONE', #405, 39.37007874015748143 ) ;
#9616 = CARTESIAN_POINT ( 'NONE',  ( 0.03348337688755974317, 0.08773407020595230810, -0.2557323886771528665 ) ) ;
#9617 = DIRECTION ( 'NONE',  ( 0.03489949675390542627, 0.000000000000000000, 0.9993908270173006425 ) ) ;
#9618 = EDGE_CURVE ( 'NONE', #10056, #9245, #8550, .T. ) ;
#9619 = CARTESIAN_POINT ( 'NONE',  ( 0.09522812382622521110, -0.02755905511811023931, -0.2894403807942882434 ) ) ;
#9620 = CARTESIAN_POINT ( 'NONE',  ( 0.1929133858245669908, -0.1015653968110210165, -0.3385826771852165074 ) ) ;
#9621 = EDGE_CURVE ( 'NONE', #3989, #6081, #10312, .T. ) ;
#9622 =( NAMED_UNIT ( * ) PLANE_ANGLE_UNIT ( ) SI_UNIT ( $, .RADIAN. ) );
#9623 = ORIENTED_EDGE ( 'NONE', *, *, #7867, .F. ) ;
#9624 = VERTEX_POINT ( 'NONE', #11185 ) ;
#9625 = VECTOR ( 'NONE', #1149, 39.37007874015748143 ) ;
#9626 = EDGE_LOOP ( 'NONE', ( #8953, #6645, #9164, #9576 ) ) ;
#9627 = DIRECTION ( 'NONE',  ( 0.000000000000000000, 1.000000000000000000, 0.000000000000000000 ) ) ;
#9628 = ORIENTED_EDGE ( 'NONE', *, *, #10594, .F. ) ;
#9629 = DIRECTION ( 'NONE',  ( 0.9993908270172985331, 0.000000000000000000, -0.03489949675396537138 ) ) ;
#9630 = DIRECTION ( 'NONE',  ( -1.000000000000000000, -0.000000000000000000, -0.000000000000000000 ) ) ;
#9631 = AXIS2_PLACEMENT_3D ( 'NONE', #4212, #11375, #1242 ) ;
#9632 =( BOUNDED_CURVE ( )  B_SPLINE_CURVE ( 3, ( #7208, #222, #8087, #7322 ),
 .UNSPECIFIED., .F., .F. ) 
 B_SPLINE_CURVE_WITH_KNOTS ( ( 4, 4 ),
 ( 5.176036589384642284, 6.283185307179586232 ),
 .UNSPECIFIED. ) 
 CURVE ( )  GEOMETRIC_REPRESENTATION_ITEM ( )  RATIONAL_B_SPLINE_CURVE ( ( 1.000000000000000000, 0.9004338722345437418, 0.9004338722345437418, 1.000000000000000000 ) ) 
 REPRESENTATION_ITEM ( '' )  );
#9633 = PLANE ( 'NONE',  #10447 ) ;
#9634 = DIRECTION ( 'NONE',  ( 0.000000000000000000, 1.000000000000000000, 0.000000000000000000 ) ) ;
#9635 = ADVANCED_FACE ( 'NONE', ( #632 ), #6472, .F. ) ;
#9636 = CARTESIAN_POINT ( 'NONE',  ( 0.04547244094488198801, -0.08897637795275720185, -0.3661417322834644716 ) ) ;
#9637 = VECTOR ( 'NONE', #6271, 39.37007874015748143 ) ;
#9638 = CARTESIAN_POINT ( 'NONE',  ( 0.03366141732283464694, -0.09917322834645667107, -0.3564015748031497122 ) ) ;
#9639 = CARTESIAN_POINT ( 'NONE',  ( -0.1647637690748031403, -0.07755905511809887964, -0.3464566929133858775 ) ) ;
#9640 = ORIENTED_EDGE ( 'NONE', *, *, #9434, .F. ) ;
#9641 = VERTEX_POINT ( 'NONE', #2267 ) ;
#9642 = LINE ( 'NONE', #27, #8780 ) ;
#9643 = ORIENTED_EDGE ( 'NONE', *, *, #5843, .F. ) ;
#9644 = CARTESIAN_POINT ( 'NONE',  ( -0.1279527559055118335, 9.401815977706060707E-18, -0.2480314960629919352 ) ) ;
#9645 = AXIS2_PLACEMENT_3D ( 'NONE', #3321, #5877, #11186 ) ;
#9646 = VERTEX_POINT ( 'NONE', #577 ) ;
#9647 = VECTOR ( 'NONE', #2776, 39.37007874015748143 ) ;
#9648 = VERTEX_POINT ( 'NONE', #7562 ) ;
#9649 = DIRECTION ( 'NONE',  ( 0.000000000000000000, 0.000000000000000000, 1.000000000000000000 ) ) ;
#9650 = DIRECTION ( 'NONE',  ( 1.000000000000000000, 0.000000000000000000, 0.000000000000000000 ) ) ;
#9651 = ADVANCED_FACE ( 'NONE', ( #3213 ), #5937, .T. ) ;
#9652 = CIRCLE ( 'NONE', #11135, 0.007874015748031482076 ) ;
#9653 = DIRECTION ( 'NONE',  ( 0.000000000000000000, -1.000000000000000000, 0.000000000000000000 ) ) ;
#9654 = CYLINDRICAL_SURFACE ( 'NONE', #4554, 0.007874015733082297824 ) ;
#9655 = CYLINDRICAL_SURFACE ( 'NONE', #1082, 0.01181102362206376891 ) ;
#9656 = ORIENTED_EDGE ( 'NONE', *, *, #1233, .T. ) ;
#9657 = ORIENTED_EDGE ( 'NONE', *, *, #9195, .F. ) ;
#9658 = ORIENTED_EDGE ( 'NONE', *, *, #10387, .T. ) ;
#9659 = VECTOR ( 'NONE', #3324, 39.37007874015748143 ) ;
#9660 = ORIENTED_EDGE ( 'NONE', *, *, #424, .T. ) ;
#9661 = AXIS2_PLACEMENT_3D ( 'NONE', #10334, #7704, #2345 ) ;
#9662 = DIRECTION ( 'NONE',  ( -0.000000000000000000, -1.000000000000000000, -0.000000000000000000 ) ) ;
#9663 = DIRECTION ( 'NONE',  ( -1.000000000000000000, -0.000000000000000000, -0.000000000000000000 ) ) ;
#9664 = CARTESIAN_POINT ( 'NONE',  ( 0.05812695798334644587, 0.06207095725173229078, -0.1828969855673228395 ) ) ;
#9665 = PLANE ( 'NONE',  #2064 ) ;
#9666 = DIRECTION ( 'NONE',  ( 0.000000000000000000, 0.000000000000000000, -1.000000000000000000 ) ) ;
#9667 = CARTESIAN_POINT ( 'NONE',  ( 0.1421899663508267853, -0.08870653412173229446, -0.3538730257751575015 ) ) ;
#9668 = ORIENTED_EDGE ( 'NONE', *, *, #7929, .T. ) ;
#9669 = VECTOR ( 'NONE', #7505, 39.37007874015748143 ) ;
#9670 = FACE_OUTER_BOUND ( 'NONE', #7541, .T. ) ;
#9671 = CARTESIAN_POINT ( 'NONE',  ( 0.1641732283442537965, -0.1015653968110206834, -0.3464566929298031894 ) ) ;
#9672 = ORIENTED_EDGE ( 'NONE', *, *, #2088, .F. ) ;
#9673 = CIRCLE ( 'NONE', #1667, 0.05314960629921259422 ) ;
#9674 = PLANE ( 'NONE',  #11345 ) ;
#9675 = ORIENTED_EDGE ( 'NONE', *, *, #5584, .F. ) ;
#9676 = ADVANCED_FACE ( 'NONE', ( #456 ), #5073, .T. ) ;
#9677 = ADVANCED_FACE ( 'NONE', ( #5817 ), #4196, .F. ) ;
#9678 = CARTESIAN_POINT ( 'NONE',  ( -0.06889763780609058086, -0.03543307087346214690, -0.3484251968250784981 ) ) ;
#9679 = LINE ( 'NONE', #869, #929 ) ;
#9680 = AXIS2_PLACEMENT_3D ( 'NONE', #9760, #5221, #7017 ) ;
#9681 = CARTESIAN_POINT ( 'NONE',  ( -0.1574803149606299191, 0.1102362204724409295, -0.1830708661417323191 ) ) ;
#9682 = CARTESIAN_POINT ( 'NONE',  ( 0.03366141732283459836, -0.07716535432726008559, -0.2795275590643784280 ) ) ;
#9683 = ORIENTED_EDGE ( 'NONE', *, *, #4943, .T. ) ;
#9684 = ORIENTED_EDGE ( 'NONE', *, *, #7648, .F. ) ;
#9685 = AXIS2_PLACEMENT_3D ( 'NONE', #1993, #187, #7297 ) ;
#9686 = DIRECTION ( 'NONE',  ( 0.000000000000000000, 0.000000000000000000, -1.000000000000000000 ) ) ;
#9687 = VECTOR ( 'NONE', #1698, 39.37007874015748143 ) ;
#9688 = EDGE_CURVE ( 'NONE', #3074, #4504, #7737, .T. ) ;
#9689 = ADVANCED_FACE ( 'NONE', ( #6751 ), #9317, .F. ) ;
#9690 = VERTEX_POINT ( 'NONE', #4374 ) ;
#9691 = DIRECTION ( 'NONE',  ( 0.000000000000000000, 3.212450881438531748E-16, -1.000000000000000000 ) ) ;
#9692 = CARTESIAN_POINT ( 'NONE',  ( -0.1439971436703149921, 0.02351233473405512156, -0.06299212598425196763 ) ) ;
#9693 = FACE_OUTER_BOUND ( 'NONE', #597, .T. ) ;
#9695 = FACE_OUTER_BOUND ( 'NONE', #9470, .T. ) ;
#9694 = VECTOR ( 'NONE', #10330, 39.37007874015748143 ) ;
#9696 = VECTOR ( 'NONE', #4895, 39.37007874015748143 ) ;
#9697 = CIRCLE ( 'NONE', #22, 0.01181102362204724046 ) ;
#9698 = DIRECTION ( 'NONE',  ( 1.000000000000000000, 0.000000000000000000, -7.577186451344536928E-11 ) ) ;
#9699 = DIRECTION ( 'NONE',  ( 0.000000000000000000, 1.000000000000000000, 0.000000000000000000 ) ) ;
#9700 = CARTESIAN_POINT ( 'NONE',  ( -0.1850393700787401619, -0.08976377952754754919, -0.1574803149606299191 ) ) ;
#9701 = EDGE_LOOP ( 'NONE', ( #7662, #11114, #8820, #11288 ) ) ;
#9702 = ORIENTED_EDGE ( 'NONE', *, *, #6328, .F. ) ;
#9703 = EDGE_LOOP ( 'NONE', ( #5411, #10297, #10836, #8957 ) ) ;
#9704 = ADVANCED_FACE ( 'NONE', ( #1853 ), #8669, .F. ) ;
#9705 = CARTESIAN_POINT ( 'NONE',  ( -0.1271653531102362178, 0.06417322834645670937, -0.3307086614173168626 ) ) ;
#9706 = ORIENTED_EDGE ( 'NONE', *, *, #6747, .F. ) ;
#9707 = VECTOR ( 'NONE', #3270, 39.37007874015748143 ) ;
#9708 = AXIS2_PLACEMENT_3D ( 'NONE', #6035, #9594, #1607 ) ;
#9709 = EDGE_CURVE ( 'NONE', #835, #8764, #7035, .T. ) ;
#9710 = AXIS2_PLACEMENT_3D ( 'NONE', #10616, #1700, #8739 ) ;
#9711 = VERTEX_POINT ( 'NONE', #9777 ) ;
#9712 = CARTESIAN_POINT ( 'NONE',  ( 0.07550767572697814067, 0.02362204716385180384, -0.3033569815516538593 ) ) ;
#9713 = CARTESIAN_POINT ( 'NONE',  ( -0.1583405708803149459, 0.06417322834645669549, -0.3478740157480315065 ) ) ;
#9714 = DIRECTION ( 'NONE',  ( 0.000000000000000000, 0.000000000000000000, 1.000000000000000000 ) ) ;
#9715 = CARTESIAN_POINT ( 'NONE',  ( -0.1850393700787401619, -0.08976377952754754919, -0.3385826771653543399 ) ) ;
#9716 = DIRECTION ( 'NONE',  ( 0.000000000000000000, -1.000000000000000000, 0.000000000000000000 ) ) ;
#9717 = DIRECTION ( 'NONE',  ( 0.000000000000000000, 0.2425356250425185767, -0.9701425001437853357 ) ) ;
#9718 = ORIENTED_EDGE ( 'NONE', *, *, #2765, .F. ) ;
#9719 = AXIS2_PLACEMENT_3D ( 'NONE', #4834, #6574, #3802 ) ;
#9720 = EDGE_CURVE ( 'NONE', #4625, #4919, #4308, .T. ) ;
#9721 = ORIENTED_EDGE ( 'NONE', *, *, #8682, .F. ) ;
#9722 = EDGE_CURVE ( 'NONE', #2229, #10664, #7920, .T. ) ;
#9723 = EDGE_LOOP ( 'NONE', ( #7489, #414, #908, #9153, #11352, #2737, #7808, #8176, #2545, #10584, #8635, #6944, #4250, #3100, #10456, #3836, #4003, #10861, #10866, #4502, #2656, #7788, #4231, #227, #10060, #9547, #3874, #269, #11141, #667, #3517, #5913, #2698, #3196 ) ) ;
#9724 = ORIENTED_EDGE ( 'NONE', *, *, #9119, .F. ) ;
#9725 = EDGE_CURVE ( 'NONE', #2963, #7530, #6983, .T. ) ;
#9726 = AXIS2_PLACEMENT_3D ( 'NONE', #4523, #6428, #9816 ) ;
#9727 = CARTESIAN_POINT ( 'NONE',  ( 0.1555118110209349480, 0.07874015748031495954, -0.1023622047244130556 ) ) ;
#9728 = LINE ( 'NONE', #4316, #4493 ) ;
#9729 = DIRECTION ( 'NONE',  ( 3.265381328913793236E-09, 0.000000000000000000, -1.000000000000000000 ) ) ;
#9730 = CARTESIAN_POINT ( 'NONE',  ( 0.1100203936429555857, 0.08661417322834599752, -0.2042748217494846918 ) ) ;
#9731 = CARTESIAN_POINT ( 'NONE',  ( 0.1594488188994124811, -0.1015748031496063186, -0.1062992125912437386 ) ) ;
#9732 = ORIENTED_EDGE ( 'NONE', *, *, #2869, .F. ) ;
#9733 = FACE_OUTER_BOUND ( 'NONE', #8079, .T. ) ;
#9734 = EDGE_LOOP ( 'NONE', ( #8587, #603, #5274, #8715 ) ) ;
#9735 = CARTESIAN_POINT ( 'NONE',  ( 0.1437007874016371922, 0.07788995724648742347, -0.08715038016711500191 ) ) ;
#9736 = ADVANCED_FACE ( 'NONE', ( #4318, #7797 ), #10707, .F. ) ;
#9737 = CARTESIAN_POINT ( 'NONE',  ( 0.1141826319805777507, -0.09631605297900260043, -0.3208657712979153809 ) ) ;
#9738 = FACE_OUTER_BOUND ( 'NONE', #3126, .T. ) ;
#9739 = CARTESIAN_POINT ( 'NONE',  ( -0.003937007874015754916, -0.02000520244161314853, -0.3425196850393758541 ) ) ;
#9740 = DIRECTION ( 'NONE',  ( 0.000000000000000000, 0.000000000000000000, 1.000000000000000000 ) ) ;
#9741 = CARTESIAN_POINT ( 'NONE',  ( 0.07605735772174240794, 0.02387208003937008050, -0.3348482475804616665 ) ) ;
#9742 = EDGE_CURVE ( 'NONE', #3552, #1641, #2630, .T. ) ;
#9743 = ORIENTED_EDGE ( 'NONE', *, *, #10322, .T. ) ;
#9744 = ORIENTED_EDGE ( 'NONE', *, *, #10609, .F. ) ;
#9745 = CARTESIAN_POINT ( 'NONE',  ( 0.000000000000000000, -0.09842519685037785793, -0.2559055118110236671 ) ) ;
#9746 = ORIENTED_EDGE ( 'NONE', *, *, #11029, .T. ) ;
#9747 = DIRECTION ( 'NONE',  ( 0.000000000000000000, 0.000000000000000000, 1.000000000000000000 ) ) ;
#9748 = CARTESIAN_POINT ( 'NONE',  ( -0.05118110236220473064, 0.000000000000000000, -0.3425196850393699699 ) ) ;
#9749 = FACE_OUTER_BOUND ( 'NONE', #4643, .T. ) ;
#9750 = DIRECTION ( 'NONE',  ( 0.03489949675390371236, 0.000000000000000000, 0.9993908270173006425 ) ) ;
#9751 = FACE_BOUND ( 'NONE', #3937, .T. ) ;
#9752 = EDGE_CURVE ( 'NONE', #5823, #8686, #3443, .T. ) ;
#9753 = DIRECTION ( 'NONE',  ( 3.469446951953610639E-15, 0.000000000000000000, -1.000000000000000000 ) ) ;
#9754 = DIRECTION ( 'NONE',  ( 0.000000000000000000, 1.000000000000000000, 0.000000000000000000 ) ) ;
#9755 = EDGE_CURVE ( 'NONE', #9337, #5914, #10545, .T. ) ;
#9756 = ORIENTED_EDGE ( 'NONE', *, *, #9103, .F. ) ;
#9757 = EDGE_CURVE ( 'NONE', #7456, #6232, #1743, .T. ) ;
#9758 = ORIENTED_EDGE ( 'NONE', *, *, #9311, .T. ) ;
#9759 = ORIENTED_EDGE ( 'NONE', *, *, #1094, .T. ) ;
#9760 = CARTESIAN_POINT ( 'NONE',  ( 0.1437007874215724401, 0.02559055118110236532, -0.1062992125900787260 ) ) ;
#9761 = VERTEX_POINT ( 'NONE', #4426 ) ;
#9762 = ORIENTED_EDGE ( 'NONE', *, *, #9311, .F. ) ;
#9763 = CARTESIAN_POINT ( 'NONE',  ( -0.05118110236220473064, 3.668008832535777652E-28, -0.01968503937007873988 ) ) ;
#9764 = CARTESIAN_POINT ( 'NONE',  ( 0.03366141732283463306, -0.09842519685039370636, -0.1830708661417323191 ) ) ;
#9765 = LINE ( 'NONE', #6205, #7756 ) ;
#9766 = AXIS2_PLACEMENT_3D ( 'NONE', #10832, #8198, #6444 ) ;
#9767 = CARTESIAN_POINT ( 'NONE',  ( -0.05118110236220473064, 1.302547002988338140E-28, 0.000000000000000000 ) ) ;
#9768 = DIRECTION ( 'NONE',  ( -0.000000000000000000, -1.000000000000000000, -0.000000000000000000 ) ) ;
#9769 = DIRECTION ( 'NONE',  ( 0.9998476951559772674, -7.228014483250516018E-15, 0.01745240646099314313 ) ) ;
#9770 = VERTEX_POINT ( 'NONE', #3558 ) ;
#9771 = ADVANCED_FACE ( 'NONE', ( #7099 ), #11480, .F. ) ;
#9772 = VERTEX_POINT ( 'NONE', #6217 ) ;
#9773 = ORIENTED_EDGE ( 'NONE', *, *, #10258, .F. ) ;
#9774 = ORIENTED_EDGE ( 'NONE', *, *, #2816, .T. ) ;
#9775 = DIRECTION ( 'NONE',  ( 1.000000000000000000, -6.241776571656461574E-13, -5.335918741000676563E-11 ) ) ;
#9776 = CARTESIAN_POINT ( 'NONE',  ( 0.1555118110260748088, -0.08582677165353352899, -0.1708661417527800597 ) ) ;
#9777 = CARTESIAN_POINT ( 'NONE',  ( 0.07353947149929863925, 0.009314084532109637854, -0.3033913364445778860 ) ) ;
#9778 = CARTESIAN_POINT ( 'NONE',  ( 0.1056785283005749476, -0.07283464566771001569, -0.1593947642904649797 ) ) ;
#9779 = DIRECTION ( 'NONE',  ( 0.000000000000000000, 1.000000000000000000, 0.000000000000000000 ) ) ;
#9780 = ORIENTED_EDGE ( 'NONE', *, *, #3786, .F. ) ;
#9781 = EDGE_CURVE ( 'NONE', #5945, #3490, #1797, .T. ) ;
#9782 = DIRECTION ( 'NONE',  ( 0.000000000000000000, 0.000000000000000000, 1.000000000000000000 ) ) ;
#9783 = VERTEX_POINT ( 'NONE', #1621 ) ;
#9784 = CARTESIAN_POINT ( 'NONE',  ( 0.01337049416359448878, 0.06330896214917323961, -0.1392810771403937276 ) ) ;
#9785 = VECTOR ( 'NONE', #7828, 39.37007874015748143 ) ;
#9786 = ORIENTED_EDGE ( 'NONE', *, *, #4696, .T. ) ;
#9787 = ADVANCED_FACE ( 'NONE', ( #51 ), #9665, .T. ) ;
#9788 = CARTESIAN_POINT ( 'NONE',  ( 0.02145669291338352797, -0.07716535432742405165, -0.3543307086614151946 ) ) ;
#9789 = CARTESIAN_POINT ( 'NONE',  ( 0.06173024677813099270, 0.02362204726644278469, -0.3035974675050638338 ) ) ;
#9790 = LINE ( 'NONE', #930, #3124 ) ;
#9791 = DIRECTION ( 'NONE',  ( -1.000000000000000000, 0.000000000000000000, 0.000000000000000000 ) ) ;
#9792 = ADVANCED_FACE ( 'NONE', ( #6107 ), #11423, .T. ) ;
#9793 = CARTESIAN_POINT ( 'NONE',  ( -0.1602361995669291383, -0.08582677165354331283, -0.1062992125984252439 ) ) ;
#9794 = ORIENTED_EDGE ( 'NONE', *, *, #528, .T. ) ;
#9795 = EDGE_LOOP ( 'NONE', ( #9672, #7070, #4873, #2444 ) ) ;
#9796 = CARTESIAN_POINT ( 'NONE',  ( -0.06889763779527560694, 2.169649841009090725E-18, -0.3484251968589627824 ) ) ;
#9797 = AXIS2_PLACEMENT_3D ( 'NONE', #5085, #8565, #7695 ) ;
#9798 = ORIENTED_EDGE ( 'NONE', *, *, #6430, .F. ) ;
#9799 = CARTESIAN_POINT ( 'NONE',  ( 0.09562187615601647206, -0.01968503936220930214, -0.2781647892934867028 ) ) ;
#9800 = CARTESIAN_POINT ( 'NONE',  ( 0.09056058562771653053, -0.04724409448818897572, -0.3661417322998820056 ) ) ;
#9801 = DIRECTION ( 'NONE',  ( 0.000000000000000000, 0.9778024140774094208, -0.2095290887308741135 ) ) ;
#9802 = AXIS2_PLACEMENT_3D ( 'NONE', #1563, #3614, #2507 ) ;
#9803 = DIRECTION ( 'NONE',  ( -1.000000000000000000, -0.000000000000000000, -0.000000000000000000 ) ) ;
#9804 = CARTESIAN_POINT ( 'NONE',  ( 0.1594488188976772025, -0.08976377952755906775, -0.1385826771718700889 ) ) ;
#9805 = ORIENTED_EDGE ( 'NONE', *, *, #5626, .F. ) ;
#9806 = ORIENTED_EDGE ( 'NONE', *, *, #1618, .F. ) ;
#9807 = ORIENTED_EDGE ( 'NONE', *, *, #10716, .T. ) ;
#9808 = PLANE ( 'NONE',  #726 ) ;
#9809 = VERTEX_POINT ( 'NONE', #5181 ) ;
#9810 = EDGE_CURVE ( 'NONE', #2542, #3001, #8724, .T. ) ;
#9811 = EDGE_CURVE ( 'NONE', #1746, #2658, #6443, .T. ) ;
#9812 = EDGE_LOOP ( 'NONE', ( #5812, #10038, #9732, #8129 ) ) ;
#9813 = EDGE_CURVE ( 'NONE', #9295, #7600, #2904, .T. ) ;
#9814 = FACE_OUTER_BOUND ( 'NONE', #10460, .T. ) ;
#9815 = AXIS2_PLACEMENT_3D ( 'NONE', #10126, #10009, #1969 ) ;
#9816 = DIRECTION ( 'NONE',  ( 0.000000000000000000, 0.000000000000000000, 1.000000000000000000 ) ) ;
#9817 = CARTESIAN_POINT ( 'NONE',  ( 0.03366141732283464694, 0.08897637795275589734, -0.3025590551181102650 ) ) ;
#9818 = DIRECTION ( 'NONE',  ( 0.000000000000000000, 0.000000000000000000, -1.000000000000000000 ) ) ;
#9819 = DIRECTION ( 'NONE',  ( 0.01745240656153577985, 0.000000000000000000, -0.9998476951542223379 ) ) ;
#9820 = PLANE ( 'NONE',  #5548 ) ;
#9821 = VERTEX_POINT ( 'NONE', #4650 ) ;
#9822 = AXIS2_PLACEMENT_3D ( 'NONE', #3945, #10506, #3064 ) ;
#9823 = VERTEX_POINT ( 'NONE', #1912 ) ;
#9824 = ORIENTED_EDGE ( 'NONE', *, *, #5994, .T. ) ;
#9825 = EDGE_LOOP ( 'NONE', ( #108, #1052, #4889, #8028 ) ) ;
#9826 = ADVANCED_FACE ( 'NONE', ( #9900 ), #326, .F. ) ;
#9827 = ORIENTED_EDGE ( 'NONE', *, *, #3574, .F. ) ;
#9828 = AXIS2_PLACEMENT_3D ( 'NONE', #7154, #10546, #7921 ) ;
#9829 = DIRECTION ( 'NONE',  ( 0.9998476951559774895, 0.000000000000000000, 0.01745240646098297765 ) ) ;
#9830 = CARTESIAN_POINT ( 'NONE',  ( 0.1028745326862992165, -0.05134128547566928907, -0.05451794758228348248 ) ) ;
#9831 = CARTESIAN_POINT ( 'NONE',  ( -0.05118110236220473064, 0.000000000000000000, -0.3425196850393699699 ) ) ;
#9832 = DIRECTION ( 'NONE',  ( -1.000000000000000000, 0.000000000000000000, 7.495161899112195560E-11 ) ) ;
#9833 = CARTESIAN_POINT ( 'NONE',  ( 0.1732283464544900620, -0.08975437318897901140, -0.3031496063156299270 ) ) ;
#9834 = EDGE_LOOP ( 'NONE', ( #8325, #5084 ) ) ;
#9835 = DIRECTION ( 'NONE',  ( 1.000000000000000000, 0.000000000000000000, 0.000000000000000000 ) ) ;
#9836 = ORIENTED_EDGE ( 'NONE', *, *, #10980, .T. ) ;
#9837 = VECTOR ( 'NONE', #10471, 39.37007874015748143 ) ;
#9838 = CARTESIAN_POINT ( 'NONE',  ( 0.02074206145492519734, 0.06345358027362205111, -0.1329919283641732286 ) ) ;
#9839 = VECTOR ( 'NONE', #3583, 39.37007874015748143 ) ;
#9840 = CLOSED_SHELL ( 'NONE', ( #10002, #384, #229, #1584, #696, #1984, #5130, #3125, #9394, #2996, #1337, #4445, #10230, #7316, #5007, #8308, #7986, #10134, #10538, #3172, #3919, #8833, #11102, #2435, #1573, #5630, #2308, #10850, #3128, #8285, #368, #8532, #2785, #7712, #9787, #11079, #11334, #1217, #11280, #7051, #11031, #2358, #279, #5760, #4558, #2467, #8261, #724, #3633, #8963, #2055, #3404, #10613, #6953, #1876, #3354, #8328, #5700, #4883, #11436, #7039, #4654, #6465, #10647, #5613, #1947, #2659, #7289, #5516, #9906, #8815, #1220, #6118, #10571, #8975, #2028, #6679, #3505, #5385, #4720, #5192, #5418, #2799, #5641, #1417, #8106, #7212, #11220, #7964, #9341, #7560, #9651, #4476, #10198, #3533, #3784, #6279, #570, #11010, #6041, #7628, #11249, #8793, #636, #8506, #9976, #6134, #5026 ) ) ;
#9841 = EDGE_CURVE ( 'NONE', #9926, #6055, #7265, .T. ) ;
#9842 = CARTESIAN_POINT ( 'NONE',  ( -0.09645669291338586360, 5.544660704801010101E-18, -0.2795275590551180578 ) ) ;
#9843 = CARTESIAN_POINT ( 'NONE',  ( 0.1555118110212362348, -0.04310644923228347525, -0.1062992125909562602 ) ) ;
#9844 = CARTESIAN_POINT ( 'NONE',  ( 0.1920425781840126855, -0.09566929133858269318, -0.1141732283191696923 ) ) ;
#9845 = VECTOR ( 'NONE', #10835, 39.37007874015748143 ) ;
#9846 = DIRECTION ( 'NONE',  ( 1.000000000000000000, 0.000000000000000000, 0.000000000000000000 ) ) ;
#9847 = CARTESIAN_POINT ( 'NONE',  ( -0.1929133858267716994, -0.09566929133858267931, -0.2913385826771653919 ) ) ;
#9848 = VECTOR ( 'NONE', #4865, 39.37007874015748143 ) ;
#9849 = DIRECTION ( 'NONE',  ( -0.9993908270173007535, -5.668280004435288278E-14, 0.03489949675390519729 ) ) ;
#9850 = VECTOR ( 'NONE', #5946, 39.37007874015748143 ) ;
#9851 = ORIENTED_EDGE ( 'NONE', *, *, #11537, .T. ) ;
#9852 = DIRECTION ( 'NONE',  ( -0.03489949675390891654, 0.000000000000000000, -0.9993908270173005315 ) ) ;
#9853 = EDGE_CURVE ( 'NONE', #6881, #7553, #11371, .T. ) ;
#9854 = AXIS2_PLACEMENT_3D ( 'NONE', #2117, #10982, #1295 ) ;
#9855 = EDGE_CURVE ( 'NONE', #130, #3492, #2850, .T. ) ;
#9856 = AXIS2_PLACEMENT_3D ( 'NONE', #11254, #6763, #6878 ) ;
#9857 = EDGE_CURVE ( 'NONE', #9711, #2285, #11416, .T. ) ;
#9858 = VECTOR ( 'NONE', #695, 39.37007874015748143 ) ;
#9859 = VERTEX_POINT ( 'NONE', #3728 ) ;
#9860 = CARTESIAN_POINT ( 'NONE',  ( 0.009645669291340849827, -0.08897637794870898176, -0.3661417322834668586 ) ) ;
#9861 = CARTESIAN_POINT ( 'NONE',  ( -0.05118110236220471676, 0.000000000000000000, -0.2401574803149619242 ) ) ;
#9862 = DIRECTION ( 'NONE',  ( 0.9993908270172660036, 1.513524408006537482E-16, -0.03489949675490201797 ) ) ;
#9863 = CARTESIAN_POINT ( 'NONE',  ( 0.1555118110194526893, 0.03807545121892519369, -0.08267716535523748911 ) ) ;
#9864 = CARTESIAN_POINT ( 'NONE',  ( 0.1833811608219685085, -0.08976377952756478540, -0.1385826771748819020 ) ) ;
#9865 = AXIS2_PLACEMENT_3D ( 'NONE', #9979, #1002, #8112 ) ;
#9866 = VERTEX_POINT ( 'NONE', #6333 ) ;
#9867 = AXIS2_PLACEMENT_3D ( 'NONE', #10341, #5967, #6837 ) ;
#9868 = ORIENTED_EDGE ( 'NONE', *, *, #11418, .T. ) ;
#9869 = VECTOR ( 'NONE', #3981, 39.37007874015748143 ) ;
#9870 = ORIENTED_EDGE ( 'NONE', *, *, #110, .T. ) ;
#9871 = DIRECTION ( 'NONE',  ( 1.000000000000000000, 0.000000000000000000, -1.334402673828313043E-15 ) ) ;
#9872 = ORIENTED_EDGE ( 'NONE', *, *, #9892, .T. ) ;
#9873 = ORIENTED_EDGE ( 'NONE', *, *, #7632, .F. ) ;
#9874 = EDGE_CURVE ( 'NONE', #10472, #3420, #1875, .T. ) ;
#9875 = AXIS2_PLACEMENT_3D ( 'NONE', #10846, #1981, #4500 ) ;
#9876 = ORIENTED_EDGE ( 'NONE', *, *, #4539, .T. ) ;
#9877 = CARTESIAN_POINT ( 'NONE',  ( 0.09384092763972441686, -0.07165354330708662012, -0.05513385826771653730 ) ) ;
#9878 = VECTOR ( 'NONE', #807, 39.37007874015748143 ) ;
#9879 = LINE ( 'NONE', #3601, #2787 ) ;
#9880 = VECTOR ( 'NONE', #8869, 39.37007874015748854 ) ;
#9881 = DIRECTION ( 'NONE',  ( -0.000000000000000000, -0.000000000000000000, -1.000000000000000000 ) ) ;
#9882 = CARTESIAN_POINT ( 'NONE',  ( 0.1437007874187507528, -0.002933957919803146033, -0.3111619278819686141 ) ) ;
#9883 = DIRECTION ( 'NONE',  ( -1.000000000000000000, 1.962452129261481680E-10, 0.000000000000000000 ) ) ;
#9884 = CARTESIAN_POINT ( 'NONE',  ( -0.05118110236220472370, -0.02755905511811023237, -0.3307086614173228023 ) ) ;
#9885 = DIRECTION ( 'NONE',  ( 0.000000000000000000, 0.000000000000000000, -1.000000000000000000 ) ) ;
#9886 = EDGE_CURVE ( 'NONE', #535, #4415, #158, .T. ) ;
#9887 = ORIENTED_EDGE ( 'NONE', *, *, #2414, .T. ) ;
#9888 = DIRECTION ( 'NONE',  ( 0.000000000000000000, 0.000000000000000000, -1.000000000000000000 ) ) ;
#9889 = ORIENTED_EDGE ( 'NONE', *, *, #3229, .T. ) ;
#9890 = VECTOR ( 'NONE', #4780, 39.37007874015748143 ) ;
#9891 = AXIS2_PLACEMENT_3D ( 'NONE', #2192, #4127, #8367 ) ;
#9892 = EDGE_CURVE ( 'NONE', #2886, #6128, #9632, .T. ) ;
#9893 = AXIS2_PLACEMENT_3D ( 'NONE', #7063, #1715, #10732 ) ;
#9894 = VERTEX_POINT ( 'NONE', #3842 ) ;
#9895 = ORIENTED_EDGE ( 'NONE', *, *, #11206, .F. ) ;
#9896 = DIRECTION ( 'NONE',  ( -1.000000000000000000, 0.000000000000000000, -7.500076948385445007E-11 ) ) ;
#9897 = DIRECTION ( 'NONE',  ( -5.100087029422795300E-11, 0.000000000000000000, -1.000000000000000000 ) ) ;
#9898 = AXIS2_PLACEMENT_3D ( 'NONE', #11215, #6781, #5905 ) ;
#9899 = CIRCLE ( 'NONE', #7286, 0.007874015748031490750 ) ;
#9900 = FACE_OUTER_BOUND ( 'NONE', #4416, .T. ) ;
#9901 = CARTESIAN_POINT ( 'NONE',  ( 0.1082677165354330451, 0.07480314960629921850, -0.1929133858267716994 ) ) ;
#9902 = CARTESIAN_POINT ( 'NONE',  ( 0.1437007874215724401, 0.02559055118110236532, -0.1062992125900787260 ) ) ;
#9903 = ORIENTED_EDGE ( 'NONE', *, *, #6575, .F. ) ;
#9904 = CARTESIAN_POINT ( 'NONE',  ( 0.000000000000000000, 0.1102362204724409434, -0.3216535434330710097 ) ) ;
#9905 = ORIENTED_EDGE ( 'NONE', *, *, #4433, .T. ) ;
#9906 = ADVANCED_FACE ( 'NONE', ( #10884 ), #9130, .T. ) ;
#9907 = EDGE_CURVE ( 'NONE', #3224, #1005, #10068, .T. ) ;
#9908 = EDGE_CURVE ( 'NONE', #11333, #3501, #2450, .T. ) ;
#9909 = LINE ( 'NONE', #281, #3554 ) ;
#9910 = LINE ( 'NONE', #9144, #8824 ) ;
#9911 = CARTESIAN_POINT ( 'NONE',  ( 0.000000000000000000, -0.09842519685039370636, -0.2992125984251969295 ) ) ;
#9912 = DIRECTION ( 'NONE',  ( 0.000000000000000000, 1.000000000000000000, 0.000000000000000000 ) ) ;
#9913 = CARTESIAN_POINT ( 'NONE',  ( 0.1033740941164558447, -0.05140681627675188631, -0.05464111308465731398 ) ) ;
#9914 = DIRECTION ( 'NONE',  ( 0.000000000000000000, -1.000000000000000000, 0.000000000000000000 ) ) ;
#9915 = PLANE ( 'NONE',  #18 ) ;
#9916 = ORIENTED_EDGE ( 'NONE', *, *, #8249, .F. ) ;
#9917 = EDGE_CURVE ( 'NONE', #356, #6551, #7437, .T. ) ;
#9918 = ORIENTED_EDGE ( 'NONE', *, *, #2199, .T. ) ;
#9919 = VERTEX_POINT ( 'NONE', #5407 ) ;
#9920 = CARTESIAN_POINT ( 'NONE',  ( 0.1071238985868504107, 0.06803487612370080762, -0.05680810426807086227 ) ) ;
#9921 = CARTESIAN_POINT ( 'NONE',  ( -0.1562992113779646530, -0.07755905511811023167, -0.1771653543307086798 ) ) ;
#9922 = PRESENTATION_STYLE_ASSIGNMENT (( #5438 ) ) ;
#9923 = LINE ( 'NONE', #2756, #2623 ) ;
#9924 = CARTESIAN_POINT ( 'NONE',  ( -0.1562992113779527736, 0.01456692913385828139, -0.2116141732283464416 ) ) ;
#9925 = CARTESIAN_POINT ( 'NONE',  ( 0.03366141732283461224, 0.1102362204724483402, -0.2795275590354330819 ) ) ;
#9926 = VERTEX_POINT ( 'NONE', #10769 ) ;
#9927 = ORIENTED_EDGE ( 'NONE', *, *, #7725, .T. ) ;
#9928 = EDGE_CURVE ( 'NONE', #6974, #7600, #3941, .T. ) ;
#9929 = VERTEX_POINT ( 'NONE', #7726 ) ;
#9930 = DIRECTION ( 'NONE',  ( 0.000000000000000000, 0.000000000000000000, 1.000000000000000000 ) ) ;
#9931 = ORIENTED_EDGE ( 'NONE', *, *, #9989, .T. ) ;
#9932 = ORIENTED_EDGE ( 'NONE', *, *, #4373, .T. ) ;
#9933 = CARTESIAN_POINT ( 'NONE',  ( -0.1268822167086220143, -0.03031496062992129412, -0.3307086614173112560 ) ) ;
#9934 = CARTESIAN_POINT ( 'NONE',  ( 0.1106348633031163375, 0.09251968503937006705, -0.1866787129085284436 ) ) ;
#9935 = DIRECTION ( 'NONE',  ( 0.01745240840525626863, 2.474419667232084719E-09, -0.9998476951220403031 ) ) ;
#9936 = CARTESIAN_POINT ( 'NONE',  ( -0.1929133858267717272, -0.1015748031496182813, -0.3385826771653539513 ) ) ;
#9937 = LINE ( 'NONE', #1955, #9326 ) ;
#9938 = DIRECTION ( 'NONE',  ( 1.000000000000000000, 0.000000000000000000, 0.000000000000000000 ) ) ;
#9939 = DIRECTION ( 'NONE',  ( 0.000000000000000000, 1.000000000000000000, 0.000000000000000000 ) ) ;
#9940 = EDGE_LOOP ( 'NONE', ( #3683, #10463, #3848, #2244 ) ) ;
#9941 = AXIS2_PLACEMENT_3D ( 'NONE', #1887, #6363, #10858 ) ;
#9942 = FACE_OUTER_BOUND ( 'NONE', #398, .T. ) ;
#9943 = EDGE_CURVE ( 'NONE', #1196, #3530, #7371, .T. ) ;
#9944 = ORIENTED_EDGE ( 'NONE', *, *, #2645, .T. ) ;
#9945 = VERTEX_POINT ( 'NONE', #3081 ) ;
#9946 = EDGE_LOOP ( 'NONE', ( #3834, #4543, #4471, #8421 ) ) ;
#9947 = VECTOR ( 'NONE', #1605, 39.37007874015748143 ) ;
#9948 = VECTOR ( 'NONE', #8711, 39.37007874015748143 ) ;
#9949 = PLANE ( 'NONE',  #2740 ) ;
#9950 = FACE_OUTER_BOUND ( 'NONE', #8525, .T. ) ;
#9951 = CARTESIAN_POINT ( 'NONE',  ( 0.02757786507653543773, -0.08267716535433052016, -0.3090551181266526504 ) ) ;
#9952 = CARTESIAN_POINT ( 'NONE',  ( 0.1087598934423622266, 0.06649020987425198481, -0.03203352037425590687 ) ) ;
#9953 = FACE_BOUND ( 'NONE', #6306, .T. ) ;
#9954 = ORIENTED_EDGE ( 'NONE', *, *, #6976, .F. ) ;
#9955 = CARTESIAN_POINT ( 'NONE',  ( 0.02755905511811023931, -0.07716535433069385275, -0.3216535433070866201 ) ) ;
#9956 = EDGE_LOOP ( 'NONE', ( #7568, #6004, #2885, #6999, #4041, #10879, #5202, #8201, #4394, #1252 ) ) ;
#9957 = DIRECTION ( 'NONE',  ( 1.000000000000000000, 0.000000000000000000, 0.000000000000000000 ) ) ;
#9958 = EDGE_CURVE ( 'NONE', #4391, #3159, #1316, .T. ) ;
#9959 = LINE ( 'NONE', #3850, #3057 ) ;
#9960 = ADVANCED_FACE ( 'NONE', ( #5694 ), #10356, .T. ) ;
#9961 = EDGE_CURVE ( 'NONE', #5661, #9770, #8428, .T. ) ;
#9962 = CARTESIAN_POINT ( 'NONE',  ( -0.1850393700787401619, -0.1015748031496182119, -0.1574803149606299191 ) ) ;
#9963 = FACE_OUTER_BOUND ( 'NONE', #10540, .T. ) ;
#9964 = EDGE_CURVE ( 'NONE', #7669, #7593, #3579, .T. ) ;
#9965 = CARTESIAN_POINT ( 'NONE',  ( -0.1444881680708661742, -0.08582677165354332671, -0.2834645669291339098 ) ) ;
#9966 = LINE ( 'NONE', #10019, #2261 ) ;
#9967 = CARTESIAN_POINT ( 'NONE',  ( -0.1850393700787450468, -0.09566929133858267931, -0.3031496062992126150 ) ) ;
#9968 = CARTESIAN_POINT ( 'NONE',  ( 0.02167235326551181229, 0.09448818897637491221, -0.3208661417487008172 ) ) ;
#9969 = AXIS2_PLACEMENT_3D ( 'NONE', #11253, #1392, #10381 ) ;
#9970 = ORIENTED_EDGE ( 'NONE', *, *, #9168, .F. ) ;
#9971 = CARTESIAN_POINT ( 'NONE',  ( 0.03991403194688974976, -0.06102362204724410405, -0.03937007877165354941 ) ) ;
#9972 = EDGE_CURVE ( 'NONE', #1987, #2647, #957, .T. ) ;
#9973 = ORIENTED_EDGE ( 'NONE', *, *, #6430, .T. ) ;
#9974 = CARTESIAN_POINT ( 'NONE',  ( 0.06126587817722441154, -0.01968503937007366061, -0.2769938098154527406 ) ) ;
#9975 = CARTESIAN_POINT ( 'NONE',  ( 0.000000000000000000, -0.09842519685037785793, -0.05905511811023622659 ) ) ;
#9976 = ADVANCED_FACE ( 'NONE', ( #10177 ), #2367, .F. ) ;
#9977 = DIRECTION ( 'NONE',  ( -0.9998476951559950310, 0.000000000000000000, -0.01745240645998236140 ) ) ;
#9978 = CARTESIAN_POINT ( 'NONE',  ( 0.03382447258843701565, -0.07665354330708661068, -0.2809448819061811098 ) ) ;
#9979 = CARTESIAN_POINT ( 'NONE',  ( -0.1637795275590551158, 0.07007874015748033480, -0.3661417322834646382 ) ) ;
#9980 = CARTESIAN_POINT ( 'NONE',  ( 0.1107417415062401655, 0.08661417322834587262, -0.1836181216241142000 ) ) ;
#9981 = EDGE_LOOP ( 'NONE', ( #656, #10013, #4746, #11148 ) ) ;
#9982 = VERTEX_POINT ( 'NONE', #3135 ) ;
#9983 = ORIENTED_EDGE ( 'NONE', *, *, #699, .F. ) ;
#9984 = FACE_OUTER_BOUND ( 'NONE', #4008, .T. ) ;
#9985 = ORIENTED_EDGE ( 'NONE', *, *, #3684, .T. ) ;
#9986 = ORIENTED_EDGE ( 'NONE', *, *, #9136, .F. ) ;
#9987 = DIRECTION ( 'NONE',  ( -0.000000000000000000, -1.000000000000000000, -0.000000000000000000 ) ) ;
#9988 = DIRECTION ( 'NONE',  ( 0.000000000000000000, 1.000000000000000000, 0.000000000000000000 ) ) ;
#9989 = EDGE_CURVE ( 'NONE', #7313, #507, #11196, .T. ) ;
#9990 = VECTOR ( 'NONE', #3089, 39.37007874015748143 ) ;
#9991 = LINE ( 'NONE', #10869, #592 ) ;
#9992 = CYLINDRICAL_SURFACE ( 'NONE', #5354, 0.007874015748578520185 ) ;
#9993 = DIRECTION ( 'NONE',  ( -0.000000000000000000, -0.000000000000000000, -1.000000000000000000 ) ) ;
#9994 = DIRECTION ( 'NONE',  ( 0.000000000000000000, 0.000000000000000000, -1.000000000000000000 ) ) ;
#9995 = DIRECTION ( 'NONE',  ( 7.521964043354022120E-11, 0.000000000000000000, -1.000000000000000000 ) ) ;
#9996 = ORIENTED_EDGE ( 'NONE', *, *, #7513, .F. ) ;
#9997 = DIRECTION ( 'NONE',  ( -0.7071067811865475727, 0.000000000000000000, 0.7071067811865475727 ) ) ;
#9998 = VERTEX_POINT ( 'NONE', #2251 ) ;
#9999 = CIRCLE ( 'NONE', #874, 0.07677165354330710290 ) ;
#10000 = ORIENTED_EDGE ( 'NONE', *, *, #8535, .T. ) ;
#10001 = EDGE_CURVE ( 'NONE', #10076, #5314, #5064, .T. ) ;
#10002 = ADVANCED_FACE ( 'NONE', ( #446 ), #1256, .F. ) ;
#10003 = EDGE_CURVE ( 'NONE', #329, #5576, #1370, .T. ) ;
#10004 = DIRECTION ( 'NONE',  ( -1.000000000000000000, 0.000000000000000000, 0.000000000000000000 ) ) ;
#10005 = DIRECTION ( 'NONE',  ( -0.01745240646098096191, 0.000000000000000000, 0.9998476951559776005 ) ) ;
#10006 = VECTOR ( 'NONE', #1136, 39.37007874015748143 ) ;
#10007 = DIRECTION ( 'NONE',  ( 0.000000000000000000, 1.000000000000000000, 0.000000000000000000 ) ) ;
#10008 = CARTESIAN_POINT ( 'NONE',  ( 0.1156110089249606093, 0.06683143904507875266, -0.05319167650433070937 ) ) ;
#10009 = DIRECTION ( 'NONE',  ( 0.000000000000000000, 1.000000000000000000, 0.000000000000000000 ) ) ;
#10010 = ORIENTED_EDGE ( 'NONE', *, *, #9552, .T. ) ;
#10011 = CARTESIAN_POINT ( 'NONE',  ( -0.02362204725015829010, 6.973413376342522817E-12, -0.3582677165435915745 ) ) ;
#10012 = AXIS2_PLACEMENT_3D ( 'NONE', #504, #9481, #6854 ) ;
#10013 = ORIENTED_EDGE ( 'NONE', *, *, #906, .F. ) ;
#10014 = CARTESIAN_POINT ( 'NONE',  ( 0.09843093854189953473, -0.08661417322834646937, -0.1977237673144116581 ) ) ;
#10015 = DIRECTION ( 'NONE',  ( -0.000000000000000000, -1.000000000000000000, -0.000000000000000000 ) ) ;
#10016 = LINE ( 'NONE', #8263, #7008 ) ;
#10017 = DIRECTION ( 'NONE',  ( 0.000000000000000000, -1.000000000000000000, 0.000000000000000000 ) ) ;
#10018 = DIRECTION ( 'NONE',  ( 0.03489949675390505851, 5.782411586612445625E-15, 0.9993908270173006425 ) ) ;
#10019 = CARTESIAN_POINT ( 'NONE',  ( 0.06024142376066340954, -0.04412559434728602348, -0.2183028563420446599 ) ) ;
#10020 = CARTESIAN_POINT ( 'NONE',  ( 0.1929133858245669908, -0.09565988500000001393, -0.2952755905705511941 ) ) ;
#10021 = CARTESIAN_POINT ( 'NONE',  ( -0.1490724581870472576, 0.06598425196850395136, -0.05984251968503937619 ) ) ;
#10022 = ORIENTED_EDGE ( 'NONE', *, *, #3338, .F. ) ;
#10023 = DIRECTION ( 'NONE',  ( 0.000000000000000000, 1.000000000000000000, 0.000000000000000000 ) ) ;
#10024 = EDGE_CURVE ( 'NONE', #8460, #7913, #5614, .T. ) ;
#10025 = EDGE_CURVE ( 'NONE', #7116, #250, #10080, .T. ) ;
#10026 = EDGE_CURVE ( 'NONE', #2089, #7269, #2256, .T. ) ;
#10027 = VECTOR ( 'NONE', #10605, 39.37007874015748143 ) ;
#10028 = VERTEX_POINT ( 'NONE', #502 ) ;
#10029 = FACE_OUTER_BOUND ( 'NONE', #3892, .T. ) ;
#10030 = LINE ( 'NONE', #4678, #10614 ) ;
#10031 = AXIS2_PLACEMENT_3D ( 'NONE', #9745, #824, #6186 ) ;
#10032 = CLOSED_SHELL ( 'NONE', ( #2276, #650, #3674, #4206, #878, #3868, #5444, #5829, #3043, #1015, #6678, #1635, #2913, #7792, #1050, #10238, #9250, #7459, #6804, #10897, #9826, #5759, #3503, #9771, #6578, #2687, #2385, #4915, #9197, #10753, #5141, #4548, #10963, #865, #1592, #8321, #2956, #7928, #11173, #300, #4832, #5090, #9458, #811, #9689 ) ) ;
#10033 = CARTESIAN_POINT ( 'NONE',  ( -0.05118110236220464737, 0.000000000000000000, -0.2795275590551201117 ) ) ;
#10034 = DIRECTION ( 'NONE',  ( 1.000000000000000000, 0.000000000000000000, 0.000000000000000000 ) ) ;
#10035 = DIRECTION ( 'NONE',  ( 0.000000000000000000, 1.000000000000000000, 1.302425177218710172E-15 ) ) ;
#10036 = CARTESIAN_POINT ( 'NONE',  ( 0.1555118110190172043, 0.03807545121892518675, -0.08858267716616309573 ) ) ;
#10037 = ORIENTED_EDGE ( 'NONE', *, *, #6067, .F. ) ;
#10038 = ORIENTED_EDGE ( 'NONE', *, *, #8117, .F. ) ;
#10039 = AXIS2_PLACEMENT_3D ( 'NONE', #5754, #4075, #5814 ) ;
#10040 = VERTEX_POINT ( 'NONE', #7607 ) ;
#10041 = EDGE_CURVE ( 'NONE', #6735, #5683, #11108, .T. ) ;
#10042 = DIRECTION ( 'NONE',  ( 0.000000000000000000, 1.000000000000000000, 0.000000000000000000 ) ) ;
#10043 = CIRCLE ( 'NONE', #11543, 0.007874015771059970914 ) ;
#10044 = ORIENTED_EDGE ( 'NONE', *, *, #1726, .F. ) ;
#10045 = ORIENTED_EDGE ( 'NONE', *, *, #4882, .F. ) ;
#10046 = DIRECTION ( 'NONE',  ( 0.000000000000000000, 0.000000000000000000, -1.000000000000000000 ) ) ;
#10047 = DIRECTION ( 'NONE',  ( 0.000000000000000000, 0.000000000000000000, 1.000000000000000000 ) ) ;
#10048 = CARTESIAN_POINT ( 'NONE',  ( 0.1117340600489052926, -0.07677165354330708902, -0.1552018364670310069 ) ) ;
#10049 = CARTESIAN_POINT ( 'NONE',  ( -0.1500000000000000222, 0.01377952755905581007, -0.08937007874015900910 ) ) ;
#10050 = AXIS2_PLACEMENT_3D ( 'NONE', #9213, #3690, #4617 ) ;
#10051 = FACE_OUTER_BOUND ( 'NONE', #4572, .T. ) ;
#10052 = VECTOR ( 'NONE', #10717, 39.37007874015748143 ) ;
#10053 = LINE ( 'NONE', #2948, #8093 ) ;
#10054 = PLANE ( 'NONE',  #5929 ) ;
#10055 = EDGE_CURVE ( 'NONE', #9012, #9060, #770, .T. ) ;
#10056 = VERTEX_POINT ( 'NONE', #10532 ) ;
#10057 = DIRECTION ( 'NONE',  ( -0.000000000000000000, -1.000000000000000000, -0.000000000000000000 ) ) ;
#10058 = ORIENTED_EDGE ( 'NONE', *, *, #7816, .F. ) ;
#10059 = ADVANCED_FACE ( 'NONE', ( #40 ), #11521, .T. ) ;
#10060 = ORIENTED_EDGE ( 'NONE', *, *, #7747, .T. ) ;
#10061 = EDGE_LOOP ( 'NONE', ( #2611, #6406, #8458, #9868 ) ) ;
#10062 = ORIENTED_EDGE ( 'NONE', *, *, #3190, .F. ) ;
#10063 = CIRCLE ( 'NONE', #9495, 0.01673228346453284332 ) ;
#10064 = VECTOR ( 'NONE', #9634, 39.37007874015748143 ) ;
#10065 = AXIS2_PLACEMENT_3D ( 'NONE', #8549, #4831, #1327 ) ;
#10066 = LINE ( 'NONE', #1910, #7383 ) ;
#10067 = DIRECTION ( 'NONE',  ( 1.000000000000000000, 0.000000000000000000, 0.000000000000000000 ) ) ;
#10068 = LINE ( 'NONE', #2084, #7460 ) ;
#10069 = LINE ( 'NONE', #9901, #7906 ) ;
#10070 = CARTESIAN_POINT ( 'NONE',  ( 0.1594488189000403955, -0.08976377952755906775, -0.1708661417527916060 ) ) ;
#10071 = EDGE_CURVE ( 'NONE', #8116, #4570, #7023, .T. ) ;
#10072 = CIRCLE ( 'NONE', #2246, 0.01181102362206376891 ) ;
#10073 = ORIENTED_EDGE ( 'NONE', *, *, #5554, .F. ) ;
#10074 = VECTOR ( 'NONE', #1153, 39.37007874015748143 ) ;
#10075 = CIRCLE ( 'NONE', #1511, 0.005905511811023586403 ) ;
#10076 = VERTEX_POINT ( 'NONE', #676 ) ;
#10077 = EDGE_CURVE ( 'NONE', #9894, #2580, #213, .T. ) ;
#10078 = DIRECTION ( 'NONE',  ( 3.469446951953610639E-15, 0.000000000000000000, -1.000000000000000000 ) ) ;
#10079 = AXIS2_PLACEMENT_3D ( 'NONE', #9259, #2272, #7392 ) ;
#10080 = CIRCLE ( 'NONE', #32, 0.007874015767213722941 ) ;
#10081 = AXIS2_PLACEMENT_3D ( 'NONE', #3403, #1343, #5889 ) ;
#10082 = CARTESIAN_POINT ( 'NONE',  ( -0.1562992113779527736, -0.08582677165354332671, -0.1062992125984252162 ) ) ;
#10083 = LINE ( 'NONE', #8973, #120 ) ;
#10084 = DIRECTION ( 'NONE',  ( 1.000000000000000000, 1.445602896959033243E-15, -5.200122740941017372E-11 ) ) ;
#10085 = CARTESIAN_POINT ( 'NONE',  ( 0.06038853680098425075, -0.04949225974921259152, -0.03934165382696064306 ) ) ;
#10086 = DIRECTION ( 'NONE',  ( 0.9993908270173006425, 1.725199716946561774E-15, -0.03489949675390776468 ) ) ;
#10087 = CARTESIAN_POINT ( 'NONE',  ( 0.1417322834645507734, 0.02559055118110236532, -0.09763779527559054983 ) ) ;
#10088 = LINE ( 'NONE', #2208, #385 ) ;
#10089 = EDGE_LOOP ( 'NONE', ( #5646, #3551, #558, #7236 ) ) ;
#10090 = ADVANCED_FACE ( 'NONE', ( #5986 ), #11409, .T. ) ;
#10091 = CARTESIAN_POINT ( 'NONE',  ( -0.1602362192519689033, -0.08976377952755902612, -0.1377952755905511861 ) ) ;
#10092 = EDGE_LOOP ( 'NONE', ( #9221, #6856, #3933, #10619 ) ) ;
#10093 = LINE ( 'NONE', #10144, #6235 ) ;
#10094 = DIRECTION ( 'NONE',  ( 0.000000000000000000, -1.000000000000000000, 0.000000000000000000 ) ) ;
#10095 = CARTESIAN_POINT ( 'NONE',  ( 0.06025182765991419359, 0.008513019881889776624, -0.2188988861309705547 ) ) ;
#10096 = CARTESIAN_POINT ( 'NONE',  ( 0.1841685623943638273, -0.09566929133858269318, -0.1496062992371908207 ) ) ;
#10097 = CARTESIAN_POINT ( 'NONE',  ( 0.04653729476094489725, -0.04518199738362204537, -0.1848972954059449059 ) ) ;
#10098 = ORIENTED_EDGE ( 'NONE', *, *, #7461, .T. ) ;
#10099 = ORIENTED_EDGE ( 'NONE', *, *, #9078, .T. ) ;
#10100 = VERTEX_POINT ( 'NONE', #8710 ) ;
#10101 = DIRECTION ( 'NONE',  ( 0.9998476951559777115, 0.000000000000000000, 0.01745240646098243989 ) ) ;
#10102 = ORIENTED_EDGE ( 'NONE', *, *, #3988, .F. ) ;
#10103 = VERTEX_POINT ( 'NONE', #5333 ) ;
#10104 = DIRECTION ( 'NONE',  ( 1.000000000000000000, 1.445602887658981243E-15, -5.300302987601647220E-11 ) ) ;
#10105 = DIRECTION ( 'NONE',  ( 0.000000000000000000, 0.000000000000000000, 1.000000000000000000 ) ) ;
#10106 = EDGE_CURVE ( 'NONE', #2674, #10904, #1145, .T. ) ;
#10107 = LINE ( 'NONE', #4805, #8561 ) ;
#10108 = EDGE_CURVE ( 'NONE', #2542, #8840, #796, .T. ) ;
#10109 = FACE_OUTER_BOUND ( 'NONE', #4042, .T. ) ;
#10110 = ADVANCED_FACE ( 'NONE', ( #734 ), #5430, .T. ) ;
#10111 = LINE ( 'NONE', #8416, #8560 ) ;
#10112 = LINE ( 'NONE', #2124, #2106 ) ;
#10113 = CARTESIAN_POINT ( 'NONE',  ( -0.1562992113779585746, -0.07755905511810455566, -0.3464566929133858775 ) ) ;
#10114 = ORIENTED_EDGE ( 'NONE', *, *, #742, .F. ) ;
#10115 = DIRECTION ( 'NONE',  ( -1.000000000000000000, 0.000000000000000000, 0.000000000000000000 ) ) ;
#10116 = ORIENTED_EDGE ( 'NONE', *, *, #6827, .T. ) ;
#10117 = AXIS2_PLACEMENT_3D ( 'NONE', #950, #188, #5495 ) ;
#10118 = VERTEX_POINT ( 'NONE', #7958 ) ;
#10119 = ORIENTED_EDGE ( 'NONE', *, *, #9855, .T. ) ;
#10120 = CARTESIAN_POINT ( 'NONE',  ( -0.1574803149606299191, 0.01377952755905514567, -0.1830708661417323191 ) ) ;
#10121 = DIRECTION ( 'NONE',  ( 0.000000000000000000, -1.000000000000000000, 0.000000000000000000 ) ) ;
#10122 = PLANE ( 'NONE',  #3380 ) ;
#10123 = EDGE_CURVE ( 'NONE', #5823, #2102, #5284, .T. ) ;
#10124 = DIRECTION ( 'NONE',  ( -0.5017180897715581844, 0.8650311892619703125, 0.000000000000000000 ) ) ;
#10125 = CARTESIAN_POINT ( 'NONE',  ( 0.1070851163173228426, 0.06683143904271654501, -0.05384246246393700752 ) ) ;
#10126 = CARTESIAN_POINT ( 'NONE',  ( -0.1850393700787401619, -0.1015748031496182119, -0.1614173228346456601 ) ) ;
#10127 = ORIENTED_EDGE ( 'NONE', *, *, #175, .T. ) ;
#10128 = VERTEX_POINT ( 'NONE', #3605 ) ;
#10129 = CARTESIAN_POINT ( 'NONE',  ( 0.06148053836988540133, 0.02362204724514442924, -0.2892916839290852749 ) ) ;
#10130 = AXIS2_PLACEMENT_3D ( 'NONE', #11466, #2609, #10484 ) ;
#10131 = CYLINDRICAL_SURFACE ( 'NONE', #6875, 0.04724409448818897572 ) ;
#10132 = CARTESIAN_POINT ( 'NONE',  ( 0.02757786507653544120, 0.08070866141731958265, -0.2519685039534251825 ) ) ;
#10133 = CARTESIAN_POINT ( 'NONE',  ( 0.009645669291222607605, 0.1007874015785081984, -0.3661417322833485644 ) ) ;
#10134 = ADVANCED_FACE ( 'NONE', ( #3545 ), #5168, .F. ) ;
#10135 = CARTESIAN_POINT ( 'NONE',  ( 0.1156324820620078658, -0.05106345870531495829, -0.05351392099204725639 ) ) ;
#10136 = DIRECTION ( 'NONE',  ( -0.000000000000000000, -0.000000000000000000, -1.000000000000000000 ) ) ;
#10137 = VECTOR ( 'NONE', #1257, 39.37007874015748143 ) ;
#10138 = FACE_OUTER_BOUND ( 'NONE', #8257, .T. ) ;
#10139 = CARTESIAN_POINT ( 'NONE',  ( 0.1107122034693307083, -0.07086614173228347746, -0.1986600169264960691 ) ) ;
#10140 = ORIENTED_EDGE ( 'NONE', *, *, #785, .T. ) ;
#10141 = CARTESIAN_POINT ( 'NONE',  ( 0.1639346749125590585, -0.1015748031495906228, -0.1708661417531101845 ) ) ;
#10142 = ORIENTED_EDGE ( 'NONE', *, *, #1954, .T. ) ;
#10143 = ORIENTED_EDGE ( 'NONE', *, *, #10323, .T. ) ;
#10144 = CARTESIAN_POINT ( 'NONE',  ( -0.1545275590551181411, 0.06496062992125985203, -0.06692913385826772255 ) ) ;
#10145 = DIRECTION ( 'NONE',  ( -0.9993908270172985331, 0.000000000000000000, 0.03489949675396257500 ) ) ;
#10146 = EDGE_CURVE ( 'NONE', #9533, #5587, #10643, .T. ) ;
#10147 = VECTOR ( 'NONE', #4847, 39.37007874015748143 ) ;
#10148 = PLANE ( 'NONE',  #3943 ) ;
#10149 = DIRECTION ( 'NONE',  ( 0.000000000000000000, 0.000000000000000000, -1.000000000000000000 ) ) ;
#10150 = FACE_OUTER_BOUND ( 'NONE', #3377, .T. ) ;
#10151 = ORIENTED_EDGE ( 'NONE', *, *, #10106, .T. ) ;
#10152 = ORIENTED_EDGE ( 'NONE', *, *, #11012, .F. ) ;
#10153 = ORIENTED_EDGE ( 'NONE', *, *, #6827, .F. ) ;
#10154 = LINE ( 'NONE', #6479, #5198 ) ;
#10155 = EDGE_LOOP ( 'NONE', ( #5709, #2894, #10603, #8114, #3042, #6663 ) ) ;
#10156 = VERTEX_POINT ( 'NONE', #7907 ) ;
#10157 = CARTESIAN_POINT ( 'NONE',  ( 0.09056058562771653053, -0.04724409448818897572, -0.3435039370242913281 ) ) ;
#10158 = CARTESIAN_POINT ( 'NONE',  ( 0.09448818895275587493, 0.07480314960629920462, -0.1929133858267716439 ) ) ;
#10159 = CARTESIAN_POINT ( 'NONE',  ( -0.005905511811023612424, 0.000000000000000000, -0.2795275590551181133 ) ) ;
#10160 = LINE ( 'NONE', #11040, #4434 ) ;
#10161 = CIRCLE ( 'NONE', #5147, 0.005905511811079367304 ) ;
#10162 = DIRECTION ( 'NONE',  ( -0.000000000000000000, -0.000000000000000000, -1.000000000000000000 ) ) ;
#10163 = CARTESIAN_POINT ( 'NONE',  ( -0.1166653128984370125, -0.02438915642001573264, -0.3307086614173229133 ) ) ;
#10164 = DIRECTION ( 'NONE',  ( 1.000000000000000000, 0.000000000000000000, 0.000000000000000000 ) ) ;
#10165 = ORIENTED_EDGE ( 'NONE', *, *, #6042, .F. ) ;
#10166 = CARTESIAN_POINT ( 'NONE',  ( 0.1028818829713748773, -0.07874015748031495954, -0.2394802083558961181 ) ) ;
#10167 = ORIENTED_EDGE ( 'NONE', *, *, #1782, .F. ) ;
#10168 = ADVANCED_FACE ( 'NONE', ( #4302 ), #3483, .F. ) ;
#10169 = EDGE_LOOP ( 'NONE', ( #7585, #9121, #7187, #11456 ) ) ;
#10170 = VERTEX_POINT ( 'NONE', #9767 ) ;
#10171 = ORIENTED_EDGE ( 'NONE', *, *, #9331, .F. ) ;
#10172 = EDGE_CURVE ( 'NONE', #5249, #6417, #2436, .T. ) ;
#10173 = EDGE_CURVE ( 'NONE', #653, #5857, #9544, .T. ) ;
#10174 = CIRCLE ( 'NONE', #1231, 0.005905511810936714054 ) ;
#10175 = DIRECTION ( 'NONE',  ( 0.01744604021555369935, 0.02700730914466854815, -0.9994829868154642138 ) ) ;
#10176 = FACE_OUTER_BOUND ( 'NONE', #6949, .T. ) ;
#10177 = FACE_OUTER_BOUND ( 'NONE', #5107, .T. ) ;
#10178 = DIRECTION ( 'NONE',  ( 1.000000000000000000, 0.000000000000000000, 0.000000000000000000 ) ) ;
#10179 = DIRECTION ( 'NONE',  ( -1.000000000000000000, -0.000000000000000000, -0.000000000000000000 ) ) ;
#10180 = ORIENTED_EDGE ( 'NONE', *, *, #9810, .T. ) ;
#10181 = VECTOR ( 'NONE', #9663, 39.37007874015748143 ) ;
#10182 = ORIENTED_EDGE ( 'NONE', *, *, #9742, .F. ) ;
#10183 = FACE_OUTER_BOUND ( 'NONE', #8823, .T. ) ;
#10184 = EDGE_CURVE ( 'NONE', #11509, #11414, #9525, .T. ) ;
#10185 = DIRECTION ( 'NONE',  ( -3.614007241618349757E-16, 0.000000000000000000, 1.000000000000000000 ) ) ;
#10186 = CARTESIAN_POINT ( 'NONE',  ( 0.06090572362178817839, -0.03543307086614080892, -0.2563605685553017044 ) ) ;
#10187 = CYLINDRICAL_SURFACE ( 'NONE', #11008, 0.01181102362204724046 ) ;
#10188 = VECTOR ( 'NONE', #10887, 39.37007874015748854 ) ;
#10189 = DIRECTION ( 'NONE',  ( -0.000000000000000000, -1.000000000000000000, -0.000000000000000000 ) ) ;
#10190 = CARTESIAN_POINT ( 'NONE',  ( 0.02167235326551181229, -0.08267716535433065894, -0.3090551181266532610 ) ) ;
#10191 = PLANE ( 'NONE',  #1084 ) ;
#10192 = CARTESIAN_POINT ( 'NONE',  ( 0.03348337688774248588, -0.03740157478346454317, -0.3208641732447637396 ) ) ;
#10193 = EDGE_CURVE ( 'NONE', #706, #7215, #4501, .T. ) ;
#10194 = EDGE_LOOP ( 'NONE', ( #5737, #11385, #6483, #9063, #301, #3289, #381, #6977 ) ) ;
#10195 = AXIS2_PLACEMENT_3D ( 'NONE', #1622, #6270, #10601 ) ;
#10196 = LINE ( 'NONE', #4032, #9487 ) ;
#10197 = VERTEX_POINT ( 'NONE', #8126 ) ;
#10198 = ADVANCED_FACE ( 'NONE', ( #10871 ), #3776, .T. ) ;
#10199 = ORIENTED_EDGE ( 'NONE', *, *, #7148, .T. ) ;
#10200 = DIRECTION ( 'NONE',  ( 0.000000000000000000, 0.000000000000000000, -1.000000000000000000 ) ) ;
#10201 = DIRECTION ( 'NONE',  ( -7.499988866321930085E-11, 4.678545957978577895E-14, 1.000000000000000000 ) ) ;
#10202 = AXIS2_PLACEMENT_3D ( 'NONE', #9462, #10990, #3949 ) ;
#10203 = DIRECTION ( 'NONE',  ( 0.000000000000000000, 1.000000000000000000, 1.300370019848164454E-15 ) ) ;
#10204 = SURFACE_STYLE_FILL_AREA ( #2282 ) ;
#10205 = CARTESIAN_POINT ( 'NONE',  ( 0.06402791434866143827, -0.04409887070421259631, -0.2192245485317322606 ) ) ;
#10206 = EDGE_CURVE ( 'NONE', #10564, #8405, #7654, .T. ) ;
#10207 = ORIENTED_EDGE ( 'NONE', *, *, #333, .T. ) ;
#10208 = ORIENTED_EDGE ( 'NONE', *, *, #10001, .F. ) ;
#10209 = ORIENTED_EDGE ( 'NONE', *, *, #3549, .F. ) ;
#10210 = EDGE_CURVE ( 'NONE', #11082, #2979, #2717, .T. ) ;
#10211 = DIRECTION ( 'NONE',  ( 0.000000000000000000, 1.000000000000000000, 0.000000000000000000 ) ) ;
#10212 = AXIS2_PLACEMENT_3D ( 'NONE', #163, #3794, #7326 ) ;
#10213 = ADVANCED_FACE ( 'NONE', ( #10754 ), #2891, .T. ) ;
#10214 = VERTEX_POINT ( 'NONE', #8293 ) ;
#10215 = CIRCLE ( 'NONE', #10031, 0.01476377952755910349 ) ;
#10216 = AXIS2_PLACEMENT_3D ( 'NONE', #9034, #4613, #1169 ) ;
#10217 = ORIENTED_EDGE ( 'NONE', *, *, #440, .T. ) ;
#10218 = DIRECTION ( 'NONE',  ( -0.5547001962240589723, 0.000000000000000000, -0.8320502943386236527 ) ) ;
#10219 = LINE ( 'NONE', #9453, #10235 ) ;
#10220 = LINE ( 'NONE', #8521, #3932 ) ;
#10221 = CARTESIAN_POINT ( 'NONE',  ( 0.03348337688755976399, 0.08427529600902938789, -0.3221812899977610223 ) ) ;
#10222 = VECTOR ( 'NONE', #7794, 39.37007874015748143 ) ;
#10223 = CARTESIAN_POINT ( 'NONE',  ( 0.02625898184368503918, -0.04658314475826772633, -0.1417337785685433282 ) ) ;
#10224 = DIRECTION ( 'NONE',  ( 0.000000000000000000, 0.000000000000000000, 1.000000000000000000 ) ) ;
#10225 = CARTESIAN_POINT ( 'NONE',  ( 0.1190944881889763607, -0.08740157480314961203, -0.3661417322834646382 ) ) ;
#10226 = ORIENTED_EDGE ( 'NONE', *, *, #9004, .F. ) ;
#10227 = LINE ( 'NONE', #2241, #3769 ) ;
#10228 = VECTOR ( 'NONE', #4973, 39.37007874015748143 ) ;
#10229 = ORIENTED_EDGE ( 'NONE', *, *, #7760, .F. ) ;
#10230 = ADVANCED_FACE ( 'NONE', ( #5453, #10051 ), #206, .T. ) ;
#10231 = ORIENTED_EDGE ( 'NONE', *, *, #6589, .F. ) ;
#10232 = ORIENTED_EDGE ( 'NONE', *, *, #8213, .T. ) ;
#10233 = EDGE_LOOP ( 'NONE', ( #4312, #4034, #2248, #422 ) ) ;
#10234 = ORIENTED_EDGE ( 'NONE', *, *, #5368, .F. ) ;
#10235 = VECTOR ( 'NONE', #3349, 39.37007874015748143 ) ;
#10236 = CIRCLE ( 'NONE', #5218, 0.04133858267716536417 ) ;
#10238 = ADVANCED_FACE ( 'NONE', ( #3713 ), #7310, .T. ) ;
#10237 = PLANE ( 'NONE',  #3449 ) ;
#10239 = DIRECTION ( 'NONE',  ( 0.000000000000000000, 0.000000000000000000, 1.000000000000000000 ) ) ;
#10240 = DIRECTION ( 'NONE',  ( 0.000000000000000000, 1.000000000000000000, 0.000000000000000000 ) ) ;
#10241 = LINE ( 'NONE', #503, #271 ) ;
#10242 = DIRECTION ( 'NONE',  ( -0.9993908270173007535, 0.000000000000000000, 0.03489949675390380951 ) ) ;
#10243 = ORIENTED_EDGE ( 'NONE', *, *, #7277, .F. ) ;
#10244 = ORIENTED_EDGE ( 'NONE', *, *, #5462, .F. ) ;
#10245 = VECTOR ( 'NONE', #10988, 39.37007874015748143 ) ;
#10246 = VECTOR ( 'NONE', #3240, 39.37007874015748143 ) ;
#10247 = AXIS2_PLACEMENT_3D ( 'NONE', #1100, #2862, #3679 ) ;
#10248 = EDGE_LOOP ( 'NONE', ( #10010, #7407, #3313, #1549 ) ) ;
#10249 = DIRECTION ( 'NONE',  ( -1.334402673828313043E-15, -0.000000000000000000, -1.000000000000000000 ) ) ;
#10250 = PRESENTATION_LAYER_ASSIGNMENT (  '', '', ( #10629 ) ) ;
#10251 = DIRECTION ( 'NONE',  ( -1.000000000000000000, 0.000000000000000000, 0.000000000000000000 ) ) ;
#10252 = CARTESIAN_POINT ( 'NONE',  ( 0.07192594024443751954, -0.04428647048034702743, -0.2109521852689401622 ) ) ;
#10253 = VECTOR ( 'NONE', #9456, 39.37007874015748143 ) ;
#10254 = CYLINDRICAL_SURFACE ( 'NONE', #7833, 0.01574803149606298150 ) ;
#10255 = EDGE_CURVE ( 'NONE', #6844, #1250, #5392, .T. ) ;
#10256 = CARTESIAN_POINT ( 'NONE',  ( -0.1574803149606299191, 0.1102362204724409295, -1.920830620545185230E-17 ) ) ;
#10257 = LINE ( 'NONE', #579, #5622 ) ;
#10258 = EDGE_CURVE ( 'NONE', #8992, #2897, #1019, .T. ) ;
#10259 = CARTESIAN_POINT ( 'NONE',  ( 0.1148293794054511818, 0.07874015748031495954, -0.06656348731797213925 ) ) ;
#10260 = EDGE_CURVE ( 'NONE', #7257, #7593, #4754, .T. ) ;
#10261 = FACE_OUTER_BOUND ( 'NONE', #6965, .T. ) ;
#10262 = DIRECTION ( 'NONE',  ( 1.000000000000000000, 0.000000000000000000, 0.000000000000000000 ) ) ;
#10263 = ORIENTED_EDGE ( 'NONE', *, *, #6896, .F. ) ;
#10264 = CARTESIAN_POINT ( 'NONE',  ( -0.1550618660461198783, 0.01456692913385826404, -0.07480314960630141119 ) ) ;
#10265 = AXIS2_PLACEMENT_3D ( 'NONE', #10021, #11069, #1274 ) ;
#10266 = ORIENTED_EDGE ( 'NONE', *, *, #9167, .F. ) ;
#10267 = AXIS2_PLACEMENT_3D ( 'NONE', #4468, #7851, #847 ) ;
#10268 = VECTOR ( 'NONE', #4398, 39.37007874015748143 ) ;
#10269 = ORIENTED_EDGE ( 'NONE', *, *, #11475, .F. ) ;
#10270 = DIRECTION ( 'NONE',  ( 0.01745240645488719405, 0.000000000000000000, -0.9998476951560839598 ) ) ;
#10271 = DIRECTION ( 'NONE',  ( 0.9998476951217998288, -3.315241024304487392E-15, 0.01745240841903282492 ) ) ;
#10272 = DIRECTION ( 'NONE',  ( -1.000000000000000000, 0.000000000000000000, 0.000000000000000000 ) ) ;
#10273 = VECTOR ( 'NONE', #6904, 39.37007874015748143 ) ;
#10274 = EDGE_CURVE ( 'NONE', #2026, #5233, #3954, .T. ) ;
#10275 = VECTOR ( 'NONE', #2150, 39.37007874015748143 ) ;
#10276 = CARTESIAN_POINT ( 'NONE',  ( 0.1013779527559055121, 0.08740157480316378125, -0.05787401574803149873 ) ) ;
#10277 = CARTESIAN_POINT ( 'NONE',  ( 0.05673312259196849200, -0.04464043375984251549, -0.2013218566446456637 ) ) ;
#10278 = ORIENTED_EDGE ( 'NONE', *, *, #10503, .F. ) ;
#10279 = VERTEX_POINT ( 'NONE', #964 ) ;
#10280 = VERTEX_POINT ( 'NONE', #310 ) ;
#10281 = DIRECTION ( 'NONE',  ( -0.000000000000000000, -1.000000000000000000, -0.000000000000000000 ) ) ;
#10282 = AXIS2_PLACEMENT_3D ( 'NONE', #3542, #10648, #2665 ) ;
#10283 = EDGE_LOOP ( 'NONE', ( #3375, #6710, #3731, #4324, #4672, #8623, #3045, #10345, #2423, #10443, #8602, #4705, #7584, #5623, #6147, #9047 ) ) ;
#10284 = ORIENTED_EDGE ( 'NONE', *, *, #8270, .T. ) ;
#10285 = LINE ( 'NONE', #11388, #9785 ) ;
#10286 = CARTESIAN_POINT ( 'NONE',  ( 0.03348337688755975011, -0.07095905034129350308, -0.2519685039534251825 ) ) ;
#10287 = DIRECTION ( 'NONE',  ( -0.9993908270173007535, -5.045081359918695292E-17, 0.03489949675390354583 ) ) ;
#10288 = EDGE_CURVE ( 'NONE', #3207, #5857, #4637, .T. ) ;
#10289 = CARTESIAN_POINT ( 'NONE',  ( 0.1417322834645669549, 0.08070866141732283006, -0.2161417322834645882 ) ) ;
#10290 = DIRECTION ( 'NONE',  ( 0.000000000000000000, -1.000000000000000000, 0.000000000000000000 ) ) ;
#10291 = DIRECTION ( 'NONE',  ( 1.000000000000000000, 5.560011140951304512E-16, 0.000000000000000000 ) ) ;
#10292 = ORIENTED_EDGE ( 'NONE', *, *, #9455, .F. ) ;
#10293 = LINE ( 'NONE', #9406, #5611 ) ;
#10294 = ORIENTED_EDGE ( 'NONE', *, *, #2662, .T. ) ;
#10295 = ORIENTED_EDGE ( 'NONE', *, *, #9050, .F. ) ;
#10296 = ORIENTED_EDGE ( 'NONE', *, *, #4030, .F. ) ;
#10297 = ORIENTED_EDGE ( 'NONE', *, *, #97, .T. ) ;
#10298 = VERTEX_POINT ( 'NONE', #6431 ) ;
#10299 = CARTESIAN_POINT ( 'NONE',  ( -0.1562992113779527736, 0.06417322834645669549, -0.2116141732283464416 ) ) ;
#10300 = DIRECTION ( 'NONE',  ( 0.000000000000000000, 0.000000000000000000, 1.000000000000000000 ) ) ;
#10301 = EDGE_CURVE ( 'NONE', #8080, #10170, #11380, .T. ) ;
#10302 = DIRECTION ( 'NONE',  ( 0.03489949675390525974, 0.000000000000000000, 0.9993908270173006425 ) ) ;
#10303 = DIRECTION ( 'NONE',  ( 1.000000000000000000, 0.000000000000000000, 0.000000000000000000 ) ) ;
#10304 = FACE_OUTER_BOUND ( 'NONE', #7172, .T. ) ;
#10305 = EDGE_LOOP ( 'NONE', ( #6855, #5279, #4671, #2721, #1081, #2290, #9970, #6623, #1654, #9466, #8446, #8516, #8941, #6449, #4305, #7012, #3171 ) ) ;
#10306 = VERTEX_POINT ( 'NONE', #2839 ) ;
#10307 = VERTEX_POINT ( 'NONE', #6375 ) ;
#10308 = VECTOR ( 'NONE', #3067, 39.37007874015748143 ) ;
#10309 = DIRECTION ( 'NONE',  ( -1.000000000000000000, -0.000000000000000000, -0.000000000000000000 ) ) ;
#10310 = CYLINDRICAL_SURFACE ( 'NONE', #4418, 0.003937007874015724558 ) ;
#10311 = CARTESIAN_POINT ( 'NONE',  ( 0.05168930137883078618, -0.04517137868113287047, -0.1787109429201548805 ) ) ;
#10312 = LINE ( 'NONE', #2048, #6161 ) ;
#10313 = DIRECTION ( 'NONE',  ( 0.9993908270172984221, 0.000000000000000000, -0.03489949675396965961 ) ) ;
#10314 = CARTESIAN_POINT ( 'NONE',  ( 0.02167235326551181229, 0.08858267716535433989, -0.3366141732447637813 ) ) ;
#10315 = LINE ( 'NONE', #2326, #3346 ) ;
#10316 = CARTESIAN_POINT ( 'NONE',  ( 0.1555118110280314658, -0.08582677165352400883, -0.1969195466168701114 ) ) ;
#10317 = DIRECTION ( 'NONE',  ( -0.000000000000000000, -1.000000000000000000, -0.000000000000000000 ) ) ;
#10318 = VECTOR ( 'NONE', #7332, 39.37007874015748143 ) ;
#10319 = ORIENTED_EDGE ( 'NONE', *, *, #3516, .T. ) ;
#10320 = DIRECTION ( 'NONE',  ( 0.000000000000000000, 1.000000000000000000, 0.000000000000000000 ) ) ;
#10321 = ORIENTED_EDGE ( 'NONE', *, *, #3274, .T. ) ;
#10322 = EDGE_CURVE ( 'NONE', #4985, #2053, #9937, .T. ) ;
#10323 = EDGE_CURVE ( 'NONE', #9162, #835, #2008, .T. ) ;
#10324 = ADVANCED_FACE ( 'NONE', ( #4700 ), #5885, .F. ) ;
#10325 = VERTEX_POINT ( 'NONE', #4980 ) ;
#10326 = FACE_OUTER_BOUND ( 'NONE', #7611, .T. ) ;
#10327 = DIRECTION ( 'NONE',  ( -0.000000000000000000, -0.000000000000000000, -1.000000000000000000 ) ) ;
#10328 = AXIS2_PLACEMENT_3D ( 'NONE', #1429, #562, #4997 ) ;
#10329 = FACE_OUTER_BOUND ( 'NONE', #6340, .T. ) ;
#10330 = DIRECTION ( 'NONE',  ( 1.000000000000000000, 0.000000000000000000, 0.000000000000000000 ) ) ;
#10331 = ORIENTED_EDGE ( 'NONE', *, *, #1049, .F. ) ;
#10332 = ORIENTED_EDGE ( 'NONE', *, *, #2928, .T. ) ;
#10333 = ORIENTED_EDGE ( 'NONE', *, *, #7979, .F. ) ;
#10334 = CARTESIAN_POINT ( 'NONE',  ( 0.09056058562771653053, -0.06299212598425196763, -0.3661417322998819501 ) ) ;
#10335 = VERTEX_POINT ( 'NONE', #8465 ) ;
#10336 = EDGE_CURVE ( 'NONE', #4354, #5176, #6657, .T. ) ;
#10337 = ORIENTED_EDGE ( 'NONE', *, *, #8898, .F. ) ;
#10338 = CARTESIAN_POINT ( 'NONE',  ( 0.09251968503936799926, -0.07283464566927688733, -0.3543307086653579296 ) ) ;
#10339 = FACE_OUTER_BOUND ( 'NONE', #7643, .T. ) ;
#10340 = DIRECTION ( 'NONE',  ( -0.9957179788715100344, 6.474133646634641212E-12, -0.09244299082155969793 ) ) ;
#10341 = CARTESIAN_POINT ( 'NONE',  ( 0.1114268252194082626, -0.06889763779527560694, -0.1639998908678587941 ) ) ;
#10342 = DIRECTION ( 'NONE',  ( -1.000000000000000000, -0.000000000000000000, -0.000000000000000000 ) ) ;
#10343 = CARTESIAN_POINT ( 'NONE',  ( -0.07874015747527546294, 1.687505431465722346E-18, -0.3444881889713384826 ) ) ;
#10344 = DIRECTION ( 'NONE',  ( 0.000000000000000000, 1.000000000000000000, 0.000000000000000000 ) ) ;
#10345 = ORIENTED_EDGE ( 'NONE', *, *, #6924, .F. ) ;
#10346 = CARTESIAN_POINT ( 'NONE',  ( 0.1117340600491293495, -0.07086614173229341396, -0.1552018364670477713 ) ) ;
#10347 = EDGE_LOOP ( 'NONE', ( #4442, #4999, #6158, #4119 ) ) ;
#10348 = VECTOR ( 'NONE', #9398, 39.37007874015748854 ) ;
#10349 = ORIENTED_EDGE ( 'NONE', *, *, #4641, .T. ) ;
#10350 = ORIENTED_EDGE ( 'NONE', *, *, #4903, .T. ) ;
#10351 = ORIENTED_EDGE ( 'NONE', *, *, #5741, .F. ) ;
#10352 = EDGE_CURVE ( 'NONE', #9245, #5497, #4052, .T. ) ;
#10353 = ORIENTED_EDGE ( 'NONE', *, *, #8057, .F. ) ;
#10354 = CARTESIAN_POINT ( 'NONE',  ( 0.04547244094488225169, 0.07480314960629921850, -0.3661417322834646382 ) ) ;
#10355 = CARTESIAN_POINT ( 'NONE',  ( 0.1151041785924893368, 0.07874015748031495954, -0.05869426820761221297 ) ) ;
#10356 = PLANE ( 'NONE',  #9314 ) ;
#10357 = CARTESIAN_POINT ( 'NONE',  ( 0.1555118110194452785, 0.05511811023622244232, -0.08267716535523748911 ) ) ;
#10358 = CARTESIAN_POINT ( 'NONE',  ( -0.1271653531102362178, 0.06417322834645669549, -0.2086614173228346636 ) ) ;
#10359 = VERTEX_POINT ( 'NONE', #1357 ) ;
#10360 = ORIENTED_EDGE ( 'NONE', *, *, #4721, .F. ) ;
#10361 = EDGE_CURVE ( 'NONE', #6272, #10156, #3007, .T. ) ;
#10362 = ORIENTED_EDGE ( 'NONE', *, *, #935, .F. ) ;
#10363 = EDGE_CURVE ( 'NONE', #4091, #4391, #6548, .T. ) ;
#10364 = EDGE_CURVE ( 'NONE', #8706, #9106, #6605, .T. ) ;
#10365 = DIRECTION ( 'NONE',  ( -0.000000000000000000, -1.000000000000000000, -0.000000000000000000 ) ) ;
#10366 = DIRECTION ( 'NONE',  ( -1.000000000000000000, 0.000000000000000000, 0.000000000000000000 ) ) ;
#10367 = CARTESIAN_POINT ( 'NONE',  ( 0.04135739263559054524, -0.04724409448818896184, -0.3661417322998818391 ) ) ;
#10368 = AXIS2_PLACEMENT_3D ( 'NONE', #2861, #4605, #8096 ) ;
#10369 = LINE ( 'NONE', #9556, #4492 ) ;
#10370 = FACE_OUTER_BOUND ( 'NONE', #6998, .T. ) ;
#10371 = CARTESIAN_POINT ( 'NONE',  ( 0.07605735772224253566, 0.02337201444881889870, -0.3348482476087123461 ) ) ;
#10372 = DIRECTION ( 'NONE',  ( 0.03489949675390441319, 0.000000000000000000, 0.9993908270173006425 ) ) ;
#10373 = FACE_OUTER_BOUND ( 'NONE', #2539, .T. ) ;
#10374 = DIRECTION ( 'NONE',  ( 0.000000000000000000, 0.8944271909991688974, 0.4472135955014519548 ) ) ;
#10375 = ORIENTED_EDGE ( 'NONE', *, *, #10480, .F. ) ;
#10376 = CARTESIAN_POINT ( 'NONE',  ( 0.000000000000000000, -0.1151574803149768567, -0.05905511811023622659 ) ) ;
#10377 = ORIENTED_EDGE ( 'NONE', *, *, #10780, .F. ) ;
#10378 = AXIS2_PLACEMENT_3D ( 'NONE', #5179, #2677, #11356 ) ;
#10379 = VECTOR ( 'NONE', #1372, 39.37007874015748143 ) ;
#10380 = EDGE_LOOP ( 'NONE', ( #5434, #5585, #9277, #8943 ) ) ;
#10381 = DIRECTION ( 'NONE',  ( 1.000000000000000000, 0.000000000000000000, 0.000000000000000000 ) ) ;
#10382 = CARTESIAN_POINT ( 'NONE',  ( 0.04593012382523622289, 0.07415588826964567004, -0.3665994151638188869 ) ) ;
#10383 = DIRECTION ( 'NONE',  ( 0.000000000000000000, 0.000000000000000000, 1.000000000000000000 ) ) ;
#10384 = EDGE_CURVE ( 'NONE', #3956, #1230, #374, .T. ) ;
#10385 = VECTOR ( 'NONE', #11490, 39.37007874015748143 ) ;
#10386 = FILL_AREA_STYLE ('',( #8685 ) ) ;
#10387 = EDGE_CURVE ( 'NONE', #7743, #7669, #6884, .T. ) ;
#10388 = ORIENTED_EDGE ( 'NONE', *, *, #7242, .F. ) ;
#10389 = EDGE_CURVE ( 'NONE', #6870, #1250, #3920, .T. ) ;
#10390 = ORIENTED_EDGE ( 'NONE', *, *, #10041, .F. ) ;
#10391 = ORIENTED_EDGE ( 'NONE', *, *, #1350, .T. ) ;
#10392 = CARTESIAN_POINT ( 'NONE',  ( 0.1574803149606299191, 0.02952755903149605413, -0.07795275595275592828 ) ) ;
#10393 = ORIENTED_EDGE ( 'NONE', *, *, #7341, .F. ) ;
#10394 = AXIS2_PLACEMENT_3D ( 'NONE', #4079, #10189, #2204 ) ;
#10395 = ORIENTED_EDGE ( 'NONE', *, *, #1909, .F. ) ;
#10396 = CYLINDRICAL_SURFACE ( 'NONE', #5690, 0.01968503937007874682 ) ;
#10397 = CARTESIAN_POINT ( 'NONE',  ( -0.05118110236220472370, 0.000000000000000000, -0.3307086614173228023 ) ) ;
#10398 = CARTESIAN_POINT ( 'NONE',  ( -0.1279527559055118335, 9.401815977706059166E-18, -0.2480314960629919352 ) ) ;
#10399 = DIRECTION ( 'NONE',  ( 3.838348900644203348E-31, -1.239088197126290472E-15, 1.000000000000000000 ) ) ;
#10400 = CARTESIAN_POINT ( 'NONE',  ( 0.02145669291338509962, -0.07716535432726780164, -0.2507874015747956209 ) ) ;
#10401 = EDGE_CURVE ( 'NONE', #3894, #2062, #2180, .T. ) ;
#10402 = PLANE ( 'NONE',  #8996 ) ;
#10403 = CARTESIAN_POINT ( 'NONE',  ( 0.03991403196850393242, 0.006889763779527556357, -0.03937007874015747977 ) ) ;
#10404 = EDGE_CURVE ( 'NONE', #8800, #9919, #10111, .T. ) ;
#10405 = ORIENTED_EDGE ( 'NONE', *, *, #935, .T. ) ;
#10406 = EDGE_CURVE ( 'NONE', #11446, #2686, #5680, .T. ) ;
#10407 = LINE ( 'NONE', #550, #1701 ) ;
#10408 = AXIS2_PLACEMENT_3D ( 'NONE', #1305, #3186, #2354 ) ;
#10409 = ORIENTED_EDGE ( 'NONE', *, *, #2704, .T. ) ;
#10410 = LINE ( 'NONE', #8593, #3923 ) ;
#10411 = AXIS2_PLACEMENT_3D ( 'NONE', #6420, #9275, #302 ) ;
#10412 = ORIENTED_EDGE ( 'NONE', *, *, #4525, .T. ) ;
#10413 = ORIENTED_EDGE ( 'NONE', *, *, #7490, .F. ) ;
#10414 = VECTOR ( 'NONE', #11364, 39.37007874015748143 ) ;
#10415 = EDGE_CURVE ( 'NONE', #5523, #11524, #4870, .T. ) ;
#10416 = PLANE ( 'NONE',  #10282 ) ;
#10417 = FACE_OUTER_BOUND ( 'NONE', #11381, .T. ) ;
#10418 = VECTOR ( 'NONE', #8883, 39.37007874015748143 ) ;
#10419 = DIRECTION ( 'NONE',  ( 0.03489949675390867367, 0.000000000000000000, 0.9993908270173004205 ) ) ;
#10420 = CARTESIAN_POINT ( 'NONE',  ( 0.09893791284051178803, 0.08661417330708605367, -0.1832059228473425505 ) ) ;
#10421 = LINE ( 'NONE', #3308, #5919 ) ;
#10422 = ORIENTED_EDGE ( 'NONE', *, *, #8083, .F. ) ;
#10423 = EDGE_CURVE ( 'NONE', #6543, #3248, #10063, .T. ) ;
#10424 = ORIENTED_EDGE ( 'NONE', *, *, #5911, .T. ) ;
#10425 = CIRCLE ( 'NONE', #2972, 0.005905511811000759177 ) ;
#10426 = VERTEX_POINT ( 'NONE', #8817 ) ;
#10427 = VECTOR ( 'NONE', #7696, 39.37007874015748143 ) ;
#10428 = CARTESIAN_POINT ( 'NONE',  ( 0.000000000000000000, 0.1102362204724409434, -0.2724409450629922125 ) ) ;
#10429 = EDGE_CURVE ( 'NONE', #1661, #8455, #4877, .T. ) ;
#10430 = CARTESIAN_POINT ( 'NONE',  ( 0.09837018239233762118, 0.08858267716546626425, -0.1994635957511988189 ) ) ;
#10431 = CARTESIAN_POINT ( 'NONE',  ( 0.05968275231212598342, 0.06149825861759843776, -0.2131432382748818799 ) ) ;
#10432 = CARTESIAN_POINT ( 'NONE',  ( 1.808041534174241436E-18, -0.09842519685037785793, -0.07381889763779526936 ) ) ;
#10433 = DIRECTION ( 'NONE',  ( 1.000000000000000000, 0.000000000000000000, 0.000000000000000000 ) ) ;
#10434 = CARTESIAN_POINT ( 'NONE',  ( -0.1562992113779527736, -0.08882677165354330162, -0.3518503937007873561 ) ) ;
#10435 = CIRCLE ( 'NONE', #6146, 0.01870078755910346141 ) ;
#10436 = CARTESIAN_POINT ( 'NONE',  ( 0.09448818897637792369, -0.07165354330708662012, -0.1726377952755905609 ) ) ;
#10437 = VECTOR ( 'NONE', #3181, 39.37007874015748143 ) ;
#10438 = EDGE_CURVE ( 'NONE', #243, #3405, #7713, .T. ) ;
#10439 = AXIS2_PLACEMENT_3D ( 'NONE', #4385, #3510, #6398 ) ;
#10440 = CARTESIAN_POINT ( 'NONE',  ( 0.000000000000000000, -0.09842519685039370636, -0.3661417322834646382 ) ) ;
#10441 = PLANE ( 'NONE',  #4861 ) ;
#10442 = VECTOR ( 'NONE', #616, 39.37007874015748143 ) ;
#10443 = ORIENTED_EDGE ( 'NONE', *, *, #9210, .F. ) ;
#10444 = CARTESIAN_POINT ( 'NONE',  ( 0.09450677587905176313, 0.07874015748031182316, -0.3100970810360504371 ) ) ;
#10445 = AXIS2_PLACEMENT_3D ( 'NONE', #8508, #3050, #4739 ) ;
#10446 = VECTOR ( 'NONE', #5153, 39.37007874015748143 ) ;
#10447 = AXIS2_PLACEMENT_3D ( 'NONE', #3239, #9581, #11392 ) ;
#10448 = VERTEX_POINT ( 'NONE', #662 ) ;
#10449 = DIRECTION ( 'NONE',  ( 1.000000000000000000, 0.000000000000000000, 0.000000000000000000 ) ) ;
#10450 = DIRECTION ( 'NONE',  ( -3.838348900644203348E-31, 1.239088197126290472E-15, -1.000000000000000000 ) ) ;
#10451 = CARTESIAN_POINT ( 'NONE',  ( 0.03348337688755974317, 0.08232595761539256152, -0.3260799668315080280 ) ) ;
#10452 = CARTESIAN_POINT ( 'NONE',  ( -0.03346456691600657035, -5.141491028712315191E-15, -0.3484251968908174679 ) ) ;
#10453 = EDGE_CURVE ( 'NONE', #7377, #1230, #4842, .T. ) ;
#10454 =( CONVERSION_BASED_UNIT ( 'INCH', #821 ) LENGTH_UNIT ( ) NAMED_UNIT ( #2119 ) );
#10455 = AXIS2_PLACEMENT_3D ( 'NONE', #4116, #4005, #3246 ) ;
#10456 = ORIENTED_EDGE ( 'NONE', *, *, #5205, .T. ) ;
#10457 = AXIS2_PLACEMENT_3D ( 'NONE', #2822, #9862, #4681 ) ;
#10458 = ORIENTED_EDGE ( 'NONE', *, *, #6121, .F. ) ;
#10459 = VECTOR ( 'NONE', #6821, 39.37007874015748143 ) ;
#10460 = EDGE_LOOP ( 'NONE', ( #1940, #6732, #5621, #8663 ) ) ;
#10461 = CARTESIAN_POINT ( 'NONE',  ( 0.1496062992109645495, 0.07788995724648799246, -0.08715038016755315142 ) ) ;
#10462 = ORIENTED_EDGE ( 'NONE', *, *, #4747, .F. ) ;
#10463 = ORIENTED_EDGE ( 'NONE', *, *, #8351, .T. ) ;
#10464 = CARTESIAN_POINT ( 'NONE',  ( 0.1250000000000000000, -0.03740157480314960925, -0.3661417322834646382 ) ) ;
#10465 = AXIS2_PLACEMENT_3D ( 'NONE', #9005, #8949, #10813 ) ;
#10466 = CARTESIAN_POINT ( 'NONE',  ( 0.03348337688755975011, -0.07677165357283463609, -0.2598425199634314953 ) ) ;
#10467 = AXIS2_PLACEMENT_3D ( 'NONE', #64, #2578, #5259 ) ;
#10468 = LINE ( 'NONE', #1593, #7451 ) ;
#10469 = CARTESIAN_POINT ( 'NONE',  ( 0.1148293794056897688, -0.07086614173228766855, -0.06656348731949592035 ) ) ;
#10470 = PLANE ( 'NONE',  #255 ) ;
#10471 = DIRECTION ( 'NONE',  ( 0.000000000000000000, 1.000000000000000000, 0.000000000000000000 ) ) ;
#10472 = VERTEX_POINT ( 'NONE', #6077 ) ;
#10473 = CARTESIAN_POINT ( 'NONE',  ( 0.1161417322834645827, -0.07480314960629920462, -0.2992125984251968740 ) ) ;
#10474 = ORIENTED_EDGE ( 'NONE', *, *, #4309, .F. ) ;
#10475 = LINE ( 'NONE', #7720, #4659 ) ;
#10476 = VERTEX_POINT ( 'NONE', #10400 ) ;
#10477 = EDGE_CURVE ( 'NONE', #3818, #9501, #1595, .T. ) ;
#10478 = ADVANCED_FACE ( 'NONE', ( #7767 ), #3353, .T. ) ;
#10479 = ORIENTED_EDGE ( 'NONE', *, *, #1401, .T. ) ;
#10480 = EDGE_CURVE ( 'NONE', #3159, #8338, #10435, .T. ) ;
#10481 = PLANE ( 'NONE',  #11445 ) ;
#10482 = CARTESIAN_POINT ( 'NONE',  ( 0.1045793315564498144, 0.08858267716434004013, -0.1908716407030016937 ) ) ;
#10483 = DIRECTION ( 'NONE',  ( 0.000000000000000000, -1.000000000000000000, 0.000000000000000000 ) ) ;
#10484 = DIRECTION ( 'NONE',  ( 0.000000000000000000, 0.000000000000000000, -1.000000000000000000 ) ) ;
#10485 = DIRECTION ( 'NONE',  ( -0.000000000000000000, -0.2425356250367458055, -0.9701425001452286256 ) ) ;
#10486 = ORIENTED_EDGE ( 'NONE', *, *, #3063, .T. ) ;
#10487 = ORIENTED_EDGE ( 'NONE', *, *, #10921, .F. ) ;
#10488 = MANIFOLD_SOLID_BREP ( 'solid-3', #5382 ) ;
#10489 = ORIENTED_EDGE ( 'NONE', *, *, #8997, .F. ) ;
#10490 = EDGE_CURVE ( 'NONE', #1196, #4879, #5156, .T. ) ;
#10491 = CARTESIAN_POINT ( 'NONE',  ( -0.03346456692913386127, 0.000000000000000000, -0.3110236220472589741 ) ) ;
#10492 = CARTESIAN_POINT ( 'NONE',  ( 0.000000000000000000, 0.08070866141929133875, -0.3661417322834646382 ) ) ;
#10493 = CARTESIAN_POINT ( 'NONE',  ( 0.06829524567523621859, 0.06135339344251969362, -0.2191887159203937396 ) ) ;
#10494 = DIRECTION ( 'NONE',  ( 1.334402673828313043E-15, 0.000000000000000000, 1.000000000000000000 ) ) ;
#10495 = DIRECTION ( 'NONE',  ( -2.709638069475774297E-12, 1.000000000000000000, -0.000000000000000000 ) ) ;
#10496 = FACE_OUTER_BOUND ( 'NONE', #7732, .T. ) ;
#10497 = CARTESIAN_POINT ( 'NONE',  ( 0.09251968503937006705, -0.07218738433263779952, -0.3556102362204724976 ) ) ;
#10498 = CARTESIAN_POINT ( 'NONE',  ( -0.1444881680708603733, -0.07755905511811023167, -0.2834645669291339098 ) ) ;
#10499 = DIRECTION ( 'NONE',  ( -1.000000000000000000, -0.000000000000000000, -0.000000000000000000 ) ) ;
#10500 = ORIENTED_EDGE ( 'NONE', *, *, #4017, .F. ) ;
#10501 = CARTESIAN_POINT ( 'NONE',  ( 0.1574803149606299191, 0.005905511811023620231, -0.1015748032086614544 ) ) ;
#10502 = AXIS2_PLACEMENT_3D ( 'NONE', #4638, #4528, #92 ) ;
#10503 = EDGE_CURVE ( 'NONE', #3177, #5576, #3415, .T. ) ;
#10504 = DIRECTION ( 'NONE',  ( 1.000000000000000000, 0.000000000000000000, 0.000000000000000000 ) ) ;
#10505 = LINE ( 'NONE', #7165, #10623 ) ;
#10506 = DIRECTION ( 'NONE',  ( 0.000000000000000000, -1.000000000000000000, 0.000000000000000000 ) ) ;
#10507 = CARTESIAN_POINT ( 'NONE',  ( -0.1052652238188976352, 0.06417322834645669549, -0.3307086614173229133 ) ) ;
#10508 = ORIENTED_EDGE ( 'NONE', *, *, #2832, .F. ) ;
#10509 = VERTEX_POINT ( 'NONE', #9636 ) ;
#10510 = VERTEX_POINT ( 'NONE', #2591 ) ;
#10511 = DIRECTION ( 'NONE',  ( 1.000000000000000000, 0.000000000000000000, 0.000000000000000000 ) ) ;
#10512 = ORIENTED_EDGE ( 'NONE', *, *, #11192, .F. ) ;
#10513 = EDGE_CURVE ( 'NONE', #7357, #4177, #831, .T. ) ;
#10514 = VECTOR ( 'NONE', #2892, 39.37007874015748143 ) ;
#10515 = ORIENTED_EDGE ( 'NONE', *, *, #4160, .T. ) ;
#10516 = CARTESIAN_POINT ( 'NONE',  ( 0.02827361717662986093, -0.04604950016654256462, -0.1586618751089240997 ) ) ;
#10517 = FACE_OUTER_BOUND ( 'NONE', #10764, .T. ) ;
#10518 = DIRECTION ( 'NONE',  ( 0.000000000000000000, 1.000000000000000000, 0.000000000000000000 ) ) ;
#10519 = CARTESIAN_POINT ( 'NONE',  ( -0.1425196850393700976, 0.06496062992125979652, -0.2913385826771653919 ) ) ;
#10520 = CARTESIAN_POINT ( 'NONE',  ( 0.1850393700765354532, -0.08975437318898128736, -0.2952755905675984449 ) ) ;
#10521 = CARTESIAN_POINT ( 'NONE',  ( 0.04098790315905511544, -0.06374015748031496009, -0.03937007874015747977 ) ) ;
#10522 = CARTESIAN_POINT ( 'NONE',  ( 0.1141826319805777507, -0.1002530608530183553, -0.3208657712979153809 ) ) ;
#10523 = ORIENTED_EDGE ( 'NONE', *, *, #2343, .T. ) ;
#10524 = ORIENTED_EDGE ( 'NONE', *, *, #6212, .T. ) ;
#10525 = CIRCLE ( 'NONE', #10865, 0.04724409448818897572 ) ;
#10526 = ORIENTED_EDGE ( 'NONE', *, *, #11250, .F. ) ;
#10527 = DIRECTION ( 'NONE',  ( 0.000000000000000000, 0.000000000000000000, 1.000000000000000000 ) ) ;
#10528 = ORIENTED_EDGE ( 'NONE', *, *, #9152, .F. ) ;
#10529 = VERTEX_POINT ( 'NONE', #3527 ) ;
#10530 = FACE_OUTER_BOUND ( 'NONE', #7528, .T. ) ;
#10531 = CARTESIAN_POINT ( 'NONE',  ( 0.03382447258862993078, -0.03649606297204725097, -0.3208622047408267175 ) ) ;
#10532 = CARTESIAN_POINT ( 'NONE',  ( 0.09251968503936904009, -0.07460629921260555908, -0.2903543307086606795 ) ) ;
#10533 = CARTESIAN_POINT ( 'NONE',  ( 0.1850393700642217198, -0.1015653968110211969, -0.3267716535597243177 ) ) ;
#10534 = VECTOR ( 'NONE', #541, 39.37007874015748143 ) ;
#10535 = DIRECTION ( 'NONE',  ( 0.000000000000000000, -1.000000000000000000, 0.000000000000000000 ) ) ;
#10536 = EDGE_LOOP ( 'NONE', ( #7893, #6438, #680, #4379, #8329 ) ) ;
#10537 = EDGE_LOOP ( 'NONE', ( #10295, #599, #11412, #5931 ) ) ;
#10538 = ADVANCED_FACE ( 'NONE', ( #9751, #5319, #9530, #608, #1543 ), #5547, .T. ) ;
#10539 = EDGE_CURVE ( 'NONE', #11333, #665, #6415, .T. ) ;
#10540 = EDGE_LOOP ( 'NONE', ( #6163, #10044, #6849, #4568 ) ) ;
#10541 = ORIENTED_EDGE ( 'NONE', *, *, #8647, .T. ) ;
#10542 = DIRECTION ( 'NONE',  ( 0.000000000000000000, 1.239088197126290866E-15, -1.000000000000000000 ) ) ;
#10543 = DIRECTION ( 'NONE',  ( 3.614007241618349757E-16, 0.000000000000000000, -1.000000000000000000 ) ) ;
#10544 = LINE ( 'NONE', #11357, #4123 ) ;
#10545 = LINE ( 'NONE', #8037, #5604 ) ;
#10546 = DIRECTION ( 'NONE',  ( 0.0003711598383552531947, 0.9997738323830529517, -0.02126373256221945202 ) ) ;
#10547 = CARTESIAN_POINT ( 'NONE',  ( 0.09384092763972441686, 0.08675431346649609132, -0.2303149606299212671 ) ) ;
#10548 = EDGE_LOOP ( 'NONE', ( #6832, #4058, #2909, #11508 ) ) ;
#10549 = CARTESIAN_POINT ( 'NONE',  ( 0.000000000000000000, -0.1151574803149768567, -0.05905511811023622659 ) ) ;
#10550 = CARTESIAN_POINT ( 'NONE',  ( -0.1850393700787393847, -0.09566929133858267931, -0.1496062992125984092 ) ) ;
#10551 = ORIENTED_EDGE ( 'NONE', *, *, #3668, .T. ) ;
#10552 = EDGE_CURVE ( 'NONE', #9380, #2886, #8004, .T. ) ;
#10553 = CARTESIAN_POINT ( 'NONE',  ( -0.1562992113779527736, 0.06417322834645539098, -0.3267716535433070058 ) ) ;
#10554 = ORIENTED_EDGE ( 'NONE', *, *, #10885, .T. ) ;
#10555 = VECTOR ( 'NONE', #4893, 39.37007874015748143 ) ;
#10556 = CARTESIAN_POINT ( 'NONE',  ( -0.07297454294292436694, -0.04358688116593353867, -0.3582677164769437761 ) ) ;
#10557 = CARTESIAN_POINT ( 'NONE',  ( 0.1102456249977952635, -0.08975437318897638850, -0.3661417322998811730 ) ) ;
#10558 = LINE ( 'NONE', #9681, #2001 ) ;
#10559 = CARTESIAN_POINT ( 'NONE',  ( -0.08562992125984253411, 0.06496062992125983815, -0.3543307086614173040 ) ) ;
#10560 = DIRECTION ( 'NONE',  ( -1.450570247745488363E-15, 2.500983185771732056E-15, -1.000000000000000000 ) ) ;
#10561 = ORIENTED_EDGE ( 'NONE', *, *, #5270, .F. ) ;
#10562 = EDGE_CURVE ( 'NONE', #3418, #6824, #10914, .T. ) ;
#10563 = CIRCLE ( 'NONE', #5345, 0.007874015748009288024 ) ;
#10564 = VERTEX_POINT ( 'NONE', #1825 ) ;
#10565 = ORIENTED_EDGE ( 'NONE', *, *, #2445, .F. ) ;
#10566 = CARTESIAN_POINT ( 'NONE',  ( 0.06227992884926004252, 0.008625928897559059783, -0.3350887334942876383 ) ) ;
#10567 = ORIENTED_EDGE ( 'NONE', *, *, #10429, .F. ) ;
#10568 = DIRECTION ( 'NONE',  ( -1.000000000000000000, -0.000000000000000000, -0.000000000000000000 ) ) ;
#10569 = DIRECTION ( 'NONE',  ( -1.334402673828313043E-15, -0.000000000000000000, -1.000000000000000000 ) ) ;
#10570 = VECTOR ( 'NONE', #9846, 39.37007874015748143 ) ;
#10571 = ADVANCED_FACE ( 'NONE', ( #6298 ), #949, .T. ) ;
#10572 = DIRECTION ( 'NONE',  ( -7.297274110489388823E-11, -0.2425356250389390511, 0.9701425001446802865 ) ) ;
#10573 = DIRECTION ( 'NONE',  ( 1.000000000000000000, 0.000000000000000000, 0.000000000000000000 ) ) ;
#10574 = DIRECTION ( 'NONE',  ( 0.9205048534861267617, -1.230150133630096293E-11, -0.3907311284099133641 ) ) ;
#10575 = VECTOR ( 'NONE', #6219, 39.37007874015748143 ) ;
#10576 = LINE ( 'NONE', #2537, #5288 ) ;
#10577 = DIRECTION ( 'NONE',  ( 1.000000000000000000, 0.000000000000000000, -7.542275982507854188E-16 ) ) ;
#10578 = ORIENTED_EDGE ( 'NONE', *, *, #9811, .T. ) ;
#10579 = ORIENTED_EDGE ( 'NONE', *, *, #9621, .T. ) ;
#10580 = CARTESIAN_POINT ( 'NONE',  ( 0.000000000000000000, 0.1102362204724409434, -0.3661417322834646382 ) ) ;
#10581 = EDGE_CURVE ( 'NONE', #4489, #2935, #885, .T. ) ;
#10582 = ORIENTED_EDGE ( 'NONE', *, *, #3214, .F. ) ;
#10583 = FACE_OUTER_BOUND ( 'NONE', #11224, .T. ) ;
#10584 = ORIENTED_EDGE ( 'NONE', *, *, #7699, .T. ) ;
#10585 = ORIENTED_EDGE ( 'NONE', *, *, #9067, .F. ) ;
#10586 = DIRECTION ( 'NONE',  ( 0.03489949675390371236, 0.000000000000000000, 0.9993908270173006425 ) ) ;
#10587 = DIRECTION ( 'NONE',  ( 0.0004713425633136372468, -0.9996352360702674966, -0.02700319690200937012 ) ) ;
#10588 = LINE ( 'NONE', #10482, #4612 ) ;
#10589 = VECTOR ( 'NONE', #4779, 39.37007874015748143 ) ;
#10590 = DIRECTION ( 'NONE',  ( 1.000000000000000000, 0.000000000000000000, 0.000000000000000000 ) ) ;
#10591 = DIRECTION ( 'NONE',  ( 0.000000000000000000, -1.000000000000000000, 0.000000000000000000 ) ) ;
#10592 = CARTESIAN_POINT ( 'NONE',  ( 0.06227992885958262559, 0.03793000999999999318, -0.3350887335081039753 ) ) ;
#10593 = EDGE_LOOP ( 'NONE', ( #8016, #6652, #8033, #6202 ) ) ;
#10594 = EDGE_CURVE ( 'NONE', #3271, #9982, #6700, .T. ) ;
#10595 = EDGE_LOOP ( 'NONE', ( #6126, #10405, #3935, #5948 ) ) ;
#10596 = ORIENTED_EDGE ( 'NONE', *, *, #8855, .T. ) ;
#10597 = AXIS2_PLACEMENT_3D ( 'NONE', #11189, #461, #3220 ) ;
#10598 = CARTESIAN_POINT ( 'NONE',  ( 0.05867034262482544865, -0.04446345213084012399, -0.2070184616327523375 ) ) ;
#10599 = DIRECTION ( 'NONE',  ( 0.000000000000000000, 1.000000000000000000, 0.000000000000000000 ) ) ;
#10600 = DIRECTION ( 'NONE',  ( 0.000000000000000000, 1.239088197126290866E-15, -1.000000000000000000 ) ) ;
#10601 = DIRECTION ( 'NONE',  ( 0.9993908270172947583, 0.000000000000000000, -0.03489949675406982949 ) ) ;
#10602 = CARTESIAN_POINT ( 'NONE',  ( 0.1850393700749100867, -0.09565988500000001393, -0.3031496063156299270 ) ) ;
#10603 = ORIENTED_EDGE ( 'NONE', *, *, #8148, .T. ) ;
#10604 = AXIS2_PLACEMENT_3D ( 'NONE', #8236, #9170, #7413 ) ;
#10605 = DIRECTION ( 'NONE',  ( 0.000000000000000000, 1.000000000000000000, 0.000000000000000000 ) ) ;
#10606 = VERTEX_POINT ( 'NONE', #9863 ) ;
#10607 = AXIS2_PLACEMENT_3D ( 'NONE', #3268, #11362, #9609 ) ;
#10608 = DIRECTION ( 'NONE',  ( 0.000000000000000000, 1.000000000000000000, 0.000000000000000000 ) ) ;
#10609 = EDGE_CURVE ( 'NONE', #10156, #6275, #10796, .T. ) ;
#10610 = EDGE_CURVE ( 'NONE', #5497, #10307, #2876, .T. ) ;
#10611 = CARTESIAN_POINT ( 'NONE',  ( 0.1141826328789503214, -0.09959689287401572722, -0.3208659565233080713 ) ) ;
#10612 = LINE ( 'NONE', #2689, #7443 ) ;
#10613 = ADVANCED_FACE ( 'NONE', ( #9043 ), #6362, .F. ) ;
#10614 = VECTOR ( 'NONE', #3812, 39.37007874015748143 ) ;
#10615 = CARTESIAN_POINT ( 'NONE',  ( -0.07224408403543308710, -0.01850393700787401202, -0.3307086614173229133 ) ) ;
#10616 = CARTESIAN_POINT ( 'NONE',  ( 0.02080943157674803451, -0.09907245818704721319, -0.3216535433070866201 ) ) ;
#10617 = DIRECTION ( 'NONE',  ( 0.000000000000000000, 0.000000000000000000, 1.000000000000000000 ) ) ;
#10618 = ORIENTED_EDGE ( 'NONE', *, *, #3922, .T. ) ;
#10619 = ORIENTED_EDGE ( 'NONE', *, *, #7, .T. ) ;
#10620 = MECHANICAL_DESIGN_GEOMETRIC_PRESENTATION_REPRESENTATION (  '', ( #7442 ), #3378 ) ;
#10621 = VECTOR ( 'NONE', #4868, 39.37007874015748143 ) ;
#10622 = DIRECTION ( 'NONE',  ( -0.5321715452182514960, 0.000000000000000000, -0.8466365492110639046 ) ) ;
#10623 = VECTOR ( 'NONE', #3457, 39.37007874015748143 ) ;
#10624 = EDGE_LOOP ( 'NONE', ( #4535, #1942 ) ) ;
#10625 = LINE ( 'NONE', #5370, #4573 ) ;
#10626 = CARTESIAN_POINT ( 'NONE',  ( 0.07458451265377954997, -0.01307086614173228606, -0.3348739561932284059 ) ) ;
#10627 = EDGE_CURVE ( 'NONE', #5740, #10476, #8932, .T. ) ;
#10628 = FACE_OUTER_BOUND ( 'NONE', #4853, .T. ) ;
#10630 = DIRECTION ( 'NONE',  ( 0.9993908270173006425, 1.009016271983539625E-16, -0.03489949675390428135 ) ) ;
#10629 = STYLED_ITEM ( 'NONE', ( #705 ), #10761 ) ;
#10631 = AXIS2_PLACEMENT_3D ( 'NONE', #5346, #7972, #3498 ) ;
#10632 = AXIS2_PLACEMENT_3D ( 'NONE', #5180, #857, #9555 ) ;
#10633 = DIRECTION ( 'NONE',  ( 0.000000000000000000, 1.000000000000000000, 0.000000000000000000 ) ) ;
#10634 = CARTESIAN_POINT ( 'NONE',  ( -0.09044061793704726016, -0.04606299212598426174, -0.3307086614173111450 ) ) ;
#10635 = DIRECTION ( 'NONE',  ( -1.000000000000000000, -0.000000000000000000, -0.000000000000000000 ) ) ;
#10636 = ORIENTED_EDGE ( 'NONE', *, *, #9017, .F. ) ;
#10637 = ORIENTED_EDGE ( 'NONE', *, *, #5689, .T. ) ;
#10638 = SHAPE_DEFINITION_REPRESENTATION ( #5606, #4575 ) ;
#10639 = VERTEX_POINT ( 'NONE', #3641 ) ;
#10640 = CARTESIAN_POINT ( 'NONE',  ( 0.06214250832603753633, -0.01968503936970202040, -0.3272159170071492484 ) ) ;
#10641 = VERTEX_POINT ( 'NONE', #7177 ) ;
#10642 = AXIS2_PLACEMENT_3D ( 'NONE', #3835, #10934, #6319 ) ;
#10643 = CIRCLE ( 'NONE', #3204, 0.005118110235978657989 ) ;
#10644 = AXIS2_PLACEMENT_3D ( 'NONE', #3813, #7346, #6471 ) ;
#10645 = ORIENTED_EDGE ( 'NONE', *, *, #4344, .T. ) ;
#10646 = LINE ( 'NONE', #5330, #10418 ) ;
#10647 = ADVANCED_FACE ( 'NONE', ( #1117 ), #10737, .F. ) ;
#10648 = DIRECTION ( 'NONE',  ( 0.000000000000000000, 0.8944271910010008764, -0.4472135954977879413 ) ) ;
#10649 = CARTESIAN_POINT ( 'NONE',  ( 0.1032944710987534903, 0.06682257791960206916, -0.05378364591232919628 ) ) ;
#10650 = DIRECTION ( 'NONE',  ( 1.245442495573090538E-13, 0.000000000000000000, 1.000000000000000000 ) ) ;
#10651 = CARTESIAN_POINT ( 'NONE',  ( -0.1444881680708661464, 0.06417322834645669549, -0.07480314960629920462 ) ) ;
#10652 = DIRECTION ( 'NONE',  ( 0.000000000000000000, 0.000000000000000000, 1.000000000000000000 ) ) ;
#10653 = ORIENTED_EDGE ( 'NONE', *, *, #1647, .F. ) ;
#10654 = VERTEX_POINT ( 'NONE', #8228 ) ;
#10655 = ORIENTED_EDGE ( 'NONE', *, *, #3938, .T. ) ;
#10656 = ADVANCED_FACE ( 'NONE', ( #4452 ), #5440, .T. ) ;
#10657 = CYLINDRICAL_SURFACE ( 'NONE', #10378, 0.02559055130853253590 ) ;
#10658 = DIRECTION ( 'NONE',  ( -1.000000000000000000, -0.000000000000000000, -0.000000000000000000 ) ) ;
#10659 = CARTESIAN_POINT ( 'NONE',  ( 0.1929133858245669908, -0.1019064925118897819, -0.3343045736054724437 ) ) ;
#10660 = DIRECTION ( 'NONE',  ( -1.000000000000000000, 0.000000000000000000, 0.000000000000000000 ) ) ;
#10661 = CARTESIAN_POINT ( 'NONE',  ( 0.1082677165354330728, 0.005905511811023620231, -0.2303149606299212948 ) ) ;
#10662 = ORIENTED_EDGE ( 'NONE', *, *, #8366, .T. ) ;
#10663 = DIRECTION ( 'NONE',  ( 0.000000000000000000, 0.000000000000000000, 1.000000000000000000 ) ) ;
#10664 = VERTEX_POINT ( 'NONE', #9098 ) ;
#10665 = FACE_OUTER_BOUND ( 'NONE', #5080, .T. ) ;
#10666 = CARTESIAN_POINT ( 'NONE',  ( 0.07027154512708545797, 0.01774884247332648990, -0.3191988089644039461 ) ) ;
#10667 = CARTESIAN_POINT ( 'NONE',  ( 0.1092709640566714574, -0.05212857075636430360, -0.05652086403325583958 ) ) ;
#10668 = CARTESIAN_POINT ( 'NONE',  ( 0.1082677165354331006, -0.03740157480314960925, -0.3503937007874015630 ) ) ;
#10669 = CARTESIAN_POINT ( 'NONE',  ( 0.09448818897636601655, -0.07165354330413011008, -0.1948818897717519982 ) ) ;
#10670 = CARTESIAN_POINT ( 'NONE',  ( 0.1061333591480708716, -0.08212598347704724855, -0.3155849261459843236 ) ) ;
#10671 = ADVANCED_FACE ( 'NONE', ( #10857 ), #4684, .T. ) ;
#10672 = ORIENTED_EDGE ( 'NONE', *, *, #10674, .T. ) ;
#10673 = ORIENTED_EDGE ( 'NONE', *, *, #8899, .F. ) ;
#10674 = EDGE_CURVE ( 'NONE', #2999, #4137, #23, .T. ) ;
#10675 = EDGE_CURVE ( 'NONE', #5866, #5920, #8872, .T. ) ;
#10676 = CARTESIAN_POINT ( 'NONE',  ( 0.09931576172292060078, -0.07086614177167145645, -0.1723857465280228818 ) ) ;
#10677 = EDGE_LOOP ( 'NONE', ( #1176, #7406, #3206, #11087 ) ) ;
#10678 = VECTOR ( 'NONE', #2030, 39.37007874015748143 ) ;
#10679 = DIRECTION ( 'NONE',  ( 1.000000000000000000, 0.000000000000000000, 0.000000000000000000 ) ) ;
#10680 = LINE ( 'NONE', #5437, #9497 ) ;
#10681 = FACE_OUTER_BOUND ( 'NONE', #721, .T. ) ;
#10682 = CARTESIAN_POINT ( 'NONE',  ( 0.02145669291338582821, 0.07409448818897639011, -0.3564015748031497122 ) ) ;
#10683 = LINE ( 'NONE', #8168, #1363 ) ;
#10684 = ORIENTED_EDGE ( 'NONE', *, *, #11236, .F. ) ;
#10685 = ORIENTED_EDGE ( 'NONE', *, *, #1954, .F. ) ;
#10686 = ORIENTED_EDGE ( 'NONE', *, *, #943, .T. ) ;
#10687 = VECTOR ( 'NONE', #9474, 39.37007874015748143 ) ;
#10688 = ADVANCED_FACE ( 'NONE', ( #2107 ), #9160, .T. ) ;
#10689 = CARTESIAN_POINT ( 'NONE',  ( 0.05744288305462992572, 0.06560467237035930155, -0.03686821798690388674 ) ) ;
#10690 = ORIENTED_EDGE ( 'NONE', *, *, #11350, .T. ) ;
#10691 = VERTEX_POINT ( 'NONE', #9387 ) ;
#10692 = DIRECTION ( 'NONE',  ( 1.962450904614682344E-10, 1.000000000000000000, -0.000000000000000000 ) ) ;
#10693 = LINE ( 'NONE', #5389, #4875 ) ;
#10694 = CARTESIAN_POINT ( 'NONE',  ( 0.1555118110195797820, 0.03234626322594903042, -0.08715038016795384479 ) ) ;
#10695 = CIRCLE ( 'NONE', #9766, 0.005905511809751962105 ) ;
#10696 = DIRECTION ( 'NONE',  ( -3.838348900644203348E-31, 1.239088197126290472E-15, -1.000000000000000000 ) ) ;
#10697 = DIRECTION ( 'NONE',  ( -1.000000000000000000, 0.000000000000000000, 0.000000000000000000 ) ) ;
#10698 = DIRECTION ( 'NONE',  ( -1.000000000000000000, 0.000000000000000000, 7.380900795824863777E-11 ) ) ;
#10699 = ORIENTED_EDGE ( 'NONE', *, *, #3968, .T. ) ;
#10700 = ORIENTED_EDGE ( 'NONE', *, *, #557, .F. ) ;
#10701 = EDGE_CURVE ( 'NONE', #3176, #9515, #2621, .T. ) ;
#10702 = MANIFOLD_SOLID_BREP ( 'solid-5', #2213 ) ;
#10703 = ORIENTED_EDGE ( 'NONE', *, *, #7979, .T. ) ;
#10704 = ORIENTED_EDGE ( 'NONE', *, *, #9261, .T. ) ;
#10705 = LINE ( 'NONE', #323, #2371 ) ;
#10706 = CARTESIAN_POINT ( 'NONE',  ( 0.1071785895561417484, -0.05183386672342520790, -0.05563101217744094440 ) ) ;
#10707 = PLANE ( 'NONE',  #2813 ) ;
#10708 = FACE_OUTER_BOUND ( 'NONE', #2187, .T. ) ;
#10709 = CARTESIAN_POINT ( 'NONE',  ( 0.01709268423108441931, 0.06344525133847392362, -0.1319273292226501859 ) ) ;
#10710 = EDGE_CURVE ( 'NONE', #8980, #8891, #9133, .T. ) ;
#10711 = VERTEX_POINT ( 'NONE', #1344 ) ;
#10712 = DIRECTION ( 'NONE',  ( -7.500076948385677651E-11, -4.336810902550262859E-15, 1.000000000000000000 ) ) ;
#10713 = ORIENTED_EDGE ( 'NONE', *, *, #2880, .T. ) ;
#10714 = ORIENTED_EDGE ( 'NONE', *, *, #4359, .F. ) ;
#10715 = EDGE_CURVE ( 'NONE', #2017, #9232, #197, .T. ) ;
#10716 = EDGE_CURVE ( 'NONE', #4248, #2490, #4039, .T. ) ;
#10717 = DIRECTION ( 'NONE',  ( 0.000000000000000000, 0.000000000000000000, 1.000000000000000000 ) ) ;
#10718 = VECTOR ( 'NONE', #8177, 39.37007874015748143 ) ;
#10719 = LINE ( 'NONE', #5648, #8082 ) ;
#10720 = CARTESIAN_POINT ( 'NONE',  ( 0.000000000000000000, -0.09842519685039370636, -0.2795275589763779878 ) ) ;
#10721 = CARTESIAN_POINT ( 'NONE',  ( -6.084371851489045526E-15, -0.1151574803149768567, -0.04429133858267716994 ) ) ;
#10722 = DIRECTION ( 'NONE',  ( -0.000000000000000000, -0.000000000000000000, -1.000000000000000000 ) ) ;
#10723 = PLANE ( 'NONE',  #9527 ) ;
#10724 = DIRECTION ( 'NONE',  ( -1.000000000000000000, 0.000000000000000000, 0.000000000000000000 ) ) ;
#10725 = ORIENTED_EDGE ( 'NONE', *, *, #6615, .T. ) ;
#10726 = EDGE_CURVE ( 'NONE', #8840, #6945, #3104, .T. ) ;
#10727 = ORIENTED_EDGE ( 'NONE', *, *, #614, .F. ) ;
#10728 = VECTOR ( 'NONE', #4254, 39.37007874015748143 ) ;
#10729 = ORIENTED_EDGE ( 'NONE', *, *, #38, .F. ) ;
#10730 = FACE_OUTER_BOUND ( 'NONE', #8221, .T. ) ;
#10731 = CYLINDRICAL_SURFACE ( 'NONE', #4101, 0.01771653543307086937 ) ;
#10732 = DIRECTION ( 'NONE',  ( 0.000000000000000000, 0.000000000000000000, -1.000000000000000000 ) ) ;
#10733 = CARTESIAN_POINT ( 'NONE',  ( 0.04666938271653543052, -0.06102362204724409711, -0.02952755905511614265 ) ) ;
#10734 = EDGE_CURVE ( 'NONE', #10128, #5658, #5835, .T. ) ;
#10735 = ADVANCED_FACE ( 'NONE', ( #4096 ), #6590, .T. ) ;
#10736 = VECTOR ( 'NONE', #8709, 39.37007874015748143 ) ;
#10737 = PLANE ( 'NONE',  #5767 ) ;
#10738 = DIRECTION ( 'NONE',  ( 0.000000000000000000, 0.000000000000000000, 1.000000000000000000 ) ) ;
#10739 = VERTEX_POINT ( 'NONE', #7577 ) ;
#10740 = VERTEX_POINT ( 'NONE', #11203 ) ;
#10741 = ORIENTED_EDGE ( 'NONE', *, *, #10562, .T. ) ;
#10742 = CARTESIAN_POINT ( 'NONE',  ( -0.1006575217472377576, -0.05198879633589290755, -0.3366141732283464694 ) ) ;
#10743 = ORIENTED_EDGE ( 'NONE', *, *, #70, .T. ) ;
#10744 = ORIENTED_EDGE ( 'NONE', *, *, #11115, .T. ) ;
#10745 = CIRCLE ( 'NONE', #2748, 0.01574803149606303354 ) ;
#10746 = ORIENTED_EDGE ( 'NONE', *, *, #3787, .T. ) ;
#10747 = PLANE ( 'NONE',  #8362 ) ;
#10748 = LINE ( 'NONE', #896, #176 ) ;
#10749 = VECTOR ( 'NONE', #11004, 39.37007874015748143 ) ;
#10750 = EDGE_CURVE ( 'NONE', #10654, #10664, #11137, .T. ) ;
#10751 = CARTESIAN_POINT ( 'NONE',  ( 0.1102456249977952635, -0.08975437318897638850, -0.3208661417487008172 ) ) ;
#10752 = CARTESIAN_POINT ( 'NONE',  ( 0.1555118110366306428, -0.01968503937007873988, -0.3111619545312748203 ) ) ;
#10753 = ADVANCED_FACE ( 'NONE', ( #10970 ), #1226, .F. ) ;
#10754 = FACE_OUTER_BOUND ( 'NONE', #5649, .T. ) ;
#10755 = DIRECTION ( 'NONE',  ( 0.000000000000000000, -1.000000000000000000, 0.000000000000000000 ) ) ;
#10756 = DIRECTION ( 'NONE',  ( 0.9998476951217998288, 0.000000000000000000, 0.01745240841903255083 ) ) ;
#10757 = ORIENTED_EDGE ( 'NONE', *, *, #8854, .F. ) ;
#10758 = DIRECTION ( 'NONE',  ( -0.000000000000000000, -1.000000000000000000, -0.000000000000000000 ) ) ;
#10759 = AXIS2_PLACEMENT_3D ( 'NONE', #9428, #1513, #11122 ) ;
#10760 = ORIENTED_EDGE ( 'NONE', *, *, #5254, .T. ) ;
#10761 = MANIFOLD_SOLID_BREP ( 'solid-2', #10032 ) ;
#10762 = ORIENTED_EDGE ( 'NONE', *, *, #7381, .F. ) ;
#10763 = VECTOR ( 'NONE', #2893, 39.37007874015748143 ) ;
#10764 = EDGE_LOOP ( 'NONE', ( #5031, #3435, #11338, #7636, #7952, #1391, #11223, #1773, #9794, #6366, #3515, #5714, #3409, #7273 ) ) ;
#10765 = VECTOR ( 'NONE', #4024, 39.37007874015748143 ) ;
#10766 = LINE ( 'NONE', #8303, #318 ) ;
#10767 = CARTESIAN_POINT ( 'NONE',  ( 0.1028533282368503943, -0.05232437114559055497, -0.05674064068295275182 ) ) ;
#10768 = EDGE_CURVE ( 'NONE', #5164, #936, #6894, .T. ) ;
#10769 = CARTESIAN_POINT ( 'NONE',  ( 0.1574803149606299191, -0.09842519685039370636, -0.1015748031889764091 ) ) ;
#10770 = CARTESIAN_POINT ( 'NONE',  ( 0.06194522886984252241, 0.06548396751728347009, -0.04684472112429135388 ) ) ;
#10771 = CARTESIAN_POINT ( 'NONE',  ( -0.05118110236220473064, 0.000000000000000000, -0.2401574803149604254 ) ) ;
#10772 = ORIENTED_EDGE ( 'NONE', *, *, #760, .F. ) ;
#10773 = DIRECTION ( 'NONE',  ( 0.000000000000000000, 0.000000000000000000, 1.000000000000000000 ) ) ;
#10774 = EDGE_LOOP ( 'NONE', ( #851, #5461, #9535, #411 ) ) ;
#10775 = VECTOR ( 'NONE', #4872, 39.37007874015748143 ) ;
#10776 = CARTESIAN_POINT ( 'NONE',  ( 0.02211182437883071200, 0.06274839147755906232, -0.1719041123452362263 ) ) ;
#10777 = LINE ( 'NONE', #10840, #6774 ) ;
#10778 = DIRECTION ( 'NONE',  ( 0.000000000000000000, 1.000000000000000000, 0.000000000000000000 ) ) ;
#10779 = CARTESIAN_POINT ( 'NONE',  ( 0.03366141732283464000, 0.07480314960629921850, -0.2507874016797901340 ) ) ;
#10780 = EDGE_CURVE ( 'NONE', #982, #2658, #767, .T. ) ;
#10781 = VECTOR ( 'NONE', #6693, 39.37007874015748143 ) ;
#10782 = CARTESIAN_POINT ( 'NONE',  ( -0.05423123625984252461, 0.01173551366141733186, -0.3425196850393816828 ) ) ;
#10783 = FACE_OUTER_BOUND ( 'NONE', #3259, .T. ) ;
#10784 = VECTOR ( 'NONE', #2120, 39.37007874015748143 ) ;
#10785 = LINE ( 'NONE', #6351, #2441 ) ;
#10786 = VERTEX_POINT ( 'NONE', #6997 ) ;
#10787 = DIRECTION ( 'NONE',  ( 0.7071067758832474404, 0.000000000000000000, 0.7071067864898474831 ) ) ;
#10788 = CIRCLE ( 'NONE', #5761, 0.005905511811000725350 ) ;
#10789 = ORIENTED_EDGE ( 'NONE', *, *, #10453, .F. ) ;
#10790 = CARTESIAN_POINT ( 'NONE',  ( 0.1113735180508267919, 0.06809957308125984266, -0.05723638968818895584 ) ) ;
#10791 = CYLINDRICAL_SURFACE ( 'NONE', #8363, 0.007874015748031482076 ) ;
#10792 = EDGE_CURVE ( 'NONE', #5857, #10711, #4307, .T. ) ;
#10793 = CARTESIAN_POINT ( 'NONE',  ( 0.1082677165354474086, -0.08503937007874014242, -0.2370078740157480213 ) ) ;
#10794 = CARTESIAN_POINT ( 'NONE',  ( -0.05423123625984248991, 0.06417322834645669549, -0.2086614173228346636 ) ) ;
#10795 = MANIFOLD_SOLID_BREP ( 'solid-4', #11147 ) ;
#10796 = LINE ( 'NONE', #4621, #8006 ) ;
#10797 = FACE_OUTER_BOUND ( 'NONE', #5558, .T. ) ;
#10798 = AXIS2_PLACEMENT_3D ( 'NONE', #1058, #9803, #8060 ) ;
#10799 = ORIENTED_EDGE ( 'NONE', *, *, #4174, .F. ) ;
#10800 = AXIS2_PLACEMENT_3D ( 'NONE', #5561, #9055, #6486 ) ;
#10801 = ORIENTED_EDGE ( 'NONE', *, *, #9127, .F. ) ;
#10802 = AXIS2_PLACEMENT_3D ( 'NONE', #2634, #5194, #9617 ) ;
#10803 = ORIENTED_EDGE ( 'NONE', *, *, #5109, .T. ) ;
#10804 = FACE_OUTER_BOUND ( 'NONE', #1705, .T. ) ;
#10805 = ORIENTED_EDGE ( 'NONE', *, *, #4882, .T. ) ;
#10806 = VECTOR ( 'NONE', #3747, 39.37007874015748143 ) ;
#10807 = ORIENTED_EDGE ( 'NONE', *, *, #1338, .T. ) ;
#10808 = CARTESIAN_POINT ( 'NONE',  ( -0.1574803149606379127, -0.09842519685039370636, -0.1031496062992126317 ) ) ;
#10809 = AXIS2_PLACEMENT_3D ( 'NONE', #9492, #2930, #10911 ) ;
#10810 = CYLINDRICAL_SURFACE ( 'NONE', #9477, 0.005905511811000759177 ) ;
#10811 = DIRECTION ( 'NONE',  ( -1.000000000000000000, 0.000000000000000000, 0.000000000000000000 ) ) ;
#10812 = DIRECTION ( 'NONE',  ( 0.000000000000000000, 0.000000000000000000, 1.000000000000000000 ) ) ;
#10813 = DIRECTION ( 'NONE',  ( 0.000000000000000000, 0.000000000000000000, 1.000000000000000000 ) ) ;
#10814 = LINE ( 'NONE', #9884, #3261 ) ;
#10815 = CARTESIAN_POINT ( 'NONE',  ( 0.1437007874013094266, 0.03149606299212614341, -0.1023622047292226112 ) ) ;
#10816 = ORIENTED_EDGE ( 'NONE', *, *, #8987, .T. ) ;
#10817 = FACE_OUTER_BOUND ( 'NONE', #1711, .T. ) ;
#10818 = ORIENTED_EDGE ( 'NONE', *, *, #7787, .T. ) ;
#10819 = VECTOR ( 'NONE', #2184, 39.37007874015748854 ) ;
#10820 = EDGE_CURVE ( 'NONE', #5160, #3466, #7700, .T. ) ;
#10821 = VECTOR ( 'NONE', #11168, 39.37007874015748143 ) ;
#10822 = CIRCLE ( 'NONE', #8036, 0.007874015748031516770 ) ;
#10823 = ORIENTED_EDGE ( 'NONE', *, *, #4917, .T. ) ;
#10824 = EDGE_CURVE ( 'NONE', #6172, #6551, #10072, .T. ) ;
#10825 = EDGE_LOOP ( 'NONE', ( #1828, #5600, #540, #8371, #10892, #3662 ) ) ;
#10826 = EDGE_CURVE ( 'NONE', #450, #5515, #6822, .T. ) ;
#10827 = EDGE_CURVE ( 'NONE', #2601, #834, #5236, .T. ) ;
#10828 = DIRECTION ( 'NONE',  ( 0.5547001962240589723, 0.000000000000000000, 0.8320502943386237638 ) ) ;
#10829 = CARTESIAN_POINT ( 'NONE',  ( 0.1027573393312992134, -0.05085075957999998092, -0.05341257910133858505 ) ) ;
#10830 = CIRCLE ( 'NONE', #221, 0.007874015748031449116 ) ;
#10831 = DIRECTION ( 'NONE',  ( 0.000000000000000000, 1.000000000000000000, 0.000000000000000000 ) ) ;
#10832 = CARTESIAN_POINT ( 'NONE',  ( 0.1437007874215724401, 0.02559055118110236532, -0.1062992125900787260 ) ) ;
#10833 = CYLINDRICAL_SURFACE ( 'NONE', #9815, 0.007874015748031516770 ) ;
#10834 = ORIENTED_EDGE ( 'NONE', *, *, #10824, .F. ) ;
#10835 = DIRECTION ( 'NONE',  ( 1.334402673828313043E-15, 0.000000000000000000, 1.000000000000000000 ) ) ;
#10836 = ORIENTED_EDGE ( 'NONE', *, *, #8392, .F. ) ;
#10837 = CARTESIAN_POINT ( 'NONE',  ( 0.02898234053976377761, 0.06260654911299212699, -0.1770079400352755905 ) ) ;
#10838 = EDGE_CURVE ( 'NONE', #8952, #706, #6709, .T. ) ;
#10839 = EDGE_CURVE ( 'NONE', #6247, #7054, #6405, .T. ) ;
#10840 = CARTESIAN_POINT ( 'NONE',  ( -0.1470889625786417632, 0.05461790951527559917, -0.06299212598425196763 ) ) ;
#10841 = DIRECTION ( 'NONE',  ( 0.000000000000000000, -1.239088197126290866E-15, 1.000000000000000000 ) ) ;
#10842 = LINE ( 'NONE', #1162, #4475 ) ;
#10843 = FACE_OUTER_BOUND ( 'NONE', #10089, .T. ) ;
#10844 = LINE ( 'NONE', #10899, #8961 ) ;
#10845 = DIRECTION ( 'NONE',  ( 0.000000000000000000, 0.000000000000000000, -1.000000000000000000 ) ) ;
#10846 = CARTESIAN_POINT ( 'NONE',  ( 0.02861651420391338879, -0.04786427036539370183, -0.1761133546068111011 ) ) ;
#10847 = ADVANCED_FACE ( 'NONE', ( #7113 ), #6180, .F. ) ;
#10848 = ORIENTED_EDGE ( 'NONE', *, *, #8978, .T. ) ;
#10849 = DIRECTION ( 'NONE',  ( -0.03489949675390891654, 0.000000000000000000, -0.9993908270173005315 ) ) ;
#10850 = ADVANCED_FACE ( 'NONE', ( #2692, #7168 ), #9915, .F. ) ;
#10851 = AXIS2_PLACEMENT_3D ( 'NONE', #3603, #4579, #8238 ) ;
#10852 = ORIENTED_EDGE ( 'NONE', *, *, #10255, .F. ) ;
#10853 = CARTESIAN_POINT ( 'NONE',  ( 0.1157231599173228348, 0.06760991431744095559, -0.05561942304157479339 ) ) ;
#10854 = CARTESIAN_POINT ( 'NONE',  ( 0.03348337688755977787, 0.08858267719488190084, -0.2598425199622198534 ) ) ;
#10855 = LINE ( 'NONE', #2874, #7847 ) ;
#10856 = CARTESIAN_POINT ( 'NONE',  ( 0.09931576172294175053, -0.07677165354330708902, -0.1723857465274176159 ) ) ;
#10857 = FACE_OUTER_BOUND ( 'NONE', #2389, .T. ) ;
#10858 = DIRECTION ( 'NONE',  ( 0.03489949675390441319, 0.000000000000000000, 0.9993908270173006425 ) ) ;
#10859 = ORIENTED_EDGE ( 'NONE', *, *, #9290, .F. ) ;
#10860 = VERTEX_POINT ( 'NONE', #1871 ) ;
#10861 = ORIENTED_EDGE ( 'NONE', *, *, #8483, .T. ) ;
#10862 = EDGE_CURVE ( 'NONE', #4653, #837, #8200, .T. ) ;
#10863 = CARTESIAN_POINT ( 'NONE',  ( -0.1850393700787401341, -0.08976377952755348888, -0.2834645669291339098 ) ) ;
#10864 = EDGE_LOOP ( 'NONE', ( #5855, #68, #7941, #9744 ) ) ;
#10865 = AXIS2_PLACEMENT_3D ( 'NONE', #9403, #6549, #8466 ) ;
#10866 = ORIENTED_EDGE ( 'NONE', *, *, #800, .T. ) ;
#10867 = DIRECTION ( 'NONE',  ( -4.729763774857864965E-18, -1.000000000000000000, -1.354427132264168627E-16 ) ) ;
#10868 = CARTESIAN_POINT ( 'NONE',  ( 0.1078100336393307268, -0.02370078740157480213, -0.3125344430881496494 ) ) ;
#10869 = CARTESIAN_POINT ( 'NONE',  ( 0.02757786507653544120, -0.07677165354330708902, -0.2814960630085356907 ) ) ;
#10870 = CARTESIAN_POINT ( 'NONE',  ( 0.1841685623872123256, -0.08976377952756478540, -0.1496062992372115541 ) ) ;
#10871 = FACE_OUTER_BOUND ( 'NONE', #5989, .T. ) ;
#10872 = CARTESIAN_POINT ( 'NONE',  ( 0.03382447258843701565, 0.08858267716535433989, -0.2899606299376771279 ) ) ;
#10873 = CARTESIAN_POINT ( 'NONE',  ( 0.03366141732283461224, -0.09842519685040186650, -0.2795275590446850700 ) ) ;
#10874 = VERTEX_POINT ( 'NONE', #9968 ) ;
#10875 = AXIS2_PLACEMENT_3D ( 'NONE', #8279, #8403, #3105 ) ;
#10876 = DIRECTION ( 'NONE',  ( -0.03489949675390891654, 0.000000000000000000, -0.9993908270173005315 ) ) ;
#10877 = EDGE_LOOP ( 'NONE', ( #7820, #6262, #10567, #11048 ) ) ;
#10878 = ORIENTED_EDGE ( 'NONE', *, *, #4772, .F. ) ;
#10879 = ORIENTED_EDGE ( 'NONE', *, *, #2784, .F. ) ;
#10880 = AXIS2_PLACEMENT_3D ( 'NONE', #4701, #8075, #10755 ) ;
#10881 = VERTEX_POINT ( 'NONE', #6231 ) ;
#10882 = CARTESIAN_POINT ( 'NONE',  ( 0.1594488188999808598, -0.08582677165354303528, -0.1708661417527848891 ) ) ;
#10883 = DIRECTION ( 'NONE',  ( -0.000000000000000000, -1.000000000000000000, -0.000000000000000000 ) ) ;
#10884 = FACE_OUTER_BOUND ( 'NONE', #1083, .T. ) ;
#10885 = EDGE_CURVE ( 'NONE', #9821, #6088, #9503, .T. ) ;
#10886 = CARTESIAN_POINT ( 'NONE',  ( 0.06792749352166732590, -0.05905511811023621271, -0.3208661417487008172 ) ) ;
#10887 = DIRECTION ( 'NONE',  ( 0.000000000000000000, -0.2425356250425185767, 0.9701425001437853357 ) ) ;
#10888 = EDGE_CURVE ( 'NONE', #7896, #498, #8217, .T. ) ;
#10889 = VERTEX_POINT ( 'NONE', #1758 ) ;
#10890 = ADVANCED_FACE ( 'NONE', ( #2637 ), #8156, .F. ) ;
#10891 = LINE ( 'NONE', #9022, #3151 ) ;
#10892 = ORIENTED_EDGE ( 'NONE', *, *, #8855, .F. ) ;
#10893 = CARTESIAN_POINT ( 'NONE',  ( 0.02850910925164961210, 0.06345080379799213077, -0.1365323158238583023 ) ) ;
#10894 = CARTESIAN_POINT ( 'NONE',  ( 0.09448818897637795144, 0.09251968503937008093, -0.05787401574803150567 ) ) ;
#10895 = FACE_OUTER_BOUND ( 'NONE', #8018, .T. ) ;
#10896 = LINE ( 'NONE', #6455, #2624 ) ;
#10897 = ADVANCED_FACE ( 'NONE', ( #5309 ), #117, .F. ) ;
#10898 = CARTESIAN_POINT ( 'NONE',  ( 0.05679810541188975298, -0.04949225979338581910, -0.03683283455110632210 ) ) ;
#10899 = CARTESIAN_POINT ( 'NONE',  ( -0.01712598425196851584, -0.06102362204724410405, -0.03937007880314961211 ) ) ;
#10900 = ADVANCED_FACE ( 'NONE', ( #4555 ), #4441, .F. ) ;
#10901 = DIRECTION ( 'NONE',  ( 3.771137991253928573E-16, 0.000000000000000000, 1.000000000000000000 ) ) ;
#10902 = CARTESIAN_POINT ( 'NONE',  ( 0.09893791284051178803, -0.07086614181103691179, -0.1832059228473425505 ) ) ;
#10903 = VECTOR ( 'NONE', #6071, 39.37007874015748143 ) ;
#10904 = VERTEX_POINT ( 'NONE', #872 ) ;
#10905 = VERTEX_POINT ( 'NONE', #7989 ) ;
#10906 = EDGE_CURVE ( 'NONE', #1844, #138, #3577, .T. ) ;
#10907 = ORIENTED_EDGE ( 'NONE', *, *, #1486, .T. ) ;
#10908 = CARTESIAN_POINT ( 'NONE',  ( 0.1154977321779527416, 0.06669301423456695799, -0.05213953679165354849 ) ) ;
#10909 = CARTESIAN_POINT ( 'NONE',  ( 0.1148293794054511818, -0.06299212598425196763, -0.06656348731797213925 ) ) ;
#10910 = DIRECTION ( 'NONE',  ( 1.000000000000000000, 0.000000000000000000, -1.334402673828313043E-15 ) ) ;
#10911 = DIRECTION ( 'NONE',  ( 1.000000000000000000, 2.709638069475773489E-12, 0.000000000000000000 ) ) ;
#10912 = B_SPLINE_CURVE_WITH_KNOTS ( 'NONE', 3,
 ( #8734, #868, #9737, #10611 ),
 .UNSPECIFIED., .F., .F.,
 ( 4, 4 ),
 ( 0.000000000000000000, 1.000000000000000000 ),
 .UNSPECIFIED. ) ;
#10913 = EDGE_CURVE ( 'NONE', #5238, #5658, #8051, .T. ) ;
#10914 = LINE ( 'NONE', #9924, #3365 ) ;
#10915 = DIRECTION ( 'NONE',  ( 7.504641985500904545E-11, 0.000000000000000000, -1.000000000000000000 ) ) ;
#10916 = ORIENTED_EDGE ( 'NONE', *, *, #4343, .F. ) ;
#10917 = VERTEX_POINT ( 'NONE', #65 ) ;
#10918 = ORIENTED_EDGE ( 'NONE', *, *, #985, .T. ) ;
#10919 = CARTESIAN_POINT ( 'NONE',  ( -0.1267716535433069391, -0.06102362204724410405, -0.3307086614488193854 ) ) ;
#10920 = ORIENTED_EDGE ( 'NONE', *, *, #10674, .F. ) ;
#10921 = EDGE_CURVE ( 'NONE', #9354, #3765, #7284, .T. ) ;
#10922 = EDGE_CURVE ( 'NONE', #498, #6370, #5410, .T. ) ;
#10923 = ORIENTED_EDGE ( 'NONE', *, *, #8779, .F. ) ;
#10924 = PLANE ( 'NONE',  #9854 ) ;
#10925 = DIRECTION ( 'NONE',  ( 0.03489949675490351677, 0.000000000000000000, 0.9993908270172656705 ) ) ;
#10926 = AXIS2_PLACEMENT_3D ( 'NONE', #4947, #6748, #10251 ) ;
#10927 = LINE ( 'NONE', #8072, #3514 ) ;
#10928 = CARTESIAN_POINT ( 'NONE',  ( 0.06076830311201072976, -0.03543307086614173873, -0.2484877520542810025 ) ) ;
#10929 = EDGE_CURVE ( 'NONE', #9945, #5112, #10785, .T. ) ;
#10930 = CARTESIAN_POINT ( 'NONE',  ( 0.1053712934710300253, -0.07283464567010490553, -0.1681928186920180202 ) ) ;
#10931 = FACE_OUTER_BOUND ( 'NONE', #9946, .T. ) ;
#10932 = CARTESIAN_POINT ( 'NONE',  ( -0.06889763779527560694, 2.169649841009089955E-18, -0.3110236220472589741 ) ) ;
#10933 = EDGE_LOOP ( 'NONE', ( #8528, #8994, #1673, #3075 ) ) ;
#10934 = DIRECTION ( 'NONE',  ( 0.000000000000000000, 0.000000000000000000, 1.000000000000000000 ) ) ;
#10935 = ORIENTED_EDGE ( 'NONE', *, *, #10734, .T. ) ;
#10936 = ORIENTED_EDGE ( 'NONE', *, *, #9358, .F. ) ;
#10937 = EDGE_LOOP ( 'NONE', ( #2440, #2585, #4351, #4033 ) ) ;
#10938 = DIRECTION ( 'NONE',  ( -1.000000000000000000, 0.000000000000000000, 0.000000000000000000 ) ) ;
#10939 = CARTESIAN_POINT ( 'NONE',  ( 0.1569324215332283667, -0.08975437318898225880, -0.2952755905675984449 ) ) ;
#10940 = ADVANCED_FACE ( 'NONE', ( #3095 ), #8324, .T. ) ;
#10941 = CIRCLE ( 'NONE', #697, 0.005905511811023628904 ) ;
#10942 = DIRECTION ( 'NONE',  ( 0.000000000000000000, 0.000000000000000000, -1.000000000000000000 ) ) ;
#10943 = CARTESIAN_POINT ( 'NONE',  ( -0.1603543307086614245, 0.06467116585169291332, -0.3537517805222441525 ) ) ;
#10944 = CARTESIAN_POINT ( 'NONE',  ( -0.1562992113779646530, -0.06181102362204724671, -0.3228346456692913202 ) ) ;
#10945 = ORIENTED_EDGE ( 'NONE', *, *, #2418, .F. ) ;
#10946 = CIRCLE ( 'NONE', #8884, 0.01968503937007874682 ) ;
#10947 = ORIENTED_EDGE ( 'NONE', *, *, #800, .F. ) ;
#10948 = CARTESIAN_POINT ( 'NONE',  ( 0.02068209823516929322, 0.06345080379913387025, -0.1331279761748425106 ) ) ;
#10949 = EDGE_CURVE ( 'NONE', #8052, #982, #2098, .T. ) ;
#10950 = DIRECTION ( 'NONE',  ( -0.4264014327100323354, 0.6396021490674562715, 0.6396021490669985265 ) ) ;
#10951 = VECTOR ( 'NONE', #145, 39.37007874015748143 ) ;
#10952 = PLANE ( 'NONE',  #8871 ) ;
#10953 = CARTESIAN_POINT ( 'NONE',  ( 0.07395173305619399950, 0.05118110236220473758, -0.3270097862248645959 ) ) ;
#10954 = CARTESIAN_POINT ( 'NONE',  ( -0.1003757549180314818, -0.04913385826771653891, -0.2795275590551181133 ) ) ;
#10955 = DIRECTION ( 'NONE',  ( 0.01744604091986766761, 0.02700731024631442684, -0.9994829867734026374 ) ) ;
#10956 = CIRCLE ( 'NONE', #8527, 0.04527559055118111908 ) ;
#10957 = FACE_OUTER_BOUND ( 'NONE', #6989, .T. ) ;
#10958 = DIRECTION ( 'NONE',  ( 0.03489949675396257500, -0.000000000000000000, 0.9993908270172986441 ) ) ;
#10959 = VERTEX_POINT ( 'NONE', #1332 ) ;
#10960 = CARTESIAN_POINT ( 'NONE',  ( 0.001968503937007873988, -0.03812857653543354208, -0.1850393700787401341 ) ) ;
#10961 = EDGE_CURVE ( 'NONE', #2993, #8461, #6633, .T. ) ;
#10962 = EDGE_CURVE ( 'NONE', #10917, #802, #10088, .T. ) ;
#10963 = ADVANCED_FACE ( 'NONE', ( #6522 ), #8385, .T. ) ;
#10964 = CIRCLE ( 'NONE', #1095, 0.007874015748031516770 ) ;
#10965 = ORIENTED_EDGE ( 'NONE', *, *, #6067, .T. ) ;
#10966 = CARTESIAN_POINT ( 'NONE',  ( 0.1027717723922047244, 0.06669299256492126904, -0.05353535644551180722 ) ) ;
#10967 = CARTESIAN_POINT ( 'NONE',  ( -0.1503936897244094739, -0.06181102362204724671, -0.3149606299212598381 ) ) ;
#10968 = AXIS2_PLACEMENT_3D ( 'NONE', #2065, #3827, #3113 ) ;
#10969 = LINE ( 'NONE', #10095, #3761 ) ;
#10970 = FACE_OUTER_BOUND ( 'NONE', #801, .T. ) ;
#10971 = CARTESIAN_POINT ( 'NONE',  ( 0.05812896269775590097, -0.04499787785929133810, -0.1828983748055905689 ) ) ;
#10972 = ORIENTED_EDGE ( 'NONE', *, *, #2198, .F. ) ;
#10973 = ORIENTED_EDGE ( 'NONE', *, *, #7747, .F. ) ;
#10974 = VECTOR ( 'NONE', #7618, 39.37007874015748143 ) ;
#10975 = ORIENTED_EDGE ( 'NONE', *, *, #1809, .F. ) ;
#10976 = CARTESIAN_POINT ( 'NONE',  ( 0.02167235326587793609, -0.03740157478346454317, -0.3208641732447637396 ) ) ;
#10977 = VECTOR ( 'NONE', #6469, 39.37007874015748143 ) ;
#10978 = VECTOR ( 'NONE', #6873, 39.37007874015748143 ) ;
#10979 = VERTEX_POINT ( 'NONE', #410 ) ;
#10980 = EDGE_CURVE ( 'NONE', #9809, #9599, #4167, .T. ) ;
#10981 = ORIENTED_EDGE ( 'NONE', *, *, #3782, .F. ) ;
#10982 = DIRECTION ( 'NONE',  ( 0.000000000000000000, 0.000000000000000000, 1.000000000000000000 ) ) ;
#10983 = CARTESIAN_POINT ( 'NONE',  ( 0.07395465557241641397, 0.05905333728496974660, -0.3271772170321276541 ) ) ;
#10985 = DIRECTION ( 'NONE',  ( 1.000000000000000000, 0.000000000000000000, 0.000000000000000000 ) ) ;
#10984 = VECTOR ( 'NONE', #1475, 39.37007874015748854 ) ;
#10986 = CARTESIAN_POINT ( 'NONE',  ( 0.1417322834645668994, -0.09842519685039370636, -0.1830708661417323191 ) ) ;
#10987 = AXIS2_PLACEMENT_3D ( 'NONE', #6572, #10084, #7449 ) ;
#10988 = DIRECTION ( 'NONE',  ( 1.000000000000000000, 0.000000000000000000, 0.000000000000000000 ) ) ;
#10989 = DIRECTION ( 'NONE',  ( 1.224646799147353207E-16, 1.000000000000000000, 0.000000000000000000 ) ) ;
#10990 = DIRECTION ( 'NONE',  ( 0.000000000000000000, -1.000000000000000000, 0.000000000000000000 ) ) ;
#10991 = EDGE_LOOP ( 'NONE', ( #10243, #6719, #9304, #3703 ) ) ;
#10992 = FACE_OUTER_BOUND ( 'NONE', #921, .T. ) ;
#10993 = ORIENTED_EDGE ( 'NONE', *, *, #3288, .F. ) ;
#10994 = VERTEX_POINT ( 'NONE', #6459 ) ;
#10995 = EDGE_LOOP ( 'NONE', ( #4149, #10757, #9895, #11058, #8934, #10799, #9916, #3054, #10353, #2695, #11289, #4933, #6481, #6788, #3807, #7327, #1004, #729 ) ) ;
#10996 = AXIS2_PLACEMENT_3D ( 'NONE', #9978, #9801, #9042 ) ;
#10997 = ADVANCED_FACE ( 'NONE', ( #9206 ), #5763, .T. ) ;
#10998 = AXIS2_PLACEMENT_3D ( 'NONE', #6863, #11238, #2380 ) ;
#10999 = CARTESIAN_POINT ( 'NONE',  ( -0.1473764848411417416, 0.06516535433070866357, -0.06257640678019683877 ) ) ;
#11000 = DIRECTION ( 'NONE',  ( -1.000000000000000000, 0.000000000000000000, 0.000000000000000000 ) ) ;
#11001 = DIRECTION ( 'NONE',  ( 0.000000000000000000, 0.000000000000000000, -1.000000000000000000 ) ) ;
#11002 = DIRECTION ( 'NONE',  ( 0.9998476951573036509, 5.041746477510024425E-16, 0.01745240638502150790 ) ) ;
#11003 = FACE_OUTER_BOUND ( 'NONE', #1703, .T. ) ;
#11004 = DIRECTION ( 'NONE',  ( -0.9993908270172994213, 4.001138826660213848E-14, 0.03489949675394130035 ) ) ;
#11005 = AXIS2_PLACEMENT_3D ( 'NONE', #314, #148, #5457 ) ;
#11006 = VERTEX_POINT ( 'NONE', #7511 ) ;
#11007 = VECTOR ( 'NONE', #5642, 39.37007874015748143 ) ;
#11008 = AXIS2_PLACEMENT_3D ( 'NONE', #11295, #5072, #2203 ) ;
#11009 = VERTEX_POINT ( 'NONE', #288 ) ;
#11010 = ADVANCED_FACE ( 'NONE', ( #9377 ), #5656, .F. ) ;
#11011 = DIRECTION ( 'NONE',  ( 0.000000000000000000, -0.7071067811865476838, -0.7071067811865472397 ) ) ;
#11012 = EDGE_CURVE ( 'NONE', #8634, #329, #519, .T. ) ;
#11013 = AXIS2_PLACEMENT_3D ( 'NONE', #2667, #1668, #5230 ) ;
#11014 = AXIS2_PLACEMENT_3D ( 'NONE', #7401, #5666, #9095 ) ;
#11015 = DIRECTION ( 'NONE',  ( 0.01745240638502534511, 0.000000000000000000, -0.9998476951573035398 ) ) ;
#11016 = DIRECTION ( 'NONE',  ( -1.000000000000000000, -0.000000000000000000, -0.000000000000000000 ) ) ;
#11017 = DIRECTION ( 'NONE',  ( -0.03489949675390723732, 0.000000000000000000, -0.9993908270173006425 ) ) ;
#11018 = CARTESIAN_POINT ( 'NONE',  ( 0.1070929922607874174, -0.05105782512543306784, -0.05387152103602363407 ) ) ;
#11019 = CARTESIAN_POINT ( 'NONE',  ( 0.1569324215309508552, -0.08975437318897931671, -0.2834645669455511108 ) ) ;
#11020 = DIRECTION ( 'NONE',  ( 0.000000000000000000, 0.000000000000000000, -1.000000000000000000 ) ) ;
#11021 = DIRECTION ( 'NONE',  ( 0.000000000000000000, 0.000000000000000000, 1.000000000000000000 ) ) ;
#11022 = VERTEX_POINT ( 'NONE', #11126 ) ;
#11023 = DIRECTION ( 'NONE',  ( -0.9998476951485962827, 0.000000000000000000, -0.01745240688385214789 ) ) ;
#11024 = ORIENTED_EDGE ( 'NONE', *, *, #10820, .T. ) ;
#11025 = CARTESIAN_POINT ( 'NONE',  ( 0.1410850221279134065, 0.02807086614018897835, -0.1015748031496063186 ) ) ;
#11026 = CARTESIAN_POINT ( 'NONE',  ( -0.05437248909448819112, -0.005353426377952756436, -0.3307086614173109229 ) ) ;
#11027 = DIRECTION ( 'NONE',  ( -0.000000000000000000, -1.000000000000000000, -0.000000000000000000 ) ) ;
#11028 = CARTESIAN_POINT ( 'NONE',  ( 0.06829386776720472452, -0.04410241013452755043, -0.2190453824796850801 ) ) ;
#11029 = EDGE_CURVE ( 'NONE', #8511, #1091, #7339, .T. ) ;
#11030 = ORIENTED_EDGE ( 'NONE', *, *, #5859, .F. ) ;
#11031 = ADVANCED_FACE ( 'NONE', ( #2152 ), #3153, .F. ) ;
#11032 = ORIENTED_EDGE ( 'NONE', *, *, #8665, .F. ) ;
#11033 = ORIENTED_EDGE ( 'NONE', *, *, #4721, .T. ) ;
#11034 = LINE ( 'NONE', #2998, #2600 ) ;
#11035 = ORIENTED_EDGE ( 'NONE', *, *, #6408, .T. ) ;
#11036 = ORIENTED_EDGE ( 'NONE', *, *, #9540, .F. ) ;
#11037 = DIRECTION ( 'NONE',  ( 0.000000000000000000, 0.000000000000000000, -1.000000000000000000 ) ) ;
#11038 = PLANE ( 'NONE',  #7996 ) ;
#11039 = LINE ( 'NONE', #1184, #8193 ) ;
#11040 = CARTESIAN_POINT ( 'NONE',  ( -0.1444881680708661187, -0.08582677165354332671, -0.2047244094488188948 ) ) ;
#11041 = CARTESIAN_POINT ( 'NONE',  ( 0.02211180233538189571, -0.04587116704570866343, -0.1719040783905512182 ) ) ;
#11042 = FACE_OUTER_BOUND ( 'NONE', #7596, .T. ) ;
#11043 = DIRECTION ( 'NONE',  ( 0.9993908270172947583, 0.000000000000000000, -0.03489949675406982949 ) ) ;
#11044 = ORIENTED_EDGE ( 'NONE', *, *, #7261, .T. ) ;
#11045 = EDGE_CURVE ( 'NONE', #7315, #6245, #3202, .T. ) ;
#11046 = LINE ( 'NONE', #11219, #1882 ) ;
#11047 = ORIENTED_EDGE ( 'NONE', *, *, #10255, .T. ) ;
#11048 = ORIENTED_EDGE ( 'NONE', *, *, #4589, .F. ) ;
#11049 = ORIENTED_EDGE ( 'NONE', *, *, #4829, .F. ) ;
#11050 = LINE ( 'NONE', #11226, #825 ) ;
#11051 = VECTOR ( 'NONE', #7470, 39.37007874015748143 ) ;
#11052 = DIRECTION ( 'NONE',  ( 0.000000000000000000, 1.000000000000000000, 0.000000000000000000 ) ) ;
#11053 = CARTESIAN_POINT ( 'NONE',  ( 0.06173024672259161405, 0.02362204722174636451, -0.3035974675060340577 ) ) ;
#11054 = CARTESIAN_POINT ( 'NONE',  ( -0.09645669291338586360, 5.544660704801011642E-18, -0.2795275590551180578 ) ) ;
#11055 = DIRECTION ( 'NONE',  ( 0.000000000000000000, 0.7071067811865482389, -0.7071067811865467956 ) ) ;
#11056 = ORIENTED_EDGE ( 'NONE', *, *, #7601, .F. ) ;
#11057 = EDGE_CURVE ( 'NONE', #651, #9761, #2038, .T. ) ;
#11058 = ORIENTED_EDGE ( 'NONE', *, *, #9368, .F. ) ;
#11059 = DIRECTION ( 'NONE',  ( 0.000000000000000000, -1.000000000000000000, 0.000000000000000000 ) ) ;
#11060 = CIRCLE ( 'NONE', #5302, 0.01771653544620079013 ) ;
#11061 = PLANE ( 'NONE',  #10039 ) ;
#11062 = DIRECTION ( 'NONE',  ( 0.000000000000000000, 0.000000000000000000, -1.000000000000000000 ) ) ;
#11063 = CARTESIAN_POINT ( 'NONE',  ( 0.06681033600064896494, -0.02755905512134021115, -0.2562575031060932984 ) ) ;
#11064 = DIRECTION ( 'NONE',  ( 0.000000000000000000, 0.000000000000000000, -1.000000000000000000 ) ) ;
#11065 = FACE_OUTER_BOUND ( 'NONE', #4431, .T. ) ;
#11066 = EDGE_CURVE ( 'NONE', #4570, #3177, #1387, .T. ) ;
#11067 = VECTOR ( 'NONE', #8229, 39.37007874015748143 ) ;
#11068 = CARTESIAN_POINT ( 'NONE',  ( -0.1929133858267716994, -0.08927275512700789950, -0.1132283464566928993 ) ) ;
#11069 = DIRECTION ( 'NONE',  ( 0.000000000000000000, 0.000000000000000000, 1.000000000000000000 ) ) ;
#11070 = EDGE_CURVE ( 'NONE', #6715, #1141, #8207, .T. ) ;
#11071 = VERTEX_POINT ( 'NONE', #8269 ) ;
#11072 = DIRECTION ( 'NONE',  ( 0.000000000000000000, 1.000000000000000000, 0.000000000000000000 ) ) ;
#11073 = ORIENTED_EDGE ( 'NONE', *, *, #624, .T. ) ;
#11074 = ORIENTED_EDGE ( 'NONE', *, *, #5954, .F. ) ;
#11075 = DIRECTION ( 'NONE',  ( 0.000000000000000000, 0.000000000000000000, 1.000000000000000000 ) ) ;
#11076 = PLANE ( 'NONE',  #4487 ) ;
#11077 = VECTOR ( 'NONE', #7004, 39.37007874015748143 ) ;
#11078 = DIRECTION ( 'NONE',  ( 0.000000000000000000, 1.000000000000000000, 0.000000000000000000 ) ) ;
#11079 = ADVANCED_FACE ( 'NONE', ( #2977 ), #6934, .F. ) ;
#11080 = CARTESIAN_POINT ( 'NONE',  ( 0.07245848465661418325, -0.04428298984968504631, -0.2110216408561416956 ) ) ;
#11081 = ORIENTED_EDGE ( 'NONE', *, *, #3921, .F. ) ;
#11082 = VERTEX_POINT ( 'NONE', #11302 ) ;
#11083 = VERTEX_POINT ( 'NONE', #5944 ) ;
#11084 = DIRECTION ( 'NONE',  ( 0.000000000000000000, 1.000000000000000000, 0.000000000000000000 ) ) ;
#11085 = ORIENTED_EDGE ( 'NONE', *, *, #4192, .F. ) ;
#11086 = EDGE_CURVE ( 'NONE', #5576, #8116, #3448, .T. ) ;
#11087 = ORIENTED_EDGE ( 'NONE', *, *, #1909, .T. ) ;
#11088 = DIRECTION ( 'NONE',  ( 3.469446951953610639E-15, 0.000000000000000000, -1.000000000000000000 ) ) ;
#11089 = DIRECTION ( 'NONE',  ( -0.9993908270172660036, -1.513524408006537482E-16, 0.03489949675490201797 ) ) ;
#11090 = PLANE ( 'NONE',  #566 ) ;
#11091 = CARTESIAN_POINT ( 'NONE',  ( 0.06227992884928561235, 0.03793001003566258411, -0.3350887334957524111 ) ) ;
#11092 = CARTESIAN_POINT ( 'NONE',  ( 0.02459561450507086883, -0.04676329770291340338, -0.1348300825340551234 ) ) ;
#11093 = DIRECTION ( 'NONE',  ( 0.000000000000000000, 1.000000000000000000, 0.000000000000000000 ) ) ;
#11094 = CARTESIAN_POINT ( 'NONE',  ( 0.1574803149606298913, 0.005905511811023620231, 0.000000000000000000 ) ) ;
#11095 = ORIENTED_EDGE ( 'NONE', *, *, #10123, .F. ) ;
#11096 = LINE ( 'NONE', #2424, #3584 ) ;
#11097 = ORIENTED_EDGE ( 'NONE', *, *, #11103, .F. ) ;
#11098 = EDGE_LOOP ( 'NONE', ( #4901, #7716, #5634, #10062 ) ) ;
#11099 = ORIENTED_EDGE ( 'NONE', *, *, #3168, .F. ) ;
#11100 = VERTEX_POINT ( 'NONE', #9432 ) ;
#11101 = VECTOR ( 'NONE', #9253, 39.37007874015748143 ) ;
#11102 = ADVANCED_FACE ( 'NONE', ( #7690 ), #4201, .F. ) ;
#11103 = EDGE_CURVE ( 'NONE', #2285, #474, #1449, .T. ) ;
#11104 = ORIENTED_EDGE ( 'NONE', *, *, #4356, .T. ) ;
#11105 = EDGE_CURVE ( 'NONE', #1561, #1126, #5420, .T. ) ;
#11106 = DIRECTION ( 'NONE',  ( -1.000000000000000000, -1.776356839400250465E-15, 0.000000000000000000 ) ) ;
#11107 = CARTESIAN_POINT ( 'NONE',  ( 0.1333516548917229039, -0.02165354330708499017, -0.3213727545570959632 ) ) ;
#11108 = LINE ( 'NONE', #5059, #1702 ) ;
#11109 = LINE ( 'NONE', #9417, #2697 ) ;
#11110 = FACE_OUTER_BOUND ( 'NONE', #9723, .T. ) ;
#11111 = ORIENTED_EDGE ( 'NONE', *, *, #7965, .F. ) ;
#11112 = AXIS2_PLACEMENT_3D ( 'NONE', #2310, #5923, #3079 ) ;
#11113 = ORIENTED_EDGE ( 'NONE', *, *, #10389, .T. ) ;
#11114 = ORIENTED_EDGE ( 'NONE', *, *, #675, .T. ) ;
#11115 = EDGE_CURVE ( 'NONE', #5552, #5973, #8556, .T. ) ;
#11116 = DIRECTION ( 'NONE',  ( 0.000000000000000000, 0.000000000000000000, -1.000000000000000000 ) ) ;
#11117 = AXIS2_PLACEMENT_3D ( 'NONE', #5139, #6656, #5952 ) ;
#11118 = LINE ( 'NONE', #8488, #1614 ) ;
#11119 = CARTESIAN_POINT ( 'NONE',  ( -0.05118110236220473064, 0.000000000000000000, -0.3425196850393611991 ) ) ;
#11120 = CARTESIAN_POINT ( 'NONE',  ( -0.01377952755905511965, 0.07480314960631516408, -0.2027559055118110243 ) ) ;
#11121 = VECTOR ( 'NONE', #1430, 39.37007874015748143 ) ;
#11122 = DIRECTION ( 'NONE',  ( 0.000000000000000000, 1.000000000000000000, -2.168404344971010446E-15 ) ) ;
#11123 = LINE ( 'NONE', #8552, #4139 ) ;
#11124 = DIRECTION ( 'NONE',  ( 5.300543954373577408E-15, 1.000000000000000000, 0.000000000000000000 ) ) ;
#11125 = DIRECTION ( 'NONE',  ( -1.000000000000000000, 0.000000000000000000, 0.000000000000000000 ) ) ;
#11126 = CARTESIAN_POINT ( 'NONE',  ( -0.003937007873542692354, 0.02657480314630532997, -0.3307086614173109229 ) ) ;
#11127 = VERTEX_POINT ( 'NONE', #3221 ) ;
#11128 = CARTESIAN_POINT ( 'NONE',  ( -0.1444881680708661187, 0.06417322834645539098, -0.3267716535433070058 ) ) ;
#11129 = ORIENTED_EDGE ( 'NONE', *, *, #10961, .F. ) ;
#11130 = VECTOR ( 'NONE', #9939, 39.37007874015748143 ) ;
#11131 = ADVANCED_FACE ( 'NONE', ( #582 ), #5186, .F. ) ;
#11132 = ORIENTED_EDGE ( 'NONE', *, *, #440, .F. ) ;
#11133 = FACE_OUTER_BOUND ( 'NONE', #6592, .T. ) ;
#11134 = CARTESIAN_POINT ( 'NONE',  ( 0.02796478878080746813, 0.06344525136000736532, -0.1365422638000649835 ) ) ;
#11135 = AXIS2_PLACEMENT_3D ( 'NONE', #1721, #10635, #1772 ) ;
#11136 = CARTESIAN_POINT ( 'NONE',  ( 0.1087837973041753808, -0.07086614173228604485, -0.2396863077461718061 ) ) ;
#11137 = LINE ( 'NONE', #10276, #9694 ) ;
#11138 = CARTESIAN_POINT ( 'NONE',  ( 0.06066790595661417096, -0.04464043375984251549, -0.1993169843936614394 ) ) ;
#11139 = ORIENTED_EDGE ( 'NONE', *, *, #9722, .F. ) ;
#11140 = EDGE_LOOP ( 'NONE', ( #7254, #1374, #6712, #9918 ) ) ;
#11141 = ORIENTED_EDGE ( 'NONE', *, *, #2869, .T. ) ;
#11142 = LINE ( 'NONE', #6648, #7411 ) ;
#11143 = VECTOR ( 'NONE', #6052, 39.37007874015748143 ) ;
#11144 = ORIENTED_EDGE ( 'NONE', *, *, #8638, .F. ) ;
#11145 = ADVANCED_FACE ( 'NONE', ( #9612 ), #8674, .T. ) ;
#11146 = VECTOR ( 'NONE', #8633, 39.37007874015748143 ) ;
#11147 = CLOSED_SHELL ( 'NONE', ( #1524, #633, #9635, #7839, #953, #5775, #7790, #2543, #7676, #6570, #568, #7135, #6482, #4175, #4000, #787, #9676, #4574, #9510, #127, #241, #10478, #3010, #5539, #4239, #1208, #4891, #638, #3455, #7328, #8197, #10735, #10847, #6184, #2133, #3899, #907, #7574, #1917, #3694, #7556, #1339, #8966, #1194, #10940, #69, #5308, #5868, #1235, #1769, #425, #9184, #8617, #162, #10997, #2242, #6538, #2050, #7529, #7430, #1460, #6979, #8718, #2914, #7288, #8562, #10688, #5665, #8495, #7329, #2502, #7641, #2722, #147, #8924, #9960, #6402, #402, #10890, #10324, #4195, #4547, #7388, #1135, #3512, #2463, #8515, #6778, #1663, #8912, #10090, #1706, #841, #3091, #7474, #3847, #11408, #5856, #879, #230, #6978, #7499, #7180, #1953, #2331, #3015, #10168, #3570, #10900, #1249, #7642 ) ) ;
#11148 = ORIENTED_EDGE ( 'NONE', *, *, #5712, .F. ) ;
#11149 = LINE ( 'NONE', #5964, #1963 ) ;
#11150 = CARTESIAN_POINT ( 'NONE',  ( 0.1240157480314981742, -0.08740157480315353944, -0.3661417322834646382 ) ) ;
#11151 = LINE ( 'NONE', #4109, #372 ) ;
#11152 = CIRCLE ( 'NONE', #1474, 0.01771653544619684537 ) ;
#11153 = CARTESIAN_POINT ( 'NONE',  ( -0.1499999999999999944, 0.01377952755905512312, -0.06338582677165353896 ) ) ;
#11154 = DIRECTION ( 'NONE',  ( 0.000000000000000000, 0.000000000000000000, 1.000000000000000000 ) ) ;
#11155 = CARTESIAN_POINT ( 'NONE',  ( 0.01982214765577558838, -0.1028486732515747903, -0.3208661417487008172 ) ) ;
#11156 = ORIENTED_EDGE ( 'NONE', *, *, #9961, .T. ) ;
#11157 = DIRECTION ( 'NONE',  ( 0.9998476951573034288, 5.420185217247711532E-16, 0.01745240638502557062 ) ) ;
#11158 = VECTOR ( 'NONE', #11444, 39.37007874015748143 ) ;
#11159 = CIRCLE ( 'NONE', #1107, 0.01181102362204722485 ) ;
#11160 = ORIENTED_EDGE ( 'NONE', *, *, #10627, .T. ) ;
#11161 = EDGE_LOOP ( 'NONE', ( #8170, #2209, #10662, #6613 ) ) ;
#11162 = ORIENTED_EDGE ( 'NONE', *, *, #8247, .T. ) ;
#11163 = VERTEX_POINT ( 'NONE', #7803 ) ;
#11164 = ORIENTED_EDGE ( 'NONE', *, *, #7897, .T. ) ;
#11165 = VECTOR ( 'NONE', #8375, 39.37007874015748143 ) ;
#11166 = FACE_OUTER_BOUND ( 'NONE', #5396, .T. ) ;
#11167 = DIRECTION ( 'NONE',  ( 0.000000000000000000, 0.000000000000000000, -1.000000000000000000 ) ) ;
#11168 = DIRECTION ( 'NONE',  ( 0.000000000000000000, 1.000000000000000000, 0.000000000000000000 ) ) ;
#11169 = CARTESIAN_POINT ( 'NONE',  ( 0.1101740110579362136, 0.08858267716546691650, -0.1998757945317588824 ) ) ;
#11170 = CARTESIAN_POINT ( 'NONE',  ( -0.1415907140432874356, -0.01850393700787401896, -0.3228346456692801070 ) ) ;
#11171 = ORIENTED_EDGE ( 'NONE', *, *, #2858, .F. ) ;
#11172 = ORIENTED_EDGE ( 'NONE', *, *, #9067, .T. ) ;
#11173 = ADVANCED_FACE ( 'NONE', ( #6756 ), #5881, .T. ) ;
#11174 = AXIS2_PLACEMENT_3D ( 'NONE', #5104, #782, #9698 ) ;
#11175 = EDGE_CURVE ( 'NONE', #6030, #4248, #3000, .T. ) ;
#11176 = AXIS2_PLACEMENT_3D ( 'NONE', #8583, #9582, #1716 ) ;
#11177 = EDGE_CURVE ( 'NONE', #507, #7426, #9141, .T. ) ;
#11178 = AXIS2_PLACEMENT_3D ( 'NONE', #4551, #2093, #1211 ) ;
#11179 = VERTEX_POINT ( 'NONE', #6113 ) ;
#11180 = DIRECTION ( 'NONE',  ( 1.000000000000000000, 0.000000000000000000, 0.000000000000000000 ) ) ;
#11181 = CARTESIAN_POINT ( 'NONE',  ( -0.08562992125984253411, 0.06496062992125985203, -0.05984251968503939006 ) ) ;
#11182 = LINE ( 'NONE', #11479, #1696 ) ;
#11183 = VECTOR ( 'NONE', #513, 39.37007874015748143 ) ;
#11184 = VECTOR ( 'NONE', #10005, 39.37007874015748143 ) ;
#11185 = CARTESIAN_POINT ( 'NONE',  ( 0.1929133858245669908, -0.1015653968110210165, -0.2952755905690748195 ) ) ;
#11186 = DIRECTION ( 'NONE',  ( 1.000000000000000000, 0.000000000000000000, 0.000000000000000000 ) ) ;
#11187 = LINE ( 'NONE', #4897, #594 ) ;
#11188 = DIRECTION ( 'NONE',  ( -1.000000000000000000, 0.000000000000000000, 0.000000000000000000 ) ) ;
#11189 = CARTESIAN_POINT ( 'NONE',  ( -0.1850393700787401619, -0.1015748031496182119, -0.1574803149606299191 ) ) ;
#11190 = DIRECTION ( 'NONE',  ( 0.7071067811865453523, 0.000000000000000000, 0.7071067811865496822 ) ) ;
#11191 = ORIENTED_EDGE ( 'NONE', *, *, #2857, .F. ) ;
#11192 = EDGE_CURVE ( 'NONE', #4061, #5049, #11365, .T. ) ;
#11193 = CARTESIAN_POINT ( 'NONE',  ( 0.1082677165354330867, -0.03740157480314960925, -0.3661417322834646382 ) ) ;
#11194 = AXIS2_PLACEMENT_3D ( 'NONE', #9179, #3890, #10115 ) ;
#11195 = ORIENTED_EDGE ( 'NONE', *, *, #6056, .F. ) ;
#11196 = CIRCLE ( 'NONE', #8579, 0.01430796269399737218 ) ;
#11197 = VECTOR ( 'NONE', #8110, 39.37007874015748854 ) ;
#11198 = ORIENTED_EDGE ( 'NONE', *, *, #9757, .T. ) ;
#11199 = FACE_OUTER_BOUND ( 'NONE', #7652, .T. ) ;
#11200 = DIRECTION ( 'NONE',  ( 0.000000000000000000, 0.000000000000000000, -1.000000000000000000 ) ) ;
#11201 = CARTESIAN_POINT ( 'NONE',  ( 0.04912664072243713709, 0.06205832746526528110, -0.1919932947043389848 ) ) ;
#11202 = VECTOR ( 'NONE', #1165, 39.37007874015748854 ) ;
#11203 = CARTESIAN_POINT ( 'NONE',  ( 0.09448818897637435710, 0.1102362204724446487, -0.2724409449271654182 ) ) ;
#11204 = ORIENTED_EDGE ( 'NONE', *, *, #4499, .F. ) ;
#11205 = ORIENTED_EDGE ( 'NONE', *, *, #6536, .F. ) ;
#11206 = EDGE_CURVE ( 'NONE', #9690, #4824, #693, .T. ) ;
#11207 = VERTEX_POINT ( 'NONE', #3395 ) ;
#11208 = LINE ( 'NONE', #6947, #539 ) ;
#11209 = ORIENTED_EDGE ( 'NONE', *, *, #8575, .T. ) ;
#11210 = VERTEX_POINT ( 'NONE', #9671 ) ;
#11211 = FACE_OUTER_BOUND ( 'NONE', #8187, .T. ) ;
#11212 = DIRECTION ( 'NONE',  ( 0.000000000000000000, 1.000000000000000000, 0.000000000000000000 ) ) ;
#11213 = LINE ( 'NONE', #10398, #3752 ) ;
#11214 = DIRECTION ( 'NONE',  ( 0.000000000000000000, 0.000000000000000000, -1.000000000000000000 ) ) ;
#11215 = CARTESIAN_POINT ( 'NONE',  ( 0.1103276284736281754, 0.08464566929133858497, -0.1954767673093158187 ) ) ;
#11216 = CARTESIAN_POINT ( 'NONE',  ( 0.1016452866323425269, 0.08661417322833965537, -0.2748916943525787637 ) ) ;
#11217 = DIRECTION ( 'NONE',  ( 0.000000000000000000, 1.000000000000000000, 0.000000000000000000 ) ) ;
#11218 = ORIENTED_EDGE ( 'NONE', *, *, #10206, .T. ) ;
#11219 = CARTESIAN_POINT ( 'NONE',  ( -0.1602361995669307759, -0.1015748031496062770, -0.3149606299212598381 ) ) ;
#11220 = ADVANCED_FACE ( 'NONE', ( #8796 ), #5078, .F. ) ;
#11221 = ADVANCED_FACE ( 'NONE', ( #1570 ), #10441, .F. ) ;
#11222 = VERTEX_POINT ( 'NONE', #6553 ) ;
#11223 = ORIENTED_EDGE ( 'NONE', *, *, #8845, .T. ) ;
#11224 = EDGE_LOOP ( 'NONE', ( #6446, #8107 ) ) ;
#11225 = EDGE_LOOP ( 'NONE', ( #9110, #6637, #11129, #3978 ) ) ;
#11226 = CARTESIAN_POINT ( 'NONE',  ( 0.07206105227404828450, -0.04410948881935344845, -0.2186927553587929007 ) ) ;
#11227 = DIRECTION ( 'NONE',  ( 1.000000000000000000, 0.000000000000000000, 0.000000000000000000 ) ) ;
#11228 = DIRECTION ( 'NONE',  ( 0.01745240638502377345, 0.000000000000000000, -0.9998476951573035398 ) ) ;
#11229 = CARTESIAN_POINT ( 'NONE',  ( 0.09384092763972441686, -0.09907245818704721319, -0.1948818897637795422 ) ) ;
#11230 = FACE_BOUND ( 'NONE', #9834, .T. ) ;
#11231 = VERTEX_POINT ( 'NONE', #4758 ) ;
#11232 = ORIENTED_EDGE ( 'NONE', *, *, #59, .F. ) ;
#11233 = ORIENTED_EDGE ( 'NONE', *, *, #7304, .T. ) ;
#11234 = LINE ( 'NONE', #4892, #10974 ) ;
#11235 = EDGE_CURVE ( 'NONE', #179, #11100, #2447, .T. ) ;
#11236 = EDGE_CURVE ( 'NONE', #8080, #4816, #1144, .T. ) ;
#11237 = LINE ( 'NONE', #7735, #497 ) ;
#11238 = DIRECTION ( 'NONE',  ( 0.01745240646098126722, 1.451690037463481776E-15, -0.9998476951559776005 ) ) ;
#11239 = EDGE_CURVE ( 'NONE', #4955, #5661, #5785, .T. ) ;
#11240 = CARTESIAN_POINT ( 'NONE',  ( -0.05118110236220473064, 0.000000000000000000, -0.01968503937008575164 ) ) ;
#11241 = DIRECTION ( 'NONE',  ( 0.000000000000000000, 1.000000000000000000, 0.000000000000000000 ) ) ;
#11242 = CARTESIAN_POINT ( 'NONE',  ( 0.1033003499268017877, 0.07874015748031495954, -0.05828206942934050644 ) ) ;
#11243 = CARTESIAN_POINT ( 'NONE',  ( -0.07874015748031495954, 0.1102362204724554734, -0.2480314960629921017 ) ) ;
#11244 = CARTESIAN_POINT ( 'NONE',  ( 0.02167235326551181229, -0.08267716535433072833, -0.3090551181266535385 ) ) ;
#11245 = DIRECTION ( 'NONE',  ( 0.5658812418296289559, 0.000000000000000000, 0.8244867616556112999 ) ) ;
#11246 = ORIENTED_EDGE ( 'NONE', *, *, #4626, .F. ) ;
#11247 = DIRECTION ( 'NONE',  ( 0.03489949675390680711, 0.000000000000000000, 0.9993908270173006425 ) ) ;
#11248 = ORIENTED_EDGE ( 'NONE', *, *, #7108, .T. ) ;
#11249 = ADVANCED_FACE ( 'NONE', ( #10992 ), #6379, .F. ) ;
#11250 = EDGE_CURVE ( 'NONE', #4742, #2732, #8188, .T. ) ;
#11251 = VERTEX_POINT ( 'NONE', #8297 ) ;
#11252 = AXIS2_PLACEMENT_3D ( 'NONE', #9713, #1731, #5282 ) ;
#11253 = CARTESIAN_POINT ( 'NONE',  ( -0.1581275762972834953, 0.01377952755905511965, -0.09001734007681101712 ) ) ;
#11254 = CARTESIAN_POINT ( 'NONE',  ( 0.1105649902234252108, 0.08661417322834646937, -0.2028756527254723940 ) ) ;
#11255 = ADVANCED_FACE ( 'NONE', ( #3717 ), #4585, .F. ) ;
#11256 = AXIS2_PLACEMENT_3D ( 'NONE', #5117, #2550, #4469 ) ;
#11257 = CARTESIAN_POINT ( 'NONE',  ( 0.1732283464544882301, -0.08975437318898164818, -0.3149606299376771501 ) ) ;
#11258 = DIRECTION ( 'NONE',  ( 0.000000000000000000, -1.000000000000000000, 0.000000000000000000 ) ) ;
#11259 = EDGE_LOOP ( 'NONE', ( #5035, #9104, #9062, #1060 ) ) ;
#11260 = ORIENTED_EDGE ( 'NONE', *, *, #9908, .F. ) ;
#11261 = ORIENTED_EDGE ( 'NONE', *, *, #8322, .T. ) ;
#11262 = LINE ( 'NONE', #4100, #3718 ) ;
#11263 = ORIENTED_EDGE ( 'NONE', *, *, #1350, .F. ) ;
#11264 = EDGE_CURVE ( 'NONE', #9538, #769, #7200, .T. ) ;
#11265 = ORIENTED_EDGE ( 'NONE', *, *, #10173, .F. ) ;
#11266 = CARTESIAN_POINT ( 'NONE',  ( 0.1013779527559055121, -0.07165354330707163211, -0.1948818897637795422 ) ) ;
#11267 = CARTESIAN_POINT ( 'NONE',  ( -0.05118110236220473758, 0.02755905510258891203, -0.3582677165204326553 ) ) ;
#11268 = EDGE_CURVE ( 'NONE', #14, #5945, #8954, .T. ) ;
#11269 = CARTESIAN_POINT ( 'NONE',  ( -0.003937007874015747977, -0.02000520244092560823, -0.3366141732283464694 ) ) ;
#11270 = CARTESIAN_POINT ( 'NONE',  ( -0.1935669295519685251, -0.1015748031496063186, -0.3512598425196851171 ) ) ;
#11271 = CARTESIAN_POINT ( 'NONE',  ( 0.06818454121417322211, 0.05118110236220473064, -0.3349856681125590319 ) ) ;
#11272 = DIRECTION ( 'NONE',  ( -1.000000000000000000, -0.000000000000000000, -0.000000000000000000 ) ) ;
#11273 = LINE ( 'NONE', #9639, #339 ) ;
#11274 = VERTEX_POINT ( 'NONE', #5569 ) ;
#11275 = DIRECTION ( 'NONE',  ( 0.000000000000000000, 0.000000000000000000, 1.000000000000000000 ) ) ;
#11276 = VERTEX_POINT ( 'NONE', #6493 ) ;
#11277 = VECTOR ( 'NONE', #7306, 39.37007874015748143 ) ;
#11278 = CARTESIAN_POINT ( 'NONE',  ( -0.1850393700787401619, -0.08976377952754754919, -0.1614173228346456601 ) ) ;
#11279 = ORIENTED_EDGE ( 'NONE', *, *, #6680, .F. ) ;
#11280 = ADVANCED_FACE ( 'NONE', ( #10817 ), #2951, .F. ) ;
#11281 = EDGE_LOOP ( 'NONE', ( #8687, #8675, #5607, #6318 ) ) ;
#11282 = EDGE_CURVE ( 'NONE', #1419, #7705, #6435, .T. ) ;
#11283 = DIRECTION ( 'NONE',  ( 0.9998476951573035398, 5.420185217247715476E-16, 0.01745240638502557409 ) ) ;
#11284 = DIRECTION ( 'NONE',  ( -0.6018150240165042186, 4.613046321479562043E-11, -0.7986355093958784623 ) ) ;
#11285 = DIRECTION ( 'NONE',  ( -0.000000000000000000, -1.000000000000000000, -0.000000000000000000 ) ) ;
#11286 = FACE_OUTER_BOUND ( 'NONE', #2474, .T. ) ;
#11287 = LINE ( 'NONE', #8600, #1630 ) ;
#11288 = ORIENTED_EDGE ( 'NONE', *, *, #6773, .F. ) ;
#11289 = ORIENTED_EDGE ( 'NONE', *, *, #1770, .F. ) ;
#11290 = VECTOR ( 'NONE', #4550, 39.37007874015748143 ) ;
#11291 = ORIENTED_EDGE ( 'NONE', *, *, #1505, .F. ) ;
#11292 = EDGE_CURVE ( 'NONE', #5445, #3224, #7255, .T. ) ;
#11293 = DIRECTION ( 'NONE',  ( 0.000000000000000000, 0.000000000000000000, -1.000000000000000000 ) ) ;
#11294 = CARTESIAN_POINT ( 'NONE',  ( -0.1268822167086223751, -0.01850393700787401549, -0.3425196850393759651 ) ) ;
#11295 = CARTESIAN_POINT ( 'NONE',  ( 0.1732283464544882301, -0.1015653968110138694, -0.3149606299376771501 ) ) ;
#11296 = AXIS2_PLACEMENT_3D ( 'NONE', #1697, #8801, #7046 ) ;
#11297 = CARTESIAN_POINT ( 'NONE',  ( -0.1929133858267716994, -0.1015748031496183368, -0.1377952755905511584 ) ) ;
#11298 = CARTESIAN_POINT ( 'NONE',  ( -0.1562992113779527736, -0.01082677165354330173, -0.1692913385826771144 ) ) ;
#11299 = CARTESIAN_POINT ( 'NONE',  ( 0.07271494836417495555, -0.03543307086614080892, -0.2561544377691916674 ) ) ;
#11300 = DIRECTION ( 'NONE',  ( 1.000000000000000000, 0.000000000000000000, 0.000000000000000000 ) ) ;
#11301 = CARTESIAN_POINT ( 'NONE',  ( 0.09449759350173229933, -0.06948348579724410168, -0.3208661417487008172 ) ) ;
#11302 = CARTESIAN_POINT ( 'NONE',  ( 0.1112732078039059963, -0.07283464566970553056, -0.1683989180851191703 ) ) ;
#11303 = EDGE_LOOP ( 'NONE', ( #8131, #1036 ) ) ;
#11304 = LINE ( 'NONE', #8620, #7807 ) ;
#11305 = AXIS2_PLACEMENT_3D ( 'NONE', #8597, #8538, #4126 ) ;
#11306 = VECTOR ( 'NONE', #10698, 39.37007874015748143 ) ;
#11307 = VERTEX_POINT ( 'NONE', #8244 ) ;
#11308 = PLANE ( 'NONE',  #6611 ) ;
#11309 = CARTESIAN_POINT ( 'NONE',  ( 0.02573372578236978944, 0.06330510510310294325, -0.1417983187191639294 ) ) ;
#11310 = CARTESIAN_POINT ( 'NONE',  ( -0.1562992113779587133, -0.06968503937007874960, -0.3228346456692857691 ) ) ;
#11311 = CARTESIAN_POINT ( 'NONE',  ( 0.1929133858245669908, -0.08975437318897884487, -0.3385826771852165074 ) ) ;
#11312 = DIRECTION ( 'NONE',  ( -0.9993908270173007535, 0.000000000000000000, 0.03489949675390545403 ) ) ;
#11313 = ORIENTED_EDGE ( 'NONE', *, *, #6626, .T. ) ;
#11314 = ORIENTED_EDGE ( 'NONE', *, *, #7119, .T. ) ;
#11315 = ORIENTED_EDGE ( 'NONE', *, *, #5517, .F. ) ;
#11316 = VECTOR ( 'NONE', #4244, 39.37007874015748143 ) ;
#11317 = EDGE_CURVE ( 'NONE', #6883, #9303, #968, .T. ) ;
#11318 = EDGE_CURVE ( 'NONE', #626, #10691, #7651, .T. ) ;
#11319 = ADVANCED_FACE ( 'NONE', ( #3012 ), #2127, .F. ) ;
#11320 = CARTESIAN_POINT ( 'NONE',  ( -0.1929133858267716994, -0.08927275512700789950, -0.1132283464566928993 ) ) ;
#11321 = ORIENTED_EDGE ( 'NONE', *, *, #4373, .F. ) ;
#11322 = AXIS2_PLACEMENT_3D ( 'NONE', #10782, #2806, #4896 ) ;
#11323 = ORIENTED_EDGE ( 'NONE', *, *, #5505, .T. ) ;
#11324 = CARTESIAN_POINT ( 'NONE',  ( 0.06557582766818426112, -0.04935686498625584118, -0.04793620903490261598 ) ) ;
#11325 = DIRECTION ( 'NONE',  ( 0.000000000000000000, 0.000000000000000000, 1.000000000000000000 ) ) ;
#11326 = DIRECTION ( 'NONE',  ( 0.000000000000000000, 0.000000000000000000, 1.000000000000000000 ) ) ;
#11327 = CARTESIAN_POINT ( 'NONE',  ( -0.07362204602362204531, 0.06417322834645669549, -0.3307086614173168626 ) ) ;
#11328 = CARTESIAN_POINT ( 'NONE',  ( -0.07874015748031495954, 0.1102362204724554734, -0.2874015748031495954 ) ) ;
#11329 = CARTESIAN_POINT ( 'NONE',  ( -0.1562992113779527736, 0.06417322834645669549, -0.07677165354330792169 ) ) ;
#11330 = CARTESIAN_POINT ( 'NONE',  ( 0.1141826328789503214, -0.09959689287401572722, -0.3208659565233080713 ) ) ;
#11331 = VERTEX_POINT ( 'NONE', #5684 ) ;
#11332 = VECTOR ( 'NONE', #7454, 39.37007874015748143 ) ;
#11333 = VERTEX_POINT ( 'NONE', #210 ) ;
#11334 = ADVANCED_FACE ( 'NONE', ( #9942 ), #1959, .T. ) ;
#11335 = CARTESIAN_POINT ( 'NONE',  ( 0.08127696446629920080, -0.05905511811023622659, -0.3661417322998818391 ) ) ;
#11336 = VECTOR ( 'NONE', #3518, 39.37007874015748143 ) ;
#11337 = AXIS2_PLACEMENT_3D ( 'NONE', #8159, #1110, #8272 ) ;
#11338 = ORIENTED_EDGE ( 'NONE', *, *, #7222, .T. ) ;
#11339 = EDGE_LOOP ( 'NONE', ( #44, #1289, #564, #11462 ) ) ;
#11340 = VECTOR ( 'NONE', #9498, 39.37007874015748143 ) ;
#11341 = CARTESIAN_POINT ( 'NONE',  ( 0.03366141732283464694, 0.1109448818897637717, -0.3564015748031497122 ) ) ;
#11342 = CARTESIAN_POINT ( 'NONE',  ( 0.06021126547830707443, -0.04621890556921259829, -0.2165750891894488439 ) ) ;
#11343 = AXIS2_PLACEMENT_3D ( 'NONE', #4522, #5226, #5387 ) ;
#11344 = DIRECTION ( 'NONE',  ( -0.7071067811865470176, -0.000000000000000000, -0.7071067811865479058 ) ) ;
#11345 = AXIS2_PLACEMENT_3D ( 'NONE', #7981, #5189, #759 ) ;
#11346 = DIRECTION ( 'NONE',  ( 0.000000000000000000, 1.000000000000000000, 0.000000000000000000 ) ) ;
#11347 = CARTESIAN_POINT ( 'NONE',  ( 0.03366141732283463306, 0.1102362204724409434, -0.1830708661417323191 ) ) ;
#11348 = VERTEX_POINT ( 'NONE', #5912 ) ;
#11349 = ORIENTED_EDGE ( 'NONE', *, *, #2069, .F. ) ;
#11350 = EDGE_CURVE ( 'NONE', #150, #10979, #10293, .T. ) ;
#11351 = ORIENTED_EDGE ( 'NONE', *, *, #5223, .F. ) ;
#11352 = ORIENTED_EDGE ( 'NONE', *, *, #6857, .T. ) ;
#11353 = AXIS2_PLACEMENT_3D ( 'NONE', #8694, #5965, #3291 ) ;
#11354 = CIRCLE ( 'NONE', #7445, 0.009842519685039378616 ) ;
#11355 = DIRECTION ( 'NONE',  ( 0.01745240638502193464, 0.000000000000000000, -0.9998476951573035398 ) ) ;
#11356 = DIRECTION ( 'NONE',  ( 0.000000000000000000, 0.000000000000000000, -1.000000000000000000 ) ) ;
#11357 = CARTESIAN_POINT ( 'NONE',  ( 0.1555118111917335455, 0.02952755905511810289, -0.3111619278784887865 ) ) ;
#11358 = CARTESIAN_POINT ( 'NONE',  ( 0.1082677165354330728, 0.08740157485826768879, -0.1929133858267716994 ) ) ;
#11359 = FACE_OUTER_BOUND ( 'NONE', #4687, .T. ) ;
#11360 = PLANE ( 'NONE',  #5541 ) ;
#11361 = AXIS2_PLACEMENT_3D ( 'NONE', #10520, #10633, #4287 ) ;
#11362 = DIRECTION ( 'NONE',  ( 1.790099040559382896E-11, -0.9701425001452287367, 0.2425356250367458333 ) ) ;
#11363 = CIRCLE ( 'NONE', #6148, 0.005905511811000759177 ) ;
#11364 = DIRECTION ( 'NONE',  ( 0.000000000000000000, -1.000000000000000000, 0.000000000000000000 ) ) ;
#11365 = LINE ( 'NONE', #10550, #395 ) ;
#11366 = VECTOR ( 'NONE', #3408, 39.37007874015748143 ) ;
#11367 = ORIENTED_EDGE ( 'NONE', *, *, #744, .T. ) ;
#11368 = EDGE_CURVE ( 'NONE', #2174, #1405, #10407, .T. ) ;
#11369 = FACE_OUTER_BOUND ( 'NONE', #1583, .T. ) ;
#11370 = AXIS2_PLACEMENT_3D ( 'NONE', #5089, #11312, #2746 ) ;
#11371 = CIRCLE ( 'NONE', #3751, 0.007874015748031584425 ) ;
#11372 = VECTOR ( 'NONE', #2082, 39.37007874015748143 ) ;
#11373 = CARTESIAN_POINT ( 'NONE',  ( -0.02938766177863743473, -2.329806304657945101E-14, -0.3582677165565661959 ) ) ;
#11374 = DIRECTION ( 'NONE',  ( 0.000000000000000000, -1.000000000000000000, 0.000000000000000000 ) ) ;
#11375 = DIRECTION ( 'NONE',  ( 0.000000000000000000, 0.000000000000000000, 1.000000000000000000 ) ) ;
#11376 = FACE_OUTER_BOUND ( 'NONE', #10536, .T. ) ;
#11377 =( CONVERSION_BASED_UNIT ( 'INCH', #5260 ) LENGTH_UNIT ( ) NAMED_UNIT ( #5624 ) );
#11378 = VECTOR ( 'NONE', #5738, 39.37007874015748143 ) ;
#11379 = VERTEX_POINT ( 'NONE', #10346 ) ;
#11380 = CIRCLE ( 'NONE', #6344, 0.01968503937007873988 ) ;
#11381 = EDGE_LOOP ( 'NONE', ( #10582, #8982, #598, #9836, #10207, #8783 ) ) ;
#11382 = VECTOR ( 'NONE', #8399, 39.37007874015748143 ) ;
#11383 = ORIENTED_EDGE ( 'NONE', *, *, #6267, .F. ) ;
#11384 = CARTESIAN_POINT ( 'NONE',  ( 0.02755905511811024625, 0.08897637795273956318, -0.2795275590551181133 ) ) ;
#11385 = ORIENTED_EDGE ( 'NONE', *, *, #8868, .T. ) ;
#11386 = EDGE_CURVE ( 'NONE', #940, #4587, #7488, .T. ) ;
#11387 = EDGE_LOOP ( 'NONE', ( #26, #10244, #8786, #10596, #5496 ) ) ;
#11388 = CARTESIAN_POINT ( 'NONE',  ( 0.02755905511811024625, 0.08897637795273956318, -0.3216535433070866201 ) ) ;
#11389 = COLOUR_RGB ( '',0.7921568627450980005, 0.8196078431372548767, 0.9333333333333333481 ) ;
#11390 = DIRECTION ( 'NONE',  ( 0.9993908270173006425, 0.000000000000000000, -0.03489949675390738304 ) ) ;
#11391 = VECTOR ( 'NONE', #635, 39.37007874015748143 ) ;
#11392 = DIRECTION ( 'NONE',  ( 1.000000000000000000, 0.000000000000000000, 0.000000000000000000 ) ) ;
#11393 = CARTESIAN_POINT ( 'NONE',  ( -0.003937007874015758385, 0.000000000000000000, -0.2795275590551348222 ) ) ;
#11394 = ADVANCED_FACE ( 'NONE', ( #1247 ), #4874, .T. ) ;
#11395 = EDGE_CURVE ( 'NONE', #5686, #9624, #3384, .T. ) ;
#11396 = CARTESIAN_POINT ( 'NONE',  ( 0.02252873656375934883, -0.04675624385807496813, -0.1342347965423253686 ) ) ;
#11397 = DIRECTION ( 'NONE',  ( 0.000000000000000000, 0.000000000000000000, -1.000000000000000000 ) ) ;
#11398 = DIRECTION ( 'NONE',  ( 0.000000000000000000, 0.000000000000000000, -1.000000000000000000 ) ) ;
#11399 = VERTEX_POINT ( 'NONE', #2356 ) ;
#11400 = EDGE_LOOP ( 'NONE', ( #10744, #6889, #10713, #9088 ) ) ;
#11401 = ORIENTED_EDGE ( 'NONE', *, *, #8310, .F. ) ;
#11402 = CARTESIAN_POINT ( 'NONE',  ( -0.1006575217472334416, -0.05198879633589092303, -0.3307086614173170291 ) ) ;
#11403 = ORIENTED_EDGE ( 'NONE', *, *, #10716, .F. ) ;
#11404 = ORIENTED_EDGE ( 'NONE', *, *, #9618, .F. ) ;
#11405 = VECTOR ( 'NONE', #2006, 39.37007874015748143 ) ;
#11406 = DIRECTION ( 'NONE',  ( 0.000000000000000000, 1.000000000000000000, 0.000000000000000000 ) ) ;
#11407 = DIRECTION ( 'NONE',  ( 0.000000000000000000, 1.000000000000000000, 0.000000000000000000 ) ) ;
#11408 = ADVANCED_FACE ( 'NONE', ( #2299 ), #5853, .T. ) ;
#11409 = CYLINDRICAL_SURFACE ( 'NONE', #4682, 0.007874015746530824839 ) ;
#11410 = CARTESIAN_POINT ( 'NONE',  ( 0.06999670409382723058, 0.02362204724409449133, -0.3034531759799699580 ) ) ;
#11411 = CARTESIAN_POINT ( 'NONE',  ( -0.1562992113779529402, -0.01850393700787401896, -0.3326771653543306728 ) ) ;
#11412 = ORIENTED_EDGE ( 'NONE', *, *, #6928, .T. ) ;
#11413 = ORIENTED_EDGE ( 'NONE', *, *, #9574, .T. ) ;
#11414 = VERTEX_POINT ( 'NONE', #7663 ) ;
#11415 = B_SPLINE_CURVE_WITH_KNOTS ( 'NONE', 3,
 ( #10466, #6020, #1471, #4049, #10286, #9580 ),
 .UNSPECIFIED., .F., .F.,
 ( 4, 2, 4 ),
 ( 0.000000000000000000, 0.5000000000000000000, 1.000000000000000000 ),
 .UNSPECIFIED. ) ;
#11416 = B_SPLINE_CURVE_WITH_KNOTS ( 'NONE', 3,
 ( #6504, #8254, #4593, #4713, #4765, #5581, #9188, #1967, #3665, #8139 ),
 .UNSPECIFIED., .F., .F.,
 ( 4, 2, 2, 2, 4 ),
 ( 0.000000000000000000, 0.2500000000000000000, 0.5000000000000000000, 0.7500000000000000000, 1.000000000000000000 ),
 .UNSPECIFIED. ) ;
#11417 = ORIENTED_EDGE ( 'NONE', *, *, #999, .T. ) ;
#11418 = EDGE_CURVE ( 'NONE', #2174, #1725, #3188, .T. ) ;
#11419 = CARTESIAN_POINT ( 'NONE',  ( 0.06667662683301182891, -0.04330421444885446114, -0.2485973102368367049 ) ) ;
#11420 = CARTESIAN_POINT ( 'NONE',  ( 0.06025182757978876646, -0.04410948886243428596, -0.2188988861321798651 ) ) ;
#11421 = DIRECTION ( 'NONE',  ( -0.000000000000000000, -1.000000000000000000, -0.000000000000000000 ) ) ;
#11422 = EDGE_CURVE ( 'NONE', #5314, #7631, #11046, .T. ) ;
#11423 = CYLINDRICAL_SURFACE ( 'NONE', #5053, 0.02559055118110236532 ) ;
#11424 = DIRECTION ( 'NONE',  ( -0.000000000000000000, -1.000000000000000000, -0.000000000000000000 ) ) ;
#11425 = LINE ( 'NONE', #10661, #4249 ) ;
#11426 = VERTEX_POINT ( 'NONE', #6843 ) ;
#11427 = DIRECTION ( 'NONE',  ( -7.499498707337432679E-11, 0.000000000000000000, -1.000000000000000000 ) ) ;
#11428 = DIRECTION ( 'NONE',  ( -1.580603956712963705E-09, -1.000000000000000000, -1.509717638293814944E-09 ) ) ;
#11429 = ORIENTED_EDGE ( 'NONE', *, *, #10210, .F. ) ;
#11430 = DIRECTION ( 'NONE',  ( 0.000000000000000000, 0.000000000000000000, 1.000000000000000000 ) ) ;
#11431 = ORIENTED_EDGE ( 'NONE', *, *, #4860, .T. ) ;
#11432 = VECTOR ( 'NONE', #9461, 39.37007874015748143 ) ;
#11433 = EDGE_CURVE ( 'NONE', #10739, #7491, #6786, .T. ) ;
#11434 = CARTESIAN_POINT ( 'NONE',  ( -0.02938766177850444736, -0.04358688116444320998, -0.3582677164769437761 ) ) ;
#11435 = DIRECTION ( 'NONE',  ( 0.000000000000000000, 0.000000000000000000, -1.000000000000000000 ) ) ;
#11436 = ADVANCED_FACE ( 'NONE', ( #4929 ), #3297, .F. ) ;
#11437 = EDGE_CURVE ( 'NONE', #2647, #1987, #43, .T. ) ;
#11438 = CARTESIAN_POINT ( 'NONE',  ( -0.1929133858267717272, -0.09566929133858267931, -0.1614173228346448274 ) ) ;
#11439 = DIRECTION ( 'NONE',  ( 1.000000000000000000, 0.000000000000000000, 0.000000000000000000 ) ) ;
#11440 = FILL_AREA_STYLE ('',( #5199 ) ) ;
#11441 = ORIENTED_EDGE ( 'NONE', *, *, #3823, .T. ) ;
#11442 = ORIENTED_EDGE ( 'NONE', *, *, #8575, .F. ) ;
#11443 = ORIENTED_EDGE ( 'NONE', *, *, #4975, .T. ) ;
#11444 = DIRECTION ( 'NONE',  ( 0.000000000000000000, 1.000000000000000000, 0.000000000000000000 ) ) ;
#11445 = AXIS2_PLACEMENT_3D ( 'NONE', #3304, #2493, #5165 ) ;
#11446 = VERTEX_POINT ( 'NONE', #8588 ) ;
#11447 = DIRECTION ( 'NONE',  ( -0.9994424256289679009, 1.116966746009016994E-08, -0.03338918766434809809 ) ) ;
#11448 = DIRECTION ( 'NONE',  ( 1.000000000000000000, 0.000000000000000000, 0.000000000000000000 ) ) ;
#11449 = EDGE_CURVE ( 'NONE', #9245, #7102, #612, .T. ) ;
#11450 =( LENGTH_UNIT ( ) NAMED_UNIT ( * ) SI_UNIT ( $, .METRE. ) );
#11451 = CARTESIAN_POINT ( 'NONE',  ( 0.03348337688755905622, -0.03937007874015829162, -0.3435039370282283455 ) ) ;
#11452 = SURFACE_STYLE_USAGE ( .BOTH. , #6192 ) ;
#11453 = DIRECTION ( 'NONE',  ( 0.000000000000000000, 1.000000000000000000, 0.000000000000000000 ) ) ;
#11454 = CYLINDRICAL_SURFACE ( 'NONE', #5739, 0.03937007874015747977 ) ;
#11455 = EDGE_LOOP ( 'NONE', ( #7114, #4596, #7353, #5841 ) ) ;
#11456 = ORIENTED_EDGE ( 'NONE', *, *, #2016, .F. ) ;
#11457 = ORIENTED_EDGE ( 'NONE', *, *, #8344, .F. ) ;
#11458 = DIRECTION ( 'NONE',  ( -1.334402673828313043E-15, -0.000000000000000000, -1.000000000000000000 ) ) ;
#11459 = VERTEX_POINT ( 'NONE', #7717 ) ;
#11460 = ORIENTED_EDGE ( 'NONE', *, *, #10003, .T. ) ;
#11461 = DIRECTION ( 'NONE',  ( 0.000000000000000000, 0.000000000000000000, -1.000000000000000000 ) ) ;
#11462 = ORIENTED_EDGE ( 'NONE', *, *, #10146, .T. ) ;
#11463 = CARTESIAN_POINT ( 'NONE',  ( 0.06214250832677085251, 0.05118110236220473064, -0.3272159170086512137 ) ) ;
#11464 = CARTESIAN_POINT ( 'NONE',  ( -0.1929133858267716994, -0.1015748031496180731, -0.2952755905511811330 ) ) ;
#11465 = DIRECTION ( 'NONE',  ( 0.000000000000000000, 1.000000000000000000, 0.000000000000000000 ) ) ;
#11466 = CARTESIAN_POINT ( 'NONE',  ( 0.04037332877574803525, -0.05905511811023622659, -0.3199606299376770990 ) ) ;
#11467 = AXIS2_PLACEMENT_3D ( 'NONE', #8624, #4208, #6877 ) ;
#11468 = DIRECTION ( 'NONE',  ( 0.000000000000000000, -6.512125886093550862E-16, 1.000000000000000000 ) ) ;
#11469 = ORIENTED_EDGE ( 'NONE', *, *, #8746, .T. ) ;
#11470 = ORIENTED_EDGE ( 'NONE', *, *, #9249, .F. ) ;
#11471 = ORIENTED_EDGE ( 'NONE', *, *, #2706, .F. ) ;
#11472 = EDGE_CURVE ( 'NONE', #9590, #9783, #11096, .T. ) ;
#11473 = VERTEX_POINT ( 'NONE', #1307 ) ;
#11474 = EDGE_CURVE ( 'NONE', #3530, #3405, #9233, .T. ) ;
#11475 = EDGE_CURVE ( 'NONE', #2707, #1485, #10227, .T. ) ;
#11476 = EDGE_LOOP ( 'NONE', ( #10393, #875, #2780, #3992, #7580, #5386, #10834, #8386, #121, #1246, #3231, #7603, #4472, #3170 ) ) ;
#11477 = CARTESIAN_POINT ( 'NONE',  ( 0.1574803149606466557, 0.02559055118110236532, -0.1015748031791338796 ) ) ;
#11478 = DIRECTION ( 'NONE',  ( 0.000000000000000000, 0.000000000000000000, 1.000000000000000000 ) ) ;
#11479 = CARTESIAN_POINT ( 'NONE',  ( 0.1092022642596850446, -0.05616280334645668698, -0.05848816881734252016 ) ) ;
#11480 = PLANE ( 'NONE',  #8030 ) ;
#11481 = PLANE ( 'NONE',  #10195 ) ;
#11482 = LINE ( 'NONE', #8726, #514 ) ;
#11483 = ORIENTED_EDGE ( 'NONE', *, *, #4020, .F. ) ;
#11484 = CARTESIAN_POINT ( 'NONE',  ( 0.1437007874014744335, 0.03807545121892520062, -0.08858267716527730429 ) ) ;
#11485 = ORIENTED_EDGE ( 'NONE', *, *, #4174, .T. ) ;
#11486 = DIRECTION ( 'NONE',  ( 1.000000000000000000, 0.000000000000000000, -7.577186451344530466E-11 ) ) ;
#11487 = EDGE_CURVE ( 'NONE', #1347, #3052, #5797, .T. ) ;
#11488 = CARTESIAN_POINT ( 'NONE',  ( -0.03346456691600238620, 7.411760615595038297E-12, -0.3541908114241070216 ) ) ;
#11489 = DIRECTION ( 'NONE',  ( -0.9998476951485962827, 0.000000000000000000, -0.01745240688385214789 ) ) ;
#11490 = DIRECTION ( 'NONE',  ( 0.000000000000000000, 1.000000000000000000, 0.000000000000000000 ) ) ;
#11491 = CARTESIAN_POINT ( 'NONE',  ( 0.07285236889649346348, -0.01968503935491600770, -0.2640272542389219268 ) ) ;
#11492 = ORIENTED_EDGE ( 'NONE', *, *, #10922, .F. ) ;
#11493 = VECTOR ( 'NONE', #11227, 39.37007874015748143 ) ;
#11494 = PRODUCT_DEFINITION ( 'UNKNOWN', '', #3208, #6322 ) ;
#11495 = VERTEX_POINT ( 'NONE', #4056 ) ;
#11496 = EDGE_CURVE ( 'NONE', #8054, #1455, #2657, .T. ) ;
#11497 = DIRECTION ( 'NONE',  ( 0.000000000000000000, 0.000000000000000000, 1.000000000000000000 ) ) ;
#11498 = ORIENTED_EDGE ( 'NONE', *, *, #969, .F. ) ;
#11499 = CARTESIAN_POINT ( 'NONE',  ( 0.02796478878080972674, -0.04675624386553446643, -0.1365422638000596545 ) ) ;
#11500 = LINE ( 'NONE', #882, #361 ) ;
#11501 = VECTOR ( 'NONE', #2067, 39.37007874015748143 ) ;
#11502 = CARTESIAN_POINT ( 'NONE',  ( 0.06632804844830710034, -0.05165385892925197092, -0.04616408794212600170 ) ) ;
#11503 = LINE ( 'NONE', #3293, #1867 ) ;
#11504 = CARTESIAN_POINT ( 'NONE',  ( -68.24215781370718048, 0.000000000000000000, -39.67087371570853094 ) ) ;
#11505 = AXIS2_PLACEMENT_3D ( 'NONE', #5348, #8905, #2511 ) ;
#11506 = CARTESIAN_POINT ( 'NONE',  ( 0.1417322834645507734, 0.02559055118110236532, -0.09763779527559054983 ) ) ;
#11507 = DIRECTION ( 'NONE',  ( -0.5773502694382159905, -0.5773502686906596404, -0.5773502694400016733 ) ) ;
#11508 = ORIENTED_EDGE ( 'NONE', *, *, #7937, .F. ) ;
#11509 = VERTEX_POINT ( 'NONE', #836 ) ;
#11510 = CARTESIAN_POINT ( 'NONE',  ( 0.04135739263559054524, -0.05905511811023622659, -0.3661417322998826718 ) ) ;
#11511 = ORIENTED_EDGE ( 'NONE', *, *, #4483, .T. ) ;
#11512 = EDGE_CURVE ( 'NONE', #10028, #11509, #9642, .T. ) ;
#11513 = LINE ( 'NONE', #6144, #11529 ) ;
#11514 = ORIENTED_EDGE ( 'NONE', *, *, #9235, .T. ) ;
#11515 = AXIS2_PLACEMENT_3D ( 'NONE', #10592, #42, #9769 ) ;
#11516 = ORIENTED_EDGE ( 'NONE', *, *, #8606, .F. ) ;
#11517 = DIRECTION ( 'NONE',  ( 1.000000000000000000, 0.000000000000000000, 2.397279530048384268E-09 ) ) ;
#11518 = LINE ( 'NONE', #6850, #8408 ) ;
#11519 = PLANE ( 'NONE',  #5713 ) ;
#11520 = AXIS2_PLACEMENT_3D ( 'NONE', #9700, #664, #3356 ) ;
#11521 = CYLINDRICAL_SURFACE ( 'NONE', #2639, 0.007874015748031516770 ) ;
#11522 = LINE ( 'NONE', #10651, #7519 ) ;
#11523 = CARTESIAN_POINT ( 'NONE',  ( -0.1929133858267716994, -0.08976377952755906775, -0.2263779527559055538 ) ) ;
#11524 = VERTEX_POINT ( 'NONE', #11510 ) ;
#11525 = ORIENTED_EDGE ( 'NONE', *, *, #9101, .T. ) ;
#11526 = VERTEX_POINT ( 'NONE', #8763 ) ;
#11527 = VERTEX_POINT ( 'NONE', #4405 ) ;
#11528 = VECTOR ( 'NONE', #7566, 39.37007874015748143 ) ;
#11529 = VECTOR ( 'NONE', #6304, 39.37007874015748854 ) ;
#11530 = AXIS2_PLACEMENT_3D ( 'NONE', #2923, #7170, #7226 ) ;
#11531 = FACE_OUTER_BOUND ( 'NONE', #2407, .T. ) ;
#11532 = CARTESIAN_POINT ( 'NONE',  ( 0.1437007874020847231, 0.01536190468503936986, -0.1062992125900714541 ) ) ;
#11533 = CARTESIAN_POINT ( 'NONE',  ( -0.1574803149606298913, 0.005905511811023612424, 0.000000000000000000 ) ) ;
#11534 = EDGE_CURVE ( 'NONE', #8764, #10118, #666, .T. ) ;
#11535 = CARTESIAN_POINT ( 'NONE',  ( 0.02234728367934885745, 0.06275224951699252818, -0.1713891506881917159 ) ) ;
#11536 = PLANE ( 'NONE',  #11505 ) ;
#11537 = EDGE_CURVE ( 'NONE', #4176, #8545, #2596, .T. ) ;
#11538 = ORIENTED_EDGE ( 'NONE', *, *, #10906, .T. ) ;
#11539 = EDGE_CURVE ( 'NONE', #5326, #7881, #7071, .T. ) ;
#11540 = AXIS2_PLACEMENT_3D ( 'NONE', #9252, #8314, #11015 ) ;
#11541 = CARTESIAN_POINT ( 'NONE',  ( 0.1850393700765354532, -0.1015653968110187683, -0.3346456693077559108 ) ) ;
#11542 = VERTEX_POINT ( 'NONE', #4232 ) ;
#11543 = AXIS2_PLACEMENT_3D ( 'NONE', #1239, #306, #10105 ) ;
#11544 = CARTESIAN_POINT ( 'NONE',  ( 0.1452317264424493048, -0.1015653968110181299, -0.2936649964348317376 ) ) ;
#11545 = VECTOR ( 'NONE', #3097, 39.37007874015748143 ) ;
ENDSEC;
END-ISO-10303-21;
