ISO-10303-21;
HEADER;
FILE_DESCRIPTION (( 'STEP AP214' ),
    '1' );
FILE_NAME ('22035025.STEP',
    '2024-02-28T03:08:45',
    ( '' ),
    ( '' ),
    'SwSTEP 2.0',
    'SolidWorks 2021',
    '' );
FILE_SCHEMA (( 'AUTOMOTIVE_DESIGN' ));
ENDSEC;

DATA;
#1 = LINE ( 'NONE', #1897, #1226 ) ;
#2 = VERTEX_POINT ( 'NONE', #2318 ) ;
#3 = LINE ( 'NONE', #1494, #2127 ) ;
#4 = EDGE_CURVE ( 'NONE', #363, #467, #808, .T. ) ;
#5 = DIRECTION ( 'NONE',  ( -0.000000000000000000, 1.000000000000000000, -0.000000000000000000 ) ) ;
#6 = EDGE_LOOP ( 'NONE', ( #957, #47, #552, #2258 ) ) ;
#7 =( LENGTH_UNIT ( ) NAMED_UNIT ( * ) SI_UNIT ( .MILLI., .METRE. ) );
#8 = EDGE_CURVE ( 'NONE', #2181, #638, #36, .T. ) ;
#9 = LINE ( 'NONE', #853, #2338 ) ;
#10 = PRESENTATION_STYLE_ASSIGNMENT (( #1065 ) ) ;
#11 = ORIENTED_EDGE ( 'NONE', *, *, #2405, .T. ) ;
#12 = PRESENTATION_STYLE_ASSIGNMENT (( #1941 ) ) ;
#13 = EDGE_CURVE ( 'NONE', #2023, #2041, #696, .T. ) ;
#14 = ORIENTED_EDGE ( 'NONE', *, *, #1773, .T. ) ;
#15 =( NAMED_UNIT ( * ) PLANE_ANGLE_UNIT ( ) SI_UNIT ( $, .RADIAN. ) );
#16 =( LENGTH_UNIT ( ) NAMED_UNIT ( * ) SI_UNIT ( .MILLI., .METRE. ) );
#17 =( NAMED_UNIT ( * ) PLANE_ANGLE_UNIT ( ) SI_UNIT ( $, .RADIAN. ) );
#18 = MECHANICAL_DESIGN_GEOMETRIC_PRESENTATION_REPRESENTATION (  '', ( #1218 ), #2523 ) ;
#19 = STYLED_ITEM ( 'NONE', ( #2328 ), #2133 ) ;
#20 = COLOUR_RGB ( '',1.000000000000000000, 1.000000000000000000, 1.000000000000000000 ) ;
#21 = LINE ( 'NONE', #669, #389 ) ;
#22 = CYLINDRICAL_SURFACE ( 'NONE', #2121, 0.3500000000000000333 ) ;
#23 = TOROIDAL_SURFACE ( 'NONE', #1953, 0.1500000000000000500, 0.2000000000000000111 ) ;
#24 = VECTOR ( 'NONE', #2775, 1000.000000000000000 ) ;
#25 = UNCERTAINTY_MEASURE_WITH_UNIT (LENGTH_MEASURE( 1.000000000000000082E-05 ), #288, 'distance_accuracy_value', 'NONE');
#26 = FILL_AREA_STYLE ('',( #882 ) ) ;
#27 = PRESENTATION_LAYER_ASSIGNMENT (  '', '', ( #603 ) ) ;
#28 = ORIENTED_EDGE ( 'NONE', *, *, #1034, .F. ) ;
#29 = MECHANICAL_DESIGN_GEOMETRIC_PRESENTATION_REPRESENTATION (  '', ( #865 ), #689 ) ;
#30 = FILL_AREA_STYLE ('',( #2322 ) ) ;
#31 = DIRECTION ( 'NONE',  ( 0.000000000000000000, 1.000000000000000000, 0.000000000000000000 ) ) ;
#32 = ORIENTED_EDGE ( 'NONE', *, *, #501, .T. ) ;
#33 = DIRECTION ( 'NONE',  ( 1.000000000000000000, -0.000000000000000000, -0.000000000000000000 ) ) ;
#34 = PRESENTATION_STYLE_ASSIGNMENT (( #456 ) ) ;
#35 = AXIS2_PLACEMENT_3D ( 'NONE', #796, #1439, #2369 ) ;
#36 = LINE ( 'NONE', #2505, #870 ) ;
#37 =( LENGTH_UNIT ( ) NAMED_UNIT ( * ) SI_UNIT ( .MILLI., .METRE. ) );
#38 = FACE_OUTER_BOUND ( 'NONE', #820, .T. ) ;
#39 = STYLED_ITEM ( 'NONE', ( #1208 ), #2398 ) ;
#40 =( NAMED_UNIT ( * ) PLANE_ANGLE_UNIT ( ) SI_UNIT ( $, .RADIAN. ) );
#41 = EDGE_CURVE ( 'NONE', #1176, #2217, #1371, .T. ) ;
#42 = CARTESIAN_POINT ( 'NONE',  ( -3.700000000000001954, 5.900000000000000355, 0.06999999999999476086 ) ) ;
#43 = ORIENTED_EDGE ( 'NONE', *, *, #811, .T. ) ;
#44 = ORIENTED_EDGE ( 'NONE', *, *, #1118, .F. ) ;
#45 =( NAMED_UNIT ( * ) PLANE_ANGLE_UNIT ( ) SI_UNIT ( $, .RADIAN. ) );
#46 = ORIENTED_EDGE ( 'NONE', *, *, #1424, .F. ) ;
#47 = ORIENTED_EDGE ( 'NONE', *, *, #2271, .F. ) ;
#48 = EDGE_CURVE ( 'NONE', #1912, #2102, #2046, .T. ) ;
#49 = UNCERTAINTY_MEASURE_WITH_UNIT (LENGTH_MEASURE( 1.000000000000000082E-05 ), #2238, 'distance_accuracy_value', 'NONE');
#50 = DIRECTION ( 'NONE',  ( 0.000000000000000000, 0.000000000000000000, -1.000000000000000000 ) ) ;
#51 = DIRECTION ( 'NONE',  ( 1.000000000000000000, -0.000000000000000000, -0.000000000000000000 ) ) ;
#52 = ORIENTED_EDGE ( 'NONE', *, *, #1558, .F. ) ;
#53 = SURFACE_STYLE_FILL_AREA ( #885 ) ;
#54 = ORIENTED_EDGE ( 'NONE', *, *, #2250, .T. ) ;
#55 =( NAMED_UNIT ( * ) PLANE_ANGLE_UNIT ( ) SI_UNIT ( $, .RADIAN. ) );
#56 =( NAMED_UNIT ( * ) PLANE_ANGLE_UNIT ( ) SI_UNIT ( $, .RADIAN. ) );
#57 = LINE ( 'NONE', #2561, #1532 ) ;
#58 = DIRECTION ( 'NONE',  ( 0.000000000000000000, 1.000000000000000000, 0.000000000000000000 ) ) ;
#59 = COLOUR_RGB ( '',1.000000000000000000, 1.000000000000000000, 1.000000000000000000 ) ;
#60 = LINE ( 'NONE', #490, #2655 ) ;
#61 = MECHANICAL_DESIGN_GEOMETRIC_PRESENTATION_REPRESENTATION (  '', ( #1862 ), #286 ) ;
#62 = PRESENTATION_LAYER_ASSIGNMENT (  '', '', ( #1534 ) ) ;
#63 =( GEOMETRIC_REPRESENTATION_CONTEXT ( 3 ) GLOBAL_UNCERTAINTY_ASSIGNED_CONTEXT ( ( #2039 ) ) GLOBAL_UNIT_ASSIGNED_CONTEXT ( ( #2406, #17, #486 ) ) REPRESENTATION_CONTEXT ( 'NONE', 'WORKASPACE' ) );
#64 = PRESENTATION_STYLE_ASSIGNMENT (( #687 ) ) ;
#65 = AXIS2_PLACEMENT_3D ( 'NONE', #873, #1746, #847 ) ;
#66 = ORIENTED_EDGE ( 'NONE', *, *, #180, .T. ) ;
#67 = LINE ( 'NONE', #1575, #1768 ) ;
#68 = AXIS2_PLACEMENT_3D ( 'NONE', #1120, #506, #1986 ) ;
#69 = COLOUR_RGB ( '',1.000000000000000000, 1.000000000000000000, 1.000000000000000000 ) ;
#70 = COLOUR_RGB ( '',1.000000000000000000, 1.000000000000000000, 1.000000000000000000 ) ;
#71 = CARTESIAN_POINT ( 'NONE',  ( 3.699999999999998845, 0.1000000000000000056, -0.5999999999999985345 ) ) ;
#72 = ORIENTED_EDGE ( 'NONE', *, *, #2188, .F. ) ;
#73 = EDGE_CURVE ( 'NONE', #1981, #363, #1701, .T. ) ;
#74 = MECHANICAL_DESIGN_GEOMETRIC_PRESENTATION_REPRESENTATION (  '', ( #558 ), #1322 ) ;
#75 = AXIS2_PLACEMENT_3D ( 'NONE', #442, #1124, #1296 ) ;
#76 =( NAMED_UNIT ( * ) PLANE_ANGLE_UNIT ( ) SI_UNIT ( $, .RADIAN. ) );
#77 = AXIS2_PLACEMENT_3D ( 'NONE', #2165, #1519, #1565 ) ;
#78 = CIRCLE ( 'NONE', #2212, 0.3500000000000000333 ) ;
#79 = CARTESIAN_POINT ( 'NONE',  ( 2.999999999999999112, 4.899999999999999467, -1.230000000000004867 ) ) ;
#80 = CARTESIAN_POINT ( 'NONE',  ( 1.249999999999998668, 0.000000000000000000, 0.6500000000000000222 ) ) ;
#81 = DIRECTION ( 'NONE',  ( -1.000000000000000000, 0.000000000000000000, -2.521400401129081168E-16 ) ) ;
#82 = AXIS2_PLACEMENT_3D ( 'NONE', #1299, #454, #234 ) ;
#83 = DIRECTION ( 'NONE',  ( 0.000000000000000000, 0.000000000000000000, -1.000000000000000000 ) ) ;
#84 = ORIENTED_EDGE ( 'NONE', *, *, #2140, .T. ) ;
#85 = LINE ( 'NONE', #1801, #595 ) ;
#86 = FACE_OUTER_BOUND ( 'NONE', #1167, .T. ) ;
#87 = ORIENTED_EDGE ( 'NONE', *, *, #2694, .F. ) ;
#88 = PLANE ( 'NONE',  #951 ) ;
#89 = ORIENTED_EDGE ( 'NONE', *, *, #1490, .T. ) ;
#90 = PLANE ( 'NONE',  #2541 ) ;
#91 =( LENGTH_UNIT ( ) NAMED_UNIT ( * ) SI_UNIT ( .MILLI., .METRE. ) );
#92 = EDGE_CURVE ( 'NONE', #587, #1316, #198, .T. ) ;
#93 = ORIENTED_EDGE ( 'NONE', *, *, #13, .F. ) ;
#94 = SURFACE_STYLE_USAGE ( .BOTH. , #1754 ) ;
#95 = CARTESIAN_POINT ( 'NONE',  ( -1.250000000000001332, 0.1000000000000000056, 0.2999999999999999334 ) ) ;
#96 = ORIENTED_EDGE ( 'NONE', *, *, #197, .T. ) ;
#97 = PLANE ( 'NONE',  #1641 ) ;
#98 = ADVANCED_FACE ( 'NONE', ( #264 ), #1035, .F. ) ;
#99 = DIRECTION ( 'NONE',  ( 0.000000000000000000, -1.000000000000000000, 0.000000000000000000 ) ) ;
#100 = SURFACE_SIDE_STYLE ('',( #2480 ) ) ;
#101 =( NAMED_UNIT ( * ) SI_UNIT ( $, .STERADIAN. ) SOLID_ANGLE_UNIT ( ) );
#102 = CARTESIAN_POINT ( 'NONE',  ( -1.250000000000001332, -3.299999999999999822, 0.6500000000000000222 ) ) ;
#103 = UNCERTAINTY_MEASURE_WITH_UNIT (LENGTH_MEASURE( 1.000000000000000082E-05 ), #2387, 'distance_accuracy_value', 'NONE');
#104 = CARTESIAN_POINT ( 'NONE',  ( 1.249999999999998668, -7.989949493661165469, 0.6500000000000000222 ) ) ;
#105 = LINE ( 'NONE', #521, #2207 ) ;
#106 = MECHANICAL_DESIGN_GEOMETRIC_PRESENTATION_REPRESENTATION (  '', ( #603 ), #1088 ) ;
#107 = ORIENTED_EDGE ( 'NONE', *, *, #2586, .F. ) ;
#108 =( NAMED_UNIT ( * ) PLANE_ANGLE_UNIT ( ) SI_UNIT ( $, .RADIAN. ) );
#109 = VECTOR ( 'NONE', #1047, 1000.000000000000000 ) ;
#110 = STYLED_ITEM ( 'NONE', ( #1285 ), #277 ) ;
#111 =( LENGTH_UNIT ( ) NAMED_UNIT ( * ) SI_UNIT ( .MILLI., .METRE. ) );
#112 = EDGE_LOOP ( 'NONE', ( #308, #2751, #1032, #1810, #1794, #1687 ) ) ;
#113 =( GEOMETRIC_REPRESENTATION_CONTEXT ( 3 ) GLOBAL_UNCERTAINTY_ASSIGNED_CONTEXT ( ( #1452 ) ) GLOBAL_UNIT_ASSIGNED_CONTEXT ( ( #888, #1555, #1792 ) ) REPRESENTATION_CONTEXT ( 'NONE', 'WORKASPACE' ) );
#114 = PRESENTATION_LAYER_ASSIGNMENT (  '', '', ( #1816 ) ) ;
#115 = SURFACE_STYLE_FILL_AREA ( #1386 ) ;
#116 = VERTEX_POINT ( 'NONE', #312 ) ;
#117 = COLOUR_RGB ( '',1.000000000000000000, 1.000000000000000000, 1.000000000000000000 ) ;
#118 = SURFACE_STYLE_FILL_AREA ( #2470 ) ;
#119 = EDGE_CURVE ( 'NONE', #1470, #2247, #1158, .T. ) ;
#120 = CARTESIAN_POINT ( 'NONE',  ( -3.700000000000001954, 5.900000000000000355, 0.06999999999999476086 ) ) ;
#121 = DIRECTION ( 'NONE',  ( 0.000000000000000000, 0.000000000000000000, -1.000000000000000000 ) ) ;
#122 =( GEOMETRIC_REPRESENTATION_CONTEXT ( 3 ) GLOBAL_UNCERTAINTY_ASSIGNED_CONTEXT ( ( #2687 ) ) GLOBAL_UNIT_ASSIGNED_CONTEXT ( ( #386, #1879, #1445 ) ) REPRESENTATION_CONTEXT ( 'NONE', 'WORKASPACE' ) );
#123 = SURFACE_STYLE_USAGE ( .BOTH. , #2040 ) ;
#124 = COLOUR_RGB ( '',1.000000000000000000, 1.000000000000000000, 1.000000000000000000 ) ;
#125 = EDGE_CURVE ( 'NONE', #2407, #782, #1807, .T. ) ;
#126 = VERTEX_POINT ( 'NONE', #1343 ) ;
#127 = SURFACE_STYLE_FILL_AREA ( #1830 ) ;
#128 = SURFACE_STYLE_USAGE ( .BOTH. , #1789 ) ;
#129 = VECTOR ( 'NONE', #1070, 1000.000000000000000 ) ;
#130 = VERTEX_POINT ( 'NONE', #711 ) ;
#131 = CARTESIAN_POINT ( 'NONE',  ( 3.699999999999998401, 0.000000000000000000, 1.230660171779823564 ) ) ;
#132 = DIRECTION ( 'NONE',  ( 1.000000000000000000, -0.000000000000000000, 1.224646799147353207E-16 ) ) ;
#133 = FILL_AREA_STYLE_COLOUR ( '', #1141 ) ;
#134 = VERTEX_POINT ( 'NONE', #300 ) ;
#135 = DIRECTION ( 'NONE',  ( 0.000000000000000000, 0.000000000000000000, 1.000000000000000000 ) ) ;
#136 = SURFACE_SIDE_STYLE ('',( #864 ) ) ;
#137 = APPLICATION_CONTEXT ( 'automotive_design' ) ;
#138 = ADVANCED_FACE ( 'NONE', ( #2222, #1820, #1997 ), #90, .F. ) ;
#139 = FACE_OUTER_BOUND ( 'NONE', #2759, .T. ) ;
#140 = ORIENTED_EDGE ( 'NONE', *, *, #1790, .F. ) ;
#141 = LINE ( 'NONE', #1177, #547 ) ;
#142 = VERTEX_POINT ( 'NONE', #740 ) ;
#143 = DIRECTION ( 'NONE',  ( 1.000000000000000000, 0.000000000000000000, 1.172110456741085828E-16 ) ) ;
#144 = ORIENTED_EDGE ( 'NONE', *, *, #1191, .T. ) ;
#145 = EDGE_CURVE ( 'NONE', #142, #1220, #1326, .T. ) ;
#146 = FACE_OUTER_BOUND ( 'NONE', #1297, .T. ) ;
#147 = PRESENTATION_STYLE_ASSIGNMENT (( #1389 ) ) ;
#148 = SURFACE_STYLE_USAGE ( .BOTH. , #2059 ) ;
#149 =( NAMED_UNIT ( * ) SI_UNIT ( $, .STERADIAN. ) SOLID_ANGLE_UNIT ( ) );
#150 = EDGE_LOOP ( 'NONE', ( #1649, #1951, #1121 ) ) ;
#151 = DIRECTION ( 'NONE',  ( 2.312964634635742661E-15, -0.000000000000000000, 1.000000000000000000 ) ) ;
#152 = LINE ( 'NONE', #375, #1010 ) ;
#153 = EDGE_LOOP ( 'NONE', ( #1973, #411, #219, #1833 ) ) ;
#154 = DIRECTION ( 'NONE',  ( -0.000000000000000000, 0.7071067811865467956, -0.7071067811865483499 ) ) ;
#155 = ADVANCED_FACE ( 'NONE', ( #1146 ), #1759, .T. ) ;
#156 = AXIS2_PLACEMENT_3D ( 'NONE', #2673, #1063, #804 ) ;
#157 = VECTOR ( 'NONE', #2397, 1000.000000000000000 ) ;
#158 = MECHANICAL_DESIGN_GEOMETRIC_PRESENTATION_REPRESENTATION (  '', ( #1772 ), #460 ) ;
#159 = FACE_OUTER_BOUND ( 'NONE', #233, .T. ) ;
#160 = COLOUR_RGB ( '',1.000000000000000000, 1.000000000000000000, 1.000000000000000000 ) ;
#161 = STYLED_ITEM ( 'NONE', ( #1690 ), #1705 ) ;
#162 = SURFACE_STYLE_USAGE ( .BOTH. , #2232 ) ;
#163 =( GEOMETRIC_REPRESENTATION_CONTEXT ( 3 ) GLOBAL_UNCERTAINTY_ASSIGNED_CONTEXT ( ( #2752 ) ) GLOBAL_UNIT_ASSIGNED_CONTEXT ( ( #2074, #388, #2106 ) ) REPRESENTATION_CONTEXT ( 'NONE', 'WORKASPACE' ) );
#164 =( GEOMETRIC_REPRESENTATION_CONTEXT ( 3 ) GLOBAL_UNCERTAINTY_ASSIGNED_CONTEXT ( ( #2425 ) ) GLOBAL_UNIT_ASSIGNED_CONTEXT ( ( #557, #2103, #184 ) ) REPRESENTATION_CONTEXT ( 'NONE', 'WORKASPACE' ) );
#165 = ORIENTED_EDGE ( 'NONE', *, *, #1714, .T. ) ;
#166 = DIRECTION ( 'NONE',  ( -0.000000000000000000, 0.000000000000000000, -1.000000000000000000 ) ) ;
#167 = EDGE_CURVE ( 'NONE', #2181, #542, #2718, .T. ) ;
#168 =( GEOMETRIC_REPRESENTATION_CONTEXT ( 3 ) GLOBAL_UNCERTAINTY_ASSIGNED_CONTEXT ( ( #1359 ) ) GLOBAL_UNIT_ASSIGNED_CONTEXT ( ( #91, #1192, #1827 ) ) REPRESENTATION_CONTEXT ( 'NONE', 'WORKASPACE' ) );
#169 = FILL_AREA_STYLE_COLOUR ( '', #1237 ) ;
#170 = CARTESIAN_POINT ( 'NONE',  ( 1.249999999999998668, -3.299999999999999822, 0.6500000000000000222 ) ) ;
#171 = STYLED_ITEM ( 'NONE', ( #2549 ), #1476 ) ;
#172 = ORIENTED_EDGE ( 'NONE', *, *, #637, .T. ) ;
#173 = UNCERTAINTY_MEASURE_WITH_UNIT (LENGTH_MEASURE( 1.000000000000000082E-05 ), #2572, 'distance_accuracy_value', 'NONE');
#174 = AXIS2_PLACEMENT_3D ( 'NONE', #2713, #816, #571 ) ;
#175 = CARTESIAN_POINT ( 'NONE',  ( -2.100000000000001865, 5.600000000000000533, 1.769999999999998685 ) ) ;
#176 = COLOUR_RGB ( '',1.000000000000000000, 1.000000000000000000, 1.000000000000000000 ) ;
#177 =( NAMED_UNIT ( * ) PLANE_ANGLE_UNIT ( ) SI_UNIT ( $, .RADIAN. ) );
#178 = VERTEX_POINT ( 'NONE', #404 ) ;
#179 = PRESENTATION_STYLE_ASSIGNMENT (( #2087 ) ) ;
#180 = EDGE_CURVE ( 'NONE', #2559, #134, #543, .T. ) ;
#181 = CYLINDRICAL_SURFACE ( 'NONE', #1310, 0.3500000000000000333 ) ;
#182 = SURFACE_SIDE_STYLE ('',( #382 ) ) ;
#183 = VERTEX_POINT ( 'NONE', #1247 ) ;
#184 =( NAMED_UNIT ( * ) SI_UNIT ( $, .STERADIAN. ) SOLID_ANGLE_UNIT ( ) );
#185 = SURFACE_STYLE_FILL_AREA ( #1258 ) ;
#186 = DIRECTION ( 'NONE',  ( -0.000000000000000000, 1.000000000000000000, -0.000000000000000000 ) ) ;
#187 = ORIENTED_EDGE ( 'NONE', *, *, #1454, .F. ) ;
#188 = EDGE_LOOP ( 'NONE', ( #1940, #2599, #89, #1308 ) ) ;
#189 = CARTESIAN_POINT ( 'NONE',  ( -3.000000000000001776, 4.899999999999999467, -1.229999999999999760 ) ) ;
#190 =( LENGTH_UNIT ( ) NAMED_UNIT ( * ) SI_UNIT ( .MILLI., .METRE. ) );
#191 = LINE ( 'NONE', #1669, #1179 ) ;
#192 = ORIENTED_EDGE ( 'NONE', *, *, #1983, .T. ) ;
#193 = PRESENTATION_STYLE_ASSIGNMENT (( #225 ) ) ;
#194 = LINE ( 'NONE', #2779, #2447 ) ;
#195 = DIRECTION ( 'NONE',  ( 0.000000000000000000, -1.000000000000000000, 0.000000000000000000 ) ) ;
#196 = CARTESIAN_POINT ( 'NONE',  ( -3.000000000000001776, 4.899999999999999467, -1.229999999999999760 ) ) ;
#197 = EDGE_CURVE ( 'NONE', #1837, #872, #777, .T. ) ;
#198 = LINE ( 'NONE', #1681, #965 ) ;
#199 = DIRECTION ( 'NONE',  ( 0.000000000000000000, 0.000000000000000000, 1.000000000000000000 ) ) ;
#200 =( NAMED_UNIT ( * ) PLANE_ANGLE_UNIT ( ) SI_UNIT ( $, .RADIAN. ) );
#201 = ORIENTED_EDGE ( 'NONE', *, *, #1144, .T. ) ;
#202 = FACE_OUTER_BOUND ( 'NONE', #1415, .T. ) ;
#203 = CIRCLE ( 'NONE', #252, 0.1999999999999999833 ) ;
#204 = DIRECTION ( 'NONE',  ( 0.000000000000000000, 0.000000000000000000, -1.000000000000000000 ) ) ;
#205 = CARTESIAN_POINT ( 'NONE',  ( -1.734723475976807094E-15, 5.400000000000000355, 1.319999999999998952 ) ) ;
#206 = PRESENTATION_LAYER_ASSIGNMENT (  '', '', ( #2610 ) ) ;
#207 = ORIENTED_EDGE ( 'NONE', *, *, #2697, .T. ) ;
#208 = VECTOR ( 'NONE', #228, 1000.000000000000000 ) ;
#209 = SURFACE_STYLE_FILL_AREA ( #837 ) ;
#210 = VECTOR ( 'NONE', #2442, 1000.000000000000000 ) ;
#211 = LINE ( 'NONE', #620, #2045 ) ;
#212 = FACE_OUTER_BOUND ( 'NONE', #573, .T. ) ;
#213 =( GEOMETRIC_REPRESENTATION_CONTEXT ( 3 ) GLOBAL_UNCERTAINTY_ASSIGNED_CONTEXT ( ( #2198 ) ) GLOBAL_UNIT_ASSIGNED_CONTEXT ( ( #2743, #355, #1006 ) ) REPRESENTATION_CONTEXT ( 'NONE', 'WORKASPACE' ) );
#214 = MECHANICAL_DESIGN_GEOMETRIC_PRESENTATION_REPRESENTATION (  '', ( #2668 ), #1867 ) ;
#215 = CARTESIAN_POINT ( 'NONE',  ( -1.250000000000001332, 0.000000000000000000, 1.000000000000000000 ) ) ;
#216 = EDGE_CURVE ( 'NONE', #2664, #733, #2511, .T. ) ;
#217 = CARTESIAN_POINT ( 'NONE',  ( -3.700000000000001954, 4.899999999999999467, 0.2700000000000002953 ) ) ;
#218 = COLOUR_RGB ( '',1.000000000000000000, 1.000000000000000000, 1.000000000000000000 ) ;
#219 = ORIENTED_EDGE ( 'NONE', *, *, #807, .T. ) ;
#220 = DIRECTION ( 'NONE',  ( -9.435651794974610384E-16, 0.7071067811865477948, -0.7071067811865473507 ) ) ;
#221 = CIRCLE ( 'NONE', #301, 0.1999999999999999833 ) ;
#222 = DIRECTION ( 'NONE',  ( -9.435651794974616301E-16, -0.7071067811865472397, -0.7071067811865479058 ) ) ;
#223 = ORIENTED_EDGE ( 'NONE', *, *, #2581, .T. ) ;
#224 =( GEOMETRIC_REPRESENTATION_CONTEXT ( 3 ) GLOBAL_UNCERTAINTY_ASSIGNED_CONTEXT ( ( #2692 ) ) GLOBAL_UNIT_ASSIGNED_CONTEXT ( ( #668, #323, #2454 ) ) REPRESENTATION_CONTEXT ( 'NONE', 'WORKASPACE' ) );
#225 = SURFACE_STYLE_USAGE ( .BOTH. , #1274 ) ;
#226 = DIRECTION ( 'NONE',  ( 0.000000000000000000, 0.000000000000000000, 1.000000000000000000 ) ) ;
#227 = UNCERTAINTY_MEASURE_WITH_UNIT (LENGTH_MEASURE( 1.000000000000000082E-05 ), #826, 'distance_accuracy_value', 'NONE');
#228 = DIRECTION ( 'NONE',  ( -0.000000000000000000, 0.000000000000000000, 1.000000000000000000 ) ) ;
#229 = EDGE_CURVE ( 'NONE', #1996, #268, #1878, .T. ) ;
#230 = ORIENTED_EDGE ( 'NONE', *, *, #478, .T. ) ;
#231 = SURFACE_STYLE_FILL_AREA ( #30 ) ;
#232 = SURFACE_SIDE_STYLE ('',( #1461 ) ) ;
#233 = EDGE_LOOP ( 'NONE', ( #1202, #609, #238, #664 ) ) ;
#234 = DIRECTION ( 'NONE',  ( 0.000000000000000000, -0.000000000000000000, 1.000000000000000000 ) ) ;
#235 = FILL_AREA_STYLE ('',( #1071 ) ) ;
#236 = FILL_AREA_STYLE_COLOUR ( '', #2427 ) ;
#237 = PLANE ( 'NONE',  #1268 ) ;
#238 = ORIENTED_EDGE ( 'NONE', *, *, #464, .T. ) ;
#239 = DIRECTION ( 'NONE',  ( -0.000000000000000000, -0.000000000000000000, 1.000000000000000000 ) ) ;
#240 = PRODUCT_DEFINITION_SHAPE ( 'NONE', 'NONE',  #2669 ) ;
#241 = DIRECTION ( 'NONE',  ( -1.971276677246372012E-16, 0.000000000000000000, 1.000000000000000000 ) ) ;
#242 = ADVANCED_FACE ( 'NONE', ( #753 ), #1444, .F. ) ;
#243 = EDGE_LOOP ( 'NONE', ( #2605, #2777, #2013 ) ) ;
#244 = LINE ( 'NONE', #1958, #2376 ) ;
#245 = AXIS2_PLACEMENT_3D ( 'NONE', #1160, #2022, #121 ) ;
#246 = AXIS2_PLACEMENT_3D ( 'NONE', #941, #305, #1152 ) ;
#247 = EDGE_CURVE ( 'NONE', #2699, #1029, #1400, .T. ) ;
#248 = AXIS2_PLACEMENT_3D ( 'NONE', #1465, #577, #226 ) ;
#249 = CARTESIAN_POINT ( 'NONE',  ( 1.249999999999998668, 0.1000000000000000056, 1.000000000000000000 ) ) ;
#250 = VECTOR ( 'NONE', #1382, 1000.000000000000000 ) ;
#251 = MECHANICAL_DESIGN_GEOMETRIC_PRESENTATION_REPRESENTATION (  '', ( #1587 ), #953 ) ;
#252 = AXIS2_PLACEMENT_3D ( 'NONE', #786, #799, #1430 ) ;
#253 = PRESENTATION_STYLE_ASSIGNMENT (( #1751 ) ) ;
#254 = AXIS2_PLACEMENT_3D ( 'NONE', #1809, #1409, #2460 ) ;
#255 = CARTESIAN_POINT ( 'NONE',  ( 2.999999999999999112, 5.399999999999999467, -1.230000000000006199 ) ) ;
#256 = VERTEX_POINT ( 'NONE', #371 ) ;
#257 = VECTOR ( 'NONE', #616, 1000.000000000000000 ) ;
#258 =( NAMED_UNIT ( * ) PLANE_ANGLE_UNIT ( ) SI_UNIT ( $, .RADIAN. ) );
#259 = AXIS2_PLACEMENT_3D ( 'NONE', #102, #1796, #560 ) ;
#260 = ORIENTED_EDGE ( 'NONE', *, *, #1946, .F. ) ;
#261 = SURFACE_SIDE_STYLE ('',( #2667 ) ) ;
#262 = EDGE_CURVE ( 'NONE', #542, #268, #1216, .T. ) ;
#263 = LINE ( 'NONE', #474, #1406 ) ;
#264 = FACE_OUTER_BOUND ( 'NONE', #2079, .T. ) ;
#265 = PLANE ( 'NONE',  #2672 ) ;
#266 = LINE ( 'NONE', #1947, #2164 ) ;
#267 = LINE ( 'NONE', #894, #1679 ) ;
#268 = VERTEX_POINT ( 'NONE', #1892 ) ;
#269 =( NAMED_UNIT ( * ) SI_UNIT ( $, .STERADIAN. ) SOLID_ANGLE_UNIT ( ) );
#270 = CARTESIAN_POINT ( 'NONE',  ( 1.249999999999998668, -7.989949493661165469, 1.000000000000000000 ) ) ;
#271 = ORIENTED_EDGE ( 'NONE', *, *, #2438, .F. ) ;
#272 = DIRECTION ( 'NONE',  ( 1.000000000000000000, -0.000000000000000000, -1.084202172485504434E-16 ) ) ;
#273 = DIRECTION ( 'NONE',  ( 0.000000000000000000, 1.000000000000000000, 0.000000000000000000 ) ) ;
#274 =( LENGTH_UNIT ( ) NAMED_UNIT ( * ) SI_UNIT ( .MILLI., .METRE. ) );
#275 = CARTESIAN_POINT ( 'NONE',  ( -3.000000000000001776, 5.900000000000000355, -2.029999999999999805 ) ) ;
#276 = CARTESIAN_POINT ( 'NONE',  ( -3.000000000000001776, 5.900000000000000355, -1.730000000000007088 ) ) ;
#277 = ADVANCED_FACE ( 'NONE', ( #2069 ), #2746, .F. ) ;
#278 = VERTEX_POINT ( 'NONE', #453 ) ;
#279 = DIRECTION ( 'NONE',  ( -1.334402673828313635E-15, 0.000000000000000000, -1.000000000000000000 ) ) ;
#280 = LINE ( 'NONE', #270, #1782 ) ;
#281 = ORIENTED_EDGE ( 'NONE', *, *, #734, .F. ) ;
#282 = CARTESIAN_POINT ( 'NONE',  ( -3.700000000000001954, 5.399999999999999467, -1.230000000000006199 ) ) ;
#283 = SURFACE_SIDE_STYLE ('',( #115 ) ) ;
#284 = CARTESIAN_POINT ( 'NONE',  ( -3.000000000000001776, 1.900000000000000577, 0.8699999999999989964 ) ) ;
#285 =( NAMED_UNIT ( * ) SI_UNIT ( $, .STERADIAN. ) SOLID_ANGLE_UNIT ( ) );
#286 =( GEOMETRIC_REPRESENTATION_CONTEXT ( 3 ) GLOBAL_UNCERTAINTY_ASSIGNED_CONTEXT ( ( #2458 ) ) GLOBAL_UNIT_ASSIGNED_CONTEXT ( ( #1864, #2010, #1590 ) ) REPRESENTATION_CONTEXT ( 'NONE', 'WORKASPACE' ) );
#287 = CYLINDRICAL_SURFACE ( 'NONE', #681, 0.3500000000000000333 ) ;
#288 =( LENGTH_UNIT ( ) NAMED_UNIT ( * ) SI_UNIT ( .MILLI., .METRE. ) );
#289 = CIRCLE ( 'NONE', #1955, 0.3500000000000000333 ) ;
#290 = ORIENTED_EDGE ( 'NONE', *, *, #840, .F. ) ;
#291 = DIRECTION ( 'NONE',  ( 1.000000000000000000, -0.000000000000000000, 0.000000000000000000 ) ) ;
#292 = TOROIDAL_SURFACE ( 'NONE', #1916, 0.1500000000000000500, 0.2000000000000000111 ) ;
#293 = CARTESIAN_POINT ( 'NONE',  ( -3.700000000000001954, 5.400000000000000355, -0.4300000000000061551 ) ) ;
#294 = VECTOR ( 'NONE', #222, 999.9999999999998863 ) ;
#295 = EDGE_LOOP ( 'NONE', ( #843, #1967, #625, #2357, #1383, #43, #172 ) ) ;
#296 =( NAMED_UNIT ( * ) SI_UNIT ( $, .STERADIAN. ) SOLID_ANGLE_UNIT ( ) );
#297 = CIRCLE ( 'NONE', #2256, 0.1500000000000000777 ) ;
#298 = PRESENTATION_LAYER_ASSIGNMENT (  '', '', ( #1503 ) ) ;
#299 = CARTESIAN_POINT ( 'NONE',  ( 3.699999999999999289, 1.000000000000000000, -1.230000000000006199 ) ) ;
#300 = CARTESIAN_POINT ( 'NONE',  ( 3.700000000000001066, 4.899999999999999467, -0.4300000000000062106 ) ) ;
#301 = AXIS2_PLACEMENT_3D ( 'NONE', #517, #132, #2208 ) ;
#302 = UNCERTAINTY_MEASURE_WITH_UNIT (LENGTH_MEASURE( 1.000000000000000082E-05 ), #190, 'distance_accuracy_value', 'NONE');
#303 = COLOUR_RGB ( '',0.7921568627450980005, 0.8196078431372548767, 0.9333333333333333481 ) ;
#304 = ORIENTED_EDGE ( 'NONE', *, *, #197, .F. ) ;
#305 = DIRECTION ( 'NONE',  ( -1.000000000000000000, -0.000000000000000000, -0.000000000000000000 ) ) ;
#306 = EDGE_CURVE ( 'NONE', #1131, #2278, #643, .T. ) ;
#307 = DIRECTION ( 'NONE',  ( 0.000000000000000000, 0.000000000000000000, 1.000000000000000000 ) ) ;
#308 = ORIENTED_EDGE ( 'NONE', *, *, #1925, .F. ) ;
#309 = EDGE_CURVE ( 'NONE', #2041, #2023, #1536, .T. ) ;
#310 = DIRECTION ( 'NONE',  ( 1.000000000000000000, 0.000000000000000000, 0.000000000000000000 ) ) ;
#311 = ORIENTED_EDGE ( 'NONE', *, *, #2641, .T. ) ;
#312 = CARTESIAN_POINT ( 'NONE',  ( 1.249999999999998668, -3.299999999999999822, 1.000000000000000000 ) ) ;
#313 = SURFACE_STYLE_FILL_AREA ( #2009 ) ;
#314 = CARTESIAN_POINT ( 'NONE',  ( 3.000000000000001776, 1.900000000000000577, 0.8699999999999989964 ) ) ;
#315 = SURFACE_STYLE_FILL_AREA ( #1173 ) ;
#316 = ORIENTED_EDGE ( 'NONE', *, *, #658, .T. ) ;
#317 = PLANE ( 'NONE',  #1261 ) ;
#318 = CARTESIAN_POINT ( 'NONE',  ( 2.999999999999999112, 4.899999999999999467, -1.230000000000004867 ) ) ;
#319 = VERTEX_POINT ( 'NONE', #630 ) ;
#320 = SURFACE_STYLE_FILL_AREA ( #377 ) ;
#321 = FILL_AREA_STYLE_COLOUR ( '', #2724 ) ;
#322 = VERTEX_POINT ( 'NONE', #1922 ) ;
#323 =( NAMED_UNIT ( * ) PLANE_ANGLE_UNIT ( ) SI_UNIT ( $, .RADIAN. ) );
#324 = ADVANCED_FACE ( 'NONE', ( #1298 ), #1710, .F. ) ;
#325 = DIRECTION ( 'NONE',  ( 1.000000000000000000, 0.000000000000000000, -1.334402673828313635E-15 ) ) ;
#326 = DIRECTION ( 'NONE',  ( 0.000000000000000000, -1.084202172485503448E-16, 1.000000000000000000 ) ) ;
#327 = VECTOR ( 'NONE', #2740, 1000.000000000000000 ) ;
#328 = FILL_AREA_STYLE_COLOUR ( '', #1825 ) ;
#329 = MECHANICAL_DESIGN_GEOMETRIC_PRESENTATION_REPRESENTATION (  '', ( #1816 ), #168 ) ;
#330 = CARTESIAN_POINT ( 'NONE',  ( -3.700000000000002398, 0.1000000000000000056, 1.600000000000000533 ) ) ;
#331 = VECTOR ( 'NONE', #1726, 1000.000000000000000 ) ;
#332 = VERTEX_POINT ( 'NONE', #444 ) ;
#333 = UNCERTAINTY_MEASURE_WITH_UNIT (LENGTH_MEASURE( 1.000000000000000082E-05 ), #412, 'distance_accuracy_value', 'NONE');
#334 = LINE ( 'NONE', #566, #498 ) ;
#335 =( NAMED_UNIT ( * ) PLANE_ANGLE_UNIT ( ) SI_UNIT ( $, .RADIAN. ) );
#336 = COLOUR_RGB ( '',1.000000000000000000, 1.000000000000000000, 1.000000000000000000 ) ;
#337 = STYLED_ITEM ( 'NONE', ( #1156 ), #398 ) ;
#338 = CARTESIAN_POINT ( 'NONE',  ( -3.000000000000001776, 4.899999999999999467, 0.2700000000000002953 ) ) ;
#339 = ORIENTED_EDGE ( 'NONE', *, *, #73, .T. ) ;
#340 = CARTESIAN_POINT ( 'NONE',  ( -3.000000000000001776, 5.600000000000001421, -1.729999999999999982 ) ) ;
#341 =( NAMED_UNIT ( * ) PLANE_ANGLE_UNIT ( ) SI_UNIT ( $, .RADIAN. ) );
#342 = CARTESIAN_POINT ( 'NONE',  ( -3.700000000000001954, 5.900000000000000355, 0.06999999999999476086 ) ) ;
#343 = ORIENTED_EDGE ( 'NONE', *, *, #1558, .T. ) ;
#344 = PRESENTATION_LAYER_ASSIGNMENT (  '', '', ( #1463 ) ) ;
#345 = EDGE_CURVE ( 'NONE', #2664, #1114, #2153, .T. ) ;
#346 = LINE ( 'NONE', #79, #1694 ) ;
#347 = PRESENTATION_LAYER_ASSIGNMENT (  '', '', ( #825 ) ) ;
#348 = EDGE_CURVE ( 'NONE', #1802, #178, #244, .T. ) ;
#349 = AXIS2_PLACEMENT_3D ( 'NONE', #580, #1963, #2097 ) ;
#350 = ORIENTED_EDGE ( 'NONE', *, *, #439, .F. ) ;
#351 = DIRECTION ( 'NONE',  ( 2.521400401129081168E-16, 0.000000000000000000, -1.000000000000000000 ) ) ;
#352 = FILL_AREA_STYLE ('',( #2261 ) ) ;
#353 = ORIENTED_EDGE ( 'NONE', *, *, #8, .F. ) ;
#354 = LINE ( 'NONE', #1030, #1823 ) ;
#355 =( NAMED_UNIT ( * ) PLANE_ANGLE_UNIT ( ) SI_UNIT ( $, .RADIAN. ) );
#356 = CARTESIAN_POINT ( 'NONE',  ( -3.000000000000001776, 5.600000000000001421, -1.729999999999999982 ) ) ;
#357 = EDGE_LOOP ( 'NONE', ( #1717, #2680, #1868, #833, #2691, #2540, #1709, #107 ) ) ;
#358 = CARTESIAN_POINT ( 'NONE',  ( -2.100000000000001865, 5.900000000000000355, 2.069999999999998952 ) ) ;
#359 = CARTESIAN_POINT ( 'NONE',  ( -2.100000000000001865, 1.900000000000000577, 1.769999999999998685 ) ) ;
#360 = FACE_OUTER_BOUND ( 'NONE', #295, .T. ) ;
#361 = FILL_AREA_STYLE_COLOUR ( '', #1265 ) ;
#362 = LINE ( 'NONE', #996, #862 ) ;
#363 = VERTEX_POINT ( 'NONE', #2326 ) ;
#364 = FILL_AREA_STYLE ('',( #1162 ) ) ;
#365 = EDGE_CURVE ( 'NONE', #2435, #448, #1693, .T. ) ;
#366 = CARTESIAN_POINT ( 'NONE',  ( 3.000000000000000000, 1.900000000000000799, -0.4300000000000065437 ) ) ;
#367 = ORIENTED_EDGE ( 'NONE', *, *, #525, .F. ) ;
#368 = CARTESIAN_POINT ( 'NONE',  ( -1.250000000000001332, 1.900000000000000577, 0.6500000000000000222 ) ) ;
#369 = CARTESIAN_POINT ( 'NONE',  ( -3.700000000000001954, 0.000000000000000000, -0.5999999999999994227 ) ) ;
#370 = ORIENTED_EDGE ( 'NONE', *, *, #229, .T. ) ;
#371 = CARTESIAN_POINT ( 'NONE',  ( 3.700000000000002842, 4.899999999999999467, 0.2699999999999936340 ) ) ;
#372 = CARTESIAN_POINT ( 'NONE',  ( -1.250000000000001332, -3.299999999999999822, 0.2999999999999999334 ) ) ;
#373 = SURFACE_SIDE_STYLE ('',( #1451 ) ) ;
#374 = AXIS2_PLACEMENT_3D ( 'NONE', #408, #636, #1036 ) ;
#375 = CARTESIAN_POINT ( 'NONE',  ( 1.249999999999998668, 0.000000000000000000, 0.2999999999999999334 ) ) ;
#376 = VERTEX_POINT ( 'NONE', #2116 ) ;
#377 = FILL_AREA_STYLE ('',( #584 ) ) ;
#378 = MECHANICAL_DESIGN_GEOMETRIC_PRESENTATION_REPRESENTATION (  '', ( #19 ), #1401 ) ;
#379 = PLANE ( 'NONE',  #463 ) ;
#380 = AXIS2_PLACEMENT_3D ( 'NONE', #2428, #526, #1153 ) ;
#381 = COLOUR_RGB ( '',1.000000000000000000, 1.000000000000000000, 1.000000000000000000 ) ;
#382 = SURFACE_STYLE_FILL_AREA ( #628 ) ;
#383 = MECHANICAL_DESIGN_GEOMETRIC_PRESENTATION_REPRESENTATION (  '', ( #860 ), #2201 ) ;
#384 = ORIENTED_EDGE ( 'NONE', *, *, #1002, .T. ) ;
#385 = CARTESIAN_POINT ( 'NONE',  ( 2.100000000000001865, 5.900000000000000355, 1.769999999999998685 ) ) ;
#386 =( LENGTH_UNIT ( ) NAMED_UNIT ( * ) SI_UNIT ( .MILLI., .METRE. ) );
#387 = CARTESIAN_POINT ( 'NONE',  ( 1.249999999999998668, 1.900000000000000577, 0.6500000000000000222 ) ) ;
#388 =( NAMED_UNIT ( * ) PLANE_ANGLE_UNIT ( ) SI_UNIT ( $, .RADIAN. ) );
#389 = VECTOR ( 'NONE', #437, 1000.000000000000000 ) ;
#390 = AXIS2_PLACEMENT_3D ( 'NONE', #922, #2231, #2415 ) ;
#391 = FILL_AREA_STYLE ('',( #2504 ) ) ;
#392 = ORIENTED_EDGE ( 'NONE', *, *, #441, .T. ) ;
#393 = UNCERTAINTY_MEASURE_WITH_UNIT (LENGTH_MEASURE( 1.000000000000000082E-05 ), #1303, 'distance_accuracy_value', 'NONE');
#394 = DIRECTION ( 'NONE',  ( 0.000000000000000000, 0.000000000000000000, -1.000000000000000000 ) ) ;
#395 = SURFACE_SIDE_STYLE ('',( #612 ) ) ;
#396 = STYLED_ITEM ( 'NONE', ( #477 ), #155 ) ;
#397 = CARTESIAN_POINT ( 'NONE',  ( 3.000000000000001776, 1.900000000000000577, 0.8699999999999989964 ) ) ;
#398 = ADVANCED_FACE ( 'NONE', ( #2760, #2542, #618 ), #88, .F. ) ;
#399 = ORIENTED_EDGE ( 'NONE', *, *, #348, .F. ) ;
#400 = FILL_AREA_STYLE ('',( #2479 ) ) ;
#401 = LINE ( 'NONE', #1933, #2302 ) ;
#402 = EDGE_CURVE ( 'NONE', #2221, #1770, #515, .T. ) ;
#403 = VERTEX_POINT ( 'NONE', #282 ) ;
#404 = CARTESIAN_POINT ( 'NONE',  ( 3.699999999999998401, 5.399999999999999467, -1.230000000000006199 ) ) ;
#405 = SURFACE_SIDE_STYLE ('',( #185 ) ) ;
#406 = FILL_AREA_STYLE_COLOUR ( '', #1775 ) ;
#407 = EDGE_LOOP ( 'NONE', ( #84, #14, #1440, #1561 ) ) ;
#408 = CARTESIAN_POINT ( 'NONE',  ( 1.249999999999998668, -3.500000000000000000, 0.6500000000000000222 ) ) ;
#409 = EDGE_LOOP ( 'NONE', ( #974, #1979, #1876, #271 ) ) ;
#410 = DIRECTION ( 'NONE',  ( 2.521400401129081168E-16, -0.000000000000000000, -1.000000000000000000 ) ) ;
#411 = ORIENTED_EDGE ( 'NONE', *, *, #2581, .F. ) ;
#412 =( LENGTH_UNIT ( ) NAMED_UNIT ( * ) SI_UNIT ( .MILLI., .METRE. ) );
#413 = EDGE_CURVE ( 'NONE', #2031, #1930, #906, .T. ) ;
#414 = CARTESIAN_POINT ( 'NONE',  ( 3.000000000000001776, 5.900000000000000355, 0.8699999999999989964 ) ) ;
#415 = DIRECTION ( 'NONE',  ( -0.7071067811865474617, -0.000000000000000000, -0.7071067811865475727 ) ) ;
#416 = CARTESIAN_POINT ( 'NONE',  ( 2.999999999999998224, 1.900000000000000577, -1.729999999999999982 ) ) ;
#417 = EDGE_LOOP ( 'NONE', ( #2482, #2507, #2190, #2550, #868, #2476, #2446 ) ) ;
#418 = LINE ( 'NONE', #1267, #2433 ) ;
#419 = EDGE_LOOP ( 'NONE', ( #601, #1225, #1753, #2384, #827, #1858, #2060, #1212, #1112, #311, #2274, #54, #812 ) ) ;
#420 = DIRECTION ( 'NONE',  ( 0.000000000000000000, 1.000000000000000000, -0.000000000000000000 ) ) ;
#421 = VECTOR ( 'NONE', #1046, 1000.000000000000000 ) ;
#422 = CYLINDRICAL_SURFACE ( 'NONE', #2203, 0.3500000000000000333 ) ;
#423 = EDGE_CURVE ( 'NONE', #2054, #1164, #1535, .T. ) ;
#424 = VECTOR ( 'NONE', #2630, 1000.000000000000000 ) ;
#425 = PRESENTATION_LAYER_ASSIGNMENT (  '', '', ( #1683 ) ) ;
#426 = VECTOR ( 'NONE', #1213, 1000.000000000000000 ) ;
#427 = CARTESIAN_POINT ( 'NONE',  ( 2.100000000000001865, 5.600000000000000533, 1.769999999999998685 ) ) ;
#428 = DIRECTION ( 'NONE',  ( 0.000000000000000000, 0.000000000000000000, 1.000000000000000000 ) ) ;
#429 = AXIS2_PLACEMENT_3D ( 'NONE', #2354, #2607, #1072 ) ;
#430 = STYLED_ITEM ( 'NONE', ( #483 ), #1576 ) ;
#431 = ORIENTED_EDGE ( 'NONE', *, *, #2286, .F. ) ;
#432 = DIRECTION ( 'NONE',  ( -0.000000000000000000, -0.000000000000000000, 1.000000000000000000 ) ) ;
#433 = PLANE ( 'NONE',  #513 ) ;
#434 = ORIENTED_EDGE ( 'NONE', *, *, #1408, .T. ) ;
#435 = PLANE ( 'NONE',  #82 ) ;
#436 = LINE ( 'NONE', #2604, #2297 ) ;
#437 = DIRECTION ( 'NONE',  ( -0.000000000000000000, 1.000000000000000000, -0.000000000000000000 ) ) ;
#438 = CARTESIAN_POINT ( 'NONE',  ( 2.999999999999998668, 0.1000000000000000472, 0.2699999999999994071 ) ) ;
#439 = EDGE_CURVE ( 'NONE', #322, #183, #1567, .T. ) ;
#440 = ORIENTED_EDGE ( 'NONE', *, *, #2305, .T. ) ;
#441 = EDGE_CURVE ( 'NONE', #476, #2571, #2205, .T. ) ;
#442 = CARTESIAN_POINT ( 'NONE',  ( -1.250000000000001332, 5.200000000000001066, 0.6500000000000000222 ) ) ;
#443 = ORIENTED_EDGE ( 'NONE', *, *, #2163, .T. ) ;
#444 = CARTESIAN_POINT ( 'NONE',  ( -3.000000000000001776, 5.400000000000000355, -0.4300000000000061551 ) ) ;
#445 = DIRECTION ( 'NONE',  ( 0.000000000000000000, 0.7071067811865479058, -0.7071067811865472397 ) ) ;
#446 =( LENGTH_UNIT ( ) NAMED_UNIT ( * ) SI_UNIT ( .MILLI., .METRE. ) );
#447 = LINE ( 'NONE', #1977, #2665 ) ;
#448 = VERTEX_POINT ( 'NONE', #496 ) ;
#449 = CARTESIAN_POINT ( 'NONE',  ( -3.000000000000001332, 0.1000000000000000472, -1.449999999999999289 ) ) ;
#450 = EDGE_CURVE ( 'NONE', #2364, #614, #289, .T. ) ;
#451 = CYLINDRICAL_SURFACE ( 'NONE', #1923, 0.3500000000000000333 ) ;
#452 = EDGE_LOOP ( 'NONE', ( #1151, #514, #2410, #693, #2177, #1429, #316, #1257, #2058 ) ) ;
#453 = CARTESIAN_POINT ( 'NONE',  ( -3.000000000000001776, 5.900000000000000355, 0.06999999999999476086 ) ) ;
#454 = DIRECTION ( 'NONE',  ( 0.000000000000000000, 1.000000000000000000, 0.000000000000000000 ) ) ;
#455 = COLOUR_RGB ( '',1.000000000000000000, 1.000000000000000000, 1.000000000000000000 ) ;
#456 = SURFACE_STYLE_USAGE ( .BOTH. , #2623 ) ;
#457 = ORIENTED_EDGE ( 'NONE', *, *, #637, .F. ) ;
#458 = ORIENTED_EDGE ( 'NONE', *, *, #1420, .F. ) ;
#459 = CIRCLE ( 'NONE', #949, 0.3500000000000000333 ) ;
#460 =( GEOMETRIC_REPRESENTATION_CONTEXT ( 3 ) GLOBAL_UNCERTAINTY_ASSIGNED_CONTEXT ( ( #523 ) ) GLOBAL_UNIT_ASSIGNED_CONTEXT ( ( #2350, #15, #1069 ) ) REPRESENTATION_CONTEXT ( 'NONE', 'WORKASPACE' ) );
#461 =( NAMED_UNIT ( * ) PLANE_ANGLE_UNIT ( ) SI_UNIT ( $, .RADIAN. ) );
#462 = MECHANICAL_DESIGN_GEOMETRIC_PRESENTATION_REPRESENTATION (  '', ( #505 ), #1221 ) ;
#463 = AXIS2_PLACEMENT_3D ( 'NONE', #1200, #1019, #2307 ) ;
#464 = EDGE_CURVE ( 'NONE', #363, #2, #1370, .T. ) ;
#465 = CARTESIAN_POINT ( 'NONE',  ( 3.699999999999998401, 5.900000000000000355, 2.450000000000000622 ) ) ;
#466 = AXIS2_PLACEMENT_3D ( 'NONE', #2473, #579, #563 ) ;
#467 = VERTEX_POINT ( 'NONE', #2218 ) ;
#468 = DIRECTION ( 'NONE',  ( -2.312964634635743056E-15, 0.000000000000000000, -1.000000000000000000 ) ) ;
#469 = ADVANCED_FACE ( 'NONE', ( #901 ), #97, .F. ) ;
#470 = VERTEX_POINT ( 'NONE', #1441 ) ;
#471 = DIRECTION ( 'NONE',  ( -0.000000000000000000, -1.000000000000000000, -0.000000000000000000 ) ) ;
#472 = DIRECTION ( 'NONE',  ( -1.000000000000000000, 0.000000000000000000, -0.000000000000000000 ) ) ;
#473 = EDGE_CURVE ( 'NONE', #2109, #2192, #1227, .T. ) ;
#474 = CARTESIAN_POINT ( 'NONE',  ( -3.700000000000001954, 5.399999999999999467, -1.230000000000006199 ) ) ;
#475 = CLOSED_SHELL ( 'NONE', ( #1990, #2185, #1193, #1315, #2312, #1929, #1662, #973 ) ) ;
#476 = VERTEX_POINT ( 'NONE', #1181 ) ;
#477 = PRESENTATION_STYLE_ASSIGNMENT (( #2391 ) ) ;
#478 = EDGE_CURVE ( 'NONE', #2349, #332, #2508, .T. ) ;
#479 = PRESENTATION_STYLE_ASSIGNMENT (( #1514 ) ) ;
#480 = CARTESIAN_POINT ( 'NONE',  ( -3.700000000000001954, 1.000000000000000000, -1.229999999999999760 ) ) ;
#481 = EDGE_LOOP ( 'NONE', ( #192, #1671 ) ) ;
#482 = CARTESIAN_POINT ( 'NONE',  ( -3.700000000000002398, 0.000000000000000000, 1.600000000000000533 ) ) ;
#483 = PRESENTATION_STYLE_ASSIGNMENT (( #123 ) ) ;
#484 = ORIENTED_EDGE ( 'NONE', *, *, #1144, .F. ) ;
#485 = DIRECTION ( 'NONE',  ( 0.000000000000000000, 1.000000000000000000, -0.000000000000000000 ) ) ;
#486 =( NAMED_UNIT ( * ) SI_UNIT ( $, .STERADIAN. ) SOLID_ANGLE_UNIT ( ) );
#487 = CARTESIAN_POINT ( 'NONE',  ( -0.4500000000000021205, 5.400000000000000355, 1.769999999999999130 ) ) ;
#488 = EDGE_CURVE ( 'NONE', #1029, #872, #2730, .T. ) ;
#489 = FACE_OUTER_BOUND ( 'NONE', #2100, .T. ) ;
#490 = CARTESIAN_POINT ( 'NONE',  ( 3.699999999999998401, 0.1000000000000000056, 1.230660171779823564 ) ) ;
#491 = CARTESIAN_POINT ( 'NONE',  ( -3.000000000000001332, 1.000000000000000000, -1.449999999999999289 ) ) ;
#492 = FILL_AREA_STYLE_COLOUR ( '', #1993 ) ;
#493 = ORIENTED_EDGE ( 'NONE', *, *, #501, .F. ) ;
#494 = DIRECTION ( 'NONE',  ( -1.548860246407863336E-16, 0.000000000000000000, -1.000000000000000000 ) ) ;
#495 = ORIENTED_EDGE ( 'NONE', *, *, #48, .F. ) ;
#496 = CARTESIAN_POINT ( 'NONE',  ( 3.000000000000001776, 1.900000000000000577, 0.8699999999999989964 ) ) ;
#497 =( NAMED_UNIT ( * ) SI_UNIT ( $, .STERADIAN. ) SOLID_ANGLE_UNIT ( ) );
#498 = VECTOR ( 'NONE', #985, 1000.000000000000000 ) ;
#499 = PLANE ( 'NONE',  #2772 ) ;
#500 =( NAMED_UNIT ( * ) PLANE_ANGLE_UNIT ( ) SI_UNIT ( $, .RADIAN. ) );
#501 = EDGE_CURVE ( 'NONE', #2102, #1912, #1994, .T. ) ;
#502 =( GEOMETRIC_REPRESENTATION_CONTEXT ( 3 ) GLOBAL_UNCERTAINTY_ASSIGNED_CONTEXT ( ( #1938 ) ) GLOBAL_UNIT_ASSIGNED_CONTEXT ( ( #2627, #1544, #285 ) ) REPRESENTATION_CONTEXT ( 'NONE', 'WORKASPACE' ) );
#503 = MECHANICAL_DESIGN_GEOMETRIC_PRESENTATION_REPRESENTATION (  '', ( #1534 ), #1130 ) ;
#504 = SURFACE_STYLE_USAGE ( .BOTH. , #2420 ) ;
#505 = STYLED_ITEM ( 'NONE', ( #2006 ), #2342 ) ;
#506 = DIRECTION ( 'NONE',  ( 0.000000000000000000, 1.000000000000000000, 0.000000000000000000 ) ) ;
#507 = COLOUR_RGB ( '',1.000000000000000000, 1.000000000000000000, 1.000000000000000000 ) ;
#508 = EDGE_CURVE ( 'NONE', #1215, #1930, #819, .T. ) ;
#509 = EDGE_LOOP ( 'NONE', ( #495, #493 ) ) ;
#510 = DIRECTION ( 'NONE',  ( 0.000000000000000000, 0.000000000000000000, -1.000000000000000000 ) ) ;
#511 = TOROIDAL_SURFACE ( 'NONE', #809, 0.1500000000000000500, 0.2000000000000000111 ) ;
#512 = CARTESIAN_POINT ( 'NONE',  ( 1.249999999999998668, 5.200000000000001066, 0.6500000000000000222 ) ) ;
#513 = AXIS2_PLACEMENT_3D ( 'NONE', #2324, #1511, #1482 ) ;
#514 = ORIENTED_EDGE ( 'NONE', *, *, #1530, .T. ) ;
#515 = LINE ( 'NONE', #2649, #2126 ) ;
#516 = COLOUR_RGB ( '',1.000000000000000000, 1.000000000000000000, 1.000000000000000000 ) ;
#517 = CARTESIAN_POINT ( 'NONE',  ( 1.249999999999998668, 5.200000000000001066, 0.4999999999999998890 ) ) ;
#518 = FILL_AREA_STYLE ('',( #2251 ) ) ;
#519 = PRESENTATION_STYLE_ASSIGNMENT (( #2037 ) ) ;
#520 = DIRECTION ( 'NONE',  ( 0.000000000000000000, 1.000000000000000000, 0.000000000000000000 ) ) ;
#521 = CARTESIAN_POINT ( 'NONE',  ( -3.700000000000001954, 5.900000000000000355, -2.449999999999999734 ) ) ;
#522 = ORIENTED_EDGE ( 'NONE', *, *, #167, .F. ) ;
#523 = UNCERTAINTY_MEASURE_WITH_UNIT (LENGTH_MEASURE( 1.000000000000000082E-05 ), #2350, 'distance_accuracy_value', 'NONE');
#524 = DIRECTION ( 'NONE',  ( -0.000000000000000000, -1.000000000000000000, -0.000000000000000000 ) ) ;
#525 = EDGE_CURVE ( 'NONE', #1293, #1100, #2495, .T. ) ;
#526 = DIRECTION ( 'NONE',  ( -0.000000000000000000, -1.000000000000000000, -0.000000000000000000 ) ) ;
#527 = ORIENTED_EDGE ( 'NONE', *, *, #2516, .T. ) ;
#528 = CARTESIAN_POINT ( 'NONE',  ( 3.699999999999998401, 5.900000000000000355, -2.449999999999999734 ) ) ;
#529 = DIRECTION ( 'NONE',  ( 0.000000000000000000, 0.000000000000000000, -1.000000000000000000 ) ) ;
#530 = CARTESIAN_POINT ( 'NONE',  ( 3.699999999999998401, 5.400000000000000355, -0.4300000000000061551 ) ) ;
#531 = EDGE_LOOP ( 'NONE', ( #1480, #2240, #1917, #970 ) ) ;
#532 =( LENGTH_UNIT ( ) NAMED_UNIT ( * ) SI_UNIT ( .MILLI., .METRE. ) );
#533 = LINE ( 'NONE', #120, #2660 ) ;
#534 = CARTESIAN_POINT ( 'NONE',  ( -1.250000000000001332, -3.500000000000000000, 0.8000000000000000444 ) ) ;
#535 = ORIENTED_EDGE ( 'NONE', *, *, #2469, .T. ) ;
#536 = FACE_OUTER_BOUND ( 'NONE', #150, .T. ) ;
#537 = CARTESIAN_POINT ( 'NONE',  ( -3.000000000000001776, 1.900000000000000577, -1.729999999999999982 ) ) ;
#538 = EDGE_CURVE ( 'NONE', #319, #470, #203, .T. ) ;
#539 = ORIENTED_EDGE ( 'NONE', *, *, #1793, .F. ) ;
#540 = CARTESIAN_POINT ( 'NONE',  ( 1.249999999999998668, -3.299999999999999822, 0.6500000000000000222 ) ) ;
#541 = DIRECTION ( 'NONE',  ( -1.000000000000000000, 0.000000000000000000, 1.858632295689436004E-15 ) ) ;
#542 = VERTEX_POINT ( 'NONE', #2681 ) ;
#543 = LINE ( 'NONE', #2700, #652 ) ;
#544 = PRESENTATION_STYLE_ASSIGNMENT (( #2210 ) ) ;
#545 = SURFACE_STYLE_FILL_AREA ( #2471 ) ;
#546 = PLANE ( 'NONE',  #254 ) ;
#547 = VECTOR ( 'NONE', #151, 1000.000000000000000 ) ;
#548 = ORIENTED_EDGE ( 'NONE', *, *, #834, .F. ) ;
#549 = UNCERTAINTY_MEASURE_WITH_UNIT (LENGTH_MEASURE( 1.000000000000000082E-05 ), #829, 'distance_accuracy_value', 'NONE');
#550 = STYLED_ITEM ( 'NONE', ( #34 ), #2283 ) ;
#551 = PLANE ( 'NONE',  #2042 ) ;
#552 = ORIENTED_EDGE ( 'NONE', *, *, #1287, .T. ) ;
#553 = VECTOR ( 'NONE', #1057, 1000.000000000000000 ) ;
#554 = CARTESIAN_POINT ( 'NONE',  ( -3.700000000000001954, 5.900000000000000355, -2.449999999999999734 ) ) ;
#555 = PRESENTATION_STYLE_ASSIGNMENT (( #1397 ) ) ;
#556 = ORIENTED_EDGE ( 'NONE', *, *, #402, .F. ) ;
#557 =( LENGTH_UNIT ( ) NAMED_UNIT ( * ) SI_UNIT ( .MILLI., .METRE. ) );
#558 = STYLED_ITEM ( 'NONE', ( #568 ), #2448 ) ;
#559 = EDGE_CURVE ( 'NONE', #178, #2424, #750, .T. ) ;
#560 = DIRECTION ( 'NONE',  ( 0.000000000000000000, 0.000000000000000000, -1.000000000000000000 ) ) ;
#561 = DIRECTION ( 'NONE',  ( 0.7071067811865474617, 0.000000000000000000, 0.7071067811865475727 ) ) ;
#562 = ADVANCED_FACE ( 'NONE', ( #2710 ), #1668, .F. ) ;
#563 = DIRECTION ( 'NONE',  ( 0.000000000000000000, -0.000000000000000000, -1.000000000000000000 ) ) ;
#564 = VECTOR ( 'NONE', #1748, 1000.000000000000000 ) ;
#565 = ORIENTED_EDGE ( 'NONE', *, *, #2616, .T. ) ;
#566 = CARTESIAN_POINT ( 'NONE',  ( -3.700000000000001954, 5.900000000000000355, 2.450000000000000622 ) ) ;
#567 = FACE_OUTER_BOUND ( 'NONE', #357, .T. ) ;
#568 = PRESENTATION_STYLE_ASSIGNMENT (( #1017 ) ) ;
#569 = ORIENTED_EDGE ( 'NONE', *, *, #627, .T. ) ;
#570 = CARTESIAN_POINT ( 'NONE',  ( -3.700000000000001954, 5.400000000000000355, -0.4300000000000061551 ) ) ;
#571 = DIRECTION ( 'NONE',  ( 0.000000000000000000, 0.000000000000000000, 1.000000000000000000 ) ) ;
#572 = PRESENTATION_STYLE_ASSIGNMENT (( #162 ) ) ;
#573 = EDGE_LOOP ( 'NONE', ( #2648, #1871, #2646, #629 ) ) ;
#574 = CARTESIAN_POINT ( 'NONE',  ( 3.699999999999998845, 1.000000000000000000, 0.2699999999999994071 ) ) ;
#575 = EDGE_CURVE ( 'NONE', #467, #2003, #2696, .T. ) ;
#576 = DIRECTION ( 'NONE',  ( -0.000000000000000000, -0.000000000000000000, 1.000000000000000000 ) ) ;
#577 = DIRECTION ( 'NONE',  ( -1.000000000000000000, -0.000000000000000000, -0.000000000000000000 ) ) ;
#578 =( NAMED_UNIT ( * ) SI_UNIT ( $, .STERADIAN. ) SOLID_ANGLE_UNIT ( ) );
#579 = DIRECTION ( 'NONE',  ( 0.000000000000000000, -1.000000000000000000, 0.000000000000000000 ) ) ;
#580 = CARTESIAN_POINT ( 'NONE',  ( 1.249999999999998668, 0.1000000000000000056, 0.6500000000000000222 ) ) ;
#581 = DIRECTION ( 'NONE',  ( 0.7071067811865474617, 0.000000000000000000, -0.7071067811865474617 ) ) ;
#582 = LINE ( 'NONE', #366, #327 ) ;
#583 = ORIENTED_EDGE ( 'NONE', *, *, #1404, .F. ) ;
#584 = FILL_AREA_STYLE_COLOUR ( '', #2380 ) ;
#585 = CARTESIAN_POINT ( 'NONE',  ( -2.100000000000001865, 5.600000000000000533, 1.769999999999998685 ) ) ;
#586 = SURFACE_STYLE_FILL_AREA ( #2030 ) ;
#587 = VERTEX_POINT ( 'NONE', #2055 ) ;
#588 = SURFACE_SIDE_STYLE ('',( #2483 ) ) ;
#589 = DIRECTION ( 'NONE',  ( -0.000000000000000000, -1.000000000000000000, -0.000000000000000000 ) ) ;
#590 = ADVANCED_FACE ( 'NONE', ( #1416 ), #292, .T. ) ;
#591 = CARTESIAN_POINT ( 'NONE',  ( -3.000000000000001776, 1.000000000000000000, -1.229999999999999760 ) ) ;
#592 = ORIENTED_EDGE ( 'NONE', *, *, #748, .T. ) ;
#593 = SURFACE_STYLE_USAGE ( .BOTH. , #1051 ) ;
#594 = EDGE_CURVE ( 'NONE', #2003, #1021, #354, .T. ) ;
#595 = VECTOR ( 'NONE', #2647, 1000.000000000000000 ) ;
#596 = ORIENTED_EDGE ( 'NONE', *, *, #1750, .T. ) ;
#597 = PRESENTATION_LAYER_ASSIGNMENT (  '', '', ( #19 ) ) ;
#598 = SURFACE_SIDE_STYLE ('',( #1874 ) ) ;
#599 = LINE ( 'NONE', #1920, #2386 ) ;
#600 = VECTOR ( 'NONE', #432, 1000.000000000000000 ) ;
#601 = ORIENTED_EDGE ( 'NONE', *, *, #1975, .F. ) ;
#602 = SURFACE_SIDE_STYLE ('',( #2524 ) ) ;
#603 = STYLED_ITEM ( 'NONE', ( #1025 ), #1968 ) ;
#604 =( NAMED_UNIT ( * ) SI_UNIT ( $, .STERADIAN. ) SOLID_ANGLE_UNIT ( ) );
#605 =( NAMED_UNIT ( * ) PLANE_ANGLE_UNIT ( ) SI_UNIT ( $, .RADIAN. ) );
#606 = CIRCLE ( 'NONE', #1545, 0.1500000000000000777 ) ;
#607 = CARTESIAN_POINT ( 'NONE',  ( -3.700000000000001954, 5.399999999999999467, -1.230000000000006199 ) ) ;
#608 = DIRECTION ( 'NONE',  ( 0.000000000000000000, 1.000000000000000000, -0.000000000000000000 ) ) ;
#609 = ORIENTED_EDGE ( 'NONE', *, *, #4, .F. ) ;
#610 = COLOUR_RGB ( '',1.000000000000000000, 1.000000000000000000, 1.000000000000000000 ) ;
#611 = CARTESIAN_POINT ( 'NONE',  ( -1.250000000000001332, -3.299999999999999822, 0.6500000000000000222 ) ) ;
#612 = SURFACE_STYLE_FILL_AREA ( #2492 ) ;
#613 = VECTOR ( 'NONE', #2301, 1000.000000000000000 ) ;
#614 = VERTEX_POINT ( 'NONE', #1459 ) ;
#615 = SURFACE_STYLE_USAGE ( .BOTH. , #2130 ) ;
#616 = DIRECTION ( 'NONE',  ( -0.000000000000000000, -0.000000000000000000, 1.000000000000000000 ) ) ;
#617 = ORIENTED_EDGE ( 'NONE', *, *, #345, .F. ) ;
#618 = FACE_OUTER_BOUND ( 'NONE', #419, .T. ) ;
#619 = ADVANCED_FACE ( 'NONE', ( #202 ), #1242, .F. ) ;
#620 = CARTESIAN_POINT ( 'NONE',  ( -3.700000000000001954, 0.1000000000000000056, -0.5999999999999994227 ) ) ;
#621 = CARTESIAN_POINT ( 'NONE',  ( -3.700000000000001954, 4.899999999999999467, 0.2700000000000002953 ) ) ;
#622 = DIRECTION ( 'NONE',  ( 0.7071067811865475727, 0.000000000000000000, 0.7071067811865475727 ) ) ;
#623 = DIRECTION ( 'NONE',  ( 0.000000000000000000, 1.000000000000000000, 0.000000000000000000 ) ) ;
#624 = CARTESIAN_POINT ( 'NONE',  ( -3.700000000000001954, 5.900000000000000355, -1.730000000000007088 ) ) ;
#625 = ORIENTED_EDGE ( 'NONE', *, *, #748, .F. ) ;
#626 = DIRECTION ( 'NONE',  ( -0.000000000000000000, 1.000000000000000000, -0.000000000000000000 ) ) ;
#627 = EDGE_CURVE ( 'NONE', #2023, #1176, #1481, .T. ) ;
#628 = FILL_AREA_STYLE ('',( #1708 ) ) ;
#629 = ORIENTED_EDGE ( 'NONE', *, *, #807, .F. ) ;
#630 = CARTESIAN_POINT ( 'NONE',  ( -1.250000000000001332, 5.200000000000001066, 0.2999999999999999334 ) ) ;
#631 = SURFACE_STYLE_FILL_AREA ( #1217 ) ;
#632 = EDGE_CURVE ( 'NONE', #1802, #2304, #418, .T. ) ;
#633 = FACE_OUTER_BOUND ( 'NONE', #2160, .T. ) ;
#634 = FACE_OUTER_BOUND ( 'NONE', #1194, .T. ) ;
#635 = UNCERTAINTY_MEASURE_WITH_UNIT (LENGTH_MEASURE( 1.000000000000000082E-05 ), #993, 'distance_accuracy_value', 'NONE');
#636 = DIRECTION ( 'NONE',  ( 0.000000000000000000, -1.000000000000000000, 0.000000000000000000 ) ) ;
#637 = EDGE_CURVE ( 'NONE', #2166, #920, #2557, .T. ) ;
#638 = VERTEX_POINT ( 'NONE', #1931 ) ;
#639 = PRESENTATION_LAYER_ASSIGNMENT (  '', '', ( #2122 ) ) ;
#640 = DIRECTION ( 'NONE',  ( 0.000000000000000000, 0.000000000000000000, 1.000000000000000000 ) ) ;
#641 = ORIENTED_EDGE ( 'NONE', *, *, #830, .T. ) ;
#642 = MECHANICAL_DESIGN_GEOMETRIC_PRESENTATION_REPRESENTATION (  '', ( #2125 ), #1353 ) ;
#643 = LINE ( 'NONE', #2335, #1639 ) ;
#644 = DIRECTION ( 'NONE',  ( 1.000000000000000000, 0.000000000000000000, 0.000000000000000000 ) ) ;
#645 = AXIS2_PLACEMENT_3D ( 'NONE', #1206, #1866, #2725 ) ;
#646 = MECHANICAL_DESIGN_GEOMETRIC_PRESENTATION_REPRESENTATION (  '', ( #2075 ), #2606 ) ;
#647 = CARTESIAN_POINT ( 'NONE',  ( 0.000000000000000000, 5.900000000000000355, 0.000000000000000000 ) ) ;
#648 = DIRECTION ( 'NONE',  ( 0.000000000000000000, 0.7071067811865454633, 0.7071067811865495711 ) ) ;
#649 = EDGE_CURVE ( 'NONE', #1340, #2349, #3, .T. ) ;
#650 = ORIENTED_EDGE ( 'NONE', *, *, #2388, .T. ) ;
#651 = FILL_AREA_STYLE ('',( #2537 ) ) ;
#652 = VECTOR ( 'NONE', #1838, 1000.000000000000000 ) ;
#653 = FILL_AREA_STYLE ('',( #2756 ) ) ;
#654 = ORIENTED_EDGE ( 'NONE', *, *, #145, .T. ) ;
#655 = PRODUCT_DEFINITION_FORMATION_WITH_SPECIFIED_SOURCE ( 'ANY', '', #2585, .NOT_KNOWN. ) ;
#656 =( LENGTH_UNIT ( ) NAMED_UNIT ( * ) SI_UNIT ( .MILLI., .METRE. ) );
#657 = SURFACE_STYLE_FILL_AREA ( #2583 ) ;
#658 = EDGE_CURVE ( 'NONE', #733, #1164, #1718, .T. ) ;
#659 = UNCERTAINTY_MEASURE_WITH_UNIT (LENGTH_MEASURE( 1.000000000000000082E-05 ), #532, 'distance_accuracy_value', 'NONE');
#660 =( LENGTH_UNIT ( ) NAMED_UNIT ( * ) SI_UNIT ( .MILLI., .METRE. ) );
#661 = VERTEX_POINT ( 'NONE', #1688 ) ;
#662 = CARTESIAN_POINT ( 'NONE',  ( 3.000000000000001776, 1.900000000000000577, 0.8699999999999989964 ) ) ;
#663 = DIRECTION ( 'NONE',  ( 0.000000000000000000, 1.000000000000000000, 0.000000000000000000 ) ) ;
#664 = ORIENTED_EDGE ( 'NONE', *, *, #2188, .T. ) ;
#665 = CARTESIAN_POINT ( 'NONE',  ( -3.000000000000001776, 1.900000000000000577, -1.729999999999999982 ) ) ;
#666 = DIRECTION ( 'NONE',  ( 0.000000000000000000, -1.000000000000000000, 0.000000000000000000 ) ) ;
#667 = SURFACE_STYLE_FILL_AREA ( #235 ) ;
#668 =( LENGTH_UNIT ( ) NAMED_UNIT ( * ) SI_UNIT ( .MILLI., .METRE. ) );
#669 = CARTESIAN_POINT ( 'NONE',  ( 2.480660171779821788, 0.000000000000000000, 2.450000000000000622 ) ) ;
#670 = DIRECTION ( 'NONE',  ( 0.7071067811865473507, 0.000000000000000000, -0.7071067811865477948 ) ) ;
#671 = CARTESIAN_POINT ( 'NONE',  ( -3.700000000000001954, 4.899999999999999467, -0.4300000000000062106 ) ) ;
#672 = ORIENTED_EDGE ( 'NONE', *, *, #1960, .F. ) ;
#673 = LINE ( 'NONE', #1142, #723 ) ;
#674 = LINE ( 'NONE', #899, #2441 ) ;
#675 = ORIENTED_EDGE ( 'NONE', *, *, #2033, .F. ) ;
#676 = FILL_AREA_STYLE ('',( #1115 ) ) ;
#677 = DIRECTION ( 'NONE',  ( 1.000000000000000000, -0.000000000000000000, -0.000000000000000000 ) ) ;
#678 = CIRCLE ( 'NONE', #374, 0.1500000000000000777 ) ;
#679 = SURFACE_STYLE_FILL_AREA ( #1606 ) ;
#680 = STYLED_ITEM ( 'NONE', ( #147 ), #2107 ) ;
#681 = AXIS2_PLACEMENT_3D ( 'NONE', #1798, #2158, #2598 ) ;
#682 = MECHANICAL_DESIGN_GEOMETRIC_PRESENTATION_REPRESENTATION (  '', ( #337 ), #769 ) ;
#683 =( NAMED_UNIT ( * ) SI_UNIT ( $, .STERADIAN. ) SOLID_ANGLE_UNIT ( ) );
#684 = AXIS2_PLACEMENT_3D ( 'NONE', #2194, #273, #904 ) ;
#685 = STYLED_ITEM ( 'NONE', ( #1970 ), #469 ) ;
#686 = UNCERTAINTY_MEASURE_WITH_UNIT (LENGTH_MEASURE( 1.000000000000000082E-05 ), #2747, 'distance_accuracy_value', 'NONE');
#687 = SURFACE_STYLE_USAGE ( .BOTH. , #1093 ) ;
#688 = ORIENTED_EDGE ( 'NONE', *, *, #1154, .F. ) ;
#689 =( GEOMETRIC_REPRESENTATION_CONTEXT ( 3 ) GLOBAL_UNCERTAINTY_ASSIGNED_CONTEXT ( ( #1140 ) ) GLOBAL_UNIT_ASSIGNED_CONTEXT ( ( #871, #2191, #2366 ) ) REPRESENTATION_CONTEXT ( 'NONE', 'WORKASPACE' ) );
#690 = FACE_OUTER_BOUND ( 'NONE', #1349, .T. ) ;
#691 = SURFACE_STYLE_USAGE ( .BOTH. , #182 ) ;
#692 = ADVANCED_FACE ( 'NONE', ( #2142 ), #869, .T. ) ;
#693 = ORIENTED_EDGE ( 'NONE', *, *, #1624, .T. ) ;
#694 = CARTESIAN_POINT ( 'NONE',  ( 3.000000000000002665, 4.899999999999999467, 0.2699999999999948552 ) ) ;
#695 = MECHANICAL_DESIGN_GEOMETRIC_PRESENTATION_REPRESENTATION (  '', ( #2092 ), #122 ) ;
#696 = CIRCLE ( 'NONE', #349, 0.3500000000000000333 ) ;
#697 = ADVANCED_FACE ( 'NONE', ( #690 ), #2600, .F. ) ;
#698 =( GEOMETRIC_REPRESENTATION_CONTEXT ( 3 ) GLOBAL_UNCERTAINTY_ASSIGNED_CONTEXT ( ( #1715 ) ) GLOBAL_UNIT_ASSIGNED_CONTEXT ( ( #1434, #45, #1062 ) ) REPRESENTATION_CONTEXT ( 'NONE', 'WORKASPACE' ) );
#699 = PRESENTATION_STYLE_ASSIGNMENT (( #1760 ) ) ;
#700 = CARTESIAN_POINT ( 'NONE',  ( -1.250000000000001332, -3.299999999999999822, 1.000000000000000000 ) ) ;
#701 = FILL_AREA_STYLE ('',( #883 ) ) ;
#702 = ORIENTED_EDGE ( 'NONE', *, *, #1848, .F. ) ;
#703 = LINE ( 'NONE', #2378, #2656 ) ;
#704 = FILL_AREA_STYLE ('',( #2463 ) ) ;
#705 = FACE_OUTER_BOUND ( 'NONE', #1844, .T. ) ;
#706 = ORIENTED_EDGE ( 'NONE', *, *, #1612, .T. ) ;
#707 = DIRECTION ( 'NONE',  ( 1.000000000000000000, 0.000000000000000000, -1.224646799147353207E-16 ) ) ;
#708 = EDGE_CURVE ( 'NONE', #1842, #476, #673, .T. ) ;
#709 = FILL_AREA_STYLE ('',( #321 ) ) ;
#710 = ORIENTED_EDGE ( 'NONE', *, *, #1773, .F. ) ;
#711 = CARTESIAN_POINT ( 'NONE',  ( -3.700000000000001954, 4.899999999999999467, -0.4300000000000062106 ) ) ;
#712 = DIRECTION ( 'NONE',  ( -2.521400401129081168E-16, 0.000000000000000000, 1.000000000000000000 ) ) ;
#713 =( NAMED_UNIT ( * ) PLANE_ANGLE_UNIT ( ) SI_UNIT ( $, .RADIAN. ) );
#714 = ORIENTED_EDGE ( 'NONE', *, *, #1975, .T. ) ;
#715 = LINE ( 'NONE', #2426, #2706 ) ;
#716 = ORIENTED_EDGE ( 'NONE', *, *, #1893, .F. ) ;
#717 = DIRECTION ( 'NONE',  ( 0.000000000000000000, -1.000000000000000000, 0.000000000000000000 ) ) ;
#718 = PLANE ( 'NONE',  #390 ) ;
#719 = DIRECTION ( 'NONE',  ( 1.000000000000000000, 0.000000000000000000, 0.000000000000000000 ) ) ;
#720 = ORIENTED_EDGE ( 'NONE', *, *, #1104, .F. ) ;
#721 =( NAMED_UNIT ( * ) PLANE_ANGLE_UNIT ( ) SI_UNIT ( $, .RADIAN. ) );
#722 = VECTOR ( 'NONE', #2196, 1000.000000000000000 ) ;
#723 = VECTOR ( 'NONE', #931, 1000.000000000000000 ) ;
#724 =( NAMED_UNIT ( * ) SI_UNIT ( $, .STERADIAN. ) SOLID_ANGLE_UNIT ( ) );
#725 = CARTESIAN_POINT ( 'NONE',  ( 3.699999999999998401, 0.1000000000000000056, 1.230660171779823564 ) ) ;
#726 = VECTOR ( 'NONE', #50, 1000.000000000000000 ) ;
#727 = FACE_OUTER_BOUND ( 'NONE', #2067, .T. ) ;
#728 = VECTOR ( 'NONE', #626, 1000.000000000000000 ) ;
#729 = EDGE_CURVE ( 'NONE', #1692, #2461, #1127, .T. ) ;
#730 = EDGE_LOOP ( 'NONE', ( #854, #1556, #1934, #1883, #2309 ) ) ;
#731 = FACE_OUTER_BOUND ( 'NONE', #2269, .T. ) ;
#732 = PRESENTATION_LAYER_ASSIGNMENT (  '', '', ( #1948 ) ) ;
#733 = VERTEX_POINT ( 'NONE', #482 ) ;
#734 = EDGE_CURVE ( 'NONE', #2278, #2699, #2401, .T. ) ;
#735 =( LENGTH_UNIT ( ) NAMED_UNIT ( * ) SI_UNIT ( .MILLI., .METRE. ) );
#736 = CIRCLE ( 'NONE', #259, 0.3500000000000000333 ) ;
#737 = MECHANICAL_DESIGN_GEOMETRIC_PRESENTATION_REPRESENTATION (  '', ( #1503 ), #1597 ) ;
#738 = DIRECTION ( 'NONE',  ( -0.000000000000000000, -1.000000000000000000, -0.000000000000000000 ) ) ;
#739 = DIRECTION ( 'NONE',  ( 0.000000000000000000, -1.000000000000000000, 0.000000000000000000 ) ) ;
#740 = CARTESIAN_POINT ( 'NONE',  ( 1.249999999999998668, -3.500000000000000000, 0.4999999999999998890 ) ) ;
#741 = PRESENTATION_LAYER_ASSIGNMENT (  '', '', ( #832 ) ) ;
#742 = LINE ( 'NONE', #359, #2082 ) ;
#743 = VECTOR ( 'NONE', #1589, 1000.000000000000114 ) ;
#744 =( LENGTH_UNIT ( ) NAMED_UNIT ( * ) SI_UNIT ( .MILLI., .METRE. ) );
#745 = EDGE_CURVE ( 'NONE', #256, #1281, #1122, .T. ) ;
#746 = VERTEX_POINT ( 'NONE', #1529 ) ;
#747 = FILL_AREA_STYLE_COLOUR ( '', #1079 ) ;
#748 = EDGE_CURVE ( 'NONE', #1131, #2559, #703, .T. ) ;
#749 = ORIENTED_EDGE ( 'NONE', *, *, #216, .T. ) ;
#750 = LINE ( 'NONE', #1657, #1313 ) ;
#751 = LINE ( 'NONE', #369, #1320 ) ;
#752 = ORIENTED_EDGE ( 'NONE', *, *, #2423, .T. ) ;
#753 = FACE_OUTER_BOUND ( 'NONE', #417, .T. ) ;
#754 = FILL_AREA_STYLE_COLOUR ( '', #1352 ) ;
#755 = FILL_AREA_STYLE ('',( #2237 ) ) ;
#756 = SURFACE_STYLE_USAGE ( .BOTH. , #1378 ) ;
#757 = ORIENTED_EDGE ( 'NONE', *, *, #877, .T. ) ;
#758 = LINE ( 'NONE', #972, #902 ) ;
#759 = ORIENTED_EDGE ( 'NONE', *, *, #1118, .T. ) ;
#760 = CARTESIAN_POINT ( 'NONE',  ( 2.999999999999998668, 0.000000000000000000, -1.449999999999999956 ) ) ;
#761 = EDGE_CURVE ( 'NONE', #2204, #1847, #1325, .T. ) ;
#762 = DIRECTION ( 'NONE',  ( 0.000000000000000000, -0.000000000000000000, -1.000000000000000000 ) ) ;
#763 = ORIENTED_EDGE ( 'NONE', *, *, #1287, .F. ) ;
#764 = CARTESIAN_POINT ( 'NONE',  ( -3.700000000000002398, 0.000000000000000000, 1.600000000000000533 ) ) ;
#765 = SURFACE_STYLE_USAGE ( .BOTH. , #1849 ) ;
#766 = CARTESIAN_POINT ( 'NONE',  ( -1.734723475976807094E-15, 5.400000000000000355, 1.319999999999998952 ) ) ;
#767 = ORIENTED_EDGE ( 'NONE', *, *, #2534, .F. ) ;
#768 = CARTESIAN_POINT ( 'NONE',  ( -0.4500000000000021205, 5.400000000000000355, 1.769999999999999130 ) ) ;
#769 =( GEOMETRIC_REPRESENTATION_CONTEXT ( 3 ) GLOBAL_UNCERTAINTY_ASSIGNED_CONTEXT ( ( #2658 ) ) GLOBAL_UNIT_ASSIGNED_CONTEXT ( ( #735, #55, #296 ) ) REPRESENTATION_CONTEXT ( 'NONE', 'WORKASPACE' ) );
#770 = DIRECTION ( 'NONE',  ( -0.000000000000000000, -1.000000000000000000, -0.000000000000000000 ) ) ;
#771 = ORIENTED_EDGE ( 'NONE', *, *, #1338, .T. ) ;
#772 = CARTESIAN_POINT ( 'NONE',  ( -3.000000000000001776, 1.900000000000000577, 0.8699999999999989964 ) ) ;
#773 = SURFACE_STYLE_USAGE ( .BOTH. , #1432 ) ;
#774 = EDGE_CURVE ( 'NONE', #1642, #183, #67, .T. ) ;
#775 = DIRECTION ( 'NONE',  ( -1.858632295689436004E-15, 0.000000000000000000, -1.000000000000000000 ) ) ;
#776 = ORIENTED_EDGE ( 'NONE', *, *, #1034, .T. ) ;
#777 = LINE ( 'NONE', #1009, #1013 ) ;
#778 = MECHANICAL_DESIGN_GEOMETRIC_PRESENTATION_REPRESENTATION (  '', ( #1463 ), #1048 ) ;
#779 =( NAMED_UNIT ( * ) PLANE_ANGLE_UNIT ( ) SI_UNIT ( $, .RADIAN. ) );
#780 = CARTESIAN_POINT ( 'NONE',  ( -0.4500000000000021205, 5.400000000000000355, 1.769999999999999130 ) ) ;
#781 = CIRCLE ( 'NONE', #2353, 0.1999999999999999833 ) ;
#782 = VERTEX_POINT ( 'NONE', #1563 ) ;
#783 = DIRECTION ( 'NONE',  ( 0.000000000000000000, -1.000000000000000000, 0.000000000000000000 ) ) ;
#784 = DIRECTION ( 'NONE',  ( 0.7071067811865475727, -0.000000000000000000, 0.7071067811865475727 ) ) ;
#785 = ORIENTED_EDGE ( 'NONE', *, *, #1385, .F. ) ;
#786 = CARTESIAN_POINT ( 'NONE',  ( -1.250000000000001332, 5.200000000000001066, 0.4999999999999998890 ) ) ;
#787 =( NAMED_UNIT ( * ) SI_UNIT ( $, .STERADIAN. ) SOLID_ANGLE_UNIT ( ) );
#788 = DIRECTION ( 'NONE',  ( -1.334402673828313635E-15, 0.000000000000000000, -1.000000000000000000 ) ) ;
#789 = EDGE_LOOP ( 'NONE', ( #2242, #52, #913, #2202 ) ) ;
#790 = FILL_AREA_STYLE ('',( #1186 ) ) ;
#791 = EDGE_CURVE ( 'NONE', #278, #1083, #85, .T. ) ;
#792 = DIRECTION ( 'NONE',  ( 0.000000000000000000, 0.000000000000000000, -1.000000000000000000 ) ) ;
#793 = LINE ( 'NONE', #196, #1915 ) ;
#794 = EDGE_CURVE ( 'NONE', #1842, #1100, #715, .T. ) ;
#795 = PLANE ( 'NONE',  #2077 ) ;
#796 = CARTESIAN_POINT ( 'NONE',  ( 1.249999999999998668, 1.900000000000000577, 0.6500000000000000222 ) ) ;
#797 = DIRECTION ( 'NONE',  ( -0.000000000000000000, 1.000000000000000000, -0.000000000000000000 ) ) ;
#798 = ORIENTED_EDGE ( 'NONE', *, *, #627, .F. ) ;
#799 = DIRECTION ( 'NONE',  ( 1.000000000000000000, -0.000000000000000000, 1.224646799147353207E-16 ) ) ;
#800 =( NAMED_UNIT ( * ) SI_UNIT ( $, .STERADIAN. ) SOLID_ANGLE_UNIT ( ) );
#801 = CARTESIAN_POINT ( 'NONE',  ( 2.999999999999998668, 4.300000000000005151, -1.530000000000003357 ) ) ;
#802 = EDGE_LOOP ( 'NONE', ( #2532, #1185, #2726, #46, #2620 ) ) ;
#803 = FILL_AREA_STYLE_COLOUR ( '', #20 ) ;
#804 = DIRECTION ( 'NONE',  ( 0.000000000000000000, -1.000000000000000000, -1.084202172485503448E-16 ) ) ;
#805 = CARTESIAN_POINT ( 'NONE',  ( 2.999999999999999112, 4.899999999999999467, -1.230000000000004867 ) ) ;
#806 = CARTESIAN_POINT ( 'NONE',  ( -1.250000000000001332, 5.200000000000001066, 0.6500000000000000222 ) ) ;
#807 = EDGE_CURVE ( 'NONE', #2150, #1215, #1169, .T. ) ;
#808 = LINE ( 'NONE', #1250, #613 ) ;
#809 = AXIS2_PLACEMENT_3D ( 'NONE', #806, #2339, #2078 ) ;
#810 = VECTOR ( 'NONE', #1096, 1000.000000000000000 ) ;
#811 = EDGE_CURVE ( 'NONE', #448, #2166, #2589, .T. ) ;
#812 = ORIENTED_EDGE ( 'NONE', *, *, #1932, .F. ) ;
#813 = CARTESIAN_POINT ( 'NONE',  ( 1.249999999999998668, 0.000000000000000000, 1.000000000000000000 ) ) ;
#814 = VECTOR ( 'NONE', #1712, 999.9999999999998863 ) ;
#815 = VECTOR ( 'NONE', #1939, 1000.000000000000000 ) ;
#816 = DIRECTION ( 'NONE',  ( -0.000000000000000000, 1.000000000000000000, -0.000000000000000000 ) ) ;
#817 = VECTOR ( 'NONE', #1655, 1000.000000000000000 ) ;
#818 = VECTOR ( 'NONE', #51, 1000.000000000000000 ) ;
#819 = CIRCLE ( 'NONE', #1044, 0.1500000000000000777 ) ;
#820 = EDGE_LOOP ( 'NONE', ( #2522, #2229, #443, #798 ) ) ;
#821 = AXIS2_PLACEMENT_3D ( 'NONE', #2554, #608, #2355 ) ;
#822 = CARTESIAN_POINT ( 'NONE',  ( -3.000000000000001776, 4.899999999999999467, -0.4300000000000062106 ) ) ;
#823 = AXIS2_PLACEMENT_3D ( 'NONE', #2348, #1720, #2144 ) ;
#824 = DIRECTION ( 'NONE',  ( 0.000000000000000000, 0.000000000000000000, 1.000000000000000000 ) ) ;
#825 = STYLED_ITEM ( 'NONE', ( #544 ), #2614 ) ;
#826 =( LENGTH_UNIT ( ) NAMED_UNIT ( * ) SI_UNIT ( .MILLI., .METRE. ) );
#827 = ORIENTED_EDGE ( 'NONE', *, *, #734, .T. ) ;
#828 = UNCERTAINTY_MEASURE_WITH_UNIT (LENGTH_MEASURE( 1.000000000000000082E-05 ), #945, 'distance_accuracy_value', 'NONE');
#829 =( LENGTH_UNIT ( ) NAMED_UNIT ( * ) SI_UNIT ( .MILLI., .METRE. ) );
#830 = EDGE_CURVE ( 'NONE', #1847, #2221, #2365, .T. ) ;
#831 = COLOUR_RGB ( '',1.000000000000000000, 1.000000000000000000, 1.000000000000000000 ) ;
#832 = STYLED_ITEM ( 'NONE', ( #2018 ), #138 ) ;
#833 = ORIENTED_EDGE ( 'NONE', *, *, #2250, .F. ) ;
#834 = EDGE_CURVE ( 'NONE', #1238, #733, #2275, .T. ) ;
#835 =( NAMED_UNIT ( * ) PLANE_ANGLE_UNIT ( ) SI_UNIT ( $, .RADIAN. ) );
#836 = ORIENTED_EDGE ( 'NONE', *, *, #2628, .T. ) ;
#837 = FILL_AREA_STYLE ('',( #2146 ) ) ;
#838 = FILL_AREA_STYLE_COLOUR ( '', #831 ) ;
#839 = DIRECTION ( 'NONE',  ( 0.000000000000000000, 0.000000000000000000, -1.000000000000000000 ) ) ;
#840 = EDGE_CURVE ( 'NONE', #1284, #2225, #2462, .T. ) ;
#841 = SURFACE_STYLE_FILL_AREA ( #391 ) ;
#842 = LINE ( 'NONE', #1716, #815 ) ;
#843 = ORIENTED_EDGE ( 'NONE', *, *, #1375, .T. ) ;
#844 = DIRECTION ( 'NONE',  ( 0.000000000000000000, -0.7071067811865472397, -0.7071067811865479058 ) ) ;
#845 = CARTESIAN_POINT ( 'NONE',  ( -3.000000000000001776, 1.900000000000000577, 0.8699999999999989964 ) ) ;
#846 = VERTEX_POINT ( 'NONE', #2693 ) ;
#847 = DIRECTION ( 'NONE',  ( -1.000000000000000000, 0.000000000000000000, -1.172110456741085828E-16 ) ) ;
#848 = PLANE ( 'NONE',  #874 ) ;
#849 = EDGE_CURVE ( 'NONE', #2054, #126, #334, .T. ) ;
#850 = CARTESIAN_POINT ( 'NONE',  ( 1.249999999999998668, 5.200000000000001066, 1.000000000000000000 ) ) ;
#851 = DIRECTION ( 'NONE',  ( 0.000000000000000000, -0.000000000000000000, -1.000000000000000000 ) ) ;
#852 = UNCERTAINTY_MEASURE_WITH_UNIT (LENGTH_MEASURE( 1.000000000000000082E-05 ), #7, 'distance_accuracy_value', 'NONE');
#853 = CARTESIAN_POINT ( 'NONE',  ( 2.100000000000001865, 5.600000000000000533, 1.769999999999999796 ) ) ;
#854 = ORIENTED_EDGE ( 'NONE', *, *, #761, .F. ) ;
#855 = VECTOR ( 'NONE', #351, 1000.000000000000000 ) ;
#856 = VERTEX_POINT ( 'NONE', #1854 ) ;
#857 = VECTOR ( 'NONE', #1783, 1000.000000000000000 ) ;
#858 = SURFACE_STYLE_USAGE ( .BOTH. , #602 ) ;
#859 = COLOUR_RGB ( '',1.000000000000000000, 1.000000000000000000, 1.000000000000000000 ) ;
#860 = STYLED_ITEM ( 'NONE', ( #1766 ), #697 ) ;
#861 =( NAMED_UNIT ( * ) SI_UNIT ( $, .STERADIAN. ) SOLID_ANGLE_UNIT ( ) );
#862 = VECTOR ( 'NONE', #1594, 1000.000000000000000 ) ;
#863 = CARTESIAN_POINT ( 'NONE',  ( -1.250000000000001332, -7.989949493661165469, 0.2999999999999999334 ) ) ;
#864 = SURFACE_STYLE_FILL_AREA ( #1073 ) ;
#865 = STYLED_ITEM ( 'NONE', ( #886 ), #1485 ) ;
#866 = SURFACE_STYLE_FILL_AREA ( #26 ) ;
#867 = STYLED_ITEM ( 'NONE', ( #699 ), #2553 ) ;
#868 = ORIENTED_EDGE ( 'NONE', *, *, #473, .F. ) ;
#869 = PLANE ( 'NONE',  #2119 ) ;
#870 = VECTOR ( 'NONE', #2594, 1000.000000000000000 ) ;
#871 =( LENGTH_UNIT ( ) NAMED_UNIT ( * ) SI_UNIT ( .MILLI., .METRE. ) );
#872 = VERTEX_POINT ( 'NONE', #1412 ) ;
#873 = CARTESIAN_POINT ( 'NONE',  ( -3.700000000000001954, 0.1000000000000000056, -0.5999999999999994227 ) ) ;
#874 = AXIS2_PLACEMENT_3D ( 'NONE', #1737, #472, #1312 ) ;
#875 = PRESENTATION_STYLE_ASSIGNMENT (( #2135 ) ) ;
#876 = ORIENTED_EDGE ( 'NONE', *, *, #1454, .T. ) ;
#877 = EDGE_CURVE ( 'NONE', #134, #256, #141, .T. ) ;
#878 = DIRECTION ( 'NONE',  ( 1.000000000000000000, 0.000000000000000000, 0.000000000000000000 ) ) ;
#879 = SURFACE_STYLE_FILL_AREA ( #1781 ) ;
#880 = EDGE_CURVE ( 'NONE', #1512, #1083, #758, .T. ) ;
#881 = UNCERTAINTY_MEASURE_WITH_UNIT (LENGTH_MEASURE( 1.000000000000000082E-05 ), #660, 'distance_accuracy_value', 'NONE');
#882 = FILL_AREA_STYLE_COLOUR ( '', #1041 ) ;
#883 = FILL_AREA_STYLE_COLOUR ( '', #381 ) ;
#884 = ORIENTED_EDGE ( 'NONE', *, *, #1504, .T. ) ;
#885 = FILL_AREA_STYLE ('',( #1348 ) ) ;
#886 = PRESENTATION_STYLE_ASSIGNMENT (( #691 ) ) ;
#887 = ORIENTED_EDGE ( 'NONE', *, *, #575, .T. ) ;
#888 =( LENGTH_UNIT ( ) NAMED_UNIT ( * ) SI_UNIT ( .MILLI., .METRE. ) );
#889 = LINE ( 'NONE', #1961, #2094 ) ;
#890 = LINE ( 'NONE', #1513, #2761 ) ;
#891 = EDGE_LOOP ( 'NONE', ( #749, #548, #431, #617 ) ) ;
#892 = CARTESIAN_POINT ( 'NONE',  ( 0.000000000000000000, 0.000000000000000000, 0.000000000000000000 ) ) ;
#893 =( NAMED_UNIT ( * ) SI_UNIT ( $, .STERADIAN. ) SOLID_ANGLE_UNIT ( ) );
#894 = CARTESIAN_POINT ( 'NONE',  ( 2.999999999999999112, 1.000000000000000000, -1.230000000000004867 ) ) ;
#895 = ADVANCED_FACE ( 'NONE', ( #731 ), #317, .T. ) ;
#896 = DIRECTION ( 'NONE',  ( 0.000000000000000000, 0.000000000000000000, -1.000000000000000000 ) ) ;
#897 = ORIENTED_EDGE ( 'NONE', *, *, #478, .F. ) ;
#898 = CARTESIAN_POINT ( 'NONE',  ( -3.000000000000001776, 0.1000000000000000472, 0.2700000000000001843 ) ) ;
#899 = CARTESIAN_POINT ( 'NONE',  ( 3.699999999999998401, 5.900000000000000355, 0.06999999999999476086 ) ) ;
#900 = ORIENTED_EDGE ( 'NONE', *, *, #794, .T. ) ;
#901 = FACE_OUTER_BOUND ( 'NONE', #1336, .T. ) ;
#902 = VECTOR ( 'NONE', #2241, 1000.000000000000000 ) ;
#903 = SURFACE_SIDE_STYLE ('',( #1723 ) ) ;
#904 = DIRECTION ( 'NONE',  ( 0.000000000000000000, -0.000000000000000000, 1.000000000000000000 ) ) ;
#905 = DIRECTION ( 'NONE',  ( 0.000000000000000000, -1.000000000000000000, 0.000000000000000000 ) ) ;
#906 = CIRCLE ( 'NONE', #2340, 0.1999999999999999833 ) ;
#907 = FILL_AREA_STYLE_COLOUR ( '', #1168 ) ;
#908 = CIRCLE ( 'NONE', #2484, 0.1500000000000000777 ) ;
#909 = COLOUR_RGB ( '',1.000000000000000000, 1.000000000000000000, 1.000000000000000000 ) ;
#910 = UNCERTAINTY_MEASURE_WITH_UNIT (LENGTH_MEASURE( 1.000000000000000082E-05 ), #1098, 'distance_accuracy_value', 'NONE');
#911 = CARTESIAN_POINT ( 'NONE',  ( -3.700000000000001954, 0.000000000000000000, 2.450000000000000622 ) ) ;
#912 = CARTESIAN_POINT ( 'NONE',  ( 0.000000000000000000, 5.400000000000000355, 0.000000000000000000 ) ) ;
#913 = ORIENTED_EDGE ( 'NONE', *, *, #729, .T. ) ;
#914 =( GEOMETRIC_REPRESENTATION_CONTEXT ( 3 ) GLOBAL_UNCERTAINTY_ASSIGNED_CONTEXT ( ( #1619 ) ) GLOBAL_UNIT_ASSIGNED_CONTEXT ( ( #1570, #1617, #2418 ) ) REPRESENTATION_CONTEXT ( 'NONE', 'WORKASPACE' ) );
#915 = VECTOR ( 'NONE', #2057, 1000.000000000000000 ) ;
#916 = DIRECTION ( 'NONE',  ( -1.594414959537506927E-16, -0.000000000000000000, -1.000000000000000000 ) ) ;
#917 = ADVANCED_FACE ( 'NONE', ( #536 ), #2285, .F. ) ;
#918 = PLANE ( 'NONE',  #2034 ) ;
#919 = LINE ( 'NONE', #2413, #1183 ) ;
#920 = VERTEX_POINT ( 'NONE', #2515 ) ;
#921 = CARTESIAN_POINT ( 'NONE',  ( 2.999999999999998668, 1.000000000000000000, -1.449999999999999956 ) ) ;
#922 = CARTESIAN_POINT ( 'NONE',  ( -3.700000000000001954, 5.900000000000000355, 0.06999999999999476086 ) ) ;
#923 = ORIENTED_EDGE ( 'NONE', *, *, #1960, .T. ) ;
#924 = SURFACE_STYLE_FILL_AREA ( #2195 ) ;
#925 = PRESENTATION_LAYER_ASSIGNMENT (  '', '', ( #2679 ) ) ;
#926 = DIRECTION ( 'NONE',  ( -0.000000000000000000, -1.000000000000000000, -0.000000000000000000 ) ) ;
#927 = DIRECTION ( 'NONE',  ( 0.000000000000000000, 0.000000000000000000, 1.000000000000000000 ) ) ;
#928 = CARTESIAN_POINT ( 'NONE',  ( 2.999999999999998668, 1.000000000000000000, 0.2699999999999994071 ) ) ;
#929 = LINE ( 'NONE', #1784, #424 ) ;
#930 = ORIENTED_EDGE ( 'NONE', *, *, #41, .T. ) ;
#931 = DIRECTION ( 'NONE',  ( 0.000000000000000000, -0.7071067811865477948, 0.7071067811865473507 ) ) ;
#932 = EDGE_LOOP ( 'NONE', ( #672, #2390, #2048, #2490 ) ) ;
#933 = DIRECTION ( 'NONE',  ( 0.000000000000000000, 0.000000000000000000, -1.000000000000000000 ) ) ;
#934 = CARTESIAN_POINT ( 'NONE',  ( -1.250000000000001332, -3.299999999999999822, 0.6500000000000000222 ) ) ;
#935 = EDGE_CURVE ( 'NONE', #2247, #2007, #2139, .T. ) ;
#936 = ORIENTED_EDGE ( 'NONE', *, *, #791, .F. ) ;
#937 = FILL_AREA_STYLE_COLOUR ( '', #2439 ) ;
#938 = EDGE_CURVE ( 'NONE', #1220, #142, #678, .T. ) ;
#939 = ORIENTED_EDGE ( 'NONE', *, *, #48, .T. ) ;
#940 = UNCERTAINTY_MEASURE_WITH_UNIT (LENGTH_MEASURE( 1.000000000000000082E-05 ), #2639, 'distance_accuracy_value', 'NONE');
#941 = CARTESIAN_POINT ( 'NONE',  ( -1.250000000000001332, -3.299999999999999822, 0.4999999999999998890 ) ) ;
#942 = EDGE_LOOP ( 'NONE', ( #1198, #876, #32, #2377 ) ) ;
#943 = FILL_AREA_STYLE_COLOUR ( '', #70 ) ;
#944 = DIRECTION ( 'NONE',  ( 0.000000000000000000, -1.000000000000000000, 0.000000000000000000 ) ) ;
#945 =( LENGTH_UNIT ( ) NAMED_UNIT ( * ) SI_UNIT ( .MILLI., .METRE. ) );
#946 = FILL_AREA_STYLE_COLOUR ( '', #124 ) ;
#947 = ADVANCED_FACE ( 'NONE', ( #2341 ), #1251, .F. ) ;
#948 = VECTOR ( 'NONE', #1518, 1000.000000000000000 ) ;
#949 = AXIS2_PLACEMENT_3D ( 'NONE', #387, #2512, #2118 ) ;
#950 = DIRECTION ( 'NONE',  ( 1.000000000000000000, -0.000000000000000000, -0.000000000000000000 ) ) ;
#951 = AXIS2_PLACEMENT_3D ( 'NONE', #1815, #1341, #2404 ) ;
#952 = VECTOR ( 'NONE', #1428, 1000.000000000000000 ) ;
#953 =( GEOMETRIC_REPRESENTATION_CONTEXT ( 3 ) GLOBAL_UNCERTAINTY_ASSIGNED_CONTEXT ( ( #302 ) ) GLOBAL_UNIT_ASSIGNED_CONTEXT ( ( #190, #2498, #787 ) ) REPRESENTATION_CONTEXT ( 'NONE', 'WORKASPACE' ) );
#954 = ORIENTED_EDGE ( 'NONE', *, *, #216, .F. ) ;
#955 =( NAMED_UNIT ( * ) SI_UNIT ( $, .STERADIAN. ) SOLID_ANGLE_UNIT ( ) );
#956 =( NAMED_UNIT ( * ) PLANE_ANGLE_UNIT ( ) SI_UNIT ( $, .RADIAN. ) );
#957 = ORIENTED_EDGE ( 'NONE', *, *, #2388, .F. ) ;
#958 = DIRECTION ( 'NONE',  ( 1.000000000000000000, -0.000000000000000000, -0.000000000000000000 ) ) ;
#959 = VECTOR ( 'NONE', #2173, 1000.000000000000000 ) ;
#960 = AXIS2_PLACEMENT_3D ( 'NONE', #2358, #31, #1744 ) ;
#961 = SURFACE_STYLE_USAGE ( .BOTH. , #283 ) ;
#962 = PLANE ( 'NONE',  #2719 ) ;
#963 = EDGE_LOOP ( 'NONE', ( #187, #1387, #1600, #939 ) ) ;
#964 =( GEOMETRIC_REPRESENTATION_CONTEXT ( 3 ) GLOBAL_UNCERTAINTY_ASSIGNED_CONTEXT ( ( #2174 ) ) GLOBAL_UNIT_ASSIGNED_CONTEXT ( ( #1613, #341, #800 ) ) REPRESENTATION_CONTEXT ( 'NONE', 'WORKASPACE' ) );
#965 = VECTOR ( 'NONE', #1664, 1000.000000000000000 ) ;
#966 = UNCERTAINTY_MEASURE_WITH_UNIT (LENGTH_MEASURE( 1.000000000000000082E-05 ), #2062, 'distance_accuracy_value', 'NONE');
#967 = DIRECTION ( 'NONE',  ( 0.000000000000000000, -1.000000000000000000, -1.084202172485503448E-16 ) ) ;
#968 =( NAMED_UNIT ( * ) PLANE_ANGLE_UNIT ( ) SI_UNIT ( $, .RADIAN. ) );
#969 = EDGE_CURVE ( 'NONE', #2031, #2150, #2244, .T. ) ;
#970 = ORIENTED_EDGE ( 'NONE', *, *, #2143, .F. ) ;
#971 = UNCERTAINTY_MEASURE_WITH_UNIT (LENGTH_MEASURE( 1.000000000000000082E-05 ), #2519, 'distance_accuracy_value', 'NONE');
#972 = CARTESIAN_POINT ( 'NONE',  ( -3.000000000000001776, 1.900000000000000577, 0.8699999999999989964 ) ) ;
#973 = ADVANCED_FACE ( 'NONE', ( #1914 ), #1676, .T. ) ;
#974 = ORIENTED_EDGE ( 'NONE', *, *, #92, .T. ) ;
#975 = CARTESIAN_POINT ( 'NONE',  ( -3.000000000000001776, 2.450000000000005507, 1.420000000000002816 ) ) ;
#976 = CARTESIAN_POINT ( 'NONE',  ( -3.000000000000001776, 1.000000000000000000, 0.2700000000000001843 ) ) ;
#977 = CARTESIAN_POINT ( 'NONE',  ( 0.000000000000000000, 0.000000000000000000, 0.000000000000000000 ) ) ;
#978 = ORIENTED_EDGE ( 'NONE', *, *, #1490, .F. ) ;
#979 = DIRECTION ( 'NONE',  ( -1.000000000000000000, 0.000000000000000000, 0.000000000000000000 ) ) ;
#980 = DIRECTION ( 'NONE',  ( 0.000000000000000000, -0.7071067811865473507, -0.7071067811865477948 ) ) ;
#981 = CARTESIAN_POINT ( 'NONE',  ( -3.700000000000001954, 5.900000000000000355, -2.449999999999999734 ) ) ;
#982 = SURFACE_SIDE_STYLE ('',( #2653 ) ) ;
#983 = LINE ( 'NONE', #780, #2299 ) ;
#984 = EDGE_LOOP ( 'NONE', ( #710, #1554, #230, #2464 ) ) ;
#985 = DIRECTION ( 'NONE',  ( 1.000000000000000000, 0.000000000000000000, 0.000000000000000000 ) ) ;
#986 = EDGE_CURVE ( 'NONE', #1056, #2181, #2769, .T. ) ;
#987 = SURFACE_SIDE_STYLE ('',( #2053 ) ) ;
#988 = ORIENTED_EDGE ( 'NONE', *, *, #306, .F. ) ;
#989 = CARTESIAN_POINT ( 'NONE',  ( -1.250000000000001332, 5.200000000000001066, 1.000000000000000000 ) ) ;
#990 = ORIENTED_EDGE ( 'NONE', *, *, #1591, .T. ) ;
#991 = DIRECTION ( 'NONE',  ( 9.435651794974624189E-16, -0.7071067811865467956, 0.7071067811865483499 ) ) ;
#992 = SURFACE_STYLE_USAGE ( .BOTH. , #1203 ) ;
#993 =( LENGTH_UNIT ( ) NAMED_UNIT ( * ) SI_UNIT ( .MILLI., .METRE. ) );
#994 = PRESENTATION_STYLE_ASSIGNMENT (( #148 ) ) ;
#995 =( GEOMETRIC_REPRESENTATION_CONTEXT ( 3 ) GLOBAL_UNCERTAINTY_ASSIGNED_CONTEXT ( ( #1562 ) ) GLOBAL_UNIT_ASSIGNED_CONTEXT ( ( #1380, #1427, #2226 ) ) REPRESENTATION_CONTEXT ( 'NONE', 'WORKASPACE' ) );
#996 = CARTESIAN_POINT ( 'NONE',  ( 2.999999999999998668, 1.000000000000000000, -0.5999999999999986455 ) ) ;
#997 = PRESENTATION_LAYER_ASSIGNMENT (  '', '', ( #2757 ) ) ;
#998 = AXIS2_PLACEMENT_3D ( 'NONE', #766, #2487, #561 ) ;
#999 = ORIENTED_EDGE ( 'NONE', *, *, #464, .F. ) ;
#1000 = SURFACE_STYLE_USAGE ( .BOTH. , #395 ) ;
#1001 = VECTOR ( 'NONE', #1616, 1000.000000000000000 ) ;
#1002 = EDGE_CURVE ( 'NONE', #661, #1743, #1468, .T. ) ;
#1003 = VERTEX_POINT ( 'NONE', #624 ) ;
#1004 = STYLED_ITEM ( 'NONE', ( #1448 ), #2005 ) ;
#1005 = DIRECTION ( 'NONE',  ( -0.000000000000000000, -0.7071067811865483499, -0.7071067811865467956 ) ) ;
#1006 =( NAMED_UNIT ( * ) SI_UNIT ( $, .STERADIAN. ) SOLID_ANGLE_UNIT ( ) );
#1007 =( LENGTH_UNIT ( ) NAMED_UNIT ( * ) SI_UNIT ( .MILLI., .METRE. ) );
#1008 = VERTEX_POINT ( 'NONE', #217 ) ;
#1009 = CARTESIAN_POINT ( 'NONE',  ( 3.000000000000002665, 2.450000000000005507, 1.420000000000002816 ) ) ;
#1010 = VECTOR ( 'NONE', #1211, 1000.000000000000000 ) ;
#1011 = FACE_OUTER_BOUND ( 'NONE', #2086, .T. ) ;
#1012 = CARTESIAN_POINT ( 'NONE',  ( -1.250000000000001332, 0.000000000000000000, 0.6500000000000000222 ) ) ;
#1013 = VECTOR ( 'NONE', #991, 1000.000000000000000 ) ;
#1014 = DIRECTION ( 'NONE',  ( 0.7071067811865474617, 0.000000000000000000, -0.7071067811865474617 ) ) ;
#1015 = ORIENTED_EDGE ( 'NONE', *, *, #1408, .F. ) ;
#1016 = CARTESIAN_POINT ( 'NONE',  ( 2.100000000000001865, 1.900000000000000577, 1.769999999999998685 ) ) ;
#1017 = SURFACE_STYLE_USAGE ( .BOTH. , #2099 ) ;
#1018 = VERTEX_POINT ( 'NONE', #1479 ) ;
#1019 = DIRECTION ( 'NONE',  ( -1.084202172485504434E-16, 0.000000000000000000, -1.000000000000000000 ) ) ;
#1020 = LINE ( 'NONE', #2539, #257 ) ;
#1021 = VERTEX_POINT ( 'NONE', #2331 ) ;
#1022 = CARTESIAN_POINT ( 'NONE',  ( 3.699999999999998401, 5.900000000000000355, 2.450000000000000622 ) ) ;
#1023 = SURFACE_STYLE_USAGE ( .BOTH. , #405 ) ;
#1024 = FACE_OUTER_BOUND ( 'NONE', #2536, .T. ) ;
#1025 = PRESENTATION_STYLE_ASSIGNMENT (( #1477 ) ) ;
#1026 = CARTESIAN_POINT ( 'NONE',  ( -3.000000000000001332, 1.000000000000000000, -1.449999999999999289 ) ) ;
#1027 = UNCERTAINTY_MEASURE_WITH_UNIT (LENGTH_MEASURE( 1.000000000000000082E-05 ), #2491, 'distance_accuracy_value', 'NONE');
#1028 = DIRECTION ( 'NONE',  ( -0.000000000000000000, 1.000000000000000000, -0.000000000000000000 ) ) ;
#1029 = VERTEX_POINT ( 'NONE', #416 ) ;
#1030 = CARTESIAN_POINT ( 'NONE',  ( 2.999999999999998668, 0.000000000000000000, 0.2699999999999994071 ) ) ;
#1031 = DIRECTION ( 'NONE',  ( -0.7071067811865474617, -0.000000000000000000, -0.7071067811865475727 ) ) ;
#1032 = ORIENTED_EDGE ( 'NONE', *, *, #2076, .T. ) ;
#1033 = DIRECTION ( 'NONE',  ( 0.000000000000000000, 0.000000000000000000, 1.000000000000000000 ) ) ;
#1034 = EDGE_CURVE ( 'NONE', #322, #1721, #842, .T. ) ;
#1035 = PLANE ( 'NONE',  #2580 ) ;
#1036 = DIRECTION ( 'NONE',  ( 0.000000000000000000, 0.000000000000000000, -1.000000000000000000 ) ) ;
#1037 = APPLICATION_CONTEXT ( 'automotive_design' ) ;
#1038 = MECHANICAL_DESIGN_GEOMETRIC_PRESENTATION_REPRESENTATION (  '', ( #2610 ), #2248 ) ;
#1039 = AXIS2_PLACEMENT_3D ( 'NONE', #611, #1028, #394 ) ;
#1040 = ORIENTED_EDGE ( 'NONE', *, *, #1002, .F. ) ;
#1041 = COLOUR_RGB ( '',1.000000000000000000, 1.000000000000000000, 1.000000000000000000 ) ;
#1042 = PRESENTATION_LAYER_ASSIGNMENT (  '', '', ( #1954 ) ) ;
#1043 = LINE ( 'NONE', #1496, #2081 ) ;
#1044 = AXIS2_PLACEMENT_3D ( 'NONE', #1834, #2044, #2289 ) ;
#1045 = ORIENTED_EDGE ( 'NONE', *, *, #2641, .F. ) ;
#1046 = DIRECTION ( 'NONE',  ( 0.000000000000000000, 1.000000000000000000, 0.000000000000000000 ) ) ;
#1047 = DIRECTION ( 'NONE',  ( 0.000000000000000000, -1.000000000000000000, 0.000000000000000000 ) ) ;
#1048 =( GEOMETRIC_REPRESENTATION_CONTEXT ( 3 ) GLOBAL_UNCERTAINTY_ASSIGNED_CONTEXT ( ( #49 ) ) GLOBAL_UNIT_ASSIGNED_CONTEXT ( ( #2238, #713, #2475 ) ) REPRESENTATION_CONTEXT ( 'NONE', 'WORKASPACE' ) );
#1049 = AXIS2_PLACEMENT_3D ( 'NONE', #330, #1175, #2180 ) ;
#1050 = FILL_AREA_STYLE ('',( #2138 ) ) ;
#1051 = SURFACE_SIDE_STYLE ('',( #2569 ) ) ;
#1052 =( NAMED_UNIT ( * ) SI_UNIT ( $, .STERADIAN. ) SOLID_ANGLE_UNIT ( ) );
#1053 =( LENGTH_UNIT ( ) NAMED_UNIT ( * ) SI_UNIT ( .MILLI., .METRE. ) );
#1054 = AXIS2_PLACEMENT_3D ( 'NONE', #2314, #1464, #1905 ) ;
#1055 = AXIS2_PLACEMENT_3D ( 'NONE', #2032, #905, #2184 ) ;
#1056 = VERTEX_POINT ( 'NONE', #1262 ) ;
#1057 = DIRECTION ( 'NONE',  ( -1.334402673828313635E-15, 0.000000000000000000, -1.000000000000000000 ) ) ;
#1058 = PRESENTATION_LAYER_ASSIGNMENT (  '', '', ( #1099 ) ) ;
#1059 = EDGE_CURVE ( 'NONE', #1996, #542, #9, .T. ) ;
#1060 = LINE ( 'NONE', #1271, #1689 ) ;
#1061 = ORIENTED_EDGE ( 'NONE', *, *, #73, .F. ) ;
#1062 =( NAMED_UNIT ( * ) SI_UNIT ( $, .STERADIAN. ) SOLID_ANGLE_UNIT ( ) );
#1063 = DIRECTION ( 'NONE',  ( 0.000000000000000000, -1.084202172485503448E-16, 1.000000000000000000 ) ) ;
#1064 = DIRECTION ( 'NONE',  ( 0.000000000000000000, -0.000000000000000000, -1.000000000000000000 ) ) ;
#1065 = SURFACE_STYLE_USAGE ( .BOTH. , #1684 ) ;
#1066 = EDGE_LOOP ( 'NONE', ( #565, #2450, #2334, #2695, #370 ) ) ;
#1067 = SURFACE_SIDE_STYLE ('',( #1471 ) ) ;
#1068 = ORIENTED_EDGE ( 'NONE', *, *, #1848, .T. ) ;
#1069 =( NAMED_UNIT ( * ) SI_UNIT ( $, .STERADIAN. ) SOLID_ANGLE_UNIT ( ) );
#1070 = DIRECTION ( 'NONE',  ( -1.000000000000000000, -0.000000000000000000, 1.703746271048649769E-15 ) ) ;
#1071 = FILL_AREA_STYLE_COLOUR ( '', #336 ) ;
#1072 = DIRECTION ( 'NONE',  ( 0.000000000000000000, 0.000000000000000000, 1.000000000000000000 ) ) ;
#1073 = FILL_AREA_STYLE ('',( #236 ) ) ;
#1074 = EDGE_CURVE ( 'NONE', #638, #1056, #1507, .T. ) ;
#1075 = UNCERTAINTY_MEASURE_WITH_UNIT (LENGTH_MEASURE( 1.000000000000000082E-05 ), #16, 'distance_accuracy_value', 'NONE');
#1076 = CARTESIAN_POINT ( 'NONE',  ( -2.100000000000001865, 1.900000000000000577, 1.769999999999998685 ) ) ;
#1077 = ORIENTED_EDGE ( 'NONE', *, *, #791, .T. ) ;
#1078 = PRESENTATION_LAYER_ASSIGNMENT (  '', '', ( #2670 ) ) ;
#1079 = COLOUR_RGB ( '',1.000000000000000000, 1.000000000000000000, 1.000000000000000000 ) ;
#1080 = EDGE_CURVE ( 'NONE', #2435, #1996, #2148, .T. ) ;
#1081 = DIRECTION ( 'NONE',  ( 0.000000000000000000, -0.7071067811865472397, -0.7071067811865479058 ) ) ;
#1082 = VECTOR ( 'NONE', #2503, 1000.000000000000000 ) ;
#1083 = VERTEX_POINT ( 'NONE', #1665 ) ;
#1084 = CARTESIAN_POINT ( 'NONE',  ( 3.330660171779820988, 0.000000000000000000, 1.600000000000001421 ) ) ;
#1085 = AXIS2_PLACEMENT_3D ( 'NONE', #1735, #420, #1309 ) ;
#1086 = VECTOR ( 'NONE', #154, 1000.000000000000000 ) ;
#1087 = ORIENTED_EDGE ( 'NONE', *, *, #2163, .F. ) ;
#1088 =( GEOMETRIC_REPRESENTATION_CONTEXT ( 3 ) GLOBAL_UNCERTAINTY_ASSIGNED_CONTEXT ( ( #1108 ) ) GLOBAL_UNIT_ASSIGNED_CONTEXT ( ( #1487, #2123, #1937 ) ) REPRESENTATION_CONTEXT ( 'NONE', 'WORKASPACE' ) );
#1089 = FILL_AREA_STYLE_COLOUR ( '', #516 ) ;
#1090 = DIRECTION ( 'NONE',  ( -1.000000000000000000, -0.000000000000000000, -0.000000000000000000 ) ) ;
#1091 = CARTESIAN_POINT ( 'NONE',  ( 3.000000000000002665, 4.899999999999999467, 0.2699999999999948552 ) ) ;
#1092 = COLOUR_RGB ( '',0.7921568627450980005, 0.8196078431372548767, 0.9333333333333333481 ) ;
#1093 = SURFACE_SIDE_STYLE ('',( #2200 ) ) ;
#1094 = STYLED_ITEM ( 'NONE', ( #2245 ), #1670 ) ;
#1095 = EDGE_LOOP ( 'NONE', ( #1393, #720, #988, #1943, #2754 ) ) ;
#1096 = DIRECTION ( 'NONE',  ( 0.000000000000000000, -1.000000000000000000, 0.000000000000000000 ) ) ;
#1097 = COLOUR_RGB ( '',1.000000000000000000, 1.000000000000000000, 1.000000000000000000 ) ;
#1098 =( LENGTH_UNIT ( ) NAMED_UNIT ( * ) SI_UNIT ( .MILLI., .METRE. ) );
#1099 = STYLED_ITEM ( 'NONE', ( #1863 ), #2708 ) ;
#1100 = VERTEX_POINT ( 'NONE', #275 ) ;
#1101 = SURFACE_STYLE_USAGE ( .BOTH. , #2167 ) ;
#1102 = VERTEX_POINT ( 'NONE', #1076 ) ;
#1103 = FILL_AREA_STYLE ('',( #2545 ) ) ;
#1104 = EDGE_CURVE ( 'NONE', #2278, #1743, #1966, .T. ) ;
#1105 = DIRECTION ( 'NONE',  ( 0.000000000000000000, 0.000000000000000000, 1.000000000000000000 ) ) ;
#1106 = FILL_AREA_STYLE ('',( #1089 ) ) ;
#1107 = CARTESIAN_POINT ( 'NONE',  ( -3.000000000000001776, 1.900000000000000577, 0.8699999999999989964 ) ) ;
#1108 = UNCERTAINTY_MEASURE_WITH_UNIT (LENGTH_MEASURE( 1.000000000000000082E-05 ), #1487, 'distance_accuracy_value', 'NONE');
#1109 = LINE ( 'NONE', #2199, #1492 ) ;
#1110 = EDGE_CURVE ( 'NONE', #2, #846, #1119, .T. ) ;
#1111 = LINE ( 'NONE', #42, #818 ) ;
#1112 = ORIENTED_EDGE ( 'NONE', *, *, #2052, .T. ) ;
#1113 = DIRECTION ( 'NONE',  ( -1.000000000000000000, 0.000000000000000000, 1.548860246407863336E-16 ) ) ;
#1114 = VERTEX_POINT ( 'NONE', #1321 ) ;
#1115 = FILL_AREA_STYLE_COLOUR ( '', #859 ) ;
#1116 =( NAMED_UNIT ( * ) SI_UNIT ( $, .STERADIAN. ) SOLID_ANGLE_UNIT ( ) );
#1117 = CARTESIAN_POINT ( 'NONE',  ( 1.249999999999998668, 0.1000000000000000056, 0.2999999999999999334 ) ) ;
#1118 = EDGE_CURVE ( 'NONE', #846, #1642, #267, .T. ) ;
#1119 = LINE ( 'NONE', #928, #157 ) ;
#1120 = CARTESIAN_POINT ( 'NONE',  ( 1.249999999999998668, 5.400000000000000355, 0.6500000000000000222 ) ) ;
#1121 = ORIENTED_EDGE ( 'NONE', *, *, #1074, .T. ) ;
#1122 = LINE ( 'NONE', #2004, #810 ) ;
#1123 =( NAMED_UNIT ( * ) SI_UNIT ( $, .STERADIAN. ) SOLID_ANGLE_UNIT ( ) );
#1124 = DIRECTION ( 'NONE',  ( -0.000000000000000000, -1.000000000000000000, -0.000000000000000000 ) ) ;
#1125 = VERTEX_POINT ( 'NONE', #1559 ) ;
#1126 = SURFACE_STYLE_FILL_AREA ( #2451 ) ;
#1127 = CIRCLE ( 'NONE', #2027, 0.1999999999999999833 ) ;
#1128 =( LENGTH_UNIT ( ) NAMED_UNIT ( * ) SI_UNIT ( .MILLI., .METRE. ) );
#1129 = CARTESIAN_POINT ( 'NONE',  ( -0.4500000000000022871, 5.400000000000000355, 1.769999999999998685 ) ) ;
#1130 =( GEOMETRIC_REPRESENTATION_CONTEXT ( 3 ) GLOBAL_UNCERTAINTY_ASSIGNED_CONTEXT ( ( #2259 ) ) GLOBAL_UNIT_ASSIGNED_CONTEXT ( ( #446, #40, #1547 ) ) REPRESENTATION_CONTEXT ( 'NONE', 'WORKASPACE' ) );
#1131 = VERTEX_POINT ( 'NONE', #1091 ) ;
#1132 = VECTOR ( 'NONE', #1803, 1000.000000000000000 ) ;
#1133 = DIRECTION ( 'NONE',  ( 0.000000000000000000, 1.000000000000000000, 0.000000000000000000 ) ) ;
#1134 = UNCERTAINTY_MEASURE_WITH_UNIT (LENGTH_MEASURE( 1.000000000000000082E-05 ), #1850, 'distance_accuracy_value', 'NONE');
#1135 = LINE ( 'NONE', #1763, #857 ) ;
#1136 =( GEOMETRIC_REPRESENTATION_CONTEXT ( 3 ) GLOBAL_UNCERTAINTY_ASSIGNED_CONTEXT ( ( #828 ) ) GLOBAL_UNIT_ASSIGNED_CONTEXT ( ( #945, #1836, #2279 ) ) REPRESENTATION_CONTEXT ( 'NONE', 'WORKASPACE' ) );
#1137 = SURFACE_STYLE_FILL_AREA ( #1345 ) ;
#1138 = VERTEX_POINT ( 'NONE', #480 ) ;
#1139 = MECHANICAL_DESIGN_GEOMETRIC_PRESENTATION_REPRESENTATION (  '', ( #2574 ), #1643 ) ;
#1140 = UNCERTAINTY_MEASURE_WITH_UNIT (LENGTH_MEASURE( 1.000000000000000082E-05 ), #871, 'distance_accuracy_value', 'NONE');
#1141 = COLOUR_RGB ( '',1.000000000000000000, 1.000000000000000000, 1.000000000000000000 ) ;
#1142 = CARTESIAN_POINT ( 'NONE',  ( -3.000000000000001776, 2.599999999999996536, 1.569999999999994955 ) ) ;
#1143 = ORIENTED_EDGE ( 'NONE', *, *, #1375, .F. ) ;
#1144 = EDGE_CURVE ( 'NONE', #2424, #322, #2000, .T. ) ;
#1145 = DIRECTION ( 'NONE',  ( -0.000000000000000000, -1.000000000000000000, -0.000000000000000000 ) ) ;
#1146 = FACE_OUTER_BOUND ( 'NONE', #1095, .T. ) ;
#1147 = COLOUR_RGB ( '',1.000000000000000000, 1.000000000000000000, 1.000000000000000000 ) ;
#1148 = SHAPE_DEFINITION_REPRESENTATION ( #240, #2398 ) ;
#1149 = LINE ( 'NONE', #2486, #743 ) ;
#1150 = CARTESIAN_POINT ( 'NONE',  ( 2.999999999999998668, 0.1000000000000000472, 0.2699999999999994071 ) ) ;
#1151 = ORIENTED_EDGE ( 'NONE', *, *, #649, .T. ) ;
#1152 = DIRECTION ( 'NONE',  ( 0.000000000000000000, 0.000000000000000000, 1.000000000000000000 ) ) ;
#1153 = DIRECTION ( 'NONE',  ( 0.000000000000000000, 0.000000000000000000, 1.000000000000000000 ) ) ;
#1154 = EDGE_CURVE ( 'NONE', #1721, #1003, #1135, .T. ) ;
#1155 = ORIENTED_EDGE ( 'NONE', *, *, #1104, .T. ) ;
#1156 = PRESENTATION_STYLE_ASSIGNMENT (( #2635 ) ) ;
#1157 = CARTESIAN_POINT ( 'NONE',  ( -3.700000000000001954, 1.000000000000000000, 0.2700000000000002953 ) ) ;
#1158 = LINE ( 'NONE', #487, #2175 ) ;
#1159 =( LENGTH_UNIT ( ) NAMED_UNIT ( * ) SI_UNIT ( .MILLI., .METRE. ) );
#1160 = CARTESIAN_POINT ( 'NONE',  ( -3.700000000000001954, 5.900000000000000355, 2.450000000000000622 ) ) ;
#1161 = ORIENTED_EDGE ( 'NONE', *, *, #2020, .F. ) ;
#1162 = FILL_AREA_STYLE_COLOUR ( '', #2562 ) ;
#1163 = FACE_OUTER_BOUND ( 'NONE', #2613, .T. ) ;
#1164 = VERTEX_POINT ( 'NONE', #911 ) ;
#1165 = DIRECTION ( 'NONE',  ( -1.000000000000000000, 0.000000000000000000, -0.000000000000000000 ) ) ;
#1166 = LINE ( 'NONE', #2499, #915 ) ;
#1167 = EDGE_LOOP ( 'NONE', ( #1369, #1791, #836, #702 ) ) ;
#1168 = COLOUR_RGB ( '',1.000000000000000000, 1.000000000000000000, 1.000000000000000000 ) ;
#1169 = CIRCLE ( 'NONE', #246, 0.1999999999999999833 ) ;
#1170 = SURFACE_SIDE_STYLE ('',( #2457 ) ) ;
#1171 = AXIS2_PLACEMENT_3D ( 'NONE', #170, #1880, #792 ) ;
#1172 = VECTOR ( 'NONE', #1904, 1000.000000000000114 ) ;
#1173 = FILL_AREA_STYLE ('',( #328 ) ) ;
#1174 = STYLED_ITEM ( 'NONE', ( #179 ), #562 ) ;
#1175 = DIRECTION ( 'NONE',  ( -1.172110456741085828E-16, 0.000000000000000000, 1.000000000000000000 ) ) ;
#1176 = VERTEX_POINT ( 'NONE', #2187 ) ;
#1177 = CARTESIAN_POINT ( 'NONE',  ( 3.700000000000002842, 4.899999999999999467, 0.2699999999999936340 ) ) ;
#1178 = AXIS2_PLACEMENT_3D ( 'NONE', #2513, #622, #1014 ) ;
#1179 = VECTOR ( 'NONE', #2744, 1000.000000000000000 ) ;
#1180 = ORIENTED_EDGE ( 'NONE', *, *, #2637, .T. ) ;
#1181 = CARTESIAN_POINT ( 'NONE',  ( -3.000000000000001776, 5.399999999999999467, -1.230000000000006199 ) ) ;
#1182 = VECTOR ( 'NONE', #1974, 1000.000000000000000 ) ;
#1183 = VECTOR ( 'NONE', #1956, 1000.000000000000000 ) ;
#1184 = CARTESIAN_POINT ( 'NONE',  ( 0.000000000000000000, -3.500000000000000000, 0.000000000000000000 ) ) ;
#1185 = ORIENTED_EDGE ( 'NONE', *, *, #1074, .F. ) ;
#1186 = FILL_AREA_STYLE_COLOUR ( '', #1219 ) ;
#1187 = ADVANCED_FACE ( 'NONE', ( #2176 ), #1949, .T. ) ;
#1188 = COLOUR_RGB ( '',0.7921568627450980005, 0.8196078431372548767, 0.9333333333333333481 ) ;
#1189 = SURFACE_SIDE_STYLE ('',( #118 ) ) ;
#1190 = DIRECTION ( 'NONE',  ( -1.334402673828313635E-15, 0.000000000000000000, -1.000000000000000000 ) ) ;
#1191 = EDGE_CURVE ( 'NONE', #1470, #746, #1109, .T. ) ;
#1192 =( NAMED_UNIT ( * ) PLANE_ANGLE_UNIT ( ) SI_UNIT ( $, .RADIAN. ) );
#1193 = ADVANCED_FACE ( 'NONE', ( #1360 ), #287, .T. ) ;
#1194 = EDGE_LOOP ( 'NONE', ( #1629, #1433, #1734, #2683 ) ) ;
#1195 = UNCERTAINTY_MEASURE_WITH_UNIT (LENGTH_MEASURE( 1.000000000000000082E-05 ), #1159, 'distance_accuracy_value', 'NONE');
#1196 = PRESENTATION_STYLE_ASSIGNMENT (( #2080 ) ) ;
#1197 = CARTESIAN_POINT ( 'NONE',  ( 0.000000000000000000, 5.600000000000000533, 1.769999999999999796 ) ) ;
#1198 = ORIENTED_EDGE ( 'NONE', *, *, #450, .F. ) ;
#1199 = DIRECTION ( 'NONE',  ( 0.000000000000000000, 1.000000000000000000, 0.000000000000000000 ) ) ;
#1200 = CARTESIAN_POINT ( 'NONE',  ( 2.999999999999998668, 1.000000000000000000, -1.449999999999999956 ) ) ;
#1201 = DIRECTION ( 'NONE',  ( 1.000000000000000000, 0.000000000000000000, -1.334402673828313635E-15 ) ) ;
#1202 = ORIENTED_EDGE ( 'NONE', *, *, #575, .F. ) ;
#1203 = SURFACE_SIDE_STYLE ('',( #631 ) ) ;
#1204 = SURFACE_STYLE_FILL_AREA ( #2722 ) ;
#1205 = ADVANCED_FACE ( 'NONE', ( #2643 ), #237, .F. ) ;
#1206 = CARTESIAN_POINT ( 'NONE',  ( 1.249999999999998668, -3.299999999999999822, 0.6500000000000000222 ) ) ;
#1207 = EDGE_LOOP ( 'NONE', ( #2638, #2717, #1418, #2676 ) ) ;
#1208 = PRESENTATION_STYLE_ASSIGNMENT (( #1000 ) ) ;
#1209 = FILL_AREA_STYLE ('',( #2678 ) ) ;
#1210 = EDGE_CURVE ( 'NONE', #1018, #1138, #1593, .T. ) ;
#1211 = DIRECTION ( 'NONE',  ( -0.000000000000000000, 1.000000000000000000, -0.000000000000000000 ) ) ;
#1212 = ORIENTED_EDGE ( 'NONE', *, *, #1431, .T. ) ;
#1213 = DIRECTION ( 'NONE',  ( -0.000000000000000000, 1.000000000000000000, -0.000000000000000000 ) ) ;
#1214 = LINE ( 'NONE', #2066, #1500 ) ;
#1215 = VERTEX_POINT ( 'NONE', #2021 ) ;
#1216 = LINE ( 'NONE', #385, #2527 ) ;
#1217 = FILL_AREA_STYLE ('',( #169 ) ) ;
#1218 = STYLED_ITEM ( 'NONE', ( #2753 ), #947 ) ;
#1219 = COLOUR_RGB ( '',1.000000000000000000, 1.000000000000000000, 1.000000000000000000 ) ;
#1220 = VERTEX_POINT ( 'NONE', #1608 ) ;
#1221 =( GEOMETRIC_REPRESENTATION_CONTEXT ( 3 ) GLOBAL_UNCERTAINTY_ASSIGNED_CONTEXT ( ( #2568 ) ) GLOBAL_UNIT_ASSIGNED_CONTEXT ( ( #111, #956, #1123 ) ) REPRESENTATION_CONTEXT ( 'NONE', 'WORKASPACE' ) );
#1222 = CIRCLE ( 'NONE', #1774, 0.1500000000000000777 ) ;
#1223 = PRESENTATION_LAYER_ASSIGNMENT (  '', '', ( #860 ) ) ;
#1224 = CARTESIAN_POINT ( 'NONE',  ( -3.700000000000001954, 5.900000000000000355, 2.450000000000000622 ) ) ;
#1225 = ORIENTED_EDGE ( 'NONE', *, *, #2586, .T. ) ;
#1226 = VECTOR ( 'NONE', #415, 1000.000000000000000 ) ;
#1227 = LINE ( 'NONE', #131, #426 ) ;
#1228 = ADVANCED_FACE ( 'NONE', ( #2459 ), #1620, .T. ) ;
#1229 = STYLED_ITEM ( 'NONE', ( #555 ), #1330 ) ;
#1230 = LINE ( 'NONE', #845, #1361 ) ;
#1231 = ORIENTED_EDGE ( 'NONE', *, *, #1338, .F. ) ;
#1232 = DIRECTION ( 'NONE',  ( -0.000000000000000000, -0.000000000000000000, -1.000000000000000000 ) ) ;
#1233 = MECHANICAL_DESIGN_GEOMETRIC_PRESENTATION_REPRESENTATION (  '', ( #2389 ), #914 ) ;
#1234 = LINE ( 'NONE', #1695, #2313 ) ;
#1235 = LINE ( 'NONE', #2136, #109 ) ;
#1236 = CLOSED_SHELL ( 'NONE', ( #2501, #590, #1522, #2774, #1228, #2748, #2219, #2352 ) ) ;
#1237 = COLOUR_RGB ( '',1.000000000000000000, 1.000000000000000000, 1.000000000000000000 ) ;
#1238 = VERTEX_POINT ( 'NONE', #1839 ) ;
#1239 = FILL_AREA_STYLE_COLOUR ( '', #59 ) ;
#1240 = FACE_OUTER_BOUND ( 'NONE', #1551, .T. ) ;
#1241 = ORIENTED_EDGE ( 'NONE', *, *, #2443, .F. ) ;
#1242 = PLANE ( 'NONE',  #1776 ) ;
#1243 = PRESENTATION_STYLE_ASSIGNMENT (( #2056 ) ) ;
#1244 = EDGE_CURVE ( 'NONE', #920, #856, #533, .T. ) ;
#1245 = CARTESIAN_POINT ( 'NONE',  ( -3.000000000000001332, 0.000000000000000000, -1.449999999999999289 ) ) ;
#1246 = ORIENTED_EDGE ( 'NONE', *, *, #2573, .T. ) ;
#1247 = CARTESIAN_POINT ( 'NONE',  ( 3.699999999999998401, 1.000000000000000000, -2.449999999999999734 ) ) ;
#1248 = LINE ( 'NONE', #2104, #1421 ) ;
#1249 = SURFACE_STYLE_USAGE ( .BOTH. , #1475 ) ;
#1250 = CARTESIAN_POINT ( 'NONE',  ( -3.000000000000001332, 1.000000000000000000, -1.449999999999999289 ) ) ;
#1251 = PLANE ( 'NONE',  #1305 ) ;
#1252 = PRODUCT_RELATED_PRODUCT_CATEGORY ( 'part', '', ( #2585 ) ) ;
#1253 = ORIENTED_EDGE ( 'NONE', *, *, #119, .F. ) ;
#1254 = CARTESIAN_POINT ( 'NONE',  ( 3.000000000000001776, 5.900000000000000355, 0.8699999999999989964 ) ) ;
#1255 = CARTESIAN_POINT ( 'NONE',  ( -2.100000000000001865, 1.900000000000000577, 1.769999999999998685 ) ) ;
#1256 = FACE_OUTER_BOUND ( 'NONE', #891, .T. ) ;
#1257 = ORIENTED_EDGE ( 'NONE', *, *, #423, .F. ) ;
#1258 = FILL_AREA_STYLE ('',( #838 ) ) ;
#1259 = ADVANCED_FACE ( 'NONE', ( #2472 ), #2702, .F. ) ;
#1260 = FACE_OUTER_BOUND ( 'NONE', #1066, .T. ) ;
#1261 = AXIS2_PLACEMENT_3D ( 'NONE', #1598, #783, #2260 ) ;
#1262 = CARTESIAN_POINT ( 'NONE',  ( -2.100000000000001865, 5.900000000000000355, 1.769999999999998685 ) ) ;
#1263 = ADVANCED_FACE ( 'NONE', ( #1423 ), #2272, .F. ) ;
#1264 = MECHANICAL_DESIGN_GEOMETRIC_PRESENTATION_REPRESENTATION (  '', ( #680 ), #1582 ) ;
#1265 = COLOUR_RGB ( '',1.000000000000000000, 1.000000000000000000, 1.000000000000000000 ) ;
#1266 = ORIENTED_EDGE ( 'NONE', *, *, #1381, .F. ) ;
#1267 = CARTESIAN_POINT ( 'NONE',  ( 3.000000000000002665, 2.599999999999996536, 1.569999999999994955 ) ) ;
#1268 = AXIS2_PLACEMENT_3D ( 'NONE', #1390, #326, #967 ) ;
#1269 = MECHANICAL_DESIGN_GEOMETRIC_PRESENTATION_REPRESENTATION (  '', ( #2206 ), #164 ) ;
#1270 = CIRCLE ( 'NONE', #68, 0.1500000000000000777 ) ;
#1271 = CARTESIAN_POINT ( 'NONE',  ( -1.734723475976807094E-15, 5.400000000000000355, 1.319999999999998952 ) ) ;
#1272 = VECTOR ( 'NONE', #272, 1000.000000000000000 ) ;
#1273 = ORIENTED_EDGE ( 'NONE', *, *, #2076, .F. ) ;
#1274 = SURFACE_SIDE_STYLE ('',( #209 ) ) ;
#1275 = CARTESIAN_POINT ( 'NONE',  ( -3.700000000000001954, 5.900000000000000355, 2.450000000000000622 ) ) ;
#1276 = CARTESIAN_POINT ( 'NONE',  ( -3.000000000000001776, 0.1000000000000000056, -0.5999999999999993117 ) ) ;
#1277 = COLOUR_RGB ( '',1.000000000000000000, 1.000000000000000000, 1.000000000000000000 ) ;
#1278 = MECHANICAL_DESIGN_GEOMETRIC_PRESENTATION_REPRESENTATION (  '', ( #171 ), #1736 ) ;
#1279 = SURFACE_SIDE_STYLE ('',( #841 ) ) ;
#1280 = EDGE_CURVE ( 'NONE', #2571, #1981, #793, .T. ) ;
#1281 = VERTEX_POINT ( 'NONE', #1436 ) ;
#1282 = PRESENTATION_STYLE_ASSIGNMENT (( #615 ) ) ;
#1283 = SURFACE_STYLE_USAGE ( .BOTH. , #232 ) ;
#1284 = VERTEX_POINT ( 'NONE', #2316 ) ;
#1285 = PRESENTATION_STYLE_ASSIGNMENT (( #858 ) ) ;
#1286 = DIRECTION ( 'NONE',  ( 0.000000000000000000, 0.000000000000000000, -1.000000000000000000 ) ) ;
#1287 = EDGE_CURVE ( 'NONE', #403, #476, #1895, .T. ) ;
#1288 =( NAMED_UNIT ( * ) PLANE_ANGLE_UNIT ( ) SI_UNIT ( $, .RADIAN. ) );
#1289 = LINE ( 'NONE', #863, #959 ) ;
#1290 = FACE_OUTER_BOUND ( 'NONE', #1467, .T. ) ;
#1291 = DIRECTION ( 'NONE',  ( -0.000000000000000000, 1.000000000000000000, -0.000000000000000000 ) ) ;
#1292 = ADVANCED_FACE ( 'NONE', ( #1024 ), #1698, .F. ) ;
#1293 = VERTEX_POINT ( 'NONE', #356 ) ;
#1294 =( NAMED_UNIT ( * ) PLANE_ANGLE_UNIT ( ) SI_UNIT ( $, .RADIAN. ) );
#1295 = ADVANCED_FACE ( 'NONE', ( #2268 ), #2714, .T. ) ;
#1296 = DIRECTION ( 'NONE',  ( 0.000000000000000000, 0.000000000000000000, 1.000000000000000000 ) ) ;
#1297 = EDGE_LOOP ( 'NONE', ( #706, #527, #2624, #1517 ) ) ;
#1298 = FACE_OUTER_BOUND ( 'NONE', #531, .T. ) ;
#1299 = CARTESIAN_POINT ( 'NONE',  ( 1.249999999999998668, 5.400000000000000355, 0.6500000000000000222 ) ) ;
#1300 = EDGE_LOOP ( 'NONE', ( #556, #1354, #2745, #2015, #2603, #339, #2556, #458 ) ) ;
#1301 = CARTESIAN_POINT ( 'NONE',  ( -0.4500000000000021205, 1.900000000000000577, 1.769999999999999130 ) ) ;
#1302 = ORIENTED_EDGE ( 'NONE', *, *, #594, .T. ) ;
#1303 =( LENGTH_UNIT ( ) NAMED_UNIT ( * ) SI_UNIT ( .MILLI., .METRE. ) );
#1304 = VECTOR ( 'NONE', #2273, 1000.000000000000114 ) ;
#1305 = AXIS2_PLACEMENT_3D ( 'NONE', #1453, #2533, #1064 ) ;
#1306 = CARTESIAN_POINT ( 'NONE',  ( 1.249999999999998668, -7.989949493661165469, 0.6500000000000000222 ) ) ;
#1307 = AXIS2_PLACEMENT_3D ( 'NONE', #2105, #195, #1906 ) ;
#1308 = ORIENTED_EDGE ( 'NONE', *, *, #1661, .T. ) ;
#1309 = DIRECTION ( 'NONE',  ( 0.000000000000000000, 0.000000000000000000, 1.000000000000000000 ) ) ;
#1310 = AXIS2_PLACEMENT_3D ( 'NONE', #2520, #1991, #1623 ) ;
#1311 = VECTOR ( 'NONE', #1549, 1000.000000000000000 ) ;
#1312 = DIRECTION ( 'NONE',  ( -0.000000000000000000, 0.000000000000000000, 1.000000000000000000 ) ) ;
#1313 = VECTOR ( 'NONE', #2230, 999.9999999999998863 ) ;
#1314 = PLANE ( 'NONE',  #1636 ) ;
#1315 = ADVANCED_FACE ( 'NONE', ( #1614 ), #962, .T. ) ;
#1316 = VERTEX_POINT ( 'NONE', #530 ) ;
#1317 = MECHANICAL_DESIGN_GEOMETRIC_PRESENTATION_REPRESENTATION (  '', ( #1948 ), #1531 ) ;
#1318 = CARTESIAN_POINT ( 'NONE',  ( 3.699999999999998401, 5.400000000000000355, -0.4300000000000061551 ) ) ;
#1319 = SURFACE_SIDE_STYLE ('',( #657 ) ) ;
#1320 = VECTOR ( 'NONE', #143, 1000.000000000000000 ) ;
#1321 = CARTESIAN_POINT ( 'NONE',  ( 3.330660171779820988, 0.1000000000000000056, 1.600000000000001421 ) ) ;
#1322 =( GEOMETRIC_REPRESENTATION_CONTEXT ( 3 ) GLOBAL_UNCERTAINTY_ASSIGNED_CONTEXT ( ( #966 ) ) GLOBAL_UNIT_ASSIGNED_CONTEXT ( ( #2062, #177, #2287 ) ) REPRESENTATION_CONTEXT ( 'NONE', 'WORKASPACE' ) );
#1323 = CARTESIAN_POINT ( 'NONE',  ( -1.250000000000001332, -3.500000000000000000, 0.6500000000000000222 ) ) ;
#1324 = ORIENTED_EDGE ( 'NONE', *, *, #2228, .F. ) ;
#1325 = LINE ( 'NONE', #898, #2478 ) ;
#1326 = CIRCLE ( 'NONE', #1055, 0.1500000000000000777 ) ;
#1327 = ORIENTED_EDGE ( 'NONE', *, *, #2534, .T. ) ;
#1328 = DIRECTION ( 'NONE',  ( -0.000000000000000000, -1.000000000000000000, -0.000000000000000000 ) ) ;
#1329 = AXIS2_PLACEMENT_3D ( 'NONE', #892, #1105, #2417 ) ;
#1330 = ADVANCED_FACE ( 'NONE', ( #2047 ), #2246, .F. ) ;
#1331 =( NAMED_UNIT ( * ) PLANE_ANGLE_UNIT ( ) SI_UNIT ( $, .RADIAN. ) );
#1332 = SURFACE_STYLE_USAGE ( .BOTH. , #1539 ) ;
#1333 = CARTESIAN_POINT ( 'NONE',  ( 3.699999999999998401, 0.000000000000000000, 1.230660171779823564 ) ) ;
#1334 = FILL_AREA_STYLE ('',( #2629 ) ) ;
#1335 = PLANE ( 'NONE',  #2379 ) ;
#1336 = EDGE_LOOP ( 'NONE', ( #304, #1765, #367, #87 ) ) ;
#1337 = CARTESIAN_POINT ( 'NONE',  ( 3.000000000000001776, 1.900000000000000577, 0.8699999999999989964 ) ) ;
#1338 = EDGE_CURVE ( 'NONE', #403, #1138, #1166, .T. ) ;
#1339 = DIRECTION ( 'NONE',  ( -1.000000000000000000, 0.000000000000000000, 0.000000000000000000 ) ) ;
#1340 = VERTEX_POINT ( 'NONE', #342 ) ;
#1341 = DIRECTION ( 'NONE',  ( 0.000000000000000000, -1.000000000000000000, 0.000000000000000000 ) ) ;
#1342 = CARTESIAN_POINT ( 'NONE',  ( 1.249999999999998668, 5.200000000000001066, 0.6500000000000000222 ) ) ;
#1343 = CARTESIAN_POINT ( 'NONE',  ( 2.480660171779821788, 5.900000000000000355, 2.450000000000000622 ) ) ;
#1344 = PRESENTATION_STYLE_ASSIGNMENT (( #504 ) ) ;
#1345 = FILL_AREA_STYLE ('',( #492 ) ) ;
#1346 = EDGE_CURVE ( 'NONE', #1770, #1021, #751, .T. ) ;
#1347 = ORIENTED_EDGE ( 'NONE', *, *, #2033, .T. ) ;
#1348 = FILL_AREA_STYLE_COLOUR ( '', #507 ) ;
#1349 = EDGE_LOOP ( 'NONE', ( #1231, #2043, #688, #1524, #1828 ) ) ;
#1350 = STYLED_ITEM ( 'NONE', ( #1196 ), #917 ) ;
#1351 = CARTESIAN_POINT ( 'NONE',  ( 2.480660171779821788, 0.000000000000000000, 2.450000000000000622 ) ) ;
#1352 = COLOUR_RGB ( '',1.000000000000000000, 1.000000000000000000, 1.000000000000000000 ) ;
#1353 =( GEOMETRIC_REPRESENTATION_CONTEXT ( 3 ) GLOBAL_UNCERTAINTY_ASSIGNED_CONTEXT ( ( #1913 ) ) GLOBAL_UNIT_ASSIGNED_CONTEXT ( ( #744, #2253, #578 ) ) REPRESENTATION_CONTEXT ( 'NONE', 'WORKASPACE' ) );
#1354 = ORIENTED_EDGE ( 'NONE', *, *, #830, .F. ) ;
#1355 = CARTESIAN_POINT ( 'NONE',  ( 0.000000000000000000, 0.1000000000000000056, 0.000000000000000000 ) ) ;
#1356 = COLOUR_RGB ( '',1.000000000000000000, 1.000000000000000000, 1.000000000000000000 ) ;
#1357 = CARTESIAN_POINT ( 'NONE',  ( -3.700000000000001954, 5.399999999999999467, -1.230000000000006199 ) ) ;
#1358 = CARTESIAN_POINT ( 'NONE',  ( -1.250000000000001332, 1.900000000000000577, 0.2999999999999999334 ) ) ;
#1359 = UNCERTAINTY_MEASURE_WITH_UNIT (LENGTH_MEASURE( 1.000000000000000082E-05 ), #91, 'distance_accuracy_value', 'NONE');
#1360 = FACE_OUTER_BOUND ( 'NONE', #2332, .T. ) ;
#1361 = VECTOR ( 'NONE', #1942, 1000.000000000000000 ) ;
#1362 = EDGE_CURVE ( 'NONE', #2321, #1293, #1214, .T. ) ;
#1363 = SURFACE_STYLE_USAGE ( .BOTH. , #2002 ) ;
#1364 = ORIENTED_EDGE ( 'NONE', *, *, #2383, .F. ) ;
#1365 = PRESENTATION_LAYER_ASSIGNMENT (  '', '', ( #558 ) ) ;
#1366 = UNCERTAINTY_MEASURE_WITH_UNIT (LENGTH_MEASURE( 1.000000000000000082E-05 ), #2333, 'distance_accuracy_value', 'NONE');
#1367 = MECHANICAL_DESIGN_GEOMETRIC_PRESENTATION_REPRESENTATION (  '', ( #430 ), #2727 ) ;
#1368 = VECTOR ( 'NONE', #99, 1000.000000000000000 ) ;
#1369 = ORIENTED_EDGE ( 'NONE', *, *, #1591, .F. ) ;
#1370 = LINE ( 'NONE', #921, #1272 ) ;
#1371 = CIRCLE ( 'NONE', #35, 0.3500000000000000333 ) ;
#1372 = LINE ( 'NONE', #2220, #1697 ) ;
#1373 = MECHANICAL_DESIGN_GEOMETRIC_PRESENTATION_REPRESENTATION (  '', ( #2394 ), #1508 ) ;
#1374 = ORIENTED_EDGE ( 'NONE', *, *, #2286, .T. ) ;
#1375 = EDGE_CURVE ( 'NONE', #920, #587, #2308, .T. ) ;
#1376 = CARTESIAN_POINT ( 'NONE',  ( 2.999999999999999112, 4.899999999999999467, -0.4300000000000062106 ) ) ;
#1377 =( NAMED_UNIT ( * ) SI_UNIT ( $, .STERADIAN. ) SOLID_ANGLE_UNIT ( ) );
#1378 = SURFACE_SIDE_STYLE ('',( #315 ) ) ;
#1379 = EDGE_LOOP ( 'NONE', ( #1241, #93, #569, #930 ) ) ;
#1380 =( LENGTH_UNIT ( ) NAMED_UNIT ( * ) SI_UNIT ( .MILLI., .METRE. ) );
#1381 = EDGE_CURVE ( 'NONE', #2128, #1284, #1020, .T. ) ;
#1382 = DIRECTION ( 'NONE',  ( 1.000000000000000000, -0.000000000000000000, -0.000000000000000000 ) ) ;
#1383 = ORIENTED_EDGE ( 'NONE', *, *, #2411, .F. ) ;
#1384 =( NAMED_UNIT ( * ) PLANE_ANGLE_UNIT ( ) SI_UNIT ( $, .RADIAN. ) );
#1385 = EDGE_CURVE ( 'NONE', #1083, #1056, #1043, .T. ) ;
#1386 = FILL_AREA_STYLE ('',( #2193 ) ) ;
#1387 = ORIENTED_EDGE ( 'NONE', *, *, #1983, .F. ) ;
#1388 = CARTESIAN_POINT ( 'NONE',  ( -3.700000000000001954, 5.900000000000000355, 0.06999999999999476086 ) ) ;
#1389 = SURFACE_STYLE_USAGE ( .BOTH. , #1170 ) ;
#1390 = CARTESIAN_POINT ( 'NONE',  ( -3.700000000000001954, 5.400000000000000355, -0.4300000000000061551 ) ) ;
#1391 = CARTESIAN_POINT ( 'NONE',  ( 3.699999999999998401, 0.000000000000000000, 1.230660171779823564 ) ) ;
#1392 =( NAMED_UNIT ( * ) PLANE_ANGLE_UNIT ( ) SI_UNIT ( $, .RADIAN. ) );
#1393 = ORIENTED_EDGE ( 'NONE', *, *, #2736, .F. ) ;
#1394 = DIRECTION ( 'NONE',  ( -1.000000000000000000, 0.000000000000000000, 0.000000000000000000 ) ) ;
#1395 = ORIENTED_EDGE ( 'NONE', *, *, #41, .F. ) ;
#1396 = DIRECTION ( 'NONE',  ( -1.000000000000000000, 0.000000000000000000, 0.000000000000000000 ) ) ;
#1397 = SURFACE_STYLE_USAGE ( .BOTH. , #100 ) ;
#1398 = EDGE_LOOP ( 'NONE', ( #1900, #1483, #2709, #2732, #392, #2141 ) ) ;
#1399 = AXIS2_PLACEMENT_3D ( 'NONE', #772, #1165, #1845 ) ;
#1400 = LINE ( 'NONE', #2270, #1001 ) ;
#1401 =( GEOMETRIC_REPRESENTATION_CONTEXT ( 3 ) GLOBAL_UNCERTAINTY_ASSIGNED_CONTEXT ( ( #852 ) ) GLOBAL_UNIT_ASSIGNED_CONTEXT ( ( #7, #605, #1894 ) ) REPRESENTATION_CONTEXT ( 'NONE', 'WORKASPACE' ) );
#1402 = AXIS2_PLACEMENT_3D ( 'NONE', #2555, #2739, #428 ) ;
#1403 = CARTESIAN_POINT ( 'NONE',  ( 1.249999999999998668, 5.200000000000001066, 0.8000000000000000444 ) ) ;
#1404 = EDGE_CURVE ( 'NONE', #116, #1220, #2257, .T. ) ;
#1405 = PLANE ( 'NONE',  #2711 ) ;
#1406 = VECTOR ( 'NONE', #445, 999.9999999999998863 ) ;
#1407 = MECHANICAL_DESIGN_GEOMETRIC_PRESENTATION_REPRESENTATION (  '', ( #1954 ), #1456 ) ;
#1408 = EDGE_CURVE ( 'NONE', #2007, #1470, #1060, .T. ) ;
#1409 = DIRECTION ( 'NONE',  ( 0.000000000000000000, 1.000000000000000000, 0.000000000000000000 ) ) ;
#1410 = PRESENTATION_LAYER_ASSIGNMENT (  '', '', ( #2668 ) ) ;
#1411 = ORIENTED_EDGE ( 'NONE', *, *, #2736, .T. ) ;
#1412 = CARTESIAN_POINT ( 'NONE',  ( 2.999999999999998224, 5.600000000000001421, -1.729999999999999982 ) ) ;
#1413 = DIRECTION ( 'NONE',  ( 1.000000000000000000, -0.000000000000000000, 0.000000000000000000 ) ) ;
#1414 = PRESENTATION_LAYER_ASSIGNMENT (  '', '', ( #171 ) ) ;
#1415 = EDGE_LOOP ( 'NONE', ( #2657, #1509, #1654, #763, #771 ) ) ;
#1416 = FACE_OUTER_BOUND ( 'NONE', #932, .T. ) ;
#1417 = LINE ( 'NONE', #585, #2430 ) ;
#1418 = ORIENTED_EDGE ( 'NONE', *, *, #1946, .T. ) ;
#1419 = DIRECTION ( 'NONE',  ( -1.000000000000000000, 0.000000000000000000, 0.000000000000000000 ) ) ;
#1420 = EDGE_CURVE ( 'NONE', #1770, #467, #2132, .T. ) ;
#1421 = VECTOR ( 'NONE', #1924, 1000.000000000000000 ) ;
#1422 = CARTESIAN_POINT ( 'NONE',  ( -3.000000000000001776, 1.900000000000000577, -1.229999999999999760 ) ) ;
#1423 = FACE_OUTER_BOUND ( 'NONE', #1379, .T. ) ;
#1424 = EDGE_CURVE ( 'NONE', #1512, #1102, #401, .T. ) ;
#1425 = FACE_OUTER_BOUND ( 'NONE', #1921, .T. ) ;
#1426 = EDGE_LOOP ( 'NONE', ( #592, #66, #757, #1756 ) ) ;
#1427 =( NAMED_UNIT ( * ) PLANE_ANGLE_UNIT ( ) SI_UNIT ( $, .RADIAN. ) );
#1428 = DIRECTION ( 'NONE',  ( -1.334402673828313635E-15, 0.000000000000000000, -1.000000000000000000 ) ) ;
#1429 = ORIENTED_EDGE ( 'NONE', *, *, #834, .T. ) ;
#1430 = DIRECTION ( 'NONE',  ( 0.000000000000000000, 0.000000000000000000, -1.000000000000000000 ) ) ;
#1431 = EDGE_CURVE ( 'NONE', #2321, #2571, #1230, .T. ) ;
#1432 = SURFACE_SIDE_STYLE ('',( #1919 ) ) ;
#1433 = ORIENTED_EDGE ( 'NONE', *, *, #538, .T. ) ;
#1434 =( LENGTH_UNIT ( ) NAMED_UNIT ( * ) SI_UNIT ( .MILLI., .METRE. ) );
#1435 = CARTESIAN_POINT ( 'NONE',  ( -2.100000000000001865, 5.900000000000000355, 2.069999999999998952 ) ) ;
#1436 = CARTESIAN_POINT ( 'NONE',  ( 3.699999999999998845, 0.1000000000000000056, 0.2699999999999994071 ) ) ;
#1437 = CARTESIAN_POINT ( 'NONE',  ( -1.250000000000001332, 1.900000000000000577, 1.000000000000000000 ) ) ;
#1438 = EDGE_CURVE ( 'NONE', #470, #2461, #606, .T. ) ;
#1439 = DIRECTION ( 'NONE',  ( 0.000000000000000000, 1.000000000000000000, 0.000000000000000000 ) ) ;
#1440 = ORIENTED_EDGE ( 'NONE', *, *, #1381, .T. ) ;
#1441 = CARTESIAN_POINT ( 'NONE',  ( -1.250000000000001332, 5.400000000000000355, 0.4999999999999998890 ) ) ;
#1442 = CARTESIAN_POINT ( 'NONE',  ( 1.249999999999998668, -3.299999999999999822, 0.6500000000000000222 ) ) ;
#1443 = ORIENTED_EDGE ( 'NONE', *, *, #439, .T. ) ;
#1444 = PLANE ( 'NONE',  #2763 ) ;
#1445 =( NAMED_UNIT ( * ) SI_UNIT ( $, .STERADIAN. ) SOLID_ANGLE_UNIT ( ) );
#1446 = DIRECTION ( 'NONE',  ( 0.000000000000000000, 0.000000000000000000, -1.000000000000000000 ) ) ;
#1447 =( NAMED_UNIT ( * ) SI_UNIT ( $, .STERADIAN. ) SOLID_ANGLE_UNIT ( ) );
#1448 = PRESENTATION_STYLE_ASSIGNMENT (( #1677 ) ) ;
#1449 = CIRCLE ( 'NONE', #248, 0.1999999999999999833 ) ;
#1450 = PRESENTATION_LAYER_ASSIGNMENT (  '', '', ( #2125 ) ) ;
#1451 = SURFACE_STYLE_FILL_AREA ( #1103 ) ;
#1452 = UNCERTAINTY_MEASURE_WITH_UNIT (LENGTH_MEASURE( 1.000000000000000082E-05 ), #888, 'distance_accuracy_value', 'NONE');
#1453 = CARTESIAN_POINT ( 'NONE',  ( 0.000000000000000000, 5.900000000000000355, 0.000000000000000000 ) ) ;
#1454 = EDGE_CURVE ( 'NONE', #2364, #2102, #599, .T. ) ;
#1455 = VECTOR ( 'NONE', #2662, 999.9999999999998863 ) ;
#1456 =( GEOMETRIC_REPRESENTATION_CONTEXT ( 3 ) GLOBAL_UNCERTAINTY_ASSIGNED_CONTEXT ( ( #25 ) ) GLOBAL_UNIT_ASSIGNED_CONTEXT ( ( #288, #2645, #2399 ) ) REPRESENTATION_CONTEXT ( 'NONE', 'WORKASPACE' ) );
#1457 = DIRECTION ( 'NONE',  ( -0.000000000000000000, -0.7071067811865495711, 0.7071067811865454633 ) ) ;
#1458 = ORIENTED_EDGE ( 'NONE', *, *, #1210, .F. ) ;
#1459 = CARTESIAN_POINT ( 'NONE',  ( -1.250000000000001332, 0.1000000000000000056, 1.000000000000000000 ) ) ;
#1460 = EDGE_CURVE ( 'NONE', #2128, #332, #191, .T. ) ;
#1461 = SURFACE_STYLE_FILL_AREA ( #653 ) ;
#1462 = ORIENTED_EDGE ( 'NONE', *, *, #1110, .F. ) ;
#1463 = STYLED_ITEM ( 'NONE', ( #2255 ), #2455 ) ;
#1464 = DIRECTION ( 'NONE',  ( -1.000000000000000000, 0.000000000000000000, 0.000000000000000000 ) ) ;
#1465 = CARTESIAN_POINT ( 'NONE',  ( 1.249999999999998668, -3.299999999999999822, 0.4999999999999998890 ) ) ;
#1466 = VECTOR ( 'NONE', #58, 1000.000000000000000 ) ;
#1467 = EDGE_LOOP ( 'NONE', ( #2063, #716, #28, #1443 ) ) ;
#1468 = LINE ( 'NONE', #438, #208 ) ;
#1469 = AXIS2_PLACEMENT_3D ( 'NONE', #2578, #666, #1971 ) ;
#1470 = VERTEX_POINT ( 'NONE', #205 ) ;
#1471 = SURFACE_STYLE_FILL_AREA ( #651 ) ;
#1472 = DIRECTION ( 'NONE',  ( 0.000000000000000000, 1.000000000000000000, 0.000000000000000000 ) ) ;
#1473 = ORIENTED_EDGE ( 'NONE', *, *, #559, .F. ) ;
#1474 = DIRECTION ( 'NONE',  ( 1.971276677246372012E-16, -0.000000000000000000, -1.000000000000000000 ) ) ;
#1475 = SURFACE_SIDE_STYLE ('',( #2296 ) ) ;
#1476 = ADVANCED_FACE ( 'NONE', ( #1902 ), #433, .F. ) ;
#1477 = SURFACE_STYLE_USAGE ( .BOTH. , #1279 ) ;
#1478 = SURFACE_STYLE_USAGE ( .BOTH. , #373 ) ;
#1479 = CARTESIAN_POINT ( 'NONE',  ( -3.700000000000001954, 1.000000000000000000, -2.449999999999999734 ) ) ;
#1480 = ORIENTED_EDGE ( 'NONE', *, *, #488, .T. ) ;
#1481 = LINE ( 'NONE', #813, #728 ) ;
#1482 = DIRECTION ( 'NONE',  ( -0.000000000000000000, 0.000000000000000000, -1.000000000000000000 ) ) ;
#1483 = ORIENTED_EDGE ( 'NONE', *, *, #525, .T. ) ;
#1484 = DIRECTION ( 'NONE',  ( -1.000000000000000000, 0.000000000000000000, -0.000000000000000000 ) ) ;
#1485 = ADVANCED_FACE ( 'NONE', ( #1256 ), #2114, .F. ) ;
#1486 = LINE ( 'NONE', #2528, #1082 ) ;
#1487 =( LENGTH_UNIT ( ) NAMED_UNIT ( * ) SI_UNIT ( .MILLI., .METRE. ) );
#1488 = VECTOR ( 'NONE', #524, 1000.000000000000000 ) ;
#1489 =( NAMED_UNIT ( * ) SI_UNIT ( $, .STERADIAN. ) SOLID_ANGLE_UNIT ( ) );
#1490 = EDGE_CURVE ( 'NONE', #116, #2500, #280, .T. ) ;
#1491 = SURFACE_STYLE_FILL_AREA ( #1209 ) ;
#1492 = VECTOR ( 'NONE', #1515, 1000.000000000000000 ) ;
#1493 = ORIENTED_EDGE ( 'NONE', *, *, #658, .F. ) ;
#1494 = CARTESIAN_POINT ( 'NONE',  ( -3.700000000000001954, 5.900000000000000355, 0.06999999999999476086 ) ) ;
#1495 = VECTOR ( 'NONE', #1328, 1000.000000000000000 ) ;
#1496 = CARTESIAN_POINT ( 'NONE',  ( -3.000000000000001776, 5.900000000000000355, 0.8699999999999989964 ) ) ;
#1497 = COLOUR_RGB ( '',1.000000000000000000, 1.000000000000000000, 1.000000000000000000 ) ;
#1498 = ORIENTED_EDGE ( 'NONE', *, *, #1790, .T. ) ;
#1499 = DIRECTION ( 'NONE',  ( 0.000000000000000000, 0.000000000000000000, -1.000000000000000000 ) ) ;
#1500 = VECTOR ( 'NONE', #5, 1000.000000000000000 ) ;
#1501 = DIRECTION ( 'NONE',  ( 1.000000000000000000, 0.000000000000000000, 0.000000000000000000 ) ) ;
#1502 = DIRECTION ( 'NONE',  ( -0.7071067811865475727, 0.000000000000000000, 0.7071067811865475727 ) ) ;
#1503 = STYLED_ITEM ( 'NONE', ( #1581 ), #1580 ) ;
#1504 = EDGE_CURVE ( 'NONE', #319, #1692, #2488, .T. ) ;
#1505 = CIRCLE ( 'NONE', #77, 0.3500000000000000333 ) ;
#1506 = DIRECTION ( 'NONE',  ( 0.000000000000000000, -1.000000000000000000, 0.000000000000000000 ) ) ;
#1507 = LINE ( 'NONE', #2356, #1583 ) ;
#1508 =( GEOMETRIC_REPRESENTATION_CONTEXT ( 3 ) GLOBAL_UNCERTAINTY_ASSIGNED_CONTEXT ( ( #686 ) ) GLOBAL_UNIT_ASSIGNED_CONTEXT ( ( #2747, #2543, #604 ) ) REPRESENTATION_CONTEXT ( 'NONE', 'WORKASPACE' ) );
#1509 = ORIENTED_EDGE ( 'NONE', *, *, #1280, .F. ) ;
#1510 =( GEOMETRIC_REPRESENTATION_CONTEXT ( 3 ) GLOBAL_UNCERTAINTY_ASSIGNED_CONTEXT ( ( #1075 ) ) GLOBAL_UNIT_ASSIGNED_CONTEXT ( ( #16, #56, #1757 ) ) REPRESENTATION_CONTEXT ( 'NONE', 'WORKASPACE' ) );
#1511 = DIRECTION ( 'NONE',  ( 1.000000000000000000, 0.000000000000000000, -0.000000000000000000 ) ) ;
#1512 = VERTEX_POINT ( 'NONE', #1755 ) ;
#1513 = CARTESIAN_POINT ( 'NONE',  ( -3.000000000000001776, 1.000000000000000000, -1.229999999999999760 ) ) ;
#1514 = SURFACE_STYLE_USAGE ( .BOTH. , #1319 ) ;
#1515 = DIRECTION ( 'NONE',  ( -0.000000000000000000, -1.000000000000000000, -0.000000000000000000 ) ) ;
#1516 = EDGE_CURVE ( 'NONE', #1281, #2109, #2151, .T. ) ;
#1517 = ORIENTED_EDGE ( 'NONE', *, *, #423, .T. ) ;
#1518 = DIRECTION ( 'NONE',  ( -0.000000000000000000, 1.000000000000000000, -0.000000000000000000 ) ) ;
#1519 = DIRECTION ( 'NONE',  ( -0.000000000000000000, -1.000000000000000000, -0.000000000000000000 ) ) ;
#1520 = ORIENTED_EDGE ( 'NONE', *, *, #1742, .F. ) ;
#1521 = DIRECTION ( 'NONE',  ( -0.000000000000000000, -1.000000000000000000, -0.000000000000000000 ) ) ;
#1522 = ADVANCED_FACE ( 'NONE', ( #705 ), #451, .T. ) ;
#1523 = PLANE ( 'NONE',  #684 ) ;
#1524 = ORIENTED_EDGE ( 'NONE', *, *, #1893, .T. ) ;
#1525 = DIRECTION ( 'NONE',  ( -0.000000000000000000, 0.000000000000000000, 1.000000000000000000 ) ) ;
#1526 = DIRECTION ( 'NONE',  ( 0.000000000000000000, -1.000000000000000000, 0.000000000000000000 ) ) ;
#1527 = DIRECTION ( 'NONE',  ( 0.000000000000000000, -1.000000000000000000, -0.000000000000000000 ) ) ;
#1528 = ORIENTED_EDGE ( 'NONE', *, *, #1059, .F. ) ;
#1529 = CARTESIAN_POINT ( 'NONE',  ( -2.059984127722458425E-15, 1.900000000000000577, 1.319999999999999174 ) ) ;
#1530 = EDGE_CURVE ( 'NONE', #2349, #130, #919, .T. ) ;
#1531 =( GEOMETRIC_REPRESENTATION_CONTEXT ( 3 ) GLOBAL_UNCERTAINTY_ASSIGNED_CONTEXT ( ( #881 ) ) GLOBAL_UNIT_ASSIGNED_CONTEXT ( ( #660, #968, #149 ) ) REPRESENTATION_CONTEXT ( 'NONE', 'WORKASPACE' ) );
#1532 = VECTOR ( 'NONE', #644, 1000.000000000000000 ) ;
#1533 = ORIENTED_EDGE ( 'NONE', *, *, #632, .T. ) ;
#1534 = STYLED_ITEM ( 'NONE', ( #1344 ), #1187 ) ;
#1535 = LINE ( 'NONE', #2385, #1132 ) ;
#1536 = CIRCLE ( 'NONE', #1085, 0.3500000000000000333 ) ;
#1537 = COLOUR_RGB ( '',0.7921568627450980005, 0.8196078431372548767, 0.9333333333333333481 ) ;
#1538 = MECHANICAL_DESIGN_GEOMETRIC_PRESENTATION_REPRESENTATION (  '', ( #1174 ), #2618 ) ;
#1539 = SURFACE_SIDE_STYLE ('',( #667 ) ) ;
#1540 = ORIENTED_EDGE ( 'NONE', *, *, #969, .T. ) ;
#1541 = SURFACE_SIDE_STYLE ('',( #679 ) ) ;
#1542 = SURFACE_SIDE_STYLE ('',( #1964 ) ) ;
#1543 = MECHANICAL_DESIGN_GEOMETRIC_PRESENTATION_REPRESENTATION (  '', ( #825 ), #2496 ) ;
#1544 =( NAMED_UNIT ( * ) PLANE_ANGLE_UNIT ( ) SI_UNIT ( $, .RADIAN. ) );
#1545 = AXIS2_PLACEMENT_3D ( 'NONE', #2558, #1472, #640 ) ;
#1546 = EDGE_CURVE ( 'NONE', #856, #1316, #674, .T. ) ;
#1547 =( NAMED_UNIT ( * ) SI_UNIT ( $, .STERADIAN. ) SOLID_ANGLE_UNIT ( ) );
#1548 = TOROIDAL_SURFACE ( 'NONE', #429, 0.1500000000000000500, 0.2000000000000000111 ) ;
#1549 = DIRECTION ( 'NONE',  ( 1.000000000000000000, -0.000000000000000000, -0.000000000000000000 ) ) ;
#1550 = AXIS2_PLACEMENT_3D ( 'NONE', #934, #2452, #529 ) ;
#1551 = EDGE_LOOP ( 'NONE', ( #2510, #2414, #1253, #144 ) ) ;
#1552 = CARTESIAN_POINT ( 'NONE',  ( -3.700000000000001954, 5.900000000000000355, 2.450000000000000622 ) ) ;
#1553 = PLANE ( 'NONE',  #960 ) ;
#1554 = ORIENTED_EDGE ( 'NONE', *, *, #1530, .F. ) ;
#1555 =( NAMED_UNIT ( * ) PLANE_ANGLE_UNIT ( ) SI_UNIT ( $, .RADIAN. ) );
#1556 = ORIENTED_EDGE ( 'NONE', *, *, #1624, .F. ) ;
#1557 = DIRECTION ( 'NONE',  ( 0.000000000000000000, -0.7071067811865479058, 0.7071067811865472397 ) ) ;
#1558 = EDGE_CURVE ( 'NONE', #1692, #319, #1505, .T. ) ;
#1559 = CARTESIAN_POINT ( 'NONE',  ( 0.4499999999999980127, 1.900000000000000577, 1.769999999999998908 ) ) ;
#1560 = DIRECTION ( 'NONE',  ( 0.000000000000000000, 1.000000000000000000, 0.000000000000000000 ) ) ;
#1561 = ORIENTED_EDGE ( 'NONE', *, *, #2323, .T. ) ;
#1562 = UNCERTAINTY_MEASURE_WITH_UNIT (LENGTH_MEASURE( 1.000000000000000082E-05 ), #1380, 'distance_accuracy_value', 'NONE');
#1563 = CARTESIAN_POINT ( 'NONE',  ( 1.249999999999998668, 5.200000000000001066, 0.2999999999999999334 ) ) ;
#1564 = DIRECTION ( 'NONE',  ( 0.000000000000000000, 0.000000000000000000, -1.000000000000000000 ) ) ;
#1565 = DIRECTION ( 'NONE',  ( 0.000000000000000000, 0.000000000000000000, 1.000000000000000000 ) ) ;
#1566 = ORIENTED_EDGE ( 'NONE', *, *, #92, .F. ) ;
#1567 = LINE ( 'NONE', #528, #2716 ) ;
#1568 = SURFACE_SIDE_STYLE ('',( #2650 ) ) ;
#1569 = PRODUCT_CONTEXT ( 'NONE', #137, 'mechanical' ) ;
#1570 =( LENGTH_UNIT ( ) NAMED_UNIT ( * ) SI_UNIT ( .MILLI., .METRE. ) );
#1571 = SURFACE_SIDE_STYLE ('',( #879 ) ) ;
#1572 = CARTESIAN_POINT ( 'NONE',  ( 2.999999999999998668, 1.000000000000000000, 0.2699999999999994071 ) ) ;
#1573 = LINE ( 'NONE', #1707, #2617 ) ;
#1574 = ORIENTED_EDGE ( 'NONE', *, *, #938, .F. ) ;
#1575 = CARTESIAN_POINT ( 'NONE',  ( 3.699999999999998401, 1.000000000000000000, -2.449999999999999734 ) ) ;
#1576 = ADVANCED_FACE ( 'NONE', ( #1769 ), #1553, .F. ) ;
#1577 = ORIENTED_EDGE ( 'NONE', *, *, #119, .T. ) ;
#1578 = CARTESIAN_POINT ( 'NONE',  ( -3.000000000000001776, 4.899999999999999467, -1.229999999999999760 ) ) ;
#1579 = VECTOR ( 'NONE', #2750, 1000.000000000000000 ) ;
#1580 = ADVANCED_FACE ( 'NONE', ( #2434 ), #718, .F. ) ;
#1581 = PRESENTATION_STYLE_ASSIGNMENT (( #2698 ) ) ;
#1582 =( GEOMETRIC_REPRESENTATION_CONTEXT ( 3 ) GLOBAL_UNCERTAINTY_ASSIGNED_CONTEXT ( ( #1134 ) ) GLOBAL_UNIT_ASSIGNED_CONTEXT ( ( #1850, #2701, #2236 ) ) REPRESENTATION_CONTEXT ( 'NONE', 'WORKASPACE' ) );
#1583 = VECTOR ( 'NONE', #1291, 1000.000000000000000 ) ;
#1584 = ORIENTED_EDGE ( 'NONE', *, *, #508, .T. ) ;
#1585 = DIRECTION ( 'NONE',  ( 0.000000000000000000, 1.000000000000000000, -0.000000000000000000 ) ) ;
#1586 = CIRCLE ( 'NONE', #380, 0.3500000000000000333 ) ;
#1587 = STYLED_ITEM ( 'NONE', ( #1243 ), #1706 ) ;
#1588 = STYLED_ITEM ( 'NONE', ( #1674 ), #1292 ) ;
#1589 = DIRECTION ( 'NONE',  ( 0.7071067811865474617, 0.000000000000000000, -0.7071067811865474617 ) ) ;
#1590 =( NAMED_UNIT ( * ) SI_UNIT ( $, .STERADIAN. ) SOLID_ANGLE_UNIT ( ) );
#1591 = EDGE_CURVE ( 'NONE', #782, #376, #221, .T. ) ;
#1592 = UNCERTAINTY_MEASURE_WITH_UNIT (LENGTH_MEASURE( 1.000000000000000082E-05 ), #1128, 'distance_accuracy_value', 'NONE');
#1593 = LINE ( 'NONE', #2675, #210 ) ;
#1594 = DIRECTION ( 'NONE',  ( -0.000000000000000000, 1.000000000000000000, 0.000000000000000000 ) ) ;
#1595 = VERTEX_POINT ( 'NONE', #1351 ) ;
#1596 = AXIS2_PLACEMENT_3D ( 'NONE', #2582, #1525, #878 ) ;
#1597 =( GEOMETRIC_REPRESENTATION_CONTEXT ( 3 ) GLOBAL_UNCERTAINTY_ASSIGNED_CONTEXT ( ( #1592 ) ) GLOBAL_UNIT_ASSIGNED_CONTEXT ( ( #1128, #76, #497 ) ) REPRESENTATION_CONTEXT ( 'NONE', 'WORKASPACE' ) );
#1598 = CARTESIAN_POINT ( 'NONE',  ( 0.000000000000000000, 1.000000000000000000, 0.000000000000000000 ) ) ;
#1599 = LINE ( 'NONE', #2449, #250 ) ;
#1600 = ORIENTED_EDGE ( 'NONE', *, *, #1978, .T. ) ;
#1601 = CARTESIAN_POINT ( 'NONE',  ( -1.250000000000001332, 0.1000000000000000056, 0.6500000000000000222 ) ) ;
#1602 = VECTOR ( 'NONE', #1650, 1000.000000000000000 ) ;
#1603 = FACE_OUTER_BOUND ( 'NONE', #963, .T. ) ;
#1604 = FACE_OUTER_BOUND ( 'NONE', #1992, .T. ) ;
#1605 = ORIENTED_EDGE ( 'NONE', *, *, #1925, .T. ) ;
#1606 = FILL_AREA_STYLE ('',( #946 ) ) ;
#1607 = DIRECTION ( 'NONE',  ( 0.000000000000000000, 0.7071067811865477948, -0.7071067811865473507 ) ) ;
#1608 = CARTESIAN_POINT ( 'NONE',  ( 1.249999999999998668, -3.500000000000000000, 0.8000000000000000444 ) ) ;
#1609 = ORIENTED_EDGE ( 'NONE', *, *, #488, .F. ) ;
#1610 = SURFACE_STYLE_FILL_AREA ( #704 ) ;
#1611 = ORIENTED_EDGE ( 'NONE', *, *, #774, .T. ) ;
#1612 = EDGE_CURVE ( 'NONE', #1164, #1595, #1372, .T. ) ;
#1613 =( LENGTH_UNIT ( ) NAMED_UNIT ( * ) SI_UNIT ( .MILLI., .METRE. ) );
#1614 = FACE_OUTER_BOUND ( 'NONE', #2729, .T. ) ;
#1615 = ORIENTED_EDGE ( 'NONE', *, *, #1612, .F. ) ;
#1616 = DIRECTION ( 'NONE',  ( -1.334402673828313635E-15, 0.000000000000000000, -1.000000000000000000 ) ) ;
#1617 =( NAMED_UNIT ( * ) PLANE_ANGLE_UNIT ( ) SI_UNIT ( $, .RADIAN. ) );
#1618 = FILL_AREA_STYLE_COLOUR ( '', #2337 ) ;
#1619 = UNCERTAINTY_MEASURE_WITH_UNIT (LENGTH_MEASURE( 1.000000000000000082E-05 ), #1570, 'distance_accuracy_value', 'NONE');
#1620 = CYLINDRICAL_SURFACE ( 'NONE', #2564, 0.3500000000000000333 ) ;
#1621 = PLANE ( 'NONE',  #466 ) ;
#1622 = ORIENTED_EDGE ( 'NONE', *, *, #935, .T. ) ;
#1623 = DIRECTION ( 'NONE',  ( 0.000000000000000000, 0.000000000000000000, 1.000000000000000000 ) ) ;
#1624 = EDGE_CURVE ( 'NONE', #1008, #2204, #2466, .T. ) ;
#1625 = EDGE_LOOP ( 'NONE', ( #2773, #1898, #1566, #1143 ) ) ;
#1626 = LINE ( 'NONE', #1255, #24 ) ;
#1627 =( NAMED_UNIT ( * ) SI_UNIT ( $, .STERADIAN. ) SOLID_ANGLE_UNIT ( ) );
#1628 = EDGE_CURVE ( 'NONE', #2225, #1847, #2636, .T. ) ;
#1629 = ORIENTED_EDGE ( 'NONE', *, *, #1504, .F. ) ;
#1630 = PRESENTATION_LAYER_ASSIGNMENT (  '', '', ( #1218 ) ) ;
#1631 = CARTESIAN_POINT ( 'NONE',  ( 2.100000000000001865, 5.600000000000000533, 1.769999999999998685 ) ) ;
#1632 = PRESENTATION_LAYER_ASSIGNMENT (  '', '', ( #1818 ) ) ;
#1633 = MECHANICAL_DESIGN_GEOMETRIC_PRESENTATION_REPRESENTATION (  '', ( #2612 ), #2295 ) ;
#1634 = PRESENTATION_STYLE_ASSIGNMENT (( #765 ) ) ;
#1635 = DIRECTION ( 'NONE',  ( 0.000000000000000000, 0.000000000000000000, 1.000000000000000000 ) ) ;
#1636 = AXIS2_PLACEMENT_3D ( 'NONE', #284, #1502, #2351 ) ;
#1637 = MECHANICAL_DESIGN_GEOMETRIC_PRESENTATION_REPRESENTATION (  '', ( #1683 ), #2343 ) ;
#1638 = DIRECTION ( 'NONE',  ( 0.000000000000000000, 0.000000000000000000, 1.000000000000000000 ) ) ;
#1639 = VECTOR ( 'NONE', #1521, 1000.000000000000000 ) ;
#1640 = PRESENTATION_STYLE_ASSIGNMENT (( #756 ) ) ;
#1641 = AXIS2_PLACEMENT_3D ( 'NONE', #340, #1005, #1396 ) ;
#1642 = VERTEX_POINT ( 'NONE', #299 ) ;
#1643 =( GEOMETRIC_REPRESENTATION_CONTEXT ( 3 ) GLOBAL_UNCERTAINTY_ASSIGNED_CONTEXT ( ( #1762 ) ) GLOBAL_UNIT_ASSIGNED_CONTEXT ( ( #1053, #200, #683 ) ) REPRESENTATION_CONTEXT ( 'NONE', 'WORKASPACE' ) );
#1644 = LINE ( 'NONE', #397, #952 ) ;
#1645 = VECTOR ( 'NONE', #241, 1000.000000000000000 ) ;
#1646 = EDGE_LOOP ( 'NONE', ( #714, #2634, #1015, #207 ) ) ;
#1647 = DIRECTION ( 'NONE',  ( 0.000000000000000000, -1.000000000000000000, 0.000000000000000000 ) ) ;
#1648 = CARTESIAN_POINT ( 'NONE',  ( 3.000000000000001776, 1.900000000000000577, 0.8699999999999989964 ) ) ;
#1649 = ORIENTED_EDGE ( 'NONE', *, *, #986, .T. ) ;
#1650 = DIRECTION ( 'NONE',  ( -1.000000000000000000, -0.000000000000000000, -1.172110456741085828E-16 ) ) ;
#1651 = MECHANICAL_DESIGN_GEOMETRIC_PRESENTATION_REPRESENTATION (  '', ( #39 ), #1881 ) ;
#1652 = EDGE_CURVE ( 'NONE', #178, #1642, #2028, .T. ) ;
#1653 = PLANE ( 'NONE',  #1675 ) ;
#1654 = ORIENTED_EDGE ( 'NONE', *, *, #441, .F. ) ;
#1655 = DIRECTION ( 'NONE',  ( -0.000000000000000000, -0.000000000000000000, 1.000000000000000000 ) ) ;
#1656 = ORIENTED_EDGE ( 'NONE', *, *, #1750, .F. ) ;
#1657 = CARTESIAN_POINT ( 'NONE',  ( 3.699999999999998401, 5.399999999999999467, -1.230000000000006199 ) ) ;
#1658 = DIRECTION ( 'NONE',  ( 0.000000000000000000, 0.000000000000000000, 1.000000000000000000 ) ) ;
#1659 = ORIENTED_EDGE ( 'NONE', *, *, #774, .F. ) ;
#1660 =( NAMED_UNIT ( * ) PLANE_ANGLE_UNIT ( ) SI_UNIT ( $, .RADIAN. ) );
#1661 = EDGE_CURVE ( 'NONE', #2500, #782, #1877, .T. ) ;
#1662 = ADVANCED_FACE ( 'NONE', ( #2008 ), #2306, .T. ) ;
#1663 = SURFACE_SIDE_STYLE ('',( #2298 ) ) ;
#1664 = DIRECTION ( 'NONE',  ( 1.000000000000000000, -0.000000000000000000, -0.000000000000000000 ) ) ;
#1665 = CARTESIAN_POINT ( 'NONE',  ( -3.000000000000001776, 5.900000000000000355, 0.8699999999999989964 ) ) ;
#1666 = FILL_AREA_STYLE_COLOUR ( '', #303 ) ;
#1667 = ORIENTED_EDGE ( 'NONE', *, *, #309, .T. ) ;
#1668 = PLANE ( 'NONE',  #1399 ) ;
#1669 = CARTESIAN_POINT ( 'NONE',  ( -3.000000000000001776, 1.900000000000000799, -0.4300000000000065437 ) ) ;
#1670 = ADVANCED_FACE ( 'NONE', ( #1603 ), #1805, .F. ) ;
#1671 = ORIENTED_EDGE ( 'NONE', *, *, #450, .T. ) ;
#1672 = FILL_AREA_STYLE ('',( #803 ) ) ;
#1673 = DIRECTION ( 'NONE',  ( 0.000000000000000000, 0.000000000000000000, 1.000000000000000000 ) ) ;
#1674 = PRESENTATION_STYLE_ASSIGNMENT (( #2282 ) ) ;
#1675 = AXIS2_PLACEMENT_3D ( 'NONE', #647, #1506, #851 ) ;
#1676 = TOROIDAL_SURFACE ( 'NONE', #1402, 0.1500000000000000500, 0.2000000000000000111 ) ;
#1677 = SURFACE_STYLE_USAGE ( .BOTH. , #2317 ) ;
#1678 = VECTOR ( 'NONE', #839, 1000.000000000000000 ) ;
#1679 = VECTOR ( 'NONE', #2374, 1000.000000000000000 ) ;
#1680 =( GEOMETRIC_REPRESENTATION_CONTEXT ( 3 ) GLOBAL_UNCERTAINTY_ASSIGNED_CONTEXT ( ( #333 ) ) GLOBAL_UNIT_ASSIGNED_CONTEXT ( ( #412, #1722, #2560 ) ) REPRESENTATION_CONTEXT ( 'NONE', 'WORKASPACE' ) );
#1681 = CARTESIAN_POINT ( 'NONE',  ( -3.700000000000001954, 5.400000000000000355, -0.4300000000000061551 ) ) ;
#1682 = PRESENTATION_LAYER_ASSIGNMENT (  '', '', ( #505 ) ) ;
#1683 = STYLED_ITEM ( 'NONE', ( #572 ), #1295 ) ;
#1684 = SURFACE_SIDE_STYLE ('',( #1491 ) ) ;
#1685 = VECTOR ( 'NONE', #958, 1000.000000000000000 ) ;
#1686 = EDGE_CURVE ( 'NONE', #2407, #116, #78, .T. ) ;
#1687 = ORIENTED_EDGE ( 'NONE', *, *, #2516, .F. ) ;
#1688 = CARTESIAN_POINT ( 'NONE',  ( 2.999999999999999112, 0.1000000000000000056, -0.5999999999999986455 ) ) ;
#1689 = VECTOR ( 'NONE', #1031, 1000.000000000000000 ) ;
#1690 = PRESENTATION_STYLE_ASSIGNMENT (( #773 ) ) ;
#1691 =( NAMED_UNIT ( * ) SI_UNIT ( $, .STERADIAN. ) SOLID_ANGLE_UNIT ( ) );
#1692 = VERTEX_POINT ( 'NONE', #989 ) ;
#1693 = LINE ( 'NONE', #2591, #1172 ) ;
#1694 = VECTOR ( 'NONE', #926, 1000.000000000000000 ) ;
#1695 = CARTESIAN_POINT ( 'NONE',  ( -3.000000000000001776, 1.900000000000000577, 0.8699999999999989964 ) ) ;
#1696 = FILL_AREA_STYLE ('',( #2735 ) ) ;
#1697 = VECTOR ( 'NONE', #310, 1000.000000000000000 ) ;
#1698 = PLANE ( 'NONE',  #2566 ) ;
#1699 = CLOSED_SHELL ( 'NONE', ( #2133, #2085, #2465, #398, #2674, #697, #947, #1330, #562, #1896, #242, #2089, #1885, #1295, #2708, #1968, #692, #1187, #1705, #2342, #155, #895, #2107, #2005, #2283, #2771, #324, #2017, #1485, #138, #277, #1292, #2254, #619, #1576, #1205, #98, #2601, #2120, #1580, #2553, #917, #1476, #2448, #469, #1259, #2455, #1804, #1263, #1670 ) ) ;
#1700 = CARTESIAN_POINT ( 'NONE',  ( 2.999999999999998668, 0.000000000000000000, -1.449999999999999956 ) ) ;
#1701 = LINE ( 'NONE', #1026, #564 ) ;
#1702 = FILL_AREA_STYLE ('',( #1239 ) ) ;
#1703 = ORIENTED_EDGE ( 'NONE', *, *, #1652, .T. ) ;
#1704 =( NAMED_UNIT ( * ) PLANE_ANGLE_UNIT ( ) SI_UNIT ( $, .RADIAN. ) );
#1705 = ADVANCED_FACE ( 'NONE', ( #159 ), #379, .T. ) ;
#1706 = MANIFOLD_SOLID_BREP ( 'Cut-Extrude7', #1699 ) ;
#1707 = CARTESIAN_POINT ( 'NONE',  ( -3.700000000000001954, 5.900000000000000355, -1.730000000000007088 ) ) ;
#1708 = FILL_AREA_STYLE_COLOUR ( '', #2770 ) ;
#1709 = ORIENTED_EDGE ( 'NONE', *, *, #1080, .F. ) ;
#1710 = PLANE ( 'NONE',  #2661 ) ;
#1711 = DIRECTION ( 'NONE',  ( -0.000000000000000000, -1.000000000000000000, -0.000000000000000000 ) ) ;
#1712 = DIRECTION ( 'NONE',  ( -0.7071067811865473507, 0.000000000000000000, 0.7071067811865477948 ) ) ;
#1713 = LINE ( 'NONE', #215, #1579 ) ;
#1714 = EDGE_CURVE ( 'NONE', #1996, #638, #1417, .T. ) ;
#1715 = UNCERTAINTY_MEASURE_WITH_UNIT (LENGTH_MEASURE( 1.000000000000000082E-05 ), #1434, 'distance_accuracy_value', 'NONE');
#1716 = CARTESIAN_POINT ( 'NONE',  ( -3.700000000000001954, 5.900000000000000355, -2.449999999999999734 ) ) ;
#1717 = ORIENTED_EDGE ( 'NONE', *, *, #2697, .F. ) ;
#1718 = LINE ( 'NONE', #2346, #600 ) ;
#1719 = EDGE_CURVE ( 'NONE', #1102, #638, #1626, .T. ) ;
#1720 = DIRECTION ( 'NONE',  ( 1.000000000000000000, 0.000000000000000000, -1.224646799147353207E-16 ) ) ;
#1721 = VERTEX_POINT ( 'NONE', #554 ) ;
#1722 =( NAMED_UNIT ( * ) PLANE_ANGLE_UNIT ( ) SI_UNIT ( $, .RADIAN. ) );
#1723 = SURFACE_STYLE_FILL_AREA ( #1944 ) ;
#1724 = CARTESIAN_POINT ( 'NONE',  ( 3.000000000000002665, 1.900000000000000577, 0.2699999999999948552 ) ) ;
#1725 = MECHANICAL_DESIGN_GEOMETRIC_PRESENTATION_REPRESENTATION (  '', ( #1350 ), #2068 ) ;
#1726 = DIRECTION ( 'NONE',  ( 1.000000000000000000, -0.000000000000000000, -0.000000000000000000 ) ) ;
#1727 = PRESENTATION_LAYER_ASSIGNMENT (  '', '', ( #1862 ) ) ;
#1728 = STYLED_ITEM ( 'NONE', ( #994 ), #1263 ) ;
#1729 = MECHANICAL_DESIGN_GEOMETRIC_PRESENTATION_REPRESENTATION (  '', ( #110 ), #1680 ) ;
#1730 = EDGE_LOOP ( 'NONE', ( #2738, #641, #1969, #384, #1411, #2453, #1273, #1374, #1180 ) ) ;
#1731 = COLOUR_RGB ( '',1.000000000000000000, 1.000000000000000000, 1.000000000000000000 ) ;
#1732 = PRESENTATION_LAYER_ASSIGNMENT (  '', '', ( #1772 ) ) ;
#1733 =( GEOMETRIC_REPRESENTATION_CONTEXT ( 3 ) GLOBAL_UNCERTAINTY_ASSIGNED_CONTEXT ( ( #227 ) ) GLOBAL_UNIT_ASSIGNED_CONTEXT ( ( #826, #2108, #2565 ) ) REPRESENTATION_CONTEXT ( 'NONE', 'WORKASPACE' ) );
#1734 = ORIENTED_EDGE ( 'NONE', *, *, #2469, .F. ) ;
#1735 = CARTESIAN_POINT ( 'NONE',  ( 1.249999999999998668, 0.1000000000000000056, 0.6500000000000000222 ) ) ;
#1736 =( GEOMETRIC_REPRESENTATION_CONTEXT ( 3 ) GLOBAL_UNCERTAINTY_ASSIGNED_CONTEXT ( ( #2546 ) ) GLOBAL_UNIT_ASSIGNED_CONTEXT ( ( #2088, #835, #1691 ) ) REPRESENTATION_CONTEXT ( 'NONE', 'WORKASPACE' ) );
#1737 = CARTESIAN_POINT ( 'NONE',  ( -3.000000000000001776, 1.900000000000000577, 0.8699999999999989964 ) ) ;
#1738 = PRESENTATION_LAYER_ASSIGNMENT (  '', '', ( #2574 ) ) ;
#1739 = FACE_OUTER_BOUND ( 'NONE', #2518, .T. ) ;
#1740 = PRESENTATION_LAYER_ASSIGNMENT (  '', '', ( #2445 ) ) ;
#1741 = SURFACE_SIDE_STYLE ('',( #866 ) ) ;
#1742 = EDGE_CURVE ( 'NONE', #1891, #376, #1222, .T. ) ;
#1743 = VERTEX_POINT ( 'NONE', #1150 ) ;
#1744 = DIRECTION ( 'NONE',  ( 0.000000000000000000, -0.000000000000000000, 1.000000000000000000 ) ) ;
#1745 = ORIENTED_EDGE ( 'NONE', *, *, #1742, .T. ) ;
#1746 = DIRECTION ( 'NONE',  ( 1.172110456741085828E-16, 0.000000000000000000, -1.000000000000000000 ) ) ;
#1747 = FACE_OUTER_BOUND ( 'NONE', #1852, .T. ) ;
#1748 = DIRECTION ( 'NONE',  ( 2.521400401129081168E-16, -0.000000000000000000, -1.000000000000000000 ) ) ;
#1749 = CARTESIAN_POINT ( 'NONE',  ( 3.000000000000000444, 5.900000000000000355, -4.003208021484941694E-15 ) ) ;
#1750 = EDGE_CURVE ( 'NONE', #2031, #1692, #447, .T. ) ;
#1751 = SURFACE_STYLE_USAGE ( .BOTH. , #1741 ) ;
#1752 = LINE ( 'NONE', #671, #1311 ) ;
#1753 = ORIENTED_EDGE ( 'NONE', *, *, #365, .T. ) ;
#1754 = SURFACE_SIDE_STYLE ('',( #53 ) ) ;
#1755 = CARTESIAN_POINT ( 'NONE',  ( -3.000000000000001776, 1.900000000000000577, 0.8699999999999989964 ) ) ;
#1756 = ORIENTED_EDGE ( 'NONE', *, *, #2758, .T. ) ;
#1757 =( NAMED_UNIT ( * ) SI_UNIT ( $, .STERADIAN. ) SOLID_ANGLE_UNIT ( ) );
#1758 = CARTESIAN_POINT ( 'NONE',  ( 0.000000000000000000, 5.900000000000000355, -2.029999999999999805 ) ) ;
#1759 = PLANE ( 'NONE',  #2137 ) ;
#1760 = SURFACE_STYLE_USAGE ( .BOTH. , #1542 ) ;
#1761 = DIRECTION ( 'NONE',  ( -0.7071067811865473507, 0.000000000000000000, 0.7071067811865477948 ) ) ;
#1762 = UNCERTAINTY_MEASURE_WITH_UNIT (LENGTH_MEASURE( 1.000000000000000082E-05 ), #1053, 'distance_accuracy_value', 'NONE');
#1763 = CARTESIAN_POINT ( 'NONE',  ( -3.700000000000001954, 5.900000000000000355, 2.450000000000000622 ) ) ;
#1764 = DIRECTION ( 'NONE',  ( 1.000000000000000000, -0.000000000000000000, -0.000000000000000000 ) ) ;
#1765 = ORIENTED_EDGE ( 'NONE', *, *, #2305, .F. ) ;
#1766 = PRESENTATION_STYLE_ASSIGNMENT (( #94 ) ) ;
#1767 =( GEOMETRIC_REPRESENTATION_CONTEXT ( 3 ) GLOBAL_UNCERTAINTY_ASSIGNED_CONTEXT ( ( #635 ) ) GLOBAL_UNIT_ASSIGNED_CONTEXT ( ( #993, #500, #1377 ) ) REPRESENTATION_CONTEXT ( 'NONE', 'WORKASPACE' ) );
#1768 = VECTOR ( 'NONE', #916, 1000.000000000000000 ) ;
#1769 = FACE_OUTER_BOUND ( 'NONE', #407, .T. ) ;
#1770 = VERTEX_POINT ( 'NONE', #2159 ) ;
#1771 = AXIS2_PLACEMENT_3D ( 'NONE', #491, #81, #712 ) ;
#1772 = STYLED_ITEM ( 'NONE', ( #193 ), #324 ) ;
#1773 = EDGE_CURVE ( 'NONE', #130, #2128, #1752, .T. ) ;
#1774 = AXIS2_PLACEMENT_3D ( 'NONE', #2113, #2266, #1658 ) ;
#1775 = COLOUR_RGB ( '',1.000000000000000000, 1.000000000000000000, 1.000000000000000000 ) ;
#1776 = AXIS2_PLACEMENT_3D ( 'NONE', #189, #2548, #2755 ) ;
#1777 = SURFACE_STYLE_FILL_AREA ( #2368 ) ;
#1778 = EDGE_LOOP ( 'NONE', ( #1622, #434, #1577 ) ) ;
#1779 = DIRECTION ( 'NONE',  ( 0.000000000000000000, -0.7071067811865472397, -0.7071067811865479058 ) ) ;
#1780 = CARTESIAN_POINT ( 'NONE',  ( -3.700000000000001954, 5.399999999999999467, -1.230000000000006199 ) ) ;
#1781 = FILL_AREA_STYLE ('',( #907 ) ) ;
#1782 = VECTOR ( 'NONE', #1841, 1000.000000000000000 ) ;
#1783 = DIRECTION ( 'NONE',  ( -0.000000000000000000, -0.000000000000000000, 1.000000000000000000 ) ) ;
#1784 = CARTESIAN_POINT ( 'NONE',  ( -3.700000000000001954, 0.1000000000000000056, -0.5999999999999994227 ) ) ;
#1785 = VECTOR ( 'NONE', #1145, 1000.000000000000000 ) ;
#1786 = ORIENTED_EDGE ( 'NONE', *, *, #1652, .F. ) ;
#1787 = DIRECTION ( 'NONE',  ( -1.000000000000000000, 0.000000000000000000, 0.000000000000000000 ) ) ;
#1788 =( GEOMETRIC_REPRESENTATION_CONTEXT ( 3 ) GLOBAL_UNCERTAINTY_ASSIGNED_CONTEXT ( ( #1829 ) ) GLOBAL_UNIT_ASSIGNED_CONTEXT ( ( #274, #1660, #1860 ) ) REPRESENTATION_CONTEXT ( 'NONE', 'WORKASPACE' ) );
#1789 = SURFACE_SIDE_STYLE ('',( #1610 ) ) ;
#1790 = EDGE_CURVE ( 'NONE', #1340, #278, #1111, .T. ) ;
#1791 = ORIENTED_EDGE ( 'NONE', *, *, #1661, .F. ) ;
#1792 =( NAMED_UNIT ( * ) SI_UNIT ( $, .STERADIAN. ) SOLID_ANGLE_UNIT ( ) );
#1793 = EDGE_CURVE ( 'NONE', #2304, #2424, #1573, .T. ) ;
#1794 = ORIENTED_EDGE ( 'NONE', *, *, #2215, .T. ) ;
#1795 = SURFACE_SIDE_STYLE ('',( #924 ) ) ;
#1796 = DIRECTION ( 'NONE',  ( -0.000000000000000000, 1.000000000000000000, -0.000000000000000000 ) ) ;
#1797 = DIRECTION ( 'NONE',  ( -0.000000000000000000, -0.000000000000000000, 1.000000000000000000 ) ) ;
#1798 = CARTESIAN_POINT ( 'NONE',  ( -1.250000000000001332, -7.989949493661165469, 0.6500000000000000222 ) ) ;
#1799 = PLANE ( 'NONE',  #245 ) ;
#1800 = ORIENTED_EDGE ( 'NONE', *, *, #2405, .F. ) ;
#1801 = CARTESIAN_POINT ( 'NONE',  ( -3.000000000000001776, 5.900000000000000355, 0.8699999999999989964 ) ) ;
#1802 = VERTEX_POINT ( 'NONE', #255 ) ;
#1803 = DIRECTION ( 'NONE',  ( -0.000000000000000000, -1.000000000000000000, -0.000000000000000000 ) ) ;
#1804 = ADVANCED_FACE ( 'NONE', ( #2611 ), #1335, .F. ) ;
#1805 = CYLINDRICAL_SURFACE ( 'NONE', #174, 0.3500000000000000333 ) ;
#1806 = ORIENTED_EDGE ( 'NONE', *, *, #880, .F. ) ;
#1807 = LINE ( 'NONE', #2436, #1466 ) ;
#1808 =( NAMED_UNIT ( * ) PLANE_ANGLE_UNIT ( ) SI_UNIT ( $, .RADIAN. ) );
#1809 = CARTESIAN_POINT ( 'NONE',  ( -1.250000000000001332, 5.400000000000000355, 0.6500000000000000222 ) ) ;
#1810 = ORIENTED_EDGE ( 'NONE', *, *, #473, .T. ) ;
#1811 = SURFACE_STYLE_USAGE ( .BOTH. , #1843 ) ;
#1812 = CARTESIAN_POINT ( 'NONE',  ( -1.250000000000001332, 5.400000000000000355, 0.8000000000000000444 ) ) ;
#1813 = CARTESIAN_POINT ( 'NONE',  ( -3.000000000000001776, 4.300000000000005151, -1.530000000000003357 ) ) ;
#1814 = ORIENTED_EDGE ( 'NONE', *, *, #559, .T. ) ;
#1815 = CARTESIAN_POINT ( 'NONE',  ( 0.000000000000000000, 1.900000000000000577, 0.000000000000000000 ) ) ;
#1816 = STYLED_ITEM ( 'NONE', ( #1640 ), #1896 ) ;
#1817 = CARTESIAN_POINT ( 'NONE',  ( 3.699999999999999289, 4.899999999999999467, -1.230000000000006199 ) ) ;
#1818 = STYLED_ITEM ( 'NONE', ( #519 ), #2089 ) ;
#1819 = PRESENTATION_LAYER_ASSIGNMENT (  '', '', ( #1728 ) ) ;
#1820 = FACE_BOUND ( 'NONE', #2262, .T. ) ;
#1821 = VECTOR ( 'NONE', #770, 1000.000000000000000 ) ;
#1822 = PRESENTATION_LAYER_ASSIGNMENT (  '', '', ( #1588 ) ) ;
#1823 = VECTOR ( 'NONE', #239, 1000.000000000000000 ) ;
#1824 = FILL_AREA_STYLE ('',( #1618 ) ) ;
#1825 = COLOUR_RGB ( '',1.000000000000000000, 1.000000000000000000, 1.000000000000000000 ) ;
#1826 = SURFACE_STYLE_USAGE ( .BOTH. , #982 ) ;
#1827 =( NAMED_UNIT ( * ) SI_UNIT ( $, .STERADIAN. ) SOLID_ANGLE_UNIT ( ) );
#1828 = ORIENTED_EDGE ( 'NONE', *, *, #1210, .T. ) ;
#1829 = UNCERTAINTY_MEASURE_WITH_UNIT (LENGTH_MEASURE( 1.000000000000000082E-05 ), #274, 'distance_accuracy_value', 'NONE');
#1830 = FILL_AREA_STYLE ('',( #747 ) ) ;
#1831 = VECTOR ( 'NONE', #944, 1000.000000000000000 ) ;
#1832 = CARTESIAN_POINT ( 'NONE',  ( 2.999999999999998668, 1.000000000000000000, 0.2699999999999994071 ) ) ;
#1833 = ORIENTED_EDGE ( 'NONE', *, *, #1840, .F. ) ;
#1834 = CARTESIAN_POINT ( 'NONE',  ( -1.250000000000001332, -3.500000000000000000, 0.6500000000000000222 ) ) ;
#1835 =( GEOMETRIC_REPRESENTATION_CONTEXT ( 3 ) GLOBAL_UNCERTAINTY_ASSIGNED_CONTEXT ( ( #940 ) ) GLOBAL_UNIT_ASSIGNED_CONTEXT ( ( #2639, #721, #101 ) ) REPRESENTATION_CONTEXT ( 'NONE', 'WORKASPACE' ) );
#1836 =( NAMED_UNIT ( * ) PLANE_ANGLE_UNIT ( ) SI_UNIT ( $, .RADIAN. ) );
#1837 = VERTEX_POINT ( 'NONE', #2587 ) ;
#1838 = DIRECTION ( 'NONE',  ( 1.000000000000000000, -0.000000000000000000, -0.000000000000000000 ) ) ;
#1839 = CARTESIAN_POINT ( 'NONE',  ( -3.700000000000002398, 0.1000000000000000056, 1.600000000000000533 ) ) ;
#1840 = EDGE_CURVE ( 'NONE', #1930, #1215, #908, .T. ) ;
#1841 = DIRECTION ( 'NONE',  ( 0.000000000000000000, 1.000000000000000000, 0.000000000000000000 ) ) ;
#1842 = VERTEX_POINT ( 'NONE', #276 ) ;
#1843 = SURFACE_SIDE_STYLE ('',( #127 ) ) ;
#1844 = EDGE_LOOP ( 'NONE', ( #923, #2115, #2280, #978 ) ) ;
#1845 = DIRECTION ( 'NONE',  ( -0.000000000000000000, 0.000000000000000000, 1.000000000000000000 ) ) ;
#1846 = FILL_AREA_STYLE ('',( #133 ) ) ;
#1847 = VERTEX_POINT ( 'NONE', #2421 ) ;
#1848 = EDGE_CURVE ( 'NONE', #376, #1891, #1270, .T. ) ;
#1849 = SURFACE_SIDE_STYLE ('',( #2049 ) ) ;
#1850 =( LENGTH_UNIT ( ) NAMED_UNIT ( * ) SI_UNIT ( .MILLI., .METRE. ) );
#1851 = DIRECTION ( 'NONE',  ( -0.000000000000000000, -1.000000000000000000, -0.000000000000000000 ) ) ;
#1852 = EDGE_LOOP ( 'NONE', ( #1745, #1068 ) ) ;
#1853 = UNCERTAINTY_MEASURE_WITH_UNIT (LENGTH_MEASURE( 1.000000000000000082E-05 ), #2012, 'distance_accuracy_value', 'NONE');
#1854 = CARTESIAN_POINT ( 'NONE',  ( 3.699999999999998401, 5.900000000000000355, 0.06999999999999476086 ) ) ;
#1855 = PLANE ( 'NONE',  #2535 ) ;
#1856 = VERTEX_POINT ( 'NONE', #1301 ) ;
#1857 = DIRECTION ( 'NONE',  ( 0.000000000000000000, -1.000000000000000000, 0.000000000000000000 ) ) ;
#1858 = ORIENTED_EDGE ( 'NONE', *, *, #247, .T. ) ;
#1859 = MECHANICAL_DESIGN_GEOMETRIC_PRESENTATION_REPRESENTATION (  '', ( #2122 ), #995 ) ;
#1860 =( NAMED_UNIT ( * ) SI_UNIT ( $, .STERADIAN. ) SOLID_ANGLE_UNIT ( ) );
#1861 = EDGE_CURVE ( 'NONE', #2221, #661, #929, .T. ) ;
#1862 = STYLED_ITEM ( 'NONE', ( #2211 ), #2120 ) ;
#1863 = PRESENTATION_STYLE_ASSIGNMENT (( #992 ) ) ;
#1864 =( LENGTH_UNIT ( ) NAMED_UNIT ( * ) SI_UNIT ( .MILLI., .METRE. ) );
#1865 = PRESENTATION_STYLE_ASSIGNMENT (( #1826 ) ) ;
#1866 = DIRECTION ( 'NONE',  ( -0.000000000000000000, 1.000000000000000000, -0.000000000000000000 ) ) ;
#1867 =( GEOMETRIC_REPRESENTATION_CONTEXT ( 3 ) GLOBAL_UNCERTAINTY_ASSIGNED_CONTEXT ( ( #1366 ) ) GLOBAL_UNIT_ASSIGNED_CONTEXT ( ( #2333, #1704, #2112 ) ) REPRESENTATION_CONTEXT ( 'NONE', 'WORKASPACE' ) );
#1868 = ORIENTED_EDGE ( 'NONE', *, *, #1909, .T. ) ;
#1869 = CARTESIAN_POINT ( 'NONE',  ( -3.000000000000001776, 4.899999999999999467, 0.2700000000000002953 ) ) ;
#1870 = COLOUR_RGB ( '',1.000000000000000000, 1.000000000000000000, 1.000000000000000000 ) ;
#1871 = ORIENTED_EDGE ( 'NONE', *, *, #413, .T. ) ;
#1872 = CARTESIAN_POINT ( 'NONE',  ( 2.999999999999998224, 1.900000000000000577, -1.729999999999999982 ) ) ;
#1873 = AXIS2_PLACEMENT_3D ( 'NONE', #1342, #738, #2682 ) ;
#1874 = SURFACE_STYLE_FILL_AREA ( #400 ) ;
#1875 =( NAMED_UNIT ( * ) PLANE_ANGLE_UNIT ( ) SI_UNIT ( $, .RADIAN. ) );
#1876 = ORIENTED_EDGE ( 'NONE', *, *, #180, .F. ) ;
#1877 = CIRCLE ( 'NONE', #1873, 0.3500000000000000333 ) ;
#1878 = LINE ( 'NONE', #1631, #1965 ) ;
#1879 =( NAMED_UNIT ( * ) PLANE_ANGLE_UNIT ( ) SI_UNIT ( $, .RADIAN. ) );
#1880 = DIRECTION ( 'NONE',  ( 0.000000000000000000, -1.000000000000000000, 0.000000000000000000 ) ) ;
#1881 =( GEOMETRIC_REPRESENTATION_CONTEXT ( 3 ) GLOBAL_UNCERTAINTY_ASSIGNED_CONTEXT ( ( #2395 ) ) GLOBAL_UNIT_ASSIGNED_CONTEXT ( ( #2098, #335, #1052 ) ) REPRESENTATION_CONTEXT ( 'NONE', 'WORKASPACE' ) );
#1882 = FILL_AREA_STYLE ('',( #406 ) ) ;
#1883 = ORIENTED_EDGE ( 'NONE', *, *, #840, .T. ) ;
#1884 = CARTESIAN_POINT ( 'NONE',  ( 0.4499999999999985123, 5.400000000000000355, 1.769999999999999130 ) ) ;
#1885 = ADVANCED_FACE ( 'NONE', ( #2409 ), #1799, .F. ) ;
#1886 = FILL_AREA_STYLE ('',( #2517 ) ) ;
#1887 = ORIENTED_EDGE ( 'NONE', *, *, #167, .T. ) ;
#1888 = SURFACE_SIDE_STYLE ('',( #320 ) ) ;
#1889 = FILL_AREA_STYLE_COLOUR ( '', #2577 ) ;
#1890 = DIRECTION ( 'NONE',  ( -0.000000000000000000, 1.000000000000000000, -0.000000000000000000 ) ) ;
#1891 = VERTEX_POINT ( 'NONE', #2689 ) ;
#1892 = CARTESIAN_POINT ( 'NONE',  ( 2.100000000000001865, 5.900000000000000355, 1.769999999999998685 ) ) ;
#1893 = EDGE_CURVE ( 'NONE', #1721, #1018, #105, .T. ) ;
#1894 =( NAMED_UNIT ( * ) SI_UNIT ( $, .STERADIAN. ) SOLID_ANGLE_UNIT ( ) );
#1895 = LINE ( 'NONE', #607, #2715 ) ;
#1896 = ADVANCED_FACE ( 'NONE', ( #139 ), #1621, .T. ) ;
#1897 = CARTESIAN_POINT ( 'NONE',  ( -1.734723475976807094E-15, 1.900000000000000577, 1.319999999999998952 ) ) ;
#1898 = ORIENTED_EDGE ( 'NONE', *, *, #1546, .T. ) ;
#1899 = DIRECTION ( 'NONE',  ( 0.000000000000000000, 0.000000000000000000, 1.000000000000000000 ) ) ;
#1900 = ORIENTED_EDGE ( 'NONE', *, *, #1362, .T. ) ;
#1901 = FILL_AREA_STYLE ('',( #1889 ) ) ;
#1902 = FACE_OUTER_BOUND ( 'NONE', #243, .T. ) ;
#1903 = ORIENTED_EDGE ( 'NONE', *, *, #986, .F. ) ;
#1904 = DIRECTION ( 'NONE',  ( 0.7071067811865474617, 0.000000000000000000, -0.7071067811865474617 ) ) ;
#1905 = DIRECTION ( 'NONE',  ( 0.000000000000000000, 0.000000000000000000, 1.000000000000000000 ) ) ;
#1906 = DIRECTION ( 'NONE',  ( 0.000000000000000000, 0.000000000000000000, -1.000000000000000000 ) ) ;
#1907 = PRESENTATION_LAYER_ASSIGNMENT (  '', '', ( #1350 ) ) ;
#1908 = PLANE ( 'NONE',  #1178 ) ;
#1909 = EDGE_CURVE ( 'NONE', #2247, #1856, #983, .T. ) ;
#1910 = MECHANICAL_DESIGN_GEOMETRIC_PRESENTATION_REPRESENTATION (  '', ( #2757 ), #502 ) ;
#1911 = PRESENTATION_LAYER_ASSIGNMENT (  '', '', ( #337 ) ) ;
#1912 = VERTEX_POINT ( 'NONE', #1437 ) ;
#1913 = UNCERTAINTY_MEASURE_WITH_UNIT (LENGTH_MEASURE( 1.000000000000000082E-05 ), #744, 'distance_accuracy_value', 'NONE');
#1914 = FACE_OUTER_BOUND ( 'NONE', #789, .T. ) ;
#1915 = VECTOR ( 'NONE', #589, 1000.000000000000000 ) ;
#1916 = AXIS2_PLACEMENT_3D ( 'NONE', #540, #1647, #1918 ) ;
#1917 = ORIENTED_EDGE ( 'NONE', *, *, #1362, .F. ) ;
#1918 = DIRECTION ( 'NONE',  ( 0.000000000000000000, 0.000000000000000000, -1.000000000000000000 ) ) ;
#1919 = SURFACE_STYLE_FILL_AREA ( #1901 ) ;
#1920 = CARTESIAN_POINT ( 'NONE',  ( -1.250000000000001332, 0.000000000000000000, 0.2999999999999999334 ) ) ;
#1921 = EDGE_LOOP ( 'NONE', ( #535, #2024 ) ) ;
#1922 = CARTESIAN_POINT ( 'NONE',  ( 3.699999999999998401, 5.900000000000000355, -2.449999999999999734 ) ) ;
#1923 = AXIS2_PLACEMENT_3D ( 'NONE', #1306, #663, #2602 ) ;
#1924 = DIRECTION ( 'NONE',  ( -1.000000000000000000, 0.000000000000000000, 0.000000000000000000 ) ) ;
#1925 = EDGE_CURVE ( 'NONE', #2664, #1595, #2444, .T. ) ;
#1926 = CARTESIAN_POINT ( 'NONE',  ( 3.699999999999998401, 5.900000000000000355, 1.230660171779823564 ) ) ;
#1927 = AXIS2_PLACEMENT_3D ( 'NONE', #2154, #623, #2768 ) ;
#1928 = PRESENTATION_LAYER_ASSIGNMENT (  '', '', ( #39 ) ) ;
#1929 = ADVANCED_FACE ( 'NONE', ( #1425 ), #546, .T. ) ;
#1930 = VERTEX_POINT ( 'NONE', #534 ) ;
#1931 = CARTESIAN_POINT ( 'NONE',  ( -2.100000000000001865, 5.600000000000000533, 1.769999999999998685 ) ) ;
#1932 = EDGE_CURVE ( 'NONE', #746, #1856, #2239, .T. ) ;
#1933 = CARTESIAN_POINT ( 'NONE',  ( -3.000000000000001776, 1.900000000000000577, 0.8699999999999989964 ) ) ;
#1934 = ORIENTED_EDGE ( 'NONE', *, *, #2323, .F. ) ;
#1935 = FILL_AREA_STYLE_COLOUR ( '', #1147 ) ;
#1936 = FACE_OUTER_BOUND ( 'NONE', #942, .T. ) ;
#1937 =( NAMED_UNIT ( * ) SI_UNIT ( $, .STERADIAN. ) SOLID_ANGLE_UNIT ( ) );
#1938 = UNCERTAINTY_MEASURE_WITH_UNIT (LENGTH_MEASURE( 1.000000000000000082E-05 ), #2627, 'distance_accuracy_value', 'NONE');
#1939 = DIRECTION ( 'NONE',  ( -1.000000000000000000, -0.000000000000000000, -0.000000000000000000 ) ) ;
#1940 = ORIENTED_EDGE ( 'NONE', *, *, #125, .F. ) ;
#1941 = SURFACE_STYLE_USAGE ( .BOTH. , #1067 ) ;
#1942 = DIRECTION ( 'NONE',  ( -0.000000000000000000, -0.000000000000000000, 1.000000000000000000 ) ) ;
#1943 = ORIENTED_EDGE ( 'NONE', *, *, #2758, .F. ) ;
#1944 = FILL_AREA_STYLE ('',( #1935 ) ) ;
#1945 = FILL_AREA_STYLE_COLOUR ( '', #160 ) ;
#1946 = EDGE_CURVE ( 'NONE', #1021, #661, #362, .T. ) ;
#1947 = CARTESIAN_POINT ( 'NONE',  ( -3.700000000000001954, 1.000000000000000000, -2.449999999999999734 ) ) ;
#1948 = STYLED_ITEM ( 'NONE', ( #2213 ), #1885 ) ;
#1949 = PLANE ( 'NONE',  #1771 ) ;
#1950 = COLOUR_RGB ( '',1.000000000000000000, 1.000000000000000000, 1.000000000000000000 ) ;
#1951 = ORIENTED_EDGE ( 'NONE', *, *, #8, .T. ) ;
#1952 =( NAMED_UNIT ( * ) SI_UNIT ( $, .STERADIAN. ) SOLID_ANGLE_UNIT ( ) );
#1953 = AXIS2_PLACEMENT_3D ( 'NONE', #512, #2216, #307 ) ;
#1954 = STYLED_ITEM ( 'NONE', ( #64 ), #1804 ) ;
#1955 = AXIS2_PLACEMENT_3D ( 'NONE', #1601, #485, #2432 ) ;
#1956 = DIRECTION ( 'NONE',  ( 0.000000000000000000, -1.000000000000000000, -1.084202172485503448E-16 ) ) ;
#1957 = ORIENTED_EDGE ( 'NONE', *, *, #2628, .F. ) ;
#1958 = CARTESIAN_POINT ( 'NONE',  ( -3.700000000000001954, 5.399999999999999467, -1.230000000000006199 ) ) ;
#1959 = MECHANICAL_DESIGN_GEOMETRIC_PRESENTATION_REPRESENTATION (  '', ( #1229 ), #1136 ) ;
#1960 = EDGE_CURVE ( 'NONE', #116, #2407, #2531, .T. ) ;
#1961 = CARTESIAN_POINT ( 'NONE',  ( 3.699999999999998845, 0.1000000000000000472, 0.2699999999999994071 ) ) ;
#1962 = DIRECTION ( 'NONE',  ( -1.000000000000000000, -0.000000000000000000, -1.172110456741085828E-16 ) ) ;
#1963 = DIRECTION ( 'NONE',  ( 0.000000000000000000, 1.000000000000000000, -0.000000000000000000 ) ) ;
#1964 = SURFACE_STYLE_FILL_AREA ( #1106 ) ;
#1965 = VECTOR ( 'NONE', #2733, 1000.000000000000000 ) ;
#1966 = LINE ( 'NONE', #1572, #2526 ) ;
#1967 = ORIENTED_EDGE ( 'NONE', *, *, #2438, .T. ) ;
#1968 = ADVANCED_FACE ( 'NONE', ( #727 ), #1653, .F. ) ;
#1969 = ORIENTED_EDGE ( 'NONE', *, *, #1861, .T. ) ;
#1970 = PRESENTATION_STYLE_ASSIGNMENT (( #1101 ) ) ;
#1971 = DIRECTION ( 'NONE',  ( 0.000000000000000000, -0.000000000000000000, -1.000000000000000000 ) ) ;
#1972 = LINE ( 'NONE', #1758, #2161 ) ;
#1973 = ORIENTED_EDGE ( 'NONE', *, *, #413, .F. ) ;
#1974 = DIRECTION ( 'NONE',  ( 0.000000000000000000, -1.000000000000000000, -1.084202172485503448E-16 ) ) ;
#1975 = EDGE_CURVE ( 'NONE', #1125, #746, #1, .T. ) ;
#1976 = SURFACE_STYLE_FILL_AREA ( #1334 ) ;
#1977 = CARTESIAN_POINT ( 'NONE',  ( -1.250000000000001332, -7.989949493661165469, 1.000000000000000000 ) ) ;
#1978 = EDGE_CURVE ( 'NONE', #614, #1912, #1713, .T. ) ;
#1979 = ORIENTED_EDGE ( 'NONE', *, *, #2538, .T. ) ;
#1980 = DIRECTION ( 'NONE',  ( 0.000000000000000000, 0.000000000000000000, -1.000000000000000000 ) ) ;
#1981 = VERTEX_POINT ( 'NONE', #591 ) ;
#1982 = LINE ( 'NONE', #694, #129 ) ;
#1983 = EDGE_CURVE ( 'NONE', #614, #2364, #2038, .T. ) ;
#1984 =( LENGTH_UNIT ( ) NAMED_UNIT ( * ) SI_UNIT ( .MILLI., .METRE. ) );
#1985 = PRODUCT_DEFINITION_CONTEXT ( 'detailed design', #1037, 'design' ) ;
#1986 = DIRECTION ( 'NONE',  ( 0.000000000000000000, 0.000000000000000000, 1.000000000000000000 ) ) ;
#1987 = ORIENTED_EDGE ( 'NONE', *, *, #2215, .F. ) ;
#1988 = DIRECTION ( 'NONE',  ( 1.000000000000000000, 0.000000000000000000, -1.548860246407863336E-16 ) ) ;
#1989 = MECHANICAL_DESIGN_GEOMETRIC_PRESENTATION_REPRESENTATION (  '', ( #1728 ), #2766 ) ;
#1990 = ADVANCED_FACE ( 'NONE', ( #634 ), #511, .T. ) ;
#1991 = DIRECTION ( 'NONE',  ( 0.000000000000000000, 1.000000000000000000, 0.000000000000000000 ) ) ;
#1992 = EDGE_LOOP ( 'NONE', ( #767, #223, #596, #343 ) ) ;
#1993 = COLOUR_RGB ( '',1.000000000000000000, 1.000000000000000000, 1.000000000000000000 ) ;
#1994 = CIRCLE ( 'NONE', #2530, 0.3500000000000000333 ) ;
#1995 = FACE_OUTER_BOUND ( 'NONE', #802, .T. ) ;
#1996 = VERTEX_POINT ( 'NONE', #427 ) ;
#1997 = FACE_OUTER_BOUND ( 'NONE', #1730, .T. ) ;
#1998 = SURFACE_STYLE_USAGE ( .BOTH. , #2019 ) ;
#1999 = PRESENTATION_LAYER_ASSIGNMENT (  '', '', ( #867 ) ) ;
#2000 = LINE ( 'NONE', #465, #726 ) ;
#2001 = PRESENTATION_LAYER_ASSIGNMENT (  '', '', ( #430 ) ) ;
#2002 = SURFACE_SIDE_STYLE ('',( #1137 ) ) ;
#2003 = VERTEX_POINT ( 'NONE', #1700 ) ;
#2004 = CARTESIAN_POINT ( 'NONE',  ( 3.699999999999998845, 1.000000000000000000, 0.2699999999999994071 ) ) ;
#2005 = ADVANCED_FACE ( 'NONE', ( #1260 ), #1908, .F. ) ;
#2006 = PRESENTATION_STYLE_ASSIGNMENT (( #128 ) ) ;
#2007 = VERTEX_POINT ( 'NONE', #2300 ) ;
#2008 = FACE_OUTER_BOUND ( 'NONE', #153, .T. ) ;
#2009 = FILL_AREA_STYLE ('',( #937 ) ) ;
#2010 =( NAMED_UNIT ( * ) PLANE_ANGLE_UNIT ( ) SI_UNIT ( $, .RADIAN. ) );
#2011 = UNCERTAINTY_MEASURE_WITH_UNIT (LENGTH_MEASURE( 1.000000000000000082E-05 ), #37, 'distance_accuracy_value', 'NONE');
#2012 =( LENGTH_UNIT ( ) NAMED_UNIT ( * ) SI_UNIT ( .MILLI., .METRE. ) );
#2013 = ORIENTED_EDGE ( 'NONE', *, *, #262, .T. ) ;
#2014 = LINE ( 'NONE', #1813, #1455 ) ;
#2015 = ORIENTED_EDGE ( 'NONE', *, *, #2052, .F. ) ;
#2016 = CARTESIAN_POINT ( 'NONE',  ( -1.250000000000001332, -3.299999999999999822, 0.8000000000000000444 ) ) ;
#2017 = ADVANCED_FACE ( 'NONE', ( #2329 ), #795, .F. ) ;
#2018 = PRESENTATION_STYLE_ASSIGNMENT (( #2416 ) ) ;
#2019 = SURFACE_SIDE_STYLE ('',( #313 ) ) ;
#2020 = EDGE_CURVE ( 'NONE', #183, #1018, #266, .T. ) ;
#2021 = CARTESIAN_POINT ( 'NONE',  ( -1.250000000000001332, -3.500000000000000000, 0.4999999999999998890 ) ) ;
#2022 = DIRECTION ( 'NONE',  ( 1.000000000000000000, -0.000000000000000000, 0.000000000000000000 ) ) ;
#2023 = VERTEX_POINT ( 'NONE', #249 ) ;
#2024 = ORIENTED_EDGE ( 'NONE', *, *, #1438, .T. ) ;
#2025 = DIRECTION ( 'NONE',  ( 1.000000000000000000, -0.000000000000000000, -1.084202172485504434E-16 ) ) ;
#2026 =( GEOMETRIC_REPRESENTATION_CONTEXT ( 3 ) GLOBAL_UNCERTAINTY_ASSIGNED_CONTEXT ( ( #2597 ) ) GLOBAL_UNIT_ASSIGNED_CONTEXT ( ( #1984, #461, #893 ) ) REPRESENTATION_CONTEXT ( 'NONE', 'WORKASPACE' ) );
#2027 = AXIS2_PLACEMENT_3D ( 'NONE', #2178, #1787, #2632 ) ;
#2028 = LINE ( 'NONE', #1817, #1785 ) ;
#2029 = TOROIDAL_SURFACE ( 'NONE', #1307, 0.1500000000000000500, 0.2000000000000000111 ) ;
#2030 = FILL_AREA_STYLE ('',( #2509 ) ) ;
#2031 = VERTEX_POINT ( 'NONE', #700 ) ;
#2032 = CARTESIAN_POINT ( 'NONE',  ( 1.249999999999998668, -3.500000000000000000, 0.6500000000000000222 ) ) ;
#2033 = EDGE_CURVE ( 'NONE', #1837, #2304, #2419, .T. ) ;
#2034 = AXIS2_PLACEMENT_3D ( 'NONE', #1832, #2633, #1564 ) ;
#2035 = MECHANICAL_DESIGN_GEOMETRIC_PRESENTATION_REPRESENTATION (  '', ( #685 ), #113 ) ;
#2036 = PRESENTATION_STYLE_ASSIGNMENT (( #1998 ) ) ;
#2037 = SURFACE_STYLE_USAGE ( .BOTH. , #136 ) ;
#2038 = CIRCLE ( 'NONE', #821, 0.3500000000000000333 ) ;
#2039 = UNCERTAINTY_MEASURE_WITH_UNIT (LENGTH_MEASURE( 1.000000000000000082E-05 ), #2406, 'distance_accuracy_value', 'NONE');
#2040 = SURFACE_SIDE_STYLE ('',( #2402 ) ) ;
#2041 = VERTEX_POINT ( 'NONE', #1117 ) ;
#2042 = AXIS2_PLACEMENT_3D ( 'NONE', #768, #784, #581 ) ;
#2043 = ORIENTED_EDGE ( 'NONE', *, *, #2271, .T. ) ;
#2044 = DIRECTION ( 'NONE',  ( 0.000000000000000000, -1.000000000000000000, 0.000000000000000000 ) ) ;
#2045 = VECTOR ( 'NONE', #1474, 1000.000000000000000 ) ;
#2046 = CIRCLE ( 'NONE', #1927, 0.3500000000000000333 ) ;
#2047 = FACE_OUTER_BOUND ( 'NONE', #2214, .T. ) ;
#2048 = ORIENTED_EDGE ( 'NONE', *, *, #145, .F. ) ;
#2049 = SURFACE_STYLE_FILL_AREA ( #518 ) ;
#2050 = SURFACE_STYLE_USAGE ( .BOTH. , #2252 ) ;
#2051 = ORIENTED_EDGE ( 'NONE', *, *, #348, .T. ) ;
#2052 = EDGE_CURVE ( 'NONE', #2571, #2225, #2371, .T. ) ;
#2053 = SURFACE_STYLE_FILL_AREA ( #352 ) ;
#2054 = VERTEX_POINT ( 'NONE', #2642 ) ;
#2055 = CARTESIAN_POINT ( 'NONE',  ( 3.000000000000000888, 5.400000000000000355, -0.4300000000000061551 ) ) ;
#2056 = SURFACE_STYLE_USAGE ( .BOTH. , #598 ) ;
#2057 = DIRECTION ( 'NONE',  ( -0.000000000000000000, -1.000000000000000000, -0.000000000000000000 ) ) ;
#2058 = ORIENTED_EDGE ( 'NONE', *, *, #2423, .F. ) ;
#2059 = SURFACE_SIDE_STYLE ('',( #1204 ) ) ;
#2060 = ORIENTED_EDGE ( 'NONE', *, *, #2143, .T. ) ;
#2061 = SURFACE_SIDE_STYLE ('',( #2677 ) ) ;
#2062 =( LENGTH_UNIT ( ) NAMED_UNIT ( * ) SI_UNIT ( .MILLI., .METRE. ) );
#2063 = ORIENTED_EDGE ( 'NONE', *, *, #2020, .T. ) ;
#2064 = DIRECTION ( 'NONE',  ( 0.000000000000000000, 0.000000000000000000, 1.000000000000000000 ) ) ;
#2065 = DIRECTION ( 'NONE',  ( -1.000000000000000000, -0.000000000000000000, -0.000000000000000000 ) ) ;
#2066 = CARTESIAN_POINT ( 'NONE',  ( -3.000000000000001776, 1.900000000000000577, -1.729999999999999982 ) ) ;
#2067 = EDGE_LOOP ( 'NONE', ( #522, #1903, #785, #936, #140, #752, #2494, #1987, #2468, #2429, #457, #2284, #2145 ) ) ;
#2068 =( GEOMETRIC_REPRESENTATION_CONTEXT ( 3 ) GLOBAL_UNCERTAINTY_ASSIGNED_CONTEXT ( ( #1027 ) ) GLOBAL_UNIT_ASSIGNED_CONTEXT ( ( #2491, #108, #955 ) ) REPRESENTATION_CONTEXT ( 'NONE', 'WORKASPACE' ) );
#2069 = FACE_OUTER_BOUND ( 'NONE', #1207, .T. ) ;
#2070 = COLOUR_RGB ( '',1.000000000000000000, 1.000000000000000000, 1.000000000000000000 ) ;
#2071 = PRESENTATION_STYLE_ASSIGNMENT (( #1023 ) ) ;
#2072 = CARTESIAN_POINT ( 'NONE',  ( 3.699999999999998401, 5.900000000000000355, 1.230660171779823564 ) ) ;
#2073 = PRESENTATION_LAYER_ASSIGNMENT (  '', '', ( #1587 ) ) ;
#2074 =( LENGTH_UNIT ( ) NAMED_UNIT ( * ) SI_UNIT ( .MILLI., .METRE. ) );
#2075 = STYLED_ITEM ( 'NONE', ( #12 ), #692 ) ;
#2076 = EDGE_CURVE ( 'NONE', #1114, #2109, #60, .T. ) ;
#2077 = AXIS2_PLACEMENT_3D ( 'NONE', #1333, #2156, #1761 ) ;
#2078 = DIRECTION ( 'NONE',  ( 0.000000000000000000, 0.000000000000000000, 1.000000000000000000 ) ) ;
#2079 = EDGE_LOOP ( 'NONE', ( #897, #2576, #1498, #1364 ) ) ;
#2080 = SURFACE_STYLE_USAGE ( .BOTH. , #2061 ) ;
#2081 = VECTOR ( 'NONE', #2575, 1000.000000000000114 ) ;
#2082 = VECTOR ( 'NONE', #2652, 1000.000000000000000 ) ;
#2083 = FACE_OUTER_BOUND ( 'NONE', #2288, .T. ) ;
#2084 = COLOUR_RGB ( '',1.000000000000000000, 1.000000000000000000, 1.000000000000000000 ) ;
#2085 = ADVANCED_FACE ( 'NONE', ( #38 ), #22, .F. ) ;
#2086 = EDGE_LOOP ( 'NONE', ( #484, #1473, #1703, #1611, #350 ) ) ;
#2087 = SURFACE_STYLE_USAGE ( .BOTH. , #1888 ) ;
#2088 =( LENGTH_UNIT ( ) NAMED_UNIT ( * ) SI_UNIT ( .MILLI., .METRE. ) );
#2089 = ADVANCED_FACE ( 'NONE', ( #1290 ), #2147, .F. ) ;
#2090 = ORIENTED_EDGE ( 'NONE', *, *, #2573, .F. ) ;
#2091 = SURFACE_STYLE_USAGE ( .BOTH. , #588 ) ;
#2092 = STYLED_ITEM ( 'NONE', ( #1634 ), #2621 ) ;
#2093 = CARTESIAN_POINT ( 'NONE',  ( 3.699999999999998401, 5.900000000000000355, 2.450000000000000622 ) ) ;
#2094 = VECTOR ( 'NONE', #1501, 1000.000000000000000 ) ;
#2095 = CARTESIAN_POINT ( 'NONE',  ( 1.249999999999998668, 0.000000000000000000, 0.6500000000000000222 ) ) ;
#2096 = FILL_AREA_STYLE_COLOUR ( '', #455 ) ;
#2097 = DIRECTION ( 'NONE',  ( 0.000000000000000000, 0.000000000000000000, 1.000000000000000000 ) ) ;
#2098 =( LENGTH_UNIT ( ) NAMED_UNIT ( * ) SI_UNIT ( .MILLI., .METRE. ) );
#2099 = SURFACE_SIDE_STYLE ('',( #2506 ) ) ;
#2100 = EDGE_LOOP ( 'NONE', ( #2345, #990, #1520, #1957 ) ) ;
#2101 = DIRECTION ( 'NONE',  ( 0.7071067811865474617, 0.000000000000000000, 0.7071067811865474617 ) ) ;
#2102 = VERTEX_POINT ( 'NONE', #1358 ) ;
#2103 =( NAMED_UNIT ( * ) PLANE_ANGLE_UNIT ( ) SI_UNIT ( $, .RADIAN. ) );
#2104 = CARTESIAN_POINT ( 'NONE',  ( -3.000000000000001776, 5.600000000000001421, -1.729999999999999982 ) ) ;
#2105 = CARTESIAN_POINT ( 'NONE',  ( -1.250000000000001332, -3.299999999999999822, 0.6500000000000000222 ) ) ;
#2106 =( NAMED_UNIT ( * ) SI_UNIT ( $, .STERADIAN. ) SOLID_ANGLE_UNIT ( ) );
#2107 = ADVANCED_FACE ( 'NONE', ( #360 ), #1405, .F. ) ;
#2108 =( NAMED_UNIT ( * ) PLANE_ANGLE_UNIT ( ) SI_UNIT ( $, .RADIAN. ) );
#2109 = VERTEX_POINT ( 'NONE', #725 ) ;
#2110 = CARTESIAN_POINT ( 'NONE',  ( -2.100000000000001865, 5.900000000000000355, 1.769999999999998685 ) ) ;
#2111 = ORIENTED_EDGE ( 'NONE', *, *, #1840, .T. ) ;
#2112 =( NAMED_UNIT ( * ) SI_UNIT ( $, .STERADIAN. ) SOLID_ANGLE_UNIT ( ) );
#2113 = CARTESIAN_POINT ( 'NONE',  ( 1.249999999999998668, 5.400000000000000355, 0.6500000000000000222 ) ) ;
#2114 = PLANE ( 'NONE',  #1049 ) ;
#2115 = ORIENTED_EDGE ( 'NONE', *, *, #125, .T. ) ;
#2116 = CARTESIAN_POINT ( 'NONE',  ( 1.249999999999998668, 5.400000000000000355, 0.4999999999999998890 ) ) ;
#2117 = PLANE ( 'NONE',  #1054 ) ;
#2118 = DIRECTION ( 'NONE',  ( 0.000000000000000000, 0.000000000000000000, 1.000000000000000000 ) ) ;
#2119 = AXIS2_PLACEMENT_3D ( 'NONE', #2615, #494, #1113 ) ;
#2120 = ADVANCED_FACE ( 'NONE', ( #2686 ), #2440, .F. ) ;
#2121 = AXIS2_PLACEMENT_3D ( 'NONE', #80, #2596, #927 ) ;
#2122 = STYLED_ITEM ( 'NONE', ( #2705 ), #895 ) ;
#2123 =( NAMED_UNIT ( * ) PLANE_ANGLE_UNIT ( ) SI_UNIT ( $, .RADIAN. ) );
#2124 = MECHANICAL_DESIGN_GEOMETRIC_PRESENTATION_REPRESENTATION (  '', ( #550 ), #63 ) ;
#2125 = STYLED_ITEM ( 'NONE', ( #1865 ), #1259 ) ;
#2126 = VECTOR ( 'NONE', #717, 1000.000000000000000 ) ;
#2127 = VECTOR ( 'NONE', #844, 1000.000000000000000 ) ;
#2128 = VERTEX_POINT ( 'NONE', #822 ) ;
#2129 = AXIS2_PLACEMENT_3D ( 'NONE', #977, #739, #762 ) ;
#2130 = SURFACE_SIDE_STYLE ('',( #231 ) ) ;
#2131 = PRESENTATION_LAYER_ASSIGNMENT (  '', '', ( #1229 ) ) ;
#2132 = LINE ( 'NONE', #1245, #2671 ) ;
#2133 = ADVANCED_FACE ( 'NONE', ( #1936 ), #422, .F. ) ;
#2134 = ORIENTED_EDGE ( 'NONE', *, *, #1793, .T. ) ;
#2135 = SURFACE_STYLE_USAGE ( .BOTH. , #903 ) ;
#2136 = CARTESIAN_POINT ( 'NONE',  ( 2.999999999999998668, 1.000000000000000000, -1.449999999999999956 ) ) ;
#2137 = AXIS2_PLACEMENT_3D ( 'NONE', #574, #166, #979 ) ;
#2138 = FILL_AREA_STYLE_COLOUR ( '', #2372 ) ;
#2139 = LINE ( 'NONE', #1884, #331 ) ;
#2140 = EDGE_CURVE ( 'NONE', #1008, #130, #2315, .T. ) ;
#2141 = ORIENTED_EDGE ( 'NONE', *, *, #1431, .F. ) ;
#2142 = FACE_OUTER_BOUND ( 'NONE', #730, .T. ) ;
#2143 = EDGE_CURVE ( 'NONE', #1029, #2321, #1486, .T. ) ;
#2144 = DIRECTION ( 'NONE',  ( 0.000000000000000000, 0.000000000000000000, -1.000000000000000000 ) ) ;
#2145 = ORIENTED_EDGE ( 'NONE', *, *, #262, .F. ) ;
#2146 = FILL_AREA_STYLE_COLOUR ( '', #1356 ) ;
#2147 = PLANE ( 'NONE',  #2525 ) ;
#2148 = LINE ( 'NONE', #1016, #2762 ) ;
#2149 = EDGE_CURVE ( 'NONE', #2407, #142, #1449, .T. ) ;
#2150 = VERTEX_POINT ( 'NONE', #372 ) ;
#2151 = LINE ( 'NONE', #71, #1645 ) ;
#2152 = ORIENTED_EDGE ( 'NONE', *, *, #594, .F. ) ;
#2153 = LINE ( 'NONE', #1084, #421 ) ;
#2154 = CARTESIAN_POINT ( 'NONE',  ( -1.250000000000001332, 1.900000000000000577, 0.6500000000000000222 ) ) ;
#2155 = LINE ( 'NONE', #1318, #1182 ) ;
#2156 = DIRECTION ( 'NONE',  ( -0.7071067811865477948, 0.000000000000000000, -0.7071067811865473507 ) ) ;
#2157 = VECTOR ( 'NONE', #2489, 999.9999999999998863 ) ;
#2158 = DIRECTION ( 'NONE',  ( 0.000000000000000000, 1.000000000000000000, 0.000000000000000000 ) ) ;
#2159 = CARTESIAN_POINT ( 'NONE',  ( -3.000000000000001776, 0.000000000000000000, -0.5999999999999993117 ) ) ;
#2160 = EDGE_LOOP ( 'NONE', ( #583, #2292, #2741, #1574 ) ) ;
#2161 = VECTOR ( 'NONE', #719, 1000.000000000000000 ) ;
#2162 = PRESENTATION_LAYER_ASSIGNMENT (  '', '', ( #685 ) ) ;
#2163 = EDGE_CURVE ( 'NONE', #2217, #1176, #459, .T. ) ;
#2164 = VECTOR ( 'NONE', #1090, 1000.000000000000000 ) ;
#2165 = CARTESIAN_POINT ( 'NONE',  ( -1.250000000000001332, 5.200000000000001066, 0.6500000000000000222 ) ) ;
#2166 = VERTEX_POINT ( 'NONE', #414 ) ;
#2167 = SURFACE_SIDE_STYLE ('',( #1126 ) ) ;
#2168 = FACE_OUTER_BOUND ( 'NONE', #2171, .T. ) ;
#2169 = CARTESIAN_POINT ( 'NONE',  ( 2.999999999999998224, 5.900000000000000355, -1.730000000000007088 ) ) ;
#2170 =( GEOMETRIC_REPRESENTATION_CONTEXT ( 3 ) GLOBAL_UNCERTAINTY_ASSIGNED_CONTEXT ( ( #2011 ) ) GLOBAL_UNIT_ASSIGNED_CONTEXT ( ( #37, #2408, #1116 ) ) REPRESENTATION_CONTEXT ( 'NONE', 'WORKASPACE' ) );
#2171 = EDGE_LOOP ( 'NONE', ( #654, #2590 ) ) ;
#2172 = MECHANICAL_DESIGN_GEOMETRIC_PRESENTATION_REPRESENTATION (  '', ( #1094 ), #964 ) ;
#2173 = DIRECTION ( 'NONE',  ( 0.000000000000000000, 1.000000000000000000, 0.000000000000000000 ) ) ;
#2174 = UNCERTAINTY_MEASURE_WITH_UNIT (LENGTH_MEASURE( 1.000000000000000082E-05 ), #1613, 'distance_accuracy_value', 'NONE');
#2175 = VECTOR ( 'NONE', #2234, 1000.000000000000114 ) ;
#2176 = FACE_OUTER_BOUND ( 'NONE', #1300, .T. ) ;
#2177 = ORIENTED_EDGE ( 'NONE', *, *, #2637, .F. ) ;
#2178 = CARTESIAN_POINT ( 'NONE',  ( -1.250000000000001332, 5.200000000000001066, 0.8000000000000000444 ) ) ;
#2179 = AXIS2_PLACEMENT_3D ( 'NONE', #1275, #1286, #2360 ) ;
#2180 = DIRECTION ( 'NONE',  ( 1.000000000000000000, 0.000000000000000000, 1.172110456741085828E-16 ) ) ;
#2181 = VERTEX_POINT ( 'NONE', #1435 ) ;
#2182 =( NAMED_UNIT ( * ) SI_UNIT ( $, .STERADIAN. ) SOLID_ANGLE_UNIT ( ) );
#2183 = CARTESIAN_POINT ( 'NONE',  ( -3.000000000000001776, 1.900000000000000577, 0.2700000000000002953 ) ) ;
#2184 = DIRECTION ( 'NONE',  ( 0.000000000000000000, 0.000000000000000000, -1.000000000000000000 ) ) ;
#2185 = ADVANCED_FACE ( 'NONE', ( #212 ), #2029, .T. ) ;
#2186 = APPLICATION_PROTOCOL_DEFINITION ( 'draft international standard', 'automotive_design', 1998, #1037 ) ;
#2187 = CARTESIAN_POINT ( 'NONE',  ( 1.249999999999998668, 1.900000000000000577, 1.000000000000000000 ) ) ;
#2188 = EDGE_CURVE ( 'NONE', #2, #2003, #1235, .T. ) ;
#2189 = DIRECTION ( 'NONE',  ( 0.000000000000000000, -1.000000000000000000, 0.000000000000000000 ) ) ;
#2190 = ORIENTED_EDGE ( 'NONE', *, *, #1546, .F. ) ;
#2191 =( NAMED_UNIT ( * ) PLANE_ANGLE_UNIT ( ) SI_UNIT ( $, .RADIAN. ) );
#2192 = VERTEX_POINT ( 'NONE', #1926 ) ;
#2193 = FILL_AREA_STYLE_COLOUR ( '', #610 ) ;
#2194 = CARTESIAN_POINT ( 'NONE',  ( 0.000000000000000000, 4.899999999999999467, 0.000000000000000000 ) ) ;
#2195 = FILL_AREA_STYLE ('',( #2625 ) ) ;
#2196 = DIRECTION ( 'NONE',  ( 1.334402673828313635E-15, 0.000000000000000000, 1.000000000000000000 ) ) ;
#2197 = EDGE_CURVE ( 'NONE', #2192, #856, #2780, .T. ) ;
#2198 = UNCERTAINTY_MEASURE_WITH_UNIT (LENGTH_MEASURE( 1.000000000000000082E-05 ), #2743, 'distance_accuracy_value', 'NONE');
#2199 = CARTESIAN_POINT ( 'NONE',  ( -1.734723475976807094E-15, 5.400000000000000355, 1.319999999999998952 ) ) ;
#2200 = SURFACE_STYLE_FILL_AREA ( #701 ) ;
#2201 =( GEOMETRIC_REPRESENTATION_CONTEXT ( 3 ) GLOBAL_UNCERTAINTY_ASSIGNED_CONTEXT ( ( #393 ) ) GLOBAL_UNIT_ASSIGNED_CONTEXT ( ( #1303, #258, #269 ) ) REPRESENTATION_CONTEXT ( 'NONE', 'WORKASPACE' ) );
#2202 = ORIENTED_EDGE ( 'NONE', *, *, #1438, .F. ) ;
#2203 = AXIS2_PLACEMENT_3D ( 'NONE', #1012, #2544, #1673 ) ;
#2204 = VERTEX_POINT ( 'NONE', #2764 ) ;
#2205 = LINE ( 'NONE', #1578, #1495 ) ;
#2206 = STYLED_ITEM ( 'NONE', ( #2684 ), #242 ) ;
#2207 = VECTOR ( 'NONE', #2703, 1000.000000000000000 ) ;
#2208 = DIRECTION ( 'NONE',  ( 0.000000000000000000, 0.000000000000000000, -1.000000000000000000 ) ) ;
#2209 = DIRECTION ( 'NONE',  ( 0.000000000000000000, 0.000000000000000000, 1.000000000000000000 ) ) ;
#2210 = SURFACE_STYLE_USAGE ( .BOTH. , #1189 ) ;
#2211 = PRESENTATION_STYLE_ASSIGNMENT (( #2050 ) ) ;
#2212 = AXIS2_PLACEMENT_3D ( 'NONE', #1442, #2290, #204 ) ;
#2213 = PRESENTATION_STYLE_ASSIGNMENT (( #1363 ) ) ;
#2214 = EDGE_LOOP ( 'NONE', ( #2090, #1533, #675, #96, #1609, #2631 ) ) ;
#2215 = EDGE_CURVE ( 'NONE', #2192, #126, #2281, .T. ) ;
#2216 = DIRECTION ( 'NONE',  ( 0.000000000000000000, 1.000000000000000000, 0.000000000000000000 ) ) ;
#2217 = VERTEX_POINT ( 'NONE', #2552 ) ;
#2218 = CARTESIAN_POINT ( 'NONE',  ( -3.000000000000001332, 0.000000000000000000, -1.449999999999999289 ) ) ;
#2219 = ADVANCED_FACE ( 'NONE', ( #633 ), #2375, .T. ) ;
#2220 = CARTESIAN_POINT ( 'NONE',  ( -3.700000000000001954, 0.000000000000000000, 2.450000000000000622 ) ) ;
#2221 = VERTEX_POINT ( 'NONE', #1276 ) ;
#2222 = FACE_BOUND ( 'NONE', #481, .T. ) ;
#2223 = DIRECTION ( 'NONE',  ( 0.000000000000000000, 0.7071067811865477948, -0.7071067811865473507 ) ) ;
#2224 = DIRECTION ( 'NONE',  ( 1.000000000000000000, 0.000000000000000000, -0.000000000000000000 ) ) ;
#2225 = VERTEX_POINT ( 'NONE', #2183 ) ;
#2226 =( NAMED_UNIT ( * ) SI_UNIT ( $, .STERADIAN. ) SOLID_ANGLE_UNIT ( ) );
#2227 = LINE ( 'NONE', #318, #1821 ) ;
#2228 = EDGE_CURVE ( 'NONE', #1138, #1981, #890, .T. ) ;
#2229 = ORIENTED_EDGE ( 'NONE', *, *, #2443, .T. ) ;
#2230 = DIRECTION ( 'NONE',  ( 0.000000000000000000, 0.7071067811865479058, -0.7071067811865472397 ) ) ;
#2231 = DIRECTION ( 'NONE',  ( 0.000000000000000000, -0.7071067811865479058, 0.7071067811865472397 ) ) ;
#2232 = SURFACE_SIDE_STYLE ('',( #586 ) ) ;
#2233 = ORIENTED_EDGE ( 'NONE', *, *, #1154, .T. ) ;
#2234 = DIRECTION ( 'NONE',  ( -0.7071067811865474617, -0.000000000000000000, 0.7071067811865474617 ) ) ;
#2235 =( NAMED_UNIT ( * ) PLANE_ANGLE_UNIT ( ) SI_UNIT ( $, .RADIAN. ) );
#2236 =( NAMED_UNIT ( * ) SI_UNIT ( $, .STERADIAN. ) SOLID_ANGLE_UNIT ( ) );
#2237 = FILL_AREA_STYLE_COLOUR ( '', #2070 ) ;
#2238 =( LENGTH_UNIT ( ) NAMED_UNIT ( * ) SI_UNIT ( .MILLI., .METRE. ) );
#2239 = LINE ( 'NONE', #2654, #1304 ) ;
#2240 = ORIENTED_EDGE ( 'NONE', *, *, #2694, .T. ) ;
#2241 = DIRECTION ( 'NONE',  ( -0.000000000000000000, 1.000000000000000000, -0.000000000000000000 ) ) ;
#2242 = ORIENTED_EDGE ( 'NONE', *, *, #538, .F. ) ;
#2243 = COLOUR_RGB ( '',1.000000000000000000, 1.000000000000000000, 1.000000000000000000 ) ;
#2244 = CIRCLE ( 'NONE', #1039, 0.3500000000000000333 ) ;
#2245 = PRESENTATION_STYLE_ASSIGNMENT (( #961 ) ) ;
#2246 = PLANE ( 'NONE',  #2721 ) ;
#2247 = VERTEX_POINT ( 'NONE', #1129 ) ;
#2248 =( GEOMETRIC_REPRESENTATION_CONTEXT ( 3 ) GLOBAL_UNCERTAINTY_ASSIGNED_CONTEXT ( ( #103 ) ) GLOBAL_UNIT_ASSIGNED_CONTEXT ( ( #2387, #1288, #861 ) ) REPRESENTATION_CONTEXT ( 'NONE', 'WORKASPACE' ) );
#2249 = MECHANICAL_DESIGN_GEOMETRIC_PRESENTATION_REPRESENTATION (  '', ( #161 ), #213 ) ;
#2250 = EDGE_CURVE ( 'NONE', #1102, #1856, #57, .T. ) ;
#2251 = FILL_AREA_STYLE_COLOUR ( '', #1188 ) ;
#2252 = SURFACE_SIDE_STYLE ('',( #545 ) ) ;
#2253 =( NAMED_UNIT ( * ) PLANE_ANGLE_UNIT ( ) SI_UNIT ( $, .RADIAN. ) );
#2254 = ADVANCED_FACE ( 'NONE', ( #2579 ), #1523, .F. ) ;
#2255 = PRESENTATION_STYLE_ASSIGNMENT (( #2644 ) ) ;
#2256 = AXIS2_PLACEMENT_3D ( 'NONE', #2595, #1133, #2626 ) ;
#2257 = CIRCLE ( 'NONE', #823, 0.1999999999999999833 ) ;
#2258 = ORIENTED_EDGE ( 'NONE', *, *, #708, .F. ) ;
#2259 = UNCERTAINTY_MEASURE_WITH_UNIT (LENGTH_MEASURE( 1.000000000000000082E-05 ), #446, 'distance_accuracy_value', 'NONE');
#2260 = DIRECTION ( 'NONE',  ( 0.000000000000000000, -0.000000000000000000, -1.000000000000000000 ) ) ;
#2261 = FILL_AREA_STYLE_COLOUR ( '', #1870 ) ;
#2262 = EDGE_LOOP ( 'NONE', ( #2514, #1667 ) ) ;
#2263 =( NAMED_UNIT ( * ) SI_UNIT ( $, .STERADIAN. ) SOLID_ANGLE_UNIT ( ) );
#2264 = PRESENTATION_LAYER_ASSIGNMENT (  '', '', ( #2092 ) ) ;
#2265 = MECHANICAL_DESIGN_GEOMETRIC_PRESENTATION_REPRESENTATION (  '', ( #832 ), #1835 ) ;
#2266 = DIRECTION ( 'NONE',  ( 0.000000000000000000, 1.000000000000000000, 0.000000000000000000 ) ) ;
#2267 = MECHANICAL_DESIGN_GEOMETRIC_PRESENTATION_REPRESENTATION (  '', ( #1099 ), #698 ) ;
#2268 = FACE_OUTER_BOUND ( 'NONE', #2403, .T. ) ;
#2269 = EDGE_LOOP ( 'NONE', ( #1324, #1458, #1161, #1659, #44, #1462, #999, #1061 ) ) ;
#2270 = CARTESIAN_POINT ( 'NONE',  ( 3.000000000000001776, 1.900000000000000577, 0.8699999999999989964 ) ) ;
#2271 = EDGE_CURVE ( 'NONE', #403, #1003, #263, .T. ) ;
#2272 = CYLINDRICAL_SURFACE ( 'NONE', #2666, 0.3500000000000000333 ) ;
#2273 = DIRECTION ( 'NONE',  ( -0.7071067811865474617, -0.000000000000000000, 0.7071067811865474617 ) ) ;
#2274 = ORIENTED_EDGE ( 'NONE', *, *, #1424, .T. ) ;
#2275 = LINE ( 'NONE', #2659, #2373 ) ;
#2276 = PLANE ( 'NONE',  #1596 ) ;
#2277 = LINE ( 'NONE', #1224, #817 ) ;
#2278 = VERTEX_POINT ( 'NONE', #1724 ) ;
#2279 =( NAMED_UNIT ( * ) SI_UNIT ( $, .STERADIAN. ) SOLID_ANGLE_UNIT ( ) );
#2280 = ORIENTED_EDGE ( 'NONE', *, *, #2363, .T. ) ;
#2281 = LINE ( 'NONE', #2072, #814 ) ;
#2282 = SURFACE_STYLE_USAGE ( .BOTH. , #1663 ) ;
#2283 = ADVANCED_FACE ( 'NONE', ( #1995 ), #1314, .F. ) ;
#2284 = ORIENTED_EDGE ( 'NONE', *, *, #2616, .F. ) ;
#2285 = PLANE ( 'NONE',  #2422 ) ;
#2286 = EDGE_CURVE ( 'NONE', #1114, #1238, #436, .T. ) ;
#2287 =( NAMED_UNIT ( * ) SI_UNIT ( $, .STERADIAN. ) SOLID_ANGLE_UNIT ( ) );
#2288 = EDGE_LOOP ( 'NONE', ( #353, #1887, #1528, #165 ) ) ;
#2289 = DIRECTION ( 'NONE',  ( 0.000000000000000000, 0.000000000000000000, -1.000000000000000000 ) ) ;
#2290 = DIRECTION ( 'NONE',  ( -0.000000000000000000, 1.000000000000000000, -0.000000000000000000 ) ) ;
#2291 = VECTOR ( 'NONE', #1797, 1000.000000000000000 ) ;
#2292 = ORIENTED_EDGE ( 'NONE', *, *, #1686, .F. ) ;
#2293 = VECTOR ( 'NONE', #279, 1000.000000000000000 ) ;
#2294 = VECTOR ( 'NONE', #1446, 1000.000000000000000 ) ;
#2295 =( GEOMETRIC_REPRESENTATION_CONTEXT ( 3 ) GLOBAL_UNCERTAINTY_ASSIGNED_CONTEXT ( ( #1195 ) ) GLOBAL_UNIT_ASSIGNED_CONTEXT ( ( #1159, #779, #2688 ) ) REPRESENTATION_CONTEXT ( 'NONE', 'WORKASPACE' ) );
#2296 = SURFACE_STYLE_FILL_AREA ( #1696 ) ;
#2297 = VECTOR ( 'NONE', #1962, 1000.000000000000000 ) ;
#2298 = SURFACE_STYLE_FILL_AREA ( #1882 ) ;
#2299 = VECTOR ( 'NONE', #1851, 1000.000000000000000 ) ;
#2300 = CARTESIAN_POINT ( 'NONE',  ( 0.4499999999999985678, 5.400000000000000355, 1.769999999999998685 ) ) ;
#2301 = DIRECTION ( 'NONE',  ( 0.000000000000000000, -1.000000000000000000, 0.000000000000000000 ) ) ;
#2302 = VECTOR ( 'NONE', #2101, 1000.000000000000114 ) ;
#2303 = CARTESIAN_POINT ( 'NONE',  ( 1.249999999999998668, -3.299999999999999822, 0.2999999999999999334 ) ) ;
#2304 = VERTEX_POINT ( 'NONE', #2169 ) ;
#2305 = EDGE_CURVE ( 'NONE', #1100, #1837, #1972, .T. ) ;
#2306 = TOROIDAL_SURFACE ( 'NONE', #1550, 0.1500000000000000500, 0.2000000000000000111 ) ;
#2307 = DIRECTION ( 'NONE',  ( -1.000000000000000000, 0.000000000000000000, 1.084202172485504434E-16 ) ) ;
#2308 = LINE ( 'NONE', #801, #294 ) ;
#2309 = ORIENTED_EDGE ( 'NONE', *, *, #1628, .T. ) ;
#2310 = MECHANICAL_DESIGN_GEOMETRIC_PRESENTATION_REPRESENTATION (  '', ( #2445 ), #224 ) ;
#2311 = DIRECTION ( 'NONE',  ( 1.000000000000000000, 0.000000000000000000, 0.000000000000000000 ) ) ;
#2312 = ADVANCED_FACE ( 'NONE', ( #1604 ), #181, .T. ) ;
#2313 = VECTOR ( 'NONE', #576, 1000.000000000000000 ) ;
#2314 = CARTESIAN_POINT ( 'NONE',  ( 3.699999999999998401, 5.900000000000000355, 2.450000000000000622 ) ) ;
#2315 = LINE ( 'NONE', #621, #2294 ) ;
#2316 = CARTESIAN_POINT ( 'NONE',  ( -3.000000000000001776, 4.899999999999999467, 0.2700000000000002953 ) ) ;
#2317 = SURFACE_SIDE_STYLE ('',( #2737 ) ) ;
#2318 = CARTESIAN_POINT ( 'NONE',  ( 2.999999999999998668, 1.000000000000000000, -1.449999999999999956 ) ) ;
#2319 = UNCERTAINTY_MEASURE_WITH_UNIT (LENGTH_MEASURE( 1.000000000000000082E-05 ), #1007, 'distance_accuracy_value', 'NONE');
#2320 =( NAMED_UNIT ( * ) PLANE_ANGLE_UNIT ( ) SI_UNIT ( $, .RADIAN. ) );
#2321 = VERTEX_POINT ( 'NONE', #537 ) ;
#2322 = FILL_AREA_STYLE_COLOUR ( '', #909 ) ;
#2323 = EDGE_CURVE ( 'NONE', #1284, #1008, #2412, .T. ) ;
#2324 = CARTESIAN_POINT ( 'NONE',  ( 2.100000000000001865, 5.600000000000000533, 1.769999999999998685 ) ) ;
#2325 = EDGE_LOOP ( 'NONE', ( #650, #900, #440, #1347, #2134, #201, #776, #2233 ) ) ;
#2326 = CARTESIAN_POINT ( 'NONE',  ( -3.000000000000001332, 1.000000000000000000, -1.449999999999999289 ) ) ;
#2327 = CARTESIAN_POINT ( 'NONE',  ( 3.330660171779820988, 0.000000000000000000, 1.600000000000001421 ) ) ;
#2328 = PRESENTATION_STYLE_ASSIGNMENT (( #1249 ) ) ;
#2329 = FACE_OUTER_BOUND ( 'NONE', #112, .T. ) ;
#2330 = PRESENTATION_STYLE_ASSIGNMENT (( #1478 ) ) ;
#2331 = CARTESIAN_POINT ( 'NONE',  ( 2.999999999999999112, 0.000000000000000000, -0.5999999999999986455 ) ) ;
#2332 = EDGE_LOOP ( 'NONE', ( #1540, #1327, #884, #1656 ) ) ;
#2333 =( LENGTH_UNIT ( ) NAMED_UNIT ( * ) SI_UNIT ( .MILLI., .METRE. ) );
#2334 = ORIENTED_EDGE ( 'NONE', *, *, #365, .F. ) ;
#2335 = CARTESIAN_POINT ( 'NONE',  ( 3.000000000000002665, 4.899999999999999467, 0.2699999999999948552 ) ) ;
#2336 = AXIS2_PLACEMENT_3D ( 'NONE', #1552, #291, #1980 ) ;
#2337 = COLOUR_RGB ( '',1.000000000000000000, 1.000000000000000000, 1.000000000000000000 ) ;
#2338 = VECTOR ( 'NONE', #648, 1000.000000000000000 ) ;
#2339 = DIRECTION ( 'NONE',  ( 0.000000000000000000, 1.000000000000000000, 0.000000000000000000 ) ) ;
#2340 = AXIS2_PLACEMENT_3D ( 'NONE', #2016, #707, #933 ) ;
#2341 = FACE_OUTER_BOUND ( 'NONE', #2325, .T. ) ;
#2342 = ADVANCED_FACE ( 'NONE', ( #1163 ), #918, .T. ) ;
#2343 =( GEOMETRIC_REPRESENTATION_CONTEXT ( 3 ) GLOBAL_UNCERTAINTY_ASSIGNED_CONTEXT ( ( #2319 ) ) GLOBAL_UNIT_ASSIGNED_CONTEXT ( ( #1007, #1875, #1627 ) ) REPRESENTATION_CONTEXT ( 'NONE', 'WORKASPACE' ) );
#2344 = VECTOR ( 'NONE', #2025, 1000.000000000000000 ) ;
#2345 = ORIENTED_EDGE ( 'NONE', *, *, #2363, .F. ) ;
#2346 = CARTESIAN_POINT ( 'NONE',  ( -3.700000000000001954, 0.000000000000000000, 2.450000000000000622 ) ) ;
#2347 = MECHANICAL_DESIGN_GEOMETRIC_PRESENTATION_REPRESENTATION (  '', ( #867 ), #2170 ) ;
#2348 = CARTESIAN_POINT ( 'NONE',  ( 1.249999999999998668, -3.299999999999999822, 0.8000000000000000444 ) ) ;
#2349 = VERTEX_POINT ( 'NONE', #293 ) ;
#2350 =( LENGTH_UNIT ( ) NAMED_UNIT ( * ) SI_UNIT ( .MILLI., .METRE. ) );
#2351 = DIRECTION ( 'NONE',  ( 0.7071067811865474617, 0.000000000000000000, 0.7071067811865474617 ) ) ;
#2352 = ADVANCED_FACE ( 'NONE', ( #86 ), #23, .T. ) ;
#2353 = AXIS2_PLACEMENT_3D ( 'NONE', #1403, #2502, #1033 ) ;
#2354 = CARTESIAN_POINT ( 'NONE',  ( 1.249999999999998668, 5.200000000000001066, 0.6500000000000000222 ) ) ;
#2355 = DIRECTION ( 'NONE',  ( 0.000000000000000000, 0.000000000000000000, 1.000000000000000000 ) ) ;
#2356 = CARTESIAN_POINT ( 'NONE',  ( -2.100000000000001865, 5.600000000000000533, 1.769999999999998685 ) ) ;
#2357 = ORIENTED_EDGE ( 'NONE', *, *, #306, .T. ) ;
#2358 = CARTESIAN_POINT ( 'NONE',  ( 0.000000000000000000, 4.899999999999999467, 0.000000000000000000 ) ) ;
#2359 = ORIENTED_EDGE ( 'NONE', *, *, #1110, .T. ) ;
#2360 = DIRECTION ( 'NONE',  ( -1.000000000000000000, 0.000000000000000000, -0.000000000000000000 ) ) ;
#2361 = SURFACE_STYLE_USAGE ( .BOTH. , #1571 ) ;
#2362 = UNCERTAINTY_MEASURE_WITH_UNIT (LENGTH_MEASURE( 1.000000000000000082E-05 ), #656, 'distance_accuracy_value', 'NONE');
#2363 = EDGE_CURVE ( 'NONE', #782, #2500, #1586, .T. ) ;
#2364 = VERTEX_POINT ( 'NONE', #95 ) ;
#2365 = LINE ( 'NONE', #449, #855 ) ;
#2366 =( NAMED_UNIT ( * ) SI_UNIT ( $, .STERADIAN. ) SOLID_ANGLE_UNIT ( ) );
#2367 = ORIENTED_EDGE ( 'NONE', *, *, #2383, .T. ) ;
#2368 = FILL_AREA_STYLE ('',( #1945 ) ) ;
#2369 = DIRECTION ( 'NONE',  ( 0.000000000000000000, 0.000000000000000000, 1.000000000000000000 ) ) ;
#2370 = APPLICATION_PROTOCOL_DEFINITION ( 'draft international standard', 'automotive_design', 1998, #137 ) ;
#2371 = LINE ( 'NONE', #1107, #2291 ) ;
#2372 = COLOUR_RGB ( '',1.000000000000000000, 1.000000000000000000, 1.000000000000000000 ) ;
#2373 = VECTOR ( 'NONE', #2728, 1000.000000000000000 ) ;
#2374 = DIRECTION ( 'NONE',  ( 1.000000000000000000, 0.000000000000000000, -1.858632295689436004E-15 ) ) ;
#2375 = TOROIDAL_SURFACE ( 'NONE', #1171, 0.1500000000000000500, 0.2000000000000000111 ) ;
#2376 = VECTOR ( 'NONE', #33, 1000.000000000000000 ) ;
#2377 = ORIENTED_EDGE ( 'NONE', *, *, #1978, .F. ) ;
#2378 = CARTESIAN_POINT ( 'NONE',  ( 3.000000000000002665, 4.899999999999999467, 0.2699999999999948552 ) ) ;
#2379 = AXIS2_PLACEMENT_3D ( 'NONE', #912, #1527, #896 ) ;
#2380 = COLOUR_RGB ( '',1.000000000000000000, 1.000000000000000000, 1.000000000000000000 ) ;
#2381 = MECHANICAL_DESIGN_GEOMETRIC_PRESENTATION_REPRESENTATION (  '', ( #1004 ), #1733 ) ;
#2382 = FILL_AREA_STYLE_COLOUR ( '', #2084 ) ;
#2383 = EDGE_CURVE ( 'NONE', #332, #278, #2014, .T. ) ;
#2384 = ORIENTED_EDGE ( 'NONE', *, *, #2411, .T. ) ;
#2385 = CARTESIAN_POINT ( 'NONE',  ( -3.700000000000001954, 5.900000000000000355, 2.450000000000000622 ) ) ;
#2386 = VECTOR ( 'NONE', #1890, 1000.000000000000000 ) ;
#2387 =( LENGTH_UNIT ( ) NAMED_UNIT ( * ) SI_UNIT ( .MILLI., .METRE. ) );
#2388 = EDGE_CURVE ( 'NONE', #1003, #1842, #1599, .T. ) ;
#2389 = STYLED_ITEM ( 'NONE', ( #2036 ), #2601 ) ;
#2390 = ORIENTED_EDGE ( 'NONE', *, *, #1404, .T. ) ;
#2391 = SURFACE_STYLE_USAGE ( .BOTH. , #1541 ) ;
#2392 = PRESENTATION_LAYER_ASSIGNMENT (  '', '', ( #1094 ) ) ;
#2393 = PRESENTATION_STYLE_ASSIGNMENT (( #2361 ) ) ;
#2394 = STYLED_ITEM ( 'NONE', ( #2071 ), #2674 ) ;
#2395 = UNCERTAINTY_MEASURE_WITH_UNIT (LENGTH_MEASURE( 1.000000000000000082E-05 ), #2098, 'distance_accuracy_value', 'NONE');
#2396 = PRESENTATION_LAYER_ASSIGNMENT (  '', '', ( #396 ) ) ;
#2397 = DIRECTION ( 'NONE',  ( -0.000000000000000000, -0.000000000000000000, 1.000000000000000000 ) ) ;
#2398 = ADVANCED_BREP_SHAPE_REPRESENTATION ( '22035025', ( #1706, #2621, #2614, #1329 ), #2731 ) ;
#2399 =( NAMED_UNIT ( * ) SI_UNIT ( $, .STERADIAN. ) SOLID_ANGLE_UNIT ( ) );
#2400 = ORIENTED_EDGE ( 'NONE', *, *, #632, .F. ) ;
#2401 = LINE ( 'NONE', #1337, #2293 ) ;
#2402 = SURFACE_STYLE_FILL_AREA ( #2619 ) ;
#2403 = EDGE_LOOP ( 'NONE', ( #954, #1605, #1615, #1493 ) ) ;
#2404 = DIRECTION ( 'NONE',  ( 0.000000000000000000, 0.000000000000000000, -1.000000000000000000 ) ) ;
#2405 = EDGE_CURVE ( 'NONE', #2699, #846, #2227, .T. ) ;
#2406 =( LENGTH_UNIT ( ) NAMED_UNIT ( * ) SI_UNIT ( .MILLI., .METRE. ) );
#2407 = VERTEX_POINT ( 'NONE', #2303 ) ;
#2408 =( NAMED_UNIT ( * ) PLANE_ANGLE_UNIT ( ) SI_UNIT ( $, .RADIAN. ) );
#2409 = FACE_OUTER_BOUND ( 'NONE', #452, .T. ) ;
#2410 = ORIENTED_EDGE ( 'NONE', *, *, #2140, .F. ) ;
#2411 = EDGE_CURVE ( 'NONE', #448, #2278, #1644, .T. ) ;
#2412 = LINE ( 'NONE', #338, #2663 ) ;
#2413 = CARTESIAN_POINT ( 'NONE',  ( -3.700000000000001954, 5.400000000000000355, -0.4300000000000061551 ) ) ;
#2414 = ORIENTED_EDGE ( 'NONE', *, *, #1909, .F. ) ;
#2415 = DIRECTION ( 'NONE',  ( 0.000000000000000000, -0.7071067811865472397, -0.7071067811865479058 ) ) ;
#2416 = SURFACE_STYLE_USAGE ( .BOTH. , #1795 ) ;
#2417 = DIRECTION ( 'NONE',  ( 1.000000000000000000, 0.000000000000000000, 0.000000000000000000 ) ) ;
#2418 =( NAMED_UNIT ( * ) SI_UNIT ( $, .STERADIAN. ) SOLID_ANGLE_UNIT ( ) );
#2419 = LINE ( 'NONE', #1749, #722 ) ;
#2420 = SURFACE_SIDE_STYLE ('',( #1976 ) ) ;
#2421 = CARTESIAN_POINT ( 'NONE',  ( -3.000000000000001776, 0.1000000000000000472, 0.2700000000000002953 ) ) ;
#2422 = AXIS2_PLACEMENT_3D ( 'NONE', #175, #1394, #199 ) ;
#2423 = EDGE_CURVE ( 'NONE', #1340, #2054, #2277, .T. ) ;
#2424 = VERTEX_POINT ( 'NONE', #2707 ) ;
#2425 = UNCERTAINTY_MEASURE_WITH_UNIT (LENGTH_MEASURE( 1.000000000000000082E-05 ), #557, 'distance_accuracy_value', 'NONE');
#2426 = CARTESIAN_POINT ( 'NONE',  ( -3.000000000000001776, 5.900000000000000355, 0.000000000000000000 ) ) ;
#2427 = COLOUR_RGB ( '',1.000000000000000000, 1.000000000000000000, 1.000000000000000000 ) ;
#2428 = CARTESIAN_POINT ( 'NONE',  ( 1.249999999999998668, 5.200000000000001066, 0.6500000000000000222 ) ) ;
#2429 = ORIENTED_EDGE ( 'NONE', *, *, #1244, .F. ) ;
#2430 = VECTOR ( 'NONE', #2065, 1000.000000000000000 ) ;
#2431 = MECHANICAL_DESIGN_GEOMETRIC_PRESENTATION_REPRESENTATION (  '', ( #1588 ), #163 ) ;
#2432 = DIRECTION ( 'NONE',  ( 0.000000000000000000, 0.000000000000000000, 1.000000000000000000 ) ) ;
#2433 = VECTOR ( 'NONE', #220, 1000.000000000000000 ) ;
#2434 = FACE_OUTER_BOUND ( 'NONE', #1625, .T. ) ;
#2435 = VERTEX_POINT ( 'NONE', #2493 ) ;
#2436 = CARTESIAN_POINT ( 'NONE',  ( 1.249999999999998668, -7.989949493661165469, 0.2999999999999999334 ) ) ;
#2437 = PRESENTATION_LAYER_ASSIGNMENT (  '', '', ( #865 ) ) ;
#2438 = EDGE_CURVE ( 'NONE', #587, #2559, #582, .T. ) ;
#2439 = COLOUR_RGB ( '',1.000000000000000000, 1.000000000000000000, 1.000000000000000000 ) ;
#2440 = PLANE ( 'NONE',  #156 ) ;
#2441 = VECTOR ( 'NONE', #1081, 1000.000000000000000 ) ;
#2442 = DIRECTION ( 'NONE',  ( -0.000000000000000000, -0.000000000000000000, 1.000000000000000000 ) ) ;
#2443 = EDGE_CURVE ( 'NONE', #2041, #2217, #152, .T. ) ;
#2444 = LINE ( 'NONE', #1391, #2157 ) ;
#2445 = STYLED_ITEM ( 'NONE', ( #2330 ), #98 ) ;
#2446 = ORIENTED_EDGE ( 'NONE', *, *, #745, .F. ) ;
#2447 = VECTOR ( 'NONE', #1711, 1000.000000000000000 ) ;
#2448 = ADVANCED_FACE ( 'NONE', ( #2083 ), #1855, .F. ) ;
#2449 = CARTESIAN_POINT ( 'NONE',  ( -3.700000000000001954, 5.900000000000000355, -1.730000000000007088 ) ) ;
#2450 = ORIENTED_EDGE ( 'NONE', *, *, #811, .F. ) ;
#2451 = FILL_AREA_STYLE ('',( #943 ) ) ;
#2452 = DIRECTION ( 'NONE',  ( 0.000000000000000000, -1.000000000000000000, 0.000000000000000000 ) ) ;
#2453 = ORIENTED_EDGE ( 'NONE', *, *, #1516, .T. ) ;
#2454 =( NAMED_UNIT ( * ) SI_UNIT ( $, .STERADIAN. ) SOLID_ANGLE_UNIT ( ) );
#2455 = ADVANCED_FACE ( 'NONE', ( #1240 ), #551, .F. ) ;
#2456 = FILL_AREA_STYLE_COLOUR ( '', #1092 ) ;
#2457 = SURFACE_STYLE_FILL_AREA ( #1824 ) ;
#2458 = UNCERTAINTY_MEASURE_WITH_UNIT (LENGTH_MEASURE( 1.000000000000000082E-05 ), #1864, 'distance_accuracy_value', 'NONE');
#2459 = FACE_OUTER_BOUND ( 'NONE', #188, .T. ) ;
#2460 = DIRECTION ( 'NONE',  ( 0.000000000000000000, -0.000000000000000000, 1.000000000000000000 ) ) ;
#2461 = VERTEX_POINT ( 'NONE', #1812 ) ;
#2462 = LINE ( 'NONE', #1869, #1488 ) ;
#2463 = FILL_AREA_STYLE_COLOUR ( '', #1731 ) ;
#2464 = ORIENTED_EDGE ( 'NONE', *, *, #1460, .F. ) ;
#2465 = ADVANCED_FACE ( 'NONE', ( #567 ), #2276, .F. ) ;
#2466 = LINE ( 'NONE', #1157, #1368 ) ;
#2467 = DIRECTION ( 'NONE',  ( 0.000000000000000000, -0.000000000000000000, -1.000000000000000000 ) ) ;
#2468 = ORIENTED_EDGE ( 'NONE', *, *, #2197, .T. ) ;
#2469 = EDGE_CURVE ( 'NONE', #2461, #470, #297, .T. ) ;
#2470 = FILL_AREA_STYLE ('',( #2456 ) ) ;
#2471 = FILL_AREA_STYLE ('',( #754 ) ) ;
#2472 = FACE_OUTER_BOUND ( 'NONE', #1646, .T. ) ;
#2473 = CARTESIAN_POINT ( 'NONE',  ( 0.000000000000000000, 0.000000000000000000, 0.000000000000000000 ) ) ;
#2474 = EDGE_LOOP ( 'NONE', ( #1395, #1087 ) ) ;
#2475 =( NAMED_UNIT ( * ) SI_UNIT ( $, .STERADIAN. ) SOLID_ANGLE_UNIT ( ) );
#2476 = ORIENTED_EDGE ( 'NONE', *, *, #1516, .F. ) ;
#2477 = COLOUR_RGB ( '',1.000000000000000000, 1.000000000000000000, 1.000000000000000000 ) ;
#2478 = VECTOR ( 'NONE', #1988, 1000.000000000000000 ) ;
#2479 = FILL_AREA_STYLE_COLOUR ( '', #1537 ) ;
#2480 = SURFACE_STYLE_FILL_AREA ( #1846 ) ;
#2481 = PRESENTATION_LAYER_ASSIGNMENT (  '', '', ( #2206 ) ) ;
#2482 = ORIENTED_EDGE ( 'NONE', *, *, #877, .F. ) ;
#2483 = SURFACE_STYLE_FILL_AREA ( #790 ) ;
#2484 = AXIS2_PLACEMENT_3D ( 'NONE', #1323, #2189, #83 ) ;
#2485 = PRESENTATION_LAYER_ASSIGNMENT (  '', '', ( #2075 ) ) ;
#2486 = CARTESIAN_POINT ( 'NONE',  ( 2.100000000000001865, 5.900000000000000355, 1.769999999999998685 ) ) ;
#2487 = DIRECTION ( 'NONE',  ( -0.7071067811865475727, 0.000000000000000000, 0.7071067811865474617 ) ) ;
#2488 = CIRCLE ( 'NONE', #75, 0.3500000000000000333 ) ;
#2489 = DIRECTION ( 'NONE',  ( -0.7071067811865473507, 0.000000000000000000, 0.7071067811865477948 ) ) ;
#2490 = ORIENTED_EDGE ( 'NONE', *, *, #2149, .F. ) ;
#2491 =( LENGTH_UNIT ( ) NAMED_UNIT ( * ) SI_UNIT ( .MILLI., .METRE. ) );
#2492 = FILL_AREA_STYLE ('',( #1666 ) ) ;
#2493 = CARTESIAN_POINT ( 'NONE',  ( 2.100000000000001865, 1.900000000000000577, 1.769999999999998685 ) ) ;
#2494 = ORIENTED_EDGE ( 'NONE', *, *, #849, .T. ) ;
#2495 = LINE ( 'NONE', #975, #1086 ) ;
#2496 =( GEOMETRIC_REPRESENTATION_CONTEXT ( 3 ) GLOBAL_UNCERTAINTY_ASSIGNED_CONTEXT ( ( #659 ) ) GLOBAL_UNIT_ASSIGNED_CONTEXT ( ( #532, #2235, #724 ) ) REPRESENTATION_CONTEXT ( 'NONE', 'WORKASPACE' ) );
#2497 = VECTOR ( 'NONE', #2311, 1000.000000000000000 ) ;
#2498 =( NAMED_UNIT ( * ) PLANE_ANGLE_UNIT ( ) SI_UNIT ( $, .RADIAN. ) );
#2499 = CARTESIAN_POINT ( 'NONE',  ( -3.700000000000001954, 4.899999999999999467, -1.229999999999999760 ) ) ;
#2500 = VERTEX_POINT ( 'NONE', #850 ) ;
#2501 = ADVANCED_FACE ( 'NONE', ( #489 ), #1548, .T. ) ;
#2502 = DIRECTION ( 'NONE',  ( -1.000000000000000000, 0.000000000000000000, 0.000000000000000000 ) ) ;
#2503 = DIRECTION ( 'NONE',  ( -1.000000000000000000, -0.000000000000000000, -0.000000000000000000 ) ) ;
#2504 = FILL_AREA_STYLE_COLOUR ( '', #2243 ) ;
#2505 = CARTESIAN_POINT ( 'NONE',  ( -2.100000000000001865, 5.600000000000000533, 1.769999999999999796 ) ) ;
#2506 = SURFACE_STYLE_FILL_AREA ( #1886 ) ;
#2507 = ORIENTED_EDGE ( 'NONE', *, *, #2538, .F. ) ;
#2508 = LINE ( 'NONE', #570, #1685 ) ;
#2509 = FILL_AREA_STYLE_COLOUR ( '', #69 ) ;
#2510 = ORIENTED_EDGE ( 'NONE', *, *, #1932, .T. ) ;
#2511 = LINE ( 'NONE', #764, #1602 ) ;
#2512 = DIRECTION ( 'NONE',  ( 0.000000000000000000, 1.000000000000000000, 0.000000000000000000 ) ) ;
#2513 = CARTESIAN_POINT ( 'NONE',  ( 2.100000000000001865, 1.900000000000000577, 1.769999999999998685 ) ) ;
#2514 = ORIENTED_EDGE ( 'NONE', *, *, #13, .T. ) ;
#2515 = CARTESIAN_POINT ( 'NONE',  ( 3.000000000000000888, 5.900000000000000355, 0.06999999999999476086 ) ) ;
#2516 = EDGE_CURVE ( 'NONE', #1595, #126, #21, .T. ) ;
#2517 = FILL_AREA_STYLE_COLOUR ( '', #1277 ) ;
#2518 = EDGE_LOOP ( 'NONE', ( #2051, #1814, #539, #2400 ) ) ;
#2519 =( LENGTH_UNIT ( ) NAMED_UNIT ( * ) SI_UNIT ( .MILLI., .METRE. ) );
#2520 = CARTESIAN_POINT ( 'NONE',  ( -1.250000000000001332, -7.989949493661165469, 0.6500000000000000222 ) ) ;
#2521 = MECHANICAL_DESIGN_GEOMETRIC_PRESENTATION_REPRESENTATION (  '', ( #2670 ), #2026 ) ;
#2522 = ORIENTED_EDGE ( 'NONE', *, *, #309, .F. ) ;
#2523 =( GEOMETRIC_REPRESENTATION_CONTEXT ( 3 ) GLOBAL_UNCERTAINTY_ASSIGNED_CONTEXT ( ( #549 ) ) GLOBAL_UNIT_ASSIGNED_CONTEXT ( ( #829, #2320, #1489 ) ) REPRESENTATION_CONTEXT ( 'NONE', 'WORKASPACE' ) );
#2524 = SURFACE_STYLE_FILL_AREA ( #1672 ) ;
#2525 = AXIS2_PLACEMENT_3D ( 'NONE', #981, #1635, #2224 ) ;
#2526 = VECTOR ( 'NONE', #1526, 1000.000000000000000 ) ;
#2527 = VECTOR ( 'NONE', #1232, 1000.000000000000000 ) ;
#2528 = CARTESIAN_POINT ( 'NONE',  ( -3.000000000000001776, 1.900000000000000577, -1.729999999999999982 ) ) ;
#2529 = PRESENTATION_LAYER_ASSIGNMENT (  '', '', ( #550 ) ) ;
#2530 = AXIS2_PLACEMENT_3D ( 'NONE', #368, #1199, #2064 ) ;
#2531 = CIRCLE ( 'NONE', #645, 0.3500000000000000333 ) ;
#2532 = ORIENTED_EDGE ( 'NONE', *, *, #1385, .T. ) ;
#2533 = DIRECTION ( 'NONE',  ( 0.000000000000000000, -1.000000000000000000, 0.000000000000000000 ) ) ;
#2534 = EDGE_CURVE ( 'NONE', #2150, #319, #1289, .T. ) ;
#2535 = AXIS2_PLACEMENT_3D ( 'NONE', #1197, #1457, #1413 ) ;
#2536 = EDGE_LOOP ( 'NONE', ( #759, #1786, #399, #1246, #11 ) ) ;
#2537 = FILL_AREA_STYLE_COLOUR ( '', #1497 ) ;
#2538 = EDGE_CURVE ( 'NONE', #1316, #134, #2155, .T. ) ;
#2539 = CARTESIAN_POINT ( 'NONE',  ( -3.000000000000001776, 4.899999999999999467, 0.2700000000000002953 ) ) ;
#2540 = ORIENTED_EDGE ( 'NONE', *, *, #1714, .F. ) ;
#2541 = AXIS2_PLACEMENT_3D ( 'NONE', #1355, #1585, #2209 ) ;
#2542 = FACE_BOUND ( 'NONE', #2474, .T. ) ;
#2543 =( NAMED_UNIT ( * ) PLANE_ANGLE_UNIT ( ) SI_UNIT ( $, .RADIAN. ) );
#2544 = DIRECTION ( 'NONE',  ( -0.000000000000000000, 1.000000000000000000, -0.000000000000000000 ) ) ;
#2545 = FILL_AREA_STYLE_COLOUR ( '', #1097 ) ;
#2546 = UNCERTAINTY_MEASURE_WITH_UNIT (LENGTH_MEASURE( 1.000000000000000082E-05 ), #2088, 'distance_accuracy_value', 'NONE');
#2547 = ORIENTED_EDGE ( 'NONE', *, *, #1420, .T. ) ;
#2548 = DIRECTION ( 'NONE',  ( 0.000000000000000000, 0.000000000000000000, -1.000000000000000000 ) ) ;
#2549 = PRESENTATION_STYLE_ASSIGNMENT (( #1283 ) ) ;
#2550 = ORIENTED_EDGE ( 'NONE', *, *, #2197, .F. ) ;
#2551 = CARTESIAN_POINT ( 'NONE',  ( 2.999999999999999112, 1.900000000000000577, -1.230000000000004645 ) ) ;
#2552 = CARTESIAN_POINT ( 'NONE',  ( 1.249999999999998668, 1.900000000000000577, 0.2999999999999999334 ) ) ;
#2553 = ADVANCED_FACE ( 'NONE', ( #1739 ), #265, .F. ) ;
#2554 = CARTESIAN_POINT ( 'NONE',  ( -1.250000000000001332, 0.1000000000000000056, 0.6500000000000000222 ) ) ;
#2555 = CARTESIAN_POINT ( 'NONE',  ( -1.250000000000001332, 5.200000000000001066, 0.6500000000000000222 ) ) ;
#2556 = ORIENTED_EDGE ( 'NONE', *, *, #4, .T. ) ;
#2557 = LINE ( 'NONE', #1254, #553 ) ;
#2558 = CARTESIAN_POINT ( 'NONE',  ( -1.250000000000001332, 5.400000000000000355, 0.6500000000000000222 ) ) ;
#2559 = VERTEX_POINT ( 'NONE', #1376 ) ;
#2560 =( NAMED_UNIT ( * ) SI_UNIT ( $, .STERADIAN. ) SOLID_ANGLE_UNIT ( ) );
#2561 = CARTESIAN_POINT ( 'NONE',  ( -2.100000000000001865, 1.900000000000000577, 1.769999999999998685 ) ) ;
#2562 = COLOUR_RGB ( '',1.000000000000000000, 1.000000000000000000, 1.000000000000000000 ) ;
#2563 = PRESENTATION_LAYER_ASSIGNMENT (  '', '', ( #680 ) ) ;
#2564 = AXIS2_PLACEMENT_3D ( 'NONE', #104, #520, #1638 ) ;
#2565 =( NAMED_UNIT ( * ) SI_UNIT ( $, .STERADIAN. ) SOLID_ANGLE_UNIT ( ) );
#2566 = AXIS2_PLACEMENT_3D ( 'NONE', #805, #775, #541 ) ;
#2567 = PRESENTATION_LAYER_ASSIGNMENT (  '', '', ( #110 ) ) ;
#2568 = UNCERTAINTY_MEASURE_WITH_UNIT (LENGTH_MEASURE( 1.000000000000000082E-05 ), #111, 'distance_accuracy_value', 'NONE');
#2569 = SURFACE_STYLE_FILL_AREA ( #1702 ) ;
#2570 = PRESENTATION_LAYER_ASSIGNMENT (  '', '', ( #1004 ) ) ;
#2571 = VERTEX_POINT ( 'NONE', #1422 ) ;
#2572 =( LENGTH_UNIT ( ) NAMED_UNIT ( * ) SI_UNIT ( .MILLI., .METRE. ) );
#2573 = EDGE_CURVE ( 'NONE', #1802, #2699, #346, .T. ) ;
#2574 = STYLED_ITEM ( 'NONE', ( #10 ), #2465 ) ;
#2575 = DIRECTION ( 'NONE',  ( 0.7071067811865474617, 0.000000000000000000, 0.7071067811865474617 ) ) ;
#2576 = ORIENTED_EDGE ( 'NONE', *, *, #649, .F. ) ;
#2577 = COLOUR_RGB ( '',1.000000000000000000, 1.000000000000000000, 1.000000000000000000 ) ;
#2578 = CARTESIAN_POINT ( 'NONE',  ( 2.500000000000000000, -3.500000000000000000, 0.000000000000000000 ) ) ;
#2579 = FACE_OUTER_BOUND ( 'NONE', #1426, .T. ) ;
#2580 = AXIS2_PLACEMENT_3D ( 'NONE', #1388, #1557, #1779 ) ;
#2581 = EDGE_CURVE ( 'NONE', #2150, #2031, #736, .T. ) ;
#2582 = CARTESIAN_POINT ( 'NONE',  ( -2.100000000000001865, 1.900000000000000577, 1.769999999999998685 ) ) ;
#2583 = FILL_AREA_STYLE ('',( #2096 ) ) ;
#2584 = MECHANICAL_DESIGN_GEOMETRIC_PRESENTATION_REPRESENTATION (  '', ( #2679 ), #1510 ) ;
#2585 = PRODUCT ( '22035025', '22035025', '', ( #1569 ) ) ;
#2586 = EDGE_CURVE ( 'NONE', #1125, #2435, #742, .T. ) ;
#2587 = CARTESIAN_POINT ( 'NONE',  ( 2.999999999999997780, 5.900000000000000355, -2.029999999999999805 ) ) ;
#2588 = ORIENTED_EDGE ( 'NONE', *, *, #1460, .T. ) ;
#2589 = LINE ( 'NONE', #662, #948 ) ;
#2590 = ORIENTED_EDGE ( 'NONE', *, *, #938, .T. ) ;
#2591 = CARTESIAN_POINT ( 'NONE',  ( 2.100000000000001865, 1.900000000000000577, 1.769999999999998685 ) ) ;
#2592 = PLANE ( 'NONE',  #1469 ) ;
#2593 = PRESENTATION_STYLE_ASSIGNMENT (( #1332 ) ) ;
#2594 = DIRECTION ( 'NONE',  ( 0.000000000000000000, -0.7071067811865454633, -0.7071067811865495711 ) ) ;
#2595 = CARTESIAN_POINT ( 'NONE',  ( -1.250000000000001332, 5.400000000000000355, 0.6500000000000000222 ) ) ;
#2596 = DIRECTION ( 'NONE',  ( -0.000000000000000000, 1.000000000000000000, -0.000000000000000000 ) ) ;
#2597 = UNCERTAINTY_MEASURE_WITH_UNIT (LENGTH_MEASURE( 1.000000000000000082E-05 ), #1984, 'distance_accuracy_value', 'NONE');
#2598 = DIRECTION ( 'NONE',  ( 0.000000000000000000, 0.000000000000000000, 1.000000000000000000 ) ) ;
#2599 = ORIENTED_EDGE ( 'NONE', *, *, #1686, .T. ) ;
#2600 = PLANE ( 'NONE',  #2336 ) ;
#2601 = ADVANCED_FACE ( 'NONE', ( #2640 ), #499, .F. ) ;
#2602 = DIRECTION ( 'NONE',  ( 0.000000000000000000, 0.000000000000000000, 1.000000000000000000 ) ) ;
#2603 = ORIENTED_EDGE ( 'NONE', *, *, #1280, .T. ) ;
#2604 = CARTESIAN_POINT ( 'NONE',  ( -3.700000000000002398, 0.1000000000000000056, 1.600000000000000533 ) ) ;
#2605 = ORIENTED_EDGE ( 'NONE', *, *, #229, .F. ) ;
#2606 =( GEOMETRIC_REPRESENTATION_CONTEXT ( 3 ) GLOBAL_UNCERTAINTY_ASSIGNED_CONTEXT ( ( #173 ) ) GLOBAL_UNIT_ASSIGNED_CONTEXT ( ( #2572, #1294, #1952 ) ) REPRESENTATION_CONTEXT ( 'NONE', 'WORKASPACE' ) );
#2607 = DIRECTION ( 'NONE',  ( 0.000000000000000000, 1.000000000000000000, 0.000000000000000000 ) ) ;
#2608 = MECHANICAL_DESIGN_GEOMETRIC_PRESENTATION_REPRESENTATION (  '', ( #1818 ), #1767 ) ;
#2609 = VECTOR ( 'NONE', #1899, 1000.000000000000000 ) ;
#2610 = STYLED_ITEM ( 'NONE', ( #2593 ), #2254 ) ;
#2611 = FACE_OUTER_BOUND ( 'NONE', #1778, .T. ) ;
#2612 = STYLED_ITEM ( 'NONE', ( #253 ), #1205 ) ;
#2613 = EDGE_LOOP ( 'NONE', ( #260, #2152, #72, #2359, #1800, #281, #1155, #1040 ) ) ;
#2614 = MANIFOLD_SOLID_BREP ( 'LPattern1', #1236 ) ;
#2615 = CARTESIAN_POINT ( 'NONE',  ( -3.000000000000001776, 1.000000000000000000, 0.2700000000000001843 ) ) ;
#2616 = EDGE_CURVE ( 'NONE', #268, #2166, #1149, .T. ) ;
#2617 = VECTOR ( 'NONE', #1764, 1000.000000000000000 ) ;
#2618 =( GEOMETRIC_REPRESENTATION_CONTEXT ( 3 ) GLOBAL_UNCERTAINTY_ASSIGNED_CONTEXT ( ( #971 ) ) GLOBAL_UNIT_ASSIGNED_CONTEXT ( ( #2519, #1384, #2263 ) ) REPRESENTATION_CONTEXT ( 'NONE', 'WORKASPACE' ) );
#2619 = FILL_AREA_STYLE ('',( #2382 ) ) ;
#2620 = ORIENTED_EDGE ( 'NONE', *, *, #880, .T. ) ;
#2621 = MANIFOLD_SOLID_BREP ( 'Fillet1', #475 ) ;
#2622 = FACE_OUTER_BOUND ( 'NONE', #2651, .T. ) ;
#2623 = SURFACE_SIDE_STYLE ('',( #1777 ) ) ;
#2624 = ORIENTED_EDGE ( 'NONE', *, *, #849, .F. ) ;
#2625 = FILL_AREA_STYLE_COLOUR ( '', #176 ) ;
#2626 = DIRECTION ( 'NONE',  ( 0.000000000000000000, 0.000000000000000000, 1.000000000000000000 ) ) ;
#2627 =( LENGTH_UNIT ( ) NAMED_UNIT ( * ) SI_UNIT ( .MILLI., .METRE. ) );
#2628 = EDGE_CURVE ( 'NONE', #2500, #1891, #781, .T. ) ;
#2629 = FILL_AREA_STYLE_COLOUR ( '', #1950 ) ;
#2630 = DIRECTION ( 'NONE',  ( 1.000000000000000000, 0.000000000000000000, 1.172110456741085828E-16 ) ) ;
#2631 = ORIENTED_EDGE ( 'NONE', *, *, #247, .F. ) ;
#2632 = DIRECTION ( 'NONE',  ( 0.000000000000000000, 0.000000000000000000, 1.000000000000000000 ) ) ;
#2633 = DIRECTION ( 'NONE',  ( 1.000000000000000000, 0.000000000000000000, 0.000000000000000000 ) ) ;
#2634 = ORIENTED_EDGE ( 'NONE', *, *, #1191, .F. ) ;
#2635 = SURFACE_STYLE_USAGE ( .BOTH. , #261 ) ;
#2636 = LINE ( 'NONE', #976, #1831 ) ;
#2637 = EDGE_CURVE ( 'NONE', #1238, #2204, #211, .T. ) ;
#2638 = ORIENTED_EDGE ( 'NONE', *, *, #402, .T. ) ;
#2639 =( LENGTH_UNIT ( ) NAMED_UNIT ( * ) SI_UNIT ( .MILLI., .METRE. ) );
#2640 = FACE_OUTER_BOUND ( 'NONE', #6, .T. ) ;
#2641 = EDGE_CURVE ( 'NONE', #2225, #1512, #1234, .T. ) ;
#2642 = CARTESIAN_POINT ( 'NONE',  ( -3.700000000000001954, 5.900000000000000355, 2.450000000000000622 ) ) ;
#2643 = FACE_OUTER_BOUND ( 'NONE', #984, .T. ) ;
#2644 = SURFACE_STYLE_USAGE ( .BOTH. , #987 ) ;
#2645 =( NAMED_UNIT ( * ) PLANE_ANGLE_UNIT ( ) SI_UNIT ( $, .RADIAN. ) );
#2646 = ORIENTED_EDGE ( 'NONE', *, *, #508, .F. ) ;
#2647 = DIRECTION ( 'NONE',  ( -0.000000000000000000, -0.000000000000000000, 1.000000000000000000 ) ) ;
#2648 = ORIENTED_EDGE ( 'NONE', *, *, #969, .F. ) ;
#2649 = CARTESIAN_POINT ( 'NONE',  ( -3.000000000000001332, 1.000000000000000000, -0.5999999999999993117 ) ) ;
#2650 = SURFACE_STYLE_FILL_AREA ( #709 ) ;
#2651 = EDGE_LOOP ( 'NONE', ( #1266, #2588, #2367, #1077, #1806, #1045, #290 ) ) ;
#2652 = DIRECTION ( 'NONE',  ( 1.000000000000000000, 0.000000000000000000, 0.000000000000000000 ) ) ;
#2653 = SURFACE_STYLE_FILL_AREA ( #755 ) ;
#2654 = CARTESIAN_POINT ( 'NONE',  ( -0.4500000000000021205, 1.900000000000000577, 1.769999999999999130 ) ) ;
#2655 = VECTOR ( 'NONE', #670, 999.9999999999998863 ) ;
#2656 = VECTOR ( 'NONE', #468, 1000.000000000000000 ) ;
#2657 = ORIENTED_EDGE ( 'NONE', *, *, #2228, .T. ) ;
#2658 = UNCERTAINTY_MEASURE_WITH_UNIT (LENGTH_MEASURE( 1.000000000000000082E-05 ), #735, 'distance_accuracy_value', 'NONE');
#2659 = CARTESIAN_POINT ( 'NONE',  ( -3.700000000000002398, 0.1000000000000000056, 1.600000000000000533 ) ) ;
#2660 = VECTOR ( 'NONE', #950, 1000.000000000000000 ) ;
#2661 = AXIS2_PLACEMENT_3D ( 'NONE', #665, #1499, #1484 ) ;
#2662 = DIRECTION ( 'NONE',  ( 0.000000000000000000, 0.7071067811865472397, 0.7071067811865479058 ) ) ;
#2663 = VECTOR ( 'NONE', #1339, 1000.000000000000000 ) ;
#2664 = VERTEX_POINT ( 'NONE', #2327 ) ;
#2665 = VECTOR ( 'NONE', #1560, 1000.000000000000000 ) ;
#2666 = AXIS2_PLACEMENT_3D ( 'NONE', #2095, #186, #824 ) ;
#2667 = SURFACE_STYLE_FILL_AREA ( #676 ) ;
#2668 = STYLED_ITEM ( 'NONE', ( #1282 ), #619 ) ;
#2669 = PRODUCT_DEFINITION ( 'UNKNOWN', '', #655, #1985 ) ;
#2670 = STYLED_ITEM ( 'NONE', ( #479 ), #2017 ) ;
#2671 = VECTOR ( 'NONE', #410, 1000.000000000000000 ) ;
#2672 = AXIS2_PLACEMENT_3D ( 'NONE', #1780, #2685, #2223 ) ;
#2673 = CARTESIAN_POINT ( 'NONE',  ( -3.700000000000001954, 5.400000000000000355, -0.4300000000000061551 ) ) ;
#2674 = ADVANCED_FACE ( 'NONE', ( #1011 ), #2117, .F. ) ;
#2675 = CARTESIAN_POINT ( 'NONE',  ( -3.700000000000001954, 1.000000000000000000, 0.2700000000000002953 ) ) ;
#2676 = ORIENTED_EDGE ( 'NONE', *, *, #1861, .F. ) ;
#2677 = SURFACE_STYLE_FILL_AREA ( #364 ) ;
#2678 = FILL_AREA_STYLE_COLOUR ( '', #218 ) ;
#2679 = STYLED_ITEM ( 'NONE', ( #875 ), #2771 ) ;
#2680 = ORIENTED_EDGE ( 'NONE', *, *, #935, .F. ) ;
#2681 = CARTESIAN_POINT ( 'NONE',  ( 2.100000000000001865, 5.900000000000000355, 2.069999999999998952 ) ) ;
#2682 = DIRECTION ( 'NONE',  ( 0.000000000000000000, 0.000000000000000000, 1.000000000000000000 ) ) ;
#2683 = ORIENTED_EDGE ( 'NONE', *, *, #729, .F. ) ;
#2684 = PRESENTATION_STYLE_ASSIGNMENT (( #2091 ) ) ;
#2685 = DIRECTION ( 'NONE',  ( 0.000000000000000000, -0.7071067811865473507, -0.7071067811865477948 ) ) ;
#2686 = FACE_OUTER_BOUND ( 'NONE', #409, .T. ) ;
#2687 = UNCERTAINTY_MEASURE_WITH_UNIT (LENGTH_MEASURE( 1.000000000000000082E-05 ), #386, 'distance_accuracy_value', 'NONE');
#2688 =( NAMED_UNIT ( * ) SI_UNIT ( $, .STERADIAN. ) SOLID_ANGLE_UNIT ( ) );
#2689 = CARTESIAN_POINT ( 'NONE',  ( 1.249999999999998668, 5.400000000000000355, 0.8000000000000000444 ) ) ;
#2690 =( NAMED_UNIT ( * ) SI_UNIT ( $, .STERADIAN. ) SOLID_ANGLE_UNIT ( ) );
#2691 = ORIENTED_EDGE ( 'NONE', *, *, #1719, .T. ) ;
#2692 = UNCERTAINTY_MEASURE_WITH_UNIT (LENGTH_MEASURE( 1.000000000000000082E-05 ), #668, 'distance_accuracy_value', 'NONE');
#2693 = CARTESIAN_POINT ( 'NONE',  ( 2.999999999999999112, 1.000000000000000000, -1.230000000000004867 ) ) ;
#2694 = EDGE_CURVE ( 'NONE', #872, #1293, #1248, .T. ) ;
#2695 = ORIENTED_EDGE ( 'NONE', *, *, #1080, .T. ) ;
#2696 = LINE ( 'NONE', #760, #2344 ) ;
#2697 = EDGE_CURVE ( 'NONE', #2007, #1125, #194, .T. ) ;
#2698 = SURFACE_STYLE_USAGE ( .BOTH. , #1568 ) ;
#2699 = VERTEX_POINT ( 'NONE', #2551 ) ;
#2700 = CARTESIAN_POINT ( 'NONE',  ( -3.700000000000001954, 4.899999999999999467, -0.4300000000000062106 ) ) ;
#2701 =( NAMED_UNIT ( * ) PLANE_ANGLE_UNIT ( ) SI_UNIT ( $, .RADIAN. ) );
#2702 = PLANE ( 'NONE',  #998 ) ;
#2703 = DIRECTION ( 'NONE',  ( -0.000000000000000000, -1.000000000000000000, -0.000000000000000000 ) ) ;
#2704 = ORIENTED_EDGE ( 'NONE', *, *, #1346, .F. ) ;
#2705 = PRESENTATION_STYLE_ASSIGNMENT (( #1811 ) ) ;
#2706 = VECTOR ( 'NONE', #510, 1000.000000000000000 ) ;
#2707 = CARTESIAN_POINT ( 'NONE',  ( 3.699999999999998401, 5.900000000000000355, -1.730000000000007088 ) ) ;
#2708 = ADVANCED_FACE ( 'NONE', ( #146 ), #2734, .F. ) ;
#2709 = ORIENTED_EDGE ( 'NONE', *, *, #794, .F. ) ;
#2710 = FACE_OUTER_BOUND ( 'NONE', #1398, .T. ) ;
#2711 = AXIS2_PLACEMENT_3D ( 'NONE', #314, #325, #1190 ) ;
#2712 = PRESENTATION_LAYER_ASSIGNMENT (  '', '', ( #2612 ) ) ;
#2713 = CARTESIAN_POINT ( 'NONE',  ( -1.250000000000001332, 0.000000000000000000, 0.6500000000000000222 ) ) ;
#2714 = PLANE ( 'NONE',  #2129 ) ;
#2715 = VECTOR ( 'NONE', #2749, 1000.000000000000000 ) ;
#2716 = VECTOR ( 'NONE', #471, 1000.000000000000000 ) ;
#2717 = ORIENTED_EDGE ( 'NONE', *, *, #1346, .T. ) ;
#2718 = LINE ( 'NONE', #358, #2497 ) ;
#2719 = AXIS2_PLACEMENT_3D ( 'NONE', #1184, #1857, #2467 ) ;
#2720 = VECTOR ( 'NONE', #2742, 1000.000000000000000 ) ;
#2721 = AXIS2_PLACEMENT_3D ( 'NONE', #1648, #1201, #788 ) ;
#2722 = FILL_AREA_STYLE ('',( #361 ) ) ;
#2723 = PRESENTATION_LAYER_ASSIGNMENT (  '', '', ( #2389 ) ) ;
#2724 = COLOUR_RGB ( '',1.000000000000000000, 1.000000000000000000, 1.000000000000000000 ) ;
#2725 = DIRECTION ( 'NONE',  ( 0.000000000000000000, 0.000000000000000000, -1.000000000000000000 ) ) ;
#2726 = ORIENTED_EDGE ( 'NONE', *, *, #1719, .F. ) ;
#2727 =( GEOMETRIC_REPRESENTATION_CONTEXT ( 3 ) GLOBAL_UNCERTAINTY_ASSIGNED_CONTEXT ( ( #910 ) ) GLOBAL_UNIT_ASSIGNED_CONTEXT ( ( #1098, #1392, #2690 ) ) REPRESENTATION_CONTEXT ( 'NONE', 'WORKASPACE' ) );
#2728 = DIRECTION ( 'NONE',  ( -0.000000000000000000, -1.000000000000000000, -0.000000000000000000 ) ) ;
#2729 = EDGE_LOOP ( 'NONE', ( #1584, #2111 ) ) ;
#2730 = LINE ( 'NONE', #1872, #2720 ) ;
#2731 =( GEOMETRIC_REPRESENTATION_CONTEXT ( 3 ) GLOBAL_UNCERTAINTY_ASSIGNED_CONTEXT ( ( #2362 ) ) GLOBAL_UNIT_ASSIGNED_CONTEXT ( ( #656, #1331, #2182 ) ) REPRESENTATION_CONTEXT ( 'NONE', 'WORKASPACE' ) );
#2732 = ORIENTED_EDGE ( 'NONE', *, *, #708, .T. ) ;
#2733 = DIRECTION ( 'NONE',  ( -0.000000000000000000, 1.000000000000000000, -0.000000000000000000 ) ) ;
#2734 = PLANE ( 'NONE',  #2179 ) ;
#2735 = FILL_AREA_STYLE_COLOUR ( '', #2477 ) ;
#2736 = EDGE_CURVE ( 'NONE', #1743, #1281, #889, .T. ) ;
#2737 = SURFACE_STYLE_FILL_AREA ( #1050 ) ;
#2738 = ORIENTED_EDGE ( 'NONE', *, *, #761, .T. ) ;
#2739 = DIRECTION ( 'NONE',  ( 0.000000000000000000, 1.000000000000000000, 0.000000000000000000 ) ) ;
#2740 = DIRECTION ( 'NONE',  ( -1.446762277935122245E-31, -1.000000000000000000, -1.084202172485503448E-16 ) ) ;
#2741 = ORIENTED_EDGE ( 'NONE', *, *, #2149, .T. ) ;
#2742 = DIRECTION ( 'NONE',  ( -0.000000000000000000, 1.000000000000000000, -0.000000000000000000 ) ) ;
#2743 =( LENGTH_UNIT ( ) NAMED_UNIT ( * ) SI_UNIT ( .MILLI., .METRE. ) );
#2744 = DIRECTION ( 'NONE',  ( 0.000000000000000000, 1.000000000000000000, 1.084202172485503448E-16 ) ) ;
#2745 = ORIENTED_EDGE ( 'NONE', *, *, #1628, .F. ) ;
#2746 = PLANE ( 'NONE',  #65 ) ;
#2747 =( LENGTH_UNIT ( ) NAMED_UNIT ( * ) SI_UNIT ( .MILLI., .METRE. ) );
#2748 = ADVANCED_FACE ( 'NONE', ( #1747 ), #435, .T. ) ;
#2749 = DIRECTION ( 'NONE',  ( 1.000000000000000000, -0.000000000000000000, -0.000000000000000000 ) ) ;
#2750 = DIRECTION ( 'NONE',  ( -0.000000000000000000, 1.000000000000000000, -0.000000000000000000 ) ) ;
#2751 = ORIENTED_EDGE ( 'NONE', *, *, #345, .T. ) ;
#2752 = UNCERTAINTY_MEASURE_WITH_UNIT (LENGTH_MEASURE( 1.000000000000000082E-05 ), #2074, 'distance_accuracy_value', 'NONE');
#2753 = PRESENTATION_STYLE_ASSIGNMENT (( #593 ) ) ;
#2754 = ORIENTED_EDGE ( 'NONE', *, *, #745, .T. ) ;
#2755 = DIRECTION ( 'NONE',  ( -1.000000000000000000, 0.000000000000000000, -0.000000000000000000 ) ) ;
#2756 = FILL_AREA_STYLE_COLOUR ( '', #117 ) ;
#2757 = STYLED_ITEM ( 'NONE', ( #2393 ), #2085 ) ;
#2758 = EDGE_CURVE ( 'NONE', #256, #1131, #1982, .T. ) ;
#2759 = EDGE_LOOP ( 'NONE', ( #2704, #2547, #887, #1302 ) ) ;
#2760 = FACE_BOUND ( 'NONE', #509, .T. ) ;
#2761 = VECTOR ( 'NONE', #677, 1000.000000000000000 ) ;
#2762 = VECTOR ( 'NONE', #797, 1000.000000000000000 ) ;
#2763 = AXIS2_PLACEMENT_3D ( 'NONE', #1022, #1419, #135 ) ;
#2764 = CARTESIAN_POINT ( 'NONE',  ( -3.700000000000001954, 0.1000000000000000056, 0.2700000000000002953 ) ) ;
#2765 = PRESENTATION_LAYER_ASSIGNMENT (  '', '', ( #161 ) ) ;
#2766 =( GEOMETRIC_REPRESENTATION_CONTEXT ( 3 ) GLOBAL_UNCERTAINTY_ASSIGNED_CONTEXT ( ( #1853 ) ) GLOBAL_UNIT_ASSIGNED_CONTEXT ( ( #2012, #1808, #1447 ) ) REPRESENTATION_CONTEXT ( 'NONE', 'WORKASPACE' ) );
#2767 = PRESENTATION_LAYER_ASSIGNMENT (  '', '', ( #1174 ) ) ;
#2768 = DIRECTION ( 'NONE',  ( 0.000000000000000000, 0.000000000000000000, 1.000000000000000000 ) ) ;
#2769 = LINE ( 'NONE', #2110, #2609 ) ;
#2770 = COLOUR_RGB ( '',1.000000000000000000, 1.000000000000000000, 1.000000000000000000 ) ;
#2771 = ADVANCED_FACE ( 'NONE', ( #2622 ), #848, .F. ) ;
#2772 = AXIS2_PLACEMENT_3D ( 'NONE', #1357, #980, #1607 ) ;
#2773 = ORIENTED_EDGE ( 'NONE', *, *, #1244, .T. ) ;
#2774 = ADVANCED_FACE ( 'NONE', ( #2168 ), #2592, .T. ) ;
#2775 = DIRECTION ( 'NONE',  ( -0.000000000000000000, 1.000000000000000000, -0.000000000000000000 ) ) ;
#2776 = PRESENTATION_LAYER_ASSIGNMENT (  '', '', ( #2394 ) ) ;
#2777 = ORIENTED_EDGE ( 'NONE', *, *, #1059, .T. ) ;
#2778 = MECHANICAL_DESIGN_GEOMETRIC_PRESENTATION_REPRESENTATION (  '', ( #396 ), #1788 ) ;
#2779 = CARTESIAN_POINT ( 'NONE',  ( 0.4499999999999985123, 5.400000000000000355, 1.769999999999999130 ) ) ;
#2780 = LINE ( 'NONE', #2093, #1678 ) ;
ENDSEC;
END-ISO-10303-21;
