ISO-10303-21;
HEADER;
FILE_DESCRIPTION (( 'STEP AP214' ),
    '1' );
FILE_NAME ('SPM3020T-1R0M.STEP',
    '2022-03-07T21:59:40',
    ( '' ),
    ( '' ),
    'SwSTEP 2.0',
    'SolidWorks 2017',
    '' );
FILE_SCHEMA (( 'AUTOMOTIVE_DESIGN' ));
ENDSEC;

DATA;
#1 = MANIFOLD_SOLID_BREP ( 'Boss-Extrude4', #732 ) ;
#2 = DIRECTION ( 'NONE',  ( -0.0000000000000000000, 1.000000000000000000, -0.0000000000000000000 ) ) ;
#3 = ORIENTED_EDGE ( 'NONE', *, *, #228, .T. ) ;
#4 = FACE_OUTER_BOUND ( 'NONE', #632, .T. ) ;
#5 = EDGE_CURVE ( 'NONE', #968, #892, #763, .T. ) ;
#6 = ADVANCED_FACE ( 'NONE', ( #131 ), #245, .T. ) ;
#7 = ORIENTED_EDGE ( 'NONE', *, *, #1522, .T. ) ;
#8 = ORIENTED_EDGE ( 'NONE', *, *, #1522, .F. ) ;
#9 = ORIENTED_EDGE ( 'NONE', *, *, #512, .F. ) ;
#10 = ORIENTED_EDGE ( 'NONE', *, *, #1296, .T. ) ;
#11 = DIRECTION ( 'NONE',  ( 1.000000000000000000, 2.710505431213761100E-016, -0.0000000000000000000 ) ) ;
#12 = CARTESIAN_POINT ( 'NONE',  ( -1.450000000000000200, 0.1000000000000002600, -1.500000000000000000 ) ) ;
#13 = VERTEX_POINT ( 'NONE', #1168 ) ;
#14 = CARTESIAN_POINT ( 'NONE',  ( 1.259999999999999800, 0.6200000000000013300, 1.210000000000000900 ) ) ;
#15 = PLANE ( 'NONE',  #142 ) ;
#16 = EDGE_CURVE ( 'NONE', #514, #851, #48, .T. ) ;
#17 = AXIS2_PLACEMENT_3D ( 'NONE', #1610, #1338, #1606 ) ;
#18 = VECTOR ( 'NONE', #154, 1000.000000000000000 ) ;
#19 = DIRECTION ( 'NONE',  ( 1.000000000000000000, 6.123233995736764800E-017, -0.0000000000000000000 ) ) ;
#20 = CIRCLE ( 'NONE', #314, 0.09999999999999982500 ) ;
#21 = CARTESIAN_POINT ( 'NONE',  ( 1.260000000000000200, 0.6200000000000001100, 1.060000000000000100 ) ) ;
#22 = FACE_OUTER_BOUND ( 'NONE', #749, .T. ) ;
#23 = VECTOR ( 'NONE', #854, 1000.000000000000000 ) ;
#24 = EDGE_LOOP ( 'NONE', ( #694, #1345, #550, #272, #55 ) ) ;
#25 = VERTEX_POINT ( 'NONE', #509 ) ;
#26 = DIRECTION ( 'NONE',  ( -6.123233995736764800E-017, -1.000000000000000000, 0.0000000000000000000 ) ) ;
#27 = EDGE_LOOP ( 'NONE', ( #353, #949 ) ) ;
#28 = ORIENTED_EDGE ( 'NONE', *, *, #535, .F. ) ;
#29 = CARTESIAN_POINT ( 'NONE',  ( -1.450000000000000000, 2.000000000000000000, 0.9600000000000000800 ) ) ;
#30 = VERTEX_POINT ( 'NONE', #123 ) ;
#31 = AXIS2_PLACEMENT_3D ( 'NONE', #1251, #1383, #358 ) ;
#32 = CARTESIAN_POINT ( 'NONE',  ( 1.450000000000000000, 9.184850993605136400E-018, 0.7500000000000000000 ) ) ;
#33 = CARTESIAN_POINT ( 'NONE',  ( 0.9400000000000000600, 2.000000000000000000, 0.7500000000000000000 ) ) ;
#34 = UNCERTAINTY_MEASURE_WITH_UNIT (LENGTH_MEASURE( 1.000000000000000100E-005 ), #951, 'distance_accuracy_value', 'NONE');
#35 = CARTESIAN_POINT ( 'NONE',  ( -1.139999999999999900, 0.1000000000000000500, -0.7500000000000000000 ) ) ;
#36 = CARTESIAN_POINT ( 'NONE',  ( -1.200000000000000400, 0.6200000000000013300, 1.210000000000000900 ) ) ;
#37 =( NAMED_UNIT ( * ) SI_UNIT ( $, .STERADIAN. ) SOLID_ANGLE_UNIT ( ) );
#38 = EDGE_CURVE ( 'NONE', #890, #290, #1477, .T. ) ;
#39 = CARTESIAN_POINT ( 'NONE',  ( -1.450000000000000200, 0.1000000000000002600, -1.500000000000000000 ) ) ;
#40 = VECTOR ( 'NONE', #642, 1000.000000000000000 ) ;
#41 = APPLICATION_CONTEXT ( 'automotive_design' ) ;
#42 = VECTOR ( 'NONE', #881, 1000.000000000000000 ) ;
#43 = LINE ( 'NONE', #600, #865 ) ;
#44 = DIRECTION ( 'NONE',  ( -2.710505431213761100E-016, 1.000000000000000000, 0.0000000000000000000 ) ) ;
#45 = CARTESIAN_POINT ( 'NONE',  ( -1.139999999999999900, 0.0000000000000000000, 0.0000000000000000000 ) ) ;
#46 = VECTOR ( 'NONE', #959, 1000.000000000000000 ) ;
#47 = EDGE_LOOP ( 'NONE', ( #369, #470, #577, #969 ) ) ;
#48 = LINE ( 'NONE', #517, #1196 ) ;
#49 = VERTEX_POINT ( 'NONE', #1157 ) ;
#50 = DIRECTION ( 'NONE',  ( 0.0000000000000000000, 0.0000000000000000000, -1.000000000000000000 ) ) ;
#51 = EDGE_LOOP ( 'NONE', ( #294, #388, #1415, #1328 ) ) ;
#52 = CLOSED_SHELL ( 'NONE', ( #897, #1687, #97, #1397, #1139, #624, #1517, #1598, #1671, #980, #722, #1370, #1111, #1470, #6, #797, #1246, #930, #1101, #320 ) ) ;
#53 = CARTESIAN_POINT ( 'NONE',  ( -1.259999999999999800, 0.09999999999999999200, 0.7500000000000000000 ) ) ;
#54 = DIRECTION ( 'NONE',  ( -0.0000000000000000000, 1.000000000000000000, -0.0000000000000000000 ) ) ;
#55 = ORIENTED_EDGE ( 'NONE', *, *, #1272, .F. ) ;
#56 = PRESENTATION_LAYER_ASSIGNMENT (  '', '', ( #276 ) ) ;
#57 = ORIENTED_EDGE ( 'NONE', *, *, #1014, .F. ) ;
#58 = DIRECTION ( 'NONE',  ( 1.000000000000000000, 0.0000000000000000000, 0.0000000000000000000 ) ) ;
#59 = CARTESIAN_POINT ( 'NONE',  ( -1.599999999999999900, 0.0000000000000000000, 0.7500000000000000000 ) ) ;
#60 = DIRECTION ( 'NONE',  ( 0.0000000000000000000, 0.0000000000000000000, 1.000000000000000000 ) ) ;
#61 = CIRCLE ( 'NONE', #1121, 0.2500000000000000000 ) ;
#62 = FILL_AREA_STYLE ('',( #956 ) ) ;
#63 = EDGE_CURVE ( 'NONE', #13, #407, #1615, .T. ) ;
#64 = VECTOR ( 'NONE', #1218, 1000.000000000000000 ) ;
#65 = VECTOR ( 'NONE', #1393, 1000.000000000000000 ) ;
#66 = FACE_OUTER_BOUND ( 'NONE', #465, .T. ) ;
#67 = CARTESIAN_POINT ( 'NONE',  ( -1.450000000000000000, 0.4635931792539568200, 0.7500000000000000000 ) ) ;
#68 = ORIENTED_EDGE ( 'NONE', *, *, #678, .F. ) ;
#69 = ORIENTED_EDGE ( 'NONE', *, *, #404, .F. ) ;
#70 = CARTESIAN_POINT ( 'NONE',  ( 1.259999999999999800, 0.1000000000000000500, 0.9600000000000000800 ) ) ;
#71 = ORIENTED_EDGE ( 'NONE', *, *, #1068, .F. ) ;
#72 = VERTEX_POINT ( 'NONE', #1440 ) ;
#73 = EDGE_CURVE ( 'NONE', #1299, #1091, #527, .T. ) ;
#74 = ORIENTED_EDGE ( 'NONE', *, *, #356, .T. ) ;
#75 = CARTESIAN_POINT ( 'NONE',  ( 1.064306590577404700, 0.1000000000000002600, 0.9599999999999999600 ) ) ;
#76 = STYLED_ITEM ( 'NONE', ( #688 ), #303 ) ;
#77 = SURFACE_STYLE_USAGE ( .BOTH. , #224 ) ;
#78 = CARTESIAN_POINT ( 'NONE',  ( 0.4750000000000003700, 0.1000000000000002600, 1.499999999999999800 ) ) ;
#79 = DIRECTION ( 'NONE',  ( -1.000000000000000000, 0.0000000000000000000, -0.0000000000000000000 ) ) ;
#80 = CARTESIAN_POINT ( 'NONE',  ( -1.064306590577404300, -4.172529209005014100, 0.9600000000000000800 ) ) ;
#81 = FACE_OUTER_BOUND ( 'NONE', #448, .T. ) ;
#82 = PRODUCT_CONTEXT ( 'NONE', #41, 'mechanical' ) ;
#83 = LINE ( 'NONE', #1170, #438 ) ;
#84 = VECTOR ( 'NONE', #363, 1000.000000000000000 ) ;
#85 = CARTESIAN_POINT ( 'NONE',  ( -1.239999999999999800, -7.592810154713586600E-017, -0.7500000000000000000 ) ) ;
#86 = EDGE_CURVE ( 'NONE', #433, #592, #1025, .T. ) ;
#87 = ADVANCED_FACE ( 'NONE', ( #483 ), #1682, .T. ) ;
#88 = VECTOR ( 'NONE', #1109, 1000.000000000000000 ) ;
#89 = ORIENTED_EDGE ( 'NONE', *, *, #1621, .F. ) ;
#90 = VECTOR ( 'NONE', #1451, 1000.000000000000000 ) ;
#91 = VERTEX_POINT ( 'NONE', #753 ) ;
#92 = ORIENTED_EDGE ( 'NONE', *, *, #1151, .T. ) ;
#93 = CARTESIAN_POINT ( 'NONE',  ( 0.0000000000000000000, 0.0000000000000000000, -0.7500000000000000000 ) ) ;
#94 = ORIENTED_EDGE ( 'NONE', *, *, #1667, .F. ) ;
#95 = DIRECTION ( 'NONE',  ( 0.0000000000000000000, 1.000000000000000000, 0.0000000000000000000 ) ) ;
#96 = ORIENTED_EDGE ( 'NONE', *, *, #1095, .T. ) ;
#97 = ADVANCED_FACE ( 'NONE', ( #1387 ), #1148, .F. ) ;
#98 = ORIENTED_EDGE ( 'NONE', *, *, #1331, .T. ) ;
#99 = EDGE_CURVE ( 'NONE', #1226, #116, #593, .T. ) ;
#100 = CARTESIAN_POINT ( 'NONE',  ( -0.4749999999999996400, 2.000000000000000000, 1.500000000000000000 ) ) ;
#101 = AXIS2_PLACEMENT_3D ( 'NONE', #867, #861, #1536 ) ;
#102 = DIRECTION ( 'NONE',  ( 0.0000000000000000000, 1.000000000000000000, 0.0000000000000000000 ) ) ;
#103 = DIRECTION ( 'NONE',  ( 1.000000000000000000, 0.0000000000000000000, -2.282530889443167500E-016 ) ) ;
#104 = VECTOR ( 'NONE', #1664, 1000.000000000000000 ) ;
#105 = CIRCLE ( 'NONE', #803, 0.2500000000000000000 ) ;
#106 = EDGE_CURVE ( 'NONE', #767, #1453, #150, .T. ) ;
#107 = LINE ( 'NONE', #1004, #65 ) ;
#108 = DIRECTION ( 'NONE',  ( -0.0000000000000000000, -0.0000000000000000000, -1.000000000000000000 ) ) ;
#109 = AXIS2_PLACEMENT_3D ( 'NONE', #1305, #1041, #278 ) ;
#110 = VECTOR ( 'NONE', #553, 1000.000000000000000 ) ;
#111 = DIRECTION ( 'NONE',  ( -0.0000000000000000000, -0.0000000000000000000, -1.000000000000000000 ) ) ;
#112 = ORIENTED_EDGE ( 'NONE', *, *, #257, .F. ) ;
#113 = ORIENTED_EDGE ( 'NONE', *, *, #298, .F. ) ;
#114 = AXIS2_PLACEMENT_3D ( 'NONE', #307, #318, #1337 ) ;
#115 = ORIENTED_EDGE ( 'NONE', *, *, #1421, .F. ) ;
#116 = VERTEX_POINT ( 'NONE', #1417 ) ;
#117 = CARTESIAN_POINT ( 'NONE',  ( 1.259999999999999800, -6.141686424138474400E-016, 1.060000000000000100 ) ) ;
#118 = ORIENTED_EDGE ( 'NONE', *, *, #1351, .T. ) ;
#119 =( LENGTH_UNIT ( ) NAMED_UNIT ( * ) SI_UNIT ( .MILLI., .METRE. ) );
#120 = EDGE_CURVE ( 'NONE', #135, #1600, #351, .T. ) ;
#121 = DIRECTION ( 'NONE',  ( 0.0000000000000000000, 0.0000000000000000000, 1.000000000000000000 ) ) ;
#122 = DIRECTION ( 'NONE',  ( 4.336808689942017700E-016, 1.000000000000000000, 0.0000000000000000000 ) ) ;
#123 = CARTESIAN_POINT ( 'NONE',  ( -1.259999999999999800, 0.1000000000000000100, 1.060000000000000100 ) ) ;
#124 = FACE_OUTER_BOUND ( 'NONE', #769, .T. ) ;
#125 = LINE ( 'NONE', #271, #1690 ) ;
#126 = CARTESIAN_POINT ( 'NONE',  ( 1.260000000000000200, 0.6200000000000002200, 0.9600000000000000800 ) ) ;
#127 = VECTOR ( 'NONE', #111, 1000.000000000000000 ) ;
#128 = CARTESIAN_POINT ( 'NONE',  ( 1.040000000000000000, 2.000000000000000000, 0.7500000000000000000 ) ) ;
#129 = EDGE_CURVE ( 'NONE', #1031, #237, #1573, .T. ) ;
#130 = ORIENTED_EDGE ( 'NONE', *, *, #5, .T. ) ;
#131 = FACE_OUTER_BOUND ( 'NONE', #334, .T. ) ;
#132 = CARTESIAN_POINT ( 'NONE',  ( -1.260000000000000200, 0.6200000000000001100, 1.060000000000000100 ) ) ;
#133 = PRESENTATION_LAYER_ASSIGNMENT (  '', '', ( #615 ) ) ;
#134 = ORIENTED_EDGE ( 'NONE', *, *, #1306, .F. ) ;
#135 = VERTEX_POINT ( 'NONE', #1036 ) ;
#136 = CARTESIAN_POINT ( 'NONE',  ( 1.450000000000000200, 0.1000000000000002600, -1.500000000000000400 ) ) ;
#137 =( NAMED_UNIT ( * ) SI_UNIT ( $, .STERADIAN. ) SOLID_ANGLE_UNIT ( ) );
#138 = VERTEX_POINT ( 'NONE', #12 ) ;
#139 = ORIENTED_EDGE ( 'NONE', *, *, #1447, .T. ) ;
#140 = CARTESIAN_POINT ( 'NONE',  ( 0.0000000000000000000, 2.000000000000000000, 0.0000000000000000000 ) ) ;
#141 = CARTESIAN_POINT ( 'NONE',  ( 1.200000000000000400, 0.6200000000000003300, 0.9600000000000000800 ) ) ;
#142 = AXIS2_PLACEMENT_3D ( 'NONE', #1586, #60, #1353 ) ;
#143 = AXIS2_PLACEMENT_3D ( 'NONE', #1566, #1033, #768 ) ;
#144 = DIRECTION ( 'NONE',  ( 0.0000000000000000000, 1.084202172485505200E-015, -1.000000000000000000 ) ) ;
#145 = VECTOR ( 'NONE', #948, 1000.000000000000000 ) ;
#146 = VECTOR ( 'NONE', #716, 1000.000000000000000 ) ;
#147 = PLANE ( 'NONE',  #913 ) ;
#148 = CIRCLE ( 'NONE', #468, 0.09999999999999982500 ) ;
#149 = CARTESIAN_POINT ( 'NONE',  ( -1.200000000000000400, 0.6200000000000013300, 0.9600000000000007400 ) ) ;
#150 = LINE ( 'NONE', #21, #551 ) ;
#151 = EDGE_CURVE ( 'NONE', #309, #653, #1260, .T. ) ;
#152 = ORIENTED_EDGE ( 'NONE', *, *, #839, .T. ) ;
#153 = EDGE_LOOP ( 'NONE', ( #1501, #1032, #1372, #152 ) ) ;
#154 = DIRECTION ( 'NONE',  ( 0.0000000000000000000, 1.000000000000000000, 0.0000000000000000000 ) ) ;
#155 = ORIENTED_EDGE ( 'NONE', *, *, #1242, .T. ) ;
#156 = CARTESIAN_POINT ( 'NONE',  ( 1.139999999999999900, 0.1000000000000000500, -0.7500000000000000000 ) ) ;
#157 = DIRECTION ( 'NONE',  ( 0.0000000000000000000, -1.000000000000000000, 0.0000000000000000000 ) ) ;
#158 = EDGE_CURVE ( 'NONE', #375, #171, #1217, .T. ) ;
#159 = EDGE_CURVE ( 'NONE', #1389, #730, #1089, .T. ) ;
#160 = CARTESIAN_POINT ( 'NONE',  ( 1.450000000000000000, 0.4635931792539568200, 1.060000000000000100 ) ) ;
#161 = VECTOR ( 'NONE', #1458, 1000.000000000000000 ) ;
#162 = CARTESIAN_POINT ( 'NONE',  ( 1.240000000000000000, 2.000000000000000000, -0.7500000000000000000 ) ) ;
#163 = DIRECTION ( 'NONE',  ( 0.0000000000000000000, 0.0000000000000000000, 1.000000000000000000 ) ) ;
#164 = VECTOR ( 'NONE', #933, 1000.000000000000000 ) ;
#165 = VECTOR ( 'NONE', #714, 1000.000000000000000 ) ;
#166 = VECTOR ( 'NONE', #1649, 1000.000000000000000 ) ;
#167 = DIRECTION ( 'NONE',  ( 0.0000000000000000000, 0.0000000000000000000, 1.000000000000000000 ) ) ;
#168 = ORIENTED_EDGE ( 'NONE', *, *, #918, .F. ) ;
#169 = DIRECTION ( 'NONE',  ( 1.000000000000000000, 0.0000000000000000000, -2.282530889443167500E-016 ) ) ;
#170 = ORIENTED_EDGE ( 'NONE', *, *, #658, .T. ) ;
#171 = VERTEX_POINT ( 'NONE', #1182 ) ;
#172 = EDGE_CURVE ( 'NONE', #171, #30, #1540, .T. ) ;
#173 = VERTEX_POINT ( 'NONE', #149 ) ;
#174 = DIRECTION ( 'NONE',  ( 1.000000000000000000, 4.336808689942017700E-016, 0.0000000000000000000 ) ) ;
#175 = EDGE_LOOP ( 'NONE', ( #873, #195, #235 ) ) ;
#176 = AXIS2_PLACEMENT_3D ( 'NONE', #247, #629, #1418 ) ;
#177 = ORIENTED_EDGE ( 'NONE', *, *, #1230, .F. ) ;
#178 = CARTESIAN_POINT ( 'NONE',  ( 1.260000000000000200, 0.6200000000000002200, 0.9600000000000000800 ) ) ;
#179 = CARTESIAN_POINT ( 'NONE',  ( 0.7500000000000000000, 5.204748896376248200E-017, -0.7500000000000000000 ) ) ;
#180 = CARTESIAN_POINT ( 'NONE',  ( 0.0000000000000000000, 0.0000000000000000000, 0.7500000000000000000 ) ) ;
#181 = EDGE_CURVE ( 'NONE', #408, #1507, #211, .T. ) ;
#182 = LINE ( 'NONE', #434, #1533 ) ;
#183 = AXIS2_PLACEMENT_3D ( 'NONE', #731, #343, #1379 ) ;
#184 = FACE_OUTER_BOUND ( 'NONE', #1526, .T. ) ;
#185 = LINE ( 'NONE', #1256, #587 ) ;
#186 = CARTESIAN_POINT ( 'NONE',  ( -1.200000000000000400, 0.6200000000000013300, 1.210000000000000900 ) ) ;
#187 = FILL_AREA_STYLE_COLOUR ( '', #849 ) ;
#188 = VECTOR ( 'NONE', #373, 1000.000000000000000 ) ;
#189 = ORIENTED_EDGE ( 'NONE', *, *, #1461, .T. ) ;
#190 = ORIENTED_EDGE ( 'NONE', *, *, #1142, .T. ) ;
#191 = EDGE_CURVE ( 'NONE', #1350, #1194, #1341, .T. ) ;
#192 = EDGE_LOOP ( 'NONE', ( #9, #835, #597, #1454 ) ) ;
#193 = CARTESIAN_POINT ( 'NONE',  ( -1.260000000000000200, 0.6200000000000002200, 0.9600000000000000800 ) ) ;
#194 = CARTESIAN_POINT ( 'NONE',  ( -1.600000000000000300, 0.8499999999999999800, 0.7500000000000000000 ) ) ;
#195 = ORIENTED_EDGE ( 'NONE', *, *, #1364, .T. ) ;
#196 = AXIS2_PLACEMENT_3D ( 'NONE', #526, #1054, #925 ) ;
#197 = DIRECTION ( 'NONE',  ( 0.0000000000000000000, 1.000000000000000000, 0.0000000000000000000 ) ) ;
#198 = CLOSED_SHELL ( 'NONE', ( #1270, #778 ) ) ;
#199 = DIRECTION ( 'NONE',  ( 4.336808689942017700E-016, -1.000000000000000000, 0.0000000000000000000 ) ) ;
#200 = PLANE ( 'NONE',  #1473 ) ;
#201 = CARTESIAN_POINT ( 'NONE',  ( 0.7500000000000000000, 0.1000000000000000600, 0.7500000000000000000 ) ) ;
#202 = DIRECTION ( 'NONE',  ( 0.0000000000000000000, 0.0000000000000000000, 1.000000000000000000 ) ) ;
#203 = EDGE_CURVE ( 'NONE', #1261, #556, #924, .T. ) ;
#204 = ADVANCED_FACE ( 'NONE', ( #1596 ), #677, .F. ) ;
#205 = CARTESIAN_POINT ( 'NONE',  ( 1.500000000000000000, 0.8499999999999999800, 0.7500000000000000000 ) ) ;
#206 = VECTOR ( 'NONE', #1155, 1000.000000000000000 ) ;
#207 = AXIS2_PLACEMENT_3D ( 'NONE', #1399, #1677, #1145 ) ;
#208 = CARTESIAN_POINT ( 'NONE',  ( 1.600000000000000300, 0.8499999999999999800, 0.7500000000000000000 ) ) ;
#209 = CARTESIAN_POINT ( 'NONE',  ( 1.450000000000000200, 2.000000000000000000, -1.500000000000000400 ) ) ;
#210 = ORIENTED_EDGE ( 'NONE', *, *, #443, .T. ) ;
#211 = LINE ( 'NONE', #544, #786 ) ;
#212 = CARTESIAN_POINT ( 'NONE',  ( -1.039999999999999800, -6.368163355566234900E-017, 0.7500000000000000000 ) ) ;
#213 = EDGE_LOOP ( 'NONE', ( #791, #1238, #1563, #832, #139, #266 ) ) ;
#214 = ORIENTED_EDGE ( 'NONE', *, *, #383, .T. ) ;
#215 = ADVANCED_FACE ( 'NONE', ( #1561 ), #1173, .F. ) ;
#216 = ORIENTED_EDGE ( 'NONE', *, *, #995, .F. ) ;
#217 = ORIENTED_EDGE ( 'NONE', *, *, #1686, .T. ) ;
#218 = DIRECTION ( 'NONE',  ( 1.000000000000000000, 6.123233995736767300E-017, 0.0000000000000000000 ) ) ;
#219 = CARTESIAN_POINT ( 'NONE',  ( -1.599999999999999900, 0.0000000000000000000, -0.7500000000000000000 ) ) ;
#220 = AXIS2_PLACEMENT_3D ( 'NONE', #1416, #752, #1538 ) ;
#221 = CARTESIAN_POINT ( 'NONE',  ( -0.7500000000000000000, 0.1000000000000000600, -0.7500000000000000000 ) ) ;
#222 = DIRECTION ( 'NONE',  ( 0.0000000000000000000, 0.0000000000000000000, 1.000000000000000000 ) ) ;
#223 = ADVANCED_FACE ( 'NONE', ( #505 ), #799, .T. ) ;
#224 = SURFACE_SIDE_STYLE ('',( #1537 ) ) ;
#225 = FACE_OUTER_BOUND ( 'NONE', #175, .T. ) ;
#226 = DIRECTION ( 'NONE',  ( 0.0000000000000000000, 0.0000000000000000000, -1.000000000000000000 ) ) ;
#227 = CARTESIAN_POINT ( 'NONE',  ( 1.599999999999999900, 0.0000000000000000000, -0.7500000000000000000 ) ) ;
#228 = EDGE_CURVE ( 'NONE', #138, #890, #886, .T. ) ;
#229 = VECTOR ( 'NONE', #1506, 1000.000000000000000 ) ;
#230 = ADVANCED_FACE ( 'NONE', ( #4 ), #15, .T. ) ;
#231 = VECTOR ( 'NONE', #26, 1000.000000000000000 ) ;
#232 = ORIENTED_EDGE ( 'NONE', *, *, #1447, .F. ) ;
#233 = ORIENTED_EDGE ( 'NONE', *, *, #1421, .T. ) ;
#234 = DIRECTION ( 'NONE',  ( 4.336808689942017700E-016, 1.000000000000000000, 0.0000000000000000000 ) ) ;
#235 = ORIENTED_EDGE ( 'NONE', *, *, #623, .T. ) ;
#236 = CARTESIAN_POINT ( 'NONE',  ( 1.339999999999999600, 1.592040838891559700E-017, -0.7500000000000000000 ) ) ;
#237 = VERTEX_POINT ( 'NONE', #784 ) ;
#238 = EDGE_CURVE ( 'NONE', #1389, #691, #1428, .T. ) ;
#239 = DIRECTION ( 'NONE',  ( -1.000000000000000000, 2.710505431213761100E-016, 0.0000000000000000000 ) ) ;
#240 = AXIS2_PLACEMENT_3D ( 'NONE', #508, #771, #761 ) ;
#241 = DIRECTION ( 'NONE',  ( -2.891205793294678800E-016, 1.000000000000000000, 0.0000000000000000000 ) ) ;
#242 = CARTESIAN_POINT ( 'NONE',  ( -1.200000000000000400, 0.6200000000000013300, 1.210000000000000900 ) ) ;
#243 = VECTOR ( 'NONE', #58, 1000.000000000000000 ) ;
#244 = CARTESIAN_POINT ( 'NONE',  ( -0.7500000000000000000, 0.1000000000000000600, -0.7500000000000000000 ) ) ;
#245 = PLANE ( 'NONE',  #1544 ) ;
#246 = LINE ( 'NONE', #869, #42 ) ;
#247 = CARTESIAN_POINT ( 'NONE',  ( 0.0000000000000000000, 0.1000000000000000100, 0.0000000000000000000 ) ) ;
#248 = VECTOR ( 'NONE', #808, 1000.000000000000000 ) ;
#249 = STYLED_ITEM ( 'NONE', ( #1344 ), #1 ) ;
#250 = CARTESIAN_POINT ( 'NONE',  ( 1.200000000000000400, 0.6200000000000013300, 1.210000000000000900 ) ) ;
#251 = ORIENTED_EDGE ( 'NONE', *, *, #745, .T. ) ;
#252 = VECTOR ( 'NONE', #1185, 1000.000000000000000 ) ;
#253 = ORIENTED_EDGE ( 'NONE', *, *, #1587, .T. ) ;
#254 = ORIENTED_EDGE ( 'NONE', *, *, #1230, .T. ) ;
#255 = VERTEX_POINT ( 'NONE', #1479 ) ;
#256 = EDGE_LOOP ( 'NONE', ( #427, #1011, #69, #1365 ) ) ;
#257 = EDGE_CURVE ( 'NONE', #762, #1389, #609, .T. ) ;
#258 = DIRECTION ( 'NONE',  ( 0.0000000000000000000, 1.000000000000000000, 0.0000000000000000000 ) ) ;
#259 = FACE_OUTER_BOUND ( 'NONE', #790, .T. ) ;
#260 = CARTESIAN_POINT ( 'NONE',  ( -0.7500000000000000000, 0.1000000000000000600, 0.7500000000000000000 ) ) ;
#261 = LINE ( 'NONE', #1103, #1612 ) ;
#262 = DIRECTION ( 'NONE',  ( -1.000000000000000000, 0.0000000000000000000, 0.0000000000000000000 ) ) ;
#263 = VECTOR ( 'NONE', #399, 1000.000000000000000 ) ;
#264 = DIRECTION ( 'NONE',  ( 1.000000000000000000, 0.0000000000000000000, 0.0000000000000000000 ) ) ;
#265 = ORIENTED_EDGE ( 'NONE', *, *, #512, .T. ) ;
#266 = ORIENTED_EDGE ( 'NONE', *, *, #415, .T. ) ;
#267 = CARTESIAN_POINT ( 'NONE',  ( -1.339999999999999600, 1.592040838891559700E-017, -0.7500000000000000000 ) ) ;
#268 = CARTESIAN_POINT ( 'NONE',  ( -1.260000000000000200, 0.6200000000000002200, 0.9600000000000000800 ) ) ;
#269 = EDGE_LOOP ( 'NONE', ( #1437, #638, #1134, #1576, #265, #893 ) ) ;
#270 = ORIENTED_EDGE ( 'NONE', *, *, #816, .F. ) ;
#271 = CARTESIAN_POINT ( 'NONE',  ( -1.259999999999999800, -6.141686424138474400E-016, 1.060000000000000100 ) ) ;
#272 = ORIENTED_EDGE ( 'NONE', *, *, #1364, .F. ) ;
#273 = DIRECTION ( 'NONE',  ( -1.000000000000000000, 6.123233995736767300E-017, 0.0000000000000000000 ) ) ;
#274 = CARTESIAN_POINT ( 'NONE',  ( 1.450000000000000200, 0.1000000000000002600, -1.500000000000000400 ) ) ;
#275 = EDGE_CURVE ( 'NONE', #1323, #1528, #1112, .T. ) ;
#276 = STYLED_ITEM ( 'NONE', ( #1065 ), #280 ) ;
#277 = CARTESIAN_POINT ( 'NONE',  ( 1.064306590577404700, 0.1000000000000002600, 0.9599999999999998500 ) ) ;
#278 = DIRECTION ( 'NONE',  ( 0.0000000000000000000, 0.0000000000000000000, 1.000000000000000000 ) ) ;
#279 = FACE_OUTER_BOUND ( 'NONE', #695, .T. ) ;
#280 = MANIFOLD_SOLID_BREP ( 'Boss-Extrude1', #410 ) ;
#281 = LINE ( 'NONE', #178, #161 ) ;
#282 = CARTESIAN_POINT ( 'NONE',  ( 1.450000000000000000, 0.0000000000000000000, 0.7500000000000000000 ) ) ;
#283 = LINE ( 'NONE', #1015, #647 ) ;
#284 = LINE ( 'NONE', #1088, #248 ) ;
#285 = CARTESIAN_POINT ( 'NONE',  ( 1.450000000000000400, 0.1000000000000002600, 0.9599999999999997400 ) ) ;
#286 = CARTESIAN_POINT ( 'NONE',  ( 0.7500000000000000000, 0.1000000000000000600, 0.7500000000000000000 ) ) ;
#287 = EDGE_CURVE ( 'NONE', #1268, #968, #1193, .T. ) ;
#288 = ORIENTED_EDGE ( 'NONE', *, *, #1023, .T. ) ;
#289 = VERTEX_POINT ( 'NONE', #831 ) ;
#290 = VERTEX_POINT ( 'NONE', #1504 ) ;
#291 = ORIENTED_EDGE ( 'NONE', *, *, #463, .F. ) ;
#292 = ORIENTED_EDGE ( 'NONE', *, *, #559, .F. ) ;
#293 = CARTESIAN_POINT ( 'NONE',  ( -1.259999999999999800, -3.252606517456513300E-017, 0.0000000000000000000 ) ) ;
#294 = ORIENTED_EDGE ( 'NONE', *, *, #1434, .F. ) ;
#295 = ADVANCED_FACE ( 'NONE', ( #66 ), #1602, .F. ) ;
#296 = CARTESIAN_POINT ( 'NONE',  ( 1.139999999999999900, 0.6200000000000013300, 1.210000000000000900 ) ) ;
#297 = CARTESIAN_POINT ( 'NONE',  ( -0.7500000000000000000, 0.1000000000000000600, 0.7500000000000000000 ) ) ;
#298 = EDGE_CURVE ( 'NONE', #1679, #1618, #1361, .T. ) ;
#299 = AXIS2_PLACEMENT_3D ( 'NONE', #14, #387, #1432 ) ;
#300 = CARTESIAN_POINT ( 'NONE',  ( 1.450000000000000200, -4.172529209005014100, -1.500000000000000400 ) ) ;
#301 = LINE ( 'NONE', #523, #901 ) ;
#302 = CARTESIAN_POINT ( 'NONE',  ( 0.4750000000000003700, 2.000000000000000000, 1.499999999999999800 ) ) ;
#303 = MANIFOLD_SOLID_BREP ( 'Revolve1', #1368 ) ;
#304 = LINE ( 'NONE', #285, #1446 ) ;
#305 = VECTOR ( 'NONE', #419, 1000.000000000000000 ) ;
#306 = DIRECTION ( 'NONE',  ( 1.000000000000000000, 0.0000000000000000000, 0.0000000000000000000 ) ) ;
#307 = CARTESIAN_POINT ( 'NONE',  ( 1.260000000000000200, 0.6200000000000001100, 1.060000000000000100 ) ) ;
#308 = DIRECTION ( 'NONE',  ( 0.0000000000000000000, 0.0000000000000000000, -1.000000000000000000 ) ) ;
#309 = VERTEX_POINT ( 'NONE', #422 ) ;
#310 = ORIENTED_EDGE ( 'NONE', *, *, #1175, .F. ) ;
#311 = EDGE_CURVE ( 'NONE', #1431, #1283, #1474, .T. ) ;
#312 = ORIENTED_EDGE ( 'NONE', *, *, #686, .T. ) ;
#313 = ORIENTED_EDGE ( 'NONE', *, *, #1081, .T. ) ;
#314 = AXIS2_PLACEMENT_3D ( 'NONE', #85, #340, #218 ) ;
#315 = EDGE_LOOP ( 'NONE', ( #1119, #1243, #1069, #1388, #912, #1636, #1163, #1114, #1486, #929, #170, #1392, #810 ) ) ;
#316 = DIRECTION ( 'NONE',  ( 2.710505431213761100E-016, 1.000000000000000000, 1.084202172485505200E-015 ) ) ;
#317 = DIRECTION ( 'NONE',  ( 0.0000000000000000000, 0.0000000000000000000, 1.000000000000000000 ) ) ;
#318 = DIRECTION ( 'NONE',  ( -2.710505431213761100E-016, -1.000000000000000000, -1.084202172485505200E-015 ) ) ;
#319 =( NAMED_UNIT ( * ) SI_UNIT ( $, .STERADIAN. ) SOLID_ANGLE_UNIT ( ) );
#320 = ADVANCED_FACE ( 'NONE', ( #1694 ), #815, .F. ) ;
#321 = CYLINDRICAL_SURFACE ( 'NONE', #1661, 0.09999999999999982500 ) ;
#322 = AXIS2_PLACEMENT_3D ( 'NONE', #1050, #1308, #1321 ) ;
#323 = FACE_OUTER_BOUND ( 'NONE', #47, .T. ) ;
#324 = CIRCLE ( 'NONE', #984, 0.2426932219902319700 ) ;
#325 = DIRECTION ( 'NONE',  ( -0.0000000000000000000, 0.0000000000000000000, -1.000000000000000000 ) ) ;
#326 = DIRECTION ( 'NONE',  ( 0.0000000000000000000, 1.084202172485505200E-015, -1.000000000000000000 ) ) ;
#327 = CARTESIAN_POINT ( 'NONE',  ( 1.600000000000000300, 0.8499999999999999800, 0.7500000000000000000 ) ) ;
#328 = LINE ( 'NONE', #349, #1385 ) ;
#329 = ORIENTED_EDGE ( 'NONE', *, *, #571, .F. ) ;
#330 = ORIENTED_EDGE ( 'NONE', *, *, #610, .F. ) ;
#331 = ORIENTED_EDGE ( 'NONE', *, *, #1055, .F. ) ;
#332 = ORIENTED_EDGE ( 'NONE', *, *, #844, .F. ) ;
#333 = DIRECTION ( 'NONE',  ( 8.814651808825239200E-017, 0.0000000000000000000, 1.000000000000000000 ) ) ;
#334 = EDGE_LOOP ( 'NONE', ( #1140, #928, #1320, #1090, #1180 ) ) ;
#335 = ORIENTED_EDGE ( 'NONE', *, *, #699, .T. ) ;
#336 = UNCERTAINTY_MEASURE_WITH_UNIT (LENGTH_MEASURE( 1.000000000000000100E-005 ), #119, 'distance_accuracy_value', 'NONE');
#337 = DIRECTION ( 'NONE',  ( 1.000000000000000000, 4.336808689942017700E-016, 0.0000000000000000000 ) ) ;
#338 = ADVANCED_FACE ( 'NONE', ( #1426 ), #1347, .F. ) ;
#339 = DIRECTION ( 'NONE',  ( -1.000000000000000000, 0.0000000000000000000, 0.0000000000000000000 ) ) ;
#340 = DIRECTION ( 'NONE',  ( 6.123233995736764800E-017, -1.000000000000000000, 0.0000000000000000000 ) ) ;
#341 = DIRECTION ( 'NONE',  ( -1.000000000000000000, -2.891205793294678800E-016, 0.0000000000000000000 ) ) ;
#342 = LINE ( 'NONE', #915, #1670 ) ;
#343 = DIRECTION ( 'NONE',  ( 1.000000000000000000, -2.891205793294678800E-016, 0.0000000000000000000 ) ) ;
#344 = SPHERICAL_SURFACE ( 'NONE', #1500, 0.2500000000000000600 ) ;
#345 = AXIS2_PLACEMENT_3D ( 'NONE', #162, #533, #1191 ) ;
#346 = ADVANCED_FACE ( 'NONE', ( #1407 ), #693, .F. ) ;
#347 = LINE ( 'NONE', #1613, #668 ) ;
#348 = CARTESIAN_POINT ( 'NONE',  ( -0.7500000000000000000, 0.1000000000000000600, 0.7500000000000000000 ) ) ;
#349 = CARTESIAN_POINT ( 'NONE',  ( -1.450000000000000200, 2.000000000000000000, -1.500000000000000000 ) ) ;
#350 = EDGE_LOOP ( 'NONE', ( #1457, #923, #292, #972 ) ) ;
#351 = LINE ( 'NONE', #33, #231 ) ;
#352 =( NAMED_UNIT ( * ) SI_UNIT ( $, .STERADIAN. ) SOLID_ANGLE_UNIT ( ) );
#353 = ORIENTED_EDGE ( 'NONE', *, *, #63, .F. ) ;
#354 = VERTEX_POINT ( 'NONE', #179 ) ;
#355 = ORIENTED_EDGE ( 'NONE', *, *, #311, .T. ) ;
#356 = EDGE_CURVE ( 'NONE', #1528, #1268, #760, .T. ) ;
#357 = VERTEX_POINT ( 'NONE', #1377 ) ;
#358 = DIRECTION ( 'NONE',  ( 0.0000000000000000000, -0.0000000000000000000, -1.000000000000000000 ) ) ;
#359 = ADVANCED_FACE ( 'NONE', ( #1042 ), #1100, .T. ) ;
#360 = AXIS2_PLACEMENT_3D ( 'NONE', #1034, #1567, #1688 ) ;
#361 = DIRECTION ( 'NONE',  ( 1.000000000000000000, 6.123233995736764800E-017, -0.0000000000000000000 ) ) ;
#362 = CARTESIAN_POINT ( 'NONE',  ( -1.450000000000000000, 0.4635931792539568200, 1.060000000000000100 ) ) ;
#363 = DIRECTION ( 'NONE',  ( -0.0000000000000000000, -9.035018104045869000E-016, -1.000000000000000000 ) ) ;
#364 = EDGE_CURVE ( 'NONE', #851, #289, #630, .T. ) ;
#365 = LINE ( 'NONE', #874, #701 ) ;
#366 = LINE ( 'NONE', #53, #742 ) ;
#367 =( GEOMETRIC_REPRESENTATION_CONTEXT ( 3 ) GLOBAL_UNCERTAINTY_ASSIGNED_CONTEXT ( ( #34 ) ) GLOBAL_UNIT_ASSIGNED_CONTEXT ( ( #951, #1207, #319 ) ) REPRESENTATION_CONTEXT ( 'NONE', 'WORKASPACE' ) );
#368 = FACE_OUTER_BOUND ( 'NONE', #1070, .T. ) ;
#369 = ORIENTED_EDGE ( 'NONE', *, *, #129, .F. ) ;
#370 = ORIENTED_EDGE ( 'NONE', *, *, #727, .F. ) ;
#371 = ORIENTED_EDGE ( 'NONE', *, *, #1414, .T. ) ;
#372 = DIRECTION ( 'NONE',  ( 1.000000000000000000, 0.0000000000000000000, -0.0000000000000000000 ) ) ;
#373 = DIRECTION ( 'NONE',  ( 0.0000000000000000000, 1.000000000000000000, 0.0000000000000000000 ) ) ;
#374 = VERTEX_POINT ( 'NONE', #966 ) ;
#375 = VERTEX_POINT ( 'NONE', #838 ) ;
#376 = EDGE_CURVE ( 'NONE', #375, #1261, #1558, .T. ) ;
#377 = AXIS2_PLACEMENT_3D ( 'NONE', #1552, #1556, #121 ) ;
#378 = CARTESIAN_POINT ( 'NONE',  ( 1.200000000000000400, 0.6200000000000013300, 1.210000000000000900 ) ) ;
#379 = DIRECTION ( 'NONE',  ( 1.000000000000000000, 0.0000000000000000000, 0.0000000000000000000 ) ) ;
#380 = DIRECTION ( 'NONE',  ( -1.000000000000000000, 0.0000000000000000000, -0.0000000000000000000 ) ) ;
#381 = DIRECTION ( 'NONE',  ( 0.0000000000000000000, 0.0000000000000000000, 1.000000000000000000 ) ) ;
#382 = FACE_OUTER_BOUND ( 'NONE', #1620, .T. ) ;
#383 = EDGE_CURVE ( 'NONE', #787, #1268, #423, .T. ) ;
#384 = FACE_OUTER_BOUND ( 'NONE', #1239, .T. ) ;
#385 = LINE ( 'NONE', #205, #1693 ) ;
#386 = MECHANICAL_DESIGN_GEOMETRIC_PRESENTATION_REPRESENTATION (  '', ( #76 ), #1130 ) ;
#387 = DIRECTION ( 'NONE',  ( -1.000000000000000000, -0.0000000000000000000, -0.0000000000000000000 ) ) ;
#388 = ORIENTED_EDGE ( 'NONE', *, *, #704, .F. ) ;
#389 = SURFACE_SIDE_STYLE ('',( #1028 ) ) ;
#390 = ORIENTED_EDGE ( 'NONE', *, *, #120, .T. ) ;
#391 = ORIENTED_EDGE ( 'NONE', *, *, #1242, .F. ) ;
#392 = VERTEX_POINT ( 'NONE', #1391 ) ;
#393 = DIRECTION ( 'NONE',  ( -1.000000000000000000, 0.0000000000000000000, 0.0000000000000000000 ) ) ;
#394 = ORIENTED_EDGE ( 'NONE', *, *, #404, .T. ) ;
#395 = DIRECTION ( 'NONE',  ( -2.710505431213761100E-016, -1.000000000000000000, 0.0000000000000000000 ) ) ;
#396 = EDGE_CURVE ( 'NONE', #733, #971, #707, .T. ) ;
#397 = CARTESIAN_POINT ( 'NONE',  ( -1.499999999999999800, 0.1000000000000000600, 0.7500000000000000000 ) ) ;
#398 = DIRECTION ( 'NONE',  ( 0.0000000000000000000, 0.0000000000000000000, -1.000000000000000000 ) ) ;
#399 = DIRECTION ( 'NONE',  ( 1.000000000000000000, 2.710505431213761100E-016, -0.0000000000000000000 ) ) ;
#400 = VECTOR ( 'NONE', #1520, 1000.000000000000000 ) ;
#401 = PLANE ( 'NONE',  #977 ) ;
#402 = FACE_OUTER_BOUND ( 'NONE', #24, .T. ) ;
#403 = LINE ( 'NONE', #663, #500 ) ;
#404 = EDGE_CURVE ( 'NONE', #617, #848, #1519, .T. ) ;
#405 = FACE_OUTER_BOUND ( 'NONE', #657, .T. ) ;
#406 = DIRECTION ( 'NONE',  ( 0.0000000000000000000, -0.0000000000000000000, 1.000000000000000000 ) ) ;
#407 = VERTEX_POINT ( 'NONE', #1247 ) ;
#408 = VERTEX_POINT ( 'NONE', #1373 ) ;
#409 = CARTESIAN_POINT ( 'NONE',  ( 1.600000000000000300, 0.8499999999999999800, -0.7500000000000000000 ) ) ;
#410 = CLOSED_SHELL ( 'NONE', ( #1203, #87, #1657, #842, #1324, #990, #834, #230, #1510, #1378 ) ) ;
#411 = ORIENTED_EDGE ( 'NONE', *, *, #537, .T. ) ;
#412 = ORIENTED_EDGE ( 'NONE', *, *, #1102, .T. ) ;
#413 = CARTESIAN_POINT ( 'NONE',  ( 1.140000000000000100, 0.6200000000000001100, 1.060000000000000100 ) ) ;
#414 = CARTESIAN_POINT ( 'NONE',  ( -1.260000000000000200, 0.6200000000000002200, 0.9600000000000000800 ) ) ;
#415 = EDGE_CURVE ( 'NONE', #556, #91, #728, .T. ) ;
#416 = SURFACE_STYLE_USAGE ( .BOTH. , #931 ) ;
#417 = STYLED_ITEM ( 'NONE', ( #1380 ), #829 ) ;
#418 = ADVANCED_FACE ( 'NONE', ( #405 ), #200, .F. ) ;
#419 = DIRECTION ( 'NONE',  ( 3.497426362856462200E-016, 1.000000000000000000, 0.0000000000000000000 ) ) ;
#420 = LINE ( 'NONE', #879, #1570 ) ;
#421 = FACE_OUTER_BOUND ( 'NONE', #659, .T. ) ;
#422 = CARTESIAN_POINT ( 'NONE',  ( -1.259999999999999800, 0.6200000000000001100, 0.9673067780097687200 ) ) ;
#423 = LINE ( 'NONE', #712, #1022 ) ;
#424 = EDGE_CURVE ( 'NONE', #573, #173, #461, .T. ) ;
#425 = ORIENTED_EDGE ( 'NONE', *, *, #1497, .T. ) ;
#426 = SURFACE_STYLE_FILL_AREA ( #1213 ) ;
#427 = ORIENTED_EDGE ( 'NONE', *, *, #228, .F. ) ;
#428 = ORIENTED_EDGE ( 'NONE', *, *, #706, .F. ) ;
#429 = AXIS2_PLACEMENT_3D ( 'NONE', #186, #199, #1077 ) ;
#430 = VERTEX_POINT ( 'NONE', #1241 ) ;
#431 = SURFACE_SIDE_STYLE ('',( #744 ) ) ;
#432 = ORIENTED_EDGE ( 'NONE', *, *, #38, .T. ) ;
#433 = VERTEX_POINT ( 'NONE', #75 ) ;
#434 = CARTESIAN_POINT ( 'NONE',  ( -1.600000000000000300, 0.8499999999999999800, 0.7500000000000000000 ) ) ;
#435 = DIRECTION ( 'NONE',  ( 0.0000000000000000000, -1.000000000000000000, 0.0000000000000000000 ) ) ;
#436 = CARTESIAN_POINT ( 'NONE',  ( -0.7500000000000000000, 5.204748896376248200E-017, 0.7500000000000000000 ) ) ;
#437 = AXIS2_PLACEMENT_3D ( 'NONE', #212, #1524, #451 ) ;
#438 = VECTOR ( 'NONE', #513, 1000.000000000000000 ) ;
#439 = PRODUCT_RELATED_PRODUCT_CATEGORY ( 'part', '', ( #496 ) ) ;
#440 = CARTESIAN_POINT ( 'NONE',  ( 1.450000000000000000, 0.4635931792539568200, 0.7500000000000000000 ) ) ;
#441 = FACE_OUTER_BOUND ( 'NONE', #750, .T. ) ;
#442 = FACE_OUTER_BOUND ( 'NONE', #813, .T. ) ;
#443 = EDGE_CURVE ( 'NONE', #72, #354, #964, .T. ) ;
#444 = VECTOR ( 'NONE', #824, 1000.000000000000000 ) ;
#445 = ORIENTED_EDGE ( 'NONE', *, *, #1539, .T. ) ;
#446 = ORIENTED_EDGE ( 'NONE', *, *, #376, .T. ) ;
#447 = ORIENTED_EDGE ( 'NONE', *, *, #1272, .T. ) ;
#448 = EDGE_LOOP ( 'NONE', ( #836, #253, #464, #329 ) ) ;
#449 = AXIS2_PLACEMENT_3D ( 'NONE', #1608, #1199, #557 ) ;
#450 = ORIENTED_EDGE ( 'NONE', *, *, #800, .T. ) ;
#451 = DIRECTION ( 'NONE',  ( 1.000000000000000000, 6.123233995736766000E-017, 0.0000000000000000000 ) ) ;
#452 = CARTESIAN_POINT ( 'NONE',  ( 1.139999999999999900, -1.479617082450806100E-016, 0.7500000000000000000 ) ) ;
#453 = EDGE_CURVE ( 'NONE', #1201, #1597, #1153, .T. ) ;
#454 = PLANE ( 'NONE',  #1581 ) ;
#455 = AXIS2_PLACEMENT_3D ( 'NONE', #242, #1543, #1001 ) ;
#456 = VECTOR ( 'NONE', #1276, 1000.000000000000000 ) ;
#457 = CARTESIAN_POINT ( 'NONE',  ( 1.450000000000000000, 0.09999999999999999200, 0.7500000000000000000 ) ) ;
#458 = DIRECTION ( 'NONE',  ( 2.891205793294678800E-016, -1.000000000000000000, 0.0000000000000000000 ) ) ;
#459 = LINE ( 'NONE', #227, #828 ) ;
#460 = CARTESIAN_POINT ( 'NONE',  ( -1.260000000000000000, 0.4292121597166126400, 1.060000000000000100 ) ) ;
#461 = CIRCLE ( 'NONE', #1565, 0.2500000000000000000 ) ;
#462 = EDGE_LOOP ( 'NONE', ( #1481, #1007, #291, #485 ) ) ;
#463 = EDGE_CURVE ( 'NONE', #848, #255, #328, .T. ) ;
#464 = ORIENTED_EDGE ( 'NONE', *, *, #1249, .F. ) ;
#465 = EDGE_LOOP ( 'NONE', ( #530, #554, #214, #1455, #812, #1595, #1676, #391, #532, #1265, #1603 ) ) ;
#466 = CARTESIAN_POINT ( 'NONE',  ( 1.599999999999999900, 0.0000000000000000000, 0.7500000000000000000 ) ) ;
#467 = EDGE_LOOP ( 'NONE', ( #1575, #189, #910, #679, #233, #210, #574, #1564, #1601, #168, #872 ) ) ;
#468 = AXIS2_PLACEMENT_3D ( 'NONE', #1167, #1035, #273 ) ;
#469 = CARTESIAN_POINT ( 'NONE',  ( -0.7500000000000000000, 0.1000000000000000600, -0.7500000000000000000 ) ) ;
#470 = ORIENTED_EDGE ( 'NONE', *, *, #896, .T. ) ;
#471 = EDGE_LOOP ( 'NONE', ( #579, #511, #611, #698 ) ) ;
#472 = CARTESIAN_POINT ( 'NONE',  ( -1.499999999999999800, 0.1000000000000000600, -0.7500000000000000000 ) ) ;
#473 = CARTESIAN_POINT ( 'NONE',  ( -1.450000000000000000, -4.172529209005014100, 0.9600000000000000800 ) ) ;
#474 = PLANE ( 'NONE',  #31 ) ;
#475 = CARTESIAN_POINT ( 'NONE',  ( 1.499999999999999800, 0.1000000000000000600, 0.7500000000000000000 ) ) ;
#476 = EDGE_CURVE ( 'NONE', #309, #871, #43, .T. ) ;
#477 = LINE ( 'NONE', #1127, #1037 ) ;
#478 = CARTESIAN_POINT ( 'NONE',  ( -1.500000000000000000, 0.8499999999999999800, 0.7500000000000000000 ) ) ;
#479 = VECTOR ( 'NONE', #569, 1000.000000000000000 ) ;
#480 = LINE ( 'NONE', #1178, #1423 ) ;
#481 = PLANE ( 'NONE',  #377 ) ;
#482 = ADVANCED_FACE ( 'NONE', ( #847 ), #583, .F. ) ;
#483 = FACE_OUTER_BOUND ( 'NONE', #256, .T. ) ;
#484 = CARTESIAN_POINT ( 'NONE',  ( 1.450000000000000400, -4.172529209005014100, 0.9599999999999997400 ) ) ;
#485 = ORIENTED_EDGE ( 'NONE', *, *, #588, .F. ) ;
#486 = ORIENTED_EDGE ( 'NONE', *, *, #151, .F. ) ;
#487 = EDGE_CURVE ( 'NONE', #514, #357, #804, .T. ) ;
#488 = VERTEX_POINT ( 'NONE', #989 ) ;
#489 = CARTESIAN_POINT ( 'NONE',  ( -1.139999999999999900, 0.1000000000000000600, 0.7500000000000000000 ) ) ;
#490 = AXIS2_PLACEMENT_3D ( 'NONE', #1136, #372, #1408 ) ;
#491 = ADVANCED_FACE ( 'NONE', ( #1472 ), #1655, .F. ) ;
#492 = PLANE ( 'NONE',  #515 ) ;
#493 = CARTESIAN_POINT ( 'NONE',  ( -1.499999999999999800, 0.1000000000000000600, 0.7500000000000000000 ) ) ;
#494 = DIRECTION ( 'NONE',  ( -1.000000000000000000, 6.123233995736764800E-017, 0.0000000000000000000 ) ) ;
#495 = EDGE_CURVE ( 'NONE', #1507, #1117, #1572, .T. ) ;
#496 = PRODUCT ( 'SPM3020T-1R0M', 'SPM3020T-1R0M', '', ( #82 ) ) ;
#497 = SPHERICAL_SURFACE ( 'NONE', #429, 0.2500000000000000600 ) ;
#498 = CARTESIAN_POINT ( 'NONE',  ( -0.7500000000000000000, 5.204748896376248200E-017, 0.7500000000000000000 ) ) ;
#499 = AXIS2_PLACEMENT_3D ( 'NONE', #1583, #534, #144 ) ;
#500 = VECTOR ( 'NONE', #1582, 1000.000000000000000 ) ;
#501 = CARTESIAN_POINT ( 'NONE',  ( -1.259999999999999800, 0.1000000000000000500, 0.9600000000000000800 ) ) ;
#502 = VECTOR ( 'NONE', #821, 1000.000000000000000 ) ;
#503 = VECTOR ( 'NONE', #54, 1000.000000000000000 ) ;
#504 = EDGE_LOOP ( 'NONE', ( #794, #1135, #1280, #1115, #1116, #1348, #1075, #394 ) ) ;
#505 = FACE_OUTER_BOUND ( 'NONE', #1179, .T. ) ;
#506 = ORIENTED_EDGE ( 'NONE', *, *, #1351, .F. ) ;
#507 = ORIENTED_EDGE ( 'NONE', *, *, #621, .F. ) ;
#508 = CARTESIAN_POINT ( 'NONE',  ( 0.0000000000000000000, 0.0000000000000000000, 0.7500000000000000000 ) ) ;
#509 = CARTESIAN_POINT ( 'NONE',  ( 1.599999999999999900, 0.0000000000000000000, -0.7500000000000000000 ) ) ;
#510 = EDGE_LOOP ( 'NONE', ( #1675, #1386, #450, #765, #190, #445 ) ) ;
#511 = ORIENTED_EDGE ( 'NONE', *, *, #443, .F. ) ;
#512 = EDGE_CURVE ( 'NONE', #1005, #25, #459, .T. ) ;
#513 = DIRECTION ( 'NONE',  ( -1.000000000000000000, 0.0000000000000000000, 0.0000000000000000000 ) ) ;
#514 = VERTEX_POINT ( 'NONE', #475 ) ;
#515 = AXIS2_PLACEMENT_3D ( 'NONE', #117, #1266, #379 ) ;
#516 = DIRECTION ( 'NONE',  ( -1.000000000000000000, 0.0000000000000000000, 0.0000000000000000000 ) ) ;
#517 = CARTESIAN_POINT ( 'NONE',  ( 1.499999999999999800, 0.1000000000000000600, 0.7500000000000000000 ) ) ;
#518 = CARTESIAN_POINT ( 'NONE',  ( 1.239999999999999800, 0.1000000000000000500, -0.7500000000000000000 ) ) ;
#519 = CARTESIAN_POINT ( 'NONE',  ( 1.450000000000000200, -4.172529209005014100, -1.500000000000000400 ) ) ;
#520 = VECTOR ( 'NONE', #911, 1000.000000000000000 ) ;
#521 = EDGE_CURVE ( 'NONE', #871, #1226, #1614, .T. ) ;
#522 = LINE ( 'NONE', #457, #146 ) ;
#523 = CARTESIAN_POINT ( 'NONE',  ( 1.064306590577404700, 2.000000000000000000, 0.9599999999999998500 ) ) ;
#524 = VECTOR ( 'NONE', #585, 1000.000000000000000 ) ;
#525 = DIRECTION ( 'NONE',  ( 0.0000000000000000000, 0.0000000000000000000, -1.000000000000000000 ) ) ;
#526 = CARTESIAN_POINT ( 'NONE',  ( -1.599999999999999900, 0.0000000000000000000, 0.7500000000000000000 ) ) ;
#527 = LINE ( 'NONE', #643, #905 ) ;
#528 = AXIS2_PLACEMENT_3D ( 'NONE', #922, #50, #680 ) ;
#529 = VERTEX_POINT ( 'NONE', #907 ) ;
#530 = ORIENTED_EDGE ( 'NONE', *, *, #203, .F. ) ;
#531 = EDGE_LOOP ( 'NONE', ( #735, #1160, #1236, #1098 ) ) ;
#532 = ORIENTED_EDGE ( 'NONE', *, *, #717, .F. ) ;
#533 = DIRECTION ( 'NONE',  ( -6.123233995736764800E-017, -1.000000000000000000, 0.0000000000000000000 ) ) ;
#534 = DIRECTION ( 'NONE',  ( -2.710505431213761100E-016, -1.000000000000000000, -1.084202172485505200E-015 ) ) ;
#535 = EDGE_CURVE ( 'NONE', #91, #971, #1425, .T. ) ;
#536 = ORIENTED_EDGE ( 'NONE', *, *, #559, .T. ) ;
#537 = EDGE_CURVE ( 'NONE', #614, #1300, #607, .T. ) ;
#538 = DIRECTION ( 'NONE',  ( 0.0000000000000000000, -0.0000000000000000000, -1.000000000000000000 ) ) ;
#539 = AXIS2_PLACEMENT_3D ( 'NONE', #1466, #1052, #174 ) ;
#540 = CARTESIAN_POINT ( 'NONE',  ( 1.259999999999999800, 0.09999999999999999200, 0.7500000000000000000 ) ) ;
#541 = FILL_AREA_STYLE_COLOUR ( '', #1588 ) ;
#542 = VECTOR ( 'NONE', #1346, 1000.000000000000000 ) ;
#543 = FILL_AREA_STYLE_COLOUR ( '', #1257 ) ;
#544 = CARTESIAN_POINT ( 'NONE',  ( -1.064306590577404300, 2.000000000000000000, 0.9600000000000000800 ) ) ;
#545 = VECTOR ( 'NONE', #516, 1000.000000000000000 ) ;
#546 = EDGE_CURVE ( 'NONE', #971, #653, #1653, .T. ) ;
#547 = VECTOR ( 'NONE', #1363, 1000.000000000000000 ) ;
#548 = CARTESIAN_POINT ( 'NONE',  ( 1.450000000000000000, 0.09999999999999999200, 1.060000000000000100 ) ) ;
#549 = AXIS2_PLACEMENT_3D ( 'NONE', #840, #965, #830 ) ;
#550 = ORIENTED_EDGE ( 'NONE', *, *, #396, .F. ) ;
#551 = VECTOR ( 'NONE', #1322, 1000.000000000000000 ) ;
#552 = DIRECTION ( 'NONE',  ( 0.0000000000000000000, 0.0000000000000000000, 1.000000000000000000 ) ) ;
#553 = DIRECTION ( 'NONE',  ( 1.000000000000000000, 2.710505431213761100E-016, -0.0000000000000000000 ) ) ;
#554 = ORIENTED_EDGE ( 'NONE', *, *, #1539, .F. ) ;
#555 = ORIENTED_EDGE ( 'NONE', *, *, #739, .T. ) ;
#556 = VERTEX_POINT ( 'NONE', #1044 ) ;
#557 = DIRECTION ( 'NONE',  ( 1.000000000000000000, -6.123233995736764800E-017, 0.0000000000000000000 ) ) ;
#558 = ORIENTED_EDGE ( 'NONE', *, *, #975, .F. ) ;
#559 = EDGE_CURVE ( 'NONE', #691, #833, #1190, .T. ) ;
#560 = AXIS2_PLACEMENT_3D ( 'NONE', #841, #1234, #591 ) ;
#561 = DIRECTION ( 'NONE',  ( -1.000000000000000000, -0.0000000000000000000, -0.0000000000000000000 ) ) ;
#562 = MECHANICAL_DESIGN_GEOMETRIC_PRESENTATION_REPRESENTATION (  '', ( #417 ), #902 ) ;
#563 = DIRECTION ( 'NONE',  ( -1.000000000000000000, 0.0000000000000000000, 8.814651808825239200E-017 ) ) ;
#564 = DIRECTION ( 'NONE',  ( -0.7372773368101229700, 0.0000000000000000000, -0.6755902076156613500 ) ) ;
#565 = FACE_OUTER_BOUND ( 'NONE', #1342, .T. ) ;
#566 = CARTESIAN_POINT ( 'NONE',  ( -0.4749999999999996400, 0.1000000000000002600, 1.500000000000000000 ) ) ;
#567 = SPHERICAL_SURFACE ( 'NONE', #1635, 0.2500000000000000600 ) ;
#568 = VECTOR ( 'NONE', #843, 1000.000000000000000 ) ;
#569 = DIRECTION ( 'NONE',  ( 1.000000000000000000, 6.123233995736764800E-017, -0.0000000000000000000 ) ) ;
#570 = DIRECTION ( 'NONE',  ( -1.000000000000000000, 0.0000000000000000000, -0.0000000000000000000 ) ) ;
#571 = EDGE_CURVE ( 'NONE', #290, #970, #1174, .T. ) ;
#572 = ORIENTED_EDGE ( 'NONE', *, *, #1511, .F. ) ;
#573 = VERTEX_POINT ( 'NONE', #578 ) ;
#574 = ORIENTED_EDGE ( 'NONE', *, *, #580, .F. ) ;
#575 = PLANE ( 'NONE',  #1548 ) ;
#576 = DIRECTION ( 'NONE',  ( -0.0000000000000000000, -0.0000000000000000000, -1.000000000000000000 ) ) ;
#577 = ORIENTED_EDGE ( 'NONE', *, *, #1013, .F. ) ;
#578 = CARTESIAN_POINT ( 'NONE',  ( -1.200000000000000400, 0.6200000000000013300, 1.460000000000000900 ) ) ;
#579 = ORIENTED_EDGE ( 'NONE', *, *, #739, .F. ) ;
#580 = EDGE_CURVE ( 'NONE', #237, #354, #347, .T. ) ;
#581 = AXIS2_PLACEMENT_3D ( 'NONE', #180, #308, #570 ) ;
#582 = DIRECTION ( 'NONE',  ( 8.814651808825239200E-017, 0.0000000000000000000, 1.000000000000000000 ) ) ;
#583 = PLANE ( 'NONE',  #560 ) ;
#584 = CIRCLE ( 'NONE', #1085, 0.1000000000000000500 ) ;
#585 = DIRECTION ( 'NONE',  ( -1.000000000000000000, 0.0000000000000000000, 0.0000000000000000000 ) ) ;
#586 = CIRCLE ( 'NONE', #954, 0.2500000000000000000 ) ;
#587 = VECTOR ( 'NONE', #95, 1000.000000000000000 ) ;
#588 = EDGE_CURVE ( 'NONE', #138, #848, #687, .T. ) ;
#589 = COLOUR_RGB ( '',1.000000000000000000, 0.5019607843137254800, 0.5019607843137254800 ) ;
#590 = DIRECTION ( 'NONE',  ( -8.814651808825238000E-017, -0.0000000000000000000, -1.000000000000000000 ) ) ;
#591 = DIRECTION ( 'NONE',  ( -1.000000000000000000, 0.0000000000000000000, 0.0000000000000000000 ) ) ;
#592 = VERTEX_POINT ( 'NONE', #1624 ) ;
#593 = LINE ( 'NONE', #268, #110 ) ;
#594 = EDGE_CURVE ( 'NONE', #1410, #138, #1061, .T. ) ;
#595 = ORIENTED_EDGE ( 'NONE', *, *, #86, .T. ) ;
#596 = ORIENTED_EDGE ( 'NONE', *, *, #766, .F. ) ;
#597 = ORIENTED_EDGE ( 'NONE', *, *, #884, .T. ) ;
#598 = PRESENTATION_LAYER_ASSIGNMENT (  '', '', ( #417 ) ) ;
#599 = ORIENTED_EDGE ( 'NONE', *, *, #191, .F. ) ;
#600 = CARTESIAN_POINT ( 'NONE',  ( -1.260000000000000200, 0.6200000000000001100, 1.060000000000000100 ) ) ;
#601 = DIRECTION ( 'NONE',  ( -0.0000000000000000000, -0.0000000000000000000, 1.000000000000000000 ) ) ;
#602 = CARTESIAN_POINT ( 'NONE',  ( -1.200000000000000400, 0.6200000000000013300, 1.210000000000000900 ) ) ;
#603 = EDGE_CURVE ( 'NONE', #1679, #1507, #185, .T. ) ;
#604 = LINE ( 'NONE', #452, #104 ) ;
#605 = LINE ( 'NONE', #692, #1514 ) ;
#606 = DIRECTION ( 'NONE',  ( 1.000000000000000000, 0.0000000000000000000, 0.0000000000000000000 ) ) ;
#607 = LINE ( 'NONE', #1316, #305 ) ;
#608 = CARTESIAN_POINT ( 'NONE',  ( -0.9399999999999999500, -5.755839955992559700E-017, 0.7500000000000000000 ) ) ;
#609 = LINE ( 'NONE', #1309, #444 ) ;
#610 = EDGE_CURVE ( 'NONE', #592, #970, #284, .T. ) ;
#611 = ORIENTED_EDGE ( 'NONE', *, *, #1508, .T. ) ;
#612 = ORIENTED_EDGE ( 'NONE', *, *, #580, .T. ) ;
#613 = DIRECTION ( 'NONE',  ( 2.891205793294678800E-016, 1.000000000000000000, 0.0000000000000000000 ) ) ;
#614 = VERTEX_POINT ( 'NONE', #718 ) ;
#615 = STYLED_ITEM ( 'NONE', ( #904 ), #656 ) ;
#616 = CARTESIAN_POINT ( 'NONE',  ( -1.139999999999999900, 0.6200000000000001100, 0.9673067780097689400 ) ) ;
#617 = VERTEX_POINT ( 'NONE', #1512 ) ;
#618 = ORIENTED_EDGE ( 'NONE', *, *, #884, .F. ) ;
#619 = DIRECTION ( 'NONE',  ( -0.0000000000000000000, -0.0000000000000000000, -1.000000000000000000 ) ) ;
#620 = DIRECTION ( 'NONE',  ( 1.000000000000000000, 0.0000000000000000000, -2.811046665559090400E-016 ) ) ;
#621 = EDGE_CURVE ( 'NONE', #672, #1638, #1632, .T. ) ;
#622 = DIRECTION ( 'NONE',  ( 1.000000000000000000, -0.0000000000000000000, -0.0000000000000000000 ) ) ;
#623 = EDGE_CURVE ( 'NONE', #733, #116, #1278, .T. ) ;
#624 = ADVANCED_FACE ( 'NONE', ( #759 ), #1633, .F. ) ;
#625 = VECTOR ( 'NONE', #988, 1000.000000000000000 ) ;
#626 = LINE ( 'NONE', #798, #1171 ) ;
#627 = PRODUCT_DEFINITION_FORMATION_WITH_SPECIFIED_SOURCE ( 'ANY', '', #496, .NOT_KNOWN. ) ;
#628 = LINE ( 'NONE', #1419, #705 ) ;
#629 = DIRECTION ( 'NONE',  ( 0.0000000000000000000, 1.000000000000000000, 0.0000000000000000000 ) ) ;
#630 = LINE ( 'NONE', #1625, #23 ) ;
#631 = DIRECTION ( 'NONE',  ( 6.123233995736764800E-017, 1.000000000000000000, -0.0000000000000000000 ) ) ;
#632 = EDGE_LOOP ( 'NONE', ( #906, #991, #1227, #1480 ) ) ;
#633 = CARTESIAN_POINT ( 'NONE',  ( 1.450000000000000200, 0.1000000000000002600, -1.500000000000000400 ) ) ;
#634 = ORIENTED_EDGE ( 'NONE', *, *, #926, .T. ) ;
#635 = ORIENTED_EDGE ( 'NONE', *, *, #1095, .F. ) ;
#636 = VERTEX_POINT ( 'NONE', #1651 ) ;
#637 = EDGE_CURVE ( 'NONE', #375, #430, #963, .T. ) ;
#638 = ORIENTED_EDGE ( 'NONE', *, *, #975, .T. ) ;
#639 = DIRECTION ( 'NONE',  ( -1.000000000000000000, 6.123233995736764800E-017, 0.0000000000000000000 ) ) ;
#640 = PLANE ( 'NONE',  #240 ) ;
#641 = DIRECTION ( 'NONE',  ( -1.495451272393799000E-016, 0.0000000000000000000, -1.000000000000000000 ) ) ;
#642 = DIRECTION ( 'NONE',  ( 0.0000000000000000000, -1.000000000000000000, -0.0000000000000000000 ) ) ;
#643 = CARTESIAN_POINT ( 'NONE',  ( 0.7500000000000000000, 5.204748896376248200E-017, 0.7500000000000000000 ) ) ;
#644 = LINE ( 'NONE', #1456, #683 ) ;
#645 = DIRECTION ( 'NONE',  ( 1.485858632066407900E-016, 1.000000000000000000, 0.0000000000000000000 ) ) ;
#646 = AXIS2_PLACEMENT_3D ( 'NONE', #1019, #398, #380 ) ;
#647 = VECTOR ( 'NONE', #1442, 1000.000000000000000 ) ;
#648 = CARTESIAN_POINT ( 'NONE',  ( -1.339999999999999600, 0.1000000000000000500, -0.7500000000000000000 ) ) ;
#649 = CARTESIAN_POINT ( 'NONE',  ( -1.339999999999999900, 2.000000000000000000, -0.7500000000000000000 ) ) ;
#650 = PRODUCT_DEFINITION ( 'UNKNOWN', '', #627, #775 ) ;
#651 = LINE ( 'NONE', #1530, #1152 ) ;
#652 = DIRECTION ( 'NONE',  ( 0.0000000000000000000, 1.000000000000000000, 0.0000000000000000000 ) ) ;
#653 = VERTEX_POINT ( 'NONE', #460 ) ;
#654 = DIRECTION ( 'NONE',  ( 8.814651808825238000E-017, -0.0000000000000000000, 1.000000000000000000 ) ) ;
#655 = ORIENTED_EDGE ( 'NONE', *, *, #571, .T. ) ;
#656 = MANIFOLD_SOLID_BREP ( 'Mirror1[2]', #52 ) ;
#657 = EDGE_LOOP ( 'NONE', ( #1502, #1282, #1542, #1008 ) ) ;
#658 = EDGE_CURVE ( 'NONE', #1638, #892, #1557, .T. ) ;
#659 = EDGE_LOOP ( 'NONE', ( #113, #1049, #674, #596 ) ) ;
#660 = AXIS2_PLACEMENT_3D ( 'NONE', #260, #1436, #538 ) ;
#661 = DIRECTION ( 'NONE',  ( 6.123233995736764800E-017, -1.000000000000000000, -0.0000000000000000000 ) ) ;
#662 = DIRECTION ( 'NONE',  ( 0.0000000000000000000, 0.0000000000000000000, 1.000000000000000000 ) ) ;
#663 = CARTESIAN_POINT ( 'NONE',  ( 0.7500000000000000000, 0.1000000000000000600, 0.7500000000000000000 ) ) ;
#664 = CARTESIAN_POINT ( 'NONE',  ( -1.450000000000000000, 0.09999999999999999200, 0.7500000000000000000 ) ) ;
#665 = FACE_OUTER_BOUND ( 'NONE', #315, .T. ) ;
#666 = LINE ( 'NONE', #1487, #64 ) ;
#667 = AXIS2_PLACEMENT_3D ( 'NONE', #484, #1402, #620 ) ;
#668 = VECTOR ( 'NONE', #1498, 1000.000000000000000 ) ;
#669 = DIRECTION ( 'NONE',  ( 0.0000000000000000000, -0.0000000000000000000, -1.000000000000000000 ) ) ;
#670 = VERTEX_POINT ( 'NONE', #976 ) ;
#671 = VERTEX_POINT ( 'NONE', #70 ) ;
#672 = VERTEX_POINT ( 'NONE', #469 ) ;
#673 = CARTESIAN_POINT ( 'NONE',  ( -1.259999999999999800, 0.1000000000000000500, 0.9600000000000000800 ) ) ;
#674 = ORIENTED_EDGE ( 'NONE', *, *, #181, .F. ) ;
#675 = ORIENTED_EDGE ( 'NONE', *, *, #940, .T. ) ;
#676 = SURFACE_SIDE_STYLE ('',( #864 ) ) ;
#677 = PLANE ( 'NONE',  #196 ) ;
#678 = EDGE_CURVE ( 'NONE', #636, #1528, #943, .T. ) ;
#679 = ORIENTED_EDGE ( 'NONE', *, *, #826, .T. ) ;
#680 = DIRECTION ( 'NONE',  ( 1.000000000000000000, 0.0000000000000000000, 0.0000000000000000000 ) ) ;
#681 = SURFACE_STYLE_USAGE ( .BOTH. , #676 ) ;
#682 = CARTESIAN_POINT ( 'NONE',  ( 1.600000000000000300, 0.8499999999999999800, 0.7500000000000000000 ) ) ;
#683 = VECTOR ( 'NONE', #19, 1000.000000000000000 ) ;
#684 =( LENGTH_UNIT ( ) NAMED_UNIT ( * ) SI_UNIT ( .MILLI., .METRE. ) );
#685 = LINE ( 'NONE', #478, #127 ) ;
#686 = EDGE_CURVE ( 'NONE', #1618, #1410, #1518, .T. ) ;
#687 = LINE ( 'NONE', #1222, #1021 ) ;
#688 = PRESENTATION_STYLE_ASSIGNMENT (( #1202 ) ) ;
#689 = CARTESIAN_POINT ( 'NONE',  ( -0.7500000000000000000, 0.1000000000000000600, -0.7500000000000000000 ) ) ;
#690 = AXIS2_PLACEMENT_3D ( 'NONE', #1648, #982, #222 ) ;
#691 = VERTEX_POINT ( 'NONE', #1367 ) ;
#692 = CARTESIAN_POINT ( 'NONE',  ( 1.139999999999999900, 0.09999999999999988100, 0.7500000000000000000 ) ) ;
#693 = PLANE ( 'NONE',  #581 ) ;
#694 = ORIENTED_EDGE ( 'NONE', *, *, #151, .T. ) ;
#695 = EDGE_LOOP ( 'NONE', ( #927, #370, #635, #412, #1159 ) ) ;
#696 = ORIENTED_EDGE ( 'NONE', *, *, #876, .T. ) ;
#697 = CARTESIAN_POINT ( 'NONE',  ( -1.064306590577404300, 0.1000000000000002600, 0.9600000000000000800 ) ) ;
#698 = ORIENTED_EDGE ( 'NONE', *, *, #191, .T. ) ;
#699 = EDGE_CURVE ( 'NONE', #1340, #1679, #651, .T. ) ;
#700 = DIRECTION ( 'NONE',  ( -1.000000000000000000, 0.0000000000000000000, 0.0000000000000000000 ) ) ;
#701 = VECTOR ( 'NONE', #239, 1000.000000000000000 ) ;
#702 = UNCERTAINTY_MEASURE_WITH_UNIT (LENGTH_MEASURE( 1.000000000000000100E-005 ), #1059, 'distance_accuracy_value', 'NONE');
#703 = SPHERICAL_SURFACE ( 'NONE', #1394, 0.2500000000000000600 ) ;
#704 = EDGE_CURVE ( 'NONE', #357, #289, #385, .T. ) ;
#705 = VECTOR ( 'NONE', #1439, 1000.000000000000000 ) ;
#706 = EDGE_CURVE ( 'NONE', #357, #1684, #1216, .T. ) ;
#707 = CIRCLE ( 'NONE', #1224, 0.2426932219902319700 ) ;
#708 = EDGE_LOOP ( 'NONE', ( #696, #1409, #177, #1064, #947 ) ) ;
#709 = ORIENTED_EDGE ( 'NONE', *, *, #476, .T. ) ;
#710 = ORIENTED_EDGE ( 'NONE', *, *, #1183, .F. ) ;
#711 = CARTESIAN_POINT ( 'NONE',  ( 1.200000000000000400, 0.6200000000000000000, 1.210000000000000900 ) ) ;
#712 = CARTESIAN_POINT ( 'NONE',  ( -1.599999999999999900, 0.0000000000000000000, 0.7500000000000000000 ) ) ;
#713 = EDGE_LOOP ( 'NONE', ( #1200, #1303, #1285, #1279 ) ) ;
#714 = DIRECTION ( 'NONE',  ( 0.0000000000000000000, 1.084202172485505200E-015, -1.000000000000000000 ) ) ;
#715 = ORIENTED_EDGE ( 'NONE', *, *, #5, .F. ) ;
#716 = DIRECTION ( 'NONE',  ( 0.0000000000000000000, 0.0000000000000000000, 1.000000000000000000 ) ) ;
#717 = EDGE_CURVE ( 'NONE', #730, #833, #1516, .T. ) ;
#718 = CARTESIAN_POINT ( 'NONE',  ( 1.259999999999999800, 0.1000000000000000100, 1.060000000000000100 ) ) ;
#719 = AXIS2_PLACEMENT_3D ( 'NONE', #1087, #1212, #1629 ) ;
#720 = VECTOR ( 'NONE', #167, 1000.000000000000000 ) ;
#721 = DIRECTION ( 'NONE',  ( -4.170008355713477200E-016, -1.000000000000000000, 0.0000000000000000000 ) ) ;
#722 = ADVANCED_FACE ( 'NONE', ( #880 ), #454, .T. ) ;
#723 = SPHERICAL_SURFACE ( 'NONE', #455, 0.2500000000000000600 ) ;
#724 = DIRECTION ( 'NONE',  ( 0.0000000000000000000, -0.0000000000000000000, -1.000000000000000000 ) ) ;
#725 = LINE ( 'NONE', #740, #84 ) ;
#726 = VECTOR ( 'NONE', #103, 1000.000000000000000 ) ;
#727 = EDGE_CURVE ( 'NONE', #855, #1201, #107, .T. ) ;
#728 = LINE ( 'NONE', #1630, #1002 ) ;
#729 = CARTESIAN_POINT ( 'NONE',  ( 1.064306590577404700, -4.172529209005014100, 0.9599999999999998500 ) ) ;
#730 = VERTEX_POINT ( 'NONE', #1546 ) ;
#731 = CARTESIAN_POINT ( 'NONE',  ( 1.499999999999999800, 0.1000000000000000600, 0.7500000000000000000 ) ) ;
#732 = CLOSED_SHELL ( 'NONE', ( #346, #939, #1450, #1302, #1532, #418, #1253, #204, #295, #1310, #359, #482, #1209, #215, #223, #338, #1128, #888, #1484, #491 ) ) ;
#733 = VERTEX_POINT ( 'NONE', #616 ) ;
#734 = EDGE_LOOP ( 'NONE', ( #746, #446, #1641, #232 ) ) ;
#735 = ORIENTED_EDGE ( 'NONE', *, *, #699, .F. ) ;
#736 = CARTESIAN_POINT ( 'NONE',  ( -1.200000000000000400, 0.6200000000000000000, 1.210000000000000900 ) ) ;
#737 = DIRECTION ( 'NONE',  ( -1.000000000000000000, 0.0000000000000000000, -0.0000000000000000000 ) ) ;
#738 = CARTESIAN_POINT ( 'NONE',  ( -1.260000000000000200, 0.6200000000000002200, 0.9600000000000000800 ) ) ;
#739 = EDGE_CURVE ( 'NONE', #354, #1194, #1018, .T. ) ;
#740 = CARTESIAN_POINT ( 'NONE',  ( 1.139999999999999900, 0.1000000000000000700, 0.9600000000000000800 ) ) ;
#741 = LINE ( 'NONE', #875, #1467 ) ;
#742 = VECTOR ( 'NONE', #958, 1000.000000000000000 ) ;
#743 = DIRECTION ( 'NONE',  ( -1.000000000000000000, 6.123233995736766000E-017, 0.0000000000000000000 ) ) ;
#744 = SURFACE_STYLE_FILL_AREA ( #62 ) ;
#745 = EDGE_CURVE ( 'NONE', #1597, #49, #725, .T. ) ;
#746 = ORIENTED_EDGE ( 'NONE', *, *, #158, .F. ) ;
#747 = EDGE_LOOP ( 'NONE', ( #1264, #1643, #28, #1244, #852, #112, #1076 ) ) ;
#748 = CARTESIAN_POINT ( 'NONE',  ( -1.240000000000000000, 2.000000000000000000, -0.7500000000000000000 ) ) ;
#749 = EDGE_LOOP ( 'NONE', ( #118, #1319, #618, #428, #870, #216 ) ) ;
#750 = EDGE_LOOP ( 'NONE', ( #1411, #96, #1527 ) ) ;
#751 = CARTESIAN_POINT ( 'NONE',  ( -1.139999999999999900, -1.479617082450806100E-016, 0.7500000000000000000 ) ) ;
#752 = DIRECTION ( 'NONE',  ( -0.6755902076156613500, 0.0000000000000000000, 0.7372773368101229700 ) ) ;
#753 = CARTESIAN_POINT ( 'NONE',  ( -1.139999999999999900, -5.816425772392823100E-016, 1.060000000000000100 ) ) ;
#754 = EDGE_CURVE ( 'NONE', #1350, #135, #246, .T. ) ;
#755 = DIRECTION ( 'NONE',  ( -0.0000000000000000000, -1.000000000000000000, -0.0000000000000000000 ) ) ;
#756 = AXIS2_PLACEMENT_3D ( 'NONE', #293, #1192, #1443 ) ;
#757 = VECTOR ( 'NONE', #639, 1000.000000000000000 ) ;
#758 = FACE_OUTER_BOUND ( 'NONE', #1110, .T. ) ;
#759 = FACE_OUTER_BOUND ( 'NONE', #713, .T. ) ;
#760 = LINE ( 'NONE', #219, #166 ) ;
#761 = DIRECTION ( 'NONE',  ( 1.000000000000000000, 0.0000000000000000000, 0.0000000000000000000 ) ) ;
#762 = VERTEX_POINT ( 'NONE', #1143 ) ;
#763 = LINE ( 'NONE', #649, #946 ) ;
#764 = EDGE_LOOP ( 'NONE', ( #1560, #1137, #1430, #371 ) ) ;
#765 = ORIENTED_EDGE ( 'NONE', *, *, #1604, .T. ) ;
#766 = EDGE_CURVE ( 'NONE', #1618, #408, #1040, .T. ) ;
#767 = VERTEX_POINT ( 'NONE', #1012 ) ;
#768 = DIRECTION ( 'NONE',  ( -0.0000000000000000000, 0.0000000000000000000, -1.000000000000000000 ) ) ;
#769 = EDGE_LOOP ( 'NONE', ( #1262, #612, #555, #313 ) ) ;
#770 = AXIS2_PLACEMENT_3D ( 'NONE', #201, #1093, #325 ) ;
#771 = DIRECTION ( 'NONE',  ( 0.0000000000000000000, 0.0000000000000000000, -1.000000000000000000 ) ) ;
#772 = CARTESIAN_POINT ( 'NONE',  ( 1.259999999999999800, -3.252606517456513300E-017, 0.0000000000000000000 ) ) ;
#773 = ORIENTED_EDGE ( 'NONE', *, *, #1126, .F. ) ;
#774 = UNCERTAINTY_MEASURE_WITH_UNIT (LENGTH_MEASURE( 1.000000000000000100E-005 ), #1599, 'distance_accuracy_value', 'NONE');
#775 = PRODUCT_DEFINITION_CONTEXT ( 'detailed design', #1360, 'design' ) ;
#776 = PLANE ( 'NONE',  #143 ) ;
#777 = DIRECTION ( 'NONE',  ( -6.123233995736764800E-017, -1.000000000000000000, 0.0000000000000000000 ) ) ;
#778 = ADVANCED_FACE ( 'NONE', ( #758 ), #344, .T. ) ;
#779 = SHAPE_DEFINITION_REPRESENTATION ( #961, #829 ) ;
#780 = CARTESIAN_POINT ( 'NONE',  ( -0.9400000000000000600, 2.000000000000000000, 0.7500000000000000000 ) ) ;
#781 = LINE ( 'NONE', #751, #1211 ) ;
#782 = LINE ( 'NONE', #413, #1149 ) ;
#783 = CARTESIAN_POINT ( 'NONE',  ( 0.7500000000000000000, 0.1000000000000000600, -0.7500000000000000000 ) ) ;
#784 = CARTESIAN_POINT ( 'NONE',  ( 1.139999999999999900, -6.980486755139911400E-017, -0.7500000000000000000 ) ) ;
#785 = LINE ( 'NONE', #783, #164 ) ;
#786 = VECTOR ( 'NONE', #1459, 999.9999999999998900 ) ;
#787 = VERTEX_POINT ( 'NONE', #1658 ) ;
#788 = ORIENTED_EDGE ( 'NONE', *, *, #1081, .F. ) ;
#789 = PLANE ( 'NONE',  #322 ) ;
#790 = EDGE_LOOP ( 'NONE', ( #1503, #1009, #1326, #217, #411, #1325 ) ) ;
#791 = ORIENTED_EDGE ( 'NONE', *, *, #535, .T. ) ;
#792 = EDGE_CURVE ( 'NONE', #1410, #255, #1449, .T. ) ;
#793 = DIRECTION ( 'NONE',  ( -3.497426362856462200E-016, 1.000000000000000000, 0.0000000000000000000 ) ) ;
#794 = ORIENTED_EDGE ( 'NONE', *, *, #463, .T. ) ;
#795 =( NAMED_UNIT ( * ) SI_UNIT ( $, .STERADIAN. ) SOLID_ANGLE_UNIT ( ) );
#796 = DIRECTION ( 'NONE',  ( 0.0000000000000000000, 0.0000000000000000000, 1.000000000000000000 ) ) ;
#797 = ADVANCED_FACE ( 'NONE', ( #999 ), #1673, .F. ) ;
#798 = CARTESIAN_POINT ( 'NONE',  ( 0.7500000000000000000, 0.1000000000000000600, -0.7500000000000000000 ) ) ;
#799 = PLANE ( 'NONE',  #756 ) ;
#800 = EDGE_CURVE ( 'NONE', #430, #1562, #1233, .T. ) ;
#801 = FACE_OUTER_BOUND ( 'NONE', #462, .T. ) ;
#802 = CIRCLE ( 'NONE', #1669, 0.1000000000000000500 ) ;
#803 = AXIS2_PLACEMENT_3D ( 'NONE', #736, #1259, #853 ) ;
#804 = LINE ( 'NONE', #1531, #1235 ) ;
#805 = DIRECTION ( 'NONE',  ( 1.000000000000000000, 0.0000000000000000000, 0.0000000000000000000 ) ) ;
#806 =( NAMED_UNIT ( * ) PLANE_ANGLE_UNIT ( ) SI_UNIT ( $, .RADIAN. ) );
#807 = EDGE_LOOP ( 'NONE', ( #8, #595, #914, #1505 ) ) ;
#808 = DIRECTION ( 'NONE',  ( 1.000000000000000000, -0.0000000000000000000, -2.811046665559090900E-016 ) ) ;
#809 = VECTOR ( 'NONE', #917, 1000.000000000000000 ) ;
#810 = ORIENTED_EDGE ( 'NONE', *, *, #1590, .F. ) ;
#811 =( NAMED_UNIT ( * ) PLANE_ANGLE_UNIT ( ) SI_UNIT ( $, .RADIAN. ) );
#812 = ORIENTED_EDGE ( 'NONE', *, *, #1296, .F. ) ;
#813 = EDGE_LOOP ( 'NONE', ( #908, #1660, #115, #1287 ) ) ;
#814 = DIRECTION ( 'NONE',  ( 2.282530889443167500E-016, -0.0000000000000000000, 1.000000000000000000 ) ) ;
#815 = PLANE ( 'NONE',  #1197 ) ;
#816 = EDGE_CURVE ( 'NONE', #817, #1547, #1060, .T. ) ;
#817 = VERTEX_POINT ( 'NONE', #1269 ) ;
#818 = ORIENTED_EDGE ( 'NONE', *, *, #1263, .T. ) ;
#819 = AXIS2_PLACEMENT_3D ( 'NONE', #128, #777, #262 ) ;
#820 = SURFACE_STYLE_USAGE ( .BOTH. , #934 ) ;
#821 = DIRECTION ( 'NONE',  ( 0.0000000000000000000, 1.000000000000000000, 0.0000000000000000000 ) ) ;
#822 = LINE ( 'NONE', #160, #145 ) ;
#823 = PLANE ( 'NONE',  #770 ) ;
#824 = DIRECTION ( 'NONE',  ( 0.0000000000000000000, -9.035018104045869000E-016, -1.000000000000000000 ) ) ;
#825 = FACE_OUTER_BOUND ( 'NONE', #1043, .T. ) ;
#826 = EDGE_CURVE ( 'NONE', #1220, #1600, #802, .T. ) ;
#827 = CARTESIAN_POINT ( 'NONE',  ( -1.200000000000000400, 0.6200000000000013300, 1.060000000000000100 ) ) ;
#828 = VECTOR ( 'NONE', #1396, 1000.000000000000000 ) ;
#829 = ADVANCED_BREP_SHAPE_REPRESENTATION ( 'SPM3020T-1R0M', ( #280, #303, #1073, #656, #1, #850 ), #1534 ) ;
#830 = DIRECTION ( 'NONE',  ( 0.0000000000000000000, 1.084202172485505200E-015, -1.000000000000000000 ) ) ;
#831 = CARTESIAN_POINT ( 'NONE',  ( 1.500000000000000000, 0.8499999999999999800, -0.7500000000000000000 ) ) ;
#832 = ORIENTED_EDGE ( 'NONE', *, *, #172, .F. ) ;
#833 = VERTEX_POINT ( 'NONE', #608 ) ;
#834 = ADVANCED_FACE ( 'NONE', ( #421 ), #1398, .T. ) ;
#835 = ORIENTED_EDGE ( 'NONE', *, *, #1339, .F. ) ;
#836 = ORIENTED_EDGE ( 'NONE', *, *, #38, .F. ) ;
#837 = CARTESIAN_POINT ( 'NONE',  ( -0.7500000000000000000, 5.204748896376248200E-017, 0.7500000000000000000 ) ) ;
#838 = CARTESIAN_POINT ( 'NONE',  ( -1.450000000000000000, 0.1000000000000000600, 0.7500000000000000000 ) ) ;
#839 = EDGE_CURVE ( 'NONE', #1562, #636, #685, .T. ) ;
#840 = CARTESIAN_POINT ( 'NONE',  ( -1.260000000000000200, 0.6200000000000001100, 1.060000000000000100 ) ) ;
#841 = CARTESIAN_POINT ( 'NONE',  ( -1.259999999999999800, -6.141686424138474400E-016, 1.060000000000000100 ) ) ;
#842 = ADVANCED_FACE ( 'NONE', ( #1691 ), #1131, .T. ) ;
#843 = DIRECTION ( 'NONE',  ( -1.000000000000000000, -0.0000000000000000000, -0.0000000000000000000 ) ) ;
#844 = EDGE_CURVE ( 'NONE', #892, #392, #1471, .T. ) ;
#845 = LINE ( 'NONE', #891, #981 ) ;
#846 = DIRECTION ( 'NONE',  ( 3.935152230361114500E-016, -1.000000000000000000, 0.0000000000000000000 ) ) ;
#847 = FACE_OUTER_BOUND ( 'NONE', #213, .T. ) ;
#848 = VERTEX_POINT ( 'NONE', #877 ) ;
#849 = COLOUR_RGB ( '',0.2509803921568627400, 0.2509803921568627400, 0.2509803921568627400 ) ;
#850 = AXIS2_PLACEMENT_3D ( 'NONE', #1462, #1074, #306 ) ;
#851 = VERTEX_POINT ( 'NONE', #1271 ) ;
#852 = ORIENTED_EDGE ( 'NONE', *, *, #159, .F. ) ;
#853 = DIRECTION ( 'NONE',  ( 0.0000000000000000000, 1.301042606982605300E-015, -1.000000000000000000 ) ) ;
#854 = DIRECTION ( 'NONE',  ( 2.891205793294678800E-016, 1.000000000000000000, 0.0000000000000000000 ) ) ;
#855 = VERTEX_POINT ( 'NONE', #141 ) ;
#856 = VERTEX_POINT ( 'NONE', #236 ) ;
#857 = PLANE ( 'NONE',  #1029 ) ;
#858 = EDGE_CURVE ( 'NONE', #1340, #1117, #1336, .T. ) ;
#859 = AXIS2_PLACEMENT_3D ( 'NONE', #994, #226, #737 ) ;
#860 = SPHERICAL_SURFACE ( 'NONE', #539, 0.2500000000000000600 ) ;
#861 = DIRECTION ( 'NONE',  ( 1.000000000000000000, 0.0000000000000000000, 0.0000000000000000000 ) ) ;
#862 = FACE_OUTER_BOUND ( 'NONE', #51, .T. ) ;
#863 = CARTESIAN_POINT ( 'NONE',  ( 0.7500000000000000000, 0.1000000000000000600, -0.7500000000000000000 ) ) ;
#864 = SURFACE_STYLE_FILL_AREA ( #1585 ) ;
#865 = VECTOR ( 'NONE', #326, 1000.000000000000000 ) ;
#866 = EDGE_CURVE ( 'NONE', #767, #1300, #1628, .T. ) ;
#867 = CARTESIAN_POINT ( 'NONE',  ( -1.450000000000000000, 0.4635931792539568200, 0.7500000000000000000 ) ) ;
#868 = VECTOR ( 'NONE', #163, 1000.000000000000000 ) ;
#869 = CARTESIAN_POINT ( 'NONE',  ( 0.7500000000000000000, 0.1000000000000000600, 0.7500000000000000000 ) ) ;
#870 = ORIENTED_EDGE ( 'NONE', *, *, #487, .F. ) ;
#871 = VERTEX_POINT ( 'NONE', #1304 ) ;
#872 = ORIENTED_EDGE ( 'NONE', *, *, #73, .T. ) ;
#873 = ORIENTED_EDGE ( 'NONE', *, *, #99, .F. ) ;
#874 = CARTESIAN_POINT ( 'NONE',  ( 1.259999999999999800, -6.141686424138474400E-016, 1.060000000000000100 ) ) ;
#875 = CARTESIAN_POINT ( 'NONE',  ( -0.7500000000000000000, 0.1000000000000000600, 0.7500000000000000000 ) ) ;
#876 = EDGE_CURVE ( 'NONE', #116, #762, #480, .T. ) ;
#877 = CARTESIAN_POINT ( 'NONE',  ( -1.450000000000000200, 2.000000000000000000, -1.500000000000000000 ) ) ;
#878 = CYLINDRICAL_SURFACE ( 'NONE', #345, 0.09999999999999982500 ) ;
#879 = CARTESIAN_POINT ( 'NONE',  ( 0.7500000000000000000, 5.204748896376248200E-017, -0.7500000000000000000 ) ) ;
#880 = FACE_OUTER_BOUND ( 'NONE', #269, .T. ) ;
#881 = DIRECTION ( 'NONE',  ( 1.000000000000000000, 0.0000000000000000000, 0.0000000000000000000 ) ) ;
#882 = DIRECTION ( 'NONE',  ( -1.000000000000000000, 0.0000000000000000000, 1.495451272393799000E-016 ) ) ;
#883 = COLOUR_RGB ( '',0.7921568627450980000, 0.8196078431372548800, 0.9333333333333333500 ) ;
#884 = EDGE_CURVE ( 'NONE', #1684, #1299, #628, .T. ) ;
#885 = ORIENTED_EDGE ( 'NONE', *, *, #896, .F. ) ;
#886 = LINE ( 'NONE', #274, #90 ) ;
#887 = CARTESIAN_POINT ( 'NONE',  ( -0.7500000000000000000, 5.204748896376248200E-017, 0.7500000000000000000 ) ) ;
#888 = ADVANCED_FACE ( 'NONE', ( #1555 ), #1274, .F. ) ;
#889 = ORIENTED_EDGE ( 'NONE', *, *, #658, .F. ) ;
#890 = VERTEX_POINT ( 'NONE', #136 ) ;
#891 = CARTESIAN_POINT ( 'NONE',  ( 1.599999999999999900, 0.0000000000000000000, 0.7500000000000000000 ) ) ;
#892 = VERTEX_POINT ( 'NONE', #648 ) ;
#893 = ORIENTED_EDGE ( 'NONE', *, *, #1444, .T. ) ;
#894 = PLANE ( 'NONE',  #1298 ) ;
#895 = SURFACE_STYLE_USAGE ( .BOTH. , #389 ) ;
#896 = EDGE_CURVE ( 'NONE', #1031, #967, #1382, .T. ) ;
#897 = ADVANCED_FACE ( 'NONE', ( #22 ), #640, .F. ) ;
#898 = AXIS2_PLACEMENT_3D ( 'NONE', #1333, #814, #169 ) ;
#899 = PLANE ( 'NONE',  #646 ) ;
#900 = FILL_AREA_STYLE ('',( #1424 ) ) ;
#901 = VECTOR ( 'NONE', #1441, 1000.000000000000000 ) ;
#902 =( GEOMETRIC_REPRESENTATION_CONTEXT ( 3 ) GLOBAL_UNCERTAINTY_ASSIGNED_CONTEXT ( ( #1291 ) ) GLOBAL_UNIT_ASSIGNED_CONTEXT ( ( #935, #1063, #1205 ) ) REPRESENTATION_CONTEXT ( 'NONE', 'WORKASPACE' ) );
#903 = FACE_OUTER_BOUND ( 'NONE', #153, .T. ) ;
#904 = PRESENTATION_STYLE_ASSIGNMENT (( #77 ) ) ;
#905 = VECTOR ( 'NONE', #494, 1000.000000000000000 ) ;
#906 = ORIENTED_EDGE ( 'NONE', *, *, #686, .F. ) ;
#907 = CARTESIAN_POINT ( 'NONE',  ( 1.450000000000000000, 0.1000000000000000600, 0.7500000000000000000 ) ) ;
#908 = ORIENTED_EDGE ( 'NONE', *, *, #754, .F. ) ;
#909 = MECHANICAL_DESIGN_GEOMETRIC_PRESENTATION_REPRESENTATION (  '', ( #249 ), #1267 ) ;
#910 = ORIENTED_EDGE ( 'NONE', *, *, #1331, .F. ) ;
#911 = DIRECTION ( 'NONE',  ( -0.0000000000000000000, -0.0000000000000000000, -1.000000000000000000 ) ) ;
#912 = ORIENTED_EDGE ( 'NONE', *, *, #952, .T. ) ;
#913 = AXIS2_PLACEMENT_3D ( 'NONE', #1312, #1584, #919 ) ;
#914 = ORIENTED_EDGE ( 'NONE', *, *, #1569, .F. ) ;
#915 = CARTESIAN_POINT ( 'NONE',  ( 1.450000000000000200, -4.172529209005014100, -1.500000000000000400 ) ) ;
#916 = DIRECTION ( 'NONE',  ( -1.000000000000000000, 0.0000000000000000000, 2.811046665559090400E-016 ) ) ;
#917 = DIRECTION ( 'NONE',  ( -6.123233995736764800E-017, -1.000000000000000000, 0.0000000000000000000 ) ) ;
#918 = EDGE_CURVE ( 'NONE', #1299, #25, #845, .T. ) ;
#919 = DIRECTION ( 'NONE',  ( 5.102127870520021000E-016, 1.000000000000000000, 0.0000000000000000000 ) ) ;
#920 = VECTOR ( 'NONE', #1362, 1000.000000000000000 ) ;
#921 = CYLINDRICAL_SURFACE ( 'NONE', #819, 0.1000000000000000500 ) ;
#922 = CARTESIAN_POINT ( 'NONE',  ( 0.0000000000000000000, 0.0000000000000000000, -0.7500000000000000000 ) ) ;
#923 = ORIENTED_EDGE ( 'NONE', *, *, #717, .T. ) ;
#924 = LINE ( 'NONE', #1465, #252 ) ;
#925 = DIRECTION ( 'NONE',  ( -5.102127870520021000E-016, 1.000000000000000000, 0.0000000000000000000 ) ) ;
#926 = EDGE_CURVE ( 'NONE', #1047, #374, #283, .T. ) ;
#927 = ORIENTED_EDGE ( 'NONE', *, *, #453, .F. ) ;
#928 = ORIENTED_EDGE ( 'NONE', *, *, #1102, .F. ) ;
#929 = ORIENTED_EDGE ( 'NONE', *, *, #621, .T. ) ;
#930 = ADVANCED_FACE ( 'NONE', ( #384 ), #921, .F. ) ;
#931 = SURFACE_SIDE_STYLE ('',( #1124 ) ) ;
#932 = ORIENTED_EDGE ( 'NONE', *, *, #1551, .T. ) ;
#933 = DIRECTION ( 'NONE',  ( 1.000000000000000000, 0.0000000000000000000, 0.0000000000000000000 ) ) ;
#934 = SURFACE_SIDE_STYLE ('',( #426 ) ) ;
#935 =( LENGTH_UNIT ( ) NAMED_UNIT ( * ) SI_UNIT ( .MILLI., .METRE. ) );
#936 = DIRECTION ( 'NONE',  ( -1.000000000000000000, -4.336808689942017700E-016, 0.0000000000000000000 ) ) ;
#937 = DIRECTION ( 'NONE',  ( -1.000000000000000000, 0.0000000000000000000, 0.0000000000000000000 ) ) ;
#938 = LINE ( 'NONE', #689, #1492 ) ;
#939 = ADVANCED_FACE ( 'NONE', ( #368 ), #899, .T. ) ;
#940 = EDGE_CURVE ( 'NONE', #1638, #817, #1189, .T. ) ;
#941 = FACE_OUTER_BOUND ( 'NONE', #764, .T. ) ;
#942 = CIRCLE ( 'NONE', #1332, 0.1999999999999994300 ) ;
#943 = LINE ( 'NONE', #1097, #568 ) ;
#944 = PLANE ( 'NONE',  #549 ) ;
#945 = DIRECTION ( 'NONE',  ( 0.0000000000000000000, 0.0000000000000000000, -1.000000000000000000 ) ) ;
#946 = VECTOR ( 'NONE', #1568, 1000.000000000000000 ) ;
#947 = ORIENTED_EDGE ( 'NONE', *, *, #99, .T. ) ;
#948 = DIRECTION ( 'NONE',  ( 0.0000000000000000000, -1.000000000000000000, -0.0000000000000000000 ) ) ;
#949 = ORIENTED_EDGE ( 'NONE', *, *, #1511, .T. ) ;
#950 = DIRECTION ( 'NONE',  ( 0.0000000000000000000, 0.0000000000000000000, -1.000000000000000000 ) ) ;
#951 =( LENGTH_UNIT ( ) NAMED_UNIT ( * ) SI_UNIT ( .MILLI., .METRE. ) );
#952 = EDGE_CURVE ( 'NONE', #1619, #762, #1359, .T. ) ;
#953 = ORIENTED_EDGE ( 'NONE', *, *, #86, .F. ) ;
#954 = AXIS2_PLACEMENT_3D ( 'NONE', #36, #44, #936 ) ;
#955 = CARTESIAN_POINT ( 'NONE',  ( 1.139999999999999900, -6.980486755139911400E-017, 0.7500000000000000000 ) ) ;
#956 = FILL_AREA_STYLE_COLOUR ( '', #589 ) ;
#957 = VECTOR ( 'NONE', #755, 1000.000000000000000 ) ;
#958 = DIRECTION ( 'NONE',  ( 0.0000000000000000000, 0.0000000000000000000, -1.000000000000000000 ) ) ;
#959 = DIRECTION ( 'NONE',  ( -0.0000000000000000000, -1.000000000000000000, -0.0000000000000000000 ) ) ;
#960 = EDGE_CURVE ( 'NONE', #237, #856, #148, .T. ) ;
#961 = PRODUCT_DEFINITION_SHAPE ( 'NONE', 'NONE',  #650 ) ;
#962 = VECTOR ( 'NONE', #102, 1000.000000000000000 ) ;
#963 = LINE ( 'NONE', #1626, #524 ) ;
#964 = LINE ( 'NONE', #1252, #547 ) ;
#965 = DIRECTION ( 'NONE',  ( 2.710505431213761100E-016, -1.000000000000000000, -1.084202172485505200E-015 ) ) ;
#966 = CARTESIAN_POINT ( 'NONE',  ( 1.139999999999999900, 0.4292121597166128600, 1.060000000000000100 ) ) ;
#967 = VERTEX_POINT ( 'NONE', #1293 ) ;
#968 = VERTEX_POINT ( 'NONE', #267 ) ;
#969 = ORIENTED_EDGE ( 'NONE', *, *, #960, .F. ) ;
#970 = VERTEX_POINT ( 'NONE', #1164 ) ;
#971 = VERTEX_POINT ( 'NONE', #1284 ) ;
#972 = ORIENTED_EDGE ( 'NONE', *, *, #238, .F. ) ;
#973 = DIRECTION ( 'NONE',  ( -1.000000000000000000, 4.336808689942017700E-016, 0.0000000000000000000 ) ) ;
#974 = DIRECTION ( 'NONE',  ( 1.000000000000000000, 2.710505431213761100E-016, -0.0000000000000000000 ) ) ;
#975 = EDGE_CURVE ( 'NONE', #967, #851, #785, .T. ) ;
#976 = CARTESIAN_POINT ( 'NONE',  ( 1.450000000000000000, 0.0000000000000000000, 1.060000000000000100 ) ) ;
#977 = AXIS2_PLACEMENT_3D ( 'NONE', #140, #652, #406 ) ;
#978 = CARTESIAN_POINT ( 'NONE',  ( -1.450000000000000000, 9.184850993605136400E-018, 0.7500000000000000000 ) ) ;
#979 = DIRECTION ( 'NONE',  ( 1.000000000000000000, -0.0000000000000000000, -0.0000000000000000000 ) ) ;
#980 = ADVANCED_FACE ( 'NONE', ( #442 ), #789, .F. ) ;
#981 = VECTOR ( 'NONE', #1030, 1000.000000000000000 ) ;
#982 = DIRECTION ( 'NONE',  ( -1.000000000000000000, 0.0000000000000000000, 0.0000000000000000000 ) ) ;
#983 = VECTOR ( 'NONE', #1195, 1000.000000000000000 ) ;
#984 = AXIS2_PLACEMENT_3D ( 'NONE', #296, #1058, #552 ) ;
#985 = FILL_AREA_STYLE ('',( #1113 ) ) ;
#986 = AXIS2_PLACEMENT_3D ( 'NONE', #300, #1210, #1475 ) ;
#987 = ORIENTED_EDGE ( 'NONE', *, *, #745, .F. ) ;
#988 = DIRECTION ( 'NONE',  ( -2.891205793294678800E-016, 1.000000000000000000, 0.0000000000000000000 ) ) ;
#989 = CARTESIAN_POINT ( 'NONE',  ( 1.139999999999999900, 0.6200000000000001100, 0.9673067780097689400 ) ) ;
#990 = ADVANCED_FACE ( 'NONE', ( #1086 ), #1605, .T. ) ;
#991 = ORIENTED_EDGE ( 'NONE', *, *, #766, .T. ) ;
#992 = ORIENTED_EDGE ( 'NONE', *, *, #63, .T. ) ;
#993 = EDGE_LOOP ( 'NONE', ( #1523, #1659, #89, #506 ) ) ;
#994 = CARTESIAN_POINT ( 'NONE',  ( 0.0000000000000000000, 0.0000000000000000000, 0.7500000000000000000 ) ) ;
#995 = EDGE_CURVE ( 'NONE', #529, #514, #403, .T. ) ;
#996 = DIRECTION ( 'NONE',  ( 0.0000000000000000000, 1.084202172485505200E-015, -1.000000000000000000 ) ) ;
#997 = LINE ( 'NONE', #208, #400 ) ;
#998 = DIRECTION ( 'NONE',  ( 1.000000000000000000, 0.0000000000000000000, 0.0000000000000000000 ) ) ;
#999 = FACE_OUTER_BOUND ( 'NONE', #1092, .T. ) ;
#1000 = EDGE_CURVE ( 'NONE', #488, #374, #324, .T. ) ;
#1001 = DIRECTION ( 'NONE',  ( 1.000000000000000000, 4.336808689942017700E-016, 0.0000000000000000000 ) ) ;
#1002 = VECTOR ( 'NONE', #974, 1000.000000000000000 ) ;
#1003 = MECHANICAL_DESIGN_GEOMETRIC_PRESENTATION_REPRESENTATION (  '', ( #615 ), #1369 ) ;
#1004 = CARTESIAN_POINT ( 'NONE',  ( 1.260000000000000200, 0.6200000000000002200, 0.9600000000000000800 ) ) ;
#1005 = VERTEX_POINT ( 'NONE', #409 ) ;
#1006 = EDGE_LOOP ( 'NONE', ( #1371, #3, #432, #288, #7, #335, #1165, #312 ) ) ;
#1007 = ORIENTED_EDGE ( 'NONE', *, *, #792, .T. ) ;
#1008 = ORIENTED_EDGE ( 'NONE', *, *, #1590, .T. ) ;
#1009 = ORIENTED_EDGE ( 'NONE', *, *, #1461, .F. ) ;
#1010 = CARTESIAN_POINT ( 'NONE',  ( -1.450000000000000000, 0.1000000000000002600, 0.9600000000000000800 ) ) ;
#1011 = ORIENTED_EDGE ( 'NONE', *, *, #588, .T. ) ;
#1012 = CARTESIAN_POINT ( 'NONE',  ( 1.259999999999999800, 0.6200000000000001100, 0.9673067780097687200 ) ) ;
#1013 = EDGE_CURVE ( 'NONE', #856, #967, #1150, .T. ) ;
#1014 = EDGE_CURVE ( 'NONE', #573, #173, #586, .T. ) ;
#1015 = CARTESIAN_POINT ( 'NONE',  ( 1.139999999999999900, -5.816425772392823100E-016, 1.060000000000000100 ) ) ;
#1016 = VECTOR ( 'NONE', #1448, 1000.000000000000000 ) ;
#1017 = CARTESIAN_POINT ( 'NONE',  ( 1.450000000000000000, 0.4635931792539568200, 0.7500000000000000000 ) ) ;
#1018 = LINE ( 'NONE', #863, #456 ) ;
#1019 = CARTESIAN_POINT ( 'NONE',  ( 0.0000000000000000000, 0.0000000000000000000, -0.7500000000000000000 ) ) ;
#1020 = DIRECTION ( 'NONE',  ( 0.0000000000000000000, -0.0000000000000000000, -1.000000000000000000 ) ) ;
#1021 = VECTOR ( 'NONE', #197, 1000.000000000000000 ) ;
#1022 = VECTOR ( 'NONE', #1513, 1000.000000000000000 ) ;
#1023 = EDGE_CURVE ( 'NONE', #290, #433, #304, .T. ) ;
#1024 = EDGE_LOOP ( 'NONE', ( #715, #1683, #1412, #68, #134, #332 ) ) ;
#1025 = LINE ( 'NONE', #1571, #188 ) ;
#1026 = CARTESIAN_POINT ( 'NONE',  ( -1.600000000000000300, 0.8499999999999999800, -0.7500000000000000000 ) ) ;
#1027 = ORIENTED_EDGE ( 'NONE', *, *, #940, .F. ) ;
#1028 = SURFACE_STYLE_FILL_AREA ( #900 ) ;
#1029 = AXIS2_PLACEMENT_3D ( 'NONE', #729, #1654, #1535 ) ;
#1030 = DIRECTION ( 'NONE',  ( 0.0000000000000000000, -0.0000000000000000000, -1.000000000000000000 ) ) ;
#1031 = VERTEX_POINT ( 'NONE', #156 ) ;
#1032 = ORIENTED_EDGE ( 'NONE', *, *, #275, .F. ) ;
#1033 = DIRECTION ( 'NONE',  ( 0.0000000000000000000, -1.000000000000000000, -0.0000000000000000000 ) ) ;
#1034 = CARTESIAN_POINT ( 'NONE',  ( -1.040000000000000000, 2.000000000000000000, 0.7500000000000000000 ) ) ;
#1035 = DIRECTION ( 'NONE',  ( 6.123233995736764800E-017, 1.000000000000000000, -0.0000000000000000000 ) ) ;
#1036 = CARTESIAN_POINT ( 'NONE',  ( 0.9399999999999999500, 0.1000000000000000500, 0.7500000000000000000 ) ) ;
#1037 = VECTOR ( 'NONE', #622, 1000.000000000000000 ) ;
#1038 = CIRCLE ( 'NONE', #719, 0.2500000000000000000 ) ;
#1039 = CARTESIAN_POINT ( 'NONE',  ( 0.7500000000000000000, 0.1000000000000000600, 0.7500000000000000000 ) ) ;
#1040 = LINE ( 'NONE', #80, #1591 ) ;
#1041 = DIRECTION ( 'NONE',  ( -1.000000000000000000, 0.0000000000000000000, 0.0000000000000000000 ) ) ;
#1042 = FACE_OUTER_BOUND ( 'NONE', #1024, .T. ) ;
#1043 = EDGE_LOOP ( 'NONE', ( #1578, #447, #1580 ) ) ;
#1044 = CARTESIAN_POINT ( 'NONE',  ( -1.450000000000000000, 0.0000000000000000000, 1.060000000000000100 ) ) ;
#1045 = ORIENTED_EDGE ( 'NONE', *, *, #866, .F. ) ;
#1046 = AXIS2_PLACEMENT_3D ( 'NONE', #519, #641, #882 ) ;
#1047 = VERTEX_POINT ( 'NONE', #1313 ) ;
#1048 = PLANE ( 'NONE',  #528 ) ;
#1049 = ORIENTED_EDGE ( 'NONE', *, *, #603, .T. ) ;
#1050 = CARTESIAN_POINT ( 'NONE',  ( 0.0000000000000000000, 0.0000000000000000000, 0.7500000000000000000 ) ) ;
#1051 = ORIENTED_EDGE ( 'NONE', *, *, #1686, .F. ) ;
#1052 = DIRECTION ( 'NONE',  ( 4.336808689942017700E-016, -1.000000000000000000, 0.0000000000000000000 ) ) ;
#1053 = PLANE ( 'NONE',  #114 ) ;
#1054 = DIRECTION ( 'NONE',  ( 1.000000000000000000, 5.102127870520021000E-016, -0.0000000000000000000 ) ) ;
#1055 = EDGE_CURVE ( 'NONE', #488, #1201, #782, .T. ) ;
#1056 = PLANE ( 'NONE',  #449 ) ;
#1057 = LINE ( 'NONE', #472, #625 ) ;
#1058 = DIRECTION ( 'NONE',  ( -1.000000000000000000, -0.0000000000000000000, -0.0000000000000000000 ) ) ;
#1059 =( LENGTH_UNIT ( ) NAMED_UNIT ( * ) SI_UNIT ( .MILLI., .METRE. ) );
#1060 = LINE ( 'NONE', #1123, #1405 ) ;
#1061 = LINE ( 'NONE', #39, #229 ) ;
#1062 = VECTOR ( 'NONE', #721, 1000.000000000000000 ) ;
#1063 =( NAMED_UNIT ( * ) PLANE_ANGLE_UNIT ( ) SI_UNIT ( $, .RADIAN. ) );
#1064 = ORIENTED_EDGE ( 'NONE', *, *, #521, .T. ) ;
#1065 = PRESENTATION_STYLE_ASSIGNMENT (( #820 ) ) ;
#1066 = DIRECTION ( 'NONE',  ( 0.0000000000000000000, 0.0000000000000000000, -1.000000000000000000 ) ) ;
#1067 = DIRECTION ( 'NONE',  ( 1.000000000000000000, 6.123233995736764800E-017, -0.0000000000000000000 ) ) ;
#1068 = EDGE_CURVE ( 'NONE', #614, #671, #1589, .T. ) ;
#1069 = ORIENTED_EDGE ( 'NONE', *, *, #172, .T. ) ;
#1070 = EDGE_LOOP ( 'NONE', ( #1027, #507, #94, #270 ) ) ;
#1071 = ORIENTED_EDGE ( 'NONE', *, *, #1000, .F. ) ;
#1072 = STYLED_ITEM ( 'NONE', ( #1084 ), #1073 ) ;
#1073 = MANIFOLD_SOLID_BREP ( 'Mirror1[1]', #198 ) ;
#1074 = DIRECTION ( 'NONE',  ( 0.0000000000000000000, 0.0000000000000000000, 1.000000000000000000 ) ) ;
#1075 = ORIENTED_EDGE ( 'NONE', *, *, #1249, .T. ) ;
#1076 = ORIENTED_EDGE ( 'NONE', *, *, #876, .F. ) ;
#1077 = DIRECTION ( 'NONE',  ( 1.000000000000000000, 4.336808689942017700E-016, 0.0000000000000000000 ) ) ;
#1078 = DIRECTION ( 'NONE',  ( -6.123233995736764800E-017, 1.000000000000000000, 0.0000000000000000000 ) ) ;
#1079 = DIRECTION ( 'NONE',  ( 0.0000000000000000000, 1.301042606982605300E-015, -1.000000000000000000 ) ) ;
#1080 = DIRECTION ( 'NONE',  ( -1.000000000000000000, -6.123233995736764800E-017, 0.0000000000000000000 ) ) ;
#1081 = EDGE_CURVE ( 'NONE', #1194, #1031, #626, .T. ) ;
#1082 = DIRECTION ( 'NONE',  ( -1.000000000000000000, 0.0000000000000000000, 0.0000000000000000000 ) ) ;
#1083 = LINE ( 'NONE', #1039, #18 ) ;
#1084 = PRESENTATION_STYLE_ASSIGNMENT (( #681 ) ) ;
#1085 = AXIS2_PLACEMENT_3D ( 'NONE', #1206, #1231, #950 ) ;
#1086 = FACE_OUTER_BOUND ( 'NONE', #531, .T. ) ;
#1087 = CARTESIAN_POINT ( 'NONE',  ( 1.200000000000000400, 0.6200000000000000000, 1.210000000000000900 ) ) ;
#1088 = CARTESIAN_POINT ( 'NONE',  ( 1.450000000000000400, 2.000000000000000000, 0.9599999999999997400 ) ) ;
#1089 = LINE ( 'NONE', #1330, #1132 ) ;
#1090 = ORIENTED_EDGE ( 'NONE', *, *, #866, .T. ) ;
#1091 = VERTEX_POINT ( 'NONE', #32 ) ;
#1092 = EDGE_LOOP ( 'NONE', ( #1221, #1680, #251, #92, #98, #634, #1071 ) ) ;
#1093 = DIRECTION ( 'NONE',  ( 0.0000000000000000000, -1.000000000000000000, -0.0000000000000000000 ) ) ;
#1094 = CARTESIAN_POINT ( 'NONE',  ( 1.140000000000000100, 0.6200000000000002200, 0.9600000000000000800 ) ) ;
#1095 = EDGE_CURVE ( 'NONE', #1453, #855, #281, .T. ) ;
#1096 = ORIENTED_EDGE ( 'NONE', *, *, #1000, .T. ) ;
#1097 = CARTESIAN_POINT ( 'NONE',  ( -1.600000000000000300, 0.8499999999999999800, -0.7500000000000000000 ) ) ;
#1098 = ORIENTED_EDGE ( 'NONE', *, *, #603, .F. ) ;
#1099 = AXIS2_PLACEMENT_3D ( 'NONE', #518, #2, #525 ) ;
#1100 = PLANE ( 'NONE',  #1275 ) ;
#1101 = ADVANCED_FACE ( 'NONE', ( #323 ), #878, .F. ) ;
#1102 = EDGE_CURVE ( 'NONE', #1453, #671, #1273, .T. ) ;
#1103 = CARTESIAN_POINT ( 'NONE',  ( 1.450000000000000200, 2.000000000000000000, -1.500000000000000400 ) ) ;
#1104 = CARTESIAN_POINT ( 'NONE',  ( -1.499999999999999800, 0.1000000000000000600, 0.7500000000000000000 ) ) ;
#1105 = FACE_OUTER_BOUND ( 'NONE', #504, .T. ) ;
#1106 =( NAMED_UNIT ( * ) PLANE_ANGLE_UNIT ( ) SI_UNIT ( $, .RADIAN. ) );
#1107 = VECTOR ( 'NONE', #979, 1000.000000000000000 ) ;
#1108 = VECTOR ( 'NONE', #1215, 1000.000000000000000 ) ;
#1109 = DIRECTION ( 'NONE',  ( -1.000000000000000000, 0.0000000000000000000, 1.495451272393799000E-016 ) ) ;
#1110 = EDGE_LOOP ( 'NONE', ( #572, #992 ) ) ;
#1111 = ADVANCED_FACE ( 'NONE', ( #441 ), #1053, .F. ) ;
#1112 = LINE ( 'NONE', #194, #1158 ) ;
#1113 = FILL_AREA_STYLE_COLOUR ( '', #883 ) ;
#1114 = ORIENTED_EDGE ( 'NONE', *, *, #1497, .F. ) ;
#1115 = ORIENTED_EDGE ( 'NONE', *, *, #495, .T. ) ;
#1116 = ORIENTED_EDGE ( 'NONE', *, *, #1569, .T. ) ;
#1117 = VERTEX_POINT ( 'NONE', #302 ) ;
#1118 = CARTESIAN_POINT ( 'NONE',  ( 1.200000000000000400, 0.6200000000000013300, 1.060000000000000100 ) ) ;
#1119 = ORIENTED_EDGE ( 'NONE', *, *, #637, .F. ) ;
#1120 = CARTESIAN_POINT ( 'NONE',  ( -1.450000000000000000, 0.1000000000000002600, 0.9600000000000000800 ) ) ;
#1121 = AXIS2_PLACEMENT_3D ( 'NONE', #1292, #645, #393 ) ;
#1122 = PLANE ( 'NONE',  #690 ) ;
#1123 = CARTESIAN_POINT ( 'NONE',  ( -0.7500000000000000000, 5.204748896376248200E-017, -0.7500000000000000000 ) ) ;
#1124 = SURFACE_STYLE_FILL_AREA ( #1489 ) ;
#1125 = FACE_OUTER_BOUND ( 'NONE', #1006, .T. ) ;
#1126 = EDGE_CURVE ( 'NONE', #30, #1619, #366, .T. ) ;
#1127 = CARTESIAN_POINT ( 'NONE',  ( 1.600000000000000300, 0.8499999999999999800, -0.7500000000000000000 ) ) ;
#1128 = ADVANCED_FACE ( 'NONE', ( #402 ), #497, .F. ) ;
#1129 = VECTOR ( 'NONE', #11, 1000.000000000000000 ) ;
#1130 =( GEOMETRIC_REPRESENTATION_CONTEXT ( 3 ) GLOBAL_UNCERTAINTY_ASSIGNED_CONTEXT ( ( #702 ) ) GLOBAL_UNIT_ASSIGNED_CONTEXT ( ( #1059, #806, #37 ) ) REPRESENTATION_CONTEXT ( 'NONE', 'WORKASPACE' ) );
#1131 = PLANE ( 'NONE',  #667 ) ;
#1132 = VECTOR ( 'NONE', #157, 1000.000000000000000 ) ;
#1133 = ORIENTED_EDGE ( 'NONE', *, *, #1183, .T. ) ;
#1134 = ORIENTED_EDGE ( 'NONE', *, *, #364, .T. ) ;
#1135 = ORIENTED_EDGE ( 'NONE', *, *, #1631, .T. ) ;
#1136 = CARTESIAN_POINT ( 'NONE',  ( 1.139999999999999900, 0.0000000000000000000, 0.0000000000000000000 ) ) ;
#1137 = ORIENTED_EDGE ( 'NONE', *, *, #1354, .F. ) ;
#1138 = EDGE_CURVE ( 'NONE', #671, #1597, #666, .T. ) ;
#1139 = ADVANCED_FACE ( 'NONE', ( #1403 ), #823, .F. ) ;
#1140 = ORIENTED_EDGE ( 'NONE', *, *, #1068, .T. ) ;
#1141 = DIRECTION ( 'NONE',  ( 6.123233995736764800E-017, -1.000000000000000000, -0.0000000000000000000 ) ) ;
#1142 = EDGE_CURVE ( 'NONE', #1323, #787, #1554, .T. ) ;
#1143 = CARTESIAN_POINT ( 'NONE',  ( -1.139999999999999900, 0.1000000000000000700, 0.9600000000000000800 ) ) ;
#1144 = DIRECTION ( 'NONE',  ( 1.000000000000000000, 0.0000000000000000000, -0.0000000000000000000 ) ) ;
#1145 = DIRECTION ( 'NONE',  ( 0.0000000000000000000, 1.301042606982605300E-015, -1.000000000000000000 ) ) ;
#1146 = LINE ( 'NONE', #29, #243 ) ;
#1147 = DIRECTION ( 'NONE',  ( -1.000000000000000000, 4.336808689942017700E-016, 0.0000000000000000000 ) ) ;
#1148 = PLANE ( 'NONE',  #499 ) ;
#1149 = VECTOR ( 'NONE', #1468, 1000.000000000000000 ) ;
#1150 = LINE ( 'NONE', #1593, #1315 ) ;
#1151 = EDGE_CURVE ( 'NONE', #49, #1220, #605, .T. ) ;
#1152 = VECTOR ( 'NONE', #1358, 1000.000000000000000 ) ;
#1153 = LINE ( 'NONE', #1094, #1062 ) ;
#1154 = AXIS2_PLACEMENT_3D ( 'NONE', #711, #316, #1079 ) ;
#1155 = DIRECTION ( 'NONE',  ( 0.0000000000000000000, 1.000000000000000000, 0.0000000000000000000 ) ) ;
#1156 = ORIENTED_EDGE ( 'NONE', *, *, #1138, .F. ) ;
#1157 = CARTESIAN_POINT ( 'NONE',  ( 1.139999999999999900, 0.1000000000000000600, 0.7500000000000000000 ) ) ;
#1158 = VECTOR ( 'NONE', #576, 1000.000000000000000 ) ;
#1159 = ORIENTED_EDGE ( 'NONE', *, *, #1138, .T. ) ;
#1160 = ORIENTED_EDGE ( 'NONE', *, *, #858, .T. ) ;
#1161 = EDGE_LOOP ( 'NONE', ( #57, #1549 ) ) ;
#1162 = DIRECTION ( 'NONE',  ( -1.000000000000000000, 0.0000000000000000000, 0.0000000000000000000 ) ) ;
#1163 = ORIENTED_EDGE ( 'NONE', *, *, #238, .T. ) ;
#1164 = CARTESIAN_POINT ( 'NONE',  ( 1.450000000000000400, 2.000000000000000000, 0.9599999999999997400 ) ) ;
#1165 = ORIENTED_EDGE ( 'NONE', *, *, #298, .T. ) ;
#1166 = PRESENTATION_LAYER_ASSIGNMENT (  '', '', ( #1072 ) ) ;
#1167 = CARTESIAN_POINT ( 'NONE',  ( 1.239999999999999800, -7.592810154713586600E-017, -0.7500000000000000000 ) ) ;
#1168 = CARTESIAN_POINT ( 'NONE',  ( 1.200000000000000400, 0.6200000000000013300, 1.460000000000000900 ) ) ;
#1169 = LINE ( 'NONE', #887, #1334 ) ;
#1170 = CARTESIAN_POINT ( 'NONE',  ( -0.7500000000000000000, 0.1000000000000000600, 0.7500000000000000000 ) ) ;
#1171 = VECTOR ( 'NONE', #805, 1000.000000000000000 ) ;
#1172 = CARTESIAN_POINT ( 'NONE',  ( -1.140000000000000100, 2.000000000000000000, -0.7500000000000000000 ) ) ;
#1173 = PLANE ( 'NONE',  #1317 ) ;
#1174 = LINE ( 'NONE', #1349, #502 ) ;
#1175 = EDGE_CURVE ( 'NONE', #855, #488, #1627, .T. ) ;
#1176 = CARTESIAN_POINT ( 'NONE',  ( 1.260000000000000200, 0.6200000000000002200, 0.9600000000000000800 ) ) ;
#1177 = ORIENTED_EDGE ( 'NONE', *, *, #275, .T. ) ;
#1178 = CARTESIAN_POINT ( 'NONE',  ( -1.140000000000000100, 0.6200000000000002200, 0.9600000000000000800 ) ) ;
#1179 = EDGE_LOOP ( 'NONE', ( #773, #932, #486, #709, #254 ) ) ;
#1180 = ORIENTED_EDGE ( 'NONE', *, *, #537, .F. ) ;
#1181 = CARTESIAN_POINT ( 'NONE',  ( 0.9399999999999999500, -5.755839955992559700E-017, 0.7500000000000000000 ) ) ;
#1182 = CARTESIAN_POINT ( 'NONE',  ( -1.450000000000000000, 0.09999999999999999200, 1.060000000000000100 ) ) ;
#1183 = EDGE_CURVE ( 'NONE', #49, #135, #584, .T. ) ;
#1184 = CARTESIAN_POINT ( 'NONE',  ( -1.139999999999999900, -5.816425772392823100E-016, 1.060000000000000100 ) ) ;
#1185 = DIRECTION ( 'NONE',  ( 0.0000000000000000000, 0.0000000000000000000, 1.000000000000000000 ) ) ;
#1186 = LINE ( 'NONE', #282, #720 ) ;
#1187 = FACE_OUTER_BOUND ( 'NONE', #27, .T. ) ;
#1188 =( NAMED_UNIT ( * ) SI_UNIT ( $, .STERADIAN. ) SOLID_ANGLE_UNIT ( ) );
#1189 = LINE ( 'NONE', #1172, #1495 ) ;
#1190 = LINE ( 'NONE', #780, #1108 ) ;
#1191 = DIRECTION ( 'NONE',  ( -1.000000000000000000, 0.0000000000000000000, 0.0000000000000000000 ) ) ;
#1192 = DIRECTION ( 'NONE',  ( -1.000000000000000000, 0.0000000000000000000, 0.0000000000000000000 ) ) ;
#1193 = LINE ( 'NONE', #1357, #1674 ) ;
#1194 = VERTEX_POINT ( 'NONE', #1352 ) ;
#1195 = DIRECTION ( 'NONE',  ( -3.497426362856462200E-016, 1.000000000000000000, 0.0000000000000000000 ) ) ;
#1196 = VECTOR ( 'NONE', #1020, 1000.000000000000000 ) ;
#1197 = AXIS2_PLACEMENT_3D ( 'NONE', #440, #700, #945 ) ;
#1198 = ORIENTED_EDGE ( 'NONE', *, *, #16, .T. ) ;
#1199 = DIRECTION ( 'NONE',  ( 6.123233995736764800E-017, 1.000000000000000000, 0.0000000000000000000 ) ) ;
#1200 = ORIENTED_EDGE ( 'NONE', *, *, #364, .F. ) ;
#1201 = VERTEX_POINT ( 'NONE', #1496 ) ;
#1202 = SURFACE_STYLE_USAGE ( .BOTH. , #431 ) ;
#1203 = ADVANCED_FACE ( 'NONE', ( #801 ), #575, .T. ) ;
#1204 = VERTEX_POINT ( 'NONE', #1609 ) ;
#1205 =( NAMED_UNIT ( * ) SI_UNIT ( $, .STERADIAN. ) SOLID_ANGLE_UNIT ( ) );
#1206 = CARTESIAN_POINT ( 'NONE',  ( 1.039999999999999800, 0.1000000000000000500, 0.7500000000000000000 ) ) ;
#1207 =( NAMED_UNIT ( * ) PLANE_ANGLE_UNIT ( ) SI_UNIT ( $, .RADIAN. ) );
#1208 = LINE ( 'NONE', #548, #1420 ) ;
#1209 = ADVANCED_FACE ( 'NONE', ( #825 ), #944, .F. ) ;
#1210 = DIRECTION ( 'NONE',  ( 1.000000000000000000, 0.0000000000000000000, -8.814651808825238000E-017 ) ) ;
#1211 = VECTOR ( 'NONE', #1288, 1000.000000000000000 ) ;
#1212 = DIRECTION ( 'NONE',  ( 2.710505431213761100E-016, 1.000000000000000000, 1.084202172485505200E-015 ) ) ;
#1213 = FILL_AREA_STYLE ('',( #187 ) ) ;
#1214 = VECTOR ( 'NONE', #1066, 1000.000000000000000 ) ;
#1215 = DIRECTION ( 'NONE',  ( 6.123233995736764800E-017, -1.000000000000000000, -0.0000000000000000000 ) ) ;
#1216 = LINE ( 'NONE', #327, #1107 ) ;
#1217 = LINE ( 'NONE', #664, #868 ) ;
#1218 = DIRECTION ( 'NONE',  ( -1.000000000000000000, 2.710505431213761100E-016, 0.0000000000000000000 ) ) ;
#1219 = EDGE_CURVE ( 'NONE', #767, #855, #1038, .T. ) ;
#1220 = VERTEX_POINT ( 'NONE', #955 ) ;
#1221 = ORIENTED_EDGE ( 'NONE', *, *, #1055, .T. ) ;
#1222 = CARTESIAN_POINT ( 'NONE',  ( -1.450000000000000200, -4.172529209005014100, -1.500000000000000000 ) ) ;
#1223 = ORIENTED_EDGE ( 'NONE', *, *, #1151, .F. ) ;
#1224 = AXIS2_PLACEMENT_3D ( 'NONE', #1509, #1521, #202 ) ;
#1225 = APPLICATION_PROTOCOL_DEFINITION ( 'draft international standard', 'automotive_design', 1998, #1360 ) ;
#1226 = VERTEX_POINT ( 'NONE', #1356 ) ;
#1227 = ORIENTED_EDGE ( 'NONE', *, *, #1631, .F. ) ;
#1228 = DIRECTION ( 'NONE',  ( 5.102127870520021000E-016, -1.000000000000000000, -0.0000000000000000000 ) ) ;
#1229 = CARTESIAN_POINT ( 'NONE',  ( -1.064306590577404300, 0.1000000000000002600, 0.9600000000000000800 ) ) ;
#1230 = EDGE_CURVE ( 'NONE', #871, #1619, #1494, .T. ) ;
#1231 = DIRECTION ( 'NONE',  ( -0.0000000000000000000, 1.000000000000000000, -0.0000000000000000000 ) ) ;
#1232 = CARTESIAN_POINT ( 'NONE',  ( 0.0000000000000000000, 0.0000000000000000000, -0.7500000000000000000 ) ) ;
#1233 = LINE ( 'NONE', #493, #1672 ) ;
#1234 = DIRECTION ( 'NONE',  ( 0.0000000000000000000, 0.0000000000000000000, -1.000000000000000000 ) ) ;
#1235 = VECTOR ( 'NONE', #613, 1000.000000000000000 ) ;
#1236 = ORIENTED_EDGE ( 'NONE', *, *, #495, .F. ) ;
#1237 = VECTOR ( 'NONE', #654, 1000.000000000000000 ) ;
#1238 = ORIENTED_EDGE ( 'NONE', *, *, #546, .T. ) ;
#1239 = EDGE_LOOP ( 'NONE', ( #1223, #1133, #390, #1545 ) ) ;
#1240 = CARTESIAN_POINT ( 'NONE',  ( -1.599999999999999900, 0.0000000000000000000, -0.7500000000000000000 ) ) ;
#1241 = CARTESIAN_POINT ( 'NONE',  ( -1.499999999999999800, 0.1000000000000000600, 0.7500000000000000000 ) ) ;
#1242 = EDGE_CURVE ( 'NONE', #833, #1431, #1295, .T. ) ;
#1243 = ORIENTED_EDGE ( 'NONE', *, *, #158, .T. ) ;
#1244 = ORIENTED_EDGE ( 'NONE', *, *, #1375, .F. ) ;
#1245 =( GEOMETRIC_REPRESENTATION_CONTEXT ( 3 ) GLOBAL_UNCERTAINTY_ASSIGNED_CONTEXT ( ( #1482 ) ) GLOBAL_UNIT_ASSIGNED_CONTEXT ( ( #684, #1464, #795 ) ) REPRESENTATION_CONTEXT ( 'NONE', 'WORKASPACE' ) );
#1246 = ADVANCED_FACE ( 'NONE', ( #184 ), #703, .F. ) ;
#1247 = CARTESIAN_POINT ( 'NONE',  ( 1.200000000000000400, 0.6200000000000013300, 0.9600000000000007400 ) ) ;
#1248 =( LENGTH_UNIT ( ) NAMED_UNIT ( * ) SI_UNIT ( .MILLI., .METRE. ) );
#1249 = EDGE_CURVE ( 'NONE', #970, #617, #261, .T. ) ;
#1250 = FACE_OUTER_BOUND ( 'NONE', #467, .T. ) ;
#1251 = CARTESIAN_POINT ( 'NONE',  ( -1.600000000000000300, 0.8499999999999999800, 0.7500000000000000000 ) ) ;
#1252 = CARTESIAN_POINT ( 'NONE',  ( 0.7500000000000000000, 5.204748896376248200E-017, 0.7500000000000000000 ) ) ;
#1253 = ADVANCED_FACE ( 'NONE', ( #903 ), #474, .F. ) ;
#1254 = LINE ( 'NONE', #362, #957 ) ;
#1255 = MECHANICAL_DESIGN_GEOMETRIC_PRESENTATION_REPRESENTATION (  '', ( #1072 ), #1245 ) ;
#1256 = CARTESIAN_POINT ( 'NONE',  ( -0.4749999999999996400, -4.172529209005014100, 1.500000000000000000 ) ) ;
#1257 = COLOUR_RGB ( '',1.000000000000000000, 0.5019607843137254800, 0.5019607843137254800 ) ;
#1258 = VECTOR ( 'NONE', #339, 1000.000000000000000 ) ;
#1259 = DIRECTION ( 'NONE',  ( 2.710505431213761100E-016, -1.000000000000000000, -1.084202172485505200E-015 ) ) ;
#1260 = CIRCLE ( 'NONE', #109, 0.2426932219902321900 ) ;
#1261 = VERTEX_POINT ( 'NONE', #978 ) ;
#1262 = ORIENTED_EDGE ( 'NONE', *, *, #129, .T. ) ;
#1263 = EDGE_CURVE ( 'NONE', #374, #1300, #942, .T. ) ;
#1264 = ORIENTED_EDGE ( 'NONE', *, *, #623, .F. ) ;
#1265 = ORIENTED_EDGE ( 'NONE', *, *, #1375, .T. ) ;
#1266 = DIRECTION ( 'NONE',  ( 0.0000000000000000000, 0.0000000000000000000, -1.000000000000000000 ) ) ;
#1267 =( GEOMETRIC_REPRESENTATION_CONTEXT ( 3 ) GLOBAL_UNCERTAINTY_ASSIGNED_CONTEXT ( ( #336 ) ) GLOBAL_UNIT_ASSIGNED_CONTEXT ( ( #119, #1277, #137 ) ) REPRESENTATION_CONTEXT ( 'NONE', 'WORKASPACE' ) );
#1268 = VERTEX_POINT ( 'NONE', #1240 ) ;
#1269 = CARTESIAN_POINT ( 'NONE',  ( -1.139999999999999900, -6.980486755139911400E-017, -0.7500000000000000000 ) ) ;
#1270 = ADVANCED_FACE ( 'NONE', ( #1187 ), #567, .T. ) ;
#1271 = CARTESIAN_POINT ( 'NONE',  ( 1.499999999999999800, 0.1000000000000000600, -0.7500000000000000000 ) ) ;
#1272 = EDGE_CURVE ( 'NONE', #309, #1226, #105, .T. ) ;
#1273 = LINE ( 'NONE', #1478, #920 ) ;
#1274 = CYLINDRICAL_SURFACE ( 'NONE', #360, 0.1000000000000000500 ) ;
#1275 = AXIS2_PLACEMENT_3D ( 'NONE', #93, #1645, #79 ) ;
#1276 = DIRECTION ( 'NONE',  ( 0.0000000000000000000, 1.000000000000000000, 0.0000000000000000000 ) ) ;
#1277 =( NAMED_UNIT ( * ) PLANE_ANGLE_UNIT ( ) SI_UNIT ( $, .RADIAN. ) );
#1278 = LINE ( 'NONE', #1515, #165 ) ;
#1279 = ORIENTED_EDGE ( 'NONE', *, *, #704, .T. ) ;
#1280 = ORIENTED_EDGE ( 'NONE', *, *, #181, .T. ) ;
#1281 = CARTESIAN_POINT ( 'NONE',  ( 0.7500000000000000000, 5.204748896376248200E-017, 0.7500000000000000000 ) ) ;
#1282 = ORIENTED_EDGE ( 'NONE', *, *, #839, .F. ) ;
#1283 = VERTEX_POINT ( 'NONE', #348 ) ;
#1284 = CARTESIAN_POINT ( 'NONE',  ( -1.139999999999999900, 0.4292121597166128600, 1.060000000000000100 ) ) ;
#1285 = ORIENTED_EDGE ( 'NONE', *, *, #487, .T. ) ;
#1286 = EDGE_CURVE ( 'NONE', #529, #1204, #522, .T. ) ;
#1287 = ORIENTED_EDGE ( 'NONE', *, *, #120, .F. ) ;
#1288 = DIRECTION ( 'NONE',  ( 0.0000000000000000000, -1.398970545142586400E-015, 1.000000000000000000 ) ) ;
#1289 = AXIS2_PLACEMENT_3D ( 'NONE', #45, #937, #317 ) ;
#1290 = DIRECTION ( 'NONE',  ( 4.170008355713477200E-016, -1.000000000000000000, 0.0000000000000000000 ) ) ;
#1291 = UNCERTAINTY_MEASURE_WITH_UNIT (LENGTH_MEASURE( 1.000000000000000100E-005 ), #935, 'distance_accuracy_value', 'NONE');
#1292 = CARTESIAN_POINT ( 'NONE',  ( 1.200000000000000400, 0.6200000000000013300, 1.210000000000000900 ) ) ;
#1293 = CARTESIAN_POINT ( 'NONE',  ( 1.339999999999999600, 0.1000000000000000500, -0.7500000000000000000 ) ) ;
#1294 = FACE_OUTER_BOUND ( 'NONE', #192, .T. ) ;
#1295 = LINE ( 'NONE', #837, #479 ) ;
#1296 = EDGE_CURVE ( 'NONE', #817, #968, #20, .T. ) ;
#1297 = PLANE ( 'NONE',  #1490 ) ;
#1298 = AXIS2_PLACEMENT_3D ( 'NONE', #132, #1406, #996 ) ;
#1299 = VERTEX_POINT ( 'NONE', #466 ) ;
#1300 = VERTEX_POINT ( 'NONE', #1640 ) ;
#1301 = CARTESIAN_POINT ( 'NONE',  ( -1.500000000000000000, 0.8499999999999999800, 0.7500000000000000000 ) ) ;
#1302 = ADVANCED_FACE ( 'NONE', ( #941 ), #1122, .F. ) ;
#1303 = ORIENTED_EDGE ( 'NONE', *, *, #16, .F. ) ;
#1304 = CARTESIAN_POINT ( 'NONE',  ( -1.260000000000000200, 0.6200000000000002200, 0.9600000000000000800 ) ) ;
#1305 = CARTESIAN_POINT ( 'NONE',  ( -1.259999999999999800, 0.6200000000000013300, 1.210000000000000900 ) ) ;
#1306 = EDGE_CURVE ( 'NONE', #392, #636, #1057, .T. ) ;
#1307 = UNCERTAINTY_MEASURE_WITH_UNIT (LENGTH_MEASURE( 1.000000000000000100E-005 ), #1248, 'distance_accuracy_value', 'NONE');
#1308 = DIRECTION ( 'NONE',  ( 0.0000000000000000000, 0.0000000000000000000, -1.000000000000000000 ) ) ;
#1309 = CARTESIAN_POINT ( 'NONE',  ( -1.139999999999999900, 0.1000000000000000700, 0.9600000000000000800 ) ) ;
#1310 = ADVANCED_FACE ( 'NONE', ( #565 ), #1644, .F. ) ;
#1311 = LINE ( 'NONE', #1017, #40 ) ;
#1312 = CARTESIAN_POINT ( 'NONE',  ( 1.599999999999999900, 0.0000000000000000000, 0.7500000000000000000 ) ) ;
#1313 = CARTESIAN_POINT ( 'NONE',  ( 1.139999999999999900, -5.816425772392823100E-016, 1.060000000000000100 ) ) ;
#1314 = CARTESIAN_POINT ( 'NONE',  ( -1.450000000000000000, 0.09999999999999999200, 1.060000000000000100 ) ) ;
#1315 = VECTOR ( 'NONE', #1329, 1000.000000000000000 ) ;
#1316 = CARTESIAN_POINT ( 'NONE',  ( 1.259999999999999800, -6.141686424138474400E-016, 1.060000000000000100 ) ) ;
#1317 = AXIS2_PLACEMENT_3D ( 'NONE', #414, #796, #1594 ) ;
#1318 = DIRECTION ( 'NONE',  ( -1.000000000000000000, 0.0000000000000000000, 0.0000000000000000000 ) ) ;
#1319 = ORIENTED_EDGE ( 'NONE', *, *, #73, .F. ) ;
#1320 = ORIENTED_EDGE ( 'NONE', *, *, #106, .F. ) ;
#1321 = DIRECTION ( 'NONE',  ( 1.000000000000000000, 0.0000000000000000000, 0.0000000000000000000 ) ) ;
#1322 = DIRECTION ( 'NONE',  ( 0.0000000000000000000, 1.084202172485505200E-015, -1.000000000000000000 ) ) ;
#1323 = VERTEX_POINT ( 'NONE', #1395 ) ;
#1324 = ADVANCED_FACE ( 'NONE', ( #1493 ), #857, .T. ) ;
#1325 = ORIENTED_EDGE ( 'NONE', *, *, #1263, .F. ) ;
#1326 = ORIENTED_EDGE ( 'NONE', *, *, #1611, .F. ) ;
#1327 = APPLICATION_PROTOCOL_DEFINITION ( 'draft international standard', 'automotive_design', 1998, #41 ) ;
#1328 = ORIENTED_EDGE ( 'NONE', *, *, #1339, .T. ) ;
#1329 = DIRECTION ( 'NONE',  ( 6.123233995736764800E-017, 1.000000000000000000, -0.0000000000000000000 ) ) ;
#1330 = CARTESIAN_POINT ( 'NONE',  ( -1.139999999999999900, 0.09999999999999988100, 0.7500000000000000000 ) ) ;
#1331 = EDGE_CURVE ( 'NONE', #1220, #1047, #604, .T. ) ;
#1332 = AXIS2_PLACEMENT_3D ( 'NONE', #1118, #601, #606 ) ;
#1333 = CARTESIAN_POINT ( 'NONE',  ( -0.4749999999999996400, -4.172529209005014100, 1.500000000000000000 ) ) ;
#1334 = VECTOR ( 'NONE', #108, 1000.000000000000000 ) ;
#1335 = PLANE ( 'NONE',  #986 ) ;
#1336 = LINE ( 'NONE', #1559, #206 ) ;
#1337 = DIRECTION ( 'NONE',  ( 0.0000000000000000000, 1.084202172485505200E-015, -1.000000000000000000 ) ) ;
#1338 = DIRECTION ( 'NONE',  ( 0.0000000000000000000, -1.000000000000000000, 0.0000000000000000000 ) ) ;
#1339 = EDGE_CURVE ( 'NONE', #1684, #1005, #997, .T. ) ;
#1340 = VERTEX_POINT ( 'NONE', #78 ) ;
#1341 = LINE ( 'NONE', #286, #1499 ) ;
#1342 = EDGE_LOOP ( 'NONE', ( #425, #536, #155, #355 ) ) ;
#1343 = DIRECTION ( 'NONE',  ( -0.0000000000000000000, 1.000000000000000000, -0.0000000000000000000 ) ) ;
#1344 = PRESENTATION_STYLE_ASSIGNMENT (( #895 ) ) ;
#1345 = ORIENTED_EDGE ( 'NONE', *, *, #546, .F. ) ;
#1346 = DIRECTION ( 'NONE',  ( 4.170008355713477200E-016, -1.000000000000000000, 0.0000000000000000000 ) ) ;
#1347 = PLANE ( 'NONE',  #1289 ) ;
#1348 = ORIENTED_EDGE ( 'NONE', *, *, #610, .T. ) ;
#1349 = CARTESIAN_POINT ( 'NONE',  ( 1.450000000000000400, -4.172529209005014100, 0.9599999999999997400 ) ) ;
#1350 = VERTEX_POINT ( 'NONE', #1413 ) ;
#1351 = EDGE_CURVE ( 'NONE', #529, #1091, #1311, .T. ) ;
#1352 = CARTESIAN_POINT ( 'NONE',  ( 0.7500000000000000000, 0.1000000000000000600, -0.7500000000000000000 ) ) ;
#1353 = DIRECTION ( 'NONE',  ( 1.000000000000000000, 0.0000000000000000000, -0.0000000000000000000 ) ) ;
#1354 = EDGE_CURVE ( 'NONE', #1283, #672, #741, .T. ) ;
#1355 = LINE ( 'NONE', #397, #520 ) ;
#1356 = CARTESIAN_POINT ( 'NONE',  ( -1.200000000000000400, 0.6200000000000003300, 0.9600000000000000800 ) ) ;
#1357 = CARTESIAN_POINT ( 'NONE',  ( -0.7500000000000000000, 5.204748896376248200E-017, -0.7500000000000000000 ) ) ;
#1358 = DIRECTION ( 'NONE',  ( -1.000000000000000000, 0.0000000000000000000, 2.282530889443167500E-016 ) ) ;
#1359 = LINE ( 'NONE', #501, #1129 ) ;
#1360 = APPLICATION_CONTEXT ( 'automotive_design' ) ;
#1361 = LINE ( 'NONE', #1229, #1634 ) ;
#1362 = DIRECTION ( 'NONE',  ( -4.170008355713477200E-016, -1.000000000000000000, 0.0000000000000000000 ) ) ;
#1363 = DIRECTION ( 'NONE',  ( 0.0000000000000000000, -0.0000000000000000000, -1.000000000000000000 ) ) ;
#1364 = EDGE_CURVE ( 'NONE', #1226, #733, #1381, .T. ) ;
#1365 = ORIENTED_EDGE ( 'NONE', *, *, #1587, .F. ) ;
#1366 = COLOUR_RGB ( '',0.7921568627450980000, 0.8196078431372548800, 0.9333333333333333500 ) ;
#1367 = CARTESIAN_POINT ( 'NONE',  ( -0.9399999999999999500, 0.1000000000000000500, 0.7500000000000000000 ) ) ;
#1368 = CLOSED_SHELL ( 'NONE', ( #1404, #1666 ) ) ;
#1369 =( GEOMETRIC_REPRESENTATION_CONTEXT ( 3 ) GLOBAL_UNCERTAINTY_ASSIGNED_CONTEXT ( ( #1307 ) ) GLOBAL_UNIT_ASSIGNED_CONTEXT ( ( #1248, #1106, #352 ) ) REPRESENTATION_CONTEXT ( 'NONE', 'WORKASPACE' ) );
#1370 = ADVANCED_FACE ( 'NONE', ( #259 ), #492, .F. ) ;
#1371 = ORIENTED_EDGE ( 'NONE', *, *, #594, .T. ) ;
#1372 = ORIENTED_EDGE ( 'NONE', *, *, #1604, .F. ) ;
#1373 = CARTESIAN_POINT ( 'NONE',  ( -1.064306590577404300, 2.000000000000000000, 0.9600000000000000800 ) ) ;
#1374 = CARTESIAN_POINT ( 'NONE',  ( -1.239999999999999800, 0.1000000000000000500, -0.7500000000000000000 ) ) ;
#1375 = EDGE_CURVE ( 'NONE', #730, #91, #781, .T. ) ;
#1376 = DIRECTION ( 'NONE',  ( -1.000000000000000000, 4.336808689942017700E-016, 0.0000000000000000000 ) ) ;
#1377 = CARTESIAN_POINT ( 'NONE',  ( 1.500000000000000000, 0.8499999999999999800, 0.7500000000000000000 ) ) ;
#1378 = ADVANCED_FACE ( 'NONE', ( #1125 ), #1685, .F. ) ;
#1379 = DIRECTION ( 'NONE',  ( -2.891205793294678800E-016, -1.000000000000000000, 0.0000000000000000000 ) ) ;
#1380 = PRESENTATION_STYLE_ASSIGNMENT (( #416 ) ) ;
#1381 = CIRCLE ( 'NONE', #207, 0.2500000000000000000 ) ;
#1382 = CIRCLE ( 'NONE', #1099, 0.09999999999999982500 ) ;
#1383 = DIRECTION ( 'NONE',  ( 0.0000000000000000000, -1.000000000000000000, 0.0000000000000000000 ) ) ;
#1384 = DIRECTION ( 'NONE',  ( 0.0000000000000000000, -1.000000000000000000, 0.0000000000000000000 ) ) ;
#1385 = VECTOR ( 'NONE', #333, 1000.000000000000000 ) ;
#1386 = ORIENTED_EDGE ( 'NONE', *, *, #637, .T. ) ;
#1387 = FACE_OUTER_BOUND ( 'NONE', #1427, .T. ) ;
#1388 = ORIENTED_EDGE ( 'NONE', *, *, #1126, .T. ) ;
#1389 = VERTEX_POINT ( 'NONE', #489 ) ;
#1390 = CARTESIAN_POINT ( 'NONE',  ( 1.200000000000000400, 0.6200000000000013300, 1.210000000000000900 ) ) ;
#1391 = CARTESIAN_POINT ( 'NONE',  ( -1.499999999999999800, 0.1000000000000000600, -0.7500000000000000000 ) ) ;
#1392 = ORIENTED_EDGE ( 'NONE', *, *, #844, .T. ) ;
#1393 = DIRECTION ( 'NONE',  ( -1.000000000000000000, 2.710505431213761100E-016, 0.0000000000000000000 ) ) ;
#1394 = AXIS2_PLACEMENT_3D ( 'NONE', #1616, #1491, #1376 ) ;
#1395 = CARTESIAN_POINT ( 'NONE',  ( -1.600000000000000300, 0.8499999999999999800, 0.7500000000000000000 ) ) ;
#1396 = DIRECTION ( 'NONE',  ( -5.102127870520021000E-016, -1.000000000000000000, 0.0000000000000000000 ) ) ;
#1397 = ADVANCED_FACE ( 'NONE', ( #1445 ), #481, .F. ) ;
#1398 = PLANE ( 'NONE',  #220 ) ;
#1399 = CARTESIAN_POINT ( 'NONE',  ( -1.200000000000000400, 0.6200000000000000000, 1.210000000000000900 ) ) ;
#1400 = LINE ( 'NONE', #1281, #757 ) ;
#1401 = AXIS2_PLACEMENT_3D ( 'NONE', #436, #1078, #1080 ) ;
#1402 = DIRECTION ( 'NONE',  ( 2.811046665559090400E-016, -0.0000000000000000000, 1.000000000000000000 ) ) ;
#1403 = FACE_OUTER_BOUND ( 'NONE', #1485, .T. ) ;
#1404 = ADVANCED_FACE ( 'NONE', ( #1650 ), #723, .T. ) ;
#1405 = VECTOR ( 'NONE', #361, 1000.000000000000000 ) ;
#1406 = DIRECTION ( 'NONE',  ( 2.710505431213761100E-016, -1.000000000000000000, -1.084202172485505200E-015 ) ) ;
#1407 = FACE_OUTER_BOUND ( 'NONE', #510, .T. ) ;
#1408 = DIRECTION ( 'NONE',  ( 0.0000000000000000000, 0.0000000000000000000, 1.000000000000000000 ) ) ;
#1409 = ORIENTED_EDGE ( 'NONE', *, *, #952, .F. ) ;
#1410 = VERTEX_POINT ( 'NONE', #1010 ) ;
#1411 = ORIENTED_EDGE ( 'NONE', *, *, #106, .T. ) ;
#1412 = ORIENTED_EDGE ( 'NONE', *, *, #356, .F. ) ;
#1413 = CARTESIAN_POINT ( 'NONE',  ( 0.7500000000000000000, 0.1000000000000000600, 0.7500000000000000000 ) ) ;
#1414 = EDGE_CURVE ( 'NONE', #1431, #1547, #1169, .T. ) ;
#1415 = ORIENTED_EDGE ( 'NONE', *, *, #706, .T. ) ;
#1416 = CARTESIAN_POINT ( 'NONE',  ( -1.064306590577404300, -4.172529209005014100, 0.9600000000000000800 ) ) ;
#1417 = CARTESIAN_POINT ( 'NONE',  ( -1.140000000000000100, 0.6200000000000002200, 0.9600000000000000800 ) ) ;
#1418 = DIRECTION ( 'NONE',  ( 0.0000000000000000000, -0.0000000000000000000, 1.000000000000000000 ) ) ;
#1419 = CARTESIAN_POINT ( 'NONE',  ( 1.599999999999999900, 0.0000000000000000000, 0.7500000000000000000 ) ) ;
#1420 = VECTOR ( 'NONE', #1318, 1000.000000000000000 ) ;
#1421 = EDGE_CURVE ( 'NONE', #1600, #72, #1400, .T. ) ;
#1422 = LINE ( 'NONE', #277, #1016 ) ;
#1423 = VECTOR ( 'NONE', #1290, 1000.000000000000000 ) ;
#1424 = FILL_AREA_STYLE_COLOUR ( '', #1366 ) ;
#1425 = LINE ( 'NONE', #1184, #983 ) ;
#1426 = FACE_OUTER_BOUND ( 'NONE', #747, .T. ) ;
#1427 = EDGE_LOOP ( 'NONE', ( #1433, #331, #310 ) ) ;
#1428 = CIRCLE ( 'NONE', #17, 0.1000000000000000500 ) ;
#1429 = CARTESIAN_POINT ( 'NONE',  ( -0.4749999999999996400, 2.000000000000000000, 1.500000000000000000 ) ) ;
#1430 = ORIENTED_EDGE ( 'NONE', *, *, #311, .F. ) ;
#1431 = VERTEX_POINT ( 'NONE', #498 ) ;
#1432 = DIRECTION ( 'NONE',  ( 0.0000000000000000000, 0.0000000000000000000, 1.000000000000000000 ) ) ;
#1433 = ORIENTED_EDGE ( 'NONE', *, *, #727, .T. ) ;
#1434 = EDGE_CURVE ( 'NONE', #289, #1005, #477, .T. ) ;
#1435 = ORIENTED_EDGE ( 'NONE', *, *, #1175, .T. ) ;
#1436 = DIRECTION ( 'NONE',  ( 0.0000000000000000000, -1.000000000000000000, 0.0000000000000000000 ) ) ;
#1437 = ORIENTED_EDGE ( 'NONE', *, *, #1013, .T. ) ;
#1438 = PRESENTATION_LAYER_ASSIGNMENT (  '', '', ( #76 ) ) ;
#1439 = DIRECTION ( 'NONE',  ( -5.102127870520021000E-016, -1.000000000000000000, 0.0000000000000000000 ) ) ;
#1440 = CARTESIAN_POINT ( 'NONE',  ( 0.7500000000000000000, 5.204748896376248200E-017, 0.7500000000000000000 ) ) ;
#1441 = DIRECTION ( 'NONE',  ( 0.7372773368101228600, -0.0000000000000000000, -0.6755902076156615800 ) ) ;
#1442 = DIRECTION ( 'NONE',  ( 3.497426362856462200E-016, 1.000000000000000000, 0.0000000000000000000 ) ) ;
#1443 = DIRECTION ( 'NONE',  ( 0.0000000000000000000, 0.0000000000000000000, 1.000000000000000000 ) ) ;
#1444 = EDGE_CURVE ( 'NONE', #25, #856, #420, .T. ) ;
#1445 = FACE_OUTER_BOUND ( 'NONE', #471, .T. ) ;
#1446 = VECTOR ( 'NONE', #916, 1000.000000000000000 ) ;
#1447 = EDGE_CURVE ( 'NONE', #171, #556, #1254, .T. ) ;
#1448 = DIRECTION ( 'NONE',  ( -0.7372773368101228600, 0.0000000000000000000, 0.6755902076156615800 ) ) ;
#1449 = LINE ( 'NONE', #473, #962 ) ;
#1450 = ADVANCED_FACE ( 'NONE', ( #225 ), #894, .F. ) ;
#1451 = DIRECTION ( 'NONE',  ( 1.000000000000000000, 0.0000000000000000000, -1.495451272393799000E-016 ) ) ;
#1452 = VECTOR ( 'NONE', #1469, 1000.000000000000000 ) ;
#1453 = VERTEX_POINT ( 'NONE', #126 ) ;
#1454 = ORIENTED_EDGE ( 'NONE', *, *, #918, .T. ) ;
#1455 = ORIENTED_EDGE ( 'NONE', *, *, #287, .T. ) ;
#1456 = CARTESIAN_POINT ( 'NONE',  ( -0.7500000000000000000, 5.204748896376248200E-017, 0.7500000000000000000 ) ) ;
#1457 = ORIENTED_EDGE ( 'NONE', *, *, #159, .T. ) ;
#1458 = DIRECTION ( 'NONE',  ( -1.000000000000000000, 2.710505431213761100E-016, 0.0000000000000000000 ) ) ;
#1459 = DIRECTION ( 'NONE',  ( 0.7372773368101230900, 0.0000000000000000000, 0.6755902076156614600 ) ) ;
#1460 = EDGE_LOOP ( 'NONE', ( #74, #1639, #1529, #1177 ) ) ;
#1461 = EDGE_CURVE ( 'NONE', #670, #1047, #365, .T. ) ;
#1462 = CARTESIAN_POINT ( 'NONE',  ( 0.0000000000000000000, 0.0000000000000000000, 0.0000000000000000000 ) ) ;
#1463 = AXIS2_PLACEMENT_3D ( 'NONE', #1374, #1384, #1642 ) ;
#1464 =( NAMED_UNIT ( * ) PLANE_ANGLE_UNIT ( ) SI_UNIT ( $, .RADIAN. ) );
#1465 = CARTESIAN_POINT ( 'NONE',  ( -1.450000000000000000, 0.0000000000000000000, 0.7500000000000000000 ) ) ;
#1466 = CARTESIAN_POINT ( 'NONE',  ( -1.200000000000000400, 0.6200000000000013300, 1.210000000000000900 ) ) ;
#1467 = VECTOR ( 'NONE', #619, 1000.000000000000000 ) ;
#1468 = DIRECTION ( 'NONE',  ( 0.0000000000000000000, 1.084202172485505200E-015, -1.000000000000000000 ) ) ;
#1469 = DIRECTION ( 'NONE',  ( 1.000000000000000000, -0.0000000000000000000, 0.0000000000000000000 ) ) ;
#1470 = ADVANCED_FACE ( 'NONE', ( #279 ), #1297, .F. ) ;
#1471 = LINE ( 'NONE', #244, #545 ) ;
#1472 = FACE_OUTER_BOUND ( 'NONE', #734, .T. ) ;
#1473 = AXIS2_PLACEMENT_3D ( 'NONE', #1104, #341, #458 ) ;
#1474 = LINE ( 'NONE', #297, #503 ) ;
#1475 = DIRECTION ( 'NONE',  ( -8.814651808825238000E-017, 0.0000000000000000000, -1.000000000000000000 ) ) ;
#1476 = ORIENTED_EDGE ( 'NONE', *, *, #754, .T. ) ;
#1477 = LINE ( 'NONE', #633, #1237 ) ;
#1478 = CARTESIAN_POINT ( 'NONE',  ( 1.260000000000000200, 0.6200000000000002200, 0.9600000000000000800 ) ) ;
#1479 = CARTESIAN_POINT ( 'NONE',  ( -1.450000000000000000, 2.000000000000000000, 0.9600000000000000800 ) ) ;
#1480 = ORIENTED_EDGE ( 'NONE', *, *, #792, .F. ) ;
#1481 = ORIENTED_EDGE ( 'NONE', *, *, #594, .F. ) ;
#1482 = UNCERTAINTY_MEASURE_WITH_UNIT (LENGTH_MEASURE( 1.000000000000000100E-005 ), #684, 'distance_accuracy_value', 'NONE');
#1483 = ORIENTED_EDGE ( 'NONE', *, *, #1219, .T. ) ;
#1484 = ADVANCED_FACE ( 'NONE', ( #382 ), #321, .F. ) ;
#1485 = EDGE_LOOP ( 'NONE', ( #1617, #1198, #558, #885, #788, #599, #1476, #710, #987, #1156, #71, #1051, #1662 ) ) ;
#1486 = ORIENTED_EDGE ( 'NONE', *, *, #1354, .T. ) ;
#1487 = CARTESIAN_POINT ( 'NONE',  ( 1.259999999999999800, 0.1000000000000000500, 0.9600000000000000800 ) ) ;
#1488 = DIRECTION ( 'NONE',  ( -0.0000000000000000000, 0.0000000000000000000, -1.000000000000000000 ) ) ;
#1489 = FILL_AREA_STYLE ('',( #541 ) ) ;
#1490 = AXIS2_PLACEMENT_3D ( 'NONE', #1176, #662, #1162 ) ;
#1491 = DIRECTION ( 'NONE',  ( 4.336808689942017700E-016, 1.000000000000000000, 0.0000000000000000000 ) ) ;
#1492 = VECTOR ( 'NONE', #1343, 1000.000000000000000 ) ;
#1493 = FACE_OUTER_BOUND ( 'NONE', #807, .T. ) ;
#1494 = LINE ( 'NONE', #193, #542 ) ;
#1495 = VECTOR ( 'NONE', #661, 1000.000000000000000 ) ;
#1496 = CARTESIAN_POINT ( 'NONE',  ( 1.140000000000000100, 0.6200000000000002200, 0.9600000000000000800 ) ) ;
#1497 = EDGE_CURVE ( 'NONE', #1283, #691, #83, .T. ) ;
#1498 = DIRECTION ( 'NONE',  ( -1.000000000000000000, 6.123233995736764800E-017, 0.0000000000000000000 ) ) ;
#1499 = VECTOR ( 'NONE', #669, 1000.000000000000000 ) ;
#1500 = AXIS2_PLACEMENT_3D ( 'NONE', #250, #122, #1147 ) ;
#1501 = ORIENTED_EDGE ( 'NONE', *, *, #678, .T. ) ;
#1502 = ORIENTED_EDGE ( 'NONE', *, *, #1306, .T. ) ;
#1503 = ORIENTED_EDGE ( 'NONE', *, *, #926, .F. ) ;
#1504 = CARTESIAN_POINT ( 'NONE',  ( 1.450000000000000400, 0.1000000000000002600, 0.9599999999999997400 ) ) ;
#1505 = ORIENTED_EDGE ( 'NONE', *, *, #858, .F. ) ;
#1506 = DIRECTION ( 'NONE',  ( -8.814651808825239200E-017, 0.0000000000000000000, -1.000000000000000000 ) ) ;
#1507 = VERTEX_POINT ( 'NONE', #1429 ) ;
#1508 = EDGE_CURVE ( 'NONE', #72, #1350, #1083, .T. ) ;
#1509 = CARTESIAN_POINT ( 'NONE',  ( -1.139999999999999900, 0.6200000000000013300, 1.210000000000000900 ) ) ;
#1510 = ADVANCED_FACE ( 'NONE', ( #1105 ), #401, .T. ) ;
#1511 = EDGE_CURVE ( 'NONE', #13, #407, #61, .T. ) ;
#1512 = CARTESIAN_POINT ( 'NONE',  ( 1.450000000000000200, 2.000000000000000000, -1.500000000000000400 ) ) ;
#1513 = DIRECTION ( 'NONE',  ( -0.0000000000000000000, -0.0000000000000000000, -1.000000000000000000 ) ) ;
#1514 = VECTOR ( 'NONE', #435, 1000.000000000000000 ) ;
#1515 = CARTESIAN_POINT ( 'NONE',  ( -1.140000000000000100, 0.6200000000000001100, 1.060000000000000100 ) ) ;
#1516 = CIRCLE ( 'NONE', #437, 0.1000000000000000500 ) ;
#1517 = ADVANCED_FACE ( 'NONE', ( #862 ), #776, .F. ) ;
#1518 = LINE ( 'NONE', #1120, #1592 ) ;
#1519 = LINE ( 'NONE', #209, #88 ) ;
#1520 = DIRECTION ( 'NONE',  ( 0.0000000000000000000, -0.0000000000000000000, -1.000000000000000000 ) ) ;
#1521 = DIRECTION ( 'NONE',  ( -1.000000000000000000, 0.0000000000000000000, 0.0000000000000000000 ) ) ;
#1522 = EDGE_CURVE ( 'NONE', #433, #1340, #1422, .T. ) ;
#1523 = ORIENTED_EDGE ( 'NONE', *, *, #1286, .T. ) ;
#1524 = DIRECTION ( 'NONE',  ( 6.123233995736764800E-017, -1.000000000000000000, 0.0000000000000000000 ) ) ;
#1525 = ORIENTED_EDGE ( 'NONE', *, *, #424, .F. ) ;
#1526 = EDGE_LOOP ( 'NONE', ( #1045, #1483, #1435, #1096, #818 ) ) ;
#1527 = ORIENTED_EDGE ( 'NONE', *, *, #1219, .F. ) ;
#1528 = VERTEX_POINT ( 'NONE', #1026 ) ;
#1529 = ORIENTED_EDGE ( 'NONE', *, *, #1142, .F. ) ;
#1530 = CARTESIAN_POINT ( 'NONE',  ( -0.4749999999999996400, 0.1000000000000002600, 1.500000000000000000 ) ) ;
#1531 = CARTESIAN_POINT ( 'NONE',  ( 1.499999999999999800, 0.1000000000000000600, 0.7500000000000000000 ) ) ;
#1532 = ADVANCED_FACE ( 'NONE', ( #665 ), #1692, .F. ) ;
#1533 = VECTOR ( 'NONE', #561, 1000.000000000000000 ) ;
#1534 =( GEOMETRIC_REPRESENTATION_CONTEXT ( 3 ) GLOBAL_UNCERTAINTY_ASSIGNED_CONTEXT ( ( #774 ) ) GLOBAL_UNIT_ASSIGNED_CONTEXT ( ( #1599, #811, #1188 ) ) REPRESENTATION_CONTEXT ( 'NONE', 'WORKASPACE' ) );
#1535 = DIRECTION ( 'NONE',  ( 0.7372773368101228600, 0.0000000000000000000, -0.6755902076156615800 ) ) ;
#1536 = DIRECTION ( 'NONE',  ( 0.0000000000000000000, 0.0000000000000000000, -1.000000000000000000 ) ) ;
#1537 = SURFACE_STYLE_FILL_AREA ( #985 ) ;
#1538 = DIRECTION ( 'NONE',  ( 0.7372773368101229700, 0.0000000000000000000, 0.6755902076156613500 ) ) ;
#1539 = EDGE_CURVE ( 'NONE', #787, #1261, #644, .T. ) ;
#1540 = LINE ( 'NONE', #1314, #1452 ) ;
#1541 = EDGE_LOOP ( 'NONE', ( #1577, #655, #330, #953 ) ) ;
#1542 = ORIENTED_EDGE ( 'NONE', *, *, #800, .F. ) ;
#1543 = DIRECTION ( 'NONE',  ( 4.336808689942017700E-016, -1.000000000000000000, 0.0000000000000000000 ) ) ;
#1544 = AXIS2_PLACEMENT_3D ( 'NONE', #772, #1144, #381 ) ;
#1545 = ORIENTED_EDGE ( 'NONE', *, *, #826, .F. ) ;
#1546 = CARTESIAN_POINT ( 'NONE',  ( -1.139999999999999900, -6.980486755139911400E-017, 0.7500000000000000000 ) ) ;
#1547 = VERTEX_POINT ( 'NONE', #1579 ) ;
#1548 = AXIS2_PLACEMENT_3D ( 'NONE', #1622, #563, #582 ) ;
#1549 = ORIENTED_EDGE ( 'NONE', *, *, #424, .T. ) ;
#1550 = CARTESIAN_POINT ( 'NONE',  ( 1.039999999999999800, -6.368163355566234900E-017, 0.7500000000000000000 ) ) ;
#1551 = EDGE_CURVE ( 'NONE', #30, #653, #125, .T. ) ;
#1552 = CARTESIAN_POINT ( 'NONE',  ( 0.7500000000000000000, 0.1000000000000000600, 0.7500000000000000000 ) ) ;
#1553 = CARTESIAN_POINT ( 'NONE',  ( 1.140000000000000100, 2.000000000000000000, -0.7500000000000000000 ) ) ;
#1554 = LINE ( 'NONE', #59, #1652 ) ;
#1555 = FACE_OUTER_BOUND ( 'NONE', #350, .T. ) ;
#1556 = DIRECTION ( 'NONE',  ( 1.000000000000000000, 0.0000000000000000000, -0.0000000000000000000 ) ) ;
#1557 = CIRCLE ( 'NONE', #1463, 0.09999999999999982500 ) ;
#1558 = LINE ( 'NONE', #67, #46 ) ;
#1559 = CARTESIAN_POINT ( 'NONE',  ( 0.4750000000000003700, -4.172529209005014100, 1.499999999999999800 ) ) ;
#1560 = ORIENTED_EDGE ( 'NONE', *, *, #1667, .T. ) ;
#1561 = FACE_OUTER_BOUND ( 'NONE', #708, .T. ) ;
#1562 = VERTEX_POINT ( 'NONE', #1301 ) ;
#1563 = ORIENTED_EDGE ( 'NONE', *, *, #1551, .F. ) ;
#1564 = ORIENTED_EDGE ( 'NONE', *, *, #960, .T. ) ;
#1565 = AXIS2_PLACEMENT_3D ( 'NONE', #602, #846, #337 ) ;
#1566 = CARTESIAN_POINT ( 'NONE',  ( 1.600000000000000300, 0.8499999999999999800, 0.7500000000000000000 ) ) ;
#1567 = DIRECTION ( 'NONE',  ( 6.123233995736764800E-017, -1.000000000000000000, -0.0000000000000000000 ) ) ;
#1568 = DIRECTION ( 'NONE',  ( -6.123233995736764800E-017, 1.000000000000000000, 0.0000000000000000000 ) ) ;
#1569 = EDGE_CURVE ( 'NONE', #1117, #592, #301, .T. ) ;
#1570 = VECTOR ( 'NONE', #1668, 1000.000000000000000 ) ;
#1571 = CARTESIAN_POINT ( 'NONE',  ( 1.064306590577404700, -4.172529209005014100, 0.9599999999999998500 ) ) ;
#1572 = LINE ( 'NONE', #100, #726 ) ;
#1573 = LINE ( 'NONE', #1553, #809 ) ;
#1574 = CARTESIAN_POINT ( 'NONE',  ( 1.139999999999999900, 0.1000000000000000700, 0.9600000000000000800 ) ) ;
#1575 = ORIENTED_EDGE ( 'NONE', *, *, #1621, .T. ) ;
#1576 = ORIENTED_EDGE ( 'NONE', *, *, #1434, .T. ) ;
#1577 = ORIENTED_EDGE ( 'NONE', *, *, #1023, .F. ) ;
#1578 = ORIENTED_EDGE ( 'NONE', *, *, #476, .F. ) ;
#1579 = CARTESIAN_POINT ( 'NONE',  ( -0.7500000000000000000, 5.204748896376248200E-017, -0.7500000000000000000 ) ) ;
#1580 = ORIENTED_EDGE ( 'NONE', *, *, #521, .F. ) ;
#1581 = AXIS2_PLACEMENT_3D ( 'NONE', #1232, #1681, #998 ) ;
#1582 = DIRECTION ( 'NONE',  ( 1.000000000000000000, 0.0000000000000000000, 0.0000000000000000000 ) ) ;
#1583 = CARTESIAN_POINT ( 'NONE',  ( 1.260000000000000200, 0.6200000000000001100, 1.060000000000000100 ) ) ;
#1584 = DIRECTION ( 'NONE',  ( -1.000000000000000000, 5.102127870520021000E-016, 0.0000000000000000000 ) ) ;
#1585 = FILL_AREA_STYLE ('',( #543 ) ) ;
#1586 = CARTESIAN_POINT ( 'NONE',  ( -1.450000000000000000, -4.172529209005014100, 0.9600000000000000800 ) ) ;
#1587 = EDGE_CURVE ( 'NONE', #890, #617, #342, .T. ) ;
#1588 = COLOUR_RGB ( '',0.7921568627450980000, 0.8196078431372548800, 0.9333333333333333500 ) ;
#1589 = LINE ( 'NONE', #540, #1214 ) ;
#1590 = EDGE_CURVE ( 'NONE', #430, #392, #1355, .T. ) ;
#1591 = VECTOR ( 'NONE', #1665, 1000.000000000000000 ) ;
#1592 = VECTOR ( 'NONE', #1647, 1000.000000000000000 ) ;
#1593 = CARTESIAN_POINT ( 'NONE',  ( 1.339999999999999900, 2.000000000000000000, -0.7500000000000000000 ) ) ;
#1594 = DIRECTION ( 'NONE',  ( 1.000000000000000000, 0.0000000000000000000, -0.0000000000000000000 ) ) ;
#1595 = ORIENTED_EDGE ( 'NONE', *, *, #816, .T. ) ;
#1596 = FACE_OUTER_BOUND ( 'NONE', #1460, .T. ) ;
#1597 = VERTEX_POINT ( 'NONE', #1574 ) ;
#1598 = ADVANCED_FACE ( 'NONE', ( #1294 ), #147, .F. ) ;
#1599 =( LENGTH_UNIT ( ) NAMED_UNIT ( * ) SI_UNIT ( .MILLI., .METRE. ) );
#1600 = VERTEX_POINT ( 'NONE', #1181 ) ;
#1601 = ORIENTED_EDGE ( 'NONE', *, *, #1444, .F. ) ;
#1602 = PLANE ( 'NONE',  #1401 ) ;
#1603 = ORIENTED_EDGE ( 'NONE', *, *, #415, .F. ) ;
#1604 = EDGE_CURVE ( 'NONE', #1562, #1323, #182, .T. ) ;
#1605 = PLANE ( 'NONE',  #898 ) ;
#1606 = DIRECTION ( 'NONE',  ( 0.0000000000000000000, 0.0000000000000000000, -1.000000000000000000 ) ) ;
#1607 = FACE_OUTER_BOUND ( 'NONE', #1637, .T. ) ;
#1608 = CARTESIAN_POINT ( 'NONE',  ( 0.7500000000000000000, 5.204748896376248200E-017, 0.7500000000000000000 ) ) ;
#1609 = CARTESIAN_POINT ( 'NONE',  ( 1.450000000000000000, 0.09999999999999999200, 1.060000000000000100 ) ) ;
#1610 = CARTESIAN_POINT ( 'NONE',  ( -1.039999999999999800, 0.1000000000000000500, 0.7500000000000000000 ) ) ;
#1611 = EDGE_CURVE ( 'NONE', #1204, #670, #822, .T. ) ;
#1612 = VECTOR ( 'NONE', #590, 1000.000000000000000 ) ;
#1613 = CARTESIAN_POINT ( 'NONE',  ( 0.7500000000000000000, 5.204748896376248200E-017, -0.7500000000000000000 ) ) ;
#1614 = LINE ( 'NONE', #738, #263 ) ;
#1615 = CIRCLE ( 'NONE', #1623, 0.2500000000000000000 ) ;
#1616 = CARTESIAN_POINT ( 'NONE',  ( 1.200000000000000400, 0.6200000000000013300, 1.210000000000000900 ) ) ;
#1617 = ORIENTED_EDGE ( 'NONE', *, *, #995, .T. ) ;
#1618 = VERTEX_POINT ( 'NONE', #697 ) ;
#1619 = VERTEX_POINT ( 'NONE', #673 ) ;
#1620 = EDGE_LOOP ( 'NONE', ( #675, #10, #130, #889 ) ) ;
#1621 = EDGE_CURVE ( 'NONE', #1091, #670, #1186, .T. ) ;
#1622 = CARTESIAN_POINT ( 'NONE',  ( -1.450000000000000200, -4.172529209005014100, -1.500000000000000000 ) ) ;
#1623 = AXIS2_PLACEMENT_3D ( 'NONE', #378, #395, #1689 ) ;
#1624 = CARTESIAN_POINT ( 'NONE',  ( 1.064306590577404700, 2.000000000000000000, 0.9599999999999998500 ) ) ;
#1625 = CARTESIAN_POINT ( 'NONE',  ( 1.499999999999999800, 0.1000000000000000600, -0.7500000000000000000 ) ) ;
#1626 = CARTESIAN_POINT ( 'NONE',  ( -0.7500000000000000000, 0.1000000000000000600, 0.7500000000000000000 ) ) ;
#1627 = CIRCLE ( 'NONE', #1154, 0.2500000000000000000 ) ;
#1628 = CIRCLE ( 'NONE', #299, 0.2426932219902321900 ) ;
#1629 = DIRECTION ( 'NONE',  ( 0.0000000000000000000, 1.301042606982605300E-015, -1.000000000000000000 ) ) ;
#1630 = CARTESIAN_POINT ( 'NONE',  ( -1.259999999999999800, -6.141686424138474400E-016, 1.060000000000000100 ) ) ;
#1631 = EDGE_CURVE ( 'NONE', #255, #408, #1146, .T. ) ;
#1632 = LINE ( 'NONE', #221, #1258 ) ;
#1633 = PLANE ( 'NONE',  #183 ) ;
#1634 = VECTOR ( 'NONE', #564, 1000.000000000000100 ) ;
#1635 = AXIS2_PLACEMENT_3D ( 'NONE', #1390, #234, #973 ) ;
#1636 = ORIENTED_EDGE ( 'NONE', *, *, #257, .T. ) ;
#1637 = EDGE_LOOP ( 'NONE', ( #1525, #1663 ) ) ;
#1638 = VERTEX_POINT ( 'NONE', #35 ) ;
#1639 = ORIENTED_EDGE ( 'NONE', *, *, #383, .F. ) ;
#1640 = CARTESIAN_POINT ( 'NONE',  ( 1.260000000000000000, 0.4292121597166126400, 1.060000000000000100 ) ) ;
#1641 = ORIENTED_EDGE ( 'NONE', *, *, #203, .T. ) ;
#1642 = DIRECTION ( 'NONE',  ( 0.0000000000000000000, 0.0000000000000000000, -1.000000000000000000 ) ) ;
#1643 = ORIENTED_EDGE ( 'NONE', *, *, #396, .T. ) ;
#1644 = PLANE ( 'NONE',  #859 ) ;
#1645 = DIRECTION ( 'NONE',  ( 0.0000000000000000000, 0.0000000000000000000, -1.000000000000000000 ) ) ;
#1646 = AXIS2_PLACEMENT_3D ( 'NONE', #827, #1488, #1082 ) ;
#1647 = DIRECTION ( 'NONE',  ( -1.000000000000000000, 0.0000000000000000000, 0.0000000000000000000 ) ) ;
#1648 = CARTESIAN_POINT ( 'NONE',  ( -0.7500000000000000000, 0.1000000000000000600, 0.7500000000000000000 ) ) ;
#1649 = DIRECTION ( 'NONE',  ( 5.102127870520021000E-016, -1.000000000000000000, -0.0000000000000000000 ) ) ;
#1650 = FACE_OUTER_BOUND ( 'NONE', #1161, .T. ) ;
#1651 = CARTESIAN_POINT ( 'NONE',  ( -1.500000000000000000, 0.8499999999999999800, -0.7500000000000000000 ) ) ;
#1652 = VECTOR ( 'NONE', #1228, 1000.000000000000000 ) ;
#1653 = CIRCLE ( 'NONE', #1646, 0.1999999999999994300 ) ;
#1654 = DIRECTION ( 'NONE',  ( 0.6755902076156615800, -0.0000000000000000000, 0.7372773368101228600 ) ) ;
#1655 = PLANE ( 'NONE',  #101 ) ;
#1656 = PRESENTATION_LAYER_ASSIGNMENT (  '', '', ( #249 ) ) ;
#1657 = ADVANCED_FACE ( 'NONE', ( #81 ), #1335, .T. ) ;
#1658 = CARTESIAN_POINT ( 'NONE',  ( -1.599999999999999900, 0.0000000000000000000, 0.7500000000000000000 ) ) ;
#1659 = ORIENTED_EDGE ( 'NONE', *, *, #1611, .T. ) ;
#1660 = ORIENTED_EDGE ( 'NONE', *, *, #1508, .F. ) ;
#1661 = AXIS2_PLACEMENT_3D ( 'NONE', #748, #1141, #264 ) ;
#1662 = ORIENTED_EDGE ( 'NONE', *, *, #1286, .F. ) ;
#1663 = ORIENTED_EDGE ( 'NONE', *, *, #1014, .T. ) ;
#1664 = DIRECTION ( 'NONE',  ( 0.0000000000000000000, -1.398970545142586400E-015, 1.000000000000000000 ) ) ;
#1665 = DIRECTION ( 'NONE',  ( 0.0000000000000000000, 1.000000000000000000, 0.0000000000000000000 ) ) ;
#1666 = ADVANCED_FACE ( 'NONE', ( #1607 ), #860, .T. ) ;
#1667 = EDGE_CURVE ( 'NONE', #1547, #672, #938, .T. ) ;
#1668 = DIRECTION ( 'NONE',  ( -1.000000000000000000, 6.123233995736764800E-017, 0.0000000000000000000 ) ) ;
#1669 = AXIS2_PLACEMENT_3D ( 'NONE', #1550, #631, #743 ) ;
#1670 = VECTOR ( 'NONE', #258, 1000.000000000000000 ) ;
#1671 = ADVANCED_FACE ( 'NONE', ( #1250 ), #1056, .F. ) ;
#1672 = VECTOR ( 'NONE', #241, 1000.000000000000000 ) ;
#1673 = PLANE ( 'NONE',  #490 ) ;
#1674 = VECTOR ( 'NONE', #1067, 1000.000000000000000 ) ;
#1675 = ORIENTED_EDGE ( 'NONE', *, *, #376, .F. ) ;
#1676 = ORIENTED_EDGE ( 'NONE', *, *, #1414, .F. ) ;
#1677 = DIRECTION ( 'NONE',  ( 2.710505431213761100E-016, -1.000000000000000000, -1.084202172485505200E-015 ) ) ;
#1678 = MECHANICAL_DESIGN_GEOMETRIC_PRESENTATION_REPRESENTATION (  '', ( #276 ), #367 ) ;
#1679 = VERTEX_POINT ( 'NONE', #566 ) ;
#1680 = ORIENTED_EDGE ( 'NONE', *, *, #453, .T. ) ;
#1681 = DIRECTION ( 'NONE',  ( 0.0000000000000000000, 0.0000000000000000000, -1.000000000000000000 ) ) ;
#1682 = PLANE ( 'NONE',  #1046 ) ;
#1683 = ORIENTED_EDGE ( 'NONE', *, *, #287, .F. ) ;
#1684 = VERTEX_POINT ( 'NONE', #682 ) ;
#1685 = PLANE ( 'NONE',  #176 ) ;
#1686 = EDGE_CURVE ( 'NONE', #1204, #614, #1208, .T. ) ;
#1687 = ADVANCED_FACE ( 'NONE', ( #124 ), #1048, .T. ) ;
#1688 = DIRECTION ( 'NONE',  ( 1.000000000000000000, 0.0000000000000000000, 0.0000000000000000000 ) ) ;
#1689 = DIRECTION ( 'NONE',  ( 1.000000000000000000, -4.336808689942017700E-016, 0.0000000000000000000 ) ) ;
#1690 = VECTOR ( 'NONE', #793, 1000.000000000000000 ) ;
#1691 = FACE_OUTER_BOUND ( 'NONE', #1541, .T. ) ;
#1692 = PLANE ( 'NONE',  #660 ) ;
#1693 = VECTOR ( 'NONE', #724, 1000.000000000000000 ) ;
#1694 = FACE_OUTER_BOUND ( 'NONE', #993, .T. ) ;
ENDSEC;
END-ISO-10303-21;
